farm,fte
E1,0.0659845319583963
E10,0.7605476042314873
E100,5.606064094586185
E1000,0.06147479775980089
E1001,0.011551248999911105
E1002,1.6458440750288914
E1003,0.7922557560672061
E1004,1.2136978842563784
E1005,0.6917117966041426
E1006,5.173982576228998
E1007,2.3776966841497025
E1008,0.2150780810146087
E1009,0.15132545115121346
E101,0.8711014312383323
E1010,0.4445675171126322
E1011,2.6570255133789673
E1012,36.003425193350516
E1013,0.30167125966752606
E1014,0.02195395146235221
E1015,0.6950973419859543
E1016,0.6825806738376744
E1017,2.225676949062139
E1018,4.394950662281092
E1019,0.8256253889234598
E102,0.1670068450528936
E1020,5.0354379278158055
E1021,0.024763979020357367
E1022,1.6560858742999378
E1023,0.45277002400213356
E1024,2.446722375322251
E1025,0.020808071828606986
E1026,0.640034669748422
E1027,1.3360547604231487
E1028,1.9092470441817049
E1029,0.05601564583518535
E103,0.7659839763534536
E1030,0.006725042225975642
E1031,1.4327157969597297
E1032,1.4178967019290603
E1033,0.21405102675793405
E1034,0.062186861054315944
E1035,1.5722635345364033
E1036,16.879924437727798
E1037,0.050635612054404845
E1038,0.17533647435327585
E1039,0.2801813494532847
E104,1.5360689839096808
E1040,0.600887189972442
E1041,11.973192283758555
E1042,0.7399253266957062
E1043,0.8544783239991702
E1044,1.502128189172371
E1045,1.1277864699084363
E1046,0.0077535780958307415
E1047,1.714467063738999
E1048,1.9104595964085695
E1049,1.9852457996266335
E105,4.422739576851276
E1050,0.6100062227753578
E1051,0.010601831273891013
E1052,0.17719975108898572
E1053,0.5911849942217086
E1054,67.03491599253267
E1055,0.8520855187127744
E1056,0.021599253266957063
E1057,8.050916109209707
E1058,1.1719406169437285
E1059,0.25795892968263845
E106,1.6624665525824516
E1060,1.1304053693661658
E1061,0.2153800337807805
E1062,0.30186683260734287
E1063,0.012342430438261182
E1064,0.30813939016801495
E1065,0.6829247044181705
E1066,0.20228998133167392
E1067,2.179818650546715
E1068,2.5771095208462973
E1069,0.021045426260112014
E107,0.3967392657125077
E1070,0.6154947106409459
E1071,0.26031113876789047
E1072,0.27050404480398255
E1073,0.5026553471419681
E1074,0.1560298693217175
E1075,0.3347977598008712
E1076,0.6877146857498444
E1077,0.31127566894835096
E1078,0.2728562538892346
E1079,1.4796035203129165
E108,0.8298568761667703
E1080,0.23522090852520225
E1081,0.2414934660858743
E1082,0.8751522209381574
E1083,0.9896699558479272
E1084,0.25717485998755446
E1085,0.4296701929060361
E1086,0.06004178149168815
E1087,0.7561417014845764
E1088,0.34614810205351587
E1089,1.3559279713752332
E109,2.1800942305982756
E1090,0.11369010578718107
E1091,0.315980087118855
E1092,0.3873304293714997
E1093,2.1955032669570627
E1094,0.12466708151835718
E1095,0.14505289359054138
E1096,0.24624274750348182
E1097,0.19366521468574985
E1098,0.6676389012356654
E1099,0.01400391145879634
E11,0.44835540936972174
E110,0.6285252022401991
E1100,1.0130233798559873
E1101,0.18974486621032982
E1102,0.16387056627255758
E1103,0.4849737754467064
E1104,0.19131300560049783
E1105,0.19288114499066583
E1106,0.18504044803982572
E1107,0.24541381456129432
E1108,2.070849408836341
E1109,1.448813820487747
E111,0.687928593652769
E1110,0.5251018979464841
E1111,0.0820828518090497
E1112,4.422937149968886
E1113,0.09565650280024891
E1114,0.13658758556316117
E1115,0.16465463596764157
E1116,0.2854013690105787
E1117,0.07840696950840075
E1118,0.46573739887990045
E1119,0.5049408836341007
E112,3.246995955196017
E1120,0.5096453018046049
E1121,0.2932420659614188
E1122,1.3476439016801494
E1123,0.34969508400746735
E1124,0.20385812072184192
E1125,0.4555444928438083
E1126,0.005300915636945507
E1127,0.8422573117610453
E1128,0.04834118588318962
E1129,10.682520224019914
E113,2.8108400746733047
E1130,0.04312294426171215
E1131,2.6408579651524584
E1132,3.2772344208374076
E1133,2.8494463674548847
E1134,13.281032591785937
E1135,0.3129380389367944
E1136,0.5817797137523335
E1137,8.662114187927816
E1138,0.15870655169348388
E1139,1.769284380833852
E114,1.1251017868254956
E1140,0.0230233798559872
E1141,1.1021826384567517
E1142,0.48178149168815015
E1143,1.5723210952084627
E1144,13.894909769757314
E1145,0.16709840874744422
E1146,1.221385012001067
E1147,0.004826206773935461
E1148,0.4644537292203751
E1149,0.298015823628767
E115,2.947057931075355
E1150,0.2134740865854743
E1151,5.318680771624144
E1152,0.04826562361098764
E1153,0.673851897946484
E1154,0.3253889234598631
E1155,0.505133789670193
E1156,0.1240501377900258
E1157,0.20329718197173083
E1158,0.017564227931371676
E1159,2.555021779713752
E116,2.1562716685927636
E1160,9.27636512134412
E1161,2.5695644057249534
E1162,0.6776656813939017
E1163,0.21248288736776605
E1164,0.5778290292470443
E1165,0.01724775535603165
E1166,0.6639105698284292
E1167,0.2587429993777225
E1168,0.29010578718108276
E1169,8.136421904169259
E117,0.8616925948973242
E1170,0.09644057249533292
E1171,0.03869143923904347
E1172,0.9481285003111387
E1173,0.015428038047826475
E1174,0.25403858120721845
E1175,0.20228998133167395
E1176,0.0940883634100809
E1177,0.021678371410792072
E1178,0.06899813316739266
E1179,4.5156627255756066
E118,0.18844359498622099
E1180,0.012184194150591165
E1181,0.7216412570006223
E1182,0.05488487865588052
E1183,0.6779802649124367
E1184,0.6078122499777757
E1185,0.88635523157614
E1186,0.32693246807123605
E1187,0.21013067828251397
E1188,0.009019468397190861
E1189,1.6964690194683971
E119,0.6932242866032535
E1190,6.315756067205974
E1191,2.576923615432483
E1192,0.24619788425637834
E1193,1.001877722464219
E1194,0.021915725842297094
E1195,0.009256822828695886
E1196,0.0094150591163659
E1197,0.5336741043648324
E1198,0.5583438527869145
E1199,6.521481020535159
E12,0.02998577651346787
E120,0.5127815805849408
E1200,2.2444933994132814
E1201,0.24932616232554006
E1202,0.010443594986221
E1203,0.14975731176104543
E1204,0.9944640634723086
E1205,0.0016614810205351587
E1206,0.2157354431505023
E1207,0.025001333451862392
E1209,0.0146368566094764
E121,0.4506781047204196
E1210,0.014636856609476398
E1211,0.012342430438261177
E1212,0.11012712241088096
E1213,1.1646491910392034
E1214,0.09774635523157615
E1215,0.0066459240821406355
E1216,6.872881144990665
E1217,13.593857120632945
E1218,0.012658903013601211
E1219,0.028482531780602727
E122,0.5496328562538892
E1220,13.77184816428127
E1221,0.40102385397220486
E1222,0.01956855424185853
E1223,3.904770201795715
E1224,0.011155658280736065
E1225,0.01455773846564139
E1226,0.009968886123210953
E1227,1.4808747444217263
E1228,4.952955818294959
E1229,0.014953329184816429
E123,14.709147479775979
E1230,0.009889767979375946
E1231,0.2854013690105787
E1232,6.712829029247045
E1233,0.2940110232020624
E1234,0.010127122410880969
E1235,0.08499155480487154
E1236,0.27353453640323583
E1237,0.9331167214863544
E1238,0.399429282602898
E1239,0.015507156191661483
E124,0.2728562538892346
E1240,0.4863134500844519
E1241,0.004351497910925416
E1242,0.17257445106231664
E1243,1.9334987554449286
E1244,0.0240519157258423
E1245,0.016614810205351587
E1246,0.21778226212700388
E1247,6.110031113876789
E1248,0.008861232109520847
E1249,0.03481198328740333
E125,2.3990292470441816
E1250,1.2832794026135657
E1251,0.2383571873055383
E1252,0.017405991643701664
E1253,0.013766557027291315
E1254,0.046996177437994495
E1255,1.7990843630544937
E1256,1.655126677926927
E1257,0.11917859365276914
E1258,0.9024046581918393
E1259,0.011234776424571073
E126,0.31362787803360304
E1260,0.4006483909680861
E1261,3.0406667259311937
E1262,0.008940350253355853
E1263,1.2281865054671526
E1264,0.510835629833763
E1265,0.049923548759889774
E1266,1.8347153080273804
E1267,1.0726598216137733
E1268,0.009652413547870923
E1269,0.022469552849142146
E127,0.1466210329807094
E1270,0.01795981865054672
E1271,1.8798328740332475
E1272,0.2891705929415948
E1273,0.15720775180016003
E1274,0.8019130589385723
E1276,0.1256502800248911
E1277,0.8014036803271402
E1278,0.14112543337185526
E1279,3.269234598630989
E128,0.0627255756067206
E1280,0.020333362965596947
E1281,0.014083029602631348
E1282,0.40279224819984
E1283,0.01131389456840608
E1284,1.2409645301804606
E1285,0.014162147746466356
E1286,0.02730464930216019
E1287,0.007990932527335765
E1288,0.030064894657302874
E1289,1.5626369010578718
E129,0.8907840696950841
E1290,0.046093875011112104
E1291,0.05134767534891991
E1292,0.16208107387323317
E1293,0.0037185527602453554
E1294,0.16073428749222154
E1295,0.4850582273979909
E1296,0.1299813316739266
E1297,0.003481198328740333
E1298,0.005459151924615522
E1299,0.15316383678549206
E13,5.276241443683883
E130,0.25482265090230244
E1300,0.1254511512134412
E1301,0.5790043559427505
E1302,0.423397635345364
E1303,0.5675464485732066
E1304,0.6013814561294337
E1305,0.3556965063561206
E1306,0.1725175571161881
E1307,0.22441105876077874
E1308,0.005459151924615522
E1309,0.04531691705929416
E131,2.8708105164903546
E1310,0.005300915636945507
E1311,0.11055382700684507
E1312,0.2450991199217708
E1313,0.007120632945150682
E1314,0.5245426260112009
E1315,0.006725042225975642
E1316,0.058530536047648685
E1317,0.056509911992177086
E1318,1.152059738643435
E1319,0.7325246688594543
E132,0.48377100186683264
E1320,0.0733851897946484
E1321,0.5444955107120633
E1322,0.006250333362965598
E1323,0.03196639701306783
E1324,0.5476454573739887
E1325,0.015823628767001514
E1326,0.05499866654813761
E1327,0.15696595252911372
E1328,0.008702995821850832
E1329,1.2649058805227131
E133,1.4895972975375589
E1330,0.011630367143746111
E1331,0.16230242688238958
E1332,0.10615515453225471
E1333,0.9523717663792337
E1334,6.629746421904169
E1335,2.131045426260112
E1336,2.8382351023794707
E1337,0.3730358254067029
E1338,1.626605920526269
E1339,0.25030088600468187
E134,1.9218168726108988
E1340,0.29022479035173493
E1341,0.05380033780780514
E1342,1.523462196639701
E1343,0.42560760956529475
E1344,0.3318766112543337
E1345,2.401952173526536
E1346,0.9040577829140367
E1347,1.5076389012356655
E1348,1.7835096453018044
E1349,4.763260734287492
E135,1.0834820872966486
E1350,1.1498414673896937
E1351,0.15286822532373248
E1352,0.054673304293714996
E1353,1.004252407621418
E1354,0.009256822828695884
E1355,1.4788215619166147
E1356,1.9029558182949597
E1357,0.16779091474797758
E1358,0.3160042003733665
E1359,0.9660129196669333
E136,3.7678395042522297
E1360,0.20856668740925116
E1361,0.09518534980887192
E1362,0.31307867365988085
E1363,0.19644768423859899
E1364,0.31460117936409165
E1365,0.3759015245799627
E1366,0.5502271313005601
E1367,0.007041514801315674
E1368,0.007041514801315674
E1369,0.2522106409458619
E137,1.1799519957329538
E1370,0.03251755711618811
E1371,1.5124704418170505
E1372,1.841238332296204
E1373,0.25310960974308827
E1374,0.44257000622277537
E1375,1.9082801804604852
E1376,0.010680949417726023
E1377,0.46495332918481647
E1378,0.5382338578243991
E1379,1.2857809583074051
E138,1.4223794337274425
E1380,0.03837229975997867
E1381,0.48515156902835804
E1382,1.0707062850031115
E1383,0.0688407858476309
E1384,0.008861232109520847
E1385,0.5723905532343615
E1386,0.29018579429282604
E1387,0.010364476842385992
E1388,3.4037834474175477
E1389,0.7999890360624647
E139,1.3400835629833765
E1390,4.793128332956196
E1391,0.331406347230865
E1392,0.09242866032536226
E1393,0.3311014312383323
E1394,0.7007991821495244
E1395,0.31049159925326697
E1396,0.9357311761045425
E1397,0.004826206773935461
E1398,0.49900524491065873
E1399,0.009652413547870924
E14,0.050165348030936086
E140,0.02527691350342253
E1400,0.1474051026757934
E1401,0.44943139390168013
E1402,0.02027735798737666
E1403,0.6037336652146857
E1404,0.16779091474797758
E1405,0.5084645301804605
E1406,0.24698195395146233
E1407,0.004351497910925416
E1408,0.015190683616321452
E1409,0.06224997777580229
E141,0.5797457551782381
E1410,0.010364476842385992
E1411,0.5153044715085786
E1412,0.30604231487243305
E1413,0.21326695706285004
E1414,0.004114143479420393
E1415,0.006566805938305627
E1416,0.05642990488043382
E1417,1.3382786247666458
E1418,0.38932711055797553
E1419,0.41320472930927193
E142,0.006962396657480666
E1420,0.15367766023646548
E1421,5.342598008711886
E1422,2.610164125700062
E1423,0.2618792781580585
E1424,1.3724153258067384
E1425,0.5078305849408836
E1426,0.32887367766023645
E1427,0.05728153613654547
E1428,1.005748955462708
E1429,0.517485998755445
E143,0.8016828162503333
E1430,0.059734198595430714
E1431,0.08633567428215841
E1432,0.1340759178593653
E1433,0.08493021601920171
E1434,0.2733202951373455
E1435,0.00680416036981065
E1436,0.3432059738643434
E1437,0.006725042225975642
E1438,0.8449367943817229
E1439,0.012658903013601211
E144,0.6931709485287582
E1440,2.4988197469404687
E1441,0.18033602986932168
E1442,0.5206272557560672
E1443,0.008702995821850832
E1444,2.478985687616677
E1446,0.3175482265090231
E1447,0.15690194683971906
E1448,0.005538270068450529
E1449,0.3716404791537025
E145,0.18190416925948974
E1450,0.018671881945061784
E1451,0.42530002666903727
E1452,0.3076024535514268
E1453,0.2405164903546982
E1454,0.004588852342430438
E1455,0.006725042225975643
E1456,1.744291937061072
E1457,0.1318383856342786
E1458,0.14818917237087742
E1459,0.0064085696506356125
E146,0.4705147124188817
E1460,0.22267579340385815
E1461,0.29082218419415057
E1462,0.9055631611698818
E1463,0.17877766912614454
E1464,0.4245328473642102
E1465,0.050870299582185086
E1466,1.119157258422971
E1467,0.665003111387679
E1468,6.628703329184816
E1469,2.9843823895457375
E147,0.5566894835096453
E1470,0.12309894212818917
E1472,1.310923304293715
E1473,0.033941683705218245
E1474,0.06480042670459597
E1475,0.27055471597475333
E1476,2.879760319435802
E1477,0.006645924082140635
E1478,0.17106314635374995
E1479,1.1348030936083207
E148,5.603869010578718
E1480,0.14348475420037335
E1481,0.005142679349275492
E1482,0.014083029602631348
E1483,1.2317237087741133
E1484,0.1043301626811272
E1485,4.92229709307494
E1486,2.7033413340445076
E1487,1.0596746377455775
E1488,11.356017423771002
E1489,0.35876255667170415
E149,0.1160423148724331
E1490,0.3583198506533914
E1491,0.004905324917770469
E1492,1.2960672059738645
E1493,1.0726660147568672
E1494,0.5983909680860521
E1495,0.2295990754733754
E1496,0.5569080584940884
E1497,0.25940705840519157
E1498,0.24788425637834477
E1499,1.1212009956440574
E15,0.23600497822028624
E150,2.5395546270779623
E1500,0.24306160547604233
E1501,0.5692345986309895
E1502,0.38385278691439234
E1503,0.19601742377100187
E1504,0.5608960796515245
E1505,2.03667703795893
E1506,0.9051897946484131
E1507,0.775185349808872
E1508,0.15054138145612944
E1509,1.2605689394612856
E151,2.922923148724331
E1510,2.7495492932705123
E1511,0.29839707233235546
E1512,0.3218952795804072
E1513,1.3587542003733666
E1514,0.26032180638278957
E1515,2.370361809938661
E1516,0.008307405102675794
E1517,3.7297928704773753
E1518,1.6784363054493732
E1519,0.01526980176015646
E152,0.42887756689483514
E1520,0.18445461818828343
E1521,0.03975642279313717
E1522,0.07450262245532936
E1523,0.10167037069961773
E1524,0.8958229620410703
E1525,0.5603733665214686
E1527,0.0198586541025869
E1528,0.007437105520490711
E1529,0.038293181616143666
E153,0.40227309094141706
E1530,0.01685216463685661
E1531,7.175833407413993
E1532,0.007911814383500757
E1533,0.2877909147479776
E1534,0.07150768957240644
E1535,0.22460040892523783
E1536,0.20878211396568586
E1537,0.007911814383500757
E1538,1.7155649391056982
E1539,0.0077535780958307415
E154,0.2218917237087741
E1540,0.03526535692061517
E1541,3.6438456751711263
E1542,2.3802080184905323
E1543,1.8671313005600498
E1544,0.004588852342430438
E1545,0.008940350253355853
E1546,0.016377455773846566
E1547,0.005063561205440484
E1548,0.0188301182327318
E1549,0.01724775535603165
E155,1.1286220997421994
E1550,0.013529202595786294
E1551,0.26668059383056275
E1552,3.93497044181705
E1553,0.15445639612409995
E1554,0.23286869943995023
E1555,0.2728002489110143
E1556,0.027928704773757668
E1557,1.368170504044804
E1558,3.0708359025852805
E1559,0.07265801404569294
E156,1.8505209351942395
E1560,0.3709538625655614
E1561,0.16297893146057427
E1562,0.0077535780958307415
E1563,0.40150280024891105
E1564,0.6531300560049782
E1566,0.010839185705396036
E1567,5.989352053515868
E1568,0.36541825940083567
E1569,22.228581207218422
E157,0.22738021157436214
E1570,1.2343497199751088
E1571,0.018355409369721753
E1572,0.47849639967997154
E1573,8.18798382078407
E1574,1.409215930304916
E1575,6.634629744866211
E1576,1.3570779624855545
E1577,0.37556938394523953
E1578,0.04573028713663438
E1579,0.4414312383322962
E158,0.14034847542003734
E1580,0.2289483509645302
E1581,0.05409991999288826
E1582,0.4061481020535158
E1583,0.037987376655702725
E1584,0.17171126322339764
E1585,0.4933816339230153
E1586,0.13879900435594275
E1587,0.25639079029247047
E1588,0.3042190416925949
E1589,1.2195812961152102
E159,1.6450404480398255
E1590,0.004588852342430438
E1591,2.6479153702551335
E1592,0.9651897946484131
E1593,0.18974486621032982
E1594,0.019937772246421907
E1595,0.14348475420037338
E1596,0.06004889323495422
E1597,0.05008622988710109
E1598,0.007674459951995734
E1599,1.537224642190417
E16,0.5645301804604854
E160,4.771422889442024
E1600,0.020802738021157435
E1601,0.11075384478620322
E1602,0.4916116988176727
E1603,1.2926909058582985
E1604,0.1466210329807094
E1605,0.41947728686994395
E1606,0.1407431771713041
E1607,0.20621032980709397
E1608,1.990412481109432
E1609,1.2687741132545116
E161,0.2524704418170504
E1610,0.0401093430527158
E1611,0.001819717308205174
E1612,0.19209707529558182
E1613,0.453784225264468
E1614,0.5472806471686372
E1615,0.11688950128900347
E1616,17.26032358431861
E1617,0.3347977598008712
E1618,0.019700417814916885
E1619,0.009847986487687794
E162,0.9109547515334697
E1620,0.31754822650902303
E1621,0.6352929149257712
E1622,0.07175215574717753
E1623,0.022291759267490444
E1624,0.14034847542003734
E1625,0.02982754022579785
E1626,0.06617654902658014
E1627,0.07001155658280736
E1628,0.3214685749844431
E1629,0.043123833229620406
E163,0.6341754822650902
E1630,0.004035025335585386
E1631,0.18347230864965777
E1632,0.03499066583696328
E1633,1.5297493110498708
E1634,0.24933416303671435
E1635,0.19523335407591785
E1636,0.001819717308205174
E1637,0.0939425726731265
E1638,0.087389990221353
E1639,0.1907245088452307
E164,0.5193154947106409
E1640,0.004826206773935461
E1641,0.19601742377100187
E1642,0.15289359054138144
E1643,0.04907902924704419
E1644,0.06899813316739266
E1645,0.31436305449373275
E1646,0.15450884523068717
E1647,0.836971841941506
E1648,0.023498088718997247
E1649,0.4798506533914126
E165,5.041953173615433
E1650,0.013133611876611254
E1651,0.32990665836963284
E1652,0.07862121077429104
E1653,0.17132011734376387
E1654,0.09612321095208463
E1655,0.025715174682193972
E1656,0.0744866210329807
E1657,0.06350964530180461
E1658,0.09497021957507336
E1659,0.18739265712507777
E166,1.605756067205974
E1660,0.12231487243310517
E1661,0.06821406347230866
E1662,0.23492310427593566
E1663,0.23757311761045424
E1664,0.051963730109343055
E1665,3.0087243310516487
E1666,0.13414436838830118
E1667,0.528586541025869
E1668,0.011946839719086142
E1669,0.6041434794203929
E167,0.05656947284203041
E1670,4.87568139390168
E1671,0.040271135212018846
E1672,0.01242154858209619
E1673,0.15957685127566898
E1674,2.211543248288737
E1675,0.01598186505467153
E1676,0.062345097341985956
E1677,2.968268460900228
E1678,4.4181658369632855
E1679,0.0717592674904436
E168,0.9077084629744866
E1680,1.3693448306516136
E1681,0.16465463596764157
E1682,0.3633238510089786
E1683,2.81062480553827
E1684,0.016060983198506535
E1685,4.358942128189173
E1686,0.42885578718108275
E1687,0.2218917237087741
E1688,0.018434527513556762
E1689,0.12023480605683468
E169,0.5024179927104632
E1690,0.26893590541381457
E1691,0.3180993866121433
E1692,0.2305164903546982
E1693,0.022571784158591877
E1694,0.17014312383322963
E1695,0.603658991910392
E1696,0.5124082140634723
E1697,0.21274513290070227
E1698,0.4983696328562539
E1699,15.56309271935283
E17,0.008228286958840786
E170,0.17484754200373367
E1700,2.131536136545471
E1701,27.84487243310517
E1702,0.14116454795981867
E1703,0.1670068450528936
E1704,0.16622277535780958
E1705,1.0598879900435596
E1706,0.1356440572495333
E1707,0.46058760778735885
E1708,0.28651524579962667
E1709,0.03418170504044805
E171,1.1637038551574954
E1710,0.004826206773935461
E1711,0.3943870566272558
E1712,0.30218574984443064
E1713,0.19474353275846742
E1714,1.3577846919726198
E1715,2.60833905236021
E1716,0.17719975108898567
E1717,0.19719619521735265
E1718,0.543916792603787
E1719,0.2587429993777225
E172,2.8848662103298066
E1720,0.025593386078762558
E1721,0.312843808338519
E1722,0.3967392657125077
E1723,0.05235220908525202
E1724,0.004588852342430438
E1725,0.008623877678015824
E1726,0.12074673304293715
E1727,0.22816428126944616
E1728,0.005300915636945507
E1729,0.24689483509645302
E173,1.8833136278780336
E1730,0.010918303849231044
E1731,0.2800871188550093
E1732,0.2563907902924704
E1733,0.3434225264467953
E1734,0.0071997510889856885
E1735,0.13329184816428127
E1736,0.07124899991110321
E1737,0.09722464219041693
E1738,0.13407591785936526
E1739,0.00783269623966575
E174,0.7346733042937149
E1740,0.13959018579429283
E1741,0.16779091474797758
E1742,0.3214685749844431
E1743,0.10298515423593207
E1744,0.07293892790470265
E1745,0.11207040625833406
E1746,0.40379589296826385
E1747,0.20542626011200996
E1748,0.17439327940261357
E1749,0.4077162414436839
E175,0.7214472397546449
E1750,0.11682638456751712
E1751,0.12466708151835719
E1752,0.17260289803538093
E1753,0.41242065961418795
E1754,0.004430616054760424
E1755,1.1501096764156815
E1756,0.23130056004978222
E1757,0.41242065961418795
E1758,0.6537843363854565
E1759,0.5074806649479955
E176,0.5778593652769136
E1760,0.03449906658369633
E1761,0.028334074139923546
E1762,0.009098586541025869
E1763,0.20912525557827363
E1764,0.9565214685749845
E1765,0.2211076540136901
E1766,2.7304044803982577
E1767,1.8235765401369008
E1768,6.572912258867455
E1769,0.4497644235043115
E177,1.1530872744243932
E1770,0.006012978931460575
E1771,0.15132545115121343
E1772,0.13799626633478532
E1773,0.1568139390168015
E1774,2.0778220286247664
E1775,9.268864396532217
E1776,0.15008711885500933
E1777,0.18112009956440575
E1778,0.4743621655258245
E1779,0.7103671437461105
E178,0.28622633122944263
E1780,0.5112134411947729
E1781,0.010522713130056007
E1782,0.38276735709840876
E1783,1.120563605653836
E1784,0.40035914303493647
E1785,0.020966308116277
E1786,0.2885376477909148
E1787,0.30669570628500314
E1788,1.2378113610098676
E1789,1.0589289047915371
E179,0.21640323584318605
E1790,4.669956440572496
E1791,0.30029869321717484
E1792,0.29019646190772513
E1793,1.841238332296204
E1794,11.53088363410081
E1795,2.5460897635345368
E1796,0.17876789047915367
E1797,0.4398630989421282
E1798,0.09644057249533293
E1799,0.18112009956440572
E18,0.1654387056627256
E180,0.4963161169881767
E1800,2.4386523246510796
E1801,0.030618721664147926
E1802,0.007041514801315674
E1803,0.06821406347230866
E1804,0.2305164903546982
E1805,0.6115743621655259
E1806,22.280012445550717
E1807,0.514312383322962
E1808,0.3026509023024269
E1809,0.0937558894123922
E181,0.3599715530269358
E1810,0.62019912881145
E1811,0.5384825317806028
E1812,0.016614810205351587
E1813,0.7350902302426883
E1814,0.013212730020446262
E1815,0.42182949595519603
E1816,3.175090230242689
E1817,3.7853391412570008
E1818,0.6647527558005156
E1819,0.04258334074139923
E182,0.6113739887990043
E1820,0.012738021157436217
E1821,0.7440448039825762
E1822,23.430509065452284
E1823,1.5468966130322694
E1824,3.8264841319228373
E1825,0.555457373988799
E1826,3.0966592586007646
E1827,5.697108159614189
E1828,2.7614934660858745
E1829,0.1285874299937772
E183,0.17014312383322963
E1830,0.31983642990488037
E1831,0.026108987465552496
E1832,0.026108987465552496
E1833,0.0032438438972353096
E1834,0.2725282247310872
E1835,2.767205973864343
E1836,0.24128366965952527
E1837,0.35753578095830735
E1838,0.6993380522713131
E1839,0.17872877589119032
E184,1.350210018668326
E1840,0.03367143746110766
E1841,0.16622277535780958
E1842,0.4969108365188017
E1843,0.10898568761667703
E1844,0.14257622899813316
E1845,0.19288114499066586
E1846,0.12289447950928971
E1847,0.4258005156013868
E1848,0.08560583162947817
E1849,0.41827718019379506
E185,1.414899991110321
E1850,0.007437105520490711
E1851,20.541636589919108
E1852,0.15322873144279492
E1853,0.11917859365276914
E1854,0.2441303671437461
E1855,0.004430616054760424
E1856,1.1075322250866746
E1857,0.8784684194150592
E1858,0.23600497822028624
E1859,0.21243476457166566
E186,0.700127122410881
E1860,0.2987305538270068
E1861,0.4363069902509853
E1862,0.32519068361632153
E1863,0.5823575428927016
E1864,1.2100777846919726
E1865,0.29408747444217265
E1866,0.040814294603964796
E1867,0.003955907191750378
E1868,0.015823628767001514
E1869,0.37321717485998757
E187,0.6946857498444305
E1870,0.3300933416303672
E1871,0.8736252111298782
E1872,0.029455951640145788
E1873,0.018751000088896793
E1874,0.07620410703173616
E1875,0.17014312383322963
E1876,0.04336029869321718
E1877,0.03282958485198684
E1878,0.535519601742377
E1879,0.020175126677926928
E188,0.013753222508667437
E1880,0.03665659169703974
E1881,0.02753311405458263
E1882,0.3022926482353987
E1883,0.19758556316116987
E1884,0.1670068450528936
E1885,0.006012978931460575
E1886,0.3687083296293004
E1887,0.02590985865410259
E1888,0.16385545381811717
E1889,0.08825762289981333
E189,1.465598942128189
E1890,0.12231487243310517
E1891,0.04469197261978843
E1892,0.1599502177971375
E1893,0.10192906036092098
E1894,0.1685749844430616
E1895,0.01526980176015646
E1896,0.028823006489465734
E1897,0.04444661747710908
E1898,0.08547740539899842
E1899,0.011472130856076096
E19,0.7001333451862388
E190,0.18425637834474176
E1900,0.2806969508400747
E1901,0.3065712507778469
E1902,0.04256200551160104
E1903,0.09492310427593564
E1904,0.6577393546092986
E1905,0.105849408836341
E1906,0.20856253889234597
E1907,0.1670068450528936
E1908,0.08077251311227665
E1909,0.16387056627255758
E191,0.04335674282158415
E1910,0.005538270068450529
E1911,0.016522357542892704
E1912,0.10877500222241977
E1913,0.014715974753311408
E1914,0.034653746999733316
E1915,0.1741994843986132
E1916,0.9666513690105786
E1917,0.3913159095623314
E1918,0.553022713130056
E1919,0.04018846119655081
E192,0.41790914747977603
E1920,0.46562005511601035
E1921,0.45184105253800333
E1922,0.19030047115299137
E1923,0.16151035647613124
E1924,0.002531780602720242
E1925,0.1693590541381456
E1926,0.8526855720508489
E1927,0.03516757045070673
E1928,0.3308774113254512
E1929,0.04505111565472486
E193,0.3035140901413459
E1930,0.1364281269446173
E1931,0.10774735532047293
E1932,0.024435060894301718
E1933,0.13185883189616857
E1934,0.04937416659258602
E1935,0.24227753578095831
E1936,1.1745434038581208
E1937,0.016508134056360566
E1938,0.4555444928438083
E1939,0.019700417814916882
E194,0.38550093341630365
E1940,0.3848902124633301
E1941,0.18190416925948974
E1942,0.05410080896079651
E1943,0.7346368566094764
E1944,0.14348475420037335
E1945,0.7209689750200018
E1946,0.08311138767890479
E1947,0.3312383322962041
E1948,0.030621388567872707
E1949,1.0458742999377724
E195,1.3929593741665927
E1950,0.07056538358965242
E1951,1.7932972930927191
E1952,0.110285358698551
E1953,0.015111565472486444
E1954,15.828500311138766
E1955,0.013054493732776251
E1956,0.750050197054553
E1957,0.12980697543485348
E1958,0.43771115008202754
E1959,0.003955907191750378
E196,1.7331647257534002
E1960,0.5182016179215931
E1961,0.6719477286869944
E1962,0.2258582985154236
E1963,0.011076540136901058
E1964,0.04231042759356387
E1965,0.04051204551515691
E1966,0.07653569206151659
E1967,0.8907031736154324
E1968,0.3749426615699173
E1969,0.18100386701040094
E197,1.1242150709692713
E1970,2.912542448217619
E1971,1.4807195084007467
E1972,0.10684860876522358
E1973,0.008702995821850832
E1974,0.18374533291848164
E1975,0.17099831096097431
E1976,0.07895990754733753
E1977,1.56815261356565
E1978,0.11996266334785316
E1979,0.1330251577918037
E198,0.5581246110765401
E1980,0.09711529913770113
E1981,0.26745132900702284
E1982,0.0071997510889856885
E1983,0.4344930216019202
E1984,8.191512134411946
E1985,0.26971997510889856
E1986,0.083081162770024
E1987,0.004035025335585386
E1988,0.3060756215367292
E1989,0.05550182238421193
E199,0.050872966485909867
E1990,0.5569250600053338
E1991,0.9228446973064274
E1992,0.003560316472575341
E1993,0.6485065339141257
E1994,0.42304838207840695
E1995,0.06416748155391591
E1996,0.20621032980709397
E1997,0.19865048745073635
E1998,0.17876789047915367
E1999,0.17589296826384568
E2,1.2754947106409458
E20,0.9095208462974486
E200,4.963854231487243
E2000,0.010601831273891015
E2001,0.38105787181082756
E2002,0.558858565205796
E2003,0.0525326695706285
E2004,0.17614010134234157
E2005,0.014636856609476398
E2006,0.004984443061605477
E2007,0.31846564139034583
E2008,0.18353987021068538
E2009,0.11447417548226507
E201,0.18660858742999378
E2010,0.4281020535158681
E2011,0.08781580584940885
E2012,0.01629833763001156
E2013,0.6796373010934305
E2014,0.11761045426260112
E2015,0.2239491288114499
E2016,0.11525824517734912
E2017,0.36001955729398166
E2018,0.2759169703973686
E2019,0.007516223664325718
E202,0.47091741488132277
E2020,0.030578718108276292
E2021,0.8931305301211958
E2022,0.037296648590985866
E2023,0.08068361632145078
E2024,0.17093074939994668
E2025,0.7194879544848432
E2026,0.0017405991643701666
E2027,0.13799626633478532
E2028,0.014399502177971375
E2029,1.6602411325451152
E203,1.9242563783447415
E2030,0.2626633478531425
E2031,0.1489732420659614
E2032,0.2516863721219664
E2033,0.4116365899191039
E2034,0.04608676326784603
E2035,0.06586185438705662
E2036,0.5103724775535603
E2037,1.2132389842060034
E2038,1.1989343497199751
E2039,0.018038936794381726
E204,0.24070939639079025
E2040,0.08214596853053605
E2041,0.059120810738732335
E2042,0.07762289981331674
E2043,0.12076184549737756
E2044,0.38001244555071567
E2045,0.5406756156102764
E2046,0.005300915636945507
E2047,0.2674264379055916
E2048,0.18504044803982578
E2049,2.7271001866832605
E205,0.15312561116543694
E2050,0.016614810205351587
E2051,0.3120455151569028
E2052,0.011788603431416127
E2053,0.0024526624588852345
E2054,1.380960085340919
E2055,0.04168459418614988
E2056,0.007437105520490712
E2057,0.050949417726020095
E2058,0.04379944883989688
E2059,0.07458174059916438
E206,2.8242664903546983
E2060,0.17920348475420034
E2061,0.18860698728775893
E2062,1.3377189083474088
E2063,0.5915512489999111
E2064,0.24174471064094585
E2065,0.14191661481020534
E2066,4.7483221841941505
E2067,0.0846795270690728
E2068,3.5590416925948976
E2069,0.2195395146235221
E207,0.3404391501466797
E2070,0.3690152457996267
E2071,0.46954484843097166
E2072,0.6230779402613567
E2073,0.5866717041514802
E2074,0.16308649657747354
E2075,0.1794319495066228
E2076,0.010601831273891015
E2077,0.036980176015645835
E2078,0.11826829051471244
E2079,0.2932420659614188
E208,0.14348475420037335
E2080,2.2181696150768957
E2081,0.33950217797137516
E2082,1.1254689305716064
E2083,2.1587391101431237
E2084,0.004667970486265446
E2085,0.002294426171215219
E2086,0.10114499066583696
E2087,2.026820161792159
E2088,0.018751000088896793
E2089,0.8695768512756689
E209,0.20542626011200996
E2090,0.149085252022402
E2091,0.21405102675793405
E2092,0.2838332296204107
E2093,0.14823984354164815
E2094,0.13093963907902925
E2095,0.20718552760245357
E2096,0.06830473819895103
E2097,0.24698195395146233
E2098,1.9091652591341453
E2099,0.319116365899191
E21,1.059883322962041
E210,0.1798799893323851
E2100,3.394461729931549
E2101,2.0375855631611697
E2102,0.5614214596853053
E2103,0.28456040536936617
E2104,0.006329451506800606
E2105,1.2701929060360924
E2106,0.0013450084451951288
E2107,0.45291314783536313
E2108,0.10271313005600498
E2109,4.721387678904791
E211,0.8680483820784071
E2110,0.3261729931549471
E2111,0.18974486621032982
E2112,0.07762289981331674
E2113,0.9407271757489554
E2114,2.0138674548848785
E2115,1.2446359676415681
E2116,0.15054138145612944
E2117,0.4256831718374966
E2118,0.22062494443950575
E2119,0.08232731798382079
E212,0.2932420659614188
E2120,0.30578718108276287
E2121,0.7832180638278958
E2122,0.02729575962307761
E2123,0.022054404835985423
E2124,0.020176904613743444
E2125,0.01606098319850653
E2126,0.17876789047915367
E2127,0.004351497910925416
E2128,0.014083029602631348
E2129,6.910202240199129
E213,0.009889767979375946
E2130,2.5690603609209703
E2131,0.013133611876611254
E2132,0.0033229620410703173
E2134,0.1544243932794026
E2135,0.6257845141790381
E2136,4.057149968886123
E2137,0.017643346075206685
E2138,0.31766412570006225
E2139,0.007595341808160726
E214,1.1481183883011823
E2140,0.06586185438705663
E2141,0.017089519068361633
E2142,0.01946306338341186
E2143,0.17327940261356567
E2144,0.045476042314872435
E2145,0.2503393634989777
E2146,1.2357288425637836
E2147,0.007674459951995734
E2148,0.002531780602720242
E2149,0.13250777846919726
E215,1.4348599875544492
E2150,0.08703173615432484
E2151,0.47350164459063027
E2152,0.010522713130056007
E2153,0.017326873499866658
E2154,0.0015823628767001514
E2155,0.8579767090408037
E2156,0.10748155391590362
E2157,0.09480131567250422
E2158,0.003955907191750378
E2159,0.11072361987732243
E216,0.6658520757400658
E2160,0.02065161347675349
E2161,2.024841319228376
E2162,0.21091474797759802
E2163,0.7402542448217619
E2164,7.251804604853764
E2165,1.554321717485999
E2166,0.9482202862476666
E2167,0.08232731798382079
E2168,0.016931282780691618
E2169,0.178593652769135
E217,0.1372121966397013
E2170,0.3956565028002489
E2171,0.015032447328651437
E2172,0.24462974486621034
E2173,0.06029247044181705
E2174,0.21569206151657924
E2175,0.20756267223753222
E2176,0.268070939639079
E2177,0.008307405102675794
E2178,0.15883367410436486
E2179,1.5800177793581651
E218,1.421866832607343
E2180,2.372375803775151
E2181,0.8500124455507156
E2182,0.0744012801137879
E2183,0.015823628767001514
E2184,0.005933860787625567
E2185,0.061307671793048274
E2186,0.7616259223042048
E2187,0.016931282780691618
E2188,0.05802115743621655
E2189,0.7238021157436217
E219,0.9387152043144575
E2190,0.10772957596230776
E2191,3.505116899279936
E2192,0.3982602898035381
E2193,0.6084380833851898
E2194,0.010364476842385992
E2195,0.018592763801226778
E2196,0.012738021157436217
E2197,18.175799626633477
E2198,0.014162147746466356
E2199,0.014874211040981421
E22,0.10976975731176104
E220,0.4100684505289359
E2200,0.10821862684090437
E2201,0.37164903546981953
E2202,0.039439950217797136
E2203,0.27773135389812426
E2204,0.11055382700684505
E2205,0.15815005778291402
E2206,0.18480931638367853
E2207,0.15899546626366787
E2208,0.009019468397190861
E2209,5.215127566894835
E221,1.3834180816072539
E2210,0.8774113254511512
E2211,0.02539692417103743
E2212,0.019700417814916882
E2213,0.10611532136189884
E2214,0.010997421993066052
E2215,0.020491599253266955
E2217,0.8696806753192877
E2218,0.004984443061605477
E2219,0.1474051026757934
E222,0.25443839452395767
E2220,0.35283136278780336
E2221,0.309707529558183
E2222,0.1871313005600498
E2223,0.18739265712507777
E2224,0.27207218419415063
E2225,0.11761045426260112
E2226,0.0030064894657302874
E2227,0.026108987465552496
E2228,0.13329184816428127
E2229,0.322252644679527
E223,0.2383571873055383
E2230,0.21091474797759802
E2231,0.1136901057871811
E2232,0.7456502800248911
E2233,0.14348475420037338
E2234,0.06414259045248467
E2235,0.09879278158058494
E2236,0.13799626633478532
E2237,0.13799626633478532
E2238,0.18347230864965774
E224,0.004667970486265446
E2240,0.08228998133167394
E2241,0.932258867454885
E2242,0.2783447417548226
E2243,0.2234598630989421
E2244,0.2313005600497822
E2245,0.4406471686372122
E2246,0.1779838207840697
E2247,0.2422775357809583
E2248,0.3206845052893591
E2249,0.3371499688861232
E225,2.9010578718108277
E2250,0.32695706285003107
E2251,0.24541381456129432
E2252,6.77863721219664
E2253,0.37713752333540757
E2254,3.5772007233976355
E2255,0.16387056627255756
E2256,0.11917859365276914
E2257,0.15446172993154944
E2258,0.611056264260527
E2259,0.3214685749844431
E226,0.4964263490088008
E2260,9.630044514057817
E2261,0.5398319850653391
E2262,14.58448564872433
E2263,17.04431238332296
E2264,1.5512632233976353
E2265,0.6106782825140012
E2266,0.017722464219041695
E2267,0.11314872433105165
E2268,0.9976843497199752
E2269,0.7620544048359854
E227,2.7464281269446174
E2270,0.008861232109520847
E2271,5.312402769135034
E2272,0.3509645301804605
E2273,0.09800871188550093
E2274,0.2487554449284381
E2275,0.027959818650546715
E2276,0.27050404480398255
E2277,0.2195644057249533
E2278,0.4508400746733044
E2279,0.024763979020357367
E228,0.8582443995021781
E2280,0.5417921593030492
E2281,0.21797137523335405
E2282,1.1726322339763535
E2283,0.07056627255756068
E2284,4.992405880522713
E2285,0.2015059116365899
E2286,0.5760298693217175
E2287,3.2200248911014313
E2288,0.10750128900346696
E2289,0.23130056004978222
E229,0.7897499036951433
E2290,0.7218837229975997
E2291,3.895608276291226
E2292,0.5420535158680772
E2293,0.023181616143657217
E2294,0.4170317361543248
E2295,0.09957685127566895
E2296,2.7580771624144367
E2297,0.5572946484131923
E2298,1.325052004622633
E2299,0.2035692061516579
E23,0.12701929060360923
E230,0.02478709218597209
E2300,0.2187554449284381
E2301,0.6527940261356565
E2302,12.9071913892346
E2303,0.6359071917503779
E2304,0.018513645657391768
E2305,0.16413636767712686
E2306,0.20473642101520137
E2307,0.03267579340385812
E2308,0.057494888434527505
E2309,0.023003822562005515
E231,0.16230242688238955
E2310,0.4913503422526447
E2311,6.2128935905413805
E2312,0.16544238006341302
E2313,1.8435312175897116
E2314,0.07896701929060361
E2315,0.2849052656532432
E2316,0.42104542626011193
E2317,2.252907814027914
E2318,2.171553915903636
E2319,0.10929860432038403
E232,0.0321468574984443
E2320,0.1474051026757934
E2321,0.01234243043826118
E2322,0.017405991643701664
E2323,0.3214685749844431
E2324,2.1279651524579966
E2325,0.4977482442883812
E2326,1.5810276469019469
E2327,0.40065961418792784
E2328,0.19993777224642192
E2329,0.006645924082140635
E233,0.7150715619166149
E2330,0.40712329984887546
E2331,0.18131567250422262
E2332,0.5896204107031737
E2333,0.36728147687201823
E2334,0.010839185705396036
E2335,0.8036216552582452
E2336,1.7447205381219069
E2337,0.33542626011200993
E2338,1.1630553827006844
E2339,0.08188727886923283
E234,0.4121575251133434
E2340,0.6076540136901057
E2341,0.6042229309271935
E2342,0.5615066894835097
E2343,0.26736776602364654
E2344,0.759095919637301
E2345,0.2656858387412214
E2346,0.8190362476664593
E2347,0.17406347230864963
E2348,0.7584567517112634
E2349,0.5718077162414437
E235,10.348543870566273
E2350,0.016219219486176547
E2351,0.23914125700062228
E2352,0.18700062227753578
E2353,0.054932882922926474
E2354,0.008307405102675794
E2355,0.36224019912881145
E2356,0.004984443061605477
E2357,0.030930749399946667
E2358,0.02076629033691884
E2359,0.01590274691083652
E236,0.14191661481020534
E2360,0.006012978931460575
E2361,0.00680416036981065
E2362,3.19377722464219
E2363,0.018434527513556762
E2364,4.896253889234598
E2365,0.20502878033602986
E2366,0.12918392746021867
E2367,0.12283136278780335
E2368,0.23546004089252376
E2369,0.041489910214241275
E237,0.6008800189646487
E2370,0.17171126322339764
E2371,0.10862387767801583
E2372,0.006250333362965598
E2373,0.12309894212818917
E2374,0.040576940172459774
E2375,0.05707796248555427
E2376,0.21483509645301804
E2377,0.026471686372121966
E2378,0.007120632945150682
E2379,0.048870121788603435
E238,0.007595341808160726
E2380,0.007357987376655704
E2381,0.07883100720064005
E2382,1.4600124455507157
E2383,0.13642812694461728
E2384,0.43263845675171125
E2385,0.39138590096897496
E2386,0.33596497466441466
E2387,0.419477286869944
E2388,0.1726482353987021
E2389,2.452308649657747
E239,0.19680149346608586
E2390,1.8222573117610457
E2391,0.21856787269979555
E2392,0.1560298693217175
E2393,0.1254511512134412
E2394,0.09620855187127746
E2395,0.24309716419237265
E2396,0.35988799004355937
E2397,0.1642696535988384
E2398,0.103497199751089
E2399,0.0029273713218952798
E24,0.18582451773490977
E240,1.141773490976976
E2400,0.035958751889056804
E2401,0.17364421281891723
E2402,0.05248644323939906
E2403,0.11604231487243312
E2404,0.004984443061605477
E2405,0.004193261623255401
E2406,0.4768441639256823
E2407,1.2564699084363053
E2408,0.05018046048537648
E2409,0.09787803360298693
E241,0.14191661481020534
E2410,0.26217797137523335
E2411,0.26658369632856255
E2412,0.08339674637745578
E2413,0.07762289981331674
E2414,3.8059116365899186
E2415,0.04610809849764423
E2416,0.2740969197261979
E2417,0.11212196639701308
E2418,0.33950217797137516
E2419,0.12074673304293716
E242,0.16173459863098943
E2420,0.019083474086585474
E2421,0.1466210329807094
E2422,0.010285358698550984
E2423,5.201294337274424
E2424,0.1795519601742377
E2425,0.21602809138590096
E2426,0.00814916881500578
E2427,1.403858120721842
E2428,0.05410080896079651
E2429,0.4842534743829081
E243,0.2752084629744866
E2430,0.1174157702906925
E2431,0.06742999377722464
E2432,0.008386523246510801
E2433,0.2113236732153969
E2434,0.010839185705396038
E2435,0.18268823895457376
E2436,0.009335940972530892
E2437,0.2305164903546982
E2438,0.004747088630100454
E2439,1.2063899013245623
E244,0.3042190416925949
E2440,0.02468486087652236
E2441,0.2532545115121344
E2442,0.005380033780780515
E2443,0.20934660858743
E2444,0.08624766645924081
E2445,0.1276540136901058
E2446,0.2141070317361543
E2447,0.0015823628767001514
E2448,0.02935549826651258
E2449,0.18660858742999378
E245,3.737186653628471
E2450,0.5307396212996711
E2451,0.14113254511512133
E2452,0.1538083385189795
E2453,0.11151746821939727
E2454,0.4066833199988147
E2455,0.20699617743799448
E2456,0.004905324917770469
E2457,0.06664592408214064
E2458,0.13641723708774114
E2459,5.389993777224642
E246,0.17541126618662398
E2460,35.18925326695707
E2461,0.29716241443683883
E2462,0.32382078406969506
E2463,0.010048004267045961
E2464,0.007120632945150682
E2465,0.16073428749222154
E2466,0.006012978931460576
E2467,0.08903001748303553
E2468,0.21561916614810206
E2469,0.8916631404272972
E247,0.12857231753933684
E2470,0.007437105520490711
E2471,0.4157205084896435
E2472,0.402063294515068
E2473,0.2655907191750378
E2474,1.6760005333807448
E2475,0.004984443061605477
E2476,1.3288861232109521
E2477,0.05096453018046049
E2478,0.006012978931460575
E2479,0.5254449284380833
E248,0.420581918392746
E2480,2.867976820161792
E2481,0.3155960529824873
E2482,0.008070050671170772
E2483,0.011709485287581119
E2484,0.25168637212196643
E2485,0.23600497822028627
E2486,0.19756956173882126
E2487,0.026108987465552493
E2488,0.44050937861143213
E2489,0.19758556316116987
E249,0.1583820784069695
E2490,0.7648630989421282
E2491,0.08360476486798826
E2492,0.7603298070939638
E2493,0.18665836963285623
E2494,0.0077535780958307415
E2495,0.19601742377100187
E2496,0.29893590541381454
E2497,0.3512632233976354
E2498,0.34185438705662724
E2499,0.10219041692594898
E25,0.2854013690105787
E250,0.24619788425637834
E2500,1.2456526135656503
E2501,1.843656658369633
E2502,0.16208696328562539
E2503,0.0948724331051649
E2504,0.3685127566894835
E2505,0.054941772602009074
E2506,0.39794726197884256
E2507,0.6814730198239843
E2509,0.1762803360298693
E251,0.3853195839630189
E2510,0.0052217974931105
E2511,0.9322744688416749
E2512,0.003639434616410348
E2513,0.28853764779091473
E2514,0.31719708418526094
E2515,0.17153080273802115
E2516,0.6948498755444928
E2517,0.009652413547870923
E2518,3.179738643434972
E2519,0.004747088630100454
E252,0.26941428126944617
E2520,0.028086941061427683
E2521,0.7157285092008179
E2522,0.19366521468574982
E2523,0.035807627344652856
E2524,2.2568419415059116
E2525,3.382906036092097
E2526,0.15289359054138144
E2527,0.009335940972530892
E2528,0.30029869321717484
E2529,0.02585207574006578
E253,0.2383571873055383
E2530,3.692762912258867
E2531,0.20621032980709397
E2532,0.013904347053071383
E2533,0.014609298604320383
E2534,0.0064085696506356125
E2535,0.04238243399413281
E2536,0.0029273713218952798
E2537,0.00617121521913059
E2538,0.018918126055649388
E2539,0.003560316472575341
E254,0.23286869943995023
E2540,0.19524935549826652
E2541,1.725938305627167
E2542,0.1670068450528936
E2543,0.010918303849231044
E2544,0.06037336652146858
E2545,0.023181616143657217
E2546,0.19366521468574985
E2547,0.022786025424482177
E2548,0.008861232109520847
E2549,0.5110854298159836
E255,4.208898568761668
E2550,2.03667703795893
E2551,0.1510685394257267
E2552,0.009494177260200907
E2553,0.01756422793137168
E2554,0.015902746910836516
E2555,0.22436127655791627
E2556,0.003481198328740333
E2557,0.07575695617388213
E2558,0.1195519601742377
E2559,0.08781580584940885
E256,1.7206622810916525
E2560,0.019700417814916882
E2561,0.07683883011823273
E2562,0.1144741754822651
E2563,0.0642937149968886
E2564,0.6907654013690107
E2565,0.039095030669392836
E2566,0.05445817405991643
E2567,0.11917859365276914
E2568,0.16877802471330786
E2569,0.05707529558182949
E257,1.148490532491777
E2570,0.037203306960618715
E2571,0.40248911014312383
E2572,1.3350840074673305
E2573,0.1527232420659614
E2574,0.22659614187927815
E2575,0.23995910747622012
E2576,0.3274735532047293
E2577,1.1932794026135658
E2578,0.028957240643612766
E2579,1.3697884256378345
E258,0.9056004978220286
E2580,0.2728562538892346
E2581,0.09065605831629478
E2582,0.01400391145879634
E2583,0.1795519601742377
E2584,0.14191661481020534
E2585,1.2442472516075505
E2586,0.011393012712241088
E2587,2.057249533291848
E2588,0.41569650635612054
E2589,0.03641923726553471
E259,1.1476114024950366
E2590,0.050704951551249
E2591,20.679688861232112
E2592,32.66402702462441
E2593,3.106446795270691
E2594,0.16351675704507068
E2595,0.08703173615432484
E2596,0.009889767979375946
E2597,0.12175571161881057
E2598,0.003402080184905325
E2599,0.0433318517201529
E26,0.07056627255756068
E260,2.4956258037751504
E2600,0.5760298693217175
E2601,0.0957000622277536
E2602,0.7097510889856876
E2603,0.47514623522090854
E2604,3.5236838830118233
E2605,3.6219539514623524
E2607,0.24070939639079034
E2608,1.6356049426615697
E2609,1.9029558182949593
E261,2.8681153880344916
E2610,2.0881082762912255
E2611,2.5407031736154324
E2612,1.9753640323584318
E2613,0.6683820784069695
E2614,0.701929060360921
E2615,1.12389990221353
E2616,0.6303920348475419
E2617,4.387229309271936
E2618,0.048612321095208466
E2619,0.6156806160547604
E262,0.08311138767890479
E2620,3.2298817672682016
E2621,0.8640448039825762
E2622,6.788923459863098
E2623,0.16387056627255756
E2624,0.12074673304293712
E2625,0.03841941505911636
E2626,0.6711636589919103
E2627,2.6749586629922657
E2628,0.2448919903991466
E2629,1.848027935816517
E263,0.7064467952706908
E2630,0.017010400924526627
E2631,0.26602986932171746
E2632,0.9879278158058493
E2633,0.23600497822028627
E2634,0.5760298693217175
E2635,1.278621655258245
E2636,0.42243434971997507
E2637,0.1654387056627256
E2638,0.47029247044181705
E2639,0.09473891012534448
E264,2.173968352742466
E2640,0.00617121521913059
E2641,0.4032008771150028
E2642,0.4493217174859987
E2643,0.07779891545915193
E2644,0.035923193172726464
E2645,0.11290603609209707
E2646,0.008861232109520847
E2647,0.3504278158058494
E2648,0.015744510623166504
E2649,0.14734376389012357
E265,1.3738163392301537
E2650,0.018276291225886747
E2651,0.012817139301271225
E2652,0.48298693217174865
E2653,0.008465641390345809
E2654,2.0215556938394523
E2655,0.006566805938305627
E2656,0.006725042225975642
E2657,0.011630367143746113
E2658,1.3715199128811448
E2659,0.5151337896701929
E266,0.9069313939016802
E2660,0.13485998755444928
E2661,0.3924105476042314
E2662,0.2035505378255845
E2663,3.4810726509023024
E2664,0.35227675793403856
E2665,1.082686461018757
E2666,0.061676593474975554
E2667,0.009652413547870923
E2668,0.041853498088719
E2669,0.6712507778469198
E267,3.7484264156813936
E2670,0.0940883634100809
E2671,0.8605455299730347
E2672,0.3073553204729309
E2673,0.00783269623966575
E2674,0.032438438972353094
E2675,0.3669446172993155
E2676,0.004193261623255401
E2677,0.1285874299937772
E2678,0.010048004267045961
E2679,0.40457996266334784
E268,0.39673926571250784
E2680,0.1340759178593653
E2681,0.08232731798382079
E2682,0.03265712507778469
E2683,0.003085607609565295
E2684,0.006329451506800606
E2685,0.005063561205440484
E2686,0.20950606720597384
E2687,0.11604231487243312
E2688,0.4061154324828874
E2689,0.14408925237798917
E269,2.688310960974309
E2690,0.07997510889856875
E2691,0.5060787625566716
E2692,3.3960298693217177
E2693,0.4845550715619166
E2694,0.2015059116365899
E2695,0.10898568761667703
E2696,2.9556277224642193
E2697,0.19601742377100187
E2698,0.35283136278780336
E2699,0.4829869321717486
E27,0.33166148102053516
E270,0.009889767979375946
E2700,0.13329184816428127
E2701,0.040771624144368385
E2702,0.02509023024268824
E2703,0.07997510889856875
E2704,0.9771935283136278
E2705,1.7178033602986933
E2706,0.6523459863098942
E2707,0.676884167481554
E2708,0.21405102675793405
E2709,0.5836092097075296
E271,0.497627344652858
E2710,0.18896079651524578
E2711,0.08311138767890479
E2712,8.487797137523335
E2713,0.3308774113254512
E2714,0.2532545115121344
E2715,0.9745986309894213
E2716,0.22659614187927815
E2717,0.07855720508489643
E2718,0.12701929060360923
E2719,0.9299066583696328
E272,0.29597742021513024
E2720,0.05096453018046049
E2721,0.1340759178593653
E2722,6.091283447417548
E2723,0.14308727442439328
E2724,0.3340136901057872
E2725,2.5590454262601123
E2726,0.30867810472041957
E2727,0.18347230864965777
E2728,3.7236216552582455
E2729,0.04782825140012446
E2730,0.039951106765045784
E2731,0.03449906658369633
E2732,0.02316205884967553
E2733,2.2471544137256645
E2734,0.036236109876433456
E2735,0.0027691350342252644
E2736,0.022097075295581834
E2737,0.17092719352831362
E2738,6.586204107031736
E2739,1.1314872433105165
E274,8.705208462974486
E2740,0.006645924082140635
E2741,0.007437105520490711
E2742,1.9063730109343053
E2743,0.8236394346164103
E2744,0.09523779891545915
E2745,0.665747510889857
E2746,0.0032438438972353096
E2747,0.049625744510623175
E2748,0.07252911369899548
E2749,0.2728562538892346
E275,2.6879768201617917
E2750,0.39595519601742374
E2751,0.6149897768690551
E2752,0.11932794026135658
E2753,2.5269446172993155
E2754,0.8226757934038582
E2755,0.02003289181260557
E2756,0.08781580584940885
E2757,0.16151835718730553
E2758,1.4812196639701307
E2759,0.31754822650902303
E276,0.37008089607965156
E2760,0.05062583340741399
E2761,2.4995395146235224
E2762,5.053889234598631
E2763,0.007990932527335765
E2764,0.16823184283047385
E2765,0.1022713130056005
E2766,1.2421415236909947
E2767,0.09016801493466087
E2768,0.33166148102053516
E2769,0.4417299315494711
E277,1.9285954307049518
E2770,0.007674459951995734
E2771,0.10697395324028802
E2772,0.054792425993421635
E2773,0.025001333451862392
E2774,0.1254511512134412
E2775,0.7920295729990814
E2776,1.3989296826384567
E2777,0.26031113876789047
E2778,0.004193261623255401
E2779,0.03441639256822829
E278,6.9293652769135035
E2780,0.04799271046315228
E2781,0.17690905858298517
E2782,0.034232376211218773
E2783,0.5308294070584052
E2784,0.7511387678904791
E2785,0.0538483420748511
E2786,2.7269796204107033
E2787,0.029036358787447775
E2788,0.0419219486176549
E2789,2.2176185957270276
E279,0.17406347230864963
E2790,0.7414685749844431
E2791,4.227647790914748
E2792,0.014399502177971375
E2793,0.012184194150591165
E2794,0.4541345897413103
E2795,0.008465641390345809
E2796,0.08624766645924084
E2797,0.2218917237087741
E2798,0.33280830888671586
E2799,0.1766832607342875
E28,0.3245710729842653
E280,0.4423086496577474
E2800,0.6790043559427503
E2801,0.034555960529824875
E2802,0.007357987376655704
E2803,0.007595341808160726
E2804,0.11316650368921684
E2805,0.03275491154769313
E2806,0.23754044803982574
E2807,0.05174859987554449
E2808,0.2079775980087119
E2809,0.0066459240821406355
E281,0.41712507778469193
E2810,0.003164725753400303
E2811,0.21186594363943462
E2812,0.014478620321806385
E2815,0.5347355320472931
E2816,0.12466708151835719
E2817,0.6209831985065339
E2818,0.2262974486621033
E2819,1.4218931460574273
E282,1.0421993066050315
E2820,0.43357965152458
E2821,10.414940883634102
E2822,0.2603111387678905
E2823,0.25403858120721845
E2824,0.305457373988799
E2825,0.08729309271935283
E2826,0.6077620529232228
E2827,0.5441443683883012
E2828,0.19131300560049785
E2829,0.16555071561916615
E283,0.1670068450528936
E2830,0.19209707529558182
E2831,2.232115743621655
E2832,0.003560316472575341
E2833,0.003481198328740333
E2834,7.356770379589297
E2835,1.176062538892346
E2836,0.25838593060123866
E2837,0.17092719352831362
E2838,0.07166639997629419
E2839,17.089192983820784
E284,1.215691172548671
E2840,0.6660858742999378
E2841,0.3479980442706018
E2842,2.9315805849408836
E2843,1.048368566094764
E2844,0.3959864284232672
E2845,0.024060805404924883
E2846,0.19930304915992533
E2847,0.18931471686372123
E2848,0.017485109787536673
E2849,0.014478620321806385
E285,0.7440821406347231
E2850,0.25795892968263845
E2851,0.006725042225975642
E2852,1.603911792159303
E2853,1.6510244243932795
E2854,0.22398257622899814
E2855,0.38262690016890394
E2856,0.0391021424126589
E2857,0.1971880833851898
E2858,0.062480220464041246
E2859,0.19836963285625386
E286,1.03497199751089
E2860,0.03550537825584496
E2861,0.37798204284825315
E2862,0.08786203218063827
E2863,0.23835718730553826
E2864,0.4509105994606929
E2865,0.0038767890479153707
E2866,0.0037185527602453554
E2867,0.24220375144457287
E2868,0.01621921948617655
E2869,0.25874299937772244
E287,2.295647613121166
E2870,0.011630367143746111
E2871,0.04939639079029247
E2872,0.14650746733042935
E2873,0.3753311405458263
E2874,0.2906178326962397
E2875,0.5051812383322962
E2876,0.02198951017868255
E2877,0.17468752778024713
E2878,4.540080896079651
E2879,0.008574095475153348
E288,7.912692976749449
E2880,0.006566805938305627
E2881,0.211698817672682
E2882,0.18425637834474173
E2883,1.940423148724331
E2884,0.003402080184905325
E2885,0.09173615432482889
E2886,0.01400391145879634
E2887,0.2830491599253267
E2888,0.006962396657480666
E2889,0.0037185527602453554
E289,4.272810360920971
E2890,0.1258156280558272
E2891,1.4589439061249887
E2892,0.09827006845052895
E2893,0.02803893679438172
E2894,0.08594008356298338
E2895,0.1654387056627256
E2896,1.031825036299523
E2897,0.9761995436631403
E2898,0.11839452395768513
E2899,0.0058547426437905595
E29,0.1756316116988177
E290,0.23130056004978222
E2900,0.054884878655880515
E2901,0.008623877678015824
E2902,0.09879278158058494
E2903,0.8524713307849586
E2904,0.00680416036981065
E2905,1.1218137315909562
E2906,0.061157436216552584
E2907,0.22502800248911015
E2908,0.27350497822028624
E2909,0.011234776424571073
E291,0.5212060331288707
E2910,0.003639434616410348
E2911,0.6225513378967019
E2912,0.1144741754822651
E2913,0.009494177260200909
E2914,0.04419503955907192
E2915,0.06496132989599077
E2916,0.00814916881500578
E2917,0.08886478798115388
E2918,0.07062938927904702
E2919,0.4555444928438083
E292,0.22345986309894214
E2920,3.2991492577117967
E2921,0.01783180727175749
E2922,0.06814116810383145
E2923,0.014155924971108543
E2924,0.14113254511512136
E2925,0.19758556316116987
E2926,0.0030064894657302874
E2927,0.0033229620410703173
E2928,0.5264467952706907
E2929,0.2336901057871811
E293,0.4085003111387679
E2930,0.8858111832162859
E2931,0.004667970486265446
E2932,0.08373135389812428
E2933,0.08389545737398879
E2934,0.3026509023024269
E2935,0.2509023024268824
E2936,0.706508245177349
E2937,0.005933860787625567
E2938,0.0052217974931105
E2939,0.4560821998992503
E294,0.2830491599253267
E2940,2.890435594275047
E2941,0.18578718108276296
E2942,0.45912525557827366
E2943,0.3011405458262957
E2944,0.08467952706907281
E2945,0.051568139390168015
E2946,1.5532233976353456
E2947,0.38217408214063475
E2948,0.2838332296204107
E2949,0.08467952706907281
E295,0.2822650902302427
E2950,0.3598879900435594
E2951,0.07135034225264468
E2952,0.006250333362965598
E2953,7.8998382078406975
E2954,0.9004133700773402
E2955,0.5014312383322962
E2956,0.3426384567517113
E2957,0.16721397457551784
E2958,0.19444928438083386
E2959,1.0470262912258868
E296,3.043778113610099
E2960,0.7956673926571249
E2961,0.01598186505467153
E2962,0.008861232109520847
E2963,1.115169348386523
E2964,0.3509645301804605
E2965,0.7895581829495955
E2966,0.15446172993154947
E2967,0.13919726197884255
E2968,5.2725466354585055
E2969,0.5127815805849408
E297,0.20111844015764366
E2970,0.7498888790114676
E2971,0.27893146057427326
E2972,0.3780807182860699
E2973,0.007990932527335765
E2974,0.18153524757756243
E2975,0.16457996266334787
E2976,0.04715085785403147
E2977,0.39729664859098585
E2978,4.3193925015556935
E2979,0.08714552404658192
E298,0.46652146857498444
E2980,1.4515396924171038
E2981,3.8779153702551334
E2982,0.007911814383500757
E2983,0.0230233798559872
E2984,1.7692345986309894
E2985,0.011630367143746111
E2986,1.354508845230687
E2987,0.010127122410880969
E2988,0.008861232109520847
E2989,0.39949328829229264
E299,0.14348475420037335
E2990,7.995838395231091
E2991,0.27593652769135035
E2992,0.019860432038403413
E2993,0.35754739680564196
E2994,2.30411947728687
E2995,0.07181705040448041
E2996,0.014874211040981421
E2997,0.003560316472575341
E2998,0.010048004267045961
E2999,0.5822713130056005
E3,0.24070939639079028
E30,0.8828624766645924
E300,0.4673055382700685
E3000,1.7324046581918395
E3001,1.130105787181083
E3002,0.053057160636501025
E3003,0.09487243310516491
E3004,0.11369010578718107
E3005,0.060373366521468574
E3006,0.36742299315494714
E3007,0.08642012623344299
E3008,0.03843274957774024
E3009,0.4033771890834741
E301,1.972801026757934
E3010,0.6053018046048538
E3011,0.5293084940883634
E3012,0.18775746733042936
E3013,0.0045675171126322335
E3014,7.739266843921481
E3015,31.918393746110766
E3016,0.027367766023646545
E3017,0.011155658280736065
E3018,0.0071997510889856885
E3019,0.20731331673926573
E302,0.018276291225886747
E3020,0.3638083385189795
E3021,0.04380656058316294
E3022,2.2619103920348476
E3023,2.0675357809583073
E3024,0.17548226509023024
E3025,0.11133789670192905
E3026,0.4604800426704596
E3027,0.11658102942483776
E3028,0.3923148724331052
E3029,0.3576184549737755
E303,0.24853646250037043
E3030,0.6648377633567427
E3031,0.009098586541025869
E3032,2.892872255311583
E3033,0.00814916881500578
E3034,0.003402080184905325
E3035,0.0240519157258423
E3036,0.701929060360921
E3037,14.521230942750467
E3038,0.3026509023024269
E3039,0.2015059116365899
E304,0.30578718108276287
E3040,0.416341008089608
E3041,0.10670104009245265
E3042,0.01646546359676416
E3043,0.14818917237087742
E3044,0.2618792781580585
E3045,0.010127122410880969
E3046,0.1544617299315495
E3047,0.15132545115121346
E3048,0.15446172993154947
E3049,0.5323318220878892
E305,0.7419450617832697
E3050,0.24689250155569387
E3051,0.9504130367143746
E3052,0.0016614810205351587
E3053,0.9251835718730553
E3054,0.15073428749222154
E3055,0.5918746110765402
E3056,0.007595341808160726
E3057,0.4837710018668326
E3058,0.0029273713218952798
E3059,0.17254825614128666
E306,0.6053018046048538
E3060,0.004272379767090408
E3061,0.2266583696328562
E3062,0.25639079029247047
E3063,0.0024526624588852345
E3064,0.5089892434883102
E3065,0.2938480087118855
E3066,0.2563907902924704
E3067,1.031086318783892
E3068,3.246642034847542
E3069,0.011390760660206832
E307,2.935320472930927
E3070,1.4886302115743624
E3071,0.105849408836341
E3072,1.3577846919726198
E3073,0.16622277535780958
E3074,0.062107742910480934
E3075,0.046917059294159486
E3076,0.3010827629122589
E3077,2.1475264467952706
E3078,0.1881767268201618
E3079,0.37164903546981953
E308,1.0045270690728065
E3080,10.749128811449905
E3081,0.009968886123210953
E3082,0.22394790648057605
E3083,0.005933860787625567
E3084,0.2987294278009897
E3085,1.7736014312383321
E3086,0.1685749844430616
E3087,0.48847542003733657
E3088,0.003560316472575341
E3089,0.04285714285714286
E309,0.10271313005600498
E3090,0.09173615432482889
E3091,0.006329451506800606
E3092,0.2336527691350342
E3093,0.006329451506800606
E3094,0.0281038314516846
E3095,0.02428927015734732
E3096,0.7087678904791537
E3097,0.09715696950840075
E3098,0.1466210329807094
E3099,0.638755444928438
E31,0.017817583785225355
E310,0.42681749488843457
E3100,0.16230242688238955
E3101,0.6167377100186684
E3102,1.979439950217797
E3103,0.026346341897057514
E3104,0.05643079384834208
E3105,0.006092097075295583
E3106,0.34812694461729937
E3107,0.08520224019912882
E3108,0.13053071384123033
E3109,2.8951773490976977
E311,1.4378469197261978
E3110,0.0729184816428127
E3111,0.1859125255578274
E3112,1.4933478531425015
E3114,0.00680416036981065
E3115,0.24253089163481195
E3116,0.006883278513645658
E3117,0.312059738643435
E3118,0.04138945684060805
E3119,0.5592532669570629
E312,0.00973153169170593
E3120,3.9369733976353456
E3121,0.1458909532699203
E3122,7.64523542833437
E3123,0.8856538358965241
E3124,3.3315315299070356
E3125,2.4167684526503366
E3126,0.32303671437461107
E3127,0.5896204107031736
E3128,11.419721530802738
E3129,0.30578718108276287
E313,0.4492719352831363
E3130,0.8422573117610456
E3131,0.1560298693217175
E3132,0.09722464219041693
E3133,0.12701929060360923
E3134,0.014897324206596143
E3135,0.001819717308205174
E3136,0.17406347230864969
E3137,0.3214685749844431
E3138,0.0274779980442706
E3139,0.019383945239576855
E314,1.1967837141079207
E3140,0.41869321717486
E3141,0.08154324828873677
E3142,1.7306370566272558
E3143,0.2908898568761668
E3144,0.2007218419415059
E3145,0.11055382700684505
E3146,0.10349719975108898
E3147,0.2830491599253267
E3148,0.8730108750407444
E3149,0.7487865588052272
E315,1.0119148368743889
E3150,0.18739265712507777
E3151,0.014897324206596143
E3152,5.101978842563783
E3153,0.08624766645924084
E3154,0.2963783447417548
E3155,0.1489732420659614
E3156,0.011761045426260112
E3157,0.010680949417726023
E3158,0.10171926393457195
E3159,0.18796248555427147
E316,0.34194061694372835
E3160,0.28304915992532664
E3161,0.30892345986309894
E3162,0.00261089874655525
E3163,0.00919992888256734
E3164,0.8299719975108899
E3165,0.49040181349453277
E3166,0.12153080273802117
E3167,0.18974486621032982
E3168,6.185525824517734
E3169,0.5606098319850653
E317,4.033656191661481
E3170,0.17641568139390168
E3171,0.11290603609209707
E3172,3.1166770379589295
E3173,0.009335940972530892
E3174,0.8954472619788425
E3175,0.050467597119743975
E3176,0.21483509645301804
E3177,0.2799128811449907
E3178,0.022161969952884702
E3179,0.007595341808160726
E318,1.0098817672682014
E3180,0.001107654013690106
E3181,0.07997510889856875
E3182,0.004430616054760424
E3183,0.003481198328740333
E3184,0.006250333362965598
E3185,0.13799626633478532
E3186,0.2728064716863721
E3187,0.28075117788247844
E3188,0.20542626011200996
E3189,0.26736776602364654
E319,0.026859276380122678
E3190,0.05331673926571251
E3191,0.14277802471330786
E3192,0.002215308027380212
E3193,1.1099057694017247
E3194,0.1144741754822651
E3195,0.3648448751000089
E3197,1.0501540285062374
E3198,0.05443328295848521
E3199,0.07594986220997423
E32,0.10192906036092098
E320,0.312059738643435
E3200,0.05330873855453819
E3201,44.896639506845055
E3202,0.33793403858120724
E3203,0.0008960796515245799
E3204,0.7149631078318072
E3205,5.6977236495095855
E3206,2.284491073280588
E3207,0.07056627255756068
E3208,18.31342195602572
E3209,2.9932980709396393
E321,1.172513112276647
E3210,11.204673304293715
E3211,0.8047091000681542
E3212,3.186123210952085
E3213,0.295980087118855
E3214,1.7280896079651524
E3215,5.626577473553205
E3216,0.09016801493466087
E3217,0.2485500933416304
E3218,0.3253889234598631
E3219,0.08546359676415681
E322,0.5629620410703172
E3220,0.043423415414703535
E3221,1.54542626011201
E3222,1.9966770379589296
E3223,0.005933860787625567
E3224,0.004430616054760423
E3225,1.3252030180460486
E3226,0.21552971375233354
E3227,0.1458369632856254
E3228,0.23945458855601978
E3229,0.0036394346164103477
E323,0.8005351586807716
E3230,0.14113254511512136
E3231,0.04048771001866833
E3232,0.05018046048537648
E3233,0.05857409547515334
E3234,0.16028091385900967
E3235,0.37117454884878653
E3236,1.039986665481376
E3237,8.812439327940261
E3238,0.10114499066583696
E3239,0.003402080184905325
E324,0.014399502177971375
E3240,0.02433460752066851
E3241,1.609993777224642
E3242,2.6356129433727444
E3243,2.618195395146235
E3244,4.237934038581208
E3245,0.21640323584318605
E3246,0.18112009956440572
E3247,0.8970496266334784
E3248,5.153410080896079
E3249,0.04469197261978843
E325,0.44186372121966394
E3250,0.3125282247310872
E3251,0.02019112810027558
E3252,0.3273206507245089
E3253,0.09800871188550093
E3254,15.311523024268824
E3255,6.755135928749222
E3256,0.007357987376655703
E3257,0.04945328473642101
E3258,0.17692150413370075
E3259,0.0895350697839808
E326,0.7017423771001867
E3260,0.00261089874655525
E3261,0.3839941328118055
E3262,0.11914481287225533
E3263,0.005300915636945507
E3264,0.44361187661125434
E3265,0.7087990043559427
E3266,0.31441194772868697
E3267,0.32852520224019915
E3268,2.7478719145405517
E3269,1.0879011467686015
E327,0.4524082140634723
E3270,0.009889767979375946
E3271,0.004114143479420393
E3272,0.006329451506800606
E3273,0.09173615432482887
E3274,0.011810827629122589
E3275,0.11369010578718107
E3276,0.18620232909591966
E3277,0.3426384567517113
E3278,0.4116365899191039
E3279,0.41555693839452396
E328,0.028086941061427683
E3280,0.09330429371499689
E3281,0.1685749844430616
E3282,0.5559054138145613
E3283,0.30421904169259495
E3284,0.4823619877322429
E3285,2.005818294959552
E3286,1.0152504667081519
E3287,0.11878389190150236
E3288,0.008465641390345809
E3289,0.042339763534536404
E329,0.48627878033602984
E3290,0.33950217797137516
E3291,0.004747088630100454
E3292,0.055516934838652325
E3293,11.852385656502799
E3294,0.08075917859365277
E3295,0.24933416303671435
E3296,0.0029273713218952798
E3297,0.3699514623522091
E3298,0.01234243043826118
E3299,25.357830567262546
E33,2.457838363410081
E330,0.29637834474175484
E3300,41.8429542095661
E3301,0.30029869321717484
E3302,0.14348475420037338
E3303,0.03457462885589831
E3304,0.24384567517112632
E3305,0.006487687794470619
E3306,1.2343497199751088
E3308,1.1899564405724954
E3309,0.2587429993777225
E331,0.32852520224019915
E3310,0.001424126589030136
E3311,0.05023735443150503
E3312,0.46291314783536314
E3313,0.017089519068361633
E3314,0.12701929060360923
E3315,0.09957685127566895
E3316,0.06978220286247666
E3317,4.8011947728686994
E3318,3.1654810983198507
E3319,0.4586807716241444
E332,0.5065090230242688
E3320,0.00878211396568584
E3321,0.8604939327940262
E3322,0.6586185438705662
E3323,2.7873802115743618
E3324,0.15325273357631788
E3325,0.14113254511512133
E3326,2.7431316116988174
E3327,0.015744510623166508
E3328,1.1141630367143747
E3329,0.4170708507422883
E333,1.0879758200728953
E3330,0.42464159777165383
E3331,1.0318357187305538
E3332,0.34708311849942214
E3333,0.014320384034136368
E3334,7.091821717485999
E3335,0.33634189705751627
E3336,0.039071028535869856
E3338,0.15524846653035826
E3339,0.32382078406969517
E334,5.328276291225886
E3340,0.315980087118855
E3341,0.21248288736776605
E3342,0.001819717308205174
E3343,0.37086496577473554
E3344,5.264449284380834
E3345,0.05527246866388123
E3346,0.07527069072806471
E3347,0.1356440572495333
E3348,0.22640056893946128
E3349,0.7934785314250155
E335,2.1831743932794025
E3350,0.19680149346608586
E3351,0.9448875455596053
E3352,0.009256822828695884
E3353,0.017990043559427505
E3354,0.1290639167926038
E3355,0.036893946128544755
E3356,2.856389901324562
E3357,0.031657036180993865
E3358,0.9118517201529024
E3359,0.11761045426260112
E336,0.24933416303671438
E3360,0.5244492843808339
E3361,0.3031771713041159
E3362,0.00814916881500578
E3363,0.31127566894835096
E3364,0.43264912436661035
E3365,0.023522090852520224
E3366,0.024605742732687348
E3367,1.5349942217085961
E3368,0.09123833229620411
E3369,0.004193261623255401
E337,0.7874859987554449
E3370,0.5941043648324296
E3371,0.022129078140279135
E3372,0.30108276291225883
E3373,0.07027735798737665
E3374,0.005300915636945507
E3375,0.15210952084629742
E3376,0.12276469019468397
E3377,3.294440394701751
E3378,0.09252022401991289
E3379,3.0269105994606926
E338,0.631176104542626
E3380,1.6795002815065043
E3381,0.9676620144012802
E3382,0.9976108098497645
E3383,0.47199751088985686
E3384,0.0517485998755445
E3385,1.1127069072806473
E3386,0.07605476042314872
E3387,0.10898568761667704
E3388,0.29716241443683883
E339,0.36067205973864336
E3390,0.2352209085252022
E3391,1.590879189261268
E3392,0.210130678282514
E3393,0.24227753578095831
E3394,2.6230273802115742
E3395,1.6149408836341008
E3396,5.2254138145612945
E3397,0.05802115743621655
E3398,0.3269570628500312
E3399,19.778695232505516
E34,0.1560298693217175
E340,4.599541292559339
E3400,0.9038195395146236
E3401,0.5057249533291848
E3402,0.03920348475420037
E3403,2.098394523957685
E3404,0.22424393279402616
E3405,1.0281534951254927
E3406,0.25168637212196643
E3407,0.15132545115121343
E3408,0.06638278958129612
E3409,0.008544759534180817
E341,0.5206222775357809
E3410,0.007120632945150682
E3411,0.04232820695172904
E3413,0.12231487243310517
E3414,0.1913130056004978
E3415,0.33779358165170237
E3416,3.6828033602986934
E3417,0.2030740510267579
E3418,1.7795208462974488
E342,0.17484754200373367
E3420,0.3498853231398346
E3421,0.8905413814561295
E3422,17.83835152434425
E3423,0.5180238243399413
E3424,3.5100559012652974
E3425,3.5076104542626014
E3426,0.10444483954129256
E3427,0.35439950217797134
E3428,0.04293626100097786
E3429,0.4806347230864966
E343,0.009968886123210953
E3430,1.5274937772246422
E3431,0.18582451773490977
E3432,0.4257498444306161
E3433,0.315196017423771
E3434,0.104281269446173
E3435,0.2485500933416304
E3436,0.1482025068895013
E3437,0.13015556938394524
E3438,0.07608231842830473
E3439,3.1038627878033607
E344,2.2308987465552494
E3440,0.03606720597386434
E3441,0.18190416925948974
E3442,0.2581687261089875
E3443,0.1701431238332296
E3444,0.13641723708774112
E3445,0.07413014490176906
E3446,0.5033727442439329
E3447,0.22076629033691886
E3448,0.04827362432216198
E3449,0.11993777224642191
E345,0.22738021157436214
E3450,0.7072308649657747
E3451,0.6477901369010578
E3452,0.573018935016446
E3453,0.3226784603075829
E3454,0.40502711352120185
E3455,0.2366645924082141
E3456,0.1184443061605476
E3457,0.04423059827540225
E3458,0.22848253178060274
E3459,0.5987981153880345
E346,0.1144741754822651
E3460,0.03371499688861233
E3461,0.4668654991554805
E3462,0.6935336474353276
E3463,0.22581207218419413
E3464,0.13799626633478532
E3465,0.10976975731176104
E3466,0.47720775180015995
E3467,0.41160369810649833
E3468,0.18190416925948974
E3469,0.2811294337274425
E347,0.317548226509023
E3470,1.7342476664592406
E3471,0.3071188550093341
E3472,0.15524579962663348
E3473,0.11839452395768513
E3474,0.23177437994488398
E3475,0.17719975108898567
E3476,0.08535336474353276
E3477,0.07405902746910838
E3478,0.01764334607520669
E3479,0.2195395146235221
E348,0.010680949417726023
E3480,0.4753364743532759
E3481,1.0787581118321627
E3482,0.5652730242688239
E3483,1.1626971286336563
E3484,4.815233354075918
E3485,13.202856253889236
E3486,0.10036092097075296
E3487,1.3788534091919282
E3488,0.19572406436127654
E3489,0.0636598808783003
E349,1.0937772246421904
E3490,0.10584940883634099
E3491,0.011005422704240377
E3492,0.13768868343852786
E3493,0.0561454351497911
E3494,3.6147693128278067
E3495,0.01297537558894124
E3496,0.7045535158680771
E3497,0.31441194772868697
E3498,0.36067205973864336
E3499,1.3158422970930748
E35,0.03920348475420037
E350,0.7025264467952708
E3500,2.633279402613566
E3501,40.476384567517115
E3502,10.639419920659615
E3503,9.54812161080985
E3504,0.009494177260200907
E3505,1.1900798330221944
E3507,4.334262601120099
E3508,0.3904667081518357
E3509,0.0007840696950840075
E351,0.1897448662103298
E3510,0.09125077784691972
E3511,0.0045097341985954305
E3512,0.014715974753311408
E3513,0.11996266334785316
E3515,35.185118621655256
E3516,72.85593730553826
E3517,2.0675357809583073
E3518,0.3600186683260734
E3519,23.729151404367258
E352,1.0067454884878655
E3520,37.921497355320476
E3521,0.4518178282514001
E3522,0.6654527069072806
E3523,1.3056316116988178
E3524,0.025001333451862385
E3525,0.012184194150591165
E3526,0.4563285625388923
E3527,1.578133167392657
E3528,0.47189172370877414
E3529,0.0020570717397101965
E353,0.28461729931549473
E3530,0.011472130856076096
E3531,0.012896257445106231
E3532,0.2719308382967375
E3533,0.02144101697928705
E3534,0.6412033291848164
E3535,0.05182238421192996
E3536,2.530485376477909
E3537,0.3508221841941506
E3538,0.7013781965804368
E3539,0.006487687794470619
E354,0.17641568139390168
E3540,0.5957293981687262
E3541,4.959380056004978
E3542,2.442630456040537
E3543,3.916034314161259
E3544,2.8179307790322103
E3545,2.5010757622899815
E3546,0.03371499688861232
E3547,0.19209707529558182
E3548,0.12388301182327317
E3549,0.5864841319228375
E355,3.291329340385812
E3550,6.1153453640323585
E3551,0.27988679734494915
E3552,2.316942543040863
E3553,4.856965813627879
E3554,0.11839452395768513
E3555,0.17798382078406969
E3556,0.16151835718730553
E3557,0.5221904169259489
E3558,0.7911263223397634
E3559,0.2955942750466708
E356,2.3865071043352
E3560,0.315980087118855
E3561,0.34891101431238336
E3562,0.7244803982576229
E3563,0.41605942750466707
E3564,3.0944243932794024
E3565,0.18425637834474176
E3566,0.20355942750466707
E3567,1.9852457996266335
E3568,1.7688612321095207
E3569,0.35361543248288735
E357,0.35361543248288735
E3570,2.539354609298604
E3571,0.006092097075295583
E3572,0.1356440572495333
E3573,0.09016801493466084
E3574,0.061157436216552584
E3575,0.11917859365276914
E3576,1.0389110143123832
E3577,0.936048537647791
E3578,1.7216739265712508
E3579,0.2262974486621033
E358,3.112845364032358
E3580,0.9025718447700403
E3581,1.8038563427860252
E3582,2.0122974486621032
E3583,0.1364281269446173
E3584,0.08781580584940885
E3585,0.23208462974486624
E3586,6.57554097485433
E3587,1.3474984443061608
E3588,2.550989421281892
E3589,0.009573295404035917
E359,0.0344955107120633
E3590,1.5015486932171749
E3591,0.01621921948617655
E3592,0.09055460485376478
E3593,0.20768423859898658
E3594,2.229047915370255
E3595,0.8400731176104542
E3596,0.745021424126589
E3597,0.4547604231487243
E3598,0.002373544315050227
E3599,0.012105076006756157
E36,5.561630367143746
E360,7.902198417637123
E3600,0.2979464841319228
E3601,0.7487779654487807
E3602,0.043673215396924175
E3603,0.009177704684860876
E3604,0.24541381456129432
E3605,1.7448146501911281
E3606,0.45900524491065875
E3607,0.020096008534091922
E3608,0.007357987376655704
E3609,0.010680949417726023
E361,0.26593474975553383
E3610,0.427078436601772
E3611,0.05018046048537648
E3612,0.36597552375025927
E3613,2.3505787181082765
E3614,0.020728953684771984
E3615,0.019700417814916882
E3616,0.011946839719086142
E3617,1.9424984443061608
E3618,0.35753578095830735
E3619,0.27599253266957063
E362,1.6120464445324432
E3620,0.011946839719086142
E3621,8.753596764156814
E3622,0.018379589296826385
E3623,0.012738021157436217
E3624,6.430097490147272
E3625,1.9163285625388924
E3626,0.08624766645924081
E3627,1.639099475508934
E3628,1.4812196639701305
E3629,0.1560231131656147
E363,4.763886688917803
E3630,0.0077535780958307415
E3631,0.007357987376655704
E3632,0.7791412570006224
E3633,2.1972629789314606
E3634,0.25940283580762735
E3636,1.6967081518357185
E3637,0.3669446172993155
E3638,0.5872682016179216
E3639,0.17406347230864969
E364,25.20130678282514
E3640,0.3214685749844431
E3641,0.02396035203129167
E3642,0.1568032714019024
E3643,0.0657960707618455
E3644,0.10761045426260113
E3645,0.3473428749222153
E3646,0.006645924082140635
E3647,0.010997421993066052
E3648,0.11043381633923015
E3649,0.005459151924615522
E365,2.3521622199751087
E3650,0.2847746466352565
E3651,0.024960440928082493
E3652,0.07448573206507246
E3653,0.5535532047293092
E3654,0.207778469197262
E3655,0.4702144783239992
E3656,0.16857498444306163
E3657,0.11055382700684503
E3658,0.24541381456129432
E3659,0.08389545737398879
E366,0.8423148724331051
E3660,0.11761045426260112
E3661,0.057617566005867184
E3662,0.43562094408391855
E3663,0.35007078406969505
E3664,2.6946741932616236
E3665,1.4363573428749223
E3666,0.05050736361750675
E3668,2.6886372121966393
E3669,3.0258813005600493
E367,10.05191613749505
E3670,2.0751516801493466
E3671,0.3304249266601476
E3672,0.03156369455062672
E3673,0.10511423237621122
E3674,1.142389545737399
E3675,0.009019468397190861
E3676,9.175332918481644
E3677,7.190087118855009
E3678,6.22317983820784
E3679,1.3445208462974487
E368,2.0075171126322338
E3680,6.295183571873055
E3681,0.014399502177971377
E3682,1.1410827629122589
E3683,0.2588132278424749
E3684,0.0334669748422082
E3685,0.31755056004978216
E3686,0.05233976353453641
E3687,0.008228286958840786
E3688,0.2805947195306249
E3689,0.25075828962574453
E369,3.6410426389753168
E3690,0.004747088630100454
E3691,1.9297360128981162
E3692,0.6167899368832785
E3693,8.064418170504045
E3694,0.2195395146235221
E3695,0.19993777224642187
E3696,0.20621032980709397
E3697,0.09957685127566895
E3698,0.2854013690105787
E3699,0.36616054760423156
E37,0.15916614810205354
E370,2.182999377722464
E3700,0.533951462352209
E3701,0.09173615432482889
E3702,2.1216295892968264
E3703,0.10426082318428305
E3704,0.015823628767001514
E3705,0.211698817672682
E3706,0.01653569206151658
E3707,1.2393504978220287
E3708,0.0729184816428127
E3709,0.15367766023646548
E371,3.2174299937772246
E3710,2.9972370877411327
E3711,0.016614810205351587
E3712,0.9476042314872433
E3713,0.26736776602364654
E3714,5.074947106409459
E3715,0.6511218775002222
E3716,0.7458486309894213
E3717,0.005380033780780515
E3718,3.7263643434972
E3719,0.03431149435505378
E372,3.1896989732420655
E3720,0.20777846919726198
E3721,0.36537647790914746
E3722,3.074505289359054
E3723,1.7329283343704625
E3724,0.8043630544937328
E3725,0.5911885500933416
E3726,0.4440190239132368
E3727,0.006883278513645658
E3728,0.18268823895457373
E3729,0.420261356565028
E373,9.234420203513041
E3730,0.3908774113254511
E3731,0.34089252377989154
E3732,0.2924579962663348
E3733,0.25403858120721845
E3734,0.16779091474797764
E3735,0.2830491599253267
E3736,2.9624393279402614
E3737,5.404903158058494
E3738,0.06057338430082674
E3739,0.3246048537647791
E374,5.928842174859988
E3740,2.456359676415681
E3741,4.200914747977597
E3742,0.022073962129967113
E3743,0.20643523868788335
E3744,0.478614099031025
E3745,0.007911814383500757
E3746,0.4337576673482087
E3747,0.07427729872284944
E3748,0.28801493466085876
E3749,0.5816358120721843
E375,13.622409380833853
E3750,2.294957996266335
E3751,0.0744866210329807
E3752,0.2595270690728065
E3754,0.03504489287936706
E3755,0.4824673304293715
E3756,0.11245444039470176
E3757,0.018434527513556762
E3758,0.18033602986932173
E3759,0.6583198506533915
E376,2.754399502177971
E3760,0.050635612054404845
E3761,0.20184638634545293
E3762,6.630168014934661
E3763,0.012263312294426173
E3764,1.8213939016801493
E3765,0.13301537914481287
E3766,3.3415556938394526
E3767,1.2002986932171749
E3768,0.1372121966397013
E3769,0.9463347853142502
E377,4.150297508768457
E3770,2.345264467952707
E3771,3.168164281269446
E3772,0.0511894390612499
E3773,1.2549222153080273
E3774,0.42505022668681663
E3775,2.210882745132901
E3776,4.5789296826384565
E3777,1.273988799004356
E3778,0.1599502177971375
E3779,0.19052893590541387
E378,0.35361543248288735
E3780,0.19518001600142235
E3781,0.24933416303671438
E3782,0.008861232109520847
E3783,0.005459151924615522
E3784,0.4500560049782203
E3785,0.1965401369010579
E3786,0.22941861498799895
E3787,1.3886434349719976
E3789,0.007278869232820696
E379,2.2093676104542626
E3790,1.4178967019290603
E3791,3.0858742999377724
E3792,0.008070050671170772
E3793,0.5479287047737577
E3794,3.6493759445284026
E3795,6.479005911636589
E3796,0.24933416303671435
E3797,0.2836020979642635
E3798,0.6667792692683794
E3799,3.0446048537647794
E38,0.17719975108898567
E380,1.3627131300560051
E3800,0.3521166325895635
E3801,1.7712142190416926
E3802,0.14145346253000265
E3803,0.03615023557649569
E3804,0.037027291314783536
E3805,0.1431647257534003
E3806,0.008307405102675794
E3807,14.936149074362167
E3808,0.0984914214596853
E3809,2.345264467952707
E381,0.27364032358431856
E3810,0.3509645301804605
E3811,2.2835469819539513
E3812,0.1372121966397013
E3813,0.012105076006756157
E3814,0.5042919370610721
E3815,0.3669446172993155
E3816,0.24614721308560758
E3817,0.8237958929682638
E3818,0.008465641390345809
E3819,0.17955196017423772
E382,2.30934660858743
E3820,0.17406347230864969
E3821,0.6727317983820784
E3822,0.18425637834474176
E3823,5.187947456440573
E3824,0.9566210329807096
E3825,1.676658369632856
E3826,0.10584940883634102
E3827,2.396695706285003
E3828,0.19592141523690995
E3829,0.0156653924793315
E383,6.889084863098942
E3830,0.10282425104453728
E3831,0.16771179660414262
E3832,0.014162147746466356
E3833,0.2710134234154147
E3834,0.19993777224642192
E3835,0.016219219486176547
E3836,0.04939639079029247
E3837,0.6852769135034226
E3838,0.09722464219041693
E384,0.7714685749844431
E3840,0.16308649657747357
E3841,0.0517485998755445
E3842,0.09252022401991289
E3843,0.34276524579962664
E3844,0.20385812072184192
E3845,0.36537647790914746
E3846,0.10271313005600498
E3847,0.08624766645924084
E3848,0.4053640323584318
E3849,2.5715619166148103
E385,6.624343497199751
E3850,5.143254511512134
E3851,2.3246919726197888
E3852,2.417268201617922
E3853,0.5896204107031736
E3854,0.030935194239487956
E3855,0.2767766023646547
E3856,0.17719975108898567
E3857,0.03276083800041485
E3858,0.555457373988799
E3859,2.952153080273802
E386,0.26673304293714994
E3860,4.87568139390168
E3861,0.28775357809583074
E3862,0.006566805938305628
E3863,0.002373544315050227
E3864,0.03845408480753845
E3865,0.025317806027202416
E3866,0.012817139301271225
E3867,0.006566805938305627
E3868,0.048612321095208466
E3869,0.27108509645301804
E387,3.1475917859365277
E3870,0.7645911043944646
E3871,0.06140101342341542
E3872,0.1489732420659614
E3873,0.5610337585563162
E3874,0.018197173082051737
E3875,0.001977953595875189
E3876,2.3349293196432273
E3877,0.32774113254511517
E3878,0.04136901057871811
E3879,0.014227931371677481
E388,4.230556195904282
E3880,0.0024526624588852345
E3881,0.4469197261978843
E3882,0.06613038195987792
E3883,0.12134056360565385
E3884,0.2297324206596142
E3885,0.24571914540551754
E3886,3.4534909769757314
E3887,0.2932420659614188
E3888,0.05751889056805049
E3889,0.17798382078406969
E389,1.2661418792781578
E3890,0.008228286958840786
E3891,0.010443594986221
E3892,1.2730351142323764
E3893,2.475156606513172
E3894,0.16457996266334787
E3895,0.08228998133167394
E3896,0.10820161792159302
E3897,1.1298444306160549
E3898,0.907162414436839
E3899,0.007595341808160726
E39,0.31911636589919107
E390,4.150357809583074
E3900,0.08389545737398882
E3901,0.1568139390168015
E3902,1.3769135034225266
E3903,1.4727372433105164
E3904,0.009408836341008088
E3905,0.7817548226509022
E3906,0.11212196639701308
E3907,0.23514801315672504
E3908,0.001568139390168015
E3909,0.32990665836963284
E391,9.118193644990665
E3910,0.09957685127566895
E3911,0.105065339141257
E3912,0.03293092719352831
E3913,1.262352209085252
E3914,0.3347977598008712
E3915,0.6562663347853142
E3916,0.49082762912258865
E3917,0.451956618366077
E3918,5.040261356565028
E3919,4.395989368246874
E392,1.0812321095208464
E3920,4.112176415681394
E3921,4.044527294176991
E3922,0.8191448128722554
E3923,0.2908898568761668
E3924,0.060373366521468574
E3925,0.06178238065605832
E3926,0.1693590541381456
E3927,0.2837087741132545
E3928,0.018313627878033607
E3929,0.0094150591163659
E393,0.09800871188550093
E3930,0.2305164903546982
E3931,0.30892345986309894
E3932,0.00814916881500578
E3933,0.0628865380626426
E3934,11.125127566894836
E3935,0.1373242065961419
E3936,0.015823628767001514
E3937,0.13488843452751356
E3938,0.3208330740510268
E3939,0.5544208374077696
E394,0.14348475420037338
E3940,0.2164032358431861
E3941,0.005300915636945507
E3942,0.9131055204907104
E3943,0.3598879900435594
E3944,0.003164725753400303
E3945,1.1731203958870418
E3946,1.6355133789670195
E3947,3.3072121966397017
E3948,3.8103624766645923
E3949,0.03187305538270068
E395,0.230545352179453
E3950,0.009652413547870923
E3951,2.7305040448039826
E3952,0.08594541737043293
E3953,0.02175748955462708
E3954,3.1771048537647792
E3956,12.15523179838208
E3957,1.0619503955907192
E3958,2.3467694906213885
E3959,0.41439505733843
E396,1.3020216241443685
E3960,3.6549331051649037
E3961,0.019601742377100186
E3962,1.3319788425637835
E3963,3.096160547604232
E3964,0.24541381456129438
E3965,0.11360032002844699
E3966,0.010127122410880969
E3967,0.017010400924526624
E3968,2.1086807716241442
E3969,0.008940350253355855
E397,0.36851275668948347
E3970,0.1952182416214775
E3971,1.7286994399502178
E3972,0.7103671437461108
E3973,1.9413355631611697
E3974,0.003955907191750378
E3975,0.8369330607165081
E3976,0.34107031736154325
E3977,3.453459863098942
E3978,0.10820161792159302
E3979,0.30892345986309894
E398,0.4296701929060361
E3980,0.104281269446173
E3981,2.4182226197884256
E3982,5.89207218419415
E3983,0.15433371855276026
E3984,5.511288114499067
E3985,0.5418116054760423
E3986,0.547818139390168
E3987,0.12035292025957864
E3988,0.5167019290603609
E3989,0.8899191039203486
E399,0.20621032980709397
E3990,0.11846475242243754
E3991,0.0533682994043915
E3992,0.8023273179838208
E3993,0.19288114499066583
E3994,7.539819539514622
E3995,0.1198782113965686
E3996,0.9257622899813317
E3997,17.784922215308026
E3998,1.3445208462974487
E3999,0.10097464219041694
E4,0.11447417548226507
E40,1.0012570006222776
E400,1.781884611965508
E4000,0.6891785936527691
E4001,0.48433105164903545
E4002,0.24306160547604233
E4003,0.5053889234598631
E4004,0.18112009956440572
E4005,0.06350964530180461
E4006,0.23848265030965715
E4007,0.05079384834207486
E4008,0.17448428749222153
E4009,0.07071650813405636
E401,0.523758556316117
E4010,0.614384389723531
E4011,0.16073428749222154
E4012,0.0058547426437905595
E4013,0.3253889234598631
E4014,0.527678904791537
E4015,0.05723708774113255
E4017,1.5429371499688862
E4018,0.014897324206596143
E4019,0.05331673926571251
E402,0.17798382078406969
E4020,3.4356067205973866
E4021,0.020572495332918484
E4022,0.24541381456129432
E4023,0.04240732509556405
E4024,0.6017571561916615
E4025,0.2279909325273358
E4026,0.7001742377100187
E4027,0.1372121966397013
E4028,0.12466708151835718
E4029,0.4320224019912881
E403,0.4896986398791003
E4030,3.3072726464574633
E4031,0.1152582451773491
E4032,0.11604231487243312
E4033,0.1242252644679527
E4034,0.5143168281625035
E4035,5.40005600497822
E4036,0.8434723086496576
E4037,0.46288114499066585
E4038,0.09879278158058494
E4039,1.4575082229531513
E404,0.27166381456129435
E4040,1.5812829571382776
E4041,0.10663347853142502
E4042,0.47749844430616056
E4043,0.01748510978753667
E4044,0.041555693839452394
E4045,0.20228998133167392
E4046,0.03920348475420037
E4047,0.10036092097075296
E4048,1.2837461107654013
E4049,0.022786025424482177
E405,0.11839452395768514
E4050,0.22032358431860607
E4051,0.020385812072184192
E4052,0.017010400924526624
E4053,0.0146368566094764
E4054,5.912426882389546
E4055,5.221630367143746
E4056,3.7647666459240825
E4057,17.09995157902925
E4058,0.3032283980798293
E4059,3.2401680149346603
E406,0.3999567368951314
E4060,0.009968886123210953
E4061,1.9153923682105076
E4062,1.5532233976353451
E4063,0.9051897946484131
E4064,0.27373372447921296
E4065,0.021361898835452045
E4066,0.013133611876611254
E4067,0.004272379767090408
E4068,0.008623877678015824
E4069,3.3235104231487247
E407,0.42594275046670815
E4070,2.309625855631612
E4071,1.1760947639790205
E4072,0.35355036003200285
E4073,3.8860983198506536
E4074,0.4102115743621655
E4075,0.2509023024268824
E4076,0.008940350253355853
E4077,0.010285358698550982
E4078,0.15326251222330875
E4079,0.03282727353542537
E408,0.9612694461729931
E4080,0.004272379767090408
E4081,0.45107565116899284
E4082,4.766546359676416
E4083,2.478985687616677
E4084,0.023522090852520224
E4085,0.009889767979375946
E4086,1.6776104542626011
E4087,0.17641568139390168
E4088,0.19601742377100187
E4089,1.028624766645924
E409,0.25168637212196643
E4090,0.0517485998755445
E4091,0.08781580584940885
E4092,0.25795892968263845
E4093,0.38437550004444837
E4094,0.2014081251666815
E4095,0.936048537647791
E4096,0.07179482620677394
E4097,0.28226509023024265
E4098,2.55574051026758
E4099,0.10976975731176104
E41,0.2015059116365899
E410,0.16451595697395324
E4100,0.15838207840696952
E4101,1.5302053515868077
E4102,0.1466210329807094
E4103,0.10584940883634102
E4104,0.5992683201469761
E4105,1.61156191661481
E4106,3.38417548226509
E4107,5.228789670192906
E4108,1.0250155569383945
E4109,0.03204284825317806
E411,1.0945612943372744
E4110,0.596602364654636
E4111,1.0114499066583698
E4112,0.35753578095830735
E4113,0.15446172993154947
E4114,16.68115223289208
E4115,0.4774984443061605
E4116,0.3583198506533914
E4117,0.2595270690728065
E4118,0.4712258867454885
E4119,3.947185555382701
E412,0.4971001866832608
E4120,6.243533602986931
E4121,2.8295951306782827
E4122,0.018751000088896793
E4123,0.045476042314872435
E4124,0.014113254511512133
E4125,1.0499222153080274
E4126,1.9818668326073428
E4127,0.08781580584940885
E4128,12.32138601949803
E4129,2.0263907902924703
E413,6.696403235843185
E4130,0.14697128633656326
E4131,0.18739265712507777
E4132,15.31312383322962
E4133,0.09565650280024891
E4134,0.03853053604764868
E4135,3.256950840074673
E4136,4.705164903546982
E4137,0.10036092097075296
E4138,0.02120366254778203
E4139,0.025159569739532407
E414,1.9133906347230865
E4140,0.7624757756245
E4141,0.5990292470441817
E4142,0.45962841141434796
E4143,0.05244555071561917
E4144,0.31754822650902303
E4145,0.010839185705396038
E4146,0.08948262067739356
E4147,0.103497199751089
E4148,0.054884878655880515
E4149,0.35439950217797134
E415,16.285986309894213
E4150,0.0032438438972353096
E4151,0.35675171126322336
E4152,0.25874299937772244
E4153,0.5053231398346519
E4154,0.09285180904969331
E4155,2.125612943372744
E4156,0.028226509023024267
E4157,0.4556755044892879
E4158,0.9242590452484664
E4159,0.03528313627878034
E416,1.2370744066139212
E4160,0.1474051026757934
E4161,0.03061872166414793
E4162,3.3121717485998756
E4163,0.5692345986309895
E4164,0.15524579962663348
E4165,0.37321717485998757
E4166,1.0256173882122857
E4167,0.0066459240821406355
E4168,1.1212009956440572
E4169,1.0803173615432482
E417,1.187455773846564
E4170,0.6891972619788426
E4171,0.008940350253355853
E4172,1.2137772246421903
E4173,3.967118855009334
E4174,3.5782796618958725
E4175,0.009335940972530892
E4176,0.14583696328562537
E4177,13.459929799315493
E4178,0.023260734287492223
E4179,0.46306782825140014
E418,0.2705040448039826
E4180,0.28659169703973686
E4181,0.13198506533914123
E4182,1.4943279402613565
E4183,0.4069321717485999
E4184,0.10626188994577296
E4185,0.05410080896079651
E4186,0.03754111476575696
E4187,0.001424126589030136
E4188,0.010760067561561028
E4189,0.007357987376655704
E419,0.6722604231487245
E4190,0.06725042225975643
E4191,0.008386523246510801
E4192,1.5943683883011823
E4193,0.011946839719086142
E4194,1.1808805227131303
E4195,0.01076006756156103
E4196,1.0949898879900437
E4197,18.4226695706285
E4198,0.18582451773490977
E4199,0.25403858120721845
E42,0.2524704418170504
E420,0.31127566894835096
E4200,0.16863632322873146
E4201,0.016140101342341544
E4202,0.014795092897146414
E4203,0.5802598008711886
E4204,4.947685127566895
E4205,0.1481891723708774
E4206,0.43664236821050767
E4207,3.0176717930482706
E4208,0.12388301182327319
E4209,0.09252022401991286
E421,1.1423024268823896
E4210,0.8689607965152458
E4211,0.29951462352209085
E4212,0.014636856609476398
E4213,1.6912517501555695
E4215,2.573053827006845
E4216,5.2102823584318605
E4217,0.36500311138767894
E4218,2.0215556938394523
E4219,0.04224908880789405
E422,0.060373366521468574
E4220,0.009256822828695884
E4221,0.09565650280024891
E4222,0.08703173615432482
E4223,0.2179775980087119
E4225,0.055668948350964524
E4226,0.26109520846297446
E4227,0.0033229620410703173
E4228,0.11290603609209707
E4229,0.9616428126944618
E423,1.1695805330844224
E4230,3.5615930304915997
E4231,0.05229709307494
E4232,2.4069819539514627
E4233,0.23678904791537028
E4234,0.10528935905413814
E4235,1.0800560049782204
E4236,1.3066039203484754
E4237,0.07762289981331674
E4238,0.07135034225264468
E4239,3.0700435594275044
E424,0.023577206862832253
E4240,3.2139631300560048
E4241,44.31315494710641
E4242,0.2963783447417548
E4243,0.24933416303671438
E4244,0.4887367766023647
E4245,0.7580833851897947
E4246,0.6738518979464841
E4247,0.10037958929682637
E4248,0.2665040448039826
E4249,0.1474051026757934
E425,1.2985545381811716
E4250,0.11985154235932084
E4251,3.7656584650958873
E4252,0.00814916881500578
E4253,3.1064467952706902
E4254,0.07997510889856876
E4255,0.5637461107654014
E4256,9.998553399191039
E4257,0.23600497822028624
E4258,1.2707980709396391
E4259,0.06350964530180461
E426,0.6327030180460486
E4260,0.0650777846919726
E4261,0.2154529291492577
E4262,0.08546359676415681
E4263,0.022738021157436217
E4264,0.10192906036092098
E4265,0.4641692594897325
E4266,0.08389545737398882
E4267,2.429607965152458
E4268,0.17171126322339764
E4269,0.015190683616321452
E427,0.0744866210329807
E4270,0.19142412658903016
E4271,0.5342874922215307
E4272,0.006883278513645658
E4273,0.04718440157643643
E4274,0.4273179838207841
E4275,14.562333540759177
E4276,0.8984691972619788
E4277,1.7486621032980711
E4278,0.024289270157347317
E4279,3.371891723708774
E428,3.785488487865588
E4280,0.06704684860876522
E4281,1.1133540759178595
E4282,0.07157969597297538
E4283,0.010206240554715975
E4284,0.635409369721753
E4285,0.19209707529558182
E4286,0.9372821880463448
E4287,0.9699365276913503
E4288,0.02895724064361277
E4289,0.25581207218419416
E429,0.16230242688238955
E4290,0.28821009274898507
E4291,0.002373544315050227
E4292,0.9074548848786559
E4293,0.09497910925415591
E4294,0.1738874566628145
E4295,0.027952706907280644
E4296,0.7527069072806472
E4297,0.0058547426437905595
E4298,0.00783269623966575
E4299,15.33284147479776
E43,0.39125077784691975
E430,0.4288861232109521
E4300,0.1820019557293982
E4301,0.037289536847719795
E4302,0.14348475420037338
E4303,0.24462974486621036
E4304,0.04287136634367499
E4305,0.19654013690105784
E4306,11.895102675793405
E4307,0.015111565472486444
E4308,0.004114143479420393
E4309,0.15524579962663348
E431,0.21685038670104007
E4310,1.6972308649657748
E4311,1.2960672059738645
E4312,0.7303013601208996
E4313,0.021203662547782026
E4314,0.013370966308116277
E4315,0.0016054760423148725
E4316,2.0440292470441817
E4317,0.01629833763001156
E4318,10.612909058582986
E4319,0.46368477197973157
E432,0.319116365899191
E4321,1.2378967019290605
E4322,0.08389545737398882
E4323,0.007357987376655703
E4324,0.757334874211041
E4325,0.3930802738021158
E4326,4.610295137345542
E4327,0.19809760867632678
E4328,2.2321344119477287
E433,2.880149346608587
E4330,0.004984443061605477
E4331,0.309707529558183
E4332,0.041555693839452394
E4333,2.227900591163659
E4334,0.7194239487954485
E4335,0.5041241443683883
E4336,0.016465463596764155
E4337,0.6838830118232732
E4339,0.039400835629833764
E434,0.20072184194150594
E4340,0.10663347853142502
E4341,0.037216641479242606
E4342,0.5816490354698195
E4343,0.43437461107654013
E4344,0.046917059294159486
E4345,0.07213441194772868
E4346,0.20934660858743
E4347,0.43682353987021066
E4348,1.137125077784692
E4349,22.11076540136901
E435,1.8428329184816428
E4350,0.05410080896079651
E4351,0.6490790292470442
E4352,6.233130056004979
E4353,0.17406347230864969
E4354,0.2532545115121344
E4355,0.0020570717397101965
E4356,0.007437105520490711
E4357,0.0044057249533291844
E4358,1.1404278158058494
E4359,0.7931798382078407
E436,0.659267268201618
E4360,0.047978486976620154
E4361,4.353079858950425
E4362,1.9092470441817053
E4363,0.10898568761667704
E4364,0.1575980087118855
E4365,0.16319761756600587
E4366,1.4496132989599075
E4367,0.33013601208996357
E4368,0.2344368388301182
E4369,0.07683883011823274
E437,0.532383322962041
E4370,0.315980087118855
E4371,0.014320384034136368
E4372,0.0028749222153080273
E4373,1.5120784069695083
E4374,0.9620278469197262
E4375,0.2610952084629745
E4376,0.038620321806382786
E4377,0.006645924082140635
E4378,0.14034847542003734
E4379,0.17406347230864969
E438,0.10976975731176103
E4380,0.15759800871188548
E4381,0.09565650280024891
E4383,0.006962396657480666
E4384,0.0071997510889856885
E4385,0.2995146235220909
E4386,1.4829371499688861
E4387,4.125436372121967
E4388,2.832870477375767
E4389,1.2618004563368597
E439,1.0723273179838209
E4390,0.008623877678015824
E4391,0.7580833851897947
E4392,0.0066459240821406355
E4393,0.04974753311405458
E4394,0.03800871188550094
E4395,0.852283758556316
E4396,0.0015823628767001514
E4397,0.2571748599875544
E4398,0.08125433371855277
E4399,0.004430616054760424
E44,0.49676060094230595
E440,0.6468574984443062
E4400,0.02436838830118233
E4401,0.01890923637656681
E4402,0.03987554449284381
E4403,0.08794381722819807
E4404,1.4995368477197974
E4405,4.224124922215308
E4406,0.014162147746466356
E4407,0.201100542270424
E4408,1.5770584051915728
E441,0.25482265090230244
E4410,0.35336029869321717
E4411,0.002848253178060272
E4412,0.07770112898924349
E4413,0.07482353987021069
E4414,0.03221086318783892
E4415,0.008465641390345809
E4416,1.0633122944261713
E4417,0.08970486265445819
E4418,0.008544759534180817
E4419,0.006329451506800606
E442,1.0853764779091473
E4420,8.862821458203692
E4421,1.5912321095208464
E4422,0.1701431238332296
E4423,0.6756300560049782
E4424,0.36142145968530537
E4425,0.03169259489732421
E4426,0.6451720597386434
E4427,0.22345986309894214
E4428,0.24280024891101432
E4429,0.0966983731887279
E443,15.141774640069016
E4430,0.2814810205351587
E4431,0.03584051915725843
E4432,0.02741310338696773
E4433,3.4288645179234787
E4434,0.103497199751089
E4435,0.08859987554449283
E4436,0.2059871988621211
E4437,0.024802204640412485
E4438,0.11369010578718107
E4439,0.012896257445106233
E444,2.3176531247221974
E4440,0.2195172904258156
E4441,0.22581207218419413
E4442,0.354126589030136
E4443,0.20621032980709397
E4444,4.102677571339675
E4446,0.39106409458618546
E4447,0.403449195484043
E4448,0.8000855631611699
E4449,0.10192906036092098
E445,0.4578967019290604
E4450,0.15054138145612941
E4451,0.04772690905858299
E4452,0.14034847542003734
E4453,0.15524579962663348
E4454,0.1489732420659614
E4455,1.5512632233976353
E4456,0.014715974753311408
E4457,0.9566210329807093
E4458,0.041299671081873955
E4459,0.3065712507778469
E446,0.12730553827006846
E4460,0.18739265712507777
E4461,0.6656751711263224
E4462,0.02761223219841764
E4463,0.001819717308205174
E4464,0.8388433416303671
E4465,0.013845675171126323
E4466,0.008070050671170772
E4467,3.2370618777224647
E4468,0.4913503422526446
E4469,0.4147728686994399
E447,0.05143123833229621
E4470,3.888201617921593
E4471,0.23861765490265804
E4472,1.782190416925949
E4473,2.1198257622899814
E4474,0.3902559116365899
E4475,3.214486621032981
E4476,0.05317183749666638
E4477,3.9530816350342257
E4478,0.038785669837318876
E4479,7.138655880522713
E448,0.8929705973864344
E4480,0.517485998755445
E4481,3.624590074673304
E4482,0.00617121521913059
E4483,0.07496755267134857
E4484,0.007437105520490711
E4485,0.00783269623966575
E4486,3.3411823273179837
E4487,0.1727964707974042
E4488,16.850983198506533
E4489,0.23952618010489823
E449,0.4469197261978843
E4490,5.025259023024269
E4491,0.13347331614662042
E4492,0.5759205262690017
E4493,0.4912951151213441
E4494,0.0744866210329807
E4495,0.5423335407591786
E4496,0.06535158680771624
E4497,2.4173242065961418
E4498,10.533117610454264
E4499,5.879948662103298
E45,1.2688736776602365
E450,0.18425637834474176
E4501,1.1393307687956098
E4502,2.446972827214271
E4503,0.005063561205440484
E4504,1.4745124011023203
E4505,1.316639701306783
E4506,1.614436838830118
E4507,2.8666077577266127
E4508,0.046465463596764164
E4509,0.008386523246510801
E451,1.5012801137878924
E4510,0.1466210329807094
E4511,0.2840945861854387
E4512,0.5584451951284559
E4513,1.9469490621388568
E4514,0.3057871810827629
E4515,0.6594026135656502
E4516,0.4659809760867633
E4517,0.6147106409458618
E4518,0.01202595786292115
E4519,0.8499315494710642
E452,1.3385969586185438
E4520,0.007840696950840076
E4521,0.07248911014312384
E4522,0.05174859987554449
E4523,0.038699439950217795
E4524,0.9987741132545115
E4525,0.004667970486265446
E4526,0.8023273179838208
E4527,1.7478033602986933
E4528,1.8823833229620412
E4529,1.717803360298693
E453,0.7566272557560673
E4530,2.7829643746110766
E4531,0.10528935905413814
E4532,0.2187554449284381
E4533,1.110914747977598
E4534,1.9614981331673926
E4535,0.08624766645924084
E4536,1.2933829970071413
E4537,0.81261356565028
E4538,0.126499244377278
E4539,0.19993777224642192
E454,0.16308649657747354
E4540,0.22502800248911015
E4541,0.2799128811449907
E4542,0.206994399502178
E4543,0.24698195395146233
E4544,0.22345986309894214
E4545,0.5966023646546359
E4546,0.19601742377100187
E4547,0.49748244288381194
E4548,0.024684860876522354
E4549,0.056885945417370444
E455,0.010127122410880969
E4550,0.15054138145612941
E4551,0.2932420659614188
E4552,0.02308294070584052
E4553,0.420261356565028
E4555,0.010601831273891015
E4557,0.46807016179215927
E4558,0.019601742377100186
E4559,2.4274424393279403
E456,0.7949159925326696
E4560,0.32617299315494713
E4561,0.2728562538892346
E4562,0.12701929060360923
E4563,0.7746608587429994
E4564,0.2642314872433105
E4565,0.29873055382700686
E4566,9.453061605476043
E4567,0.17641568139390168
E4568,0.09226935727620232
E4569,22.464491217401143
E457,0.21561916614810206
E4570,0.21348783595578866
E4571,0.8740821406347231
E4572,0.007357987376655704
E4573,3.2747746466352563
E4574,0.018038936794381722
E4575,0.015190683616321452
E4576,0.007911814383500757
E4577,1.130292470441817
E4578,0.42245177349097707
E4579,0.8364952143894272
E458,0.1544617299315495
E4580,0.2697590896968619
E4581,0.040821406347230874
E4582,0.019621299671081876
E4583,0.011630367143746111
E4584,0.015796070761845495
E4585,0.017643346075206685
E4586,0.46110232020624053
E4587,0.013370966308116277
E4588,0.2807751800160014
E4589,4.744088363410081
E459,0.02195395146235221
E4590,0.12449284380833853
E4591,1.2519139479064805
E4592,0.09620499599964442
E4593,0.20572495332918483
E4594,0.5403072495332919
E4595,0.02175748955462708
E4596,3.948110943194951
E4597,0.0058547426437905595
E4598,0.40694183186653626
E4599,0.16665836963285624
E46,0.9587981153880344
E460,0.9471561916614811
E4600,0.08781580584940885
E4601,0.21718730553827006
E4602,0.05007911814383501
E4603,0.06821406347230866
E4604,0.6409037840400629
E4605,0.1575980087118855
E4606,0.06384834207485111
E4607,0.6451047500518565
E4608,0.013845675171126323
E4609,1.7911307671793049
E461,2.1086807716241442
E4610,0.3896826384567517
E4611,1.4537194417281534
E4612,0.007437105520490711
E4613,0.3006845052893591
E4615,0.09173615432482887
E4617,0.36694461729931555
E4618,0.06030313805671616
E4619,19.327859365276915
E462,0.5410809849764423
E4620,0.2320846297448662
E4621,7.3759863098942136
E4623,0.005380033780780515
E4624,0.4508400746733043
E4625,1.830952084629745
E4627,0.5715868077162414
E4628,2.70528313627878
E4629,0.38184194150591166
E463,0.3402862476664592
E4630,0.0077535780958307415
E4631,1.612588674548849
E4632,0.03955907191750378
E4633,2.607906813939017
E4634,13.76264467952707
E4635,0.6256920615165793
E4636,1.4997075295581828
E4637,30.879764029529895
E4638,0.6390168014934662
E464,0.2226757934038581
E465,0.19754555960529827
E466,0.06962396657480666
E467,0.11854387056627258
E468,0.6909671970841853
E469,0.7060384256378345
E47,0.3042190416925949
E470,0.005696506356120544
E471,0.1770477375766735
E473,0.07613921237443329
E474,0.10270157347319762
E475,10.862754355942752
E476,0.15289359054138144
E477,0.2806969508400747
E478,0.2752084629744866
E479,0.4390790292470442
E48,0.8837052182416214
E480,0.32930927193528314
E481,0.012184194150591165
E482,0.5472806471686372
E483,2.0464219041692595
E484,1.803957685127567
E485,2.5662837125926345
E486,4.914503309385077
E487,0.11133789670192905
E488,4.773117610454262
E489,0.835295581829496
E49,0.7338892345986311
E490,17.618511784380832
E491,0.09957685127566895
E492,0.0064085696506356125
E494,0.7507058960796515
E495,0.19366521468574985
E496,0.4257498444306161
E497,2.9645472930927195
E498,3.10244321717486
E499,0.12388301182327317
E5,1.0626211515097637
E50,0.0969917325984532
E500,0.1144741754822651
E501,0.23365276913503424
E502,0.9473685957270277
E503,6.905878825592578
E504,3.5565441852407083
E505,3.703899368832785
E506,0.2626633478531425
E507,0.30798226509023024
E508,0.9040323584318606
E509,0.27050404480398255
E51,0.039087918926126765
E510,1.0537896701929061
E511,1.777638871603402
E512,2.2928088052271316
E513,0.06507778469197262
E514,0.1285874299937772
E515,0.16230242688238955
E516,17.688612321095206
E517,0.08154324828873677
E518,0.15838207840696952
E519,1.3467383767445995
E52,0.1568139390168015
E520,0.21326695706285004
E521,0.20777846919726198
E522,0.19836963285625386
E523,0.7236963285625388
E524,3.7054887707190134
E525,1.7478033602986933
E526,0.1364281269446173
E527,0.08467952706907281
E528,2.43784069695084
E529,3.3018855009334165
E53,0.14612054404835986
E530,1.9069461211366934
E531,2.1710353142501555
E532,0.5065090230242688
E533,2.0675357809583077
E534,3.219595519601742
E535,2.0675357809583073
E536,1.2580872744243932
E537,0.6931176104542626
E538,2.516867277091297
E539,1.5048444306160547
E54,0.3206845052893591
E540,0.14566628144723978
E541,0.19209707529558182
E542,0.3402862476664592
E543,0.5018046048537648
E544,0.4186932171748599
E545,0.1356440572495333
E546,0.3261729931549471
E547,0.5008416303671437
E548,0.46338752333540756
E549,0.4273179838207841
E55,0.20608854120366257
E550,0.39830740510267576
E551,0.28461729931549473
E552,3.5076104542626014
E553,0.21405102675793405
E554,0.16308649657747354
E555,0.8815611387678906
E556,0.26736776602364654
E557,0.5762912258867454
E558,0.0052217974931105
E559,0.10036092097075296
E56,0.6300303360298694
E560,0.18739265712507777
E561,0.1560298693217175
E562,0.0729184816428127
E563,0.029010578718108276
E564,2.340423732109521
E565,0.7988242510445371
E566,2.719648857676238
E567,0.12388301182327319
E568,0.1364281269446173
E569,0.12074673304293715
E57,0.9524066583696328
E570,0.3154075917859365
E571,3.1903361483983765
E572,0.4720099564405725
E573,0.2046421904169259
E574,0.10114499066583697
E575,1.583820784069695
E576,0.27050404480398255
E577,0.32369632856253894
E578,0.14483509645301804
E579,0.4736749933327406
E58,0.7077247977598009
E580,0.7723133167392656
E581,0.3168975020001778
E582,0.041207218419415055
E583,0.249374166592586
E584,0.41320472930927193
E585,0.2730491599253267
E586,1.6111184994221708
E587,6.592672682016179
E588,0.8757418437194417
E589,0.21091474797759802
E59,0.22581207218419413
E590,2.581298782113966
E591,0.012500666725931196
E592,1.050384389723531
E593,3.7618644990665837
E594,2.2606264260526863
E595,0.38576228998133166
E596,0.34891101431238336
E597,0.1599502177971375
E598,0.11369010578718107
E599,0.5807449551071207
E6,1.2449064509437875
E60,0.30743621655258246
E600,0.3852973597653125
E601,0.051963730109343055
E602,3.3217073739887986
E603,0.14505289359054138
E604,0.25325451151213435
E605,1.6243178282514001
E606,0.11290603609209707
E607,0.004588852342430438
E608,0.06978220286247666
E609,0.19836963285625386
E61,0.2657996266334785
E610,0.06742999377722464
E611,0.011788603431416127
E612,1.35354253711441
E613,0.1262352209085252
E614,0.15570717397101966
E615,0.21169881767268203
E616,0.05501200106676148
E617,0.09095208462974487
E618,0.4531922837585563
E619,0.22659614187927815
E62,0.8554200373366521
E620,0.41002311316561474
E621,0.13956440572495332
E622,0.34734287492221533
E623,0.11369010578718107
E624,0.22581207218419413
E625,0.18368921681927283
E626,0.4359160814294604
E627,0.006012978931460575
E628,3.0138705662725576
E629,0.7557323021305598
E63,1.498370521824162
E630,0.17014312383322963
E631,0.20542626011200996
E632,0.3042190416925949
E634,0.36772868699439953
E635,0.5010205351586807
E636,0.41602898035380914
E637,0.1474051026757934
E638,0.09252022401991286
E639,0.4061481020535158
E64,0.626471686372122
E640,1.0284505289359054
E641,0.20574095475153353
E642,0.005696506356120544
E643,0.5143497199751088
E644,0.2195395146235221
E645,0.756003792929742
E646,2.566603336963286
E647,9.587861698817672
E648,2.30411947728687
E649,2.1757019586926245
E65,0.30186683260734287
E650,9.195905413814561
E651,4.967554838207842
E652,1.5692408214063471
E653,1.9099212818917235
E654,3.9050320861854386
E655,6.511937227753577
E656,2.818431860609832
E657,1.8146484131922838
E658,1.474051026757934
E659,5.073917042626011
E66,0.3426384567517113
E660,0.0114721308560761
E661,2.098394523957685
E662,1.8881891723708772
E663,0.6594566628144723
E664,0.24619425430408626
E665,2.555021779713752
E666,0.257156191661481
E667,0.7508960796515246
E668,0.16159243784632707
E669,1.5385513378967017
E67,0.046331229442617125
E670,4.145357809583074
E671,13.576115432482888
E672,1.5582825140012444
E673,1.1709411947728687
E674,0.80019912881145
E675,6.445607392374272
E676,0.686960618721664
E677,0.3810578718108276
E678,0.21483509645301804
E679,0.5684505289359054
E68,0.4754892657125077
E680,0.04106231665036892
E681,4.154281269446173
E682,0.1278033602986932
E683,5.759774777960062
E684,18.794263573428747
E685,3.3076516801493465
E686,2.080838518979465
E687,3.17869321717486
E688,0.20856253889234597
E689,0.10330162681127211
E69,0.16308649657747354
E690,0.2854013690105787
E691,0.9967392657125078
E692,4.175066894835097
E693,4.23158894679527
E694,37.612343652769134
E695,39.627088713441196
E696,3.3441879278158058
E697,202.81631339452395
E698,0.9957685127566893
E699,5.205173911755119
E7,3.2717761578807
E70,3.169922215308027
E700,5.11928943683883
E701,0.7236963285625388
E702,9.359268434971998
E703,0.4975473375411148
E704,3.2447248644323943
E705,0.3741719263934572
E706,16.020696756378342
E707,22.040080896079655
E708,19.12582432327318
E709,0.08075917859365277
E71,0.730206240554716
E710,6.36452306871722
E711,53.41819636745489
E712,3.270976975731176
E713,1.7618419415059114
E714,6.926314950217797
E715,1.3783571873055382
E716,5.858195395146236
E717,0.24149346608587433
E718,2.2956292781580587
E719,2.1709140762007126
E72,0.24339585740954753
E720,12.912181400973015
E721,1.0739514623522093
E722,9.40369263378967
E723,12.693642657125078
E724,2.4154099253266956
E725,0.4279682342134115
E726,7.551176882389545
E727,0.06350964530180461
E728,7.745544492843808
E729,7.950508605815466
E73,0.060373366521468574
E730,1.3266459240821407
E731,4.376801493466085
E732,42.059218069383945
E733,16.169981331673927
E734,2.5509894212818915
E735,2.070690728064717
E736,1.4709334163036714
E737,7.748617992306387
E738,5.719262795581829
E739,2.1957562616677038
E74,1.5718419415059115
E740,1.1556121655258247
E741,0.22614922807953297
E742,12.060326890168016
E743,3.408462974486621
E744,0.7558431860609832
E745,0.7051062316650369
E746,41.12883459085252
E747,11.068002489110143
E748,0.14270068450528936
E749,1.5265836963285626
E75,0.29963107831807273
E750,0.012421548582096188
E751,3.013634100808961
E752,9.998232731798382
E753,1.234349719975109
E754,0.9013067828251401
E755,0.2414934660858743
E756,0.030697839807982935
E757,0.3297679793759445
E758,0.012738021157436217
E759,5.112265090230243
E76,0.2030740510267579
E760,0.3089234598630989
E761,0.12814116810383144
E762,0.030144012801137886
E763,1.0457240643612764
E764,0.9741070317361542
E765,0.569580407147302
E766,0.322764690194684
E767,0.7250722138264142
E768,1.0107111743266068
E769,0.11917859365276914
E77,0.907204195928527
E770,0.5386558805227132
E771,0.35204729309271937
E772,0.31676415681393905
E773,0.1364281269446173
E774,0.7676042314872431
E775,0.08389545737398879
E776,0.05174859987554449
E777,0.3583198506533914
E778,0.7920410703173615
E779,0.10271313005600498
E78,0.08467952706907281
E780,0.013212730020446263
E781,0.21483509645301804
E782,0.11761045426260112
E783,7.26630853298071
E784,2.190696061872166
E785,3.6642291537025513
E786,10.813942304972565
E787,9.77743531495729
E788,0.2563907902924704
E789,0.19836963285625386
E79,0.9507858476309007
E790,0.1356440572495333
E791,0.2297324206596142
E792,0.2516863721219664
E793,0.1356440572495333
E794,0.6037336652146857
E795,1.6394897324206594
E796,1.2827380211574364
E797,1.4615059116365898
E798,0.0729184816428127
E799,0.2783447417548226
E8,0.12466708151835719
E80,1.5252858031825052
E800,0.024843097164192376
E801,1.6175404480398257
E802,11.614934625502064
E803,0.05071917503778115
E804,0.2313005600497822
E805,0.4962565561383234
E806,0.6005973864343497
E807,1.458525202240199
E808,0.25090230242688233
E809,0.9697502000177792
E81,0.7456502800248911
E810,1.9574121032980707
E811,0.30964293122351616
E812,0.27364032358431856
E813,0.2399253266957063
E814,0.18974486621032982
E815,0.43566116988176723
E816,0.13250777846919726
E817,0.22110765401369006
E818,0.17327940261356567
E819,0.10820161792159302
E82,1.8369863987910038
E820,0.9001875722286424
E821,1.537537336652147
E822,0.46103298070939647
E823,0.037635345364032353
E824,1.0554971997510891
E825,0.10114499066583697
E826,0.30631611698817673
E827,0.4328064716863721
E828,4.155644057249533
E829,0.14456307227309095
E83,0.26324562183305183
E830,2.251962118855009
E831,0.590962752244644
E832,0.03911636589919104
E833,0.4139887990043559
E834,0.2917930482709574
E835,0.5540759178593654
E836,0.005300915636945507
E837,0.14113254511512136
E838,0.396502800248911
E839,0.29265801404569297
E84,0.9033906347230864
E840,0.1403484754200373
E841,0.2591065872522002
E842,3.6868250692990894
E843,1.756366871499689
E844,0.8774113254511512
E845,6.490622277535781
E846,3.0550155569383945
E847,1.7795208462974483
E848,0.2940261356565028
E849,0.7017423771001867
E85,0.37406258334074144
E850,4.685600497822029
E851,0.10258956351675703
E852,0.1537994488398969
E853,0.3097075295581829
E854,3.859564405724953
E855,5.203803671437462
E856,0.05664859098586541
E857,0.3477802471330785
E858,13.432541614810205
E859,0.020491599253266962
E86,0.13415325806738376
E860,5.154510345364032
E861,0.20228998133167392
E862,0.6288238954573739
E863,0.25168637212196643
E864,0.19444928438083386
E865,0.7268326073428749
E866,0.2399253266957063
E867,1.327429993777225
E868,3.2607405102675795
E869,0.6078913681216108
E87,0.22581207218419413
E870,0.3550066672593119
E871,2.8392532669570625
E872,0.31324362165525826
E873,0.1152582451773491
E874,0.15759800871188548
E875,0.8824455507156191
E876,0.14827006845052895
E877,0.11839452395768514
E878,0.16465463596764157
E879,0.6426053575132605
E88,0.14818917237087742
E880,0.18620321806382792
E881,0.18180282691794825
E882,0.3300933416303672
E883,1.5865045781847276
E884,0.8087904109994963
E885,0.4328064716863721
E886,1.2269588407858476
E887,0.26559516401457905
E888,0.1756316116988177
E889,0.4883968574984443
E89,0.5596106320561829
E890,0.44289803538092276
E891,0.24218460900228167
E892,0.4103298070939639
E893,0.11917859365276913
E894,0.28045870744066137
E895,0.18425637834474176
E896,0.010522713130056005
E897,0.5510143123833229
E898,0.22816428126944618
E899,0.13072806471686374
E9,3.897116521468575
E90,1.0389110143123832
E900,0.5700186683260734
E901,0.3332296204107032
E902,0.3583198506533914
E903,0.36067205973864347
E904,0.06194150591163659
E905,0.210130678282514
E906,0.15446172993154947
E907,0.19131300560049783
E908,4.524236932171749
E909,0.16622277535780958
E91,0.8899191039203485
E910,3.206168131611699
E911,0.35439950217797134
E912,1.9238714552404659
E913,0.31127566894835096
E914,0.38654635967641565
E915,0.4116365899191039
E916,0.19758556316116987
E917,0.7608231842830475
E918,0.41848342074851097
E919,0.1466210329807094
E92,3.7746530802738016
E920,0.20621032980709397
E921,0.3549257711796604
E923,0.0029273713218952798
E924,0.5256885056449462
E925,0.6335283136278781
E926,0.16387056627255758
E927,0.2203235843186061
E928,0.21561916614810206
E929,0.12074673304293716
E93,0.4658885234243044
E930,2.121617143746111
E931,0.5904044803982577
E932,0.1966698076866092
E933,1.2721087429993776
E934,1.676427237976709
E935,0.2809476397902036
E936,0.533951462352209
E937,0.21405102675793403
E938,0.18033602986932168
E939,0.5502162414436839
E94,0.532114854653747
E940,1.1949642190416925
E941,0.3720224019912881
E942,1.189989332385101
E943,2.794593297181972
E944,0.9878220286247665
E945,0.14583696328562537
E946,0.34499066583696325
E947,1.8179962663347853
E949,0.8091599253266957
E95,1.3254667081518359
E950,0.7252644679527069
E951,0.14147746466352565
E952,0.1670068450528936
E953,1.1806685038670104
E954,1.4898879900435593
E955,0.21248288736776602
E956,0.10663347853142502
E957,0.2775606720597386
E958,0.8597386434349721
E959,0.4578967019290603
E96,5.898894123922127
E960,1.3667431549471063
E961,0.0008702995821850833
E962,0.21426526802382434
E963,0.010839185705396038
E964,0.19444928438083386
E965,0.061941505911636593
E966,0.3089234598630989
E967,0.105849408836341
E968,0.2626633478531425
E969,0.6294239487954485
E97,1.5709680860520934
E970,0.16597297537558892
E971,0.07840696950840075
E972,5.043733665214686
E973,3.70170504044804
E974,0.6648234287492221
E975,0.43152457996266336
E976,0.25056160547604234
E977,0.36459240821406347
E978,0.2090914747977598
E979,0.9264316828162503
E98,2.2761018757222864
E980,0.21169881767268203
E981,0.455591608142946
E982,0.27599253266957063
E983,10.47196017423771
E984,1.316639701306783
E985,0.2920846297448662
E986,3.5938767890479157
E987,2.3898568761667702
E988,0.8548217619343942
E989,0.15903849231042758
E99,0.09230598275402258
E990,2.2950208907458443
E991,4.8994648413192285
E992,0.9420776291225885
E993,0.8096079651524579
E994,56.49784654848107
E995,2.157936372121966
E996,0.29794381722819807
E997,2.5779289270157344
E998,0.6773060938750112
E999,0.4773117610454262
