farm,etp
E1,7.286434349719975
E10,9.42945861854387
E100,13.66988799004356
E1000,0.6092221530802738
E1001,0.1144741754822651
E1002,10.283354075917858
E1003,3.226913503422527
E1004,2.875258245177349
E1005,6.0130678282514
E1006,4.2895146235220905
E1007,0.45711263223397636
E1008,5.8869072806471685
E1009,0.15132545115121346
E101,0.8711014312383323
E1010,0.5676664592408214
E1011,1.3693192283758557
E1012,730.4067952706907
E1013,6.734923408006638
E1014,0.02195395146235221
E1015,2.8042812694461725
E1016,0.4626011200995644
E1017,0.63980087118855
E1018,3.121773490976976
E1019,0.8969757311761046
E102,0.1670068450528936
E1020,11.361393901680149
E1021,0.24541381456129432
E1022,6.0311947728687
E1023,1.0607716241443683
E1024,0.5496328562538892
E1025,0.20621032980709397
E1026,0.5566894835096453
E1027,15.342265090230242
E1028,1.7253329184816428
E1029,0.5551213441194772
E103,2.418911014312383
E1030,0.06664592408214064
E1031,8.773795892968264
E1032,2.0476540136901056
E1033,0.21405102675793405
E1034,0.6162787803360299
E1035,5.080827629122589
E1036,16.974324828873677
E1037,0.5018046048537648
E1038,5.776160547604232
E1039,0.6154947106409459
E104,11.687492221530805
E1040,0.5347355320472931
E1041,11.30803982576229
E1042,0.8852146857498444
E1043,6.350105787181082
E1044,0.8108229620410704
E1045,0.5802115743621655
E1046,0.07683883011823274
E1047,8.379726197884256
E1048,0.5927566894835096
E1049,1.4151151213441195
E105,14.693783447417548
E1050,0.6100062227753578
E1051,0.12937149968886125
E1052,0.17719975108898572
E1053,18.492451773490977
E1054,57.66138145612943
E1055,12.878942128189173
E1056,0.21405102675793405
E1057,8.80502800248911
E1058,4.252520224019913
E1059,0.31284380833851894
E106,5.175886745488488
E1060,5.932233976353452
E1061,0.2642314872433105
E1062,0.30186683260734287
E1063,1.6932545115121347
E1064,0.37713752333540757
E1065,2.3000871188550094
E1066,3.960205351586808
E1067,7.866571250777847
E1068,6.718599875544493
E1069,0.20856253889234597
E107,0.4077162414436839
E1070,2.4046629330014517
E1071,0.26031113876789047
E1072,0.27050404480398255
E1073,7.745544492843808
E1074,1.1347542003733666
E1075,4.392227753578096
E1076,1.830952084629745
E1077,0.31127566894835096
E1078,0.2728562538892346
E1079,8.961337896701929
E108,6.97835096453018
E1080,0.23522090852520225
E1081,0.27050404480398255
E1082,6.190392034847542
E1083,8.825600497822029
E1084,0.25717485998755446
E1085,0.4296701929060361
E1086,0.11996266334785315
E1087,5.067778469197262
E1088,0.23522090852520225
E1089,4.904947106409459
E109,5.341014312383323
E1090,1.4915059116365899
E1091,0.315980087118855
E1092,0.3873304293714997
E1093,5.046552582451773
E1094,0.12466708151835718
E1095,1.9029558182949597
E1096,3.6859116365899194
E1097,0.19366521468574985
E1098,4.184561294337274
E1099,1.8206658369632855
E11,10.069713752333541
E110,4.9367081518357185
E1100,14.267025513378968
E1101,0.21091474797759804
E1102,2.1498257622899817
E1103,2.933820784069695
E1104,0.19131300560049783
E1105,0.19288114499066583
E1106,0.18504044803982572
E1107,0.24541381456129432
E1108,2.4995581829495954
E1109,7.975650280024891
E111,0.6932047293092719
E1110,3.1794586185438702
E1111,1.3212507778469198
E1112,33.89869321717486
E1113,1.2549222153080273
E1114,1.2999875544492843
E1115,0.6492657125077784
E1116,1.7012258867454884
E1117,0.07840696950840075
E1118,0.46573739887990045
E1119,0.5049408836341007
E112,3.2601244555071567
E1120,0.5096453018046049
E1121,0.2932420659614188
E1122,0.4453515868077163
E1123,3.0483136278780334
E1124,2.1328002489110145
E1125,0.4555444928438083
E1126,0.9566210329807093
E1127,1.6722713130056004
E1128,6.284897324206596
E1129,15.010043559427505
E113,4.153907902924704
E1130,0.11996266334785315
E1131,8.002700684505289
E1132,17.91164281269446
E1133,3.0039639079029246
E1134,15.571425015556938
E1135,6.338811449906658
E1136,7.014754200373366
E1137,16.487902924704418
E1138,3.6035469819539516
E1139,5.69858120721842
E114,14.651549471064095
E1140,0.22816428126944616
E1141,0.492286869943995
E1142,12.441711263223398
E1143,1.6544928438083386
E1144,32.77340385812072
E1145,0.33558182949595516
E1146,6.315756067205974
E1147,0.04782825140012445
E1148,0.3034349719975109
E1149,0.3261729931549471
E115,6.117859365276913
E1150,0.6499937772246421
E1151,5.8607156191661485
E1152,0.17092719352831362
E1153,0.07527069072806471
E1154,0.3253889234598631
E1155,0.05880522713130056
E1156,0.09095208462974487
E1157,7.035793403858121
E1158,0.17406347230864969
E1159,1.4957062850031113
E116,8.65976975731176
E1160,19.298792781580584
E1161,2.0030553827006843
E1162,1.2426944617299316
E1163,2.7875731176104543
E1164,2.5735407591785937
E1165,1.3872059738643436
E1166,6.282489110143125
E1167,0.3810578718108276
E1168,3.8059116365899195
E1169,7.851356565028002
E117,9.42315494710641
E1170,0.5525451151213441
E1171,1.0491972619788426
E1172,3.8123148724331046
E1173,2.005818294959552
E1174,0.25403858120721845
E1175,0.20228998133167395
E1176,2.0778220286247664
E1177,0.21483509645301804
E1178,0.9051897946484131
E1179,4.5156627255756066
E118,2.9781207218419414
E1180,0.4343186060983199
E1181,4.435052893590541
E1182,0.05488487865588052
E1183,4.937398879900436
E1184,8.373677660236465
E1185,3.8849906658369635
E1186,2.1195084007467333
E1187,0.5427069072806471
E1188,1.1726322339763533
E1189,8.251064094586186
E119,4.380709396390791
E1190,6.325519601742378
E1191,4.824716863721219
E1192,0.7118046048537648
E1193,4.279583074051026
E1194,0.21718730553827006
E1195,3.4356067205973866
E1196,1.2240634723086496
E1197,10.274897324206597
E1198,0.6029495955196018
E1199,7.646863721219664
E12,3.176042314872433
E120,6.631997510889856
E1200,0.37086496577473554
E1201,0.5363036714374612
E1202,0.103497199751089
E1203,0.14975731176104543
E1204,1.15431860609832
E1205,0.016465463596764155
E1206,7.4369570628500306
E1207,0.24776602364654637
E1208,0.048612321095208466
E1209,0.14505289359054138
E121,5.27951462352209
E1210,0.14505289359054138
E1211,0.12231487243310517
E1212,0.27834474175482266
E1213,3.385911636589919
E1214,1.6149408836341008
E1215,0.06586185438705663
E1216,3.327591785936528
E1217,48.905040448039834
E1218,0.1254511512134412
E1219,0.2822650902302427
E122,2.364548848786559
E1220,2.1303173615432485
E1221,9.031325451151213
E1222,1.830952084629745
E1223,0.7581953951462352
E1224,0.11055382700684505
E1225,0.14426882389545737
E1226,0.09879278158058494
E1227,0.9032482887367765
E1228,7.502706907280646
E1229,0.1481891723708774
E123,121.06884256378345
E1230,0.10192906036092098
E1231,0.3246048537647791
E1232,18.317790914747977
E1233,0.63196017423771
E1234,0.10036092097075296
E1235,0.18660858742999378
E1236,0.16230242688238955
E1237,0.6648911014312383
E1238,0.2603111387678905
E1239,0.19288114499066583
E124,0.4994523957685127
E1240,0.17406347230864963
E1241,0.04312383322962042
E1242,0.29167392657125074
E1243,10.340945861854388
E1244,2.2813254511512135
E1245,0.16465463596764157
E1246,5.849365276913503
E1247,12.608064716863721
E1248,0.12388301182327319
E1249,0.34499066583696325
E125,5.753260734287492
E1250,0.2336527691350342
E1251,0.2383571873055383
E1252,0.17249533291848168
E1253,0.1364281269446173
E1254,0.48925948973242067
E1255,7.817548226509023
E1256,0.5684505289359054
E1257,0.11917859365276914
E1258,0.5613939016801494
E1259,0.11133789670192905
E126,0.31362787803360304
E1260,3.333565650280025
E1261,1.1847293092719353
E1262,0.08859987554449283
E1263,1.0765276913503423
E1264,0.32852520224019915
E1265,0.4947479775980087
E1266,6.212893590541382
E1267,3.086247666459241
E1268,0.09565650280024891
E1269,2.921294337274424
E127,0.1466210329807094
E1270,2.3349782202862475
E1271,14.608058494088363
E1272,1.4861854387056626
E1273,15.769825762289981
E1274,5.246471686372122
E1275,0.07527069072806471
E1276,0.7847044181705041
E1277,9.623615432482888
E1278,0.4806347230864966
E1279,0.3246048537647791
E128,0.0627255756067206
E1280,0.2015059116365899
E1281,0.13956440572495332
E1282,0.2501182327317984
E1283,0.11212196639701305
E1284,0.530031113876789
E1285,0.2603111387678905
E1286,1.055096453018046
E1287,1.0389110143123832
E1288,3.9087741132545113
E1289,0.1795519601742377
E129,2.94090852520224
E1290,0.1144741754822651
E1291,0.5088612321095208
E1292,0.10192906036092098
E1293,0.03685127566894835
E1294,0.16073428749222154
E1295,0.2744243932794026
E1296,0.2681518357187306
E1297,0.03449906658369633
E1298,0.05410080896079651
E1299,0.0948724331051649
E13,14.167766023646545
E130,0.25482265090230244
E1300,0.14426882389545737
E1301,0.6100062227753578
E1302,0.423397635345364
E1303,15.63020535158681
E1304,0.6013814561294337
E1305,0.7738767890479153
E1306,0.6249035469819539
E1307,0.10976975731176103
E1308,0.7097510889856876
E1309,0.15289359054138144
E131,7.533677660236466
E1310,0.0525326695706285
E1311,0.11055382700684507
E1312,0.11917859365276914
E1313,0.07056627255756068
E1314,0.5245426260112009
E1315,0.06664592408214064
E1316,0.25482265090230244
E1317,0.11290603609209707
E1318,0.08781580584940885
E1319,0.39281891723708773
E132,6.462881144990666
E1320,0.1474051026757934
E1321,0.36616054760423145
E1322,0.061941505911636593
E1323,0.08624766645924081
E1324,0.4398630989421282
E1325,0.1568139390168015
E1326,0.16779091474797758
E1327,0.31754822650902303
E1328,1.1314872433105165
E1329,6.087927815805849
E133,10.300024891101431
E1330,1.5120784069695083
E1331,1.2033416303671438
E1332,2.027193528313628
E1333,13.300603609209707
E1334,15.306515245799627
E1335,10.338388301182327
E1336,15.839887990043557
E1337,2.2312196639701307
E1338,3.620031113876789
E1339,5.200678282514001
E134,4.578462974486621
E1340,1.7764032358431863
E1341,5.901897946484131
E1342,3.2877162414436842
E1343,7.797411325451152
E1344,4.292557560672059
E1345,5.263217174859988
E1346,8.084163036714374
E1347,15.170460485376479
E1348,4.108245177349098
E1349,15.089197261978843
E135,4.894704418170504
E1350,10.193671437461107
E1351,6.0174548848786555
E1352,3.1270192906036085
E1353,5.558886123210952
E1354,0.09173615432482887
E1355,6.8653889234598635
E1356,1.0192532669570629
E1357,1.118008711885501
E1358,1.577062850031114
E1359,5.659116365899192
E136,5.701082762912258
E1360,1.5845861854387058
E1361,0.13015556938394526
E1362,1.5838207840696952
E1363,1.834312383322962
E1364,2.13778469197262
E1365,0.7849284380833853
E1366,2.484791537025514
E1367,0.06978220286247666
E1368,0.06978220286247666
E1369,0.11055382700684507
E137,7.740224019912882
E1370,1.947125077784692
E1371,10.714611076540137
E1372,1.841238332296204
E1373,7.301200995644057
E1374,12.240634723086497
E1375,7.960124455507158
E1376,0.5777473553204729
E1377,4.1517983820784075
E1378,6.91235843186061
E1379,0.09800871188550093
E138,6.0728811449906654
E1380,2.4992594897324207
E1381,4.9085936527691345
E1382,2.457349097697573
E1383,2.016104542626011
E1384,0.08781580584940885
E1385,7.3892034847542005
E1386,7.343708774113255
E1387,0.10271313005600498
E1388,16.777168637212196
E1389,4.049054138145613
E139,0.5331673926571251
E1390,7.167998807301389
E1391,0.15367766023646548
E1392,0.07683883011823274
E1393,0.19131300560049783
E1394,0.4398630989421282
E1395,0.31049159925326697
E1396,0.09722464219041693
E1397,0.04782825140012446
E1398,0.27364032358431856
E1399,0.09565650280024891
E14,0.11290603609209707
E140,0.05488487865588052
E1400,0.1474051026757934
E1401,0.41555693839452396
E1402,0.06821406347230866
E1403,0.6037336652146857
E1404,0.16779091474797758
E1405,0.12388301182327317
E1406,0.24698195395146233
E1407,0.21493466085874302
E1408,0.2563907902924704
E1409,0.13485998755444928
E141,3.6822526446795267
E1410,1.3474984443061604
E1411,6.428904791537025
E1412,0.6398008711885501
E1413,0.21326695706285004
E1414,0.040771624144368385
E1415,0.06507778469197262
E1416,0.8636154324828873
E1417,7.269464841319229
E1418,8.053739887990043
E1419,4.850721841941506
E142,0.9051897946484132
E1420,0.15367766023646548
E1421,9.362109520846298
E1422,6.441449906658369
E1423,3.439527069072806
E1424,1.8759614187927816
E1425,1.1565214685749845
E1426,5.107019290603609
E1427,3.0192283758556315
E1428,8.123764779091475
E1429,4.916994399502179
E143,10.764847542003734
E1430,12.33196017423771
E1431,0.90980087118855
E1432,1.1888176726820163
E1433,2.3349782202862475
E1434,1.45431860609832
E1435,0.8846172993154947
E1436,1.2183883011823273
E1437,0.8743310516490355
E1438,6.2270815183571875
E1439,0.12545115121344122
E144,5.658070939639079
E1440,8.343192283758555
E1441,1.292090852520224
E1442,2.734200373366521
E1443,0.08624766645924084
E1444,0.7780958307405101
E1445,1.2034909769757312
E1446,4.165930304915993
E1447,1.7813876789047915
E1448,0.054884878655880515
E1449,1.4273428749222152
E145,0.18190416925948974
E1450,0.18504044803982572
E1451,12.053945239576853
E1452,7.508960796515246
E1453,0.20464219041692597
E1454,0.5966023646546359
E1455,0.06664592408214064
E1456,6.0258369632856255
E1457,0.29010578718108276
E1458,0.14818917237087742
E1459,0.06350964530180461
E146,8.023254511512135
E1460,0.22267579340385815
E1461,0.24462974486621034
E1462,0.6068699439950218
E1463,0.11996266334785315
E1464,1.6501680149346607
E1465,0.11290603609209707
E1466,0.7777971375233355
E1467,3.6024455507156192
E1468,16.746011200995643
E1469,4.53713130056005
E147,0.5566894835096453
E1470,0.13485998755444928
E1471,0.6390168014934662
E1472,3.3224579962663348
E1473,1.3141406347230866
E1474,0.20856253889234597
E1475,0.3347977598008712
E1476,3.5814250155569387
E1477,0.06586185438705662
E1478,6.8100373366521465
E1479,0.5637461107654014
E148,12.326901057871812
E1480,0.14348475420037335
E1481,0.05096453018046049
E1482,1.6942065961418793
E1483,2.4152333540759177
E1484,1.32326695706285
E1485,20.92760423148724
E1486,61.49091490354699
E1487,8.021030387886329
E1488,8.310429371499689
E1489,1.0170130678282514
E149,0.1160423148724331
E1490,0.3583198506533914
E1491,0.048612321095208466
E1492,1.2960672059738645
E1493,7.084779091474798
E1494,11.381014312383323
E1495,3.6290665836963285
E1496,0.37556938394523953
E1497,0.6844928438083385
E1498,4.9039265712507785
E1499,1.1212009956440574
E15,0.23600497822028624
E150,5.263963907902925
E1500,0.24306160547604233
E1501,0.5692345986309895
E1502,0.7777971375233355
E1503,2.533553204729309
E1504,0.8216490354698196
E1505,2.03667703795893
E1506,0.9051897946484131
E1507,6.660616054760422
E1508,1.9749595519601744
E1509,3.4005973864343497
E151,5.512420659614188
E1510,0.5268948350964531
E1511,7.021605476042314
E1512,2.389396390790292
E1513,4.590784069695084
E1514,1.671543248288737
E1515,6.59792781580585
E1516,0.08232731798382077
E1517,1.0169383945239576
E1518,11.606285003111386
E1519,1.9852457996266335
E152,1.0569819539514624
E1520,2.705712507778469
E1521,0.7391723708774114
E1522,1.0000248911014311
E1523,0.4239763534536404
E1524,4.237934038581208
E1525,11.053179838207841
E1526,2.1498257622899812
E1527,0.19680149346608586
E1528,0.0737025513378967
E1529,1.948842563783447
E153,5.994754200373366
E1530,0.1670068450528936
E1531,20.91403235843186
E1532,0.07840696950840075
E1533,0.12977556523542833
E1534,0.16779091474797758
E1535,4.097884256378344
E1536,0.4680896079651524
E1537,0.09644057249533293
E1538,0.5527691350342252
E1539,0.07683883011823274
E154,0.34891101431238336
E1540,0.07919103920348476
E1541,0.9338270068450529
E1542,1.262352209085252
E1543,0.208562538892346
E1544,0.045476042314872435
E1545,0.08859987554449283
E1546,0.16230242688238955
E1547,0.05018046048537648
E1548,2.4481269446172993
E1549,0.17092719352831362
E155,4.9374175482265095
E1550,0.1466210329807094
E1551,9.036328562538893
E1552,4.153721219663971
E1553,0.36145612943372746
E1554,3.0550155569383945
E1555,7.272507778469198
E1556,3.919060360920971
E1557,6.982781580584941
E1558,5.777996266334785
E1559,2.664138145612944
E156,5.752682016179215
E1560,6.304978220286248
E1561,2.8390043559427505
E1562,1.1154698195395145
E1563,1.085301804604854
E1564,11.016571250777847
E1565,1.018338518979465
E1566,0.6965525824517734
E1567,10.313316739265712
E1568,1.3773941091059947
E1569,18.953391412570006
E157,0.22738021157436214
E1570,0.0940883634100809
E1571,0.18190416925948974
E1572,11.970970752955818
E1573,8.909047915370255
E1574,2.088108276291226
E1575,4.629670192906036
E1576,6.407118855009334
E1577,0.37556938394523953
E1578,0.4531922837585563
E1579,0.4414312383322962
E158,0.14034847542003734
E1580,0.2289483509645302
E1581,0.13093963907902925
E1582,6.169863098942128
E1583,0.07605476042314871
E1584,0.17171126322339764
E1585,0.6060858742999378
E1586,0.0948724331051649
E1587,0.25639079029247047
E1588,0.3042190416925949
E1589,0.8648288736776603
E159,9.925706285003113
E1590,0.045476042314872435
E1591,3.9492470441817056
E1592,0.9651897946484131
E1593,0.18974486621032982
E1594,3.1167330429371503
E1595,0.14348475420037338
E1596,0.12701929060360923
E1597,0.11212196639701308
E1598,0.07605476042314872
E1599,0.47357809583074056
E16,6.978500311138768
E160,5.449184816428127
E1600,0.045476042314872435
E1601,0.23130056004978222
E1602,0.4916116988176727
E1603,0.4916116988176727
E1604,0.1466210329807094
E1605,0.41947728686994395
E1606,0.12937149968886125
E1607,0.20621032980709397
E1608,9.067971375233356
E1609,0.12858742999377723
E161,0.2524704418170504
E1610,0.08311138767890479
E1611,0.01803360298693217
E1612,0.19209707529558182
E1613,0.35831985065339145
E1614,0.5472806471686372
E1615,0.2571748599875544
E1616,17.26032358431861
E1617,0.3347977598008712
E1618,0.19523335407591785
E1619,0.13485998755444928
E162,3.8843932794026137
E1620,0.31754822650902303
E1621,0.3598879900435594
E1622,0.1591661481020535
E1623,0.046260112009956444
E1624,0.14034847542003734
E1625,0.2955942750466708
E1626,0.22267579340385815
E1627,0.16230242688238958
E1628,0.3214685749844431
E1629,0.043123833229620406
E163,2.521698817672682
E1630,0.03998755444928438
E1631,0.18347230864965777
E1632,0.07056627255756068
E1633,9.195905413814561
E1634,0.24933416303671435
E1635,0.19523335407591785
E1636,0.01803360298693217
E1637,0.2211076540136901
E1638,0.20934660858742996
E1639,0.18582451773490977
E164,0.24070939639079028
E1640,0.04782825140012446
E1641,0.19601742377100187
E1642,0.15289359054138144
E1643,0.12309894212818917
E1644,0.06899813316739266
E1645,0.16779091474797758
E1646,0.10820161792159302
E1647,3.9910640945861853
E1648,0.23286869943995023
E1649,0.4798506533914126
E165,8.597398879900435
E1650,0.13015556938394524
E1651,0.03685127566894835
E1652,0.21326695706285004
E1653,4.218089607965153
E1654,0.09879278158058494
E1655,0.10114499066583697
E1656,0.0744866210329807
E1657,0.06350964530180461
E1658,0.09252022401991289
E1659,0.18739265712507777
E166,0.211698817672682
E1660,0.12231487243310517
E1661,0.06821406347230866
E1662,0.4806347230864966
E1663,0.23757311761045424
E1664,0.10976975731176104
E1665,44.92654013690105
E1666,0.2893217174859988
E1667,0.1599502177971375
E1668,0.11839452395768513
E1669,6.3779775980087114
E167,0.5606098319850654
E1670,3.0702675793403857
E1671,2.1477535780958306
E1672,0.12309894212818918
E1673,3.7071935283136277
E1674,2.211543248288737
E1675,0.15838207840696952
E1676,8.105563161169881
E1677,7.289887990043559
E1678,5.582800248911014
E1679,0.17798382078406969
E168,2.7787429993777226
E1680,1.2106036092097077
E1681,0.16465463596764157
E1682,3.909782202862477
E1683,3.1784505289359055
E1684,1.0428686994399505
E1685,3.819950217797138
E1686,1.1417734909769757
E1687,0.2218917237087741
E1688,0.21405102675793405
E1689,3.1887367766023647
E169,0.5880522713130056
E1690,0.26893590541381457
E1691,1.3037025513378968
E1692,0.2305164903546982
E1693,0.09095208462974487
E1694,0.17014312383322963
E1695,0.06742999377722464
E1696,0.05723708774113255
E1697,9.030354698195396
E1698,0.055668948350964524
E1699,13.68568139390168
E17,1.5319041692594897
E170,2.6949968886123217
E1700,4.273179838207841
E1701,43.82759178593653
E1702,0.2799128811449907
E1703,2.0009271935283133
E1704,0.699876374196225
E1705,4.855108898568761
E1706,0.1356440572495333
E1707,0.25482265090230244
E1708,0.1560298693217175
E1709,0.10820161792159305
E171,6.2634660858743
E1710,0.04782825140012446
E1711,0.3943870566272558
E1712,0.23443683883011823
E1713,0.10036092097075296
E1714,7.051922837585562
E1715,16.070927193528313
E1716,0.17719975108898567
E1717,0.12466708151835718
E1718,0.30813939016801495
E1719,0.2587429993777225
E172,0.8334660858743
E1720,0.05802115743621656
E1721,0.312843808338519
E1722,0.42261356565028
E1723,0.106633478531425
E1724,0.045476042314872435
E1725,0.08546359676415681
E1726,0.12074673304293715
E1727,0.22816428126944616
E1728,0.0525326695706285
E1729,0.15289359054138144
E173,0.4720099564405725
E1730,0.10820161792159302
E1731,0.15210952084629745
E1732,0.2563907902924704
E1733,0.3434225264467953
E1734,0.08781580584940885
E1735,0.13329184816428127
E1736,0.07762289981331674
E1737,0.09722464219041693
E1738,0.13407591785936526
E1739,0.07762289981331674
E174,11.880616054760422
E1740,0.08232731798382079
E1741,0.16779091474797758
E1742,0.3214685749844431
E1743,0.21718730553827006
E1744,0.17092719352831362
E1745,0.13485998755444928
E1746,0.40379589296826385
E1747,0.20542626011200996
E1748,0.14975731176104543
E1749,0.4077162414436839
E175,7.908705662725575
E1750,0.11682638456751712
E1751,0.12466708151835719
E1752,0.2015059116365899
E1753,0.41242065961418795
E1754,0.04390790292470442
E1755,0.25717485998755446
E1756,0.23130056004978222
E1757,0.535519601742377
E1758,0.7189919103920349
E1759,1.0820161792159304
E176,1.613596764156814
E1760,0.03449906658369633
E1761,0.057237087741132536
E1762,0.09016801493466084
E1763,0.11839452395768513
E1764,0.5842439327940262
E1765,0.2211076540136901
E1766,8.838668326073428
E1767,0.4524082140634723
E1768,6.572912258867455
E1769,0.2587429993777225
E177,0.8258680771624144
E1770,0.05958929682638457
E1771,0.15132545115121343
E1772,0.13799626633478532
E1773,0.1568139390168015
E1774,1.602713130056005
E1775,14.58392263015972
E1776,0.1254511512134412
E1777,2.376123210952085
E1778,2.0137149968886123
E1779,9.249178593652768
E178,0.30186683260734287
E1780,0.5112134411947729
E1781,0.104281269446173
E1782,0.9973366521468575
E1783,7.397286869943995
E1784,0.1160423148724331
E1785,2.7258556316116986
E1786,3.7853391412570008
E1787,0.740945861854387
E1788,0.9134411947728688
E1789,0.20385812072184195
E179,0.21640323584318605
E1790,5.955905413814561
E1791,0.30029869321717484
E1792,0.5864841319228375
E1793,1.841238332296204
E1794,9.088823895457374
E1795,7.262090852520224
E1796,0.17876789047915367
E1797,5.7230740510267575
E1798,0.09644057249533293
E1799,0.18112009956440572
E18,0.1654387056627256
E180,7.712090852520224
E1800,0.5049408836341008
E1801,3.980777846919726
E1802,0.06978220286247666
E1803,0.06821406347230866
E1804,0.2305164903546982
E1805,0.6115743621655259
E1806,26.36133789670193
E1807,0.03920348475420037
E1808,3.970491599253267
E1809,0.2305164903546982
E181,0.4053640323584319
E1810,3.147778469197262
E1811,5.767112632233976
E1812,0.16465463596764157
E1813,8.702165525824517
E1814,0.13093963907902925
E1815,0.42182949595519603
E1816,8.569937772246421
E1817,3.7853391412570008
E1818,0.3010827629122589
E1819,0.1285874299937772
E182,4.352762912258868
E1820,0.8959116365899191
E1821,1.074511512134412
E1822,21.181508400746733
E1823,12.131257000622277
E1824,1.6958680771624144
E1825,0.555457373988799
E1826,6.042582451773491
E1827,6.88704418170504
E1828,10.24107524372537
E1829,0.1285874299937772
E183,0.17014312383322963
E1830,0.24619788425637837
E1831,0.25874299937772244
E1832,1.0854324828873678
E1833,0.0321468574984443
E1834,6.731101016386641
E1835,6.443522090852521
E1836,0.211698817672682
E1837,0.35753578095830735
E1838,1.8486496577473552
E1839,0.10428126944617298
E184,6.387927815805849
E1840,0.06821406347230866
E1841,0.16622277535780958
E1842,0.2501182327317984
E1843,1.4297884256378346
E1844,0.09330429371499689
E1845,0.19288114499066586
E1846,0.10114499066583697
E1847,0.27599253266957063
E1848,0.18582451773490977
E1849,0.22502800248911015
E185,10.392059738643436
E1850,0.0737025513378967
E1851,20.473907902924704
E1852,0.10192906036092098
E1853,0.11917859365276914
E1854,0.05958929682638457
E1855,0.04390790292470442
E1856,0.5268948350964531
E1857,0.5551213441194772
E1858,0.23600497822028624
E1859,0.10741754822650902
E186,6.121138767890479
E1860,5.399035469819539
E1861,2.9212943372744244
E1862,0.206210329807094
E1863,0.35753578095830735
E1864,6.0174548848786555
E1865,0.8552457996266334
E1866,0.08311138767890479
E1867,0.03920348475420037
E1868,2.057249533291848
E1869,0.37321717485998757
E187,0.7668201617921593
E1870,0.3300933416303672
E1871,0.39125077784691975
E1872,0.08232731798382079
E1873,2.43784069695084
E1874,0.30813939016801495
E1875,0.17014312383322963
E1876,0.12231487243310517
E1877,0.08781580584940885
E1878,7.883260734287493
E1879,2.6229931549471064
E188,0.045476042314872435
E1880,0.07683883011823273
E1881,0.3724331051649035
E1882,1.964673304293715
E1883,0.19758556316116987
E1884,0.1670068450528936
E1885,0.05958929682638457
E1886,0.2399253266957063
E1887,0.061157436216552584
E1888,0.12466708151835719
E1889,0.18347230864965774
E189,1.3109645301804604
E1890,0.12231487243310517
E1891,0.04469197261978843
E1892,0.1599502177971375
E1893,0.10192906036092098
E1894,0.1685749844430616
E1895,0.1701431238332296
E1896,0.07605476042314872
E1897,0.11212196639701308
E1898,0.31859365276913504
E1899,0.11369010578718107
E19,4.776851275668948
E190,0.18425637834474176
E1900,0.2806969508400747
E1901,0.3065712507778469
E1902,0.10741754822650902
E1903,0.24227753578095831
E1904,0.5010205351586807
E1905,0.105849408836341
E1906,0.20856253889234597
E1907,0.1670068450528936
E1908,2.2526882389545735
E1909,0.16387056627255758
E191,7.918655880522714
E1910,0.054884878655880515
E1911,0.9566210329807093
E1912,0.30029869321717484
E1913,0.1458369632856254
E1914,4.505376477909147
E1915,4.873833229620411
E1916,2.6402613565650284
E1917,3.600186683260734
E1918,3.042283758556316
E1919,0.08389545737398879
E192,0.41790914747977603
E1920,0.6923335407591785
E1921,0.24384567517112632
E1922,0.11290603609209707
E1923,0.22502800248911015
E1924,0.02509023024268824
E1925,0.1693590541381456
E1926,0.48141879278158056
E1927,0.1356440572495333
E1928,0.3308774113254512
E1929,0.09016801493466087
E193,0.2838332296204107
E1930,0.1364281269446173
E1931,0.08311138767890479
E1932,0.0744866210329807
E1933,0.2657996266334785
E1934,0.105065339141257
E1935,0.24227753578095831
E1936,4.062395768512757
E1937,0.05880522713130056
E1938,0.4555444928438083
E1939,2.108475420037337
E194,0.17484754200373367
E1940,0.2532545115121344
E1941,2.3864094586185436
E1942,1.1417734909769757
E1943,0.40928438083385194
E1944,0.14348475420037335
E1945,11.784642190416927
E1946,0.08311138767890479
E1947,0.21248288736776602
E1948,0.0729184816428127
E1949,0.6937834474175483
E195,0.5990292470441817
E1950,0.1474051026757934
E1951,4.423086496577473
E1952,0.23914125700062228
E1953,0.14975731176104543
E1954,2.408628085459448
E1955,0.12937149968886125
E1956,2.251437461107654
E1957,1.4825824517734911
E1958,0.32135656502800247
E1959,0.03920348475420037
E196,5.837286869943996
E1960,0.4923957685127567
E1961,0.18268823895457373
E1962,7.3546670815183575
E1963,0.10976975731176103
E1964,0.09095208462974487
E1965,0.0940883634100809
E1966,0.16465463596764157
E1967,0.8907031736154324
E1968,3.546067205973864
E1969,0.9045376477909147
E197,5.290155569383945
E1970,7.475432482887368
E1971,6.573957685127567
E1972,0.08311138767890479
E1973,0.08624766645924081
E1974,0.04390790292470442
E1975,0.23678904791537025
E1976,0.16073428749222154
E1977,0.36929682638456757
E1978,0.11996266334785316
E1979,0.09800871188550093
E198,1.1939701306782826
E1980,0.2218917237087741
E1981,0.33244555071561915
E1982,0.07135034225264468
E1983,2.757423771001867
E1984,0.9150093341630368
E1985,1.1629247044181705
E1986,2.7361418792781578
E1987,0.03998755444928438
E1988,2.227448662103298
E1989,1.299968886123211
E199,6.614057249533292
E1990,3.600186683260734
E1991,3.211356565028002
E1992,0.03528313627878034
E1993,0.5159178593652769
E1994,1.10869321717486
E1995,2.0263907902924703
E1996,0.20621032980709397
E1997,0.08859987554449283
E1998,0.17876789047915367
E1999,0.08075917859365277
E2,0.09722464219041693
E20,0.9095208462974486
E200,8.747361543248289
E2000,0.105065339141257
E2001,0.23835718730553826
E2002,0.41555693839452396
E2003,0.0525326695706285
E2004,0.36772868699439953
E2005,0.18268823895457373
E2006,0.04939639079029247
E2007,0.1474051026757934
E2008,0.30578718108276287
E2009,0.11447417548226507
E201,0.18660858742999378
E2010,0.4281020535158681
E2011,1.5238394523957686
E2012,0.16151835718730553
E2013,2.7887492221530805
E2014,0.11761045426260112
E2015,0.1654387056627256
E2016,0.11525824517734912
E2017,0.17955196017423772
E2018,0.22267579340385815
E2019,0.0744866210329807
E202,0.24933416303671438
E2020,0.030578718108276292
E2021,5.12395146235221
E2022,0.09016801493466087
E2023,0.17014312383322963
E2024,0.1489732420659614
E2025,0.7495706285003111
E2026,1.1281642812694461
E2027,0.13799626633478532
E2028,1.5775295581829496
E2029,0.39438705662725576
E203,8.447996266334785
E2030,0.2626633478531425
E2031,0.210130678282514
E2032,0.2516863721219664
E2033,0.4116365899191039
E2034,0.10741754822650902
E2035,0.06586185438705662
E2036,0.26031113876789047
E2037,6.733571873055383
E2038,0.2932420659614188
E2039,0.17876789047915373
E204,0.24070939639079025
E2040,0.22502800248911015
E2041,0.13878033602986933
E2042,0.07762289981331674
E2043,0.3810578718108276
E2044,0.18974486621032982
E2045,8.317187305538269
E2046,0.0525326695706285
E2047,0.17014312383322963
E2048,0.18504044803982578
E2049,1.6146981953951463
E205,0.10663347853142502
E2050,2.160112009956441
E2051,7.1077971375233355
E2052,0.11682638456751712
E2053,0.024306160547604233
E2054,8.251082762912258
E2055,0.09173615432482887
E2056,0.07370255133789672
E2057,0.11369010578718107
E2058,1.656085874299938
E2059,0.08859987554449283
E206,3.452314872433105
E2060,0.10898568761667703
E2061,0.16151835718730553
E2062,7.591250777846919
E2063,4.731673926571251
E2064,1.676658369632856
E2065,0.14191661481020534
E2066,6.56667703795893
E2067,0.0846795270690728
E2068,2.881661481020535
E2069,0.2195395146235221
E207,4.782227753578096
E2070,1.6614810205351587
E2071,0.2595270690728065
E2072,3.3113192283758557
E2073,0.28461729931549473
E2074,0.16308649657747354
E2075,0.1254511512134412
E2076,0.105065339141257
E2077,0.08703173615432484
E2078,2.149993777224642
E2079,0.2932420659614188
E208,1.6353266957062849
E2080,0.6860609831985065
E2081,4.453945239576851
E2082,6.153602986932172
E2083,8.272962041070317
E2084,0.04626011200995643
E2085,0.29830118232731795
E2086,1.9074735532047289
E2087,0.20385812072184195
E2088,2.468699439950218
E2089,0.4085003111387679
E209,2.6949968886123217
E2090,0.10976975731176103
E2091,0.21405102675793405
E2092,0.2838332296204107
E2093,0.24306160547604233
E2094,1.7178033602986933
E2095,1.676658369632856
E2096,0.313627878033603
E2097,0.24698195395146233
E2098,9.062781580584941
E2099,0.8512383322962042
E21,0.7950466708151835
E210,0.12153080273802117
E2100,5.210217797137523
E2101,6.90207218419415
E2102,0.2414934660858743
E2103,0.24855009334163042
E2104,0.06272557560672061
E2105,1.148662103298071
E2106,0.013329184816428127
E2107,0.17876789047915367
E2108,0.7583634100808961
E2109,4.721387678904791
E211,0.532383322962041
E2110,2.628873677660237
E2111,0.18974486621032982
E2112,1.0183385189794647
E2113,0.4594648413192284
E2114,6.355146235220909
E2115,1.2446359676415681
E2116,0.15054138145612944
E2117,0.29716241443683883
E2118,0.11290603609209707
E2119,0.08232731798382079
E212,0.2932420659614188
E2120,4.050840074673304
E2121,0.5072930927193529
E2122,0.2705040448039826
E2123,0.04390790292470442
E2124,0.046260112009956444
E2125,0.1591661481020535
E2126,0.17876789047915367
E2127,0.04312383322962042
E2128,0.13956440572495332
E2129,18.17712507778469
E213,0.09800871188550093
E2130,0.2869695084007467
E2131,0.13015556938394526
E2132,0.4320224019912881
E2133,3.9807778469197266
E2134,0.0635096453018046
E2135,0.313627878033603
E2136,0.4531922837585563
E2137,0.17484754200373367
E2138,1.0140448039825762
E2139,0.07527069072806471
E214,0.2571748599875544
E2140,0.06586185438705663
E2141,1.2239514623522092
E2142,0.19288114499066586
E2143,0.17327940261356567
E2144,0.05566894835096454
E2145,1.512806471686372
E2146,0.5417361543248289
E2147,0.9977660236465463
E2148,0.02509023024268824
E2149,0.13250777846919726
E215,5.953590541381456
E2150,0.08703173615432484
E2151,0.2218917237087741
E2152,0.12231487243310515
E2153,0.17171126322339764
E2154,0.015681393901680152
E2155,0.17719975108898567
E2156,0.08938394523957684
E2157,0.18896079651524578
E2158,0.03920348475420037
E2159,0.22894835096453015
E216,5.802582451773491
E2160,0.05096453018046049
E2161,0.16779091474797758
E2162,0.21091474797759802
E2163,0.1568139390168015
E2164,3.8405227131300554
E2165,4.315220908525202
E2166,6.377473553204729
E2167,0.08232731798382079
E2168,0.16779091474797758
E2169,0.18425637834474176
E217,0.06586185438705662
E2170,0.18190416925948974
E2171,0.1489732420659614
E2172,0.24462974486621034
E2173,1.3474984443061608
E2174,0.23286869943995023
E2175,2.3947542003733666
E2176,7.265040448039826
E2177,0.737025513378967
E2178,0.11290603609209707
E2179,0.20464219041692597
E218,1.6434660858743
E2180,4.736957062850031
E2181,0.7268326073428749
E2182,0.0737025513378967
E2183,0.1568139390168015
E2184,0.05880522713130056
E2185,0.13250777846919728
E2186,0.14505289359054138
E2187,0.16779091474797758
E2188,0.05802115743621655
E2189,0.14426882389545737
E219,6.706950840074673
E2190,0.14191661481020534
E2191,0.7103671437461108
E2192,0.44770379589296827
E2193,3.8071064094586187
E2194,0.10271313005600498
E2195,0.18425637834474176
E2196,0.1262352209085252
E2197,17.748201617921595
E2198,0.14034847542003734
E2199,0.1474051026757934
E22,0.10976975731176104
E220,0.4100684505289359
E2200,2.295812072184194
E2201,0.37164903546981953
E2202,0.11839452395768513
E2203,0.26344741754822654
E2204,0.11055382700684505
E2205,0.31676415681393905
E2206,0.12388301182327319
E2207,0.07527069072806471
E2208,0.08938394523957684
E2209,5.215127566894835
E221,1.7601804604853766
E2210,0.09800871188550093
E2211,0.25168637212196643
E2212,0.19523335407591785
E2213,0.13250777846919726
E2214,0.10898568761667703
E2215,0.2297324206596142
E2216,0.4829869321717485
E2217,7.523391412570006
E2218,0.06978220286247666
E2219,1.9338145612943374
E222,1.3989296826384567
E2220,0.35283136278780336
E2221,1.944082140634723
E2222,0.11917859365276916
E2223,2.4109023024268823
E2224,0.4649782202862477
E2225,0.11761045426260112
E2226,0.18425637834474176
E2227,0.2587429993777225
E2228,1.1500248911014312
E2229,0.696341008089608
E223,3.127019290603609
E2230,0.21091474797759802
E2231,0.1136901057871811
E2232,9.782221530802738
E2233,0.14348475420037338
E2234,2.2892968263845677
E2235,0.09879278158058494
E2236,0.13799626633478532
E2237,0.13799626633478532
E2238,1.6425140012445552
E2239,4.9203173615432485
E224,0.6068886123210951
E2240,0.00627255756067206
E2241,11.973789670192907
E2242,0.2783447417548226
E2243,0.9717112632233976
E2244,1.1340074673304292
E2245,3.899439950217797
E2246,2.3349782202862475
E2247,3.178450528935905
E2248,0.3206845052893591
E2249,2.5226509023024266
E225,38.05911636589919
E2250,4.289365276913504
E2251,0.4449595519601743
E2252,6.77863721219664
E2253,0.37713752333540757
E2254,4.124785314250156
E2255,2.1498257622899812
E2256,0.11917859365276914
E2257,0.9526446795270691
E2258,1.5103982576228998
E2259,4.2173615432482885
E226,0.3457747355320473
E2260,6.9421892760838
E2261,0.8023273179838207
E2262,18.016552582451776
E2263,11.951144990665838
E2264,0.17327940261356567
E2265,0.06821406347230866
E2266,4.237934038581208
E2267,0.11314872433105165
E2268,3.6854635967641567
E2269,17.045843186060985
E227,1.1807716241443684
E2270,0.08781580584940885
E2271,13.525948973242066
E2272,0.5068450528935905
E2273,0.09800871188550093
E2274,0.17484754200373367
E2275,0.07448662103298072
E2276,0.27050404480398255
E2277,0.19836963285625386
E2278,5.914592408214063
E2279,0.24541381456129432
E228,2.0274362165525823
E2280,0.5417921593030492
E2281,2.4319788425637836
E2282,3.0586558805227133
E2283,1.830952084629745
E2284,12.770273802115742
E2285,1.5318108276291225
E2286,0.04390790292470442
E2287,0.7976975731176104
E2288,1.6481331673926571
E2289,1.5891785936527694
E229,8.14900435594275
E2290,1.0059614187927814
E2291,6.953372744243933
E2292,0.17092719352831362
E2293,3.0138705662725576
E2294,4.894853764779091
E2295,0.09957685127566895
E2296,0.3922663347853142
E2297,3.8367703795892965
E2298,11.112209085252022
E2299,0.18347230864965777
E23,1.2900497822028623
E230,0.11290603609209707
E2300,0.2187554449284381
E2301,0.28488363410080897
E2302,23.925812072184193
E2303,14.02377722464219
E2304,0.18347230864965774
E2305,0.36772868699439953
E2306,4.834704418170504
E2307,4.248220286247666
E2308,0.1575980087118855
E2309,0.05331673926571251
E231,0.16230242688238955
E2310,0.1144741754822651
E2311,8.343356772453848
E2312,3.626975731176104
E2313,6.943217174859988
E2314,1.39758556316117
E2315,1.7589483509645303
E2316,3.6992968263845674
E2317,6.393771001866833
E2318,13.84704418170504
E2319,7.0255071561916616
E232,0.4217361543248288
E2320,0.1474051026757934
E2321,0.12231487243310517
E2322,0.17249533291848168
E2323,4.027317983820784
E2324,13.388046048537648
E2325,2.015301804604854
E2326,7.00317983820784
E2327,0.40065961418792784
E2328,0.19993777224642192
E2329,0.06586185438705662
E233,8.305463596764158
E2330,0.22581207218419413
E2331,0.1356440572495333
E2332,3.770105787181083
E2333,1.0354947106409458
E2334,0.10741754822650902
E2335,2.1787429993777225
E2336,5.761306782825141
E2337,4.119707529558183
E2338,5.743086496577473
E2339,1.6435780958307404
E234,3.7368761667703794
E2340,6.907598008711886
E2341,0.5457125077784692
E2342,0.528462974486621
E2343,0.26736776602364654
E2344,0.14348475420037338
E2345,0.15289359054138144
E2346,0.7550591163658993
E2347,0.17406347230864963
E2348,0.21483509645301804
E2349,1.0472557560672058
E235,8.69488487865588
E2350,0.1607342874922215
E2351,1.5554760423148726
E2352,2.653851897946484
E2353,0.13172370877411324
E2354,1.0800560049782204
E2355,1.3789732420659615
E2356,0.04939639079029247
E2357,0.06899813316739266
E2358,0.08703173615432484
E2359,0.1575980087118855
E236,0.14191661481020534
E2360,0.05958929682638457
E2361,0.06742999377722464
E2362,0.3567517112632234
E2363,1.7779962663347855
E2364,3.1425513378967014
E2365,0.18347230864965777
E2366,0.0846795270690728
E2367,0.24619788425637834
E2368,0.12466708151835719
E2369,0.13172370877411327
E237,5.260267579340386
E2370,1.4069943995021779
E2371,0.2744243932794026
E2372,0.061941505911636593
E2373,0.12309894212818917
E2374,0.08075917859365277
E2375,0.13250777846919726
E2376,0.21483509645301804
E2377,0.05410080896079651
E2378,0.07056627255756068
E2379,0.11839452395768513
E238,0.07527069072806471
E2380,0.9566210329807096
E2381,0.04939639079029247
E2382,1.343827006845053
E2383,1.3337025513378968
E2384,1.2086434349719977
E2385,0.22738021157436214
E2386,0.16151835718730553
E2387,1.5122277535780957
E2388,0.7308276291225888
E2389,1.7539265712507779
E239,0.19680149346608586
E2390,10.5742626011201
E2391,1.3577846919726198
E2392,0.1560298693217175
E2393,0.5163285625388924
E2394,0.25482265090230244
E2395,0.1356440572495333
E2396,0.35988799004355937
E2397,0.8434723086496579
E2398,1.3577846919726198
E2399,0.029010578718108276
E24,0.18582451773490977
E240,1.141773490976976
E2400,0.08389545737398879
E2401,0.8165339141257001
E2402,0.07291848164281269
E2403,1.2372993154947107
E2404,0.04939639079029247
E2405,0.041555693839452394
E2406,7.3997510889856875
E2407,9.7410765401369
E2408,0.11669570628500311
E2409,0.2015059116365899
E241,1.8618108276291228
E2410,0.17092719352831362
E2411,0.26658369632856255
E2412,0.18490976975731174
E2413,0.7237710018668327
E2414,3.8059116365899186
E2415,0.1285874299937772
E2416,1.1314872433105165
E2417,0.11212196639701308
E2418,3.608251400124456
E2419,0.12074673304293716
E242,0.13093963907902925
E2420,0.04939639079029247
E2421,0.1466210329807094
E2422,0.10192906036092098
E2423,0.7425140012445551
E2424,0.1795519601742377
E2425,0.16779091474797758
E2426,0.6318855009334162
E2427,1.5077660236465464
E2428,0.05410080896079651
E2429,7.560392034847542
E243,3.6104729309271932
E2430,0.8640448039825762
E2431,0.06742999377722464
E2432,1.0903422526446795
E2433,1.0169010578718107
E2434,0.10741754822650902
E2435,0.18268823895457376
E2436,1.2137772246421903
E2437,1.1617299315494711
E2438,0.04704418170504045
E2439,7.013970130678283
E244,0.3042190416925949
E2440,0.24462974486621034
E2441,3.3224579962663348
E2442,0.6994648413192285
E2443,0.20934660858743
E2444,0.08624766645924081
E2445,0.10271313005600498
E2446,0.12858742999377723
E2447,0.015681393901680152
E2448,0.060373366521468574
E2449,0.09722464219041693
E245,19.06420659614188
E2450,0.2532545115121344
E2451,0.14113254511512133
E2452,0.14191661481020534
E2453,0.1340759178593653
E2454,2.8742874922215305
E2455,0.1144741754822651
E2456,0.048612321095208466
E2457,0.06664592408214064
E2458,0.09330429371499689
E2459,5.417342874922215
E246,5.6300684505289365
E2460,26.998375855631615
E2461,0.29716241443683883
E2462,0.32382078406969506
E2463,0.12388301182327319
E2464,0.07056627255756068
E2465,2.2218294959551965
E2466,0.6297199751088985
E2467,2.808145612943373
E2468,0.21561916614810206
E2469,4.279079029247044
E247,4.083640323584318
E2470,0.0737025513378967
E2471,5.854760423148724
E2472,8.214287492221532
E2473,0.29167392657125074
E2474,0.8264094586185439
E2475,0.6480336029869322
E2476,1.3073615432482886
E2477,0.6686060983198506
E2478,0.05958929682638457
E2479,1.2563970130678284
E248,1.0459303049159925
E2480,3.755787181082763
E2481,3.267927815805849
E2482,1.0491972619788426
E2483,0.1160423148724331
E2484,3.301885500933417
E2485,0.23600497822028627
E2486,0.22502800248911015
E2487,0.25874299937772244
E2488,0.2571748599875544
E2489,0.19758556316116987
E249,0.1583820784069695
E2490,3.417293092719353
E2491,0.0846795270690728
E2492,1.3562912258867454
E2493,0.09330429371499689
E2494,1.0080522713130056
E2495,0.19601742377100187
E2496,1.6338207840696952
E2497,0.3512632233976354
E2498,2.88843808338519
E2499,0.07840696950840075
E25,1.1310952084629746
E250,0.8638394523957685
E2500,3.111841941505912
E2501,5.178799004355943
E2502,0.03371499688861232
E2503,0.0948724331051649
E2504,0.3685127566894835
E2505,0.11133789670192908
E2506,1.0657560672059738
E2507,5.639813316739266
E2508,0.01803360298693217
E2509,0.8155631611698818
E251,0.2650155569383945
E2510,0.0517485998755445
E2511,6.127691350342253
E2512,0.03606720597386434
E2513,0.28853764779091473
E2514,1.788462974486621
E2515,0.10349719975108898
E2516,2.5157311761045427
E2517,0.09565650280024891
E2518,0.3551835718730554
E2519,1.6414125700062228
E252,0.16779091474797758
E2520,1.8367019290603608
E2521,9.716994399502177
E2522,0.19366521468574982
E2523,0.08938394523957686
E2524,8.704555071561916
E2525,0.3379340385812072
E2526,0.15289359054138144
E2527,1.2137772246421903
E2528,0.30029869321717484
E2529,0.08154324828873678
E253,1.9582514001244553
E2530,2.504990665836963
E2531,0.20621032980709397
E2532,0.5245986309894213
E2533,0.039987554449284375
E2534,0.8331860609831986
E2535,0.0846795270690728
E2536,0.029010578718108276
E2537,0.061157436216552584
E2538,0.040771624144368385
E2539,0.03528313627878034
E254,0.23286869943995023
E2540,5.689303049159926
E2541,7.313316739265712
E2542,0.1670068450528936
E2543,1.4195021779713752
E2544,0.30742999377722463
E2545,3.0138705662725576
E2546,2.540703173615433
E2547,2.490441817050405
E2548,0.16151835718730553
E2549,0.9962165525824517
E255,8.053553204729308
E2550,1.162476664592408
E2551,7.287479775980087
E2552,0.0940883634100809
E2553,2.2835469819539513
E2554,2.0675357809583073
E2555,0.7160609831985065
E2556,0.03449906658369633
E2557,0.059589296826384565
E2558,0.08703173615432484
E2559,0.08781580584940885
E256,0.928338518979465
E2560,0.19523335407591785
E2561,0.6089607965152458
E2562,0.1144741754822651
E2563,0.0744866210329807
E2564,0.6907654013690107
E2565,0.08703173615432484
E2566,0.12701929060360923
E2567,0.11917859365276914
E2568,1.3164530180460483
E2569,0.11839452395768513
E257,10.920018668326074
E2570,0.07527069072806471
E2571,0.21561916614810206
E2572,0.2046421904169259
E2573,0.14348475420037335
E2574,0.22659614187927815
E2575,0.1458369632856254
E2576,0.19601742377100187
E2577,1.5599502177971376
E2578,1.3892221530802737
E2579,1.0393217174859986
E258,10.56931549471064
E2580,0.2728562538892346
E2581,0.18582451773490977
E2582,0.13878033602986933
E2583,0.1795519601742377
E2584,0.14191661481020534
E2585,3.711406347230865
E2586,1.4812196639701305
E2587,0.1568139390168015
E2588,0.25717485998755446
E2589,0.0744866210329807
E259,5.489738643434972
E2590,0.104281269446173
E2591,30.378612321095208
E2592,51.77286527691351
E2593,1.3960547604231488
E2594,0.1568139390168015
E2595,0.08703173615432484
E2596,0.09800871188550093
E2597,0.06821406347230866
E2598,0.03371499688861232
E2599,0.0940883634100809
E26,0.07056627255756068
E260,4.732738021157436
E2600,0.5760298693217175
E2601,0.21405102675793405
E2602,0.7097510889856876
E2603,6.2334660858743005
E2604,2.9363036714374613
E2605,5.230640945861854
E2606,0.2383571873055383
E2607,0.24070939639079034
E2608,16.725644057249532
E2609,1.9029558182949593
E261,1.4583696328562539
E2610,2.0881082762912255
E2611,1.0561232109520846
E2612,0.2817921593030492
E2613,0.07086496577473553
E2614,0.07840696950840075
E2615,3.672190416925949
E2616,0.6303920348475419
E2617,6.2541879278158055
E2618,0.6377473553204729
E2619,2.7136278780336025
E262,0.08311138767890479
E2620,3.572781580584941
E2621,0.8640448039825762
E2622,7.481555693839453
E2623,0.16387056627255756
E2624,1.584082140634723
E2625,0.03841941505911636
E2626,0.6711636589919103
E2627,0.5151337896701929
E2628,7.44724331051649
E2629,0.6139265712507778
E263,6.512277535780959
E2630,1.1853080273802115
E2631,0.37635345364032363
E2632,12.960672059738645
E2633,2.85803982576229
E2634,1.2240634723086499
E2635,3.9858742999377723
E2636,2.5818481642812694
E2637,1.324704418170504
E2638,0.05253266957062849
E2639,10.533117610454264
E264,9.911655258245178
E2640,0.8023273179838208
E2641,3.702078406969508
E2642,0.29010578718108276
E2643,0.04704418170504045
E2644,0.11996266334785315
E2645,0.11290603609209707
E2646,0.08781580584940885
E2647,1.320877411325451
E2648,2.046963285625389
E2649,0.11133789670192908
E265,7.71468574984443
E2650,0.18112009956440572
E2651,0.12701929060360923
E2652,1.9853018046048538
E2653,0.08389545737398882
E2654,0.22581207218419413
E2655,0.06507778469197262
E2656,0.06664592408214064
E2657,2.9884069695084006
E2658,1.9812134411947728
E2659,6.727193528313627
E266,0.20307405102675796
E2660,0.13485998755444928
E2661,0.09330429371499689
E2662,1.2745239576851275
E2663,8.771947728686994
E2664,1.4254013690105787
E2665,5.510553827006844
E2666,0.12858742999377723
E2667,1.2549222153080273
E2668,0.4147728686994399
E2669,0.37792159303049155
E267,5.252426882389545
E2670,0.0940883634100809
E2671,6.729184816428126
E2672,0.16935905413814561
E2673,0.07762289981331674
E2674,0.321468574984443
E2675,7.264853764779092
E2676,0.5451711263223398
E2677,3.240168014934661
E2678,1.347909147479776
E2679,0.40457996266334784
E268,0.39673926571250784
E2680,0.1340759178593653
E2681,1.0800560049782204
E2682,0.07213441194772868
E2683,0.030578718108276292
E2684,0.06272557560672061
E2685,0.1387803360298693
E2686,0.1756316116988177
E2687,0.11604231487243312
E2688,0.30029869321717484
E2689,0.23365276913503424
E269,27.54070939639079
E2690,0.07997510889856875
E2691,0.27834474175482266
E2692,1.9798514312383324
E2693,0.4845550715619166
E2694,2.643565650280024
E2695,0.10898568761667703
E2696,7.108805227131301
E2697,0.19601742377100187
E2698,0.35283136278780336
E2699,0.8155631611698817
E27,0.33166148102053516
E270,0.09800871188550093
E2700,0.9599813316739266
E2701,0.5348848786558805
E2702,0.1250528935905414
E2703,0.7641319228375855
E2704,0.9771935283136278
E2705,2.0778220286247664
E2706,0.6523459863098942
E2707,0.4061481020535158
E2708,0.21405102675793405
E2709,3.7731487243310515
E271,0.24933416303671438
E2710,2.4789856876166767
E2711,0.08311138767890479
E2712,0.8922713130056006
E2713,0.3308774113254512
E2714,3.322457996266335
E2715,4.266888612321095
E2716,2.72176104542626
E2717,4.005756067205974
E2718,0.12701929060360923
E2719,1.1831611698817672
E272,1.1922153080273803
E2720,0.05096453018046049
E2721,1.7589483509645303
E2722,8.032869477286871
E2723,0.12153080273802115
E2724,0.3340136901057872
E2725,1.729908317776395
E2726,0.16073428749222154
E2727,0.18347230864965777
E2728,3.943553204729309
E2729,0.1481891723708774
E273,2.2218294959551965
E2730,0.08154324828873677
E2731,0.45259489732420655
E2732,0.05488487865588052
E2733,5.650174237710019
E2734,3.0846235220908524
E2735,0.19288114499066583
E2736,0.9509458618543871
E2737,0.674542626011201
E2738,12.563279402613565
E2739,0.08624766645924084
E274,8.607834474175483
E2740,0.8640448039825762
E2741,0.0737025513378967
E2742,5.784866210329808
E2743,22.866328562538893
E2744,0.22424393279402616
E2745,3.2896577473553203
E2746,0.0321468574984443
E2747,0.12153080273802117
E2748,0.15289359054138146
E2749,0.319116365899191
E275,6.789135034225264
E2750,0.39595519601742374
E2751,6.027405102675794
E2752,1.4316208255548641
E2753,1.308724331051649
E2754,5.706631404272973
E2755,0.05880522713130056
E2756,0.08781580584940885
E2757,0.16151835718730553
E2758,0.11290603609209707
E2759,0.31754822650902303
E276,4.855108898568761
E2760,0.10349719975108898
E2761,1.3299782202862478
E2762,2.2055507156191663
E2763,1.0389110143123832
E2764,2.024579962663348
E2765,0.8663036714374611
E2766,19.332377100186683
E2767,1.1829184816428127
E2768,0.33166148102053516
E2769,0.14975731176104543
E277,1.0608462974486623
E2770,0.07605476042314872
E2771,4.377554449284381
E2772,0.13642812694461728
E2773,3.25045426260112
E2774,0.1254511512134412
E2775,0.25795892968263845
E2776,0.8498817672682016
E2777,0.26031113876789047
E2778,0.041555693839452394
E2779,0.3410703173615432
E278,9.693845675171126
E2780,0.13172370877411324
E2781,0.08624766645924084
E2782,0.08075917859365277
E2783,0.34107031736154325
E2784,2.9592283758556315
E2785,0.1144741754822651
E2786,4.60176104542626
E2787,1.9126260112009956
E2788,0.0940883634100809
E2789,4.78682016179216
E279,2.2835469819539513
E2790,0.650553827006845
E2791,2.802321095208463
E2792,1.872097075295582
E2793,0.3285252022401991
E2794,0.3277411325451151
E2795,1.1006285003111387
E2796,1.1314872433105165
E2797,0.25482265090230244
E2798,5.29741754822651
E2799,0.12466708151835719
E28,1.8285438705662727
E280,0.29977598008711887
E2800,9.14792781580585
E2801,0.09095208462974488
E2802,0.0729184816428127
E2803,0.07527069072806471
E2804,0.22738021157436214
E2805,0.3246048537647791
E2806,0.6171748599875544
E2807,0.2227878033602987
E2808,0.2728562538892346
E2809,0.06586185438705663
E281,5.4722837585563155
E2810,0.031362787803360305
E2811,0.1278033602986932
E2812,1.8823833229620412
E2813,0.07135034225264468
E2814,0.02509023024268824
E2815,0.5347355320472931
E2816,0.12466708151835719
E2817,5.803982576228998
E2818,0.2262974486621033
E2819,1.6319290603609211
E282,16.95491599253267
E2820,0.3904667081518357
E2821,1.7492594897324207
E2822,2.835401369010579
E2823,0.38994399502177973
E2824,1.8898133167392657
E2825,0.043123833229620406
E2826,0.29716241443683883
E2827,0.5441443683883012
E2828,1.9207093963907902
E2829,0.09565650280024891
E283,2.1909707529558182
E2830,0.19209707529558182
E2831,0.8067890479153702
E2832,0.03528313627878034
E2833,0.03449906658369633
E2834,9.489950217797137
E2835,2.346272557560672
E2836,7.0255071561916616
E2837,0.17798382078406969
E2838,1.964673304293715
E2839,14.994698195395147
E284,0.5010205351586807
E2840,0.26404480398257624
E2841,0.7499066583696328
E2842,2.9315805849408836
E2843,5.923534536403237
E2844,3.3430304915992535
E2845,0.09173615432482887
E2846,1.326925948973242
E2847,0.26647168637212193
E2848,5.57809583074051
E2849,0.14348475420037338
E285,0.7762289981331673
E2850,0.25795892968263845
E2851,0.8743310516490355
E2852,5.811729931549472
E2853,6.690578718108275
E2854,0.1152582451773491
E2855,2.125662725575607
E2856,0.1403484754200373
E2857,0.1756316116988177
E2858,0.1301555693839452
E2859,0.19836963285625386
E286,1.03497199751089
E2860,0.10036092097075296
E2861,0.24933416303671438
E2862,0.17955196017423772
E2863,0.23835718730553826
E2864,0.22659614187927815
E2865,0.03841941505911637
E2866,0.07762289981331674
E2867,0.28853764779091473
E2868,0.16073428749222154
E2869,0.25874299937772244
E287,11.585096453018046
E2870,1.122489110143124
E2871,0.04939639079029247
E2872,0.14034847542003734
E2873,0.2563907902924704
E2874,0.1560298693217175
E2875,0.34812694461729937
E2876,0.05723708774113255
E2877,0.13878033602986933
E2878,0.48377100186683264
E2879,0.03606720597386434
E288,10.10841319228376
E2880,0.06507778469197262
E2881,0.211698817672682
E2882,0.18425637834474173
E2883,0.7652520224019913
E2884,0.03371499688861232
E2885,0.09173615432482889
E2886,0.13878033602986933
E2887,0.2830491599253267
E2888,0.06899813316739266
E2889,0.03685127566894835
E289,17.465544492843808
E2890,0.11133789670192905
E2891,10.568400746733044
E2892,0.05304449284380834
E2893,1.0947666459240821
E2894,0.8583696328562538
E2895,2.3658369632856253
E2896,0.22424393279402616
E2897,7.759135034225265
E2898,0.11839452395768513
E2899,0.7611823273179839
E29,0.1756316116988177
E290,0.23130056004978222
E2900,0.17841319228375857
E2901,0.36348475420037335
E2902,1.6972308649657748
E2903,6.576509023024268
E2904,0.9700808960796514
E2905,3.764766645924082
E2906,0.8023273179838208
E2907,0.22502800248911015
E2908,1.1408400746733043
E2909,1.460647168637212
E291,4.865899191039204
E2910,0.4731673926571251
E2911,0.6225513378967019
E2912,0.1144741754822651
E2913,0.09408836341008091
E2914,0.09565650280024891
E2915,0.18268823895457373
E2916,0.08075917859365277
E2917,0.19288114499066583
E2918,0.21091474797759802
E2919,0.4555444928438083
E292,0.22345986309894214
E2920,10.502229309271936
E2921,0.05096453018046049
E2922,0.1881767268201618
E2923,0.056453018046048534
E2924,0.14113254511512136
E2925,0.19758556316116987
E2926,0.029794648413192286
E2927,0.03293092719352831
E2928,0.05880522713130056
E2929,0.19836963285625392
E293,0.4085003111387679
E2930,4.8423646546359675
E2931,0.6068886123210951
E2932,0.5043248288736777
E2933,0.6255196017423771
E2934,0.3026509023024269
E2935,0.2509023024268824
E2936,0.3081393901680149
E2937,0.05880522713130056
E2938,0.0517485998755445
E2939,0.1905289359054138
E294,0.2830491599253267
E2940,2.890435594275047
E2941,0.10976975731176107
E2942,0.2830491599253267
E2943,0.2948102053515868
E2944,0.08467952706907281
E2945,0.105849408836341
E2946,1.9035532047293093
E2947,1.9029558182949597
E2948,2.140261356565028
E2949,0.08467952706907281
E295,3.3968886123210953
E2950,0.37870566272557565
E2951,0.936048537647791
E2952,0.8126135656502801
E2953,3.2722775357809586
E2954,4.72497199751089
E2955,0.8097199751088985
E2956,0.3426384567517113
E2957,0.9128624766645923
E2958,1.6007716241443684
E2959,2.4549968886123206
E296,6.988357187305538
E2960,2.160112009956441
E2961,0.1583820784069695
E2962,0.08781580584940885
E2963,0.5198382078406969
E2964,0.03920348475420037
E2965,10.358251400124455
E2966,0.15446172993154947
E2967,0.07213441194772868
E2968,11.589222153080275
E2969,5.14034225264468
E297,0.5545239576851275
E2970,0.35439950217797134
E2971,0.12153080273802117
E2972,0.2822650902302427
E2973,0.07919103920348476
E2974,3.1440261356565027
E2975,0.01254511512134412
E2976,0.15289359054138144
E2977,2.5818481642812694
E2978,10.94363410080896
E2979,0.19993777224642192
E298,1.7625886745488488
E2980,7.720006222775357
E2981,2.8041692594897327
E2982,0.6377722464219042
E2983,2.993298070939639
E2984,2.1852955818294957
E2985,1.5120784069695083
E2986,12.993080273802116
E2987,0.10036092097075296
E2988,0.08781580584940885
E2989,3.8990292470441816
E299,1.882383322962041
E2990,6.077130626426053
E2991,0.13250777846919726
E2992,0.04312383322962042
E2993,1.9602862476664593
E2994,2.6949968886123217
E2995,0.1458369632856254
E2996,0.1474051026757934
E2997,0.03528313627878034
E2998,0.15210952084629745
E2999,1.6136154324828873
E3,0.2979464841319228
E30,0.8828624766645924
E300,0.4673055382700685
E3000,0.8648288736776603
E3001,1.130105787181083
E3002,0.10663347853142502
E3003,0.09487243310516491
E3004,0.11369010578718107
E3005,0.7920410703173615
E3006,0.2657996266334785
E3007,3.1189919103920345
E3008,0.12937149968886122
E3009,1.716571250777847
E301,0.4673055382700684
E3010,5.854138145612944
E3011,1.4092159303049159
E3012,1.0491972619788426
E3013,0.024306160547604233
E3014,9.373663555278988
E3015,30.013360246836758
E3016,0.7508960796515246
E3017,1.4503609209707529
E3018,0.936048537647791
E3019,1.0707778469197262
E302,1.5304293714996886
E3020,0.3638083385189795
E3021,0.09879278158058494
E3022,4.2996515245799625
E3023,0.15759800871188548
E3024,0.019601742377100186
E3025,0.9967392657125078
E3026,0.5882762912258866
E3027,0.054884878655880535
E3028,0.0744866210329807
E3029,0.21405102675793405
E303,0.6274051026757935
E3030,0.25403858120721845
E3031,0.09016801493466087
E3032,10.387112632233977
E3033,0.08075917859365277
E3034,0.0729184816428127
E3035,3.12701929060361
E3036,1.013690105787181
E3037,8.905870410703173
E3038,0.3026509023024269
E3039,2.6435656502800255
E304,4.011636589919104
E3040,5.072408214063473
E3041,0.23208462974486624
E3042,0.01646546359676416
E3043,1.183926571250778
E3044,3.914673304293715
E3045,0.10036092097075296
E3046,0.1544617299315495
E3047,0.15132545115121346
E3048,0.15446172993154947
E3049,3.8965463596764156
E305,15.069091474797759
E3050,1.5017921593030492
E3051,2.8086869943995016
E3052,0.016465463596764155
E3053,0.08546359676415681
E3054,3.939632856253889
E3055,2.4938830118232733
E3056,0.9874797759800871
E3057,2.9448350964530183
E3058,0.3805911636589919
E3059,0.9483136278780336
E306,0.6053018046048538
E3060,0.042339763534536404
E3061,2.520130678282514
E3062,2.612930927193528
E3063,0.024306160547604233
E3064,0.24855009334163033
E3065,0.6901866832607344
E3066,0.2563907902924704
E3067,6.813061605476042
E3068,5.6309458618543875
E3069,0.3117237087741132
E307,6.237087741132545
E3070,5.068898568761667
E3071,0.105849408836341
E3072,1.0727193528313628
E3073,0.16622277535780958
E3074,8.074704418170503
E3075,6.09974486621033
E3076,3.9499191039203487
E3077,2.386446795270691
E3078,0.08624766645924084
E3079,0.37164903546981953
E308,3.1784505289359055
E3080,10.570535158680771
E3081,0.09879278158058494
E3082,0.1458369632856254
E3083,0.05880522713130056
E3084,8.578730553827006
E3085,7.673540759178595
E3086,0.1685749844430616
E3087,0.49396390790292466
E3088,0.03528313627878034
E3089,0.08938394523957686
E309,0.10271313005600498
E3090,0.09173615432482889
E3091,0.06272557560672061
E3092,0.2336527691350342
E3093,0.06272557560672061
E3094,0.06194150591163659
E3095,0.24070939639079028
E3096,12.158270068450529
E3097,0.5260734287492221
E3098,0.1466210329807094
E3099,0.07135034225264468
E31,0.03685127566894836
E310,0.24541381456129432
E3100,0.7057141671852313
E3101,2.4684194150591168
E3102,0.2211076540136901
E3103,3.425320472930927
E3104,0.07135034225264468
E3105,0.060373366521468574
E3106,0.34812694461729937
E3107,0.05802115743621656
E3108,0.4347370358846713
E3109,0.6954698195395146
E311,0.7527069072806472
E3110,0.0729184816428127
E3111,0.15210952084629745
E3112,0.1701431238332296
E3113,0.024306160547604233
E3114,0.06742999377722464
E3115,0.11839452395768513
E3116,0.06821406347230866
E3117,0.312059738643435
E3118,0.10976975731176104
E3119,0.3252769135034225
E312,0.09644057249533292
E3120,8.231742377100186
E3121,5.736751244555071
E3122,58.20599253266957
E3123,14.423092719352832
E3124,1.4746687409251193
E3125,0.4673055382700684
E3126,1.579069902509853
E3127,0.5896204107031736
E3128,31.00275046670815
E3129,0.30578718108276287
E313,0.4492719352831363
E3130,2.2424019912881143
E3131,0.1560298693217175
E3132,0.9809271935283137
E3133,0.12701929060360923
E3134,0.19543870566272556
E3135,0.01803360298693217
E3136,0.17641568139390168
E3137,0.3214685749844431
E3138,0.07919103920348475
E3139,0.21640323584318605
E314,4.199570628500311
E3140,4.880535158680772
E3141,0.10469197261978844
E3142,5.620248911014312
E3143,1.2981207218419415
E3144,1.0219352831362787
E3145,0.11055382700684505
E3146,0.10349719975108898
E3147,3.713335407591786
E3148,5.35843808338519
E3149,7.495332918481643
E315,1.5597759800871192
E3150,1.2896453018046046
E3151,0.014897324206596143
E3152,3.2110454262601125
E3153,1.1314872433105165
E3154,0.2963783447417548
E3155,1.9543870566272556
E3156,0.011761045426260112
E3157,0.10584940883634102
E3158,0.2046421904169259
E3159,1.5017921593030492
E316,0.29873055382700686
E3160,1.3795332918481642
E3161,0.30892345986309894
E3162,0.02587429993777225
E3163,0.03528313627878033
E3164,3.939632856253889
E3165,2.952153080273802
E3166,0.12153080273802117
E3167,0.18974486621032982
E3168,40.23720597386434
E3169,7.3546670815183575
E317,6.5977411325451145
E3170,0.17641568139390168
E3171,0.11290603609209707
E3172,39.86159925326696
E3173,0.09252022401991286
E3174,1.9551897946484131
E3175,0.1670068450528936
E3176,0.21483509645301804
E3177,4.2871437461107655
E3178,0.07291848164281269
E3179,0.07527069072806471
E318,1.0098817672682014
E3180,0.010976975731176106
E3181,0.07997510889856875
E3182,0.04390790292470442
E3183,0.03449906658369633
E3184,0.061941505911636593
E3185,0.13799626633478532
E3186,0.22345986309894214
E3187,0.5676664592408214
E3188,0.20542626011200996
E3189,0.26736776602364654
E319,0.07056627255756068
E3190,0.05331673926571251
E3191,0.19523335407591785
E3192,0.02195395146235221
E3193,0.5504169259489732
E3194,0.12937149968886125
E3195,7.3215868077162405
E3196,0.30186683260734287
E3197,12.178917237087742
E3198,3.6941630367143747
E3199,0.18347230864965774
E32,0.10192906036092098
E320,0.312059738643435
E3200,0.12309894212818917
E3201,31.702636382493257
E3202,0.35047915370255134
E3203,0.018817672682016177
E3204,0.2681518357187306
E3205,14.335874299937773
E3206,0.6844928438083385
E3207,0.07056627255756068
E3208,21.911342460070525
E3209,1.7105040448039823
E321,0.8679651524579963
E3210,9.961866832607342
E3211,3.3534847542003736
E3212,2.4017734909769755
E3213,6.018668326073429
E3214,1.7280896079651524
E3215,5.626577473553205
E3216,1.1354075917859365
E3217,0.2485500933416304
E3218,0.3253889234598631
E3219,1.1212009956440574
E322,0.6805724953329184
E3220,0.08938394523957686
E3221,4.114499066583696
E3222,9.156826384567516
E3223,0.0744866210329807
E3224,0.04390790292470442
E3225,1.6847604231487243
E3226,1.0903422526446795
E3227,0.1458369632856254
E3228,1.2324082140634722
E3229,0.37814561294337273
E323,9.428512756689484
E3230,0.14113254511512136
E3231,0.02509023024268824
E3232,0.05018046048537648
E3233,0.38889856876166773
E3234,0.17719975108898567
E3235,0.10299315494710641
E3236,0.35204729309271937
E3237,6.2382007882182124
E3238,1.326925948973242
E3239,0.06821406347230866
E324,0.14270068450528936
E3240,0.05253266957062851
E3241,0.40457996266334784
E3242,6.324082140634722
E3243,3.7810640945861853
E3244,4.484803982576229
E3245,2.1263410080896077
E3246,2.376123210952085
E3247,0.33278080273802113
E3248,0.39281891723708773
E3249,0.20622899813316745
E325,0.38027380211574363
E3250,2.2588301182327317
E3251,0.060373366521468574
E3252,0.15132545115121346
E3253,0.6965899191039202
E3254,25.27381456129434
E3255,3.649395146235221
E3256,0.07291848164281269
E3257,0.10584940883634102
E3258,0.10114499066583697
E3259,0.23678904791537028
E326,0.7087990043559427
E3260,0.02587429993777225
E3261,0.19209707529558182
E3262,0.09408836341008091
E3263,0.05253266957062851
E3264,0.22581207218419413
E3265,3.530945861854387
E3266,4.124785314250156
E3267,4.309937772246422
E3268,4.729551960174238
E3269,5.348344741754822
E327,1.8112196639701308
E3270,0.09800871188550093
E3271,0.040771624144368385
E3272,0.06272557560672061
E3273,0.09173615432482887
E3274,0.06115743621655258
E3275,0.11369010578718107
E3276,1.4778220286247665
E3277,0.3426384567517113
E3278,1.8939763534536402
E3279,0.41555693839452396
E328,2.5778718108276286
E3280,0.09330429371499689
E3281,0.1685749844430616
E3282,0.5559054138145613
E3283,0.30421904169259495
E3284,0.19523335407591785
E3285,2.6847106409458616
E3286,4.265861854387056
E3287,1.5848475420037336
E3288,1.1006285003111387
E3289,0.042339763534536404
E329,9.285774735532048
E3290,0.33950217797137516
E3291,0.04704418170504045
E3292,0.13799626633478532
E3293,18.01121966397013
E3294,1.059483509645302
E3295,2.3066770379589294
E3296,0.029010578718108276
E3297,0.08389545737398882
E3298,2.314405724953329
E3299,8.888637782617714
E33,1.8080647168637214
E330,0.29637834474175484
E3300,55.72077162414437
E3301,0.30029869321717484
E3302,1.8823833229620412
E3303,4.108114499066583
E3304,2.9170006222775355
E3305,0.15119477286869945
E3306,0.7592408214063472
E3307,0.9890043559427504
E3308,0.31676415681393905
E3309,0.2587429993777225
E331,0.32852520224019915
E3310,0.023522090852520224
E3311,0.10663347853142502
E3312,0.2893217174859988
E3313,0.16935905413814561
E3314,0.12701929060360923
E3315,0.09957685127566895
E3316,0.06978220286247666
E3317,0.536303671437461
E3318,0.8897510889856877
E3319,4.620634723086497
E332,0.5065090230242688
E3320,1.141773490976976
E3321,2.6557747355320473
E3322,7.69023024268824
E3323,0.5386558805227132
E3324,0.09644057249533292
E3325,0.14113254511512133
E3326,7.3032358431860604
E3327,0.1560298693217175
E3328,15.29996888612321
E3329,8.897604231487243
E333,5.36775357809583
E3330,2.890435594275047
E3331,14.340504044803984
E3332,2.0378904791537025
E3333,1.1016365899191038
E3334,1.4371997510889856
E3335,0.885448662103298
E3336,0.736596141879278
E3337,0.7406098319850652
E3338,0.5464965774735532
E3339,4.248220286247666
E334,6.262383322962041
E3340,4.145357809583074
E3341,0.21248288736776605
E3342,0.01803360298693217
E3343,2.7274051026757933
E3344,5.2312570006222785
E3345,0.1285874299937772
E3346,0.07527069072806471
E3347,0.1356440572495333
E3348,0.17014312383322963
E3349,0.7934785314250155
E335,3.6625824517734906
E3350,0.19680149346608586
E3351,7.656925948973242
E3352,1.2034909769757312
E3353,0.0525326695706285
E3354,0.10192906036092098
E3355,0.07919103920348475
E3356,5.58462974486621
E3357,0.09016801493466087
E3358,0.6507778469197262
E3359,2.1131051649035473
E336,0.24933416303671438
E3360,9.86727442439328
E3361,2.664138145612943
E3362,0.08075917859365277
E3363,0.31127566894835096
E3364,0.2218917237087741
E3365,0.023522090852520224
E3366,1.5551462352209084
E3367,9.725245799626633
E3368,0.2195395146235221
E3369,0.06664592408214064
E337,0.8083758556316116
E3370,0.3551835718730554
E3371,0.0619415059116366
E3372,0.30108276291225883
E3373,0.17249533291848163
E3374,0.6891785936527691
E3375,1.9480211574362167
E3376,2.359477286869944
E3377,7.564349719975109
E3378,0.09252022401991289
E3379,12.32292470441817
E338,0.631176104542626
E3380,19.13537025513379
E3381,8.874978220286247
E3382,10.070236465463596
E3383,0.09252022401991286
E3384,0.0517485998755445
E3385,2.012221530802738
E3386,0.07605476042314872
E3387,0.10898568761667704
E3388,3.898487865588052
E3389,1.7127069072806473
E339,0.36067205973864336
E3390,0.6229620410703173
E3391,0.5198382078406969
E3392,0.210130678282514
E3393,0.5653515868077164
E3394,2.994511512134412
E3395,1.6149408836341008
E3396,4.921344119477287
E3397,0.7611823273179839
E3398,3.5006845052893594
E3399,29.71271935283136
E34,0.1560298693217175
E340,17.158207840696953
E3400,8.383291848164282
E3401,0.5057249533291848
E3402,0.03920348475420037
E3403,1.9463596764156812
E3404,2.9418668326073427
E3405,4.301910392034848
E3406,1.1448911014312382
E3407,1.9852457996266335
E3408,0.17641568139390168
E3409,0.08467952706907281
E341,1.8729931549471064
E3410,0.07056627255756068
E3411,2.4719477286869944
E3412,3.0406222775357814
E3413,0.7494586185438705
E3414,0.1913130056004978
E3415,0.20464219041692597
E3416,9.494617299315495
E3417,2.664138145612943
E3418,1.9317485998755444
E3419,2.74874922215308
E342,0.17484754200373367
E3420,14.641157436216552
E3421,12.731630367143747
E3422,13.543077992117817
E3423,3.5502302426882384
E3424,10.02909147479776
E3425,1.132065961418793
E3426,0.21797137523335405
E3427,0.35439950217797134
E3428,0.09016801493466084
E3429,0.4806347230864966
E343,0.09879278158058494
E3430,0.38184194150591155
E3431,0.18582451773490977
E3432,0.4257498444306161
E3433,0.315196017423771
E3434,0.104281269446173
E3435,0.2485500933416304
E3436,0.12701929060360923
E3437,0.13015556938394524
E3438,0.18112009956440572
E3439,7.556940728064717
E344,0.8899191039203486
E3440,0.4731673926571251
E3441,0.18190416925948974
E3442,0.21640323584318605
E3443,2.232115743621655
E3444,0.09330429371499689
E3445,1.1061543248288737
E3446,0.5033727442439329
E3447,0.1474051026757934
E3448,0.10114499066583697
E3449,0.12074673304293715
E345,2.9830118232731797
E3450,0.18739265712507777
E3451,0.15289359054138146
E3452,0.312843808338519
E3453,0.18033602986932168
E3454,0.23286869943995023
E3455,0.05488487865588052
E3456,0.12466708151835719
E3457,0.13093963907902925
E3458,0.11839452395768513
E3459,0.531599253266957
E346,0.6465961418792783
E3460,0.03371499688861233
E3461,0.2485500933416304
E3462,0.5770752955818295
E3463,0.22581207218419413
E3464,0.13799626633478532
E3465,0.10976975731176104
E3466,7.05
E3467,0.27834474175482266
E3468,0.18190416925948974
E3469,0.2195395146235221
E347,0.5541319228375856
E3470,11.822296204107031
E3471,0.19758556316116987
E3472,0.15524579962663348
E3473,0.11839452395768513
E3474,0.14975731176104545
E3475,0.17719975108898567
E3476,0.23600497822028624
E3477,0.1779838207840697
E3478,2.293833229620411
E3479,0.2195395146235221
E348,0.5275668948350964
E3480,0.2383571873055383
E3481,7.971841941505912
E3482,2.0807716241443686
E3483,7.409558182949596
E3484,12.735980087118856
E3485,19.169010578718108
E3486,0.10036092097075296
E3487,0.5519850653391413
E3488,0.14191661481020534
E3489,0.13485998755444928
E349,1.0937772246421904
E3490,0.10584940883634099
E3491,0.03920348475420038
E3492,0.12074673304293715
E3493,0.11290603609209707
E3494,0.6939016801493465
E3495,0.1285874299937772
E3496,0.3042190416925949
E3497,0.31441194772868697
E3498,4.731673926571251
E3499,5.544642190416925
E35,0.03920348475420037
E350,6.58437461107654
E3500,0.2007218419415059
E3501,28.513142501555695
E3502,2.1820659614187927
E3503,173.72202862476664
E3504,0.0940883634100809
E3505,6.586832607342876
E3506,0.009408836341008088
E3507,2.1720962974486624
E3508,0.3904667081518357
E3509,0.0007840696950840075
E351,0.1897448662103298
E3510,0.04261356565028003
E3511,0.04469197261978842
E3512,0.19444928438083386
E3513,0.11996266334785316
E3514,0.002352209085252022
E3515,44.79660858742999
E3516,95.96347230864966
E3517,2.0675357809583073
E3518,0.3600186683260734
E3519,17.660068813524166
E352,12.969987554449283
E3520,49.43821945654429
E3521,0.11682638456751712
E3522,2.8032545115121343
E3523,1.0757996266334784
E3524,0.24776602364654635
E3525,1.584082140634723
E3526,5.986596141879279
E3527,7.002507778469196
E3528,3.765513378967019
E3529,0.020385812072184192
E353,3.0511325451151214
E3530,1.4915059116365899
E3531,0.1278033602986932
E3532,7.478102053515868
E3533,2.8919103920348475
E3534,1.9670939639079028
E3535,0.5135656502800249
E3536,2.038114499066584
E3537,2.057249533291848
E3538,2.6523957685127564
E3539,0.0642937149968886
E354,0.17641568139390168
E3540,4.121910392034848
E3541,11.333441194772869
E3542,50.70522713130056
E3543,82.48409458618544
E3544,23.156545581829494
E3545,6.0496950840074675
E3546,0.03371499688861232
E3547,0.19209707529558182
E3548,1.62522713130056
E3549,0.5864841319228375
E355,8.168755444928438
E3550,7.148120721841942
E3551,2.232115743621655
E3552,8.195693839452396
E3553,7.404478842563784
E3554,0.11839452395768513
E3555,0.7230864965774736
E3556,2.118967019290604
E3557,0.5221904169259489
E3558,3.8603298070939633
E3559,3.7057000622277534
E356,7.029427504667082
E3560,0.315980087118855
E3561,0.34891101431238336
E3562,9.50449284380834
E3563,1.6135034225264469
E3564,3.6331922837585564
E3565,0.18425637834474176
E3566,0.2939701306782825
E3567,1.8779962663347853
E3568,2.535793403858121
E3569,4.639097697573117
E357,0.35361543248288735
E3570,6.887940261356565
E3571,0.7920410703173615
E3572,0.1356440572495333
E3573,1.1829184816428127
E3574,0.8023273179838208
E3575,0.11917859365276914
E3576,0.7261978842563783
E3577,5.400280024891101
E3578,0.1466210329807094
E3579,0.017249533291848165
E358,16.2914747977598
E3580,2.3118108276291225
E3581,8.014548848786559
E3582,0.6308848786558806
E3583,0.1364281269446173
E3584,0.08781580584940885
E3585,2.4672619788425636
E3586,5.894484131922837
E3587,0.10271313005600498
E3588,1.8193217174859988
E3589,1.2446359676415681
E359,4.484803982576229
E3590,4.916060983198506
E3591,2.1086807716241447
E3592,0.9051897946484131
E3593,0.106633478531425
E3594,0.25168637212196643
E3595,1.9526322339763535
E3596,7.526353453640323
E3597,7.630902302426882
E3598,0.023522090852520224
E3599,0.11996266334785315
E36,5.4339950217797135
E360,11.136832607342875
E3600,3.0630802738021163
E3601,0.2383571873055383
E3602,5.678008711885501
E3603,1.1932047293092718
E3604,3.219595519601742
E3605,7.717205973864343
E3606,2.187087741132545
E3607,2.1851088985687617
E3608,2.1498257622899817
E3609,1.3886434349719976
E361,7.694113254511511
E3610,4.968257622899813
E3611,0.05018046048537648
E3612,2.7567143746110765
E3613,7.3113752333540765
E3614,0.20542626011200996
E3615,0.19523335407591785
E3616,0.11839452395768514
E3617,3.5857373988799
E3618,4.690528935905413
E3619,0.27599253266957063
E362,10.532688238954574
E3620,0.11839452395768513
E3621,9.283590541381455
E3622,0.9566210329807093
E3623,1.656085874299938
E3624,12.230018668326073
E3625,3.181829495955196
E3626,0.08624766645924081
E3627,1.6599634930512341
E3628,0.11290603609209707
E3629,0.9169881767268201
E363,7.289707529558184
E3630,0.07683883011823274
E3631,0.0729184816428127
E3632,0.08703173615432484
E3633,7.330006222775357
E3634,1.8926695706285004
E3635,0.7817548226509022
E3636,0.16230242688238958
E3637,4.514181705040447
E3638,0.7574113254511513
E3639,0.17406347230864969
E364,29.728736361750673
E3640,0.34028624766645926
E3641,0.06978220286247666
E3642,0.13093963907902925
E3643,0.1560298693217175
E3644,0.2211076540136901
E3645,0.3473428749222153
E3646,0.06586185438705662
E3647,0.10898568761667703
E3648,0.07683883011823273
E3649,0.05410080896079651
E365,1.1926571250777847
E3650,0.13878033602986933
E3651,0.05174859987554449
E3652,0.15132545115121346
E3653,0.5535532047293092
E3654,0.207778469197262
E3655,0.13172370877411327
E3656,0.16857498444306163
E3657,0.11055382700684503
E3658,0.24541381456129432
E3659,0.08389545737398879
E366,0.36759178593652764
E3660,0.11761045426260112
E3661,0.12388301182327317
E3662,0.8781580584940883
E3663,0.2854013690105787
E3664,5.6852893590541385
E3665,7.8332669570628495
E3666,2.952153080273802
E3667,7.664691972619789
E3668,19.229103920348475
E3669,2.7775668948350964
E367,4.168904532254719
E3670,9.730790292470441
E3671,8.52479775980087
E3672,0.07527069072806472
E3673,0.2313005600497822
E3674,11.404368388301181
E3675,0.08938394523957684
E3676,8.567193528313627
E3677,6.811792159303049
E3678,3.2100497822028626
E3679,3.5796141879278163
E368,4.955781113876789
E3680,4.86985687616677
E3681,1.872097075295582
E3682,2.9083758556316117
E3683,2.0237149968886126
E3684,4.3510827629122595
E3685,1.3783571873055382
E3686,0.11212196639701308
E3687,0.08154324828873677
E3688,2.1476042314872434
E3689,6.2014312383322965
E369,4.331157851068244
E3690,0.04704418170504045
E3691,4.159925326695706
E3692,5.238046048537648
E3693,8.506726820161791
E3694,0.2195395146235221
E3695,2.6229931549471064
E3696,0.20621032980709397
E3697,1.3063534536403236
E3698,3.744194150591164
E3699,3.5018792781580586
E37,0.15916614810205354
E370,0.9908859157851068
E3700,7.004934660858743
E3701,0.09173615432482889
E3702,4.489359054138145
E3703,1.6116179215930304
E3704,0.1568139390168015
E3705,0.211698817672682
E3706,0.16387056627255756
E3707,3.7808960796515243
E3708,0.0729184816428127
E3709,2.016104542626011
E371,7.190607602157229
E3710,0.3347977598008712
E3711,2.160112009956441
E3712,0.10584940883634102
E3713,2.006303671437461
E3714,7.32897946484132
E3715,7.838120721841942
E3716,1.9543870566272559
E3717,0.5926260112009957
E3718,8.461698817672682
E3719,0.08154324828873677
E372,1.9841070317361544
E3720,2.7258556316116986
E3721,0.36537647790914746
E3722,1.4379260526861646
E3723,3.9531425015556936
E3724,6.962352209085252
E3725,6.006683260734287
E3726,3.322457996266335
E3727,0.8949035469819538
E3728,1.8455693839452396
E3729,0.420261356565028
E373,13.268967019290603
E3730,0.029794648413192286
E3731,3.1941132545115125
E3732,2.13588052271313
E3733,0.25403858120721845
E3734,2.2012570006222774
E3735,0.2830491599253267
E3736,11.816490354698194
E3737,5.873447417548226
E3738,0.18112009956440572
E3739,0.3246048537647791
E374,7.755830740510267
E3740,6.412831362787803
E3741,2.8744430616054757
E3742,0.2187554449284381
E3743,0.11525824517734908
E3744,11.922899813316738
E3745,0.07840696950840075
E3746,8.619875544492844
E3747,1.4014125700062228
E3748,0.7303235843186061
E3749,2.03437461107654
E375,17.490273802115745
E3750,5.321350342252645
E3751,0.7871499688861232
E3752,1.5138145612943374
E3753,0.024306160547604233
E3754,0.10976975731176104
E3755,1.5674673304293716
E3756,2.130261356565028
E3757,2.396695706285003
E3758,0.8739950217797138
E3759,0.05018046048537648
E376,1.5782521779713752
E3760,0.5018046048537648
E3761,0.06978220286247666
E3762,10.605121344119478
E3763,0.12153080273802117
E3764,18.750858742999377
E3765,0.1991537025513379
E3766,6.440049782202863
E3767,0.9632781580584941
E3768,0.1372121966397013
E3769,0.9463347853142502
E377,2.226934453432898
E3770,0.919937772246422
E3771,3.4047479775980087
E3772,0.5072930927193529
E3773,0.09565650280024891
E3774,3.1582327317983823
E3775,11.96150591163659
E3776,5.381723708774113
E3777,0.31754822650902303
E3778,0.1599502177971375
E3779,0.19052893590541387
E378,1.318508193320888
E3780,0.11682638456751712
E3781,0.24933416303671438
E3782,0.08781580584940885
E3783,0.05410080896079651
E3784,0.4500560049782203
E3785,0.02195395146235221
E3786,0.48533914125700056
E3787,1.3886434349719976
E3788,4.206813939016802
E3789,0.07213441194772868
E379,1.0227255756067208
E3790,0.1583820784069695
E3791,3.0858742999377724
E3792,0.07997510889856876
E3793,0.26658369632856255
E3794,6.484256378344741
E3795,17.5894835096453
E3796,0.24933416303671435
E3797,0.16151835718730553
E3798,10.999919103920348
E3799,0.2642314872433105
E38,1.5259863098942126
E380,17.617934038581208
E3800,1.6504667081518358
E3801,5.122196639701306
E3802,0.8362850031113875
E3803,0.878755444928438
E3804,0.3669446172993155
E3805,4.176216552582451
E3806,0.08232731798382079
E3807,18.57696328562539
E3808,2.659247044181705
E3809,3.2895747770172163
E381,1.3808742999377723
E3810,0.03920348475420037
E3811,5.719153702551338
E3812,0.1372121966397013
E3813,0.11996266334785315
E3814,0.24070939639079028
E3815,0.3669446172993155
E3816,0.528462974486621
E3817,0.23600497822028624
E3818,0.08389545737398882
E3819,1.975463596764157
E382,3.3350404480398255
E3820,0.17406347230864969
E3821,8.825600497822029
E3822,0.18425637834474176
E3823,2.013655258245177
E3824,0.0729184816428127
E3825,0.1278033602986932
E3826,0.10584940883634102
E3827,2.396695706285003
E3828,0.13172370877411327
E3829,0.15524579962663348
E383,8.920504044803982
E3830,0.19366521468574985
E3831,0.3347977598008712
E3832,0.14034847542003734
E3833,0.37164903546981953
E3834,0.19993777224642192
E3835,0.1607342874922215
E3836,0.6480336029869322
E3837,0.6852769135034226
E3838,1.2754947106409458
E3839,0.007056627255756067
E384,1.1150591163658992
E3840,2.139539514623522
E3841,0.2579215930304916
E3842,0.09252022401991289
E3843,0.6831673926571251
E3844,2.6269135034225264
E3845,4.793391412570006
E3846,0.10271313005600498
E3847,0.08624766645924084
E3848,0.4053640323584318
E3849,0.19601742377100187
E385,9.000466708151835
E3850,7.679551960174238
E3851,2.3246919726197888
E3852,2.710715619166148
E3853,0.25346276706077575
E3854,3.506172993154947
E3855,3.631045426260112
E3856,0.17719975108898567
E3857,3.0653018046048537
E3858,0.31790292470441817
E3859,2.952153080273802
E386,2.0405289359054137
E3860,4.1630180460485375
E3861,0.28775357809583074
E3862,0.4261605476042315
E3863,0.023522090852520224
E3864,2.478985687616677
E3865,0.2509023024268824
E3866,0.12701929060360923
E3867,0.8537585563161169
E3868,0.9091101431238333
E3869,1.7383758556316116
E387,4.824250155569384
E3870,2.7957498444306164
E3871,0.1474051026757934
E3872,0.1489732420659614
E3873,1.7831985065339144
E3874,2.3658369632856253
E3875,0.019601742377100186
E3876,6.249651524579963
E3877,0.32774113254511517
E3878,0.0846795270690728
E3879,0.05018046048537648
E388,6.556757934038582
E3880,0.024306160547604233
E3881,4.048245177349098
E3882,2.376123210952085
E3883,0.14426882389545737
E3884,0.2297324206596142
E3885,1.2917548226509024
E3886,0.7652520224019913
E3887,3.8470566272557556
E3888,6.525942750466709
E3889,2.3349782202862475
E389,3.6492843808338518
E3890,0.10741754822650902
E3891,0.9301866832607343
E3892,6.50434971997511
E3893,20.047896701929062
E3894,0.01254511512134412
E3895,0.08228998133167394
E3896,1.4195021779713752
E3897,1.146309894212819
E3898,0.0744866210329807
E3899,0.07527069072806471
E39,4.186502800248911
E390,6.881499688861232
E3900,1.1006285003111387
E3901,0.1568139390168015
E3902,6.730043559427504
E3903,0.2838332296204107
E3904,0.009408836341008088
E3905,0.05958929682638457
E3906,1.1478593652769136
E3907,1.2561169881767267
E3908,0.001568139390168015
E3909,0.3769524994814354
E391,15.388226509023024
E3910,0.09957685127566895
E3911,0.105065339141257
E3912,0.03293092719352831
E3913,1.262352209085252
E3914,1.5605787181082762
E3915,0.6562663347853142
E3916,6.439191039203485
E3917,9.37077162414437
E3918,5.7705849408836345
E3919,6.552339763534537
E392,10.621418792781583
E3920,2.994729309271935
E3921,3.6028641360713545
E3922,0.35047915370255134
E3923,0.2908898568761668
E3924,0.060373366521468574
E3925,0.1372121966397013
E3926,0.1693590541381456
E3927,0.23443683883011823
E3928,0.0627255756067206
E3929,0.09330429371499689
E393,0.09800871188550093
E3930,0.2305164903546982
E3931,0.30892345986309894
E3932,0.08075917859365277
E3933,0.1489732420659614
E3934,11.395407591785938
E3935,0.11839452395768513
E3936,0.1568139390168015
E3937,0.16308649657747354
E3938,0.26344741754822654
E3939,0.26344741754822654
E394,0.14348475420037338
E3940,0.38744243932794026
E3941,0.6891785936527691
E3942,5.18678904791537
E3943,0.3598879900435594
E3944,0.031362787803360305
E3945,6.010006222775358
E3946,2.124044803982576
E3947,8.329919103920348
E3948,6.530217797137523
E3949,0.07135034225264468
E395,8.445009334163036
E3950,0.5422588674548848
E3951,0.3050031113876789
E3952,2.3731176104542624
E3953,0.21561916614810206
E3954,6.88301182327318
E3955,3.888201617921593
E3956,29.216496577473556
E3957,5.6428749222153085
E3958,3.8248226509023024
E3959,4.0292594897324205
E396,3.217710018668326
E3960,7.782843808338519
E3961,0.019601742377100186
E3962,5.599900435594275
E3963,2.6210516490354703
E3964,0.24541381456129438
E3965,0.30186683260734287
E3966,0.1340759178593653
E3967,0.1685749844430616
E3968,2.6127069072806473
E3969,0.08859987554449283
E397,1.2807218419415058
E3970,0.105065339141257
E3971,0.2987429993777225
E3972,9.319340385812072
E3973,8.189775980087118
E3974,0.03920348475420037
E3975,0.3904667081518357
E3976,2.0704667081518355
E3977,6.869421281891723
E3978,0.10820161792159302
E3979,0.30892345986309894
E398,0.4296701929060361
E3980,1.368070939639079
E3981,2.650435594275047
E3982,1.3224642190416929
E3983,0.9051711263223396
E3984,1.4103173615432483
E3985,2.005818294959552
E3986,1.1965090230242688
E3987,2.576583696328562
E3988,5.361281891723709
E3989,10.91471686372122
E399,0.20621032980709397
E3990,0.2657996266334785
E3991,0.12231487243310517
E3992,0.061157436216552584
E3993,1.741736154324829
E3994,7.539819539514622
E3995,0.24384567517112632
E3996,3.5899004355942754
E3997,28.92008089607965
E3998,1.9642439327940262
E3999,0.09173615432482889
E4,0.931661481020535
E40,1.0012570006222776
E400,0.9079527069072807
E4000,0.6891785936527691
E4001,0.48433105164903545
E4002,0.24306160547604233
E4003,0.056453018046048534
E4004,1.0838270068450528
E4005,0.06350964530180461
E4006,1.5943683883011823
E4007,8.4038643434972
E4008,0.045476042314872435
E4009,0.14191661481020534
E401,0.523758556316117
E4010,0.35596764156813937
E4011,0.16073428749222154
E4012,0.05802115743621655
E4013,1.291616365899191
E4014,0.527678904791537
E4015,0.05723708774113255
E4016,5.1431238332296205
E4017,0.11761045426260112
E4018,0.014897324206596143
E4019,0.05331673926571251
E402,0.17798382078406969
E4020,0.5493092719352831
E4021,0.001568139390168015
E4022,2.3643995021779713
E4023,0.42026135656502794
E4024,0.13956440572495332
E4025,0.11604231487243312
E4026,0.7001742377100187
E4027,0.412775357809583
E4028,1.4454698195395144
E4029,5.667722464219042
E403,4.459023024268824
E4030,0.4704418170504045
E4031,1.5120784069695083
E4032,0.11604231487243312
E4033,0.10036092097075296
E4034,0.2587429993777225
E4035,0.5590416925948973
E4036,0.0642937149968886
E4037,0.03528313627878034
E4038,0.09879278158058494
E4039,0.38184194150591166
E404,0.20699439950217796
E4040,2.8144119477286873
E4041,1.0188425637834475
E4042,0.47749844430616056
E4043,4.3407965152458
E4044,0.5451711263223398
E4045,1.6751275668948353
E4046,0.03920348475420037
E4047,1.316639701306783
E4048,3.221742377100187
E4049,7.61678904791537
E405,1.5532233976353451
E4050,2.8809334163036713
E4051,0.020385812072184192
E4052,0.1685749844430616
E4053,1.9029558182949597
E4054,8.815749844430616
E4055,1.5508898568761667
E4056,2.9095706285003113
E4057,19.348431860609832
E4058,0.2571748599875544
E4059,0.3253889234598631
E406,4.433372744243933
E4060,0.10349719975108898
E4061,0.34655880522713134
E4062,1.5532233976353451
E4063,1.5532233976353451
E4064,8.156994399502178
E4065,0.8185874299937772
E4066,0.13015556938394524
E4067,0.042339763534536404
E4068,1.1212009956440574
E4069,7.053771001866832
E407,0.6013814561294337
E4070,4.699881767268201
E4071,11.408960796515247
E4072,4.443658991910392
E4073,6.092314872433105
E4074,0.626471686372122
E4075,0.2509023024268824
E4076,0.08859987554449283
E4077,1.6149408836341006
E4078,4.001350342252644
E4079,1.7785500933416305
E408,2.635855631611699
E4080,0.042339763534536404
E4081,0.9330429371499689
E4082,7.10596764156814
E4083,2.192258867454885
E4084,0.023522090852520224
E4085,0.09800871188550093
E4086,0.18739265712507777
E4087,2.3144057249533287
E4088,2.5715619166148103
E4089,0.07840696950840075
E409,1.8860609831985062
E4090,0.0517485998755445
E4091,0.08781580584940885
E4092,1.189704418170504
E4093,0.26344741754822654
E4094,0.6891972619788426
E4095,0.936048537647791
E4096,0.2015059116365899
E4097,2.5152769135034223
E4098,1.3693536092097076
E4099,0.10976975731176104
E41,0.2015059116365899
E410,4.46423148724331
E4100,0.15838207840696952
E4101,0.6180725990458411
E4102,0.1466210329807094
E4103,0.10584940883634102
E4104,6.230553827006845
E4105,2.6127069072806473
E4106,5.359135034225264
E4107,6.288369632856254
E4108,0.4594648413192284
E4109,0.317548226509023
E411,13.150920970752955
E4110,0.596602364654636
E4111,11.368823895457375
E4112,0.35753578095830735
E4113,2.156546359676416
E4114,9.791997355320474
E4115,0.4774984443061605
E4116,4.700815183571873
E4117,0.2595270690728065
E4118,0.4712258867454885
E4119,6.572912258867455
E412,0.4971001866832608
E4120,11.025913710848371
E4121,3.157878033602987
E4122,0.18582451773490977
E4123,0.5966023646546359
E4124,0.1851524579962663
E4125,4.885967641568139
E4126,2.507902924704418
E4127,0.9715183571873057
E4128,13.432146857498443
E4129,2.0263907902924703
E413,12.792769135034225
E4130,2.370466708151836
E4131,0.18739265712507777
E4132,24.666869943995025
E4133,1.2549222153080275
E4134,2.4723210952084633
E4135,1.0498460900228168
E4136,12.374355942750464
E4137,0.10036092097075296
E4138,0.210130678282514
E4139,3.2710267579340386
E414,1.8488977390582866
E4140,3.888201617921593
E4141,0.5990292470441817
E4142,6.9633540759178585
E4143,0.12153080273802117
E4144,2.2749968886123213
E4145,0.10741754822650902
E4146,7.374138145612944
E4147,0.103497199751089
E4148,0.054884878655880515
E4149,1.0100497822028625
E415,9.671070317361544
E4150,0.0321468574984443
E4151,0.35675171126322336
E4152,0.25874299937772244
E4153,0.2650155569383945
E4154,0.19601742377100187
E4155,26.05506533914126
E4156,0.028226509023024267
E4157,0.8495021779713752
E4158,4.739645301804605
E4159,0.03528313627878034
E416,6.140987865588053
E4160,0.1474051026757934
E4161,0.3034349719975109
E4162,2.894075917859365
E4163,7.512806471686372
E4164,0.15524579962663348
E4165,4.896253889234599
E4166,8.352283758556316
E4167,0.06586185438705663
E4168,0.7867915370255134
E4169,4.732252644679527
E417,4.375476042314872
E4170,0.6891972619788426
E4171,0.08859987554449283
E4172,0.09252022401991286
E4173,8.148276291225887
E4174,6.96713130056005
E4175,0.09252022401991286
E4176,2.3452644679527066
E4177,24.963011823273177
E4178,0.2305164903546982
E4179,0.11055382700684505
E418,0.27442439327940266
E4180,0.28696950840074675
E4181,0.09800871188550092
E4182,3.3577411325451147
E4183,0.4069321717485999
E4184,0.2399253266957063
E4185,0.05410080896079651
E4186,0.09957685127566894
E4187,0.014113254511512133
E4188,1.2713627878033604
E4189,0.0729184816428127
E419,1.4097199751088987
E4190,6.310752955818295
E4191,0.08311138767890479
E4192,0.12153080273802117
E4193,1.5532233976353456
E4194,0.9875544492843809
E4195,0.10663347853142502
E4196,2.5166210329807095
E4197,14.403248288736776
E4198,0.18582451773490977
E4199,0.25403858120721845
E42,1.6935345364032357
E420,1.3090043559427507
E4200,0.1262352209085252
E4201,0.15995021779713753
E4202,0.1466210329807094
E4203,4.2996515245799625
E4204,3.361723708774113
E4205,0.1481891723708774
E4206,0.8969757311761046
E4207,0.7103671437461108
E4208,0.12388301182327319
E4209,0.09252022401991286
E421,8.023273179838208
E4210,6.864536403235843
E4211,0.29951462352209085
E4212,0.14505289359054138
E4213,0.1960174237710019
E4214,0.9154760423148725
E4215,7.1827878033602985
E4216,10.075556938394524
E4217,1.6219041692594898
E4218,1.148158836341008
E4219,8.475868077162414
E422,0.060373366521468574
E4220,0.09173615432482887
E4221,0.09565650280024891
E4222,0.08703173615432482
E4223,0.10898568761667704
E4224,0.30578718108276287
E4225,0.730323584318606
E4226,3.425320472930927
E4227,0.4320224019912881
E4228,0.11290603609209707
E4229,1.388755444928438
E423,3.3121717485998756
E4230,3.821238332296204
E4231,0.536303671437461
E4232,2.4069819539514627
E4233,0.37635345364032363
E4234,0.15205351586807717
E4235,1.0800560049782204
E4236,3.538245177349098
E4237,1.018338518979465
E4238,0.936048537647791
E4239,0.36302426882389544
E424,0.2728562538892346
E4240,6.086471686372122
E4241,40.976285003111386
E4242,3.8882016179215926
E4243,0.24933416303671438
E4244,6.003322962041071
E4245,0.8894785314250155
E4246,0.07527069072806471
E4247,0.10820161792159302
E4248,0.4984443061605476
E4249,0.1474051026757934
E425,10.627990043559429
E4250,3.0267703795892973
E4251,3.594171489317569
E4252,0.08075917859365277
E4253,3.1064467952706902
E4254,0.07997510889856876
E4255,0.5637461107654014
E4256,15.99511512134412
E4257,1.813366521468575
E4258,13.197255756067205
E4259,0.8331860609831986
E426,1.6445861854387056
E4260,0.0650777846919726
E4261,0.12074673304293715
E4262,0.08546359676415681
E4263,0.022738021157436217
E4264,0.10192906036092098
E4265,0.4641692594897325
E4266,0.08389545737398882
E4267,0.34969508400746735
E4268,2.2526882389545735
E4269,0.15054138145612941
E427,0.9771935283136278
E4270,0.5857000622277536
E4271,2.6885749844430618
E4272,0.8949035469819538
E4273,1.3269259489732423
E4274,3.040416925948973
E4275,1.459153702551338
E4276,1.2975233354075917
E4277,0.13329184816428127
E4278,3.1578780336029864
E4279,11.42670192906036
E428,33.35626633478532
E4280,0.8204355942750465
E4281,9.789678023231694
E4282,1.882383322962041
E4283,0.10114499066583696
E4284,1.269408836341008
E4285,0.19209707529558182
E4286,4.321493466085874
E4287,9.079247044181706
E4288,1.797815805849409
E4289,0.5370877411325451
E429,1.1023397635345364
E4290,7.636857498444306
E4291,0.023522090852520224
E4292,0.5363036714374612
E4293,0.2007218419415059
E4294,0.5613939016801494
E4295,0.06742999377722464
E4296,0.7527069072806472
E4297,0.05802115743621655
E4298,0.07762289981331674
E4299,13.33707529558183
E43,0.39125077784691975
E430,0.4288861232109521
E4300,0.636664592408214
E4301,0.08311138767890479
E4302,0.14348475420037338
E4303,0.24462974486621036
E4304,0.10349719975108898
E4305,1.3636465463596767
E4306,1.0239950217797138
E4307,0.14975731176104543
E4308,0.040771624144368385
E4309,0.15524579962663348
E431,0.1568139390168015
E4310,1.6972308649657748
E4311,3.5076104542626014
E4312,0.5527691350342253
E4313,1.1128375855631611
E4314,0.13250777846919726
E4315,0.03371499688861232
E4316,2.2449408836341007
E4317,2.696546359676416
E4318,84.51019912881144
E4319,0.3261729931549471
E432,4.043970130678282
E4320,0.8949035469819538
E4321,0.9816552582451773
E4322,0.08389545737398882
E4323,0.0729184816428127
E4324,0.20542626011200996
E4325,0.04390790292470442
E4326,4.573272764986517
E4327,0.5731549471064095
E4328,0.4923957685127567
E4329,0.48248081310931334
E433,2.880149346608587
E4330,0.04939639079029247
E4331,0.309707529558183
E4332,0.5451711263223398
E4333,4.391294337274424
E4334,3.0571437461107656
E4335,0.37478531425015554
E4336,0.21601120099564405
E4337,3.54196017423771
E4338,0.0737025513378967
E4339,0.3904667081518357
E434,1.7780833851897948
E4340,1.3989296826384567
E4341,0.16622277535780958
E4342,0.8006658369632855
E4343,0.43437461107654013
E4344,0.8159738643434972
E4345,0.9463347853142502
E4346,0.20934660858743
E4347,3.898487865588052
E4348,1.4941754822650901
E4349,30.51608006637627
E435,0.8632607342874922
E4350,0.7508960796515246
E4351,1.7280896079651524
E4352,0.6962538892345987
E4353,0.17406347230864969
E4354,1.6689483509645302
E4355,0.0948724331051649
E4356,0.9669072806471686
E4357,1.1961543248288735
E4358,1.3803733665214688
E4359,0.7113627878033603
E436,0.5572619788425638
E4360,1.0788985687616677
E4361,6.326042314872433
E4362,1.9092470441817053
E4363,1.0497013067828251
E4364,1.117317983820784
E4365,0.2297324206596142
E4366,2.599042470441817
E4367,2.856664592408214
E4368,0.2720721841941506
E4369,0.07683883011823274
E437,8.445009334163037
E4370,1.0666521468574985
E4371,0.14191661481020534
E4372,1.150715619166148
E4373,1.5120784069695083
E4374,2.1336776602364655
E4375,0.10820161792159302
E4376,0.08232731798382079
E4377,0.06586185438705662
E4378,0.14034847542003734
E4379,0.17406347230864969
E438,1.8618108276291228
E4380,0.15759800871188548
E4381,0.09565650280024891
E4382,0.002352209085252022
E4383,0.9051897946484132
E4384,2.2424019912881143
E4385,0.2995146235220909
E4386,0.1262352209085252
E4387,7.753515868077162
E4388,11.778761667703794
E4389,6.477031736154325
E439,0.9673366521468575
E4390,0.08546359676415681
E4391,2.4098494088363407
E4392,0.06586185438705663
E4393,2.1601120099564404
E4394,0.09722464219041693
E4395,0.852283758556316
E4396,0.015681393901680152
E4397,0.2571748599875544
E4398,0.8052395768512757
E4399,0.04390790292470442
E44,0.2595270690728065
E440,0.6468574984443062
E4400,0.2414934660858743
E4401,2.4584131922837584
E4402,9.235687616677037
E4403,3.175575606720597
E4404,0.2187554449284381
E4405,8.956446795270692
E4406,0.14034847542003734
E4407,2.9401120099564406
E4408,7.5888052271313
E4409,0.04390790292470442
E441,0.25482265090230244
E4410,2.053366521468575
E4411,0.028226509023024267
E4412,0.15524579962663348
E4413,0.1756316116988177
E4414,0.09565650280024891
E4415,0.08389545737398882
E4416,8.101288114499066
E4417,0.3300933416303672
E4418,0.08467952706907281
E4419,0.06272557560672061
E442,0.20621032980709397
E4420,1.4175980087118853
E4421,8.064492843808338
E4422,0.1701431238332296
E4423,0.16151835718730553
E4424,0.19836963285625392
E4425,0.12545115121344122
E4426,0.9306720597386435
E4427,1.7743932794026134
E4428,0.10349719975108898
E4429,0.19680149346608586
E443,17.2603982576229
E4430,2.0678904791537023
E4431,0.3551835718730554
E4432,0.07605476042314872
E4433,3.0642538892345987
E4434,0.103497199751089
E4435,0.08859987554449283
E4436,3.9182576228998136
E4437,0.05018046048537648
E4438,1.4915059116365899
E4439,0.1278033602986932
E444,13.772706907280647
E4440,0.12701929060360923
E4441,0.22581207218419413
E4442,0.5519850653391413
E4443,2.420217797137523
E4444,7.477971375233353
E4445,2.6229931549471064
E4446,5.801891723708775
E4447,3.739303049159925
E4448,3.9390728064716867
E4449,1.3372121966397013
E445,2.633895457373989
E4450,1.6138767890479153
E4451,0.10271313005600498
E4452,0.14034847542003734
E4453,2.0366770379589294
E4454,1.9543870566272556
E4455,2.2402551337896703
E4456,0.1458369632856254
E4457,0.9566210329807093
E4458,2.7278158058494086
E4459,3.413783447417548
E446,2.1498257622899812
E4460,2.0990168014934665
E4461,0.6656751711263224
E4462,0.30186683260734287
E4463,0.01803360298693217
E4464,1.643858120721842
E4465,0.1372121966397013
E4466,0.07997510889856876
E4467,3.713335407591786
E4468,0.054884878655880515
E4469,3.8925700062227753
E447,0.003920348475420038
E4470,5.2646172993154945
E4471,1.1643248288736778
E4472,1.782190416925949
E4473,1.5374984443061608
E4474,1.079085252022402
E4475,2.7238207840696953
E4476,0.14270068450528936
E4477,10.03937772246422
E4478,1.8299813316739266
E4479,7.138655880522713
E448,2.9676851275668947
E4480,0.517485998755445
E4481,9.58584940883634
E4482,0.061157436216552584
E4483,0.16308649657747354
E4484,0.0737025513378967
E4485,0.07762289981331674
E4486,0.37321717485998757
E4487,0.4851524579962664
E4488,16.749819539514622
E4489,6.475799626633479
E449,1.577678904791537
E4490,4.786241443683884
E4491,0.407286869943995
E4492,0.1489732420659614
E4493,0.3465588052271313
E4494,0.0744866210329807
E4495,0.05018046048537648
E4496,8.496440572495333
E4497,0.36067205973864336
E4498,10.533117610454264
E4499,13.1429495955196
E45,4.820945861854387
E450,0.18425637834474176
E4500,0.029794648413192286
E4501,2.3761232109520845
E4502,6.6140572495332925
E4503,0.05018046048537648
E4504,6.114194150591164
E4505,1.316639701306783
E4506,0.18033602986932168
E4507,0.9904816428126946
E4508,0.22738021157436214
E4509,0.08311138767890479
E451,8.37843808338519
E4510,1.8760174237710021
E4511,6.741991288114499
E4512,1.1839452395768513
E4513,7.609769757311761
E4514,4.012420659614189
E4515,0.6594026135656502
E4516,3.793049159925326
E4517,5.916925948973242
E4518,2.643565650280025
E4519,1.0749595519601742
E452,0.8894337274424394
E4520,0.007840696950840076
E4521,0.009408836341008088
E4522,0.05174859987554449
E4523,0.08311138767890479
E4524,0.08311138767890479
E4525,0.04626011200995643
E4526,0.8023273179838208
E4527,0.19523335407591785
E4528,1.8823833229620412
E4529,1.717803360298693
E453,3.4789965774735534
E4530,1.3326757934038582
E4531,1.8956992843808338
E4532,0.2187554449284381
E4533,0.08467952706907281
E4534,3.532644679527069
E4535,0.08624766645924084
E4536,1.2644617299315493
E4537,0.9154760423148725
E4538,0.31049159925326697
E4539,0.19993777224642192
E454,2.6328500311138767
E4540,0.22502800248911015
E4541,0.2799128811449907
E4542,0.206994399502178
E4543,0.24698195395146233
E4544,0.22345986309894214
E4545,0.5966023646546359
E4546,0.19601742377100187
E4547,2.2044306160547604
E4548,1.5654324828873676
E4549,2.8347666459240823
E455,0.10036092097075296
E4550,0.15054138145612941
E4551,0.2932420659614188
E4552,0.05410080896079651
E4553,0.420261356565028
E4554,0.6573490976975731
E4555,0.105065339141257
E4556,0.16622277535780958
E4557,0.9485376477909145
E4558,0.019601742377100186
E4559,3.538469197261979
E456,1.8191661481020536
E4560,0.32617299315494713
E4561,0.2728562538892346
E4562,0.12701929060360923
E4563,10.162812694461731
E4564,0.2642314872433105
E4565,3.919060360920971
E4566,6.459875544492844
E4567,0.17641568139390168
E4568,2.6847106409458616
E4569,21.617622899813316
E457,0.21561916614810206
E4570,8.3376104542626
E4571,0.6049471064094586
E4572,0.0729184816428127
E4573,5.16275668948351
E4574,2.3452644679527066
E4575,0.15054138145612941
E4576,0.07840696950840075
E4577,0.18033602986932173
E4578,0.3308774113254512
E4579,7.385525824517734
E458,0.1544617299315495
E4580,4.552516334785314
E4581,0.09016801493466084
E4582,16.067118855009333
E4583,0.1152582451773491
E4584,0.05174859987554449
E4585,2.293833229620411
E4586,0.16779091474797758
E4587,0.13250777846919726
E4588,6.136353453640324
E4589,0.4704418170504045
E459,0.02195395146235221
E4590,0.2626633478531425
E4591,4.351194772868699
E4592,0.09330429371499689
E4593,0.3996328562538893
E4594,1.9245364032358434
E4595,7.299060360920971
E4596,6.7634971997510895
E4597,0.05802115743621655
E4598,1.4283883011823273
E4599,0.10663347853142502
E46,4.843833229620412
E460,10.610871188550094
E4600,0.10349719975108898
E4601,0.21718730553827006
E4602,0.105065339141257
E4603,0.06821406347230866
E4604,0.7107218419415058
E4605,2.0675357809583077
E4606,8.301001866832607
E4607,11.100787181082763
E4608,1.800093341630367
E4609,1.1329807093963908
E461,1.4708462974486618
E4610,5.112265090230243
E4611,14.556851275668949
E4612,0.0737025513378967
E4613,8.1261356565028
E4614,0.17486621032980712
E4615,1.2034909769757312
E4616,0.15132545115121346
E4617,4.558475420037337
E4618,0.1779838207840697
E4619,14.67179215930305
E462,0.2642314872433105
E4620,1.1215121344119476
E4621,3.6473242065961418
E4622,0.07200373366521469
E4623,0.05331673926571251
E4624,0.5472806471686372
E4625,1.4128562538892346
E4626,0.14034847542003734
E4627,0.5715868077162414
E4628,2.70528313627878
E4629,2.1687554449284376
E463,0.3402862476664592
E4630,0.07683883011823273
E4631,0.16151835718730553
E4632,3.261897946484132
E4633,5.897977598008711
E4634,11.043602986932171
E4635,1.156502800248911
E4636,7.8876104542626
E4637,39.307019290603606
E4638,0.6390168014934662
E464,0.2226757934038581
E465,0.210130678282514
E466,10.029091474797761
E467,1.425849408836341
E468,0.5457125077784692
E469,0.17249533291848163
E47,0.3042190416925949
E470,0.056453018046048534
E471,2.142321095208463
E472,11.843932794026136
E473,0.23757311761045427
E474,0.20464219041692597
E475,17.02937772246422
E476,0.15289359054138144
E477,3.5304418170504044
E478,0.2752084629744866
E479,0.4390790292470442
E48,12.946894835096453
E480,0.32930927193528314
E481,0.12074673304293715
E482,6.1630678282514
E483,7.4439527069072815
E484,4.1668948350964525
E485,3.784872433105165
E486,3.7671454055175273
E487,1.460647168637212
E488,6.551599253266957
E489,1.2062912258867453
E49,0.7338892345986311
E490,18.084542626011203
E491,0.09957685127566895
E492,0.06350964530180461
E493,0.8711014312383324
E494,1.0080522713130056
E495,2.5407031736154324
E496,1.8700808960796513
E497,6.668419415059116
E498,7.738935905413814
E499,1.62522713130056
E5,7.334131922837586
E50,0.20464219041692597
E500,0.1144741754822651
E501,0.23365276913503424
E502,3.4856378344741756
E503,12.425700062227754
E504,2.7730827629122587
E505,11.720497822028625
E506,0.35204729309271937
E507,1.6022090852520223
E508,5.921182327317984
E509,0.27050404480398255
E51,0.07997510889856875
E510,1.0537896701929061
E511,0.9992221530802738
E512,7.085264467952707
E513,0.06507778469197262
E514,0.1285874299937772
E515,1.122022401991288
E516,3.58241443683883
E517,0.08154324828873677
E518,0.15838207840696952
E519,7.8909147479775985
E52,0.1568139390168015
E520,1.2490043559427506
E521,0.20777846919726198
E522,2.602420659614188
E523,0.7236963285625388
E524,2.9068621136693635
E525,0.19523335407591785
E526,0.934611076540137
E527,1.110914747977598
E528,2.247797137523335
E529,4.66116365899191
E53,4.777205973864343
E530,2.6674909769757313
E531,1.3233204729309271
E532,4.782489110143124
E533,1.6874486621032985
E534,3.219595519601742
E535,2.0675357809583073
E536,7.334094586185438
E537,9.093042937149969
E538,8.585171126322338
E539,7.051978842563784
E54,4.496565028002489
E540,0.08859987554449283
E541,0.19209707529558182
E542,0.3402862476664592
E543,5.548058494088363
E544,3.012787803360298
E545,0.1356440572495333
E546,0.3261729931549471
E547,2.5260298693217176
E548,3.1512756689483505
E549,4.4182327317983825
E55,4.054555071561917
E550,0.39830740510267576
E551,2.603148724331051
E552,3.5076104542626014
E553,2.8081456129433726
E554,2.139539514623522
E555,5.0608338518979465
E556,0.26736776602364654
E557,5.576726820161792
E558,0.6788923459863099
E559,0.10036092097075296
E56,0.6631549471064093
E560,0.18739265712507777
E561,0.5266148102053516
E562,0.0729184816428127
E563,0.3805911636589919
E564,1.8135971790085044
E565,4.151742377100186
E566,46.5258556316117
E567,0.12388301182327319
E568,0.2979651524579963
E569,1.9852457996266335
E57,0.8969757311761046
E570,5.6027006845052885
E571,16.947927815805848
E572,1.908565028002489
E573,0.2046421904169259
E574,0.10114499066583697
E575,1.583820784069695
E576,0.27050404480398255
E577,0.2744243932794026
E578,0.31754822650902303
E579,0.2218917237087741
E58,2.485762289981332
E580,0.3473428749222153
E581,0.16622277535780958
E582,0.08311138767890479
E583,0.1756316116988177
E584,0.41320472930927193
E585,0.21326695706285004
E586,5.921294337274425
E587,18.13519601742377
E588,4.619514623522091
E589,2.12085252022402
E59,0.4443621655258245
E590,13.937865588052272
E591,0.2576042314872433
E592,7.611313005600499
E593,9.525065339141257
E594,6.049825762289982
E595,5.0608338518979465
E596,0.34891101431238336
E597,0.8156004978220285
E598,0.11369010578718107
E599,0.627255756067206
E6,5.061897946484131
E60,0.18425637834474176
E600,5.48994399502178
E601,0.4233416303671438
E602,11.32548226509023
E603,1.9029558182949597
E604,0.25325451151213435
E605,8.883341630367143
E606,0.11290603609209707
E607,0.045476042314872435
E608,0.06978220286247666
E609,2.602420659614188
E61,0.2657996266334785
E610,0.06742999377722464
E611,0.11682638456751712
E612,4.769769757311761
E613,0.6660672059738644
E614,0.16073428749222154
E615,0.21169881767268203
E616,0.13250777846919726
E617,0.09095208462974487
E618,0.4531922837585563
E619,0.22659614187927815
E62,0.8554200373366521
E620,0.2822650902302427
E621,0.13956440572495332
E622,0.34734287492221533
E623,0.11369010578718107
E624,0.22581207218419413
E625,0.18974486621032982
E626,0.33558182949595516
E627,0.05958929682638457
E628,4.885258245177349
E629,8.323086496577474
E63,4.266347230864966
E630,0.2697199751088986
E631,1.1936527691350343
E632,1.235432482887368
E633,1.0080522713130056
E634,4.824250155569384
E635,4.662638456751711
E636,7.7661169881767265
E637,0.1474051026757934
E638,0.09252022401991286
E639,1.9376726820161794
E64,0.626471686372122
E640,9.485376477909147
E641,2.3188301182327318
E642,0.056453018046048534
E643,6.747778469197261
E644,1.5976726820161793
E645,7.47795270690728
E646,4.2173615432482885
E647,10.44054138145613
E648,3.065301804604854
E649,14.794219041692596
E65,0.30186683260734287
E650,11.75957062850031
E651,6.140889856876167
E652,0.14426882389545737
E653,3.4924019912881143
E654,4.1692520224019916
E655,9.539254511512135
E656,2.818431860609832
E657,2.478985687616677
E658,0.6913876789047915
E659,5.441425015556938
E66,0.3426384567517113
E660,3.4356067205973866
E661,2.098394523957685
E662,6.435181912466293
E663,8.331860609831985
E664,0.2144285417963078
E665,1.5943049159925329
E666,1.409215930304916
E667,0.7508960796515246
E668,3.970491599253267
E669,2.5342252644679526
E67,0.11682638456751712
E670,7.6862538892345995
E671,16.468282514001245
E672,0.9193179838207841
E673,4.695737398879901
E674,7.0837274424393275
E675,7.791841941505911
E676,7.163186060983199
E677,1.361647790914748
E678,2.818431860609832
E679,6.289359054138146
E68,2.200920970752956
E680,3.6705102675793397
E681,6.9437585563161175
E682,0.1278033602986932
E683,5.162806990250985
E684,18.31897324206596
E685,3.764766645924082
E686,5.472283758556316
E687,4.023224590333955
E688,0.20856253889234597
E689,0.22032358431860607
E69,0.18112009956440572
E690,0.2854013690105787
E691,0.2838332296204107
E692,4.87568139390168
E693,4.484803982576229
E694,43.46122588674549
E695,50.98892968263845
E696,1.7054059323791744
E697,223.0879340385812
E698,0.2618792781580585
E699,16.467311761045426
E7,26.055718730553828
E70,5.831126322339764
E700,3.791447676830533
E701,2.8618377929890064
E702,5.602028624766645
E703,9.757766023646546
E704,16.516148102053513
E705,8.98332296204107
E706,18.893223397635346
E707,22.2578904791537
E708,13.666913503422526
E709,0.08075917859365277
E71,0.36537647790914746
E710,58.78835096453018
E711,86.41616054760422
E712,2.3006148102053516
E713,2.5165336029869323
E714,7.971841941505912
E715,2.4069819539514623
E716,10.105561812901888
E717,2.4317548226509023
E718,1.6402738021157437
E719,3.872296204107032
E72,0.4845550715619166
E720,14.858923459863098
E721,0.6742601120099565
E722,14.853341630367144
E723,16.540286247666458
E724,4.289365276913504
E725,8.249570628500312
E726,5.185123470234391
E727,0.5006098319850654
E728,12.59036714374611
E729,13.92255756067206
E73,0.060373366521468574
E730,1.5266625181497615
E731,11.885469819539512
E732,56.8856860609832
E733,40.57457996266335
E734,2.866950840074673
E735,1.5999435801700892
E736,2.0778220286247664
E737,5.1605774735532055
E738,3.623596764156814
E739,3.0961605476042315
E74,7.750696950840074
E740,3.137305538270068
E741,7.375239576851276
E742,4.413794389130886
E743,8.609589296826385
E744,0.7558431860609832
E745,7.930696950840074
E746,55.518114499066584
E747,11.88991288114499
E748,0.14270068450528936
E749,4.851325451151213
E75,0.18190416925948974
E750,0.12309894212818918
E751,0.5786434349719976
E752,10.214243932794027
E753,1.2461107654013692
E754,0.3379340385812072
E755,0.2414934660858743
E756,0.3042190416925949
E757,0.5857000622277536
E758,0.1262352209085252
E759,0.38968263845675166
E76,0.2030740510267579
E760,0.3089234598630989
E761,1.946434349719975
E762,3.919060360920971
E763,9.535351586807717
E764,8.537585563161171
E765,4.636297448662103
E766,7.601630367143746
E767,5.616141879278158
E768,13.820516490354699
E769,1.5635096453018045
E77,4.582289981331674
E770,0.5386558805227132
E771,0.3763534536403236
E772,0.31676415681393905
E773,0.1364281269446173
E774,0.7676042314872431
E775,0.08389545737398879
E776,0.05174859987554449
E777,0.3583198506533914
E778,0.06037336652146858
E779,0.10271313005600498
E78,0.08467952706907281
E780,0.13093963907902925
E781,0.21483509645301804
E782,0.11761045426260112
E783,10.00851897946484
E784,6.931474797759802
E785,8.554642190416926
E786,10.353690935490564
E787,8.714710640945862
E788,3.363602986932172
E789,1.6807093963907904
E79,1.259215930304916
E790,0.18739265712507777
E791,0.28461729931549473
E792,3.3018855009334165
E793,0.1356440572495333
E794,0.7621157436216552
E795,15.227604231487245
E796,22.678263845675172
E797,34.4938207840697
E798,0.0729184816428127
E799,3.6516179215930302
E8,1.6355133789670193
E80,10.09758556316117
E800,5.987604231487243
E801,3.2710267579340386
E802,13.505843186060982
E803,0.11839452395768513
E804,0.2313005600497822
E805,0.2830491599253267
E806,0.6005973864343497
E807,9.086116988176727
E808,0.25090230242688233
E809,7.309172370877412
E81,0.7456502800248911
E810,11.974704418170504
E811,2.8688923459863096
E812,0.27364032358431856
E813,1.7032607342874921
E814,0.18974486621032982
E815,2.7258556316116986
E816,0.868593652769135
E817,2.9007218419415057
E818,2.273260734287492
E819,1.4195021779713752
E82,12.616092097075297
E820,3.070528935905414
E821,7.32380833851898
E822,1.4492594897324207
E823,0.037635345364032353
E824,0.30892345986309894
E825,0.10114499066583697
E826,0.1489732420659614
E827,0.4328064716863721
E828,0.316764156813939
E829,0.09095208462974487
E83,0.20856253889234597
E830,1.7062227753578094
E831,13.371225886745489
E832,0.10820161792159302
E833,0.4139887990043559
E834,0.16230242688238955
E835,0.26893590541381457
E836,0.0525326695706285
E837,0.14113254511512136
E838,0.24619788425637834
E839,4.265600497822028
E84,3.337560672059739
E840,0.1403484754200373
E841,0.1544617299315495
E842,4.920442231902095
E843,4.718381456129434
E844,0.8348077162414437
E845,9.843939016801492
E846,7.508960796515246
E847,1.2209334163036714
E848,3.1921904169259494
E849,1.366894835096453
E85,0.1889607965152458
E850,1.625832607342875
E851,0.21326695706285
E852,0.316764156813939
E853,0.3097075295581829
E854,4.697744762497407
E855,5.935164903546982
E856,0.7307529558182949
E857,0.848363410080896
E858,11.189382700684504
E859,0.24619788425637834
E86,0.28853764779091473
E860,5.719153702551338
E861,0.20228998133167392
E862,4.610236465463596
E863,2.3754698195395147
E864,0.19444928438083386
E865,0.7268326073428749
E866,3.1475917859365277
E867,14.421431238332294
E868,3.416770379589297
E869,6.4881767268201616
E87,0.22581207218419413
E870,4.549555123418378
E871,7.752171748599875
E872,1.177056627255756
E873,0.1152582451773491
E874,2.0675357809583073
E875,7.08528313627878
E876,1.141773490976976
E877,0.11839452395768514
E878,0.16465463596764157
E879,4.481275668948351
E88,1.4689919103920348
E880,0.21640323584318605
E881,0.0940883634100809
E882,0.3300933416303672
E883,0.9479402613565652
E884,9.329626633478531
E885,0.4328064716863721
E886,0.4500560049782203
E887,0.11133789670192905
E888,0.1756316116988177
E889,0.39909147479775975
E89,0.2979464841319228
E890,0.49788425637834477
E891,2.232115743621655
E892,2.5098444306160546
E893,0.11917859365276913
E894,0.15132545115121346
E895,1.3910329807093964
E896,1.6972308649657748
E897,8.39357809583074
E898,2.9932980709396393
E899,0.10192906036092098
E9,18.258089607965154
E90,0.07919103920348476
E900,1.104903546981954
E901,0.3332296204107032
E902,4.700815183571873
E903,4.731673926571251
E904,0.06194150591163659
E905,1.768070939639079
E906,0.15446172993154947
E907,0.19131300560049783
E908,6.8094959551960175
E909,1.2209645301804606
E91,11.674891101431237
E910,4.433372744243933
E911,0.35439950217797134
E912,6.886944617299315
E913,0.31127566894835096
E914,0.38654635967641565
E915,5.400280024891101
E916,2.592134411947729
E917,0.38419415059116374
E918,9.74499688861232
E919,0.1466210329807094
E92,14.649085252022402
E920,0.20621032980709397
E921,2.4069819539514623
E922,0.07840696950840075
E923,0.029010578718108276
E924,0.5731549471064095
E925,0.6335283136278781
E926,0.16387056627255758
E927,2.890435594275047
E928,0.21561916614810206
E929,0.12074673304293716
E93,0.30735532047293096
E930,9.128394523957684
E931,0.5904044803982577
E932,1.4848599875544493
E933,7.3046546359676405
E934,8.260920970752956
E935,0.2313005600497822
E936,0.533951462352209
E937,0.21405102675793403
E938,2.3658369632856253
E939,2.6127069072806473
E94,7.735258245177349
E940,6.850640945861854
E941,2.2747713130056004
E942,0.6923335407591785
E943,0.6068699439950218
E944,0.5762912258867455
E945,0.14583696328562537
E946,1.266701929060361
E947,0.20307405102675796
E948,4.054760423148724
E949,1.0208587429993776
E95,1.1110267579340387
E950,9.514779091474798
E951,0.09644057249533293
E952,1.0507093963907905
E953,0.8044555071561916
E954,2.9799502177971373
E955,2.7875731176104543
E956,0.10663347853142502
E957,3.071200995644057
E958,5.852874922215308
E959,3.9642003733665216
E96,8.990180460485377
E960,8.892713130056006
E961,0.008624766645924082
E962,0.23678904791537025
E963,0.10741754822650902
E964,0.19444928438083386
E965,0.061941505911636593
E966,3.0645550715619163
E967,0.105849408836341
E968,2.0110640945861853
E969,0.4022277535780958
E97,9.964312383322962
E970,0.1591661481020535
E971,0.23994399502177974
E972,0.42496577473553204
E973,0.3669446172993155
E974,0.6186309894212819
E975,0.2744243932794026
E976,0.23208462974486624
E977,0.36459240821406347
E978,0.17406347230864969
E979,7.248369632856255
E98,7.076322339763534
E980,0.21169881767268203
E981,0.5143497199751088
E982,0.27599253266957063
E983,7.876579962663347
E984,0.48497822028624765
E985,8.28042937149969
E986,1.5952341837792992
E987,0.22424393279402616
E988,4.360472930927194
E989,2.9635780958307403
E99,1.514505289359054
E990,14.287598008711884
E991,0.5472806471686372
E992,1.8926695706285004
E993,0.5290230242688239
E994,90.55751088985687
E995,0.6632399917029661
E996,0.5998133167392657
E997,3.6913067828251402
E998,6.214349719975108
E999,0.6893092719352831
