farm,etp
E1,0.055224464396835274
E10,0.9139067361543249
E100,3.104563433416304
E1000,0.06147479775980089
E1001,0.011551248999911105
E1002,0.5021850831184994
E1003,0.25482265090230244
E1004,0.6740508322962041
E1005,0.208562538892346
E1006,4.762345986309894
E1007,0.5755320472930927
E1008,0.0716116988176727
E1009,0.13599253266957065
E101,0.8711014312383323
E1010,1.2151514856876167
E1011,1.8955188757519188
E1012,10.735996977509112
E1013,0.0810285358698551
E1014,0.02195395146235221
E1015,0.20746555249355497
E1016,0.22502800248911015
E1017,0.63980087118855
E1018,1.1276042314872432
E1019,1.2301080688653805
E102,0.1670068450528936
E1020,1.4808585485376478
E1021,0.024763979020357367
E1022,1.6560858742999378
E1023,0.13195572939816874
E1024,0.9970143123833229
E1025,0.020808071828606986
E1026,0.5512009956440573
E1027,1.3360547604231487
E1028,1.9092470441817049
E1029,0.05601564583518535
E103,0.23914125700062228
E1030,0.006725042225975642
E1031,0.44135923193172727
E1032,1.4178967019290603
E1033,0.21405102675793405
E1034,0.062186861054315944
E1035,0.4437834474175482
E1036,6.370231131656148
E1037,0.050635612054404845
E1038,0.06131033869677305
E1039,0.060525380033780773
E104,0.4829869321717486
E1040,0.32018401635700955
E1041,4.523484754200373
E1042,0.2422775357809583
E1043,0.25874299937772244
E1044,1.502128189172371
E1045,0.39906836163214504
E1046,0.0077535780958307415
E1047,0.39522446439683523
E1048,0.7851859054138145
E1049,1.5507405102675793
E105,1.6813394523957685
E1050,1.141377605787181
E1051,0.010601831273891013
E1052,0.17719975108898572
E1053,0.17060538714552406
E1054,19.98855009334163
E1055,0.2568130500488932
E1056,0.021599253266957063
E1057,2.9624609131922837
E1058,0.35047915370255134
E1059,0.4784839763534537
E106,0.517485998755445
E1060,0.3229931549471064
E1061,0.05410080896079651
E1062,0.30186683260734287
E1063,0.018213174504400395
E1064,0.30813939016801495
E1065,0.6327442439327939
E1066,0.20228998133167392
E1067,0.6402115743621655
E1068,0.7417299315494711
E1069,0.12423148724331051
E107,0.6021760008297034
E1070,0.6154947106409459
E1071,0.20621032980709397
E1072,0.1994150591163659
E1073,0.1340759178593653
E1074,0.1560298693217175
E1075,0.3347977598008712
E1076,0.13956440572495332
E1077,0.31127566894835096
E1078,0.2728562538892346
E1079,0.4386398791003645
E108,0.27114854653747
E1080,0.18268823895457373
E1081,0.2414934660858743
E1082,0.2485500933416304
E1083,0.29903546981953955
E1084,0.16247666459240823
E1085,0.4109831985065339
E1086,0.014026135656502802
E1087,0.2203235843186061
E1088,0.10349719975108898
E1089,0.41712507778469193
E109,0.6529993777224642
E1090,0.11369010578718107
E1091,0.3510606720597386
E1092,0.32504044803982574
E1093,0.62803982576229
E1094,0.12466708151835718
E1095,0.14505289359054138
E1096,0.07373366521468576
E1097,0.19366521468574985
E1098,0.1973242065961419
E1099,0.01400391145879634
E11,0.13494355053782559
E110,0.200340474708863
E1100,0.2960103120277358
E1101,0.17719975108898567
E1102,0.1260174237710019
E1103,0.14383500755622722
E1104,0.19131300560049783
E1105,0.2597510889856876
E1106,0.18504044803982572
E1107,0.19288114499066586
E1108,1.5213676493466086
E1109,0.4265339141257001
E111,0.23286869943995023
E1110,0.26532047293092714
E1111,0.022730020446261892
E1112,6.4344185853557345
E1113,0.09565650280024891
E1114,0.06664592408214064
E1115,0.16465463596764157
E1116,0.2854013690105787
E1117,0.07840696950840075
E1118,0.46573739887990045
E1119,0.5049408836341007
E112,0.7895581829495955
E1120,0.5096453018046049
E1121,0.19993777224642187
E1122,4.310990406554656
E1123,0.34969508400746735
E1124,0.2527317983820784
E1125,0.5566651628292885
E1126,0.005300915636945507
E1127,0.40799529402613566
E1128,0.04834118588318962
E1129,8.935052893590541
E113,1.0658991910392035
E1130,0.01341630367143746
E1131,0.7176796826384567
E1132,0.8883358520757401
E1133,2.4166902613565653
E1134,10.272030958307406
E1135,0.08939372388656769
E1136,0.759424133997096
E1137,2.091858470752956
E1138,0.04647257534003022
E1139,0.43437461107654013
E114,0.337750911192106
E1140,0.0230233798559872
E1141,0.48916614810205356
E1142,0.17988976797937595
E1143,1.5723210952084627
E1144,4.194138145612943
E1145,0.044212818917237086
E1146,0.34146857498444305
E1147,0.004826206773935461
E1148,0.17184194150591162
E1149,0.08703173615432484
E115,0.7503546981953951
E1150,0.06527246866388126
E1151,0.8135283136278781
E1152,0.013766557027291317
E1153,0.673851897946484
E1154,0.4647714685749844
E1155,0.2982265090230243
E1156,0.02195395146235221
E1157,0.05988710107565117
E1158,0.017564227931371676
E1159,2.555021779713752
E116,0.6115743621655257
E1160,4.903023296515246
E1161,1.0499315494710642
E1162,0.41013787336652147
E1163,0.21248288736776605
E1164,0.17014312383322963
E1165,0.01724775535603165
E1166,0.19235576495688508
E1167,0.3161358120721842
E1168,0.29010578718108276
E1169,6.427803360298693
E117,0.8616925948973242
E1170,0.05880522713130056
E1171,0.009156369455062673
E1172,0.2854013690105787
E1173,0.015428038047826475
E1174,0.22481020535158683
E1175,0.15820784069695085
E1176,0.0940883634100809
E1177,0.03131833940794737
E1178,0.05126944617299316
E1179,3.0814685749844433
E118,0.05484131922837585
E1180,0.012184194150591165
E1181,0.1583820784069695
E1182,0.05488487865588052
E1183,0.22110765401369015
E1184,0.18058849675526714
E1185,0.2642314872433105
E1186,0.08823095386256556
E1187,0.21013067828251397
E1188,0.009019468397190861
E1189,0.5100684505289359
E119,0.21088363410080896
E1190,5.407542003733665
E1191,0.7534909769757313
E1192,0.24619788425637834
E1193,0.29816428126944616
E1194,0.021915725842297094
E1195,0.009256822828695886
E1196,0.0094150591163659
E1197,0.14502444661747713
E1198,0.17780869410614278
E1199,3.9319788425637836
E12,0.02998577651346787
E120,0.5127815805849408
E1200,1.2222028624766645
E1201,0.07242688238954574
E1202,0.010443594986221
E1203,0.5515070006222774
E1204,1.5254797370877413
E1205,0.0016614810205351587
E1206,0.08079118143835008
E1207,0.025001333451862392
E1208,0.0
E1209,0.0146368566094764
E121,0.13999999999999999
E1210,0.014636856609476398
E1211,0.012342430438261177
E1212,0.028086941061427687
E1213,0.3503804782647346
E1214,0.01803360298693217
E1215,0.02215485820961863
E1216,5.424088363410081
E1217,3.7752955818294964
E1218,0.012658903013601211
E1219,0.028482531780602727
E122,0.5496328562538892
E1220,11.558531425015557
E1221,0.09652354283343703
E1222,0.01956855424185853
E1223,4.2554497899813315
E1224,0.011155658280736065
E1225,0.08629122588674548
E1226,0.009968886123210953
E1227,0.32919103920348475
E1228,1.494051026757934
E1229,0.014953329184816429
E123,16.80011706596142
E1230,0.009889767979375946
E1231,0.22049782202862478
E1232,1.900849564405725
E1233,0.09283847453106944
E1234,0.010127122410880969
E1235,0.0188301182327318
E1236,0.09522090852520224
E1237,0.27871899724419946
E1238,0.14878655880522715
E1239,0.015507156191661483
E124,0.35757897739058286
E1240,0.11369010578718107
E1241,0.004351497910925416
E1242,0.05777402435772069
E1243,0.5933229620410704
E1244,0.0240519157258423
E1245,0.016614810205351587
E1246,0.04470175126677927
E1247,3.2625388923459866
E1248,0.008861232109520847
E1249,0.0
E125,0.7806285003111388
E1250,0.2874797759800871
E1251,0.14348475420037338
E1252,0.017405991643701664
E1253,0.055451151213441206
E1254,0.046996177437994495
E1255,0.5435843186060983
E1256,0.5361169881767267
E1257,0.2546182845882597
E1258,0.34993421637478883
E1259,0.011234776424571073
E126,0.31362787803360304
E1260,0.0851151213441195
E1261,0.6814063472308649
E1262,0.008940350253355853
E1263,0.34185438705662724
E1264,0.15446172993154947
E1265,0.049923548759889774
E1266,0.47357809583074056
E1267,0.3462129967108188
E1268,0.009652413547870923
E1269,0.022469552849142146
E127,0.1466210329807094
E1270,0.01795981865054672
E1271,0.5659356387234421
E1272,0.07445017334874211
E1273,0.2272050848964353
E1274,0.25795892968263845
E1275,0.0
E1276,0.023522090852520224
E1277,0.22597297537558894
E1278,0.06597297537558894
E1279,1.096801493466086
E128,0.13105035262393694
E1280,0.020333362965596947
E1281,0.014083029602631348
E1282,0.11761045426260112
E1283,0.0
E1284,0.5180522713130056
E1285,0.014162147746466356
E1286,0.010839185705396036
E1287,0.007990932527335765
E1288,0.030064894657302874
E1289,0.4917485998755445
E129,0.2657996266334785
E1290,0.014940883634100807
E1291,0.05134767534891991
E1292,0.029010578718108276
E1293,0.0
E1294,0.11438705662725575
E1295,0.14505289359054138
E1296,0.027442439327940257
E1297,0.003481198328740333
E1298,0.005459151924615522
E1299,0.04390790292470442
E13,1.589047915370255
E130,0.16107209529735977
E1300,0.5464571017423772
E1301,0.16622277535780958
E1302,0.35910392034847544
E1303,0.17104098142057073
E1304,0.8762693943165316
E1305,0.10628767001511247
E1306,0.07275402257978487
E1307,0.06899813316739266
E1308,0.005459151924615522
E1309,0.014331051649035469
E131,0.6350964530180461
E1310,0.0
E1311,0.0794088363410081
E1312,0.07605476042314872
E1313,0.007120632945150682
E1314,0.49866832607342876
E1315,0.006725042225975642
E1316,0.13956440572495335
E1317,0.010976975731176106
E1318,0.7861605476042316
E1319,0.19131300560049783
E132,0.48377100186683264
E1320,0.01280647168637212
E1321,0.1599502177971375
E1322,0.0
E1323,0.010062227753578097
E1324,0.8545964919103921
E1325,0.00783269623966575
E1326,0.01646546359676416
E1327,0.04782825140012445
E1328,0.008702995821850832
E1329,0.37556938394523953
E133,0.4179091474797759
E1330,0.011630367143746111
E1331,0.16230242688238958
E1332,0.023498088718997247
E1333,0.24464219041692595
E1334,2.278861815494711
E1335,0.6378060272024181
E1336,0.848363410080896
E1337,0.10885856520579609
E1338,0.4735780958307405
E1339,0.07455062672237532
E134,0.4916116988176727
E1340,0.08619432838474532
E1341,0.07976709040803627
E1342,1.6616356176104543
E1343,0.12252466885945418
E1344,0.10114499066583696
E1345,0.6828873677660237
E1346,0.2681518357187306
E1347,0.4504009245266245
E1348,0.517485998755445
E1349,1.5409956440572496
E135,0.2799128811449907
E1350,0.3387181082762912
E1351,0.04628411414347943
E1352,0.03540525824517735
E1353,0.3214685749844431
E1354,0.009256822828695884
E1355,0.523758556316117
E1356,1.4553827006845055
E1357,0.16779091474797758
E1358,0.1144741754822651
E1359,0.29716241443683883
E136,1.1218917237087742
E1360,0.031362787803360305
E1361,0.015681393901680152
E1362,0.09879278158058494
E1363,0.11055382700684505
E1364,0.0974859987554449
E1365,0.1119477286869944
E1366,0.16387056627255758
E1367,0.007041514801315674
E1368,0.007041514801315674
E1369,0.07448662103298072
E137,0.3636412125522269
E1370,0.03251755711618811
E1371,2.2559894212818916
E1372,1.2564530180460487
E1373,0.08557293981687261
E1374,0.13701840163570098
E1375,0.5693217174859987
E1376,0.010680949417726023
E1377,0.46495332918481647
E1378,0.1160423148724331
E1379,0.9786869943995021
E138,0.4790665836963286
E1380,0.03837229975997867
E1381,0.1387527780247133
E1382,0.21483509645301802
E1383,0.010192906036092096
E1384,0.008861232109520847
E1385,0.17406347230864969
E1386,0.050160903191394796
E1387,0.015245799626633479
E1388,0.9385687616677038
E1389,0.23914125700062228
E139,0.3930802738021158
E1390,9.96076540136901
E1391,0.09644057249533292
E1392,0.025874299937772245
E1393,0.10192906036092098
E1394,0.20978220286247667
E1395,0.3803111387678905
E1396,0.34777846919726196
E1397,0.0
E1398,0.15113876789047914
E1399,0.0
E14,0.014897324206596143
E140,0.00823273179838208
E1400,0.10036092097075296
E1401,0.5325354179630781
E1402,0.005793403858120722
E1403,0.4351586807716241
E1404,0.14692861587696684
E1405,0.19288114499066586
E1406,0.21296204107031738
E1407,0.004351497910925416
E1408,0.005696506356120544
E1409,0.005459151924615522
E141,0.17014312383322963
E1410,0.010364476842385992
E1411,0.1595972975375589
E1412,0.08780958307405104
E1413,0.21326695706285004
E1414,0.0
E1415,0.0
E1416,0.025417370432927376
E1417,0.40928438083385194
E1418,0.10440483598542093
E1419,0.41320472930927193
E142,0.006962396657480666
E1420,0.10885500933416305
E1421,4.065435399813317
E1422,0.8197870644057249
E1423,0.2618792781580585
E1424,0.4116365899191039
E1425,0.14840696950840077
E1426,0.09318961685483153
E1427,0.05728153613654547
E1428,0.30052093519423945
E1429,0.7164763534536404
E143,0.23869499511067652
E1430,0.04478086941061429
E1431,0.014897324206596143
E1432,0.1340759178593653
E1433,0.010443594986220998
E1434,0.08232731798382079
E1435,0.00680416036981065
E1436,0.106633478531425
E1437,0.006725042225975642
E1438,0.2595270690728065
E1439,0.0
E144,0.2051382345097342
E1440,0.7454760423148724
E1441,0.18033602986932168
E1442,0.15602986932171745
E1443,0.008702995821850832
E1444,0.7780958307405101
E1445,0.0
E1446,0.24184194150591165
E1447,0.035913414525735626
E1448,0.005538270068450529
E1449,0.11604231487243312
E145,0.18190416925948974
E1450,0.0
E1451,0.10898568761667703
E1452,0.1236083207396213
E1453,0.06818028269179482
E1454,0.0
E1455,0.006725042225975643
E1456,0.49474797759800876
E1457,0.03345364032358432
E1458,0.14818917237087742
E1459,0.0
E146,0.14127477998044274
E1460,0.20830118232731798
E1461,0.4362298796930097
E1462,0.2216303671437461
E1463,0.059477286869943996
E1464,0.1278033602986932
E1465,0.017075295581829495
E1466,0.35121966397013066
E1467,0.15054138145612944
E1468,3.9090257467330427
E1469,0.8539213207840696
E147,0.5566894835096453
E1470,0.19962269238747146
E1471,0.0
E1472,0.2532545115121344
E1473,0.033941683705218245
E1474,0.02115388034491955
E1475,0.08232731798382079
E1476,0.6366101431238332
E1477,0.006645924082140635
E1478,0.03504933771890835
E1479,0.3434225264467953
E148,1.6559551960174237
E1480,0.08311138767890479
E1481,0.0
E1482,0.0
E1483,0.6485813627878034
E1484,0.0329033691883723
E1485,1.4942074851097877
E1486,0.7122950188164874
E1487,0.32307405102675796
E1488,6.291356565028002
E1489,0.11047648679882657
E149,0.1160423148724331
E1490,0.440309583074051
E1491,0.004905324917770469
E1492,0.8844306160547604
E1493,0.3261729931549471
E1494,0.1662574451062317
E1495,0.08355498266512579
E1496,0.46667537855216756
E1497,0.07696950840074673
E1498,0.1071419681749489
E1499,0.7651026757934039
E15,0.2883782928852935
E150,0.7158556316116989
E1500,0.17885500933416304
E1501,1.6087898646546361
E1502,0.1172575340030225
E1503,0.19601742377100187
E1504,0.44771876944617295
E1505,1.3898195395146236
E1506,0.7124393279402613
E1507,0.23385545381811718
E1508,0.15054138145612944
E1509,0.3685127566894835
E151,1.1240755289359055
E1510,0.7990790292470441
E1511,0.07160192017068184
E1512,0.09500311138767889
E1513,0.3990914747977598
E1514,0.09875277802471331
E1515,0.7030224908880789
E1516,0.008307405102675794
E1517,1.1080647168637212
E1518,0.4844243932794026
E1519,0.01526980176015646
E152,0.10036092097075296
E1520,0.04163214507956264
E1521,0.0020570717397101965
E1522,0.029271935283136277
E1523,0.029822206418348297
E1524,0.28566272557560674
E1525,0.15184816428126946
E1526,0.0
E1527,0.0198586541025869
E1528,0.007437105520490711
E1529,0.04238332296204107
E153,0.1679811538803449
E1530,0.01685216463685661
E1531,1.8735567606009425
E1532,0.007911814383500757
E1533,0.2877909147479776
E1534,0.008782113965685838
E1535,0.06672948706551694
E1536,0.0644697306427238
E1537,0.007911814383500757
E1538,0.7043657213974576
E1539,0.0077535780958307415
E154,0.3612742688238954
E1540,0.01181793937238866
E1541,2.6392594897324204
E1542,0.920360920970753
E1543,1.8671313005600498
E1544,0.004588852342430438
E1545,0.008940350253355853
E1546,0.016377455773846566
E1547,0.005063561205440484
E1548,0.0188301182327318
E1549,0.01724775535603165
E155,0.33558182949595516
E1550,0.056453018046048534
E1551,0.046125877855809405
E1552,1.2571032980709398
E1553,0.034532847364210154
E1554,0.23286869943995023
E1555,0.0780202684683083
E1556,0.027928704773757668
E1557,0.551155658280736
E1558,2.859661442128189
E1559,0.0146368566094764
E156,0.5558618543870566
E1560,0.11761045426260112
E1561,0.06572406436127656
E1562,0.0077535780958307415
E1563,0.13093963907902925
E1564,0.6531300560049782
E1565,0.0
E1566,0.0
E1567,2.4342083462974484
E1568,0.10530980531602809
E1569,18.36377100186683
E157,0.22738021157436214
E1570,0.8423148724331051
E1571,0.018355409369721753
E1572,0.14415325806738377
E1573,2.4482949595519603
E1574,0.6585438705662725
E1575,5.216770379589297
E1576,0.4108525202240199
E1577,0.4220302323169467
E1578,0.04573028713663438
E1579,0.427317983820784
E158,0.14034847542003734
E1580,0.1575980087118855
E1581,0.07100186683260735
E1582,0.3548786558805227
E1583,0.010192906036092096
E1584,0.16308649657747357
E1585,0.16008089607965154
E1586,0.039595519601742374
E1587,0.22267579340385815
E1588,0.2305164903546982
E1589,0.36145612943372746
E159,0.5119975108898569
E1590,0.004588852342430438
E1591,1.2141905265316513
E1592,0.6727317983820784
E1593,0.0594150591163659
E1594,0.019937772246421907
E1595,0.11212196639701308
E1596,0.014635967641568139
E1597,0.01677037958929683
E1598,0.0
E1599,0.8739016801493467
E16,0.6993588596764158
E160,1.1319012523335408
E1600,0.00670815183571873
E1601,0.03393279402613566
E1602,0.630994243932794
E1603,0.4077162414436839
E1604,0.17271857498444304
E1605,0.41947728686994395
E1606,0.04469197261978842
E1607,0.18896079651524578
E1608,0.593769223931016
E1609,0.5648662103298071
E161,0.2524704418170504
E1610,0.009757311761045426
E1611,0.001819717308205174
E1612,0.13747355320472932
E1613,0.7192396546359676
E1614,0.3653764779091475
E1615,0.02195395146235221
E1616,7.007473553204728
E1617,0.3347977598008712
E1618,0.019700417814916885
E1619,0.006487687794470619
E162,0.27248199839985776
E1620,0.23365276913503424
E1621,0.18896079651524578
E1622,0.022433105164903544
E1623,0.004667970486265447
E1624,0.10772246421904168
E1625,0.02982754022579785
E1626,0.048612321095208466
E1627,0.008070050671170772
E1628,0.19131300560049783
E1629,0.1606424496992325
E163,0.1905289359054138
E1630,0.004035025335585386
E1631,0.13507778469197262
E1632,0.010192906036092098
E1633,0.4649533291848164
E1634,0.24933416303671435
E1635,0.1262352209085252
E1636,0.001819717308205174
E1637,0.029010578718108276
E1638,0.028662103298070937
E1639,0.05331673926571251
E164,0.15602986932171747
E1640,0.0
E1641,0.21514836133582246
E1642,0.142352209085252
E1643,0.01585563161169882
E1644,0.04887367766023646
E1645,0.09016801493466084
E1646,0.046521468574984445
E1647,0.2495955196017424
E1648,0.0
E1649,0.4351586807716241
E165,3.8506860609831985
E1650,0.0
E1651,0.32990665836963284
E1652,0.024698195395146238
E1653,0.04791537025513379
E1654,0.03262601120099565
E1655,0.00670815183571873
E1656,0.0529247044181705
E1657,0.0402462441105876
E1658,0.028226509023024267
E1659,0.18739265712507777
E166,0.9195270690728063
E1660,0.08685749844430615
E1661,0.04808960796515246
E1662,0.06586185438705663
E1663,0.7171671333748183
E1664,0.014026135656502802
E1665,0.9024082140634724
E1666,0.0771313005600498
E1667,0.16144368388301183
E1668,0.011946839719086142
E1669,0.16387056627255758
E167,0.05656947284203041
E1670,3.6669072806471688
E1671,0.040271135212018846
E1672,0.01806649479953774
E1673,0.0517485998755445
E1674,1.4706160547604232
E1675,0.01598186505467153
E1676,0.062345097341985956
E1677,0.6107902924704418
E1678,1.3821664981331674
E1679,0.105065339141257
E168,0.26971997510889856
E1680,0.3465588052271313
E1681,0.1167392657125078
E1682,0.11212196639701308
E1683,2.01662006067206
E1684,0.016060983198506535
E1685,4.194371305227131
E1686,0.08703173615432482
E1687,0.2218917237087741
E1688,0.018434527513556762
E1689,0.03220375144457285
E169,0.1489732420659614
E1690,0.1756316116988177
E1691,0.06922837585563162
E1692,0.22093341630367144
E1693,0.005793403858120722
E1694,0.11011823273179838
E1695,0.603658991910392
E1696,0.5124082140634723
E1697,0.06799626633478531
E1698,0.4983696328562539
E1699,9.479738643434972
E17,0.008228286958840786
E170,0.17484754200373367
E1700,0.6398008711885501
E1701,26.81578095830741
E1702,0.041250777846919724
E1703,0.1670068450528936
E1704,0.28374139182742164
E1705,0.26275046670815183
E1706,0.1356440572495333
E1707,0.13769135034225266
E1708,0.0517485998755445
E1709,0.014897324206596143
E171,0.3387181082762912
E1710,0.0
E1711,0.3943870566272558
E1712,0.488605009334163
E1713,0.06059116365899191
E1714,0.9403103609209706
E1715,0.7699564405724953
E1716,0.12074673304293716
E1717,0.0627255756067206
E1718,0.14270068450528936
E1719,0.20307405102675796
E172,1.0673348371707114
E1720,0.008537647790914748
E1721,0.312843808338519
E1722,0.3967392657125077
E1723,0.011891723708774112
E1724,0.004588852342430438
E1725,0.0
E1726,0.09644057249533292
E1727,0.2015059116365899
E1728,0.0
E1729,0.07126322339763534
E173,0.5773366521468575
E1730,0.0
E1731,0.07683883011823274
E1732,0.2563907902924704
E1733,0.3434225264467953
E1734,0.0071997510889856885
E1735,0.09543870566272558
E1736,0.019340385812072182
E1737,0.011761045426260112
E1738,0.09478531425015556
E1739,0.00783269623966575
E174,0.7346733042937149
E1740,0.016465463596764155
E1741,0.12418792781580584
E1742,0.3214685749844431
E1743,0.025435149791092543
E1744,0.024088363410080898
E1745,0.03584940883634101
E1746,0.40379589296826385
E1747,0.17811449906658372
E1748,0.23891723708774112
E1749,0.2838332296204107
E175,0.21053693661658815
E1750,0.0780584940883634
E1751,0.12466708151835719
E1752,0.05183571873055383
E1753,0.4944103920348475
E1754,0.004430616054760424
E1755,0.49993154947106416
E1756,0.23130056004978222
E1757,0.38027380211574363
E1758,0.20464219041692597
E1759,0.15062850031113878
E176,0.5778593652769136
E1760,0.03449906658369633
E1761,0.002531780602720242
E1762,0.0
E1763,0.06442439327940261
E1764,0.523463130056005
E1765,0.2211076540136901
E1766,0.7725451151213442
E1767,0.5234659821613773
E1768,2.421102209085252
E1769,0.1340759178593653
E177,0.4429993777224641
E1770,0.003164725753400303
E1771,0.15132545115121343
E1772,0.1288923459863099
E1773,0.1568139390168015
E1774,1.584511512134412
E1775,15.650927193528315
E1776,0.2238388301182327
E1777,0.18112009956440575
E1778,0.6246766749637005
E1779,0.7103671437461105
E178,0.17876789047915367
E1780,0.5112134411947729
E1781,0.010522713130056007
E1782,0.12452217974931105
E1783,0.28148102053515867
E1784,0.10166770379589296
E1785,0.020966308116277
E1786,0.2885376477909148
E1787,0.10031736154324829
E1788,0.35204729309271937
E1789,1.3194212818917237
E179,0.18268823895457373
E1790,1.5170815183571873
E1791,0.33927712092926776
E1792,0.08546359676415681
E1793,1.4426695706285002
E1794,8.767037958929683
E1795,2.4108482420659616
E1796,0.2853545426260112
E1797,0.4398630989421282
E1798,0.09644057249533293
E1799,0.11395146235220908
E18,0.1654387056627256
E180,0.4963161169881767
E1800,0.7108836341008089
E1801,0.030618721664147926
E1802,0.007041514801315674
E1803,0.06821406347230866
E1804,0.19801137878922573
E1805,0.6115743621655259
E1806,11.493827006845054
E1807,0.3509645301804605
E1808,0.3026509023024269
E1809,0.030491599253266957
E181,0.10820161792159302
E1810,1.3511035443891308
E1811,0.14454173704329276
E1812,0.016614810205351587
E1813,0.22935460929860435
E1814,0.0
E1815,0.31127566894835096
E1816,0.946633478531425
E1817,2.5830989421281894
E1818,0.19758556316116987
E1819,0.01280647168637212
E182,0.1881767268201618
E1820,0.012738021157436217
E1821,0.7440448039825762
E1822,37.314100808960795
E1823,0.45940350253355855
E1824,1.90519835096453
E1825,0.43131300560049785
E1826,0.8558307405102676
E1827,4.041548693217175
E1828,4.105038425637835
E1829,0.1285874299937772
E183,0.17014312383322963
E1830,0.08467952706907281
E1831,0.026108987465552496
E1832,0.026108987465552496
E1833,0.0
E1834,0.07912703351409014
E1835,1.4797709240821408
E1836,0.07135034225264468
E1837,0.2618792781580585
E1838,0.21522713130056007
E1839,0.0321468574984443
E184,0.4351586807716241
E1840,0.010192906036092096
E1841,0.12118232731798383
E1842,0.17927815805849406
E1843,0.35018376633478526
E1844,0.29281264260526857
E1845,0.1545488487865588
E1846,0.03841941505911636
E1847,0.07605476042314872
E1848,0.02665836963285625
E1849,0.12701929060360923
E185,0.3975233354075918
E1850,0.0
E1851,10.780248911014313
E1852,0.0448662103298071
E1853,0.08075917859365277
E1854,0.28058950425222984
E1855,0.004430616054760424
E1856,0.3347977598008712
E1857,2.0055781347230863
E1858,0.17092719352831362
E1859,0.06394523957685128
E186,0.18003466974842208
E1860,0.9207983820784069
E1861,0.12830651613476754
E1862,0.10968263845675172
E1863,0.1756316116988177
E1864,0.40980709396390796
E1865,0.0866788158947462
E1866,0.012501555693839452
E1867,0.003955907191750378
E1868,0.015823628767001514
E1869,0.3147604231487243
E187,0.6946857498444305
E1870,0.28984443061605475
E1871,0.25896079651524584
E1872,0.009147479775980088
E1873,0.018751000088896793
E1874,0.023173615432482888
E1875,0.1217485998755445
E1876,0.01341630367143746
E1877,0.011761045426260112
E1878,1.239644135034225
E1879,0.020175126677926928
E188,0.003963907902924705
E1880,0.009757311761045426
E1881,0.02753311405458263
E1882,0.09644057249533292
E1883,0.10271313005600498
E1884,0.12231487243310517
E1885,0.0
E1886,0.10937772246421905
E1887,0.008537647790914748
E1888,0.0
E1889,0.015681393901680152
E189,1.8138037621862684
E1890,0.12231487243310517
E1891,0.014940883634100807
E1892,0.0940883634100809
E1893,0.10192906036092098
E1894,0.14653391412570008
E1895,0.0
E1896,0.009147479775980088
E1897,0.014331051649035469
E1898,0.02665836963285625
E1899,0.011472130856076096
E19,0.20621032980709397
E190,0.18425637834474176
E1900,0.22816428126944618
E1901,0.3065712507778469
E1902,0.01372121966397013
E1903,0.0283136278780336
E1904,0.17327940261356564
E1905,0.06924971108542982
E1906,0.14862476664592406
E1907,0.12484131922837585
E1908,0.014331051649035469
E1909,0.1364281269446173
E191,0.04335674282158415
E1910,0.005538270068450529
E1911,0.006329451506800606
E1912,0.03445550715619166
E1913,0.014715974753311408
E1914,0.034653746999733316
E1915,0.046263667881589476
E1916,0.29088985687616675
E1917,0.11917859365276914
E1918,0.16304293714996887
E1919,0.010672059738643434
E192,0.33018046048537647
E1920,0.1544243932794026
E1921,0.13329184816428127
E1922,0.05815183571873055
E1923,0.05096453018046049
E1924,0.002531780602720242
E1925,0.15054138145612941
E1926,0.2626633478531425
E1927,0.009408836341008088
E1928,0.3630522194565443
E1929,0.009408836341008088
E193,0.09016801493466087
E1930,0.1364281269446173
E1931,0.15704670970752954
E1932,0.007317983820784069
E1933,0.0390292470441817
E1934,0.014940883634100807
E1935,0.17266957062850033
E1936,0.4091101431238332
E1937,0.004573739887990044
E1938,0.43398257622899816
E1939,0.028732331762823363
E194,0.6760165422111596
E1940,0.1332482887367766
E1941,0.18190416925948974
E1942,0.05410080896079651
E1943,0.21797137523335405
E1944,0.11055382700684505
E1945,0.22713574539959105
E1946,0.0591537025513379
E1947,0.09722464219041693
E1948,0.007056627255756067
E1949,1.0458742999377724
E195,0.5519699528847009
E1950,0.01890479153702551
E1951,0.3371499688861232
E1952,0.03449906658369633
E1953,0.015111565472486444
E1954,7.487492221530802
E1955,0.013054493732776251
E1956,0.21797137523335408
E1957,0.042129967108187394
E1958,0.35293844638041894
E1959,0.003955907191750378
E196,0.5173988799004355
E1960,0.1356440572495333
E1961,0.35040448039825756
E1962,0.06374255489376834
E1963,0.011076540136901058
E1964,0.008842563783447418
E1965,0.01341630367143746
E1966,0.024306160547604233
E1967,0.8590790292470442
E1968,0.09252022401991289
E1969,0.05357031736154325
E197,0.3253889234598631
E1970,0.8840723619877323
E1971,0.4288861232109521
E1972,0.03293092719352831
E1973,0.004588852342430438
E1974,0.13409660858743
E1975,0.0
E1976,0.017249533291848165
E1977,0.9531483354075917
E1978,0.11996266334785316
E1979,0.03449906658369633
E198,0.19444928438083386
E1980,0.03232109520846298
E1981,0.06742999377722464
E1982,0.0071997510889856885
E1983,0.12233976353453642
E1984,7.313055382700685
E1985,0.26971997510889856
E1986,0.024018134945328472
E1987,0.004035025335585386
E1988,0.08311138767890479
E1989,0.01629833763001156
E199,0.050872966485909867
E1990,0.17327940261356564
E1991,0.26339141257000626
E1992,0.0
E1993,0.17876789047915367
E1994,0.10632856253889235
E1995,0.02052093519423949
E1996,0.18560672059738642
E1997,0.055668948350964524
E1998,0.11991910392034846
E1999,0.38086729931549473
E2,0.870392034847542
E20,0.6201991288114499
E200,2.4302485220908525
E2000,0.0
E2001,0.11238332296204107
E2002,0.14034847542003734
E2003,0.02509023024268824
E2004,0.0525326695706285
E2005,0.007120632945150682
E2006,0.004984443061605477
E2007,0.08703173615432482
E2008,0.04636501022313094
E2009,0.08389545737398879
E201,0.12231487243310517
E2010,0.3465588052271313
E2011,0.08781580584940885
E2012,0.01629833763001156
E2013,0.17692417103742555
E2014,0.09029869321717487
E2015,0.44463693995021786
E2016,0.3256129433727442
E2017,0.11055382700684507
E2018,0.08311138767890479
E2019,0.007516223664325718
E202,0.14034847542003734
E2020,0.030578718108276292
E2021,0.28309271935283137
E2022,0.012196639701306784
E2023,0.017168637212196643
E2024,0.054884878655880515
E2025,0.18887278869232824
E2026,0.0017405991643701666
E2027,0.20045776291225886
E2028,0.021399235487598898
E2029,1.0132794026135656
E203,0.5880522713130056
E2030,0.2626633478531425
E2031,0.38947645716656293
E2032,0.16610720952973596
E2033,0.27912881144990664
E2034,0.015245799626633479
E2035,0.06586185438705662
E2036,0.15210952084629745
E2037,0.4186932171748599
E2038,0.5131926726820162
E2039,0.0
E204,0.4620816739265712
E2040,0.08214596853053605
E2041,0.01951462352209085
E2042,0.05161792159303048
E2043,0.03970397368654992
E2044,0.38001244555071567
E2045,0.1568566094763979
E2046,0.005300915636945507
E2047,0.07840696950840073
E2048,0.14270068450528936
E2049,1.603801221219664
E205,0.04917859365276914
E2050,0.016614810205351587
E2051,0.06887189972441994
E2052,0.0
E2053,0.0024526624588852345
E2054,0.40457996266334784
E2055,0.003639434616410348
E2056,0.007437105520490712
E2057,0.017075295581829495
E2058,0.005380033780780515
E2059,0.02870566272557561
E206,0.9852489110143124
E2060,0.0321468574984443
E2061,0.06821406347230866
E2062,0.7079822650902302
E2063,0.17393279402613565
E2064,0.0650777846919726
E2065,0.11628806264260526
E2066,3.1897316428126943
E2067,0.0846795270690728
E2068,1.1195955196017424
E2069,0.2195395146235221
E207,0.09950040003555871
E2070,0.12545115121344122
E2071,0.13878033602986933
E2072,0.18813316739265712
E2073,0.18425637834474173
E2074,0.1255818294959552
E2075,0.05450351142323762
E2076,0.0
E2077,0.010192906036092096
E2078,0.030935194239487956
E2079,0.25543248288736775
E208,0.14348475420037335
E2080,0.6656751711263224
E2081,0.2015059116365899
E2082,0.32538892345986314
E2083,0.6484256378344742
E2084,0.0
E2085,0.002294426171215219
E2086,0.10114499066583696
E2087,0.6388745666281447
E2088,0.018751000088896793
E2089,0.23992532669570626
E209,0.20542626011200996
E2090,0.04390790292470442
E2091,0.21405102675793405
E2092,0.20777846919726198
E2093,0.045476042314872435
E2094,0.13093963907902925
E2095,0.061157436216552584
E2096,0.04543959463063384
E2097,0.24698195395146233
E2098,0.5554040359143035
E2099,0.5541535988384152
E21,2.0519471453018046
E210,0.05410080896079651
E2100,1.3373802115743623
E2101,0.6094888434527513
E2102,0.1356440572495333
E2103,0.08075917859365277
E2104,0.006329451506800606
E2105,0.6404542626011202
E2106,0.0013450084451951288
E2107,0.14975731176104543
E2108,0.07300560049782202
E2109,3.2218543870566267
E211,0.9772761745488489
E2110,0.9393998911014312
E2111,0.1474051026757934
E2112,0.07762289981331674
E2113,0.2870130678282514
E2114,0.6437212196639701
E2115,0.6745052893590541
E2116,0.15054138145612944
E2117,0.12701929060360923
E2118,0.06834474175482266
E2119,0.07705662725575607
E212,0.2329122588674549
E2120,0.30578718108276287
E2121,0.23600497822028624
E2122,0.02729575962307761
E2123,0.005488487865588053
E2124,0.00670815183571873
E2125,0.0
E2126,0.17876789047915367
E2127,0.004351497910925416
E2128,0.014083029602631348
E2129,1.9543821950840075
E213,0.0
E2130,1.3389839096808607
E2131,0.006883278513645658
E2132,0.0033229620410703173
E2133,0.0
E2134,0.1544243932794026
E2135,0.18974486621032982
E2136,1.891816161436572
E2137,0.017643346075206685
E2138,0.09792159303049161
E2139,0.007595341808160726
E214,0.7678751166770379
E2140,0.06586185438705663
E2141,0.017089519068361633
E2142,0.01946306338341186
E2143,0.12296826384567518
E2144,0.07280595312175897
E2145,0.07557560672059739
E2146,0.22816428126944618
E2147,0.007674459951995734
E2148,0.002531780602720242
E2149,0.12757311761045426
E215,0.4222366432571784
E2150,0.060678282514001244
E2151,0.19460574273268735
E2152,0.010522713130056007
E2153,0.017326873499866658
E2154,0.0015823628767001514
E2155,0.4942267164488695
E2156,0.03685127566894835
E2157,0.026658369632856255
E2158,0.003955907191750378
E2159,0.03449906658369633
E216,0.2117325984531958
E2160,0.00670815183571873
E2161,1.502128189172371
E2162,0.21091474797759802
E2163,0.8147380730138974
E2164,3.5215743621655258
E2165,0.4804604853764779
E2166,0.2799128811449907
E2167,0.08232731798382079
E2168,0.016931282780691618
E2169,0.05096453018046049
E217,0.06586185438705662
E2170,0.11740154680416034
E2171,0.015032447328651437
E2172,0.15995021779713753
E2173,0.0278056938394524
E2174,0.07345808516312562
E2175,0.08471508578540315
E2176,0.07955284914214597
E2177,0.008307405102675794
E2178,0.048050493377189085
E2179,0.556031647257534
E218,0.5041568139390168
E2180,0.5124766645924083
E2181,0.9970644057249534
E2182,0.015191572584229708
E2183,0.015823628767001514
E2184,0.005933860787625567
E2185,0.01677037958929683
E2186,0.5164592408214063
E2187,0.016931282780691618
E2188,0.06895312175897116
E2189,0.2949844430616055
E219,0.2587429993777225
E2190,0.03589385723175393
E2191,3.413036714374611
E2192,0.1262352209085252
E2193,0.9010856539099772
E2194,0.010364476842385992
E2195,0.018592763801226778
E2196,0.012738021157436217
E2197,10.469533291848165
E2198,0.04447506445017335
E2199,0.014874211040981421
E22,0.19261706596141878
E220,0.4100684505289359
E2200,0.021678371410792072
E2201,0.3305724953329185
E2202,0.011891723708774112
E2203,0.08075917859365277
E2204,0.07988799004355943
E2205,0.01981953951462352
E2206,0.04469197261978842
E2207,0.042339763534536404
E2208,0.009019468397190861
E2209,3.2617672682016177
E221,0.42771001866832603
E2210,0.8774113254511512
E2211,0.02539692417103743
E2212,0.019700417814916882
E2213,0.04588585652057961
E2214,0.010997421993066052
E2215,0.020491599253266955
E2216,0.0
E2217,0.26275046670815183
E2218,0.004984443061605477
E2219,0.1474051026757934
E222,0.07840696950840075
E2220,0.35283136278780336
E2221,0.309707529558183
E2222,0.05593030491599254
E2223,0.2993281347230865
E2224,0.545371292263016
E2225,0.11761045426260112
E2226,0.0030064894657302874
E2227,0.026108987465552496
E2228,0.13329184816428127
E2229,0.322252644679527
E223,0.2383571873055383
E2230,0.21091474797759802
E2231,0.14648599875544493
E2232,0.7456502800248911
E2233,0.10611076540136902
E2234,0.023570984087474444
E2235,0.07482442883811895
E2236,0.07683883011823273
E2237,0.11761045426260112
E2238,0.18347230864965774
E2239,0.0
E224,0.004667970486265446
E2240,0.05615432482887368
E2241,1.630894912881145
E2242,0.2783447417548226
E2243,0.2234598630989421
E2244,0.2313005600497822
E2245,0.5035059634930512
E2246,0.1779838207840697
E2247,0.2422775357809583
E2248,1.1168300534121551
E2249,0.3371499688861232
E225,2.9010578718108277
E2250,0.32695706285003107
E2251,0.24541381456129432
E2252,2.241337896701929
E2253,0.5356510060153495
E2254,2.9569455896079653
E2255,0.16387056627255756
E2256,0.11917859365276914
E2257,0.15446172993154944
E2258,1.622352209085252
E2259,0.3214685749844431
E226,0.1387803360298693
E2260,16.97505289359054
E2261,0.061157436216552584
E2262,11.978286597697574
E2263,6.8199688861232115
E2264,1.5512632233976353
E2265,0.6106782825140012
E2266,0.017722464219041695
E2267,0.0772121966397013
E2268,0.2752084629744866
E2269,0.22799626633478534
E227,1.874150591163659
E2270,0.008861232109520847
E2271,2.385176765712508
E2272,0.3509645301804605
E2273,0.08171748599875545
E2274,0.24590531010163866
E2275,0.010976975731176106
E2276,0.24227753578095831
E2277,0.06664592408214064
E2278,0.4508400746733044
E2279,0.024763979020357367
E228,0.25482265090230244
E2280,0.416341008089608
E2281,0.21797137523335405
E2282,0.7545364032358431
E2283,0.5138909847542004
E2284,1.263136278780336
E2285,0.13642812694461728
E2286,0.3930802738021158
E2287,2.5993030491599254
E2288,0.03669215041337008
E2289,0.18817672682016182
E229,0.2399253266957063
E2290,0.20934749755533827
E2291,1.1563081440572496
E2292,0.16151835718730553
E2293,0.023181616143657217
E2294,0.1270192906036092
E2295,0.0938270068450529
E2296,1.629128655880523
E2297,0.2344368388301182
E2298,0.377640679171482
E2299,0.060373366521468574
E23,0.12701929060360923
E230,0.014897324206596143
E2300,0.2187554449284381
E2301,0.6527940261356565
E2302,8.73449031580585
E2303,0.18505022668681662
E2304,0.018513645657391768
E2305,0.03710640945861855
E2306,0.07432393990576941
E2307,0.03267579340385812
E2308,0.017990043559427505
E2309,0.007622899813316739
E231,0.16230242688238955
E2310,0.3486060983198507
E2311,2.171111439535366
E2312,0.05445106231665037
E2313,0.5134349719975109
E2314,0.009968886123210953
E2315,0.08624766645924081
E2316,0.42104542626011193
E2317,0.6497697573117611
E2318,0.7046164103475865
E2319,0.0623593208285181
E232,0.0321468574984443
E2320,0.1474051026757934
E2321,0.0
E2322,0.017405991643701664
E2323,0.6293016879278158
E2324,2.6554956829495953
E2325,0.15511512134411948
E2326,0.4398630989421282
E2327,0.5181782306575399
E2328,0.19993777224642192
E2329,0.006645924082140635
E233,1.8040572495332918
E2330,0.12231487243310517
E2331,0.011761045426260112
E2332,1.172400630056005
E2333,0.104281269446173
E2334,0.004035025335585386
E2335,0.16308649657747357
E2336,0.4971001866832608
E2337,0.07548404302604675
E2338,0.3347977598008712
E2339,0.012105076006756157
E234,0.15788158947461997
E2340,0.8864191039203485
E2341,0.7071995566272558
E2342,1.353613293403858
E2343,0.23286869943995023
E2344,0.34264467952706906
E2345,0.06978220286247666
E2346,1.154343886123211
E2347,0.12423148724331051
E2348,0.3514846504874507
E2349,0.541255833851898
E235,2.890958307405102
E2350,0.016219219486176547
E2351,0.23914125700062228
E2352,0.04630367143746111
E2353,0.017521557471775268
E2354,0.008307405102675794
E2355,0.36224019912881145
E2356,0.004984443061605477
E2357,0.010367143746110766
E2358,0.012620677393546092
E2359,0.007911814383500757
E236,0.10271313005600498
E2360,0.006012978931460575
E2361,0.00680416036981065
E2362,3.19377722464219
E2363,0.018434527513556762
E2364,1.8035127566894835
E2365,0.2517970856668741
E2366,0.03841941505911637
E2367,0.030578718108276292
E2368,0.06272557560672061
E2369,0.012196639701306784
E237,0.1991537025513379
E2370,0.10192906036092098
E2371,0.03293092719352832
E2372,0.0
E2373,0.0737025513378967
E2374,0.009408836341008088
E2375,0.019601742377100186
E2376,0.21483509645301804
E2377,0.0
E2378,0.007120632945150682
E2379,0.016073428749222154
E238,0.007595341808160726
E2380,0.007357987376655704
E2381,0.02522090852520224
E2382,1.4600124455507157
E2383,0.13642812694461728
E2384,0.13878033602986933
E2385,0.1346857498444306
E2386,0.10271313005600498
E2387,0.419477286869944
E2388,0.05331673926571251
E2389,0.8044555071561916
E239,0.1301555693839452
E2390,0.5566894835096453
E2391,0.05656769490621389
E2392,0.1560298693217175
E2393,0.1254511512134412
E2394,0.030491599253266957
E2395,0.07213441194772868
E2396,0.2893217174859988
E2397,0.05331673926571251
E2398,0.103497199751089
E2399,0.0
E24,0.1468823895457374
E240,0.4288557871810828
E2400,0.008624766645924082
E2401,0.0490914747977598
E2402,0.0151124544403947
E2403,0.5559435283136279
E2404,0.004984443061605477
E2405,0.0
E2406,0.13976531247221977
E2407,0.38184194150591166
E2408,0.05018046048537648
E2409,0.02225086674371055
E241,0.14191661481020534
E2410,0.07213441194772868
E2411,0.26658369632856255
E2412,0.06052804693750556
E2413,0.07762289981331674
E2414,3.0120410703173612
E2415,0.014331051649035469
E2416,0.07810205351586808
E2417,0.0857685127566895
E2418,1.0879770146235221
E2419,0.06350964530180461
E242,0.22932731798382078
E2420,0.006098319850653392
E2421,0.13224642190416924
E2422,0.010285358698550984
E2423,5.201294337274424
E2424,0.1513538981242777
E2425,0.05863098942128189
E2426,0.00814916881500578
E2427,1.403858120721842
E2428,0.05410080896079651
E2429,0.09565650280024893
E243,0.2752084629744866
E2430,0.02567961596586363
E2431,0.04782825140012446
E2432,0.008386523246510801
E2433,0.06507778469197262
E2434,0.0
E2435,0.13621032980709397
E2436,0.009335940972530892
E2437,1.7151439016801493
E2438,0.004747088630100454
E2439,0.35439950217797134
E244,0.3042190416925949
E2440,0.02468486087652236
E2441,0.2532545115121344
E2442,0.005380033780780515
E2443,0.19209707529558182
E2444,0.12115743621655259
E2445,0.02807716241443684
E2446,0.1531843497199751
E2447,0.0015823628767001514
E2448,0.006098319850653392
E2449,0.061157436216552584
E245,1.0969135034225264
E2450,0.11839452395768513
E2451,0.09722464219041692
E2452,0.05427504667081518
E2453,0.05018046048537648
E2454,0.12038670104009243
E2455,0.05958929682638457
E2456,0.0
E2457,0.04390790292470442
E2458,0.268048382078407
E2459,1.6081269446172994
E246,0.06065961418792781
E2460,19.76057249533292
E2461,1.5334443061605476
E2462,0.310883634100809
E2463,0.010048004267045961
E2464,0.007120632945150682
E2465,0.16073428749222154
E2466,0.006012978931460576
E2467,0.032059738643434976
E2468,0.20150591163658996
E2469,0.21091474797759802
E247,0.041279224819984
E2470,0.007437105520490711
E2471,0.10084807538447862
E2472,0.07142501555693839
E2473,0.0642937149968886
E2474,0.5096453018046049
E2475,0.004984443061605477
E2476,0.6460570939639079
E2477,0.05096453018046049
E2478,0.006012978931460575
E2479,0.106633478531425
E248,0.13224642190416927
E2480,1.1669512549263636
E2481,0.09443328295848519
E2482,0.008070050671170772
E2483,0.0
E2484,0.25168637212196643
E2485,0.21060983198506533
E2486,0.05732420659614188
E2487,0.026108987465552493
E2488,0.1220099564405725
E2489,0.16835718730553825
E249,0.07605476042314872
E2490,0.24541381456129432
E2491,0.02387056627255756
E2492,0.22738021157436214
E2493,0.057019290603609205
E2494,0.0077535780958307415
E2495,0.26002981746525616
E2496,0.16752955818294957
E2497,0.2595270690728065
E2498,0.3107093963907903
E2499,0.05297661273594689
E25,0.3400611906243518
E250,0.24619788425637834
E2500,0.3505798848786559
E2501,0.5532047293092719
E2502,0.20079957477701724
E2503,0.08720597386434349
E2504,1.2348709292677866
E2505,0.006329451506800606
E2506,0.08075917859365277
E2507,0.16935905413814561
E2508,0.0
E2509,0.06350964530180461
E251,0.11212196639701308
E2510,0.0052217974931105
E2511,0.28017423771001865
E2512,0.003639434616410348
E2513,0.2602675793403858
E2514,0.09565650280024891
E2515,0.05205351586807716
E2516,0.21971375233354076
E2517,0.0
E2518,1.552345986309894
E2519,0.004747088630100454
E252,0.4055611387678904
E2520,0.028086941061427683
E2521,0.16951817939372388
E2522,0.19366521468574982
E2523,0.011586807716241444
E2524,0.6766521468574985
E2525,1.7105227131300558
E2526,0.15289359054138144
E2527,0.009335940972530892
E2528,0.23757311761045424
E2529,0.007622899813316739
E253,0.8691208385189795
E2530,2.9217610454262597
E2531,0.20621032980709397
E2532,0.0029273713218952798
E2533,0.004573739887990044
E2534,0.0
E2535,0.00792781580584941
E2536,0.0
E2537,0.00617121521913059
E2538,0.005488487865588053
E2539,0.003560316472575341
E254,0.23286869943995023
E2540,0.061390345808516315
E2541,0.5159178593652769
E2542,0.12845675171126322
E2543,0.010918303849231044
E2544,0.06037336652146858
E2545,0.023181616143657217
E2546,0.19366521468574985
E2547,0.011946839719086142
E2548,0.008861232109520847
E2549,0.11290603609209707
E255,1.9502675793403859
E2550,1.0916863721219663
E2551,0.037720686283225176
E2552,0.0
E2553,0.01756422793137168
E2554,0.0
E2555,0.07224108809671971
E2556,0.003481198328740333
E2557,0.013329184816428127
E2558,0.037635345364032353
E2559,0.0772744243932794
E256,0.5229744866210331
E2560,0.07056627255756068
E2561,0.04390790292470442
E2562,0.1144741754822651
E2563,0.0642937149968886
E2564,0.9503995540344327
E2565,0.013111387678904792
E2566,0.0
E2567,0.11917859365276914
E2568,0.060373366521468574
E2569,0.0
E257,0.35439950217797134
E2570,0.009452395768512756
E2571,0.13250777846919726
E2572,0.8001991288114498
E2573,0.15168372744243933
E2574,0.22659614187927815
E2575,0.5530526343082347
E2576,0.11225264467952707
E2577,1.1932794026135658
E2578,0.028957240643612766
E2579,1.0528935905413814
E258,0.9056004978220286
E2580,0.23130056004978222
E2581,0.010680949417726023
E2582,0.01400391145879634
E2583,0.17236465463596765
E2584,0.10214685749844431
E2585,0.3261729931549471
E2586,0.0
E2587,1.403858120721842
E2588,0.13771535247577563
E2589,0.0
E259,0.31406347230864967
E2590,0.009408836341008088
E2591,6.167025513378967
E2592,13.656086763267847
E2593,2.469390168014935
E2594,0.04939639079029247
E2595,0.08703173615432484
E2596,0.009889767979375946
E2597,0.034411947728687
E2598,0.0
E2599,0.007622899813316739
E26,0.07056627255756068
E260,0.6726757934038583
E2600,0.3930802738021158
E2601,0.021599253266957066
E2602,0.48433105164903545
E2603,0.47514623522090854
E2604,3.5236838830118233
E2605,3.6219539514623524
E2606,0.0
E2607,0.24070939639079034
E2608,0.48494621744155036
E2609,1.5011200995644056
E261,0.84914747977598
E2610,1.4249159925326693
E2611,2.3218170504044804
E2612,1.705855631611699
E2613,0.7653827006845053
E2614,0.701929060360921
E2615,0.20228998133167392
E2616,0.6303920348475419
E2617,0.740945861854387
E2618,0.048612321095208466
E2619,0.19680149346608586
E262,0.08311138767890479
E2620,2.3551026757934035
E2621,0.5896204107031736
E2622,5.514810205351586
E2623,0.9496921800456336
E2624,0.12074673304293712
E2625,0.03841941505911636
E2626,0.6711636589919103
E2627,0.7202738021157437
E2628,0.06729753755889412
E2629,0.5561232109520846
E263,0.7064467952706908
E2630,0.017010400924526627
E2631,0.07897324206596142
E2632,0.9879278158058493
E2633,0.70264215152458
E2634,0.5760298693217175
E2635,0.446571250777847
E2636,0.1257125077784692
E2637,0.1654387056627256
E2638,0.47029247044181705
E2639,0.08736154324828875
E264,0.6588799004355942
E2640,0.00617121521913059
E2641,0.12231487243310518
E2642,0.17014312383322963
E2643,0.1782277535780958
E2644,0.014137256645035115
E2645,0.08128189172370878
E2646,0.008861232109520847
E2647,0.1377349097697573
E2648,0.015744510623166504
E2649,0.04469197261978842
E265,0.41320472930927193
E2650,0.018276291225886747
E2651,0.012817139301271225
E2652,0.9381174289566478
E2653,0.008465641390345809
E2654,1.2795644057249536
E2655,0.006566805938305627
E2656,0.006725042225975642
E2657,0.011630367143746113
E2658,0.49324372536818084
E2659,0.5151337896701929
E266,0.6479178982576229
E2660,0.13485998755444928
E2661,0.1279590852520224
E2662,0.03371499688861232
E2663,1.7952228531425016
E2664,0.105065339141257
E2665,0.3115832518446084
E2666,0.01861498799893324
E2667,0.0
E2668,0.041853498088719
E2669,0.18896079651524578
E267,1.1164444617299316
E2670,0.0940883634100809
E2671,0.25795892968263845
E2672,0.08990665836963285
E2673,0.00783269623966575
E2674,0.0
E2675,0.3669446172993155
E2676,0.004193261623255401
E2677,0.1285874299937772
E2678,0.010048004267045961
E2679,0.6833354075917859
E268,0.5361218108276291
E2680,0.1340759178593653
E2681,0.08232731798382079
E2682,0.009452395768512756
E2683,0.0
E2684,0.006329451506800606
E2685,0.005063561205440484
E2686,0.1756316116988177
E2687,0.08393901680149347
E2688,0.525031308338519
E2689,0.05536403235843186
E269,0.7791874833318516
E2690,0.05745488487865588
E2691,0.1756316116988177
E2692,2.905986309894213
E2693,0.6567335096453019
E2694,0.32156930616054763
E2695,0.10898568761667703
E2696,0.5998133167392657
E2697,0.19601742377100187
E2698,0.4566850238539722
E2699,0.4829869321717486
E27,0.33166148102053516
E270,0.0
E2700,0.13329184816428127
E2701,0.040771624144368385
E2702,0.02509023024268824
E2703,0.07997510889856875
E2704,0.6668326073428749
E2705,0.5965463596764157
E2706,0.6523459863098942
E2707,0.20150591163658987
E2708,0.8531522246421904
E2709,0.1800412258867455
E271,0.14775357809583073
E2710,0.18896079651524578
E2711,0.08311138767890479
E2712,2.7876291225886747
E2713,0.3308774113254512
E2714,0.2532545115121344
E2715,2.864115393590542
E2716,0.2232420659614188
E2717,0.02195395146235221
E2718,0.6494805927193528
E2719,1.603116832607343
E272,0.08083207396212996
E2720,0.05096453018046049
E2721,0.1340759178593653
E2722,2.99113604542626
E2723,0.21594368388301183
E2724,0.23522090852520225
E2725,0.9365609313420452
E2726,0.08096719708418525
E2727,0.1340759178593653
E2728,2.854611076540137
E2729,0.04782825140012446
E273,0.0
E2730,0.003560316472575341
E2731,0.02443683883011823
E2732,0.007622899813316739
E2733,0.6045177349097698
E2734,0.036236109876433456
E2735,0.0
E2736,0.01299315494710641
E2737,0.17092719352831362
E2738,1.26784069695084
E2739,0.7721219663970131
E274,2.526440572495333
E2740,0.0
E2741,0.007437105520490711
E2742,0.5775544492843809
E2743,0.24716685927638013
E2744,0.03225442261534358
E2745,0.21104542626011202
E2746,0.0
E2747,0.01616054760423149
E2748,0.020124455507156195
E2749,0.22502800248911015
E275,0.5112134411947729
E2750,0.2485500933416304
E2751,0.17327940261356564
E2752,0.11932794026135658
E2753,2.5269446172993155
E2754,0.5264467952706908
E2755,0.006098319850653392
E2756,0.05538803449195485
E2757,0.13995644057249534
E2758,1.0107778469197264
E2759,0.3060485376477909
E276,1.1626188161169881
E2760,0.005933860787625567
E2761,2.22511512134412
E2762,5.053889234598631
E2763,0.007990932527335765
E2764,0.0642937149968886
E2765,0.028967019290603607
E2766,0.34671437461107657
E2767,0.09016801493466087
E2768,0.21953951462352206
E2769,0.19819539514623521
E277,0.5833478531425016
E2770,0.007674459951995734
E2771,0.019700417814916882
E2772,0.007840696950840076
E2773,0.025001333451862392
E2774,0.08311138767890479
E2775,0.24070939639079028
E2776,1.117971375233354
E2777,0.26031113876789047
E2778,0.0
E2779,0.050222241977064624
E278,2.0633134334163037
E2780,0.016816605920526268
E2781,0.05410080896079651
E2782,0.011281891723708774
E2783,0.1599502177971375
E2784,1.0299038581207218
E2785,0.013329184816428127
E2786,1.5353854231487245
E2787,0.029036358787447775
E2788,0.014026135656502802
E2789,0.5159178593652769
E279,0.17406347230864963
E2790,0.9321567750466707
E2791,3.37497199751089
E2792,0.014399502177971375
E2793,0.0
E2794,0.08075917859365277
E2795,0.008465641390345809
E2796,0.05989421281891725
E2797,0.26309961626218625
E2798,0.09309538625655614
E2799,0.061157436216552584
E28,0.09897235309805316
E280,0.3508338518979465
E2800,0.6790043559427503
E2801,0.010976975731176106
E2802,0.007357987376655704
E2803,0.007595341808160726
E2804,0.03210863187838919
E2805,0.03275491154769313
E2806,0.04704418170504045
E2807,0.05174859987554449
E2808,0.062464219041692595
E2809,0.004193261623255401
E281,0.41712507778469193
E2810,0.003164725753400303
E2811,0.06194150591163659
E2812,0.014478620321806385
E2813,0.0
E2814,0.0
E2815,0.40928438083385194
E2816,0.12466708151835719
E2817,1.4683431860609832
E2818,0.18056004978220289
E2819,0.4328064716863721
E282,0.3212543337185527
E2820,0.4287285832814769
E2821,3.556577473553205
E2822,0.2603111387678905
E2823,0.34297241236258036
E2824,0.09638990132456217
E2825,0.20207871810827627
E2826,0.1811636589919104
E2827,0.5065090230242688
E2828,0.19131300560049785
E2829,0.05018046048537648
E283,0.1670068450528936
E2830,0.14322339763534533
E2831,1.7420721841941507
E2832,0.003560316472575341
E2833,0.003481198328740333
E2834,2.100659614187928
E2835,1.107392268201618
E2836,0.0744866210329807
E2837,0.2043621655258245
E2838,0.020982309538625656
E2839,9.933018240510268
E284,0.3616739265712508
E2840,0.5615432482887367
E2841,0.10404035914303493
E2842,2.000497822028625
E2843,0.30186683260734287
E2844,0.11761045426260112
E2845,0.00640323584318606
E2846,0.03998755444928438
E2847,0.03841941505911636
E2848,0.022563783447417548
E2849,0.014478620321806385
E285,0.7440821406347231
E2850,0.3809435283136279
E2851,0.006725042225975642
E2852,0.30186683260734287
E2853,0.49243932794026135
E2854,0.0642937149968886
E2855,0.11390790292470443
E2856,0.01280647168637212
E2857,0.20842750466708151
E2858,0.018599875544492845
E2859,0.19836963285625386
E286,1.03497199751089
E2860,0.010976975731176106
E2861,0.11839452395768513
E2862,0.0246110765401369
E2863,0.23835718730553826
E2864,0.1356440572495333
E2865,0.0038767890479153707
E2866,0.0037185527602453554
E2867,0.07076540136901059
E2868,0.01621921948617655
E2869,0.25874299937772244
E287,0.6719477286869944
E2870,0.011630367143746111
E2871,0.03645924082140635
E2872,0.14034847542003734
E2873,0.08311138767890479
E2874,0.0927815805849409
E2875,0.9001911429164073
E2876,0.007013067828251401
E2877,0.054884878655880515
E2878,1.6350466708151836
E2879,0.002134411947728687
E288,4.576966008089608
E2880,0.0
E2881,0.12937149968886125
E2882,0.13799626633478532
E2883,1.698668326073429
E2884,0.0
E2885,0.09173615432482889
E2886,0.01400391145879634
E2887,0.08232731798382079
E2888,0.0
E2889,0.0
E289,1.2717610454262602
E2890,0.009536847719797317
E2891,0.41320472930927193
E2892,0.09827006845052895
E2893,0.008842563783447418
E2894,0.014897324206596143
E2895,0.1654387056627256
E2896,0.2989919103920349
E2897,0.28304915992532664
E2898,0.11839452395768513
E2899,0.0058547426437905595
E29,0.1756316116988177
E290,0.23130056004978222
E2900,0.054884878655880515
E2901,0.008623877678015824
E2902,0.09879278158058494
E2903,0.23678904791537025
E2904,0.0
E2905,0.3741019757311761
E2906,0.061157436216552584
E2907,0.3097507259904584
E2908,0.1327255756067206
E2909,0.011234776424571073
E291,0.1619539514623522
E2910,0.003639434616410348
E2911,0.5339514623522091
E2912,0.07919103920348476
E2913,0.004351497910925416
E2914,0.007622899813316739
E2915,0.024080362698906572
E2916,0.00814916881500578
E2917,0.026512578895901858
E2918,0.054884878655880515
E2919,1.7940438705662722
E292,0.16931549471064092
E2920,0.9612694461729931
E2921,0.005488487865588053
E2922,0.0
E2923,0.008406080540492489
E2924,0.1144741754822651
E2925,0.1458369632856254
E2926,0.0
E2927,0.0033229620410703173
E2928,0.5264467952706907
E2929,0.037635345364032353
E293,0.31127566894835096
E2930,0.26579962663347856
E2931,0.004667970486265446
E2932,0.03382878478086942
E2933,0.0599377722464219
E2934,0.629952719871396
E2935,0.17719975108898567
E2936,1.8418437046255962
E2937,0.005933860787625567
E2938,0.0052217974931105
E2939,0.1160423148724331
E294,0.2830491599253267
E2940,1.9724206596141878
E2941,0.1369508400746733
E2942,0.13329184816428127
E2943,0.08986309894212818
E2944,0.029794648413192286
E2945,0.01068094941772602
E2946,1.380074673304294
E2947,0.10815805849408837
E2948,1.5177317983820784
E2949,0.08467952706907281
E295,0.2822650902302427
E2950,0.3300933416303672
E2951,0.07135034225264468
E2952,0.006250333362965598
E2953,4.3142501555693835
E2954,0.26736776602364654
E2955,0.2577846919726198
E2956,0.3426384567517113
E2957,0.04763979020357365
E2958,0.19444928438083386
E2959,0.21248288736776602
E296,0.9025653391412569
E2960,0.5746836107654013
E2961,0.01598186505467153
E2962,0.008861232109520847
E2963,0.43885500933416305
E2964,0.3509645301804605
E2965,0.7895581829495955
E2966,0.15446172993154947
E2967,0.042426882389545735
E2968,2.6495239576851275
E2969,0.5127815805849408
E297,0.06809138590096897
E2970,0.22502800248911015
E2971,0.08472308649657748
E2972,0.11212196639701308
E2973,0.007990932527335765
E2974,0.03859454173704329
E2975,0.11230864965774735
E2976,0.011867721575251134
E2977,0.12466708151835719
E2978,0.9530326306782825
E2979,0.029139479064805757
E298,0.46652146857498444
E2980,0.43829495955196013
E2981,2.224536403235843
E2982,0.0
E2983,0.0230233798559872
E2984,0.5611395457373989
E2985,0.011630367143746111
E2986,0.38853586985509825
E2987,0.010127122410880969
E2988,0.008861232109520847
E2989,0.09565650280024891
E299,0.14348475420037335
E2990,8.193276874611076
E2991,0.08389545737398879
E2992,0.004351497910925416
E2993,0.10506533914125699
E2994,0.9568277457996267
E2995,0.021169881767268202
E2996,0.014874211040981421
E2997,0.003560316472575341
E2998,0.010048004267045961
E2999,0.1814250155569384
E3,0.5085425222982783
E30,0.9326135137938187
E300,0.41738643434972
E3000,0.522190416925949
E3001,0.6100116677037959
E3002,0.014897324206596143
E3003,0.069477286869944
E3004,0.08637834474175482
E3005,0.060373366521468574
E3006,0.3685590385812072
E3007,0.03643879455951641
E3008,0.018809671970841855
E3009,0.1575980087118855
E301,0.889173148724331
E3010,0.5927566894835096
E3011,0.10741754822650902
E3012,0.05253266957062851
E3013,0.0031300560049782205
E3014,18.645121344119477
E3015,32.95280355476042
E3016,0.007056627255756067
E3017,0.011155658280736065
E3018,0.0
E3019,0.1012321095208463
E302,0.018276291225886747
E3020,0.23208462974486624
E3021,0.014635967641568139
E3022,0.6486869943995022
E3023,0.15759800871188548
E3024,0.17548226509023024
E3025,0.11133789670192905
E3026,0.13956440572495332
E3027,0.06505644946217441
E3028,0.3571913892345986
E3029,0.0940883634100809
E303,0.06899813316739266
E3030,0.25403858120721845
E3031,0.016465463596764155
E3032,0.6886069872877588
E3033,0.008537647790914748
E3034,0.003402080184905325
E3035,0.0077535780958307415
E3036,0.701929060360921
E3037,16.007829029247045
E3038,0.2737597490147272
E3039,0.2015059116365899
E304,0.30578718108276287
E3040,1.402590424704418
E3041,0.03187838919015024
E3042,0.01646546359676416
E3043,0.14818917237087742
E3044,0.2618792781580585
E3045,0.010127122410880969
E3046,0.1544617299315495
E3047,0.1077224642190417
E3048,0.15446172993154947
E3049,0.17809138590096898
E305,0.2122864254600409
E3050,0.08703173615432484
E3051,0.29873055382700686
E3052,0.0016614810205351587
E3053,0.7651026757934039
E3054,0.041748599875544495
E3055,0.14875544492843806
E3056,0.007595341808160726
E3057,0.4837710018668326
E3058,0.0029273713218952798
E3059,0.05018046048537648
E306,1.5081294726197885
E3060,0.0
E3061,0.045476042314872435
E3062,0.25639079029247047
E3063,0.0
E3064,0.15367766023646548
E3065,0.09761667703795893
E3066,0.17924704418170503
E3067,0.3077695795181794
E3068,0.940099564405725
E3069,0.0037283314072361984
E307,0.6688114499066585
E3070,0.4508400746733043
E3071,0.1468442750466708
E3072,1.080093341630367
E3073,0.16622277535780958
E3074,0.062107742910480934
E3075,0.046917059294159486
E3076,0.3010827629122589
E3077,0.638232731798382
E3078,0.1881767268201618
E3079,0.4263088570835926
E308,0.8243512756689483
E3080,6.113055382700685
E3081,0.009968886123210953
E3082,0.03998755444928438
E3083,0.005933860787625567
E3084,0.0659845319583963
E3085,0.5849159925326696
E3086,0.20736937357394733
E3087,0.3904667081518357
E3088,0.003560316472575341
E3089,0.009019468397190863
E309,0.10271313005600498
E3090,0.09173615432482889
E3091,0.006329451506800606
E3092,0.20385812072184192
E3093,0.006329451506800606
E3094,0.003797670904080363
E3095,0.02428927015734732
E3096,0.2058200728953685
E3097,0.03293092719352832
E3098,0.1097261978842564
E3099,0.638755444928438
E31,0.0015823628767001514
E310,0.09330429371499689
E3100,0.23623988799004356
E3101,0.1991537025513379
E3102,0.8826355527898776
E3103,0.0
E3104,0.015659169703973685
E3105,0.006092097075295583
E3106,0.2626633478531425
E3107,0.08520224019912882
E3108,0.03655436038759001
E3109,2.0809847542003737
E311,0.4469197261978843
E3110,0.0729184816428127
E3111,0.05336029869321717
E3112,0.6059738643434972
E3113,0.0
E3114,0.00680416036981065
E3115,0.07548848786558805
E3116,0.006883278513645658
E3117,0.282451773490977
E3118,0.013111387678904792
E3119,0.16517734909769757
E312,0.00973153169170593
E3120,1.777375738954574
E3121,0.06472842030402703
E3122,2.211736154324829
E3123,0.19137523335407594
E3124,4.0242968263845675
E3125,4.187100186683261
E3126,1.038184505289359
E3127,0.5896204107031736
E3128,4.676770185127567
E3129,0.30578718108276287
E313,0.577722516075503
E3130,0.739306938394524
E3131,0.6179626244555072
E3132,0.09722464219041693
E3133,0.12701929060360923
E3134,0.014897324206596143
E3135,0.001819717308205174
E3136,0.1290230242688239
E3137,0.24236465463596765
E3138,0.009147479775980088
E3139,0.019383945239576855
E314,0.35910392034847544
E3140,0.41869321717486
E3141,0.11433914125700062
E3142,0.5080771624144369
E3143,0.2908898568761668
E3144,0.2007218419415059
E3145,0.11055382700684505
E3146,0.10349719975108898
E3147,0.2830491599253267
E3148,0.2618792781580585
E3149,0.7487865588052272
E315,0.30186683260734287
E3150,0.18739265712507777
E3151,0.014897324206596143
E3152,3.481568139390168
E3153,0.08624766645924084
E3154,0.39864965774735533
E3155,0.1489732420659614
E3156,0.011761045426260112
E3157,0.010680949417726023
E3158,0.023173615432482888
E3159,0.0418641657036181
E316,0.11525824517734912
E3160,0.28304915992532664
E3161,0.20934660858742996
E3162,0.00261089874655525
E3163,0.0024393279402613564
E3164,0.2681518357187306
E3165,0.14270068450528936
E3166,0.14771655258245175
E3167,0.18974486621032982
E3168,9.267625233354076
E3169,0.5606098319850653
E317,0.9576868777224642
E3170,0.23654148516905205
E3171,0.11290603609209707
E3172,4.736329534847542
E3173,0.009335940972530892
E3174,0.25795892968263845
E3175,0.013329184816428127
E3176,0.21483509645301804
E3177,0.2799128811449907
E3178,0.00640323584318606
E3179,0.007595341808160726
E318,1.2777148931756896
E3180,0.001107654013690106
E3181,0.058892345986309894
E3182,0.004430616054760424
E3183,0.003481198328740333
E3184,0.0
E3185,0.13799626633478532
E3186,0.07683883011823274
E3187,0.08555071561916615
E3188,0.14143746110765404
E3189,0.26736776602364654
E319,0.008537647790914748
E3190,0.05331673926571251
E3191,0.04730553827006845
E3192,0.002215308027380212
E3193,0.34891101431238336
E3194,0.18006596141879277
E3195,0.11156991732598454
E3196,0.0
E3197,0.315980087118855
E3198,0.05443328295848521
E3199,0.025534714196817496
E32,0.06272557560672061
E320,0.312059738643435
E3200,0.017685127566894835
E3201,74.48505289359053
E3202,0.648598423563576
E3203,0.0
E3204,0.41024677193528314
E3205,1.7048558390375441
E3206,1.1709707529558182
E3207,0.07056627255756068
E3208,12.611221219663971
E3209,2.6146857498444307
E321,0.413988799004356
E3210,5.2096888612321095
E3211,0.23522090852520225
E3212,3.110983198506534
E3213,0.09051115654724864
E3214,1.1792408214063472
E3215,4.453739887990044
E3216,0.12360298693217174
E3217,0.2485500933416304
E3218,0.5328123833229621
E3219,0.08546359676415681
E322,0.7187425326695706
E3220,0.009019468397190863
E3221,1.527094158369633
E3222,0.6471419681749488
E3223,0.0
E3224,0.004430616054760423
E3225,0.26893590541381457
E3226,0.06250777846919725
E3227,0.2086957581414644
E3228,0.07135034225264468
E3229,0.0036394346164103477
E323,0.8005351586807716
E3230,0.14113254511512136
E3231,0.08580626426052684
E3232,0.05018046048537648
E3233,0.016465463596764155
E3234,0.05209707529558183
E3235,0.0744866210329807
E3236,0.5160267579340386
E3237,7.280236465463597
E3238,0.10114499066583696
E3239,0.003402080184905325
E324,0.006725042225975642
E3240,0.003164725753400303
E3241,0.6664592408214064
E3242,2.6356129433727444
E3243,2.618195395146235
E3244,3.421194772868699
E3245,0.21640323584318605
E3246,0.18112009956440572
E3247,0.7402831362787803
E3248,3.516664592408214
E3249,0.04469197261978843
E325,0.4388089607965152
E3250,0.11371855276024535
E3251,0.006098319850653392
E3252,0.0940883634100809
E3253,0.09800871188550093
E3254,9.923740082451774
E3255,9.000896079651525
E3256,0.03371499688861232
E3257,0.007013067828251401
E3258,0.05131300560049783
E3259,0.03144990665836963
E326,1.0035465930304917
E3260,0.00261089874655525
E3261,0.10863721219663969
E3262,0.02988176726820162
E3263,0.005300915636945507
E3264,0.13172370877411327
E3265,0.7087990043559427
E3266,0.31441194772868697
E3267,1.6487256922837583
E3268,3.9246608587429996
E3269,0.35326429015912525
E327,0.5644608483717071
E3270,0.009889767979375946
E3271,0.004114143479420393
E3272,0.0
E3273,0.06873677660236466
E3274,0.00627255756067206
E3275,0.43494124662933
E3276,0.04505022668681661
E3277,2.0360905413814563
E3278,0.9862590359883842
E3279,0.35596764156813937
E328,0.028086941061427683
E3280,0.0669508400746733
E3281,0.1685749844430616
E3282,0.6652250570421074
E3283,0.5993820784069694
E3284,0.16103742554893768
E3285,1.7411947728686994
E3286,0.36302426882389544
E3287,0.04022224197706463
E3288,0.008465641390345809
E3289,0.042339763534536404
E329,0.11871544137256645
E3290,0.33950217797137516
E3291,0.004747088630100454
E3292,0.0179900435594275
E3293,9.835049004355943
E3294,0.08075917859365277
E3295,0.331323895457374
E3296,0.0029273713218952798
E3297,0.08389545737398882
E3298,0.01234243043826118
E3299,46.78577473553205
E33,4.222242532669571
E330,0.34629998962870767
E3300,62.21188686216553
E3301,0.30029869321717484
E3302,0.14348475420037338
E3303,0.03457462885589831
E3304,0.24384567517112632
E3305,0.006487687794470619
E3306,0.6927255756067207
E3307,0.0
E3308,0.31676415681393905
E3309,0.20464219041692597
E331,0.32852520224019915
E3310,0.0
E3311,0.01076006756156103
E3312,0.13673304293714997
E3313,0.017089519068361633
E3314,0.12701929060360923
E3315,0.09957685127566895
E3316,0.06978220286247666
E3317,4.8011947728686994
E3318,2.5552881922837587
E3319,0.4586807716241444
E332,0.5827965541381456
E3320,0.00878211396568584
E3321,0.24484754200373368
E3322,0.6586185438705662
E3323,1.0864467952706909
E3324,0.046260112009956444
E3325,0.14113254511512133
E3326,1.9723599875544493
E3327,0.015744510623166508
E3328,3.1739263767890478
E3329,0.13069250600053336
E333,0.3195741843719442
E3330,0.1316801493466086
E3331,1.245513767890479
E3332,0.10794026135656504
E3333,0.014320384034136368
E3334,8.581653702551339
E3335,0.5309085252022402
E3336,0.011889945772957596
E3337,0.0
E3338,0.0439105698284292
E3339,0.32382078406969517
E334,4.5605413814561295
E3340,0.315980087118855
E3341,0.1466210329807094
E3342,0.001819717308205174
E3343,0.2630553827006845
E3344,4.2906269446172995
E3345,0.018294959551960175
E3346,0.04469197261978842
E3347,0.1356440572495333
E3348,0.07169881767268202
E3349,0.7610507600675616
E335,0.6491239499066584
E3350,0.23800938601949803
E3351,0.27825762289981326
E3352,0.009256822828695884
E3353,0.005488487865588053
E3354,0.03666725931193884
E3355,0.010976975731176106
E3356,0.8562041070317362
E3357,0.009757311761045426
E3358,0.2830491599253267
E3359,0.4266809271935283
E336,0.24933416303671438
E3360,0.15384567517112632
E3361,0.08389545737398879
E3362,0.027887812249977776
E3363,0.31127566894835096
E3364,0.1364281269446173
E3365,0.023522090852520224
E3366,0.024605742732687348
E3367,0.4693092719352831
E3368,0.029881767268201614
E3369,0.0
E337,0.23180371588585652
E3370,0.18582451773490977
E3371,0.00760512045515157
E3372,0.23988176726820162
E3373,0.023522090852520224
E3374,0.005300915636945507
E3375,0.15210952084629742
E3376,0.031172548670992978
E3377,0.9416677037958929
E3378,0.13624808131093136
E3379,0.9393154947106409
E338,0.6081767268201618
E3380,0.49396390790292466
E3381,0.3002986932171749
E3382,0.27912881144990664
E3383,0.14991303671437461
E3384,0.0517485998755445
E3385,0.6888161169881769
E3386,0.05353453640323584
E3387,0.10898568761667704
E3388,0.29716241443683883
E3389,0.0
E339,0.4043999170296618
E3390,0.2352209085252022
E3391,0.6120472930927194
E3392,0.19601742377100187
E3393,0.24227753578095831
E3394,1.2271766101431238
E3395,1.102028624766646
E3396,4.0623771001866835
E3397,0.05802115743621655
E3398,0.3269570628500312
E3399,25.059212624455505
E34,0.139738643434972
E340,1.368985687616677
E3400,0.2681518357187305
E3401,0.6672059738643435
E3402,0.08875505600497821
E3403,1.673690105787181
E3404,0.22424393279402616
E3405,0.3214685749844431
E3406,0.25168637212196643
E3407,0.15132545115121343
E3408,0.024247488665659168
E3409,0.008544759534180817
E341,0.7665914747977598
E3410,0.007120632945150682
E3411,0.04232820695172904
E3412,0.0
E3413,0.12231487243310517
E3414,0.1913130056004978
E3415,0.09565650280024891
E3416,1.0890101897946485
E3417,0.2030740510267579
E3418,1.407087741132545
E3419,0.0
E342,0.17484754200373367
E3420,0.11098764334607522
E3421,0.26074762201084545
E3422,37.58846919726198
E3423,0.16530802738021155
E3424,0.7644679527069073
E3425,2.752943372744244
E3426,0.043049159925326694
E3427,0.46645213648620615
E3428,0.011281891723708774
E3429,0.4806347230864966
E343,0.009968886123210953
E3430,0.6059472101223812
E3431,0.16282514001244552
E3432,0.5951952914333126
E3433,0.3288609728272142
E3434,0.104281269446173
E3435,0.2485500933416304
E3436,0.02587429993777225
E3437,0.09722464219041693
E3438,0.025003111387678904
E3439,0.946372121966397
E344,0.5696515245799627
E3440,0.03606720597386434
E3441,0.18190416925948974
E3442,0.06664592408214064
E3443,0.1701431238332296
E3444,0.29007965152457993
E3445,0.018809671970841855
E3446,0.5033727442439329
E3447,0.0627255756067206
E3448,0.005933860787625567
E3449,0.03606720597386434
E345,0.22738021157436214
E3450,0.2292843808338519
E3451,0.4184754200373367
E3452,0.1670068450528936
E3453,0.0948724331051649
E3454,0.11917859365276913
E3455,0.3320182016179216
E3456,0.037635345364032353
E3457,0.01341630367143746
E3458,0.06586185438705663
E3459,0.17484754200373367
E346,0.1144741754822651
E3460,0.010802738021157436
E3461,0.09487243310516491
E3462,0.16779091474797758
E3463,0.22581207218419413
E3464,0.18445711470649245
E3465,0.3548881845052893
E3466,0.1387572228642546
E3467,0.1340759178593653
E3468,0.18190416925948974
E3469,0.2823983094793611
E347,0.317548226509023
E3470,0.6932482887367766
E3471,0.07213441194772868
E3472,0.4122804527069073
E3473,0.08820784069695084
E3474,0.05035469819539515
E3475,0.11996266334785315
E3476,0.020491599253266962
E3477,0.02529735976531247
E3478,0.01764334607520669
E3479,0.2195395146235221
E348,0.010680949417726023
E3480,0.15210952084629745
E3481,0.34651524579962656
E3482,0.16596141879278156
E3483,0.33558182949595516
E3484,1.404474175482265
E3485,10.610721841941507
E3486,0.10036092097075296
E3487,0.4030118232731798
E3488,0.05880522713130056
E3489,0.0
E349,1.0937772246421904
E3490,0.013329184816428127
E3491,0.003049159925326696
E3492,0.04094408391857054
E3493,0.01672682016179216
E3494,1.872650902302427
E3495,0.01297537558894124
E3496,2.119501659406762
E3497,0.31441194772868697
E3498,0.36067205973864336
E3499,0.39240110232020625
E35,0.03920348475420037
E350,0.7025264467952708
E3500,0.9890728064716864
E3501,22.623173615432485
E3502,8.147710018668326
E3503,2.9228891457018404
E3504,0.0
E3505,2.4710582607342872
E3506,0.0
E3507,4.190516490354698
E3508,0.3904667081518357
E3509,0.0007840696950840075
E351,0.141829495955196
E3510,0.09125077784691972
E3511,0.0
E3512,0.0
E3513,0.11996266334785316
E3514,0.0
E3515,32.843728220286245
E3516,43.676249416614816
E3517,1.410877411325451
E3518,0.2456751711263223
E3519,38.793304293714996
E352,1.0067454884878655
E3520,36.998944850653395
E3521,0.25074294752126114
E3522,0.16635345364032358
E3523,2.0791486465463596
E3524,0.025001333451862385
E3525,0.012184194150591165
E3526,0.4563285625388923
E3527,0.4720099564405725
E3528,0.14505289359054138
E3529,0.0020570717397101965
E353,0.28461729931549473
E3530,0.0
E3531,0.012896257445106231
E3532,0.08101431238332296
E3533,0.02144101697928705
E3534,0.19523335407591785
E3535,0.05182238421192996
E3536,1.404531541692595
E3537,0.1285874299937772
E3538,0.2001529024802205
E3539,0.0
E354,0.17641568139390168
E3540,0.1470779624855543
E3541,1.9949278546981954
E3542,0.7580140456929506
E3543,1.0251044537292204
E3544,0.8498305034521588
E3545,1.3754896546359674
E3546,0.03371499688861232
E3547,0.28228578095830736
E3548,0.12388301182327317
E3549,0.5864841319228375
E355,1.6706102209085254
E3550,1.7157871810827625
E3551,0.06742999377722464
E3552,0.7221513301182328
E3553,3.209430032669571
E3554,0.11839452395768513
E3555,1.0473024268823896
E3556,0.16151835718730553
E3557,3.439342252644679
E3558,0.9469068139390168
E3559,0.2955942750466708
E356,0.6299183260734287
E3560,0.4678035677245385
E3561,0.34891101431238336
E3562,0.7244803982576229
E3563,0.13015556938394524
E3564,2.6043808338518977
E3565,0.18425637834474176
E3566,0.20355942750466707
E3567,1.62914747977598
E3568,1.7688612321095207
E3569,0.35361543248288735
E357,0.44653712922630157
E3570,0.7188799004355942
E3571,0.006092097075295583
E3572,0.1356440572495333
E3573,0.09016801493466084
E3574,0.061157436216552584
E3575,0.11917859365276914
E3576,0.07919103920348476
E3577,0.936048537647791
E3578,0.6189075917859365
E3579,0.1544243932794026
E358,1.0859365276913502
E3580,1.9444368388301183
E3581,0.536303671437461
E3582,1.032241443683883
E3583,0.11668948350964531
E3584,0.08781580584940885
E3585,0.23208462974486624
E3586,8.706545970752956
E3587,0.9195270690728065
E3588,2.028276291225887
E3589,0.009573295404035917
E359,0.0344955107120633
E3590,0.4492719352831363
E3591,0.01621921948617655
E3592,0.048394523957685134
E3593,0.06446795270690728
E3594,0.9805164903546982
E3595,0.369917548226509
E3596,0.17171126322339764
E3597,0.5866624533291848
E3598,0.002373544315050227
E3599,0.0
E36,1.6596515245799626
E360,2.0034038581207216
E3600,0.2979464841319228
E3601,0.2238954573739888
E3602,0.043673215396924175
E3603,0.009177704684860876
E3604,0.24541381456129432
E3605,0.4971001866832608
E3606,0.11360298693217175
E3607,0.01653569206151658
E3608,0.007357987376655704
E3609,0.010680949417726023
E361,0.08799093252733577
E3610,0.11996266334785315
E3611,0.03580584940883635
E3612,0.10780958307405103
E3613,0.7398568761667704
E3614,0.020728953684771984
E3615,0.019700417814916882
E3616,0.011946839719086142
E3617,0.37400124455507155
E3618,0.35753578095830735
E3619,1.1961709188964944
E362,2.6015636667703794
E3620,0.011946839719086142
E3621,7.162588674548849
E3622,0.004704418170504044
E3623,0.012738021157436217
E3624,1.6535553438083384
E3625,2.619845014001245
E3626,0.33412077369840276
E3627,0.482458885234243
E3628,1.0107778469197262
E3629,0.046511689927993594
E363,5.251260500933418
E3630,0.0077535780958307415
E3631,0.007357987376655704
E3632,0.08703173615432484
E3633,0.6582727353542538
E3634,0.08772868699439951
E3635,0.0
E3636,0.6786123210952084
E3637,1.1678200840074673
E3638,0.7375093341630368
E3639,0.3771162881144991
E364,15.841661481020534
E3640,0.6711786325451151
E3641,0.007317983820784069
E3642,0.027442439327940257
E3643,0.021649035469819538
E3644,0.02509023024268824
E3645,0.33871810827629123
E3646,0.006645924082140635
E3647,0.0
E3648,0.03219041692594897
E3649,0.005459151924615522
E365,3.269539514623522
E3650,0.08990665836963287
E3651,0.005488487865588053
E3652,0.02195395146235221
E3653,0.5535532047293092
E3654,0.15132545115121346
E3655,0.13172370877411327
E3656,0.1570752955818295
E3657,0.11055382700684503
E3658,0.24541381456129432
E3659,0.0719112810027558
E366,0.27051649035469816
E3660,0.09016801493466084
E3661,0.005063561205440484
E3662,0.11290603609209707
E3663,0.500647557560672
E3664,0.8070690728064717
E3665,0.4249657747355321
E3666,0.01736776602364655
E3667,0.0
E3668,0.5394399502177971
E3669,1.3106528080273805
E367,16.330883634100807
E3670,0.6492532669570628
E3671,0.10237710018668326
E3672,0.009408836341008088
E3673,0.0321468574984443
E3674,1.0334038581207217
E3675,0.0
E3676,4.452750466708151
E3677,5.602345986309894
E3678,1.956701929060361
E3679,0.6647740354698196
E368,2.0075171126322338
E3680,1.971692594897324
E3681,0.014399502177971377
E3682,0.83255678282514
E3683,0.06876966841497023
E3684,0.0
E3685,0.09565650280024891
E3686,0.014091030313805672
E3687,0.0
E3688,0.06978220286247666
E3689,0.052184194150591175
E369,8.075973864343498
E3690,0.004747088630100454
E3691,5.057921593030492
E3692,0.1851729042581563
E3693,6.221854387056627
E3694,0.27419933623729514
E3695,0.19993777224642187
E3696,0.20621032980709397
E3697,0.09957685127566895
E3698,0.2854013690105787
E3699,0.32051026757934037
E37,0.15916614810205354
E370,2.182999377722464
E3700,0.533951462352209
E3701,0.09173615432482889
E3702,2.1176919337274427
E3703,0.017249533291848165
E3704,0.015823628767001514
E3705,0.31200373366521467
E3706,0.01653569206151658
E3707,0.3754387056627256
E3708,0.0729184816428127
E3709,0.15367766023646548
E371,2.6179488176726817
E3710,2.9972370877411327
E3711,0.016614810205351587
E3712,0.9476042314872433
E3713,0.26736776602364654
E3714,5.074947106409459
E3715,0.18246066317005957
E3716,0.1489732420659614
E3717,0.005380033780780515
E3718,1.387538980737682
E3719,0.011281891723708774
E372,2.2540626944617297
E3720,0.20777846919726198
E3721,0.36537647790914746
E3722,1.453179838207841
E3723,0.3763534536403236
E3724,0.22508400746733043
E3725,0.5911885500933416
E3726,0.07997510889856876
E3727,0.006883278513645658
E3728,0.18268823895457373
E3729,0.32107654013690107
E373,14.444349460692802
E3730,0.26673304293714994
E3731,0.10976975731176104
E3732,0.2924579962663348
E3733,0.25403858120721845
E3734,0.16779091474797764
E3735,0.3568399191039203
E3736,0.6669819539514623
E3737,3.462287258867455
E3738,0.018294959551960175
E3739,0.2996888612321095
E374,4.107372433105165
E3740,2.1719038062642606
E3741,3.537722464219041
E3742,0.022073962129967113
E3743,0.42955221945654426
E3744,0.13882656236109878
E3745,0.007911814383500757
E3746,0.11564761312116634
E3747,0.02434171926393457
E3748,0.02195395146235221
E3749,0.18268823895457373
E375,15.237914203484754
E3750,0.46573739887990045
E3751,0.0744866210329807
E3752,0.3524487658162207
E3753,0.0
E3754,0.010367143746110766
E3755,0.14505289359054138
E3756,0.010192906036092096
E3757,0.018434527513556762
E3758,0.18033602986932173
E3759,0.2472682016179216
E376,2.414635967641568
E3760,0.050635612054404845
E3761,0.06061783269623966
E3762,1.891624144368388
E3763,0.012263312294426173
E3764,5.05250155569384
E3765,0.03265623610987643
E3766,1.009974331051649
E3767,0.5705413814561294
E3768,0.1372121966397013
E3769,0.6457747355320473
E377,6.9904293714996895
E3770,1.8552209085252023
E3771,0.7261045426260111
E3772,0.0511894390612499
E3773,0.8563534536403237
E3774,0.1164494621744155
E3775,0.5849159925326696
E3776,1.1949595519601741
E3777,0.4377998340593238
E3778,0.10972619788425637
E3779,0.18334163036714374
E378,0.35361543248288735
E3780,0.05645301804604855
E3781,0.2716241443683883
E3782,0.0
E3783,0.005459151924615522
E3784,0.6291110246836755
E3785,0.1965401369010579
E3786,0.07213441194772868
E3787,0.9476042314872434
E3788,0.0
E3789,0.007278869232820696
E379,0.6592773802115743
E3790,1.4178967019290603
E3791,1.136667703795893
E3792,0.008070050671170772
E3793,0.1340759178593653
E3794,1.0858565205796071
E3795,3.3970214296826384
E3796,0.18190416925948974
E3797,0.04704418170504045
E3798,0.23794737309983108
E3799,1.0842804915992532
E38,0.7186339063472308
E380,1.3627131300560051
E3800,0.09367766023646548
E3801,0.5634847542003734
E3802,0.030302249088807895
E3803,0.014947106409458618
E3804,0.0
E3805,0.043401191216997065
E3806,0.008307405102675794
E3807,9.055612554449285
E3808,0.028087830029335945
E3809,0.7409583074051027
E381,0.40885734287492226
E3810,0.03920348475420037
E3811,2.2835469819539513
E3812,0.1372121966397013
E3813,0.0
E3814,0.15210952084629745
E3815,0.29563783447417546
E3816,0.07840696950840075
E3817,0.23600497822028624
E3818,0.0
E3819,0.17955196017423772
E382,2.30934660858743
E3820,0.11055382700684507
E3821,0.6727317983820784
E3822,0.612321095208463
E3823,8.290696950840074
E3824,0.0729184816428127
E3825,1.144144368388301
E3826,0.10584940883634102
E3827,1.6354947106409456
E3828,0.46607342874922214
E3829,0.0156653924793315
E383,9.161113487865588
E3830,0.18520579607076185
E3831,0.04929238154502623
E3832,0.06275402257978488
E3833,0.0855942750466708
E3834,0.18747977598008714
E3835,0.016219219486176547
E3836,0.04939639079029247
E3837,0.9585760215722878
E3838,0.09722464219041693
E3839,0.0
E384,0.26377955818294957
E3840,0.16308649657747357
E3841,0.0517485998755445
E3842,0.09252022401991289
E3843,0.1603858120721842
E3844,0.20385812072184192
E3845,0.36537647790914746
E3846,0.10271313005600498
E3847,0.08624766645924084
E3848,0.4053640323584318
E3849,1.7548226509023024
E385,4.415320472930928
E3850,2.910082840696951
E3851,1.8085127566894836
E3852,1.6495332918481644
E3853,0.5896204107031736
E3854,0.030935194239487956
E3855,1.2071242999377723
E3856,0.17719975108898567
E3857,0.03276083800041485
E3858,0.43457996266334786
E3859,2.3379651524579965
E386,0.26673304293714994
E3860,3.8629247044181705
E3861,0.4134711678075088
E3862,0.0
E3863,0.002373544315050227
E3864,0.022642012623344296
E3865,0.025317806027202416
E3866,0.0
E3867,0.0016614810205351587
E3868,0.048612321095208466
E3869,0.08703173615432484
E387,2.013490976975731
E3870,0.21352831362787802
E3871,0.009652413547870923
E3872,0.1489732420659614
E3873,0.16308649657747354
E3874,0.018197173082051737
E3875,0.001977953595875189
E3876,0.6486039592408214
E3877,0.32774113254511517
E3878,0.003955907191750378
E3879,0.003963907902924705
E388,6.312592174859987
E3880,0.0
E3881,0.4469197261978843
E3882,0.018276291225886747
E3883,0.03449906658369633
E3884,0.5303614395353661
E3885,0.08546359676415681
E3886,2.070690728064717
E3887,0.2932420659614188
E3888,0.05751889056805049
E3889,0.17798382078406969
E389,4.29446172993155
E3890,0.0
E3891,0.010443594986221
E3892,0.38288736776602367
E3893,0.6777515038373781
E3894,0.11230864965774735
E3895,0.05615432482887368
E3896,0.10820161792159302
E3897,1.04281269446173
E3898,0.47712476664592407
E3899,0.007595341808160726
E39,0.31911636589919107
E390,1.8055514934660857
E3900,0.08389545737398882
E3901,0.1568139390168015
E3902,0.4367268201617921
E3903,1.259524929993777
E3904,0.009408836341008088
E3905,0.5334660858742999
E3906,0.16678178801078614
E3907,0.042339763534536404
E3908,0.001568139390168015
E3909,0.32990665836963284
E391,6.289948856565027
E3910,0.09957685127566895
E3911,0.105065339141257
E3912,0.03293092719352831
E3913,1.5732780413814562
E3914,0.3347977598008712
E3915,2.478619905102676
E3916,0.49082762912258865
E3917,0.1356076095652947
E3918,4.094303049159925
E3919,5.729009606409459
E392,3.0652047682016184
E3920,6.3953391412570015
E3921,9.853403858120721
E3922,0.26031113876789047
E3923,0.2570521824162148
E3924,0.060373366521468574
E3925,0.01803360298693217
E3926,0.1481891723708774
E3927,0.41807975523750257
E3928,0.005183571873055383
E3929,0.0
E393,0.06346608587429994
E3930,0.211698817672682
E3931,0.4565049782202862
E3932,0.004430616054760424
E3933,0.015032447328651437
E3934,8.880728064716864
E3935,0.041555693839452394
E3936,0.015823628767001514
E3937,0.03593652769135035
E3938,0.5636056316116989
E3939,0.16308649657747354
E394,0.14348475420037338
E3940,0.5409454729309272
E3941,0.005300915636945507
E3942,0.5157871810827629
E3943,0.307616677037959
E3944,0.003164725753400303
E3945,0.34028624766645926
E3946,0.9893652769135035
E3947,1.2914471841941506
E3948,2.0202971375233356
E3949,0.010672059738643434
E395,0.07009067472664238
E3950,0.009652413547870923
E3951,2.7305040448039826
E3952,0.03596408569650636
E3953,0.029614187927815804
E3954,1.4649280491599252
E3955,0.0
E3956,5.23119185594275
E3957,0.30265090230242686
E3958,0.6501804604853766
E3959,0.13975197795359587
E396,0.8606281113876788
E3960,1.89181860609832
E3961,0.019601742377100186
E3962,0.3968886123210952
E3963,2.4754387056627256
E3964,0.15054138145612944
E3965,0.039165259134145265
E3966,0.010127122410880969
E3967,0.017010400924526624
E3968,0.6358431860609832
E3969,0.008940350253355855
E397,0.46626011200995643
E3970,0.062420659614187926
E3971,0.9585812072184193
E3972,1.9775925637834475
E3973,0.6100933416303671
E3974,0.003955907191750378
E3975,0.2501182327317984
E3976,0.47498688031528724
E3977,1.053005600497822
E3978,0.09718108276291226
E3979,0.21405102675793405
E398,0.4023584318606099
E3980,0.104281269446173
E3981,2.5704698195395146
E3982,7.341742377100187
E3983,0.04522979820428483
E3984,3.4058067568969093
E3985,0.508744166148102
E3986,0.19366521468574985
E3987,0.025080451595697398
E3988,0.6813754407799211
E3989,2.229224486621033
E399,0.17641568139390168
E3990,0.03449906658369633
E3991,0.016073428749222154
E3992,0.5475046670815183
E3993,0.19288114499066583
E3994,5.991281891723709
E3995,0.02460574273268735
E3996,0.47968263845675174
E3997,17.458226509023024
E3998,0.2728562538892346
E3999,0.12179905621240407
E4,0.11447417548226507
E40,1.2201433960796515
E400,0.5331673926571251
E4000,0.47029247044181705
E4001,0.48433105164903545
E4002,0.24306160547604233
E4003,0.5053889234598631
E4004,0.27081440572495336
E4005,0.06350964530180461
E4006,0.07169881767268202
E4007,0.05079384834207486
E4008,0.15206269446172993
E4009,0.006329451506800606
E401,0.523758556316117
E4010,0.1829931549471064
E4011,0.1458369632856254
E4012,0.0
E4013,1.6021783602986932
E4014,0.527678904791537
E4015,0.05723708774113255
E4016,0.0
E4017,1.0528935905413814
E4018,0.014897324206596143
E4019,0.05331673926571251
E402,0.17798382078406969
E4020,1.2654900435594274
E4021,0.01403858120721842
E4022,0.24541381456129432
E4023,0.04240732509556405
E4024,0.35672040292470447
E4025,0.06978220286247667
E4026,0.7001742377100187
E4027,0.1372121966397013
E4028,0.12466708151835718
E4029,0.4320224019912881
E403,0.14661569917325984
E4030,0.9853142501555694
E4031,0.1152582451773491
E4032,0.06742999377722464
E4033,0.042296204107031735
E4034,0.15267579340385812
E4035,5.004754200373367
E4036,0.5755818294959552
E4037,0.31586807716241444
E4038,0.09879278158058494
E4039,0.4299315494710641
E404,0.3244959551960174
E4040,3.752520224019913
E4041,0.10663347853142502
E4042,2.0031695706285
E4043,0.01748510978753667
E4044,0.041555693839452394
E4045,0.20228998133167392
E4046,0.03920348475420037
E4047,0.10036092097075296
E4048,0.36929682638456757
E4049,0.022786025424482177
E405,0.11839452395768514
E4050,0.22032358431860607
E4051,0.020385812072184192
E4052,0.017010400924526624
E4053,0.0146368566094764
E4054,5.3276415681393905
E4055,1.701605476042315
E4056,1.4288223397635347
E4057,12.834950801182327
E4058,0.1001520135123122
E4059,2.211076540136901
E406,0.13629744866210328
E4060,0.009968886123210953
E4061,1.0193963907902925
E4062,1.2395955196017423
E4063,0.7712445550715619
E4064,0.062740688061161
E4065,0.021361898835452045
E4066,0.013133611876611254
E4067,0.004272379767090408
E4068,0.0
E4069,0.6398008711885501
E407,0.15297118077162414
E4070,1.4194751477909147
E4071,0.3509583074051027
E4072,0.10549648857676237
E4073,1.5587461107654015
E4074,0.10349719975108898
E4075,0.2509023024268824
E4076,0.0
E4077,0.010285358698550982
E4078,0.07619032802915815
E4079,0.009408836341008088
E408,0.8640448039825762
E4080,0.004272379767090408
E4081,0.14113254511512136
E4082,4.583596764156814
E4083,1.139178593652769
E4084,0.023522090852520224
E4085,0.0
E4086,1.0042065961418793
E4087,0.17641568139390168
E4088,0.1433105164903547
E4089,0.07840696950840075
E409,0.25168637212196643
E4090,0.0517485998755445
E4091,0.08781580584940885
E4092,0.2970216241443684
E4093,0.12322962041070318
E4094,0.09985776513467864
E4095,0.638755444928438
E4096,0.021461463241176995
E4097,0.28226509023024265
E4098,1.830269135034225
E4099,0.16169658784484545
E41,0.2015059116365899
E410,0.048890568050493376
E4100,0.15838207840696952
E4101,1.5302053515868077
E4102,0.1466210329807094
E4103,0.10584940883634102
E4104,0.17439416837052182
E4105,0.7685271468574985
E4106,1.614978220286248
E4107,2.5853078329184815
E4108,0.308923459863099
E4109,0.03204284825317806
E411,2.879204470026965
E4110,0.40711885500933415
E4111,1.0114499066583698
E4112,0.46241463130056004
E4113,0.15446172993154947
E4114,26.183314405724953
E4115,0.6066832607342875
E4116,0.3583198506533914
E4117,0.2595270690728065
E4118,0.4712258867454885
E4119,2.424278158058494
E412,0.4971001866832608
E4120,5.62525202240199
E4121,1.470602442439328
E4122,0.018751000088896793
E4123,0.045476042314872435
E4124,0.014113254511512133
E4125,0.31205973864343495
E4126,0.8654877100186683
E4127,0.08781580584940885
E4128,14.096963337481851
E4129,0.8942688238954575
E413,6.696403235843185
E4130,0.06262778913681216
E4131,0.14810205351586805
E4132,13.14713130056005
E4133,0.09565650280024891
E4134,0.03853053604764868
E4135,3.256950840074673
E4136,2.0857373988799
E4137,0.10036092097075296
E4138,0.0
E4139,0.025159569739532407
E414,2.4425015556938394
E4140,0.20385812072184195
E4141,0.8777943372744244
E4142,0.14194061694372834
E4143,0.013329184816428127
E4144,0.31754822650902303
E4145,0.010839185705396038
E4146,0.08948262067739356
E4147,0.103497199751089
E4148,0.054884878655880515
E4149,0.35439950217797134
E415,11.0557373988799
E4150,0.0
E4151,0.35675171126322336
E4152,0.20228998133167392
E4153,0.15132545115121346
E4154,0.025917859365276914
E4155,3.028440611387679
E4156,0.028226509023024267
E4157,0.13695084007467329
E4158,0.2747675348919904
E4159,0.03528313627878034
E416,0.38236465463596764
E4160,0.1474051026757934
E4161,0.03061872166414793
E4162,1.8868450528935905
E4163,0.7988812616677038
E4164,0.15524579962663348
E4165,0.37321717485998757
E4166,0.3300933416303672
E4167,0.003560316472575341
E4168,0.8210329807093965
E4169,0.3457747355320473
E417,0.3494621744155036
E4170,0.8723076643849824
E4171,0.008940350253355853
E4172,0.8282762912258868
E4173,1.2060876522357542
E4174,0.9962571950840075
E4175,0.009335940972530892
E4176,0.1233167392657125
E4177,12.728675910080895
E4178,0.023260734287492223
E4179,0.33465909562331464
E418,0.2705040448039826
E4180,0.08701573473197619
E4181,0.0702359468989836
E4182,0.6715434427504666
E4183,0.2937647790914748
E4184,0.03528313627878034
E4185,0.05410080896079651
E4186,0.014897324206596143
E4187,0.0
E4188,0.010760067561561028
E4189,0.0
E419,0.4253224175482266
E4190,0.06725042225975643
E4191,0.008386523246510801
E4192,0.12153080273802117
E4193,0.011946839719086142
E4194,0.5259705584940884
E4195,0.0
E4196,0.8840957529558182
E4197,14.459850653391412
E4198,0.2459503215100601
E4199,0.21326695706285004
E42,0.2524704418170504
E420,0.31127566894835096
E4200,0.048612321095208466
E4201,0.016140101342341544
E4202,0.08672682016179216
E4203,0.1693590541381456
E4204,3.5325326695706285
E4205,0.1481891723708774
E4206,0.11007467330429371
E4207,1.025842297093075
E4208,0.12388301182327319
E4209,0.09252022401991286
E421,0.3298319850653391
E4210,0.29010578718108276
E4211,0.37057239161999583
E4212,0.0
E4213,2.8497324206596146
E4214,0.0
E4215,0.6452893590541382
E4216,4.935696950840074
E4217,0.36500311138767894
E4218,0.9513053827006845
E4219,0.04224908880789405
E422,0.060373366521468574
E4220,0.009256822828695884
E4221,0.09565650280024891
E4222,0.062115743621655256
E4223,0.4879153702551339
E4224,0.0
E4225,0.055668948350964524
E4226,0.26109520846297446
E4227,0.0033229620410703173
E4228,0.11290603609209707
E4229,0.9616428126944618
E423,0.25247044181705036
E4230,1.0375427815805849
E4231,0.05229709307494
E4232,1.9169383945239578
E4233,0.23678904791537028
E4234,0.10528935905413814
E4235,0.737025513378967
E4236,0.6601472075295582
E4237,0.07762289981331674
E4238,0.07135034225264468
E4239,2.204057249533292
E424,0.03127566894835097
E4240,1.879187733354076
E4241,35.23101431238332
E4242,0.2963783447417548
E4243,0.24933416303671438
E4244,0.12623077606898392
E4245,0.7580833851897947
E4246,0.424443061605476
E4247,0.03242688238954574
E4248,0.2851096764156814
E4249,0.1474051026757934
E425,0.4351586807716242
E4250,0.03828873677660236
E4251,6.489408836341008
E4252,0.006408569650635612
E4253,1.6527255756067207
E4254,0.07997510889856876
E4255,0.43485376477909143
E4256,5.788973047604232
E4257,0.23600497822028624
E4258,0.3983074051026758
E4259,0.06350964530180461
E426,0.1905289359054138
E4260,0.0650777846919726
E4261,0.060373366521468574
E4262,0.05893412747799804
E4263,0.022738021157436217
E4264,0.10192906036092098
E4265,0.4641692594897325
E4266,0.08389545737398882
E4267,0.5883883011823273
E4268,0.17171126322339764
E4269,0.015190683616321452
E427,0.0744866210329807
E4270,0.08287670015112455
E4271,0.17327940261356564
E4272,0.0
E4273,0.010206240554715976
E4274,0.4273179838207841
E4275,7.088898568761667
E4276,0.8984691972619788
E4277,1.1932794026135658
E4278,0.024289270157347317
E4279,2.223748444306161
E428,3.785488487865588
E4280,0.018434527513556762
E4281,0.33475064450173353
E4282,0.0
E4283,0.004588852342430438
E4284,0.18373366521468573
E4285,0.1356440572495333
E4286,0.2681518357187305
E4287,0.28013067828251403
E4288,0.11013601208996357
E4289,0.04451773490976975
E429,0.16230242688238955
E4290,0.1004738198951018
E4291,0.002373544315050227
E4292,0.23914125700062228
E4293,0.02587429993777225
E4294,0.04713130056004978
E4295,0.009147479775980088
E4296,0.6335283136278781
E4297,0.0058547426437905595
E4298,0.00783269623966575
E4299,16.887487943372744
E43,0.3338394523957685
E430,0.2854013690105787
E4300,0.05729753755889413
E4301,0.012501555693839452
E4302,0.1156502800248911
E4303,0.24462974486621036
E4304,0.014026135656502802
E4305,0.19654013690105784
E4306,9.167193528313629
E4307,0.0
E4308,0.0
E4309,0.11996266334785313
E431,0.06037336652146858
E4310,0.6808711885500932
E4311,1.2960672059738645
E4312,0.22424393279402616
E4313,0.021203662547782026
E4314,0.0
E4315,0.0
E4316,1.3190910858743
E4317,0.01629833763001156
E4318,3.2672184194150593
E4319,0.13912881144990666
E432,0.319116365899191
E4320,0.0
E4321,0.37948973242065964
E4322,0.08389545737398882
E4323,0.007357987376655703
E4324,0.33660983198506533
E4325,0.3930802738021158
E4326,1.2225886745488488
E4327,0.057835363143390536
E4328,1.2935368180875337
E4329,0.0
E433,2.2953640323584317
E4330,0.004984443061605477
E4331,0.309707529558183
E4332,0.041555693839452394
E4333,1.0415385812072184
E4334,0.21389634634189705
E4335,0.7334073584318606
E4336,0.016465463596764155
E4337,0.1372121966397013
E4338,0.0
E4339,0.039400835629833764
E434,0.20072184194150594
E4340,0.07548848786558805
E4341,0.0233211841052538
E4342,0.19159303049159923
E4343,0.852522246421904
E4344,0.046917059294159486
E4345,0.07213441194772868
E4346,0.1575980087118855
E4347,0.12074673304293712
E4348,0.3360672059738643
E4349,22.11076540136901
E435,1.5765714063472307
E4350,0.04499688861232109
E4351,0.13172370877411327
E4352,6.233130056004979
E4353,0.17406347230864969
E4354,1.0944477286869942
E4355,0.0020570717397101965
E4356,0.0
E4357,0.0
E4358,0.22110765401369015
E4359,0.4639702343912051
E436,1.4163028935905415
E4360,0.007990932527335765
E4361,1.0519411169881767
E4362,0.6131707114706493
E4363,0.10898568761667704
E4364,0.1096826384567517
E4365,0.05484131922837585
E4366,0.35844963996799717
E4367,0.08865588052271314
E4368,0.3601544285417963
E4369,0.35968388301182325
E437,0.532383322962041
E4370,0.47216931134619367
E4371,0.014320384034136368
E4372,0.0
E4373,0.8530491599253266
E4374,0.8194372277535781
E4375,0.10820161792159302
E4376,0.009452395768512756
E4377,0.006645924082140635
E4378,0.106633478531425
E4379,0.17406347230864969
E438,0.3908233509645302
E4380,0.15759800871188548
E4381,0.09565650280024891
E4382,0.0
E4383,0.006962396657480666
E4384,0.0071997510889856885
E4385,0.8232928334370463
E4386,1.1301057871810827
E4387,2.0846227442439327
E4388,0.84130678282514
E4389,0.44008089607965156
E439,0.892644679527069
E4390,0.0
E4391,0.7580833851897947
E4392,0.0066459240821406355
E4393,0.023508756333896343
E4394,0.012196639701306784
E4395,0.6891972619788426
E4396,0.0015823628767001514
E4397,0.36922749429578916
E4398,0.0
E4399,0.004430616054760424
E44,0.14426882389545737
E440,0.4320224019912881
E4400,0.02436838830118233
E4401,0.01890923637656681
E4402,0.0
E4403,0.028662103298070937
E4404,0.4333291848164281
E4405,1.7269625077784694
E4406,0.014162147746466356
E4407,0.03737398879900436
E4408,0.4790665836963285
E4409,0.0
E441,0.49338130056004975
E4410,0.10493554982665126
E4411,0.0
E4412,0.017990043559427505
E4413,0.024698195395146238
E4414,0.009757311761045426
E4415,0.0
E4416,0.4547604231487243
E4417,0.04953773668770558
E4418,0.008544759534180817
E4419,0.006329451506800606
E442,0.3050031113876789
E4420,21.567741132545116
E4421,0.48054760423148724
E4422,0.1701431238332296
E4423,0.31101431238332294
E4424,0.10584940883634102
E4425,0.00823273179838208
E4426,0.2211076540136901
E4427,0.22345986309894214
E4428,0.6384595001037129
E4429,0.020385812072184192
E443,7.5500194461729935
E4430,0.2814810205351587
E4431,0.03584051915725843
E4432,0.008537647790914748
E4433,8.624710640945862
E4434,0.103497199751089
E4435,0.05362165525824518
E4436,0.06257711796604143
E4437,0.002215308027380212
E4438,0.11369010578718107
E4439,0.012896257445106233
E444,0.6766361454351497
E4440,0.061941505911636593
E4441,0.22581207218419413
E4442,0.185663614543515
E4443,0.20621032980709397
E4444,1.2282265090230242
E4445,0.0
E4446,0.08630367143746111
E4447,0.1144741754822651
E4448,0.23522090852520225
E4449,0.10192906036092098
E445,0.6054782202862476
E4450,0.15054138145612941
E4451,0.00792781580584941
E4452,0.14034847542003734
E4453,0.15524579962663348
E4454,0.1489732420659614
E4455,1.5512632233976353
E4456,0.014715974753311408
E4458,0.041299671081873955
E4459,0.4413223397635346
E446,0.0211698817672682
E4460,0.3627833307405103
E4461,0.6033851897946484
E4462,0.02761223219841764
E4463,0.001819717308205174
E4464,0.16151835718730553
E4465,0.013845675171126323
E4466,0.008070050671170772
E4467,1.4433307405102676
E4468,0.054884878655880515
E4469,0.4147728686994399
E447,0.03509645301804605
E4470,3.0208854120366255
E4471,0.0763596764156814
E4472,2.2984567517112633
E4473,0.939917548226509
E4474,0.08075917859365277
E4475,1.5712198584318606
E4476,0.010048004267045961
E4477,2.4753053049159925
E4478,0.013329184816428127
E4479,2.881680149346608
E448,0.3101866832607343
E4480,2.556001866832607
E4481,2.5878383634100808
E4482,0.0
E4483,0.0
E4484,0.007437105520490711
E4485,0.00783269623966575
E4486,3.3411823273179837
E4487,0.031362787803360305
E4488,4.423329184816428
E4489,0.07273535425371144
E449,0.5289094586185439
E4490,2.3093165836963285
E4491,0.045476042314872435
E4492,0.17144990665836962
E4493,0.8448881845052894
E4494,0.05436216552582452
E4495,0.05018046048537648
E4496,0.06535158680771624
E4497,0.951860609831985
E4498,8.198886123210952
E4499,1.8098179838207842
E45,0.38497822028624773
E450,0.18425637834474176
E4500,0.0
E4501,0.9185996810827629
E4502,0.5041568139390168
E4503,0.005063561205440484
E4504,0.45711263223397636
E4505,0.8984691972619789
E4506,1.614436838830118
E4507,1.7277510889856877
E4508,0.013253622544226155
E4509,0.008386523246510801
E451,0.4626011200995644
E4510,0.1466210329807094
E4511,0.02634634189705752
E4512,0.14270068450528936
E4513,0.5488487865588052
E4514,0.17955196017423772
E4515,0.7752630678282514
E4516,0.17958040714730197
E4517,0.7732241236258037
E4518,0.01202595786292115
E4519,0.8499315494710642
E452,1.6617534614187928
E4520,0.007840696950840076
E4521,0.05942128189172371
E4522,0.03737398879900436
E4523,0.007622899813316739
E4524,0.33181357602157224
E4525,0.0
E4526,0.5475046670815183
E4527,1.7478033602986933
E4528,0.6933672993154947
E4529,1.172221530802738
E453,1.4141817050404482
E4530,0.8303261771416718
E4531,0.05275591163658991
E4532,0.32807508815598424
E4533,0.7580833851897947
E4534,1.9028881456129432
E4535,0.08624766645924084
E4536,0.38912881144990663
E4537,0.3755133789670193
E4538,0.029881767268201614
E4539,0.2853770483302219
E454,0.16308649657747354
E4540,0.1728002489110143
E4541,0.1982389545737399
E4542,0.206994399502178
E4543,0.24698195395146233
E4544,0.22345986309894214
E4545,0.22408680771624143
E4546,0.19601742377100187
E4547,0.14426882389545737
E4548,0.024684860876522354
E4549,0.056885945417370444
E455,0.0
E4550,1.381883634100809
E4551,0.18033602986932173
E4552,0.007056627255756067
E4553,0.31441194772868697
E4554,0.0
E4555,0.010601831273891015
E4556,0.0
E4557,0.1693590541381456
E4558,0.019601742377100186
E4559,0.2697199751088986
E456,0.23652769135034227
E4560,0.32617299315494713
E4561,0.2728562538892346
E4562,0.12701929060360923
E4563,0.7746608587429994
E4564,0.2642314872433105
E4565,0.29873055382700686
E4566,4.147672682016179
E4567,0.17641568139390168
E4568,0.026068983909680862
E4569,18.904558182949597
E457,0.21561916614810206
E4570,0.06063027824695529
E4571,0.6395768512756689
E4572,0.007357987376655704
E4573,1.1413441194772869
E4574,0.0
E4575,0.015190683616321452
E4576,0.007911814383500757
E4577,0.6934536403235844
E4578,0.12780336029869319
E4579,0.24070939639079028
E458,0.1544617299315495
E4580,0.08270246244110589
E4581,0.00909858654102587
E4582,0.0
E4583,0.011630367143746111
E4584,0.004573739887990044
E4585,0.017643346075206685
E4586,0.21783091830384926
E4587,0.013370966308116277
E4588,0.0855027113521202
E4589,4.211574362165526
E459,0.02195395146235221
E4590,0.03580584940883635
E4591,0.38341008089607964
E4592,0.028400746733042936
E4593,0.015681393901680152
E4594,0.17014312383322963
E4595,0.02175748955462708
E4596,1.1501182327317985
E4597,0.0
E4598,0.12153080273802117
E4599,0.03754822650902303
E46,0.24994932882922927
E460,1.404881378344742
E4600,0.08781580584940885
E4601,0.21718730553827006
E4602,0.014113254511512133
E4603,0.35632876996473756
E4604,0.19366521468574985
E4605,0.1575980087118855
E4606,0.06384834207485111
E4607,0.14414644264675378
E4608,0.013845675171126323
E4609,0.5242901591252556
E461,1.5925015556938396
E4610,0.3896826384567517
E4611,0.4263845675171127
E4612,0.007437105520490711
E4613,0.06250333362965597
E4614,0.0
E4615,0.09173615432482887
E4616,0.0
E4617,2.1002324206596144
E4618,0.01795981865054672
E4619,10.865861854387058
E462,0.13799626633478532
E4620,0.2320846297448662
E4621,4.894984443061605
E4622,0.0
E4623,0.005380033780780515
E4624,1.5861944098734697
E4625,1.3931798382078409
E4626,0.0
E4627,0.9323416303671437
E4628,2.0976291225886743
E4629,0.34499066583696325
E463,0.4168099979257415
E4630,0.0077535780958307415
E4631,0.822451773490977
E4632,0.03955907191750378
E4633,2.6617968263845673
E4634,3.450728064716864
E4635,0.18152102409103033
E4636,0.44613565650280024
E4637,38.51014001244555
E4638,0.6390168014934662
E464,0.2226757934038581
E465,0.061070317361543246
E466,0.06962396657480666
E467,0.036485020890745845
E468,0.20934660858743
E469,0.28454796722671644
E47,0.3042190416925949
E470,0.0
E471,0.06348386523246512
E472,0.0
E473,0.022563783447417548
E474,0.030404480398257622
E475,3.763508672993155
E476,0.15289359054138144
E477,0.2806969508400747
E478,0.35173221323376896
E479,0.4390790292470442
E48,0.2633798559871989
E480,0.43316293300145203
E481,0.012184194150591165
E482,0.7807747873885086
E483,2.72551182327318
E484,1.803957685127567
E485,2.8514592408214066
E486,11.785911636589919
E487,0.11133789670192905
E488,4.773117610454262
E489,0.835295581829496
E49,0.8705387886330638
E490,16.256562850031113
E491,0.09957685127566895
E492,0.004509734198595431
E493,0.0
E494,0.3914868543870566
E495,0.19366521468574985
E496,0.7318448454677453
E497,2.003909264156814
E498,1.1875075840074674
E499,0.12388301182327317
E5,0.32774113254511517
E50,0.028404302604675975
E500,0.1144741754822651
E501,0.23365276913503424
E502,0.2799128811449907
E503,8.294230514934661
E504,5.694779869321717
E505,1.0143590541381455
E506,0.2626633478531425
E507,0.1087678904791537
E508,1.2429232524372535
E509,0.27050404480398255
E51,0.008070050671170772
E510,6.400823739887991
E511,2.5324541070317363
E512,0.6898942128189172
E513,0.06507778469197262
E514,0.1887132337689276
E515,0.16230242688238955
E516,6.335158680771625
E517,0.08154324828873677
E518,0.11917859365276914
E519,0.39438705662725576
E52,0.12309894212818917
E520,0.1278033602986932
E521,0.1555942750466708
E522,0.19836963285625386
E523,0.9614665525824517
E524,2.8884411947728683
E525,1.7478033602986933
E526,0.1364281269446173
E527,0.08467952706907281
E528,1.902059738643435
E529,3.3018855009334165
E53,0.06592763801226777
E530,2.216617143746111
E531,1.401800715619166
E532,0.5065090230242688
E533,1.5415556938394526
E534,2.1970379589296827
E535,1.410877411325451
E536,0.38262601120099565
E537,0.6931176104542626
E538,0.5888363410080896
E539,0.46573739887990045
E54,0.3206845052893591
E540,0.042339763534536404
E541,0.19209707529558182
E542,1.359691920763327
E543,0.6444739810205352
E544,0.4186932171748599
E545,0.07762289981331674
E546,0.3261729931549471
E547,0.1889607965152458
E548,0.1795519601742377
E549,0.4273179838207841
E55,0.05166414792425994
E550,0.39830740510267576
E551,0.28461729931549473
E552,2.6124642190416925
E553,0.21405102675793405
E554,0.16308649657747354
E555,0.28775357809583074
E556,0.4419166148102054
E557,0.5762912258867454
E558,0.0052217974931105
E559,0.18944938809375647
E56,0.23176726820161792
E560,0.2693823895457374
E561,0.2886869943995022
E562,0.0729184816428127
E563,0.029010578718108276
E564,3.214364499066584
E565,0.2464059027469108
E566,0.7624082140634724
E567,0.12388301182327319
E568,0.1364281269446173
E569,0.12074673304293715
E57,0.8969757311761046
E570,0.09177971375233353
E571,0.9291225886745488
E572,0.7078519498029453
E573,0.19457996266334784
E574,0.06237265534714197
E575,1.9546541692594896
E576,0.314231902095001
E577,0.45274424393279405
E578,0.04055382700684505
E579,0.14426882389545737
E58,0.22424393279402616
E580,2.072146468574984
E581,0.09016801493466087
E582,0.012501555693839452
E583,0.0729184816428127
E584,0.27599253266957063
E585,0.07997510889856876
E586,0.48220286247666455
E587,8.758008128500311
E588,0.2563907902924704
E589,0.21091474797759802
E59,0.22581207218419413
E590,0.8156502800248911
E591,0.012500666725931196
E592,0.3065712507778469
E593,1.376701151213441
E594,0.5033727442439327
E595,0.38576228998133166
E596,0.34891101431238336
E597,0.1599502177971375
E598,0.11369010578718107
E599,0.1756316116988177
E6,0.41533914125700055
E60,0.7171896390790291
E600,0.11738198951017868
E601,0.015681393901680152
E602,1.0095768512756689
E603,0.14505289359054138
E604,0.25325451151213435
E605,0.5041568139390168
E606,0.11290603609209707
E607,0.004588852342430438
E608,0.06978220286247666
E609,0.19836963285625386
E61,0.2328686994399502
E610,0.06742999377722464
E611,0.011788603431416127
E612,0.37008089607965156
E613,0.1262352209085252
E614,0.05835896524135478
E615,0.21169881767268203
E616,0.004704418170504044
E617,0.06747355320472931
E618,0.3308774113254512
E619,0.22659614187927815
E62,1.068593341630367
E620,0.11996266334785315
E621,0.08467952706907281
E622,0.34734287492221533
E623,0.11369010578718107
E624,0.17262601120099566
E625,0.05388301182327318
E626,0.12309894212818917
E627,0.0
E628,3.0138705662725576
E629,0.2181891723708774
E63,0.424181705040448
E630,0.17014312383322963
E631,0.20542626011200996
E632,0.3042190416925949
E633,0.0
E634,0.36772868699439953
E635,0.6736679630781995
E636,0.09630989421281891
E637,0.14261356565028002
E638,0.06952084629744865
E639,0.4061481020535158
E64,0.6168886123210953
E640,0.2913236732153969
E641,0.07095830740510267
E642,0.005696506356120544
E643,0.5143497199751088
E644,0.31519420244762497
E645,0.20934660858743
E646,1.3357259256378344
E647,4.6193901680149345
E648,1.9872246421904172
E649,0.62411947728687
E65,0.25242688238954575
E650,2.4322713130056006
E651,3.881300560049782
E652,1.2915494710640947
E653,4.437610454262601
E654,2.139327162414437
E655,6.708104970441816
E656,1.038156502800249
E657,1.3991334785314251
E658,1.474051026757934
E659,2.1345517657125077
E66,0.8236761045426261
E660,0.0114721308560761
E661,0.6251330118232732
E662,1.8881891723708772
E663,0.21405102675793405
E664,0.8350342252644679
E665,1.4837434438616766
E666,0.06813939016801493
E667,0.2765891412570006
E668,0.04181645775920822
E669,0.65663959759386
E67,0.01254511512134412
E670,3.66190416925949
E671,6.35707373988799
E672,1.5582825140012444
E673,3.3722837585563163
E674,0.80019912881145
E675,5.766259723086497
E676,0.20641479242599342
E677,0.8063757000622277
E678,0.21483509645301804
E679,1.6056100264467952
E68,0.18739265712507777
E680,0.04106231665036892
E681,1.1676104542626011
E682,0.1278033602986932
E683,14.00471686372122
E684,14.110272440883634
E685,3.3555359365276916
E686,1.4286430460485375
E687,3.17869321717486
E688,0.1575980087118855
E689,0.02713752333540759
E69,0.12823895457373988
E690,0.21439950217797135
E691,0.9967392657125078
E692,2.6630075451151214
E693,3.943668131611699
E694,32.02292178749222
E695,20.110011084318604
E696,3.3441879278158058
E697,149.98546204107032
E698,0.2618792781580585
E699,1.4788793170504044
E7,0.9935665392479331
E70,1.0994413114499069
E700,8.147548226509024
E701,2.0327232420659618
E702,9.729157202862476
E703,0.1496204107031736
E704,0.936179215930305
E705,0.10847719797315317
E706,10.732395185127565
E707,8.644307664384982
E708,25.555817322650903
E709,0.2638695809997926
E71,0.21405102675793405
E710,1.6740981420570717
E711,43.94320997977598
E712,5.702090852520223
E713,1.7618419415059114
E714,3.856629978220286
E715,0.36522713130056
E716,5.429972441994844
E717,0.24149346608587433
E718,3.6313192283758555
E719,3.0646542470441815
E72,0.07300560049782202
E720,9.279602714685751
E721,1.0739514623522093
E722,5.581810633167393
E723,8.71119049471064
E724,1.3504931549471066
E725,0.08034077103149909
E726,2.2536434349719974
E727,0.2299883322962041
E728,3.1324953329184817
E729,6.6415014390168015
E73,0.060373366521468574
E730,1.3266459240821407
E731,5.886152963596763
E732,28.60135617610454
E733,4.693758556316117
E734,2.2275606720597385
E735,1.324380056004978
E736,0.3897573117610454
E737,14.180339919103922
E738,5.847800637834474
E739,0.8887680849408837
E74,0.49004355942750466
E740,1.1839670192906036
E741,0.03473286514356832
E742,16.537261200995644
E743,1.1271886667703794
E744,0.796838052271313
E745,0.23983820784069695
E746,24.432143551649038
E747,6.5302551337896695
E748,0.14270068450528936
E749,2.379276913503422
E75,0.09491599253266957
E750,0.012421548582096188
E751,1.2871686372121967
E752,5.2840510267579335
E753,0.40480456596141884
E754,0.24462974486621034
E755,1.774846764156814
E756,0.1345986309894213
E757,0.12736598808783003
E758,0.0754449284380834
E759,0.38968263845675166
E76,0.2030740510267579
E760,0.3089234598630989
E761,0.040667614899102145
E762,0.025317806027202426
E763,0.31049159925326697
E764,0.2910018668326073
E765,0.16497288647879813
E766,0.08647257534003022
E767,0.21444306160547605
E768,0.32414081251666815
E769,0.11917859365276914
E77,0.3015050226686817
E770,0.5386558805227132
E771,0.35204729309271937
E772,0.2501182327317984
E773,0.09809583074051026
E774,1.3694893434971998
E775,0.08389545737398879
E776,0.0320099564405725
E777,0.44219098734702333
E778,0.5404853764779092
E779,0.09025513378967019
E78,0.0592843808338519
E780,0.0
E781,0.21483509645301804
E782,0.11761045426260112
E783,4.505466708151836
E784,0.7021530802738022
E785,2.8297429215930308
E786,13.523570317361543
E787,8.813955546048538
E788,0.2563907902924704
E789,0.19836963285625386
E79,0.284824428838119
E790,0.1356440572495333
E791,0.2297324206596142
E792,0.2516863721219664
E793,0.1356440572495333
E794,1.6286053204729307
E795,1.6394897324206594
E796,4.191934699751089
E797,8.053650824517735
E798,0.0729184816428127
E799,0.2783447417548226
E8,0.12466708151835719
E80,0.4594648413192283
E800,0.013450084451951285
E801,0.933147557560672
E802,5.889023024268824
E803,0.01677037958929683
E804,0.17506533914125702
E805,0.15446172993154947
E806,0.8930274320680356
E807,0.40928438083385194
E808,0.25090230242688233
E809,0.2911512134411947
E81,0.9367744373573947
E810,0.6484256378344742
E811,0.10580584940883635
E812,0.36382902924704413
E813,0.2399253266957063
E814,0.18974486621032982
E815,0.12937149968886122
E816,0.6011554915992533
E817,0.13172370877411324
E818,0.17327940261356567
E819,0.10820161792159302
E82,0.533951462352209
E820,0.2603111387678904
E821,0.4996701929060361
E822,1.6034232524372534
E823,0.037635345364032353
E824,0.30892345986309894
E825,0.10114499066583697
E826,0.0948724331051649
E827,0.4246608587429994
E828,2.8357934038581205
E829,0.02587429993777225
E83,0.08074406613921237
E830,3.0794710640945864
E831,0.1308276291225887
E832,0.012196639701306784
E833,0.3909894212818917
E834,0.07762289981331674
E835,0.16896701929060362
E836,0.0
E837,0.10327940261356565
E838,0.11761045426260112
E839,0.07183305182682906
E84,0.2783447417548227
E840,0.10009956440572494
E841,0.07056627255756068
E842,6.370118232731798
E843,3.7876647090852518
E844,0.8774113254511512
E845,4.23843925015557
E846,3.0550155569383945
E847,0.6084515142086703
E848,0.2940261356565028
E849,0.7017423771001867
E85,0.06272557560672061
E850,3.979937772246422
E851,0.024698195395146238
E852,0.046260112009956444
E853,0.2900622277535781
E854,2.6252146857498446
E855,3.396499883322962
E856,0.05664859098586541
E857,0.12229709307494001
E858,16.098594041692593
E859,0.13046404124811095
E86,0.04314516845941861
E860,2.195050754511512
E861,0.19606098319850654
E862,0.6053453640323584
E863,0.25168637212196643
E864,0.19444928438083386
E865,1.0390326695706285
E866,0.20228998133167395
E867,1.2968512756689483
E868,1.5166521468574983
E869,0.17636056538358966
E87,0.22581207218419413
E870,0.11183305182682907
E871,0.8390553049159926
E872,0.09644057249533293
E873,0.4568821302634308
E874,0.15759800871188548
E875,0.2635825406702818
E876,0.04677215752511335
E877,0.17411947728686994
E878,0.16465463596764157
E879,0.18558627433549646
E88,0.14818917237087742
E880,0.054884878655880515
E881,0.054884878655880515
E882,0.3300933416303672
E883,0.5480647168637213
E884,0.24933416303671438
E885,0.32883011823273184
E886,0.36742377100186685
E887,0.08053604764867987
E888,0.4926949284380833
E889,0.5084111180253059
E89,0.17249533291848168
E890,0.23731176104542626
E891,0.03841941505911637
E892,0.08232731798382079
E893,0.08563783447417549
E894,0.08311138767890479
E895,0.18425637834474176
E896,0.010522713130056005
E897,0.11055382700684505
E898,0.22816428126944618
E899,0.03937772246421904
E9,1.1337647790914749
E90,0.7089483509645301
E900,0.5700186683260734
E901,0.3332296204107032
E902,0.3425077784691972
E903,0.36067205973864347
E904,0.06194150591163659
E905,0.210130678282514
E906,0.15446172993154947
E907,0.19131300560049783
E908,2.5201586807716243
E909,0.16622277535780958
E91,0.8899191039203485
E910,1.2698146779713753
E911,0.35439950217797134
E912,0.5645301804604854
E913,0.31127566894835096
E914,0.41660926156399086
E915,0.4116365899191039
E916,0.19758556316116987
E917,0.2289696861943284
E918,0.1311396568583874
E919,0.12074673304293716
E92,1.1353329184816427
E920,0.20621032980709397
E921,0.10766912614454618
E922,0.0
E923,0.0
E924,0.1497573117610454
E925,0.5559054138145613
E926,0.16387056627255758
E927,0.2203235843186061
E928,0.16779091474797758
E929,0.12074673304293716
E93,0.12545115121344122
E930,0.6421530802738021
E931,0.8828345260319437
E932,0.06871721930838298
E933,0.4139887990043559
E934,0.5347355320472931
E935,0.06586185438705662
E936,0.533951462352209
E937,0.17171126322339764
E938,0.18033602986932168
E939,0.1756751711263223
E94,0.1364281269446173
E940,0.37556938394523953
E941,0.3720224019912881
E942,0.35753578095830746
E943,1.1608027380211574
E944,0.30029869321717484
E945,0.14583696328562537
E946,0.34499066583696325
E947,1.8179962663347853
E948,0.0
E949,1.4957477053515869
E95,1.165215774735532
E950,0.7252644679527069
E951,0.03710996533025158
E952,0.24502177971375233
E953,0.3222526446795271
E954,0.48690728064716865
E955,0.21248288736776602
E956,0.10663347853142502
E957,0.2775606720597386
E958,0.17249533291848168
E959,0.4578967019290603
E96,1.7674424393279404
E960,0.42557560672059735
E961,0.0008702995821850833
E962,0.0634518623877678
E963,0.0
E964,0.5688690624351794
E965,0.061941505911636593
E966,0.3089234598630989
E967,0.08093341630367144
E968,0.2626633478531425
E969,0.20632500666725934
E97,0.4484878655880523
E970,0.05174859987554449
E971,0.07840696950840075
E972,1.5536910910599457
E973,2.963783447417548
E974,0.6186309894212819
E975,0.12261978842563784
E976,0.19009334163036715
E977,0.36459240821406347
E978,0.061157436216552584
E979,0.2657996266334785
E98,0.5302746910836519
E980,0.16230242688238958
E981,0.14348475420037338
E982,0.27599253266957063
E983,8.760074673304294
E984,0.10036092097075296
E985,0.0636901057871811
E986,3.5938767890479157
E987,2.0823934349719977
E988,0.26314250155569385
E989,0.033704329273713224
E99,0.031055204907102854
E990,0.6936172104187038
E991,2.2717859365276913
E992,0.14426882389545737
E993,0.2171499688861232
E994,48.153961574362164
E995,0.8079495955196018
E996,0.08801849053249179
E997,0.7636838830118233
E998,0.20385812072184195
E999,0.4773117610454262
