plot,crop
P1,CS_NGT_NIM
P2,CS_NGT_NIM
P3,CS_NGT_NIM
P4,MA_ROTA
P5,PN_PIQ
P6,PN_PIQ
P7,PN_PIQ
P8,PN_PIQ
P10,PN_PIQ
P11,PN_PIQ
P12,PN_PIQ
P14,PN_PIQ
P16,CS_NGT_NIM
P17,CS_NGT_NIM
P18,PN_PIQ
P19,CS_CGT_NIM
P20,PN_PIQ
P22,VE_BTGT
P23,CS_CGT_NIM
P24,CS_CGT_NIM
P25,CS_CGT_NIM
P26,CS_CGT_NIM
P27,CS_NGT_NIM
P29,ME
P31,CS_NGT_NIM
P32,CS_NGT_NIM
P33,CS_NGT_NIM
P34,ME
P37,CS_NGT_NISM
P39,CS_NGT_NIM
P41,CS_NGT_NISM
P42,CS_NGT_NIM
P43,ME
P44,CS_NGT_NIM
P47,PN_PIQ
P48,CS_CGT_NIM
P49,PN_PIQ
P50,PN_PIQ
P51,CS_CGT_NIM
P52,PN_PIQ
P53,CS_CGT_NIM
P54,PN_PIQ
P56,PN_PIQ
P57,CS_NGT_NIM
P58,PN_PIQ
P59,PN_PIQ
P60,PN_PIQ
P61,PN_PIQ
P62,PN_PIQ
P63,CS_NGT_NIM
P64,PN_PIQ
P65,PN_PIQ
P66,CS_NGT_NIM
P67,CS_NGT_NIM
P68,CS_NGT_NISM
P69,CS_NGT_NIM
P70,CS_NGT_NIM
P71,CS_NGT_NIM
P72,CS_NGT_NIM
P74,CS_NGT_NIM
P75,CS_NGT_NIM
P77,CS_NGT_NIM
P78,CS_NGT_NIM
P79,ME
P80,CS_NGT_NIM
P81,CS_NGT_NIM
P84,ME
P86,CS_MG_NISM
P87,CS_MG_NISM
P88,CS_MG_NISM
P89,CS_MG_NISM
P90,CS_MG_NISM
P91,PN_PIQ
P92,CS_MG_NISM
P93,PN_PIQ
P94,CS_MG_NISM
P95,PN_PIQ
P96,PN_PIQ
P97,PN_PIQ
P98,PN_PIQ
P99,PN_PIQ
P100,PN_PIQ
P101,PN_PIQ
P103,CS_EGT_NIM
P105,CS_MG_NISM
P106,PN_PIQ
P107,CS_NGT_NIM
P108,CS_NGT_NIM
P109,CS_NGT_NIM
P110,CS_NGT_NIM
P111,CS_NGT_NIM
P112,CS_NGT_NIM
P113,VE_BTGT
P114,PN_PIQ
P115,PN_PIQ
P116,CS_MG_NISM
P117,CS_MG_NISM
P118,CS_MG_NISM
P119,CS_MG_NISM
P120,CS_MG_NISM
P121,PN_PIQ
P122,PN_PIQ
P123,CS_MG_NISM
P124,CS_MG_NISM
P125,CS_MG_NISM
P126,CS_MG_NISM
P127,CS_MG_NISM
P128,JA
P129,PN_PIQ
P130,CS_MG_NISM
P131,PN_PIQ
P132,JA
P133,CS_MG_NISM
P134,CS_MG_NISM
P135,JA
P136,PN_PIQ
P137,PN_PIQ
P138,PN_PIQ
P139,CS_CGT_NIM
P140,PN_PIQ
P141,PN_PIQ
P142,CS_MG_NISM
P143,PN_PIQ
P144,PN_PIQ
P145,CS_MG_NISM
P146,PN_PIQ
P147,CS_EGT_NIM
P148,PN_PIQ
P149,PN_PIQ
P150,CS_EGT_NIM
P151,CS_EGT_NIM
P152,PN_PIQ
P153,PN_PIQ
P154,PN_PIQ
P155,PN_PIQ
P156,PN_PIQ
P157,PN_PIQ
P158,PN_PIQ
P159,PN_PIQ
P160,CS_MG_NISM
P162,CS_EGT_NIM
P165,CS_EGT_NIM
P166,CS_EGT_NIM
P167,CS_MG_NISM
P168,PN_PIQ
P169,CS_MG_NISM
P170,CS_MG_NISM
P171,CS_MG_NISM
P172,CS_MG_NISM
P173,PN_PIQ
P174,CS_MG_NISM
P175,CS_MG_NISM
P176,JA
P177,CS_MG_NISM
P178,CS_MG_NISM
P179,CS_MG_NISM
P180,CS_MG_NISM
P181,PN_PIQ
P182,CS_MG_NISM
P183,CS_MG_NISM
P184,CS_MG_NISM
P185,CS_EGT_NISM
P186,PN_PIQ
P187,JA
P188,CS_MG_NISM
P189,JA
P190,CS_MG_NISM
P191,CS_MG_NISM
P192,CS_MG_NISM
P193,CS_MG_NISM
P194,CS_MG_NISM
P195,CS_MG_NISM
P196,PN_PIQ
P197,PN_PIQ
P198,CS_MG_NISM
P199,CS_MG_NISM
P200,CS_MG_NISM
P201,PN_PIQ
P202,PN_PIQ
P203,CS_MG_NISM
P204,CS_MG_NISM
P205,PN_PIQ
P206,PN_PIQ
P207,PN_PIQ
P208,MA_TO_CO_JA
P209,MA_TO_CO_JA
P210,CS_EGT_NIM
P211,CS_EGT_NIM
P212,CS_EGT_NIM
P213,CS_EGT_NIM
P214,MA_TO_CO_JA
P215,CS_EGT_NIM
P216,CS_EGT_NIM
P217,CS_EGT_NIM
P218,CS_EGT_NIM
P219,CS_EGT_NIM
P220,MA_TO_CO_JA
P221,CS_MG_NISM
P222,PN_PIQ
P223,PN_PIQ
P224,PN_PIQ
P225,PN_PIQ
P226,JA
P227,PN_PIQ
P228,PN_PIQ
P229,PN_PIQ
P230,CS_MG_NISM
P231,CS_MG_NISM
P232,CS_MG_NISM
P233,PN_PIQ
P234,PN_PIQ
P235,CS_MG_NISM
P236,JA
P237,CS_MG_NISM
P238,CS_MG_NISM
P239,PN_PIQ
P240,PN_PIQ
P241,PN_PIQ
P242,PN_PIQ
P243,PN_PIQ
P244,PN_PIQ
P245,CS_MG_NISM
P246,CS_MG_NISM
P247,CS_MG_NISM
P248,PN_PIQ
P249,PN_PIQ
P250,CS_MG_NISM
P251,CS_MG_NISM
P252,CS_MG_NISM
P253,CS_MG_NISM
P254,CS_MG_NISM
P255,CS_MG_NISM
P256,PN_PIQ
P257,PN_PIQ
P258,CS_NGT_NISM
P259,PN_PIQ
P260,CS_NGT_NIM
P261,CS_NGT_NISM
P262,CS_NGT_NIM
P263,CS_NGT_NIM
P264,CS_NGT_NIM
P265,CS_NGT_NIM
P266,CS_NGT_NIM
P267,CS_NGT_NIM
P268,ME
P269,ME
P270,PN_PIQ
P271,PN_PIQ
P273,CS_NGT_NIM
P274,CS_NGT_NISM
P276,CS_NGT_NIM
P277,CS_NGT_NIM
P279,CS_NGT_NIM
P280,CS_NGT_NIM
P281,CS_NGT_NIM
P282,ME
P283,CS_NGT_NIM
P284,CS_NGT_NIM
P285,CS_NGT_NIM
P286,CS_NGT_NIM
P287,CS_MG_NISM
P288,CS_MG_NISM
P289,PN_PIQ
P290,PN_PIQ
P291,CS_EGT_NIM
P292,CS_EGT_NISM
P293,CS_EGT_NIM
P294,CS_EGT_NIM
P295,CS_MG_NISM
P296,CS_MG_NISM
P297,CS_MG_NISM
P298,PN_PIQ
P299,CS_MG_NISM
P300,CS_NGT_NIM
P301,CS_NGT_NIM
P302,CS_NGT_NIM
P304,CS_NGT_NISM
P306,PN_PIQ
P307,PN_PIQ
P308,PN_PIQ
P309,PN_PIQ
P310,CS_NGT_NIM
P311,CS_NGT_NIM
P312,CS_NGT_NISM
P313,CS_NGT_NIM
P315,CS_NGT_NIM
P316,CS_NGT_NIM
P317,PN_PIQ
P318,JA
P319,PN_PIQ
P320,CS_MG_NISM
P321,PN_PIQ
P322,CS_MG_NISM
P323,CS_MG_NISM
P324,PN_PIQ
P325,CS_MG_NISM
P326,CS_MG_NISM
P327,PN_PIQ
P328,JA
P329,CS_MG_NISM
P330,CS_MG_NISM
P331,CS_MG_NISM
P332,CS_MG_NISM
P333,PN_PIQ
P334,CS_MG_NISM
P335,CS_MG_NISM
P336,CS_MG_NISM
P337,CS_MG_NISM
P338,PN_PIQ
P339,CS_EGT_NIM
P340,PN_PIQ
P341,CS_EGT_NIM
P342,PN_PIQ
P343,PN_PIQ
P344,PN_PIQ
P345,CS_EGT_NISM
P346,PN_PIQ
P347,CS_MG_NISM
P348,CS_MG_NISM
P349,PN_PIQ
P350,PN_PIQ
P351,CS_MG_NISM
P352,CS_MG_NISM
P353,PN_PIQ
P354,CS_MG_NISM
P355,PN_PIQ
P356,PN_PIQ
P357,PN_PIQ
P358,CS_MG_NISM
P359,PN_PIQ
P360,CS_MG_NISM
P361,CS_MG_NISM
P362,CS_MG_NISM
P363,CS_MG_NISM
P364,CS_MG_NISM
P365,CS_MG_NISM
P366,CS_BT_NIM
P367,CS_BT_NIM
P368,CS_BT_NIM
P369,AG
P370,CS_BT_NIM
P371,CS_BT_NIM
P372,CS_BT_NIM
P373,CS_BT_NIM
P374,AG
P375,CS_BT_NIM
P376,CS_MG_NISM
P377,CS_MG_NISM
P378,PN_PIQ
P379,PN_PIQ
P380,CS_MG_NISM
P381,CS_MG_NISM
P382,CS_MG_NISM
P383,CS_MG_NISM
P384,CS_MG_NISM
P385,PN_PIQ
P386,CS_MG_NISM
P387,CS_MG_NISM
P388,CS_MG_NISM
P389,PN_PIQ
P390,CS_MG_NISM
P391,CS_MG_NISM
P392,JA
P393,CS_MG_NISM
P394,CS_MG_NISM
P395,CS_MG_NISM
P396,CS_MG_NISM
P397,CS_MG_NISM
P398,CS_EGT_NIM
P399,PN_PIQ
P400,CS_EGT_NIM
P401,CS_EGT_NIM
P402,CS_MG_NISM
P403,CS_MG_NISM
P404,PN_PIQ
P405,CS_MG_NISM
P407,PN_PIQ
P408,CS_MG_NISM
P409,CS_MG_NISM
P410,CS_EGT_NIM
P411,CS_EGT_NIM
P412,CS_EGT_NIM
P413,CS_EGT_NIM
P414,JA
P416,CS_EGT_NIM
P417,CS_EGT_NIM
P418,CS_EGT_NIM
P419,CS_EGT_NIM
P420,BC_GTMG
P421,BC_GTMG
P422,CS_MG_NISM
P423,CS_MG_NISM
P424,CS_MG_NISM
P425,CS_MG_NISM
P426,PN_PIQ
P427,CS_MG_NISM
P428,CS_MG_NISM
P429,CS_MG_NISM
P430,CS_MG_NISM
P431,CS_MG_NISM
P432,CS_MG_NISM
P433,CS_MG_NISM
P434,CS_MG_NISM
P435,CS_MG_NISM
P436,CS_MG_NISM
P437,CS_MG_NISM
P438,CS_MG_NISM
P439,CS_MG_NISM
P440,CS_MG_NISM
P441,CS_MG_NISM
P442,PN_PIQ
P443,PN_PIQ
P444,CS_CGT_NIM
P445,CS_CGT_NIM
P446,PN_PIQ
P447,CS_CGT_NIM
P448,CS_MG_NISM
P449,PN_PIQ
P450,CS_MG_NISM
P451,CS_MG_NISM
P452,CS_MG_NISM
P453,PN_PIQ
P454,CS_MG_NISM
P455,CS_BT_NIM
P456,CS_BT_NIM
P457,AG
P458,CS_BT_NIM
P459,CS_BT_NIM
P462,CS_BT_NIM
P464,CS_MG_NISM
P465,PN_PIQ
P466,CS_BT_NIM
P467,CS_BT_NIM
P468,CS_BT_NIM
P469,PN_PIQ
P470,CS_BT_NIM
P471,CS_BT_NIM
P474,CS_CGT_NIM
P475,CS_CGT_NIM
P476,VE_BTGT
P477,CS_CGT_NIM
P478,CS_CGT_NIM
P479,CS_CGT_NIM
P480,CS_CGT_NIM
P481,CS_MG_NISM
P482,CS_MG_NISM
P483,PN_PIQ
P484,PN_PIQ
P485,JA
P486,CS_MG_NISM
P487,CS_MG_NISM
P488,PN_PIQ
P489,CS_MG_NISM
P490,CS_MG_NISM
P491,CS_MG_NISM
P492,CS_MG_NISM
P493,CS_CGT_NIM
P495,CS_CGT_NIM
P497,CS_CGT_NIM
P498,AN_PA
P499,CS_CGT_NIM
P501,CS_BT_NIM
P502,CS_BT_NIM
P503,CS_EGT_NISM
P504,CS_EGT_NIM
P505,PN_PIQ
P506,PN_PIQ
P507,CS_EGT_NISM
P508,CS_MG_NISM
P509,CS_MG_NISM
P510,CS_MG_NISM
P511,PN_PIQ
P512,CS_MG_NISM
P513,CS_MG_NISM
P514,CS_MG_NISM
P515,CS_MG_NISM
P516,PN_PIQ
P517,PN_PIQ
P518,PN_PIQ
P519,PN_PIQ
P520,CS_EGT_NIM
P521,PN_PIQ
P522,CS_EGT_NIM
P523,CS_MG_NISM
P524,PN_PIQ
P525,CS_MG_NISM
P526,CS_MG_NISM
P527,CS_MG_NISM
P528,CS_MG_NISM
P529,CS_MG_NISM
P530,MA_ROTA
P531,PN_PIQ
P532,PN_PIQ
P533,PN_PIQ
P534,CS_NGT_NIM
P535,CS_NGT_NIM
P536,PN_PIQ
P537,CS_NGT_NIM
P538,PN_PIQ
P539,PN_PIQ
P540,CS_NGT_NIM
P541,CS_MG_NISM
P542,CS_MG_NISM
P543,CS_MG_NISM
P544,PN_PIQ
P545,CS_MG_NISM
P546,PN_PIQ
P547,CS_MG_NISM
P548,CS_MG_NISM
P549,CS_MG_NISM
P550,CS_NGT_NIM
P551,PN_PIQ
P552,CS_NGT_NIM
P553,CS_MG_NISM
P554,CS_MG_NISM
P555,JA
P556,CS_MG_NISM
P557,CS_MG_NISM
P558,CS_MG_NISM
P560,CS_MG_NISM
P561,PN_PIQ
P562,CS_MG_NISM
P563,CS_MG_NISM
P564,CS_MG_NISM
P565,CS_MG_NISM
P566,PN_PIQ
P567,CS_BT_NIM
P568,MA_TO_CO_JA
P569,CS_BT_NIM
P570,CS_BT_NIM
P571,CS_BT_NIM
P572,MA_TO_CO_JA
P573,CS_BT_NIM
P574,CS_BT_NIM
P575,MA_TO_CO_JA
P576,MA_TO_CO_JA
P577,CS_NGT_NIM
P578,CS_NGT_NIM
P579,CS_NGT_NIM
P580,CS_NGT_NIM
P581,PN_PIQ
P582,CS_NGT_NIM
P583,BC_GTMG
P584,CS_NGT_NIM
P585,CS_NGT_NIM
P586,JA
P587,BC_GTMG
P589,CS_NGT_NIM
P590,CS_NGT_NIM
P591,CS_BT_NIM
P592,CS_BT_NIM
P593,CS_BT_NIM
P594,CS_BT_NIM
P596,MA_TO_CO_JA
P598,CS_BT_NISM
P599,CS_BT_NIM
P600,JA
P601,CS_NGT_NIM
P602,CS_NGT_NIM
P603,CS_NGT_NIM
P604,BC_GTMG
P605,VE_BTGT
P606,JA
P607,PN_PIQ
P608,PN_PIQ
P609,PN_PIQ
P610,CS_BT_NIM
P611,PN_PIQ
P612,CS_BT_NIM
P613,PN_PIQ
P614,CS_BT_NIM
P615,CS_BT_NIM
P616,PN_PIQ
P617,CS_EGT_NIM
P618,CS_EGT_NIM
P619,PN_PIQ
P620,CS_EGT_NISM
P621,PN_PIQ
P622,PN_PIQ
P623,CS_EGT_NISM
P625,CS_NGT_NIM
P627,CS_NGT_NIM
P629,CS_NGT_NIM
P630,PN_PIQ
P631,PN_PIQ
P632,VE_BTGT
P633,CS_NGT_NIM
P634,CS_NGT_NIM
P636,CS_NGT_NIM
P637,CS_NGT_NIM
P638,CS_NGT_NIM
P639,CS_BT_NIM
P640,CS_BT_NIM
P641,AN_PA
P643,CS_BT_NIM
P644,CS_BT_NIM
P645,AN_PA
P646,AN_PA
P647,CS_BT_NIM
P648,CS_BT_NIM
P649,CS_BT_NIM
P650,CS_BT_NIM
P651,AN_PA
P652,CS_BT_NIM
P654,CS_BT_NIM
P655,CS_NGT_NIM
P656,CS_NGT_NIM
P657,CS_NGT_NISM
P658,PN_PIQ
P659,PN_PIQ
P660,PN_PIQ
P662,CS_NGT_NIM
P663,PN_PIQ
P665,PN_PIQ
P666,PN_PIQ
P667,CS_NGT_NIM
P669,CS_NGT_NIM
P670,CS_NGT_NIM
P671,CS_NGT_NIM
P672,VE_BTGT
P673,CS_NGT_NIM
P674,PN_PIQ
P675,CS_NGT_NIM
P676,CS_NGT_NIM
P677,PN_PIQ
P678,VE_BTGT
P679,CS_NGT_NIM
P680,CS_NGT_NIM
P681,CS_NGT_NIM
P682,CS_NGT_NIM
P683,CS_NGT_NIM
P684,CS_NGT_NIM
P685,CS_NGT_NIM
P686,CS_NGT_NIM
P687,CS_CGT_NIM
P688,PN_PIQ
P689,CS_CGT_NIM
P690,PN_PIQ
P691,PN_PIQ
P692,PN_PIQ
P693,CS_CGT_NIM
P694,PN_PIQ
P695,PN_PIQ
P696,PN_PIQ
P697,BC_GTMG
P698,JA
P699,CS_NGT_NIM
P700,BC_GTMG
P701,CS_NGT_NIM
P702,CS_NGT_NIM
P703,CS_NGT_NIM
P705,CS_NGT_NIM
P706,CS_NGT_NISM
P707,CS_NGT_NIM
P709,CS_NGT_NISM
P710,CS_NGT_NIM
P712,CS_NGT_NIM
P714,CS_NGT_NISM
P715,MA_TO_CO_JA
P716,CS_NGT_NISM
P717,CS_NGT_NIM
P718,CS_EGT_NIM
P719,CS_EGT_NIM
P721,CS_EGT_NIM
P722,JA
P723,CS_EGT_NIM
P725,BC_GTMG
P726,CS_EGT_NIM
P727,CS_EGT_NIM
P728,CS_EGT_NIM
P729,JA
P730,CS_EGT_NIM
P731,CS_EGT_NIM
P732,CS_EGT_NIM
P733,CS_EGT_NIM
P734,CS_EGT_NIM
P736,CS_EGT_NIM
P737,CS_EGT_NIM
P738,BC_GTMG
P739,CS_EGT_NIM
P741,CS_EGT_NIM
P742,CS_EGT_NIM
P743,BC_GTMG
P744,BC_GTMG
P745,CS_EGT_NIM
P746,CS_EGT_NIM
P747,PN_PIQ
P748,PN_PIQ
P749,PN_PIQ
P750,CS_NGT_NIM
P751,PN_PIQ
P752,PN_PIQ
P753,CS_NGT_NIM
P754,CS_NGT_NIM
P755,PN_PIQ
P756,CS_CGT_NIM
P757,CS_CGT_NISM
P758,PN_PIQ
P759,PN_PIQ
P760,CS_CGT_NIM
P761,CS_CGT_NIM
P762,CS_CGT_NIM
P763,CS_NGT_NIM
P764,CS_NGT_NIM
P765,CS_NGT_NIM
P766,MA_ROTA
P768,PN_PIQ
P769,CS_NGT_NIM
P770,PN_PIQ
P771,PN_PIQ
P772,CS_NGT_NIM
P774,PN_PIQ
P775,CS_NGT_NIM
P776,CS_NGT_NIM
P777,CS_NGT_NIM
P778,PN_PIQ
P779,PN_PIQ
P780,CS_EGT_NIM
P781,PN_PIQ
P782,CS_EGT_NIM
P783,CS_EGT_NIM
P784,PN_PIQ
P785,PN_PIQ
P786,PN_PIQ
P787,PN_PIQ
P788,CS_EGT_NIM
P789,PN_PIQ
P790,PN_PIQ
P791,PN_PIQ
P792,PN_PIQ
P793,PN_PIQ
P794,PN_PIQ
P795,PN_PIQ
P796,PN_PIQ
P797,PN_PIQ
P799,CS_NGT_NIM
P800,PN_PIQ
P801,PN_PIQ
P802,PN_PIQ
P803,PN_PIQ
P804,PN_PIQ
P805,PN_PIQ
P806,PN_PIQ
P807,CS_NGT_NIM
P808,PN_PIQ
P809,CS_NGT_NIM
P810,PN_PIQ
P811,CS_NGT_NIM
P812,PN_PIQ
P813,CS_NGT_NIM
P814,PN_PIQ
P815,PN_PIQ
P817,PN_PIQ
P818,PN_PIQ
P819,CS_NGT_NIM
P820,PN_PIQ
P821,PN_PIQ
P822,CS_NGT_NIM
P823,PN_PIQ
P824,PN_PIQ
P826,CS_NGT_NIM
P827,PN_PIQ
P828,PN_PIQ
P829,PN_PIQ
P830,CS_NGT_NIM
P831,PN_PIQ
P832,PN_PIQ
P833,PN_PIQ
P834,CS_NGT_NIM
P835,PN_PIQ
P836,PN_PIQ
P837,PN_PIQ
P838,CS_NGT_NIM
P840,CS_NGT_NIM
P841,PN_PIQ
P843,PN_PIQ
P844,PN_PIQ
P845,CS_EGT_NIM
P847,PN_PIQ
P848,JA
P849,PN_PIQ
P850,PN_PIQ
P851,CS_NGT_NIM
P852,PN_PIQ
P853,CS_NGT_NIM
P854,CS_NGT_NIM
P855,PN_PIQ
P856,PN_PIQ
P857,PN_PIQ
P858,PN_PIQ
P859,PN_PIQ
P860,CS_NGT_NIM
P861,CS_NGT_NIM
P862,CS_NGT_NIM
P863,CS_NGT_NIM
P864,PN_PIQ
P865,PN_PIQ
P866,CS_MG_NISM
P867,CS_MG_NISM
P868,CS_MG_NISM
P869,CS_MG_NISM
P870,PN_PIQ
P871,PN_PIQ
P872,PN_PIQ
P873,PN_PIQ
P874,PN_PIQ
P875,PN_PIQ
P876,CS_CGT_NIM
P877,CS_CGT_NIM
P878,VE_BTGT
P879,CS_CGT_NIM
P880,VE_BTGT
P881,CS_CGT_NIM
P882,PN_PIQ
P883,CS_BT_NIM
P884,CS_BT_NIM
P885,PN_PIQ
P886,PN_PIQ
P887,CS_EGT_NIM
P888,PN_PIQ
P889,PN_PIQ
P890,PN_PIQ
P891,PN_PIQ
P892,PN_PIQ
P893,PN_PIQ
P894,PN_PIQ
P896,CS_NGT_NIM
P897,PN_PIQ
P898,CS_NGT_NIM
P899,CS_NGT_NIM
P900,PN_PIQ
P901,CS_NGT_NIM
P903,CS_NGT_NIM
P904,PN_PIQ
P905,CS_NGT_NIM
P907,VE_BTGT
P908,CS_NGT_NIM
P909,CS_NGT_NIM
P910,CS_NGT_NIM
P911,CS_NGT_NIM
P912,CS_NGT_NIM
P914,CS_CGT_NIM
P915,CS_CGT_NIM
P917,CS_CGT_NIM
P918,CS_CGT_NIM
P919,VE_BTGT
P920,CS_NGT_NIM
P921,CS_NGT_NIM
P922,CS_NGT_NIM
P923,BC_GTMG
P924,PN_PIQ
P925,JA
P926,CS_NGT_NIM
P927,PN_PIQ
P929,CS_NGT_NIM
P930,CS_NGT_NIM
P931,PN_PIQ
P932,CS_NGT_NIM
P933,JA
P934,CS_CGT_NIM
P935,CS_CGT_NIM
P936,CS_CGT_NIM
P937,CS_CGT_NIM
P938,BC_GTMG
P939,CS_CGT_NIM
P940,CS_CGT_NIM
P941,BC_GTMG
P942,JA
P943,CS_CGT_NIM
P944,CS_NGT_NIM
P946,CS_CGT_NIM
P947,BC_GTMG
P948,CS_NGT_NIM
P949,CS_NGT_NIM
P950,CS_NGT_NIM
P951,CS_NGT_NIM
P953,CS_NGT_NISM
P954,CS_NGT_NISM
P955,ME
P957,PN_PIQ
P958,CS_CGT_NIM
P959,CS_CGT_NIM
P960,PN_PIQ
P961,CS_CGT_NIM
P962,CS_BT_NIM
P963,CS_BT_NIM
P964,CS_BT_NIM
P966,CS_BT_NIM
P967,MA_TO_CO_JA
P968,CS_MG_NISM
P969,CS_MG_NISM
P970,CS_MG_NISM
P971,CS_CGT_NIM
P972,CS_CGT_NIM
P973,CS_CGT_NIM
P974,CS_CGT_NIM
P975,CS_CGT_NIM
P976,PN_PIQ
P977,CS_CGT_NIM
P978,CS_CGT_NIM
P979,CS_CGT_NIM
P980,CS_CGT_NISM
P981,CS_NGT_NIM
P982,CS_NGT_NIM
P983,CS_NGT_NIM
P984,CS_NGT_NIM
P985,CS_NGT_NIM
P986,CS_NGT_NIM
P987,CS_NGT_NIM
P988,CS_NGT_NIM
P989,CS_NGT_NIM
P990,VE_BTGT
P991,CS_NGT_NIM
P992,CS_NGT_NIM
P993,CS_NGT_NIM
P994,CS_NGT_NIM
P995,BC_GTMG
P996,JA
P997,CS_NGT_NIM
P998,CS_NGT_NIM
P999,CS_NGT_NIM
P1000,CS_NGT_NIM
P1001,CS_NGT_NIM
P1002,CS_EGT_NIM
P1003,PN_PIQ
P1004,CS_EGT_NIM
P1006,CS_NGT_NIM
P1007,CS_NGT_NIM
P1008,CS_NGT_NIM
P1009,CS_NGT_NIM
P1010,CS_NGT_NIM
P1011,CS_NGT_NIM
P1012,CS_NGT_NIM
P1014,CS_NGT_NIM
P1015,CS_NGT_NIM
P1017,CS_NGT_NIM
P1019,PN_PIQ
P1021,CS_NGT_NISM
P1022,CS_MG_NISM
P1023,PN_PIQ
P1024,PN_PIQ
P1025,PN_PIQ
P1026,CS_MG_NISM
P1027,PN_PIQ
P1028,CS_NGT_NIM
P1029,PN_PIQ
P1030,PN_PIQ
P1031,PN_PIQ
P1032,CS_NGT_NIM
P1033,PN_PIQ
P1034,PN_PIQ
P1035,PN_PIQ
P1036,PN_PIQ
P1037,CS_NGT_NIM
P1038,PN_PIQ
P1039,CS_NGT_NIM
P1040,PN_PIQ
P1041,CS_MG_NISM
P1042,PN_PIQ
P1043,PN_PIQ
P1044,CS_NGT_NIM
P1045,CS_NGT_NIM
P1046,PN_PIQ
P1047,BC_GTMG
P1048,CS_NGT_NIM
P1049,CS_NGT_NIM
P1050,CS_NGT_NIM
P1051,CS_NGT_NIM
P1052,BC_GTMG
P1053,CS_NGT_NIM
P1054,PN_PIQ
P1055,JA
P1056,CS_NGT_NIM
P1058,CS_NGT_NIM
P1059,CS_NGT_NIM
P1060,BC_GTMG
P1062,PN_PIQ
P1065,CS_NGT_NIM
P1066,JA
P1067,PN_PIQ
P1068,PN_PIQ
P1069,CS_NGT_NIM
P1070,PN_PIQ
P1071,PN_PIQ
P1072,CS_NGT_NIM
P1073,CS_NGT_NIM
P1074,CS_NGT_NIM
P1075,ME
P1076,CS_NGT_NISM
P1077,CS_NGT_NIM
P1078,CS_NGT_NIM
P1079,CS_NGT_NIM
P1080,CS_NGT_NIM
P1081,CS_NGT_NIM
P1082,CS_NGT_NISM
P1083,CS_NGT_NISM
P1084,ME
P1085,PN_PIQ
P1088,PN_PIQ
P1089,CS_NGT_NIM
P1090,CS_NGT_NIM
P1091,BC_GTMG
P1092,CS_NGT_NIM
P1093,JA
P1094,CS_NGT_NIM
P1095,CS_NGT_NIM
P1096,PN_PIQ
P1097,PN_PIQ
P1098,CS_NGT_NIM
P1099,PN_PIQ
P1100,CS_NGT_NIM
P1101,CS_NGT_NIM
P1102,CS_NGT_NIM
P1103,CS_NGT_NIM
P1105,CS_NGT_NIM
P1106,CS_NGT_NIM
P1107,VE_BTGT
P1108,CS_NGT_NIM
P1109,CS_NGT_NIM
P1110,CS_NGT_NIM
P1111,CS_NGT_NIM
P1112,CS_MG_NISM
P1113,PN_PIQ
P1114,CS_MG_NISM
P1115,PN_PIQ
P1116,CS_NGT_NIM
P1117,CS_NGT_NIM
P1119,VE_BTGT
P1120,CS_NGT_NIM
P1124,CS_NGT_NIM
P1125,VE_BTGT
P1126,CS_NGT_NIM
P1127,BC_GTMG
P1128,CS_NGT_NIM
P1129,BC_GTMG
P1130,CS_NGT_NIM
P1131,JA
P1132,CS_NGT_NIM
P1133,CS_NGT_NIM
P1135,CS_NGT_NIM
P1136,CS_NGT_NIM
P1137,CS_EGT_NIM
P1138,PN_PIQ
P1139,CS_NGT_NISM
P1140,CS_NGT_NIM
P1141,CS_NGT_NIM
P1143,CS_NGT_NIM
P1144,CS_NGT_NIM
P1145,CS_NGT_NISM
P1146,MA_TO_CO_JA
P1147,CS_NGT_NIM
P1148,CS_NGT_NIM
P1149,CS_NGT_NIM
P1150,MA_TO_CO_JA
P1151,CS_NGT_NIM
P1152,CS_CGT_NIM
P1153,CS_CGT_NIM
P1154,PN_PIQ
P1155,PN_PIQ
P1156,CS_CGT_NIM
P1157,CS_CGT_NIM
P1158,CS_CGT_NIM
P1159,CS_CGT_NIM
P1160,CS_CGT_NIM
P1161,CS_CGT_NIM
P1162,PN_PIQ
P1163,CS_CGT_NIM
P1164,PN_PIQ
P1165,CS_CGT_NIM
P1166,CS_MG_NISM
P1167,CS_MG_NISM
P1168,CS_MG_NISM
P1169,PN_PIQ
P1170,PN_PIQ
P1171,BC_GTMG
P1172,PN_PIQ
P1173,JA
P1174,PN_PIQ
P1176,PN_PIQ
P1177,PN_PIQ
P1178,JA
P1179,PN_PIQ
P1183,PN_PIQ
P1185,CS_CGT_NIM
P1186,CS_CGT_NIM
P1187,MA_TO_CO_JA
P1188,CS_CGT_NIM
P1189,MA_TO_CO_JA
P1191,MA_TO_CO_JA
P1192,MA_TO_CO_JA
P1193,MA_TO_CO_JA
P1194,CS_BT_NIM
P1195,CS_BT_NIM
P1196,CS_EGT_NIM
P1197,CS_EGT_NIM
P1198,PN_PIQ
P1199,PN_PIQ
P1200,CS_EGT_NISM
P1201,CS_EGT_NIM
P1202,CS_EGT_NIM
P1203,PN_PIQ
P1204,CS_EGT_NIM
P1205,PN_PIQ
P1206,PN_PIQ
P1207,PN_PIQ
P1208,PN_PIQ
P1209,CS_MG_NISM
P1210,CS_MG_NISM
P1211,CS_MG_NISM
P1212,CS_MG_NISM
P1213,PN_PIQ
P1214,CS_MG_NISM
P1215,PN_PIQ
P1216,CS_MG_NISM
P1217,CS_MG_NISM
P1218,CS_MG_NISM
P1219,CS_MG_NISM
P1220,PN_PIQ
P1222,CS_NGT_NIM
P1223,CS_NGT_NISM
P1224,CS_NGT_NIM
P1225,CS_NGT_NIM
P1226,PN_PIQ
P1227,CS_NGT_NISM
P1230,AN_PA
P1232,CS_BT_NIM
P1233,CS_BT_NIM
P1234,CS_BT_NIM
P1235,CS_BT_NIM
P1237,CS_BT_NIM
P1238,AN_PA
P1239,CS_MG_NISM
P1240,JA
P1241,PN_PIQ
P1242,PN_PIQ
P1243,CS_MG_NISM
P1244,CS_MG_NISM
P1245,CS_MG_NISM
P1246,CS_MG_NISM
P1247,CS_MG_NISM
P1248,CS_MG_NISM
P1249,CS_MG_NISM
P1250,CS_MG_NISM
P1251,PN_PIQ
P1254,CS_NGT_NISM
P1255,MA_TO_CO_JA
P1257,CS_NGT_NIM
P1258,CS_NGT_NIM
P1259,CS_NGT_NIM
P1260,CS_NGT_NIM
P1261,ME
P1262,CS_NGT_NIM
P1263,CS_NGT_NIM
P1264,PN_PIQ
P1265,PN_PIQ
P1266,CS_CGT_NIM
P1267,PN_PIQ
P1268,CS_NGT_NIM
P1269,CS_NGT_NIM
P1270,PN_PIQ
P1271,PN_PIQ
P1272,CS_NGT_NIM
P1274,CS_BT_NIM
P1277,PN_PIQ
P1278,PN_PIQ
P1281,CS_MG_NISM
P1282,PN_PIQ
P1283,CS_MG_NISM
P1284,PN_PIQ
P1285,CS_MG_NISM
P1286,PN_PIQ
P1290,PN_PIQ
P1292,CS_CGT_NIM
P1293,PN_PIQ
P1294,CS_MG_NISM
P1296,PN_PIQ
P1297,CS_MG_NISM
P1298,CS_MG_NISM
P1299,CS_MG_NISM
P1300,CS_NGT_NIM
P1301,PN_PIQ
P1302,CS_NGT_NIM
P1303,CS_NGT_NIM
P1304,CS_NGT_NISM
P1305,PN_PIQ
P1307,PN_PIQ
P1308,CS_NGT_NIM
P1309,PN_PIQ
P1310,CS_MG_NISM
P1311,CS_NGT_NIM
P1312,CS_NGT_NIM
P1313,CS_NGT_NIM
P1314,CS_NGT_NIM
P1315,PN_PIQ
P1316,PN_PIQ
P1317,PN_PIQ
P1318,PN_PIQ
P1319,CS_NGT_NIM
P1320,PN_PIQ
P1321,PN_PIQ
P1322,PN_PIQ
P1323,CS_NGT_NIM
P1324,CS_NGT_NIM
P1325,CS_NGT_NIM
P1326,PN_PIQ
P1327,CS_NGT_NIM
P1329,CS_NGT_NIM
P1330,CS_NGT_NIM
P1331,CS_NGT_NIM
P1332,VE_BTGT
P1334,CS_NGT_NIM
P1335,CS_NGT_NIM
P1336,CS_NGT_NIM
P1337,CS_NGT_NIM
P1338,CS_NGT_NISM
P1339,CS_NGT_NISM
P1340,CS_NGT_NIM
P1341,CS_NGT_NISM
P1342,CS_NGT_NIM
P1343,CS_NGT_NIM
P1344,CS_NGT_NIM
P1345,VE_BTGT
P1346,CS_NGT_NISM
P1347,CS_NGT_NISM
P1348,CS_MG_NISM
P1349,PN_PIQ
P1350,CS_MG_NISM
P1351,CS_MG_NISM
P1352,PN_PIQ
P1353,CS_MG_NISM
P1354,CS_MG_NISM
P1356,CS_MG_NISM
P1357,CS_MG_NISM
P1358,CS_MG_NISM
P1359,CS_MG_NISM
P1360,CS_MG_NISM
P1361,CS_MG_NISM
P1362,CS_MG_NISM
P1363,PN_PIQ
P1364,PN_PIQ
P1365,CS_MG_NISM
P1366,PN_PIQ
P1367,CS_MG_NISM
P1368,CS_MG_NISM
P1369,CS_MG_NISM
P1371,CS_MG_NISM
P1372,CS_MG_NISM
P1373,PN_PIQ
P1374,CS_MG_NISM
P1376,CS_MG_NISM
P1377,CS_MG_NISM
P1378,CS_MG_NISM
P1379,CS_MG_NISM
P1380,CS_MG_NISM
P1381,PN_PIQ
P1382,JA
P1383,CS_MG_NISM
P1384,CS_MG_NISM
P1385,PN_PIQ
P1386,CS_NGT_NIM
P1387,CS_NGT_NIM
P1390,CS_NGT_NIM
P1392,CS_MG_NISM
P1393,PN_PIQ
P1394,PN_PIQ
P1395,CS_MG_NISM
P1396,CS_MG_NISM
P1397,CS_MG_NISM
P1398,CS_MG_NISM
P1399,PN_PIQ
P1400,CS_MG_NISM
P1401,CS_MG_NISM
P1402,CS_MG_NISM
P1403,CS_MG_NISM
P1404,CS_MG_NISM
P1405,CS_MG_NISM
P1406,PN_PIQ
P1407,CS_MG_NISM
P1408,CS_MG_NISM
P1409,CS_MG_NISM
P1410,PN_PIQ
P1411,JA
P1412,CS_BT_NIM
P1413,CS_BT_NIM
P1414,CS_BT_NIM
P1415,CS_BT_NIM
P1416,MA_TO_CO_JA
P1417,CS_BT_NIM
P1418,CS_CGT_NIM
P1419,VE_BTGT
P1420,CS_CGT_NIM
P1421,CS_CGT_NIM
P1422,PN_PIQ
P1423,CS_CGT_NIM
P1424,CS_CGT_NIM
P1425,CS_NGT_NIM
P1426,CS_NGT_NIM
P1427,BC_GTMG
P1428,JA
P1429,CS_NGT_NIM
P1430,BC_GTMG
P1431,PN_PIQ
P1432,CS_NGT_NIM
P1433,CS_NGT_NIM
P1434,CS_NGT_NIM
P1435,CS_EGT_NIM
P1436,CS_EGT_NIM
P1437,PN_PIQ
P1438,CS_NGT_NIM
P1439,CS_NGT_NIM
P1440,CS_NGT_NIM
P1441,CS_BT_NIM
P1442,CS_BT_NIM
P1443,JA
P1444,BC_BT
P1445,BC_BT
P1446,BC_BT
P1447,CS_BT_NIM
P1448,BC_BT
P1449,BC_BT
P1450,BC_BT
P1452,CS_BT_NIM
P1453,CS_MG_NISM
P1454,PN_PIQ
P1455,PN_PIQ
P1456,CS_MG_NISM
P1457,CS_MG_NISM
P1458,CS_MG_NISM
P1459,CS_MG_NISM
P1460,CS_MG_NISM
P1461,CS_MG_NISM
P1462,CS_MG_NISM
P1463,CS_MG_NISM
P1464,PN_PIQ
P1465,PN_PIQ
P1466,CS_MG_NISM
P1467,CS_NGT_NIM
P1468,CS_NGT_NIM
P1469,PN_PIQ
P1470,PN_PIQ
P1471,PN_PIQ
P1472,CS_NGT_NIM
P1473,PN_PIQ
P1474,CS_NGT_NIM
P1475,PN_PIQ
P1476,CS_MG_NISM
P1477,CS_MG_NISM
P1478,JA
P1479,PN_PIQ
P1480,CS_MG_NISM
P1481,CS_MG_NISM
P1482,PN_PIQ
P1483,CS_MG_NISM
P1484,PN_PIQ
P1485,PN_PIQ
P1486,PN_PIQ
P1487,BC_GTMG
P1488,PN_PIQ
P1489,JA
P1490,PN_PIQ
P1491,PN_PIQ
P1492,PN_PIQ
P1494,CS_NGT_NISM
P1496,CS_NGT_NISM
P1497,CS_NGT_NIM
P1498,CS_NGT_NIM
P1499,CS_NGT_NIM
P1500,CS_EGT_NIM
P1501,PN_PIQ
P1502,PN_PIQ
P1503,PN_PIQ
P1504,PN_PIQ
P1505,PN_PIQ
P1506,PN_PIQ
P1507,PN_PIQ
P1508,PN_PIQ
P1509,CS_MG_NISM
P1510,CS_MG_NISM
P1511,CS_MG_NISM
P1512,CS_MG_NISM
P1513,CS_MG_NISM
P1514,CS_MG_NISM
P1515,JA
P1516,PN_PIQ
P1517,CS_MG_NISM
P1518,CS_MG_NISM
P1519,CS_MG_NISM
P1520,CS_MG_NISM
P1521,PN_PIQ
P1522,CS_MG_NISM
P1523,CS_MG_NISM
P1524,CS_MG_NISM
P1525,CS_MG_NISM
P1526,PN_PIQ
P1527,CS_MG_NISM
P1528,PN_PIQ
P1529,CS_MG_NISM
P1530,CS_MG_NISM
P1531,CS_MG_NISM
P1532,JA
P1533,PN_PIQ
P1534,CS_MG_NISM
P1535,CS_MG_NISM
P1536,PN_PIQ
P1537,CS_MG_NISM
P1538,CS_CGT_NIM
P1539,CS_CGT_NIM
P1540,CS_CGT_NIM
P1541,CS_CGT_NIM
P1542,CS_CGT_NIM
P1543,CS_CGT_NIM
P1544,CS_CGT_NIM
P1545,CS_CGT_NIM
P1546,MA_TO_CO_JA
P1547,CS_CGT_NISM
P1549,CS_EGT_NIM
P1550,CS_EGT_NIM
P1551,CS_EGT_NIM
P1553,CS_EGT_NIM
P1554,CS_EGT_NIM
P1555,CS_EGT_NIM
P1556,MA_TO_CO_JA
P1557,CS_EGT_NIM
P1559,ME
P1560,PN_PIQ
P1561,PN_PIQ
P1562,PN_PIQ
P1563,CS_BT_NIM
P1564,PN_PIQ
P1566,CS_BT_NIM
P1567,PN_PIQ
P1568,CS_BT_NIM
P1569,CS_BT_NIM
P1570,PN_PIQ
P1571,CS_BT_NIM
P1572,BC_GTMG
P1573,CS_NGT_NIM
P1574,CS_NGT_NIM
P1575,JA
P1576,CS_NGT_NIM
P1577,VE_BTGT
P1578,CS_NGT_NIM
P1579,CS_NGT_NIM
P1580,CS_NGT_NIM
P1581,CS_MG_NISM
P1582,CS_MG_NISM
P1583,PN_PIQ
P1584,CS_BT_NIM
P1585,CS_BT_NIM
P1586,CS_BT_NIM
P1587,CS_BT_NIM
P1588,CS_BT_NIM
P1589,BC_BT
P1590,JA
P1591,CS_EGT_NISM
P1592,PN_PIQ
P1593,CS_EGT_NIM
P1594,PN_PIQ
P1595,CS_EGT_NIM
P1596,PN_PIQ
P1597,CS_NGT_NIM
P1598,CS_EGT_NIM
P1599,PN_PIQ
P1600,CS_EGT_NIM
P1601,CS_MG_NISM
P1602,CS_MG_NISM
P1603,CS_MG_NISM
P1604,PN_PIQ
P1605,CS_MG_NISM
P1606,CS_MG_NISM
P1607,CS_MG_NISM
P1609,MA_ROTA
P1611,PN_PIQ
P1612,PN_PIQ
P1613,CS_EGT_NIM
P1614,PN_PIQ
P1615,CS_EGT_NIM
P1616,CS_EGT_NIM
P1617,CS_NGT_NIM
P1618,CS_NGT_NIM
P1619,CS_NGT_NISM
P1620,PN_PIQ
P1621,CS_NGT_NIM
P1622,PN_PIQ
P1623,CS_NGT_NISM
P1624,CS_MG_NISM
P1625,CS_MG_NISM
P1626,PN_PIQ
P1627,PN_PIQ
P1629,PN_PIQ
P1630,PN_PIQ
P1631,JA
P1632,PN_PIQ
P1633,PN_PIQ
P1634,PN_PIQ
P1635,PN_PIQ
P1636,PN_PIQ
P1637,PN_PIQ
P1638,CS_NGT_NIM
P1639,CS_NGT_NIM
P1640,CS_NGT_NIM
P1641,MA_ROTA
P1642,CS_NGT_NIM
P1643,CS_NGT_NIM
P1644,MA_TO_CO_JA
P1645,CS_CGT_NIM
P1646,CS_CGT_NIM
P1648,CS_CGT_NIM
P1649,CS_CGT_NIM
P1650,MA_TO_CO_JA
P1651,CS_CGT_NIM
P1652,CS_CGT_NIM
P1653,MA_TO_CO_JA
P1654,CS_CGT_NIM
P1655,MA_TO_CO_JA
P1656,MA_TO_CO_JA
P1658,CS_MG_NISM
P1659,PN_PIQ
P1660,CS_MG_NISM
P1661,CS_NGT_NIM
P1662,CS_NGT_NIM
P1663,JA
P1664,CS_NGT_NIM
P1665,CS_NGT_NIM
P1666,BC_GTMG
P1667,CS_NGT_NIM
P1668,CS_MG_NISM
P1669,CS_MG_NISM
P1670,PN_PIQ
P1671,CS_MG_NISM
P1672,CS_MG_NISM
P1673,ME
P1674,PN_PIQ
P1675,CS_MG_NISM
P1676,CS_MG_NISM
P1677,PN_PIQ
P1678,PN_PIQ
P1679,PN_PIQ
P1680,CS_EGT_NIM
P1681,PN_PIQ
P1682,CS_NGT_NIM
P1684,CS_NGT_NIM
P1687,CS_NGT_NIM
P1688,PN_PIQ
P1690,PN_PIQ
P1691,CS_NGT_NIM
P1692,CS_NGT_NIM
P1693,CS_NGT_NIM
P1694,CS_NGT_NIM
P1696,CS_NGT_NIM
P1697,CS_NGT_NIM
P1698,PN_PIQ
P1699,CS_NGT_NIM
P1700,CS_NGT_NIM
P1701,CS_NGT_NIM
P1702,CS_NGT_NIM
P1703,CS_NGT_NISM
P1704,CS_NGT_NIM
P1705,CS_NGT_NISM
P1706,CS_NGT_NIM
P1707,PN_PIQ
P1709,CS_NGT_NIM
P1710,PN_PIQ
P1711,PN_PIQ
P1713,PN_PIQ
P1715,PN_PIQ
P1716,CS_NGT_NIM
P1717,CS_NGT_NIM
P1718,CS_NGT_NIM
P1720,CS_NGT_NIM
P1721,CS_NGT_NISM
P1722,CS_NGT_NIM
P1723,CS_NGT_NIM
P1724,CS_NGT_NIM
P1725,CS_CGT_NIM
P1726,PN_PIQ
P1727,CS_CGT_NIM
P1728,CS_CGT_NIM
P1729,CS_CGT_NIM
P1730,CS_MG_NISM
P1731,PN_PIQ
P1732,CS_MG_NISM
P1733,CS_MG_NISM
P1734,CS_MG_NISM
P1735,CS_EGT_NIM
P1736,PN_PIQ
P1737,CS_MG_NISM
P1738,CS_MG_NISM
P1739,PN_PIQ
P1740,CS_MG_NISM
P1741,CS_MG_NISM
P1742,CS_MG_NISM
P1743,PN_PIQ
P1744,CS_MG_NISM
P1745,PN_PIQ
P1746,PN_PIQ
P1747,PN_PIQ
P1748,PN_PIQ
P1749,PN_PIQ
P1750,JA
P1751,PN_PIQ
P1752,PN_PIQ
P1753,PN_PIQ
P1754,AN_PA
P1755,AN_PA
P1756,CS_BT_NIM
P1757,AN_PA
P1759,CS_BT_NIM
P1761,CS_BT_NIM
P1762,CS_BT_NIM
P1763,CS_BT_NIM
P1764,AN_PA
P1765,CS_BT_NIM
P1766,AN_PA
P1767,AN_PA
P1768,AN_PA
P1769,CS_BT_NIM
P1770,CS_BT_NIM
P1772,CS_BT_NIM
P1773,CS_MG_NISM
P1774,CS_MG_NISM
P1775,CS_MG_NISM
P1776,CS_MG_NISM
P1777,CS_MG_NISM
P1778,CS_MG_NISM
P1780,CS_MG_NISM
P1781,CS_MG_NISM
P1782,PN_PIQ
P1783,PN_PIQ
P1784,PN_PIQ
P1785,CS_MG_NISM
P1786,CS_MG_NISM
P1787,CS_MG_NISM
P1788,CS_BT_NIM
P1789,CS_BT_NIM
P1790,CS_BT_NIM
P1791,CS_BT_NIM
P1792,CS_BT_NIM
P1793,AG
P1794,CS_BT_NIM
P1795,PN_PIQ
P1796,PN_PIQ
P1797,CS_EGT_NIM
P1798,PN_PIQ
P1799,PN_PIQ
P1800,CS_EGT_NIM
P1801,VE_BTGT
P1802,CS_CGT_NIM
P1803,CS_CGT_NIM
P1804,CS_CGT_NIM
P1805,CS_CGT_NIM
P1806,PN_PIQ
P1807,VE_BTGT
P1809,PN_PIQ
P1810,PN_PIQ
P1811,CS_CGT_NIM
P1812,CS_BT_NIM
P1813,CS_BT_NIM
P1814,CS_BT_NIM
P1815,CS_BT_NIM
P1816,AN_PA
P1817,CS_BT_NIM
P1818,CS_BT_NIM
P1819,CS_BT_NIM
P1820,PN_PIQ
P1821,PN_PIQ
P1822,AN_PA
P1823,CS_BT_NIM
P1824,CS_BT_NIM
P1825,CS_BT_NIM
P1826,CS_BT_NIM
P1827,CS_BT_NIM
P1828,CS_BT_NIM
P1829,PN_PIQ
P1830,PN_PIQ
P1831,PN_PIQ
P1832,PN_PIQ
P1833,PN_PIQ
P1834,PN_PIQ
P1835,PN_PIQ
P1836,PN_PIQ
P1837,CS_NGT_NISM
P1838,CS_NGT_NIM
P1839,CS_NGT_NIM
P1840,ME
P1841,CS_NGT_NISM
P1842,CS_NGT_NISM
P1845,CS_NGT_NISM
P1848,CS_NGT_NIM
P1849,PN_PIQ
P1850,BC_GTMG
P1851,CS_NGT_NIM
P1852,CS_NGT_NIM
P1853,CS_NGT_NIM
P1854,JA
P1857,CS_NGT_NIM
P1858,CS_MG_NISM
P1859,PN_PIQ
P1860,PN_PIQ
P1861,PN_PIQ
P1862,CS_MG_NISM
P1863,CS_BT_NIM
P1864,CS_BT_NIM
P1865,BC_BT
P1866,CS_BT_NIM
P1867,BC_BT
P1868,JA
P1869,BC_BT
P1870,JA
P1871,CS_BT_NIM
P1872,PN_PIQ
P1873,PN_PIQ
P1874,PN_PIQ
P1875,PN_PIQ
P1876,PN_PIQ
P1877,CS_NGT_NISM
P1878,CS_NGT_NIM
P1880,CS_NGT_NIM
P1881,CS_NGT_NISM
P1882,CS_NGT_NIM
P1883,CS_NGT_NIM
P1884,CS_NGT_NIM
P1885,CS_NGT_NIM
P1886,CS_NGT_NIM
P1889,CS_NGT_NIM
P1890,CS_NGT_NIM
P1891,CS_NGT_NIM
P1892,CS_NGT_NIM
P1894,ME
P1895,CS_NGT_NIM
P1896,CS_NGT_NIM
P1898,CS_NGT_NISM
P1899,CS_NGT_NIM
P1900,CS_NGT_NIM
P1901,CS_MG_NISM
P1902,CS_MG_NISM
P1903,PN_PIQ
P1904,PN_PIQ
P1905,CS_MG_NISM
P1906,CS_BT_NIM
P1907,CS_BT_NIM
P1908,CS_BT_NISM
P1909,CS_BT_NIM
P1910,CS_BT_NIM
P1911,CS_BT_NIM
P1913,CS_BT_NIM
P1914,CS_BT_NIM
P1915,CS_BT_NIM
P1918,CS_NGT_NIM
P1919,CS_NGT_NIM
P1920,CS_NGT_NIM
P1921,CS_NGT_NIM
P1922,ME
P1923,ME
P1924,ME
P1925,CS_NGT_NIM
P1926,CS_NGT_NIM
P1927,ME
P1928,PN_PIQ
P1929,CS_CGT_NIM
P1930,CS_CGT_NIM
P1931,VE_BTGT
P1932,CS_CGT_NIM
P1936,PN_PIQ
P1937,PN_PIQ
P1938,JA
P1939,CS_MG_NISM
P1940,CS_MG_NISM
P1941,CS_MG_NISM
P1942,CS_MG_NISM
P1943,PN_PIQ
P1944,IG_PLA
P1945,CS_MG_NISM
P1946,CS_MG_NISM
P1947,PN_PIQ
P1948,CS_MG_NISM
P1949,CS_MG_NISM
P1950,CS_BT_NIM
P1951,AN_PA
P1952,AN_PA
P1953,CS_BT_NIM
P1954,CS_BT_NIM
P1955,AN_PA
P1956,AN_PA
P1957,CS_BT_NIM
P1958,AN_PA
P1959,CS_BT_NIM
P1960,AN_PA
P1961,AN_PA
P1962,CS_BT_NIM
P1963,AN_PA
P1964,AN_PA
P1965,CS_BT_NIM
P1966,PN_PIQ
P1967,PN_PIQ
P1968,PN_PIQ
P1969,MA_ROTA
P1970,MA_ROTA
P1971,MA_ROTA
P1972,CS_EGT_NIM
P1973,PN_PIQ
P1974,PN_PIQ
P1975,CS_NGT_NIM
P1976,CS_NGT_NIM
P1977,CS_NGT_NISM
P1978,CS_NGT_NIM
P1979,CS_NGT_NISM
P1980,CS_NGT_NIM
P1981,CS_NGT_NIM
P1982,VE_BTGT
P1983,CS_NGT_NISM
P1984,CS_NGT_NIM
P1985,CS_NGT_NIM
P1986,CS_NGT_NISM
P1987,CS_NGT_NISM
P1988,CS_NGT_NIM
P1989,CS_NGT_NIM
P1990,CS_NGT_NISM
P1991,CS_NGT_NIM
P1992,CS_NGT_NISM
P1993,CS_NGT_NISM
P1994,CS_NGT_NIM
P1995,CS_NGT_NIM
P1996,CS_NGT_NISM
P1998,CS_NGT_NIM
P2000,CS_NGT_NIM
P2001,PN_PIQ
P2002,CS_EGT_NIM
P2003,PN_PIQ
P2004,PN_PIQ
P2005,PN_PIQ
P2006,CS_MG_NISM
P2007,PN_PIQ
P2008,CS_MG_NISM
P2009,CS_MG_NISM
P2010,CS_MG_NISM
P2011,CS_MG_NISM
P2012,CS_MG_NISM
P2013,CS_MG_NISM
P2014,CS_MG_NISM
P2015,CS_MG_NISM
P2016,CS_MG_NISM
P2017,CS_MG_NISM
P2019,PN_PIQ
P2020,CS_MG_NISM
P2021,PN_PIQ
P2022,PN_PIQ
P2023,CS_NGT_NIM
P2024,CS_NGT_NIM
P2025,VE_BTGT
P2026,CS_NGT_NIM
P2027,CS_NGT_NIM
P2028,CS_NGT_NIM
P2029,VE_BTGT
P2030,BA_IRR
P2031,JA
P2033,BA_IRR
P2034,IG_PLA
P2035,BA_IRR
P2036,BA_INT
P2037,BA_INT
P2038,IG_PLA
P2039,BA_IRR
P2040,BA_IRR
P2041,BA_INT
P2042,IG_PLA
P2043,BA_IRR
P2044,BA_INT
P2046,BA_IRR
P2047,IG_PLA
P2048,PN_PIQ
P2049,CS_EGT_NIM
P2050,CS_NGT_NIM
P2051,CS_NGT_NIM
P2052,PN_PIQ
P2053,CS_NGT_NIM
P2054,CS_NGT_NIM
P2055,PN_PIQ
P2056,CS_NGT_NIM
P2057,PN_PIQ
P2058,PN_PIQ
P2059,PN_PIQ
P2060,PN_PIQ
P2061,PN_PIQ
P2062,CS_EGT_NIM
P2063,CS_EGT_NISM
P2064,CS_EGT_NIM
P2065,CS_MG_NISM
P2066,PN_PIQ
P2067,CS_EGT_NIM
P2068,CS_EGT_NIM
P2069,PN_PIQ
P2070,CS_EGT_NIM
P2071,PN_PIQ
P2072,CS_MG_NISM
P2073,CS_MG_NISM
P2074,CS_MG_NISM
P2075,CS_MG_NISM
P2076,CS_MG_NISM
P2077,PN_PIQ
P2078,CS_MG_NISM
P2079,PN_PIQ
P2080,CS_MG_NISM
P2081,CS_MG_NISM
P2082,PN_PIQ
P2083,PN_PIQ
P2084,CS_NGT_NIM
P2085,CS_NGT_NIM
P2086,CS_NGT_NISM
P2087,CS_NGT_NISM
P2088,ME
P2089,ME
P2090,ME
P2091,CS_NGT_NIM
P2092,CS_NGT_NISM
P2093,PN_PIQ
P2095,PN_PIQ
P2096,PN_PIQ
P2097,CS_NGT_NIM
P2098,PN_PIQ
P2099,CS_MG_NISM
P2100,PN_PIQ
P2101,CS_MG_NISM
P2102,PN_PIQ
P2103,CS_MG_NISM
P2104,CS_MG_NISM
P2105,JA
P2106,CS_MG_NISM
P2107,CS_MG_NISM
P2108,CS_MG_NISM
P2109,CS_MG_NISM
P2110,CS_MG_NISM
P2111,CS_MG_NISM
P2112,CS_MG_NISM
P2113,PN_PIQ
P2114,CS_EGT_NIM
P2115,CS_EGT_NIM
P2116,CS_EGT_NIM
P2117,VE_BTGT
P2118,CS_EGT_NIM
P2119,CS_EGT_NIM
P2120,CS_EGT_NIM
P2121,CS_EGT_NIM
P2122,PN_PIQ
P2124,CS_NGT_NIM
P2125,CS_NGT_NIM
P2127,CS_NGT_NISM
P2128,CS_NGT_NIM
P2129,CS_NGT_NIM
P2130,CS_NGT_NIM
P2131,CS_NGT_NIM
P2132,CS_NGT_NISM
P2133,CS_NGT_NIM
P2134,CS_NGT_NIM
P2135,CS_NGT_NIM
P2136,CS_NGT_NISM
P2137,CS_NGT_NISM
P2138,CS_NGT_NIM
P2139,CS_NGT_NIM
P2141,CS_NGT_NIM
P2142,CS_NGT_NIM
P2144,CS_MG_NISM
P2145,CS_MG_NISM
P2146,JA
P2147,PN_PIQ
P2148,PN_PIQ
P2149,PN_PIQ
P2150,PN_PIQ
P2151,PN_PIQ
P2152,PN_PIQ
P2153,CS_CGT_NIM
P2154,PN_PIQ
P2155,CS_CGT_NIM
P2156,PN_PIQ
P2158,BC_GTMG
P2159,JA
P2160,PN_PIQ
P2161,CS_MG_NISM
P2162,PN_PIQ
P2163,CS_MG_NISM
P2164,PN_PIQ
P2165,CS_MG_NISM
P2166,CS_MG_NISM
P2167,CS_MG_NISM
P2168,CS_MG_NISM
P2169,CS_BT_NIM
P2170,CS_BT_NIM
P2171,PN_PIQ
P2172,CS_BT_NIM
P2173,PN_PIQ
P2174,CS_BT_NIM
P2176,CS_EGT_NIM
P2177,PN_PIQ
P2178,PN_PIQ
P2179,PN_PIQ
P2180,CS_EGT_NIM
P2181,CS_EGT_NIM
P2182,CS_EGT_NIM
P2183,CS_EGT_NIM
P2184,PN_PIQ
P2185,CS_EGT_NIM
P2186,CS_EGT_NIM
P2187,PN_PIQ
P2188,CS_EGT_NIM
P2189,CS_NGT_NIM
P2190,CS_NGT_NIM
P2191,CS_NGT_NIM
P2192,CS_NGT_NIM
P2193,PN_PIQ
P2194,CS_NGT_NIM
P2195,CS_MG_NISM
P2196,CS_MG_NISM
P2197,CS_MG_NISM
P2198,PN_PIQ
P2199,CS_MG_NISM
P2200,CS_EGT_NIM
P2201,CS_EGT_NIM
P2202,BC_GTMG
P2203,CS_EGT_NIM
P2204,JA
P2205,BC_GTMG
P2206,CS_EGT_NIM
P2207,CS_EGT_NIM
P2208,CS_EGT_NIM
P2209,BC_GTMG
P2210,CS_EGT_NIM
P2211,BC_GTMG
P2212,CS_EGT_NIM
P2213,CS_EGT_NIM
P2214,CS_MG_NISM
P2215,CS_MG_NISM
P2216,JA
P2217,PN_PIQ
P2218,CS_MG_NISM
P2219,PN_PIQ
P2220,CS_MG_NISM
P2221,CS_MG_NISM
P2222,PN_PIQ
P2223,CS_MG_NISM
P2224,CS_MG_NISM
P2225,PN_PIQ
P2226,CS_MG_NISM
P2227,PN_PIQ
P2228,PN_PIQ
P2229,CS_MG_NISM
P2231,CS_MG_NISM
P2232,CS_MG_NISM
P2233,PN_PIQ
P2236,PN_PIQ
P2237,CS_NGT_NIM
P2238,CS_NGT_NIM
P2240,PN_PIQ
P2241,PN_PIQ
P2242,CS_EGT_NIM
P2243,CS_EGT_NIM
P2244,PN_PIQ
P2245,PN_PIQ
P2246,PN_PIQ
P2247,PN_PIQ
P2248,CS_MG_NISM
P2249,CS_MG_NISM
P2250,CS_MG_NISM
P2251,CS_MG_NISM
P2252,PN_PIQ
P2253,CS_MG_NISM
P2254,JA
P2255,PN_PIQ
P2256,PN_PIQ
P2257,PN_PIQ
P2258,PN_PIQ
P2259,PN_PIQ
P2260,PN_PIQ
P2261,PN_PIQ
P2262,PN_PIQ
P2264,PN_PIQ
P2265,PN_PIQ
P2266,PN_PIQ
P2267,CS_EGT_NIM
P2268,PN_PIQ
P2269,PN_PIQ
P2270,PN_PIQ
P2271,PN_PIQ
P2272,PN_PIQ
P2273,CS_NGT_NIM
P2274,CS_NGT_NIM
P2275,CS_NGT_NIM
P2276,CS_CGT_NIM
P2277,CS_CGT_NIM
P2278,CS_CGT_NIM
P2279,CS_CGT_NIM
P2280,CS_CGT_NIM
P2281,CS_CGT_NIM
P2282,CS_CGT_NISM
P2283,CS_CGT_NIM
P2284,CS_CGT_NIM
P2285,CS_MG_NISM
P2286,PN_PIQ
P2287,PN_PIQ
P2288,CS_MG_NISM
P2289,PN_PIQ
P2290,PN_PIQ
P2291,PN_PIQ
P2292,PN_PIQ
P2293,PN_PIQ
P2294,CS_CGT_NIM
P2295,PN_PIQ
P2296,PN_PIQ
P2297,CS_NGT_NIM
P2298,CS_NGT_NIM
P2299,MA_TO_CO_JA
P2300,CS_NGT_NIM
P2302,MA_ROTA
P2303,CS_NGT_NIM
P2305,ME
P2306,ME
P2307,MA_TO_CO_JA
P2308,MA_TO_CO_JA
P2309,ME
P2310,MA_TO_CO_JA
P2311,MA_TO_CO_JA
P2312,MA_TO_CO_JA
P2313,MA_TO_CO_JA
P2315,ME
P2316,MA_TO_CO_JA
P2318,CS_EGT_NIM
P2319,PN_PIQ
P2320,BC_GTMG
P2321,CS_EGT_NIM
P2322,CS_EGT_NIM
P2323,CS_EGT_NIM
P2324,JA
P2325,PN_PIQ
P2326,CS_MG_NISM
P2327,PN_PIQ
P2328,PN_PIQ
P2329,CS_MG_NISM
P2330,CS_MG_NISM
P2331,CS_BT_NIM
P2332,CS_BT_NIM
P2333,CS_BT_NIM
P2334,CS_BT_NIM
P2335,CS_BT_NIM
P2336,CS_BT_NIM
P2337,CS_BT_NIM
P2338,CS_BT_NIM
P2339,CS_MG_NISM
P2340,CS_MG_NISM
P2341,PN_PIQ
P2342,PN_PIQ
P2343,CS_MG_NISM
P2344,CS_MG_NISM
P2345,PN_PIQ
P2346,CS_MG_NISM
P2347,CS_MG_NISM
P2348,CS_MG_NISM
P2349,PN_PIQ
P2350,CS_NGT_NISM
P2351,CS_NGT_NIM
P2352,CS_NGT_NIM
P2353,PN_PIQ
P2354,JA
P2355,PN_PIQ
P2356,CS_NGT_NIM
P2357,CS_NGT_NIM
P2358,CS_NGT_NIM
P2359,CS_NGT_NIM
P2360,CS_NGT_NIM
P2361,CS_NGT_NIM
P2362,BC_GTMG
P2363,PN_PIQ
P2364,PN_PIQ
P2365,PN_PIQ
P2366,PN_PIQ
P2367,PN_PIQ
P2368,PN_PIQ
P2369,PN_PIQ
P2370,PN_PIQ
P2371,PN_PIQ
P2372,PN_PIQ
P2373,PN_PIQ
P2374,PN_PIQ
P2375,PN_PIQ
P2376,PN_PIQ
P2377,CS_BT_NIM
P2378,PN_PIQ
P2379,CS_BT_NIM
P2380,PN_PIQ
P2381,PN_PIQ
P2382,CS_BT_NIM
P2383,CS_BT_NIM
P2384,PN_PIQ
P2385,CS_BT_NIM
P2387,PN_PIQ
P2388,PN_PIQ
P2389,PN_PIQ
P2391,PN_PIQ
P2392,CS_NGT_NIM
P2393,PN_PIQ
P2394,CS_NGT_NIM
P2395,CS_NGT_NIM
P2396,PN_PIQ
P2397,PN_PIQ
P2398,CS_MG_NISM
P2399,PN_PIQ
P2400,CS_CGT_NIM
P2401,CS_CGT_NIM
P2402,PN_PIQ
P2403,PN_PIQ
P2404,PN_PIQ
P2405,PN_PIQ
P2407,PN_PIQ
P2408,PN_PIQ
P2409,PN_PIQ
P2410,PN_PIQ
P2411,PN_PIQ
P2412,JA
P2413,BC_GTMG
P2414,CS_NGT_NIM
P2415,BC_GTMG
P2416,BC_GTMG
P2417,BC_GTMG
P2418,CS_NGT_NIM
P2419,CS_NGT_NIM
P2420,JA
P2421,CS_NGT_NIM
P2422,PN_PIQ
P2423,PN_PIQ
P2425,BC_GTMG
P2426,CS_NGT_NIM
P2427,PN_PIQ
P2428,BC_GTMG
P2429,PN_PIQ
P2430,PN_PIQ
P2431,CS_NGT_NIM
P2432,CS_NGT_NIM
P2433,CS_NGT_NISM
P2434,CS_NGT_NIM
P2435,PN_PIQ
P2436,PN_PIQ
P2438,PN_PIQ
P2439,CS_NGT_NISM
P2440,PN_PIQ
P2441,CS_NGT_NISM
P2442,CS_NGT_NIM
P2443,CS_NGT_NIM
P2444,CS_NGT_NIM
P2445,MA_TO_CO_JA
P2446,MA_TO_CO_JA
P2447,MA_TO_CO_JA
P2448,CS_BT_NIM
P2449,CS_BT_NIM
P2450,CS_BT_NIM
P2452,CS_BT_NIM
P2456,MA_TO_CO_JA
P2457,CS_BT_NIM
P2458,MA_TO_CO_JA
P2460,CS_NGT_NIM
P2461,CS_NGT_NIM
P2462,CS_NGT_NIM
P2463,CS_NGT_NIM
P2464,CS_NGT_NIM
P2465,CS_NGT_NIM
P2466,CS_NGT_NIM
P2468,PN_PIQ
P2469,PN_PIQ
P2471,BA_IRR
P2472,PN_PIQ
P2473,JA
P2474,BA_IRR
P2475,BA_INT
P2476,JA
P2477,BA_INT
P2480,BA_IRR
P2482,JA
P2483,MA_TO_CO_JA
P2485,MA_TO_CO_JA
P2486,MA_TO_CO_JA
P2487,MA_TO_CO_JA
P2488,MA_TO_CO_JA
P2489,PN_PIQ
P2490,MA_TO_CO_JA
P2491,PN_PIQ
P2492,MA_TO_CO_JA
P2494,PN_PIQ
P2495,MA_TO_CO_JA
P2496,PN_PIQ
P2497,MA_TO_CO_JA
P2499,PN_PIQ
P2500,MA_TO_CO_JA
P2501,MA_TO_CO_JA
P2502,CS_BT_NIM
P2503,MA_TO_CO_JA
P2505,PN_PIQ
P2506,MA_TO_CO_JA
P2507,CS_BT_NIM
P2508,MA_TO_CO_JA
P2511,CS_BT_NIM
P2512,PN_PIQ
P2515,PN_PIQ
P2516,JA
P2517,BA_INT
P2518,BA_INT
P2519,CS_SBT_NIM
P2523,VE_BTGT
P2524,BA_INT
P2525,VE_BTGT
P2526,BA_SINT
P2527,BA_INT
P2528,BA_SINT
P2529,BA_INT
P2530,BA_INT
P2531,BA_SINT
P2532,BA_SINT
P2533,BA_INT
P2534,BA_INT
P2535,BA_INT
P2536,BA_INT
P2537,BA_INT
P2538,BA_INT
P2539,BA_INT
P2540,BA_SINT
P2541,JA
P2542,JA
P2543,BA_SINT
P2545,MA_TO_CO_JA
P2549,CS_SBT_NIM
P2551,MA_TO_CO_JA
P2554,BA_PER
P2555,BA_INT
P2556,BA_PER
P2557,VE_BTGT
P2558,BA_PER
P2560,BA_PER
P2561,BA_PER
P2562,BA_PER
P2563,VE_BTGT
P2564,BA_PER
P2565,JA
P2567,BA_INT
P2568,MA_TO_CO_JA
P2569,MA_TO_CO_JA
P2575,MA_TO_CO_JA
P2576,MA_TO_CO_JA
P2577,MA_TO_CO_JA
P2580,MA_TO_CO_JA
P2581,MA_TO_CO_JA
P2582,MA_TO_CO_JA
P2583,MA_TO_CO_JA
P2588,CS_BT_NIM
P2589,MA_TO_CO_JA
P2595,MA_TO_CO_JA
P2597,MA_TO_CO_JA
P2602,MA_TO_CO_JA
P2610,PN_PIQ
P2611,PN_PIQ
P2612,PN_PIQ
P2613,PN_PIQ
P2614,PN_PIQ
P2615,BA_INT
P2616,JA
P2617,BA_SINT
P2619,BA_SINT
P2620,BA_INT
P2621,BA_INT
P2622,BA_SINT
P2623,JA
P2624,BA_INT
P2626,CS_BT_NIM
P2627,JA
P2628,BA_INT
P2629,VE_BTGT
P2631,CS_BT_NIM
P2632,CS_BT_NIM
P2633,BA_INT
P2634,CS_BT_NIM
P2635,BA_INT
P2636,CS_BT_NIM
P2637,BA_INT
P2638,VE_BTGT
P2640,VE_BTGT
P2641,BA_INT
P2643,BA_INT
P2644,BA_INT
P2645,JA
P2646,JA
P2647,VE_BTGT
P2648,VE_BTGT
P2649,BA_INT
P2650,BA_INT
P2652,BA_INT
P2653,AN_PA
P2654,BA_INT
P2655,JA
P2656,BA_INT
P2657,VE_BTGT
P2658,MA_TO_CO_JA
P2661,MA_TO_CO_JA
P2662,CS_BT_NIM
P2663,MA_TO_CO_JA
P2664,MA_TO_CO_JA
P2665,MA_TO_CO_JA
P2666,BA_PER
P2667,BA_INT
P2668,BA_PER
P2669,BA_PER
P2670,MA_TO_CO_JA
P2671,VE_BTGT
P2672,JA
P2673,VE_BTGT
P2674,MA_TO_CO_JA
P2675,JA
P2676,BA_INT
P2677,VE_BTGT
P2678,BA_INT
P2679,BA_PER
P2680,BA_PER
P2682,BA_PER
P2683,PN_PIQ
P2684,PN_PIQ
P2685,CS_BT_NIM
P2686,VE_BTGT
P2687,VE_BTGT
P2688,VE_BTGT
P2689,PN_PIQ
P2690,PN_PIQ
P2691,PN_PIQ
P2692,PN_PIQ
P2693,PN_PIQ
P2698,PN_PIQ
P2699,PN_PIQ
P2700,PN_PIQ
P2701,MA_TO_CO_JA
P2702,MA_TO_CO_JA
P2703,MA_TO_CO_JA
P2704,MA_TO_CO_JA
P2705,MA_TO_CO_JA
P2706,MA_TO_CO_JA
P2707,JA
P2708,VE_BTGT
P2709,VE_BTGT
P2710,VE_BTGT
P2711,VE_BTGT
P2712,VE_BTGT
P2713,VE_BTGT
P2714,VE_BTGT
P2715,BA_INT
P2716,BA_INT
P2718,AG
P2720,BA_PER
P2721,BA_PER
P2722,MA_ROTA
P2723,MA_ROTA
P2725,MA_ROTA
P2726,CS_SBT_NIM
P2727,MA_ROTA
P2728,BA_PER
P2730,BA_PER
P2732,BA_PER
P2733,BA_PER
P2734,MA_TO_CO_JA
P2738,MA_TO_CO_JA
P2739,AG
P2740,MA_TO_CO_JA
P2742,CS_SBT_NIM
P2744,BA_INT
P2745,VE_BTGT
P2746,BA_PER
P2747,BA_INT
P2748,BA_PER
P2750,JA
P2751,BA_PER
P2752,BA_PER
P2753,BA_PER
P2754,CS_BT_NIM
P2758,JA
P2759,VE_BTGT
P2760,JA
P2761,VE_BTGT
P2762,VE_BTGT
P2763,CS_BT_NIM
P2765,BA_INT
P2769,BA_INT
P2770,BA_INT
P2771,JA
P2772,BA_INT
P2773,BA_INT
P2774,BA_INT
P2776,BA_INT
P2777,BA_INT
P2779,BA_INT
P2780,JA
P2781,BA_INT
P2782,JA
P2783,BA_INT
P2784,PN_PIQ
P2785,PN_PIQ
P2786,PN_PIQ
P2787,PN_PIQ
P2788,PN_PIQ
P2789,PN_PIQ
P2790,PN_PIQ
P2791,PN_PIQ
P2792,JA
P2793,PN_PIQ
P2794,PN_PIQ
P2795,PN_PIQ
P2796,PN_PIQ
P2797,CS_MG_NISM
P2798,PN_PIQ
P2799,CS_MG_NISM
P2800,PN_PIQ
P2801,CS_NGT_NIM
P2803,CS_NGT_NIM
P2804,CS_NGT_NIM
P2806,JA
P2807,PN_PIQ
P2808,PN_PIQ
P2809,PN_PIQ
P2810,PN_PIQ
P2811,BC_GTMG
P2812,BC_GTMG
P2813,PN_PIQ
P2814,PN_PIQ
P2815,PN_PIQ
P2816,PN_PIQ
P2817,PN_PIQ
P2818,CS_EGT_NIM
P2819,PN_PIQ
P2820,PN_PIQ
P2821,PN_PIQ
P2822,CS_MG_NISM
P2823,CS_MG_NISM
P2824,CS_MG_NISM
P2825,CS_MG_NISM
P2826,CS_MG_NISM
P2827,PN_PIQ
P2828,PN_PIQ
P2829,CS_MG_NISM
P2830,CS_MG_NISM
P2831,PN_PIQ
P2832,CS_MG_NISM
P2833,PN_PIQ
P2834,PN_PIQ
P2835,CS_MG_NISM
P2836,CS_MG_NISM
P2837,CS_MG_NISM
P2838,PN_PIQ
P2839,CS_MG_NISM
P2840,CS_MG_NISM
P2841,PN_PIQ
P2842,PN_PIQ
P2843,PN_PIQ
P2844,PN_PIQ
P2845,PN_PIQ
P2846,PN_PIQ
P2847,PN_PIQ
P2848,PN_PIQ
P2849,PN_PIQ
P2850,CS_CGT_NIM
P2851,CS_NGT_NIM
P2852,CS_CGT_NIM
P2853,CS_CGT_NIM
P2854,CS_CGT_NIM
P2855,CS_CGT_NIM
P2856,CS_MG_NISM
P2857,PN_PIQ
P2858,PN_PIQ
P2859,JA
P2860,CS_MG_NISM
P2861,CS_MG_NISM
P2862,CS_MG_NISM
P2863,CS_EGT_NIM
P2864,PN_PIQ
P2865,PN_PIQ
P2866,CS_CGT_NIM
P2867,CS_CGT_NIM
P2868,PN_PIQ
P2869,CS_BT_NIM
P2870,CS_BT_NIM
P2871,CS_BT_NIM
P2872,PN_PIQ
P2873,CS_BT_NIM
P2874,PN_PIQ
P2875,PN_PIQ
P2876,PN_PIQ
P2877,CS_NGT_NISM
P2878,PN_PIQ
P2879,CS_NGT_NIM
P2880,CS_NGT_NISM
P2881,CS_NGT_NIM
P2882,PN_PIQ
P2884,CS_NGT_NIM
P2885,PN_PIQ
P2886,PN_PIQ
P2888,CS_EGT_NIM
P2889,PN_PIQ
P2890,CS_EGT_NIM
P2891,PN_PIQ
P2892,PN_PIQ
P2893,CS_CGT_NIM
P2894,CS_CGT_NIM
P2895,CS_CGT_NIM
P2896,CS_CGT_NIM
P2897,CS_CGT_NIM
P2899,PN_PIQ
P2901,PN_PIQ
P2904,PN_PIQ
P2905,PN_PIQ
P2906,PN_PIQ
P2907,MA_TO_CO_JA
P2910,MA_TO_CO_JA
P2911,AG
P2912,MA_TO_CO_JA
P2913,MA_TO_CO_JA
P2914,MA_TO_CO_JA
P2915,MA_TO_CO_JA
P2916,MA_TO_CO_JA
P2917,MA_TO_CO_JA
P2918,PN_PIQ
P2919,PN_PIQ
P2920,PN_PIQ
P2922,PN_PIQ
P2923,PN_PIQ
P2924,PN_PIQ
P2925,PN_PIQ
P2926,PN_PIQ
P2927,MA_TO_CO_JA
P2928,MA_TO_CO_JA
P2930,ME
P2931,ME
P2932,ME
P2933,ME
P2934,ME
P2935,ME
P2936,ME
P2937,ME
P2939,MA_TO_CO_JA
P2940,MA_TO_CO_JA
P2941,ME
P2942,ME
P2943,CS_BT_NIM
P2944,CS_BT_NIM
P2945,CS_BT_NIM
P2946,CS_BT_NIM
P2947,CS_EGT_NIM
P2948,ME
P2949,ME
P2950,CS_EGT_NIM
P2953,ME
P2954,CS_EGT_NIM
P2956,PN_PIQ
P2957,BC_GTMG
P2958,JA
P2959,PN_PIQ
P2960,PN_PIQ
P2961,BC_GTMG
P2962,PN_PIQ
P2963,PN_PIQ
P2964,PN_PIQ
P2965,PN_PIQ
P2966,CS_NGT_NIM
P2967,CS_NGT_NIM
P2968,PN_PIQ
P2969,CS_NGT_NIM
P2971,PN_PIQ
P2972,PN_PIQ
P2973,VE_BTGT
P2974,PN_PIQ
P2975,CS_EGT_NIM
P2976,JA
P2977,CS_EGT_NIM
P2978,CS_NGT_NIM
P2980,CS_NGT_NIM
P2981,JA
P2982,CS_NGT_NIM
P2983,CS_NGT_NIM
P2984,CS_NGT_NISM
P2985,CS_NGT_NISM
P2986,CS_NGT_NIM
P2987,CS_NGT_NISM
P2988,PN_PIQ
P2989,PN_PIQ
P2990,CS_NGT_NIM
P2991,CS_NGT_NISM
P2992,CS_NGT_NIM
P2993,PN_PIQ
P2994,CS_NGT_NIM
P2995,CS_EGT_NIM
P2996,CS_EGT_NIM
P2997,CS_EGT_NIM
P2998,PN_PIQ
P2999,CS_EGT_NIM
P3000,CS_EGT_NIM
P3001,PN_PIQ
P3002,PN_PIQ
P3003,PN_PIQ
P3004,PN_PIQ
P3005,PN_PIQ
P3006,PN_PIQ
P3007,PN_PIQ
P3008,PN_PIQ
P3009,PN_PIQ
P3010,PN_PIQ
P3011,CS_MG_NISM
P3012,CS_MG_NISM
P3013,PN_PIQ
P3014,PN_PIQ
P3015,CS_MG_NISM
P3016,CS_MG_NISM
P3017,PN_PIQ
P3018,CS_MG_NISM
P3019,PN_PIQ
P3020,CS_MG_NISM
P3021,CS_MG_NISM
P3022,CS_MG_NISM
P3023,PN_PIQ
P3024,CS_MG_NISM
P3025,CS_MG_NISM
P3026,CS_MG_NISM
P3027,CS_MG_NISM
P3028,CS_CGT_NIM
P3029,CS_NGT_NIM
P3030,PN_PIQ
P3031,PN_PIQ
P3032,CS_NGT_NIM
P3033,CS_NGT_NIM
P3034,PN_PIQ
P3035,CS_CGT_NIM
P3036,MA_ROTA
P3037,MA_ROTA
P3038,MA_TO_CO_JA
P3039,PN_PIQ
P3040,PN_PIQ
P3041,PN_PIQ
P3042,PN_PIQ
P3043,CS_BT_NIM
P3044,PN_PIQ
P3045,PN_PIQ
P3046,PN_PIQ
P3047,PN_PIQ
P3048,PN_PIQ
P3049,PN_PIQ
P3050,PN_PIQ
P3051,PN_PIQ
P3052,PN_PIQ
P3053,CS_EGT_NIM
P3056,PN_PIQ
P3057,PN_PIQ
P3058,PN_PIQ
P3060,PN_PIQ
P3061,JA
P3062,PN_PIQ
P3063,MA_TO_CO_JA
P3064,MA_ROTA
P3065,MA_ROTA
P3066,CS_MG_NISM
P3067,CS_MG_NISM
P3068,PN_PIQ
P3069,JA
P3070,CS_MG_NISM
P3071,CS_MG_NISM
P3072,CS_MG_NISM
P3073,PN_PIQ
P3074,CS_MG_NISM
P3075,CS_MG_NISM
P3076,CS_MG_NISM
P3077,PN_PIQ
P3078,CS_MG_NISM
P3079,PN_PIQ
P3080,PN_PIQ
P3081,CS_MG_NISM
P3082,PN_PIQ
P3083,CS_MG_NISM
P3084,CS_MG_NISM
P3085,CS_MG_NISM
P3086,PN_PIQ
P3087,CS_MG_NISM
P3089,IG_PLA
P3090,BA_IRR
P3093,BA_IRR
P3094,IG_PLA
P3095,IG_PLA
P3096,IG_PLA
P3097,IG_PLA
P3098,IG_PLA
P3099,JA
P3100,IG_PLA
P3101,IG_PLA
P3102,CS_NGT_NIM
P3103,IG_PLA
P3104,IG_PLA
P3105,IG_PLA
P3106,BA_IRR
P3107,IG_PLA
P3108,IG_PLA
P3109,IG_PLA
P3110,CS_NGT_NIM
P3111,CS_NGT_NIM
P3112,ME
P3113,CS_NGT_NISM
P3114,CS_NGT_NIM
P3115,CS_NGT_NIM
P3116,CS_NGT_NIM
P3117,CS_NGT_NIM
P3118,CS_NGT_NIM
P3119,CS_NGT_NISM
P3121,ME
P3124,CS_NGT_NISM
P3125,CS_NGT_NIM
P3126,CS_NGT_NIM
P3127,PN_PIQ
P3128,PN_PIQ
P3129,PN_PIQ
P3130,PN_PIQ
P3131,PN_PIQ
P3132,PN_PIQ
P3133,PN_PIQ
P3134,CS_EGT_NIM
P3135,PN_PIQ
P3136,CS_EGT_NIM
P3137,PN_PIQ
P3138,MA_ROTA
P3139,PN_PIQ
P3140,PN_PIQ
P3141,CS_NGT_NIM
P3142,PN_PIQ
P3143,PN_PIQ
P3144,PN_PIQ
P3145,PN_PIQ
P3146,PN_PIQ
P3147,PN_PIQ
P3148,PN_PIQ
P3149,PN_PIQ
P3150,PN_PIQ
P3151,VE_BTGT
P3152,CS_NGT_NIM
P3153,CS_NGT_NIM
P3154,CS_NGT_NIM
P3155,CS_NGT_NIM
P3156,CS_NGT_NIM
P3157,CS_NGT_NIM
P3158,CS_NGT_NIM
P3159,CS_NGT_NIM
P3160,CS_NGT_NIM
P3161,PN_PIQ
P3162,BA_INT
P3163,JA
P3164,BA_INT
P3165,PN_PIQ
P3166,PN_PIQ
P3167,PN_PIQ
P3170,PN_PIQ
P3171,PN_PIQ
P3173,CS_EGT_NISM
P3174,CS_NGT_NIM
P3175,CS_NGT_NIM
P3176,PN_PIQ
P3177,CS_NGT_NIM
P3178,ME
P3179,CS_NGT_NISM
P3180,CS_CGT_NIM
P3181,PN_PIQ
P3182,PN_PIQ
P3183,CS_CGT_NIM
P3184,PN_PIQ
P3185,PN_PIQ
P3186,PN_PIQ
P3187,PN_PIQ
P3188,PN_PIQ
P3189,CS_EGT_NIM
P3190,CS_EGT_NIM
P3191,PN_PIQ
P3192,JA
P3193,PN_PIQ
P3194,PN_PIQ
P3195,MA_TO_CO_JA
P3196,CS_EGT_NIM
P3197,MA_TO_CO_JA
P3198,CS_MG_NISM
P3199,CS_MG_NISM
P3200,CS_MG_NISM
P3201,CS_MG_NISM
P3202,PN_PIQ
P3203,PN_PIQ
P3204,CS_MG_NISM
P3205,CS_MG_NISM
P3206,PN_PIQ
P3207,PN_PIQ
P3208,CS_MG_NISM
P3209,PN_PIQ
P3210,CS_MG_NISM
P3211,CS_MG_NISM
P3212,CS_MG_NISM
P3213,PN_PIQ
P3214,CS_CGT_NIM
P3216,CS_BT_NIM
P3217,CS_MG_NISM
P3218,CS_MG_NISM
P3219,PN_PIQ
P3220,CS_MG_NISM
P3221,CS_MG_NISM
P3222,CS_MG_NISM
P3223,CS_MG_NISM
P3224,PN_PIQ
P3225,CS_MG_NISM
P3226,CS_MG_NISM
P3227,PN_PIQ
P3228,CS_MG_NISM
P3229,PN_PIQ
P3230,CS_MG_NISM
P3231,CS_MG_NISM
P3232,CS_NGT_NIM
P3233,CS_NGT_NIM
P3234,CS_NGT_NIM
P3236,CS_NGT_NIM
P3237,CS_NGT_NIM
P3238,CS_NGT_NIM
P3239,CS_NGT_NIM
P3247,CS_MG_NISM
P3248,CS_MG_NISM
P3249,CS_MG_NISM
P3250,CS_MG_NISM
P3251,CS_MG_NISM
P3252,CS_MG_NISM
P3253,CS_MG_NISM
P3254,PN_PIQ
P3255,PN_PIQ
P3256,JA
P3257,PN_PIQ
P3258,PN_PIQ
P3259,PN_PIQ
P3260,PN_PIQ
P3261,PN_PIQ
P3262,PN_PIQ
P3263,PN_PIQ
P3264,PN_PIQ
P3265,PN_PIQ
P3266,PN_PIQ
P3267,PN_PIQ
P3268,PN_PIQ
P3269,BC_BT
P3270,PN_PIQ
P3271,PN_PIQ
P3272,PN_PIQ
P3273,PN_PIQ
P3277,PN_PIQ
P3278,PN_PIQ
P3280,PN_PIQ
P3281,PN_PIQ
P3282,PN_PIQ
P3283,PN_PIQ
P3284,PN_PIQ
P3285,PN_PIQ
P3286,PN_PIQ
P3287,PN_PIQ
P3288,PN_PIQ
P3289,PN_PIQ
P3290,PN_PIQ
P3291,CS_NGT_NIM
P3292,PN_PIQ
P3293,PN_PIQ
P3294,PN_PIQ
P3295,PN_PIQ
P3296,PN_PIQ
P3297,PN_PIQ
P3298,PN_PIQ
P3299,PN_PIQ
P3300,PN_PIQ
P3301,PN_PIQ
P3302,PN_PIQ
P3303,PN_PIQ
P3304,PN_PIQ
P3305,PN_PIQ
P3306,PN_PIQ
P3307,PN_PIQ
P3308,PN_PIQ
P3309,PN_PIQ
P3311,MA_TO_CO_JA
P3312,VE_BTGT
P3315,MA_TO_CO_JA
P3316,CS_BT_NIM
P3318,BA_INT
P3319,VE_BTGT
P3320,VE_BTGT
P3321,VE_BTGT
P3322,JA
P3323,VE_BTGT
P3325,VE_BTGT
P3327,BA_INT
P3328,JA
P3330,BA_INT
P3331,VE_BTGT
P3332,BA_PER
P3334,BA_PER
P3335,BA_PER
P3337,BA_PER
P3338,BA_PER
P3339,BA_PER
P3340,BA_PER
P3341,BA_PER
P3343,BA_PER
P3344,BA_PER
P3345,BA_PER
P3346,PN_PIQ
P3347,MA_TO_CO_JA
P3348,MA_TO_CO_JA
P3349,MA_TO_CO_JA
P3350,MA_TO_CO_JA
P3351,PN_PIQ
P3352,VE_BTGT
P3353,MA_TO_CO_JA
P3354,MA_TO_CO_JA
P3356,MA_TO_CO_JA
P3357,JA
P3358,JA
P3360,BA_SINT
P3361,BA_INT
P3362,BA_INT
P3363,BA_PER
P3364,MA_TO_CO_JA
P3365,BA_PER
P3366,BA_INT
P3367,IG_TUT
P3368,BA_PER
P3369,BA_INT
P3371,MA_TO_CO_JA
P3372,BA_PER
P3373,BA_PER
P3374,MA_TO_CO_JA
P3375,BA_INT
P3376,BA_PER
P3377,BA_SINT
P3378,BA_PER
P3379,BA_INT
P3380,BA_SINT
P3381,JA
P3382,JA
P3383,PN_PIQ
P3384,CS_NGT_NIM
P3386,CS_NGT_NIM
P3391,BA_INT
P3392,JA
P3393,VE_BTGT
P3394,BA_INT
P3395,PN_PIQ
P3396,PN_PIQ
P3397,PN_PIQ
P3398,PN_PIQ
P3399,PN_PIQ
P3400,PN_PIQ
P3401,PN_PIQ
P3402,PN_PIQ
P3403,PN_PIQ
P3404,PN_PIQ
P3405,PN_PIQ
P3406,PN_PIQ
P3407,PN_PIQ
P3408,PN_PIQ
P3409,PN_PIQ
P3410,BC_GTMG
P3411,PN_PIQ
P3412,PN_PIQ
P3413,PN_PIQ
P3414,PN_PIQ
P3415,JA
P3417,PN_PIQ
P3419,PN_PIQ
P3420,PN_PIQ
P3421,PN_PIQ
P3422,JA
P3423,PN_PIQ
P3425,PN_PIQ
P3426,PN_PIQ
P3427,PN_PIQ
P3428,PN_PIQ
P3429,PN_PIQ
P3430,PN_PIQ
P3431,BC_GTMG
P3432,PN_PIQ
P3434,PN_PIQ
P3435,PN_PIQ
P3436,PN_PIQ
P3437,PN_PIQ
P3438,CS_EGT_NIM
P3439,CS_EGT_NIM
P3440,CS_EGT_NIM
P3441,CS_EGT_NIM
P3443,CS_EGT_NIM
P3445,VE_BTGT
P3447,VE_BTGT
P3450,BA_INT
P3451,BA_INT
P3454,MA_ROTA
P3455,MA_ROTA
P3456,BA_INT
P3457,BA_INT
P3458,JA
P3460,BA_SINT
P3461,BA_INT
P3462,BA_INT
P3463,BA_INT
P3464,JA
P3468,BA_INT
P3470,BA_INT
P3472,VE_BTGT
P3474,JA
P3478,BA_INT
P3480,VE_BTGT
P3481,VE_BTGT
P3482,CS_NGT_NIM
P3483,CS_NGT_NIM
P3484,PN_PIQ
P3485,PN_PIQ
P3486,BC_GTMG
P3487,BC_GTMG
P3488,CS_NGT_NIM
P3489,BC_GTMG
P3490,JA
P3491,CS_NGT_NIM
P3492,CS_NGT_NIM
P3493,CS_NGT_NIM
P3495,PN_PIQ
P3496,PN_PIQ
P3497,PN_PIQ
P3498,PN_PIQ
P3499,CS_EGT_NIM
P3500,PN_PIQ
P3501,PN_PIQ
P3502,PN_PIQ
P3503,PN_PIQ
P3504,PN_PIQ
P3505,PN_PIQ
P3506,PN_PIQ
P3507,PN_PIQ
P3508,PN_PIQ
P3509,PN_PIQ
P3510,PN_PIQ
P3511,JA
P3512,PN_PIQ
P3513,PN_PIQ
P3514,PN_PIQ
P3515,PN_PIQ
P3516,PN_PIQ
P3517,PN_PIQ
P3518,PN_PIQ
P3519,PN_PIQ
P3520,PN_PIQ
P3522,BA_PER
P3525,BC_BT
P3526,BA_PER
P3527,BC_BT
P3528,BC_BT
P3529,BA_PER
P3530,BC_BT
P3532,BC_BT
P3533,BA_PER
P3534,BC_BT
P3535,BC_BT
P3536,BC_BT
P3537,CS_NGT_NISM
P3538,CS_NGT_NIM
P3539,CS_NGT_NISM
P3540,PN_PIQ
P3541,PN_PIQ
P3542,PN_PIQ
P3543,PN_PIQ
P3544,PN_PIQ
P3545,PN_PIQ
P3546,CS_EGT_NIM
P3547,PN_PIQ
P3548,PN_PIQ
P3549,PN_PIQ
P3550,MA_TO_CO_JA
P3552,CS_BT_NIM
P3554,CS_BT_NIM
P3555,CS_BT_NIM
P3556,CS_BT_NIM
P3557,CS_BT_NIM
P3559,CS_BT_NIM
P3560,CS_BT_NIM
P3561,MA_TO_CO_JA
P3562,CS_BT_NIM
P3563,CS_BT_NIM
P3564,CS_BT_NIM
P3565,CS_BT_NIM
P3566,CS_BT_NIM
P3568,CS_BT_NIM
P3570,CS_BT_NIM
P3571,CS_BT_NIM
P3572,CS_BT_NIM
P3574,MA_TO_CO_JA
P3575,CS_BT_NIM
P3577,MA_TO_CO_JA
P3578,PN_PIQ
P3579,PN_PIQ
P3580,CS_EGT_NIM
P3581,PN_PIQ
P3582,CS_NGT_NIM
P3583,CS_NGT_NIM
P3584,JA
P3585,CS_NGT_NIM
P3586,CS_NGT_NIM
P3587,CS_NGT_NIM
P3588,CS_NGT_NIM
P3589,CS_NGT_NIM
P3590,CS_NGT_NIM
P3591,CS_NGT_NIM
P3592,CS_NGT_NIM
P3593,VE_BTGT
P3594,CS_NGT_NIM
P3595,CS_NGT_NIM
P3596,PN_PIQ
P3597,CS_NGT_NIM
P3598,PN_PIQ
P3599,CS_NGT_NIM
P3600,CS_MG_NISM
P3601,PN_PIQ
P3602,PN_PIQ
P3603,CS_MG_NISM
P3604,CS_MG_NISM
P3605,CS_MG_NISM
P3606,PN_PIQ
P3607,PN_PIQ
P3608,CS_MG_NISM
P3609,PN_PIQ
P3610,PN_PIQ
P3611,JA
P3612,PN_PIQ
P3613,PN_PIQ
P3614,VE_BTGT
P3615,BA_INT
P3616,VE_BTGT
P3617,BA_INT
P3618,JA
P3619,VE_BTGT
P3620,VE_BTGT
P3621,BA_INT
P3622,JA
P3623,VE_BTGT
P3624,MA_TO_CO_JA
P3625,PN_PIQ
P3626,PN_PIQ
P3627,PN_PIQ
P3628,MA_ROTA
P3629,MA_TO_CO_JA
P3630,MA_ROTA
P3631,MA_TO_CO_JA
P3632,MA_TO_CO_JA
P3633,MA_TO_CO_JA
P3634,MA_TO_CO_JA
P3635,MA_TO_CO_JA
P3636,MA_TO_CO_JA
P3638,VE_BTGT
P3639,VE_BTGT
P3641,PN_PIQ
P3642,VE_BTGT
P3643,PN_PIQ
P3644,VE_BTGT
P3645,PN_PIQ
P3646,PN_PIQ
P3647,PN_PIQ
P3648,PN_PIQ
P3649,PN_PIQ
P3650,PN_PIQ
P3651,PN_PIQ
P3652,PN_PIQ
P3653,PN_PIQ
P3654,PN_PIQ
P3655,PN_PIQ
P3656,PN_PIQ
P3657,PN_PIQ
P3658,PN_PIQ
P3659,PN_PIQ
P3660,PN_PIQ
P3661,PN_PIQ
P3662,MA_ROTA
P3663,MA_ROTA
P3664,MA_ROTA
P3665,MA_ROTA
P3666,CS_NGT_NIM
P3667,CS_NGT_NIM
P3668,CS_NGT_NIM
P3669,PN_PIQ
P3670,CS_NGT_NIM
P3671,PN_PIQ
P3672,BC_GTMG
P3673,CS_EGT_NIM
P3674,CS_EGT_NIM
P3675,CS_EGT_NIM
P3676,CS_EGT_NIM
P3679,JA
P3680,VE_BTGT
P3681,PN_PIQ
P3682,CS_EGT_NIM
P3683,CS_EGT_NIM
P3684,CS_EGT_NIM
P3685,CS_EGT_NIM
P3686,CS_EGT_NIM
P3687,PN_PIQ
P3688,PN_PIQ
P3689,PN_PIQ
P3690,CS_MG_NISM
P3691,CS_MG_NISM
P3692,PN_PIQ
P3693,CS_MG_NISM
P3694,PN_PIQ
P3695,CS_MG_NISM
P3696,CS_MG_NISM
P3697,PN_PIQ
P3698,CS_MG_NISM
P3699,PN_PIQ
P3700,PN_PIQ
P3701,PN_PIQ
P3702,CS_EGT_NIM
P3703,PN_PIQ
P3704,PN_PIQ
P3706,PN_PIQ
P3707,PN_PIQ
P3708,PN_PIQ
P3709,PN_PIQ
P3710,CS_EGT_NIM
P3711,PN_PIQ
P3712,PN_PIQ
P3713,PN_PIQ
P3714,CS_MG_NISM
P3715,PN_PIQ
P3716,PN_PIQ
P3717,PN_PIQ
P3718,PN_PIQ
P3719,CS_EGT_NIM
P3720,PN_PIQ
P3721,CS_EGT_NIM
P3722,CS_EGT_NIM
P3723,CS_EGT_NIM
P3724,PN_PIQ
P3725,PN_PIQ
P3726,PN_PIQ
P3727,PN_PIQ
P3728,PN_PIQ
P3729,PN_PIQ
P3730,PN_PIQ
P3731,PN_PIQ
P3732,PN_PIQ
P3733,PN_PIQ
P3734,MA_TO_CO_JA
P3735,ME
P3736,MA_TO_CO_JA
P3737,PN_PIQ
P3738,PN_PIQ
P3739,CS_NGT_NIM
P3740,PN_PIQ
P3741,CS_NGT_NISM
P3742,PN_PIQ
P3743,PN_PIQ
P3744,CS_NGT_NISM
P3745,CS_NGT_NISM
P3746,PN_PIQ
P3747,PN_PIQ
P3748,PN_PIQ
P3749,PN_PIQ
P3750,CS_EGT_NIM
P3751,PN_PIQ
P3752,CS_EGT_NIM
P3753,PN_PIQ
P3754,PN_PIQ
P3755,PN_PIQ
P3756,PN_PIQ
P3757,PN_PIQ
P3758,PN_PIQ
P3759,PN_PIQ
P3760,PN_PIQ
P3761,PN_PIQ
P3762,PN_PIQ
P3763,PN_PIQ
P3764,PN_PIQ
P3766,BA_INT
P3768,VE_BTGT
P3769,JA
P3770,VE_BTGT
P3771,VE_BTGT
P3773,VE_BTGT
P3774,VE_BTGT
P3776,CS_CGT_NIM
P3777,CS_CGT_NIM
P3778,PN_PIQ
P3779,CS_CGT_NIM
P3780,CS_CGT_NIM
P3781,CS_NGT_NIM
P3783,CS_NGT_NIM
P3784,CS_NGT_NISM
P3785,CS_NGT_NIM
P3786,CS_NGT_NIM
P3787,CS_NGT_NIM
P3788,CS_NGT_NISM
P3789,CS_NGT_NIM
P3790,CS_NGT_NISM
P3791,CS_NGT_NISM
P3792,CS_NGT_NIM
P3793,CS_NGT_NISM
P3794,CS_NGT_NIM
P3795,CS_NGT_NIM
P3796,CS_NGT_NIM
P3797,CS_NGT_NIM
P3798,CS_NGT_NISM
P3800,CS_NGT_NIM
P3801,CS_NGT_NIM
P3802,CS_NGT_NIM
P3803,CS_NGT_NISM
P3804,CS_NGT_NIM
P3805,CS_NGT_NISM
P3806,PN_PIQ
P3807,PN_PIQ
P3808,PN_PIQ
P3809,PN_PIQ
P3811,PN_PIQ
P3812,CS_NGT_NISM
P3813,CS_NGT_NISM
P3814,CS_NGT_NISM
P3815,PN_PIQ
P3816,CS_NGT_NIM
P3817,CS_NGT_NISM
P3818,CS_NGT_NIM
P3819,CS_NGT_NISM
P3820,PN_PIQ
P3821,CS_NGT_NIM
P3822,CS_NGT_NIM
P3823,CS_NGT_NIM
P3824,CS_NGT_NIM
P3825,CS_NGT_NIM
P3826,PN_PIQ
P3827,CS_NGT_NISM
P3828,PN_PIQ
P3829,PN_PIQ
P3830,PN_PIQ
P3831,PN_PIQ
P3833,PN_PIQ
P3834,CS_MG_NISM
P3835,PN_PIQ
P3836,CS_MG_NISM
P3837,CS_MG_NISM
P3838,PN_PIQ
P3839,CS_MG_NISM
P3840,CS_MG_NISM
P3841,CS_MG_NISM
P3842,CS_MG_NISM
P3843,CS_MG_NISM
P3844,PN_PIQ
P3845,PN_PIQ
P3846,CS_MG_NISM
P3847,PN_PIQ
P3848,PN_PIQ
P3849,PN_PIQ
P3850,CS_MG_NISM
P3851,PN_PIQ
P3852,PN_PIQ
P3853,PN_PIQ
P3854,PN_PIQ
P3855,CS_MG_NISM
P3856,CS_MG_NISM
P3857,CS_MG_NISM
P3858,CS_MG_NISM
P3859,CS_MG_NISM
P3860,CS_MG_NISM
P3861,CS_MG_NISM
P3862,PN_PIQ
P3863,JA
P3864,CS_MG_NISM
P3865,CS_MG_NISM
P3866,CS_MG_NISM
P3867,CS_MG_NISM
P3868,JA
P3869,PN_PIQ
P3870,CS_MG_NISM
P3871,CS_MG_NISM
P3872,CS_MG_NISM
P3873,PN_PIQ
P3874,CS_MG_NISM
P3875,CS_MG_NISM
P3876,CS_MG_NISM
P3877,CS_MG_NISM
P3878,CS_MG_NISM
P3879,CS_MG_NISM
P3880,PN_PIQ
P3881,CS_MG_NISM
P3882,PN_PIQ
P3883,CS_MG_NISM
P3884,CS_MG_NISM
P3885,CS_MG_NISM
P3886,CS_MG_NISM
P3887,CS_MG_NISM
P3888,CS_MG_NISM
P3889,CS_MG_NISM
P3890,PN_PIQ
P3891,CS_MG_NISM
P3892,CS_MG_NISM
P3893,CS_CGT_NIM
P3894,VE_BTGT
P3895,CS_CGT_NIM
P3896,CS_CGT_NIM
P3897,CS_CGT_NIM
P3898,CS_CGT_NIM
P3900,PN_PIQ
P3901,CS_CGT_NIM
P3902,BC_BT
P3903,BC_BT
P3904,JA
P3905,BC_BT
P3906,PN_PIQ
P3907,BC_BT
P3908,JA
P3909,PN_PIQ
P3911,BC_BT
P3912,PN_PIQ
P3913,PN_PIQ
P3914,PN_PIQ
P3915,BC_BT
P3917,BC_BT
P3918,BC_BT
P3919,PN_PIQ
P3922,CS_CGT_NIM
P3923,CS_CGT_NIM
P3924,CS_CGT_NIM
P3926,CS_CGT_NIM
P3927,CS_CGT_NIM
P3928,VE_BTGT
P3929,CS_CGT_NIM
P3930,VE_BTGT
P3931,PN_PIQ
P3932,PN_PIQ
P3933,PN_PIQ
P3934,CS_NGT_NIM
P3935,CS_NGT_NIM
P3936,CS_NGT_NIM
P3937,ME
P3938,MA_TO_CO_JA
P3939,CS_NGT_NIM
P3940,ME
P3942,CS_NGT_NIM
P3943,CS_NGT_NIM
P3945,CS_NGT_NIM
P3947,CS_NGT_NIM
P3949,CS_NGT_NIM
P3950,CS_NGT_NIM
P3952,CS_NGT_NIM
P3953,CS_NGT_NIM
P3954,PN_PIQ
P3955,CS_NGT_NIM
P3956,CS_NGT_NIM
P3957,CS_NGT_NIM
P3958,PN_PIQ
P3959,CS_NGT_NIM
P3960,CS_NGT_NIM
P3961,CS_NGT_NIM
P3962,BC_GTMG
P3963,JA
P3964,VE_BTGT
P3965,CS_NGT_NIM
P3966,CS_NGT_NIM
P3967,CS_NGT_NIM
P3968,CS_NGT_NIM
P3969,VE_BTGT
P3970,CS_NGT_NIM
P3971,CS_NGT_NIM
P3972,VE_BTGT
P3974,PN_PIQ
P3975,PN_PIQ
P3976,CS_EGT_NIM
P3977,PN_PIQ
P3978,CS_EGT_NIM
P3979,PN_PIQ
P3980,PN_PIQ
P3981,PN_PIQ
P3982,PN_PIQ
P3983,PN_PIQ
P3984,PN_PIQ
P3985,CS_NGT_NIM
P3986,PN_PIQ
P3987,CS_BT_NIM
P3988,CS_BT_NIM
P3989,CS_BT_NIM
P3990,CS_BT_NIM
P3991,CS_BT_NIM
P3992,PN_PIQ
P3993,CS_BT_NIM
P3994,CS_BT_NIM
P3995,CS_EGT_NIM
P3996,CS_EGT_NISM
P3998,CS_EGT_NIM
P3999,CS_EGT_NIM
P4000,CS_EGT_NISM
P4001,ME
P4002,CS_EGT_NIM
P4004,CS_EGT_NIM
P4005,CS_EGT_NIM
P4006,CS_EGT_NIM
P4007,JA
P4008,CS_EGT_NISM
P4009,CS_EGT_NIM
P4010,CS_NGT_NIM
P4011,CS_NGT_NISM
P4012,CS_NGT_NISM
P4013,CS_NGT_NISM
P4014,PN_PIQ
P4015,CS_NGT_NIM
P4016,CS_NGT_NIM
P4017,PN_PIQ
P4018,PN_PIQ
P4019,CS_NGT_NISM
P4020,PN_PIQ
P4021,CS_NGT_NIM
P4022,CS_NGT_NISM
P4023,PN_PIQ
P4024,PN_PIQ
P4025,CS_NGT_NIM
P4026,PN_PIQ
P4027,CS_NGT_NIM
P4029,PN_PIQ
P4030,PN_PIQ
P4031,PN_PIQ
P4032,PN_PIQ
P4033,CS_NGT_NISM
P4034,CS_NGT_NISM
P4035,CS_NGT_NISM
P4036,PN_PIQ
P4037,PN_PIQ
P4038,CS_NGT_NISM
P4039,CS_NGT_NIM
P4040,PN_PIQ
P4041,CS_EGT_NIM
P4042,PN_PIQ
P4043,PN_PIQ
P4044,CS_EGT_NIM
P4045,PN_PIQ
P4046,PN_PIQ
P4047,PN_PIQ
P4048,PN_PIQ
P4049,CS_EGT_NIM
P4050,VE_BTGT
P4051,CS_EGT_NIM
P4052,CS_EGT_NIM
P4053,CS_EGT_NIM
P4054,CS_EGT_NIM
P4055,CS_EGT_NIM
P4056,CS_EGT_NIM
P4057,CS_EGT_NIM
P4058,CS_EGT_NIM
P4059,CS_EGT_NIM
P4060,CS_EGT_NIM
P4061,PN_PIQ
P4062,PN_PIQ
P4064,PN_PIQ
P4065,CS_MG_NISM
P4066,PN_PIQ
P4067,CS_MG_NISM
P4068,PN_PIQ
P4069,CS_MG_NISM
P4070,CS_MG_NISM
P4071,CS_MG_NISM
P4072,CS_MG_NISM
P4073,CS_MG_NISM
P4074,CS_MG_NISM
P4075,CS_MG_NISM
P4076,CS_MG_NISM
P4077,PN_PIQ
P4078,CS_MG_NISM
P4079,CS_MG_NISM
P4080,CS_MG_NISM
P4081,CS_MG_NISM
P4082,CS_MG_NISM
P4083,CS_MG_NISM
P4084,PN_PIQ
P4085,CS_MG_NISM
P4086,CS_MG_NISM
P4087,CS_MG_NISM
P4088,PN_PIQ
P4089,CS_MG_NISM
P4090,PN_PIQ
P4091,CS_MG_NISM
P4092,CS_MG_NISM
P4093,CS_MG_NISM
P4094,PN_PIQ
P4095,CS_MG_NISM
P4096,CS_MG_NISM
P4097,CS_MG_NISM
P4098,CS_MG_NISM
P4099,PN_PIQ
P4100,CS_MG_NISM
P4101,PN_PIQ
P4102,CS_MG_NISM
P4103,CS_MG_NISM
P4104,PN_PIQ
P4105,PN_PIQ
P4106,CS_MG_NISM
P4107,PN_PIQ
P4108,PN_PIQ
P4109,CS_MG_NISM
P4110,PN_PIQ
P4111,CS_MG_NISM
P4112,PN_PIQ
P4113,CS_MG_NISM
P4114,CS_MG_NISM
P4115,CS_MG_NISM
P4116,CS_MG_NISM
P4117,PN_PIQ
P4118,CS_MG_NISM
P4119,CS_MG_NISM
P4120,CS_MG_NISM
P4121,CS_MG_NISM
P4122,ME
P4123,MA_TO_CO_JA
P4124,ME
P4126,MA_TO_CO_JA
P4130,MA_TO_CO_JA
P4132,CS_NGT_NIM
P4133,PN_PIQ
P4134,CS_NGT_NIM
P4135,CS_NGT_NIM
P4136,CS_NGT_NIM
P4137,CS_NGT_NIM
P4140,CS_NGT_NIM
P4142,PN_PIQ
P4143,PN_PIQ
P4145,PN_PIQ
P4146,PN_PIQ
P4147,PN_PIQ
P4148,CS_EGT_NISM
P4149,CS_EGT_NIM
P4150,PN_PIQ
P4151,CS_EGT_NIM
P4153,PN_PIQ
P4155,PN_PIQ
P4156,PN_PIQ
P4157,PN_PIQ
P4158,PN_PIQ
P4159,PN_PIQ
P4160,CS_NGT_NIM
P4161,PN_PIQ
P4162,PN_PIQ
P4164,CS_NGT_NIM
P4165,CS_NGT_NIM
P4166,CS_NGT_NIM
P4168,CS_NGT_NIM
P4169,CS_CGT_NIM
P4170,PN_PIQ
P4171,CS_CGT_NIM
P4172,CS_CGT_NIM
P4173,CS_CGT_NIM
P4174,PN_PIQ
P4175,CS_EGT_NISM
P4176,PN_PIQ
P4177,PN_PIQ
P4178,CS_CGT_NIM
P4179,PN_PIQ
P4180,CS_CGT_NIM
P4181,PN_PIQ
P4182,PN_PIQ
P4183,PN_PIQ
P4184,PN_PIQ
P4185,CS_NGT_NISM
P4186,CS_NGT_NIM
P4187,CS_NGT_NISM
P4188,CS_NGT_NIM
P4189,CS_NGT_NIM
P4190,CS_NGT_NIM
P4191,CS_NGT_NIM
P4192,ME
P4193,CS_NGT_NIM
P4195,CS_NGT_NIM
P4196,CS_NGT_NIM
P4197,PN_PIQ
P4198,CS_NGT_NIM
P4199,CS_BT_NIM
P4200,PN_PIQ
P4201,CS_CGT_NIM
P4202,PN_PIQ
P4203,PN_PIQ
P4204,PN_PIQ
P4205,PN_PIQ
P4206,PN_PIQ
P4208,PN_PIQ
P4209,PN_PIQ
P4210,CS_NGT_NIM
P4211,CS_NGT_NISM
P4212,CS_NGT_NIM
P4213,CS_NGT_NIM
P4214,CS_NGT_NIM
P4215,VE_BTGT
P4216,CS_NGT_NIM
P4218,VE_BTGT
P4219,BA_PER
P4220,JA
P4221,BA_PER
P4222,IG_TUT
P4224,BA_INT
P4225,JA
P4226,BA_INT
P4227,BA_PER
P4228,BA_INT
P4229,BA_INT
P4230,BA_PER
P4231,JA
P4232,BA_PER
P4233,JA
P4234,BA_PER
P4235,BA_PER
P4236,BA_PER
P4237,BA_PER
P4238,BA_INT
P4239,BA_PER
P4240,MA_ROTA
P4241,BA_PER
P4242,JA
P4243,BA_PER
P4244,BA_PER
P4245,BA_INT
P4246,BA_INT
P4247,BA_INT
P4248,BA_INT
P4249,BA_PER
P4250,BA_INT
P4251,BA_PER
P4252,BA_PER
P4253,BA_PER
P4254,MA_ROTA
P4255,JA
P4256,BA_INT
P4257,BA_INT
P4258,BA_INT
P4259,BA_PER
P4260,BA_PER
P4261,MA_ROTA
P4262,MA_TO_CO_JA
P4263,MA_TO_CO_JA
P4264,MA_TO_CO_JA
P4265,MA_TO_CO_JA
P4266,MA_TO_CO_JA
P4267,MA_TO_CO_JA
P4269,MA_TO_CO_JA
P4270,MA_TO_CO_JA
P4272,CS_NGT_NIM
P4273,CS_NGT_NIM
P4274,CS_NGT_NIM
P4275,PN_PIQ
P4276,PN_PIQ
P4277,CS_NGT_NIM
P4278,PN_PIQ
P4279,CS_NGT_NIM
P4280,CS_NGT_NIM
P4281,CS_NGT_NIM
P4282,CS_NGT_NISM
P4283,MA_ROTA
P4284,BA_PER
P4285,BA_PER
P4286,BA_PER
P4287,AN_PA
P4289,BA_PER
P4291,MA_ROTA
P4293,AN_PA
P4294,AN_PA
P4296,AN_PA
P4297,IG_TUT
P4299,AN_PA
P4300,AN_PA
P4301,BA_INT
P4303,BA_INT
P4304,BA_INT
P4305,CS_SBT_NIM
P4306,CS_SBT_NIM
P4307,BA_INT
P4308,JA
P4309,MA_TO_CO_JA
P4311,JA
P4312,BA_PER
P4314,BA_INT
P4315,BA_INT
P4316,MA_ROTA
P4317,BA_INT
P4318,CS_SBT_NIM
P4320,JA
P4321,BA_PER
P4322,MA_ROTA
P4323,BA_PER
P4324,BA_PER
P4325,PN_PIQ
P4326,BA_INT
P4327,BA_INT
P4329,PN_PIQ
P4330,PN_PIQ
P4331,BA_INT
P4332,BA_INT
P4333,PN_PIQ
P4334,JA
P4335,BA_INT
P4336,BC_BT
P4337,BA_INT
P4338,PN_PIQ
P4339,PN_PIQ
P4340,BC_BT
P4341,BA_INT
P4342,PN_PIQ
P4344,BA_INT
P4345,AG
P4346,CS_BT_NIM
P4348,JA
P4349,VE_BTGT
P4350,BA_INT
P4351,VE_BTGT
P4352,MA_TO_CO_JA
P4353,MA_TO_CO_JA
P4354,VE_BTGT
P4355,MA_TO_CO_JA
P4356,MA_TO_CO_JA
P4357,MA_TO_CO_JA
P4360,BA_PER
P4361,BA_PER
P4362,BA_PER
P4363,BA_PER
P4364,BA_PER
P4365,BA_INT
P4366,JA
P4367,MA_ROTA
P4368,BA_PER
P4369,BA_PER
P4370,BA_PER
P4371,BA_PER
P4374,CS_NGT_NIM
P4375,CS_NGT_NIM
P4376,VE_BTGT
P4377,BA_PER
P4378,BA_PER
P4383,MA_TO_CO_JA
P4384,MA_TO_CO_JA
P4385,MA_TO_CO_JA
P4392,CS_NGT_NIM
P4393,CS_NGT_NIM
P4394,PN_PIQ
P4395,CS_NGT_NIM
P4397,CS_NGT_NIM
P4398,PN_PIQ
P4399,CS_NGT_NIM
P4400,BA_PER
P4401,CS_BT_NIM
P4402,CS_BT_NIM
P4403,MA_TO_CO_JA
P4404,MA_TO_CO_JA
P4405,CS_BT_NIM
P4408,AG
P4411,AG
P4412,CS_SBT_NIM
P4413,CS_BT_NIM
P4414,JA
P4415,CS_SBT_NIM
P4416,AG
P4418,AG
P4420,PN_PIQ
P4421,MA_TO_CO_JA
P4425,MA_TO_CO_JA
P4427,MA_TO_CO_JA
P4430,BA_INT
P4431,BA_INT
P4432,BA_INT
P4433,BA_INT
P4434,JA
P4435,BA_INT
P4436,BA_INT
P4437,BA_INT
P4438,CS_SBT_NIM
P4439,BA_INT
P4440,MA_TO_CO_JA
P4441,CS_BT_NIM
P4442,VE_BTGT
P4443,MA_TO_CO_JA
P4446,PN_PIQ
P4447,PN_PIQ
P4448,PN_PIQ
P4449,PN_PIQ
P4450,JA
P4451,MA_TO_CO_JA
P4452,MA_TO_CO_JA
P4453,MA_TO_CO_JA
P4460,IG_PLA
P4461,JA
P4462,BA_IRR
P4463,IG_PLA
P4464,BA_IRR
P4465,IG_PLA
P4467,BA_IRR
P4470,IG_PLA
P4471,CS_NGT_NIM
P4472,MA_ROTA
P4473,CS_NGT_NISM
P4474,CS_NGT_NIM
P4475,CS_NGT_NIM
P4476,CS_NGT_NIM
P4477,CS_NGT_NIM
P4479,CS_NGT_NIM
P4480,CS_NGT_NIM
P4481,PN_PIQ
P4482,PN_PIQ
P4483,PN_PIQ
P4484,PN_PIQ
P4485,PN_PIQ
P4486,PN_PIQ
P4487,PN_PIQ
P4488,CS_EGT_NIM
P4489,PN_PIQ
P4490,CS_EGT_NIM
P4491,PN_PIQ
P4492,PN_PIQ
P4494,PN_PIQ
P4495,JA
P4496,PN_PIQ
P4498,CS_NGT_NIM
P4499,CS_NGT_NIM
P4502,CS_NGT_NIM
P4506,CS_NGT_NIM
P4507,CS_NGT_NIM
P4508,CS_NGT_NIM
P4509,MA_TO_CO_JA
P4514,MA_TO_CO_JA
P4516,PN_PIQ
P4517,BA_PER
P4518,BA_INT
P4519,BA_PER
P4520,BA_PER
P4521,BA_PER
P4522,BA_SINT
P4523,BA_INT
P4524,AN_PA
P4525,MA_TO_CO_JA
P4526,AN_PA
P4527,BA_PER
P4528,BA_SINT
P4530,JA
P4531,AN_PA
P4533,BA_PER
P4534,BA_PER
P4535,BA_PER
P4536,MA_ROTA
P4537,BA_INT
P4538,IG_TUT
P4539,MA_ROTA
P4540,IG_TUT
P4541,BA_PER
P4542,BA_PER
P4543,IG_TUT
P4544,IG_TUT
P4545,JA
P4546,BA_INT
P4547,AN_PA
P4548,JA
P4549,AN_PA
P4550,BA_INT
P4551,BA_PER
P4552,BA_PER
P4553,BA_INT
P4554,BA_INT
P4555,MA_ROTA
P4556,MA_ROTA
P4557,VE_BTGT
P4558,BA_PER
P4560,JA
P4561,BA_INT
P4562,PN_PIQ
P4563,BA_PER
P4565,JA
P4566,PN_PIQ
P4567,BA_INT
P4568,BC_BT
P4572,BA_INT
P4573,JA
P4574,CS_BT_NIM
P4575,CS_BT_NIM
P4576,MA_TO_CO_JA
P4579,MA_TO_CO_JA
P4580,PN_PIQ
P4581,CS_BT_NIM
P4582,MA_TO_CO_JA
P4584,PN_PIQ
P4585,MA_TO_CO_JA
P4586,MA_TO_CO_JA
P4587,CS_MG_NISM
P4588,CS_MG_NISM
P4589,PN_PIQ
P4590,CS_MG_NISM
P4591,CS_MG_NISM
P4592,CS_MG_NISM
P4593,CS_MG_NISM
P4594,CS_MG_NISM
P4595,CS_MG_NISM
P4596,CS_MG_NISM
P4597,CS_MG_NISM
P4598,PN_PIQ
P4599,JA
P4600,MA_TO_CO_JA
P4602,IG_TUT
P4604,CS_BT_NIM
P4605,JA
P4606,CS_BT_NIM
P4607,BA_INT
P4608,BA_INT
P4609,VE_BTGT
P4610,BA_INT
P4611,VE_BTGT
P4612,VE_BTGT
P4613,VE_BTGT
P4614,VE_BTGT
P4615,BA_INT
P4616,VE_BTGT
P4617,VE_BTGT
P4618,VE_BTGT
P4619,JA
P4620,BA_PER
P4621,BA_INT
P4622,BA_INT
P4623,BA_INT
P4624,BA_INT
P4625,JA
P4626,BA_INT
P4627,JA
P4629,BA_INT
P4630,BA_INT
P4631,BA_INT
P4632,BA_INT
P4633,BA_INT
P4634,JA
P4635,BA_INT
P4636,JA
P4637,JA
P4638,BA_INT
P4639,BA_INT
P4640,BA_INT
P4641,BA_INT
P4642,BA_INT
P4643,BA_INT
P4644,BA_INT
P4646,BA_INT
P4647,BA_INT
P4648,BA_INT
P4649,BA_INT
P4650,BA_INT
P4652,JA
P4653,BA_INT
P4654,BA_INT
P4655,BA_INT
P4656,BA_INT
P4657,BA_INT
P4658,BA_INT
P4659,BA_INT
P4660,BA_INT
P4661,BA_INT
P4662,BA_INT
P4663,BA_INT
P4664,JA
P4665,BA_INT
P4666,BA_INT
P4667,BA_INT
P4668,BA_INT
P4669,BA_INT
P4670,JA
P4671,JA
P4672,BA_INT
P4673,BA_INT
P4674,BA_INT
P4675,BA_INT
P4676,BA_INT
P4677,BA_INT
P4678,JA
P4679,BA_INT
P4680,MA_TO_CO_JA
P4682,MA_TO_CO_JA
P4683,MA_TO_CO_JA
P4684,MA_ROTA
P4685,MA_TO_CO_JA
P4686,MA_ROTA
P4687,MA_ROTA
P4688,JA
P4689,BA_INT
P4690,CS_SBT_NIM
P4691,CS_SBT_NIM
P4692,CS_SBT_NIM
P4693,BA_INT
P4694,BA_INT
P4695,BA_INT
P4696,BA_INT
P4697,BA_INT
P4698,BA_INT
P4699,JA
P4700,BA_INT
P4701,BA_INT
P4702,BA_INT
P4703,BA_INT
P4704,BA_INT
P4705,BA_INT
P4706,BA_INT
P4707,BA_INT
P4708,BA_INT
P4709,BA_INT
P4710,BA_INT
P4711,JA
P4712,BA_INT
P4713,JA
P4714,BA_INT
P4715,JA
P4716,JA
P4717,BA_INT
P4718,BA_INT
P4719,BA_INT
P4720,BA_INT
P4721,BA_INT
P4722,BA_INT
P4723,BA_INT
P4724,BA_INT
P4725,BA_INT
P4726,BA_INT
P4727,BA_INT
P4728,BA_INT
P4729,BA_INT
P4730,BA_INT
P4731,BA_INT
P4732,BA_INT
P4733,BA_INT
P4735,BA_INT
P4736,CS_SBT_NIM
P4737,BA_INT
P4738,JA
P4739,BA_INT
P4740,BA_INT
P4741,BA_INT
P4742,BA_INT
P4743,CS_SBT_NIM
P4744,BA_INT
P4745,BA_INT
P4746,CS_SBT_NIM
P4747,BA_INT
P4748,CS_SBT_NIM
P4749,BA_INT
P4750,BA_INT
P4751,BA_INT
P4752,BA_INT
P4754,BA_INT
P4755,JA
P4756,JA
P4757,BA_INT
P4758,BA_INT
P4759,JA
P4760,JA
P4761,JA
P4762,JA
P4763,JA
P4764,JA
P4765,BA_INT
P4766,BA_INT
P4767,BA_INT
P4768,JA
P4769,JA
P4770,BA_INT
P4771,JA
P4772,BA_INT
P4773,BA_INT
P4774,JA
P4775,BA_INT
P4776,BA_INT
P4777,BA_INT
P4778,BA_INT
P4779,BA_INT
P4780,BA_INT
P4781,JA
P4782,BA_INT
P4783,BA_INT
P4784,JA
P4785,CS_SBT_NIM
P4786,BA_INT
P4787,JA
P4788,BA_INT
P4789,JA
P4790,BA_INT
P4791,BA_INT
P4792,BA_INT
P4793,BA_INT
P4794,BA_INT
P4795,BA_INT
P4796,JA
P4797,JA
P4798,BA_INT
P4799,CS_SBT_NIM
P4800,BA_INT
P4801,BA_INT
P4802,CS_SBT_NIM
P4803,BA_INT
P4804,CS_SBT_NIM
P4805,JA
P4806,BA_INT
P4807,BA_INT
P4808,BA_INT
P4809,BA_INT
P4810,BA_INT
P4811,BA_INT
P4812,BA_INT
P4813,BA_INT
P4814,BA_INT
P4815,BA_INT
P4816,CS_SBT_NIM
P4817,JA
P4818,BA_INT
P4819,JA
P4820,BA_INT
P4821,BA_INT
P4822,BA_INT
P4823,BA_INT
P4824,JA
P4825,JA
P4826,JA
P4827,BA_INT
P4828,BA_INT
P4829,CS_SBT_NIM
P4830,BA_INT
P4831,BA_INT
P4832,BA_INT
P4833,BA_INT
P4834,BA_INT
P4835,BA_INT
P4836,BA_INT
P4837,JA
P4838,CS_SBT_NIM
P4839,BA_INT
P4840,CS_SBT_NIM
P4841,BA_INT
P4842,JA
P4843,MA_ROTA
P4844,BA_INT
P4845,BA_INT
P4846,BA_INT
P4847,JA
P4848,CS_SBT_NIM
P4849,MA_ROTA
P4850,JA
P4851,JA
P4852,CS_SBT_NIM
P4853,BA_INT
P4854,BA_INT
P4855,BA_INT
P4856,BA_INT
P4857,CS_SBT_NIM
P4858,CS_SBT_NIM
P4859,BA_INT
P4860,BA_INT
P4861,JA
P4862,PN_PIQ
P4863,CS_MG_NISM
P4864,CS_MG_NISM
P4865,CS_MG_NISM
P4866,CS_MG_NISM
P4867,BC_GTMG
P4868,CS_NGT_NIM
P4869,BC_GTMG
P4870,JA
P4871,CS_NGT_NIM
P4872,BC_GTMG
P4873,CS_NGT_NIM
P4874,CS_NGT_NIM
P4875,CS_NGT_NIM
P4876,CS_NGT_NIM
P4877,CS_EGT_NIM
P4878,VE_BTGT
P4879,BA_INT
P4880,BA_PER
P4881,BA_PER
P4882,VE_BTGT
P4883,VE_BTGT
P4884,CS_SBT_NIM
P4885,BA_PER
P4886,JA
P4887,BA_PER
P4888,BA_INT
P4889,BA_INT
P4890,BA_INT
P4891,VE_BTGT
P4892,BA_INT
P4893,BA_INT
P4894,BA_INT
P4895,CS_BT_NIM
P4896,PN_PIQ
P4897,PN_PIQ
P4898,PN_PIQ
P4899,PN_PIQ
P4900,PN_PIQ
P4901,PN_PIQ
P4902,PN_PIQ
P4903,PN_PIQ
P4904,BA_INT
P4905,JA
P4906,MA_ROTA
P4907,BA_INT
P4908,BA_INT
P4909,BA_INT
P4910,BA_INT
P4911,BA_INT
P4912,BA_INT
P4913,BA_PER
P4914,CS_NGT_NISM
P4915,CS_NGT_NIM
P4916,CS_NGT_NIM
P4917,CS_NGT_NIM
P4918,CS_NGT_NIM
P4919,CS_NGT_NIM
P4920,MA_TO_CO_JA
P4921,CS_NGT_NIM
P4922,CS_NGT_NISM
P4923,CS_EGT_NIM
P4924,CS_NGT_NIM
P4925,CS_NGT_NISM
P4926,CS_NGT_NIM
P4927,PN_PIQ
P4928,CS_NGT_NIM
P4929,PN_PIQ
P4931,JA
P4932,PN_PIQ
P4933,PN_PIQ
P4934,BC_GTMG
P4935,CS_NGT_NIM
P4936,CS_NGT_NIM
P4937,CS_NGT_NIM
P4938,CS_NGT_NIM
P4939,PN_PIQ
P4940,PN_PIQ
P4941,CS_NGT_NIM
P4942,CS_NGT_NIM
P4943,CS_NGT_NIM
P4944,CS_NGT_NIM
P4945,CS_NGT_NIM
P4946,CS_NGT_NIM
P4947,PN_PIQ
P4948,CS_NGT_NIM
P4951,PN_PIQ
P4952,CS_NGT_NIM
P4954,CS_NGT_NISM
P4955,CS_NGT_NISM
P4957,CS_NGT_NIM
P4958,CS_NGT_NIM
P4959,BA_INT
P4961,JA
P4962,BA_INT
P4963,BA_INT
P4964,JA
P4965,BA_INT
P4966,BA_INT
P4967,BA_INT
P4968,BA_INT
P4969,BA_INT
P4970,BA_INT
P4971,JA
P4972,BA_INT
P4973,BA_INT
P4974,BA_INT
P4975,BA_INT
P4976,BA_INT
P4977,BA_INT
P4978,JA
P4979,BA_INT
P4980,JA
P4981,BA_INT
P4982,BA_INT
P4983,JA
P4984,AN_PA
P4985,PN_PIQ
P4986,IG_TUT
P4987,IG_TUT
P4988,BA_INT
P4989,JA
P4990,BA_INT
P4991,JA
P4993,BA_INT
P4994,BA_INT
P4995,JA
P4998,BA_INT
P4999,BA_INT
P5000,BA_INT
P5001,BA_INT
P5002,PN_PIQ
P5003,PN_PIQ
P5004,PN_PIQ
P5005,CS_SBT_NIM
P5006,CS_SBT_NIM
P5007,CS_SBT_NIM
P5008,CS_BT_NIM
P5009,CS_SBT_NIM
P5010,CS_SBT_NIM
P5011,CS_SBT_NIM
P5012,CS_SBT_NIM
P5013,CS_BT_NIM
P5014,CS_BT_NIM
P5015,CS_SBT_NIM
P5016,CS_SBT_NIM
P5017,CS_SBT_NIM
P5018,CS_BT_NIM
P5019,CS_BT_NIM
P5020,CS_BT_NIM
P5021,CS_SBT_NIM
P5022,CS_BT_NIM
P5025,CS_SBT_NIM
P5026,CS_BT_NIM
P5027,CS_BT_NIM
P5028,CS_SBT_NIM
P5029,CS_BT_NIM
P5030,CS_BT_NIM
P5031,CS_BT_NIM
P5032,CS_BT_NIM
P5033,CS_BT_NIM
P5034,CS_BT_NIM
P5035,CS_BT_NIM
P5036,CS_BT_NIM
P5037,CS_BT_NIM
P5038,CS_BT_NIM
P5040,CS_BT_NIM
P5041,CS_BT_NIM
P5042,CS_BT_NIM
P5043,JA
P5044,CS_BT_NIM
P5045,CS_BT_NIM
P5046,CS_BT_NIM
P5047,CS_BT_NIM
P5048,CS_BT_NIM
P5049,CS_BT_NIM
P5050,CS_SBT_NIM
P5051,CS_BT_NIM
P5052,CS_BT_NIM
P5053,JA
P5054,CS_BT_NIM
P5055,CS_BT_NIM
P5056,CS_BT_NIM
P5057,CS_BT_NIM
P5058,CS_BT_NIM
P5059,CS_BT_NIM
P5060,CS_BT_NIM
P5061,CS_SBT_NIM
P5062,CS_SBT_NIM
P5063,CS_BT_NIM
P5064,CS_SBT_NIM
P5065,BA_INT
P5066,BA_INT
P5067,BA_INT
P5068,BA_INT
P5069,JA
P5070,BA_INT
P5071,BA_INT
P5072,BA_INT
P5073,BA_INT
P5074,JA
P5075,BA_INT
P5076,JA
P5077,BA_INT
P5078,BA_INT
P5079,BA_INT
P5080,BA_INT
P5081,JA
P5082,BA_INT
P5083,BA_INT
P5084,JA
P5085,BA_INT
P5086,BA_INT
P5089,BA_INT
P5091,BA_INT
P5092,JA
P5093,BA_INT
P5094,BA_INT
P5095,BA_INT
P5096,BA_INT
P5097,BA_INT
P5098,BA_INT
P5099,BA_INT
P5100,BA_INT
P5101,JA
P5102,BA_INT
P5103,BA_INT
P5104,JA
P5114,BA_INT
P5126,JA
P5138,BA_INT
P5141,BA_INT
P5142,BA_INT
P5143,BA_INT
P5144,JA
P5145,VE_BTGT
P5146,VE_BTGT
P5147,BA_INT
P5148,JA
P5151,MA_TO_CO_JA
P5152,MA_TO_CO_JA
P5153,PN_PIQ
P5154,PN_PIQ
P5155,CS_BT_NIM
P5157,CS_BT_NIM
P5158,BA_PER
P5159,VE_BTGT
P5160,VE_BTGT
P5161,BA_PER
P5164,BA_PER
P5165,BA_PER
P5166,BA_INT
P5167,VE_BTGT
P5168,BA_INT
P5169,VE_BTGT
P5170,BA_PER
P5171,BA_PER
P5172,BA_PER
P5173,JA
P5174,BA_PER
P5175,VE_BTGT
P5176,JA
P5177,AG
P5179,MA_ROTA
P5180,CS_BT_NIM
P5184,MA_TO_CO_JA
P5186,MA_TO_CO_JA
P5187,MA_TO_CO_JA
P5188,CS_BT_NIM
P5193,CS_BT_NIM
P5194,CS_BT_NIM
P5195,CS_BT_NIM
P5196,PN_PIQ
P5197,PN_PIQ
P5198,PN_PIQ
P5199,VE_BTGT
P5201,BA_INT
P5205,VE_BTGT
P5206,JA
P5208,VE_BTGT
P5209,VE_BTGT
P5210,BA_INT
P5211,VE_BTGT
P5212,VE_BTGT
P5213,JA
P5215,AN_PA
P5216,JA
P5217,BA_SINT
P5218,AN_PA
P5219,MA_ROTA
P5220,AN_PA
P5222,BA_INT
P5223,BA_INT
P5224,AN_PA
P5225,AN_PA
P5226,MA_ROTA
P5227,AN_PA
P5228,BA_SINT
P5229,MA_ROTA
P5230,MA_ROTA
P5231,AN_PA
P5232,AN_PA
P5233,MA_ROTA
P5234,BA_SINT
P5235,MA_TO_CO_JA
P5239,MA_TO_CO_JA
P5241,JA
P5243,BA_INT
P5245,BA_INT
P5246,BA_INT
P5247,BA_INT
P5248,BA_INT
P5249,JA
P5250,BA_INT
P5251,BA_INT
P5252,BA_INT
P5254,BA_INT
P5255,JA
P5256,BA_INT
P5257,BA_INT
P5258,BA_INT
P5259,BA_INT
P5260,JA
P5261,BA_INT
P5262,BA_INT
P5263,BA_INT
P5264,BA_INT
P5265,MA_ROTA
P5266,BA_INT
P5267,JA
P5268,JA
P5269,BA_INT
P5270,BA_PER
P5274,BA_INT
P5275,CS_BT_NIM
P5276,VE_BTGT
P5277,CS_BT_NIM
P5278,CS_BT_NIM
P5279,CS_SBT_NIM
P5280,CS_SBT_NIM
P5281,CS_BT_NIM
P5282,CS_SBT_NIM
P5283,CS_SBT_NIM
P5284,CS_BT_NIM
P5285,CS_BT_NIM
P5286,CS_BT_NIM
P5287,CS_BT_NIM
P5288,CS_BT_NIM
P5289,PN_PIQ
P5290,CS_BT_NIM
P5291,CS_BT_NIM
P5292,CS_BT_NIM
P5295,CS_BT_NIM
P5298,CS_BT_NIM
P5299,CS_BT_NIM
P5300,CS_BT_NIM
P5301,CS_BT_NIM
P5302,CS_BT_NIM
P5303,AN_PA
P5304,CS_BT_NIM
P5305,CS_BT_NIM
P5306,CS_BT_NIM
P5307,AN_PA
P5308,CS_BT_NIM
P5309,PN_PIQ
P5310,CS_BT_NIM
P5311,CS_BT_NIM
P5312,CS_BT_NIM
P5314,PN_PIQ
P5315,PN_PIQ
P5316,PN_PIQ
P5317,PN_PIQ
P5318,PN_PIQ
P5320,CS_BT_NIM
P5322,CS_SBT_NIM
P5324,CS_BT_NIM
P5325,MA_TO_CO_JA
P5326,CS_BT_NIM
P5327,CS_BT_NIM
P5328,MA_TO_CO_JA
P5329,CS_BT_NIM
P5330,CS_BT_NIM
P5331,MA_TO_CO_JA
P5332,CS_BT_NIM
P5334,CS_BT_NIM
P5335,IG_PLA
P5336,BA_IRR
P5337,JA
P5338,IG_PLA
P5339,IG_PLA
P5342,JA
P5343,BA_IRR
P5344,BA_IRR
P5346,IG_PLA
P5353,BC_BT
P5358,BC_GTMG
P5359,BC_GTMG
P5360,JA
P5362,AN_PA
P5363,BC_GTMG
P5364,AN_PA
P5365,AN_PA
P5366,BC_GTMG
P5367,JA
P5368,BC_GTMG
P5369,BC_GTMG
P5370,JA
P5372,AN_PA
P5373,BC_GTMG
P5375,AN_PA
P5376,AN_PA
P5377,JA
P5378,BC_GTMG
P5379,AN_PA
P5385,BC_GTMG
P5386,JA
P5387,BA_INT
P5388,BA_INT
P5389,BA_INT
P5390,CS_SBT_NIM
P5391,BA_INT
P5392,CS_SBT_NIM
P5393,JA
P5394,JA
P5395,JA
P5396,BA_INT
P5398,JA
P5399,BA_INT
P5400,JA
P5401,CS_SBT_NIM
P5402,BA_INT
P5404,BA_INT
P5406,JA
P5407,BA_INT
P5408,BA_INT
P5409,BA_INT
P5410,BA_INT
P5411,BA_INT
P5412,CS_SBT_NIM
P5413,JA
P5414,CS_SBT_NIM
P5415,BA_INT
P5416,BA_INT
P5418,CS_SBT_NIM
P5420,BA_INT
P5421,BA_INT
P5425,CS_EGT_NIM
P5427,CS_EGT_NIM
P5429,CS_EGT_NIM
P5433,MA_TO_CO_JA
P5435,MA_TO_CO_JA
P5436,CS_EGT_NIM
P5439,CS_EGT_NIM
P5442,MA_TO_CO_JA
P5445,MA_ROTA
P5446,MA_ROTA
P5447,MA_ROTA
P5449,MA_ROTA
P5451,JA
P5452,MA_TO_CO_JA
P5453,MA_TO_CO_JA
P5454,CS_BT_NIM
P5455,MA_TO_CO_JA
P5456,BA_PER
P5457,MA_ROTA
P5460,VE_BTGT
P5461,BA_PER
P5462,BA_PER
P5463,VE_BTGT
P5464,VE_BTGT
P5465,BA_INT
P5466,VE_BTGT
P5467,JA
P5468,VE_BTGT
P5469,VE_BTGT
P5470,BA_PER
P5471,VE_BTGT
P5472,VE_BTGT
P5473,BA_INT
P5475,VE_BTGT
P5477,BA_INT
P5478,BA_PER
P5479,VE_BTGT
P5480,JA
P5481,BA_INT
P5483,BA_INT
P5484,BA_INT
P5486,CS_BT_NIM
P5487,CS_BT_NIM
P5488,BA_INT
P5489,JA
P5490,CS_BT_NIM
P5491,BA_INT
P5493,CS_BT_NIM
P5495,BA_PER
P5496,VE_BTGT
P5497,BA_INT
P5498,JA
P5499,BA_PER
P5501,VE_BTGT
P5502,BA_PER
P5504,VE_BTGT
P5505,BA_INT
P5507,BA_INT
P5508,BC_BT
P5509,BC_BT
P5510,PN_PIQ
P5511,JA
P5512,BC_BT
P5513,JA
P5514,BC_BT
P5515,CS_BT_NIM
P5518,CS_BT_NIM
P5520,CS_BT_NIM
P5522,CS_BT_NIM
P5523,CS_BT_NIM
P5524,CS_BT_NIM
P5528,BA_INT
P5529,BA_INT
P5530,JA
P5531,BA_INT
P5532,JA
P5533,JA
P5534,BA_INT
P5535,BA_INT
P5536,BA_INT
P5537,BA_INT
P5538,BA_INT
P5539,CS_SBT_NIM
P5540,JA
P5541,BA_INT
P5542,CS_EGT_NIM
P5543,CS_EGT_NIM
P5544,BC_GTMG
P5545,CS_EGT_NIM
P5546,CS_EGT_NIM
P5547,JA
P5548,CS_EGT_NIM
P5549,PN_PIQ
P5550,PN_PIQ
P5551,PN_PIQ
P5552,CS_BT_NIM
P5553,PN_PIQ
P5554,CS_BT_NIM
P5555,PN_PIQ
P5556,PN_PIQ
P5557,CS_NGT_NIM
P5558,CS_NGT_NIM
P5559,CS_NGT_NIM
P5560,VE_BTGT
P5561,CS_NGT_NIM
P5562,CS_NGT_NIM
P5563,CS_NGT_NIM
P5564,CS_NGT_NIM
P5565,CS_SBT_NIM
P5567,BA_INT
P5569,BA_INT
P5570,BA_INT
P5573,BA_INT
P5574,BA_INT
P5575,CS_SBT_NIM
P5576,BA_INT
P5577,JA
P5578,CS_SBT_NIM
P5579,JA
P5580,JA
P5581,BA_INT
P5582,BA_INT
P5584,BA_INT
P5585,BA_INT
P5586,JA
P5587,JA
P5588,CS_BT_NIM
P5589,MA_TO_CO_JA
P5594,CS_BT_NIM
P5595,MA_TO_CO_JA
P5596,CS_BT_NIM
P5597,CS_BT_NIM
P5598,MA_TO_CO_JA
P5599,MA_TO_CO_JA
P5600,MA_TO_CO_JA
P5601,MA_TO_CO_JA
P5602,CS_BT_NIM
P5603,MA_TO_CO_JA
P5604,MA_TO_CO_JA
P5605,MA_TO_CO_JA
P5607,MA_TO_CO_JA
P5608,CS_BT_NIM
P5609,MA_TO_CO_JA
P5610,MA_TO_CO_JA
P5611,MA_TO_CO_JA
P5613,MA_TO_CO_JA
P5614,MA_TO_CO_JA
P5616,PN_PIQ
P5617,PN_PIQ
P5618,PN_PIQ
P5619,PN_PIQ
P5620,PN_PIQ
P5621,PN_PIQ
P5622,PN_PIQ
P5623,PN_PIQ
P5624,PN_PIQ
P5625,PN_PIQ
P5626,PN_PIQ
P5627,PN_PIQ
P5628,PN_PIQ
P5629,PN_PIQ
P5630,PN_PIQ
P5631,PN_PIQ
P5632,PN_PIQ
P5633,PN_PIQ
P5634,PN_PIQ
P5635,PN_PIQ
P5636,CS_BT_NIM
P5637,CS_BT_NIM
P5638,PN_PIQ
P5639,JA
P5640,CS_BT_NIM
P5641,CS_BT_NIM
P5642,CS_BT_NIM
P5643,CS_BT_NIM
P5644,CS_BT_NIM
P5645,PN_PIQ
P5646,CS_BT_NIM
P5647,CS_BT_NIM
P5648,CS_BT_NIM
P5649,PN_PIQ
P5651,CS_BT_NIM
P5652,JA
P5653,MA_TO_CO_JA
P5654,MA_TO_CO_JA
P5655,CS_BT_NIM
P5657,MA_TO_CO_JA
P5658,MA_TO_CO_JA
P5659,CS_BT_NIM
P5660,MA_TO_CO_JA
P5661,MA_TO_CO_JA
P5662,MA_TO_CO_JA
P5663,CS_BT_NIM
P5664,CS_BT_NIM
P5665,AG
P5666,AG
P5668,CS_BT_NIM
P5669,CS_BT_NIM
P5671,CS_BT_NIM
P5672,PN_PIQ
P5674,PN_PIQ
P5675,CS_BT_NIM
P5676,PN_PIQ
P5677,CS_BT_NIM
P5678,CS_BT_NIM
P5679,CS_BT_NIM
P5680,CS_BT_NIM
P5681,CS_BT_NIM
P5682,CS_BT_NIM
P5683,CS_BT_NIM
P5684,CS_BT_NIM
P5685,CS_BT_NIM
P5686,CS_BT_NIM
P5687,CS_BT_NIM
P5688,CS_BT_NIM
P5689,PN_PIQ
P5690,CS_NGT_NIM
P5691,CS_NGT_NIM
P5693,CS_NGT_NISM
P5694,CS_NGT_NISM
P5695,CS_NGT_NIM
P5698,CS_NGT_NISM
P5699,CS_NGT_NISM
P5700,CS_NGT_NIM
P5701,CS_NGT_NIM
P5702,CS_NGT_NIM
P5703,CS_NGT_NIM
P5704,PN_PIQ
P5705,CS_NGT_NIM
P5707,CS_NGT_NIM
P5708,CS_NGT_NIM
P5709,PN_PIQ
P5711,CS_CGT_NIM
P5712,IG_PLA
P5713,CS_CGT_NIM
P5714,CS_CGT_NIM
P5716,PN_PIQ
P5717,CS_NGT_NIM
P5718,CS_NGT_NIM
P5719,CS_NGT_NIM
P5720,CS_NGT_NIM
P5721,CS_NGT_NIM
P5722,CS_NGT_NISM
P5723,CS_EGT_NIM
P5724,ME
P5725,CS_NGT_NIM
P5726,CS_NGT_NIM
P5727,CS_NGT_NIM
P5728,CS_NGT_NIM
P5729,PN_PIQ
P5731,CS_NGT_NIM
P5732,CS_NGT_NIM
P5734,CS_NGT_NIM
P5735,CS_NGT_NIM
P5736,CS_NGT_NIM
P5737,PN_PIQ
P5738,CS_NGT_NIM
P5739,CS_NGT_NIM
P5740,CS_NGT_NIM
P5741,CS_NGT_NISM
P5742,CS_NGT_NISM
P5744,CS_NGT_NIM
P5745,CS_NGT_NIM
P5747,CS_NGT_NIM
P5748,CS_NGT_NIM
P5749,CS_NGT_NIM
P5751,CS_NGT_NIM
P5752,CS_NGT_NIM
P5754,CS_NGT_NISM
P5756,CS_NGT_NIM
P5757,ME
P5758,CS_NGT_NIM
P5759,CS_NGT_NIM
P5760,CS_NGT_NIM
P5761,CS_NGT_NIM
P5763,PN_PIQ
P5764,PN_PIQ
P5765,PN_PIQ
P5766,PN_PIQ
P5767,PN_PIQ
P5768,PN_PIQ
P5769,CS_MG_NISM
P5770,CS_MG_NISM
P5771,CS_MG_NISM
P5772,PN_PIQ
P5774,CS_MG_NISM
P5775,CS_MG_NISM
P5776,CS_MG_NISM
P5777,CS_MG_NISM
P5778,CS_MG_NISM
P5779,PN_PIQ
P5780,PN_PIQ
P5781,CS_MG_NISM
P5782,PN_PIQ
P5783,PN_PIQ
P5784,PN_PIQ
P5785,PN_PIQ
P5786,CS_MG_NISM
P5787,CS_MG_NISM
P5788,CS_MG_NISM
P5789,CS_MG_NISM
P5790,PN_PIQ
P5791,CS_MG_NISM
P5792,CS_MG_NISM
P5793,CS_MG_NISM
P5794,PN_PIQ
P5795,PN_PIQ
P5796,CS_MG_NISM
P5797,PN_PIQ
P5798,CS_MG_NISM
P5799,PN_PIQ
P5800,CS_MG_NISM
P5801,CS_MG_NISM
P5802,MA_TO_CO_JA
P5803,MA_TO_CO_JA
P5804,CS_MG_NISM
P5805,PN_PIQ
P5806,CS_MG_NISM
P5807,CS_MG_NISM
P5808,CS_MG_NISM
P5809,CS_MG_NISM
P5810,CS_MG_NISM
P5811,PN_PIQ
P5812,CS_MG_NISM
P5813,PN_PIQ
P5814,BA_INT
P5815,JA
P5816,CS_BT_NIM
P5817,BA_INT
P5820,BA_INT
P5821,CS_BT_NIM
P5822,CS_BT_NIM
P5823,CS_SBT_NIM
P5824,CS_SBT_NIM
P5825,BA_INT
P5826,BA_INT
P5827,CS_NGT_NIM
P5830,ME
P5831,CS_NGT_NIM
P5832,CS_NGT_NIM
P5833,ME
P5836,CS_NGT_NIM
P5837,BC_GTMG
P5838,BC_GTMG
P5839,JA
P5840,CS_NGT_NIM
P5841,BC_GTMG
P5843,BC_GTMG
P5844,CS_NGT_NIM
P5846,CS_NGT_NIM
P5847,CS_NGT_NIM
P5848,CS_NGT_NIM
P5849,CS_NGT_NIM
P5850,JA
P5851,BA_PER
P5853,BA_PER
P5854,BA_INT
P5856,BA_INT
P5857,BA_INT
P5858,BA_PER
P5859,BA_INT
P5860,BA_PER
P5861,JA
P5863,JA
P5864,BA_INT
P5865,BA_INT
P5866,BA_PER
P5867,JA
P5868,BA_PER
P5870,MA_ROTA
P5871,MA_ROTA
P5872,MA_ROTA
P5874,BA_PER
P5875,BA_INT
P5878,BA_PER
P5880,VE_BTGT
P5881,VE_BTGT
P5882,VE_BTGT
P5883,IG_TUT
P5884,IG_TUT
P5885,VE_BTGT
P5886,IG_TUT
P5887,VE_BTGT
P5888,BA_INT
P5889,VE_BTGT
P5890,VE_BTGT
P5891,JA
P5892,BA_INT
P5893,PN_PIQ
P5894,PN_PIQ
P5895,PN_PIQ
P5896,PN_PIQ
P5897,PN_PIQ
P5899,PN_PIQ
P5900,PN_PIQ
P5902,PN_PIQ
P5903,PN_PIQ
P5904,PN_PIQ
P5905,PN_PIQ
P5906,PN_PIQ
P5910,PN_PIQ
P5911,PN_PIQ
P5912,PN_PIQ
P5913,PN_PIQ
P5914,CS_EGT_NIM
P5915,PN_PIQ
P5916,PN_PIQ
P5917,PN_PIQ
P5918,PN_PIQ
P5919,PN_PIQ
P5920,PN_PIQ
P5922,PN_PIQ
P5923,PN_PIQ
P5925,PN_PIQ
P5926,PN_PIQ
P5927,PN_PIQ
P5928,PN_PIQ
P5930,PN_PIQ
P5931,PN_PIQ
P5932,PN_PIQ
P5933,PN_PIQ
P5934,PN_PIQ
P5935,PN_PIQ
P5938,PN_PIQ
P5940,PN_PIQ
P5941,PN_PIQ
P5942,PN_PIQ
P5943,PN_PIQ
P5944,JA
P5945,PN_PIQ
P5946,PN_PIQ
P5947,PN_PIQ
P5949,PN_PIQ
P5950,PN_PIQ
P5952,PN_PIQ
P5953,PN_PIQ
P5955,PN_PIQ
P5956,JA
P5957,PN_PIQ
P5959,PN_PIQ
P5961,PN_PIQ
P5965,PN_PIQ
P5966,PN_PIQ
P5968,PN_PIQ
P5971,JA
P5972,PN_PIQ
P5973,PN_PIQ
P5974,PN_PIQ
P5975,PN_PIQ
P5978,CS_EGT_NIM
P5979,JA
P5981,JA
P5982,BA_INT
P5985,BA_INT
P5988,BA_INT
P5989,JA
P5990,AN_PA
P5991,BA_IRR
P5992,AN_PA
P5993,AN_PA
P5994,BA_IRR
P5995,AN_PA
P5996,JA
P5997,CS_MG_NISM
P5998,CS_MG_NISM
P5999,CS_MG_NISM
P6000,CS_MG_NISM
P6001,PN_PIQ
P6002,PN_PIQ
P6003,PN_PIQ
P6004,PN_PIQ
P6005,CS_MG_NISM
P6006,CS_MG_NISM
P6007,CS_MG_NISM
P6008,CS_MG_NISM
P6009,CS_MG_NISM
P6010,CS_MG_NISM
P6011,PN_PIQ
P6012,PN_PIQ
P6013,CS_MG_NISM
P6014,CS_EGT_NIM
P6015,BC_GTMG
P6016,CS_EGT_NIM
P6017,PN_PIQ
P6018,CS_EGT_NIM
P6019,CS_EGT_NIM
P6020,CS_EGT_NIM
P6021,JA
P6022,CS_EGT_NIM
P6023,CS_CGT_NIM
P6024,PN_PIQ
P6025,CS_CGT_NIM
P6026,CS_CGT_NIM
P6027,CS_CGT_NIM
P6028,CS_CGT_NIM
P6029,CS_CGT_NIM
P6030,VE_BTGT
P6031,PN_PIQ
P6032,CS_NGT_NIM
P6033,CS_CGT_NIM
P6034,CS_CGT_NIM
P6035,CS_CGT_NIM
P6036,CS_CGT_NIM
P6037,PN_PIQ
P6038,CS_EGT_NIM
P6039,CS_CGT_NIM
P6040,PN_PIQ
P6041,CS_CGT_NIM
P6042,VE_BTGT
P6043,CS_EGT_NIM
P6044,CS_CGT_NIM
P6045,PN_PIQ
P6046,PN_PIQ
P6047,PN_PIQ
P6048,PN_PIQ
P6049,PN_PIQ
P6050,PN_PIQ
P6051,CS_EGT_NIM
P6052,PN_PIQ
P6053,PN_PIQ
P6054,CS_EGT_NIM
P6055,PN_PIQ
P6056,PN_PIQ
P6057,CS_EGT_NIM
P6058,PN_PIQ
P6059,PN_PIQ
P6060,JA
P6061,PN_PIQ
P6062,PN_PIQ
P6063,CS_EGT_NIM
P6064,PN_PIQ
P6065,PN_PIQ
P6066,PN_PIQ
P6067,PN_PIQ
P6068,CS_CGT_NIM
P6069,CS_CGT_NIM
P6070,PN_PIQ
P6071,CS_CGT_NIM
P6072,CS_CGT_NIM
P6073,CS_EGT_NIM
P6074,PN_PIQ
P6075,CS_EGT_NIM
P6076,PN_PIQ
P6077,PN_PIQ
P6078,PN_PIQ
P6079,PN_PIQ
P6080,PN_PIQ
P6081,PN_PIQ
P6082,PN_PIQ
P6083,PN_PIQ
P6084,JA
P6085,PN_PIQ
P6086,PN_PIQ
P6087,CS_MG_NISM
P6088,CS_MG_NISM
P6089,CS_MG_NISM
P6090,CS_MG_NISM
P6091,PN_PIQ
P6092,CS_MG_NISM
P6093,PN_PIQ
P6094,CS_MG_NISM
P6095,PN_PIQ
P6096,PN_PIQ
P6097,PN_PIQ
P6098,PN_PIQ
P6099,CS_MG_NISM
P6100,CS_MG_NISM
P6101,CS_MG_NISM
P6102,CS_MG_NISM
P6103,CS_MG_NISM
P6104,PN_PIQ
P6105,CS_MG_NISM
P6106,PN_PIQ
P6107,CS_MG_NISM
P6108,CS_MG_NISM
P6109,MA_TO_CO_JA
P6110,MA_TO_CO_JA
P6111,MA_TO_CO_JA
P6112,MA_TO_CO_JA
P6113,MA_TO_CO_JA
P6114,MA_TO_CO_JA
P6115,MA_TO_CO_JA
P6116,MA_TO_CO_JA
P6117,CS_MG_NISM
P6118,PN_PIQ
P6119,BA_INT
P6120,JA
P6121,BA_PER
P6122,VE_BTGT
P6123,CS_NGT_NISM
P6124,CS_NGT_NIM
P6125,CS_NGT_NIM
P6126,CS_NGT_NIM
P6127,CS_NGT_NIM
P6128,CS_NGT_NIM
P6129,CS_NGT_NIM
P6130,CS_NGT_NISM
P6131,CS_NGT_NIM
P6132,CS_NGT_NIM
P6133,CS_NGT_NIM
P6134,CS_NGT_NIM
P6135,CS_NGT_NIM
P6136,CS_NGT_NIM
P6137,CS_NGT_NIM
P6138,CS_MG_NISM
P6139,CS_MG_NISM
P6140,PN_PIQ
P6141,CS_MG_NISM
P6142,CS_MG_NISM
P6143,CS_MG_NISM
P6144,PN_PIQ
P6145,CS_MG_NISM
P6146,PN_PIQ
P6148,CS_MG_NISM
P6149,CS_MG_NISM
P6151,PN_PIQ
P6152,PN_PIQ
P6153,CS_MG_NISM
P6154,PN_PIQ
P6155,CS_MG_NISM
P6156,PN_PIQ
P6157,CS_MG_NISM
P6158,CS_MG_NISM
P6159,PN_PIQ
P6160,CS_MG_NISM
P6161,CS_CGT_NIM
P6162,CS_MG_NISM
P6163,CS_CGT_NIM
P6164,CS_CGT_NIM
P6165,CS_CGT_NIM
P6166,CS_CGT_NISM
P6168,CS_MG_NISM
P6171,CS_CGT_NIM
P6172,CS_CGT_NIM
P6173,CS_CGT_NIM
P6174,CS_MG_NISM
P6175,PN_PIQ
P6176,CS_MG_NISM
P6177,CS_MG_NISM
P6178,PN_PIQ
P6179,CS_MG_NISM
P6180,PN_PIQ
P6181,BA_INT
P6182,JA
P6183,BA_INT
P6184,BA_PER
P6185,BA_PER
P6187,BA_PER
P6188,BA_INT
P6189,BA_INT
P6190,JA
P6191,VE_BTGT
P6193,VE_BTGT
P6197,PN_PIQ
P6198,PN_PIQ
P6199,PN_PIQ
P6200,PN_PIQ
P6201,PN_PIQ
P6202,PN_PIQ
P6203,BA_INT
P6204,PN_PIQ
P6205,BA_INT
P6206,JA
P6207,PN_PIQ
P6208,MA_TO_CO_JA
P6209,MA_TO_CO_JA
P6210,CS_BT_NIM
P6214,MA_TO_CO_JA
P6215,JA
P6216,MA_ROTA
P6218,BA_INT
P6219,CS_SBT_NIM
P6221,CS_SBT_NIM
P6223,MA_TO_CO_JA
P6226,CS_BT_NIM
P6232,MA_TO_CO_JA
P6233,MA_TO_CO_JA
P6234,MA_TO_CO_JA
P6235,VE_BTGT
P6237,VE_BTGT
P6239,CS_EGT_NIM
P6240,CS_EGT_NIM
P6241,PN_PIQ
P6242,PN_PIQ
P6243,PN_PIQ
P6244,PN_PIQ
P6245,PN_PIQ
P6246,PN_PIQ
P6247,PN_PIQ
P6248,PN_PIQ
P6249,MA_TO_CO_JA
P6250,MA_TO_CO_JA
P6251,PN_PIQ
P6252,PN_PIQ
P6253,MA_TO_CO_JA
P6254,PN_PIQ
P6255,MA_TO_CO_JA
P6256,MA_TO_CO_JA
P6257,MA_TO_CO_JA
P6258,MA_TO_CO_JA
P6259,PN_PIQ
P6261,CS_MG_NISM
P6262,CS_MG_NISM
P6263,CS_MG_NISM
P6264,CS_MG_NISM
P6265,CS_MG_NISM
P6266,CS_MG_NISM
P6267,CS_MG_NISM
P6268,JA
P6269,CS_MG_NISM
P6270,CS_MG_NISM
P6271,CS_MG_NISM
P6272,CS_MG_NISM
P6273,PN_PIQ
P6274,CS_MG_NISM
P6276,MA_TO_CO_JA
P6277,MA_TO_CO_JA
P6280,CS_SBT_NIM
P6283,CS_BT_NIM
P6285,MA_TO_CO_JA
P6287,MA_TO_CO_JA
P6289,MA_TO_CO_JA
P6290,MA_TO_CO_JA
P6291,BA_INT
P6292,JA
P6293,CS_BT_NIM
P6294,BA_INT
P6295,VE_BTGT
P6296,CS_BT_NIM
P6297,BA_INT
P6298,BA_INT
P6299,CS_BT_NIM
P6300,CS_NGT_NIM
P6301,CS_NGT_NIM
P6302,CS_NGT_NIM
P6303,CS_NGT_NIM
P6304,CS_NGT_NIM
P6305,CS_NGT_NIM
P6307,CS_BT_NIM
P6308,CS_BT_NIM
P6309,JA
P6310,CS_BT_NIM
P6311,CS_BT_NIM
P6312,CS_BT_NIM
P6313,CS_BT_NIM
P6314,CS_BT_NIM
P6315,CS_BT_NIM
P6317,AN_PA
P6319,BA_PER
P6320,BA_PER
P6321,BA_INT
P6322,BA_INT
P6323,AN_PA
P6324,BA_INT
P6326,BA_INT
P6327,BA_INT
P6328,JA
P6329,BA_PER
P6330,JA
P6331,BA_PER
P6332,CS_BT_NIM
P6334,CS_BT_NIM
P6335,JA
P6336,BA_INT
P6337,BA_INT
P6338,CS_BT_NIM
P6339,BA_INT
P6340,JA
P6341,BA_INT
P6342,CS_BT_NIM
P6343,CS_BT_NIM
P6344,PN_PIQ
P6345,PN_PIQ
P6346,CS_EGT_NIM
P6347,CS_EGT_NIM
P6348,CS_EGT_NIM
P6349,CS_EGT_NIM
P6350,PN_PIQ
P6351,PN_PIQ
P6352,PN_PIQ
P6353,PN_PIQ
P6354,PN_PIQ
P6355,PN_PIQ
P6356,PN_PIQ
P6357,PN_PIQ
P6358,PN_PIQ
P6359,PN_PIQ
P6360,PN_PIQ
P6361,PN_PIQ
P6362,PN_PIQ
P6363,PN_PIQ
P6364,CS_EGT_NIM
P6365,PN_PIQ
P6366,CS_EGT_NIM
P6367,PN_PIQ
P6368,CS_BT_NIM
P6369,CS_BT_NIM
P6370,CS_BT_NIM
P6371,PN_PIQ
P6372,CS_BT_NIM
P6373,PN_PIQ
P6374,PN_PIQ
P6375,PN_PIQ
P6376,PN_PIQ
P6377,PN_PIQ
P6378,MA_TO_CO_JA
P6381,CS_CGT_NIM
P6382,CS_BT_NIM
P6383,CS_BT_NIM
P6384,CS_BT_NISM
P6385,CS_BT_NIM
P6386,CS_BT_NIM
P6387,CS_BT_NIM
P6388,CS_BT_NIM
P6389,CS_BT_NIM
P6390,CS_BT_NIM
P6391,CS_BT_NIM
P6392,CS_BT_NIM
P6394,CS_BT_NIM
P6395,CS_BT_NIM
P6397,CS_BT_NIM
P6398,CS_BT_NIM
P6399,CS_BT_NIM
P6400,CS_BT_NIM
P6401,CS_BT_NIM
P6402,CS_BT_NIM
P6403,CS_BT_NIM
P6404,PN_PIQ
P6405,CS_CGT_NIM
P6406,PN_PIQ
P6407,PN_PIQ
P6408,PN_PIQ
P6409,CS_CGT_NIM
P6410,CS_CGT_NIM
P6411,PN_PIQ
P6412,PN_PIQ
P6413,PN_PIQ
P6414,PN_PIQ
P6415,PN_PIQ
P6416,PN_PIQ
P6417,PN_PIQ
P6418,CS_EGT_NIM
P6419,CS_EGT_NIM
P6420,PN_PIQ
P6421,PN_PIQ
P6422,PN_PIQ
P6423,PN_PIQ
P6424,CS_NGT_NIM
P6425,CS_NGT_NISM
P6428,CS_NGT_NISM
P6429,CS_NGT_NIM
P6431,VE_BTGT
P6432,CS_NGT_NIM
P6433,CS_CGT_NIM
P6434,CS_CGT_NIM
P6435,PN_PIQ
P6436,PN_PIQ
P6437,PN_PIQ
P6438,PN_PIQ
P6439,PN_PIQ
P6440,CS_BT_NIM
P6441,CS_BT_NIM
P6442,CS_BT_NIM
P6443,CS_BT_NIM
P6444,CS_BT_NIM
P6445,CS_BT_NIM
P6446,CS_BT_NIM
P6447,CS_BT_NIM
P6448,CS_BT_NIM
P6449,CS_BT_NIM
P6450,CS_BT_NIM
P6451,CS_NGT_NIM
P6452,CS_NGT_NIM
P6453,PN_PIQ
P6454,PN_PIQ
P6455,PN_PIQ
P6456,PN_PIQ
P6457,PN_PIQ
P6458,PN_PIQ
P6459,PN_PIQ
P6460,CS_BT_NIM
P6461,CS_BT_NIM
P6462,CS_BT_NIM
P6463,CS_BT_NIM
P6464,CS_BT_NIM
P6465,CS_BT_NIM
P6466,AN_PA
P6467,CS_NGT_NIM
P6468,CS_NGT_NIM
P6469,PN_PIQ
P6470,CS_NGT_NIM
P6471,CS_NGT_NIM
P6472,CS_NGT_NIM
P6473,PN_PIQ
P6474,PN_PIQ
P6475,PN_PIQ
P6476,CS_MG_NISM
P6477,CS_MG_NISM
P6478,CS_MG_NISM
P6479,CS_MG_NISM
P6480,PN_PIQ
P6481,CS_MG_NISM
P6482,CS_MG_NISM
P6483,PN_PIQ
P6484,CS_CGT_NIM
P6485,CS_CGT_NIM
P6486,PN_PIQ
P6487,PN_PIQ
P6488,PN_PIQ
P6489,PN_PIQ
P6490,PN_PIQ
P6491,PN_PIQ
P6492,PN_PIQ
P6493,PN_PIQ
P6494,PN_PIQ
P6495,CS_MG_NISM
P6496,PN_PIQ
P6497,CS_MG_NISM
P6498,PN_PIQ
P6499,PN_PIQ
P6500,JA
P6501,CS_BT_NIM
P6502,JA
P6503,CS_NGT_NIM
P6504,PN_PIQ
P6505,CS_NGT_NIM
P6507,CS_MG_NISM
P6508,CS_MG_NISM
P6509,PN_PIQ
P6510,CS_MG_NISM
P6511,PN_PIQ
P6512,CS_MG_NISM
P6513,CS_BT_NIM
P6514,PN_PIQ
P6515,PN_PIQ
P6516,CS_NGT_NIM
P6518,CS_NGT_NIM
P6522,CS_NGT_NIM
P6524,PN_PIQ
P6525,CS_MG_NISM
P6526,CS_MG_NISM
P6527,PN_PIQ
P6528,CS_MG_NISM
P6529,PN_PIQ
P6531,PN_PIQ
P6532,PN_PIQ
P6533,CS_CGT_NIM
P6534,PN_PIQ
P6535,CS_CGT_NIM
P6536,PN_PIQ
P6537,PN_PIQ
P6538,PN_PIQ
P6539,CS_NGT_NIM
P6540,PN_PIQ
P6541,PN_PIQ
P6542,CS_EGT_NIM
P6543,PN_PIQ
P6544,PN_PIQ
P6545,PN_PIQ
P6546,PN_PIQ
P6547,PN_PIQ
P6548,BA_INT
P6549,CS_SBT_NIM
P6551,BA_INT
P6553,JA
P6555,VE_BTGT
P6556,BA_INT
P6557,BA_INT
P6558,CS_BT_NIM
P6559,BA_INT
P6560,PN_PIQ
P6561,PN_PIQ
P6562,JA
P6563,BA_INT
P6564,VE_BTGT
P6565,MA_ROTA
P6566,BA_PER
P6568,BA_PER
P6570,BA_PER
P6571,BA_PER
P6573,PN_PIQ
P6574,CS_MG_NISM
P6575,PN_PIQ
P6576,PN_PIQ
P6577,CS_MG_NISM
P6578,CS_NGT_NIM
P6579,ME
P6581,ME
P6582,CS_NGT_NIM
P6584,CS_NGT_NIM
P6585,PN_PIQ
P6586,PN_PIQ
P6587,PN_PIQ
P6588,CS_EGT_NIM
P6589,PN_PIQ
P6590,PN_PIQ
P6591,PN_PIQ
P6592,PN_PIQ
P6593,CS_MG_NISM
P6594,CS_MG_NISM
P6595,PN_PIQ
P6596,CS_MG_NISM
P6597,CS_MG_NISM
P6598,CS_MG_NISM
P6599,CS_MG_NISM
P6600,CS_MG_NISM
P6602,CS_CGT_NIM
P6603,CS_CGT_NIM
P6605,CS_CGT_NIM
P6608,CS_CGT_NIM
P6609,CS_CGT_NIM
P6610,CS_MG_NISM
P6611,CS_MG_NISM
P6612,PN_PIQ
P6613,CS_EGT_NIM
P6614,PN_PIQ
P6615,CS_EGT_NIM
P6616,CS_EGT_NIM
P6617,CS_EGT_NIM
P6618,CS_EGT_NIM
P6619,VE_BTGT
P6620,CS_EGT_NIM
P6621,CS_EGT_NIM
P6622,CS_EGT_NIM
P6624,CS_MG_NISM
P6625,CS_BT_NIM
P6626,CS_BT_NIM
P6627,PN_PIQ
P6628,CS_BT_NIM
P6629,CS_BT_NIM
P6630,CS_BT_NIM
P6631,CS_BT_NIM
P6632,CS_BT_NIM
P6633,CS_BT_NIM
P6634,CS_MG_NISM
P6635,CS_MG_NISM
P6636,PN_PIQ
P6637,CS_MG_NISM
P6638,CS_MG_NISM
P6639,CS_MG_NISM
P6640,CS_MG_NISM
P6641,CS_MG_NISM
P6642,PN_PIQ
P6643,PN_PIQ
P6644,PN_PIQ
P6645,PN_PIQ
P6646,CS_MG_NISM
P6647,PN_PIQ
P6648,CS_MG_NISM
P6649,PN_PIQ
P6650,PN_PIQ
P6651,CS_NGT_NIM
P6652,PN_PIQ
P6653,PN_PIQ
P6654,PN_PIQ
P6655,CS_NGT_NIM
P6656,CS_NGT_NIM
P6657,CS_NGT_NIM
P6658,PN_PIQ
P6659,CS_NGT_NIM
P6660,PN_PIQ
P6661,PN_PIQ
P6662,CS_BT_NIM
P6663,CS_BT_NIM
P6664,PN_PIQ
P6665,CS_BT_NIM
P6666,CS_BT_NIM
P6667,PN_PIQ
P6668,PN_PIQ
P6669,CS_NGT_NIM
P6670,CS_NGT_NIM
P6671,PN_PIQ
P6672,PN_PIQ
P6673,PN_PIQ
P6674,CS_NGT_NIM
P6675,CS_NGT_NIM
P6676,CS_NGT_NIM
P6677,CS_NGT_NIM
P6678,CS_NGT_NIM
P6679,VE_BTGT
P6680,PN_PIQ
P6681,CS_NGT_NIM
P6682,CS_NGT_NIM
P6683,CS_MG_NISM
P6684,PN_PIQ
P6685,CS_MG_NISM
P6686,CS_MG_NISM
P6687,CS_MG_NISM
P6688,CS_MG_NISM
P6689,CS_MG_NISM
P6690,CS_MG_NISM
P6691,CS_MG_NISM
P6692,PN_PIQ
P6693,PN_PIQ
P6694,PN_PIQ
P6695,CS_MG_NISM
P6696,CS_MG_NISM
P6697,PN_PIQ
P6698,CS_MG_NISM
P6699,CS_MG_NISM
P6700,CS_MG_NISM
P6701,CS_MG_NISM
P6702,PN_PIQ
P6703,CS_MG_NISM
P6704,PN_PIQ
P6705,CS_EGT_NIM
P6706,CS_EGT_NIM
P6707,PN_PIQ
P6709,PN_PIQ
P6710,CS_EGT_NIM
P6711,CS_EGT_NIM
P6712,PN_PIQ
P6713,PN_PIQ
P6714,PN_PIQ
P6715,PN_PIQ
P6718,MA_TO_CO_JA
P6719,CS_BT_NIM
P6720,CS_BT_NIM
P6721,CS_BT_NIM
P6722,CS_BT_NIM
P6723,CS_BT_NIM
P6724,CS_BT_NIM
P6725,CS_BT_NIM
P6726,PN_PIQ
P6727,CS_BT_NIM
P6728,CS_BT_NIM
P6729,CS_BT_NIM
P6730,CS_BT_NIM
P6731,CS_BT_NIM
P6732,CS_BT_NIM
P6733,CS_BT_NIM
P6734,CS_BT_NIM
P6735,CS_BT_NIM
P6736,CS_BT_NIM
P6737,CS_BT_NIM
P6738,PN_PIQ
P6739,JA
P6740,JA
P6741,CS_BT_NIM
P6742,CS_BT_NIM
P6743,CS_BT_NIM
P6745,PN_PIQ
P6746,CS_BT_NIM
P6747,CS_BT_NIM
P6748,PN_PIQ
P6749,CS_BT_NIM
P6750,PN_PIQ
P6751,PN_PIQ
P6752,PN_PIQ
P6753,PN_PIQ
P6754,MA_TO_CO_JA
P6755,MA_TO_CO_JA
P6756,MA_TO_CO_JA
P6758,PN_PIQ
P6759,PN_PIQ
P6760,PN_PIQ
P6761,PN_PIQ
P6762,PN_PIQ
P6763,PN_PIQ
P6764,PN_PIQ
P6765,PN_PIQ
P6766,PN_PIQ
P6768,PN_PIQ
P6769,PN_PIQ
P6770,PN_PIQ
P6771,PN_PIQ
P6772,PN_PIQ
P6773,PN_PIQ
P6774,PN_PIQ
P6775,PN_PIQ
P6776,PN_PIQ
P6777,PN_PIQ
P6778,JA
P6779,CS_CGT_NIM
P6780,PN_PIQ
P6781,CS_MG_NISM
P6783,PN_PIQ
P6784,PN_PIQ
P6785,PN_PIQ
P6786,PN_PIQ
P6787,PN_PIQ
P6788,CS_EGT_NIM
P6789,CS_CGT_NIM
P6790,CS_CGT_NIM
P6791,PN_PIQ
P6792,CS_EGT_NIM
P6793,CS_EGT_NIM
P6794,CS_EGT_NIM
P6795,CS_EGT_NIM
P6796,CS_EGT_NIM
P6797,CS_EGT_NIM
P6798,CS_EGT_NIM
P6799,CS_EGT_NIM
P6800,CS_EGT_NIM
P6801,CS_EGT_NIM
P6802,CS_EGT_NIM
P6803,PN_PIQ
P6804,PN_PIQ
P6805,PN_PIQ
P6806,PN_PIQ
P6807,PN_PIQ
P6808,PN_PIQ
P6809,PN_PIQ
P6810,PN_PIQ
P6812,CS_NGT_NIM
P6813,PN_PIQ
P6814,PN_PIQ
P6815,PN_PIQ
P6816,CS_EGT_NIM
P6817,PN_PIQ
P6818,PN_PIQ
P6819,CS_EGT_NIM
P6820,CS_EGT_NIM
P6821,CS_EGT_NIM
P6822,CS_EGT_NIM
P6823,PN_PIQ
P6824,PN_PIQ
P6825,CS_EGT_NIM
P6826,CS_EGT_NIM
P6827,PN_PIQ
P6828,PN_PIQ
P6829,PN_PIQ
P6830,CS_MG_NISM
P6831,CS_MG_NISM
P6832,CS_MG_NISM
P6833,PN_PIQ
P6834,CS_MG_NISM
P6835,CS_MG_NISM
P6836,CS_MG_NISM
P6837,CS_MG_NISM
P6838,PN_PIQ
P6839,PN_PIQ
P6840,PN_PIQ
P6841,JA
P6842,PN_PIQ
P6843,PN_PIQ
P6844,PN_PIQ
P6845,PN_PIQ
P6846,PN_PIQ
P6847,CS_MG_NISM
P6848,CS_MG_NISM
P6849,PN_PIQ
P6850,PN_PIQ
P6851,CS_NGT_NIM
P6852,CS_CGT_NIM
P6853,CS_BT_NIM
P6855,CS_BT_NIM
P6856,CS_BT_NIM
P6857,PN_PIQ
P6858,CS_BT_NIM
P6859,PN_PIQ
P6860,CS_MG_NISM
P6861,PN_PIQ
P6862,CS_MG_NISM
P6863,PN_PIQ
P6864,PN_PIQ
P6865,PN_PIQ
P6866,PN_PIQ
P6867,IG_TUT
P6868,MA_TO_CO_JA
P6869,MA_TO_CO_JA
P6870,CS_MG_NISM
P6872,MA_TO_CO_JA
P6873,MA_TO_CO_JA
P6875,MA_TO_CO_JA
P6876,MA_TO_CO_JA
P6877,MA_TO_CO_JA
P6878,PN_PIQ
P6879,CS_MG_NISM
P6880,PN_PIQ
P6881,CS_MG_NISM
P6882,CS_MG_NISM
P6883,CS_MG_NISM
P6884,PN_PIQ
P6885,CS_MG_NISM
P6886,PN_PIQ
P6887,CS_MG_NISM
P6888,CS_MG_NISM
P6889,CS_MG_NISM
P6890,CS_MG_NISM
P6891,CS_MG_NISM
P6892,CS_MG_NISM
P6893,PN_PIQ
P6894,PN_PIQ
P6895,CS_MG_NISM
P6896,CS_MG_NISM
P6897,CS_MG_NISM
P6898,CS_MG_NISM
P6899,CS_MG_NISM
P6900,CS_MG_NISM
P6901,PN_PIQ
P6902,CS_MG_NISM
P6903,CS_MG_NISM
P6904,CS_MG_NISM
P6905,CS_MG_NISM
P6906,CS_MG_NISM
P6907,PN_PIQ
P6908,CS_MG_NISM
P6909,CS_MG_NISM
P6910,CS_MG_NISM
P6911,PN_PIQ
P6912,CS_NGT_NIM
P6913,JA
P6914,CS_NGT_NIM
P6915,CS_NGT_NIM
P6916,CS_NGT_NIM
P6917,CS_NGT_NIM
P6919,CS_NGT_NIM
P6920,CS_NGT_NIM
P6921,BC_GTMG
P6922,PN_PIQ
P6923,CS_MG_NISM
P6924,CS_MG_NISM
P6925,CS_MG_NISM
P6926,CS_MG_NISM
P6927,CS_MG_NISM
P6928,PN_PIQ
P6931,CS_MG_NISM
P6932,CS_MG_NISM
P6933,CS_MG_NISM
P6934,PN_PIQ
P6935,PN_PIQ
P6938,MA_TO_CO_JA
P6941,PN_PIQ
P6942,MA_TO_CO_JA
P6944,AN_PA
P6945,PN_PIQ
P6946,CS_BT_NIM
P6947,CS_BT_NIM
P6949,MA_TO_CO_JA
P6950,CS_BT_NIM
P6951,CS_BT_NIM
P6952,CS_BT_NIM
P6953,PN_PIQ
P6954,MA_TO_CO_JA
P6955,AN_PA
P6956,MA_TO_CO_JA
P6957,MA_TO_CO_JA
P6959,MA_TO_CO_JA
P6960,PN_PIQ
P6961,CS_NGT_NIM
P6962,CS_NGT_NIM
P6963,CS_NGT_NIM
P6964,CS_NGT_NIM
P6965,CS_NGT_NIM
P6966,MA_TO_CO_JA
P6967,MA_TO_CO_JA
P6968,PN_PIQ
P6969,PN_PIQ
P6970,PN_PIQ
P6971,IG_TUT
P6972,IG_TUT
P6973,CS_CGT_NIM
P6974,CS_CGT_NIM
P6975,PN_PIQ
P6976,CS_CGT_NIM
P6977,PN_PIQ
P6978,CS_CGT_NIM
P6979,CS_BT_NIM
P6980,CS_BT_NIM
P6983,CS_BT_NIM
P6984,CS_BT_NIM
P6985,CS_BT_NIM
P6986,CS_BT_NIM
P6987,AN_PA
P6988,MA_ROTA
P6990,CS_CGT_NIM
P6991,CS_CGT_NIM
P6992,CS_CGT_NIM
P6993,CS_CGT_NIM
P6994,MA_TO_CO_JA
P6995,CS_BT_NIM
P6996,CS_BT_NIM
P6997,MA_TO_CO_JA
P6998,MA_TO_CO_JA
P6999,MA_TO_CO_JA
P7000,CS_BT_NIM
P7001,CS_BT_NIM
P7002,MA_TO_CO_JA
P7003,CS_BT_NIM
P7004,CS_BT_NIM
P7005,AG
P7006,CS_BT_NIM
P7007,AG
P7008,CS_BT_NIM
P7016,BA_INT
P7018,IG_PLA
P7019,BA_INT
P7020,BA_IRR
P7021,BA_IRR
P7022,BA_INT
P7023,BA_IRR
P7024,BA_INT
P7025,BA_IRR
P7026,IG_PLA
P7027,BA_INT
P7028,BA_INT
P7030,IG_PLA
P7031,IG_PLA
P7032,JA
P7033,BA_INT
P7034,BA_INT
P7035,JA
P7036,JA
P7037,BA_IRR
P7038,BA_IRR
P7039,IG_PLA
P7040,IG_PLA
P7041,IG_PLA
P7042,IG_PLA
P7043,BA_INT
P7044,BA_INT
P7045,BA_INT
P7047,BA_IRR
P7048,BA_IRR
P7049,IG_PLA
P7050,BA_IRR
P7051,BA_INT
P7052,BA_INT
P7053,BA_INT
P7056,BA_INT
P7059,BA_IRR
P7060,IG_PLA
P7061,BA_IRR
P7062,JA
P7063,BA_IRR
P7064,BA_IRR
P7065,BA_INT
P7066,BA_IRR
P7068,BA_INT
P7069,IG_PLA
P7070,BA_IRR
P7071,PN_PIQ
P7072,PN_PIQ
P7073,PN_PIQ
P7074,CS_BT_NIM
P7075,CS_BT_NIM
P7076,CS_BT_NIM
P7077,CS_BT_NIM
P7078,CS_BT_NIM
P7079,CS_BT_NIM
P7080,AN_PA
P7081,AN_PA
P7082,AN_PA
P7083,CS_BT_NIM
P7084,CS_BT_NIM
P7085,CS_BT_NIM
P7086,CS_BT_NIM
P7087,CS_BT_NIM
P7088,CS_BT_NIM
P7089,CS_BT_NIM
P7090,CS_BT_NIM
P7091,CS_BT_NIM
P7092,CS_BT_NIM
P7093,CS_BT_NIM
P7094,CS_BT_NIM
P7095,CS_BT_NIM
P7096,MA_TO_CO_JA
P7097,MA_TO_CO_JA
P7098,CS_BT_NIM
P7099,CS_BT_NIM
P7100,CS_BT_NIM
P7101,CS_BT_NIM
P7102,CS_CGT_NISM
P7103,CS_CGT_NIM
P7104,CS_CGT_NIM
P7105,CS_CGT_NIM
P7106,CS_CGT_NIM
P7107,CS_CGT_NIM
P7108,CS_CGT_NIM
P7111,MA_TO_CO_JA
P7112,MA_TO_CO_JA
P7113,CS_CGT_NIM
P7114,CS_CGT_NIM
P7115,CS_CGT_NIM
P7116,CS_CGT_NIM
P7117,CS_CGT_NIM
P7118,CS_CGT_NIM
P7119,CS_CGT_NIM
P7120,MA_TO_CO_JA
P7122,CS_CGT_NIM
P7123,CS_CGT_NIM
P7124,CS_CGT_NIM
P7125,CS_CGT_NIM
P7127,CS_CGT_NIM
P7128,PN_PIQ
P7129,CS_EGT_NIM
P7130,CS_EGT_NIM
P7131,CS_EGT_NIM
P7132,CS_EGT_NIM
P7133,PN_PIQ
P7134,CS_EGT_NIM
P7135,CS_EGT_NIM
P7136,CS_EGT_NIM
P7137,BC_GTMG
P7138,BC_GTMG
P7139,PN_PIQ
P7140,JA
P7141,BC_GTMG
P7142,BC_GTMG
P7143,CS_EGT_NIM
P7144,CS_EGT_NIM
P7145,VE_BTGT
P7146,PN_PIQ
P7147,CS_EGT_NIM
P7148,CS_EGT_NIM
P7149,CS_EGT_NIM
P7150,CS_EGT_NIM
P7152,MA_ROTA
P7154,MA_ROTA
P7157,MA_ROTA
P7158,MA_ROTA
P7159,PN_PIQ
P7160,CS_BT_NIM
P7161,PN_PIQ
P7162,CS_BT_NIM
P7163,CS_BT_NIM
P7164,CS_BT_NIM
P7165,CS_BT_NIM
P7166,CS_BT_NIM
P7167,CS_CGT_NIM
P7168,CS_CGT_NIM
P7169,CS_EGT_NIM
P7170,CS_EGT_NIM
P7172,CS_EGT_NIM
P7173,CS_EGT_NIM
P7175,PN_PIQ
P7176,CS_EGT_NIM
P7177,CS_EGT_NIM
P7178,PN_PIQ
P7179,PN_PIQ
P7180,PN_PIQ
P7181,PN_PIQ
P7182,PN_PIQ
P7183,PN_PIQ
P7184,PN_PIQ
P7185,PN_PIQ
P7187,JA
P7189,PN_PIQ
P7190,PN_PIQ
P7191,PN_PIQ
P7193,CS_EGT_NIM
P7194,CS_EGT_NIM
P7195,CS_EGT_NIM
P7196,CS_EGT_NISM
P7197,CS_EGT_NIM
P7198,CS_EGT_NIM
P7199,CS_EGT_NIM
P7200,CS_EGT_NISM
P7201,CS_EGT_NISM
P7202,CS_EGT_NIM
P7203,CS_EGT_NIM
P7204,CS_EGT_NIM
P7205,CS_EGT_NIM
P7206,CS_EGT_NIM
P7207,CS_EGT_NIM
P7208,CS_EGT_NIM
P7209,CS_EGT_NIM
P7210,CS_EGT_NIM
P7211,CS_EGT_NIM
P7212,CS_EGT_NIM
P7213,CS_EGT_NIM
P7214,CS_EGT_NIM
P7215,CS_EGT_NIM
P7216,CS_EGT_NIM
P7217,CS_EGT_NISM
P7218,CS_EGT_NIM
P7219,CS_EGT_NISM
P7220,CS_EGT_NISM
P7221,CS_EGT_NIM
P7222,CS_EGT_NIM
P7223,CS_EGT_NISM
P7224,CS_EGT_NIM
P7225,CS_EGT_NISM
P7226,CS_EGT_NISM
P7227,CS_EGT_NISM
P7228,CS_EGT_NIM
P7229,CS_EGT_NISM
P7230,CS_EGT_NIM
P7231,CS_EGT_NIM
P7232,CS_EGT_NISM
P7233,CS_EGT_NIM
P7234,CS_EGT_NIM
P7235,CS_EGT_NIM
P7236,CS_EGT_NIM
P7237,CS_EGT_NIM
P7238,CS_EGT_NIM
P7239,CS_EGT_NIM
P7240,CS_EGT_NIM
P7241,CS_EGT_NIM
P7242,CS_EGT_NIM
P7243,CS_EGT_NIM
P7244,CS_EGT_NIM
P7245,CS_EGT_NIM
P7246,CS_EGT_NIM
P7247,CS_EGT_NIM
P7248,CS_EGT_NIM
P7249,CS_EGT_NIM
P7250,CS_EGT_NIM
P7251,CS_EGT_NIM
P7252,CS_EGT_NIM
P7253,CS_EGT_NIM
P7254,CS_EGT_NIM
P7255,CS_EGT_NIM
P7256,CS_EGT_NIM
P7257,CS_EGT_NIM
P7258,CS_EGT_NIM
P7259,CS_EGT_NIM
P7260,CS_EGT_NIM
P7261,CS_EGT_NIM
P7262,CS_EGT_NIM
P7263,CS_EGT_NIM
P7264,CS_EGT_NIM
P7265,CS_EGT_NIM
P7266,CS_EGT_NIM
P7267,CS_EGT_NIM
P7268,CS_EGT_NIM
P7269,CS_EGT_NIM
P7270,CS_EGT_NIM
P7271,CS_EGT_NIM
P7272,CS_EGT_NIM
P7273,CS_EGT_NIM
P7274,CS_EGT_NIM
P7275,CS_EGT_NIM
P7276,CS_EGT_NIM
P7277,CS_EGT_NIM
P7278,CS_EGT_NIM
P7279,CS_EGT_NIM
P7280,CS_EGT_NIM
P7281,CS_EGT_NIM
P7282,CS_EGT_NIM
P7283,CS_EGT_NIM
P7284,CS_EGT_NIM
P7285,CS_EGT_NIM
P7286,CS_EGT_NIM
P7287,CS_EGT_NIM
P7288,CS_EGT_NIM
P7289,CS_EGT_NISM
P7290,CS_EGT_NIM
P7291,CS_BT_NIM
P7292,CS_BT_NIM
P7293,CS_BT_NIM
P7294,CS_BT_NIM
P7296,CS_BT_NIM
P7297,CS_BT_NIM
P7298,CS_BT_NIM
P7302,PN_PIQ
P7303,CS_NGT_NIM
P7304,CS_NGT_NIM
P7305,CS_NGT_NIM
P7306,CS_NGT_NIM
P7307,CS_NGT_NIM
P7308,CS_NGT_NIM
P7310,CS_NGT_NIM
P7311,CS_NGT_NIM
P7312,CS_NGT_NIM
P7313,CS_NGT_NIM
P7314,CS_CGT_NIM
P7315,CS_EGT_NIM
P7316,CS_EGT_NIM
P7317,CS_EGT_NIM
P7318,PN_PIQ
P7319,PN_PIQ
P7320,PN_PIQ
P7321,CS_BT_NIM
P7322,CS_BT_NIM
P7323,CS_BT_NIM
P7324,CS_BT_NIM
P7325,CS_BT_NIM
P7326,CS_BT_NIM
P7327,PN_PIQ
P7328,CS_BT_NIM
P7329,CS_BT_NIM
P7330,JA
P7331,MA_TO_CO_JA
P7332,MA_TO_CO_JA
P7333,CS_BT_NIM
P7334,CS_BT_NIM
P7335,MA_TO_CO_JA
P7336,CS_BT_NIM
P7337,CS_BT_NIM
P7338,MA_TO_CO_JA
P7339,CS_BT_NIM
P7340,MA_TO_CO_JA
P7341,PN_PIQ
P7342,PN_PIQ
P7343,PN_PIQ
P7344,PN_PIQ
P7346,PN_PIQ
P7347,PN_PIQ
P7348,PN_PIQ
P7349,PN_PIQ
P7350,PN_PIQ
P7351,PN_PIQ
P7352,PN_PIQ
P7353,PN_PIQ
P7354,PN_PIQ
P7355,PN_PIQ
P7356,PN_PIQ
P7357,PN_PIQ
P7358,PN_PIQ
P7359,CS_BT_NIM
P7360,MA_ROTA
P7365,MA_ROTA
P7366,MA_ROTA
P7367,CS_BT_NIM
P7368,CS_BT_NIM
P7370,MA_ROTA
P7371,PN_PIQ
P7372,CS_BT_NIM
P7374,CS_BT_NIM
P7375,CS_BT_NIM
P7376,CS_BT_NIM
P7377,CS_BT_NIM
P7378,CS_BT_NIM
P7379,CS_BT_NIM
P7381,CS_BT_NIM
P7382,PN_PIQ
P7383,PN_PIQ
P7384,PN_PIQ
P7385,PN_PIQ
P7386,CS_NGT_NIM
P7387,CS_NGT_NIM
P7388,PN_PIQ
P7389,CS_NGT_NIM
P7390,PN_PIQ
P7391,PN_PIQ
P7392,CS_NGT_NIM
P7393,CS_NGT_NIM
P7394,CS_NGT_NIM
P7395,PN_PIQ
P7396,MA_TO_CO_JA
P7397,VE_BTGT
P7399,MA_TO_CO_JA
P7400,CS_BT_NIM
P7401,CS_BT_NIM
P7402,CS_BT_NIM
P7403,BC_BT
P7404,CS_BT_NIM
P7405,JA
P7406,CS_BT_NIM
P7407,JA
P7408,CS_BT_NIM
P7410,CS_BT_NIM
P7411,CS_BT_NIM
P7412,CS_BT_NIM
P7413,MA_TO_CO_JA
P7414,MA_TO_CO_JA
P7415,MA_TO_CO_JA
P7416,PN_PIQ
P7417,PN_PIQ
P7418,PN_PIQ
P7419,CS_BT_NIM
P7420,PN_PIQ
P7421,CS_NGT_NISM
P7422,PN_PIQ
P7423,CS_NGT_NISM
P7424,CS_NGT_NIM
P7425,CS_NGT_NIM
P7426,PN_PIQ
P7427,PN_PIQ
P7428,CS_NGT_NIM
P7429,CS_BT_NIM
P7430,CS_BT_NIM
P7431,CS_BT_NIM
P7433,CS_BT_NIM
P7434,MA_TO_CO_JA
P7435,CS_BT_NIM
P7437,CS_BT_NIM
P7438,CS_BT_NIM
P7439,CS_BT_NIM
P7440,CS_BT_NIM
P7441,CS_BT_NIM
P7442,CS_BT_NIM
P7444,CS_BT_NIM
P7445,CS_BT_NIM
P7446,CS_BT_NIM
P7447,CS_BT_NIM
P7448,CS_BT_NIM
P7449,CS_BT_NIM
P7450,CS_BT_NIM
P7451,CS_BT_NIM
P7452,CS_BT_NIM
P7453,CS_BT_NIM
P7454,CS_BT_NIM
P7455,CS_BT_NIM
P7456,CS_BT_NIM
P7457,CS_BT_NIM
P7458,CS_BT_NIM
P7459,CS_BT_NIM
P7460,CS_BT_NIM
P7461,CS_BT_NIM
P7462,CS_BT_NIM
P7463,CS_BT_NIM
P7464,CS_BT_NIM
P7465,CS_BT_NIM
P7466,CS_BT_NIM
P7467,CS_BT_NIM
P7468,CS_BT_NIM
P7469,CS_BT_NIM
P7470,CS_BT_NIM
P7471,CS_BT_NIM
P7472,CS_BT_NIM
P7473,MA_TO_CO_JA
P7474,CS_BT_NIM
P7475,CS_BT_NIM
P7476,CS_BT_NIM
P7477,CS_BT_NIM
P7478,CS_BT_NIM
P7479,CS_BT_NIM
P7480,CS_BT_NIM
P7484,CS_BT_NIM
P7485,CS_BT_NIM
P7486,MA_TO_CO_JA
P7488,CS_BT_NIM
P7490,CS_BT_NIM
P7492,CS_BT_NIM
P7493,CS_BT_NIM
P7494,CS_BT_NIM
P7495,CS_BT_NIM
P7496,CS_BT_NIM
P7497,CS_CGT_NIM
P7499,CS_CGT_NIM
P7501,CS_CGT_NIM
P7502,CS_CGT_NIM
P7503,CS_BT_NIM
P7504,CS_BT_NIM
P7506,CS_BT_NIM
P7507,CS_BT_NIM
P7508,CS_BT_NIM
P7509,JA
P7511,MA_TO_CO_JA
P7512,MA_TO_CO_JA
P7513,CS_EGT_NIM
P7514,ME
P7515,CS_EGT_NIM
P7516,MA_TO_CO_JA
P7517,CS_EGT_NIM
P7518,CS_EGT_NIM
P7519,CS_EGT_NIM
P7520,CS_EGT_NIM
P7521,ME
P7522,ME
P7523,ME
P7524,MA_TO_CO_JA
P7525,CS_BT_NIM
P7526,CS_BT_NIM
P7527,CS_BT_NIM
P7528,PN_PIQ
P7529,CS_BT_NIM
P7530,CS_BT_NIM
P7531,CS_CGT_NIM
P7532,CS_CGT_NIM
P7533,CS_CGT_NIM
P7534,CS_CGT_NIM
P7535,CS_CGT_NIM
P7536,VE_BTGT
P7537,CS_CGT_NIM
P7538,CS_CGT_NIM
P7539,CS_CGT_NIM
P7540,PN_PIQ
P7541,MA_TO_CO_JA
P7542,CS_BT_NIM
P7543,CS_BT_NIM
P7544,CS_BT_NIM
P7545,CS_BT_NIM
P7546,CS_BT_NIM
P7547,MA_TO_CO_JA
P7549,CS_BT_NIM
P7551,CS_BT_NIM
P7552,CS_BT_NIM
P7553,CS_BT_NIM
P7554,CS_BT_NIM
P7555,CS_BT_NIM
P7556,IG_TUT
P7557,CS_BT_NIM
P7558,CS_BT_NIM
P7559,CS_BT_NIM
P7560,CS_BT_NIM
P7561,CS_BT_NIM
P7562,CS_BT_NIM
P7563,JA
P7564,PN_PIQ
P7565,MA_ROTA
P7566,MA_ROTA
P7567,MA_ROTA
P7568,PN_PIQ
P7569,PN_PIQ
P7570,PN_PIQ
P7571,PN_PIQ
P7572,PN_PIQ
P7573,PN_PIQ
P7574,PN_PIQ
P7575,PN_PIQ
P7576,PN_PIQ
P7577,PN_PIQ
P7578,PN_PIQ
P7579,PN_PIQ
P7580,CS_BT_NIM
P7582,CS_BT_NIM
P7583,CS_BT_NIM
P7584,PN_PIQ
P7585,CS_NGT_NIM
P7586,CS_CGT_NIM
P7588,CS_NGT_NIM
P7589,CS_NGT_NIM
P7592,CS_CGT_NIM
P7593,CS_CGT_NIM
P7594,CS_CGT_NIM
P7595,CS_CGT_NIM
P7596,CS_CGT_NIM
P7597,CS_CGT_NIM
P7599,CS_CGT_NIM
P7601,CS_CGT_NIM
P7602,CS_CGT_NIM
P7605,MA_TO_CO_JA
P7606,CS_EGT_NIM
P7607,CS_BT_NIM
P7611,MA_TO_CO_JA
P7613,MA_TO_CO_JA
P7614,CS_NGT_NIM
P7615,CS_NGT_NIM
P7616,MA_TO_CO_JA
P7617,MA_TO_CO_JA
P7618,CS_NGT_NIM
P7619,CS_NGT_NIM
P7620,CS_NGT_NIM
P7621,CS_EGT_NIM
P7622,CS_EGT_NIM
P7623,CS_NGT_NIM
P7624,CS_BT_NIM
P7625,CS_BT_NIM
P7626,CS_BT_NIM
P7627,CS_BT_NIM
P7628,CS_BT_NISM
P7629,CS_BT_NIM
P7630,CS_BT_NIM
P7631,CS_BT_NIM
P7632,CS_BT_NIM
P7633,BA_PER
P7634,CS_SBT_NIM
P7635,BA_INT
P7636,BA_PER
P7637,BA_PER
P7638,MA_ROTA
P7640,MA_ROTA
P7641,JA
P7642,BA_PER
P7643,BA_PER
P7644,BA_PER
P7645,MA_ROTA
P7646,BA_PER
P7647,BA_PER
P7648,CS_CGT_NIM
P7649,CS_CGT_NIM
P7650,CS_CGT_NIM
P7651,PN_PIQ
P7652,VE_BTGT
P7653,CS_CGT_NIM
P7654,PN_PIQ
P7655,PN_PIQ
P7656,PN_PIQ
P7657,PN_PIQ
P7659,PN_PIQ
P7660,PN_PIQ
P7661,CS_BT_NIM
P7662,CS_BT_NIM
P7663,CS_BT_NIM
P7664,CS_BT_NIM
P7665,CS_BT_NIM
P7666,CS_BT_NIM
P7667,CS_BT_NIM
P7668,CS_BT_NIM
P7669,CS_BT_NIM
P7670,CS_BT_NIM
P7671,PN_PIQ
P7672,PN_PIQ
P7673,PN_PIQ
P7675,CS_NGT_NIM
P7676,CS_NGT_NIM
P7677,PN_PIQ
P7679,CS_NGT_NIM
P7681,PN_PIQ
P7682,PN_PIQ
P7683,PN_PIQ
P7684,PN_PIQ
P7686,PN_PIQ
P7687,CS_NGT_NIM
P7688,PN_PIQ
P7689,PN_PIQ
P7690,PN_PIQ
P7691,PN_PIQ
P7692,PN_PIQ
P7693,PN_PIQ
P7694,PN_PIQ
P7696,PN_PIQ
P7698,CS_NGT_NISM
P7699,CS_NGT_NISM
P7700,ME
P7701,ME
P7702,CS_NGT_NIM
P7703,CS_NGT_NISM
P7704,CS_NGT_NIM
P7705,CS_NGT_NIM
P7706,CS_NGT_NIM
P7707,CS_NGT_NIM
P7711,CS_NGT_NIM
P7712,CS_CGT_NIM
P7713,CS_CGT_NIM
P7714,PN_PIQ
P7715,PN_PIQ
P7716,PN_PIQ
P7717,CS_CGT_NIM
P7718,PN_PIQ
P7719,PN_PIQ
P7720,PN_PIQ
P7721,CS_BT_NIM
P7722,CS_BT_NIM
P7723,PN_PIQ
P7724,CS_MG_NISM
P7725,CS_MG_NISM
P7726,PN_PIQ
P7727,CS_MG_NISM
P7728,CS_MG_NISM
P7729,PN_PIQ
P7730,PN_PIQ
P7731,CS_MG_NISM
P7732,CS_EGT_NIM
P7733,CS_EGT_NIM
P7734,PN_PIQ
P7735,CS_EGT_NIM
P7736,PN_PIQ
P7737,PN_PIQ
P7738,PN_PIQ
P7739,PN_PIQ
P7740,CS_CGT_NIM
P7741,PN_PIQ
P7742,PN_PIQ
P7743,PN_PIQ
P7744,PN_PIQ
P7745,CS_EGT_NIM
P7746,PN_PIQ
P7747,PN_PIQ
P7748,CS_BT_NIM
P7749,PN_PIQ
P7750,CS_MG_NISM
P7751,PN_PIQ
P7752,PN_PIQ
P7753,CS_MG_NISM
P7754,CS_CGT_NIM
P7755,CS_CGT_NIM
P7756,VE_BTGT
P7757,CS_CGT_NIM
P7758,CS_CGT_NIM
P7759,CS_CGT_NIM
P7760,CS_CGT_NIM
P7761,CS_CGT_NIM
P7762,PN_PIQ
P7763,CS_MG_NISM
P7764,CS_MG_NISM
P7765,CS_MG_NISM
P7766,CS_MG_NISM
P7767,CS_EGT_NIM
P7768,CS_EGT_NIM
P7769,PN_PIQ
P7771,CS_EGT_NISM
P7772,CS_NGT_NIM
P7773,CS_NGT_NISM
P7775,PN_PIQ
P7776,CS_NGT_NIM
P7777,CS_NGT_NISM
P7778,CS_NGT_NIM
P7779,CS_NGT_NIM
P7780,VE_BTGT
P7781,CS_NGT_NIM
P7782,CS_NGT_NIM
P7783,CS_NGT_NIM
P7784,CS_MG_NISM
P7785,CS_MG_NISM
P7786,PN_PIQ
P7787,CS_MG_NISM
P7788,PN_PIQ
P7789,CS_MG_NISM
P7790,PN_PIQ
P7791,CS_MG_NISM
P7792,CS_MG_NISM
P7793,CS_MG_NISM
P7794,CS_MG_NISM
P7795,CS_MG_NISM
P7796,CS_MG_NISM
P7797,CS_MG_NISM
P7798,CS_NGT_NIM
P7799,CS_NGT_NIM
P7800,CS_NGT_NIM
P7801,CS_NGT_NIM
P7802,PN_PIQ
P7803,PN_PIQ
P7804,PN_PIQ
P7805,CS_MG_NISM
P7806,CS_MG_NISM
P7807,CS_MG_NISM
P7808,CS_MG_NISM
P7809,PN_PIQ
P7810,CS_CGT_NIM
P7811,PN_PIQ
P7812,CS_CGT_NIM
P7813,PN_PIQ
P7814,PN_PIQ
P7815,PN_PIQ
P7816,PN_PIQ
P7817,CS_MG_NISM
P7818,CS_MG_NISM
P7819,CS_MG_NISM
P7820,PN_PIQ
P7821,PN_PIQ
P7822,PN_PIQ
P7823,PN_PIQ
P7824,CS_MG_NISM
P7825,CS_MG_NISM
P7826,CS_MG_NISM
P7827,PN_PIQ
P7828,CS_NGT_NIM
P7829,PN_PIQ
P7830,CS_NGT_NIM
P7831,PN_PIQ
P7832,PN_PIQ
P7833,PN_PIQ
P7834,PN_PIQ
P7835,PN_PIQ
P7836,PN_PIQ
P7837,CS_MG_NISM
P7838,PN_PIQ
P7839,PN_PIQ
P7840,CS_EGT_NIM
P7841,CS_EGT_NIM
P7842,CS_EGT_NIM
P7843,CS_EGT_NIM
P7844,CS_EGT_NIM
P7845,CS_EGT_NIM
P7846,CS_EGT_NIM
P7847,CS_MG_NISM
P7848,PN_PIQ
P7849,CS_CGT_NIM
P7850,VE_BTGT
P7851,CS_CGT_NIM
P7852,CS_CGT_NIM
P7853,CS_CGT_NIM
P7854,CS_CGT_NIM
P7855,CS_CGT_NIM
P7856,CS_CGT_NIM
P7857,CS_CGT_NIM
P7858,CS_CGT_NIM
P7859,CS_NGT_NIM
P7860,CS_NGT_NIM
P7861,CS_NGT_NIM
P7862,PN_PIQ
P7863,CS_NGT_NIM
P7864,CS_NGT_NIM
P7865,CS_NGT_NIM
P7867,CS_NGT_NIM
P7868,CS_EGT_NIM
P7869,CS_EGT_NIM
P7870,PN_PIQ
P7871,PN_PIQ
P7873,PN_PIQ
P7874,PN_PIQ
P7875,CS_CGT_NIM
P7876,CS_NGT_NIM
P7877,CS_NGT_NIM
P7878,MA_ROTA
P7880,CS_NGT_NIM
P7881,CS_NGT_NIM
P7882,PN_PIQ
P7883,PN_PIQ
P7884,CS_BT_NIM
P7885,PN_PIQ
P7886,PN_PIQ
P7887,PN_PIQ
P7888,CS_MG_NISM
P7889,CS_MG_NISM
P7890,CS_MG_NISM
P7891,CS_MG_NISM
P7892,PN_PIQ
P7895,CS_BT_NIM
P7896,JA
P7897,VE_BTGT
P7898,VE_BTGT
P7899,BA_INT
P7900,CS_NGT_NIM
P7901,CS_NGT_NIM
P7902,CS_NGT_NISM
P7903,PN_PIQ
P7904,PN_PIQ
P7905,CS_NGT_NISM
P7907,CS_NGT_NISM
P7908,CS_NGT_NISM
P7909,CS_NGT_NIM
P7910,PN_PIQ
P7911,CS_NGT_NIM
P7912,CS_NGT_NIM
P7914,PN_PIQ
P7915,PN_PIQ
P7916,PN_PIQ
P7917,PN_PIQ
P7918,PN_PIQ
P7919,PN_PIQ
P7920,PN_PIQ
P7921,PN_PIQ
P7922,PN_PIQ
P7923,PN_PIQ
P7924,PN_PIQ
P7925,PN_PIQ
P7926,PN_PIQ
P7927,PN_PIQ
P7928,CS_EGT_NIM
P7929,CS_EGT_NISM
P7930,PN_PIQ
P7931,PN_PIQ
P7932,PN_PIQ
P7933,PN_PIQ
P7934,CS_EGT_NIM
P7935,PN_PIQ
P7936,PN_PIQ
P7937,PN_PIQ
P7938,PN_PIQ
P7939,PN_PIQ
P7940,CS_MG_NISM
P7941,CS_MG_NISM
P7942,CS_MG_NISM
P7943,PN_PIQ
P7944,CS_MG_NISM
P7945,CS_MG_NISM
P7946,CS_MG_NISM
P7947,PN_PIQ
P7948,PN_PIQ
P7949,PN_PIQ
P7950,CS_MG_NISM
P7951,PN_PIQ
P7952,PN_PIQ
P7953,CS_MG_NISM
P7954,CS_MG_NISM
P7955,PN_PIQ
P7956,CS_MG_NISM
P7957,PN_PIQ
P7958,CS_MG_NISM
P7959,PN_PIQ
P7960,JA
P7961,PN_PIQ
P7962,PN_PIQ
P7963,PN_PIQ
P7964,PN_PIQ
P7965,PN_PIQ
P7966,PN_PIQ
P7967,PN_PIQ
P7968,CS_CGT_NISM
P7969,PN_PIQ
P7970,PN_PIQ
P7971,CS_MG_NISM
P7972,CS_MG_NISM
P7973,CS_MG_NISM
P7974,CS_MG_NISM
P7975,CS_MG_NISM
P7977,CS_BT_NIM
P7978,BC_GTMG
P7979,JA
P7980,BC_GTMG
P7981,JA
P7982,JA
P7983,CS_NGT_NIM
P7984,CS_NGT_NIM
P7986,CS_BT_NIM
P7988,CS_BT_NIM
P7989,MA_TO_CO_JA
P7990,MA_TO_CO_JA
P7991,MA_TO_CO_JA
P7992,MA_TO_CO_JA
P7996,MA_TO_CO_JA
P7997,MA_TO_CO_JA
P7998,CS_BT_NIM
P7999,MA_TO_CO_JA
P8000,MA_TO_CO_JA
P8001,MA_TO_CO_JA
P8003,MA_TO_CO_JA
P8004,MA_TO_CO_JA
P8005,MA_TO_CO_JA
P8006,MA_TO_CO_JA
P8008,MA_TO_CO_JA
P8010,CS_BT_NIM
P8011,CS_BT_NIM
P8012,MA_TO_CO_JA
P8013,CS_BT_NIM
P8019,MA_TO_CO_JA
P8020,CS_MG_NISM
P8021,CS_MG_NISM
P8022,CS_MG_NISM
P8023,PN_PIQ
P8024,PN_PIQ
P8025,PN_PIQ
P8026,PN_PIQ
P8027,PN_PIQ
P8028,PN_PIQ
P8029,BC_BT
P8030,PN_PIQ
P8032,PN_PIQ
P8034,JA
P8035,PN_PIQ
P8036,PN_PIQ
P8038,MA_TO_CO_JA
P8039,CS_BT_NIM
P8040,CS_BT_NIM
P8041,CS_BT_NIM
P8042,CS_BT_NIM
P8044,CS_BT_NIM
P8048,CS_BT_NIM
P8049,CS_BT_NIM
P8050,CS_BT_NIM
P8051,CS_BT_NIM
P8053,CS_BT_NIM
P8054,CS_BT_NIM
P8055,CS_BT_NIM
P8056,CS_BT_NIM
P8057,CS_BT_NIM
P8058,CS_BT_NIM
P8059,CS_BT_NIM
P8060,JA
P8061,CS_BT_NIM
P8062,BA_INT
P8063,VE_BTGT
P8064,BA_INT
P8065,CS_BT_NIM
P8066,BA_INT
P8067,BA_INT
P8068,CS_BT_NIM
P8069,JA
P8072,BA_INT
P8073,BA_INT
P8074,BA_INT
P8075,BA_INT
P8076,BA_INT
P8077,BA_INT
P8078,JA
P8080,BA_INT
P8081,BA_INT
P8082,BA_INT
P8083,JA
P8084,CS_CGT_NIM
P8085,CS_CGT_NIM
P8086,CS_CGT_NIM
P8087,CS_CGT_NIM
P8088,CS_CGT_NIM
P8089,CS_CGT_NIM
P8090,CS_CGT_NIM
P8092,PN_PIQ
P8095,PN_PIQ
P8096,PN_PIQ
P8097,PN_PIQ
P8098,PN_PIQ
P8099,PN_PIQ
P8100,PN_PIQ
P8101,PN_PIQ
P8103,PN_PIQ
P8105,PN_PIQ
P8106,PN_PIQ
P8107,PN_PIQ
P8109,PN_PIQ
P8110,PN_PIQ
P8111,PN_PIQ
P8112,PN_PIQ
P8113,PN_PIQ
P8114,PN_PIQ
P8115,CS_NGT_NIM
P8116,CS_NGT_NIM
P8117,CS_NGT_NIM
P8118,CS_NGT_NISM
P8119,CS_NGT_NIM
P8120,CS_NGT_NIM
P8121,CS_NGT_NIM
P8122,BC_GTMG
P8123,CS_NGT_NIM
P8124,CS_NGT_NIM
P8125,JA
P8126,CS_BT_NIM
P8127,CS_BT_NIM
P8128,CS_BT_NIM
P8129,PN_PIQ
P8130,CS_BT_NIM
P8131,PN_PIQ
P8132,CS_NGT_NIM
P8133,CS_NGT_NIM
P8134,CS_NGT_NISM
P8136,CS_NGT_NIM
P8138,CS_NGT_NIM
P8139,CS_NGT_NIM
P8140,MA_TO_CO_JA
P8141,MA_TO_CO_JA
P8142,AG
P8143,MA_TO_CO_JA
P8144,MA_TO_CO_JA
P8145,CS_EGT_NIM
P8147,CS_EGT_NIM
P8149,CS_EGT_NIM
P8152,CS_EGT_NIM
P8153,CS_EGT_NIM
P8154,CS_EGT_NIM
P8155,CS_EGT_NIM
P8156,MA_TO_CO_JA
P8159,CS_EGT_NIM
P8161,CS_EGT_NIM
P8162,MA_TO_CO_JA
P8165,CS_EGT_NIM
P8166,CS_MG_NISM
P8167,CS_MG_NISM
P8168,CS_MG_NISM
P8169,CS_MG_NISM
P8170,CS_BT_NIM
P8171,CS_BT_NIM
P8172,CS_BT_NIM
P8173,CS_SBT_NIM
P8174,CS_SBT_NIM
P8175,JA
P8176,MA_ROTA
P8179,CS_BT_NIM
P8180,CS_BT_NIM
P8181,CS_BT_NIM
P8182,PN_PIQ
P8183,CS_BT_NIM
P8185,PN_PIQ
P8186,CS_BT_NIM
P8187,CS_BT_NIM
P8188,CS_BT_NIM
P8189,CS_BT_NIM
P8190,CS_BT_NIM
P8191,CS_BT_NIM
P8192,CS_BT_NIM
P8193,PN_PIQ
P8194,PN_PIQ
P8195,CS_BT_NIM
P8196,CS_BT_NIM
P8198,CS_BT_NIM
P8199,CS_BT_NIM
P8200,MA_TO_CO_JA
P8201,CS_BT_NIM
P8202,MA_TO_CO_JA
P8203,MA_TO_CO_JA
P8204,CS_BT_NIM
P8205,CS_BT_NIM
P8206,CS_BT_NIM
P8207,CS_BT_NIM
P8208,JA
P8209,CS_BT_NIM
P8210,CS_BT_NIM
P8211,CS_BT_NIM
P8212,MA_TO_CO_JA
P8213,PN_PIQ
P8214,PN_PIQ
P8215,PN_PIQ
P8216,PN_PIQ
P8217,PN_PIQ
P8218,PN_PIQ
P8219,PN_PIQ
P8220,PN_PIQ
P8221,CS_MG_NISM
P8222,PN_PIQ
P8223,CS_CGT_NIM
P8224,CS_CGT_NIM
P8225,CS_CGT_NIM
P8227,CS_CGT_NIM
P8228,CS_CGT_NIM
P8229,CS_BT_NIM
P8230,CS_BT_NIM
P8231,CS_BT_NIM
P8232,PN_PIQ
P8233,MA_TO_CO_JA
P8234,MA_TO_CO_JA
P8235,MA_TO_CO_JA
P8236,MA_TO_CO_JA
P8237,JA
P8238,CS_EGT_NIM
P8239,CS_EGT_NIM
P8240,BC_GTMG
P8241,BC_GTMG
P8243,CS_EGT_NIM
P8244,CS_NGT_NIM
P8245,MA_TO_CO_JA
P8247,CS_NGT_NIM
P8248,JA
P8249,CS_EGT_NIM
P8250,BC_GTMG
P8251,CS_EGT_NIM
P8252,CS_EGT_NIM
P8253,PN_PIQ
P8254,PN_PIQ
P8255,PN_PIQ
P8256,CS_CGT_NIM
P8257,CS_CGT_NIM
P8258,PN_PIQ
P8259,PN_PIQ
P8260,CS_CGT_NIM
P8261,CS_EGT_NIM
P8262,CS_EGT_NIM
P8263,CS_CGT_NIM
P8264,CS_CGT_NIM
P8265,VE_BTGT
P8266,CS_CGT_NIM
P8267,CS_CGT_NIM
P8268,CS_CGT_NIM
P8269,CS_CGT_NIM
P8270,PN_PIQ
P8271,PN_PIQ
P8273,PN_PIQ
P8274,PN_PIQ
P8275,CS_EGT_NIM
P8276,CS_EGT_NIM
P8277,PN_PIQ
P8278,PN_PIQ
P8279,PN_PIQ
P8280,MA_TO_CO_JA
P8281,MA_TO_CO_JA
P8282,CS_EGT_NIM
P8283,MA_TO_CO_JA
P8284,MA_TO_CO_JA
P8285,MA_TO_CO_JA
P8286,CS_EGT_NIM
P8287,MA_TO_CO_JA
P8288,MA_TO_CO_JA
P8289,MA_TO_CO_JA
P8290,MA_TO_CO_JA
P8291,MA_TO_CO_JA
P8292,MA_TO_CO_JA
P8293,MA_TO_CO_JA
P8294,CS_EGT_NIM
P8295,PN_PIQ
P8296,CS_EGT_NIM
P8297,CS_EGT_NISM
P8298,CS_EGT_NISM
P8299,CS_EGT_NIM
P8300,CS_EGT_NIM
P8301,PN_PIQ
P8302,CS_NGT_NIM
P8303,PN_PIQ
P8304,CS_NGT_NIM
P8305,CS_NGT_NIM
P8306,PN_PIQ
P8307,CS_CGT_NIM
P8308,CS_CGT_NIM
P8309,CS_EGT_NIM
P8310,PN_PIQ
P8311,PN_PIQ
P8312,CS_EGT_NIM
P8313,PN_PIQ
P8314,CS_EGT_NIM
P8315,PN_PIQ
P8316,PN_PIQ
P8318,PN_PIQ
P8319,CS_CGT_NIM
P8320,CS_EGT_NIM
P8321,CS_EGT_NIM
P8322,CS_EGT_NIM
P8323,CS_EGT_NIM
P8324,JA
P8325,PN_PIQ
P8326,MA_ROTA
P8327,CS_NGT_NIM
P8328,CS_NGT_NIM
P8329,CS_NGT_NIM
P8330,PN_PIQ
P8331,CS_NGT_NISM
P8332,CS_NGT_NIM
P8333,CS_NGT_NIM
P8334,CS_NGT_NIM
P8335,CS_EGT_NIM
P8336,PN_PIQ
P8337,CS_EGT_NIM
P8338,PN_PIQ
P8339,CS_NGT_NIM
P8340,CS_NGT_NIM
P8341,CS_NGT_NIM
P8342,CS_NGT_NIM
P8343,CS_NGT_NISM
P8344,CS_NGT_NIM
P8345,CS_NGT_NIM
P8346,CS_NGT_NIM
P8347,CS_NGT_NIM
P8348,CS_NGT_NIM
P8349,CS_NGT_NIM
P8350,CS_NGT_NIM
P8351,CS_NGT_NIM
P8352,CS_NGT_NIM
P8353,CS_NGT_NIM
P8354,CS_NGT_NISM
P8355,CS_NGT_NIM
P8356,PN_PIQ
P8357,CS_NGT_NIM
P8358,CS_NGT_NIM
P8359,CS_EGT_NIM
P8360,CS_EGT_NIM
P8361,VE_BTGT
P8362,CS_EGT_NIM
P8363,PN_PIQ
P8364,PN_PIQ
P8365,CS_EGT_NIM
P8366,MA_TO_CO_JA
P8367,CS_NGT_NIM
P8372,CS_NGT_NIM
P8373,CS_NGT_NISM
P8374,CS_CGT_NIM
P8376,CS_CGT_NIM
P8378,CS_NGT_NIM
P8379,AN_PA
P8380,CS_EGT_NIM
P8382,CS_EGT_NIM
P8383,MA_ROTA
P8384,MA_ROTA
P8386,MA_ROTA
P8387,MA_ROTA
P8389,MA_ROTA
P8390,MA_ROTA
P8391,MA_ROTA
P8393,MA_ROTA
P8394,MA_ROTA
P8395,CS_NGT_NIM
P8396,CS_NGT_NIM
P8397,PN_PIQ
P8398,PN_PIQ
P8399,PN_PIQ
P8401,CS_NGT_NIM
P8402,CS_CGT_NIM
P8403,CS_CGT_NIM
P8404,PN_PIQ
P8405,PN_PIQ
P8406,CS_EGT_NIM
P8407,CS_EGT_NIM
P8408,PN_PIQ
P8409,CS_EGT_NIM
P8410,CS_EGT_NIM
P8411,CS_EGT_NIM
P8414,CS_EGT_NIM
P8415,CS_BT_NIM
P8416,CS_BT_NIM
P8417,CS_BT_NIM
P8418,CS_BT_NIM
P8419,CS_BT_NIM
P8420,CS_BT_NIM
P8421,CS_BT_NIM
P8422,CS_BT_NIM
P8423,CS_BT_NIM
P8426,CS_BT_NIM
P8427,CS_BT_NIM
P8428,CS_BT_NIM
P8429,MA_TO_CO_JA
P8430,MA_TO_CO_JA
P8431,MA_TO_CO_JA
P8432,CS_BT_NIM
P8433,MA_TO_CO_JA
P8434,CS_BT_NIM
P8435,CS_BT_NIM
P8436,CS_BT_NIM
P8437,PN_PIQ
P8438,PN_PIQ
P8439,JA
P8440,CS_BT_NIM
P8441,CS_BT_NIM
P8443,CS_BT_NISM
P8444,CS_BT_NIM
P8446,CS_BT_NIM
P8447,CS_BT_NIM
P8448,PN_PIQ
P8449,PN_PIQ
P8450,PN_PIQ
P8451,PN_PIQ
P8452,PN_PIQ
P8453,PN_PIQ
P8454,JA
P8455,PN_PIQ
P8456,PN_PIQ
P8457,PN_PIQ
P8458,BC_BT
P8459,PN_PIQ
P8460,PN_PIQ
P8461,CS_BT_NIM
P8462,CS_BT_NIM
P8463,CS_BT_NIM
P8464,CS_BT_NIM
P8465,CS_BT_NIM
P8466,CS_BT_NIM
P8468,CS_BT_NIM
P8469,CS_BT_NIM
P8470,CS_BT_NIM
P8474,CS_BT_NIM
P8475,CS_BT_NIM
P8476,CS_BT_NIM
P8477,CS_BT_NIM
P8478,CS_BT_NIM
P8479,CS_BT_NIM
P8480,CS_BT_NIM
P8481,CS_BT_NIM
P8482,CS_BT_NIM
P8483,CS_BT_NIM
P8484,CS_BT_NIM
P8485,CS_BT_NIM
P8486,CS_BT_NIM
P8487,CS_BT_NIM
P8488,CS_BT_NIM
P8489,AG
P8490,CS_BT_NIM
P8491,CS_BT_NIM
P8492,PN_PIQ
P8493,CS_BT_NIM
P8494,CS_BT_NIM
P8495,CS_BT_NIM
P8496,CS_BT_NIM
P8497,AN_PA
P8498,AN_PA
P8499,CS_BT_NIM
P8500,AN_PA
P8501,CS_BT_NIM
P8502,CS_BT_NIM
P8503,CS_BT_NIM
P8504,CS_BT_NIM
P8505,AN_PA
P8506,AN_PA
P8507,CS_BT_NIM
P8508,CS_BT_NIM
P8510,CS_BT_NIM
P8511,CS_BT_NIM
P8512,CS_BT_NIM
P8513,CS_BT_NIM
P8514,CS_BT_NIM
P8515,AN_PA
P8516,CS_BT_NIM
P8517,CS_BT_NIM
P8518,CS_BT_NIM
P8519,CS_BT_NIM
P8520,CS_BT_NIM
P8521,CS_BT_NIM
P8522,CS_BT_NIM
P8523,MA_TO_CO_JA
P8524,MA_TO_CO_JA
P8526,CS_BT_NIM
P8527,CS_BT_NIM
P8529,MA_TO_CO_JA
P8531,MA_TO_CO_JA
P8532,MA_TO_CO_JA
P8533,CS_BT_NIM
P8534,CS_BT_NIM
P8538,CS_BT_NIM
P8539,CS_BT_NIM
P8547,MA_TO_CO_JA
P8550,MA_TO_CO_JA
P8551,CS_SBT_NIM
P8552,CS_SBT_NIM
P8553,CS_SBT_NIM
P8554,CS_SBT_NIM
P8555,CS_SBT_NIM
P8556,CS_SBT_NIM
P8557,JA
P8558,CS_BT_NIM
P8559,CS_BT_NIM
P8560,CS_BT_NIM
P8561,JA
P8563,PN_PIQ
P8564,CS_BT_NIM
P8565,CS_BT_NIM
P8566,PN_PIQ
P8567,CS_BT_NIM
P8568,CS_BT_NIM
P8569,PN_PIQ
P8570,PN_PIQ
P8571,CS_BT_NIM
P8572,CS_BT_NIM
P8573,CS_BT_NIM
P8574,CS_BT_NIM
P8575,CS_BT_NIM
P8576,CS_BT_NIM
P8577,CS_BT_NIM
P8580,CS_BT_NIM
P8581,CS_BT_NIM
P8584,AN_PA
P8585,CS_BT_NIM
P8586,CS_BT_NIM
P8587,CS_BT_NIM
P8588,MA_TO_CO_JA
P8589,MA_TO_CO_JA
P8590,CS_BT_NIM
P8591,CS_BT_NIM
P8593,CS_BT_NIM
P8595,CS_BT_NIM
P8597,CS_BT_NIM
P8598,CS_BT_NIM
P8599,PN_PIQ
P8600,PN_PIQ
P8601,PN_PIQ
P8603,CS_BT_NIM
P8604,PN_PIQ
P8605,AN_PA
P8606,CS_BT_NIM
P8607,CS_BT_NIM
P8608,CS_BT_NIM
P8609,CS_BT_NIM
P8610,CS_BT_NIM
P8611,CS_BT_NIM
P8612,CS_BT_NIM
P8613,AN_PA
P8614,CS_BT_NIM
P8615,CS_BT_NIM
P8616,CS_BT_NIM
P8617,CS_BT_NIM
P8618,CS_BT_NIM
P8619,CS_BT_NIM
P8620,AN_PA
P8621,CS_BT_NIM
P8622,CS_BT_NIM
P8623,CS_BT_NIM
P8624,CS_BT_NIM
P8625,CS_BT_NIM
P8626,CS_BT_NIM
P8627,CS_BT_NIM
P8628,CS_BT_NIM
P8629,CS_BT_NIM
P8630,CS_BT_NIM
P8631,CS_BT_NIM
P8632,CS_BT_NIM
P8633,PN_PIQ
P8634,CS_BT_NIM
P8636,CS_BT_NIM
P8638,CS_BT_NIM
P8639,CS_BT_NIM
P8640,CS_BT_NIM
P8641,CS_BT_NIM
P8642,CS_BT_NIM
P8643,CS_BT_NIM
P8644,PN_PIQ
P8645,PN_PIQ
P8646,CS_BT_NIM
P8648,CS_BT_NIM
P8649,CS_BT_NIM
P8650,CS_BT_NIM
P8652,CS_BT_NIM
P8653,CS_BT_NIM
P8654,PN_PIQ
P8655,PN_PIQ
P8656,PN_PIQ
P8657,PN_PIQ
P8658,CS_BT_NIM
P8659,CS_BT_NIM
P8660,CS_BT_NIM
P8661,CS_BT_NIM
P8662,PN_PIQ
P8663,CS_BT_NIM
P8664,PN_PIQ
P8665,CS_BT_NIM
P8666,CS_BT_NIM
P8667,PN_PIQ
P8668,PN_PIQ
P8669,CS_BT_NIM
P8670,PN_PIQ
P8671,CS_BT_NIM
P8672,PN_PIQ
P8673,PN_PIQ
P8674,PN_PIQ
P8675,CS_BT_NIM
P8676,PN_PIQ
P8677,CS_BT_NIM
P8678,CS_NGT_NIM
P8679,CS_NGT_NIM
P8680,CS_NGT_NIM
P8681,CS_BT_NIM
P8683,CS_BT_NIM
P8684,CS_BT_NIM
P8685,CS_BT_NIM
P8687,MA_TO_CO_JA
P8688,MA_TO_CO_JA
P8689,CS_BT_NIM
P8695,CS_BT_NIM
P8697,CS_BT_NIM
P8699,CS_BT_NIM
P8700,PN_PIQ
P8701,CS_BT_NIM
P8702,PN_PIQ
P8703,PN_PIQ
P8704,PN_PIQ
P8705,CS_BT_NIM
P8706,PN_PIQ
P8707,CS_BT_NIM
P8708,CS_BT_NIM
P8709,CS_BT_NIM
P8710,CS_BT_NIM
P8711,CS_BT_NIM
P8713,CS_BT_NIM
P8714,CS_BT_NIM
P8715,AN_NU
P8716,CS_BT_NIM
P8717,CS_BT_NIM
P8719,CS_BT_NIM
P8721,AN_NU
P8722,CS_BT_NIM
P8723,CS_BT_NIM
P8724,MA_TO_CO_JA
P8725,CS_BT_NIM
P8726,CS_BT_NIM
P8728,MA_TO_CO_JA
P8731,PN_PIQ
P8732,PN_PIQ
P8733,PN_PIQ
P8734,CS_BT_NIM
P8735,CS_BT_NIM
P8736,CS_BT_NIM
P8737,MA_TO_CO_JA
P8738,CS_BT_NIM
P8739,CS_BT_NIM
P8740,CS_BT_NIM
P8741,CS_BT_NIM
P8742,CS_BT_NIM
P8743,PN_PIQ
P8744,CS_BT_NIM
P8745,CS_BT_NIM
P8746,AN_PA
P8747,CS_BT_NIM
P8748,CS_BT_NIM
P8749,AN_PA
P8750,CS_BT_NIM
P8751,CS_BT_NIM
P8752,CS_BT_NIM
P8753,CS_BT_NIM
P8754,AN_PA
P8755,CS_BT_NIM
P8756,CS_BT_NIM
P8757,CS_BT_NIM
P8758,PN_PIQ
P8759,AN_PA
P8760,CS_BT_NIM
P8761,CS_BT_NIM
P8763,CS_BT_NIM
P8764,CS_BT_NIM
P8765,CS_BT_NIM
P8766,CS_BT_NIM
P8767,PN_PIQ
P8768,CS_BT_NIM
P8769,CS_BT_NIM
P8770,CS_NGT_NIM
P8771,CS_NGT_NIM
P8772,CS_NGT_NIM
P8774,CS_BT_NIM
P8775,CS_BT_NIM
P8776,CS_NGT_NIM
P8777,PN_PIQ
P8778,CS_NGT_NIM
P8779,PN_PIQ
P8780,PN_PIQ
P8781,CS_BT_NIM
P8782,CS_BT_NIM
P8783,CS_BT_NIM
P8784,AG
P8785,AG
P8786,CS_BT_NIM
P8787,CS_BT_NIM
P8788,CS_NGT_NIM
P8789,CS_NGT_NIM
P8790,CS_BT_NIM
P8791,CS_NGT_NIM
P8792,CS_NGT_NIM
P8793,MA_TO_CO_JA
P8794,CS_NGT_NIM
P8795,CS_NGT_NIM
P8796,CS_NGT_NIM
P8797,CS_NGT_NIM
P8801,CS_NGT_NIM
P8802,CS_NGT_NIM
P8803,CS_NGT_NIM
P8804,MA_TO_CO_JA
P8805,CS_NGT_NIM
P8806,CS_NGT_NIM
P8807,CS_NGT_NIM
P8808,CS_NGT_NISM
P8810,CS_NGT_NISM
P8811,CS_NGT_NIM
P8812,CS_NGT_NIM
P8813,CS_NGT_NIM
P8815,CS_NGT_NIM
P8816,CS_NGT_NIM
P8817,CS_NGT_NIM
P8818,CS_NGT_NISM
P8819,PN_PIQ
P8820,CS_NGT_NISM
P8821,PN_PIQ
P8822,CS_NGT_NIM
P8824,CS_NGT_NISM
P8825,PN_PIQ
P8826,CS_NGT_NIM
P8828,CS_NGT_NISM
P8829,CS_NGT_NIM
P8830,VE_BTGT
P8831,CS_NGT_NIM
P8833,CS_NGT_NISM
P8836,CS_BT_NIM
P8837,CS_BT_NIM
P8838,CS_BT_NIM
P8839,CS_BT_NIM
P8840,MA_TO_CO_JA
P8841,MA_TO_CO_JA
P8842,PN_PIQ
P8844,CS_BT_NIM
P8845,PN_PIQ
P8846,CS_BT_NIM
P8847,CS_BT_NIM
P8848,CS_BT_NIM
P8849,CS_BT_NIM
P8850,CS_BT_NIM
P8851,CS_BT_NIM
P8852,CS_NGT_NIM
P8853,CS_CGT_NIM
P8854,CS_CGT_NIM
P8855,CS_CGT_NIM
P8856,PN_PIQ
P8857,CS_CGT_NIM
P8858,JA
P8859,CS_BT_NIM
P8860,CS_BT_NIM
P8861,JA
P8862,PN_PIQ
P8863,CS_BT_NIM
P8864,CS_BT_NIM
P8866,CS_BT_NIM
P8867,JA
P8868,CS_NGT_NIM
P8869,CS_NGT_NIM
P8870,CS_NGT_NIM
P8871,CS_BT_NIM
P8872,CS_BT_NIM
P8873,CS_BT_NIM
P8874,PN_PIQ
P8875,CS_MG_NISM
P8876,CS_MG_NISM
P8877,CS_BT_NIM
P8878,CS_BT_NIM
P8879,CS_BT_NIM
P8880,CS_MG_NISM
P8881,PN_PIQ
P8882,CS_MG_NISM
P8883,CS_MG_NISM
P8884,CS_MG_NISM
P8885,PN_PIQ
P8886,CS_MG_NISM
P8887,CS_MG_NISM
P8888,CS_MG_NISM
P8889,CS_MG_NISM
P8890,PN_PIQ
P8891,CS_MG_NISM
P8892,CS_MG_NISM
P8893,CS_MG_NISM
P8894,CS_MG_NISM
P8895,CS_MG_NISM
P8896,CS_BT_NIM
P8897,CS_MG_NISM
P8898,PN_PIQ
P8899,CS_MG_NISM
P8900,CS_MG_NISM
P8901,CS_MG_NISM
P8902,CS_MG_NISM
P8904,PN_PIQ
P8905,CS_MG_NISM
P8906,CS_MG_NISM
P8907,CS_MG_NISM
P8908,CS_BT_NIM
P8909,CS_BT_NIM
P8910,CS_BT_NIM
P8911,CS_BT_NIM
P8912,CS_BT_NIM
P8913,CS_BT_NIM
P8914,CS_BT_NIM
P8915,CS_BT_NIM
P8916,CS_MG_NISM
P8917,CS_MG_NISM
P8918,CS_MG_NISM
P8919,PN_PIQ
P8920,CS_MG_NISM
P8921,CS_MG_NISM
P8922,CS_MG_NISM
P8923,CS_MG_NISM
P8924,CS_NGT_NISM
P8925,CS_NGT_NISM
P8927,CS_NGT_NISM
P8928,CS_NGT_NISM
P8929,CS_NGT_NIM
P8930,CS_NGT_NIM
P8931,CS_NGT_NISM
P8933,CS_NGT_NISM
P8934,CS_NGT_NIM
P8935,CS_NGT_NIM
P8936,CS_NGT_NISM
P8937,PN_PIQ
P8938,CS_MG_NISM
P8939,CS_MG_NISM
P8940,CS_MG_NISM
P8941,CS_MG_NISM
P8942,PN_PIQ
P8943,CS_BT_NIM
P8944,CS_BT_NIM
P8945,CS_BT_NIM
P8946,CS_BT_NIM
P8947,CS_BT_NIM
P8948,CS_BT_NIM
P8949,CS_BT_NIM
P8950,CS_BT_NIM
P8951,CS_BT_NIM
P8952,CS_BT_NIM
P8953,CS_BT_NIM
P8955,PN_PIQ
P8956,CS_MG_NISM
P8957,PN_PIQ
P8958,CS_BT_NIM
P8960,CS_MG_NISM
P8961,CS_MG_NISM
P8962,CS_MG_NISM
P8963,CS_MG_NISM
P8964,CS_MG_NISM
P8965,PN_PIQ
P8966,CS_MG_NISM
P8967,CS_MG_NISM
P8968,PN_PIQ
P8969,CS_MG_NISM
P8970,CS_MG_NISM
P8971,PN_PIQ
P8972,CS_MG_NISM
P8973,CS_MG_NISM
P8974,CS_MG_NISM
P8975,CS_MG_NISM
P8976,PN_PIQ
P8977,CS_MG_NISM
P8978,PN_PIQ
P8979,CS_MG_NISM
P8980,CS_MG_NISM
P8981,PN_PIQ
P8982,PN_PIQ
P8983,CS_MG_NISM
P8984,PN_PIQ
P8985,CS_MG_NISM
P8986,CS_MG_NISM
P8987,CS_MG_NISM
P8988,CS_MG_NISM
P8989,CS_MG_NISM
P8990,CS_MG_NISM
P8991,MA_TO_CO_JA
P8992,MA_TO_CO_JA
P8993,MA_TO_CO_JA
P8994,CS_MG_NISM
P8995,CS_MG_NISM
P8996,CS_MG_NISM
P8997,PN_PIQ
P8998,CS_MG_NISM
P8999,CS_MG_NISM
P9000,JA
P9001,CS_MG_NISM
P9002,CS_MG_NISM
P9003,CS_MG_NISM
P9004,CS_MG_NISM
P9005,CS_MG_NISM
P9006,PN_PIQ
P9007,CS_MG_NISM
P9008,CS_MG_NISM
P9009,CS_MG_NISM
P9010,CS_MG_NISM
P9011,CS_MG_NISM
P9012,CS_MG_NISM
P9013,CS_MG_NISM
P9014,CS_MG_NISM
P9015,CS_MG_NISM
P9016,CS_MG_NISM
P9017,CS_MG_NISM
P9018,CS_MG_NISM
P9019,PN_PIQ
P9020,JA
P9021,PN_PIQ
P9022,CS_MG_NISM
P9023,CS_MG_NISM
P9024,CS_MG_NISM
P9025,CS_MG_NISM
P9026,CS_MG_NISM
P9027,CS_MG_NISM
P9028,CS_MG_NISM
P9029,JA
P9030,CS_MG_NISM
P9031,CS_MG_NISM
P9032,CS_MG_NISM
P9033,CS_MG_NISM
P9034,CS_MG_NISM
P9035,CS_MG_NISM
P9036,CS_MG_NISM
P9037,CS_CGT_NIM
P9038,CS_CGT_NIM
P9039,CS_CGT_NIM
P9040,CS_CGT_NIM
P9042,CS_CGT_NIM
P9043,PN_PIQ
P9044,PN_PIQ
P9045,PN_PIQ
P9046,CS_CGT_NIM
P9047,PN_PIQ
P9049,PN_PIQ
P9050,CS_EGT_NIM
P9052,CS_EGT_NIM
P9053,CS_EGT_NIM
P9054,CS_EGT_NIM
P9056,CS_EGT_NIM
P9057,CS_NGT_NISM
P9058,CS_NGT_NIM
P9059,CS_NGT_NIM
P9060,CS_NGT_NIM
P9061,CS_NGT_NIM
P9062,CS_NGT_NIM
P9063,CS_NGT_NIM
P9064,CS_NGT_NIM
P9065,VE_BTGT
P9066,CS_NGT_NIM
P9067,CS_NGT_NISM
P9068,CS_NGT_NISM
P9070,BC_GTMG
P9071,CS_EGT_NIM
P9072,CS_EGT_NIM
P9073,CS_EGT_NIM
P9074,CS_EGT_NIM
P9075,CS_EGT_NIM
P9076,BC_GTMG
P9077,CS_EGT_NIM
P9079,JA
P9080,JA
P9081,CS_EGT_NIM
P9082,CS_EGT_NIM
P9083,BC_GTMG
P9084,CS_EGT_NIM
P9085,CS_EGT_NIM
P9086,CS_EGT_NIM
P9087,CS_EGT_NIM
P9088,BC_GTMG
P9089,CS_EGT_NIM
P9090,CS_EGT_NIM
P9091,CS_EGT_NIM
P9092,CS_EGT_NIM
P9093,CS_EGT_NIM
P9094,CS_EGT_NIM
P9096,CS_EGT_NIM
P9097,CS_NGT_NIM
P9098,CS_NGT_NIM
P9099,CS_NGT_NIM
P9100,CS_NGT_NIM
P9101,ME
P9102,CS_NGT_NIM
P9103,CS_NGT_NIM
P9104,CS_NGT_NIM
P9105,CS_EGT_NIM
P9106,BC_GTMG
P9107,CS_CGT_NIM
P9108,CS_CGT_NIM
P9109,CS_CGT_NIM
P9110,CS_CGT_NIM
P9111,CS_CGT_NIM
P9113,CS_CGT_NIM
P9114,CS_EGT_NIM
P9115,CS_EGT_NIM
P9116,CS_EGT_NIM
P9117,CS_EGT_NIM
P9118,CS_EGT_NIM
P9119,JA
P9120,BC_GTMG
P9121,CS_EGT_NIM
P9122,CS_NGT_NISM
P9123,CS_NGT_NISM
P9124,CS_NGT_NIM
P9125,CS_NGT_NIM
P9126,CS_NGT_NIM
P9127,CS_NGT_NISM
P9128,CS_NGT_NIM
P9129,CS_CGT_NIM
P9130,CS_CGT_NIM
P9131,CS_CGT_NIM
P9132,PN_PIQ
P9133,BC_GTMG
P9134,JA
P9135,CS_CGT_NIM
P9136,CS_CGT_NIM
P9137,CS_CGT_NIM
P9138,CS_NGT_NISM
P9139,CS_NGT_NISM
P9140,CS_NGT_NIM
P9141,CS_NGT_NIM
P9142,CS_NGT_NIM
P9143,CS_NGT_NISM
P9144,CS_NGT_NIM
P9145,CS_NGT_NIM
P9146,CS_NGT_NIM
P9147,CS_NGT_NIM
P9148,CS_NGT_NIM
P9149,CS_NGT_NIM
P9150,CS_NGT_NIM
P9151,CS_NGT_NIM
P9152,CS_NGT_NIM
P9153,CS_NGT_NIM
P9155,CS_NGT_NIM
P9156,CS_NGT_NIM
P9157,CS_NGT_NIM
P9158,CS_NGT_NIM
P9159,CS_NGT_NIM
P9160,CS_EGT_NIM
P9161,CS_EGT_NIM
P9163,BC_GTMG
P9164,BC_GTMG
P9165,JA
P9166,BC_GTMG
P9167,CS_NGT_NIM
P9168,CS_NGT_NIM
P9169,CS_NGT_NIM
P9170,CS_NGT_NIM
P9171,PN_PIQ
P9172,CS_NGT_NIM
P9173,CS_NGT_NISM
P9174,CS_NGT_NISM
P9175,CS_NGT_NISM
P9176,CS_NGT_NISM
P9178,CS_NGT_NIM
P9179,PN_PIQ
P9181,CS_CGT_NIM
P9183,CS_CGT_NIM
P9184,IG_PLA
P9185,CS_CGT_NIM
P9186,CS_CGT_NIM
P9187,MA_TO_CO_JA
P9188,CS_NGT_NIM
P9189,PN_PIQ
P9190,CS_NGT_NISM
P9191,CS_NGT_NISM
P9192,CS_NGT_NISM
P9195,CS_NGT_NISM
P9196,CS_NGT_NISM
P9197,CS_CGT_NIM
P9198,CS_CGT_NIM
P9199,CS_CGT_NIM
P9202,CS_CGT_NIM
P9203,CS_CGT_NIM
P9204,AN_PA
P9205,CS_CGT_NIM
P9206,CS_CGT_NIM
P9207,AN_PA
P9208,CS_CGT_NIM
P9209,CS_CGT_NIM
P9210,CS_CGT_NIM
P9211,PN_PIQ
P9212,CS_EGT_NIM
P9213,CS_EGT_NIM
P9214,PN_PIQ
P9216,CS_CGT_NIM
P9217,CS_NGT_NIM
P9219,CS_NGT_NIM
P9220,ME
P9221,CS_NGT_NISM
P9225,VE_BTGT
P9226,CS_EGT_NIM
P9227,VE_BTGT
P9228,CS_NGT_NIM
P9229,CS_NGT_NIM
P9230,CS_EGT_NIM
P9231,CS_EGT_NIM
P9232,CS_CGT_NIM
P9233,PN_PIQ
P9234,CS_CGT_NIM
P9235,CS_CGT_NIM
P9236,PN_PIQ
P9238,CS_CGT_NIM
P9239,CS_CGT_NIM
P9240,PN_PIQ
P9241,PN_PIQ
P9242,CS_CGT_NIM
P9243,CS_NGT_NIM
P9244,CS_EGT_NIM
P9245,CS_EGT_NIM
P9246,PN_PIQ
P9247,PN_PIQ
P9248,PN_PIQ
P9249,MA_TO_CO_JA
P9250,MA_TO_CO_JA
P9251,MA_TO_CO_JA
P9252,MA_TO_CO_JA
P9253,PN_PIQ
P9254,PN_PIQ
P9255,PN_PIQ
P9256,PN_PIQ
P9257,CS_EGT_NIM
P9258,CS_EGT_NIM
P9259,PN_PIQ
P9260,CS_CGT_NIM
P9261,CS_CGT_NIM
P9262,CS_CGT_NIM
P9263,VE_BTGT
P9264,CS_CGT_NIM
P9265,CS_NGT_NIM
P9266,PN_PIQ
P9267,PN_PIQ
P9268,CS_EGT_NIM
P9269,CS_CGT_NIM
P9270,PN_PIQ
P9271,CS_CGT_NIM
P9272,CS_EGT_NIM
P9273,CS_CGT_NIM
P9274,CS_CGT_NIM
P9275,PN_PIQ
P9276,CS_CGT_NIM
P9277,VE_BTGT
P9278,CS_CGT_NIM
P9279,CS_EGT_NIM
P9280,PN_PIQ
P9281,PN_PIQ
P9282,PN_PIQ
P9283,PN_PIQ
P9284,CS_EGT_NIM
P9285,PN_PIQ
P9286,PN_PIQ
P9287,PN_PIQ
P9288,CS_EGT_NIM
P9289,CS_EGT_NIM
P9290,CS_CGT_NIM
P9291,CS_CGT_NIM
P9292,PN_PIQ
P9293,CS_CGT_NIM
P9294,PN_PIQ
P9295,CS_EGT_NIM
P9296,CS_EGT_NIM
P9297,PN_PIQ
P9298,PN_PIQ
P9301,PN_PIQ
P9303,PN_PIQ
P9304,PN_PIQ
P9305,PN_PIQ
P9306,MA_ROTA
P9307,MA_ROTA
P9309,CS_CGT_NIM
P9310,CS_CGT_NIM
P9311,CS_CGT_NIM
P9312,CS_CGT_NIM
P9313,CS_CGT_NIM
P9314,CS_NGT_NIM
P9315,CS_NGT_NISM
P9316,CS_NGT_NIM
P9317,CS_NGT_NIM
P9318,CS_NGT_NISM
P9319,CS_NGT_NIM
P9320,CS_EGT_NISM
P9321,PN_PIQ
P9322,CS_EGT_NIM
P9324,CS_EGT_NIM
P9325,CS_EGT_NIM
P9326,CS_EGT_NIM
P9328,CS_EGT_NIM
P9329,PN_PIQ
P9330,PN_PIQ
P9331,PN_PIQ
P9332,CS_EGT_NIM
P9333,CS_EGT_NIM
P9334,CS_EGT_NIM
P9335,CS_EGT_NIM
P9336,PN_PIQ
P9337,MA_TO_CO_JA
P9338,MA_TO_CO_JA
P9339,CS_EGT_NIM
P9340,CS_EGT_NIM
P9341,CS_NGT_NIM
P9342,CS_NGT_NIM
P9343,CS_NGT_NIM
P9344,CS_NGT_NIM
P9345,CS_NGT_NISM
P9346,CS_NGT_NISM
P9347,CS_NGT_NIM
P9348,CS_NGT_NIM
P9349,CS_NGT_NISM
P9350,CS_NGT_NIM
P9351,VE_BTGT
P9352,PN_PIQ
P9353,CS_CGT_NIM
P9354,PN_PIQ
P9355,CS_EGT_NIM
P9356,JA
P9357,CS_NGT_NIM
P9358,CS_NGT_NIM
P9359,CS_NGT_NIM
P9360,CS_NGT_NISM
P9361,PN_PIQ
P9362,CS_NGT_NIM
P9363,CS_NGT_NIM
P9364,CS_NGT_NIM
P9366,CS_NGT_NIM
P9367,CS_NGT_NIM
P9368,CS_CGT_NIM
P9371,CS_CGT_NIM
P9372,CS_EGT_NIM
P9373,CS_MG_NISM
P9375,CS_NGT_NIM
P9378,ME
P9379,ME
P9382,CS_EGT_NIM
P9383,CS_EGT_NIM
P9384,CS_EGT_NIM
P9385,CS_EGT_NIM
P9386,CS_EGT_NIM
P9387,CS_EGT_NIM
P9388,VE_BTGT
P9389,PN_PIQ
P9390,BA_SINT
P9392,BA_SINT
P9393,MA_TO_CO_JA
P9394,BA_SINT
P9395,MA_TO_CO_JA
P9398,BA_INT
P9400,MA_TO_CO_JA
P9402,MA_TO_CO_JA
P9403,MA_TO_CO_JA
P9405,BA_INT
P9406,MA_TO_CO_JA
P9407,MA_TO_CO_JA
P9409,JA
P9410,BA_INT
P9411,PN_PIQ
P9412,CS_MG_NISM
P9413,CS_MG_NISM
P9414,CS_MG_NISM
P9415,CS_MG_NISM
P9416,PN_PIQ
P9417,CS_MG_NISM
P9418,CS_MG_NISM
P9419,CS_MG_NISM
P9420,CS_MG_NISM
P9421,CS_MG_NISM
P9422,CS_MG_NISM
P9423,CS_MG_NISM
P9424,PN_PIQ
P9425,PN_PIQ
P9426,CS_MG_NISM
P9427,CS_MG_NISM
P9428,CS_MG_NISM
P9429,CS_MG_NISM
P9430,PN_PIQ
P9431,CS_MG_NISM
P9432,PN_PIQ
P9433,CS_MG_NISM
P9434,CS_MG_NISM
P9435,CS_MG_NISM
P9436,CS_MG_NISM
P9437,PN_PIQ
P9438,CS_MG_NISM
P9439,PN_PIQ
P9440,CS_MG_NISM
P9441,CS_MG_NISM
P9442,CS_MG_NISM
P9443,MA_TO_CO_JA
P9444,CS_MG_NISM
P9445,CS_MG_NISM
P9446,CS_MG_NISM
P9447,CS_MG_NISM
P9448,MA_TO_CO_JA
P9449,CS_MG_NISM
P9451,CS_MG_NISM
P9452,JA
P9453,CS_MG_NISM
P9454,CS_MG_NISM
P9455,CS_MG_NISM
P9456,CS_MG_NISM
P9457,CS_MG_NISM
P9458,PN_PIQ
P9459,CS_MG_NISM
P9460,JA
P9461,PN_PIQ
P9462,PN_PIQ
P9463,CS_MG_NISM
P9464,CS_MG_NISM
P9465,CS_MG_NISM
P9466,CS_MG_NISM
P9467,CS_MG_NISM
P9468,CS_MG_NISM
P9469,CS_MG_NISM
P9470,PN_PIQ
P9471,CS_MG_NISM
P9472,PN_PIQ
P9473,CS_MG_NISM
P9474,PN_PIQ
P9475,JA
P9476,PN_PIQ
P9477,CS_MG_NISM
P9478,CS_MG_NISM
P9479,CS_MG_NISM
P9480,CS_MG_NISM
P9481,PN_PIQ
P9482,CS_MG_NISM
P9483,PN_PIQ
P9484,CS_MG_NISM
P9485,PN_PIQ
P9486,CS_MG_NISM
P9487,PN_PIQ
P9488,CS_EGT_NIM
P9489,CS_EGT_NISM
P9490,CS_EGT_NIM
P9492,CS_MG_NISM
P9493,CS_MG_NISM
P9494,CS_CGT_NIM
P9495,CS_CGT_NIM
P9496,CS_CGT_NIM
P9497,CS_EGT_NIM
P9499,CS_EGT_NIM
P9500,CS_EGT_NIM
P9501,CS_EGT_NIM
P9502,CS_EGT_NIM
P9503,MA_ROTA
P9504,CS_NGT_NIM
P9505,CS_NGT_NIM
P9506,CS_NGT_NIM
P9507,CS_NGT_NIM
P9508,CS_NGT_NIM
P9509,CS_NGT_NIM
P9511,PN_PIQ
P9512,PN_PIQ
P9513,CS_MG_NISM
P9514,CS_MG_NISM
P9515,CS_MG_NISM
P9516,CS_MG_NISM
P9517,CS_NGT_NIM
P9518,CS_NGT_NISM
P9519,CS_NGT_NIM
P9520,CS_CGT_NIM
P9521,CS_CGT_NIM
P9522,PN_PIQ
P9523,CS_CGT_NIM
P9524,CS_CGT_NIM
P9526,CS_NGT_NIM
P9527,CS_NGT_NIM
P9528,CS_NGT_NIM
P9529,CS_NGT_NIM
P9530,CS_NGT_NIM
P9531,CS_NGT_NIM
P9532,CS_NGT_NISM
P9533,CS_EGT_NIM
P9534,PN_PIQ
P9535,PN_PIQ
P9536,CS_EGT_NIM
P9537,PN_PIQ
P9538,PN_PIQ
P9539,CS_EGT_NIM
P9540,PN_PIQ
P9541,CS_EGT_NIM
P9542,CS_EGT_NIM
P9543,CS_EGT_NIM
P9544,CS_EGT_NIM
P9545,BC_GTMG
P9546,CS_EGT_NIM
P9547,CS_EGT_NIM
P9548,CS_EGT_NIM
P9549,CS_EGT_NIM
P9550,CS_EGT_NIM
P9551,BC_GTMG
P9552,JA
P9553,CS_EGT_NIM
P9554,BC_GTMG
P9555,JA
P9556,CS_EGT_NIM
P9557,BC_GTMG
P9558,JA
P9559,CS_CGT_NIM
P9560,CS_CGT_NIM
P9561,CS_CGT_NIM
P9562,CS_EGT_NIM
P9563,BC_GTMG
P9564,PN_PIQ
P9565,CS_NGT_NIM
P9566,CS_NGT_NIM
P9568,PN_PIQ
P9569,CS_NGT_NIM
P9570,CS_NGT_NIM
P9571,CS_NGT_NIM
P9572,CS_NGT_NIM
P9573,CS_NGT_NIM
P9574,PN_PIQ
P9575,PN_PIQ
P9576,CS_NGT_NIM
P9577,CS_NGT_NIM
P9578,CS_NGT_NIM
P9579,PN_PIQ
P9580,CS_NGT_NIM
P9581,CS_NGT_NIM
P9582,CS_NGT_NISM
P9583,CS_NGT_NIM
P9584,CS_NGT_NIM
P9585,CS_NGT_NIM
P9586,CS_NGT_NIM
P9587,CS_NGT_NIM
P9588,CS_NGT_NIM
P9589,CS_NGT_NIM
P9590,CS_CGT_NIM
P9591,CS_CGT_NIM
P9592,CS_CGT_NIM
P9593,CS_CGT_NIM
P9594,VE_BTGT
P9595,CS_CGT_NIM
P9596,CS_CGT_NIM
P9597,CS_CGT_NIM
P9598,CS_CGT_NIM
P9599,PN_PIQ
P9600,PN_PIQ
P9601,PN_PIQ
P9602,PN_PIQ
P9603,PN_PIQ
P9604,PN_PIQ
P9605,PN_PIQ
P9606,PN_PIQ
P9607,CS_NGT_NIM
P9609,CS_NGT_NIM
P9615,CS_EGT_NIM
P9616,PN_PIQ
P9617,PN_PIQ
P9618,PN_PIQ
P9619,PN_PIQ
P9620,PN_PIQ
P9621,CS_NGT_NISM
P9622,CS_CGT_NIM
P9623,CS_CGT_NIM
P9624,CS_CGT_NIM
P9625,CS_CGT_NIM
P9626,CS_CGT_NIM
P9627,PN_PIQ
P9628,CS_NGT_NIM
P9629,VE_BTGT
P9630,CS_NGT_NIM
P9631,CS_NGT_NIM
P9633,PN_PIQ
P9634,PN_PIQ
P9635,CS_NGT_NIM
P9636,CS_NGT_NIM
P9637,CS_NGT_NIM
P9638,CS_NGT_NISM
P9639,CS_NGT_NIM
P9640,CS_NGT_NISM
P9641,CS_NGT_NIM
P9643,CS_NGT_NISM
P9644,CS_NGT_NIM
P9645,CS_NGT_NISM
P9646,PN_PIQ
P9647,PN_PIQ
P9649,CS_NGT_NIM
P9650,CS_NGT_NIM
P9652,CS_NGT_NIM
P9653,PN_PIQ
P9654,PN_PIQ
P9655,PN_PIQ
P9656,PN_PIQ
P9657,CS_NGT_NIM
P9658,CS_NGT_NIM
P9659,CS_NGT_NIM
P9660,CS_NGT_NIM
P9661,MA_TO_CO_JA
P9662,CS_NGT_NIM
P9663,CS_NGT_NISM
P9665,CS_NGT_NIM
P9666,PN_PIQ
P9667,CS_NGT_NIM
P9668,CS_NGT_NIM
P9669,CS_NGT_NIM
P9670,CS_NGT_NIM
P9671,CS_NGT_NIM
P9673,CS_NGT_NIM
P9674,CS_NGT_NIM
P9675,PN_PIQ
P9676,PN_PIQ
P9677,CS_NGT_NIM
P9678,CS_NGT_NISM
P9679,CS_NGT_NIM
P9681,CS_NGT_NIM
P9683,MA_TO_CO_JA
P9686,CS_NGT_NIM
P9688,CS_NGT_NIM
P9689,CS_NGT_NIM
P9695,CS_NGT_NIM
P9696,CS_NGT_NISM
P9698,CS_NGT_NIM
P9699,CS_NGT_NIM
P9700,PN_PIQ
P9701,CS_NGT_NIM
P9702,CS_NGT_NIM
P9703,CS_NGT_NIM
P9705,CS_NGT_NISM
P9706,JA
P9707,CS_NGT_NIM
P9708,CS_NGT_NIM
P9710,CS_NGT_NIM
P9711,CS_NGT_NIM
P9712,BC_GTMG
P9713,CS_NGT_NIM
P9714,JA
P9715,PN_PIQ
P9716,CS_NGT_NIM
P9717,CS_NGT_NIM
P9718,CS_NGT_NIM
P9719,CS_MG_NISM
P9720,CS_MG_NISM
P9721,CS_MG_NISM
P9722,CS_MG_NISM
P9723,CS_MG_NISM
P9724,CS_MG_NISM
P9725,CS_MG_NISM
P9726,CS_MG_NISM
P9727,CS_MG_NISM
P9728,PN_PIQ
P9729,CS_MG_NISM
P9730,CS_MG_NISM
P9731,CS_MG_NISM
P9732,PN_PIQ
P9733,CS_MG_NISM
P9734,PN_PIQ
P9735,PN_PIQ
P9736,PN_PIQ
P9737,CS_MG_NISM
P9738,PN_PIQ
P9739,CS_MG_NISM
P9740,CS_MG_NISM
P9741,PN_PIQ
P9742,CS_MG_NISM
P9743,CS_MG_NISM
P9744,PN_PIQ
P9747,CS_BT_NIM
P9748,CS_BT_NIM
P9749,PN_PIQ
P9750,CS_NGT_NIM
P9751,PN_PIQ
P9752,CS_NGT_NIM
P9753,CS_MG_NISM
P9754,CS_MG_NISM
P9755,CS_BT_NIM
P9756,CS_BT_NIM
P9757,CS_BT_NIM
P9758,CS_BT_NIM
P9759,PN_PIQ
P9760,PN_PIQ
P9761,CS_BT_NIM
P9763,CS_BT_NIM
P9764,AG
P9767,BC_GTMG
P9768,BC_GTMG
P9769,BC_GTMG
P9770,CS_NGT_NIM
P9771,CS_NGT_NIM
P9772,BC_GTMG
P9773,BC_GTMG
P9774,BC_GTMG
P9775,JA
P9776,CS_NGT_NIM
P9777,BC_GTMG
P9778,CS_CGT_NIM
P9779,BC_GTMG
P9780,BC_GTMG
P9781,CS_CGT_NIM
P9782,JA
P9783,BC_GTMG
P9784,CS_CGT_NIM
P9785,JA
P9786,CS_CGT_NIM
P9787,PN_PIQ
P9788,CS_BT_NIM
P9789,PN_PIQ
P9791,PN_PIQ
P9794,VE_BTGT
P9795,VE_BTGT
P9796,CS_NGT_NIM
P9797,CS_NGT_NIM
P9798,CS_BT_NIM
P9799,CS_BT_NIM
P9800,CS_BT_NIM
P9803,CS_BT_NISM
P9804,CS_NGT_NIM
P9805,CS_NGT_NIM
P9806,CS_NGT_NISM
P9807,PN_PIQ
P9808,CS_NGT_NIM
P9809,CS_NGT_NIM
P9810,BC_GTMG
P9811,CS_NGT_NIM
P9812,CS_NGT_NIM
P9813,BC_GTMG
P9814,JA
P9815,CS_NGT_NIM
P9816,JA
P9817,CS_NGT_NIM
P9818,CS_NGT_NIM
P9819,CS_NGT_NIM
P9820,BC_GTMG
P9821,CS_BT_NIM
P9825,CS_NGT_NIM
P9826,CS_NGT_NIM
P9827,CS_NGT_NIM
P9828,CS_NGT_NIM
P9829,CS_BT_NIM
P9831,CS_BT_NIM
P9832,PN_PIQ
P9833,CS_BT_NIM
P9834,PN_PIQ
P9835,CS_MG_NISM
P9836,CS_MG_NISM
P9837,PN_PIQ
P9838,CS_MG_NISM
P9839,CS_NGT_NISM
P9843,CS_NGT_NIM
P9845,CS_NGT_NIM
P9846,PN_PIQ
P9847,PN_PIQ
P9849,PN_PIQ
P9850,PN_PIQ
P9851,CS_NGT_NISM
P9852,CS_NGT_NIM
P9853,CS_NGT_NIM
P9854,CS_BT_NIM
P9856,CS_BT_NIM
P9858,CS_BT_NIM
P9859,CS_BT_NIM
P9860,CS_BT_NIM
P9861,CS_BT_NIM
P9863,CS_BT_NIM
P9864,CS_BT_NIM
P9865,CS_BT_NIM
P9866,CS_BT_NIM
P9869,CS_BT_NIM
P9870,CS_BT_NIM
P9871,CS_BT_NIM
P9873,CS_BT_NIM
P9874,CS_BT_NIM
P9875,CS_BT_NIM
P9877,CS_BT_NIM
P9878,CS_BT_NIM
P9879,CS_BT_NIM
P9889,CS_BT_NIM
P9890,CS_BT_NIM
P9891,CS_BT_NIM
P9901,CS_BT_NIM
P9903,CS_BT_NIM
P9905,CS_BT_NIM
P9906,CS_BT_NIM
P9913,CS_BT_NIM
P9915,CS_BT_NIM
P9916,CS_BT_NIM
P9917,CS_BT_NIM
P9919,CS_BT_NIM
P9920,CS_BT_NIM
P9922,AN_PA
P9927,CS_BT_NIM
P9930,CS_BT_NIM
P9931,CS_BT_NIM
P9935,CS_BT_NIM
P9937,CS_BT_NIM
P9938,CS_BT_NIM
P9941,CS_BT_NIM
P9942,CS_BT_NIM
P9943,CS_BT_NIM
P9945,CS_BT_NIM
P9946,CS_BT_NIM
P9947,CS_BT_NIM
P9950,CS_SBT_NIM
P9951,CS_BT_NIM
P9954,CS_BT_NIM
P9955,CS_BT_NIM
P9957,CS_BT_NIM
P9958,CS_CGT_NIM
P9959,CS_CGT_NIM
P9960,CS_NGT_NISM
P9961,CS_NGT_NIM
P9962,CS_BT_NIM
P9963,CS_SBT_NIM
P9965,CS_BT_NIM
P9967,CS_CGT_NIM
P9968,CS_BT_NIM
P9969,CS_BT_NIM
P9970,CS_BT_NIM
P9971,CS_BT_NIM
P9972,CS_BT_NIM
P9973,CS_BT_NIM
P9974,CS_BT_NIM
P9975,CS_BT_NIM
P9976,CS_BT_NIM
P9977,CS_BT_NISM
P9978,CS_BT_NIM
P9979,ME
P9980,ME
P9981,ME
P9983,ME
P9984,ME
P9985,MA_TO_CO_JA
P9986,ME
P9987,ME
P9988,CS_EGT_NIM
P9989,CS_EGT_NIM
P9990,CS_BT_NIM
P9991,PN_PIQ
P9992,CS_BT_NIM
P9994,CS_BT_NIM
P9995,CS_BT_NIM
P9996,CS_BT_NIM
P9997,PN_PIQ
P9998,PN_PIQ
P9999,CS_BT_NIM
P10000,MA_ROTA
P10001,CS_CGT_NIM
P10002,CS_CGT_NIM
P10003,CS_CGT_NIM
P10004,CS_CGT_NIM
P10005,BC_GTMG
P10006,CS_CGT_NIM
P10007,CS_CGT_NIM
P10008,CS_CGT_NIM
P10009,CS_CGT_NIM
P10010,JA
P10011,CS_CGT_NIM
P10012,CS_EGT_NIM
P10013,CS_EGT_NIM
P10014,CS_EGT_NIM
P10015,CS_EGT_NIM
P10016,CS_EGT_NIM
P10017,CS_EGT_NIM
P10018,CS_EGT_NIM
P10019,CS_NGT_NIM
P10020,CS_NGT_NISM
P10022,CS_NGT_NISM
P10024,CS_NGT_NIM
P10026,CS_NGT_NISM
P10027,CS_NGT_NISM
P10028,PN_PIQ
P10029,PN_PIQ
P10030,PN_PIQ
P10031,PN_PIQ
P10034,PN_PIQ
P10035,CS_NGT_NIM
P10036,CS_NGT_NISM
P10037,CS_NGT_NIM
P10038,CS_NGT_NIM
P10039,PN_PIQ
P10044,CS_NGT_NIM
P10045,CS_NGT_NIM
P10046,PN_PIQ
P10047,CS_NGT_NISM
P10048,CS_NGT_NIM
P10049,CS_NGT_NIM
P10050,CS_NGT_NIM
P10051,CS_NGT_NIM
P10053,MA_ROTA
P10054,CS_BT_NIM
P10055,PN_PIQ
P10056,PN_PIQ
P10057,PN_PIQ
P10058,CS_BT_NIM
P10059,CS_BT_NIM
P10060,PN_PIQ
P10061,CS_BT_NIM
P10062,PN_PIQ
P10063,JA
P10064,CS_BT_NIM
P10065,CS_BT_NIM
P10066,CS_BT_NIM
P10067,CS_BT_NIM
P10068,CS_BT_NIM
P10069,CS_BT_NIM
P10070,CS_BT_NIM
P10071,CS_BT_NIM
P10072,PN_PIQ
P10073,PN_PIQ
P10074,PN_PIQ
P10075,PN_PIQ
P10076,CS_EGT_NISM
P10077,JA
P10078,BC_GTMG
P10079,PN_PIQ
P10080,MA_ROTA
P10081,MA_ROTA
P10082,MA_ROTA
P10083,CS_BT_NIM
P10084,CS_BT_NIM
P10085,CS_BT_NIM
P10086,CS_BT_NIM
P10087,CS_BT_NIM
P10088,CS_BT_NIM
P10089,IG_TUT
P10090,PN_PIQ
P10091,PN_PIQ
P10092,PN_PIQ
P10093,CS_NGT_NIM
P10095,CS_NGT_NIM
P10097,CS_NGT_NIM
P10098,ME
P10099,ME
P10100,CS_NGT_NIM
P10101,CS_BT_NIM
P10102,MA_TO_CO_JA
P10103,CS_BT_NIM
P10104,PN_PIQ
P10106,JA
P10108,CS_BT_NIM
P10109,CS_BT_NIM
P10110,CS_BT_NIM
P10111,CS_BT_NIM
P10115,CS_BT_NIM
P10116,CS_NGT_NIM
P10117,CS_NGT_NIM
P10118,PN_PIQ
P10119,CS_NGT_NIM
P10120,CS_NGT_NIM
P10121,PN_PIQ
P10122,VE_BTGT
P10123,CS_NGT_NIM
P10124,CS_NGT_NIM
P10125,CS_BT_NIM
P10127,CS_BT_NIM
P10128,CS_BT_NIM
P10129,CS_BT_NIM
P10130,CS_BT_NIM
P10131,CS_BT_NIM
P10132,CS_BT_NIM
P10133,CS_BT_NIM
P10134,CS_BT_NIM
P10135,CS_BT_NIM
P10136,CS_BT_NIM
P10137,CS_BT_NIM
P10138,CS_BT_NIM
P10139,CS_BT_NIM
P10140,CS_BT_NIM
P10141,AN_PA
P10142,CS_BT_NIM
P10143,CS_BT_NIM
P10144,CS_BT_NIM
P10145,CS_BT_NIM
P10146,CS_BT_NIM
P10147,CS_BT_NIM
P10148,CS_BT_NIM
P10149,AN_PA
P10150,AN_PA
P10151,AN_PA
P10152,AN_PA
P10153,CS_BT_NIM
P10154,CS_BT_NIM
P10155,CS_BT_NIM
P10156,CS_BT_NIM
P10157,CS_BT_NIM
P10158,AN_PA
P10159,AN_PA
P10162,AN_PA
P10163,CS_BT_NIM
P10164,CS_NGT_NIM
P10165,CS_NGT_NIM
P10166,CS_NGT_NIM
P10167,PN_PIQ
P10168,CS_NGT_NIM
P10169,CS_NGT_NIM
P10170,CS_NGT_NISM
P10171,CS_NGT_NISM
P10172,PN_PIQ
P10173,CS_NGT_NIM
P10174,CS_NGT_NIM
P10175,CS_NGT_NIM
P10176,CS_NGT_NISM
P10177,CS_NGT_NISM
P10178,CS_NGT_NIM
P10181,JA
P10182,CS_NGT_NISM
P10183,CS_NGT_NIM
P10184,PN_PIQ
P10185,CS_NGT_NISM
P10186,CS_NGT_NISM
P10187,CS_NGT_NIM
P10188,CS_NGT_NIM
P10189,CS_NGT_NIM
P10190,PN_PIQ
P10191,PN_PIQ
P10192,CS_NGT_NIM
P10193,CS_NGT_NISM
P10194,CS_NGT_NIM
P10195,CS_NGT_NIM
P10196,CS_NGT_NIM
P10197,PN_PIQ
P10198,CS_NGT_NIM
P10199,CS_NGT_NIM
P10200,CS_NGT_NIM
P10201,CS_NGT_NIM
P10203,CS_BT_NIM
P10204,CS_BT_NIM
P10205,CS_NGT_NIM
P10206,CS_NGT_NIM
P10208,CS_NGT_NISM
P10210,CS_BT_NIM
P10211,CS_BT_NIM
P10212,CS_BT_NIM
P10213,CS_BT_NIM
P10214,CS_BT_NIM
P10215,CS_BT_NIM
P10216,CS_BT_NIM
P10217,CS_BT_NIM
P10218,CS_BT_NIM
P10219,CS_BT_NIM
P10220,CS_BT_NIM
P10221,CS_BT_NIM
P10222,CS_BT_NIM
P10223,CS_BT_NIM
P10224,CS_BT_NIM
P10225,CS_BT_NIM
P10226,CS_BT_NIM
P10227,CS_BT_NIM
P10228,CS_BT_NIM
P10229,CS_BT_NIM
P10230,CS_BT_NIM
P10231,CS_BT_NIM
P10232,CS_BT_NIM
P10233,CS_BT_NIM
P10234,CS_BT_NIM
P10235,CS_BT_NIM
P10236,CS_BT_NIM
P10237,CS_BT_NIM
P10238,CS_BT_NIM
P10239,CS_BT_NIM
P10240,CS_BT_NIM
P10241,CS_BT_NIM
P10242,CS_BT_NIM
P10243,CS_BT_NIM
P10244,CS_BT_NIM
P10245,CS_BT_NIM
P10246,CS_BT_NIM
P10247,CS_BT_NIM
P10248,CS_BT_NIM
P10249,CS_BT_NIM
P10250,CS_BT_NIM
P10251,CS_BT_NIM
P10252,CS_BT_NIM
P10253,CS_BT_NIM
P10254,CS_BT_NIM
P10255,CS_BT_NIM
P10256,CS_BT_NIM
P10257,CS_BT_NIM
P10258,CS_BT_NIM
P10259,CS_BT_NIM
P10260,CS_BT_NIM
P10261,CS_BT_NIM
P10262,CS_BT_NIM
P10263,CS_BT_NIM
P10264,CS_BT_NIM
P10265,CS_BT_NIM
P10266,CS_BT_NIM
P10267,CS_BT_NIM
P10268,CS_BT_NIM
P10269,CS_BT_NIM
P10270,CS_BT_NIM
P10271,CS_BT_NIM
P10272,CS_BT_NIM
P10273,CS_BT_NIM
P10274,CS_BT_NIM
P10275,CS_BT_NISM
P10276,CS_BT_NIM
P10277,CS_BT_NIM
P10278,CS_BT_NIM
P10279,CS_BT_NIM
P10280,CS_BT_NIM
P10281,CS_BT_NIM
P10282,CS_BT_NIM
P10283,CS_BT_NIM
P10284,MA_TO_CO_JA
P10286,MA_TO_CO_JA
P10287,CS_BT_NIM
P10288,CS_BT_NIM
P10290,JA
P10291,CS_BT_NIM
P10292,CS_BT_NIM
P10293,JA
P10294,CS_BT_NIM
P10297,CS_BT_NIM
P10298,CS_BT_NIM
P10299,CS_BT_NIM
P10300,CS_BT_NIM
P10301,CS_BT_NIM
P10303,CS_BT_NIM
P10307,CS_BT_NIM
P10308,CS_BT_NIM
P10309,CS_BT_NIM
P10310,CS_BT_NIM
P10312,MA_TO_CO_JA
P10313,CS_BT_NIM
P10314,CS_BT_NIM
P10315,CS_BT_NIM
P10316,CS_BT_NIM
P10317,CS_BT_NIM
P10318,JA
P10319,CS_BT_NISM
P10320,CS_BT_NIM
P10321,JA
P10322,CS_BT_NIM
P10323,AN_PA
P10324,AN_PA
P10326,CS_BT_NIM
P10327,AN_PA
P10328,CS_BT_NIM
P10329,AN_PA
P10330,AN_PA
P10331,AN_PA
P10332,AN_PA
P10333,AN_PA
P10334,CS_BT_NIM
P10335,CS_BT_NIM
P10336,CS_BT_NIM
P10337,PN_PIQ
P10338,CS_BT_NIM
P10340,CS_BT_NIM
P10341,AN_PA
P10344,MA_TO_CO_JA
P10345,MA_TO_CO_JA
P10346,CS_BT_NIM
P10347,MA_TO_CO_JA
P10348,CS_BT_NIM
P10349,CS_BT_NIM
P10350,CS_BT_NIM
P10351,CS_BT_NIM
P10352,CS_BT_NIM
P10353,CS_BT_NIM
P10354,CS_BT_NIM
P10355,CS_BT_NIM
P10357,CS_BT_NIM
P10358,CS_BT_NIM
P10359,CS_BT_NIM
P10360,CS_NGT_NISM
P10361,CS_NGT_NISM
P10363,CS_NGT_NIM
P10366,CS_NGT_NIM
P10368,CS_NGT_NIM
P10371,CS_NGT_NIM
P10373,CS_BT_NIM
P10374,BC_BT
P10375,JA
P10376,CS_BT_NIM
P10377,CS_NGT_NIM
P10378,CS_NGT_NIM
P10379,CS_NGT_NISM
P10380,CS_NGT_NIM
P10381,CS_NGT_NIM
P10382,CS_NGT_NIM
P10383,PN_PIQ
P10384,PN_PIQ
P10385,JA
P10386,CS_NGT_NIM
P10387,CS_NGT_NIM
P10388,CS_NGT_NIM
P10390,CS_NGT_NIM
P10391,CS_NGT_NIM
P10392,CS_NGT_NIM
P10393,JA
P10394,CS_NGT_NIM
P10396,CS_NGT_NIM
P10397,CS_NGT_NIM
P10398,CS_NGT_NIM
P10399,CS_NGT_NISM
P10401,ME
P10402,CS_NGT_NIM
P10403,CS_NGT_NIM
P10405,ME
P10408,CS_NGT_NIM
P10409,CS_NGT_NIM
P10411,VE_BTGT
P10412,JA
P10413,CS_NGT_NIM
P10414,JA
P10415,BA_IRR
P10416,CS_NGT_NIM
P10417,JA
P10418,PN_PIQ
P10419,CS_NGT_NIM
P10420,CS_NGT_NISM
P10421,CS_NGT_NIM
P10422,PN_PIQ
P10423,CS_NGT_NIM
P10424,CS_NGT_NIM
P10425,CS_NGT_NIM
P10426,CS_NGT_NIM
P10427,CS_NGT_NIM
P10428,CS_NGT_NIM
P10429,CS_NGT_NIM
P10430,CS_NGT_NIM
P10431,CS_NGT_NIM
P10432,CS_NGT_NIM
P10433,CS_NGT_NIM
P10434,PN_PIQ
P10437,CS_NGT_NIM
P10438,CS_NGT_NIM
P10439,CS_NGT_NIM
P10440,PN_PIQ
P10441,PN_PIQ
P10442,PN_PIQ
P10444,PN_PIQ
P10447,CS_NGT_NISM
P10448,BC_GTMG
P10449,CS_NGT_NIM
P10450,JA
P10451,PN_PIQ
P10452,BC_GTMG
P10453,BC_GTMG
P10454,PN_PIQ
P10455,PN_PIQ
P10456,CS_NGT_NIM
P10457,CS_NGT_NIM
P10459,PN_PIQ
P10460,PN_PIQ
P10462,CS_NGT_NIM
P10463,BC_GTMG
P10464,PN_PIQ
P10465,CS_BT_NIM
P10466,CS_BT_NIM
P10467,CS_BT_NIM
P10468,CS_BT_NIM
P10469,CS_BT_NIM
P10470,MA_TO_CO_JA
P10471,MA_TO_CO_JA
P10472,MA_ROTA
P10473,MA_ROTA
P10475,MA_TO_CO_JA
P10476,MA_TO_CO_JA
P10477,MA_ROTA
P10478,MA_TO_CO_JA
P10479,MA_TO_CO_JA
P10481,MA_TO_CO_JA
P10482,MA_TO_CO_JA
P10483,MA_TO_CO_JA
P10484,MA_ROTA
P10485,CS_BT_NIM
P10486,CS_EGT_NIM
P10487,CS_EGT_NIM
P10488,CS_EGT_NIM
P10489,CS_EGT_NIM
P10490,CS_EGT_NIM
P10491,CS_EGT_NIM
P10492,ME
P10493,ME
P10494,MA_TO_CO_JA
P10495,CS_NGT_NIM
P10496,CS_NGT_NIM
P10498,CS_NGT_NIM
P10499,CS_NGT_NIM
P10500,CS_NGT_NIM
P10501,CS_NGT_NIM
P10502,CS_NGT_NIM
P10504,MA_TO_CO_JA
P10505,MA_TO_CO_JA
P10507,CS_EGT_NIM
P10508,MA_ROTA
P10509,MA_ROTA
P10510,MA_ROTA
P10511,MA_ROTA
P10512,CS_NGT_NIM
P10513,CS_NGT_NIM
P10514,VE_BTGT
P10515,BC_GTMG
P10516,CS_NGT_NIM
P10517,CS_NGT_NIM
P10518,JA
P10519,CS_NGT_NIM
P10522,CS_NGT_NIM
P10523,CS_BT_NIM
P10524,PN_PIQ
P10525,PN_PIQ
P10526,PN_PIQ
P10527,CS_BT_NIM
P10528,PN_PIQ
P10529,CS_BT_NIM
P10530,CS_BT_NIM
P10531,CS_BT_NIM
P10532,CS_BT_NIM
P10533,CS_BT_NIM
P10534,CS_BT_NIM
P10535,PN_PIQ
P10536,CS_BT_NIM
P10537,PN_PIQ
P10538,PN_PIQ
P10539,PN_PIQ
P10540,PN_PIQ
P10541,PN_PIQ
P10542,CS_BT_NIM
P10543,PN_PIQ
P10544,CS_BT_NIM
P10545,PN_PIQ
P10546,CS_BT_NIM
P10547,CS_BT_NIM
P10548,PN_PIQ
P10549,PN_PIQ
P10551,PN_PIQ
P10552,PN_PIQ
P10553,CS_NGT_NIM
P10554,CS_MG_NISM
P10555,CS_MG_NISM
P10556,CS_MG_NISM
P10557,CS_MG_NISM
P10558,CS_MG_NISM
P10559,PN_PIQ
P10560,PN_PIQ
P10561,CS_MG_NISM
P10562,CS_BT_NIM
P10563,CS_BT_NIM
P10564,CS_BT_NIM
P10565,CS_BT_NIM
P10566,PN_PIQ
P10567,CS_BT_NIM
P10568,CS_BT_NIM
P10569,PN_PIQ
P10570,PN_PIQ
P10571,CS_MG_NISM
P10572,CS_MG_NISM
P10573,CS_MG_NISM
P10574,CS_MG_NISM
P10575,PN_PIQ
P10576,CS_MG_NISM
P10577,CS_MG_NISM
P10578,PN_PIQ
P10579,CS_MG_NISM
P10580,CS_MG_NISM
P10581,CS_MG_NISM
P10582,CS_MG_NISM
P10583,CS_MG_NISM
P10584,PN_PIQ
P10585,CS_MG_NISM
P10586,PN_PIQ
P10587,CS_MG_NISM
P10588,CS_MG_NISM
P10589,CS_MG_NISM
P10590,CS_MG_NISM
P10591,PN_PIQ
P10592,CS_EGT_NIM
P10593,CS_EGT_NIM
P10594,PN_PIQ
P10595,IG_PLA
P10596,IG_PLA
P10597,PN_PIQ
P10598,IG_PLA
P10599,CS_MG_NISM
P10600,CS_MG_NISM
P10601,CS_MG_NISM
P10602,PN_PIQ
P10603,PN_PIQ
P10604,CS_MG_NISM
P10605,CS_MG_NISM
P10606,CS_MG_NISM
P10607,PN_PIQ
P10608,PN_PIQ
P10609,CS_BT_NIM
P10610,CS_BT_NIM
P10612,PN_PIQ
P10613,PN_PIQ
P10614,CS_EGT_NIM
P10615,CS_MG_NISM
P10616,CS_MG_NISM
P10617,CS_MG_NISM
P10618,CS_MG_NISM
P10619,CS_MG_NISM
P10620,CS_MG_NISM
P10621,CS_MG_NISM
P10623,CS_BT_NIM
P10624,CS_BT_NIM
P10625,CS_BT_NIM
P10626,MA_TO_CO_JA
P10627,MA_TO_CO_JA
P10628,CS_BT_NIM
P10629,CS_BT_NISM
P10630,MA_TO_CO_JA
P10631,PN_PIQ
P10632,CS_MG_NISM
P10633,CS_MG_NISM
P10634,CS_MG_NISM
P10635,CS_MG_NISM
P10636,CS_MG_NISM
P10637,CS_MG_NISM
P10638,CS_MG_NISM
P10639,CS_MG_NISM
P10640,PN_PIQ
P10641,PN_PIQ
P10642,CS_MG_NISM
P10643,PN_PIQ
P10644,CS_MG_NISM
P10645,CS_MG_NISM
P10646,CS_MG_NISM
P10647,CS_MG_NISM
P10648,CS_MG_NISM
P10649,CS_MG_NISM
P10650,CS_MG_NISM
P10651,PN_PIQ
P10652,PN_PIQ
P10653,CS_MG_NISM
P10654,PN_PIQ
P10655,CS_MG_NISM
P10656,CS_MG_NISM
P10657,PN_PIQ
P10658,CS_MG_NISM
P10659,PN_PIQ
P10660,CS_MG_NISM
P10661,CS_MG_NISM
P10662,CS_MG_NISM
P10663,PN_PIQ
P10664,CS_MG_NISM
P10665,PN_PIQ
P10666,CS_MG_NISM
P10667,CS_BT_NIM
P10668,CS_BT_NIM
P10669,MA_TO_CO_JA
P10670,MA_TO_CO_JA
P10671,CS_BT_NIM
P10672,CS_BT_NIM
P10673,CS_BT_NIM
P10674,CS_BT_NIM
P10676,IG_PLA
P10677,IG_PLA
P10678,CS_MG_NISM
P10679,CS_MG_NISM
P10680,CS_MG_NISM
P10681,CS_MG_NISM
P10682,CS_MG_NISM
P10683,CS_MG_NISM
P10684,CS_MG_NISM
P10685,PN_PIQ
P10686,CS_MG_NISM
P10687,CS_MG_NISM
P10688,CS_MG_NISM
P10689,CS_MG_NISM
P10690,PN_PIQ
P10691,JA
P10692,CS_MG_NISM
P10693,CS_MG_NISM
P10694,CS_MG_NISM
P10695,PN_PIQ
P10696,PN_PIQ
P10697,CS_MG_NISM
P10698,CS_MG_NISM
P10699,PN_PIQ
P10700,CS_MG_NISM
P10701,PN_PIQ
P10702,CS_MG_NISM
P10703,CS_MG_NISM
P10704,CS_MG_NISM
P10705,CS_MG_NISM
P10706,CS_MG_NISM
P10707,CS_CGT_NIM
P10708,CS_CGT_NIM
P10709,MA_TO_CO_JA
P10710,CS_CGT_NIM
P10711,CS_CGT_NIM
P10712,MA_TO_CO_JA
P10713,MA_TO_CO_JA
P10714,ME
P10715,CS_MG_NISM
P10716,CS_MG_NISM
P10717,PN_PIQ
P10718,CS_MG_NISM
P10719,CS_MG_NISM
P10720,PN_PIQ
P10721,CS_MG_NISM
P10722,PN_PIQ
P10723,CS_BT_NIM
P10724,CS_BT_NIM
P10725,CS_BT_NIM
P10726,JA
P10727,CS_BT_NIM
P10728,PN_PIQ
P10729,CS_BT_NIM
P10730,CS_BT_NIM
P10731,PN_PIQ
P10732,JA
P10733,PN_PIQ
P10734,PN_PIQ
P10735,CS_MG_NISM
P10736,CS_MG_NISM
P10737,CS_MG_NISM
P10738,CS_MG_NISM
P10739,PN_PIQ
P10740,CS_MG_NISM
P10741,CS_MG_NISM
P10742,CS_MG_NISM
P10743,CS_MG_NISM
P10744,CS_MG_NISM
P10745,CS_MG_NISM
P10746,CS_MG_NISM
P10747,CS_MG_NISM
P10748,CS_MG_NISM
P10749,PN_PIQ
P10750,CS_MG_NISM
P10751,CS_MG_NISM
P10752,CS_BT_NIM
P10753,CS_BT_NIM
P10754,CS_BT_NIM
P10755,PN_PIQ
P10756,CS_MG_NISM
P10758,CS_MG_NISM
P10759,CS_MG_NISM
P10760,CS_MG_NISM
P10761,CS_MG_NISM
P10762,PN_PIQ
P10763,CS_MG_NISM
P10764,CS_MG_NISM
P10765,CS_MG_NISM
P10766,CS_MG_NISM
P10767,CS_MG_NISM
P10768,CS_MG_NISM
P10769,PN_PIQ
P10770,CS_MG_NISM
P10771,CS_MG_NISM
P10772,PN_PIQ
P10773,CS_MG_NISM
P10774,CS_MG_NISM
P10775,CS_MG_NISM
P10776,CS_MG_NISM
P10777,CS_MG_NISM
P10778,CS_MG_NISM
P10779,CS_MG_NISM
P10780,CS_NGT_NIM
P10781,CS_NGT_NIM
P10782,PN_PIQ
P10783,CS_NGT_NISM
P10785,CS_NGT_NIM
P10786,CS_MG_NISM
P10787,PN_PIQ
P10788,CS_MG_NISM
P10789,CS_MG_NISM
P10790,CS_MG_NISM
P10791,PN_PIQ
P10792,CS_MG_NISM
P10793,CS_MG_NISM
P10795,CS_MG_NISM
P10796,CS_MG_NISM
P10797,CS_MG_NISM
P10798,CS_MG_NISM
P10799,CS_MG_NISM
P10800,CS_MG_NISM
P10801,CS_MG_NISM
P10802,CS_MG_NISM
P10803,CS_MG_NISM
P10804,CS_MG_NISM
P10805,PN_PIQ
P10806,CS_MG_NISM
P10807,CS_MG_NISM
P10808,PN_PIQ
P10809,CS_MG_NISM
P10810,PN_PIQ
P10811,CS_MG_NISM
P10812,CS_MG_NISM
P10813,CS_MG_NISM
P10814,CS_MG_NISM
P10815,PN_PIQ
P10816,CS_MG_NISM
P10817,CS_MG_NISM
P10818,PN_PIQ
P10819,CS_MG_NISM
P10820,CS_MG_NISM
P10821,PN_PIQ
P10822,CS_MG_NISM
P10823,CS_MG_NISM
P10824,PN_PIQ
P10825,CS_MG_NISM
P10826,CS_MG_NISM
P10827,CS_MG_NISM
P10828,CS_MG_NISM
P10829,CS_EGT_NIM
P10830,PN_PIQ
P10831,CS_EGT_NIM
P10832,PN_PIQ
P10833,PN_PIQ
P10834,CS_MG_NISM
P10835,PN_PIQ
P10836,CS_MG_NISM
P10837,PN_PIQ
P10838,CS_MG_NISM
P10839,CS_MG_NISM
P10840,CS_MG_NISM
P10841,CS_MG_NISM
P10842,CS_MG_NISM
P10843,CS_MG_NISM
P10844,MA_TO_CO_JA
P10845,CS_MG_NISM
P10846,CS_MG_NISM
P10847,CS_NGT_NIM
P10848,CS_NGT_NIM
P10849,CS_NGT_NIM
P10850,CS_NGT_NIM
P10851,CS_NGT_NIM
P10852,CS_NGT_NIM
P10853,CS_NGT_NIM
P10854,CS_NGT_NIM
P10855,CS_NGT_NIM
P10856,CS_MG_NISM
P10857,CS_MG_NISM
P10858,PN_PIQ
P10859,CS_MG_NISM
P10860,CS_MG_NISM
P10861,CS_MG_NISM
P10862,PN_PIQ
P10863,PN_PIQ
P10864,CS_MG_NISM
P10865,CS_MG_NISM
P10866,CS_MG_NISM
P10867,PN_PIQ
P10868,CS_MG_NISM
P10869,CS_MG_NISM
P10870,PN_PIQ
P10871,CS_MG_NISM
P10872,PN_PIQ
P10873,CS_MG_NISM
P10874,CS_MG_NISM
P10875,PN_PIQ
P10876,PN_PIQ
P10877,CS_MG_NISM
P10878,CS_MG_NISM
P10879,CS_MG_NISM
P10880,PN_PIQ
P10881,CS_MG_NISM
P10882,CS_MG_NISM
P10883,CS_MG_NISM
P10884,PN_PIQ
P10885,PN_PIQ
P10886,PN_PIQ
P10887,CS_MG_NISM
P10888,CS_MG_NISM
P10889,CS_MG_NISM
P10890,CS_EGT_NIM
P10891,CS_BT_NIM
P10892,CS_MG_NISM
P10893,CS_BT_NIM
P10894,CS_MG_NISM
P10895,CS_NGT_NIM
P10896,CS_BT_NIM
P10897,CS_BT_NIM
P10898,CS_BT_NIM
P10899,CS_NGT_NIM
P10900,CS_BT_NIM
P10901,CS_EGT_NIM
P10902,CS_EGT_NIM
P10903,CS_BT_NIM
P10904,CS_BT_NIM
P10905,CS_MG_NISM
P10906,CS_MG_NISM
P10907,CS_BT_NIM
P10908,CS_BT_NIM
P10909,CS_MG_NISM
P10910,CS_BT_NISM
P10911,CS_BT_NIM
P10912,CS_NGT_NIM
P10913,CS_NGT_NIM
P10914,AN_PA
P10915,CS_BT_NIM
P10916,CS_MG_NISM
P10917,CS_NGT_NIM
P10918,CS_EGT_NIM
P10919,CS_EGT_NIM
P10920,CS_EGT_NIM
P10921,CS_NGT_NIM
P10922,CS_NGT_NIM
P10923,CS_BT_NIM
P10924,CS_BT_NIM
P10925,CS_NGT_NIM
P10926,CS_BT_NIM
P10927,CS_MG_NISM
P10928,CS_NGT_NIM
P10929,CS_BT_NIM
P10930,CS_MG_NISM
P10931,CS_EGT_NIM
P10932,CS_EGT_NISM
P10933,PN_PIQ
P10934,CS_MG_NISM
P10935,CS_MG_NISM
P10936,MA_TO_CO_JA
P10937,PN_PIQ
P10938,CS_EGT_NIM
P10939,CS_NGT_NIM
P10940,CS_NGT_NIM
P10941,CS_NGT_NIM
P10942,CS_NGT_NIM
P10944,CS_NGT_NIM
P10945,MA_ROTA
P10946,MA_ROTA
P10947,MA_ROTA
P10948,MA_ROTA
P10949,MA_ROTA
P10951,CS_NGT_NIM
P10952,CS_NGT_NIM
P10953,CS_NGT_NIM
P10954,CS_NGT_NISM
P10955,CS_NGT_NISM
P10956,CS_NGT_NISM
P10957,CS_NGT_NISM
P10958,CS_NGT_NISM
P10959,CS_EGT_NIM
P10960,MA_TO_CO_JA
P10961,MA_TO_CO_JA
P10962,MA_TO_CO_JA
P10963,MA_TO_CO_JA
P10964,CS_BT_NIM
P10965,CS_NGT_NIM
P10966,CS_NGT_NIM
P10967,JA
P10968,CS_NGT_NIM
P10969,CS_NGT_NIM
P10970,CS_NGT_NIM
P10971,CS_NGT_NIM
P10972,JA
P10974,PN_PIQ
P10975,PN_PIQ
P10976,CS_NGT_NIM
P10981,CS_NGT_NIM
P10982,BC_GTMG
P10984,CS_NGT_NIM
P10985,CS_NGT_NIM
P10987,CS_NGT_NIM
P10988,CS_NGT_NIM
P10989,CS_NGT_NIM
P10990,BC_GTMG
P10991,BC_GTMG
P10992,JA
P10993,JA
P10994,CS_NGT_NIM
P10995,CS_NGT_NIM
P10996,PN_PIQ
P10997,CS_BT_NIM
P10998,PN_PIQ
P11000,CS_MG_NISM
P11001,CS_MG_NISM
P11002,CS_MG_NISM
P11003,CS_MG_NISM
P11004,CS_MG_NISM
P11005,CS_MG_NISM
P11006,CS_MG_NISM
P11007,CS_MG_NISM
P11008,CS_MG_NISM
P11009,CS_MG_NISM
P11010,PN_PIQ
P11011,PN_PIQ
P11012,CS_MG_NISM
P11013,PN_PIQ
P11014,CS_NGT_NIM
P11015,CS_NGT_NIM
P11016,PN_PIQ
P11017,CS_NGT_NIM
P11018,BA_INT
P11019,BA_INT
P11020,VE_BTGT
P11021,BA_PER
P11022,BA_PER
P11023,BA_INT
P11024,VE_BTGT
P11025,JA
P11026,CS_BT_NIM
P11027,CS_BT_NIM
P11028,AN_PA
P11029,CS_BT_NIM
P11030,AN_PA
P11031,AN_PA
P11032,CS_BT_NIM
P11033,CS_BT_NIM
P11034,BC_GTMG
P11035,JA
P11036,CS_EGT_NIM
P11037,PN_PIQ
P11038,PN_PIQ
P11039,CS_EGT_NIM
P11041,CS_NGT_NIM
P11042,CS_EGT_NIM
P11043,CS_EGT_NIM
P11044,CS_EGT_NIM
P11045,CS_EGT_NIM
P11046,CS_EGT_NIM
P11047,CS_EGT_NIM
P11048,CS_MG_NISM
P11049,PN_PIQ
P11050,CS_MG_NISM
P11051,CS_MG_NISM
P11052,CS_EGT_NIM
P11053,CS_EGT_NIM
P11054,CS_MG_NISM
P11055,CS_MG_NISM
P11056,CS_MG_NISM
P11057,CS_MG_NISM
P11058,PN_PIQ
P11059,CS_MG_NISM
P11060,CS_MG_NISM
P11061,CS_MG_NISM
P11062,CS_MG_NISM
P11063,CS_MG_NISM
P11064,PN_PIQ
P11065,PN_PIQ
P11066,MA_TO_CO_JA
P11067,MA_TO_CO_JA
P11068,MA_TO_CO_JA
P11069,CS_NGT_NISM
P11070,CS_NGT_NISM
P11074,CS_NGT_NISM
P11075,MA_TO_CO_JA
P11076,ME
P11078,ME
P11079,ME
P11082,MA_TO_CO_JA
P11084,ME
P11085,ME
P11086,ME
P11087,ME
P11088,ME
P11089,ME
P11090,ME
P11093,ME
P11095,ME
P11096,ME
P11097,ME
P11098,ME
P11099,ME
P11101,ME
P11104,CS_MG_NISM
P11105,CS_MG_NISM
P11106,CS_MG_NISM
P11107,CS_MG_NISM
P11108,CS_MG_NISM
P11109,CS_MG_NISM
P11110,CS_MG_NISM
P11111,CS_MG_NISM
P11112,CS_MG_NISM
P11113,CS_MG_NISM
P11114,CS_MG_NISM
P11115,CS_MG_NISM
P11116,CS_MG_NISM
P11117,CS_MG_NISM
P11118,CS_MG_NISM
P11119,CS_MG_NISM
P11120,CS_MG_NISM
P11121,CS_MG_NISM
P11122,CS_MG_NISM
P11123,CS_MG_NISM
P11124,CS_MG_NISM
P11125,CS_MG_NISM
P11126,CS_MG_NISM
P11127,CS_MG_NISM
P11128,MA_TO_CO_JA
P11129,MA_TO_CO_JA
P11130,MA_TO_CO_JA
P11131,MA_TO_CO_JA
P11132,MA_TO_CO_JA
P11133,MA_TO_CO_JA
P11136,MA_TO_CO_JA
P11137,MA_ROTA
P11143,MA_TO_CO_JA
P11144,MA_TO_CO_JA
P11145,CS_MG_NISM
P11146,CS_MG_NISM
P11147,CS_MG_NISM
P11148,CS_MG_NISM
P11149,CS_MG_NISM
P11150,CS_MG_NISM
P11151,CS_MG_NISM
P11152,PN_PIQ
P11153,PN_PIQ
P11154,PN_PIQ
P11155,PN_PIQ
P11156,PN_PIQ
P11157,PN_PIQ
P11158,PN_PIQ
P11159,PN_PIQ
P11160,PN_PIQ
P11161,PN_PIQ
P11162,CS_EGT_NIM
P11163,PN_PIQ
P11164,PN_PIQ
P11165,PN_PIQ
P11166,CS_MG_NISM
P11167,CS_MG_NISM
P11168,PN_PIQ
P11169,CS_MG_NISM
P11170,CS_MG_NISM
P11171,CS_MG_NISM
P11172,CS_MG_NISM
P11173,PN_PIQ
P11174,CS_MG_NISM
P11175,CS_MG_NISM
P11176,PN_PIQ
P11177,CS_MG_NISM
P11178,CS_MG_NISM
P11179,CS_MG_NISM
P11180,CS_MG_NISM
P11181,CS_MG_NISM
P11182,CS_MG_NISM
P11183,PN_PIQ
P11184,PN_PIQ
P11185,CS_MG_NISM
P11186,PN_PIQ
P11187,PN_PIQ
P11188,CS_MG_NISM
P11189,CS_MG_NISM
P11190,PN_PIQ
P11193,VE_BTGT
P11196,MA_TO_CO_JA
P11200,CS_NGT_NIM
P11201,PN_PIQ
P11202,CS_NGT_NIM
P11203,PN_PIQ
P11204,CS_NGT_NISM
P11205,CS_NGT_NIM
P11206,PN_PIQ
P11207,CS_NGT_NIM
P11208,CS_NGT_NIM
P11209,CS_NGT_NIM
P11210,CS_NGT_NIM
P11211,PN_PIQ
P11212,CS_MG_NISM
P11213,CS_MG_NISM
P11214,PN_PIQ
P11215,PN_PIQ
P11216,CS_MG_NISM
P11217,CS_MG_NISM
P11218,PN_PIQ
P11219,CS_MG_NISM
P11220,CS_MG_NISM
P11221,PN_PIQ
P11222,CS_MG_NISM
P11223,CS_MG_NISM
P11224,CS_MG_NISM
P11225,CS_MG_NISM
P11226,CS_MG_NISM
P11227,CS_MG_NISM
P11228,CS_MG_NISM
P11229,PN_PIQ
P11230,PN_PIQ
P11231,CS_MG_NISM
P11232,CS_MG_NISM
P11233,CS_MG_NISM
P11234,CS_MG_NISM
P11235,CS_MG_NISM
P11236,PN_PIQ
P11237,PN_PIQ
P11238,PN_PIQ
P11239,CS_MG_NISM
P11240,PN_PIQ
P11241,CS_MG_NISM
P11242,CS_MG_NISM
P11244,CS_MG_NISM
P11245,CS_MG_NISM
P11246,PN_PIQ
P11247,CS_MG_NISM
P11248,CS_MG_NISM
P11249,CS_MG_NISM
P11250,CS_MG_NISM
P11251,CS_MG_NISM
P11252,CS_MG_NISM
P11253,PN_PIQ
P11254,CS_MG_NISM
P11255,CS_MG_NISM
P11256,CS_MG_NISM
P11257,PN_PIQ
P11258,CS_MG_NISM
P11259,PN_PIQ
P11260,PN_PIQ
P11261,CS_MG_NISM
P11262,PN_PIQ
P11263,CS_MG_NISM
P11264,CS_MG_NISM
P11265,CS_MG_NISM
P11266,CS_MG_NISM
P11267,PN_PIQ
P11268,CS_MG_NISM
P11269,CS_MG_NISM
P11270,PN_PIQ
P11271,CS_MG_NISM
P11272,PN_PIQ
P11273,CS_MG_NISM
P11274,CS_MG_NISM
P11275,PN_PIQ
P11276,CS_MG_NISM
P11277,PN_PIQ
P11278,PN_PIQ
P11279,PN_PIQ
P11280,PN_PIQ
P11281,CS_MG_NISM
P11283,PN_PIQ
P11284,CS_MG_NISM
P11285,CS_MG_NISM
P11286,CS_MG_NISM
P11287,PN_PIQ
P11288,PN_PIQ
P11289,CS_MG_NISM
P11290,CS_MG_NISM
P11291,PN_PIQ
P11292,CS_MG_NISM
P11293,PN_PIQ
P11294,CS_MG_NISM
P11295,CS_MG_NISM
P11296,CS_MG_NISM
P11297,CS_MG_NISM
P11298,CS_MG_NISM
P11299,PN_PIQ
P11300,PN_PIQ
P11301,CS_MG_NISM
P11302,CS_MG_NISM
P11303,CS_MG_NISM
P11304,CS_MG_NISM
P11305,CS_MG_NISM
P11306,CS_MG_NISM
P11307,CS_MG_NISM
P11308,CS_MG_NISM
P11309,CS_MG_NISM
P11310,CS_MG_NISM
P11311,CS_MG_NISM
P11312,PN_PIQ
P11313,CS_MG_NISM
P11314,CS_MG_NISM
P11315,CS_MG_NISM
P11316,PN_PIQ
P11317,CS_MG_NISM
P11318,PN_PIQ
P11319,CS_MG_NISM
P11320,PN_PIQ
P11321,PN_PIQ
P11322,PN_PIQ
P11323,PN_PIQ
P11324,PN_PIQ
P11325,PN_PIQ
P11326,CS_MG_NISM
P11327,CS_MG_NISM
P11328,PN_PIQ
P11329,CS_MG_NISM
P11330,CS_MG_NISM
P11331,PN_PIQ
P11332,CS_MG_NISM
P11333,CS_MG_NISM
P11334,PN_PIQ
P11335,PN_PIQ
P11336,CS_MG_NISM
P11337,CS_MG_NISM
P11338,CS_MG_NISM
P11339,PN_PIQ
P11340,CS_MG_NISM
P11341,CS_MG_NISM
P11342,PN_PIQ
P11343,CS_MG_NISM
P11344,CS_MG_NISM
P11345,PN_PIQ
P11346,CS_MG_NISM
P11347,CS_MG_NISM
P11348,CS_MG_NISM
P11350,CS_MG_NISM
P11351,PN_PIQ
P11352,IG_PLA
P11353,PN_PIQ
P11354,CS_MG_NISM
P11355,PN_PIQ
P11356,CS_MG_NISM
P11357,PN_PIQ
P11360,CS_MG_NISM
P11361,PN_PIQ
P11362,PN_PIQ
P11363,PN_PIQ
P11364,PN_PIQ
P11365,CS_MG_NISM
P11366,CS_MG_NISM
P11367,CS_MG_NISM
P11369,PN_PIQ
P11370,CS_MG_NISM
P11371,CS_MG_NISM
P11372,CS_MG_NISM
P11373,CS_MG_NISM
P11374,CS_MG_NISM
P11375,CS_MG_NISM
P11376,CS_MG_NISM
P11377,CS_MG_NISM
P11378,PN_PIQ
P11379,CS_MG_NISM
P11380,CS_MG_NISM
P11381,CS_MG_NISM
P11382,CS_MG_NISM
P11383,CS_MG_NISM
P11384,PN_PIQ
P11385,VE_BTGT
P11386,VE_BTGT
P11387,CS_MG_NISM
P11388,CS_MG_NISM
P11389,PN_PIQ
P11390,AN_PA
P11391,AN_PA
P11393,AN_PA
P11394,CS_BT_NIM
P11395,CS_MG_NISM
P11396,CS_MG_NISM
P11397,CS_MG_NISM
P11398,CS_MG_NISM
P11399,PN_PIQ
P11400,CS_MG_NISM
P11401,PN_PIQ
P11402,CS_MG_NISM
P11403,CS_MG_NISM
P11404,AG
P11405,CS_MG_NISM
P11406,CS_MG_NISM
P11407,CS_MG_NISM
P11408,PN_PIQ
P11409,CS_MG_NISM
P11410,CS_MG_NISM
P11411,CS_MG_NISM
P11412,CS_MG_NISM
P11413,CS_MG_NISM
P11414,CS_MG_NISM
P11415,CS_MG_NISM
P11416,PN_PIQ
P11417,PN_PIQ
P11418,CS_EGT_NIM
P11419,PN_PIQ
P11420,PN_PIQ
P11421,CS_EGT_NIM
P11422,PN_PIQ
P11423,PN_PIQ
P11424,MA_ROTA
P11425,MA_ROTA
P11426,MA_ROTA
P11427,BA_PER
P11429,JA
P11430,BA_INT
P11431,BA_PER
P11432,BA_INT
P11433,BA_SINT
P11434,BA_SINT
P11435,BA_PER
P11437,BA_PER
P11438,BA_SINT
P11440,BA_SINT
P11441,BA_INT
P11442,BA_INT
P11443,JA
P11444,BA_INT
P11445,BA_INT
P11446,BA_INT
P11447,BA_SINT
P11448,BA_PER
P11449,BA_SINT
P11450,BA_PER
P11452,JA
P11457,CS_MG_NISM
P11458,CS_MG_NISM
P11459,PN_PIQ
P11460,PN_PIQ
P11461,CS_MG_NISM
P11462,PN_PIQ
P11463,PN_PIQ
P11464,PN_PIQ
P11465,PN_PIQ
P11466,PN_PIQ
P11467,PN_PIQ
P11468,PN_PIQ
P11469,PN_PIQ
P11470,PN_PIQ
P11471,CS_MG_NISM
P11472,CS_MG_NISM
P11473,CS_MG_NISM
P11474,CS_MG_NISM
P11475,PN_PIQ
P11476,CS_MG_NISM
P11477,PN_PIQ
P11478,CS_MG_NISM
P11479,CS_BT_NIM
P11480,CS_BT_NIM
P11483,CS_BT_NIM
P11484,CS_BT_NIM
P11485,CS_BT_NIM
P11487,CS_BT_NIM
P11488,CS_BT_NIM
P11489,CS_BT_NIM
P11490,CS_BT_NIM
P11491,CS_BT_NIM
P11492,CS_EGT_NIM
P11493,CS_EGT_NIM
P11494,CS_EGT_NIM
P11495,JA
P11496,CS_EGT_NIM
P11497,VE_BTGT
P11498,BC_GTMG
P11499,CS_MG_NISM
P11500,PN_PIQ
P11501,CS_MG_NISM
P11502,CS_MG_NISM
P11503,MA_TO_CO_JA
P11504,CS_EGT_NIM
P11505,PN_PIQ
P11506,PN_PIQ
P11507,PN_PIQ
P11508,CS_MG_NISM
P11509,CS_MG_NISM
P11510,CS_MG_NISM
P11511,CS_MG_NISM
P11512,CS_MG_NISM
P11513,CS_MG_NISM
P11514,CS_MG_NISM
P11515,CS_MG_NISM
P11516,PN_PIQ
P11517,CS_MG_NISM
P11518,CS_MG_NISM
P11519,VE_BTGT
P11520,PN_PIQ
P11521,PN_PIQ
P11522,ME
P11523,CS_CGT_NIM
P11527,CS_CGT_NIM
P11528,CS_CGT_NIM
P11532,ME
P11534,MA_TO_CO_JA
P11535,CS_CGT_NIM
P11536,PN_PIQ
P11537,PN_PIQ
P11538,CS_MG_NISM
P11539,PN_PIQ
P11540,CS_MG_NISM
P11541,CS_MG_NISM
P11542,CS_MG_NISM
P11543,CS_MG_NISM
P11544,CS_MG_NISM
P11545,CS_MG_NISM
P11546,CS_MG_NISM
P11547,MA_ROTA
P11548,MA_ROTA
P11549,MA_ROTA
P11550,MA_TO_CO_JA
P11551,MA_ROTA
P11552,MA_ROTA
P11553,MA_ROTA
P11554,MA_ROTA
P11555,MA_ROTA
P11556,MA_TO_CO_JA
P11557,BC_GTMG
P11559,BC_GTMG
P11560,JA
P11561,BC_GTMG
P11562,JA
P11563,BC_GTMG
P11564,BC_GTMG
P11565,PN_PIQ
P11566,PN_PIQ
P11567,PN_PIQ
P11568,PN_PIQ
P11569,PN_PIQ
P11570,CS_CGT_NIM
P11571,PN_PIQ
P11572,CS_CGT_NIM
P11573,PN_PIQ
P11574,PN_PIQ
P11575,PN_PIQ
P11576,CS_MG_NISM
P11577,CS_MG_NISM
P11578,PN_PIQ
P11579,CS_MG_NISM
P11580,CS_MG_NISM
P11582,PN_PIQ
P11584,PN_PIQ
P11585,CS_BT_NIM
P11586,CS_BT_NIM
P11587,CS_BT_NIM
P11588,JA
P11589,CS_BT_NIM
P11590,CS_BT_NIM
P11591,CS_BT_NIM
P11592,CS_NGT_NIM
P11593,CS_NGT_NIM
P11594,CS_MG_NISM
P11595,CS_MG_NISM
P11596,PN_PIQ
P11597,CS_MG_NISM
P11598,PN_PIQ
P11599,CS_MG_NISM
P11600,CS_MG_NISM
P11601,PN_PIQ
P11602,CS_MG_NISM
P11603,CS_MG_NISM
P11604,CS_MG_NISM
P11605,PN_PIQ
P11610,CS_CGT_NIM
P11611,MA_TO_CO_JA
P11612,CS_CGT_NIM
P11613,CS_NGT_NIM
P11614,MA_TO_CO_JA
P11615,CS_NGT_NIM
P11616,MA_TO_CO_JA
P11617,MA_TO_CO_JA
P11619,CS_NGT_NIM
P11621,MA_TO_CO_JA
P11623,MA_TO_CO_JA
P11624,MA_TO_CO_JA
P11625,MA_ROTA
P11626,PN_PIQ
P11627,PN_PIQ
P11628,CS_MG_NISM
P11629,CS_MG_NISM
P11630,CS_MG_NISM
P11631,PN_PIQ
P11632,PN_PIQ
P11633,PN_PIQ
P11634,CS_MG_NISM
P11635,JA
P11636,CS_MG_NISM
P11637,PN_PIQ
P11638,CS_MG_NISM
P11639,CS_MG_NISM
P11640,CS_NGT_NISM
P11641,CS_NGT_NIM
P11642,CS_NGT_NIM
P11644,CS_NGT_NIM
P11645,CS_NGT_NIM
P11646,CS_NGT_NIM
P11647,CS_NGT_NIM
P11648,MA_TO_CO_JA
P11649,CS_BT_NIM
P11650,CS_BT_NIM
P11651,CS_NGT_NIM
P11652,CS_NGT_NIM
P11653,CS_NGT_NIM
P11654,CS_NGT_NIM
P11655,VE_BTGT
P11657,CS_NGT_NISM
P11658,PN_PIQ
P11659,CS_MG_NISM
P11660,CS_MG_NISM
P11661,PN_PIQ
P11662,CS_MG_NISM
P11663,CS_NGT_NIM
P11664,CS_NGT_NIM
P11665,CS_NGT_NIM
P11666,CS_NGT_NIM
P11667,CS_NGT_NISM
P11669,CS_NGT_NIM
P11670,CS_NGT_NIM
P11671,CS_NGT_NIM
P11673,CS_NGT_NIM
P11674,ME
P11675,ME
P11676,CS_NGT_NIM
P11677,MA_ROTA
P11678,CS_BT_NIM
P11679,CS_BT_NIM
P11680,CS_BT_NIM
P11681,CS_BT_NIM
P11682,PN_PIQ
P11683,CS_BT_NIM
P11684,CS_BT_NIM
P11685,CS_MG_NISM
P11686,CS_MG_NISM
P11687,CS_MG_NISM
P11688,CS_EGT_NIM
P11689,CS_EGT_NIM
P11690,MA_TO_CO_JA
P11691,BA_SINT
P11692,BA_SINT
P11694,BA_SINT
P11695,BA_INT
P11696,BA_INT
P11697,BA_INT
P11698,BA_INT
P11699,BA_INT
P11700,BA_SINT
P11701,BA_SINT
P11703,BA_INT
P11704,BA_SINT
P11705,BA_SINT
P11706,BA_INT
P11707,JA
P11708,JA
P11709,BA_INT
P11710,BA_INT
P11711,BA_INT
P11712,BA_INT
P11713,BA_INT
P11714,BA_SINT
P11715,JA
P11717,CS_NGT_NIM
P11719,CS_NGT_NIM
P11724,CS_NGT_NIM
P11725,CS_NGT_NIM
P11726,CS_NGT_NIM
P11727,CS_NGT_NIM
P11730,CS_NGT_NIM
P11731,CS_NGT_NIM
P11732,MA_TO_CO_JA
P11733,CS_NGT_NIM
P11734,CS_NGT_NIM
P11735,ME
P11736,ME
P11740,ME
P11741,CS_EGT_NIM
P11742,MA_TO_CO_JA
P11743,ME
P11744,MA_ROTA
P11745,MA_ROTA
P11746,MA_ROTA
P11747,CS_NGT_NIM
P11748,CS_NGT_NIM
P11750,MA_TO_CO_JA
P11751,CS_NGT_NIM
P11752,MA_TO_CO_JA
P11753,CS_NGT_NIM
P11754,MA_TO_CO_JA
P11755,CS_NGT_NIM
P11756,CS_NGT_NIM
P11757,BA_PER
P11758,BA_PER
P11759,VE_BTGT
P11760,VE_BTGT
P11761,BA_PER
P11763,VE_BTGT
P11764,BA_PER
P11765,BA_PER
P11767,BA_PER
P11768,BA_PER
P11769,BA_PER
P11770,VE_BTGT
P11771,PN_PIQ
P11772,PN_PIQ
P11773,PN_PIQ
P11774,PN_PIQ
P11775,PN_PIQ
P11776,PN_PIQ
P11777,PN_PIQ
P11778,PN_PIQ
P11779,PN_PIQ
P11780,PN_PIQ
P11781,PN_PIQ
P11782,PN_PIQ
P11783,PN_PIQ
P11784,PN_PIQ
P11785,CS_MG_NISM
P11786,CS_MG_NISM
P11787,CS_MG_NISM
P11788,PN_PIQ
P11789,PN_PIQ
P11790,CS_MG_NISM
P11791,CS_MG_NISM
P11792,PN_PIQ
P11793,CS_MG_NISM
P11794,CS_MG_NISM
P11795,CS_BT_NIM
P11796,CS_BT_NIM
P11797,CS_BT_NIM
P11798,CS_BT_NIM
P11799,CS_MG_NISM
P11800,CS_BT_NIM
P11801,CS_BT_NIM
P11802,CS_BT_NIM
P11803,CS_BT_NIM
P11804,CS_BT_NIM
P11805,CS_BT_NIM
P11806,CS_BT_NIM
P11809,CS_BT_NIM
P11810,CS_BT_NIM
P11811,CS_BT_NIM
P11812,CS_BT_NIM
P11813,BC_GTMG
P11814,CS_CGT_NIM
P11815,CS_CGT_NIM
P11816,BC_GTMG
P11817,BC_GTMG
P11818,BC_GTMG
P11819,JA
P11820,JA
P11821,CS_MG_NISM
P11822,CS_MG_NISM
P11823,CS_MG_NISM
P11824,PN_PIQ
P11825,CS_MG_NISM
P11826,CS_MG_NISM
P11827,CS_MG_NISM
P11828,CS_MG_NISM
P11829,PN_PIQ
P11830,CS_MG_NISM
P11831,CS_MG_NISM
P11832,CS_EGT_NIM
P11833,PN_PIQ
P11834,PN_PIQ
P11835,CS_EGT_NIM
P11836,PN_PIQ
P11837,PN_PIQ
P11838,CS_MG_NISM
P11839,PN_PIQ
P11840,CS_MG_NISM
P11841,CS_MG_NISM
P11842,CS_MG_NISM
P11843,CS_MG_NISM
P11844,CS_MG_NISM
P11845,CS_MG_NISM
P11846,PN_PIQ
P11847,CS_BT_NIM
P11848,CS_BT_NIM
P11849,PN_PIQ
P11851,PN_PIQ
P11852,PN_PIQ
P11853,PN_PIQ
P11854,JA
P11855,CS_MG_NISM
P11856,PN_PIQ
P11857,PN_PIQ
P11858,PN_PIQ
P11859,CS_MG_NISM
P11860,CS_MG_NISM
P11861,PN_PIQ
P11862,CS_MG_NISM
P11863,PN_PIQ
P11864,CS_MG_NISM
P11865,CS_MG_NISM
P11866,PN_PIQ
P11867,CS_MG_NISM
P11868,CS_MG_NISM
P11869,CS_MG_NISM
P11870,CS_MG_NISM
P11871,CS_MG_NISM
P11872,CS_MG_NISM
P11873,CS_MG_NISM
P11874,CS_MG_NISM
P11875,PN_PIQ
P11876,CS_MG_NISM
P11877,CS_MG_NISM
P11878,PN_PIQ
P11879,CS_MG_NISM
P11880,CS_MG_NISM
P11881,ME
P11882,CS_NGT_NIM
P11883,ME
P11885,ME
P11886,ME
P11887,ME
P11888,ME
P11889,ME
P11890,ME
P11891,ME
P11892,ME
P11893,ME
P11894,ME
P11895,ME
P11896,ME
P11897,ME
P11899,ME
P11901,ME
P11902,ME
P11903,ME
P11904,CS_MG_NISM
P11905,CS_MG_NISM
P11906,PN_PIQ
P11907,CS_MG_NISM
P11908,CS_MG_NISM
P11909,PN_PIQ
P11910,PN_PIQ
P11911,CS_MG_NISM
P11912,CS_MG_NISM
P11913,CS_MG_NISM
P11914,PN_PIQ
P11915,PN_PIQ
P11916,PN_PIQ
P11917,CS_MG_NISM
P11918,CS_MG_NISM
P11919,CS_MG_NISM
P11920,CS_MG_NISM
P11921,CS_MG_NISM
P11922,PN_PIQ
P11923,CS_MG_NISM
P11924,CS_MG_NISM
P11925,CS_MG_NISM
P11926,CS_MG_NISM
P11927,JA
P11928,JA
P11929,CS_MG_NISM
P11930,CS_MG_NISM
P11931,PN_PIQ
P11932,PN_PIQ
P11933,PN_PIQ
P11934,CS_MG_NISM
P11935,CS_MG_NISM
P11936,CS_MG_NISM
P11937,CS_MG_NISM
P11938,PN_PIQ
P11939,CS_MG_NISM
P11940,CS_MG_NISM
P11941,PN_PIQ
P11942,PN_PIQ
P11943,PN_PIQ
P11945,PN_PIQ
P11946,PN_PIQ
P11947,CS_NGT_NIM
P11948,PN_PIQ
P11949,PN_PIQ
P11950,CS_CGT_NIM
P11951,CS_BT_NIM
P11952,CS_BT_NIM
P11953,PN_PIQ
P11954,CS_BT_NIM
P11955,CS_BT_NIM
P11956,CS_MG_NISM
P11957,CS_MG_NISM
P11958,PN_PIQ
P11959,PN_PIQ
P11960,CS_MG_NISM
P11961,CS_MG_NISM
P11962,CS_MG_NISM
P11963,CS_MG_NISM
P11964,CS_NGT_NIM
P11965,PN_PIQ
P11966,PN_PIQ
P11967,CS_CGT_NIM
P11968,CS_CGT_NIM
P11969,CS_CGT_NIM
P11970,JA
P11971,BC_GTMG
P11972,CS_CGT_NIM
P11973,CS_MG_NISM
P11974,CS_MG_NISM
P11975,CS_MG_NISM
P11976,CS_MG_NISM
P11977,CS_NGT_NIM
P11978,CS_NGT_NIM
P11979,CS_MG_NISM
P11980,PN_PIQ
P11981,PN_PIQ
P11982,CS_MG_NISM
P11983,CS_MG_NISM
P11984,CS_MG_NISM
P11985,CS_NGT_NIM
P11986,CS_NGT_NIM
P11987,PN_PIQ
P11988,PN_PIQ
P11989,CS_MG_NISM
P11992,IG_PLA
P11993,CS_MG_NISM
P11994,CS_MG_NISM
P11995,CS_MG_NISM
P11996,CS_NGT_NIM
P11997,CS_MG_NISM
P11998,CS_MG_NISM
P12001,CS_MG_NISM
P12002,PN_PIQ
P12003,CS_MG_NISM
P12004,CS_MG_NISM
P12005,CS_MG_NISM
P12006,CS_MG_NISM
P12007,CS_MG_NISM
P12008,CS_MG_NISM
P12009,PN_PIQ
P12010,PN_PIQ
P12011,PN_PIQ
P12013,JA
P12015,PN_PIQ
P12016,PN_PIQ
P12017,CS_EGT_NIM
P12018,CS_MG_NISM
P12019,CS_MG_NISM
P12020,CS_MG_NISM
P12021,CS_BT_NIM
P12022,CS_BT_NIM
P12025,CS_BT_NIM
P12026,CS_EGT_NIM
P12027,CS_EGT_NIM
P12028,PN_PIQ
P12029,CS_MG_NISM
P12030,CS_MG_NISM
P12031,PN_PIQ
P12032,CS_MG_NISM
P12033,CS_MG_NISM
P12034,CS_MG_NISM
P12035,CS_MG_NISM
P12036,CS_MG_NISM
P12037,PN_PIQ
P12038,CS_MG_NISM
P12039,CS_MG_NISM
P12040,CS_MG_NISM
P12041,CS_MG_NISM
P12042,CS_MG_NISM
P12043,PN_PIQ
P12044,CS_MG_NISM
P12045,CS_MG_NISM
P12046,CS_MG_NISM
P12048,CS_MG_NISM
P12049,CS_MG_NISM
P12050,CS_MG_NISM
P12051,PN_PIQ
P12052,CS_MG_NISM
P12053,CS_MG_NISM
P12054,CS_MG_NISM
P12055,CS_MG_NISM
P12056,CS_MG_NISM
P12057,CS_MG_NISM
P12058,CS_MG_NISM
P12059,CS_MG_NISM
P12060,CS_MG_NISM
P12061,CS_MG_NISM
P12062,CS_MG_NISM
P12063,CS_MG_NISM
P12064,PN_PIQ
P12065,CS_MG_NISM
P12066,CS_MG_NISM
P12067,PN_PIQ
P12068,CS_BT_NIM
P12069,CS_BT_NIM
P12070,PN_PIQ
P12071,PN_PIQ
P12072,CS_MG_NISM
P12073,CS_MG_NISM
P12074,CS_MG_NISM
P12075,CS_MG_NISM
P12076,PN_PIQ
P12077,CS_MG_NISM
P12078,CS_MG_NISM
P12079,CS_MG_NISM
P12081,CS_MG_NISM
P12082,CS_MG_NISM
P12083,CS_MG_NISM
P12084,CS_MG_NISM
P12085,CS_EGT_NIM
P12086,PN_PIQ
P12087,CS_EGT_NISM
P12088,CS_EGT_NIM
P12089,CS_EGT_NISM
P12090,CS_EGT_NISM
P12091,CS_MG_NISM
P12092,CS_MG_NISM
P12093,PN_PIQ
P12094,CS_MG_NISM
P12095,CS_MG_NISM
P12096,CS_MG_NISM
P12097,CS_MG_NISM
P12098,CS_MG_NISM
P12099,PN_PIQ
P12100,PN_PIQ
P12101,CS_MG_NISM
P12102,CS_MG_NISM
P12103,CS_MG_NISM
P12104,CS_MG_NISM
P12105,CS_MG_NISM
P12106,CS_MG_NISM
P12108,CS_MG_NISM
P12109,CS_MG_NISM
P12110,PN_PIQ
P12111,CS_MG_NISM
P12112,CS_MG_NISM
P12113,CS_MG_NISM
P12114,CS_MG_NISM
P12115,CS_MG_NISM
P12116,CS_MG_NISM
P12117,CS_MG_NISM
P12118,PN_PIQ
P12119,CS_MG_NISM
P12120,CS_MG_NISM
P12121,CS_MG_NISM
P12122,CS_MG_NISM
P12123,PN_PIQ
P12124,PN_PIQ
P12125,CS_MG_NISM
P12126,CS_MG_NISM
P12127,CS_MG_NISM
P12128,PN_PIQ
P12129,CS_MG_NISM
P12130,CS_MG_NISM
P12131,CS_MG_NISM
P12132,PN_PIQ
P12133,CS_NGT_NISM
P12134,CS_NGT_NISM
P12135,CS_NGT_NISM
P12136,CS_MG_NISM
P12137,CS_MG_NISM
P12138,CS_MG_NISM
P12139,PN_PIQ
P12140,PN_PIQ
P12141,CS_MG_NISM
P12142,CS_NGT_NIM
P12143,CS_NGT_NIM
P12144,JA
P12145,CS_NGT_NISM
P12147,CS_NGT_NISM
P12148,CS_NGT_NIM
P12149,CS_NGT_NIM
P12150,CS_NGT_NIM
P12151,CS_NGT_NIM
P12153,CS_NGT_NIM
P12154,CS_NGT_NIM
P12156,CS_NGT_NIM
P12157,CS_NGT_NIM
P12158,CS_NGT_NIM
P12159,PN_PIQ
P12160,CS_EGT_NIM
P12161,CS_EGT_NIM
P12162,CS_EGT_NIM
P12163,PN_PIQ
P12164,CS_EGT_NIM
P12165,PN_PIQ
P12166,PN_PIQ
P12167,PN_PIQ
P12168,CS_NGT_NISM
P12169,PN_PIQ
P12170,PN_PIQ
P12171,CS_NGT_NISM
P12172,CS_EGT_NIM
P12173,CS_EGT_NIM
P12176,CS_EGT_NIM
P12177,PN_PIQ
P12178,PN_PIQ
P12179,CS_MG_NISM
P12180,CS_MG_NISM
P12181,CS_MG_NISM
P12182,PN_PIQ
P12183,CS_MG_NISM
P12184,CS_MG_NISM
P12187,CS_MG_NISM
P12188,CS_MG_NISM
P12189,CS_MG_NISM
P12190,PN_PIQ
P12191,CS_MG_NISM
P12192,CS_MG_NISM
P12193,PN_PIQ
P12194,PN_PIQ
P12195,CS_MG_NISM
P12196,CS_MG_NISM
P12197,CS_MG_NISM
P12198,CS_MG_NISM
P12199,CS_MG_NISM
P12200,CS_MG_NISM
P12201,PN_PIQ
P12202,CS_MG_NISM
P12203,CS_MG_NISM
P12204,CS_MG_NISM
P12205,CS_MG_NISM
P12206,CS_MG_NISM
P12207,CS_MG_NISM
P12208,CS_MG_NISM
P12209,CS_MG_NISM
P12210,PN_PIQ
P12211,CS_MG_NISM
P12212,CS_MG_NISM
P12213,PN_PIQ
P12214,CS_MG_NISM
P12215,CS_MG_NISM
P12216,CS_MG_NISM
P12217,CS_MG_NISM
P12218,CS_MG_NISM
P12219,CS_MG_NISM
P12220,CS_MG_NISM
P12221,CS_MG_NISM
P12222,CS_MG_NISM
P12223,CS_MG_NISM
P12224,CS_MG_NISM
P12226,CS_MG_NISM
P12227,CS_MG_NISM
P12228,CS_MG_NISM
P12229,CS_MG_NISM
P12230,CS_MG_NISM
P12231,CS_MG_NISM
P12232,JA
P12233,CS_MG_NISM
P12234,PN_PIQ
P12235,CS_MG_NISM
P12236,CS_MG_NISM
P12237,CS_MG_NISM
P12238,CS_MG_NISM
P12239,PN_PIQ
P12240,CS_MG_NISM
P12241,CS_MG_NISM
P12242,PN_PIQ
P12243,CS_MG_NISM
P12244,JA
P12245,PN_PIQ
P12246,CS_MG_NISM
P12247,CS_MG_NISM
P12248,CS_MG_NISM
P12249,CS_MG_NISM
P12250,CS_MG_NISM
P12251,CS_MG_NISM
P12252,CS_MG_NISM
P12253,CS_MG_NISM
P12254,CS_MG_NISM
P12255,CS_MG_NISM
P12256,CS_MG_NISM
P12257,CS_MG_NISM
P12258,CS_MG_NISM
P12259,PN_PIQ
P12260,PN_PIQ
P12261,CS_MG_NISM
P12262,CS_EGT_NIM
P12263,PN_PIQ
P12264,PN_PIQ
P12265,CS_EGT_NIM
P12266,PN_PIQ
P12267,PN_PIQ
P12268,PN_PIQ
P12269,CS_MG_NISM
P12270,CS_MG_NISM
P12271,CS_MG_NISM
P12272,CS_MG_NISM
P12273,PN_PIQ
P12274,CS_MG_NISM
P12276,CS_EGT_NIM
P12277,CS_EGT_NIM
P12278,CS_EGT_NIM
P12279,CS_EGT_NIM
P12280,CS_BT_NIM
P12281,CS_BT_NIM
P12282,PN_PIQ
P12284,JA
P12285,CS_CGT_NIM
P12286,PN_PIQ
P12287,PN_PIQ
P12288,PN_PIQ
P12290,PN_PIQ
P12291,CS_MG_NISM
P12292,CS_MG_NISM
P12293,PN_PIQ
P12294,CS_MG_NISM
P12295,CS_MG_NISM
P12296,CS_MG_NISM
P12297,CS_MG_NISM
P12298,PN_PIQ
P12299,PN_PIQ
P12300,CS_MG_NISM
P12301,CS_MG_NISM
P12302,CS_MG_NISM
P12303,CS_MG_NISM
P12304,PN_PIQ
P12305,CS_NGT_NIM
P12306,CS_NGT_NIM
P12307,CS_NGT_NIM
P12308,CS_NGT_NIM
P12309,CS_NGT_NIM
P12310,VE_BTGT
P12311,CS_NGT_NIM
P12312,CS_NGT_NIM
P12313,CS_NGT_NIM
P12314,CS_NGT_NIM
P12315,CS_NGT_NIM
P12316,CS_NGT_NIM
P12317,CS_NGT_NIM
P12318,CS_NGT_NISM
P12319,CS_MG_NISM
P12320,PN_PIQ
P12321,CS_MG_NISM
P12322,CS_MG_NISM
P12323,CS_MG_NISM
P12324,CS_MG_NISM
P12325,CS_MG_NISM
P12326,PN_PIQ
P12327,CS_MG_NISM
P12328,CS_MG_NISM
P12329,CS_MG_NISM
P12330,CS_MG_NISM
P12331,MA_TO_CO_JA
P12332,MA_TO_CO_JA
P12333,MA_TO_CO_JA
P12334,MA_TO_CO_JA
P12335,CS_MG_NISM
P12336,CS_MG_NISM
P12337,CS_MG_NISM
P12338,CS_BT_NIM
P12339,AG
P12340,CS_MG_NISM
P12341,CS_MG_NISM
P12342,CS_MG_NISM
P12343,CS_MG_NISM
P12344,CS_MG_NISM
P12345,CS_MG_NISM
P12346,CS_MG_NISM
P12347,CS_CGT_NIM
P12348,MA_TO_CO_JA
P12349,MA_TO_CO_JA
P12350,CS_BT_NIM
P12351,CS_BT_NIM
P12352,CS_BT_NIM
P12353,CS_BT_NIM
P12354,MA_TO_CO_JA
P12355,CS_BT_NIM
P12356,CS_BT_NIM
P12357,CS_BT_NIM
P12358,CS_BT_NIM
P12359,CS_BT_NIM
P12360,CS_BT_NIM
P12361,CS_BT_NIM
P12362,MA_TO_CO_JA
P12363,MA_TO_CO_JA
P12364,CS_BT_NIM
P12365,CS_BT_NIM
P12366,CS_BT_NIM
P12367,CS_NGT_NIM
P12368,VE_BTGT
P12369,CS_NGT_NIM
P12370,CS_NGT_NISM
P12371,CS_NGT_NISM
P12372,CS_NGT_NIM
P12373,CS_NGT_NISM
P12374,CS_NGT_NISM
P12375,PN_PIQ
P12376,BA_PER
P12377,CS_EGT_NIM
P12378,CS_BT_NIM
P12379,CS_MG_NISM
P12380,PN_PIQ
P12381,CS_MG_NISM
P12382,PN_PIQ
P12383,PN_PIQ
P12384,PN_PIQ
P12385,PN_PIQ
P12386,CS_CGT_NIM
P12388,CS_CGT_NIM
P12389,CS_CGT_NIM
P12390,CS_CGT_NIM
P12391,CS_CGT_NIM
P12392,CS_BT_NIM
P12393,CS_MG_NISM
P12394,CS_MG_NISM
P12395,CS_MG_NISM
P12396,CS_MG_NISM
P12397,CS_MG_NISM
P12398,CS_MG_NISM
P12399,CS_MG_NISM
P12400,CS_MG_NISM
P12401,CS_MG_NISM
P12402,CS_MG_NISM
P12403,CS_MG_NISM
P12404,CS_BT_NIM
P12405,PN_PIQ
P12406,PN_PIQ
P12407,CS_BT_NIM
P12408,PN_PIQ
P12409,CS_BT_NIM
P12410,PN_PIQ
P12411,PN_PIQ
P12412,PN_PIQ
P12413,CS_CGT_NIM
P12414,CS_CGT_NIM
P12415,CS_CGT_NIM
P12416,CS_CGT_NIM
P12417,CS_CGT_NIM
P12418,PN_PIQ
P12419,CS_CGT_NIM
P12420,CS_CGT_NIM
P12421,CS_CGT_NIM
P12422,CS_CGT_NIM
P12423,PN_PIQ
P12424,CS_BT_NIM
P12425,CS_BT_NIM
P12426,CS_BT_NIM
P12427,CS_BT_NIM
P12428,CS_BT_NIM
P12429,CS_BT_NIM
P12431,CS_BT_NIM
P12432,CS_BT_NIM
P12433,CS_BT_NIM
P12434,CS_BT_NIM
P12435,CS_BT_NIM
P12436,CS_BT_NIM
P12437,CS_BT_NIM
P12438,CS_BT_NIM
P12439,AN_PA
P12441,CS_BT_NIM
P12443,CS_BT_NIM
P12444,CS_BT_NIM
P12446,CS_BT_NIM
P12447,CS_BT_NIM
P12448,CS_BT_NIM
P12450,CS_BT_NIM
P12451,CS_BT_NIM
P12452,AN_PA
P12454,CS_BT_NIM
P12455,CS_BT_NIM
P12458,CS_BT_NIM
P12459,CS_BT_NIM
P12460,CS_BT_NIM
P12462,CS_BT_NIM
P12463,CS_NGT_NIM
P12464,CS_NGT_NIM
P12465,CS_NGT_NISM
P12466,CS_NGT_NIM
P12467,CS_NGT_NIM
P12469,PN_PIQ
P12470,PN_PIQ
P12471,PN_PIQ
P12472,CS_NGT_NISM
P12473,CS_NGT_NISM
P12474,CS_MG_NISM
P12475,CS_MG_NISM
P12476,PN_PIQ
P12477,CS_MG_NISM
P12478,CS_MG_NISM
P12479,CS_MG_NISM
P12480,PN_PIQ
P12481,PN_PIQ
P12482,CS_MG_NISM
P12483,CS_MG_NISM
P12484,PN_PIQ
P12485,CS_MG_NISM
P12486,PN_PIQ
P12487,CS_MG_NISM
P12488,CS_MG_NISM
P12489,CS_MG_NISM
P12490,CS_MG_NISM
P12491,CS_MG_NISM
P12492,CS_MG_NISM
P12493,PN_PIQ
P12494,CS_MG_NISM
P12495,CS_MG_NISM
P12496,PN_PIQ
P12497,PN_PIQ
P12498,PN_PIQ
P12499,CS_MG_NISM
P12500,PN_PIQ
P12501,CS_MG_NISM
P12502,CS_MG_NISM
P12503,CS_MG_NISM
P12504,PN_PIQ
P12505,CS_MG_NISM
P12506,CS_MG_NISM
P12507,CS_MG_NISM
P12508,CS_MG_NISM
P12509,CS_MG_NISM
P12510,PN_PIQ
P12511,CS_MG_NISM
P12512,CS_EGT_NIM
P12513,CS_EGT_NIM
P12514,CS_EGT_NIM
P12515,CS_EGT_NIM
P12516,CS_EGT_NIM
P12517,MA_ROTA
P12518,CS_BT_NIM
P12519,CS_BT_NIM
P12520,CS_BT_NIM
P12521,MA_TO_CO_JA
P12522,CS_NGT_NISM
P12523,PN_PIQ
P12524,PN_PIQ
P12525,CS_NGT_NIM
P12526,CS_NGT_NIM
P12527,CS_NGT_NISM
P12528,CS_NGT_NISM
P12529,CS_MG_NISM
P12530,CS_EGT_NIM
P12531,CS_CGT_NIM
P12532,PN_PIQ
P12533,VE_BTGT
P12534,CS_CGT_NIM
P12535,CS_CGT_NIM
P12536,CS_NGT_NIM
P12538,CS_NGT_NISM
P12539,CS_NGT_NIM
P12540,CS_NGT_NIM
P12541,PN_PIQ
P12542,CS_NGT_NIM
P12543,CS_NGT_NIM
P12545,CS_NGT_NIM
P12546,CS_NGT_NIM
P12547,CS_NGT_NISM
P12548,CS_NGT_NIM
P12549,CS_NGT_NIM
P12550,CS_NGT_NIM
P12552,CS_NGT_NIM
P12554,ME
P12556,JA
P12557,CS_MG_NISM
P12558,PN_PIQ
P12559,CS_MG_NISM
P12560,CS_MG_NISM
P12561,CS_MG_NISM
P12562,CS_MG_NISM
P12563,CS_NGT_NIM
P12564,PN_PIQ
P12565,CS_NGT_NIM
P12566,CS_NGT_NISM
P12567,PN_PIQ
P12568,PN_PIQ
P12569,CS_MG_NISM
P12570,CS_MG_NISM
P12571,PN_PIQ
P12572,CS_MG_NISM
P12573,CS_MG_NISM
P12574,PN_PIQ
P12575,CS_MG_NISM
P12576,CS_MG_NISM
P12577,CS_MG_NISM
P12578,PN_PIQ
P12579,PN_PIQ
P12580,PN_PIQ
P12581,CS_MG_NISM
P12582,CS_MG_NISM
P12583,PN_PIQ
P12584,PN_PIQ
P12585,PN_PIQ
P12586,CS_MG_NISM
P12587,CS_MG_NISM
P12588,PN_PIQ
P12589,PN_PIQ
P12590,CS_MG_NISM
P12591,CS_MG_NISM
P12592,PN_PIQ
P12593,CS_MG_NISM
P12594,CS_MG_NISM
P12595,CS_MG_NISM
P12596,CS_MG_NISM
P12597,CS_MG_NISM
P12598,CS_MG_NISM
P12599,PN_PIQ
P12600,CS_MG_NISM
P12601,CS_MG_NISM
P12602,CS_MG_NISM
P12603,CS_MG_NISM
P12604,CS_MG_NISM
P12605,CS_MG_NISM
P12607,CS_MG_NISM
P12608,CS_MG_NISM
P12609,CS_MG_NISM
P12610,CS_MG_NISM
P12611,CS_MG_NISM
P12612,PN_PIQ
P12613,CS_MG_NISM
P12614,PN_PIQ
P12615,CS_MG_NISM
P12616,CS_BT_NIM
P12617,CS_BT_NIM
P12618,CS_BT_NIM
P12619,CS_MG_NISM
P12620,PN_PIQ
P12621,PN_PIQ
P12622,CS_MG_NISM
P12623,CS_MG_NISM
P12624,CS_MG_NISM
P12625,CS_MG_NISM
P12626,CS_MG_NISM
P12627,CS_MG_NISM
P12628,PN_PIQ
P12629,PN_PIQ
P12630,CS_MG_NISM
P12632,PN_PIQ
P12634,CS_NGT_NIM
P12635,CS_BT_NIM
P12636,ME
P12637,CS_EGT_NIM
P12638,CS_EGT_NIM
P12639,CS_EGT_NIM
P12640,CS_EGT_NIM
P12641,ME
P12642,CS_EGT_NIM
P12643,PN_PIQ
P12644,CS_MG_NISM
P12645,PN_PIQ
P12646,PN_PIQ
P12647,CS_MG_NISM
P12648,CS_MG_NISM
P12649,PN_PIQ
P12650,PN_PIQ
P12651,PN_PIQ
P12652,PN_PIQ
P12653,PN_PIQ
P12654,PN_PIQ
P12655,CS_MG_NISM
P12656,PN_PIQ
P12657,CS_MG_NISM
P12658,CS_MG_NISM
P12659,CS_MG_NISM
P12660,CS_MG_NISM
P12661,PN_PIQ
P12662,CS_MG_NISM
P12663,CS_MG_NISM
P12664,CS_MG_NISM
P12665,CS_NGT_NIM
P12666,PN_PIQ
P12667,CS_NGT_NIM
P12668,PN_PIQ
P12669,CS_NGT_NIM
P12670,CS_NGT_NIM
P12671,CS_MG_NISM
P12672,CS_MG_NISM
P12673,CS_BT_NIM
P12674,CS_BT_NIM
P12675,CS_BT_NIM
P12676,CS_BT_NIM
P12677,CS_BT_NIM
P12678,CS_MG_NISM
P12679,CS_MG_NISM
P12680,PN_PIQ
P12681,CS_BT_NIM
P12682,CS_BT_NIM
P12686,CS_BT_NIM
P12687,CS_BT_NIM
P12688,PN_PIQ
P12689,CS_BT_NIM
P12690,CS_BT_NIM
P12691,CS_BT_NIM
P12692,CS_BT_NIM
P12693,PN_PIQ
P12695,CS_NGT_NIM
P12696,PN_PIQ
P12697,CS_MG_NISM
P12698,CS_MG_NISM
P12699,CS_MG_NISM
P12700,CS_NGT_NIM
P12701,CS_NGT_NIM
P12702,JA
P12703,CS_MG_NISM
P12704,CS_MG_NISM
P12705,PN_PIQ
P12706,CS_MG_NISM
P12707,PN_PIQ
P12708,CS_MG_NISM
P12709,PN_PIQ
P12712,CS_MG_NISM
P12713,PN_PIQ
P12714,PN_PIQ
P12715,PN_PIQ
P12716,CS_BT_NIM
P12717,CS_BT_NIM
P12718,PN_PIQ
P12719,PN_PIQ
P12720,CS_MG_NISM
P12721,CS_MG_NISM
P12722,CS_MG_NISM
P12723,PN_PIQ
P12724,CS_MG_NISM
P12725,CS_MG_NISM
P12726,CS_MG_NISM
P12727,CS_MG_NISM
P12728,CS_MG_NISM
P12729,CS_MG_NISM
P12730,PN_PIQ
P12731,PN_PIQ
P12732,CS_MG_NISM
P12733,CS_MG_NISM
P12734,PN_PIQ
P12735,CS_MG_NISM
P12736,CS_MG_NISM
P12737,CS_MG_NISM
P12738,PN_PIQ
P12739,CS_NGT_NIM
P12740,VE_BTGT
P12742,CS_NGT_NIM
P12743,CS_NGT_NIM
P12744,PN_PIQ
P12746,CS_NGT_NIM
P12747,CS_MG_NISM
P12748,CS_MG_NISM
P12749,PN_PIQ
P12750,PN_PIQ
P12751,JA
P12752,CS_MG_NISM
P12753,CS_MG_NISM
P12754,CS_MG_NISM
P12755,CS_MG_NISM
P12756,CS_BT_NIM
P12758,PN_PIQ
P12759,CS_MG_NISM
P12760,CS_MG_NISM
P12761,CS_MG_NISM
P12762,CS_MG_NISM
P12763,PN_PIQ
P12764,PN_PIQ
P12765,PN_PIQ
P12767,CS_NGT_NIM
P12769,CS_NGT_NIM
P12770,CS_NGT_NIM
P12771,CS_NGT_NIM
P12772,CS_NGT_NIM
P12773,CS_NGT_NIM
P12774,CS_MG_NISM
P12775,PN_PIQ
P12776,PN_PIQ
P12777,PN_PIQ
P12778,CS_NGT_NIM
P12779,CS_NGT_NISM
P12780,CS_NGT_NISM
P12781,CS_BT_NIM
P12782,PN_PIQ
P12783,CS_MG_NISM
P12784,CS_MG_NISM
P12785,CS_MG_NISM
P12786,CS_MG_NISM
P12787,CS_MG_NISM
P12788,CS_MG_NISM
P12789,CS_MG_NISM
P12790,PN_PIQ
P12791,PN_PIQ
P12792,JA
P12793,PN_PIQ
P12794,PN_PIQ
P12795,CS_NGT_NIM
P12796,PN_PIQ
P12797,PN_PIQ
P12798,CS_NGT_NIM
P12799,CS_NGT_NIM
P12800,CS_NGT_NIM
P12801,CS_NGT_NIM
P12803,CS_NGT_NISM
P12804,CS_NGT_NIM
P12805,CS_NGT_NIM
P12806,PN_PIQ
P12807,CS_NGT_NIM
P12808,CS_NGT_NIM
P12809,CS_NGT_NIM
P12810,CS_NGT_NIM
P12811,JA
P12812,CS_NGT_NIM
P12813,BC_GTMG
P12814,CS_MG_NISM
P12815,CS_MG_NISM
P12816,CS_BT_NIM
P12817,CS_BT_NIM
P12818,CS_MG_NISM
P12819,CS_MG_NISM
P12820,CS_NGT_NISM
P12822,CS_NGT_NIM
P12823,CS_EGT_NIM
P12824,CS_EGT_NIM
P12825,PN_PIQ
P12826,CS_MG_NISM
P12827,PN_PIQ
P12828,CS_MG_NISM
P12829,PN_PIQ
P12830,CS_MG_NISM
P12831,CS_CGT_NIM
P12832,CS_CGT_NIM
P12833,CS_CGT_NIM
P12834,CS_CGT_NIM
P12835,MA_ROTA
P12836,CS_NGT_NIM
P12837,MA_ROTA
P12838,CS_NGT_NIM
P12840,CS_NGT_NIM
P12841,CS_CGT_NIM
P12842,CS_CGT_NIM
P12843,PN_PIQ
P12844,PN_PIQ
P12845,CS_MG_NISM
P12846,PN_PIQ
P12847,PN_PIQ
P12848,JA
P12849,PN_PIQ
P12850,PN_PIQ
P12852,PN_PIQ
P12853,PN_PIQ
P12854,BC_GTMG
P12855,PN_PIQ
P12856,PN_PIQ
P12857,PN_PIQ
P12858,BC_GTMG
P12859,PN_PIQ
P12860,PN_PIQ
P12861,PN_PIQ
P12862,BC_GTMG
P12863,PN_PIQ
P12864,PN_PIQ
P12865,PN_PIQ
P12866,PN_PIQ
P12867,CS_MG_NISM
P12868,PN_PIQ
P12869,CS_NGT_NIM
P12870,CS_NGT_NISM
P12872,ME
P12873,MA_TO_CO_JA
P12874,CS_MG_NISM
P12875,PN_PIQ
P12876,CS_MG_NISM
P12877,CS_MG_NISM
P12878,PN_PIQ
P12879,CS_EGT_NIM
P12880,CS_EGT_NIM
P12881,PN_PIQ
P12882,PN_PIQ
P12883,PN_PIQ
P12884,PN_PIQ
P12885,PN_PIQ
P12886,CS_MG_NISM
P12887,CS_MG_NISM
P12888,CS_MG_NISM
P12889,CS_EGT_NIM
P12890,CS_EGT_NIM
P12891,CS_EGT_NISM
P12892,PN_PIQ
P12893,CS_EGT_NISM
P12894,PN_PIQ
P12895,CS_MG_NISM
P12896,CS_MG_NISM
P12897,CS_MG_NISM
P12898,CS_MG_NISM
P12899,CS_MG_NISM
P12900,PN_PIQ
P12901,PN_PIQ
P12902,PN_PIQ
P12903,PN_PIQ
P12904,CS_MG_NISM
P12905,CS_MG_NISM
P12906,CS_MG_NISM
P12907,PN_PIQ
P12908,PN_PIQ
P12909,CS_MG_NISM
P12910,CS_MG_NISM
P12911,CS_MG_NISM
P12912,CS_MG_NISM
P12913,CS_BT_NIM
P12914,CS_BT_NIM
P12915,CS_BT_NIM
P12916,CS_BT_NIM
P12917,CS_MG_NISM
P12918,CS_MG_NISM
P12919,PN_PIQ
P12920,CS_MG_NISM
P12921,PN_PIQ
P12922,CS_BT_NIM
P12923,PN_PIQ
P12924,CS_BT_NIM
P12925,CS_BT_NIM
P12926,CS_BT_NIM
P12927,CS_BT_NIM
P12928,CS_BT_NIM
P12929,CS_BT_NIM
P12930,CS_BT_NIM
P12931,CS_BT_NIM
P12932,CS_BT_NIM
P12933,JA
P12934,CS_EGT_NIM
P12935,PN_PIQ
P12936,CS_NGT_NIM
P12937,CS_NGT_NIM
P12938,CS_NGT_NIM
P12939,CS_NGT_NIM
P12940,CS_NGT_NIM
P12941,VE_BTGT
P12942,CS_NGT_NIM
P12943,CS_NGT_NIM
P12944,CS_NGT_NIM
P12945,CS_NGT_NIM
P12946,CS_NGT_NISM
P12947,CS_NGT_NIM
P12948,PN_PIQ
P12950,CS_NGT_NIM
P12951,CS_MG_NISM
P12952,CS_EGT_NIM
P12953,PN_PIQ
P12954,PN_PIQ
P12956,MA_TO_CO_JA
P12957,MA_TO_CO_JA
P12958,CS_NGT_NISM
P12959,CS_NGT_NIM
P12962,CS_NGT_NIM
P12963,CS_NGT_NIM
P12966,PN_PIQ
P12967,CS_MG_NISM
P12968,CS_MG_NISM
P12969,CS_MG_NISM
P12970,CS_MG_NISM
P12971,CS_MG_NISM
P12972,CS_MG_NISM
P12973,CS_MG_NISM
P12974,PN_PIQ
P12975,PN_PIQ
P12976,PN_PIQ
P12977,CS_MG_NISM
P12978,CS_MG_NISM
P12979,CS_MG_NISM
P12980,PN_PIQ
P12981,CS_MG_NISM
P12982,CS_MG_NISM
P12983,CS_MG_NISM
P12984,CS_MG_NISM
P12985,CS_MG_NISM
P12986,CS_MG_NISM
P12987,PN_PIQ
P12988,PN_PIQ
P12989,CS_EGT_NIM
P12990,PN_PIQ
P12991,CS_EGT_NISM
P12992,CS_NGT_NIM
P12993,CS_NGT_NISM
P12994,CS_NGT_NIM
P12995,CS_NGT_NIM
P12996,CS_NGT_NIM
P12997,CS_BT_NIM
P12998,PN_PIQ
P12999,PN_PIQ
P13000,CS_CGT_NIM
P13001,CS_CGT_NIM
P13002,CS_CGT_NIM
P13003,CS_CGT_NIM
P13004,MA_TO_CO_JA
P13005,MA_TO_CO_JA
P13008,CS_CGT_NIM
P13009,MA_TO_CO_JA
P13010,CS_CGT_NIM
P13011,CS_CGT_NIM
P13012,PN_PIQ
P13013,PN_PIQ
P13014,PN_PIQ
P13015,PN_PIQ
P13016,PN_PIQ
P13018,MA_TO_CO_JA
P13021,MA_TO_CO_JA
P13022,CS_EGT_NIM
P13023,CS_EGT_NIM
P13024,CS_EGT_NIM
P13027,CS_NGT_NIM
P13032,MA_TO_CO_JA
P13033,CS_NGT_NISM
P13034,MA_ROTA
P13035,CS_MG_NISM
P13036,CS_MG_NISM
P13037,CS_MG_NISM
P13038,PN_PIQ
P13039,CS_MG_NISM
P13040,CS_MG_NISM
P13041,PN_PIQ
P13042,CS_MG_NISM
P13043,CS_MG_NISM
P13044,CS_MG_NISM
P13045,PN_PIQ
P13046,CS_BT_NIM
P13048,MA_TO_CO_JA
P13049,PN_PIQ
P13051,AN_PA
P13052,MA_TO_CO_JA
P13056,CS_MG_NISM
P13057,CS_MG_NISM
P13058,CS_MG_NISM
P13059,PN_PIQ
P13060,CS_MG_NISM
P13061,CS_MG_NISM
P13062,PN_PIQ
P13063,CS_EGT_NIM
P13064,MA_ROTA
P13065,PN_PIQ
P13066,JA
P13068,PN_PIQ
P13069,CS_MG_NISM
P13070,CS_MG_NISM
P13071,CS_MG_NISM
P13072,CS_MG_NISM
P13073,CS_MG_NISM
P13074,PN_PIQ
P13075,PN_PIQ
P13076,PN_PIQ
P13077,PN_PIQ
P13078,CS_MG_NISM
P13079,CS_MG_NISM
P13080,CS_MG_NISM
P13081,CS_MG_NISM
P13082,CS_MG_NISM
P13083,PN_PIQ
P13084,CS_MG_NISM
P13085,PN_PIQ
P13086,PN_PIQ
P13087,PN_PIQ
P13088,CS_NGT_NIM
P13089,CS_NGT_NIM
P13090,PN_PIQ
P13091,CS_NGT_NIM
P13092,CS_NGT_NIM
P13093,CS_EGT_NIM
P13094,MA_TO_CO_JA
P13095,MA_TO_CO_JA
P13096,MA_TO_CO_JA
P13097,CS_EGT_NIM
P13098,PN_PIQ
P13099,PN_PIQ
P13100,CS_BT_NIM
P13101,CS_BT_NIM
P13102,CS_BT_NIM
P13103,PN_PIQ
P13104,CS_BT_NIM
P13105,CS_MG_NISM
P13106,PN_PIQ
P13107,CS_MG_NISM
P13108,PN_PIQ
P13109,PN_PIQ
P13111,PN_PIQ
P13112,PN_PIQ
P13113,PN_PIQ
P13114,PN_PIQ
P13115,PN_PIQ
P13116,PN_PIQ
P13117,CS_MG_NISM
P13118,CS_MG_NISM
P13119,PN_PIQ
P13120,CS_MG_NISM
P13121,CS_EGT_NIM
P13122,CS_MG_NISM
P13123,CS_MG_NISM
P13124,CS_MG_NISM
P13125,CS_MG_NISM
P13126,CS_MG_NISM
P13127,CS_MG_NISM
P13128,CS_MG_NISM
P13129,PN_PIQ
P13130,CS_MG_NISM
P13131,PN_PIQ
P13132,CS_MG_NISM
P13133,CS_BT_NIM
P13134,PN_PIQ
P13135,PN_PIQ
P13136,PN_PIQ
P13137,PN_PIQ
P13138,PN_PIQ
P13139,PN_PIQ
P13141,CS_CGT_NIM
P13142,PN_PIQ
P13143,PN_PIQ
P13144,PN_PIQ
P13145,PN_PIQ
P13146,PN_PIQ
P13147,PN_PIQ
P13148,PN_PIQ
P13149,PN_PIQ
P13150,CS_CGT_NIM
P13151,PN_PIQ
P13152,CS_BT_NIM
P13153,MA_TO_CO_JA
P13154,CS_BT_NIM
P13155,CS_BT_NIM
P13156,CS_MG_NISM
P13157,CS_MG_NISM
P13158,CS_EGT_NIM
P13160,MA_TO_CO_JA
P13162,PN_PIQ
P13163,PN_PIQ
P13164,CS_MG_NISM
P13165,CS_MG_NISM
P13166,CS_MG_NISM
P13167,CS_BT_NIM
P13168,PN_PIQ
P13169,MA_TO_CO_JA
P13170,CS_EGT_NIM
P13171,PN_PIQ
P13172,PN_PIQ
P13173,PN_PIQ
P13174,CS_EGT_NIM
P13175,CS_BT_NIM
P13176,PN_PIQ
P13177,PN_PIQ
P13178,CS_BT_NIM
P13183,CS_BT_NIM
P13184,CS_BT_NIM
P13185,CS_BT_NIM
P13186,CS_BT_NIM
P13187,PN_PIQ
P13188,PN_PIQ
P13189,PN_PIQ
P13190,PN_PIQ
P13192,CS_BT_NIM
P13193,CS_BT_NIM
P13194,CS_BT_NIM
P13195,CS_BT_NIM
P13196,PN_PIQ
P13197,CS_BT_NIM
P13198,AG
P13199,AG
P13200,CS_CGT_NIM
P13201,CS_BT_NIM
P13202,CS_MG_NISM
P13203,CS_MG_NISM
P13204,PN_PIQ
P13205,PN_PIQ
P13206,CS_BT_NIM
P13207,PN_PIQ
P13208,CS_BT_NIM
P13209,CS_BT_NIM
P13210,MA_TO_CO_JA
P13211,CS_BT_NIM
P13212,CS_BT_NIM
P13213,CS_BT_NIM
P13214,CS_BT_NIM
P13215,CS_BT_NIM
P13216,CS_BT_NIM
P13218,CS_BT_NIM
P13219,CS_BT_NIM
P13220,CS_BT_NIM
P13221,CS_BT_NIM
P13222,PN_PIQ
P13223,CS_BT_NIM
P13224,CS_BT_NIM
P13225,CS_MG_NISM
P13226,PN_PIQ
P13227,CS_MG_NISM
P13228,CS_MG_NISM
P13229,CS_MG_NISM
P13230,CS_MG_NISM
P13231,CS_MG_NISM
P13232,CS_MG_NISM
P13233,CS_MG_NISM
P13234,CS_MG_NISM
P13235,CS_MG_NISM
P13236,CS_MG_NISM
P13237,CS_MG_NISM
P13238,CS_MG_NISM
P13239,CS_MG_NISM
P13240,CS_MG_NISM
P13241,CS_MG_NISM
P13242,CS_MG_NISM
P13243,CS_MG_NISM
P13244,CS_MG_NISM
P13245,MA_TO_CO_JA
P13246,MA_TO_CO_JA
P13247,MA_TO_CO_JA
P13248,MA_TO_CO_JA
P13249,MA_TO_CO_JA
P13250,MA_TO_CO_JA
P13251,MA_TO_CO_JA
P13252,MA_TO_CO_JA
P13253,PN_PIQ
P13254,CS_MG_NISM
P13255,PN_PIQ
P13256,PN_PIQ
P13257,PN_PIQ
P13258,PN_PIQ
P13259,CS_CGT_NIM
P13260,MA_TO_CO_JA
P13261,CS_CGT_NIM
P13262,MA_TO_CO_JA
P13263,CS_CGT_NIM
P13264,MA_TO_CO_JA
P13265,PN_PIQ
P13266,PN_PIQ
P13267,PN_PIQ
P13269,CS_NGT_NIM
P13270,CS_NGT_NIM
P13271,CS_NGT_NIM
P13272,CS_CGT_NIM
P13274,PN_PIQ
P13275,CS_EGT_NIM
P13276,CS_EGT_NISM
P13277,PN_PIQ
P13278,CS_BT_NIM
P13279,CS_BT_NIM
P13280,CS_MG_NISM
P13281,CS_MG_NISM
P13282,CS_MG_NISM
P13283,PN_PIQ
P13286,CS_BT_NIM
P13288,CS_BT_NIM
P13291,CS_BT_NIM
P13292,PN_PIQ
P13293,PN_PIQ
P13294,CS_BT_NIM
P13295,PN_PIQ
P13296,CS_BT_NIM
P13298,AG
P13299,CS_BT_NIM
P13300,CS_BT_NIM
P13301,CS_BT_NIM
P13302,CS_BT_NIM
P13303,CS_BT_NIM
P13304,CS_BT_NISM
P13305,MA_TO_CO_JA
P13306,JA
P13307,CS_BT_NIM
P13308,CS_BT_NIM
P13309,CS_BT_NIM
P13311,CS_BT_NIM
P13312,CS_BT_NIM
P13314,CS_BT_NIM
P13315,CS_BT_NIM
P13316,CS_BT_NIM
P13317,CS_BT_NIM
P13318,CS_BT_NIM
P13319,CS_BT_NIM
P13321,CS_BT_NIM
P13322,CS_BT_NIM
P13323,CS_BT_NISM
P13324,CS_BT_NIM
P13325,CS_BT_NIM
P13326,AN_NU
P13327,CS_BT_NIM
P13328,CS_BT_NIM
P13329,CS_BT_NIM
P13330,PN_PIQ
P13331,MA_TO_CO_JA
P13332,CS_BT_NISM
P13333,MA_TO_CO_JA
P13334,JA
P13335,CS_BT_NIM
P13336,CS_BT_NIM
P13338,CS_BT_NIM
P13339,CS_BT_NIM
P13340,AG
P13341,PN_PIQ
P13342,CS_MG_NISM
P13343,CS_MG_NISM
P13344,CS_MG_NISM
P13345,CS_MG_NISM
P13346,CS_MG_NISM
P13347,CS_MG_NISM
P13348,CS_MG_NISM
P13349,CS_MG_NISM
P13350,JA
P13351,CS_MG_NISM
P13352,PN_PIQ
P13353,CS_BT_NIM
P13354,PN_PIQ
P13355,CS_BT_NIM
P13356,CS_BT_NIM
P13357,CS_BT_NIM
P13358,CS_BT_NIM
P13359,CS_MG_NISM
P13360,CS_MG_NISM
P13361,CS_MG_NISM
P13362,PN_PIQ
P13363,CS_BT_NIM
P13364,PN_PIQ
P13365,PN_PIQ
P13366,PN_PIQ
P13367,CS_BT_NIM
P13368,CS_BT_NIM
P13369,PN_PIQ
P13370,PN_PIQ
P13371,PN_PIQ
P13372,PN_PIQ
P13373,CS_BT_NIM
P13374,CS_BT_NIM
P13375,PN_PIQ
P13376,CS_BT_NIM
P13377,PN_PIQ
P13378,CS_BT_NIM
P13380,PN_PIQ
P13381,CS_BT_NIM
P13382,CS_BT_NIM
P13383,PN_PIQ
P13384,CS_BT_NIM
P13385,JA
P13386,PN_PIQ
P13387,CS_BT_NIM
P13388,CS_BT_NIM
P13389,CS_BT_NIM
P13390,CS_BT_NIM
P13391,PN_PIQ
P13392,CS_BT_NIM
P13393,PN_PIQ
P13394,JA
P13395,PN_PIQ
P13396,CS_SBT_NIM
P13397,CS_SBT_NIM
P13398,CS_BT_NIM
P13399,CS_BT_NIM
P13400,CS_BT_NIM
P13401,CS_BT_NIM
P13402,ME
P13403,ME
P13404,ME
P13405,ME
P13406,ME
P13407,ME
P13408,MA_TO_CO_JA
P13409,ME
P13410,ME
P13411,CS_BT_NIM
P13412,CS_BT_NIM
P13413,CS_BT_NIM
P13414,CS_BT_NIM
P13415,CS_BT_NIM
P13416,CS_BT_NIM
P13417,CS_BT_NIM
P13418,CS_BT_NIM
P13419,CS_MG_NISM
P13420,PN_PIQ
P13421,CS_MG_NISM
P13422,CS_MG_NISM
P13423,PN_PIQ
P13424,CS_MG_NISM
P13425,CS_MG_NISM
P13426,CS_MG_NISM
P13427,CS_MG_NISM
P13428,CS_MG_NISM
P13429,PN_PIQ
P13430,CS_MG_NISM
P13431,CS_MG_NISM
P13432,CS_MG_NISM
P13433,CS_MG_NISM
P13434,PN_PIQ
P13435,CS_MG_NISM
P13436,CS_MG_NISM
P13437,CS_MG_NISM
P13438,CS_MG_NISM
P13439,CS_MG_NISM
P13440,PN_PIQ
P13441,PN_PIQ
P13443,PN_PIQ
P13444,CS_MG_NISM
P13445,CS_BT_NIM
P13446,CS_NGT_NIM
P13447,ME
P13448,ME
P13449,MA_TO_CO_JA
P13450,MA_TO_CO_JA
P13451,CS_BT_NIM
P13452,CS_BT_NIM
P13453,JA
P13454,CS_BT_NIM
P13455,CS_BT_NIM
P13456,CS_BT_NIM
P13457,CS_BT_NIM
P13458,CS_BT_NIM
P13459,CS_BT_NIM
P13460,CS_BT_NIM
P13461,CS_BT_NIM
P13463,CS_BT_NIM
P13464,CS_BT_NIM
P13465,CS_BT_NIM
P13468,CS_BT_NIM
P13469,CS_BT_NIM
P13470,CS_BT_NIM
P13471,CS_BT_NIM
P13472,CS_BT_NIM
P13473,CS_BT_NIM
P13474,CS_BT_NIM
P13476,PN_PIQ
P13477,PN_PIQ
P13478,PN_PIQ
P13479,PN_PIQ
P13480,PN_PIQ
P13481,CS_NGT_NIM
P13482,VE_BTGT
P13483,CS_EGT_NIM
P13484,JA
P13485,PN_PIQ
P13486,PN_PIQ
P13487,PN_PIQ
P13488,JA
P13489,PN_PIQ
P13490,PN_PIQ
P13491,PN_PIQ
P13492,PN_PIQ
P13494,CS_BT_NIM
P13495,CS_BT_NIM
P13496,CS_BT_NIM
P13497,CS_BT_NIM
P13498,PN_PIQ
P13499,PN_PIQ
P13500,PN_PIQ
P13501,PN_PIQ
P13502,CS_EGT_NISM
P13503,PN_PIQ
P13504,PN_PIQ
P13505,CS_MG_NISM
P13506,PN_PIQ
P13507,PN_PIQ
P13508,CS_SBT_NIM
P13509,PN_PIQ
P13510,PN_PIQ
P13511,PN_PIQ
P13512,PN_PIQ
P13513,PN_PIQ
P13514,CS_SBT_NIM
P13515,PN_PIQ
P13516,PN_PIQ
P13517,CS_BT_NIM
P13518,PN_PIQ
P13519,CS_EGT_NIM
P13520,CS_NGT_NISM
P13521,CS_NGT_NISM
P13522,PN_PIQ
P13523,CS_MG_NISM
P13524,PN_PIQ
P13525,CS_MG_NISM
P13526,CS_MG_NISM
P13527,PN_PIQ
P13528,PN_PIQ
P13529,PN_PIQ
P13530,CS_MG_NISM
P13531,PN_PIQ
P13532,CS_MG_NISM
P13533,CS_MG_NISM
P13534,PN_PIQ
P13535,PN_PIQ
P13541,MA_ROTA
P13542,PN_PIQ
P13543,PN_PIQ
P13544,PN_PIQ
P13545,JA
P13546,JA
P13547,PN_PIQ
P13548,PN_PIQ
P13549,PN_PIQ
P13550,PN_PIQ
P13551,PN_PIQ
P13552,PN_PIQ
P13553,PN_PIQ
P13554,PN_PIQ
P13555,PN_PIQ
P13556,PN_PIQ
P13557,PN_PIQ
P13558,CS_EGT_NIM
P13559,PN_PIQ
P13560,PN_PIQ
P13561,PN_PIQ
P13562,PN_PIQ
P13563,PN_PIQ
P13564,PN_PIQ
P13565,PN_PIQ
P13566,PN_PIQ
P13567,CS_MG_NISM
P13568,CS_MG_NISM
P13569,PN_PIQ
P13570,JA
P13571,JA
P13572,PN_PIQ
P13573,CS_MG_NISM
P13574,CS_MG_NISM
P13575,PN_PIQ
P13576,PN_PIQ
P13577,PN_PIQ
P13578,PN_PIQ
P13579,PN_PIQ
P13580,PN_PIQ
P13581,PN_PIQ
P13582,JA
P13583,PN_PIQ
P13584,PN_PIQ
P13585,PN_PIQ
P13586,CS_BT_NIM
P13587,CS_BT_NIM
P13588,MA_TO_CO_JA
P13589,MA_TO_CO_JA
P13590,MA_TO_CO_JA
P13591,CS_BT_NIM
P13592,PN_PIQ
P13593,PN_PIQ
P13594,PN_PIQ
P13595,PN_PIQ
P13596,JA
P13597,VE_BTGT
P13598,VE_BTGT
P13599,VE_BTGT
P13600,BA_INT
P13601,BA_PER
P13602,PN_PIQ
P13603,PN_PIQ
P13604,PN_PIQ
P13605,PN_PIQ
P13606,PN_PIQ
P13607,MA_TO_CO_JA
P13608,BA_PER
P13610,BA_PER
P13611,PN_PIQ
P13612,PN_PIQ
P13614,BA_INT
P13615,BA_SINT
P13616,BA_INT
P13617,AN_PA
P13619,BA_SINT
P13620,IG_TUT
P13621,AN_PA
P13622,AN_PA
P13623,AN_PA
P13625,JA
P13627,JA
P13628,BA_INT
P13629,BA_INT
P13630,AN_PA
P13631,BA_INT
P13632,AN_PA
P13633,AN_PA
P13634,BA_INT
P13635,BA_INT
P13636,BA_INT
P13637,VE_BTGT
P13638,VE_BTGT
P13639,BA_INT
P13640,JA
P13641,BA_INT
P13642,BA_INT
P13643,BA_INT
P13644,JA
P13645,BA_INT
P13646,BA_INT
P13647,BA_INT
P13648,BA_INT
P13649,BA_INT
P13650,JA
P13651,BA_INT
P13652,BA_INT
P13653,BA_INT
P13654,BA_INT
P13655,BA_INT
P13656,BA_INT
P13657,BA_INT
P13658,BA_INT
P13659,BA_INT
P13660,BA_INT
P13661,MA_TO_CO_JA
P13662,CS_EGT_NIM
P13663,CS_EGT_NIM
P13664,CS_EGT_NIM
P13665,CS_EGT_NIM
P13666,CS_EGT_NIM
P13667,CS_EGT_NIM
P13668,CS_EGT_NIM
P13669,CS_EGT_NIM
P13670,MA_TO_CO_JA
P13671,CS_EGT_NIM
P13672,MA_TO_CO_JA
P13673,MA_TO_CO_JA
P13674,MA_TO_CO_JA
P13675,CS_EGT_NIM
P13676,CS_EGT_NIM
P13677,CS_EGT_NIM
P13678,MA_TO_CO_JA
P13679,MA_TO_CO_JA
P13680,MA_TO_CO_JA
P13681,CS_NGT_NIM
P13683,MA_ROTA
P13684,PN_PIQ
P13685,CS_NGT_NIM
P13686,CS_NGT_NIM
P13687,PN_PIQ
P13688,CS_NGT_NIM
P13689,CS_NGT_NISM
P13691,CS_NGT_NISM
P13693,CS_NGT_NIM
P13696,CS_NGT_NIM
P13698,CS_NGT_NIM
P13699,CS_NGT_NIM
P13700,CS_NGT_NISM
P13702,CS_NGT_NIM
P13703,CS_NGT_NIM
P13706,CS_NGT_NIM
P13707,CS_NGT_NIM
P13708,ME
P13709,CS_NGT_NIM
P13710,CS_EGT_NIM
P13711,CS_EGT_NIM
P13712,PN_PIQ
P13713,PN_PIQ
P13714,PN_PIQ
P13715,PN_PIQ
P13716,PN_PIQ
P13717,PN_PIQ
P13718,PN_PIQ
P13719,PN_PIQ
P13720,PN_PIQ
P13721,JA
P13722,PN_PIQ
P13723,BC_GTMG
P13724,PN_PIQ
P13725,PN_PIQ
P13726,BC_GTMG
P13727,BC_GTMG
P13728,MA_TO_CO_JA
P13729,PN_PIQ
P13730,PN_PIQ
P13731,CS_MG_NISM
P13732,CS_MG_NISM
P13733,PN_PIQ
P13734,CS_MG_NISM
P13735,PN_PIQ
P13736,CS_MG_NISM
P13737,CS_MG_NISM
P13738,CS_MG_NISM
P13739,CS_MG_NISM
P13740,CS_MG_NISM
P13741,CS_MG_NISM
P13742,PN_PIQ
P13743,PN_PIQ
P13744,CS_MG_NISM
P13745,CS_MG_NISM
P13746,CS_MG_NISM
P13747,CS_MG_NISM
P13748,PN_PIQ
P13749,PN_PIQ
P13750,PN_PIQ
P13751,CS_EGT_NIM
P13752,CS_BT_NIM
P13753,PN_PIQ
P13754,CS_MG_NISM
P13755,CS_MG_NISM
P13756,CS_MG_NISM
P13757,CS_MG_NISM
P13758,PN_PIQ
P13759,CS_MG_NISM
P13760,PN_PIQ
P13761,CS_MG_NISM
P13762,PN_PIQ
P13763,PN_PIQ
P13764,PN_PIQ
P13765,CS_NGT_NIM
P13766,MA_TO_CO_JA
P13768,JA
P13770,PN_PIQ
P13771,PN_PIQ
P13772,PN_PIQ
P13773,CS_NGT_NIM
P13774,PN_PIQ
P13775,PN_PIQ
P13776,PN_PIQ
P13777,PN_PIQ
P13778,PN_PIQ
P13779,PN_PIQ
P13780,CS_NGT_NIM
P13781,CS_NGT_NIM
P13782,PN_PIQ
P13783,PN_PIQ
P13784,MA_TO_CO_JA
P13785,ME
P13787,MA_TO_CO_JA
P13788,IG_PLA
P13789,MA_TO_CO_JA
P13790,CS_NGT_NIM
P13791,CS_NGT_NIM
P13792,CS_NGT_NIM
P13793,CS_NGT_NIM
P13795,CS_NGT_NIM
P13796,PN_PIQ
P13797,CS_NGT_NIM
P13798,CS_NGT_NISM
P13799,CS_NGT_NISM
P13800,CS_NGT_NISM
P13801,CS_NGT_NIM
P13802,IG_PLA
P13803,CS_NGT_NISM
P13804,CS_NGT_NISM
P13805,CS_NGT_NIM
P13806,CS_NGT_NIM
P13807,JA
P13808,BC_GTMG
P13809,CS_NGT_NIM
P13810,JA
P13811,CS_NGT_NIM
P13812,CS_NGT_NIM
P13813,BC_GTMG
P13815,CS_NGT_NIM
P13816,CS_NGT_NIM
P13817,PN_PIQ
P13818,CS_NGT_NISM
P13820,PN_PIQ
P13821,PN_PIQ
P13822,CS_NGT_NIM
P13823,CS_NGT_NIM
P13824,CS_NGT_NIM
P13825,CS_NGT_NIM
P13826,PN_PIQ
P13827,CS_NGT_NIM
P13828,CS_NGT_NIM
P13829,CS_NGT_NIM
P13830,CS_NGT_NIM
P13831,CS_NGT_NIM
P13832,CS_NGT_NIM
P13833,PN_PIQ
P13834,PN_PIQ
P13835,PN_PIQ
P13836,CS_MG_NISM
P13837,PN_PIQ
P13838,PN_PIQ
P13839,CS_EGT_NIM
P13840,CS_EGT_NIM
P13841,PN_PIQ
P13842,PN_PIQ
P13843,CS_EGT_NIM
P13844,CS_EGT_NIM
P13845,VE_BTGT
P13846,CS_EGT_NIM
P13847,CS_EGT_NIM
P13848,CS_EGT_NIM
P13849,CS_MG_NISM
P13850,CS_MG_NISM
P13851,PN_PIQ
P13852,CS_MG_NISM
P13853,CS_MG_NISM
P13854,CS_MG_NISM
P13855,CS_MG_NISM
P13856,PN_PIQ
P13857,PN_PIQ
P13858,MA_TO_CO_JA
P13861,BA_INT
P13864,AN_PA
P13866,JA
P13869,BA_INT
P13870,BA_INT
P13871,BA_INT
P13873,BA_INT
P13874,AN_PA
P13875,MA_ROTA
P13880,AN_PA
P13881,MA_ROTA
P13882,BA_INT
P13883,CS_EGT_NISM
P13884,CS_EGT_NIM
P13885,CS_EGT_NIM
P13886,CS_EGT_NIM
P13887,CS_EGT_NIM
P13888,CS_EGT_NIM
P13889,CS_EGT_NISM
P13890,CS_EGT_NISM
P13891,CS_EGT_NIM
P13892,CS_EGT_NIM
P13893,CS_EGT_NIM
P13894,CS_EGT_NIM
P13895,CS_BT_NIM
P13896,CS_BT_NIM
P13897,CS_BT_NIM
P13898,CS_NGT_NIM
P13899,CS_NGT_NIM
P13900,CS_NGT_NIM
P13901,CS_NGT_NIM
P13902,CS_NGT_NIM
P13903,CS_NGT_NIM
P13904,CS_NGT_NIM
P13905,CS_NGT_NIM
P13906,CS_NGT_NIM
P13907,CS_NGT_NIM
P13908,CS_NGT_NIM
P13909,CS_MG_NISM
P13910,CS_MG_NISM
P13911,CS_MG_NISM
P13912,CS_MG_NISM
P13915,MA_TO_CO_JA
P13916,PN_PIQ
P13917,CS_BT_NIM
P13918,VE_BTGT
P13919,VE_BTGT
P13921,VE_BTGT
P13922,VE_BTGT
P13924,VE_BTGT
P13925,VE_BTGT
P13926,CS_NGT_NIM
P13927,CS_NGT_NIM
P13928,CS_NGT_NIM
P13929,CS_NGT_NIM
P13930,CS_NGT_NIM
P13931,PN_PIQ
P13932,CS_NGT_NIM
P13933,CS_NGT_NIM
P13934,VE_BTGT
P13935,CS_NGT_NIM
P13936,CS_NGT_NIM
P13937,CS_NGT_NISM
P13938,CS_EGT_NIM
P13939,PN_PIQ
P13940,CS_EGT_NIM
P13941,PN_PIQ
P13942,CS_EGT_NIM
P13943,PN_PIQ
P13944,PN_PIQ
P13945,CS_NGT_NIM
P13946,CS_NGT_NIM
P13947,ME
P13948,CS_NGT_NISM
P13949,MA_TO_CO_JA
P13950,CS_NGT_NISM
P13951,CS_NGT_NIM
P13953,ME
P13954,MA_TO_CO_JA
P13955,CS_NGT_NIM
P13956,CS_NGT_NIM
P13957,CS_NGT_NIM
P13958,CS_NGT_NIM
P13959,CS_NGT_NIM
P13960,CS_NGT_NIM
P13961,CS_NGT_NIM
P13962,CS_NGT_NIM
P13963,CS_NGT_NIM
P13964,CS_NGT_NIM
P13965,CS_EGT_NIM
P13967,CS_EGT_NIM
P13968,CS_EGT_NISM
P13969,CS_EGT_NIM
P13970,PN_PIQ
P13971,PN_PIQ
P13972,PN_PIQ
P13974,CS_NGT_NISM
P13975,CS_NGT_NIM
P13976,PN_PIQ
P13977,PN_PIQ
P13978,PN_PIQ
P13979,PN_PIQ
P13980,CS_EGT_NIM
P13981,JA
P13982,PN_PIQ
P13983,PN_PIQ
P13984,PN_PIQ
P13985,PN_PIQ
P13986,PN_PIQ
P13987,PN_PIQ
P13988,CS_EGT_NIM
P13989,PN_PIQ
P13990,PN_PIQ
P13991,CS_NGT_NIM
P13992,CS_NGT_NIM
P13993,CS_NGT_NIM
P13994,VE_BTGT
P13995,CS_NGT_NIM
P13996,CS_NGT_NIM
P13997,CS_NGT_NIM
P13998,CS_NGT_NIM
P13999,PN_PIQ
P14000,PN_PIQ
P14001,PN_PIQ
P14002,PN_PIQ
P14003,PN_PIQ
P14004,CS_MG_NISM
P14005,PN_PIQ
P14006,PN_PIQ
P14007,CS_CGT_NIM
P14008,CS_MG_NISM
P14009,PN_PIQ
P14010,CS_MG_NISM
P14011,CS_MG_NISM
P14012,CS_MG_NISM
P14013,PN_PIQ
P14014,CS_MG_NISM
P14015,CS_MG_NISM
P14016,PN_PIQ
P14017,PN_PIQ
P14018,PN_PIQ
P14019,JA
P14020,PN_PIQ
P14021,PN_PIQ
P14023,PN_PIQ
P14024,PN_PIQ
P14025,PN_PIQ
P14026,PN_PIQ
P14027,PN_PIQ
P14028,PN_PIQ
P14029,PN_PIQ
P14030,VE_BTGT
P14031,VE_BTGT
P14032,CS_CGT_NIM
P14033,CS_BT_NIM
P14035,BC_GTMG
P14037,JA
P14038,VE_BTGT
P14039,CS_EGT_NIM
P14040,CS_EGT_NIM
P14041,PN_PIQ
P14043,CS_EGT_NIM
P14047,CS_NGT_NIM
P14048,CS_NGT_NIM
P14049,CS_NGT_NIM
P14051,CS_NGT_NIM
P14052,CS_NGT_NIM
P14053,CS_NGT_NIM
P14054,CS_NGT_NIM
P14055,CS_NGT_NIM
P14056,PN_PIQ
P14057,PN_PIQ
P14058,CS_NGT_NIM
P14059,PN_PIQ
P14060,CS_NGT_NIM
P14061,CS_EGT_NIM
P14062,CS_EGT_NISM
P14063,PN_PIQ
P14064,PN_PIQ
P14065,PN_PIQ
P14066,CS_MG_NISM
P14067,PN_PIQ
P14068,PN_PIQ
P14069,CS_MG_NISM
P14070,CS_MG_NISM
P14071,PN_PIQ
P14072,JA
P14073,PN_PIQ
P14074,CS_MG_NISM
P14075,JA
P14076,PN_PIQ
P14077,PN_PIQ
P14078,PN_PIQ
P14079,PN_PIQ
P14080,PN_PIQ
P14081,PN_PIQ
P14083,PN_PIQ
P14084,PN_PIQ
P14085,PN_PIQ
P14086,PN_PIQ
P14087,PN_PIQ
P14088,PN_PIQ
P14089,PN_PIQ
P14090,PN_PIQ
P14092,PN_PIQ
P14094,CS_MG_NISM
P14095,CS_MG_NISM
P14096,PN_PIQ
P14097,CS_BT_NIM
P14098,PN_PIQ
P14099,PN_PIQ
P14100,CS_BT_NIM
P14101,CS_MG_NISM
P14102,PN_PIQ
P14103,CS_MG_NISM
P14104,PN_PIQ
P14105,CS_MG_NISM
P14107,PN_PIQ
P14108,CS_MG_NISM
P14110,CS_MG_NISM
P14111,CS_MG_NISM
P14112,JA
P14113,CS_MG_NISM
P14114,CS_MG_NISM
P14115,CS_MG_NISM
P14116,CS_MG_NISM
P14117,PN_PIQ
P14118,PN_PIQ
P14119,CS_MG_NISM
P14120,CS_MG_NISM
P14121,CS_MG_NISM
P14122,PN_PIQ
P14123,BC_GTMG
P14124,BC_GTMG
P14125,JA
P14126,CS_CGT_NIM
P14127,CS_CGT_NIM
P14128,PN_PIQ
P14129,CS_CGT_NIM
P14130,CS_CGT_NIM
P14131,PN_PIQ
P14132,CS_CGT_NIM
P14133,CS_CGT_NIM
P14134,CS_CGT_NIM
P14135,PN_PIQ
P14136,CS_EGT_NIM
P14137,CS_CGT_NIM
P14138,PN_PIQ
P14139,CS_MG_NISM
P14140,CS_MG_NISM
P14141,CS_MG_NISM
P14142,CS_EGT_NIM
P14143,CS_EGT_NISM
P14144,CS_EGT_NIM
P14145,CS_MG_NISM
P14146,CS_MG_NISM
P14147,CS_BT_NIM
P14148,CS_NGT_NIM
P14149,MA_TO_CO_JA
P14150,MA_TO_CO_JA
P14151,MA_TO_CO_JA
P14152,CS_EGT_NIM
P14153,CS_EGT_NIM
P14154,VE_BTGT
P14155,VE_BTGT
P14156,PN_PIQ
P14157,PN_PIQ
P14158,CS_MG_NISM
P14159,PN_PIQ
P14160,CS_MG_NISM
P14161,CS_MG_NISM
P14162,PN_PIQ
P14163,CS_MG_NISM
P14164,CS_MG_NISM
P14165,CS_MG_NISM
P14166,CS_MG_NISM
P14167,CS_MG_NISM
P14168,CS_MG_NISM
P14169,CS_MG_NISM
P14170,PN_PIQ
P14171,CS_MG_NISM
P14172,CS_MG_NISM
P14173,CS_NGT_NIM
P14174,PN_PIQ
P14175,CS_MG_NISM
P14177,CS_MG_NISM
P14178,CS_MG_NISM
P14179,CS_MG_NISM
P14180,CS_MG_NISM
P14181,CS_MG_NISM
P14183,CS_MG_NISM
P14184,CS_MG_NISM
P14185,CS_MG_NISM
P14186,PN_PIQ
P14187,CS_MG_NISM
P14188,CS_MG_NISM
P14189,CS_MG_NISM
P14190,CS_MG_NISM
P14191,CS_MG_NISM
P14192,CS_MG_NISM
P14193,CS_MG_NISM
P14194,CS_MG_NISM
P14195,CS_MG_NISM
P14196,PN_PIQ
P14197,PN_PIQ
P14198,PN_PIQ
P14199,CS_MG_NISM
P14200,JA
P14201,CS_MG_NISM
P14202,CS_EGT_NIM
P14203,CS_MG_NISM
P14204,CS_MG_NISM
P14205,CS_MG_NISM
P14206,CS_MG_NISM
P14207,CS_MG_NISM
P14208,CS_EGT_NIM
P14209,CS_MG_NISM
P14210,PN_PIQ
P14211,CS_MG_NISM
P14212,MA_TO_CO_JA
P14213,MA_TO_CO_JA
P14214,MA_TO_CO_JA
P14215,CS_EGT_NISM
P14216,PN_PIQ
P14217,CS_EGT_NIM
P14218,PN_PIQ
P14219,CS_EGT_NIM
P14220,CS_EGT_NIM
P14221,PN_PIQ
P14222,CS_MG_NISM
P14223,CS_MG_NISM
P14225,CS_MG_NISM
P14226,PN_PIQ
P14227,CS_MG_NISM
P14228,CS_EGT_NISM
P14229,PN_PIQ
P14230,PN_PIQ
P14231,PN_PIQ
P14232,CS_NGT_NIM
P14233,CS_NGT_NIM
P14234,CS_EGT_NIM
P14235,PN_PIQ
P14236,CS_EGT_NIM
P14237,PN_PIQ
P14238,CS_NGT_NIM
P14239,ME
P14240,ME
P14242,CS_NGT_NIM
P14243,CS_NGT_NIM
P14244,CS_NGT_NIM
P14245,CS_NGT_NIM
P14246,CS_NGT_NIM
P14247,PN_PIQ
P14248,PN_PIQ
P14249,CS_EGT_NIM
P14250,PN_PIQ
P14252,PN_PIQ
P14254,PN_PIQ
P14255,PN_PIQ
P14256,CS_MG_NISM
P14257,CS_MG_NISM
P14258,CS_MG_NISM
P14259,PN_PIQ
P14260,CS_MG_NISM
P14261,CS_MG_NISM
P14262,CS_MG_NISM
P14263,CS_MG_NISM
P14264,CS_MG_NISM
P14265,CS_MG_NISM
P14266,PN_PIQ
P14267,PN_PIQ
P14268,CS_CGT_NIM
P14269,VE_BTGT
P14270,PN_PIQ
P14271,CS_MG_NISM
P14272,CS_MG_NISM
P14273,CS_MG_NISM
P14274,CS_MG_NISM
P14275,CS_EGT_NIM
P14276,PN_PIQ
P14277,JA
P14278,CS_EGT_NIM
P14279,PN_PIQ
P14280,PN_PIQ
P14281,PN_PIQ
P14282,PN_PIQ
P14283,JA
P14284,CS_MG_NISM
P14285,CS_MG_NISM
P14286,CS_EGT_NIM
P14287,CS_EGT_NIM
P14288,CS_EGT_NIM
P14289,CS_EGT_NIM
P14290,CS_EGT_NIM
P14291,CS_EGT_NIM
P14292,CS_EGT_NIM
P14293,CS_EGT_NISM
P14294,CS_EGT_NIM
P14295,CS_EGT_NISM
P14296,CS_EGT_NIM
P14297,CS_EGT_NIM
P14298,CS_EGT_NIM
P14299,PN_PIQ
P14300,CS_EGT_NIM
P14301,CS_EGT_NIM
P14302,PN_PIQ
P14303,VE_BTGT
P14304,VE_BTGT
P14305,CS_CGT_NIM
P14306,CS_CGT_NIM
P14307,CS_CGT_NIM
P14308,CS_CGT_NIM
P14309,CS_CGT_NIM
P14310,CS_CGT_NIM
P14311,CS_CGT_NIM
P14312,PN_PIQ
P14313,PN_PIQ
P14314,PN_PIQ
P14315,CS_MG_NISM
P14316,CS_MG_NISM
P14317,CS_MG_NISM
P14318,CS_MG_NISM
P14319,PN_PIQ
P14320,CS_MG_NISM
P14321,CS_MG_NISM
P14322,CS_MG_NISM
P14323,PN_PIQ
P14324,CS_MG_NISM
P14325,PN_PIQ
P14326,CS_CGT_NIM
P14327,ME
P14328,CS_CGT_NIM
P14329,PN_PIQ
P14330,MA_TO_CO_JA
P14331,ME
P14332,MA_TO_CO_JA
P14333,ME
P14335,MA_TO_CO_JA
P14336,CS_MG_NISM
P14337,CS_MG_NISM
P14338,CS_MG_NISM
P14339,CS_EGT_NIM
P14340,PN_PIQ
P14341,PN_PIQ
P14342,CS_MG_NISM
P14343,CS_MG_NISM
P14344,PN_PIQ
P14345,PN_PIQ
P14346,PN_PIQ
P14347,PN_PIQ
P14348,PN_PIQ
P14349,CS_MG_NISM
P14350,CS_MG_NISM
P14351,CS_MG_NISM
P14352,CS_MG_NISM
P14353,CS_MG_NISM
P14354,PN_PIQ
P14355,PN_PIQ
P14356,CS_EGT_NIM
P14357,CS_EGT_NIM
P14358,MA_TO_CO_JA
P14359,CS_BT_NIM
P14361,MA_TO_CO_JA
P14362,MA_TO_CO_JA
P14364,MA_TO_CO_JA
P14365,MA_TO_CO_JA
P14366,MA_TO_CO_JA
P14367,MA_TO_CO_JA
P14368,CS_BT_NIM
P14369,CS_BT_NIM
P14370,MA_TO_CO_JA
P14371,MA_TO_CO_JA
P14372,CS_BT_NIM
P14373,MA_TO_CO_JA
P14374,MA_TO_CO_JA
P14375,MA_TO_CO_JA
P14377,MA_TO_CO_JA
P14378,MA_TO_CO_JA
P14379,MA_TO_CO_JA
P14381,CS_MG_NISM
P14382,PN_PIQ
P14383,CS_MG_NISM
P14384,PN_PIQ
P14385,CS_MG_NISM
P14386,CS_MG_NISM
P14387,PN_PIQ
P14388,CS_MG_NISM
P14389,CS_MG_NISM
P14390,CS_EGT_NIM
P14391,CS_CGT_NIM
P14393,MA_TO_CO_JA
P14394,PN_PIQ
P14395,PN_PIQ
P14396,CS_NGT_NIM
P14397,PN_PIQ
P14398,CS_NGT_NIM
P14399,CS_NGT_NIM
P14400,CS_EGT_NIM
P14401,PN_PIQ
P14402,CS_EGT_NIM
P14403,PN_PIQ
P14404,PN_PIQ
P14405,PN_PIQ
P14406,CS_CGT_NIM
P14407,CS_EGT_NIM
P14408,CS_EGT_NIM
P14409,CS_EGT_NIM
P14410,PN_PIQ
P14411,CS_MG_NISM
P14412,CS_MG_NISM
P14413,PN_PIQ
P14414,CS_CGT_NIM
P14415,JA
P14416,PN_PIQ
P14417,PN_PIQ
P14418,CS_BT_NIM
P14419,CS_NGT_NIM
P14420,PN_PIQ
P14421,CS_NGT_NIM
P14423,CS_NGT_NIM
P14424,CS_NGT_NIM
P14425,VE_BTGT
P14426,CS_BT_NIM
P14427,CS_BT_NIM
P14428,CS_BT_NIM
P14429,CS_BT_NIM
P14430,CS_BT_NIM
P14431,PN_PIQ
P14432,CS_EGT_NIM
P14433,CS_CGT_NIM
P14434,CS_CGT_NIM
P14435,PN_PIQ
P14436,PN_PIQ
P14437,PN_PIQ
P14438,PN_PIQ
P14439,PN_PIQ
P14440,CS_MG_NISM
P14441,IG_PLA
P14442,CS_MG_NISM
P14443,MA_TO_CO_JA
P14444,CS_MG_NISM
P14445,CS_MG_NISM
P14446,CS_MG_NISM
P14447,CS_MG_NISM
P14448,PN_PIQ
P14449,CS_MG_NISM
P14450,CS_MG_NISM
P14451,PN_PIQ
P14452,PN_PIQ
P14453,CS_MG_NISM
P14454,PN_PIQ
P14455,CS_MG_NISM
P14456,CS_MG_NISM
P14457,CS_MG_NISM
P14458,PN_PIQ
P14459,PN_PIQ
P14460,CS_MG_NISM
P14461,CS_MG_NISM
P14462,PN_PIQ
P14463,CS_MG_NISM
P14464,PN_PIQ
P14465,CS_MG_NISM
P14466,CS_MG_NISM
P14467,CS_EGT_NIM
P14468,PN_PIQ
P14469,CS_NGT_NIM
P14470,PN_PIQ
P14471,CS_MG_NISM
P14472,CS_MG_NISM
P14473,PN_PIQ
P14474,CS_MG_NISM
P14475,CS_MG_NISM
P14476,CS_MG_NISM
P14477,CS_MG_NISM
P14478,PN_PIQ
P14479,CS_MG_NISM
P14480,PN_PIQ
P14481,PN_PIQ
P14482,CS_MG_NISM
P14483,MA_TO_CO_JA
P14484,MA_TO_CO_JA
P14485,MA_TO_CO_JA
P14487,MA_TO_CO_JA
P14489,CS_BT_NIM
P14490,MA_TO_CO_JA
P14491,CS_BT_NIM
P14493,CS_BT_NIM
P14494,MA_TO_CO_JA
P14495,CS_BT_NIM
P14496,CS_BT_NIM
P14497,MA_TO_CO_JA
P14498,MA_TO_CO_JA
P14499,CS_NGT_NIM
P14500,MA_TO_CO_JA
P14501,MA_TO_CO_JA
P14502,CS_NGT_NIM
P14503,MA_TO_CO_JA
P14504,MA_TO_CO_JA
P14505,PN_PIQ
P14506,PN_PIQ
P14507,CS_MG_NISM
P14508,JA
P14509,CS_MG_NISM
P14510,PN_PIQ
P14511,JA
P14512,PN_PIQ
P14513,CS_MG_NISM
P14514,CS_MG_NISM
P14515,CS_MG_NISM
P14516,PN_PIQ
P14517,PN_PIQ
P14518,CS_BT_NIM
P14520,CS_EGT_NIM
P14521,PN_PIQ
P14522,PN_PIQ
P14524,CS_EGT_NIM
P14525,CS_EGT_NIM
P14526,CS_EGT_NIM
P14527,CS_CGT_NIM
P14528,CS_CGT_NIM
P14529,CS_CGT_NIM
P14530,CS_CGT_NIM
P14531,PN_PIQ
P14532,CS_EGT_NIM
P14533,PN_PIQ
P14534,CS_EGT_NIM
P14535,CS_NGT_NIM
P14537,VE_BTGT
P14538,CS_NGT_NIM
P14539,VE_BTGT
P14540,CS_NGT_NIM
P14541,JA
P14542,CS_NGT_NIM
P14543,CS_NGT_NIM
P14544,CS_NGT_NIM
P14545,CS_NGT_NIM
P14546,CS_NGT_NIM
P14547,CS_NGT_NIM
P14548,CS_NGT_NISM
P14549,CS_NGT_NIM
P14551,CS_NGT_NIM
P14553,CS_NGT_NISM
P14555,CS_NGT_NISM
P14556,CS_NGT_NIM
P14557,CS_NGT_NIM
P14558,CS_NGT_NIM
P14559,CS_NGT_NIM
P14560,CS_NGT_NIM
P14561,CS_NGT_NIM
P14563,PN_PIQ
P14564,CS_NGT_NIM
P14565,CS_NGT_NISM
P14566,CS_NGT_NIM
P14567,CS_NGT_NIM
P14568,CS_NGT_NIM
P14569,BC_GTMG
P14570,BC_GTMG
P14571,JA
P14572,BC_GTMG
P14573,PN_PIQ
P14574,CS_NGT_NIM
P14575,PN_PIQ
P14576,PN_PIQ
P14577,PN_PIQ
P14578,PN_PIQ
P14579,PN_PIQ
P14580,CS_NGT_NIM
P14581,BC_GTMG
P14582,CS_NGT_NIM
P14583,JA
P14584,CS_NGT_NIM
P14585,CS_EGT_NIM
P14586,CS_EGT_NIM
P14587,CS_EGT_NIM
P14588,PN_PIQ
P14589,CS_EGT_NIM
P14590,CS_EGT_NIM
P14591,CS_EGT_NIM
P14592,CS_EGT_NIM
P14593,CS_EGT_NIM
P14594,CS_EGT_NIM
P14595,CS_MG_NISM
P14596,CS_EGT_NIM
P14597,CS_EGT_NIM
P14598,PN_PIQ
P14599,PN_PIQ
P14600,CS_MG_NISM
P14601,PN_PIQ
P14602,PN_PIQ
P14603,CS_MG_NISM
P14604,CS_MG_NISM
P14605,CS_MG_NISM
P14606,PN_PIQ
P14607,CS_MG_NISM
P14608,CS_BT_NIM
P14611,PN_PIQ
P14612,CS_MG_NISM
P14613,PN_PIQ
P14614,CS_MG_NISM
P14615,PN_PIQ
P14616,CS_MG_NISM
P14617,CS_MG_NISM
P14618,PN_PIQ
P14619,PN_PIQ
P14620,PN_PIQ
P14621,CS_BT_NIM
P14622,CS_BT_NIM
P14623,PN_PIQ
P14624,PN_PIQ
P14625,CS_MG_NISM
P14626,PN_PIQ
P14627,CS_MG_NISM
P14628,CS_NGT_NIM
P14629,CS_NGT_NIM
P14630,CS_NGT_NIM
P14632,CS_NGT_NIM
P14633,CS_NGT_NIM
P14635,PN_PIQ
P14636,CS_NGT_NISM
P14637,CS_MG_NISM
P14638,PN_PIQ
P14639,CS_MG_NISM
P14640,CS_NGT_NIM
P14641,PN_PIQ
P14642,PN_PIQ
P14643,PN_PIQ
P14644,CS_MG_NISM
P14645,PN_PIQ
P14646,CS_MG_NISM
P14647,CS_NGT_NIM
P14648,CS_NGT_NISM
P14649,PN_PIQ
P14650,PN_PIQ
P14651,PN_PIQ
P14652,CS_MG_NISM
P14653,CS_MG_NISM
P14654,CS_MG_NISM
P14655,PN_PIQ
P14656,PN_PIQ
P14657,PN_PIQ
P14658,PN_PIQ
P14659,CS_NGT_NIM
P14660,CS_NGT_NIM
P14661,PN_PIQ
P14662,PN_PIQ
P14663,CS_NGT_NIM
P14664,BC_GTMG
P14665,CS_NGT_NIM
P14666,JA
P14667,CS_NGT_NIM
P14668,PN_PIQ
P14669,CS_NGT_NIM
P14670,CS_NGT_NIM
P14671,CS_NGT_NIM
P14673,PN_PIQ
P14674,PN_PIQ
P14675,CS_NGT_NIM
P14676,PN_PIQ
P14677,PN_PIQ
P14678,PN_PIQ
P14679,PN_PIQ
P14680,PN_PIQ
P14681,CS_NGT_NIM
P14682,CS_CGT_NIM
P14683,CS_CGT_NIM
P14684,PN_PIQ
P14685,JA
P14686,PN_PIQ
P14687,CS_MG_NISM
P14688,PN_PIQ
P14689,CS_MG_NISM
P14690,PN_PIQ
P14691,PN_PIQ
P14692,PN_PIQ
P14693,CS_MG_NISM
P14694,CS_MG_NISM
P14695,PN_PIQ
P14697,PN_PIQ
P14698,PN_PIQ
P14699,CS_EGT_NIM
P14700,CS_EGT_NIM
P14701,CS_EGT_NIM
P14702,CS_EGT_NIM
P14703,CS_EGT_NIM
P14704,CS_EGT_NIM
P14705,PN_PIQ
P14706,PN_PIQ
P14707,PN_PIQ
P14709,PN_PIQ
P14710,CS_EGT_NISM
P14711,CS_EGT_NIM
P14712,CS_BT_NIM
P14713,AG
P14714,AG
P14715,CS_BT_NIM
P14716,CS_BT_NIM
P14717,CS_BT_NIM
P14720,CS_BT_NIM
P14721,CS_BT_NIM
P14722,CS_EGT_NIM
P14723,PN_PIQ
P14724,PN_PIQ
P14725,CS_MG_NISM
P14726,CS_MG_NISM
P14727,CS_EGT_NISM
P14728,CS_EGT_NIM
P14729,PN_PIQ
P14730,CS_EGT_NISM
P14731,PN_PIQ
P14732,CS_EGT_NIM
P14733,CS_MG_NISM
P14734,PN_PIQ
P14735,CS_MG_NISM
P14736,CS_MG_NISM
P14737,PN_PIQ
P14738,CS_CGT_NIM
P14739,PN_PIQ
P14740,CS_CGT_NIM
P14741,PN_PIQ
P14742,CS_MG_NISM
P14743,CS_BT_NIM
P14744,MA_TO_CO_JA
P14745,MA_TO_CO_JA
P14746,MA_TO_CO_JA
P14747,CS_BT_NIM
P14748,CS_BT_NIM
P14750,CS_EGT_NIM
P14751,CS_EGT_NIM
P14752,CS_EGT_NIM
P14753,CS_NGT_NIM
P14754,CS_NGT_NIM
P14755,CS_NGT_NIM
P14756,PN_PIQ
P14758,CS_EGT_NIM
P14759,PN_PIQ
P14760,CS_MG_NISM
P14761,CS_MG_NISM
P14762,CS_MG_NISM
P14763,PN_PIQ
P14764,PN_PIQ
P14765,CS_NGT_NIM
P14766,CS_NGT_NIM
P14767,CS_NGT_NIM
P14768,PN_PIQ
P14769,PN_PIQ
P14770,PN_PIQ
P14771,PN_PIQ
P14772,CS_NGT_NIM
P14773,PN_PIQ
P14774,CS_NGT_NIM
P14775,CS_NGT_NIM
P14776,PN_PIQ
P14777,PN_PIQ
P14778,PN_PIQ
P14779,PN_PIQ
P14780,CS_MG_NISM
P14781,CS_MG_NISM
P14782,CS_MG_NISM
P14783,PN_PIQ
P14784,CS_CGT_NIM
P14785,CS_MG_NISM
P14786,PN_PIQ
P14787,PN_PIQ
P14788,CS_MG_NISM
P14789,CS_MG_NISM
P14790,CS_MG_NISM
P14791,MA_TO_CO_JA
P14792,ME
P14793,ME
P14794,MA_TO_CO_JA
P14795,MA_TO_CO_JA
P14796,CS_EGT_NIM
P14797,PN_PIQ
P14798,CS_EGT_NISM
P14799,CS_EGT_NIM
P14800,CS_MG_NISM
P14801,CS_MG_NISM
P14802,CS_NGT_NISM
P14803,CS_MG_NISM
P14804,CS_MG_NISM
P14805,CS_MG_NISM
P14806,CS_MG_NISM
P14807,CS_EGT_NIM
P14808,CS_MG_NISM
P14809,CS_MG_NISM
P14810,CS_MG_NISM
P14811,CS_MG_NISM
P14812,CS_MG_NISM
P14813,CS_NGT_NIM
P14814,CS_NGT_NISM
P14815,CS_NGT_NISM
P14817,CS_NGT_NISM
P14820,CS_NGT_NIM
P14821,CS_NGT_NIM
P14822,CS_NGT_NIM
P14823,CS_NGT_NIM
P14824,JA
P14825,CS_NGT_NIM
P14826,CS_NGT_NIM
P14829,BC_GTMG
P14830,CS_NGT_NIM
P14832,CS_NGT_NIM
P14833,CS_MG_NISM
P14834,PN_PIQ
P14835,CS_MG_NISM
P14836,PN_PIQ
P14837,CS_MG_NISM
P14838,CS_NGT_NIM
P14839,CS_NGT_NIM
P14840,PN_PIQ
P14841,PN_PIQ
P14842,CS_NGT_NIM
P14843,CS_NGT_NIM
P14844,CS_NGT_NIM
P14845,CS_NGT_NIM
P14846,CS_NGT_NIM
P14847,PN_PIQ
P14849,CS_NGT_NIM
P14850,CS_NGT_NIM
P14851,CS_NGT_NIM
P14852,CS_NGT_NIM
P14854,PN_PIQ
P14857,CS_NGT_NIM
P14858,MA_TO_CO_JA
P14859,MA_TO_CO_JA
P14860,CS_CGT_NIM
P14861,MA_TO_CO_JA
P14862,CS_CGT_NIM
P14863,MA_TO_CO_JA
P14864,CS_NGT_NIM
P14868,CS_NGT_NIM
P14869,CS_NGT_NIM
P14871,CS_NGT_NIM
P14873,CS_NGT_NISM
P14876,CS_NGT_NISM
P14878,CS_MG_NISM
P14879,CS_NGT_NIM
P14880,CS_NGT_NIM
P14881,CS_NGT_NISM
P14882,CS_NGT_NIM
P14883,CS_NGT_NISM
P14884,CS_NGT_NISM
P14885,CS_NGT_NIM
P14886,CS_NGT_NISM
P14887,CS_NGT_NISM
P14888,CS_NGT_NISM
P14890,CS_MG_NISM
P14891,CS_MG_NISM
P14892,PN_PIQ
P14893,CS_MG_NISM
P14894,CS_MG_NISM
P14895,PN_PIQ
P14896,CS_MG_NISM
P14897,PN_PIQ
P14898,CS_MG_NISM
P14899,CS_BT_NIM
P14900,CS_BT_NIM
P14901,CS_BT_NIM
P14902,CS_BT_NIM
P14903,CS_CGT_NIM
P14904,PN_PIQ
P14905,CS_MG_NISM
P14906,PN_PIQ
P14907,PN_PIQ
P14908,PN_PIQ
P14910,PN_PIQ
P14911,CS_CGT_NIM
P14912,CS_MG_NISM
P14913,PN_PIQ
P14914,CS_MG_NISM
P14915,CS_MG_NISM
P14916,CS_MG_NISM
P14917,CS_MG_NISM
P14918,CS_MG_NISM
P14919,PN_PIQ
P14920,CS_MG_NISM
P14921,CS_MG_NISM
P14922,CS_MG_NISM
P14923,CS_MG_NISM
P14924,CS_MG_NISM
P14925,CS_MG_NISM
P14926,CS_MG_NISM
P14927,PN_PIQ
P14928,PN_PIQ
P14929,CS_NGT_NIM
P14930,PN_PIQ
P14931,PN_PIQ
P14932,PN_PIQ
P14933,PN_PIQ
P14934,CS_NGT_NIM
P14935,CS_NGT_NIM
P14936,CS_NGT_NIM
P14937,CS_MG_NISM
P14938,CS_MG_NISM
P14939,CS_MG_NISM
P14940,CS_MG_NISM
P14941,CS_MG_NISM
P14942,CS_MG_NISM
P14943,CS_MG_NISM
P14944,CS_MG_NISM
P14945,CS_MG_NISM
P14946,CS_MG_NISM
P14947,CS_MG_NISM
P14948,CS_MG_NISM
P14949,CS_MG_NISM
P14950,PN_PIQ
P14951,CS_NGT_NIM
P14952,MA_TO_CO_JA
P14954,PN_PIQ
P14955,PN_PIQ
P14956,CS_MG_NISM
P14957,PN_PIQ
P14958,CS_MG_NISM
P14959,CS_MG_NISM
P14960,CS_MG_NISM
P14961,PN_PIQ
P14962,CS_BT_NIM
P14963,PN_PIQ
P14964,CS_MG_NISM
P14965,CS_MG_NISM
P14966,PN_PIQ
P14967,CS_MG_NISM
P14968,MA_TO_CO_JA
P14969,MA_TO_CO_JA
P14970,MA_TO_CO_JA
P14971,MA_TO_CO_JA
P14972,MA_TO_CO_JA
P14973,MA_TO_CO_JA
P14974,MA_TO_CO_JA
P14975,MA_TO_CO_JA
P14976,CS_EGT_NIM
P14977,CS_EGT_NIM
P14978,CS_EGT_NIM
P14979,CS_EGT_NIM
P14980,IG_PLA
P14981,MA_TO_CO_JA
P14982,CS_MG_NISM
P14983,CS_MG_NISM
P14984,CS_MG_NISM
P14985,CS_MG_NISM
P14986,PN_PIQ
P14987,CS_NGT_NIM
P14988,CS_NGT_NISM
P14989,CS_BT_NIM
P14990,PN_PIQ
P14991,PN_PIQ
P14992,CS_CGT_NIM
P14993,CS_CGT_NIM
P14994,CS_MG_NISM
P14995,PN_PIQ
P14996,PN_PIQ
P14997,CS_NGT_NIM
P14998,BC_GTMG
P14999,CS_NGT_NIM
P15000,JA
P15001,CS_EGT_NISM
P15002,CS_EGT_NISM
P15003,MA_ROTA
P15004,CS_MG_NISM
P15005,PN_PIQ
P15006,PN_PIQ
P15007,CS_MG_NISM
P15008,CS_MG_NISM
P15009,CS_MG_NISM
P15010,CS_MG_NISM
P15011,CS_MG_NISM
P15012,CS_MG_NISM
P15013,CS_MG_NISM
P15014,CS_NGT_NIM
P15015,AN_PA
P15017,CS_BT_NIM
P15018,CS_BT_NIM
P15020,ME
P15022,CS_NGT_NIM
P15024,ME
P15025,CS_NGT_NIM
P15026,CS_BT_NIM
P15027,CS_BT_NIM
P15028,CS_NGT_NIM
P15029,CS_BT_NIM
P15034,ME
P15035,ME
P15038,AN_PA
P15042,CS_BT_NIM
P15044,CS_BT_NIM
P15045,CS_BT_NIM
P15046,CS_BT_NIM
P15049,CS_NGT_NIM
P15052,CS_BT_NIM
P15055,ME
P15057,CS_BT_NIM
P15058,ME
P15059,CS_BT_NIM
P15061,CS_NGT_NIM
P15062,CS_BT_NIM
P15063,CS_BT_NIM
P15065,ME
P15068,CS_NGT_NIM
P15069,CS_NGT_NIM
P15070,CS_BT_NIM
P15071,CS_BT_NIM
P15072,CS_BT_NIM
P15073,CS_BT_NIM
P15075,MA_TO_CO_JA
P15076,CS_BT_NIM
P15077,CS_BT_NIM
P15078,MA_TO_CO_JA
P15079,CS_BT_NIM
P15081,MA_TO_CO_JA
P15082,CS_BT_NIM
P15083,CS_BT_NIM
P15084,CS_BT_NIM
P15085,CS_BT_NIM
P15086,CS_BT_NIM
P15087,CS_BT_NIM
P15088,CS_BT_NIM
P15089,CS_BT_NIM
P15090,CS_BT_NIM
P15091,CS_BT_NIM
P15092,CS_BT_NIM
P15093,MA_TO_CO_JA
P15095,CS_BT_NIM
P15097,CS_BT_NIM
P15098,CS_BT_NIM
P15100,CS_BT_NIM
P15101,CS_BT_NIM
P15104,CS_BT_NIM
P15105,CS_BT_NIM
P15106,CS_BT_NIM
P15107,CS_BT_NIM
P15108,CS_BT_NIM
P15109,CS_BT_NIM
P15111,CS_BT_NIM
P15112,CS_BT_NIM
P15113,CS_BT_NIM
P15115,CS_BT_NIM
P15122,MA_TO_CO_JA
P15123,CS_BT_NIM
P15126,MA_TO_CO_JA
P15127,MA_TO_CO_JA
P15128,MA_TO_CO_JA
P15129,MA_TO_CO_JA
P15132,CS_BT_NIM
P15136,MA_TO_CO_JA
P15139,MA_TO_CO_JA
P15140,CS_BT_NIM
P15141,CS_BT_NIM
P15143,MA_ROTA
P15144,MA_ROTA
P15145,MA_ROTA
P15146,MA_ROTA
P15147,MA_ROTA
P15148,MA_ROTA
P15149,CS_MG_NISM
P15150,CS_MG_NISM
P15151,CS_MG_NISM
P15152,PN_PIQ
P15153,CS_MG_NISM
P15154,CS_MG_NISM
P15155,CS_MG_NISM
P15156,PN_PIQ
P15157,PN_PIQ
P15158,PN_PIQ
P15159,CS_CGT_NIM
P15160,CS_MG_NISM
P15161,CS_MG_NISM
P15162,PN_PIQ
P15163,CS_MG_NISM
P15164,CS_MG_NISM
P15165,CS_MG_NISM
P15166,CS_MG_NISM
P15167,MA_ROTA
P15168,MA_ROTA
P15169,CS_BT_NIM
P15170,CS_BT_NIM
P15171,CS_BT_NIM
P15172,CS_BT_NIM
P15173,CS_BT_NIM
P15174,MA_ROTA
P15175,PN_PIQ
P15176,PN_PIQ
P15177,PN_PIQ
P15178,CS_EGT_NIM
P15179,MA_TO_CO_JA
P15180,MA_TO_CO_JA
P15181,MA_TO_CO_JA
P15182,MA_TO_CO_JA
P15188,CS_MG_NISM
P15189,CS_MG_NISM
P15190,CS_MG_NISM
P15191,CS_MG_NISM
P15192,PN_PIQ
P15193,CS_MG_NISM
P15194,CS_MG_NISM
P15196,CS_NGT_NISM
P15197,CS_NGT_NISM
P15198,CS_NGT_NISM
P15199,CS_NGT_NISM
P15200,ME
P15201,CS_NGT_NIM
P15202,CS_NGT_NISM
P15203,CS_NGT_NISM
P15204,ME
P15206,CS_NGT_NIM
P15207,CS_NGT_NISM
P15208,MA_ROTA
P15209,MA_ROTA
P15210,MA_ROTA
P15211,MA_ROTA
P15212,MA_ROTA
P15214,MA_TO_CO_JA
P15215,MA_TO_CO_JA
P15217,MA_TO_CO_JA
P15218,PN_PIQ
P15219,BC_BT
P15220,PN_PIQ
P15221,BC_BT
P15222,CS_BT_NIM
P15223,JA
P15224,PN_PIQ
P15225,JA
P15226,MA_TO_CO_JA
P15227,JA
P15228,MA_TO_CO_JA
P15229,CS_EGT_NIM
P15231,CS_EGT_NIM
P15233,PN_PIQ
P15234,CS_BT_NIM
P15235,CS_BT_NIM
P15236,CS_BT_NIM
P15237,BC_BT
P15238,CS_BT_NIM
P15239,JA
P15240,BC_BT
P15241,CS_BT_NIM
P15242,CS_BT_NIM
P15243,CS_BT_NIM
P15244,CS_BT_NIM
P15245,CS_BT_NIM
P15246,PN_PIQ
P15247,PN_PIQ
P15248,PN_PIQ
P15249,PN_PIQ
P15250,CS_NGT_NIM
P15251,CS_NGT_NISM
P15254,MA_ROTA
P15256,MA_ROTA
P15257,MA_ROTA
P15258,MA_ROTA
P15259,MA_ROTA
P15260,MA_TO_CO_JA
P15261,MA_ROTA
P15262,MA_ROTA
P15263,MA_ROTA
P15266,PN_PIQ
P15267,PN_PIQ
P15268,PN_PIQ
P15269,PN_PIQ
P15270,PN_PIQ
P15271,PN_PIQ
P15272,CS_MG_NISM
P15273,CS_MG_NISM
P15274,CS_MG_NISM
P15275,PN_PIQ
P15276,CS_MG_NISM
P15277,PN_PIQ
P15278,CS_MG_NISM
P15279,PN_PIQ
P15280,CS_BT_NIM
P15281,PN_PIQ
P15282,CS_BT_NIM
P15283,JA
P15285,CS_BT_NIM
P15286,CS_BT_NIM
P15288,CS_BT_NIM
P15289,CS_BT_NIM
P15291,CS_NGT_NIM
P15292,CS_NGT_NIM
P15293,CS_NGT_NISM
P15294,CS_BT_NIM
P15295,CS_BT_NIM
P15296,CS_BT_NIM
P15297,PN_PIQ
P15298,CS_BT_NIM
P15299,PN_PIQ
P15300,PN_PIQ
P15301,CS_BT_NIM
P15302,CS_BT_NIM
P15303,CS_BT_NIM
P15304,PN_PIQ
P15305,CS_BT_NIM
P15306,CS_BT_NIM
P15307,CS_BT_NIM
P15308,CS_BT_NIM
P15309,PN_PIQ
P15310,CS_BT_NIM
P15313,CS_BT_NIM
P15314,CS_BT_NIM
P15315,PN_PIQ
P15316,PN_PIQ
P15318,PN_PIQ
P15320,PN_PIQ
P15321,PN_PIQ
P15322,JA
P15323,MA_ROTA
P15326,PN_PIQ
P15327,CS_EGT_NIM
P15328,CS_EGT_NIM
P15329,CS_EGT_NIM
P15330,PN_PIQ
P15331,PN_PIQ
P15332,PN_PIQ
P15333,PN_PIQ
P15335,CS_NGT_NIM
P15336,CS_NGT_NIM
P15337,PN_PIQ
P15338,PN_PIQ
P15339,CS_EGT_NIM
P15340,PN_PIQ
P15341,PN_PIQ
P15342,PN_PIQ
P15343,MA_TO_CO_JA
P15344,MA_TO_CO_JA
P15345,CS_NGT_NIM
P15347,CS_NGT_NIM
P15348,CS_NGT_NIM
P15349,CS_NGT_NIM
P15350,CS_NGT_NIM
P15351,CS_NGT_NIM
P15352,CS_NGT_NIM
P15353,CS_BT_NIM
P15354,CS_BT_NIM
P15355,CS_BT_NIM
P15356,CS_BT_NIM
P15357,CS_BT_NIM
P15358,CS_BT_NIM
P15359,CS_BT_NIM
P15360,CS_BT_NIM
P15361,CS_BT_NIM
P15362,PN_PIQ
P15363,CS_BT_NIM
P15364,CS_BT_NISM
P15365,CS_BT_NIM
P15366,PN_PIQ
P15367,CS_BT_NIM
P15368,CS_BT_NIM
P15369,CS_BT_NIM
P15370,CS_BT_NIM
P15371,PN_PIQ
P15372,CS_BT_NIM
P15373,PN_PIQ
P15374,PN_PIQ
P15375,CS_BT_NIM
P15376,CS_BT_NIM
P15377,CS_BT_NIM
P15378,CS_BT_NIM
P15379,CS_BT_NIM
P15380,PN_PIQ
P15381,CS_BT_NIM
P15382,CS_BT_NIM
P15383,CS_BT_NIM
P15384,JA
P15385,PN_PIQ
P15386,PN_PIQ
P15387,PN_PIQ
P15388,PN_PIQ
P15389,PN_PIQ
P15390,PN_PIQ
P15391,PN_PIQ
P15392,PN_PIQ
P15393,PN_PIQ
P15394,CS_BT_NIM
P15395,JA
P15396,MA_TO_CO_JA
P15397,JA
P15398,CS_BT_NIM
P15399,CS_MG_NISM
P15400,CS_BT_NIM
P15401,CS_BT_NIM
P15404,PN_PIQ
P15405,PN_PIQ
P15406,PN_PIQ
P15407,PN_PIQ
P15408,PN_PIQ
P15410,PN_PIQ
P15411,PN_PIQ
P15412,PN_PIQ
P15413,PN_PIQ
P15416,PN_PIQ
P15417,CS_CGT_NIM
P15418,PN_PIQ
P15419,PN_PIQ
P15420,CS_MG_NISM
P15421,CS_MG_NISM
P15422,CS_EGT_NIM
P15423,CS_EGT_NISM
P15424,PN_PIQ
P15425,CS_EGT_NIM
P15426,CS_EGT_NIM
P15427,BC_GTMG
P15428,PN_PIQ
P15430,JA
P15431,PN_PIQ
P15432,PN_PIQ
P15433,PN_PIQ
P15434,BC_GTMG
P15435,PN_PIQ
P15436,PN_PIQ
P15437,CS_EGT_NIM
P15438,CS_EGT_NIM
P15439,CS_CGT_NIM
P15440,CS_CGT_NIM
P15441,CS_CGT_NIM
P15442,VE_BTGT
P15443,CS_CGT_NIM
P15444,CS_CGT_NIM
P15445,CS_CGT_NIM
P15446,MA_TO_CO_JA
P15447,CS_BT_NIM
P15448,CS_BT_NISM
P15449,CS_EGT_NISM
P15450,CS_BT_NIM
P15451,CS_BT_NIM
P15452,CS_BT_NIM
P15453,CS_BT_NIM
P15454,CS_BT_NIM
P15455,CS_BT_NIM
P15456,CS_BT_NIM
P15457,CS_BT_NIM
P15458,PN_PIQ
P15459,CS_CGT_NIM
P15460,CS_CGT_NIM
P15461,PN_PIQ
P15462,PN_PIQ
P15463,CS_CGT_NIM
P15466,MA_TO_CO_JA
P15467,CS_EGT_NIM
P15468,CS_EGT_NIM
P15469,CS_MG_NISM
P15470,CS_MG_NISM
P15471,CS_CGT_NIM
P15474,PN_PIQ
P15475,PN_PIQ
P15476,PN_PIQ
P15478,PN_PIQ
P15479,PN_PIQ
P15480,PN_PIQ
P15481,CS_EGT_NIM
P15482,PN_PIQ
P15486,CS_CGT_NIM
P15487,PN_PIQ
P15488,PN_PIQ
P15489,PN_PIQ
P15490,PN_PIQ
P15491,CS_MG_NISM
P15492,PN_PIQ
P15493,PN_PIQ
P15494,PN_PIQ
P15495,CS_MG_NISM
P15496,CS_MG_NISM
P15497,CS_MG_NISM
P15498,CS_MG_NISM
P15499,CS_MG_NISM
P15500,CS_MG_NISM
P15502,CS_MG_NISM
P15503,CS_MG_NISM
P15504,CS_MG_NISM
P15505,CS_MG_NISM
P15506,CS_MG_NISM
P15507,PN_PIQ
P15508,JA
P15509,CS_MG_NISM
P15510,CS_MG_NISM
P15511,CS_MG_NISM
P15512,PN_PIQ
P15514,CS_MG_NISM
P15515,JA
P15516,CS_MG_NISM
P15517,PN_PIQ
P15518,PN_PIQ
P15519,CS_MG_NISM
P15520,CS_MG_NISM
P15521,PN_PIQ
P15522,PN_PIQ
P15523,CS_MG_NISM
P15524,CS_MG_NISM
P15525,CS_MG_NISM
P15526,PN_PIQ
P15527,CS_MG_NISM
P15528,CS_MG_NISM
P15529,CS_MG_NISM
P15530,CS_MG_NISM
P15531,CS_MG_NISM
P15532,PN_PIQ
P15533,PN_PIQ
P15534,MA_TO_CO_JA
P15535,MA_TO_CO_JA
P15536,PN_PIQ
P15537,PN_PIQ
P15538,PN_PIQ
P15539,PN_PIQ
P15540,PN_PIQ
P15541,PN_PIQ
P15542,PN_PIQ
P15543,PN_PIQ
P15544,PN_PIQ
P15545,PN_PIQ
P15546,PN_PIQ
P15547,PN_PIQ
P15548,CS_EGT_NIM
P15549,BC_GTMG
P15550,JA
P15551,PN_PIQ
P15552,PN_PIQ
P15553,PN_PIQ
P15554,PN_PIQ
P15555,PN_PIQ
P15556,PN_PIQ
P15557,PN_PIQ
P15558,PN_PIQ
P15559,JA
P15560,CS_EGT_NIM
P15561,PN_PIQ
P15562,PN_PIQ
P15563,PN_PIQ
P15564,PN_PIQ
P15565,MA_ROTA
P15566,MA_ROTA
P15567,CS_EGT_NIM
P15569,ME
P15570,PN_PIQ
P15571,PN_PIQ
P15572,PN_PIQ
P15573,CS_MG_NISM
P15574,CS_MG_NISM
P15575,CS_MG_NISM
P15576,CS_MG_NISM
P15577,CS_MG_NISM
P15578,PN_PIQ
P15579,CS_MG_NISM
P15580,JA
P15581,PN_PIQ
P15582,PN_PIQ
P15583,PN_PIQ
P15584,CS_MG_NISM
P15586,ME
P15587,CS_NGT_NIM
P15588,PN_PIQ
P15589,PN_PIQ
P15590,PN_PIQ
P15591,PN_PIQ
P15592,MA_TO_CO_JA
P15593,MA_TO_CO_JA
P15594,CS_MG_NISM
P15595,CS_MG_NISM
P15596,CS_MG_NISM
P15597,CS_MG_NISM
P15598,CS_MG_NISM
P15599,CS_MG_NISM
P15600,CS_MG_NISM
P15601,CS_MG_NISM
P15602,MA_TO_CO_JA
P15603,CS_MG_NISM
P15604,CS_MG_NISM
P15605,CS_MG_NISM
P15606,PN_PIQ
P15607,PN_PIQ
P15608,PN_PIQ
P15609,PN_PIQ
P15610,PN_PIQ
P15612,PN_PIQ
P15614,JA
P15615,PN_PIQ
P15616,PN_PIQ
P15617,PN_PIQ
P15618,PN_PIQ
P15619,PN_PIQ
P15620,PN_PIQ
P15621,PN_PIQ
P15622,PN_PIQ
P15623,PN_PIQ
P15624,PN_PIQ
P15625,PN_PIQ
P15626,CS_BT_NIM
P15627,CS_BT_NIM
P15629,PN_PIQ
P15630,PN_PIQ
P15631,JA
P15632,PN_PIQ
P15633,PN_PIQ
P15634,PN_PIQ
P15635,PN_PIQ
P15636,PN_PIQ
P15637,PN_PIQ
P15638,PN_PIQ
P15639,PN_PIQ
P15640,PN_PIQ
P15641,JA
P15642,PN_PIQ
P15643,PN_PIQ
P15644,PN_PIQ
P15645,PN_PIQ
P15647,PN_PIQ
P15649,PN_PIQ
P15650,PN_PIQ
P15651,PN_PIQ
P15652,PN_PIQ
P15654,JA
P15657,BA_INT
P15658,BA_INT
P15659,JA
P15660,BA_INT
P15661,JA
P15663,BA_INT
P15664,BA_INT
P15665,BA_INT
P15666,BA_INT
P15669,BA_INT
P15670,BA_INT
P15671,PN_PIQ
P15672,PN_PIQ
P15673,PN_PIQ
P15674,PN_PIQ
P15675,CS_MG_NISM
P15676,CS_MG_NISM
P15677,CS_MG_NISM
P15678,CS_MG_NISM
P15679,CS_MG_NISM
P15680,PN_PIQ
P15681,VE_BTGT
P15682,VE_BTGT
P15683,VE_BTGT
P15684,VE_BTGT
P15685,PN_PIQ
P15686,CS_EGT_NIM
P15687,CS_EGT_NIM
P15690,CS_MG_NISM
P15691,CS_MG_NISM
P15692,PN_PIQ
P15693,CS_MG_NISM
P15694,MA_ROTA
P15695,MA_ROTA
P15697,MA_TO_CO_JA
P15698,MA_TO_CO_JA
P15699,MA_ROTA
P15702,PN_PIQ
P15703,CS_MG_NISM
P15704,CS_MG_NISM
P15705,CS_EGT_NISM
P15706,PN_PIQ
P15707,CS_EGT_NISM
P15708,CS_EGT_NISM
P15709,CS_EGT_NIM
P15710,CS_EGT_NIM
P15711,ME
P15712,CS_EGT_NIM
P15713,CS_EGT_NIM
P15714,CS_EGT_NIM
P15717,JA
P15718,CS_NGT_NISM
P15719,CS_NGT_NIM
P15720,PN_PIQ
P15721,PN_PIQ
P15722,PN_PIQ
P15723,CS_NGT_NIM
P15724,CS_NGT_NIM
P15725,JA
P15726,CS_NGT_NIM
P15727,PN_PIQ
P15728,CS_NGT_NIM
P15729,PN_PIQ
P15730,PN_PIQ
P15731,BC_GTMG
P15732,PN_PIQ
P15733,CS_NGT_NIM
P15734,CS_NGT_NIM
P15735,BC_GTMG
P15736,CS_NGT_NIM
P15737,PN_PIQ
P15738,PN_PIQ
P15739,CS_NGT_NIM
P15740,CS_NGT_NIM
P15741,MA_ROTA
P15742,CS_NGT_NISM
P15743,CS_NGT_NIM
P15744,CS_NGT_NIM
P15745,CS_NGT_NIM
P15746,PN_PIQ
P15747,JA
P15748,CS_NGT_NIM
P15749,CS_NGT_NIM
P15750,CS_NGT_NIM
P15751,BC_GTMG
P15752,CS_NGT_NIM
P15753,CS_NGT_NIM
P15754,CS_NGT_NIM
P15756,CS_NGT_NIM
P15757,CS_NGT_NIM
P15758,CS_NGT_NIM
P15759,CS_NGT_NIM
P15760,CS_NGT_NIM
P15761,CS_NGT_NISM
P15762,PN_PIQ
P15763,PN_PIQ
P15764,CS_NGT_NIM
P15765,PN_PIQ
P15766,CS_MG_NISM
P15767,CS_MG_NISM
P15768,CS_MG_NISM
P15769,CS_MG_NISM
P15770,CS_MG_NISM
P15771,CS_MG_NISM
P15772,CS_MG_NISM
P15773,CS_MG_NISM
P15775,CS_MG_NISM
P15776,PN_PIQ
P15777,CS_EGT_NIM
P15778,CS_EGT_NIM
P15779,PN_PIQ
P15780,CS_EGT_NIM
P15781,CS_EGT_NIM
P15782,CS_EGT_NIM
P15783,CS_EGT_NIM
P15784,CS_EGT_NIM
P15785,CS_EGT_NIM
P15786,PN_PIQ
P15788,MA_TO_CO_JA
P15789,CS_BT_NIM
P15790,PN_PIQ
P15791,MA_TO_CO_JA
P15792,PN_PIQ
P15796,MA_TO_CO_JA
P15797,JA
P15798,MA_TO_CO_JA
P15802,CS_MG_NISM
P15803,CS_MG_NISM
P15804,CS_MG_NISM
P15805,CS_MG_NISM
P15806,PN_PIQ
P15807,CS_MG_NISM
P15808,PN_PIQ
P15809,CS_MG_NISM
P15810,PN_PIQ
P15811,MA_ROTA
P15812,MA_ROTA
P15813,CS_MG_NISM
P15814,CS_MG_NISM
P15815,PN_PIQ
P15816,CS_MG_NISM
P15817,CS_MG_NISM
P15818,CS_MG_NISM
P15819,CS_MG_NISM
P15820,CS_BT_NIM
P15821,CS_BT_NIM
P15822,MA_TO_CO_JA
P15823,MA_TO_CO_JA
P15824,MA_TO_CO_JA
P15825,CS_EGT_NIM
P15826,CS_EGT_NISM
P15827,CS_EGT_NIM
P15829,PN_PIQ
P15831,VE_BTGT
P15832,CS_CGT_NIM
P15833,CS_CGT_NIM
P15834,CS_CGT_NIM
P15835,CS_CGT_NIM
P15836,CS_CGT_NIM
P15837,CS_CGT_NIM
P15838,CS_CGT_NIM
P15839,CS_CGT_NIM
P15840,IG_PLA
P15841,CS_CGT_NIM
P15842,CS_CGT_NIM
P15843,CS_CGT_NIM
P15844,CS_EGT_NIM
P15845,PN_PIQ
P15846,PN_PIQ
P15847,CS_MG_NISM
P15848,PN_PIQ
P15849,CS_MG_NISM
P15850,CS_NGT_NISM
P15852,CS_NGT_NISM
P15853,MA_TO_CO_JA
P15855,MA_TO_CO_JA
P15857,CS_NGT_NIM
P15859,CS_NGT_NIM
P15860,CS_NGT_NIM
P15861,CS_NGT_NIM
P15862,CS_NGT_NIM
P15863,CS_NGT_NIM
P15864,CS_MG_NISM
P15865,CS_MG_NISM
P15866,CS_NGT_NIM
P15867,CS_NGT_NIM
P15868,CS_MG_NISM
P15869,PN_PIQ
P15870,PN_PIQ
P15871,CS_MG_NISM
P15872,CS_MG_NISM
P15873,CS_MG_NISM
P15874,CS_MG_NISM
P15875,CS_MG_NISM
P15876,PN_PIQ
P15877,PN_PIQ
P15878,CS_MG_NISM
P15879,CS_MG_NISM
P15880,CS_MG_NISM
P15881,MA_TO_CO_JA
P15882,MA_ROTA
P15883,MA_TO_CO_JA
P15884,MA_TO_CO_JA
P15885,PN_PIQ
P15886,CS_MG_NISM
P15887,CS_EGT_NIM
P15888,CS_EGT_NIM
P15889,CS_EGT_NIM
P15890,JA
P15891,CS_BT_NIM
P15892,CS_BT_NIM
P15893,CS_BT_NIM
P15894,CS_BT_NIM
P15895,CS_MG_NISM
P15896,CS_MG_NISM
P15897,PN_PIQ
P15898,PN_PIQ
P15899,CS_MG_NISM
P15900,CS_MG_NISM
P15901,PN_PIQ
P15902,CS_MG_NISM
P15903,CS_MG_NISM
P15904,CS_MG_NISM
P15905,CS_MG_NISM
P15906,CS_MG_NISM
P15907,CS_MG_NISM
P15908,CS_MG_NISM
P15909,CS_MG_NISM
P15910,CS_MG_NISM
P15911,PN_PIQ
P15912,PN_PIQ
P15913,PN_PIQ
P15914,PN_PIQ
P15915,PN_PIQ
P15916,PN_PIQ
P15917,CS_MG_NISM
P15918,CS_MG_NISM
P15919,CS_MG_NISM
P15920,CS_MG_NISM
P15921,CS_EGT_NIM
P15922,CS_EGT_NIM
P15923,CS_EGT_NIM
P15924,BC_GTMG
P15925,JA
P15926,CS_EGT_NIM
P15927,BC_GTMG
P15928,JA
P15929,BC_GTMG
P15930,CS_EGT_NIM
P15931,CS_BT_NIM
P15932,CS_BT_NIM
P15933,CS_BT_NIM
P15934,CS_MG_NISM
P15935,CS_MG_NISM
P15936,CS_BT_NIM
P15937,AG
P15938,CS_SBT_NIM
P15939,CS_BT_NIM
P15940,CS_BT_NIM
P15942,AG
P15943,CS_BT_NIM
P15944,CS_BT_NIM
P15945,CS_BT_NIM
P15946,CS_NGT_NIM
P15947,JA
P15948,BC_GTMG
P15949,PN_PIQ
P15950,MA_ROTA
P15951,MA_ROTA
P15952,MA_ROTA
P15953,MA_TO_CO_JA
P15954,MA_ROTA
P15955,CS_NGT_NIM
P15956,CS_NGT_NIM
P15957,CS_MG_NISM
P15959,PN_PIQ
P15960,CS_NGT_NIM
P15962,CS_EGT_NIM
P15963,CS_EGT_NIM
P15964,PN_PIQ
P15965,PN_PIQ
P15966,CS_MG_NISM
P15967,CS_MG_NISM
P15968,PN_PIQ
P15970,CS_MG_NISM
P15971,PN_PIQ
P15972,CS_NGT_NIM
P15973,PN_PIQ
P15974,CS_NGT_NIM
P15975,CS_EGT_NIM
P15976,CS_EGT_NIM
P15977,CS_EGT_NISM
P15978,CS_EGT_NIM
P15979,CS_MG_NISM
P15980,CS_MG_NISM
P15981,CS_MG_NISM
P15982,CS_MG_NISM
P15983,CS_MG_NISM
P15984,PN_PIQ
P15985,CS_MG_NISM
P15986,CS_MG_NISM
P15987,CS_CGT_NIM
P15988,PN_PIQ
P15989,JA
P15990,PN_PIQ
P15993,PN_PIQ
P15994,CS_MG_NISM
P15995,CS_MG_NISM
P15996,CS_BT_NIM
P15997,CS_CGT_NIM
P15998,CS_EGT_NIM
P15999,CS_EGT_NIM
P16000,CS_EGT_NIM
P16001,CS_EGT_NIM
P16002,CS_EGT_NIM
P16003,CS_EGT_NIM
P16004,CS_BT_NIM
P16005,CS_BT_NIM
P16006,CS_EGT_NIM
P16007,VE_BTGT
P16008,PN_PIQ
P16009,PN_PIQ
P16010,PN_PIQ
P16011,PN_PIQ
P16012,CS_MG_NISM
P16013,CS_MG_NISM
P16014,CS_MG_NISM
P16015,CS_MG_NISM
P16016,CS_MG_NISM
P16017,CS_MG_NISM
P16018,CS_MG_NISM
P16019,PN_PIQ
P16020,CS_MG_NISM
P16021,CS_MG_NISM
P16022,CS_EGT_NIM
P16023,JA
P16024,CS_MG_NISM
P16025,CS_MG_NISM
P16026,PN_PIQ
P16027,CS_MG_NISM
P16028,PN_PIQ
P16029,CS_MG_NISM
P16030,CS_EGT_NIM
P16034,CS_MG_NISM
P16035,CS_MG_NISM
P16036,CS_MG_NISM
P16037,PN_PIQ
P16038,PN_PIQ
P16039,CS_EGT_NIM
P16040,CS_EGT_NISM
P16041,PN_PIQ
P16042,PN_PIQ
P16043,PN_PIQ
P16044,JA
P16045,PN_PIQ
P16046,PN_PIQ
P16047,PN_PIQ
P16048,PN_PIQ
P16049,PN_PIQ
P16050,PN_PIQ
P16051,PN_PIQ
P16052,PN_PIQ
P16053,PN_PIQ
P16054,MA_ROTA
P16055,MA_ROTA
P16056,MA_ROTA
P16057,CS_BT_NIM
P16058,AN_PA
P16060,PN_PIQ
P16061,CS_BT_NIM
P16062,CS_BT_NIM
P16064,CS_MG_NISM
P16065,PN_PIQ
P16066,CS_MG_NISM
P16067,PN_PIQ
P16068,PN_PIQ
P16069,CS_MG_NISM
P16070,PN_PIQ
P16071,CS_BT_NIM
P16072,CS_BT_NIM
P16073,CS_BT_NIM
P16074,AN_PA
P16075,CS_BT_NIM
P16076,PN_PIQ
P16077,CS_BT_NIM
P16078,CS_BT_NIM
P16079,CS_BT_NIM
P16080,CS_BT_NIM
P16081,CS_BT_NIM
P16082,AN_PA
P16083,PN_PIQ
P16084,PN_PIQ
P16085,PN_PIQ
P16086,PN_PIQ
P16087,PN_PIQ
P16088,PN_PIQ
P16089,PN_PIQ
P16090,PN_PIQ
P16091,PN_PIQ
P16092,PN_PIQ
P16093,PN_PIQ
P16094,PN_PIQ
P16095,PN_PIQ
P16096,PN_PIQ
P16097,CS_EGT_NIM
P16098,CS_EGT_NIM
P16099,CS_EGT_NIM
P16100,CS_EGT_NIM
P16101,CS_EGT_NIM
P16102,CS_EGT_NIM
P16103,VE_BTGT
P16104,PN_PIQ
P16105,PN_PIQ
P16106,PN_PIQ
P16107,CS_MG_NISM
P16108,CS_MG_NISM
P16109,CS_MG_NISM
P16110,PN_PIQ
P16111,CS_MG_NISM
P16112,CS_MG_NISM
P16113,CS_MG_NISM
P16114,CS_MG_NISM
P16115,CS_MG_NISM
P16116,PN_PIQ
P16117,CS_MG_NISM
P16118,PN_PIQ
P16119,CS_MG_NISM
P16120,PN_PIQ
P16121,CS_MG_NISM
P16122,CS_MG_NISM
P16123,CS_EGT_NIM
P16124,PN_PIQ
P16125,CS_MG_NISM
P16126,PN_PIQ
P16127,CS_MG_NISM
P16128,CS_MG_NISM
P16129,PN_PIQ
P16130,MA_ROTA
P16131,MA_ROTA
P16132,CS_EGT_NIM
P16133,CS_MG_NISM
P16134,BA_INT
P16135,BA_INT
P16137,BA_INT
P16138,BA_INT
P16140,BA_INT
P16141,MA_ROTA
P16142,MA_ROTA
P16143,MA_ROTA
P16144,BA_INT
P16146,JA
P16147,JA
P16148,BC_GTMG
P16149,CS_EGT_NIM
P16151,BC_GTMG
P16152,JA
P16153,CS_NGT_NIM
P16154,CS_NGT_NIM
P16156,CS_NGT_NIM
P16157,CS_NGT_NISM
P16158,CS_CGT_NIM
P16159,PN_PIQ
P16161,PN_PIQ
P16162,CS_EGT_NIM
P16163,CS_EGT_NIM
P16164,JA
P16165,BA_INT
P16166,PN_PIQ
P16168,PN_PIQ
P16169,PN_PIQ
P16170,CS_SBT_NIM
P16171,CS_SBT_NIM
P16172,CS_SBT_NIM
P16173,CS_SBT_NIM
P16174,JA
P16175,JA
P16176,PN_PIQ
P16177,VE_BTGT
P16178,MA_TO_CO_JA
P16179,CS_CGT_NIM
P16180,CS_EGT_NIM
P16181,PN_PIQ
P16182,CS_EGT_NIM
P16183,CS_EGT_NIM
P16184,PN_PIQ
P16185,MA_ROTA
P16186,PN_PIQ
P16187,CS_EGT_NIM
P16188,CS_EGT_NIM
P16189,CS_EGT_NIM
P16190,CS_EGT_NIM
P16191,CS_EGT_NIM
P16192,CS_EGT_NIM
P16193,PN_PIQ
P16194,CS_EGT_NIM
P16195,CS_EGT_NIM
P16196,CS_EGT_NIM
P16197,PN_PIQ
P16198,PN_PIQ
P16199,CS_EGT_NIM
P16200,CS_EGT_NIM
P16201,CS_MG_NISM
P16202,CS_MG_NISM
P16203,PN_PIQ
P16205,BC_GTMG
P16206,JA
P16207,CS_NGT_NIM
P16208,CS_NGT_NISM
P16212,CS_BT_NIM
P16213,PN_PIQ
P16214,PN_PIQ
P16215,PN_PIQ
P16216,PN_PIQ
P16217,CS_NGT_NIM
P16218,CS_NGT_NIM
P16219,PN_PIQ
P16221,BC_GTMG
P16223,CS_NGT_NIM
P16224,CS_NGT_NIM
P16225,JA
P16226,PN_PIQ
P16227,PN_PIQ
P16228,PN_PIQ
P16229,CS_CGT_NIM
P16230,CS_MG_NISM
P16231,CS_MG_NISM
P16232,CS_MG_NISM
P16233,PN_PIQ
P16234,CS_EGT_NIM
P16235,VE_BTGT
P16236,CS_EGT_NIM
P16237,CS_EGT_NIM
P16238,CS_MG_NISM
P16239,CS_MG_NISM
P16241,CS_CGT_NIM
P16242,PN_PIQ
P16243,PN_PIQ
P16244,PN_PIQ
P16245,PN_PIQ
P16246,CS_MG_NISM
P16247,CS_MG_NISM
P16248,CS_MG_NISM
P16249,CS_MG_NISM
P16250,PN_PIQ
P16251,PN_PIQ
P16252,CS_MG_NISM
P16253,CS_MG_NISM
P16254,CS_MG_NISM
P16255,CS_MG_NISM
P16256,CS_MG_NISM
P16257,CS_MG_NISM
P16258,CS_MG_NISM
P16259,PN_PIQ
P16260,CS_MG_NISM
P16261,CS_MG_NISM
P16262,CS_MG_NISM
P16263,CS_MG_NISM
P16264,PN_PIQ
P16265,PN_PIQ
P16266,PN_PIQ
P16267,CS_MG_NISM
P16268,PN_PIQ
P16269,CS_MG_NISM
P16270,CS_MG_NISM
P16271,PN_PIQ
P16272,CS_MG_NISM
P16273,CS_BT_NIM
P16276,CS_BT_NIM
P16277,CS_BT_NIM
P16278,CS_BT_NIM
P16279,CS_BT_NIM
P16280,CS_BT_NIM
P16281,CS_BT_NIM
P16282,CS_BT_NIM
P16283,CS_BT_NIM
P16284,CS_BT_NIM
P16285,CS_BT_NIM
P16286,CS_MG_NISM
P16287,PN_PIQ
P16288,CS_BT_NIM
P16289,CS_BT_NIM
P16290,CS_MG_NISM
P16291,PN_PIQ
P16292,CS_MG_NISM
P16293,PN_PIQ
P16294,PN_PIQ
P16295,PN_PIQ
P16296,PN_PIQ
P16297,CS_MG_NISM
P16298,CS_MG_NISM
P16299,CS_MG_NISM
P16300,CS_MG_NISM
P16301,CS_MG_NISM
P16302,PN_PIQ
P16303,CS_MG_NISM
P16304,PN_PIQ
P16305,PN_PIQ
P16306,PN_PIQ
P16307,CS_MG_NISM
P16308,CS_MG_NISM
P16309,CS_MG_NISM
P16310,PN_PIQ
P16312,CS_MG_NISM
P16314,PN_PIQ
P16315,MA_TO_CO_JA
P16317,CS_MG_NISM
P16318,CS_MG_NISM
P16319,CS_MG_NISM
P16320,MA_TO_CO_JA
P16321,CS_MG_NISM
P16322,MA_TO_CO_JA
P16323,CS_MG_NISM
P16324,CS_MG_NISM
P16325,CS_MG_NISM
P16326,CS_MG_NISM
P16327,CS_MG_NISM
P16328,CS_MG_NISM
P16329,CS_MG_NISM
P16330,CS_MG_NISM
P16331,CS_MG_NISM
P16332,PN_PIQ
P16333,CS_MG_NISM
P16334,CS_MG_NISM
P16335,CS_MG_NISM
P16336,PN_PIQ
P16337,CS_MG_NISM
P16338,CS_MG_NISM
P16339,VE_BTGT
P16340,MA_TO_CO_JA
P16341,CS_MG_NISM
P16342,PN_PIQ
P16343,PN_PIQ
P16344,PN_PIQ
P16345,CS_BT_NIM
P16346,CS_MG_NISM
P16347,PN_PIQ
P16348,PN_PIQ
P16349,JA
P16350,JA
P16351,CS_MG_NISM
P16352,CS_CGT_NIM
P16353,CS_CGT_NIM
P16354,CS_CGT_NIM
P16355,AN_NU
P16358,CS_CGT_NISM
P16359,CS_CGT_NIM
P16360,CS_CGT_NIM
P16361,CS_CGT_NIM
P16362,CS_CGT_NIM
P16363,VE_BTGT
P16364,CS_CGT_NIM
P16365,PN_PIQ
P16366,MA_TO_CO_JA
P16367,CS_NGT_NISM
P16369,CS_NGT_NISM
P16370,CS_NGT_NISM
P16371,PN_PIQ
P16372,CS_EGT_NIM
P16374,CS_CGT_NIM
P16375,PN_PIQ
P16376,CS_NGT_NIM
P16377,PN_PIQ
P16378,PN_PIQ
P16379,PN_PIQ
P16380,CS_NGT_NIM
P16381,PN_PIQ
P16382,CS_NGT_NIM
P16385,PN_PIQ
P16386,PN_PIQ
P16387,CS_NGT_NIM
P16388,CS_NGT_NIM
P16389,PN_PIQ
P16390,PN_PIQ
P16391,JA
P16392,CS_NGT_NIM
P16394,PN_PIQ
P16395,CS_NGT_NIM
P16396,CS_NGT_NIM
P16397,VE_BTGT
P16398,CS_NGT_NIM
P16399,CS_NGT_NIM
P16400,CS_NGT_NIM
P16401,CS_NGT_NIM
P16403,JA
P16404,VE_BTGT
P16405,CS_NGT_NIM
P16407,CS_NGT_NIM
P16408,BC_GTMG
P16409,CS_NGT_NIM
P16410,JA
P16411,PN_PIQ
P16412,PN_PIQ
P16413,PN_PIQ
P16414,PN_PIQ
P16415,CS_NGT_NIM
P16416,PN_PIQ
P16417,CS_NGT_NIM
P16418,CS_NGT_NIM
P16419,CS_NGT_NIM
P16420,CS_EGT_NIM
P16421,PN_PIQ
P16422,PN_PIQ
P16423,PN_PIQ
P16424,PN_PIQ
P16425,CS_MG_NISM
P16426,CS_EGT_NIM
P16427,CS_MG_NISM
P16428,PN_PIQ
P16429,CS_MG_NISM
P16430,CS_MG_NISM
P16431,CS_MG_NISM
P16432,CS_MG_NISM
P16433,CS_MG_NISM
P16434,CS_MG_NISM
P16435,CS_MG_NISM
P16436,CS_MG_NISM
P16437,CS_MG_NISM
P16438,CS_MG_NISM
P16439,CS_BT_NIM
P16440,CS_BT_NIM
P16441,CS_BT_NIM
P16442,CS_BT_NIM
P16443,JA
P16444,PN_PIQ
P16445,PN_PIQ
P16446,PN_PIQ
P16447,PN_PIQ
P16448,PN_PIQ
P16449,PN_PIQ
P16450,CS_BT_NIM
P16451,CS_BT_NIM
P16452,AN_PA
P16454,CS_BT_NIM
P16455,CS_BT_NIM
P16457,AN_PA
P16459,CS_BT_NIM
P16460,CS_BT_NIM
P16461,CS_BT_NIM
P16462,CS_BT_NIM
P16463,AN_PA
P16464,CS_BT_NIM
P16465,CS_BT_NIM
P16466,AN_PA
P16468,AN_PA
P16469,AN_PA
P16470,CS_BT_NIM
P16471,CS_MG_NISM
P16472,CS_MG_NISM
P16473,CS_MG_NISM
P16474,CS_MG_NISM
P16475,CS_MG_NISM
P16477,CS_MG_NISM
P16478,CS_MG_NISM
P16479,CS_MG_NISM
P16480,JA
P16481,CS_MG_NISM
P16482,PN_PIQ
P16483,CS_MG_NISM
P16484,PN_PIQ
P16485,CS_MG_NISM
P16486,PN_PIQ
P16487,CS_MG_NISM
P16488,CS_MG_NISM
P16489,CS_MG_NISM
P16491,MA_TO_CO_JA
P16492,MA_TO_CO_JA
P16494,MA_TO_CO_JA
P16495,MA_TO_CO_JA
P16496,CS_CGT_NISM
P16497,IG_PLA
P16499,IG_PLA
P16500,PN_PIQ
P16501,CS_EGT_NIM
P16502,CS_EGT_NIM
P16503,CS_EGT_NIM
P16504,PN_PIQ
P16505,CS_EGT_NIM
P16506,CS_EGT_NIM
P16507,CS_EGT_NIM
P16508,CS_EGT_NIM
P16509,CS_NGT_NISM
P16510,CS_NGT_NIM
P16511,CS_NGT_NIM
P16512,CS_CGT_NIM
P16513,PN_PIQ
P16514,CS_MG_NISM
P16515,CS_MG_NISM
P16516,PN_PIQ
P16517,JA
P16518,PN_PIQ
P16519,CS_MG_NISM
P16520,CS_MG_NISM
P16521,CS_MG_NISM
P16522,CS_MG_NISM
P16523,CS_MG_NISM
P16524,PN_PIQ
P16525,PN_PIQ
P16526,CS_MG_NISM
P16527,JA
P16528,PN_PIQ
P16529,PN_PIQ
P16531,CS_MG_NISM
P16532,CS_MG_NISM
P16533,CS_MG_NISM
P16534,CS_MG_NISM
P16535,CS_MG_NISM
P16536,CS_MG_NISM
P16537,CS_MG_NISM
P16538,CS_MG_NISM
P16539,CS_MG_NISM
P16540,CS_MG_NISM
P16541,PN_PIQ
P16542,CS_MG_NISM
P16543,MA_ROTA
P16544,MA_ROTA
P16545,CS_MG_NISM
P16546,MA_TO_CO_JA
P16547,CS_MG_NISM
P16548,CS_MG_NISM
P16549,PN_PIQ
P16550,CS_MG_NISM
P16551,CS_MG_NISM
P16552,CS_MG_NISM
P16553,CS_MG_NISM
P16554,CS_MG_NISM
P16555,PN_PIQ
P16556,CS_MG_NISM
P16557,CS_MG_NISM
P16558,CS_MG_NISM
P16559,PN_PIQ
P16560,CS_MG_NISM
P16561,CS_MG_NISM
P16562,CS_MG_NISM
P16563,CS_MG_NISM
P16565,MA_TO_CO_JA
P16566,MA_TO_CO_JA
P16567,MA_TO_CO_JA
P16568,MA_TO_CO_JA
P16569,MA_TO_CO_JA
P16571,MA_TO_CO_JA
P16572,MA_TO_CO_JA
P16575,MA_TO_CO_JA
P16576,CS_EGT_NIM
P16577,PN_PIQ
P16578,PN_PIQ
P16579,PN_PIQ
P16580,PN_PIQ
P16581,PN_PIQ
P16583,CS_MG_NISM
P16584,PN_PIQ
P16585,CS_MG_NISM
P16586,CS_MG_NISM
P16587,CS_MG_NISM
P16588,CS_MG_NISM
P16589,PN_PIQ
P16590,CS_NGT_NIM
P16591,ME
P16592,ME
P16593,ME
P16595,CS_CGT_NIM
P16596,CS_CGT_NIM
P16597,CS_CGT_NIM
P16598,CS_EGT_NIM
P16599,JA
P16600,BC_GTMG
P16601,CS_CGT_NIM
P16602,CS_CGT_NIM
P16603,CS_CGT_NIM
P16604,CS_CGT_NIM
P16605,CS_CGT_NIM
P16606,CS_CGT_NIM
P16607,CS_CGT_NIM
P16608,CS_CGT_NIM
P16609,CS_NGT_NIM
P16610,PN_PIQ
P16611,CS_NGT_NIM
P16612,PN_PIQ
P16613,PN_PIQ
P16614,CS_MG_NISM
P16615,CS_NGT_NIM
P16616,CS_NGT_NIM
P16617,CS_NGT_NISM
P16618,CS_NGT_NIM
P16619,CS_NGT_NIM
P16620,PN_PIQ
P16621,PN_PIQ
P16622,PN_PIQ
P16623,CS_EGT_NIM
P16624,PN_PIQ
P16625,PN_PIQ
P16626,CS_BT_NIM
P16627,AG
P16628,AG
P16629,AG
P16630,CS_BT_NIM
P16631,CS_BT_NIM
P16632,CS_BT_NIM
P16633,CS_BT_NIM
P16634,CS_BT_NIM
P16635,MA_TO_CO_JA
P16636,MA_TO_CO_JA
P16637,PN_PIQ
P16638,PN_PIQ
P16639,CS_MG_NISM
P16640,CS_MG_NISM
P16641,PN_PIQ
P16642,CS_EGT_NIM
P16643,CS_EGT_NIM
P16644,IG_PLA
P16645,BA_IRR
P16646,CS_EGT_NIM
P16647,CS_EGT_NIM
P16648,BA_IRR
P16649,CS_EGT_NIM
P16650,BA_IRR
P16652,CS_EGT_NIM
P16653,JA
P16654,CS_EGT_NIM
P16655,IG_PLA
P16656,CS_EGT_NIM
P16657,CS_EGT_NIM
P16658,CS_EGT_NIM
P16659,PN_PIQ
P16660,PN_PIQ
P16661,CS_MG_NISM
P16662,CS_MG_NISM
P16663,CS_MG_NISM
P16664,CS_MG_NISM
P16665,PN_PIQ
P16666,CS_MG_NISM
P16667,CS_MG_NISM
P16668,PN_PIQ
P16669,PN_PIQ
P16670,CS_MG_NISM
P16671,PN_PIQ
P16672,CS_MG_NISM
P16673,CS_MG_NISM
P16674,CS_MG_NISM
P16675,CS_NGT_NIM
P16676,CS_NGT_NISM
P16677,CS_NGT_NIM
P16678,CS_NGT_NISM
P16679,CS_NGT_NISM
P16680,MA_TO_CO_JA
P16681,CS_NGT_NIM
P16682,CS_NGT_NISM
P16683,CS_NGT_NIM
P16684,PN_PIQ
P16685,BC_GTMG
P16686,CS_NGT_NIM
P16687,CS_NGT_NIM
P16689,PN_PIQ
P16690,CS_NGT_NIM
P16692,JA
P16693,JA
P16695,CS_NGT_NIM
P16696,BC_GTMG
P16697,CS_NGT_NIM
P16698,PN_PIQ
P16700,PN_PIQ
P16701,BC_GTMG
P16702,CS_NGT_NIM
P16703,CS_NGT_NIM
P16704,CS_NGT_NISM
P16705,CS_NGT_NISM
P16706,CS_NGT_NIM
P16707,PN_PIQ
P16708,PN_PIQ
P16709,CS_NGT_NIM
P16710,CS_NGT_NIM
P16711,CS_NGT_NIM
P16712,CS_NGT_NIM
P16713,CS_NGT_NIM
P16714,CS_NGT_NIM
P16715,CS_NGT_NIM
P16716,CS_NGT_NIM
P16717,ME
P16718,ME
P16719,ME
P16720,MA_TO_CO_JA
P16722,CS_NGT_NISM
P16723,CS_NGT_NIM
P16724,CS_NGT_NIM
P16726,CS_NGT_NIM
P16727,MA_TO_CO_JA
P16729,ME
P16730,MA_TO_CO_JA
P16731,CS_NGT_NIM
P16732,CS_NGT_NIM
P16733,CS_NGT_NIM
P16734,CS_NGT_NIM
P16735,CS_NGT_NIM
P16736,MA_TO_CO_JA
P16739,CS_NGT_NISM
P16740,VE_BTGT
P16741,CS_NGT_NIM
P16742,CS_CGT_NIM
P16743,CS_NGT_NIM
P16744,CS_NGT_NISM
P16745,CS_NGT_NIM
P16746,CS_NGT_NIM
P16747,CS_NGT_NIM
P16748,CS_NGT_NIM
P16749,PN_PIQ
P16751,CS_SBT_NIM
P16752,MA_ROTA
P16753,BA_INT
P16756,JA
P16757,JA
P16758,BA_INT
P16760,BA_INT
P16762,BA_INT
P16763,BA_INT
P16764,BA_INT
P16765,BA_INT
P16766,BA_INT
P16767,BA_INT
P16768,MA_ROTA
P16769,BA_INT
P16770,BA_PER
P16772,CS_MG_NISM
P16773,CS_MG_NISM
P16774,PN_PIQ
P16775,CS_MG_NISM
P16776,CS_MG_NISM
P16777,CS_EGT_NIM
P16778,PN_PIQ
P16779,CS_EGT_NIM
P16780,JA
P16781,BC_BT
P16782,BC_BT
P16784,AG
P16785,CS_MG_NISM
P16786,CS_MG_NISM
P16787,CS_MG_NISM
P16788,CS_MG_NISM
P16789,CS_MG_NISM
P16790,CS_BT_NIM
P16791,CS_MG_NISM
P16792,CS_BT_NIM
P16794,CS_NGT_NISM
P16795,CS_NGT_NISM
P16796,CS_NGT_NISM
P16797,CS_MG_NISM
P16798,PN_PIQ
P16799,PN_PIQ
P16800,CS_MG_NISM
P16801,CS_MG_NISM
P16802,CS_MG_NISM
P16803,BC_BT
P16804,CS_MG_NISM
P16805,CS_MG_NISM
P16806,CS_MG_NISM
P16807,CS_MG_NISM
P16808,CS_MG_NISM
P16809,PN_PIQ
P16810,CS_MG_NISM
P16811,PN_PIQ
P16812,PN_PIQ
P16813,CS_MG_NISM
P16814,PN_PIQ
P16815,CS_MG_NISM
P16816,PN_PIQ
P16817,CS_MG_NISM
P16818,CS_MG_NISM
P16819,CS_MG_NISM
P16820,CS_NGT_NIM
P16821,CS_NGT_NIM
P16822,CS_NGT_NIM
P16823,CS_EGT_NIM
P16824,CS_EGT_NIM
P16825,CS_EGT_NISM
P16826,CS_EGT_NIM
P16827,VE_BTGT
P16828,PN_PIQ
P16829,CS_EGT_NIM
P16830,CS_EGT_NIM
P16831,CS_EGT_NIM
P16832,CS_EGT_NIM
P16833,PN_PIQ
P16834,CS_EGT_NIM
P16835,CS_EGT_NIM
P16836,PN_PIQ
P16837,CS_EGT_NIM
P16838,CS_EGT_NIM
P16839,PN_PIQ
P16840,PN_PIQ
P16841,CS_EGT_NIM
P16842,PN_PIQ
P16843,PN_PIQ
P16844,PN_PIQ
P16845,CS_EGT_NIM
P16846,PN_PIQ
P16847,PN_PIQ
P16848,PN_PIQ
P16849,CS_EGT_NIM
P16850,PN_PIQ
P16851,PN_PIQ
P16852,CS_EGT_NIM
P16853,JA
P16854,BA_PER
P16855,BA_PER
P16856,BA_PER
P16858,BA_PER
P16859,BA_PER
P16860,BA_PER
P16861,BA_PER
P16862,BA_PER
P16863,BA_PER
P16864,BA_PER
P16865,BA_PER
P16866,BA_PER
P16867,BA_INT
P16868,BA_INT
P16869,JA
P16870,AN_PA
P16872,BA_INT
P16873,BA_INT
P16876,BA_INT
P16877,BA_INT
P16878,BA_INT
P16879,AN_PA
P16880,JA
P16881,JA
P16882,BA_INT
P16883,AN_PA
P16884,BA_INT
P16885,BA_INT
P16886,JA
P16887,BA_INT
P16888,BA_INT
P16889,AN_PA
P16892,JA
P16893,BA_INT
P16894,BA_INT
P16895,BA_INT
P16896,BA_INT
P16897,BA_INT
P16898,JA
P16899,JA
P16900,JA
P16901,CS_EGT_NISM
P16902,CS_EGT_NIM
P16903,CS_EGT_NIM
P16904,CS_EGT_NISM
P16905,CS_EGT_NIM
P16906,PN_PIQ
P16907,CS_EGT_NIM
P16908,PN_PIQ
P16909,CS_MG_NISM
P16910,CS_MG_NISM
P16911,CS_MG_NISM
P16912,CS_MG_NISM
P16913,PN_PIQ
P16914,CS_MG_NISM
P16915,CS_MG_NISM
P16916,CS_MG_NISM
P16917,CS_MG_NISM
P16918,CS_BT_NIM
P16919,CS_BT_NISM
P16921,CS_BT_NIM
P16923,MA_TO_CO_JA
P16924,PN_PIQ
P16926,CS_BT_NIM
P16927,CS_BT_NIM
P16929,PN_PIQ
P16930,MA_TO_CO_JA
P16931,PN_PIQ
P16932,CS_EGT_NIM
P16933,PN_PIQ
P16934,CS_EGT_NIM
P16935,CS_BT_NIM
P16936,CS_BT_NIM
P16937,MA_TO_CO_JA
P16938,IG_PLA
P16939,PN_PIQ
P16940,IG_PLA
P16942,IG_PLA
P16943,CS_MG_NISM
P16944,PN_PIQ
P16945,CS_MG_NISM
P16946,CS_BT_NIM
P16947,CS_BT_NIM
P16948,CS_BT_NIM
P16949,CS_BT_NIM
P16950,CS_BT_NIM
P16951,CS_BT_NIM
P16952,CS_BT_NIM
P16954,MA_TO_CO_JA
P16957,CS_BT_NIM
P16958,CS_BT_NIM
P16959,CS_BT_NIM
P16960,CS_BT_NIM
P16961,MA_TO_CO_JA
P16962,CS_BT_NIM
P16963,CS_BT_NIM
P16965,CS_NGT_NISM
P16966,CS_NGT_NIM
P16968,CS_BT_NIM
P16969,CS_EGT_NIM
P16970,CS_EGT_NISM
P16971,MA_TO_CO_JA
P16972,BA_INT
P16973,CS_SBT_NIM
P16974,BA_PER
P16975,BA_PER
P16976,BA_PER
P16977,BA_PER
P16978,JA
P16979,JA
P16980,JA
P16981,BA_INT
P16982,BA_INT
P16983,BA_INT
P16984,BA_PER
P16985,BA_INT
P16986,JA
P16987,BA_INT
P16988,BA_INT
P16989,CS_EGT_NIM
P16990,CS_EGT_NIM
P16991,PN_PIQ
P16992,PN_PIQ
P16993,PN_PIQ
P16994,CS_CGT_NIM
P16995,PN_PIQ
P16996,PN_PIQ
P16997,PN_PIQ
P16998,PN_PIQ
P16999,JA
P17000,PN_PIQ
P17001,JA
P17002,PN_PIQ
P17003,PN_PIQ
P17004,PN_PIQ
P17005,CS_EGT_NIM
P17006,PN_PIQ
P17007,CS_EGT_NIM
P17008,CS_EGT_NIM
P17009,PN_PIQ
P17010,PN_PIQ
P17011,PN_PIQ
P17012,PN_PIQ
P17013,PN_PIQ
P17015,CS_EGT_NIM
P17016,PN_PIQ
P17017,CS_MG_NISM
P17018,CS_MG_NISM
P17019,CS_MG_NISM
P17020,CS_MG_NISM
P17021,CS_MG_NISM
P17022,PN_PIQ
P17023,CS_MG_NISM
P17024,CS_MG_NISM
P17025,CS_BT_NIM
P17026,PN_PIQ
P17027,PN_PIQ
P17028,CS_EGT_NIM
P17029,CS_EGT_NIM
P17030,CS_EGT_NIM
P17031,CS_EGT_NIM
P17032,VE_BTGT
P17033,CS_EGT_NIM
P17034,CS_EGT_NIM
P17035,PN_PIQ
P17036,CS_EGT_NIM
P17037,PN_PIQ
P17038,CS_EGT_NIM
P17039,PN_PIQ
P17040,CS_EGT_NIM
P17041,PN_PIQ
P17042,PN_PIQ
P17043,CS_EGT_NIM
P17044,CS_EGT_NIM
P17045,CS_EGT_NIM
P17046,IG_PLA
P17047,MA_TO_CO_JA
P17048,PN_PIQ
P17049,CS_EGT_NIM
P17050,CS_EGT_NISM
P17051,CS_EGT_NIM
P17052,JA
P17053,JA
P17054,CS_EGT_NIM
P17055,PN_PIQ
P17056,PN_PIQ
P17057,CS_NGT_NIM
P17058,PN_PIQ
P17059,PN_PIQ
P17060,PN_PIQ
P17061,PN_PIQ
P17062,PN_PIQ
P17063,PN_PIQ
P17064,CS_EGT_NIM
P17065,CS_EGT_NIM
P17066,CS_EGT_NIM
P17067,CS_EGT_NIM
P17068,CS_EGT_NIM
P17069,CS_EGT_NIM
P17070,VE_BTGT
P17071,CS_MG_NISM
P17074,CS_EGT_NIM
P17075,PN_PIQ
P17076,CS_EGT_NIM
P17077,CS_EGT_NIM
P17078,CS_MG_NISM
P17079,PN_PIQ
P17080,PN_PIQ
P17081,PN_PIQ
P17082,CS_MG_NISM
P17083,CS_MG_NISM
P17084,CS_MG_NISM
P17085,PN_PIQ
P17086,PN_PIQ
P17087,CS_BT_NIM
P17088,CS_BT_NIM
P17089,CS_BT_NIM
P17090,PN_PIQ
P17091,CS_BT_NIM
P17092,CS_BT_NIM
P17093,CS_BT_NIM
P17094,CS_BT_NIM
P17095,CS_BT_NIM
P17096,CS_BT_NIM
P17097,CS_BT_NIM
P17098,AN_PA
P17099,CS_BT_NIM
P17103,AN_PA
P17104,CS_CGT_NIM
P17105,CS_CGT_NIM
P17106,PN_PIQ
P17107,CS_CGT_NIM
P17108,PN_PIQ
P17109,CS_CGT_NIM
P17110,PN_PIQ
P17111,PN_PIQ
P17112,CS_CGT_NIM
P17113,CS_CGT_NIM
P17114,CS_CGT_NIM
P17116,PN_PIQ
P17117,PN_PIQ
P17118,CS_EGT_NIM
P17119,CS_EGT_NISM
P17120,CS_EGT_NISM
P17121,CS_EGT_NIM
P17122,PN_PIQ
P17123,CS_EGT_NIM
P17124,PN_PIQ
P17125,PN_PIQ
P17126,PN_PIQ
P17127,PN_PIQ
P17128,CS_EGT_NIM
P17129,PN_PIQ
P17130,PN_PIQ
P17131,PN_PIQ
P17132,PN_PIQ
P17133,MA_ROTA
P17134,MA_TO_CO_JA
P17135,MA_TO_CO_JA
P17136,PN_PIQ
P17137,CS_EGT_NIM
P17138,CS_EGT_NIM
P17139,CS_EGT_NIM
P17140,CS_EGT_NIM
P17141,PN_PIQ
P17142,CS_EGT_NIM
P17143,CS_EGT_NIM
P17144,PN_PIQ
P17145,PN_PIQ
P17146,PN_PIQ
P17147,PN_PIQ
P17148,PN_PIQ
P17149,PN_PIQ
P17150,CS_EGT_NIM
P17151,PN_PIQ
P17152,PN_PIQ
P17153,CS_EGT_NIM
P17154,PN_PIQ
P17155,PN_PIQ
P17156,CS_MG_NISM
P17157,PN_PIQ
P17158,PN_PIQ
P17159,CS_MG_NISM
P17160,CS_EGT_NIM
P17161,MA_TO_CO_JA
P17162,MA_TO_CO_JA
P17163,CS_EGT_NIM
P17164,MA_TO_CO_JA
P17165,CS_EGT_NIM
P17166,MA_TO_CO_JA
P17167,ME
P17168,CS_MG_NISM
P17169,CS_MG_NISM
P17170,PN_PIQ
P17171,CS_MG_NISM
P17172,CS_MG_NISM
P17173,CS_EGT_NIM
P17174,CS_EGT_NIM
P17175,CS_EGT_NIM
P17176,CS_EGT_NIM
P17177,PN_PIQ
P17178,CS_CGT_NIM
P17179,PN_PIQ
P17180,CS_CGT_NIM
P17181,CS_MG_NISM
P17182,CS_MG_NISM
P17183,PN_PIQ
P17184,CS_MG_NISM
P17185,PN_PIQ
P17186,CS_MG_NISM
P17187,PN_PIQ
P17188,CS_MG_NISM
P17189,CS_MG_NISM
P17190,CS_MG_NISM
P17191,PN_PIQ
P17192,CS_MG_NISM
P17193,CS_MG_NISM
P17194,CS_MG_NISM
P17195,CS_MG_NISM
P17196,CS_MG_NISM
P17197,PN_PIQ
P17198,CS_MG_NISM
P17199,CS_MG_NISM
P17201,PN_PIQ
P17202,JA
P17203,CS_MG_NISM
P17204,CS_MG_NISM
P17205,CS_MG_NISM
P17206,CS_MG_NISM
P17207,PN_PIQ
P17208,CS_MG_NISM
P17209,CS_MG_NISM
P17210,CS_MG_NISM
P17211,PN_PIQ
P17212,CS_MG_NISM
P17213,CS_MG_NISM
P17214,CS_MG_NISM
P17215,CS_MG_NISM
P17216,CS_BT_NIM
P17217,CS_BT_NIM
P17218,CS_BT_NIM
P17219,CS_BT_NIM
P17222,CS_BT_NIM
P17223,CS_BT_NIM
P17224,CS_BT_NIM
P17225,CS_BT_NIM
P17226,CS_BT_NISM
P17228,CS_BT_NIM
P17229,CS_BT_NIM
P17230,CS_BT_NIM
P17231,CS_BT_NIM
P17232,PN_PIQ
P17233,CS_EGT_NISM
P17234,CS_EGT_NISM
P17235,CS_MG_NISM
P17236,PN_PIQ
P17237,MA_TO_CO_JA
P17238,MA_TO_CO_JA
P17239,PN_PIQ
P17240,PN_PIQ
P17241,PN_PIQ
P17242,PN_PIQ
P17243,PN_PIQ
P17244,PN_PIQ
P17245,CS_EGT_NIM
P17246,PN_PIQ
P17247,CS_EGT_NIM
P17248,CS_EGT_NIM
P17249,CS_BT_NIM
P17250,MA_TO_CO_JA
P17251,CS_BT_NIM
P17252,MA_TO_CO_JA
P17254,CS_EGT_NIM
P17256,CS_EGT_NIM
P17257,PN_PIQ
P17258,CS_EGT_NIM
P17259,PN_PIQ
P17260,CS_MG_NISM
P17261,PN_PIQ
P17262,CS_MG_NISM
P17263,CS_MG_NISM
P17264,PN_PIQ
P17265,JA
P17266,CS_BT_NIM
P17267,CS_BT_NIM
P17268,JA
P17270,PN_PIQ
P17271,CS_BT_NIM
P17272,JA
P17273,MA_TO_CO_JA
P17274,CS_BT_NIM
P17275,CS_BT_NIM
P17276,CS_BT_NIM
P17277,PN_PIQ
P17279,MA_TO_CO_JA
P17280,MA_TO_CO_JA
P17281,MA_TO_CO_JA
P17282,CS_BT_NIM
P17283,PN_PIQ
P17284,PN_PIQ
P17285,CS_MG_NISM
P17286,CS_MG_NISM
P17287,PN_PIQ
P17288,CS_MG_NISM
P17289,CS_BT_NIM
P17290,PN_PIQ
P17291,MA_TO_CO_JA
P17293,CS_NGT_NIM
P17294,CS_BT_NIM
P17295,PN_PIQ
P17296,PN_PIQ
P17298,CS_BT_NIM
P17299,CS_MG_NISM
P17300,CS_MG_NISM
P17301,PN_PIQ
P17302,CS_MG_NISM
P17303,CS_MG_NISM
P17304,CS_MG_NISM
P17305,CS_NGT_NISM
P17306,CS_NGT_NIM
P17307,CS_NGT_NIM
P17308,ME
P17309,PN_PIQ
P17310,PN_PIQ
P17311,PN_PIQ
P17312,PN_PIQ
P17313,PN_PIQ
P17314,JA
P17316,BC_GTMG
P17317,PN_PIQ
P17319,JA
P17321,JA
P17323,CS_BT_NIM
P17324,CS_BT_NIM
P17325,CS_BT_NIM
P17326,CS_BT_NIM
P17327,CS_BT_NIM
P17328,CS_SBT_NIM
P17329,CS_SBT_NIM
P17330,CS_BT_NIM
P17331,MA_TO_CO_JA
P17332,CS_SBT_NIM
P17333,MA_TO_CO_JA
P17334,CS_BT_NIM
P17335,CS_SBT_NIM
P17336,CS_BT_NIM
P17337,MA_TO_CO_JA
P17338,MA_TO_CO_JA
P17339,CS_SBT_NIM
P17340,CS_SBT_NIM
P17341,CS_SBT_NIM
P17342,CS_SBT_NIM
P17343,CS_SBT_NIM
P17344,CS_SBT_NIM
P17345,CS_SBT_NIM
P17346,CS_SBT_NIM
P17347,CS_SBT_NIM
P17348,CS_SBT_NIM
P17349,CS_SBT_NIM
P17350,CS_SBT_NIM
P17351,CS_NGT_NISM
P17352,CS_NGT_NISM
P17353,CS_NGT_NISM
P17354,CS_NGT_NISM
P17355,CS_EGT_NIM
P17356,CS_NGT_NISM
P17357,CS_NGT_NIM
P17358,CS_NGT_NISM
P17359,BA_PER
P17360,BA_PER
P17361,BA_PER
P17362,VE_BTGT
P17363,VE_BTGT
P17364,VE_BTGT
P17365,BA_PER
P17366,MA_TO_CO_JA
P17367,BA_PER
P17368,BA_PER
P17369,VE_BTGT
P17370,VE_BTGT
P17371,BA_INT
P17374,BA_INT
P17375,IG_TUT
P17376,IG_TUT
P17378,JA
P17379,BA_INT
P17381,PN_PIQ
P17382,PN_PIQ
P17383,PN_PIQ
P17384,PN_PIQ
P17385,PN_PIQ
P17386,PN_PIQ
P17387,PN_PIQ
P17388,CS_SBT_NIM
P17389,AG
P17390,CS_SBT_NIM
P17391,CS_SBT_NIM
P17392,CS_SBT_NIM
P17393,CS_SBT_NIM
P17394,CS_SBT_NIM
P17395,CS_SBT_NIM
P17396,BC_BT
P17397,CS_SBT_NIM
P17398,CS_BT_NIM
P17399,CS_SBT_NIM
P17400,CS_BT_NIM
P17401,CS_SBT_NIM
P17402,JA
P17403,BC_BT
P17404,BC_BT
P17405,CS_SBT_NIM
P17406,CS_SBT_NIM
P17407,BC_BT
P17408,PN_PIQ
P17409,CS_SBT_NIM
P17410,CS_SBT_NIM
P17411,PN_PIQ
P17412,BC_GTMG
P17413,CS_EGT_NIM
P17414,JA
P17415,PN_PIQ
P17416,PN_PIQ
P17417,PN_PIQ
P17418,PN_PIQ
P17419,PN_PIQ
P17420,PN_PIQ
P17421,JA
P17422,PN_PIQ
P17423,PN_PIQ
P17424,PN_PIQ
P17425,PN_PIQ
P17426,PN_PIQ
P17427,CS_MG_NISM
P17428,CS_MG_NISM
P17430,PN_PIQ
P17431,CS_MG_NISM
P17432,CS_MG_NISM
P17433,PN_PIQ
P17434,CS_MG_NISM
P17435,CS_MG_NISM
P17436,PN_PIQ
P17437,PN_PIQ
P17438,CS_MG_NISM
P17439,CS_MG_NISM
P17441,CS_MG_NISM
P17443,CS_BT_NIM
P17444,CS_BT_NIM
P17445,CS_BT_NIM
P17446,CS_BT_NIM
P17447,CS_CGT_NIM
P17448,PN_PIQ
P17449,PN_PIQ
P17450,PN_PIQ
P17451,PN_PIQ
P17452,PN_PIQ
P17453,CS_NGT_NIM
P17454,PN_PIQ
P17455,PN_PIQ
P17456,PN_PIQ
P17457,CS_NGT_NIM
P17458,PN_PIQ
P17459,PN_PIQ
P17460,PN_PIQ
P17461,PN_PIQ
P17462,PN_PIQ
P17463,PN_PIQ
P17464,PN_PIQ
P17465,PN_PIQ
P17466,PN_PIQ
P17467,PN_PIQ
P17468,PN_PIQ
P17469,PN_PIQ
P17470,CS_EGT_NIM
P17471,CS_EGT_NIM
P17472,PN_PIQ
P17473,PN_PIQ
P17474,CS_EGT_NIM
P17475,CS_EGT_NIM
P17476,PN_PIQ
P17477,PN_PIQ
P17478,PN_PIQ
P17479,PN_PIQ
P17480,PN_PIQ
P17481,CS_CGT_NIM
P17482,PN_PIQ
P17483,PN_PIQ
P17484,PN_PIQ
P17485,PN_PIQ
P17486,MA_TO_CO_JA
P17487,MA_TO_CO_JA
P17488,CS_EGT_NIM
P17489,MA_TO_CO_JA
P17490,PN_PIQ
P17491,PN_PIQ
P17492,PN_PIQ
P17493,PN_PIQ
P17494,PN_PIQ
P17495,PN_PIQ
P17496,PN_PIQ
P17497,PN_PIQ
P17498,CS_BT_NIM
P17499,CS_MG_NISM
P17500,CS_MG_NISM
P17501,CS_MG_NISM
P17502,CS_CGT_NIM
P17503,PN_PIQ
P17504,PN_PIQ
P17505,PN_PIQ
P17506,CS_EGT_NIM
P17508,CS_MG_NISM
P17509,PN_PIQ
P17510,CS_MG_NISM
P17511,CS_MG_NISM
P17512,CS_MG_NISM
P17513,CS_MG_NISM
P17514,CS_MG_NISM
P17515,CS_MG_NISM
P17516,CS_MG_NISM
P17517,CS_MG_NISM
P17518,PN_PIQ
P17519,PN_PIQ
P17520,CS_EGT_NIM
P17521,PN_PIQ
P17522,CS_NGT_NIM
P17523,CS_NGT_NIM
P17524,CS_NGT_NIM
P17525,CS_NGT_NIM
P17526,PN_PIQ
P17527,VE_BTGT
P17528,PN_PIQ
P17529,PN_PIQ
P17530,PN_PIQ
P17531,PN_PIQ
P17532,PN_PIQ
P17533,PN_PIQ
P17534,PN_PIQ
P17535,PN_PIQ
P17536,PN_PIQ
P17537,PN_PIQ
P17538,PN_PIQ
P17539,PN_PIQ
P17540,PN_PIQ
P17541,PN_PIQ
P17542,PN_PIQ
P17543,PN_PIQ
P17544,PN_PIQ
P17545,PN_PIQ
P17546,PN_PIQ
P17548,PN_PIQ
P17549,PN_PIQ
P17550,PN_PIQ
P17551,PN_PIQ
P17554,PN_PIQ
P17555,PN_PIQ
P17556,PN_PIQ
P17557,PN_PIQ
P17558,CS_CGT_NIM
P17559,PN_PIQ
P17560,PN_PIQ
P17561,PN_PIQ
P17562,PN_PIQ
P17563,PN_PIQ
P17564,CS_SBT_NIM
P17565,CS_SBT_NIM
P17566,PN_PIQ
P17567,CS_SBT_NIM
P17568,PN_PIQ
P17569,PN_PIQ
P17570,CS_SBT_NIM
P17571,PN_PIQ
P17572,PN_PIQ
P17573,CS_SBT_NIM
P17574,PN_PIQ
P17575,PN_PIQ
P17576,PN_PIQ
P17577,PN_PIQ
P17578,PN_PIQ
P17579,CS_SBT_NIM
P17580,PN_PIQ
P17581,PN_PIQ
P17582,PN_PIQ
P17583,PN_PIQ
P17584,PN_PIQ
P17585,PN_PIQ
P17586,PN_PIQ
P17587,PN_PIQ
P17588,PN_PIQ
P17589,PN_PIQ
P17590,PN_PIQ
P17591,PN_PIQ
P17592,PN_PIQ
P17593,PN_PIQ
P17594,JA
P17595,PN_PIQ
P17596,PN_PIQ
P17597,PN_PIQ
P17598,PN_PIQ
P17599,PN_PIQ
P17600,PN_PIQ
P17601,PN_PIQ
P17602,PN_PIQ
P17603,PN_PIQ
P17604,CS_CGT_NIM
P17605,CS_CGT_NIM
P17606,PN_PIQ
P17607,CS_CGT_NIM
P17608,CS_MG_NISM
P17609,CS_MG_NISM
P17611,CS_MG_NISM
P17612,CS_MG_NISM
P17613,CS_MG_NISM
P17614,PN_PIQ
P17615,PN_PIQ
P17618,PN_PIQ
P17619,PN_PIQ
P17620,CS_MG_NISM
P17621,CS_MG_NISM
P17622,CS_MG_NISM
P17623,CS_MG_NISM
P17624,CS_MG_NISM
P17625,PN_PIQ
P17626,CS_MG_NISM
P17627,CS_MG_NISM
P17628,CS_MG_NISM
P17629,PN_PIQ
P17630,CS_MG_NISM
P17631,CS_MG_NISM
P17632,CS_MG_NISM
P17633,CS_MG_NISM
P17634,CS_MG_NISM
P17635,PN_PIQ
P17636,PN_PIQ
P17637,CS_MG_NISM
P17638,CS_MG_NISM
P17639,CS_MG_NISM
P17640,CS_MG_NISM
P17641,CS_MG_NISM
P17642,CS_MG_NISM
P17643,CS_MG_NISM
P17644,CS_MG_NISM
P17645,CS_MG_NISM
P17646,CS_MG_NISM
P17647,CS_MG_NISM
P17648,CS_MG_NISM
P17649,PN_PIQ
P17650,CS_MG_NISM
P17651,PN_PIQ
P17652,PN_PIQ
P17653,CS_MG_NISM
P17654,PN_PIQ
P17655,CS_MG_NISM
P17656,CS_MG_NISM
P17657,CS_MG_NISM
P17658,PN_PIQ
P17659,PN_PIQ
P17660,CS_MG_NISM
P17661,CS_MG_NISM
P17662,CS_MG_NISM
P17663,CS_MG_NISM
P17664,CS_MG_NISM
P17665,CS_MG_NISM
P17666,CS_MG_NISM
P17667,CS_MG_NISM
P17668,CS_MG_NISM
P17669,CS_MG_NISM
P17670,CS_MG_NISM
P17671,PN_PIQ
P17672,PN_PIQ
P17673,PN_PIQ
P17674,PN_PIQ
P17675,PN_PIQ
P17677,PN_PIQ
P17678,CS_NGT_NIM
P17679,CS_NGT_NIM
P17680,CS_NGT_NIM
P17681,CS_NGT_NIM
P17682,CS_NGT_NIM
P17684,CS_NGT_NIM
P17685,CS_NGT_NIM
P17686,CS_NGT_NIM
P17687,PN_PIQ
P17692,PN_PIQ
P17693,CS_NGT_NIM
P17694,CS_NGT_NIM
P17695,CS_NGT_NIM
P17696,CS_NGT_NIM
P17697,CS_EGT_NIM
P17698,CS_EGT_NIM
P17699,CS_EGT_NIM
P17700,CS_EGT_NIM
P17701,CS_NGT_NISM
P17702,CS_NGT_NIM
P17703,CS_NGT_NIM
P17704,CS_NGT_NIM
P17705,CS_MG_NISM
P17706,CS_MG_NISM
P17708,BA_INT
P17712,BA_INT
P17713,BA_SINT
P17715,BA_INT
P17716,BA_INT
P17717,BA_SINT
P17718,BA_INT
P17719,BA_INT
P17722,BA_SINT
P17723,JA
P17724,BA_SINT
P17725,JA
P17726,BA_INT
P17727,JA
P17728,BA_SINT
P17729,BA_SINT
P17730,BA_INT
P17731,JA
P17732,BA_INT
P17734,BA_SINT
P17735,BA_INT
P17736,BA_SINT
P17737,BA_INT
P17739,BA_SINT
P17740,BA_INT
P17742,BA_INT
P17743,BA_SINT
P17744,BA_SINT
P17745,PN_PIQ
P17746,PN_PIQ
P17747,JA
P17748,PN_PIQ
P17750,PN_PIQ
P17751,JA
P17752,CS_BT_NIM
P17753,CS_BT_NIM
P17754,JA
P17755,PN_PIQ
P17756,MA_TO_CO_JA
P17757,MA_TO_CO_JA
P17758,CS_BT_NIM
P17759,CS_SBT_NIM
P17760,MA_TO_CO_JA
P17761,CS_BT_NIM
P17762,CS_BT_NIM
P17766,MA_TO_CO_JA
P17768,CS_BT_NIM
P17769,CS_BT_NIM
P17770,CS_BT_NIM
P17771,CS_BT_NIM
P17772,MA_TO_CO_JA
P17773,CS_BT_NIM
P17774,CS_BT_NIM
P17775,CS_BT_NIM
P17776,CS_BT_NIM
P17777,CS_BT_NIM
P17780,CS_BT_NIM
P17783,MA_TO_CO_JA
P17784,CS_BT_NIM
P17785,CS_BT_NIM
P17786,CS_BT_NIM
P17787,CS_BT_NIM
P17788,CS_BT_NIM
P17789,CS_BT_NIM
P17790,CS_BT_NIM
P17791,CS_BT_NIM
P17792,CS_BT_NIM
P17793,IG_TUT
P17794,CS_BT_NIM
P17795,PN_PIQ
P17796,BA_PER
P17797,CS_BT_NIM
P17799,CS_BT_NIM
P17800,PN_PIQ
P17801,PN_PIQ
P17802,BA_PER
P17803,MA_ROTA
P17805,MA_ROTA
P17806,BA_PER
P17807,BA_PER
P17808,BA_PER
P17813,BA_PER
P17814,MA_ROTA
P17815,BA_PER
P17816,BA_PER
P17817,MA_ROTA
P17818,MA_ROTA
P17819,BA_PER
P17821,BA_PER
P17823,BA_PER
P17824,BA_PER
P17826,BA_PER
P17827,BA_PER
P17828,BA_PER
P17829,BA_PER
P17830,BA_PER
P17831,BA_PER
P17832,MA_TO_CO_JA
P17833,MA_ROTA
P17834,MA_ROTA
P17835,CS_BT_NIM
P17836,CS_BT_NIM
P17837,MA_TO_CO_JA
P17838,MA_TO_CO_JA
P17839,CS_BT_NIM
P17840,CS_BT_NIM
P17841,MA_TO_CO_JA
P17842,CS_BT_NIM
P17843,CS_BT_NIM
P17844,CS_BT_NIM
P17845,MA_TO_CO_JA
P17846,CS_BT_NIM
P17848,CS_NGT_NIM
P17849,CS_NGT_NIM
P17851,CS_NGT_NISM
P17853,PN_PIQ
P17855,MA_TO_CO_JA
P17856,MA_TO_CO_JA
P17857,ME
P17860,MA_TO_CO_JA
P17861,CS_NGT_NISM
P17862,CS_NGT_NIM
P17863,CS_NGT_NIM
P17868,CS_NGT_NIM
P17869,MA_ROTA
P17870,MA_ROTA
P17871,MA_TO_CO_JA
P17872,MA_TO_CO_JA
P17873,MA_TO_CO_JA
P17874,MA_TO_CO_JA
P17875,MA_TO_CO_JA
P17876,CS_EGT_NIM
P17877,MA_TO_CO_JA
P17878,MA_TO_CO_JA
P17879,MA_TO_CO_JA
P17880,PN_PIQ
P17881,PN_PIQ
P17882,PN_PIQ
P17883,PN_PIQ
P17884,PN_PIQ
P17885,CS_MG_NISM
P17886,CS_MG_NISM
P17887,PN_PIQ
P17888,CS_MG_NISM
P17889,CS_MG_NISM
P17890,PN_PIQ
P17891,CS_MG_NISM
P17892,CS_MG_NISM
P17893,PN_PIQ
P17894,PN_PIQ
P17895,CS_BT_NIM
P17896,CS_BT_NIM
P17897,CS_BT_NIM
P17898,CS_BT_NIM
P17899,BC_GTMG
P17900,JA
P17901,JA
P17902,BC_GTMG
P17904,ME
P17905,CS_NGT_NIM
P17906,VE_BTGT
P17907,CS_NGT_NIM
P17908,CS_NGT_NIM
P17909,CS_NGT_NIM
P17910,JA
P17912,CS_EGT_NIM
P17913,CS_EGT_NIM
P17914,CS_EGT_NIM
P17915,PN_PIQ
P17916,CS_EGT_NIM
P17917,BC_GTMG
P17918,JA
P17919,CS_EGT_NIM
P17920,PN_PIQ
P17921,PN_PIQ
P17922,PN_PIQ
P17923,PN_PIQ
P17924,PN_PIQ
P17925,CS_EGT_NIM
P17926,CS_EGT_NISM
P17927,PN_PIQ
P17928,CS_EGT_NISM
P17929,CS_EGT_NIM
P17930,CS_EGT_NIM
P17931,PN_PIQ
P17932,PN_PIQ
P17933,PN_PIQ
P17934,PN_PIQ
P17935,PN_PIQ
P17936,PN_PIQ
P17937,PN_PIQ
P17938,PN_PIQ
P17939,CS_MG_NISM
P17940,CS_MG_NISM
P17941,CS_MG_NISM
P17943,CS_MG_NISM
P17944,CS_MG_NISM
P17945,CS_MG_NISM
P17946,PN_PIQ
P17947,CS_EGT_NIM
P17948,BC_GTMG
P17949,JA
P17950,CS_BT_NIM
P17951,CS_BT_NIM
P17952,PN_PIQ
P17953,PN_PIQ
P17954,MA_TO_CO_JA
P17955,MA_TO_CO_JA
P17956,CS_BT_NIM
P17957,MA_TO_CO_JA
P17958,MA_TO_CO_JA
P17959,MA_TO_CO_JA
P17961,MA_TO_CO_JA
P17962,CS_BT_NIM
P17963,MA_TO_CO_JA
P17964,CS_BT_NIM
P17966,CS_BT_NIM
P17967,MA_TO_CO_JA
P17968,MA_TO_CO_JA
P17969,CS_BT_NIM
P17970,MA_TO_CO_JA
P17971,MA_TO_CO_JA
P17972,MA_TO_CO_JA
P17973,MA_TO_CO_JA
P17974,CS_BT_NIM
P17975,PN_PIQ
P17976,CS_BT_NIM
P17978,JA
P17979,CS_BT_NIM
P17980,CS_BT_NIM
P17981,MA_TO_CO_JA
P17982,PN_PIQ
P17983,CS_BT_NIM
P17984,CS_BT_NIM
P17985,CS_BT_NIM
P17986,CS_BT_NIM
P17987,CS_BT_NIM
P17990,MA_TO_CO_JA
P17991,MA_TO_CO_JA
P17992,MA_ROTA
P17993,MA_ROTA
P17994,MA_TO_CO_JA
P17995,MA_TO_CO_JA
P17996,MA_TO_CO_JA
P17997,CS_BT_NIM
P17998,CS_BT_NIM
P17999,MA_TO_CO_JA
P18000,MA_TO_CO_JA
P18002,MA_TO_CO_JA
P18003,MA_TO_CO_JA
P18004,MA_TO_CO_JA
P18005,MA_TO_CO_JA
P18006,MA_TO_CO_JA
P18007,MA_TO_CO_JA
P18008,MA_TO_CO_JA
P18009,MA_TO_CO_JA
P18010,MA_TO_CO_JA
P18011,MA_TO_CO_JA
P18012,MA_TO_CO_JA
P18013,MA_TO_CO_JA
P18014,MA_TO_CO_JA
P18015,MA_TO_CO_JA
P18016,MA_TO_CO_JA
P18017,PN_PIQ
P18018,PN_PIQ
P18019,PN_PIQ
P18020,VE_BTGT
P18021,VE_BTGT
P18022,VE_BTGT
P18023,MA_ROTA
P18024,PN_PIQ
P18025,PN_PIQ
P18026,CS_EGT_NIM
P18027,CS_EGT_NIM
P18028,CS_BT_NIM
P18029,CS_BT_NIM
P18030,CS_BT_NIM
P18031,CS_MG_NISM
P18032,CS_MG_NISM
P18033,CS_MG_NISM
P18034,CS_MG_NISM
P18035,CS_MG_NISM
P18036,PN_PIQ
P18037,CS_MG_NISM
P18038,PN_PIQ
P18039,PN_PIQ
P18040,BA_INT
P18041,CS_SBT_NIM
P18042,JA
P18043,JA
P18044,JA
P18045,BC_BT
P18046,BA_INT
P18050,BA_INT
P18052,BC_BT
P18053,BC_BT
P18054,BA_INT
P18055,BA_INT
P18056,BA_INT
P18057,BA_INT
P18058,JA
P18059,BA_INT
P18060,BA_INT
P18061,JA
P18062,BA_INT
P18063,BA_INT
P18064,BA_INT
P18065,BC_BT
P18066,BA_INT
P18067,BA_INT
P18069,CS_SBT_NIM
P18071,CS_SBT_NIM
P18072,CS_SBT_NIM
P18073,JA
P18074,JA
P18075,BA_INT
P18076,BA_INT
P18077,BA_INT
P18079,BA_INT
P18081,BA_INT
P18084,CS_BT_NIM
P18085,CS_BT_NIM
P18086,CS_BT_NIM
P18087,CS_MG_NISM
P18088,CS_MG_NISM
P18089,CS_MG_NISM
P18090,CS_MG_NISM
P18091,PN_PIQ
P18092,CS_MG_NISM
P18093,PN_PIQ
P18094,CS_MG_NISM
P18095,CS_MG_NISM
P18096,CS_MG_NISM
P18097,CS_MG_NISM
P18098,CS_MG_NISM
P18099,CS_MG_NISM
P18100,CS_MG_NISM
P18101,CS_MG_NISM
P18102,PN_PIQ
P18104,CS_MG_NISM
P18105,PN_PIQ
P18106,CS_MG_NISM
P18107,CS_MG_NISM
P18108,CS_MG_NISM
P18109,CS_MG_NISM
P18110,PN_PIQ
P18111,CS_MG_NISM
P18113,PN_PIQ
P18114,PN_PIQ
P18115,PN_PIQ
P18116,PN_PIQ
P18117,PN_PIQ
P18118,PN_PIQ
P18119,PN_PIQ
P18120,PN_PIQ
P18121,PN_PIQ
P18122,JA
P18123,PN_PIQ
P18124,PN_PIQ
P18125,MA_ROTA
P18126,BA_PER
P18127,BA_PER
P18130,CS_MG_NISM
P18131,CS_EGT_NIM
P18132,CS_MG_NISM
P18133,CS_MG_NISM
P18137,CS_EGT_NIM
P18138,CS_EGT_NIM
P18142,CS_EGT_NIM
P18143,CS_MG_NISM
P18144,IG_PLA
P18145,CS_EGT_NIM
P18146,CS_EGT_NIM
P18147,CS_NGT_NISM
P18148,CS_MG_NISM
P18149,PN_PIQ
P18150,CS_MG_NISM
P18151,JA
P18152,PN_PIQ
P18153,PN_PIQ
P18154,PN_PIQ
P18155,CS_EGT_NIM
P18156,CS_EGT_NIM
P18157,CS_EGT_NISM
P18158,CS_EGT_NIM
P18159,PN_PIQ
P18160,PN_PIQ
P18161,PN_PIQ
P18162,PN_PIQ
P18163,JA
P18164,PN_PIQ
P18165,PN_PIQ
P18166,PN_PIQ
P18167,PN_PIQ
P18168,PN_PIQ
P18169,PN_PIQ
P18170,PN_PIQ
P18171,CS_MG_NISM
P18172,CS_MG_NISM
P18173,CS_MG_NISM
P18174,CS_MG_NISM
P18175,CS_MG_NISM
P18176,CS_MG_NISM
P18177,CS_MG_NISM
P18178,PN_PIQ
P18179,PN_PIQ
P18180,PN_PIQ
P18181,CS_MG_NISM
P18182,CS_MG_NISM
P18183,PN_PIQ
P18184,JA
P18185,CS_MG_NISM
P18186,PN_PIQ
P18187,PN_PIQ
P18188,PN_PIQ
P18189,PN_PIQ
P18190,PN_PIQ
P18191,CS_BT_NIM
P18192,CS_BT_NIM
P18193,PN_PIQ
P18194,PN_PIQ
P18195,MA_TO_CO_JA
P18196,MA_TO_CO_JA
P18197,MA_TO_CO_JA
P18199,MA_TO_CO_JA
P18200,MA_TO_CO_JA
P18202,MA_TO_CO_JA
P18203,MA_TO_CO_JA
P18204,MA_TO_CO_JA
P18205,MA_ROTA
P18208,MA_TO_CO_JA
P18209,CS_EGT_NIM
P18210,CS_EGT_NIM
P18211,PN_PIQ
P18212,PN_PIQ
P18213,CS_EGT_NIM
P18214,CS_EGT_NIM
P18215,CS_CGT_NIM
P18216,CS_EGT_NIM
P18217,CS_CGT_NIM
P18218,CS_CGT_NISM
P18219,CS_EGT_NIM
P18220,CS_CGT_NIM
P18221,CS_EGT_NIM
P18222,CS_CGT_NIM
P18223,PN_PIQ
P18224,PN_PIQ
P18225,PN_PIQ
P18226,CS_MG_NISM
P18227,CS_MG_NISM
P18228,CS_MG_NISM
P18229,CS_MG_NISM
P18230,JA
P18231,BA_INT
P18232,BA_PER
P18233,BA_PER
P18234,MA_ROTA
P18236,MA_ROTA
P18237,BA_PER
P18240,BA_INT
P18241,BA_PER
P18242,JA
P18243,BA_INT
P18244,BA_INT
P18245,BA_INT
P18246,BA_INT
P18248,BA_PER
P18250,MA_ROTA
P18252,CS_EGT_NIM
P18253,PN_PIQ
P18254,PN_PIQ
P18255,PN_PIQ
P18256,PN_PIQ
P18257,PN_PIQ
P18259,CS_EGT_NIM
P18260,CS_EGT_NIM
P18261,VE_BTGT
P18262,VE_BTGT
P18263,CS_EGT_NIM
P18264,CS_EGT_NIM
P18266,BA_SINT
P18267,BA_SINT
P18268,BA_SINT
P18269,IG_TUT
P18270,JA
P18271,BA_SINT
P18272,BA_SINT
P18273,BA_SINT
P18274,BA_SINT
P18275,BA_SINT
P18276,BA_SINT
P18277,BA_INT
P18278,BA_SINT
P18279,MA_TO_CO_JA
P18280,BA_SINT
P18281,BA_INT
P18282,BA_INT
P18283,BA_SINT
P18284,BA_INT
P18285,IG_TUT
P18286,BA_INT
P18287,IG_TUT
P18288,MA_TO_CO_JA
P18289,JA
P18290,IG_TUT
P18291,BA_INT
P18292,BA_INT
P18293,MA_TO_CO_JA
P18294,BA_INT
P18295,BA_INT
P18296,BA_INT
P18297,BA_INT
P18298,JA
P18299,MA_TO_CO_JA
P18300,BA_INT
P18301,JA
P18302,VE_BTGT
P18303,BA_INT
P18305,BA_INT
P18306,BA_INT
P18307,BA_INT
P18308,BA_INT
P18309,BA_INT
P18310,BA_INT
P18311,BA_PER
P18312,BA_PER
P18313,BA_PER
P18314,BA_INT
P18315,BA_PER
P18316,VE_BTGT
P18317,JA
P18318,JA
P18319,BA_PER
P18320,BA_INT
P18321,BA_PER
P18322,BA_INT
P18323,VE_BTGT
P18324,VE_BTGT
P18325,VE_BTGT
P18326,BA_PER
P18327,VE_BTGT
P18328,BA_PER
P18329,BA_INT
P18330,BA_INT
P18331,BA_INT
P18332,JA
P18333,BA_PER
P18334,BA_PER
P18335,BA_PER
P18336,VE_BTGT
P18337,VE_BTGT
P18338,VE_BTGT
P18339,BA_PER
P18340,BA_PER
P18341,BA_INT
P18342,BA_PER
P18344,BA_PER
P18345,BA_INT
P18347,BA_PER
P18348,BA_INT
P18349,JA
P18350,BA_INT
P18351,BA_PER
P18352,BA_PER
P18353,BA_PER
P18354,BA_PER
P18355,JA
P18356,BA_PER
P18357,BA_PER
P18358,BA_PER
P18359,JA
P18360,BA_PER
P18361,BA_INT
P18362,BA_INT
P18363,BA_INT
P18364,PN_PIQ
P18365,PN_PIQ
P18366,CS_NGT_NIM
P18368,CS_NGT_NIM
P18369,CS_NGT_NIM
P18371,PN_PIQ
P18372,PN_PIQ
P18373,PN_PIQ
P18375,CS_NGT_NIM
P18378,MA_TO_CO_JA
P18379,CS_BT_NIM
P18380,CS_BT_NISM
P18381,MA_TO_CO_JA
P18382,PN_PIQ
P18383,MA_TO_CO_JA
P18384,MA_TO_CO_JA
P18385,PN_PIQ
P18386,MA_TO_CO_JA
P18391,PN_PIQ
P18392,PN_PIQ
P18393,PN_PIQ
P18394,PN_PIQ
P18395,CS_MG_NISM
P18396,PN_PIQ
P18397,CS_MG_NISM
P18398,CS_MG_NISM
P18399,CS_MG_NISM
P18400,PN_PIQ
P18401,CS_MG_NISM
P18402,CS_MG_NISM
P18403,CS_MG_NISM
P18405,CS_MG_NISM
P18406,CS_MG_NISM
P18407,PN_PIQ
P18408,PN_PIQ
P18409,CS_MG_NISM
P18410,CS_MG_NISM
P18411,CS_MG_NISM
P18412,CS_BT_NIM
P18413,PN_PIQ
P18414,PN_PIQ
P18415,PN_PIQ
P18416,MA_TO_CO_JA
P18417,MA_TO_CO_JA
P18418,BA_PER
P18420,BA_INT
P18421,IG_TUT
P18422,JA
P18423,BA_INT
P18425,BA_INT
P18426,BA_PER
P18427,JA
P18428,CS_BT_NIM
P18429,BA_INT
P18430,PN_PIQ
P18431,PN_PIQ
P18432,CS_EGT_NIM
P18433,PN_PIQ
P18434,PN_PIQ
P18435,CS_NGT_NIM
P18436,PN_PIQ
P18437,CS_NGT_NIM
P18438,CS_NGT_NIM
P18439,PN_PIQ
P18440,CS_NGT_NIM
P18441,PN_PIQ
P18442,PN_PIQ
P18443,PN_PIQ
P18444,PN_PIQ
P18445,PN_PIQ
P18448,CS_MG_NISM
P18449,CS_MG_NISM
P18450,PN_PIQ
P18451,CS_MG_NISM
P18452,PN_PIQ
P18453,PN_PIQ
P18454,CS_MG_NISM
P18455,BC_GTMG
P18456,JA
P18457,PN_PIQ
P18458,BC_GTMG
P18459,CS_NGT_NIM
P18460,CS_NGT_NIM
P18461,PN_PIQ
P18462,PN_PIQ
P18463,PN_PIQ
P18464,PN_PIQ
P18465,PN_PIQ
P18467,PN_PIQ
P18468,PN_PIQ
P18469,PN_PIQ
P18471,PN_PIQ
P18472,PN_PIQ
P18473,JA
P18474,PN_PIQ
P18475,PN_PIQ
P18476,PN_PIQ
P18477,PN_PIQ
P18478,PN_PIQ
P18480,JA
P18481,PN_PIQ
P18482,CS_NGT_NIM
P18484,CS_NGT_NIM
P18485,CS_NGT_NIM
P18486,CS_NGT_NIM
P18487,PN_PIQ
P18488,CS_NGT_NIM
P18489,PN_PIQ
P18490,PN_PIQ
P18491,CS_NGT_NIM
P18492,PN_PIQ
P18493,PN_PIQ
P18494,PN_PIQ
P18495,PN_PIQ
P18496,PN_PIQ
P18497,CS_NGT_NIM
P18498,PN_PIQ
P18499,PN_PIQ
P18500,PN_PIQ
P18503,VE_BTGT
P18504,CS_NGT_NIM
P18505,CS_NGT_NIM
P18506,CS_NGT_NIM
P18507,CS_NGT_NIM
P18508,CS_NGT_NIM
P18509,CS_NGT_NIM
P18510,AN_PA
P18511,JA
P18512,AN_PA
P18513,AN_PA
P18514,IG_TUT
P18515,BA_INT
P18519,AN_PA
P18520,AN_PA
P18521,AN_PA
P18522,JA
P18523,AN_PA
P18524,AN_PA
P18525,AN_PA
P18527,CS_BT_NIM
P18528,PN_PIQ
P18529,CS_EGT_NIM
P18530,PN_PIQ
P18532,CS_NGT_NIM
P18533,CS_NGT_NIM
P18534,CS_NGT_NIM
P18535,JA
P18536,PN_PIQ
P18537,PN_PIQ
P18538,PN_PIQ
P18539,PN_PIQ
P18540,PN_PIQ
P18541,PN_PIQ
P18542,PN_PIQ
P18543,PN_PIQ
P18544,CS_MG_NISM
P18545,CS_MG_NISM
P18546,CS_MG_NISM
P18547,PN_PIQ
P18548,CS_MG_NISM
P18549,PN_PIQ
P18550,CS_NGT_NIM
P18551,PN_PIQ
P18552,MA_TO_CO_JA
P18553,CS_BT_NIM
P18554,MA_TO_CO_JA
P18557,ME
P18559,CS_MG_NISM
P18560,CS_MG_NISM
P18561,CS_MG_NISM
P18562,PN_PIQ
P18563,PN_PIQ
P18564,CS_MG_NISM
P18565,CS_MG_NISM
P18566,PN_PIQ
P18567,CS_MG_NISM
P18568,CS_MG_NISM
P18569,PN_PIQ
P18570,CS_MG_NISM
P18571,PN_PIQ
P18572,CS_MG_NISM
P18573,PN_PIQ
P18574,PN_PIQ
P18575,PN_PIQ
P18576,CS_CGT_NISM
P18577,CS_NGT_NIM
P18578,CS_NGT_NIM
P18579,CS_NGT_NIM
P18580,CS_NGT_NIM
P18581,PN_PIQ
P18582,VE_BTGT
P18583,CS_NGT_NIM
P18584,CS_EGT_NIM
P18585,CS_MG_NISM
P18586,CS_MG_NISM
P18587,CS_MG_NISM
P18588,CS_MG_NISM
P18589,PN_PIQ
P18590,CS_MG_NISM
P18591,CS_MG_NISM
P18592,CS_MG_NISM
P18593,CS_MG_NISM
P18594,CS_NGT_NIM
P18595,CS_NGT_NIM
P18596,CS_NGT_NIM
P18597,PN_PIQ
P18598,VE_BTGT
P18599,CS_NGT_NIM
P18600,CS_NGT_NIM
P18601,CS_NGT_NIM
P18602,CS_MG_NISM
P18603,CS_MG_NISM
P18604,PN_PIQ
P18605,CS_BT_NIM
P18606,CS_BT_NIM
P18607,CS_BT_NIM
P18608,CS_BT_NIM
P18609,CS_BT_NIM
P18610,CS_BT_NIM
P18611,PN_PIQ
P18614,PN_PIQ
P18615,JA
P18616,PN_PIQ
P18618,CS_NGT_NIM
P18619,CS_NGT_NIM
P18620,CS_NGT_NIM
P18623,CS_NGT_NIM
P18624,CS_NGT_NIM
P18625,CS_NGT_NIM
P18626,JA
P18627,CS_EGT_NIM
P18628,PN_PIQ
P18629,CS_EGT_NIM
P18630,CS_BT_NIM
P18631,CS_BT_NIM
P18632,PN_PIQ
P18633,PN_PIQ
P18634,CS_MG_NISM
P18635,CS_MG_NISM
P18636,CS_MG_NISM
P18637,PN_PIQ
P18638,CS_MG_NISM
P18639,CS_MG_NISM
P18640,PN_PIQ
P18641,PN_PIQ
P18642,CS_NGT_NIM
P18643,CS_NGT_NIM
P18644,CS_NGT_NIM
P18645,CS_NGT_NIM
P18646,PN_PIQ
P18647,PN_PIQ
P18649,VE_BTGT
P18650,CS_NGT_NIM
P18651,CS_NGT_NIM
P18652,CS_MG_NISM
P18653,CS_MG_NISM
P18654,CS_MG_NISM
P18656,CS_MG_NISM
P18657,CS_MG_NISM
P18658,PN_PIQ
P18659,PN_PIQ
P18660,CS_MG_NISM
P18661,CS_MG_NISM
P18662,CS_BT_NIM
P18663,CS_BT_NISM
P18664,CS_BT_NIM
P18665,CS_MG_NISM
P18666,CS_MG_NISM
P18667,CS_MG_NISM
P18668,PN_PIQ
P18669,CS_MG_NISM
P18670,CS_MG_NISM
P18671,CS_MG_NISM
P18672,CS_MG_NISM
P18673,CS_MG_NISM
P18674,CS_MG_NISM
P18675,CS_MG_NISM
P18676,CS_MG_NISM
P18677,CS_MG_NISM
P18678,CS_NGT_NIM
P18679,PN_PIQ
P18680,PN_PIQ
P18681,JA
P18682,PN_PIQ
P18683,PN_PIQ
P18684,CS_BT_NIM
P18686,CS_BT_NIM
P18688,CS_BT_NIM
P18691,CS_NGT_NIM
P18692,ME
P18693,MA_TO_CO_JA
P18694,CS_EGT_NIM
P18696,CS_NGT_NIM
P18697,CS_NGT_NIM
P18698,ME
P18699,PN_PIQ
P18700,PN_PIQ
P18701,PN_PIQ
P18702,JA
P18703,CS_NGT_NIM
P18704,BC_GTMG
P18705,CS_NGT_NIM
P18706,CS_NGT_NIM
P18707,CS_NGT_NIM
P18708,CS_NGT_NIM
P18709,CS_NGT_NIM
P18710,CS_NGT_NIM
P18711,CS_NGT_NIM
P18712,CS_NGT_NISM
P18713,CS_NGT_NIM
P18714,CS_NGT_NIM
P18715,CS_NGT_NIM
P18716,CS_NGT_NIM
P18717,PN_PIQ
P18718,PN_PIQ
P18719,CS_NGT_NIM
P18720,CS_NGT_NISM
P18721,CS_NGT_NIM
P18722,CS_NGT_NIM
P18723,CS_NGT_NIM
P18724,PN_PIQ
P18725,PN_PIQ
P18726,CS_NGT_NIM
P18727,CS_NGT_NIM
P18728,CS_NGT_NIM
P18729,CS_NGT_NIM
P18730,CS_NGT_NIM
P18731,CS_NGT_NIM
P18732,CS_NGT_NISM
P18733,PN_PIQ
P18736,CS_NGT_NIM
P18737,PN_PIQ
P18738,CS_NGT_NIM
P18739,CS_NGT_NISM
P18740,CS_NGT_NISM
P18741,PN_PIQ
P18742,CS_BT_NIM
P18743,CS_BT_NIM
P18744,PN_PIQ
P18745,PN_PIQ
P18746,CS_EGT_NIM
P18747,BC_GTMG
P18748,JA
P18749,CS_EGT_NIM
P18750,CS_CGT_NIM
P18751,PN_PIQ
P18752,PN_PIQ
P18753,PN_PIQ
P18754,CS_MG_NISM
P18755,PN_PIQ
P18756,PN_PIQ
P18758,PN_PIQ
P18759,PN_PIQ
P18760,CS_BT_NIM
P18761,CS_BT_NIM
P18762,CS_BT_NIM
P18763,CS_BT_NIM
P18764,MA_TO_CO_JA
P18766,PN_PIQ
P18767,PN_PIQ
P18768,CS_BT_NIM
P18769,CS_BT_NIM
P18770,CS_BT_NIM
P18771,PN_PIQ
P18772,PN_PIQ
P18773,CS_CGT_NIM
P18774,CS_CGT_NIM
P18775,JA
P18776,BC_GTMG
P18777,CS_CGT_NIM
P18778,CS_CGT_NIM
P18779,ME
P18780,ME
P18781,MA_TO_CO_JA
P18782,MA_ROTA
P18783,MA_TO_CO_JA
P18784,MA_ROTA
P18785,MA_ROTA
P18786,MA_ROTA
P18787,MA_TO_CO_JA
P18788,PN_PIQ
P18789,PN_PIQ
P18790,PN_PIQ
P18791,PN_PIQ
P18792,CS_EGT_NIM
P18793,CS_EGT_NIM
P18794,PN_PIQ
P18795,CS_EGT_NIM
P18796,PN_PIQ
P18797,PN_PIQ
P18798,MA_ROTA
P18799,BA_INT
P18800,BA_INT
P18801,MA_ROTA
P18802,MA_ROTA
P18803,MA_ROTA
P18804,BA_INT
P18805,BA_INT
P18806,MA_ROTA
P18808,BA_SINT
P18809,BA_SINT
P18811,BA_SINT
P18812,BA_SINT
P18813,BA_INT
P18814,BA_SINT
P18815,MA_ROTA
P18816,BA_INT
P18817,BA_INT
P18818,BA_INT
P18819,JA
P18820,BA_INT
P18821,BA_INT
P18822,BA_INT
P18823,BA_SINT
P18825,BA_INT
P18826,BA_INT
P18827,BA_INT
P18828,BA_SINT
P18831,BA_INT
P18834,JA
P18835,BA_INT
P18836,BA_INT
P18837,BA_INT
P18838,BA_INT
P18839,BA_INT
P18840,CS_NGT_NIM
P18841,CS_NGT_NISM
P18842,CS_NGT_NIM
P18843,PN_PIQ
P18844,CS_NGT_NIM
P18845,CS_NGT_NIM
P18846,PN_PIQ
P18847,PN_PIQ
P18848,PN_PIQ
P18849,PN_PIQ
P18850,PN_PIQ
P18851,PN_PIQ
P18852,PN_PIQ
P18853,PN_PIQ
P18854,PN_PIQ
P18855,MA_TO_CO_JA
P18856,MA_ROTA
P18857,MA_ROTA
P18858,MA_ROTA
P18859,CS_BT_NIM
P18860,PN_PIQ
P18861,PN_PIQ
P18862,CS_NGT_NISM
P18863,PN_PIQ
P18864,CS_NGT_NISM
P18865,PN_PIQ
P18866,CS_NGT_NISM
P18867,PN_PIQ
P18868,PN_PIQ
P18869,PN_PIQ
P18870,PN_PIQ
P18871,PN_PIQ
P18872,PN_PIQ
P18873,PN_PIQ
P18874,PN_PIQ
P18875,JA
P18876,CS_NGT_NISM
P18877,CS_NGT_NIM
P18878,CS_NGT_NIM
P18879,CS_BT_NIM
P18880,CS_BT_NIM
P18881,CS_BT_NIM
P18882,CS_BT_NIM
P18883,CS_BT_NIM
P18884,CS_BT_NIM
P18895,PN_PIQ
P18896,PN_PIQ
P18897,PN_PIQ
P18898,PN_PIQ
P18899,PN_PIQ
P18900,PN_PIQ
P18901,PN_PIQ
P18902,CS_BT_NIM
P18903,CS_BT_NIM
P18904,JA
P18905,PN_PIQ
P18906,PN_PIQ
P18907,PN_PIQ
P18908,PN_PIQ
P18909,PN_PIQ
P18910,PN_PIQ
P18911,PN_PIQ
P18912,PN_PIQ
P18913,PN_PIQ
P18914,MA_ROTA
P18915,MA_TO_CO_JA
P18917,MA_ROTA
P18919,MA_ROTA
P18927,CS_NGT_NIM
P18928,CS_NGT_NISM
P18929,CS_NGT_NIM
P18930,CS_NGT_NIM
P18931,CS_NGT_NISM
P18932,CS_NGT_NIM
P18933,CS_NGT_NIM
P18935,CS_NGT_NIM
P18936,MA_ROTA
P18937,CS_NGT_NIM
P18938,CS_NGT_NIM
P18940,CS_NGT_NIM
P18941,BA_PER
P18942,MA_TO_CO_JA
P18946,MA_TO_CO_JA
P18947,MA_TO_CO_JA
P18948,BA_PER
P18949,BA_PER
P18950,BA_INT
P18951,BA_PER
P18952,BA_INT
P18953,BA_SINT
P18954,IG_TUT
P18955,BA_PER
P18956,BA_PER
P18957,BA_SINT
P18958,BA_INT
P18959,BA_INT
P18960,BA_INT
P18961,BA_SINT
P18962,MA_TO_CO_JA
P18963,BA_INT
P18964,BA_PER
P18965,MA_TO_CO_JA
P18966,BA_PER
P18967,MA_TO_CO_JA
P18968,BA_PER
P18969,BA_PER
P18970,BA_PER
P18971,JA
P18972,BA_SINT
P18973,BA_INT
P18974,MA_TO_CO_JA
P18975,BA_PER
P18976,BA_INT
P18977,MA_TO_CO_JA
P18978,BA_SINT
P18979,BA_SINT
P18980,MA_TO_CO_JA
P18981,JA
P18982,BA_INT
P18983,BA_PER
P18984,BA_PER
P18985,BA_PER
P18986,BA_INT
P18987,BA_INT
P18988,BA_PER
P18989,MA_TO_CO_JA
P18990,BA_SINT
P18991,BA_SINT
P18995,CS_NGT_NIM
P18996,PN_PIQ
P18997,PN_PIQ
P18998,CS_EGT_NIM
P19000,JA
P19001,CS_EGT_NIM
P19002,BC_GTMG
P19003,MA_TO_CO_JA
P19004,MA_TO_CO_JA
P19005,MA_TO_CO_JA
P19006,MA_TO_CO_JA
P19007,MA_TO_CO_JA
P19008,CS_NGT_NISM
P19009,CS_NGT_NISM
P19010,PN_PIQ
P19011,CS_NGT_NISM
P19012,PN_PIQ
P19013,PN_PIQ
P19014,CS_MG_NISM
P19015,CS_MG_NISM
P19016,CS_MG_NISM
P19017,CS_MG_NISM
P19018,CS_MG_NISM
P19019,PN_PIQ
P19020,CS_MG_NISM
P19021,CS_MG_NISM
P19022,CS_MG_NISM
P19023,PN_PIQ
P19024,PN_PIQ
P19025,PN_PIQ
P19026,PN_PIQ
P19027,PN_PIQ
P19028,CS_MG_NISM
P19029,CS_MG_NISM
P19030,PN_PIQ
P19031,CS_MG_NISM
P19032,PN_PIQ
P19033,CS_MG_NISM
P19034,CS_MG_NISM
P19035,PN_PIQ
P19036,CS_MG_NISM
P19037,CS_MG_NISM
P19038,JA
P19039,CS_MG_NISM
P19040,CS_MG_NISM
P19041,PN_PIQ
P19042,PN_PIQ
P19043,CS_MG_NISM
P19044,PN_PIQ
P19045,CS_MG_NISM
P19046,PN_PIQ
P19047,CS_MG_NISM
P19048,CS_MG_NISM
P19049,CS_MG_NISM
P19050,PN_PIQ
P19051,CS_MG_NISM
P19052,CS_MG_NISM
P19053,PN_PIQ
P19054,PN_PIQ
P19055,PN_PIQ
P19056,PN_PIQ
P19057,CS_BT_NIM
P19058,CS_BT_NIM
P19059,CS_BT_NIM
P19060,CS_BT_NIM
P19061,CS_BT_NIM
P19062,PN_PIQ
P19063,PN_PIQ
P19064,PN_PIQ
P19065,PN_PIQ
P19066,CS_MG_NISM
P19067,CS_MG_NISM
P19068,PN_PIQ
P19069,CS_MG_NISM
P19070,PN_PIQ
P19071,PN_PIQ
P19072,PN_PIQ
P19073,PN_PIQ
P19074,PN_PIQ
P19075,PN_PIQ
P19076,CS_NGT_NIM
P19077,CS_NGT_NIM
P19078,CS_NGT_NIM
P19079,CS_MG_NISM
P19080,PN_PIQ
P19081,CS_MG_NISM
P19082,PN_PIQ
P19083,CS_MG_NISM
P19084,CS_MG_NISM
P19085,CS_MG_NISM
P19086,CS_MG_NISM
P19087,CS_MG_NISM
P19088,CS_MG_NISM
P19089,PN_PIQ
P19090,CS_MG_NISM
P19091,CS_MG_NISM
P19092,CS_MG_NISM
P19093,CS_MG_NISM
P19094,CS_MG_NISM
P19095,CS_MG_NISM
P19096,PN_PIQ
P19097,CS_MG_NISM
P19098,CS_MG_NISM
P19099,PN_PIQ
P19100,PN_PIQ
P19101,CS_MG_NISM
P19102,PN_PIQ
P19103,CS_MG_NISM
P19104,CS_MG_NISM
P19105,PN_PIQ
P19106,CS_MG_NISM
P19107,PN_PIQ
P19108,PN_PIQ
P19109,CS_MG_NISM
P19110,PN_PIQ
P19111,CS_MG_NISM
P19112,PN_PIQ
P19114,CS_MG_NISM
P19115,CS_MG_NISM
P19116,CS_MG_NISM
P19117,CS_MG_NISM
P19118,PN_PIQ
P19119,CS_MG_NISM
P19120,CS_MG_NISM
P19121,CS_MG_NISM
P19122,PN_PIQ
P19123,CS_MG_NISM
P19124,CS_MG_NISM
P19125,PN_PIQ
P19126,PN_PIQ
P19127,PN_PIQ
P19128,PN_PIQ
P19129,CS_MG_NISM
P19132,PN_PIQ
P19134,CS_MG_NISM
P19135,CS_MG_NISM
P19136,CS_MG_NISM
P19137,CS_MG_NISM
P19138,PN_PIQ
P19139,CS_MG_NISM
P19140,CS_MG_NISM
P19141,PN_PIQ
P19142,PN_PIQ
P19143,CS_MG_NISM
P19148,CS_MG_NISM
P19149,CS_MG_NISM
P19150,PN_PIQ
P19151,CS_MG_NISM
P19152,CS_MG_NISM
P19153,PN_PIQ
P19154,PN_PIQ
P19155,PN_PIQ
P19156,CS_BT_NIM
P19157,CS_BT_NIM
P19158,CS_BT_NIM
P19159,CS_MG_NISM
P19160,CS_MG_NISM
P19161,CS_MG_NISM
P19162,PN_PIQ
P19163,CS_MG_NISM
P19164,CS_MG_NISM
P19165,PN_PIQ
P19166,PN_PIQ
P19167,CS_MG_NISM
P19168,PN_PIQ
P19169,CS_MG_NISM
P19170,CS_MG_NISM
P19171,CS_MG_NISM
P19173,CS_CGT_NIM
P19174,CS_CGT_NIM
P19175,MA_ROTA
P19176,CS_CGT_NIM
P19177,CS_CGT_NIM
P19178,CS_MG_NISM
P19179,CS_MG_NISM
P19180,PN_PIQ
P19181,CS_MG_NISM
P19182,PN_PIQ
P19183,PN_PIQ
P19184,CS_MG_NISM
P19185,CS_MG_NISM
P19186,PN_PIQ
P19187,CS_MG_NISM
P19188,CS_MG_NISM
P19189,CS_MG_NISM
P19190,PN_PIQ
P19193,CS_NGT_NISM
P19194,PN_PIQ
P19195,CS_NGT_NISM
P19196,CS_NGT_NISM
P19197,CS_NGT_NIM
P19198,CS_NGT_NISM
P19200,PN_PIQ
P19201,CS_NGT_NIM
P19202,PN_PIQ
P19203,CS_MG_NISM
P19204,CS_MG_NISM
P19205,CS_MG_NISM
P19206,CS_MG_NISM
P19207,PN_PIQ
P19208,CS_MG_NISM
P19209,CS_MG_NISM
P19210,CS_MG_NISM
P19211,CS_MG_NISM
P19212,CS_MG_NISM
P19213,CS_MG_NISM
P19214,PN_PIQ
P19215,CS_MG_NISM
P19216,CS_MG_NISM
P19217,PN_PIQ
P19218,PN_PIQ
P19219,CS_MG_NISM
P19220,PN_PIQ
P19221,CS_MG_NISM
P19222,CS_MG_NISM
P19223,PN_PIQ
P19224,CS_MG_NISM
P19225,CS_MG_NISM
P19226,CS_MG_NISM
P19227,CS_MG_NISM
P19228,PN_PIQ
P19229,CS_MG_NISM
P19230,CS_MG_NISM
P19231,CS_MG_NISM
P19232,PN_PIQ
P19234,CS_EGT_NIM
P19235,CS_EGT_NIM
P19236,CS_EGT_NIM
P19238,CS_EGT_NIM
P19239,CS_EGT_NIM
P19240,CS_EGT_NIM
P19241,JA
P19242,CS_EGT_NIM
P19243,CS_EGT_NIM
P19244,CS_EGT_NISM
P19245,CS_EGT_NIM
P19246,CS_EGT_NIM
P19247,CS_NGT_NISM
P19248,PN_PIQ
P19249,PN_PIQ
P19250,PN_PIQ
P19251,PN_PIQ
P19252,CS_EGT_NIM
P19253,PN_PIQ
P19254,CS_EGT_NIM
P19255,PN_PIQ
P19256,CS_CGT_NIM
P19257,PN_PIQ
P19258,CS_EGT_NIM
P19259,PN_PIQ
P19260,PN_PIQ
P19261,CS_EGT_NIM
P19262,CS_EGT_NIM
P19263,CS_EGT_NIM
P19264,CS_EGT_NIM
P19265,CS_EGT_NIM
P19266,CS_EGT_NIM
P19267,CS_EGT_NIM
P19268,CS_EGT_NIM
P19269,VE_BTGT
P19270,CS_NGT_NIM
P19271,CS_NGT_NISM
P19273,CS_NGT_NIM
P19274,CS_NGT_NIM
P19275,ME
P19276,CS_NGT_NIM
P19278,CS_NGT_NIM
P19280,CS_NGT_NIM
P19281,ME
P19283,ME
P19285,CS_NGT_NIM
P19286,ME
P19287,CS_NGT_NIM
P19288,ME
P19290,MA_ROTA
P19291,MA_TO_CO_JA
P19298,MA_TO_CO_JA
P19300,PN_PIQ
P19302,CS_MG_NISM
P19303,JA
P19304,CS_MG_NISM
P19305,JA
P19306,CS_MG_NISM
P19307,CS_MG_NISM
P19308,PN_PIQ
P19309,PN_PIQ
P19310,CS_MG_NISM
P19311,CS_MG_NISM
P19312,CS_MG_NISM
P19313,CS_MG_NISM
P19314,CS_MG_NISM
P19315,CS_MG_NISM
P19316,PN_PIQ
P19317,CS_MG_NISM
P19318,CS_MG_NISM
P19319,CS_MG_NISM
P19320,CS_MG_NISM
P19321,CS_MG_NISM
P19322,CS_MG_NISM
P19323,PN_PIQ
P19324,CS_MG_NISM
P19325,CS_MG_NISM
P19326,CS_MG_NISM
P19327,CS_MG_NISM
P19328,PN_PIQ
P19329,CS_MG_NISM
P19330,CS_MG_NISM
P19331,JA
P19332,CS_MG_NISM
P19333,CS_MG_NISM
P19334,CS_MG_NISM
P19335,CS_MG_NISM
P19336,PN_PIQ
P19337,CS_BT_NIM
P19338,CS_BT_NIM
P19339,CS_BT_NIM
P19340,PN_PIQ
P19341,PN_PIQ
P19343,PN_PIQ
P19344,CS_BT_NIM
P19345,CS_BT_NIM
P19347,JA
P19348,CS_BT_NIM
P19349,CS_BT_NIM
P19350,CS_BT_NIM
P19351,CS_BT_NIM
P19352,CS_BT_NIM
P19353,PN_PIQ
P19354,PN_PIQ
P19355,CS_BT_NIM
P19356,CS_BT_NIM
P19357,CS_BT_NIM
P19358,PN_PIQ
P19359,PN_PIQ
P19360,PN_PIQ
P19361,PN_PIQ
P19362,PN_PIQ
P19363,CS_CGT_NIM
P19365,CS_CGT_NIM
P19367,VE_BTGT
P19368,MA_TO_CO_JA
P19369,ME
P19370,MA_TO_CO_JA
P19371,CS_NGT_NIM
P19372,CS_NGT_NIM
P19373,CS_NGT_NIM
P19374,MA_TO_CO_JA
P19375,MA_TO_CO_JA
P19376,MA_TO_CO_JA
P19377,CS_NGT_NIM
P19378,CS_BT_NIM
P19379,CS_BT_NIM
P19380,AN_PA
P19381,AN_PA
P19382,AN_PA
P19383,CS_BT_NIM
P19384,AN_PA
P19385,AN_PA
P19387,AN_PA
P19388,AN_PA
P19389,CS_BT_NIM
P19390,AN_PA
P19391,AN_PA
P19392,AN_PA
P19393,BA_PER
P19394,CS_BT_NIM
P19395,AN_PA
P19396,CS_BT_NIM
P19397,AN_PA
P19398,AN_PA
P19399,AN_PA
P19400,CS_BT_NIM
P19401,AN_PA
P19402,AN_PA
P19403,AN_PA
P19404,AN_PA
P19405,AN_PA
P19408,AN_PA
P19409,AN_PA
P19410,CS_BT_NIM
P19411,CS_BT_NIM
P19412,AN_PA
P19414,AN_PA
P19415,CS_BT_NIM
P19416,CS_NGT_NIM
P19417,CS_NGT_NIM
P19418,CS_NGT_NIM
P19420,CS_NGT_NIM
P19421,CS_NGT_NIM
P19422,CS_NGT_NIM
P19423,CS_NGT_NIM
P19424,CS_NGT_NIM
P19425,CS_NGT_NIM
P19426,CS_NGT_NIM
P19427,CS_NGT_NIM
P19428,CS_NGT_NIM
P19431,CS_NGT_NIM
P19434,CS_NGT_NIM
P19435,CS_NGT_NIM
P19436,CS_NGT_NIM
P19437,CS_NGT_NIM
P19438,CS_NGT_NIM
P19439,CS_NGT_NIM
P19440,CS_NGT_NIM
P19441,CS_NGT_NIM
P19442,CS_NGT_NIM
P19443,CS_NGT_NIM
P19445,CS_MG_NISM
P19446,BA_INT
P19447,BA_INT
P19448,PN_PIQ
P19450,PN_PIQ
P19454,JA
P19455,PN_PIQ
P19457,BA_INT
P19459,MA_TO_CO_JA
P19460,MA_TO_CO_JA
P19462,PN_PIQ
P19463,PN_PIQ
P19464,MA_TO_CO_JA
P19465,MA_TO_CO_JA
P19466,CS_MG_NISM
P19467,CS_MG_NISM
P19469,CS_MG_NISM
P19470,PN_PIQ
P19471,CS_MG_NISM
P19473,BA_INT
P19474,BA_INT
P19475,JA
P19476,BA_INT
P19477,JA
P19478,BA_INT
P19479,BA_INT
P19480,BA_INT
P19481,JA
P19482,BA_INT
P19483,BA_INT
P19484,BA_INT
P19485,BA_INT
P19486,BA_INT
P19487,JA
P19488,BA_INT
P19489,BA_INT
P19490,BA_INT
P19491,BA_INT
P19492,BA_INT
P19493,BA_INT
P19494,BA_INT
P19495,JA
P19496,BA_INT
P19497,BA_INT
P19498,BA_INT
P19499,BA_INT
P19500,BA_INT
P19501,JA
P19502,BA_INT
P19503,BA_INT
P19504,BA_INT
P19505,BA_INT
P19506,BA_INT
P19507,JA
P19508,BA_INT
P19509,BA_INT
P19510,BA_INT
P19511,BA_INT
P19512,BA_INT
P19513,BA_INT
P19514,BA_INT
P19515,BA_INT
P19516,BA_INT
P19517,BA_INT
P19518,BA_INT
P19519,BA_INT
P19520,JA
P19521,BA_INT
P19522,BA_INT
P19523,BA_INT
P19524,BA_INT
P19525,BA_INT
P19526,BA_INT
P19527,BA_INT
P19529,BA_INT
P19530,BA_INT
P19531,BA_INT
P19532,BA_INT
P19533,BA_INT
P19535,BA_INT
P19536,JA
P19537,BA_INT
P19538,JA
P19539,JA
P19540,JA
P19541,BA_INT
P19542,BA_INT
P19543,BA_INT
P19544,MA_ROTA
P19545,MA_ROTA
P19546,JA
P19547,AN_PA
P19548,AN_PA
P19550,BA_INT
P19551,AN_PA
P19553,BA_INT
P19554,BA_INT
P19555,BA_INT
P19556,BA_INT
P19557,JA
P19558,JA
P19560,AN_PA
P19561,BA_INT
P19562,BA_INT
P19563,BA_INT
P19564,AN_PA
P19565,JA
P19566,BA_INT
P19567,AN_PA
P19571,AN_PA
P19572,BA_SINT
P19573,BA_INT
P19574,BA_INT
P19575,BA_INT
P19577,AN_PA
P19580,BA_INT
P19581,JA
P19582,BA_INT
P19583,AN_PA
P19584,BA_INT
P19585,AN_PA
P19587,BA_INT
P19588,BA_INT
P19589,BA_INT
P19590,BA_INT
P19591,AN_PA
P19592,AN_PA
P19593,BA_INT
P19597,AN_PA
P19598,AN_PA
P19599,JA
P19600,BA_SINT
P19601,BA_INT
P19602,BA_INT
P19603,BA_INT
P19605,BA_INT
P19606,BA_INT
P19607,BA_INT
P19608,JA
P19609,BA_INT
P19610,BA_INT
P19611,JA
P19612,BA_INT
P19613,BA_INT
P19614,BA_INT
P19615,JA
P19616,JA
P19617,BA_INT
P19618,BA_INT
P19619,BA_INT
P19621,JA
P19622,BA_INT
P19623,BA_INT
P19624,BA_INT
P19625,BA_INT
P19626,BA_INT
P19627,BA_INT
P19628,BA_INT
P19630,BA_INT
P19631,BA_INT
P19633,BA_INT
P19641,BA_INT
P19644,BA_INT
P19646,BA_INT
P19648,JA
P19649,BA_INT
P19650,BA_INT
P19652,BA_INT
P19653,BA_INT
P19654,BA_INT
P19655,BA_INT
P19656,BA_INT
P19657,JA
P19659,BA_INT
P19660,BA_INT
P19661,JA
P19662,BA_INT
P19663,JA
P19664,JA
P19665,JA
P19666,BA_INT
P19667,BA_INT
P19668,PN_PIQ
P19669,CS_EGT_NIM
P19670,PN_PIQ
P19671,PN_PIQ
P19672,CS_EGT_NIM
P19673,PN_PIQ
P19674,PN_PIQ
P19675,PN_PIQ
P19676,PN_PIQ
P19677,PN_PIQ
P19678,PN_PIQ
P19679,PN_PIQ
P19680,BC_GTMG
P19681,JA
P19682,BC_GTMG
P19683,CS_BT_NIM
P19684,CS_BT_NIM
P19685,CS_BT_NIM
P19686,CS_BT_NIM
P19687,PN_PIQ
P19688,PN_PIQ
P19689,CS_NGT_NIM
P19690,CS_NGT_NISM
P19691,CS_NGT_NIM
P19692,PN_PIQ
P19693,CS_NGT_NIM
P19695,CS_NGT_NIM
P19696,CS_NGT_NIM
P19697,PN_PIQ
P19698,CS_NGT_NIM
P19699,CS_NGT_NIM
P19700,CS_NGT_NIM
P19701,PN_PIQ
P19702,PN_PIQ
P19703,CS_NGT_NIM
P19704,CS_NGT_NIM
P19705,CS_NGT_NIM
P19706,CS_NGT_NISM
P19707,CS_NGT_NIM
P19708,CS_NGT_NIM
P19709,CS_NGT_NIM
P19710,CS_NGT_NIM
P19711,CS_NGT_NIM
P19712,CS_NGT_NIM
P19713,CS_NGT_NIM
P19714,CS_NGT_NIM
P19717,CS_NGT_NIM
P19718,CS_NGT_NIM
P19719,PN_PIQ
P19720,PN_PIQ
P19721,PN_PIQ
P19722,CS_NGT_NIM
P19723,CS_NGT_NIM
P19724,BC_GTMG
P19725,PN_PIQ
P19726,PN_PIQ
P19727,CS_NGT_NIM
P19728,JA
P19729,PN_PIQ
P19730,CS_NGT_NIM
P19731,PN_PIQ
P19732,CS_NGT_NIM
P19733,CS_NGT_NIM
P19734,CS_NGT_NIM
P19735,CS_NGT_NIM
P19736,PN_PIQ
P19737,CS_NGT_NIM
P19738,CS_NGT_NISM
P19739,CS_NGT_NISM
P19740,CS_CGT_NIM
P19741,ME
P19742,CS_CGT_NIM
P19743,MA_TO_CO_JA
P19744,CS_CGT_NIM
P19745,CS_CGT_NIM
P19746,BC_GTMG
P19747,CS_NGT_NIM
P19748,CS_NGT_NIM
P19749,CS_NGT_NIM
P19750,CS_NGT_NIM
P19751,CS_NGT_NIM
P19752,CS_NGT_NIM
P19753,JA
P19754,CS_NGT_NIM
P19755,BC_GTMG
P19756,CS_NGT_NIM
P19757,CS_NGT_NIM
P19758,CS_NGT_NIM
P19759,CS_NGT_NISM
P19760,CS_NGT_NIM
P19761,CS_NGT_NISM
P19762,CS_NGT_NIM
P19763,CS_NGT_NIM
P19764,CS_NGT_NIM
P19765,CS_NGT_NIM
P19767,CS_NGT_NIM
P19768,CS_NGT_NISM
P19769,CS_EGT_NIM
P19770,CS_NGT_NIM
P19771,CS_EGT_NIM
P19772,CS_EGT_NIM
P19773,CS_EGT_NIM
P19774,CS_EGT_NIM
P19775,CS_EGT_NIM
P19776,CS_EGT_NIM
P19777,CS_EGT_NIM
P19778,CS_NGT_NIM
P19779,CS_NGT_NIM
P19780,CS_NGT_NIM
P19781,CS_NGT_NIM
P19782,CS_EGT_NIM
P19783,CS_NGT_NIM
P19784,CS_NGT_NIM
P19785,CS_NGT_NIM
P19786,CS_NGT_NIM
P19787,CS_NGT_NIM
P19788,CS_NGT_NIM
P19789,CS_NGT_NIM
P19790,CS_EGT_NIM
P19791,CS_NGT_NIM
P19792,CS_NGT_NIM
P19793,CS_NGT_NIM
P19794,CS_EGT_NIM
P19795,CS_EGT_NIM
P19796,CS_NGT_NIM
P19797,CS_NGT_NIM
P19798,CS_EGT_NIM
P19799,CS_EGT_NIM
P19800,VE_BTGT
P19801,CS_EGT_NIM
P19802,CS_EGT_NIM
P19804,CS_BT_NIM
P19805,CS_BT_NIM
P19806,CS_BT_NIM
P19809,CS_BT_NIM
P19810,CS_BT_NIM
P19811,CS_BT_NIM
P19812,CS_BT_NIM
P19813,CS_BT_NIM
P19815,CS_BT_NIM
P19816,CS_BT_NIM
P19817,CS_BT_NIM
P19820,CS_BT_NIM
P19822,CS_BT_NIM
P19824,CS_SBT_NIM
P19826,CS_BT_NIM
P19827,CS_BT_NIM
P19828,CS_BT_NIM
P19829,CS_BT_NIM
P19830,CS_BT_NIM
P19831,CS_BT_NIM
P19832,CS_BT_NIM
P19833,CS_BT_NIM
P19834,CS_BT_NIM
P19835,CS_BT_NIM
P19836,CS_EGT_NIM
P19837,CS_EGT_NIM
P19838,CS_EGT_NIM
P19839,CS_EGT_NIM
P19840,JA
P19841,CS_EGT_NIM
P19842,CS_EGT_NIM
P19843,BC_GTMG
P19844,BC_GTMG
P19845,CS_EGT_NIM
P19846,CS_EGT_NIM
P19847,PN_PIQ
P19848,PN_PIQ
P19849,PN_PIQ
P19850,PN_PIQ
P19851,PN_PIQ
P19852,PN_PIQ
P19853,CS_MG_NISM
P19854,PN_PIQ
P19855,CS_MG_NISM
P19856,ME
P19857,CS_NGT_NIM
P19858,CS_NGT_NIM
P19860,CS_NGT_NIM
P19861,ME
P19862,CS_NGT_NIM
P19863,JA
P19864,VE_BTGT
P19865,CS_EGT_NIM
P19866,CS_EGT_NIM
P19867,BC_GTMG
P19868,CS_NGT_NIM
P19869,CS_NGT_NIM
P19870,BC_GTMG
P19871,PN_PIQ
P19872,PN_PIQ
P19873,JA
P19874,CS_NGT_NIM
P19875,CS_NGT_NIM
P19876,CS_NGT_NIM
P19878,CS_SBT_NIM
P19880,BA_INT
P19881,BA_INT
P19882,BA_INT
P19883,CS_BT_NIM
P19884,CS_BT_NIM
P19885,BA_INT
P19886,BA_INT
P19887,JA
P19888,JA
P19889,JA
P19891,PN_PIQ
P19892,PN_PIQ
P19893,PN_PIQ
P19894,PN_PIQ
P19895,PN_PIQ
P19896,PN_PIQ
P19897,PN_PIQ
P19898,PN_PIQ
P19899,PN_PIQ
P19900,CS_EGT_NIM
P19901,PN_PIQ
P19902,CS_EGT_NIM
P19903,PN_PIQ
P19904,PN_PIQ
P19905,PN_PIQ
P19906,PN_PIQ
P19907,PN_PIQ
P19908,PN_PIQ
P19909,PN_PIQ
P19910,PN_PIQ
P19911,PN_PIQ
P19912,PN_PIQ
P19913,PN_PIQ
P19914,PN_PIQ
P19915,PN_PIQ
P19916,CS_EGT_NIM
P19917,PN_PIQ
P19918,PN_PIQ
P19919,CS_EGT_NIM
P19920,MA_TO_CO_JA
P19921,MA_TO_CO_JA
P19922,PN_PIQ
P19923,MA_TO_CO_JA
P19924,PN_PIQ
P19925,PN_PIQ
P19926,PN_PIQ
P19927,MA_TO_CO_JA
P19929,MA_TO_CO_JA
P19930,MA_TO_CO_JA
P19931,AG
P19932,MA_TO_CO_JA
P19933,MA_TO_CO_JA
P19934,MA_TO_CO_JA
P19936,MA_TO_CO_JA
P19938,MA_TO_CO_JA
P19939,MA_TO_CO_JA
P19940,MA_TO_CO_JA
P19941,MA_TO_CO_JA
P19942,MA_TO_CO_JA
P19943,MA_TO_CO_JA
P19946,PN_PIQ
P19947,PN_PIQ
P19948,CS_BT_NIM
P19949,MA_TO_CO_JA
P19952,CS_BT_NIM
P19955,CS_BT_NIM
P19956,MA_TO_CO_JA
P19957,CS_EGT_NIM
P19958,PN_PIQ
P19959,PN_PIQ
P19960,PN_PIQ
P19961,PN_PIQ
P19962,PN_PIQ
P19965,MA_ROTA
P19967,PN_PIQ
P19968,IG_TUT
P19969,MA_ROTA
P19970,BA_SINT
P19972,BA_INT
P19975,JA
P19976,CS_CGT_NIM
P19977,CS_CGT_NIM
P19978,CS_CGT_NIM
P19979,CS_CGT_NIM
P19980,BC_GTMG
P19981,JA
P19982,CS_CGT_NIM
P19983,CS_CGT_NIM
P19984,CS_CGT_NIM
P19985,CS_CGT_NIM
P19986,CS_CGT_NIM
P19987,CS_CGT_NIM
P19988,BC_GTMG
P19989,CS_CGT_NIM
P19990,CS_CGT_NIM
P19991,CS_CGT_NIM
P19992,VE_BTGT
P19993,JA
P19994,VE_BTGT
P19995,VE_BTGT
P19996,CS_MG_NISM
P19997,PN_PIQ
P19998,CS_MG_NISM
P19999,PN_PIQ
P20000,PN_PIQ
P20001,PN_PIQ
P20002,PN_PIQ
P20003,PN_PIQ
P20005,PN_PIQ
P20006,BA_INT
P20007,VE_BTGT
P20008,VE_BTGT
P20009,JA
P20010,JA
P20011,VE_BTGT
P20012,VE_BTGT
P20013,VE_BTGT
P20014,VE_BTGT
P20015,VE_BTGT
P20017,BA_INT
P20018,VE_BTGT
P20019,VE_BTGT
P20020,VE_BTGT
P20023,VE_BTGT
P20024,BA_INT
P20025,MA_ROTA
P20026,MA_TO_CO_JA
P20027,MA_TO_CO_JA
P20028,MA_TO_CO_JA
P20029,MA_ROTA
P20030,MA_TO_CO_JA
P20031,CS_CGT_NIM
P20032,CS_CGT_NIM
P20033,PN_PIQ
P20034,CS_EGT_NIM
P20035,PN_PIQ
P20036,CS_EGT_NIM
P20037,PN_PIQ
P20038,PN_PIQ
P20039,CS_EGT_NIM
P20040,CS_EGT_NIM
P20041,CS_EGT_NIM
P20042,PN_PIQ
P20043,JA
P20044,CS_EGT_NIM
P20045,PN_PIQ
P20046,PN_PIQ
P20047,PN_PIQ
P20048,AG
P20050,PN_PIQ
P20051,JA
P20052,BC_GTMG
P20053,CS_NGT_NIM
P20054,CS_NGT_NIM
P20055,BC_GTMG
P20056,CS_NGT_NISM
P20057,PN_PIQ
P20058,CS_NGT_NIM
P20059,CS_NGT_NIM
P20060,CS_NGT_NIM
P20061,CS_NGT_NIM
P20062,CS_NGT_NIM
P20063,PN_PIQ
P20064,PN_PIQ
P20065,PN_PIQ
P20067,PN_PIQ
P20069,PN_PIQ
P20070,PN_PIQ
P20072,PN_PIQ
P20073,PN_PIQ
P20075,PN_PIQ
P20076,PN_PIQ
P20077,PN_PIQ
P20078,PN_PIQ
P20079,CS_NGT_NIM
P20080,CS_NGT_NISM
P20081,PN_PIQ
P20082,PN_PIQ
P20083,PN_PIQ
P20084,PN_PIQ
P20085,PN_PIQ
P20086,CS_MG_NISM
P20087,CS_MG_NISM
P20088,CS_MG_NISM
P20089,PN_PIQ
P20090,IG_PLA
P20091,CS_MG_NISM
P20092,CS_NGT_NIM
P20093,CS_NGT_NIM
P20094,PN_PIQ
P20095,CS_NGT_NIM
P20096,CS_NGT_NIM
P20097,CS_NGT_NIM
P20098,CS_NGT_NIM
P20099,CS_NGT_NIM
P20100,CS_NGT_NIM
P20101,CS_NGT_NIM
P20102,BC_GTMG
P20103,CS_NGT_NIM
P20104,CS_NGT_NIM
P20105,JA
P20106,BC_GTMG
P20107,CS_NGT_NIM
P20108,CS_NGT_NIM
P20109,CS_NGT_NIM
P20110,PN_PIQ
P20111,CS_NGT_NIM
P20112,CS_NGT_NIM
P20113,CS_NGT_NIM
P20114,CS_NGT_NIM
P20115,CS_NGT_NIM
P20118,CS_NGT_NIM
P20119,CS_NGT_NIM
P20120,CS_NGT_NIM
P20121,CS_NGT_NIM
P20122,CS_NGT_NISM
P20123,CS_NGT_NIM
P20124,CS_NGT_NIM
P20125,CS_NGT_NIM
P20126,PN_PIQ
P20127,CS_CGT_NIM
P20128,PN_PIQ
P20129,CS_EGT_NIM
P20130,CS_EGT_NISM
P20131,PN_PIQ
P20132,CS_CGT_NIM
P20133,PN_PIQ
P20134,CS_NGT_NIM
P20135,PN_PIQ
P20136,CS_NGT_NIM
P20137,CS_NGT_NISM
P20138,CS_EGT_NIM
P20139,CS_NGT_NIM
P20140,CS_NGT_NIM
P20141,CS_NGT_NIM
P20142,CS_NGT_NIM
P20143,CS_NGT_NIM
P20144,BC_GTMG
P20145,JA
P20146,CS_NGT_NIM
P20147,PN_PIQ
P20148,CS_NGT_NIM
P20149,PN_PIQ
P20150,PN_PIQ
P20151,PN_PIQ
P20152,PN_PIQ
P20153,PN_PIQ
P20154,PN_PIQ
P20155,CS_CGT_NIM
P20157,MA_TO_CO_JA
P20158,MA_TO_CO_JA
P20159,MA_TO_CO_JA
P20160,MA_TO_CO_JA
P20161,MA_TO_CO_JA
P20162,MA_TO_CO_JA
P20163,MA_ROTA
P20164,MA_ROTA
P20165,MA_TO_CO_JA
P20166,MA_TO_CO_JA
P20167,MA_TO_CO_JA
P20169,PN_PIQ
P20170,CS_EGT_NIM
P20171,IG_PLA
P20172,IG_PLA
P20174,CS_EGT_NIM
P20175,CS_EGT_NIM
P20176,IG_PLA
P20177,IG_PLA
P20178,PN_PIQ
P20179,CS_EGT_NIM
P20180,CS_EGT_NIM
P20181,IG_PLA
P20182,CS_EGT_NIM
P20183,CS_EGT_NIM
P20184,CS_EGT_NIM
P20185,IG_PLA
P20187,CS_EGT_NIM
P20188,CS_EGT_NIM
P20189,CS_EGT_NIM
P20190,CS_EGT_NIM
P20191,CS_EGT_NIM
P20192,PN_PIQ
P20194,BC_GTMG
P20195,BC_GTMG
P20196,JA
P20197,BC_GTMG
P20198,PN_PIQ
P20199,JA
P20201,BC_GTMG
P20202,PN_PIQ
P20203,PN_PIQ
P20204,PN_PIQ
P20205,CS_BT_NIM
P20206,PN_PIQ
P20208,JA
P20209,CS_BT_NIM
P20213,MA_TO_CO_JA
P20215,CS_BT_NIM
P20216,MA_ROTA
P20217,PN_PIQ
P20218,CS_EGT_NIM
P20219,CS_EGT_NIM
P20220,CS_BT_NIM
P20221,CS_BT_NIM
P20222,PN_PIQ
P20223,AN_PA
P20224,CS_BT_NIM
P20225,BC_BT
P20226,CS_BT_NIM
P20227,CS_BT_NIM
P20228,CS_BT_NIM
P20229,CS_BT_NIM
P20230,CS_BT_NIM
P20231,CS_BT_NIM
P20232,CS_BT_NIM
P20233,CS_BT_NIM
P20234,AG
P20235,JA
P20236,CS_BT_NIM
P20237,CS_BT_NIM
P20238,CS_BT_NIM
P20240,PN_PIQ
P20241,PN_PIQ
P20242,PN_PIQ
P20243,PN_PIQ
P20244,PN_PIQ
P20245,PN_PIQ
P20246,PN_PIQ
P20247,JA
P20248,PN_PIQ
P20250,PN_PIQ
P20252,JA
P20253,PN_PIQ
P20254,CS_MG_NISM
P20255,CS_MG_NISM
P20256,CS_MG_NISM
P20257,CS_MG_NISM
P20258,PN_PIQ
P20259,PN_PIQ
P20260,PN_PIQ
P20261,JA
P20262,PN_PIQ
P20264,CS_MG_NISM
P20265,CS_MG_NISM
P20266,CS_MG_NISM
P20267,PN_PIQ
P20268,CS_MG_NISM
P20269,CS_MG_NISM
P20270,CS_MG_NISM
P20271,CS_MG_NISM
P20272,CS_MG_NISM
P20273,CS_MG_NISM
P20274,JA
P20275,CS_MG_NISM
P20276,PN_PIQ
P20277,PN_PIQ
P20278,CS_MG_NISM
P20279,CS_MG_NISM
P20280,CS_MG_NISM
P20281,CS_MG_NISM
P20282,CS_MG_NISM
P20283,PN_PIQ
P20284,CS_MG_NISM
P20285,CS_MG_NISM
P20286,CS_MG_NISM
P20287,CS_MG_NISM
P20288,PN_PIQ
P20289,CS_MG_NISM
P20290,CS_MG_NISM
P20291,CS_MG_NISM
P20292,CS_MG_NISM
P20293,PN_PIQ
P20294,CS_MG_NISM
P20295,CS_MG_NISM
P20296,CS_MG_NISM
P20297,CS_MG_NISM
P20298,CS_MG_NISM
P20299,CS_MG_NISM
P20300,CS_MG_NISM
P20301,CS_MG_NISM
P20302,CS_MG_NISM
P20303,CS_MG_NISM
P20304,PN_PIQ
P20305,CS_MG_NISM
P20306,CS_MG_NISM
P20307,PN_PIQ
P20308,CS_MG_NISM
P20309,PN_PIQ
P20310,CS_MG_NISM
P20311,CS_MG_NISM
P20312,CS_MG_NISM
P20313,PN_PIQ
P20314,CS_MG_NISM
P20315,CS_MG_NISM
P20316,CS_MG_NISM
P20317,PN_PIQ
P20318,CS_MG_NISM
P20319,CS_MG_NISM
P20320,CS_MG_NISM
P20321,PN_PIQ
P20322,CS_MG_NISM
P20323,CS_MG_NISM
P20324,CS_MG_NISM
P20325,CS_MG_NISM
P20326,PN_PIQ
P20327,CS_MG_NISM
P20328,CS_MG_NISM
P20329,PN_PIQ
P20330,CS_MG_NISM
P20331,CS_MG_NISM
P20332,PN_PIQ
P20333,CS_MG_NISM
P20334,CS_MG_NISM
P20335,PN_PIQ
P20336,CS_MG_NISM
P20337,PN_PIQ
P20338,CS_MG_NISM
P20339,CS_MG_NISM
P20340,CS_MG_NISM
P20341,CS_MG_NISM
P20342,CS_MG_NISM
P20343,CS_MG_NISM
P20344,CS_MG_NISM
P20345,CS_MG_NISM
P20346,CS_MG_NISM
P20347,CS_MG_NISM
P20348,CS_MG_NISM
P20349,CS_MG_NISM
P20350,CS_MG_NISM
P20351,CS_MG_NISM
P20352,CS_MG_NISM
P20353,CS_MG_NISM
P20354,CS_MG_NISM
P20355,PN_PIQ
P20356,CS_MG_NISM
P20357,PN_PIQ
P20358,PN_PIQ
P20359,CS_MG_NISM
P20360,CS_MG_NISM
P20361,CS_MG_NISM
P20362,CS_MG_NISM
P20364,CS_MG_NISM
P20367,CS_MG_NISM
P20368,JA
P20370,CS_MG_NISM
P20371,CS_MG_NISM
P20372,CS_MG_NISM
P20373,CS_MG_NISM
P20374,CS_MG_NISM
P20375,MA_TO_CO_JA
P20376,CS_MG_NISM
P20377,CS_MG_NISM
P20378,CS_MG_NISM
P20379,CS_MG_NISM
P20380,CS_MG_NISM
P20381,CS_MG_NISM
P20382,CS_MG_NISM
P20383,CS_MG_NISM
P20384,CS_MG_NISM
P20385,CS_MG_NISM
P20386,CS_MG_NISM
P20387,CS_MG_NISM
P20388,CS_MG_NISM
P20389,CS_MG_NISM
P20390,CS_MG_NISM
P20391,CS_MG_NISM
P20392,CS_MG_NISM
P20393,CS_MG_NISM
P20394,CS_MG_NISM
P20395,CS_MG_NISM
P20396,JA
P20398,CS_MG_NISM
P20399,CS_MG_NISM
P20400,CS_MG_NISM
P20401,CS_MG_NISM
P20402,CS_MG_NISM
P20403,CS_MG_NISM
P20404,CS_MG_NISM
P20405,CS_MG_NISM
P20406,CS_MG_NISM
P20407,CS_MG_NISM
P20408,CS_MG_NISM
P20409,CS_MG_NISM
P20410,CS_MG_NISM
P20411,CS_MG_NISM
P20412,CS_MG_NISM
P20415,CS_MG_NISM
P20416,CS_MG_NISM
P20418,CS_MG_NISM
P20420,CS_MG_NISM
P20421,CS_MG_NISM
P20422,CS_MG_NISM
P20423,CS_MG_NISM
P20424,CS_MG_NISM
P20425,CS_MG_NISM
P20426,CS_MG_NISM
P20427,CS_MG_NISM
P20428,CS_MG_NISM
P20429,CS_MG_NISM
P20430,CS_MG_NISM
P20431,CS_MG_NISM
P20432,CS_MG_NISM
P20433,CS_MG_NISM
P20434,CS_MG_NISM
P20436,CS_MG_NISM
P20438,CS_MG_NISM
P20439,CS_MG_NISM
P20440,CS_MG_NISM
P20442,CS_MG_NISM
P20444,CS_MG_NISM
P20446,CS_MG_NISM
P20447,CS_MG_NISM
P20448,CS_MG_NISM
P20449,CS_MG_NISM
P20450,CS_MG_NISM
P20452,CS_MG_NISM
P20453,CS_MG_NISM
P20454,CS_MG_NISM
P20456,CS_MG_NISM
P20458,CS_MG_NISM
P20460,CS_MG_NISM
P20461,CS_MG_NISM
P20465,CS_MG_NISM
P20466,CS_MG_NISM
P20467,CS_MG_NISM
P20468,CS_MG_NISM
P20469,CS_MG_NISM
P20470,CS_MG_NISM
P20475,CS_MG_NISM
P20476,CS_NGT_NIM
P20477,PN_PIQ
P20478,PN_PIQ
P20479,CS_NGT_NIM
P20480,PN_PIQ
P20481,CS_NGT_NIM
P20482,CS_NGT_NIM
P20490,CS_NGT_NIM
P20494,PN_PIQ
P20496,CS_NGT_NIM
P20497,CS_NGT_NIM
P20498,CS_NGT_NIM
P20499,JA
P20500,VE_BTGT
P20501,BC_GTMG
P20502,PN_PIQ
P20503,CS_NGT_NIM
P20504,CS_NGT_NIM
P20505,PN_PIQ
P20506,PN_PIQ
P20507,PN_PIQ
P20508,PN_PIQ
P20509,PN_PIQ
P20510,CS_NGT_NIM
P20511,PN_PIQ
P20512,PN_PIQ
P20513,PN_PIQ
P20514,CS_NGT_NIM
P20515,CS_NGT_NIM
P20516,CS_NGT_NIM
P20517,CS_NGT_NIM
P20519,CS_NGT_NIM
P20520,CS_MG_NISM
P20521,CS_MG_NISM
P20522,CS_MG_NISM
P20523,CS_MG_NISM
P20524,CS_MG_NISM
P20525,CS_MG_NISM
P20526,CS_MG_NISM
P20527,CS_MG_NISM
P20528,CS_NGT_NISM
P20529,PN_PIQ
P20530,PN_PIQ
P20531,PN_PIQ
P20532,CS_NGT_NISM
P20533,PN_PIQ
P20534,PN_PIQ
P20535,CS_NGT_NIM
P20536,PN_PIQ
P20538,CS_NGT_NIM
P20539,CS_MG_NISM
P20540,ME
P20541,ME
P20542,ME
P20543,ME
P20544,ME
P20545,ME
P20546,ME
P20547,ME
P20548,CS_NGT_NIM
P20549,ME
P20550,CS_NGT_NIM
P20551,ME
P20552,ME
P20553,MA_TO_CO_JA
P20554,MA_TO_CO_JA
P20555,MA_TO_CO_JA
P20556,MA_TO_CO_JA
P20557,MA_TO_CO_JA
P20558,MA_TO_CO_JA
P20559,CS_BT_NIM
P20560,MA_TO_CO_JA
P20562,MA_TO_CO_JA
P20564,MA_TO_CO_JA
P20565,MA_TO_CO_JA
P20566,MA_TO_CO_JA
P20567,CS_EGT_NIM
P20568,CS_EGT_NIM
P20569,CS_EGT_NIM
P20570,CS_EGT_NIM
P20571,CS_EGT_NIM
P20572,PN_PIQ
P20573,PN_PIQ
P20574,PN_PIQ
P20575,PN_PIQ
P20576,JA
P20577,CS_EGT_NIM
P20578,CS_EGT_NIM
P20579,MA_TO_CO_JA
P20580,CS_EGT_NIM
P20581,CS_EGT_NIM
P20582,CS_EGT_NIM
P20583,MA_TO_CO_JA
P20584,CS_EGT_NIM
P20585,MA_TO_CO_JA
P20586,MA_TO_CO_JA
P20587,MA_TO_CO_JA
P20588,CS_EGT_NIM
P20589,BC_GTMG
P20590,BC_GTMG
P20591,CS_EGT_NIM
P20593,CS_EGT_NIM
P20594,CS_EGT_NIM
P20595,JA
P20596,CS_NGT_NIM
P20597,CS_NGT_NISM
P20598,CS_NGT_NIM
P20599,CS_NGT_NIM
P20600,CS_NGT_NIM
P20601,CS_NGT_NISM
P20602,PN_PIQ
P20603,CS_EGT_NIM
P20604,PN_PIQ
P20605,CS_EGT_NIM
P20606,PN_PIQ
P20607,CS_EGT_NIM
P20608,CS_NGT_NIM
P20609,CS_NGT_NIM
P20610,CS_NGT_NISM
P20611,CS_NGT_NISM
P20613,CS_NGT_NIM
P20614,CS_NGT_NIM
P20617,JA
P20618,CS_NGT_NIM
P20620,CS_NGT_NISM
P20621,CS_NGT_NIM
P20622,CS_NGT_NISM
P20623,CS_BT_NIM
P20624,BA_PER
P20626,BA_PER
P20627,BA_PER
P20628,BA_PER
P20630,BA_PER
P20631,BA_PER
P20632,BA_PER
P20633,BA_PER
P20634,BA_PER
P20635,BA_PER
P20636,BA_PER
P20637,CS_NGT_NIM
P20639,CS_NGT_NIM
P20640,CS_NGT_NIM
P20641,PN_PIQ
P20643,CS_NGT_NIM
P20644,MA_TO_CO_JA
P20645,MA_TO_CO_JA
P20646,MA_TO_CO_JA
P20648,MA_TO_CO_JA
P20649,MA_TO_CO_JA
P20650,MA_TO_CO_JA
P20651,MA_TO_CO_JA
P20652,CS_MG_NISM
P20653,PN_PIQ
P20654,PN_PIQ
P20655,PN_PIQ
P20656,PN_PIQ
P20657,PN_PIQ
P20658,CS_NGT_NIM
P20659,CS_NGT_NIM
P20660,CS_NGT_NIM
P20661,PN_PIQ
P20662,PN_PIQ
P20663,CS_NGT_NIM
P20664,PN_PIQ
P20665,PN_PIQ
P20666,PN_PIQ
P20667,PN_PIQ
P20668,PN_PIQ
P20669,CS_NGT_NIM
P20670,CS_NGT_NIM
P20671,CS_NGT_NIM
P20673,BC_GTMG
P20675,BC_GTMG
P20676,BC_GTMG
P20677,JA
P20678,CS_EGT_NIM
P20679,PN_PIQ
P20680,CS_EGT_NIM
P20681,CS_EGT_NIM
P20682,PN_PIQ
P20683,PN_PIQ
P20684,PN_PIQ
P20685,PN_PIQ
P20686,PN_PIQ
P20687,CS_BT_NIM
P20688,CS_BT_NIM
P20689,CS_EGT_NIM
P20690,CS_EGT_NIM
P20691,PN_PIQ
P20692,PN_PIQ
P20693,PN_PIQ
P20694,PN_PIQ
P20695,PN_PIQ
P20696,PN_PIQ
P20697,MA_TO_CO_JA
P20698,MA_TO_CO_JA
P20699,CS_NGT_NIM
P20700,MA_TO_CO_JA
P20701,MA_TO_CO_JA
P20702,PN_PIQ
P20704,PN_PIQ
P20705,PN_PIQ
P20706,PN_PIQ
P20708,PN_PIQ
P20709,MA_TO_CO_JA
P20710,CS_NGT_NIM
P20711,MA_TO_CO_JA
P20712,CS_NGT_NIM
P20713,CS_NGT_NIM
P20714,CS_NGT_NIM
P20715,VE_BTGT
P20716,PN_PIQ
P20717,CS_NGT_NIM
P20720,CS_NGT_NIM
P20721,CS_NGT_NIM
P20722,JA
P20723,PN_PIQ
P20724,BC_GTMG
P20725,PN_PIQ
P20726,JA
P20727,CS_NGT_NISM
P20728,CS_NGT_NISM
P20729,PN_PIQ
P20730,PN_PIQ
P20731,MA_TO_CO_JA
P20732,CS_BT_NIM
P20733,CS_BT_NIM
P20734,CS_BT_NIM
P20735,CS_BT_NIM
P20736,MA_TO_CO_JA
P20737,MA_TO_CO_JA
P20738,MA_TO_CO_JA
P20741,MA_TO_CO_JA
P20742,JA
P20743,CS_CGT_NIM
P20744,CS_CGT_NIM
P20745,VE_BTGT
P20746,BC_GTMG
P20747,CS_CGT_NIM
P20748,CS_CGT_NIM
P20752,CS_CGT_NIM
P20753,CS_CGT_NISM
P20754,VE_BTGT
P20755,CS_CGT_NIM
P20757,CS_CGT_NIM
P20758,PN_PIQ
P20759,CS_CGT_NIM
P20760,CS_CGT_NIM
P20761,CS_CGT_NIM
P20763,PN_PIQ
P20765,PN_PIQ
P20766,PN_PIQ
P20767,PN_PIQ
P20768,PN_PIQ
P20769,CS_EGT_NIM
P20770,PN_PIQ
P20771,CS_NGT_NIM
P20772,PN_PIQ
P20773,CS_EGT_NIM
P20774,CS_EGT_NIM
P20775,PN_PIQ
P20776,CS_MG_NISM
P20777,CS_MG_NISM
P20778,MA_ROTA
P20779,PN_PIQ
P20780,CS_NGT_NIM
P20781,CS_NGT_NIM
P20782,CS_NGT_NIM
P20783,PN_PIQ
P20784,PN_PIQ
P20785,PN_PIQ
P20786,PN_PIQ
P20787,PN_PIQ
P20788,PN_PIQ
P20789,PN_PIQ
P20790,PN_PIQ
P20791,PN_PIQ
P20792,CS_NGT_NIM
P20793,ME
P20794,ME
P20795,ME
P20796,ME
P20797,CS_NGT_NIM
P20798,ME
P20800,ME
P20801,ME
P20802,ME
P20803,CS_NGT_NIM
P20804,ME
P20805,ME
P20806,ME
P20807,CS_NGT_NIM
P20808,CS_SBT_NIM
P20809,MA_ROTA
P20810,BA_PER
P20811,BA_PER
P20812,BA_PER
P20813,BA_INT
P20814,BA_INT
P20815,JA
P20816,CS_MG_NISM
P20817,CS_MG_NISM
P20818,CS_MG_NISM
P20819,CS_BT_NIM
P20820,PN_PIQ
P20821,PN_PIQ
P20822,PN_PIQ
P20823,PN_PIQ
P20824,PN_PIQ
P20825,JA
P20826,PN_PIQ
P20827,PN_PIQ
P20828,BC_GTMG
P20829,CS_EGT_NIM
P20830,CS_EGT_NIM
P20831,MA_TO_CO_JA
P20832,MA_TO_CO_JA
P20833,VE_BTGT
P20834,CS_BT_NIM
P20835,CS_BT_NIM
P20836,CS_BT_NIM
P20837,PN_PIQ
P20838,CS_BT_NIM
P20839,CS_BT_NIM
P20840,CS_BT_NIM
P20841,JA
P20842,CS_BT_NIM
P20844,CS_BT_NIM
P20845,CS_BT_NIM
P20846,CS_BT_NIM
P20847,CS_BT_NIM
P20848,CS_BT_NIM
P20849,PN_PIQ
P20850,CS_BT_NIM
P20851,CS_NGT_NIM
P20852,CS_NGT_NIM
P20853,CS_NGT_NIM
P20854,CS_NGT_NIM
P20856,VE_BTGT
P20857,PN_PIQ
P20858,CS_NGT_NIM
P20859,CS_NGT_NIM
P20860,PN_PIQ
P20861,CS_NGT_NISM
P20862,PN_PIQ
P20863,PN_PIQ
P20864,PN_PIQ
P20865,PN_PIQ
P20866,PN_PIQ
P20867,PN_PIQ
P20868,PN_PIQ
P20869,PN_PIQ
P20870,PN_PIQ
P20871,PN_PIQ
P20872,PN_PIQ
P20873,PN_PIQ
P20874,PN_PIQ
P20875,PN_PIQ
P20876,PN_PIQ
P20880,CS_MG_NISM
P20881,CS_MG_NISM
P20882,CS_EGT_NIM
P20883,PN_PIQ
P20884,CS_EGT_NIM
P20885,PN_PIQ
P20886,CS_EGT_NIM
P20887,CS_NGT_NIM
P20888,CS_NGT_NIM
P20889,CS_NGT_NIM
P20890,CS_NGT_NIM
P20891,CS_EGT_NIM
P20892,CS_EGT_NIM
P20893,PN_PIQ
P20894,PN_PIQ
P20895,VE_BTGT
P20896,CS_BT_NIM
P20897,CS_BT_NIM
P20898,CS_BT_NIM
P20899,CS_BT_NIM
P20900,CS_BT_NIM
P20901,CS_BT_NIM
P20902,CS_BT_NIM
P20903,CS_NGT_NIM
P20904,CS_NGT_NIM
P20905,ME
P20906,CS_NGT_NIM
P20907,CS_NGT_NIM
P20908,ME
P20909,CS_NGT_NIM
P20910,CS_NGT_NIM
P20911,ME
P20912,ME
P20913,CS_NGT_NIM
P20914,CS_BT_NIM
P20915,PN_PIQ
P20917,PN_PIQ
P20918,JA
P20919,PN_PIQ
P20920,PN_PIQ
P20921,PN_PIQ
P20922,CS_BT_NIM
P20924,CS_BT_NIM
P20925,CS_BT_NISM
P20926,CS_BT_NIM
P20927,PN_PIQ
P20928,CS_BT_NIM
P20929,CS_NGT_NIM
P20930,CS_NGT_NIM
P20931,JA
P20932,BC_GTMG
P20933,CS_NGT_NIM
P20934,BC_GTMG
P20935,CS_NGT_NIM
P20936,JA
P20937,CS_BT_NIM
P20939,PN_PIQ
P20940,MA_TO_CO_JA
P20942,MA_TO_CO_JA
P20946,PN_PIQ
P20947,PN_PIQ
P20948,MA_ROTA
P20949,MA_ROTA
P20950,MA_ROTA
P20951,CS_EGT_NIM
P20952,MA_TO_CO_JA
P20954,MA_TO_CO_JA
P20955,CS_EGT_NIM
P20956,CS_BT_NIM
P20957,CS_BT_NIM
P20958,CS_BT_NIM
P20959,CS_BT_NIM
P20960,MA_ROTA
P20961,CS_BT_NIM
P20962,CS_BT_NIM
P20963,CS_BT_NIM
P20964,CS_BT_NIM
P20965,CS_BT_NIM
P20966,CS_BT_NIM
P20967,CS_BT_NIM
P20968,AG
P20969,BC_GTMG
P20970,CS_NGT_NIM
P20971,CS_NGT_NIM
P20972,CS_NGT_NIM
P20973,CS_NGT_NIM
P20974,PN_PIQ
P20975,CS_NGT_NIM
P20976,CS_NGT_NIM
P20977,CS_NGT_NIM
P20978,CS_NGT_NIM
P20979,CS_NGT_NIM
P20980,CS_NGT_NIM
P20981,JA
P20982,CS_NGT_NIM
P20983,ME
P20984,CS_NGT_NIM
P20986,CS_NGT_NIM
P20987,ME
P20988,CS_NGT_NISM
P20989,ME
P20990,CS_NGT_NISM
P20992,CS_MG_NISM
P20993,CS_MG_NISM
P20994,PN_PIQ
P20995,CS_MG_NISM
P20996,CS_MG_NISM
P20997,CS_MG_NISM
P20998,JA
P20999,PN_PIQ
P21000,CS_MG_NISM
P21001,CS_MG_NISM
P21002,CS_MG_NISM
P21003,PN_PIQ
P21004,CS_MG_NISM
P21005,PN_PIQ
P21006,PN_PIQ
P21007,CS_MG_NISM
P21008,CS_MG_NISM
P21009,PN_PIQ
P21010,CS_MG_NISM
P21011,PN_PIQ
P21012,CS_MG_NISM
P21013,PN_PIQ
P21014,PN_PIQ
P21015,CS_MG_NISM
P21016,CS_MG_NISM
P21017,PN_PIQ
P21018,PN_PIQ
P21019,CS_MG_NISM
P21020,PN_PIQ
P21021,CS_MG_NISM
P21022,MA_TO_CO_JA
P21023,CS_MG_NISM
P21024,CS_MG_NISM
P21025,CS_MG_NISM
P21026,CS_MG_NISM
P21027,CS_MG_NISM
P21028,CS_MG_NISM
P21029,CS_MG_NISM
P21030,ME
P21031,MA_TO_CO_JA
P21033,CS_MG_NISM
P21034,MA_TO_CO_JA
P21035,MA_TO_CO_JA
P21036,AG
P21037,CS_MG_NISM
P21038,CS_MG_NISM
P21039,CS_MG_NISM
P21040,CS_MG_NISM
P21041,CS_MG_NISM
P21042,CS_MG_NISM
P21043,CS_MG_NISM
P21044,PN_PIQ
P21045,CS_MG_NISM
P21046,CS_BT_NIM
P21047,CS_BT_NIM
P21048,JA
P21049,CS_BT_NIM
P21050,CS_BT_NIM
P21051,CS_BT_NIM
P21052,CS_BT_NIM
P21053,CS_BT_NIM
P21054,CS_BT_NIM
P21055,CS_BT_NIM
P21056,CS_BT_NIM
P21057,CS_BT_NIM
P21058,CS_BT_NIM
P21059,CS_BT_NIM
P21060,CS_BT_NIM
P21061,CS_BT_NIM
P21062,AN_PA
P21063,CS_BT_NIM
P21064,JA
P21066,CS_BT_NIM
P21067,CS_BT_NIM
P21068,CS_BT_NIM
P21069,CS_BT_NIM
P21070,CS_BT_NIM
P21071,CS_BT_NIM
P21072,CS_BT_NIM
P21073,CS_BT_NIM
P21074,CS_BT_NIM
P21075,CS_BT_NIM
P21076,CS_BT_NIM
P21077,CS_BT_NIM
P21078,CS_BT_NIM
P21079,CS_BT_NIM
P21080,CS_BT_NIM
P21081,CS_BT_NIM
P21082,CS_BT_NIM
P21083,CS_SBT_NIM
P21084,CS_SBT_NIM
P21085,BC_BT
P21086,CS_SBT_NIM
P21087,JA
P21088,CS_SBT_NIM
P21089,CS_BT_NIM
P21090,JA
P21091,CS_MG_NISM
P21092,CS_MG_NISM
P21093,CS_MG_NISM
P21094,CS_MG_NISM
P21095,CS_MG_NISM
P21096,CS_MG_NISM
P21097,CS_MG_NISM
P21098,PN_PIQ
P21099,CS_MG_NISM
P21100,PN_PIQ
P21101,CS_MG_NISM
P21102,CS_MG_NISM
P21103,CS_MG_NISM
P21104,CS_NGT_NIM
P21105,MA_ROTA
P21106,CS_NGT_NIM
P21107,CS_NGT_NIM
P21108,CS_NGT_NIM
P21109,IG_TUT
P21110,PN_PIQ
P21112,CS_NGT_NISM
P21113,CS_NGT_NISM
P21114,PN_PIQ
P21116,CS_NGT_NIM
P21117,CS_NGT_NIM
P21118,CS_NGT_NIM
P21119,PN_PIQ
P21120,PN_PIQ
P21121,CS_NGT_NIM
P21122,CS_NGT_NIM
P21123,CS_BT_NIM
P21129,CS_BT_NIM
P21130,CS_BT_NIM
P21131,CS_BT_NIM
P21132,CS_BT_NIM
P21133,CS_EGT_NIM
P21134,CS_EGT_NIM
P21135,CS_EGT_NIM
P21136,CS_NGT_NISM
P21137,CS_NGT_NISM
P21138,CS_NGT_NIM
P21139,CS_NGT_NIM
P21140,CS_NGT_NIM
P21141,CS_MG_NISM
P21142,CS_SBT_NIM
P21143,JA
P21144,JA
P21145,BA_INT
P21146,BA_INT
P21147,CS_SBT_NIM
P21148,BA_INT
P21149,BA_INT
P21150,BA_INT
P21151,CS_NGT_NIM
P21152,CS_NGT_NIM
P21153,CS_NGT_NIM
P21154,CS_NGT_NISM
P21157,BC_BT
P21158,PN_PIQ
P21160,PN_PIQ
P21161,MA_ROTA
P21162,MA_TO_CO_JA
P21165,CS_BT_NIM
P21166,PN_PIQ
P21167,CS_MG_NISM
P21168,CS_MG_NISM
P21169,CS_MG_NISM
P21170,CS_MG_NISM
P21171,CS_MG_NISM
P21172,CS_MG_NISM
P21173,CS_MG_NISM
P21174,PN_PIQ
P21175,CS_MG_NISM
P21176,CS_MG_NISM
P21177,CS_MG_NISM
P21178,CS_MG_NISM
P21179,CS_MG_NISM
P21180,CS_MG_NISM
P21181,CS_MG_NISM
P21182,CS_MG_NISM
P21183,JA
P21184,PN_PIQ
P21185,CS_MG_NISM
P21186,CS_MG_NISM
P21187,CS_MG_NISM
P21188,CS_MG_NISM
P21189,CS_MG_NISM
P21190,CS_MG_NISM
P21191,CS_MG_NISM
P21192,CS_MG_NISM
P21193,PN_PIQ
P21194,PN_PIQ
P21195,CS_MG_NISM
P21196,CS_MG_NISM
P21197,PN_PIQ
P21198,CS_MG_NISM
P21199,PN_PIQ
P21200,PN_PIQ
P21201,JA
P21202,PN_PIQ
P21203,PN_PIQ
P21204,PN_PIQ
P21205,CS_CGT_NIM
P21206,CS_CGT_NIM
P21207,PN_PIQ
P21208,PN_PIQ
P21209,PN_PIQ
P21210,PN_PIQ
P21211,BA_INT
P21212,JA
P21213,BA_INT
P21214,BA_INT
P21215,CS_SBT_NIM
P21216,BA_INT
P21217,BA_INT
P21218,BA_INT
P21219,JA
P21220,CS_SBT_NIM
P21221,BA_INT
P21222,PN_PIQ
P21223,MA_ROTA
P21224,PN_PIQ
P21225,MA_ROTA
P21226,MA_ROTA
P21227,CS_BT_NIM
P21228,PN_PIQ
P21229,CS_BT_NIM
P21230,CS_BT_NIM
P21231,MA_TO_CO_JA
P21232,CS_BT_NIM
P21233,CS_BT_NIM
P21234,CS_BT_NIM
P21235,CS_BT_NIM
P21236,CS_BT_NIM
P21237,CS_BT_NIM
P21238,CS_BT_NIM
P21239,CS_BT_NIM
P21240,CS_BT_NIM
P21241,CS_BT_NIM
P21242,CS_BT_NIM
P21243,CS_BT_NIM
P21244,CS_BT_NISM
P21245,PN_PIQ
P21246,CS_BT_NIM
P21247,CS_BT_NIM
P21248,PN_PIQ
P21249,CS_BT_NIM
P21250,PN_PIQ
P21251,CS_BT_NIM
P21252,PN_PIQ
P21253,PN_PIQ
P21254,PN_PIQ
P21255,PN_PIQ
P21256,PN_PIQ
P21257,PN_PIQ
P21258,PN_PIQ
P21259,PN_PIQ
P21260,PN_PIQ
P21261,PN_PIQ
P21263,PN_PIQ
P21264,PN_PIQ
P21265,PN_PIQ
P21266,PN_PIQ
P21267,PN_PIQ
P21268,CS_EGT_NIM
P21269,CS_EGT_NIM
P21270,PN_PIQ
P21271,PN_PIQ
P21272,PN_PIQ
P21273,PN_PIQ
P21274,PN_PIQ
P21275,PN_PIQ
P21276,PN_PIQ
P21277,PN_PIQ
P21278,PN_PIQ
P21279,MA_ROTA
P21280,MA_ROTA
P21282,CS_BT_NIM
P21283,BC_BT
P21284,JA
P21285,BC_BT
P21286,CS_BT_NIM
P21287,CS_BT_NIM
P21288,MA_ROTA
P21289,MA_ROTA
P21290,MA_ROTA
P21291,MA_ROTA
P21294,MA_TO_CO_JA
P21295,MA_TO_CO_JA
P21296,CS_EGT_NIM
P21297,CS_EGT_NIM
P21298,CS_EGT_NIM
P21299,CS_EGT_NIM
P21301,PN_PIQ
P21302,JA
P21303,PN_PIQ
P21304,PN_PIQ
P21305,CS_SBT_NIM
P21306,CS_SBT_NIM
P21307,MA_ROTA
P21308,MA_ROTA
P21309,MA_ROTA
P21310,MA_TO_CO_JA
P21311,MA_TO_CO_JA
P21312,MA_TO_CO_JA
P21313,MA_TO_CO_JA
P21314,MA_TO_CO_JA
P21315,MA_TO_CO_JA
P21316,MA_TO_CO_JA
P21317,MA_TO_CO_JA
P21318,CS_EGT_NIM
P21319,PN_PIQ
P21320,CS_MG_NISM
P21321,CS_MG_NISM
P21322,PN_PIQ
P21323,CS_MG_NISM
P21324,CS_MG_NISM
P21325,CS_EGT_NISM
P21326,CS_EGT_NISM
P21327,CS_CGT_NIM
P21329,CS_EGT_NIM
P21330,JA
P21331,CS_EGT_NIM
P21332,CS_EGT_NIM
P21333,CS_EGT_NIM
P21334,CS_EGT_NISM
P21335,JA
P21336,CS_EGT_NIM
P21337,CS_EGT_NIM
P21338,PN_PIQ
P21339,JA
P21342,PN_PIQ
P21343,CS_EGT_NIM
P21344,CS_EGT_NIM
P21345,CS_EGT_NIM
P21346,PN_PIQ
P21347,CS_CGT_NIM
P21348,CS_EGT_NIM
P21349,VE_BTGT
P21350,CS_NGT_NIM
P21351,CS_NGT_NISM
P21352,PN_PIQ
P21353,CS_EGT_NIM
P21354,PN_PIQ
P21355,CS_EGT_NIM
P21356,CS_EGT_NIM
P21357,CS_EGT_NIM
P21359,CS_NGT_NIM
P21360,CS_NGT_NIM
P21361,CS_NGT_NIM
P21362,CS_NGT_NIM
P21363,BC_GTMG
P21364,CS_NGT_NIM
P21365,BC_GTMG
P21366,PN_PIQ
P21367,CS_NGT_NIM
P21368,CS_NGT_NIM
P21369,JA
P21370,PN_PIQ
P21371,PN_PIQ
P21372,PN_PIQ
P21373,JA
P21374,CS_MG_NISM
P21375,CS_MG_NISM
P21376,CS_MG_NISM
P21377,CS_MG_NISM
P21378,PN_PIQ
P21379,PN_PIQ
P21380,PN_PIQ
P21381,PN_PIQ
P21382,PN_PIQ
P21383,CS_EGT_NIM
P21384,CS_EGT_NIM
P21385,CS_EGT_NIM
P21386,CS_MG_NISM
P21387,PN_PIQ
P21388,CS_MG_NISM
P21389,CS_MG_NISM
P21390,CS_MG_NISM
P21391,CS_MG_NISM
P21392,PN_PIQ
P21393,PN_PIQ
P21394,CS_MG_NISM
P21395,PN_PIQ
P21397,CS_BT_NIM
P21398,MA_TO_CO_JA
P21402,CS_BT_NIM
P21403,CS_BT_NIM
P21404,MA_TO_CO_JA
P21405,CS_BT_NIM
P21407,MA_TO_CO_JA
P21408,CS_BT_NIM
P21410,PN_PIQ
P21411,CS_NGT_NISM
P21412,PN_PIQ
P21413,CS_NGT_NIM
P21414,CS_NGT_NIM
P21415,CS_NGT_NIM
P21417,PN_PIQ
P21418,PN_PIQ
P21419,PN_PIQ
P21421,CS_NGT_NISM
P21422,CS_NGT_NIM
P21423,CS_NGT_NIM
P21424,CS_NGT_NIM
P21425,VE_BTGT
P21426,PN_PIQ
P21427,CS_NGT_NIM
P21428,CS_NGT_NIM
P21429,PN_PIQ
P21430,CS_SBT_NIM
P21431,CS_SBT_NIM
P21432,MA_TO_CO_JA
P21434,CS_SBT_NIM
P21435,CS_SBT_NIM
P21437,CS_SBT_NIM
P21438,CS_SBT_NIM
P21441,MA_ROTA
P21442,MA_ROTA
P21443,PN_PIQ
P21444,CS_MG_NISM
P21445,CS_MG_NISM
P21446,CS_MG_NISM
P21447,PN_PIQ
P21448,CS_MG_NISM
P21449,CS_MG_NISM
P21450,CS_MG_NISM
P21451,CS_MG_NISM
P21452,PN_PIQ
P21453,CS_MG_NISM
P21454,JA
P21455,CS_MG_NISM
P21456,PN_PIQ
P21458,PN_PIQ
P21459,PN_PIQ
P21460,CS_BT_NIM
P21461,PN_PIQ
P21462,PN_PIQ
P21463,CS_CGT_NIM
P21465,PN_PIQ
P21466,PN_PIQ
P21467,CS_CGT_NIM
P21468,CS_CGT_NIM
P21469,CS_EGT_NIM
P21470,JA
P21471,BC_GTMG
P21472,BC_GTMG
P21473,PN_PIQ
P21474,MA_TO_CO_JA
P21475,PN_PIQ
P21476,PN_PIQ
P21477,PN_PIQ
P21478,PN_PIQ
P21479,CS_EGT_NIM
P21480,PN_PIQ
P21483,MA_TO_CO_JA
P21484,BC_BT
P21486,MA_TO_CO_JA
P21487,PN_PIQ
P21488,PN_PIQ
P21489,PN_PIQ
P21490,PN_PIQ
P21491,CS_MG_NISM
P21492,CS_MG_NISM
P21493,JA
P21494,CS_MG_NISM
P21495,CS_MG_NISM
P21496,CS_MG_NISM
P21497,CS_MG_NISM
P21498,CS_MG_NISM
P21499,PN_PIQ
P21500,CS_MG_NISM
P21501,CS_MG_NISM
P21502,CS_MG_NISM
P21503,CS_MG_NISM
P21504,CS_MG_NISM
P21505,PN_PIQ
P21506,PN_PIQ
P21507,CS_EGT_NIM
P21508,PN_PIQ
P21509,PN_PIQ
P21510,PN_PIQ
P21511,PN_PIQ
P21512,PN_PIQ
P21513,PN_PIQ
P21514,PN_PIQ
P21515,PN_PIQ
P21516,CS_NGT_NIM
P21517,CS_NGT_NIM
P21518,CS_NGT_NIM
P21519,CS_NGT_NIM
P21520,CS_NGT_NIM
P21521,CS_NGT_NIM
P21522,CS_NGT_NIM
P21523,ME
P21525,BA_PER
P21526,BA_PER
P21528,BA_PER
P21529,VE_BTGT
P21530,BA_PER
P21531,BA_PER
P21533,BA_INT
P21534,BA_IRR
P21535,JA
P21536,JA
P21537,BA_INT
P21539,VE_BTGT
P21540,VE_BTGT
P21541,BA_INT
P21542,VE_BTGT
P21543,VE_BTGT
P21545,BA_INT
P21546,BA_INT
P21547,BA_INT
P21548,VE_BTGT
P21549,VE_BTGT
P21551,JA
P21552,VE_BTGT
P21553,VE_BTGT
P21554,BA_SINT
P21555,BA_PER
P21556,BA_SINT
P21557,BA_PER
P21558,BA_PER
P21559,JA
P21560,BA_INT
P21561,BA_INT
P21562,BA_PER
P21563,BA_INT
P21566,BA_PER
P21567,BA_PER
P21568,MA_TO_CO_JA
P21569,CS_MG_NISM
P21570,CS_MG_NISM
P21571,CS_MG_NISM
P21572,PN_PIQ
P21573,PN_PIQ
P21574,PN_PIQ
P21575,PN_PIQ
P21576,CS_MG_NISM
P21577,CS_MG_NISM
P21578,PN_PIQ
P21579,PN_PIQ
P21580,CS_MG_NISM
P21581,CS_MG_NISM
P21582,CS_MG_NISM
P21583,CS_MG_NISM
P21584,PN_PIQ
P21585,CS_MG_NISM
P21586,PN_PIQ
P21587,PN_PIQ
P21588,PN_PIQ
P21589,PN_PIQ
P21590,CS_MG_NISM
P21591,CS_MG_NISM
P21592,CS_MG_NISM
P21593,CS_MG_NISM
P21594,CS_MG_NISM
P21595,PN_PIQ
P21596,CS_MG_NISM
P21597,PN_PIQ
P21598,CS_MG_NISM
P21599,PN_PIQ
P21600,PN_PIQ
P21601,PN_PIQ
P21602,PN_PIQ
P21603,PN_PIQ
P21604,CS_MG_NISM
P21605,CS_MG_NISM
P21606,CS_EGT_NIM
P21607,CS_EGT_NIM
P21608,MA_ROTA
P21609,MA_ROTA
P21611,MA_TO_CO_JA
P21612,MA_ROTA
P21613,MA_TO_CO_JA
P21614,MA_ROTA
P21615,MA_TO_CO_JA
P21616,MA_TO_CO_JA
P21617,MA_ROTA
P21618,MA_TO_CO_JA
P21619,CS_MG_NISM
P21620,CS_MG_NISM
P21621,CS_MG_NISM
P21622,PN_PIQ
P21623,CS_EGT_NIM
P21624,CS_MG_NISM
P21625,CS_MG_NISM
P21626,CS_MG_NISM
P21627,PN_PIQ
P21628,PN_PIQ
P21629,PN_PIQ
P21630,CS_MG_NISM
P21631,PN_PIQ
P21633,CS_MG_NISM
P21634,CS_MG_NISM
P21635,CS_MG_NISM
P21636,CS_MG_NISM
P21637,PN_PIQ
P21638,CS_MG_NISM
P21640,PN_PIQ
P21641,PN_PIQ
P21642,PN_PIQ
P21643,CS_EGT_NIM
P21644,VE_BTGT
P21645,CS_EGT_NIM
P21646,CS_EGT_NIM
P21647,CS_EGT_NIM
P21648,VE_BTGT
P21649,PN_PIQ
P21650,CS_MG_NISM
P21651,CS_MG_NISM
P21652,CS_MG_NISM
P21653,CS_MG_NISM
P21654,CS_MG_NISM
P21655,PN_PIQ
P21656,CS_MG_NISM
P21657,CS_NGT_NIM
P21658,CS_NGT_NIM
P21659,CS_NGT_NISM
P21660,VE_BTGT
P21661,CS_NGT_NIM
P21662,CS_NGT_NIM
P21663,CS_NGT_NIM
P21664,PN_PIQ
P21666,PN_PIQ
P21668,MA_TO_CO_JA
P21669,PN_PIQ
P21670,PN_PIQ
P21671,PN_PIQ
P21672,PN_PIQ
P21673,JA
P21674,PN_PIQ
P21675,PN_PIQ
P21676,BC_GTMG
P21677,PN_PIQ
P21678,PN_PIQ
P21679,CS_NGT_NIM
P21680,BC_GTMG
P21681,CS_NGT_NIM
P21682,CS_NGT_NIM
P21683,CS_NGT_NIM
P21684,JA
P21685,BC_GTMG
P21686,CS_MG_NISM
P21687,CS_MG_NISM
P21688,CS_MG_NISM
P21689,CS_BT_NIM
P21690,CS_BT_NIM
P21691,MA_TO_CO_JA
P21692,MA_TO_CO_JA
P21693,CS_CGT_NIM
P21694,CS_CGT_NIM
P21695,CS_CGT_NIM
P21696,CS_CGT_NIM
P21697,CS_CGT_NIM
P21698,CS_NGT_NIM
P21699,CS_NGT_NIM
P21700,CS_NGT_NIM
P21701,CS_NGT_NIM
P21702,JA
P21703,CS_NGT_NIM
P21704,CS_NGT_NIM
P21705,PN_PIQ
P21706,CS_NGT_NIM
P21707,CS_NGT_NIM
P21708,PN_PIQ
P21709,BC_GTMG
P21712,CS_NGT_NIM
P21713,CS_NGT_NIM
P21714,CS_NGT_NIM
P21717,BC_GTMG
P21718,CS_NGT_NIM
P21720,BC_GTMG
P21721,BC_GTMG
P21722,JA
P21723,PN_PIQ
P21725,CS_NGT_NIM
P21727,CS_NGT_NIM
P21728,CS_NGT_NIM
P21729,CS_NGT_NIM
P21730,CS_NGT_NIM
P21731,PN_PIQ
P21732,PN_PIQ
P21733,PN_PIQ
P21734,CS_NGT_NIM
P21735,CS_NGT_NIM
P21736,CS_NGT_NIM
P21738,PN_PIQ
P21739,PN_PIQ
P21740,CS_BT_NIM
P21741,MA_TO_CO_JA
P21742,MA_TO_CO_JA
P21743,MA_TO_CO_JA
P21744,CS_BT_NIM
P21746,CS_BT_NIM
P21747,CS_BT_NIM
P21748,CS_BT_NIM
P21750,CS_NGT_NIM
P21751,CS_NGT_NIM
P21753,CS_NGT_NIM
P21754,PN_PIQ
P21755,BC_GTMG
P21756,JA
P21757,PN_PIQ
P21758,PN_PIQ
P21759,PN_PIQ
P21760,PN_PIQ
P21761,BC_GTMG
P21762,PN_PIQ
P21763,CS_BT_NIM
P21765,MA_ROTA
P21766,CS_BT_NIM
P21767,CS_BT_NIM
P21768,CS_BT_NIM
P21769,CS_BT_NIM
P21770,MA_TO_CO_JA
P21771,MA_TO_CO_JA
P21772,MA_TO_CO_JA
P21773,MA_TO_CO_JA
P21775,MA_TO_CO_JA
P21776,ME
P21777,MA_TO_CO_JA
P21778,MA_TO_CO_JA
P21780,MA_TO_CO_JA
P21781,CS_EGT_NIM
P21782,PN_PIQ
P21783,CS_EGT_NISM
P21785,CS_BT_NIM
P21786,CS_BT_NIM
P21787,CS_BT_NIM
P21788,CS_BT_NIM
P21789,CS_BT_NIM
P21790,CS_BT_NIM
P21791,CS_BT_NIM
P21792,CS_BT_NIM
P21794,CS_EGT_NIM
P21796,MA_TO_CO_JA
P21797,MA_ROTA
P21798,CS_EGT_NIM
P21799,CS_BT_NIM
P21800,CS_BT_NIM
P21801,CS_EGT_NIM
P21802,PN_PIQ
P21803,CS_BT_NIM
P21804,CS_BT_NIM
P21805,CS_BT_NIM
P21806,JA
P21807,MA_TO_CO_JA
P21808,CS_BT_NIM
P21810,CS_BT_NIM
P21811,PN_PIQ
P21812,CS_NGT_NIM
P21813,JA
P21814,JA
P21815,PN_PIQ
P21816,PN_PIQ
P21817,CS_NGT_NISM
P21818,CS_NGT_NISM
P21819,CS_NGT_NISM
P21820,PN_PIQ
P21821,CS_NGT_NIM
P21822,PN_PIQ
P21823,CS_BT_NIM
P21824,JA
P21825,CS_BT_NIM
P21826,PN_PIQ
P21827,CS_BT_NISM
P21829,CS_BT_NIM
P21830,PN_PIQ
P21831,PN_PIQ
P21832,PN_PIQ
P21833,PN_PIQ
P21834,AN_PA
P21835,CS_BT_NIM
P21836,CS_BT_NIM
P21837,CS_BT_NIM
P21838,AN_PA
P21839,CS_BT_NIM
P21840,CS_BT_NIM
P21841,CS_EGT_NIM
P21842,PN_PIQ
P21843,PN_PIQ
P21844,CS_MG_NISM
P21845,PN_PIQ
P21846,CS_MG_NISM
P21847,PN_PIQ
P21848,PN_PIQ
P21849,BC_GTMG
P21850,BC_GTMG
P21851,JA
P21852,IG_PLA
P21853,JA
P21854,IG_PLA
P21855,JA
P21856,MA_TO_CO_JA
P21857,CS_BT_NIM
P21858,JA
P21859,MA_TO_CO_JA
P21860,CS_BT_NIM
P21861,MA_TO_CO_JA
P21862,JA
P21863,JA
P21864,CS_BT_NIM
P21866,CS_BT_NIM
P21867,MA_TO_CO_JA
P21868,CS_BT_NIM
P21869,MA_TO_CO_JA
P21870,MA_TO_CO_JA
P21871,MA_TO_CO_JA
P21872,CS_BT_NIM
P21873,CS_NGT_NIM
P21874,CS_NGT_NIM
P21875,CS_NGT_NIM
P21876,CS_NGT_NIM
P21877,CS_NGT_NISM
P21878,PN_PIQ
P21879,CS_NGT_NIM
P21880,CS_NGT_NIM
P21881,PN_PIQ
P21882,MA_TO_CO_JA
P21883,JA
P21884,CS_BT_NIM
P21885,PN_PIQ
P21886,PN_PIQ
P21887,PN_PIQ
P21888,PN_PIQ
P21889,PN_PIQ
P21890,PN_PIQ
P21893,PN_PIQ
P21894,PN_PIQ
P21895,PN_PIQ
P21896,PN_PIQ
P21897,CS_EGT_NIM
P21898,CS_EGT_NIM
P21899,CS_BT_NIM
P21900,CS_BT_NIM
P21901,CS_BT_NIM
P21902,CS_BT_NIM
P21903,CS_EGT_NIM
P21904,CS_EGT_NIM
P21905,PN_PIQ
P21906,PN_PIQ
P21907,PN_PIQ
P21908,PN_PIQ
P21910,PN_PIQ
P21911,PN_PIQ
P21912,JA
P21913,PN_PIQ
P21914,PN_PIQ
P21915,PN_PIQ
P21916,PN_PIQ
P21917,CS_MG_NISM
P21918,CS_MG_NISM
P21919,CS_MG_NISM
P21920,CS_MG_NISM
P21921,CS_MG_NISM
P21922,CS_MG_NISM
P21923,CS_MG_NISM
P21924,MA_TO_CO_JA
P21925,PN_PIQ
P21926,PN_PIQ
P21927,PN_PIQ
P21928,MA_ROTA
P21929,MA_ROTA
P21930,MA_ROTA
P21931,MA_ROTA
P21932,CS_BT_NIM
P21933,CS_BT_NIM
P21934,CS_BT_NIM
P21935,CS_BT_NIM
P21936,MA_ROTA
P21939,MA_ROTA
P21941,CS_BT_NIM
P21942,MA_ROTA
P21944,MA_TO_CO_JA
P21945,MA_TO_CO_JA
P21948,MA_TO_CO_JA
P21949,MA_TO_CO_JA
P21950,MA_TO_CO_JA
P21952,MA_TO_CO_JA
P21953,MA_TO_CO_JA
P21954,MA_TO_CO_JA
P21955,MA_TO_CO_JA
P21956,MA_TO_CO_JA
P21958,MA_TO_CO_JA
P21963,MA_TO_CO_JA
P21964,MA_TO_CO_JA
P21968,MA_TO_CO_JA
P21969,CS_EGT_NIM
P21970,MA_TO_CO_JA
P21971,MA_TO_CO_JA
P21972,MA_TO_CO_JA
P21973,MA_TO_CO_JA
P21974,CS_EGT_NIM
P21977,MA_TO_CO_JA
P21982,MA_TO_CO_JA
P21983,MA_TO_CO_JA
P21984,MA_TO_CO_JA
P21985,PN_PIQ
P21986,PN_PIQ
P21987,BC_GTMG
P21988,PN_PIQ
P21989,JA
P21990,PN_PIQ
P21991,CS_CGT_NIM
P21992,PN_PIQ
P21993,PN_PIQ
P21994,MA_ROTA
P21995,MA_TO_CO_JA
P21996,PN_PIQ
P21997,MA_TO_CO_JA
P21998,PN_PIQ
P21999,PN_PIQ
P22000,PN_PIQ
P22001,PN_PIQ
P22002,PN_PIQ
P22003,PN_PIQ
P22004,PN_PIQ
P22005,CS_EGT_NIM
P22006,CS_NGT_NIM
P22008,PN_PIQ
P22009,CS_NGT_NIM
P22010,PN_PIQ
P22011,CS_MG_NISM
P22012,CS_MG_NISM
P22013,CS_MG_NISM
P22014,CS_MG_NISM
P22015,CS_MG_NISM
P22016,CS_MG_NISM
P22017,CS_MG_NISM
P22018,CS_MG_NISM
P22019,PN_PIQ
P22020,PN_PIQ
P22021,CS_MG_NISM
P22022,CS_MG_NISM
P22023,PN_PIQ
P22024,CS_MG_NISM
P22025,CS_MG_NISM
P22026,CS_MG_NISM
P22027,CS_MG_NISM
P22028,PN_PIQ
P22029,PN_PIQ
P22030,CS_BT_NIM
P22031,PN_PIQ
P22032,PN_PIQ
P22033,PN_PIQ
P22034,PN_PIQ
P22039,MA_ROTA
P22040,PN_PIQ
P22041,PN_PIQ
P22042,PN_PIQ
P22043,PN_PIQ
P22044,MA_ROTA
P22045,CS_EGT_NIM
P22046,PN_PIQ
P22047,CS_BT_NIM
P22048,CS_BT_NIM
P22049,CS_MG_NISM
P22050,CS_MG_NISM
P22051,JA
P22052,CS_MG_NISM
P22053,CS_MG_NISM
P22054,PN_PIQ
P22055,CS_MG_NISM
P22056,CS_EGT_NIM
P22057,CS_EGT_NIM
P22058,CS_EGT_NIM
P22059,PN_PIQ
P22060,CS_EGT_NIM
P22061,CS_EGT_NIM
P22062,PN_PIQ
P22063,PN_PIQ
P22064,PN_PIQ
P22065,PN_PIQ
P22066,PN_PIQ
P22067,PN_PIQ
P22068,PN_PIQ
P22069,PN_PIQ
P22070,CS_MG_NISM
P22071,MA_TO_CO_JA
P22072,CS_MG_NISM
P22073,CS_MG_NISM
P22074,MA_TO_CO_JA
P22075,CS_MG_NISM
P22076,CS_MG_NISM
P22077,CS_MG_NISM
P22078,CS_MG_NISM
P22079,CS_MG_NISM
P22080,PN_PIQ
P22081,CS_MG_NISM
P22082,PN_PIQ
P22083,CS_MG_NISM
P22084,PN_PIQ
P22085,CS_MG_NISM
P22086,CS_MG_NISM
P22087,CS_MG_NISM
P22088,PN_PIQ
P22089,CS_MG_NISM
P22090,PN_PIQ
P22091,CS_MG_NISM
P22092,PN_PIQ
P22093,MA_TO_CO_JA
P22094,MA_TO_CO_JA
P22095,MA_ROTA
P22096,MA_ROTA
P22097,PN_PIQ
P22098,CS_MG_NISM
P22099,CS_MG_NISM
P22100,CS_MG_NISM
P22101,MA_TO_CO_JA
P22102,CS_MG_NISM
P22103,CS_MG_NISM
P22104,BA_PER
P22105,BA_PER
P22106,BA_PER
P22107,BA_PER
P22108,BA_PER
P22109,MA_ROTA
P22112,BA_PER
P22113,PN_PIQ
P22114,PN_PIQ
P22115,PN_PIQ
P22116,PN_PIQ
P22117,PN_PIQ
P22118,PN_PIQ
P22119,PN_PIQ
P22120,PN_PIQ
P22121,JA
P22122,JA
P22123,PN_PIQ
P22124,CS_NGT_NIM
P22126,PN_PIQ
P22127,PN_PIQ
P22128,PN_PIQ
P22129,PN_PIQ
P22130,PN_PIQ
P22131,PN_PIQ
P22132,PN_PIQ
P22133,PN_PIQ
P22135,PN_PIQ
P22140,CS_CGT_NIM
P22141,CS_CGT_NIM
P22142,PN_PIQ
P22143,PN_PIQ
P22144,PN_PIQ
P22145,PN_PIQ
P22146,CS_BT_NIM
P22147,CS_CGT_NIM
P22149,MA_TO_CO_JA
P22150,MA_TO_CO_JA
P22152,MA_TO_CO_JA
P22153,MA_TO_CO_JA
P22156,PN_PIQ
P22157,CS_BT_NIM
P22158,AN_PA
P22159,CS_BT_NIM
P22160,CS_BT_NIM
P22161,CS_BT_NIM
P22162,CS_BT_NIM
P22163,CS_BT_NIM
P22164,AN_PA
P22165,AN_PA
P22166,CS_BT_NIM
P22167,CS_BT_NIM
P22168,PN_PIQ
P22169,AN_PA
P22170,CS_BT_NIM
P22171,CS_BT_NIM
P22172,CS_BT_NIM
P22173,MA_TO_CO_JA
P22174,ME
P22175,CS_EGT_NIM
P22176,JA
P22177,BA_INT
P22178,MA_ROTA
P22179,BA_PER
P22180,CS_SBT_NIM
P22181,BA_PER
P22183,BA_INT
P22184,BA_INT
P22185,BA_INT
P22186,BA_INT
P22187,BA_INT
P22188,BA_PER
P22189,BA_PER
P22190,JA
P22191,BA_PER
P22192,CS_SBT_NIM
P22193,CS_BT_NIM
P22194,CS_BT_NIM
P22195,CS_BT_NIM
P22196,CS_BT_NIM
P22197,CS_BT_NIM
P22198,MA_TO_CO_JA
P22199,MA_TO_CO_JA
P22200,MA_TO_CO_JA
P22202,MA_TO_CO_JA
P22203,CS_BT_NIM
P22205,CS_BT_NIM
P22206,CS_BT_NIM
P22207,JA
P22208,PN_PIQ
P22209,CS_BT_NIM
P22210,PN_PIQ
P22211,CS_BT_NIM
P22212,CS_BT_NIM
P22213,MA_ROTA
P22214,MA_ROTA
P22215,MA_ROTA
P22216,MA_TO_CO_JA
P22218,MA_TO_CO_JA
P22220,CS_CGT_NIM
P22221,CS_CGT_NIM
P22222,CS_CGT_NIM
P22224,CS_CGT_NIM
P22225,CS_NGT_NIM
P22227,CS_CGT_NIM
P22228,CS_NGT_NIM
P22229,CS_NGT_NISM
P22230,BC_GTMG
P22231,CS_NGT_NIM
P22232,PN_PIQ
P22233,PN_PIQ
P22234,CS_NGT_NIM
P22235,BC_GTMG
P22236,CS_NGT_NIM
P22237,BC_GTMG
P22238,PN_PIQ
P22239,PN_PIQ
P22240,JA
P22241,CS_NGT_NIM
P22243,CS_NGT_NIM
P22244,JA
P22245,BC_GTMG
P22246,BC_GTMG
P22247,BC_GTMG
P22248,PN_PIQ
P22249,CS_NGT_NIM
P22250,CS_NGT_NIM
P22251,CS_NGT_NIM
P22252,BC_GTMG
P22253,CS_NGT_NIM
P22254,CS_NGT_NIM
P22255,CS_NGT_NIM
P22256,CS_NGT_NISM
P22260,CS_NGT_NISM
P22261,CS_NGT_NIM
P22262,CS_NGT_NIM
P22264,ME
P22266,CS_NGT_NIM
P22267,ME
P22268,CS_CGT_NIM
P22269,CS_CGT_NIM
P22270,PN_PIQ
P22271,CS_CGT_NIM
P22272,PN_PIQ
P22273,PN_PIQ
P22274,PN_PIQ
P22276,PN_PIQ
P22278,JA
P22279,PN_PIQ
P22280,PN_PIQ
P22281,BC_BT
P22282,PN_PIQ
P22283,PN_PIQ
P22284,PN_PIQ
P22286,PN_PIQ
P22287,PN_PIQ
P22289,PN_PIQ
P22290,PN_PIQ
P22291,CS_BT_NIM
P22292,CS_BT_NIM
P22293,CS_BT_NIM
P22294,CS_BT_NIM
P22295,PN_PIQ
P22296,PN_PIQ
P22297,CS_MG_NISM
P22299,CS_BT_NIM
P22300,CS_BT_NIM
P22301,CS_NGT_NIM
P22302,VE_BTGT
P22305,CS_NGT_NISM
P22306,CS_NGT_NISM
P22307,CS_EGT_NIM
P22308,CS_MG_NISM
P22309,CS_MG_NISM
P22310,CS_MG_NISM
P22311,CS_MG_NISM
P22312,CS_MG_NISM
P22313,CS_MG_NISM
P22314,CS_MG_NISM
P22315,CS_MG_NISM
P22316,PN_PIQ
P22317,MA_TO_CO_JA
P22318,MA_TO_CO_JA
P22319,MA_TO_CO_JA
P22321,MA_TO_CO_JA
P22322,MA_TO_CO_JA
P22323,MA_TO_CO_JA
P22325,MA_TO_CO_JA
P22326,MA_TO_CO_JA
P22327,CS_EGT_NIM
P22328,CS_EGT_NIM
P22329,MA_TO_CO_JA
P22330,CS_EGT_NIM
P22331,MA_TO_CO_JA
P22332,CS_EGT_NIM
P22335,MA_TO_CO_JA
P22337,PN_PIQ
P22338,CS_NGT_NISM
P22339,MA_TO_CO_JA
P22340,CS_BT_NIM
P22341,CS_BT_NIM
P22342,PN_PIQ
P22343,PN_PIQ
P22344,PN_PIQ
P22345,CS_NGT_NIM
P22346,PN_PIQ
P22347,PN_PIQ
P22348,PN_PIQ
P22349,PN_PIQ
P22350,PN_PIQ
P22351,PN_PIQ
P22352,PN_PIQ
P22353,PN_PIQ
P22354,PN_PIQ
P22355,CS_MG_NISM
P22356,PN_PIQ
P22357,CS_MG_NISM
P22358,PN_PIQ
P22359,CS_BT_NIM
P22360,CS_BT_NIM
P22361,CS_BT_NIM
P22362,CS_BT_NIM
P22363,CS_BT_NIM
P22364,CS_BT_NIM
P22365,CS_BT_NIM
P22366,CS_BT_NIM
P22367,CS_BT_NIM
P22368,MA_ROTA
P22369,JA
P22370,CS_NGT_NIM
P22371,CS_NGT_NISM
P22372,CS_NGT_NIM
P22373,CS_EGT_NIM
P22374,PN_PIQ
P22375,PN_PIQ
P22376,PN_PIQ
P22377,PN_PIQ
P22378,BC_BT
P22379,VE_BTGT
P22380,VE_BTGT
P22381,VE_BTGT
P22382,JA
P22383,VE_BTGT
P22385,PN_PIQ
P22386,PN_PIQ
P22387,PN_PIQ
P22388,MA_TO_CO_JA
P22389,MA_TO_CO_JA
P22390,MA_TO_CO_JA
P22391,PN_PIQ
P22392,PN_PIQ
P22393,CS_NGT_NIM
P22394,CS_CGT_NIM
P22395,CS_NGT_NIM
P22396,CS_NGT_NIM
P22397,CS_NGT_NIM
P22398,VE_BTGT
P22399,CS_CGT_NIM
P22400,PN_PIQ
P22401,IG_PLA
P22402,IG_PLA
P22403,PN_PIQ
P22405,PN_PIQ
P22406,CS_BT_NIM
P22407,CS_BT_NIM
P22408,MA_TO_CO_JA
P22409,CS_BT_NIM
P22410,MA_TO_CO_JA
P22411,CS_BT_NIM
P22413,CS_BT_NIM
P22414,MA_TO_CO_JA
P22415,MA_TO_CO_JA
P22416,MA_TO_CO_JA
P22417,CS_BT_NIM
P22418,CS_BT_NIM
P22419,CS_BT_NIM
P22420,BC_BT
P22421,CS_BT_NIM
P22422,BC_BT
P22423,JA
P22425,CS_NGT_NIM
P22426,PN_PIQ
P22427,PN_PIQ
P22429,PN_PIQ
P22430,PN_PIQ
P22432,CS_EGT_NIM
P22433,MA_ROTA
P22434,MA_ROTA
P22435,CS_EGT_NIM
P22436,CS_EGT_NIM
P22437,PN_PIQ
P22438,PN_PIQ
P22439,PN_PIQ
P22440,PN_PIQ
P22441,PN_PIQ
P22442,PN_PIQ
P22443,PN_PIQ
P22444,PN_PIQ
P22445,CS_CGT_NIM
P22446,CS_CGT_NIM
P22447,CS_CGT_NIM
P22448,PN_PIQ
P22450,PN_PIQ
P22451,PN_PIQ
P22452,BA_PER
P22453,BA_INT
P22454,BA_INT
P22455,BA_INT
P22456,JA
P22458,BA_INT
P22459,JA
P22460,BA_PER
P22462,BA_PER
P22463,BA_PER
P22464,BA_INT
P22465,BA_PER
P22466,BA_PER
P22467,BA_SINT
P22470,BA_PER
P22471,BA_PER
P22472,BA_PER
P22473,PN_PIQ
P22474,PN_PIQ
P22475,PN_PIQ
P22476,PN_PIQ
P22477,PN_PIQ
P22478,PN_PIQ
P22479,PN_PIQ
P22480,BA_INT
P22481,BA_INT
P22483,BA_INT
P22484,JA
P22485,CS_BT_NIM
P22488,CS_BT_NIM
P22489,BA_INT
P22490,JA
P22491,BA_INT
P22492,VE_BTGT
P22495,BA_PER
P22496,BA_PER
P22498,BA_PER
P22500,BA_PER
P22503,BA_PER
P22504,BA_PER
P22505,BA_PER
P22506,BA_PER
P22507,BA_PER
P22508,BA_PER
P22509,BA_PER
P22511,BA_INT
P22512,JA
P22513,VE_BTGT
P22514,BA_PER
P22515,BA_PER
P22516,BA_PER
P22517,BA_INT
P22518,CS_BT_NIM
P22519,PN_PIQ
P22520,PN_PIQ
P22521,CS_NGT_NIM
P22522,PN_PIQ
P22523,CS_NGT_NISM
P22524,CS_NGT_NIM
P22525,BC_GTMG
P22526,JA
P22527,BC_GTMG
P22528,PN_PIQ
P22529,PN_PIQ
P22530,AG
P22531,AG
P22532,AG
P22533,VE_BTGT
P22534,VE_BTGT
P22535,AG
P22536,VE_BTGT
P22537,VE_BTGT
P22538,VE_BTGT
P22539,JA
P22540,VE_BTGT
P22541,AG
P22542,CS_BT_NIM
P22543,CS_BT_NIM
P22544,MA_TO_CO_JA
P22545,MA_TO_CO_JA
P22546,CS_NGT_NIM
P22547,CS_NGT_NIM
P22548,CS_NGT_NIM
P22549,CS_NGT_NISM
P22550,CS_NGT_NIM
P22551,CS_MG_NISM
P22552,PN_PIQ
P22553,CS_MG_NISM
P22554,PN_PIQ
P22555,CS_MG_NISM
P22560,MA_TO_CO_JA
P22562,MA_TO_CO_JA
P22563,MA_TO_CO_JA
P22565,MA_TO_CO_JA
P22567,MA_TO_CO_JA
P22568,MA_TO_CO_JA
P22569,MA_TO_CO_JA
P22570,MA_TO_CO_JA
P22573,MA_TO_CO_JA
P22578,MA_TO_CO_JA
P22586,MA_TO_CO_JA
P22588,MA_TO_CO_JA
P22589,MA_TO_CO_JA
P22591,MA_TO_CO_JA
P22592,MA_TO_CO_JA
P22594,MA_TO_CO_JA
P22595,MA_TO_CO_JA
P22596,MA_TO_CO_JA
P22600,PN_PIQ
P22601,PN_PIQ
P22602,CS_BT_NIM
P22603,CS_BT_NIM
P22604,MA_TO_CO_JA
P22605,MA_TO_CO_JA
P22606,CS_NGT_NIM
P22608,ME
P22609,VE_BTGT
P22610,CS_NGT_NISM
P22611,CS_NGT_NISM
P22612,CS_NGT_NISM
P22613,PN_PIQ
P22614,JA
P22615,CS_NGT_NIM
P22616,CS_NGT_NIM
P22617,CS_NGT_NIM
P22619,CS_BT_NIM
P22620,CS_BT_NIM
P22621,PN_PIQ
P22622,VE_BTGT
P22625,CS_BT_NIM
P22626,PN_PIQ
P22627,PN_PIQ
P22628,CS_MG_NISM
P22629,PN_PIQ
P22630,CS_NGT_NISM
P22632,CS_NGT_NISM
P22635,CS_NGT_NIM
P22637,CS_NGT_NISM
P22638,CS_NGT_NISM
P22639,CS_NGT_NISM
P22640,CS_NGT_NISM
P22641,CS_MG_NISM
P22642,CS_MG_NISM
P22643,CS_MG_NISM
P22644,PN_PIQ
P22645,PN_PIQ
P22646,CS_BT_NIM
P22647,CS_BT_NIM
P22648,CS_BT_NIM
P22649,CS_BT_NIM
P22650,PN_PIQ
P22651,PN_PIQ
P22652,PN_PIQ
P22653,PN_PIQ
P22654,CS_MG_NISM
P22655,PN_PIQ
P22656,CS_MG_NISM
P22657,PN_PIQ
P22658,CS_MG_NISM
P22659,PN_PIQ
P22660,CS_MG_NISM
P22661,CS_MG_NISM
P22662,CS_MG_NISM
P22663,CS_MG_NISM
P22664,PN_PIQ
P22665,CS_MG_NISM
P22666,PN_PIQ
P22667,CS_MG_NISM
P22668,CS_MG_NISM
P22669,CS_MG_NISM
P22670,CS_MG_NISM
P22671,CS_MG_NISM
P22672,PN_PIQ
P22673,PN_PIQ
P22674,PN_PIQ
P22675,PN_PIQ
P22676,PN_PIQ
P22677,PN_PIQ
P22678,PN_PIQ
P22679,PN_PIQ
P22682,PN_PIQ
P22685,PN_PIQ
P22686,PN_PIQ
P22687,PN_PIQ
P22688,PN_PIQ
P22689,PN_PIQ
P22690,PN_PIQ
P22691,CS_BT_NIM
P22692,PN_PIQ
P22693,CS_BT_NIM
P22694,CS_BT_NIM
P22695,CS_BT_NIM
P22696,CS_BT_NIM
P22697,MA_TO_CO_JA
P22698,CS_BT_NIM
P22699,MA_TO_CO_JA
P22700,CS_BT_NIM
P22701,CS_BT_NISM
P22702,CS_BT_NISM
P22703,CS_BT_NIM
P22704,JA
P22706,CS_BT_NIM
P22707,CS_BT_NIM
P22708,PN_PIQ
P22709,PN_PIQ
P22710,PN_PIQ
P22711,CS_BT_NIM
P22712,CS_BT_NIM
P22713,CS_BT_NIM
P22714,CS_BT_NIM
P22715,CS_CGT_NIM
P22716,CS_CGT_NIM
P22717,CS_CGT_NIM
P22718,MA_TO_CO_JA
P22719,MA_TO_CO_JA
P22720,MA_TO_CO_JA
P22721,MA_TO_CO_JA
P22722,PN_PIQ
P22724,PN_PIQ
P22725,PN_PIQ
P22726,PN_PIQ
P22728,PN_PIQ
P22729,PN_PIQ
P22730,PN_PIQ
P22733,PN_PIQ
P22734,PN_PIQ
P22735,PN_PIQ
P22736,PN_PIQ
P22737,PN_PIQ
P22738,CS_NGT_NIM
P22739,CS_NGT_NIM
P22740,CS_NGT_NIM
P22741,PN_PIQ
P22742,CS_MG_NISM
P22743,CS_MG_NISM
P22745,JA
P22746,VE_BTGT
P22747,CS_EGT_NIM
P22748,PN_PIQ
P22749,PN_PIQ
P22750,CS_BT_NIM
P22751,CS_BT_NIM
P22752,CS_BT_NIM
P22753,PN_PIQ
P22754,PN_PIQ
P22755,PN_PIQ
P22756,PN_PIQ
P22757,PN_PIQ
P22758,PN_PIQ
P22759,CS_NGT_NIM
P22760,MA_ROTA
P22762,CS_NGT_NIM
P22763,ME
P22764,MA_TO_CO_JA
P22768,CS_NGT_NISM
P22770,CS_NGT_NIM
P22771,BC_GTMG
P22772,CS_NGT_NIM
P22773,CS_NGT_NIM
P22774,CS_NGT_NIM
P22775,CS_NGT_NIM
P22776,CS_NGT_NIM
P22777,JA
P22778,BC_GTMG
P22779,CS_NGT_NIM
P22780,CS_NGT_NIM
P22782,CS_NGT_NIM
P22783,PN_PIQ
P22784,PN_PIQ
P22785,BA_INT
P22786,JA
P22787,BA_INT
P22788,BA_INT
P22789,BA_INT
P22791,BA_INT
P22792,BA_INT
P22793,BA_INT
P22795,JA
P22796,JA
P22797,JA
P22798,BA_INT
P22799,BA_INT
P22800,BA_INT
P22801,CS_BT_NIM
P22802,CS_MG_NISM
P22803,PN_PIQ
P22804,PN_PIQ
P22805,CS_BT_NIM
P22807,CS_BT_NIM
P22808,AN_NU
P22809,CS_BT_NIM
P22810,CS_BT_NIM
P22812,CS_BT_NIM
P22813,CS_MG_NISM
P22814,PN_PIQ
P22815,JA
P22816,BC_GTMG
P22817,BC_GTMG
P22818,CS_NGT_NIM
P22819,CS_NGT_NIM
P22820,CS_MG_NISM
P22821,CS_MG_NISM
P22822,PN_PIQ
P22823,CS_MG_NISM
P22824,PN_PIQ
P22825,CS_MG_NISM
P22826,CS_MG_NISM
P22827,CS_MG_NISM
P22828,CS_MG_NISM
P22829,CS_MG_NISM
P22830,CS_MG_NISM
P22831,PN_PIQ
P22832,PN_PIQ
P22833,CS_MG_NISM
P22834,CS_MG_NISM
P22835,CS_MG_NISM
P22836,CS_MG_NISM
P22837,CS_EGT_NIM
P22838,CS_EGT_NIM
P22839,CS_EGT_NIM
P22840,CS_MG_NISM
P22841,CS_BT_NIM
P22842,CS_BT_NIM
P22843,CS_BT_NIM
P22844,CS_BT_NIM
P22845,CS_BT_NIM
P22846,CS_BT_NIM
P22847,CS_NGT_NIM
P22848,CS_NGT_NIM
P22849,BC_GTMG
P22850,JA
P22851,CS_NGT_NIM
P22852,BC_GTMG
P22853,JA
P22854,CS_NGT_NIM
P22855,CS_NGT_NISM
P22856,PN_PIQ
P22857,PN_PIQ
P22858,PN_PIQ
P22859,PN_PIQ
P22860,MA_ROTA
P22861,MA_ROTA
P22862,MA_ROTA
P22863,MA_ROTA
P22864,MA_ROTA
P22865,PN_PIQ
P22866,CS_MG_NISM
P22867,PN_PIQ
P22868,CS_MG_NISM
P22869,PN_PIQ
P22870,CS_MG_NISM
P22871,PN_PIQ
P22872,PN_PIQ
P22873,CS_MG_NISM
P22874,CS_MG_NISM
P22875,CS_MG_NISM
P22876,CS_MG_NISM
P22877,PN_PIQ
P22878,CS_BT_NIM
P22879,CS_BT_NIM
P22880,CS_BT_NIM
P22881,CS_BT_NIM
P22882,CS_BT_NIM
P22883,CS_NGT_NIM
P22884,CS_NGT_NIM
P22885,CS_NGT_NIM
P22886,PN_PIQ
P22887,PN_PIQ
P22888,MA_TO_CO_JA
P22889,MA_TO_CO_JA
P22890,CS_EGT_NIM
P22891,MA_TO_CO_JA
P22892,MA_TO_CO_JA
P22894,MA_TO_CO_JA
P22895,PN_PIQ
P22896,CS_MG_NISM
P22897,CS_MG_NISM
P22898,CS_MG_NISM
P22899,CS_MG_NISM
P22900,CS_BT_NIM
P22901,CS_BT_NIM
P22902,CS_BT_NIM
P22903,CS_BT_NIM
P22904,MA_TO_CO_JA
P22907,CS_BT_NIM
P22908,CS_BT_NIM
P22909,PN_PIQ
P22910,PN_PIQ
P22911,PN_PIQ
P22912,CS_NGT_NIM
P22913,JA
P22914,CS_NGT_NIM
P22915,CS_NGT_NIM
P22916,CS_NGT_NIM
P22917,BC_GTMG
P22918,CS_NGT_NIM
P22919,PN_PIQ
P22920,CS_NGT_NIM
P22921,CS_NGT_NIM
P22923,PN_PIQ
P22924,PN_PIQ
P22925,CS_NGT_NIM
P22926,CS_NGT_NISM
P22927,CS_BT_NIM
P22928,JA
P22929,JA
P22930,BA_INT
P22931,IG_TUT
P22932,BA_INT
P22933,BA_INT
P22934,BA_INT
P22936,PN_PIQ
P22937,CS_NGT_NIM
P22938,PN_PIQ
P22939,PN_PIQ
P22940,PN_PIQ
P22941,PN_PIQ
P22942,CS_NGT_NIM
P22943,PN_PIQ
P22944,BC_GTMG
P22945,CS_NGT_NIM
P22946,JA
P22948,JA
P22949,BC_GTMG
P22950,BC_GTMG
P22951,BC_GTMG
P22952,JA
P22953,BC_GTMG
P22954,CS_NGT_NIM
P22955,CS_NGT_NIM
P22956,CS_NGT_NIM
P22957,BC_GTMG
P22958,JA
P22961,MA_TO_CO_JA
P22963,CS_BT_NIM
P22964,AN_NU
P22965,MA_TO_CO_JA
P22966,CS_NGT_NIM
P22967,CS_NGT_NIM
P22969,CS_NGT_NIM
P22970,CS_BT_NIM
P22971,PN_PIQ
P22972,PN_PIQ
P22973,CS_MG_NISM
P22974,CS_BT_NIM
P22975,PN_PIQ
P22978,PN_PIQ
P22979,PN_PIQ
P22980,CS_CGT_NIM
P22981,PN_PIQ
P22982,MA_TO_CO_JA
P22983,CS_NGT_NIM
P22984,CS_NGT_NIM
P22985,ME
P22987,ME
P22988,CS_NGT_NIM
P22989,CS_BT_NIM
P22990,CS_BT_NIM
P22992,MA_ROTA
P22993,MA_TO_CO_JA
P22994,MA_TO_CO_JA
P22995,MA_TO_CO_JA
P22997,PN_PIQ
P22998,PN_PIQ
P22999,MA_TO_CO_JA
P23000,MA_ROTA
P23001,CS_EGT_NIM
P23002,BC_GTMG
P23003,CS_EGT_NIM
P23004,BC_GTMG
P23005,CS_EGT_NIM
P23006,JA
P23009,PN_PIQ
P23010,PN_PIQ
P23011,PN_PIQ
P23012,MA_TO_CO_JA
P23013,MA_TO_CO_JA
P23014,MA_TO_CO_JA
P23016,CS_BT_NIM
P23017,CS_BT_NIM
P23018,CS_BT_NIM
P23019,CS_BT_NIM
P23020,CS_BT_NIM
P23021,CS_EGT_NIM
P23022,CS_EGT_NIM
P23023,JA
P23025,CS_EGT_NIM
P23027,BC_GTMG
P23028,BC_GTMG
P23029,CS_EGT_NIM
P23030,CS_EGT_NIM
P23031,CS_EGT_NIM
P23032,MA_ROTA
P23033,MA_ROTA
P23034,MA_TO_CO_JA
P23035,MA_TO_CO_JA
P23036,MA_ROTA
P23037,MA_ROTA
P23038,PN_PIQ
P23039,PN_PIQ
P23040,CS_BT_NIM
P23041,CS_BT_NIM
P23042,CS_BT_NIM
P23044,CS_BT_NIM
P23045,CS_BT_NIM
P23046,CS_BT_NIM
P23047,AG
P23049,CS_BT_NIM
P23050,CS_BT_NIM
P23051,CS_BT_NIM
P23053,CS_BT_NIM
P23054,CS_BT_NIM
P23055,CS_BT_NIM
P23056,PN_PIQ
P23057,MA_TO_CO_JA
P23060,MA_TO_CO_JA
P23063,MA_TO_CO_JA
P23064,MA_TO_CO_JA
P23065,MA_TO_CO_JA
P23066,PN_PIQ
P23067,CS_BT_NIM
P23068,PN_PIQ
P23070,VE_BTGT
P23071,VE_BTGT
P23072,PN_PIQ
P23073,CS_NGT_NISM
P23074,CS_NGT_NISM
P23076,CS_NGT_NISM
P23077,CS_NGT_NISM
P23079,CS_NGT_NISM
P23081,BA_INT
P23082,JA
P23084,VE_BTGT
P23085,VE_BTGT
P23086,BA_PER
P23087,CS_BT_NIM
P23089,CS_BT_NIM
P23090,MA_TO_CO_JA
P23091,MA_TO_CO_JA
P23093,CS_SBT_NIM
P23094,PN_PIQ
P23095,CS_BT_NIM
P23096,CS_BT_NIM
P23097,PN_PIQ
P23098,PN_PIQ
P23100,MA_ROTA
P23102,MA_ROTA
P23103,JA
P23104,BA_INT
P23105,BA_INT
P23106,JA
P23107,BA_INT
P23108,BA_INT
P23109,BA_INT
P23110,JA
P23111,BA_INT
P23112,BA_INT
P23114,PN_PIQ
P23115,PN_PIQ
P23116,PN_PIQ
P23117,PN_PIQ
P23118,CS_NGT_NIM
P23119,CS_NGT_NIM
P23120,PN_PIQ
P23121,CS_NGT_NIM
P23122,PN_PIQ
P23123,CS_NGT_NIM
P23124,PN_PIQ
P23125,CS_NGT_NIM
P23126,PN_PIQ
P23127,PN_PIQ
P23128,PN_PIQ
P23129,CS_MG_NISM
P23130,PN_PIQ
P23131,CS_MG_NISM
P23132,CS_MG_NISM
P23133,CS_MG_NISM
P23134,CS_MG_NISM
P23135,PN_PIQ
P23136,PN_PIQ
P23137,PN_PIQ
P23138,PN_PIQ
P23139,PN_PIQ
P23140,PN_PIQ
P23141,PN_PIQ
P23142,PN_PIQ
P23143,PN_PIQ
P23144,MA_TO_CO_JA
P23145,MA_TO_CO_JA
P23146,CS_NGT_NISM
P23149,PN_PIQ
P23150,PN_PIQ
P23151,CS_BT_NIM
P23152,CS_BT_NIM
P23153,CS_BT_NIM
P23154,CS_BT_NIM
P23155,CS_BT_NIM
P23156,CS_NGT_NIM
P23157,PN_PIQ
P23158,CS_EGT_NISM
P23159,CS_EGT_NIM
P23160,CS_EGT_NIM
P23161,CS_EGT_NIM
P23162,PN_PIQ
P23163,CS_EGT_NIM
P23164,PN_PIQ
P23165,CS_EGT_NIM
P23166,PN_PIQ
P23167,CS_EGT_NIM
P23168,AN_PA
P23169,IG_TUT
P23170,AN_PA
P23171,AN_PA
P23172,IG_TUT
P23173,AN_PA
P23174,PN_PIQ
P23175,IG_TUT
P23176,MA_TO_CO_JA
P23177,ME
P23178,MA_TO_CO_JA
P23179,CS_EGT_NIM
P23180,CS_EGT_NIM
P23182,MA_TO_CO_JA
P23186,MA_TO_CO_JA
P23188,CS_BT_NIM
P23190,CS_SBT_NIM
P23191,MA_TO_CO_JA
P23193,CS_BT_NIM
P23197,MA_TO_CO_JA
P23201,CS_NGT_NISM
P23202,CS_NGT_NIM
P23203,CS_BT_NIM
P23204,CS_BT_NIM
P23205,CS_BT_NIM
P23206,CS_BT_NIM
P23207,CS_BT_NIM
P23208,CS_BT_NIM
P23209,CS_BT_NIM
P23210,CS_BT_NIM
P23211,CS_BT_NIM
P23212,CS_BT_NIM
P23213,CS_NGT_NISM
P23214,CS_NGT_NISM
P23215,CS_MG_NISM
P23216,CS_MG_NISM
P23217,CS_MG_NISM
P23218,CS_MG_NISM
P23219,CS_MG_NISM
P23220,CS_MG_NISM
P23221,CS_MG_NISM
P23222,CS_MG_NISM
P23223,PN_PIQ
P23224,CS_MG_NISM
P23225,CS_MG_NISM
P23226,CS_MG_NISM
P23227,CS_MG_NISM
P23228,CS_MG_NISM
P23229,PN_PIQ
P23230,CS_EGT_NIM
P23232,CS_EGT_NIM
P23233,CS_EGT_NIM
P23235,CS_EGT_NIM
P23236,CS_EGT_NIM
P23238,CS_EGT_NISM
P23239,PN_PIQ
P23240,CS_EGT_NIM
P23241,CS_NGT_NIM
P23242,CS_NGT_NIM
P23243,PN_PIQ
P23244,CS_NGT_NIM
P23245,JA
P23246,BC_GTMG
P23247,CS_BT_NIM
P23248,CS_BT_NIM
P23249,CS_BT_NIM
P23250,CS_MG_NISM
P23251,CS_MG_NISM
P23252,CS_MG_NISM
P23253,CS_NGT_NIM
P23255,CS_NGT_NIM
P23256,CS_NGT_NIM
P23257,CS_NGT_NIM
P23258,CS_NGT_NIM
P23259,CS_MG_NISM
P23260,CS_MG_NISM
P23261,CS_MG_NISM
P23262,CS_MG_NISM
P23263,PN_PIQ
P23264,CS_MG_NISM
P23265,CS_MG_NISM
P23266,PN_PIQ
P23267,CS_MG_NISM
P23268,PN_PIQ
P23269,CS_MG_NISM
P23270,CS_MG_NISM
P23271,CS_MG_NISM
P23274,CS_NGT_NISM
P23275,CS_NGT_NISM
P23276,PN_PIQ
P23279,CS_MG_NISM
P23280,CS_MG_NISM
P23281,CS_MG_NISM
P23282,PN_PIQ
P23283,CS_EGT_NIM
P23284,PN_PIQ
P23285,PN_PIQ
P23286,CS_EGT_NIM
P23287,PN_PIQ
P23288,CS_EGT_NIM
P23289,CS_BT_NIM
P23290,CS_BT_NIM
P23291,BA_INT
P23292,BA_INT
P23293,BA_INT
P23294,BA_INT
P23295,BA_INT
P23296,JA
P23297,BA_INT
P23298,BA_INT
P23299,JA
P23300,BA_INT
P23301,BA_INT
P23302,JA
P23303,IG_TUT
P23304,BA_INT
P23305,BA_INT
P23306,BA_INT
P23307,BA_INT
P23308,BA_INT
P23309,BA_INT
P23310,BA_INT
P23311,BA_INT
P23312,CS_BT_NIM
P23313,CS_BT_NIM
P23314,CS_BT_NIM
P23315,CS_BT_NIM
P23319,CS_BT_NIM
P23320,CS_MG_NISM
P23321,CS_MG_NISM
P23322,PN_PIQ
P23323,CS_MG_NISM
P23324,CS_MG_NISM
P23325,CS_MG_NISM
P23326,CS_MG_NISM
P23327,CS_MG_NISM
P23328,PN_PIQ
P23329,CS_MG_NISM
P23330,CS_MG_NISM
P23333,MA_TO_CO_JA
P23334,MA_TO_CO_JA
P23335,CS_MG_NISM
P23336,MA_TO_CO_JA
P23337,MA_TO_CO_JA
P23338,MA_TO_CO_JA
P23339,MA_TO_CO_JA
P23340,MA_TO_CO_JA
P23341,CS_MG_NISM
P23342,CS_MG_NISM
P23343,CS_MG_NISM
P23344,CS_MG_NISM
P23345,CS_MG_NISM
P23346,CS_MG_NISM
P23347,PN_PIQ
P23348,MA_ROTA
P23349,MA_ROTA
P23350,MA_ROTA
P23351,MA_ROTA
P23352,CS_BT_NIM
P23354,MA_TO_CO_JA
P23355,PN_PIQ
P23358,PN_PIQ
P23359,CS_MG_NISM
P23360,CS_MG_NISM
P23361,CS_MG_NISM
P23362,CS_MG_NISM
P23363,CS_EGT_NIM
P23364,CS_EGT_NIM
P23365,CS_MG_NISM
P23366,JA
P23367,PN_PIQ
P23368,JA
P23369,PN_PIQ
P23371,PN_PIQ
P23372,BC_GTMG
P23373,PN_PIQ
P23374,PN_PIQ
P23375,PN_PIQ
P23376,PN_PIQ
P23377,PN_PIQ
P23378,CS_BT_NIM
P23383,CS_BT_NIM
P23384,CS_EGT_NIM
P23385,CS_EGT_NIM
P23386,CS_EGT_NIM
P23387,CS_EGT_NIM
P23388,CS_EGT_NIM
P23389,CS_EGT_NIM
P23390,PN_PIQ
P23391,PN_PIQ
P23392,PN_PIQ
P23393,CS_EGT_NIM
P23394,CS_EGT_NIM
P23395,CS_EGT_NIM
P23396,CS_EGT_NIM
P23397,CS_EGT_NIM
P23398,CS_EGT_NIM
P23399,CS_EGT_NIM
P23400,CS_EGT_NIM
P23401,CS_EGT_NIM
P23402,PN_PIQ
P23403,CS_EGT_NISM
P23404,CS_EGT_NISM
P23405,PN_PIQ
P23406,PN_PIQ
P23407,CS_EGT_NIM
P23408,CS_EGT_NIM
P23409,CS_MG_NISM
P23410,CS_MG_NISM
P23411,PN_PIQ
P23412,CS_MG_NISM
P23413,CS_MG_NISM
P23414,PN_PIQ
P23415,CS_MG_NISM
P23416,CS_MG_NISM
P23417,CS_MG_NISM
P23418,CS_MG_NISM
P23419,CS_MG_NISM
P23420,CS_MG_NISM
P23422,CS_BT_NIM
P23423,CS_BT_NIM
P23424,CS_BT_NIM
P23426,PN_PIQ
P23427,CS_BT_NIM
P23428,CS_BT_NIM
P23429,PN_PIQ
P23430,CS_BT_NIM
P23431,CS_BT_NIM
P23432,PN_PIQ
P23433,CS_BT_NIM
P23434,CS_BT_NIM
P23435,CS_BT_NIM
P23436,PN_PIQ
P23437,CS_BT_NIM
P23438,CS_BT_NIM
P23439,CS_BT_NIM
P23440,MA_TO_CO_JA
P23441,MA_TO_CO_JA
P23442,CS_BT_NIM
P23443,MA_TO_CO_JA
P23444,MA_TO_CO_JA
P23446,CS_BT_NIM
P23447,CS_BT_NIM
P23450,CS_BT_NIM
P23452,CS_BT_NIM
P23453,CS_BT_NIM
P23454,CS_BT_NIM
P23455,CS_BT_NIM
P23456,CS_BT_NIM
P23457,MA_TO_CO_JA
P23459,CS_BT_NIM
P23461,CS_BT_NIM
P23462,CS_BT_NIM
P23463,CS_BT_NIM
P23464,PN_PIQ
P23465,MA_TO_CO_JA
P23470,CS_EGT_NIM
P23471,PN_PIQ
P23472,PN_PIQ
P23473,CS_CGT_NIM
P23474,CS_CGT_NIM
P23475,BC_GTMG
P23476,JA
P23477,JA
P23478,BC_GTMG
P23479,AG
P23480,CS_BT_NIM
P23481,CS_BT_NIM
P23482,CS_BT_NIM
P23483,CS_BT_NIM
P23484,CS_BT_NIM
P23485,CS_BT_NIM
P23487,CS_MG_NISM
P23488,CS_MG_NISM
P23489,CS_MG_NISM
P23490,PN_PIQ
P23491,PN_PIQ
P23492,PN_PIQ
P23493,PN_PIQ
P23495,PN_PIQ
P23497,CS_BT_NIM
P23498,CS_BT_NIM
P23499,PN_PIQ
P23500,CS_NGT_NIM
P23501,CS_BT_NIM
P23502,CS_BT_NISM
P23503,CS_BT_NIM
P23504,CS_CGT_NISM
P23505,IG_PLA
P23506,IG_PLA
P23507,CS_CGT_NIM
P23508,PN_PIQ
P23509,PN_PIQ
P23510,PN_PIQ
P23511,PN_PIQ
P23512,CS_BT_NIM
P23513,CS_BT_NIM
P23514,CS_BT_NIM
P23517,PN_PIQ
P23518,CS_MG_NISM
P23519,PN_PIQ
P23520,CS_NGT_NIM
P23521,CS_NGT_NIM
P23522,CS_NGT_NIM
P23523,PN_PIQ
P23524,CS_NGT_NIM
P23526,CS_NGT_NIM
P23527,MA_ROTA
P23531,MA_TO_CO_JA
P23532,MA_TO_CO_JA
P23540,MA_TO_CO_JA
P23541,MA_TO_CO_JA
P23542,MA_TO_CO_JA
P23543,MA_TO_CO_JA
P23545,MA_TO_CO_JA
P23546,MA_TO_CO_JA
P23548,MA_TO_CO_JA
P23550,MA_TO_CO_JA
P23553,MA_TO_CO_JA
P23554,MA_TO_CO_JA
P23558,PN_PIQ
P23559,CS_CGT_NIM
P23560,PN_PIQ
P23561,JA
P23562,BC_GTMG
P23563,BC_GTMG
P23564,MA_TO_CO_JA
P23565,PN_PIQ
P23566,PN_PIQ
P23567,PN_PIQ
P23568,PN_PIQ
P23569,PN_PIQ
P23570,PN_PIQ
P23571,PN_PIQ
P23573,JA
P23575,CS_EGT_NIM
P23576,CS_EGT_NISM
P23577,JA
P23578,PN_PIQ
P23579,BC_GTMG
P23580,JA
P23581,VE_BTGT
P23582,MA_TO_CO_JA
P23583,MA_TO_CO_JA
P23584,CS_NGT_NIM
P23585,CS_NGT_NISM
P23586,CS_BT_NIM
P23587,CS_BT_NIM
P23588,CS_SBT_NIM
P23589,AG
P23590,VE_BTGT
P23591,VE_BTGT
P23592,JA
P23593,PN_PIQ
P23594,PN_PIQ
P23595,CS_NGT_NIM
P23596,PN_PIQ
P23597,CS_BT_NIM
P23598,CS_BT_NIM
P23599,CS_BT_NIM
P23600,PN_PIQ
P23603,MA_TO_CO_JA
P23604,CS_BT_NIM
P23605,JA
P23606,CS_BT_NIM
P23608,PN_PIQ
P23609,CS_EGT_NIM
P23611,VE_BTGT
P23612,CS_EGT_NIM
P23613,CS_EGT_NIM
P23616,PN_PIQ
P23617,PN_PIQ
P23618,PN_PIQ
P23620,PN_PIQ
P23621,PN_PIQ
P23622,PN_PIQ
P23623,JA
P23624,PN_PIQ
P23625,PN_PIQ
P23626,PN_PIQ
P23627,CS_BT_NIM
P23628,CS_BT_NIM
P23630,JA
P23631,MA_TO_CO_JA
P23632,ME
P23633,CS_EGT_NIM
P23634,PN_PIQ
P23635,JA
P23636,BC_GTMG
P23637,PN_PIQ
P23638,PN_PIQ
P23639,CS_MG_NISM
P23640,CS_MG_NISM
P23641,CS_MG_NISM
P23642,CS_MG_NISM
P23643,CS_MG_NISM
P23644,PN_PIQ
P23645,CS_MG_NISM
P23646,PN_PIQ
P23647,PN_PIQ
P23648,PN_PIQ
P23649,PN_PIQ
P23650,PN_PIQ
P23651,PN_PIQ
P23652,CS_EGT_NIM
P23654,CS_EGT_NIM
P23655,CS_EGT_NIM
P23657,PN_PIQ
P23658,PN_PIQ
P23659,PN_PIQ
P23660,MA_TO_CO_JA
P23661,MA_TO_CO_JA
P23662,MA_TO_CO_JA
P23663,CS_BT_NIM
P23664,AG
P23665,CS_BT_NIM
P23666,CS_BT_NIM
P23667,JA
P23668,BC_BT
P23669,CS_BT_NIM
P23670,BC_BT
P23671,CS_BT_NIM
P23672,CS_BT_NIM
P23673,CS_BT_NIM
P23674,AG
P23676,CS_BT_NIM
P23678,JA
P23679,CS_NGT_NIM
P23680,CS_NGT_NIM
P23681,CS_NGT_NIM
P23682,CS_NGT_NIM
P23683,CS_NGT_NIM
P23684,JA
P23685,CS_NGT_NIM
P23686,CS_NGT_NIM
P23687,CS_NGT_NIM
P23688,CS_NGT_NIM
P23689,CS_NGT_NIM
P23690,BC_GTMG
P23691,CS_NGT_NISM
P23692,CS_NGT_NIM
P23693,PN_PIQ
P23694,CS_MG_NISM
P23697,MA_TO_CO_JA
P23698,CS_BT_NIM
P23699,CS_BT_NIM
P23700,CS_EGT_NISM
P23701,CS_EGT_NIM
P23702,CS_EGT_NIM
P23703,CS_MG_NISM
P23704,CS_MG_NISM
P23705,CS_MG_NISM
P23706,CS_MG_NISM
P23707,PN_PIQ
P23708,CS_MG_NISM
P23709,CS_MG_NISM
P23710,PN_PIQ
P23711,PN_PIQ
P23712,CS_MG_NISM
P23713,PN_PIQ
P23714,PN_PIQ
P23715,PN_PIQ
P23716,CS_MG_NISM
P23717,CS_MG_NISM
P23718,CS_BT_NIM
P23719,CS_EGT_NIM
P23720,CS_EGT_NIM
P23723,CS_NGT_NISM
P23724,CS_NGT_NISM
P23726,CS_NGT_NISM
P23728,CS_MG_NISM
P23729,CS_MG_NISM
P23730,CS_MG_NISM
P23731,MA_TO_CO_JA
P23732,MA_TO_CO_JA
P23733,MA_TO_CO_JA
P23734,CS_MG_NISM
P23735,CS_MG_NISM
P23736,BC_GTMG
P23737,CS_NGT_NIM
P23738,CS_NGT_NIM
P23739,CS_NGT_NIM
P23740,CS_NGT_NIM
P23741,JA
P23742,CS_NGT_NIM
P23743,BC_GTMG
P23744,BC_GTMG
P23745,BC_GTMG
P23746,CS_NGT_NIM
P23747,CS_NGT_NIM
P23748,CS_BT_NIM
P23749,CS_BT_NIM
P23750,CS_BT_NIM
P23751,JA
P23755,CS_BT_NIM
P23756,JA
P23757,CS_NGT_NIM
P23758,CS_NGT_NIM
P23759,PN_PIQ
P23760,CS_NGT_NIM
P23761,CS_NGT_NIM
P23762,CS_NGT_NIM
P23763,BC_GTMG
P23766,CS_EGT_NIM
P23767,CS_EGT_NIM
P23769,CS_EGT_NIM
P23770,CS_EGT_NIM
P23771,CS_MG_NISM
P23772,CS_MG_NISM
P23773,CS_MG_NISM
P23774,CS_MG_NISM
P23775,CS_MG_NISM
P23776,CS_MG_NISM
P23777,CS_MG_NISM
P23778,CS_MG_NISM
P23779,CS_MG_NISM
P23780,CS_MG_NISM
P23782,CS_BT_NIM
P23783,CS_BT_NIM
P23784,CS_BT_NIM
P23785,CS_BT_NIM
P23786,CS_BT_NIM
P23787,CS_BT_NIM
P23788,JA
P23789,CS_BT_NIM
P23790,CS_BT_NIM
P23791,CS_BT_NIM
P23792,BA_PER
P23793,BA_PER
P23794,IG_TUT
P23795,CS_CGT_NIM
P23796,PN_PIQ
P23797,CS_CGT_NIM
P23798,CS_CGT_NIM
P23799,CS_CGT_NIM
P23800,CS_CGT_NIM
P23801,VE_BTGT
P23802,CS_NGT_NIM
P23803,PN_PIQ
P23804,PN_PIQ
P23805,CS_MG_NISM
P23806,PN_PIQ
P23807,CS_MG_NISM
P23808,CS_MG_NISM
P23809,CS_MG_NISM
P23810,CS_MG_NISM
P23811,PN_PIQ
P23812,CS_EGT_NIM
P23813,CS_EGT_NIM
P23814,PN_PIQ
P23815,CS_MG_NISM
P23816,CS_MG_NISM
P23817,CS_CGT_NIM
P23818,CS_CGT_NIM
P23819,IG_PLA
P23820,CS_CGT_NIM
P23821,CS_CGT_NIM
P23822,CS_CGT_NIM
P23823,CS_CGT_NIM
P23824,CS_CGT_NIM
P23825,BA_PER
P23826,CS_CGT_NIM
P23827,CS_CGT_NIM
P23828,PN_PIQ
P23829,PN_PIQ
P23830,CS_EGT_NIM
P23831,PN_PIQ
P23832,PN_PIQ
P23833,PN_PIQ
P23834,CS_EGT_NIM
P23835,PN_PIQ
P23836,PN_PIQ
P23837,PN_PIQ
P23838,CS_MG_NISM
P23839,CS_MG_NISM
P23840,CS_MG_NISM
P23841,PN_PIQ
P23842,PN_PIQ
P23843,CS_BT_NIM
P23844,CS_BT_NIM
P23845,CS_BT_NIM
P23846,CS_MG_NISM
P23847,CS_MG_NISM
P23848,BA_PER
P23849,BA_PER
P23851,BA_PER
P23852,BA_PER
P23854,BA_PER
P23855,BA_PER
P23857,PN_PIQ
P23858,CS_NGT_NISM
P23859,PN_PIQ
P23860,CS_NGT_NIM
P23861,CS_CGT_NIM
P23862,CS_CGT_NIM
P23863,CS_MG_NISM
P23864,CS_MG_NISM
P23865,PN_PIQ
P23866,CS_BT_NIM
P23867,CS_BT_NIM
P23868,CS_BT_NIM
P23869,CS_MG_NISM
P23870,PN_PIQ
P23871,PN_PIQ
P23872,CS_MG_NISM
P23873,CS_MG_NISM
P23874,PN_PIQ
P23875,CS_MG_NISM
P23876,PN_PIQ
P23877,CS_BT_NIM
P23878,CS_BT_NIM
P23879,AN_NU
P23880,CS_BT_NIM
P23881,CS_BT_NIM
P23882,PN_PIQ
P23883,PN_PIQ
P23884,PN_PIQ
P23885,PN_PIQ
P23886,PN_PIQ
P23887,PN_PIQ
P23888,CS_NGT_NIM
P23889,MA_TO_CO_JA
P23890,CS_NGT_NIM
P23892,CS_NGT_NIM
P23893,CS_NGT_NIM
P23894,MA_TO_CO_JA
P23896,CS_NGT_NIM
P23897,CS_NGT_NIM
P23898,CS_NGT_NIM
P23899,CS_NGT_NIM
P23900,CS_NGT_NIM
P23901,CS_NGT_NIM
P23902,CS_NGT_NIM
P23903,CS_NGT_NIM
P23906,CS_NGT_NIM
P23907,PN_PIQ
P23908,PN_PIQ
P23910,CS_NGT_NISM
P23912,PN_PIQ
P23913,CS_CGT_NIM
P23914,CS_CGT_NIM
P23915,CS_CGT_NIM
P23916,CS_CGT_NIM
P23917,PN_PIQ
P23918,PN_PIQ
P23919,PN_PIQ
P23920,CS_NGT_NISM
P23921,CS_NGT_NIM
P23922,PN_PIQ
P23923,CS_MG_NISM
P23924,CS_MG_NISM
P23925,CS_MG_NISM
P23926,PN_PIQ
P23927,PN_PIQ
P23928,PN_PIQ
P23929,CS_EGT_NIM
P23930,PN_PIQ
P23931,MA_TO_CO_JA
P23932,MA_TO_CO_JA
P23933,MA_TO_CO_JA
P23934,CS_NGT_NIM
P23935,MA_TO_CO_JA
P23936,CS_EGT_NIM
P23937,MA_TO_CO_JA
P23938,CS_EGT_NIM
P23939,CS_BT_NIM
P23940,CS_BT_NIM
P23941,CS_BT_NIM
P23942,PN_PIQ
P23943,PN_PIQ
P23944,PN_PIQ
P23945,PN_PIQ
P23946,PN_PIQ
P23947,PN_PIQ
P23948,PN_PIQ
P23949,PN_PIQ
P23950,PN_PIQ
P23951,PN_PIQ
P23952,PN_PIQ
P23953,JA
P23954,CS_MG_NISM
P23955,CS_MG_NISM
P23956,CS_MG_NISM
P23957,CS_MG_NISM
P23958,PN_PIQ
P23959,PN_PIQ
P23961,CS_BT_NIM
P23963,CS_MG_NISM
P23964,CS_NGT_NIM
P23965,CS_NGT_NIM
P23966,JA
P23967,BC_GTMG
P23968,CS_BT_NIM
P23969,CS_MG_NISM
P23970,JA
P23971,CS_BT_NIM
P23972,BA_INT
P23973,CS_BT_NIM
P23974,CS_BT_NIM
P23975,PN_PIQ
P23976,PN_PIQ
P23977,PN_PIQ
P23978,PN_PIQ
P23979,PN_PIQ
P23980,CS_BT_NIM
P23981,MA_TO_CO_JA
P23985,MA_TO_CO_JA
P23986,MA_TO_CO_JA
P23987,MA_TO_CO_JA
P23988,CS_BT_NIM
P23989,CS_BT_NIM
P23990,MA_TO_CO_JA
P23991,MA_TO_CO_JA
P23992,MA_TO_CO_JA
P23993,MA_TO_CO_JA
P23994,CS_EGT_NIM
P23995,PN_PIQ
P23996,PN_PIQ
P23997,PN_PIQ
P23998,CS_BT_NIM
P23999,PN_PIQ
P24000,PN_PIQ
P24001,PN_PIQ
P24002,PN_PIQ
P24003,PN_PIQ
P24004,CS_BT_NIM
P24007,CS_BT_NIM
P24008,MA_TO_CO_JA
P24010,BC_BT
P24012,JA
P24013,BC_GTMG
P24014,PN_PIQ
P24015,JA
P24016,PN_PIQ
P24017,PN_PIQ
P24018,PN_PIQ
P24019,PN_PIQ
P24020,CS_BT_NIM
P24021,JA
P24022,CS_BT_NIM
P24023,JA
P24024,BA_INT
P24025,VE_BTGT
P24026,BA_INT
P24027,VE_BTGT
P24028,CS_SBT_NIM
P24029,CS_SBT_NIM
P24030,CS_SBT_NIM
P24031,CS_BT_NIM
P24032,VE_BTGT
P24033,CS_BT_NIM
P24035,CS_BT_NIM
P24037,CS_NGT_NIM
P24039,CS_NGT_NISM
P24040,CS_NGT_NISM
P24041,CS_NGT_NIM
P24042,CS_NGT_NIM
P24043,ME
P24044,ME
P24045,ME
P24046,CS_NGT_NIM
P24047,ME
P24048,PN_PIQ
P24049,PN_PIQ
P24050,PN_PIQ
P24051,PN_PIQ
P24052,CS_NGT_NIM
P24053,CS_NGT_NIM
P24057,CS_NGT_NIM
P24058,BC_GTMG
P24059,JA
P24060,BC_GTMG
P24061,BC_GTMG
P24062,CS_NGT_NIM
P24063,BC_GTMG
P24064,CS_NGT_NIM
P24065,CS_MG_NISM
P24066,CS_MG_NISM
P24067,CS_MG_NISM
P24068,CS_EGT_NIM
P24069,CS_MG_NISM
P24070,MA_TO_CO_JA
P24071,MA_TO_CO_JA
P24072,MA_TO_CO_JA
P24073,CS_EGT_NIM
P24074,VE_BTGT
P24075,CS_EGT_NIM
P24076,MA_TO_CO_JA
P24077,CS_EGT_NIM
P24078,CS_EGT_NIM
P24079,MA_TO_CO_JA
P24080,CS_EGT_NIM
P24081,CS_EGT_NIM
P24082,CS_EGT_NIM
P24083,ME
P24084,CS_NGT_NIM
P24085,CS_NGT_NIM
P24087,CS_NGT_NIM
P24088,CS_NGT_NIM
P24089,CS_NGT_NIM
P24090,CS_NGT_NISM
P24091,PN_PIQ
P24092,AG
P24093,CS_BT_NIM
P24094,CS_BT_NIM
P24095,PN_PIQ
P24096,CS_NGT_NISM
P24097,CS_NGT_NISM
P24098,CS_NGT_NIM
P24099,PN_PIQ
P24100,CS_MG_NISM
P24101,MA_TO_CO_JA
P24102,CS_MG_NISM
P24103,PN_PIQ
P24105,CS_MG_NISM
P24106,PN_PIQ
P24107,JA
P24108,CS_MG_NISM
P24109,CS_MG_NISM
P24110,CS_MG_NISM
P24111,CS_MG_NISM
P24112,CS_MG_NISM
P24113,PN_PIQ
P24114,VE_BTGT
P24115,VE_BTGT
P24116,CS_EGT_NIM
P24117,IG_PLA
P24119,PN_PIQ
P24120,CS_NGT_NISM
P24121,MA_TO_CO_JA
P24122,MA_TO_CO_JA
P24123,MA_TO_CO_JA
P24124,MA_ROTA
P24125,MA_ROTA
P24126,CS_NGT_NIM
P24127,JA
P24128,CS_NGT_NIM
P24129,CS_NGT_NIM
P24130,BC_GTMG
P24131,BC_GTMG
P24132,CS_NGT_NIM
P24133,BC_GTMG
P24135,JA
P24136,BA_IRR
P24138,JA
P24139,VE_BTGT
P24140,CS_EGT_NIM
P24141,CS_EGT_NIM
P24142,CS_EGT_NIM
P24143,CS_EGT_NIM
P24144,JA
P24145,CS_EGT_NIM
P24146,CS_BT_NIM
P24147,ME
P24148,ME
P24149,CS_NGT_NISM
P24153,CS_NGT_NIM
P24154,CS_NGT_NISM
P24157,CS_NGT_NISM
P24158,CS_NGT_NIM
P24159,CS_NGT_NISM
P24161,MA_ROTA
P24162,MA_ROTA
P24163,MA_TO_CO_JA
P24164,PN_PIQ
P24165,VE_BTGT
P24166,CS_BT_NISM
P24170,CS_BT_NIM
P24171,CS_BT_NIM
P24172,CS_EGT_NIM
P24173,CS_EGT_NISM
P24174,CS_EGT_NIM
P24175,CS_EGT_NISM
P24176,PN_PIQ
P24177,PN_PIQ
P24179,CS_NGT_NIM
P24180,CS_NGT_NISM
P24181,CS_MG_NISM
P24182,CS_MG_NISM
P24183,CS_MG_NISM
P24184,CS_MG_NISM
P24185,CS_MG_NISM
P24186,AN_PA
P24187,CS_BT_NIM
P24188,CS_BT_NIM
P24189,CS_BT_NIM
P24190,AN_PA
P24191,CS_BT_NIM
P24192,CS_BT_NIM
P24193,CS_BT_NIM
P24194,AN_PA
P24195,CS_BT_NIM
P24196,AN_PA
P24197,CS_BT_NIM
P24198,CS_BT_NIM
P24199,CS_BT_NIM
P24201,PN_PIQ
P24202,CS_CGT_NIM
P24203,CS_EGT_NIM
P24204,PN_PIQ
P24205,PN_PIQ
P24206,CS_EGT_NIM
P24207,PN_PIQ
P24208,CS_EGT_NIM
P24209,CS_NGT_NIM
P24210,CS_NGT_NIM
P24211,CS_NGT_NIM
P24212,CS_NGT_NIM
P24213,VE_BTGT
P24214,CS_NGT_NIM
P24215,CS_NGT_NIM
P24216,CS_NGT_NIM
P24217,PN_PIQ
P24218,PN_PIQ
P24219,PN_PIQ
P24220,PN_PIQ
P24221,PN_PIQ
P24223,CS_EGT_NIM
P24224,PN_PIQ
P24225,PN_PIQ
P24227,PN_PIQ
P24228,MA_TO_CO_JA
P24229,MA_ROTA
P24231,MA_TO_CO_JA
P24233,CS_MG_NISM
P24234,PN_PIQ
P24235,CS_MG_NISM
P24236,CS_MG_NISM
P24237,CS_MG_NISM
P24238,PN_PIQ
P24239,IG_PLA
P24240,CS_MG_NISM
P24241,MA_ROTA
P24242,CS_BT_NIM
P24243,MA_TO_CO_JA
P24244,CS_BT_NIM
P24245,MA_TO_CO_JA
P24246,AG
P24247,MA_ROTA
P24248,CS_BT_NIM
P24249,CS_BT_NIM
P24250,AG
P24251,CS_BT_NIM
P24252,CS_BT_NIM
P24253,CS_BT_NIM
P24254,CS_BT_NIM
P24255,CS_BT_NIM
P24256,PN_PIQ
P24259,PN_PIQ
P24260,PN_PIQ
P24261,PN_PIQ
P24262,MA_ROTA
P24263,BC_GTMG
P24264,BC_GTMG
P24265,CS_EGT_NIM
P24266,CS_EGT_NIM
P24267,JA
P24268,PN_PIQ
P24269,CS_CGT_NIM
P24270,VE_BTGT
P24271,CS_CGT_NIM
P24272,PN_PIQ
P24273,CS_CGT_NIM
P24274,CS_BT_NIM
P24275,MA_TO_CO_JA
P24277,CS_MG_NISM
P24279,CS_MG_NISM
P24280,PN_PIQ
P24281,PN_PIQ
P24282,PN_PIQ
P24283,PN_PIQ
P24284,PN_PIQ
P24285,CS_MG_NISM
P24286,PN_PIQ
P24287,CS_MG_NISM
P24288,CS_MG_NISM
P24289,CS_MG_NISM
P24290,PN_PIQ
P24291,PN_PIQ
P24292,PN_PIQ
P24293,PN_PIQ
P24294,PN_PIQ
P24295,PN_PIQ
P24296,PN_PIQ
P24297,ME
P24298,PN_PIQ
P24299,CS_NGT_NIM
P24300,PN_PIQ
P24301,CS_NGT_NIM
P24302,CS_EGT_NIM
P24303,CS_EGT_NIM
P24304,CS_BT_NIM
P24305,CS_BT_NIM
P24306,PN_PIQ
P24307,PN_PIQ
P24308,PN_PIQ
P24309,CS_BT_NIM
P24310,CS_BT_NIM
P24311,PN_PIQ
P24312,CS_MG_NISM
P24313,CS_MG_NISM
P24314,CS_MG_NISM
P24315,CS_MG_NISM
P24316,PN_PIQ
P24317,CS_MG_NISM
P24318,CS_MG_NISM
P24319,PN_PIQ
P24322,CS_BT_NIM
P24323,CS_BT_NIM
P24325,PN_PIQ
P24326,PN_PIQ
P24327,PN_PIQ
P24328,PN_PIQ
P24329,CS_NGT_NIM
P24330,IG_PLA
P24331,CS_MG_NISM
P24332,CS_MG_NISM
P24333,CS_MG_NISM
P24334,CS_MG_NISM
P24335,PN_PIQ
P24336,CS_MG_NISM
P24337,PN_PIQ
P24338,PN_PIQ
P24339,PN_PIQ
P24340,PN_PIQ
P24341,PN_PIQ
P24342,PN_PIQ
P24343,PN_PIQ
P24344,ME
P24345,CS_NGT_NIM
P24346,CS_NGT_NIM
P24347,CS_NGT_NIM
P24348,ME
P24349,ME
P24350,ME
P24351,ME
P24352,ME
P24353,ME
P24354,CS_NGT_NIM
P24355,ME
P24356,ME
P24357,ME
P24358,CS_MG_NISM
P24359,PN_PIQ
P24360,PN_PIQ
P24361,CS_BT_NIM
P24362,CS_BT_NIM
P24363,CS_BT_NISM
P24364,CS_BT_NIM
P24365,BA_INT
P24366,BA_IRR
P24367,BA_IRR
P24368,IG_PLA
P24369,BA_IRR
P24370,JA
P24371,CS_NGT_NIM
P24374,CS_NGT_NIM
P24377,CS_NGT_NISM
P24378,CS_NGT_NISM
P24379,CS_NGT_NIM
P24380,CS_NGT_NIM
P24383,CS_NGT_NISM
P24384,AG
P24385,AG
P24386,PN_PIQ
P24387,CS_NGT_NIM
P24389,CS_NGT_NIM
P24391,ME
P24392,CS_NGT_NIM
P24393,CS_NGT_NIM
P24394,CS_NGT_NIM
P24395,CS_NGT_NIM
P24396,CS_NGT_NISM
P24397,ME
P24400,ME
P24402,CS_NGT_NISM
P24403,CS_BT_NIM
P24404,CS_MG_NISM
P24405,MA_TO_CO_JA
P24407,MA_TO_CO_JA
P24409,PN_PIQ
P24410,CS_MG_NISM
P24411,CS_MG_NISM
P24412,PN_PIQ
P24413,PN_PIQ
P24414,CS_MG_NISM
P24415,CS_NGT_NIM
P24417,VE_BTGT
P24418,CS_NGT_NIM
P24419,CS_NGT_NIM
P24420,CS_NGT_NIM
P24421,PN_PIQ
P24422,CS_BT_NIM
P24423,CS_BT_NIM
P24424,CS_BT_NIM
P24425,CS_BT_NIM
P24426,CS_MG_NISM
P24427,CS_MG_NISM
P24428,CS_NGT_NISM
P24430,CS_BT_NIM
P24431,CS_MG_NISM
P24432,CS_MG_NISM
P24433,CS_NGT_NIM
P24434,CS_BT_NIM
P24435,CS_BT_NIM
P24436,MA_TO_CO_JA
P24437,CS_BT_NIM
P24438,CS_BT_NIM
P24439,CS_BT_NIM
P24441,CS_NGT_NISM
P24442,CS_NGT_NISM
P24443,CS_NGT_NISM
P24444,CS_NGT_NIM
P24445,CS_NGT_NISM
P24446,CS_NGT_NISM
P24447,MA_TO_CO_JA
P24448,MA_TO_CO_JA
P24449,PN_PIQ
P24450,MA_TO_CO_JA
P24451,MA_TO_CO_JA
P24452,MA_TO_CO_JA
P24453,PN_PIQ
P24454,CS_MG_NISM
P24455,CS_MG_NISM
P24456,CS_MG_NISM
P24457,CS_MG_NISM
P24458,CS_MG_NISM
P24460,CS_CGT_NIM
P24461,CS_CGT_NIM
P24462,CS_CGT_NIM
P24463,CS_CGT_NIM
P24464,PN_PIQ
P24465,CS_CGT_NIM
P24466,CS_CGT_NIM
P24467,CS_CGT_NIM
P24468,PN_PIQ
P24469,PN_PIQ
P24470,CS_CGT_NIM
P24471,CS_CGT_NIM
P24472,BC_GTMG
P24473,JA
P24474,BC_GTMG
P24475,CS_MG_NISM
P24476,PN_PIQ
P24477,CS_MG_NISM
P24478,CS_MG_NISM
P24481,VE_BTGT
P24482,PN_PIQ
P24483,CS_EGT_NIM
P24484,PN_PIQ
P24485,CS_EGT_NIM
P24486,CS_NGT_NIM
P24491,MA_TO_CO_JA
P24492,CS_NGT_NIM
P24493,CS_NGT_NIM
P24495,CS_NGT_NIM
P24497,CS_NGT_NIM
P24498,CS_NGT_NIM
P24500,MA_TO_CO_JA
P24501,CS_NGT_NIM
P24502,MA_TO_CO_JA
P24504,CS_MG_NISM
P24505,CS_EGT_NIM
P24506,CS_EGT_NIM
P24507,CS_EGT_NIM
P24508,VE_BTGT
P24509,CS_EGT_NIM
P24510,CS_EGT_NIM
P24511,CS_EGT_NIM
P24512,CS_MG_NISM
P24513,PN_PIQ
P24514,PN_PIQ
P24516,CS_MG_NISM
P24517,CS_MG_NISM
P24518,PN_PIQ
P24519,CS_MG_NISM
P24520,CS_MG_NISM
P24521,CS_MG_NISM
P24522,CS_MG_NISM
P24523,PN_PIQ
P24524,PN_PIQ
P24525,PN_PIQ
P24526,CS_NGT_NIM
P24527,CS_NGT_NIM
P24528,CS_NGT_NIM
P24529,PN_PIQ
P24530,PN_PIQ
P24531,CS_NGT_NIM
P24532,CS_NGT_NISM
P24533,CS_NGT_NIM
P24534,VE_BTGT
P24535,PN_PIQ
P24536,PN_PIQ
P24537,CS_EGT_NIM
P24538,CS_EGT_NIM
P24539,CS_EGT_NIM
P24540,CS_BT_NIM
P24541,CS_BT_NIM
P24542,CS_SBT_NIM
P24543,CS_SBT_NIM
P24544,CS_SBT_NIM
P24545,CS_SBT_NIM
P24546,CS_BT_NIM
P24547,CS_BT_NIM
P24548,CS_BT_NIM
P24549,CS_BT_NIM
P24552,JA
P24553,CS_BT_NIM
P24554,CS_NGT_NIM
P24555,CS_BT_NIM
P24556,CS_BT_NIM
P24557,CS_BT_NIM
P24558,PN_PIQ
P24559,CS_BT_NIM
P24560,CS_BT_NIM
P24561,PN_PIQ
P24562,CS_BT_NIM
P24563,CS_BT_NIM
P24564,PN_PIQ
P24565,CS_BT_NIM
P24566,CS_BT_NIM
P24567,CS_BT_NIM
P24568,CS_BT_NIM
P24569,CS_BT_NIM
P24570,CS_BT_NIM
P24571,PN_PIQ
P24572,AN_PA
P24573,CS_BT_NIM
P24574,CS_BT_NIM
P24575,CS_BT_NIM
P24576,PN_PIQ
P24577,PN_PIQ
P24578,CS_EGT_NIM
P24579,CS_NGT_NIM
P24580,CS_NGT_NIM
P24581,MA_TO_CO_JA
P24582,CS_NGT_NISM
P24583,ME
P24584,CS_NGT_NIM
P24585,CS_NGT_NIM
P24586,CS_NGT_NISM
P24587,CS_NGT_NIM
P24588,ME
P24589,CS_NGT_NISM
P24590,CS_NGT_NISM
P24592,CS_NGT_NIM
P24593,CS_NGT_NIM
P24595,CS_BT_NIM
P24596,CS_BT_NIM
P24597,CS_BT_NIM
P24598,CS_BT_NIM
P24600,PN_PIQ
P24603,PN_PIQ
P24604,PN_PIQ
P24605,PN_PIQ
P24606,PN_PIQ
P24607,PN_PIQ
P24608,PN_PIQ
P24609,CS_BT_NIM
P24610,CS_BT_NIM
P24611,CS_BT_NIM
P24612,CS_BT_NIM
P24613,ME
P24614,ME
P24615,ME
P24616,ME
P24617,PN_PIQ
P24618,MA_TO_CO_JA
P24619,MA_TO_CO_JA
P24620,CS_BT_NIM
P24621,MA_TO_CO_JA
P24623,CS_MG_NISM
P24624,PN_PIQ
P24625,JA
P24626,PN_PIQ
P24627,PN_PIQ
P24629,CS_MG_NISM
P24630,MA_ROTA
P24631,MA_ROTA
P24633,PN_PIQ
P24634,JA
P24635,CS_MG_NISM
P24636,CS_MG_NISM
P24637,CS_MG_NISM
P24638,PN_PIQ
P24639,MA_ROTA
P24640,MA_ROTA
P24641,MA_ROTA
P24642,PN_PIQ
P24643,CS_EGT_NIM
P24644,PN_PIQ
P24645,PN_PIQ
P24646,PN_PIQ
P24647,PN_PIQ
P24649,CS_EGT_NIM
P24650,PN_PIQ
P24651,CS_EGT_NIM
P24652,CS_BT_NIM
P24653,CS_BT_NIM
P24654,PN_PIQ
P24655,CS_BT_NIM
P24656,MA_TO_CO_JA
P24657,PN_PIQ
P24658,CS_CGT_NIM
P24661,PN_PIQ
P24662,JA
P24663,BC_GTMG
P24664,PN_PIQ
P24665,PN_PIQ
P24666,PN_PIQ
P24667,CS_BT_NIM
P24668,MA_TO_CO_JA
P24670,CS_BT_NIM
P24671,MA_TO_CO_JA
P24673,CS_BT_NIM
P24674,CS_BT_NIM
P24675,CS_SBT_NIM
P24677,MA_TO_CO_JA
P24678,MA_TO_CO_JA
P24679,CS_BT_NIM
P24680,CS_BT_NIM
P24681,CS_BT_NIM
P24682,MA_TO_CO_JA
P24683,CS_BT_NIM
P24684,CS_BT_NIM
P24685,CS_BT_NIM
P24686,CS_BT_NIM
P24687,CS_BT_NIM
P24688,CS_BT_NIM
P24689,CS_BT_NIM
P24690,CS_BT_NIM
P24691,CS_BT_NIM
P24692,CS_BT_NIM
P24693,CS_BT_NIM
P24694,CS_BT_NIM
P24696,PN_PIQ
P24697,CS_CGT_NIM
P24698,PN_PIQ
P24699,CS_CGT_NIM
P24700,CS_CGT_NIM
P24701,PN_PIQ
P24702,BA_INT
P24703,VE_BTGT
P24704,JA
P24705,BA_INT
P24706,VE_BTGT
P24707,VE_BTGT
P24708,BA_PER
P24709,BA_INT
P24710,BA_INT
P24711,BA_INT
P24712,BA_PER
P24713,BA_PER
P24714,BA_INT
P24715,BA_INT
P24716,VE_BTGT
P24717,BA_INT
P24718,VE_BTGT
P24719,MA_TO_CO_JA
P24720,BA_INT
P24721,BA_PER
P24723,JA
P24726,VE_BTGT
P24727,BA_INT
P24728,MA_TO_CO_JA
P24729,BA_IRR
P24730,CS_MG_NISM
P24731,CS_MG_NISM
P24732,PN_PIQ
P24733,CS_MG_NISM
P24734,PN_PIQ
