farm,etp
E1,0.0659845319583963
E10,0.6286458796337453
E100,4.278787114410169
E1000,0.06147479775980089
E1001,0.011551248999911105
E1002,0.3405147124188817
E1003,0.17498177615788071
E1004,0.6033756333896345
E1005,0.11118677215752511
E1006,5.173982576228998
E1007,0.4483651657925149
E1008,0.04905324917770469
E1009,0.09281447239754646
E101,0.5657534225264468
E1010,0.5251219552849142
E1011,0.9777428956647997
E1012,7.207583785225355
E1013,0.042961152102409104
E1014,0.02195395146235221
E1015,0.09130233798559872
E1016,0.06386941802234274
E1017,0.4461720375144456
E1018,0.23131567250422264
E1019,0.7939271194476545
E102,0.1670068450528936
E1020,1.051140434705307
E1021,0.024763979020357367
E1022,1.6560858742999378
E1023,0.09106853942572676
E1024,0.7040462041070317
E1025,0.020808071828606986
E1026,0.35265881967285984
E1027,0.8992757133967465
E1028,1.9092470441817049
E1029,0.05601564583518535
E103,0.15958129611521024
E1030,0.006725042225975642
E1031,0.2783207396212997
E1032,1.4178967019290603
E1033,0.21068609802352803
E1034,0.062186861054315944
E1035,0.32159803093608325
E1036,4.213697217530447
E1037,0.050635612054404845
E1038,0.052850920081785054
E1039,0.060525380033780773
E104,0.3007392879367055
E1040,0.17059649746644148
E1041,3.0288247844252822
E1042,0.13410258689661303
E1043,0.1562442217085963
E1044,1.502128189172371
E1045,0.2699599964441283
E1046,0.0077535780958307415
E1047,0.24723597653124724
E1048,0.5109319995110676
E1049,1.9852457996266335
E105,1.1025780069339497
E1050,0.7718703329184817
E1051,0.010601831273891013
E1052,0.13067294870655172
E1053,0.12168370521824162
E1054,13.417029069250601
E1055,0.17390168014934662
E1056,0.021599253266957063
E1057,3.053847230864966
E1058,0.21142123744332827
E1059,0.3219880433816339
E106,0.33846608587429994
E1060,0.1076797937594453
E1061,0.026662814472397545
E1062,0.30186683260734287
E1063,0.012342430438261182
E1064,0.30813939016801495
E1065,0.4324162147746466
E1066,0.20219141701484578
E1067,0.4359636412125522
E1068,0.5219247266423682
E1069,0.021045426260112014
E107,0.4278648102053515
E1070,0.6154947106409459
E1071,0.026267223753222508
E1072,0.12012021068539425
E1073,0.0595759623077607
E1074,0.1283879678193617
E1075,0.3347977598008712
E1076,0.2525032225086674
E1077,0.25143823154650785
E1078,0.1121273002044626
E1079,0.30420704062583337
E108,0.05261356565028003
E1080,0.1096840089489436
E1081,0.1593267327466145
E1082,0.1856182771801938
E1083,0.19508724479212963
E1084,0.025950751177882488
E1085,0.21869181705040447
E1086,0.012105076006756157
E1087,0.1325748955462708
E1088,0.02373544315050227
E1089,0.2742062627789137
E109,0.35519812872255313
E1090,0.11369010578718107
E1091,0.2553508830414555
E1092,0.21743710552049067
E1093,0.4410783180727176
E1094,0.012579784869766204
E1095,0.14505289359054138
E1096,0.049765312472219755
E1097,0.019542181527246866
E1098,0.12377333540759176
E1099,0.01400391145879634
E11,0.09082762912258868
E110,0.127340096897502
E1100,0.20295670726286782
E1101,0.11222105668652028
E1102,0.10817939372388657
E1103,0.09510534269712863
E1104,0.19131300560049783
E1105,0.13666908169615077
E1106,0.18504044803982572
E1107,0.13134020061042462
E1108,0.8525007778469197
E1109,0.2523324295492933
E111,0.15791981509467506
E1110,0.19244110587607785
E1111,0.009335940972530892
E1112,4.371112432216196
E1113,0.25564150146679704
E1114,0.0365959196373011
E1115,0.16465463596764157
E1116,0.21753933682994045
E1117,0.07840696950840075
E1118,0.30140393220138084
E1119,0.3225495525528195
E112,0.6343323446932656
E1120,0.32985842445254393
E1121,0.029590185794292827
E1122,3.1887453199543665
E1123,0.34969508400746735
E1124,0.17918481642812695
E1125,0.3656963063383412
E1126,0.005300915636945507
E1127,0.8634165158115065
E1128,0.04834118588318962
E1129,5.738282514001245
E113,0.7394182816250333
E1130,0.012105076006756157
E1131,1.1781697261978843
E1132,0.6038625655613832
E1133,1.1897121966397013
E1134,6.081172215308028
E1135,0.0626055649391057
E1136,0.5608297404213708
E1137,1.6003351409014137
E1138,0.03378344741754823
E1139,0.3249566628144724
E114,0.23009334163036718
E1140,0.0230233798559872
E1141,0.3468550537825585
E1142,0.12089252377989157
E1143,1.5723210952084627
E1144,2.7663004489287935
E1145,0.033862565561383236
E1146,0.17635345364032357
E1147,0.004826206773935461
E1148,0.11745755178238065
E1149,0.06040625833407414
E115,0.5752631345008445
E1150,0.06527246866388126
E1151,1.084546181882834
E1152,0.015409369721753045
E1153,0.673851897946484
E1154,0.32505915340622865
E1155,0.19545478116573323
E1156,0.009177704684860878
E1157,0.043673215396924175
E1158,0.017564227931371676
E1159,2.555021779713752
E116,0.43115110232020626
E1160,3.5784276380122675
E1161,0.6173398746555249
E1162,0.5203286958840786
E1163,0.16525113343408304
E1164,0.11464130144901767
E1165,0.01724775535603165
E1166,0.1285088452306872
E1167,0.2576248333185172
E1168,0.22156042018549799
E1169,4.932559116365899
E117,0.6286841052538004
E1170,0.04356920615165792
E1171,0.008070050671170772
E1172,0.18422515334696418
E1173,0.015428038047826475
E1174,0.16028002489110146
E1175,0.10571161881056095
E1176,0.16521324117699349
E1177,0.021678371410792072
E1178,0.04136901057871811
E1179,4.5156627255756066
E118,0.03776246777491333
E1180,0.012184194150591165
E1181,0.13976086763267845
E1182,0.037261089874655526
E1183,0.037976709040803636
E1184,0.12200017779358166
E1185,0.18351853498088722
E1186,0.07040388775298546
E1187,0.3179130367143746
E1188,0.009019468397190861
E1189,0.31785669837318875
E119,0.14313183394079476
E1190,6.315756067205974
E1191,0.5403324739976887
E1192,0.1729191483687439
E1193,0.18721841941505912
E1194,0.021915725842297094
E1195,0.009256822828695886
E1196,0.0094150591163659
E1197,0.08180816072539782
E1198,0.039638190061338785
E1199,2.5792439327940264
E12,0.02998577651346787
E120,0.35557738465641386
E1200,0.807522031587993
E1201,0.050081785047559786
E1202,0.010443594986221
E1203,0.3356007052478739
E1204,1.0537287758911902
E1205,0.0016614810205351587
E1206,0.05459151924615521
E1207,0.025001333451862392
E1209,0.0146368566094764
E121,0.04565116899279936
E1210,0.014636856609476398
E1211,0.012342430438261177
E1212,0.028086941061427687
E1213,0.2075274468841675
E1214,0.028635434260823184
E1215,0.0066459240821406355
E1216,3.691385900968975
E1217,2.3370415148013155
E1218,0.012658903013601211
E1219,0.028482531780602727
E122,0.5073719886212108
E1220,7.058543870566273
E1221,0.06946573028713664
E1222,0.014083029602631348
E1223,2.832230337141079
E1224,0.011155658280736065
E1225,0.01455773846564139
E1226,0.009968886123210953
E1227,0.1737843363854565
E1228,0.9850866743710552
E1229,0.014953329184816429
E123,11.573593430527158
E1230,0.009889767979375946
E1231,0.14793581651702373
E1232,1.2915601386789937
E1233,0.0637692239310161
E1234,0.010127122410880969
E1235,0.0188301182327318
E1236,0.036116099208818565
E1237,0.17919119477286868
E1238,0.021994843986132103
E1239,0.015507156191661483
E124,0.2505013779002578
E1240,0.09644241710374254
E1241,0.004351497910925416
E1242,0.04071117432660681
E1243,0.38597197528669214
E1244,0.0240519157258423
E1245,0.016614810205351587
E1246,0.04470175126677927
E1247,2.5503422526446795
E1248,0.008861232109520847
E1249,0.013054493732776246
E125,0.5044265045781847
E1250,0.18522646457462882
E1251,0.1093510534269713
E1252,0.017405991643701664
E1253,0.013766557027291315
E1254,0.046996177437994495
E1255,0.36178193617210425
E1256,0.4562325540048004
E1257,0.151974486621033
E1258,0.18157169526180103
E1259,0.011234776424571073
E126,0.31362787803360304
E1260,0.047139627226123804
E1261,0.4642305982754022
E1262,0.008940350253355853
E1263,0.2449239932438439
E1264,0.02262778913681216
E1265,0.049923548759889774
E1266,0.37030413814561297
E1267,0.21601942394879545
E1268,0.009652413547870923
E1269,0.022469552849142146
E127,0.0973057160636501
E1270,0.01795981865054672
E1271,0.3543691661481021
E1272,0.017326873499866658
E1273,0.15720775180016003
E1274,0.17448306516134768
E1276,0.029376833496310782
E1277,0.16683314072361988
E1278,0.04849942217085964
E1279,0.7182674015468042
E128,0.09429562627789136
E1280,0.020333362965596947
E1281,0.014083029602631348
E1282,0.08163481198328741
E1283,0.0053391412570006225
E1284,0.34914693157910337
E1285,0.014162147746466356
E1286,0.011623255400480044
E1287,0.007990932527335765
E1288,0.030064894657302874
E1289,0.25877403917385244
E129,0.15161569917325987
E1290,0.011551248999911104
E1291,0.05134767534891991
E1292,0.010285358698550984
E1293,0.0037185527602453554
E1294,0.01621921948617655
E1295,0.027691350342252646
E1296,0.02705840519157259
E1297,0.003481198328740333
E1298,0.005459151924615522
E1299,0.009573295404035915
E13,1.0579053693661657
E130,0.11242243755000444
E1300,0.36967361543248284
E1301,0.06155391590363588
E1302,0.23524858505941273
E1303,0.11574984443061606
E1304,0.5970026669037247
E1305,0.07808960796515246
E1306,0.07275402257978487
E1307,0.047734020801849054
E1308,0.005459151924615522
E1309,0.012184194150591165
E131,0.5522794248377634
E1310,0.005300915636945507
E1311,0.011155658280736069
E1312,0.01202595786292115
E1313,0.007120632945150682
E1314,0.3034344830651613
E1315,0.006725042225975642
E1316,0.052501555693839456
E1317,0.011393012712241092
E1318,0.7861605476042316
E1319,0.14616410347586453
E132,0.31869977331318344
E1320,0.014874211040981421
E1321,0.12154235932082852
E1322,0.006250333362965598
E1323,0.008702995821850832
E1324,0.5635146161140249
E1325,0.015823628767001514
E1326,0.016931282780691618
E1327,0.031290781402791366
E1328,0.008702995821850832
E1329,0.24139701306782826
E133,0.27583740776957955
E1330,0.011630367143746111
E1331,0.16230242688238958
E1332,0.023498088718997247
E1333,0.19113141908910425
E1334,1.7746434127478
E1335,0.4072708685216464
E1336,0.5686705484931993
E1337,0.07460840963641213
E1338,0.3055182682905147
E1339,0.050160903191394796
E134,0.329656191661481
E1340,0.0596550804515957
E1341,0.05380033780780514
E1342,1.172706240554716
E1343,0.08586718819450617
E1344,0.0676904613743444
E1345,0.4611097653124722
E1346,0.18166403680327142
E1347,0.2986274335496489
E1348,0.3238154428541796
E1349,0.993306182771802
E135,0.21678215841408124
E1350,0.2108617432660681
E1351,0.04628411414347943
E1352,0.026166770379589296
E1353,0.18657480664947995
E1354,0.009256822828695884
E1355,0.357734020801849
E1356,1.318491754822651
E1357,0.15921948617654902
E1358,0.08682193972797582
E1359,0.15370403295107715
E136,0.7476071206329451
E1360,0.015111565472486444
E1361,0.013133611876611256
E1362,0.03900524491065872
E1363,0.020175126677926928
E1364,0.07040163570095119
E1365,0.06973186505467152
E1366,0.11039607224345868
E1367,0.007041514801315674
E1368,0.007041514801315674
E1369,0.050632945150680064
E137,0.2405700506711708
E1370,0.03251755711618811
E1371,1.5055830518268292
E1372,1.841238332296204
E1373,0.058784780869410615
E1374,0.094150591163659
E1375,0.3831478353631434
E1376,0.010680949417726023
E1377,0.31832340652502444
E1378,0.053167392657125084
E1379,0.9669072806471686
E138,0.1999848875455596
E1380,0.03837229975997867
E1381,0.09739443506089432
E1382,0.16548737665570273
E1383,0.02467152635789848
E1384,0.0075242243755000455
E1385,0.11777669126144547
E1386,0.0617912703351409
E1387,0.010364476842385992
E1388,0.602519001689039
E1389,0.11765179127033513
E139,0.2635745399591075
E1390,4.486965442382758
E1391,0.015507156191661483
E1392,0.0077535780958307415
E1393,0.053684253415118385
E1394,0.12002001659406762
E1395,0.2513591134026728
E1396,0.2354529291492577
E1397,0.004826206773935461
E1398,0.09647524224375499
E1399,0.009652413547870924
E14,0.011393012712241088
E140,0.005538270068450529
E1400,0.014874211040981421
E1401,0.21039180519749903
E1402,0.006883278513645659
E1403,0.284526798678401
E1404,0.07403235843186061
E1405,0.1156389456840608
E1406,0.16309271935283134
E1407,0.004351497910925416
E1408,0.015190683616321452
E1409,0.0136083207396213
E141,0.11639612409992
E1410,0.010364476842385992
E1411,0.10246333007378432
E1412,0.06313627878033604
E1413,0.08340310249799981
E1414,0.004114143479420393
E1415,0.006566805938305627
E1416,0.019067472664236824
E1417,0.2733247399768869
E1418,0.07911814383500756
E1419,0.3186281002755801
E142,0.006962396657480666
E1420,0.07331318339407948
E1421,2.900509711974398
E1422,0.5351240110232021
E1423,0.1929411503244733
E1424,0.24912803360298694
E1425,0.12560138678993688
E1426,0.06851631256111655
E1427,0.05728153613654547
E1428,0.17862287018105313
E1429,0.5548483198506534
E143,0.15501567546744896
E1430,0.04478086941061429
E1431,0.008386523246510801
E1432,0.13084707529558184
E1433,0.017959818650546716
E1434,0.01922570895190684
E1435,0.00680416036981065
E1436,0.08266457018401635
E1437,0.006725042225975642
E1438,0.15355420481820606
E1439,0.012658903013601211
E144,0.11750300026669037
E1440,0.4977064183482976
E1441,0.18033602986932168
E1442,0.02468486087652236
E1443,0.008702995821850832
E1444,0.5943034936438795
E1446,0.20616588141168105
E1447,0.03441639256822829
E1448,0.005538270068450529
E1449,0.1010154235932083
E145,0.11539913918274217
E1450,0.018671881945061784
E1451,0.07305093786114322
E1452,0.08313450084451951
E1453,0.014874211040981421
E1454,0.0021655258245177346
E1455,0.006725042225975643
E1456,0.348041714819095
E1457,0.029273713218952797
E1458,0.08027423919163183
E1459,0.0064085696506356125
E146,0.09474797759800872
E1460,0.06335674282158414
E1461,0.2928443861676593
E1462,0.03077695795181794
E1463,0.033276735709840875
E1464,0.024605742732687348
E1465,0.011393012712241092
E1466,0.23639434616410346
E1467,0.13761323228731442
E1468,2.732504222597564
E1469,0.595385145346253
E147,0.35508377040922157
E1470,0.1318500977864699
E1472,0.3306551767564524
E1473,0.033941683705218245
E1474,0.01621921948617655
E1475,0.05775180016001423
E1476,0.5752761356565028
E1477,0.006645924082140635
E1478,0.0387678904791537
E1479,0.23203840341363677
E148,1.1197098630989422
E1480,0.014478620321806383
E1481,0.005142679349275492
E1482,0.014083029602631348
E1483,0.42930882745132903
E1484,0.023260734287492223
E1485,0.9985056449462175
E1486,0.4917844549145109
E1487,0.21986932171748602
E1488,4.461031425015556
E1489,0.07327051293448307
E149,0.011709485287581119
E1490,0.3583198506533914
E1491,0.004905324917770469
E1492,1.2960672059738645
E1493,0.217955707173971
E1494,0.09082762912258868
E1495,0.056094763979020364
E1496,0.29676119358757813
E1497,0.0522348653213619
E1498,0.07176015645835186
E1499,1.1212009956440574
E15,0.22665317657865883
E150,0.4979081473908792
E1500,0.14859809760867632
E1501,1.0785087341096984
E1502,0.0784851986843275
E1503,0.19289947995377368
E1504,0.29483098497644233
E1505,2.03667703795893
E1506,0.9051897946484131
E1507,0.15086096541914837
E1508,0.14764634634189705
E1509,0.2567077073517646
E151,0.7709597519779537
E1510,0.5346644146146324
E1511,0.07160192017068184
E1512,0.0282451773490977
E1513,0.263830562716686
E1514,0.04517646012978932
E1515,0.4738732331762823
E1516,0.008307405102675794
E1517,0.753975464485732
E1518,0.30830420481820603
E1519,0.01526980176015646
E152,0.07963174504400392
E1520,0.04565116899279936
E1521,0.008091385900968976
E1522,0.02014045692950485
E1523,0.020728953684771984
E1524,0.19896524135478708
E1525,0.11237087741132545
E1527,0.0198586541025869
E1528,0.007437105520490711
E1529,0.038293181616143666
E153,0.13026724597742023
E1530,0.01685216463685661
E1531,1.4363107831807274
E1532,0.007911814383500757
E1533,0.2877909147479776
E1534,0.011769046137434439
E1535,0.03346519690639168
E1536,0.04470175126677927
E1537,0.007911814383500757
E1538,0.4802142412658903
E1539,0.0077535780958307415
E154,0.2218917237087741
E1540,0.007322428660325364
E1541,1.7694515068006045
E1542,0.61750377811361
E1543,1.8671313005600498
E1544,0.004588852342430438
E1545,0.008940350253355853
E1546,0.016377455773846566
E1547,0.005063561205440484
E1548,0.0188301182327318
E1549,0.01724775535603165
E155,0.22460663170059564
E1550,0.013529202595786294
E1551,0.053483865232465115
E1552,0.5752345764067917
E1553,0.03647346430793849
E1554,1.0912213610906827
E1555,0.05546181882834031
E1556,0.02404302604675971
E1557,0.3308564094586186
E1558,2.2877320206240555
E1559,0.020491599253266962
E156,0.3629913770112899
E1560,0.07133789670192907
E1561,0.044273268734998664
E1562,0.0077535780958307415
E1563,0.08564939105698284
E1564,1.158167392657125
E1566,0.005933860787625567
E1567,1.656099097697573
E1568,0.07429193706107211
E1569,16.651885500933414
E157,0.15702402435772067
E1570,1.2343497199751088
E1571,0.018355409369721753
E1572,0.09858120721841943
E1573,1.6390622499777756
E1574,0.5092112113669364
E1575,6.634629744866211
E1576,0.27195328473642105
E1577,0.2923851008978576
E1578,0.04573028713663438
E1579,0.281959418614988
E158,0.014162147746466352
E1580,0.10910658725220021
E1581,0.05409991999288826
E1582,0.1885766512578896
E1583,0.007674459951995734
E1584,0.07920984087474442
E1585,0.11120988532313984
E1586,0.009573295404035917
E1587,0.1186960840963641
E1588,0.15446377455773844
E1589,0.08726731265001335
E159,0.3368924571072985
E1590,0.004588852342430438
E1591,0.9153546981953951
E1592,0.29901057871810827
E1593,0.01914659080807183
E1594,0.019937772246421907
E1595,0.07792425993421638
E1596,0.012817139301271225
E1597,0.01131389456840608
E1598,0.007674459951995734
E1599,0.5794808427415771
E16,0.628416637034403
E160,0.8616945950751177
E1600,0.004588852342430439
E1601,0.023339852431327236
E1602,0.22494215041337007
E1603,0.26963540462855956
E1604,0.08011600290396184
E1605,0.1626561990695469
E1606,0.013054493732776246
E1607,0.020808071828606986
E1608,0.40155302693572764
E1609,0.3781056093875011
E161,0.17351586807716243
E1610,0.008386523246510801
E1611,0.001819717308205174
E1612,0.11173259845319584
E1613,0.46864091252555773
E1614,0.24316039944291348
E1615,0.025950751177882477
E1616,6.281143716478502
E1617,0.18237545559605298
E1618,0.019700417814916885
E1619,0.009847986487687794
E162,0.1828411414347942
E1620,0.15501733487421104
E1621,0.03631522802026847
E1622,0.016060983198506535
E1623,0.004667970486265447
E1624,0.014162147746466352
E1625,0.02982754022579785
E1626,0.06617654902658014
E1627,0.014320384034136368
E1628,0.13901466056242034
E1629,0.15218303108424452
E163,0.12414892434883103
E1630,0.004035025335585386
E1631,0.01851364565739177
E1632,0.007120632945150682
E1633,0.2819738421192995
E1634,0.20703706996177437
E1635,0.09160547604231488
E1636,0.001819717308205174
E1637,0.020096008534091922
E1638,0.021124544403947017
E1639,0.018751000088896793
E164,0.08632500666725931
E1640,0.004826206773935461
E1641,0.04384513438231546
E1642,0.09793866121433016
E1643,0.012421548582096188
E1644,0.0069623966574806646
E1645,0.016931282780691618
E1646,0.010918303849231044
E1647,0.156253333629656
E1648,0.023498088718997247
E1649,0.28907628826266035
E165,2.616122321984176
E1650,0.013133611876611254
E1651,0.32990665836963284
E1652,0.021520135123122057
E1653,0.041141434794203936
E1654,0.009968886123210953
E1655,0.010206240554715976
E1656,0.007516223664325718
E1657,0.0064085696506356125
E1658,0.009335940972530894
E1659,0.11517163007082111
E166,0.6137043292737132
E1660,0.012342430438261177
E1661,0.006883278513645658
E1662,0.04849942217085964
E1663,0.38839471656739855
E1664,0.011076540136901058
E1665,0.6014463507867367
E1666,0.04982225086674372
E1667,0.07860165348030936
E1668,0.011946839719086142
E1669,0.03504933771890835
E167,0.05656947284203041
E1670,4.87568139390168
E1671,0.040271135212018846
E1672,0.01242154858209619
E1673,0.034653746999733316
E1674,1.058036269890657
E1675,0.01598186505467153
E1676,0.05407236198773224
E1677,0.5914556849497733
E1678,1.0867438216730376
E1679,0.0717592674904436
E168,0.17237432216196996
E1680,0.2768658325184461
E1681,0.016614810205351587
E1682,0.07962663347853144
E1683,1.1707677349097698
E1684,0.016060983198506535
E1685,2.796650146679705
E1686,0.42885578718108275
E1687,0.14998666548137612
E1688,0.018434527513556762
E1689,0.02452662458885235
E169,0.05933860787625567
E1690,0.027137523335407594
E1691,0.06922837585563162
E1692,0.1435887264053101
E1693,0.009177704684860876
E1694,0.07497466441461464
E1695,0.603658991910392
E1696,0.5124082140634723
E1697,0.055540936972175305
E1698,0.4983696328562539
E1699,6.346544026135656
E17,0.008228286958840786
E170,0.17484754200373367
E1700,0.43119388390079116
E1701,19.357317983820785
E1702,0.028245177349097702
E1703,0.16477998044270603
E1704,0.190261356565028
E1705,0.21217174859987556
E1706,0.1356440572495333
E1707,0.08415842148931757
E1708,0.015744510623166504
E1709,0.010918303849231044
E171,0.24148523572465697
E1710,0.004826206773935461
E1711,0.2329531513912348
E1712,0.3571367603046196
E1713,0.010127122410880967
E1714,0.6739070139567962
E1715,0.5124728864787981
E1716,0.01788070050671171
E1717,0.012579784869766204
E1718,0.0964143405339734
E1719,0.026108987465552496
E172,0.7092701573473197
E1720,0.00585474264379056
E1721,0.11968708329629302
E1722,0.23255856816902246
E1723,0.010760067561561028
E1724,0.004588852342430438
E1725,0.008623877678015824
E1726,0.0465636204699677
E1727,0.13700606720597386
E1728,0.005300915636945507
E1729,0.04980746436720301
E173,0.39486132841437754
E1730,0.010918303849231044
E1731,0.015348919903991468
E1732,0.16610146827866182
E1733,0.3434225264467953
E1734,0.0071997510889856885
E1735,0.013450084451951286
E1736,0.014708581503541054
E1737,0.009810649835540938
E1738,0.013529202595786292
E1739,0.00783269623966575
E174,0.7346733042937149
E1740,0.008307405102675794
E1741,0.016931282780691618
E1742,0.0324384389723531
E1743,0.021915725842297097
E1744,0.01724775535603165
E1745,0.0241825940083563
E1746,0.277963885678727
E1747,0.020728953684771984
E1748,0.04261510652798767
E1749,0.041141434794203936
E175,0.14486443239399058
E1750,0.011788603431416127
E1751,0.12466708151835719
E1752,0.020333362965596943
E1753,0.3407171526357897
E1754,0.004430616054760424
E1755,0.20306249444395055
E1756,0.023339852431327232
E1757,0.24355433816339228
E1758,0.06630100453373634
E1759,0.10918303849231044
E176,0.47838374522179755
E1760,0.003481198328740333
E1761,0.005775624499955552
E1762,0.009098586541025869
E1763,0.011946839719086144
E1764,0.4082173304293715
E1765,0.022311316561472137
E1766,0.5511903280291581
E1767,0.37569366165881407
E1768,2.421102209085252
E1769,0.09025957862921148
E177,0.32288114499066584
E1770,0.006012978931460575
E1771,0.01526980176015646
E1772,0.07924570332177674
E1773,0.1568139390168015
E1774,2.0778220286247664
E1775,8.347551037364939
E1776,0.13986278039529437
E1777,0.18112009956440575
E1778,0.4638575354846356
E1779,0.7103671437461105
E178,0.12474531069428393
E1780,0.33693426823125017
E1781,0.010522713130056007
E1782,0.08433994132811808
E1783,0.2055870521824162
E1784,0.06029069250600054
E1785,0.020966308116277
E1786,0.6043514979109255
E1787,0.07476664592408215
E1788,0.19874885915785107
E1789,0.7566983509645302
E179,0.02183660769846209
E1790,1.038798226509023
E1791,0.24187232939224224
E1792,0.059180371588585655
E1793,1.841238332296204
E1794,10.844822650902303
E1795,4.244588430587769
E1796,0.1521186994399502
E1797,0.383253029898954
E1798,0.07849038433045899
E1799,0.038903947017512666
E18,0.11961685483154058
E180,0.40938194506178327
E1800,0.5436708503718849
E1801,0.030618721664147926
E1802,0.007041514801315674
E1803,0.06821406347230866
E1804,0.10233341482205825
E1805,0.4099582185083119
E1806,7.750038225620055
E1807,0.514312383322962
E1808,0.3026509023024269
E1809,0.023260734287492223
E181,0.03378344741754823
E1810,0.9367898257622901
E1811,0.10125166681482799
E1812,0.016614810205351587
E1813,0.15599508104424095
E1814,0.013212730020446262
E1815,0.1491417829733013
E1816,0.6354583740776959
E1817,3.7853391412570008
E1818,0.0987616677037959
E1819,0.012975375588941239
E182,0.11816228109165261
E1820,0.012738021157436217
E1821,0.7440448039825762
E1822,23.590528016631783
E1823,0.31337152191305895
E1824,1.2442395990754733
E1825,0.555457373988799
E1826,0.6062373322073074
E1827,2.1672464219041694
E1828,2.7435253133611877
E1829,0.061106572436068395
E183,0.16500017038551576
E1830,0.024843097164192376
E1831,0.026108987465552496
E1832,0.026108987465552496
E1833,0.0032438438972353096
E1834,0.06432305093786114
E1835,0.9847744243932794
E1836,0.02136189883545204
E1837,0.17359557886626958
E1838,0.14090830296026313
E1839,0.010522713130056007
E184,0.2996889723530981
E1840,0.006883278513645659
E1841,0.016773046493021602
E1842,0.09770870003259549
E1843,0.26603998133167395
E1844,0.20978112869292082
E1845,0.10546715263578986
E1846,0.010206240554715976
E1847,0.027849586629922658
E1848,0.018751000088896793
E1849,0.07064361276557916
E185,0.28181682816250336
E1850,0.007437105520490711
E1851,7.2689757978486975
E1852,0.010285358698550984
E1853,0.01202595786292115
E1854,0.1782822361987732
E1855,0.004430616054760424
E1856,0.2078748110943195
E1857,1.2192945947047145
E1858,0.02381456129433728
E1859,0.01427712833733369
E186,0.13650765994014283
E1860,0.5829616262186269
E1861,0.022469552849142153
E1862,0.055187498147983516
E1863,0.08824428838118945
E1864,0.2901973508756334
E1865,0.054653813672326426
E1866,0.008386523246510801
E1867,0.003955907191750378
E1868,0.015823628767001514
E1869,0.1717399991110321
E187,0.4726260112009956
E1870,0.20179215930304914
E1871,0.1733042937149969
E1872,0.008307405102675794
E1873,0.018751000088896793
E1874,0.02262778913681216
E1875,0.09894301715708062
E1876,0.01234243043826118
E1877,0.008861232109520847
E1878,0.8438386745488488
E1879,0.020175126677926928
E188,0.004588852342430439
E1880,0.0077535780958307415
E1881,0.02753311405458263
E1882,0.015111565472486444
E1883,0.019937772246421907
E1884,0.07873513201173436
E1885,0.006012978931460575
E1886,0.07383056271668594
E1887,0.00617121521913059
E1888,0.012579784869766204
E1889,0.01851364565739177
E189,1.2534210003852193
E1890,0.08495244021690816
E1891,0.004509734198595431
E1892,0.07535603164725753
E1893,0.05497861291374048
E1894,0.08920719619521734
E1895,0.01526980176015646
E1896,0.007674459951995735
E1897,0.01131389456840608
E1898,0.017285092008178505
E1899,0.011472130856076096
E19,0.1396031869499511
E190,0.14689394612854476
E1900,0.14521434497881294
E1901,0.19871366343674995
E1902,0.010839185705396038
E1903,0.019067472664236824
E1904,0.07311494355053783
E1905,0.01068094941772602
E1906,0.07605250837111445
E1907,0.016852164636856612
E1908,0.017326873499866658
E1909,0.06466688890864374
E191,0.04335674282158415
E1910,0.005538270068450529
E1911,0.006814827984709752
E1912,0.02911547693128278
E1913,0.014715974753311408
E1914,0.034653746999733316
E1915,0.03528669215041338
E1916,0.1912837807805138
E1917,0.04742999377722464
E1918,0.11098408747444218
E1919,0.008465641390345809
E192,0.141870306990251
E1920,0.03164725753400303
E1921,0.09087118855009334
E1922,0.011393012712241092
E1923,0.02270690728064717
E1924,0.002531780602720242
E1925,0.09960014223486532
E1926,0.18609624559220075
E1927,0.007674459951995734
E1928,0.24466802604675972
E1929,0.00909858654102587
E193,0.04239253859602335
E1930,0.013766557027291317
E1931,0.10121097430882743
E1932,0.007516223664325718
E1933,0.026821050760067567
E1934,0.010601831273891015
E1935,0.10352018697958336
E1936,0.264566850386701
E1937,0.005933860787625567
E1938,0.28662362580377515
E1939,0.019700417814916882
E194,0.4400365588052272
E1940,0.08870744066139212
E1941,0.16730777550597092
E1942,0.05410080896079651
E1943,0.041299671081873955
E1944,0.07016979287047738
E1945,0.14545138827155007
E1946,0.008386523246510801
E1947,0.06655791625922304
E1948,0.007357987376655704
E1949,1.0458742999377724
E195,0.3301680149346608
E1950,0.014874211040981421
E1951,0.2899952217974931
E1952,0.024131033869677306
E1953,0.015111565472486444
E1954,4.970994755089341
E1955,0.013054493732776251
E1956,0.1612067443031973
E1957,0.029748422081962846
E1958,0.19994213559723828
E1959,0.003955907191750378
E196,0.34137315909562327
E1960,0.04968619432838474
E1961,0.13341997066405903
E1962,0.04541381456129434
E1963,0.011076540136901058
E1964,0.009177704684860876
E1965,0.009494177260200907
E1966,0.016614810205351587
E1967,0.5746281224997777
E1968,0.0749889916140694
E1969,0.022153080273802115
E197,0.22096219663970132
E1970,0.5854662636678816
E1971,0.30186327673570984
E1972,0.0253053604764868
E1973,0.008702995821850832
E1974,0.08350329658932647
E1975,0.023893679438172284
E1976,0.01621921948617655
E1977,0.6664081473908792
E1978,0.08119032802915815
E1979,0.009889767979375944
E198,0.13059294159480841
E1980,0.02239043470530714
E1981,0.033546092986043205
E1982,0.0071997510889856885
E1983,0.08703351409014136
E1984,5.108301182327319
E1985,0.18230598275402254
E1986,0.021045426260112014
E1987,0.004035025335585386
E1988,0.06165903635878746
E1989,0.020254244821761937
E199,0.050872966485909867
E1990,0.11863010045337363
E1991,0.18245855187127744
E1992,0.0016801493466085875
E1993,0.13383411858831898
E1994,0.08623255400480044
E1995,0.015586274335496489
E1996,0.020808071828606986
E1997,0.03644389130885708
E1998,0.018038936794381726
E1999,0.2659948662103298
E2,1.2754947106409458
E20,0.3251160103120277
E200,2.3840571384123033
E2000,0.010601831273891015
E2001,0.04238065605831629
E2002,0.084229709307494
E2003,0.005300915636945507
E2004,0.037106409458618546
E2005,0.014636856609476398
E2006,0.004984443061605477
E2007,0.05612952262423326
E2008,0.03085607609565295
E2009,0.011551248999911104
E201,0.08071308560760956
E2010,0.22813202655050818
E2011,0.06878211396568584
E2012,0.01629833763001156
E2013,0.1287375544492844
E2014,0.07742821584140813
E2015,0.274181934690491
E2016,0.21364592408214064
E2017,0.07451417903813673
E2018,0.05560227575784515
E2019,0.007516223664325718
E202,0.0859979998222064
E2020,0.030578718108276292
E2021,0.11462852253533648
E2022,0.00909858654102587
E2023,0.017168637212196643
E2024,0.015032447328651437
E2025,0.1452262423326518
E2026,0.0017405991643701666
E2027,0.13081484280084157
E2028,0.014399502177971375
E2029,0.6938372873885086
E203,0.3418364965774736
E2030,0.02650457818472754
E2031,0.2522504889323495
E2032,0.11281091652591341
E2033,0.17561678815894743
E2034,0.010839185705396036
E2035,0.006645924082140635
E2036,0.0778363632322873
E2037,0.22075128900346697
E2038,0.3321291374048063
E2039,0.018038936794381726
E204,0.31217069295048444
E2040,0.08214596853053605
E2041,0.01400391145879634
E2042,0.00783269623966575
E2043,0.03053960352031292
E2044,0.2116713781965804
E2045,0.06835807627344653
E2046,0.005300915636945507
E2047,0.017168637212196643
E2048,0.018671881945061787
E2049,1.090931623551723
E205,0.010760067561561028
E2050,0.016614810205351587
E2051,0.04137878922570895
E2052,0.011788603431416127
E2053,0.0024526624588852345
E2054,0.2425350031113877
E2055,0.009256822828695886
E2056,0.007437105520490712
E2057,0.0114721308560761
E2058,0.009256822828695886
E2059,0.020219575073339855
E206,0.6939257934038581
E2060,0.03990043559427505
E2061,0.01629833763001156
E2062,0.4870886301004534
E2063,0.12058405191572583
E2064,0.03897946484131923
E2065,0.07776602364654636
E2066,2.1219156147213085
E2067,0.008544759534180817
E2068,0.8226917948262067
E2069,0.10810164607224346
E207,0.06859543070495155
E2070,0.08300011852905444
E2071,0.026188105609387505
E2072,0.1159614187927816
E2073,0.11123050937861141
E2074,0.016456573917681572
E2075,0.012658903013601211
E2076,0.010601831273891015
E2077,0.00878211396568584
E2078,0.030935194239487956
E2079,0.15335612054404835
E208,0.11287425548937684
E2080,0.4241776769046138
E2081,0.15832962930038225
E2082,0.20211082466589622
E2083,0.43918837229975993
E2084,0.004667970486265446
E2085,0.002294426171215219
E2086,0.10114499066583696
E2087,0.4292657125077785
E2088,0.018751000088896793
E2089,0.1739745755178238
E209,0.20542626011200996
E2090,0.011076540136901058
E2091,0.21405102675793405
E2092,0.028640768068272735
E2093,0.024526624588852346
E2094,0.13093963907902925
E2095,0.04179927104631522
E2096,0.03164725753400303
E2097,0.17930660503155837
E2098,0.38494544700269656
E2099,0.39565028002489117
E21,1.3749048767297831
E210,0.012263312294426173
E2100,0.9268074939994667
E2101,0.3883374077695796
E2102,0.10687901146768602
E2103,0.025080451595697398
E2104,0.006329451506800606
E2105,0.42587429993777226
E2106,0.0013450084451951288
E2107,0.09023573206507243
E2108,0.05407147301982399
E2109,4.721387678904791
E211,0.7040032817731946
E2110,1.586799522920556
E2111,0.09478132871070019
E2112,0.07762289981331674
E2113,0.15293945387738167
E2114,0.4181625033336297
E2115,0.467491443683883
E2116,0.15054138145612944
E2117,0.08155491599253266
E2118,0.011393012712241092
E2119,0.04612477405398998
E212,0.10713485643168283
E2120,0.3266754822650902
E2121,0.0511894390612499
E2122,0.02729575962307761
E2123,0.004430616054760424
E2124,0.004667970486265447
E2125,0.01606098319850653
E2126,0.018038936794381726
E2127,0.004351497910925416
E2128,0.014083029602631348
E2129,1.3821631922837585
E213,0.009889767979375946
E2130,0.8621833051826829
E2131,0.013133611876611254
E2132,0.0033229620410703173
E2134,0.1544243932794026
E2135,0.03164725753400303
E2136,1.2477589119032801
E2137,0.017643346075206685
E2138,0.06349843689809466
E2139,0.007595341808160726
E214,0.5543391912614455
E2140,0.06586185438705663
E2141,0.017089519068361633
E2142,0.01946306338341186
E2143,0.09150502266868167
E2144,0.056592067443031975
E2145,0.02949773313183394
E2146,0.23077073517646016
E2147,0.007674459951995734
E2148,0.002531780602720242
E2149,0.037436564731679854
E215,0.26443728331407235
E2150,0.04825940083562984
E2151,0.09873233176282337
E2152,0.010522713130056007
E2153,0.017326873499866658
E2154,0.0015823628767001514
E2155,0.4166820458114795
E2156,0.009019468397190861
E2157,0.019067472664236824
E2158,0.003955907191750378
E2159,0.023102497999822207
E216,0.14640601386789936
E2160,0.005142679349275491
E2161,1.502128189172371
E2162,0.02128278069161704
E2163,0.5040114825021482
E2164,2.583789225708952
E2165,0.2828571428571429
E2166,0.04565116899279936
E2167,0.05553915903635879
E2168,0.016931282780691618
E2169,0.018592763801226778
E217,0.0066459240821406355
E2170,0.006250333362965596
E2171,0.015032447328651437
E2172,0.10998399857765136
E2173,0.024177556523542833
E2174,0.0421877500222242
E2175,0.022073962129967113
E2176,0.053721219663970136
E2177,0.008307405102675794
E2178,0.032564672415325804
E2179,0.36105520490710286
E218,0.3328651435683172
E2180,0.31853931460574275
E2181,0.6947043774261416
E2182,0.015191572584229708
E2183,0.015823628767001514
E2184,0.005933860787625567
E2185,0.013370966308116279
E2186,0.35065579162592225
E2187,0.016931282780691618
E2188,0.05802115743621655
E2189,0.19333075532639937
E219,0.1868338815302101
E2190,0.03589385723175393
E2191,2.270825451151213
E2192,0.04517646012978932
E2193,0.5100358658143349
E2194,0.010364476842385992
E2195,0.018592763801226778
E2196,0.012738021157436217
E2197,7.02602364654636
E2198,0.014162147746466356
E2199,0.014874211040981421
E22,0.2381433905236021
E220,0.04137878922570895
E2200,0.021678371410792072
E2201,0.15782999229561145
E2202,0.01194683971908614
E2203,0.02658369632856254
E2204,0.011155658280736069
E2205,0.03196373010934306
E2206,0.012500666725931196
E2207,0.007199751088985688
E2208,0.009019468397190861
E2209,1.9588277846919726
E221,0.27815112454440394
E2210,0.8774113254511512
E2211,0.023140723619877325
E2212,0.019700417814916882
E2213,0.013370966308116277
E2214,0.010997421993066052
E2215,0.020491599253266955
E2217,0.16986487687794471
E2218,0.004984443061605477
E2219,0.1474051026757934
E222,0.053057160636501025
E2220,0.35283136278780336
E2221,0.309707529558183
E2222,0.055529676712004025
E2223,0.30938267105224165
E2224,0.3458629433727443
E2225,0.011867721575251134
E2226,0.0030064894657302874
E2227,0.026108987465552496
E2228,0.13329184816428127
E2229,0.29119577295759624
E223,0.2383571873055383
E2230,0.21091474797759802
E2231,0.05272744243932794
E2232,0.7283129611521024
E2233,0.08849853320295138
E2234,0.01819717308205174
E2235,0.009968886123210953
E2236,0.013924793314961333
E2237,0.05174216226627552
E2238,0.18347230864965774
E224,0.004667970486265446
E2240,0.08228998133167394
E2241,1.273849564405725
E2242,0.2783447417548226
E2243,0.2234598630989421
E2244,0.2313005600497822
E2245,0.33452251311227665
E2246,0.1779838207840697
E2247,0.2422775357809583
E2248,0.7414301474945922
E2249,0.3371499688861232
E225,1.8784206373899903
E2250,0.38988054493732777
E2251,0.2149030358254067
E2252,1.510080118232732
E2253,0.34059477879515215
E2254,1.51934583074051
E2255,0.16387056627255756
E2256,0.01202595786292115
E2257,0.15446172993154944
E2258,1.0036441951405781
E2259,0.23301415681393903
E226,0.0967740688061161
E2260,6.841437796996097
E2261,0.16890245799626633
E2262,6.842739576851275
E2263,4.868277624677749
E2264,1.5512632233976353
E2265,0.6106782825140012
E2266,0.017722464219041695
E2267,0.11314872433105165
E2268,0.20035292025957865
E2269,0.13765212463330076
E227,2.7464281269446174
E2270,0.008861232109520847
E2271,1.9253222508667436
E2272,0.3509645301804605
E2273,0.009889767979375946
E2274,0.10702985450558568
E2275,0.007516223664325719
E2276,0.1407929593741666
E2277,0.04408248881382049
E2278,0.3690656947284204
E2279,0.024763979020357367
E228,0.1684199188075977
E2280,0.1928411414347942
E2281,0.21797137523335405
E2282,0.4404464841319228
E2283,0.5152724408836341
E2284,1.0154703751444571
E2285,0.10281269446172993
E2286,0.3930802738021158
E2287,2.08091008089608
E2288,0.02919459507511779
E2289,0.11709840874744423
E229,0.16034669748422084
E2290,0.14663703440305806
E2291,0.7758520757400658
E2292,0.09172815361365454
E2293,0.023181616143657217
E2294,0.08573917681571695
E2295,0.03824606631700596
E2296,1.0234646857498444
E2297,0.1578122499777758
E2298,0.21074483657806617
E2299,0.041072095297359765
E23,0.0854271490799182
E230,0.011393012712241088
E2300,0.1257018401635701
E2301,0.6527940261356565
E2302,4.253579651524579
E2303,0.1273802115743622
E2304,0.018513645657391768
E2305,0.03710640945861855
E2306,0.05158502978042493
E2307,0.03267579340385812
E2308,0.01590274691083652
E2309,0.005380033780780514
E231,0.16230242688238955
E2310,0.20113254511512135
E2311,1.4544505659762348
E2312,0.03710640945861855
E2313,0.36372944261712153
E2314,0.016931282780691618
E2315,0.013529202595786294
E2316,0.285694728420304
E2317,0.4578719219486177
E2318,0.48562383322962044
E2319,0.04232820695172905
E232,0.0321468574984443
E2320,0.1474051026757934
E2321,0.004588852342430438
E2322,0.017405991643701664
E2323,0.4195738914166107
E2324,2.1279651524579966
E2325,0.07036269890656947
E2326,0.30782025068895014
E2327,0.37328123981390937
E2328,0.02017512667792693
E2329,0.006645924082140635
E233,1.2782816250333364
E2330,0.022786025424482177
E2331,0.030877152043144576
E2332,0.9275840074673306
E2333,0.04836718819450618
E2334,0.00680416036981065
E2335,1.4855501322339766
E2336,0.3529167037069962
E2337,0.02895724064361277
E2338,0.23846208551871276
E2339,0.019146590808071833
E234,0.10594363943461642
E2340,0.44636613624914806
E2341,0.5093601190476191
E2342,0.8960277876551989
E2343,0.026979287047737582
E2344,0.2199195484043026
E2345,0.015428038047826475
E2346,0.8106372121966396
E2347,0.01756422793137168
E2348,0.2588964130144902
E2349,0.5220818012106127
E235,2.0295724064361274
E2350,0.016219219486176547
E2351,0.1989590185794293
E2352,0.02041248110943195
E2353,0.017521557471775268
E2354,0.008307405102675794
E2355,0.28681038314516843
E2356,0.004984443061605477
E2357,0.006962396657480666
E2358,0.00878211396568584
E2359,0.01590274691083652
E236,0.014320384034136368
E2360,0.006012978931460575
E2361,0.00680416036981065
E2362,3.19377722464219
E2363,0.018434527513556762
E2364,1.43054024061398
E2365,0.1285278098793967
E2366,0.008544759534180817
E2367,0.02484309716419237
E2368,0.012579784869766204
E2369,0.013291848164281271
E237,0.10158725220019557
E2370,0.08006756156102765
E2371,0.022469552849142153
E2372,0.006250333362965598
E2373,0.012421548582096188
E2374,0.00814916881500578
E2375,0.013370966308116277
E2376,0.09731310931342046
E2377,0.00412214419059472
E2378,0.007120632945150682
E2379,0.011946839719086142
E238,0.007595341808160726
E2380,0.007357987376655704
E2381,0.004984443061605476
E2382,1.4600124455507157
E2383,0.1025904524846653
E2384,0.09530269357276204
E2385,0.022153080273802115
E2386,0.06873562835214982
E2387,0.33840785847630905
E2388,0.008544759534180817
E2389,0.5298228731442796
E239,0.019858654102586897
E2390,0.3541497021957507
E2391,0.009335940972530894
E2392,0.1560298693217175
E2393,0.1254511512134412
E2394,0.02571339674637746
E2395,0.013687438883456308
E2396,0.1585635834296382
E2397,0.03694029098882864
E2398,0.103497199751089
E2399,0.0029273713218952798
E24,0.06344425430408629
E240,0.4288557871810828
E2400,0.008465641390345809
E2401,0.03745488487865588
E2402,0.0151124544403947
E2403,0.3265712204721227
E2404,0.004984443061605477
E2405,0.004193261623255401
E2406,0.09605831629478176
E2407,0.2529709381574659
E2408,0.0717369321717486
E2409,0.020333362965596947
E241,0.14191661481020534
E2410,0.01724775535603165
E2411,0.18410436483242953
E2412,0.038437972264201266
E2413,0.055769401724597746
E2414,2.103900902302427
E2415,0.01297537558894124
E2416,0.05522979820428483
E2417,0.011313894568406084
E2418,1.1831352786914393
E2419,0.012184194150591165
E242,0.1369786647702018
E2420,0.004984443061605476
E2421,0.08881500577829139
E2422,0.010285358698550984
E2423,5.201294337274424
E2424,0.09354787092185972
E2425,0.016931282780691618
E2426,0.00814916881500578
E2427,1.403858120721842
E2428,0.05410080896079651
E2429,0.05815183571873055
E243,0.2752084629744866
E2430,0.006645924082140635
E2431,0.03500222241977065
E2432,0.008386523246510801
E2433,0.014399502177971377
E2434,0.010839185705396038
E2435,0.018434527513556762
E2436,0.009335940972530892
E2437,1.0679733457788838
E2438,0.004747088630100454
E2439,0.1973719886212108
E244,0.20411592141523688
E2440,0.02468486087652236
E2441,0.2532545115121344
E2442,0.005380033780780515
E2443,0.09675928230657539
E2444,0.08624766645924081
E2445,0.026774824428838124
E2446,0.07543692772690906
E2447,0.0015823628767001514
E2448,0.006092097075295583
E2449,0.009810649835540938
E245,0.7476609031913949
E2450,0.06714730198239845
E2451,0.03143097904998963
E2452,0.014320384034136371
E2453,0.013529202595786294
E2454,0.02539692417103743
E2455,0.011551248999911104
E2456,0.004905324917770469
E2457,0.034923104275935646
E2458,0.17787424808131092
E2459,1.0801946839719085
E246,0.0470752955818295
E2460,13.352888256733932
E2461,0.9613246455240465
E2462,0.1598796707855513
E2463,0.010048004267045961
E2464,0.007120632945150682
E2465,0.16073428749222154
E2466,0.006012978931460576
E2467,0.021599253266957063
E2468,0.12382269535069783
E2469,0.1688762334429727
E247,0.031409903102498
E2470,0.007437105520490711
E2471,0.08964707974042138
E2472,0.08101697928704774
E2473,0.029431949506622812
E2474,0.3467623788781225
E2475,0.004984443061605477
E2476,0.776576695706285
E2477,0.05096453018046049
E2478,0.006012978931460575
E2479,0.11015768068272735
E248,0.04129967108187394
E2480,0.7559801982398435
E2481,0.03251755711618811
E2482,0.008070050671170772
E2483,0.011709485287581119
E2484,0.17625655613832342
E2485,0.023814561294337275
E2486,0.041035647613121166
E2487,0.026108987465552493
E2488,0.014874211040981421
E2489,0.10190664355350106
E249,0.08436216552582451
E2490,0.15358631878389192
E2491,0.008544759534180817
E2492,0.12450128159540108
E2493,0.03902302426882389
E2494,0.0077535780958307415
E2495,0.21510326843867603
E2496,0.11353364743532758
E2497,0.09818561649924437
E2498,0.2276522357542893
E2499,0.03197741280706433
E25,0.22429182594008357
E250,0.20037603342519336
E2500,0.24008189616854833
E2501,0.3621934171926393
E2502,0.12825515045781846
E2503,0.009573295404035917
E2504,0.7866603920348474
E2505,0.011234776424571073
E2506,0.10847464219041693
E2507,0.13639879100364474
E2509,0.026794381722819803
E251,0.07890834740865854
E2510,0.0052217974931105
E2511,0.15135334251933505
E2512,0.003639434616410348
E2513,0.02911547693128278
E2514,0.06379589296826385
E2515,0.010443594986220998
E2516,0.14070461078021748
E2517,0.009652413547870923
E2518,1.0438234509734199
E2519,0.004747088630100454
E252,0.2709604853764779
E2520,0.028086941061427683
E2521,0.10607253978131388
E2522,0.13797404213707884
E2523,0.009019468397190863
E2524,0.4532905147124189
E2525,1.0348467641568138
E2526,0.0945007185823925
E2527,0.009335940972530892
E2528,0.16113816783714105
E2529,0.008228286958840786
E253,0.64091685927638
E2530,2.189855320472931
E2531,0.18647168637212197
E2532,0.004035025335585386
E2533,0.004035025335585386
E2534,0.0064085696506356125
E2535,0.008544759534180817
E2536,0.0029273713218952798
E2537,0.00617121521913059
E2538,0.004114143479420393
E2539,0.003560316472575341
E254,0.23286869943995023
E2540,0.0428820339585741
E2541,0.32898379855987203
E2542,0.06842130411592141
E2543,0.010918303849231044
E2544,0.04204462618899458
E2545,0.023181616143657217
E2546,0.19366521468574985
E2547,0.014636856609476398
E2548,0.008861232109520847
E2549,0.06214952440216909
E255,1.3018597208640768
E2550,0.7777115743621655
E2551,0.033308738554538184
E2552,0.009494177260200907
E2553,0.01756422793137168
E2554,0.015902746910836516
E2555,0.05237621121877501
E2556,0.003481198328740333
E2557,0.006012978931460575
E2558,0.00878211396568584
E2559,0.008861232109520847
E256,0.34328701810531315
E2560,0.019700417814916882
E2561,0.037361543248288734
E2562,0.011551248999911104
E2563,0.053719441728153614
E2564,0.6942503407710314
E2565,0.008782113965685838
E2566,0.012817139301271225
E2567,0.11917859365276914
E2568,0.040134900880078234
E2569,0.011946839719086142
E257,0.229513401191217
E2570,0.007595341808160726
E2571,0.08364045692950485
E2572,0.5174859987554449
E2573,0.06638458974131034
E2574,0.1466310783180727
E2575,0.14191985213500458
E2576,0.01977953595875189
E2577,1.1932794026135658
E2578,0.028957240643612766
E2579,1.0019592852698018
E258,0.6960058671881945
E2580,0.15442439327940263
E2581,0.018751000088896793
E2582,0.01400391145879634
E2583,0.11691894835096452
E2584,0.014320384034136368
E2585,0.1729377055738288
E2586,0.011393012712241088
E2587,2.057249533291848
E2588,0.02595075117788248
E2589,0.007516223664325718
E259,0.14916325895635169
E2590,0.010522713130056007
E2591,4.112027735798738
E2592,9.145312472219754
E2593,3.106446795270691
E2594,0.015823628767001514
E2595,0.05671881945061783
E2596,0.009889767979375946
E2597,0.006883278513645659
E2598,0.003402080184905325
E2599,0.009494177260200907
E26,0.07056627255756068
E260,0.3611779491510356
E2600,0.5760298693217175
E2601,0.021599253266957066
E2602,0.7097510889856876
E2603,0.4018312738910126
E2604,3.5236838830118233
E2605,3.6219539514623524
E2607,0.15493109017097817
E2608,0.33357234717160045
E2609,1.9029558182949593
E261,0.5847230864965774
E2610,2.0881082762912255
E2611,1.5855919415059117
E2612,0.8662971893797967
E2613,0.5015793533499273
E2614,0.701929060360921
E2615,0.020412481109431953
E2616,0.6303920348475419
E2617,0.8801128989243489
E2618,0.048612321095208466
E2619,0.1255570495155125
E262,0.08311138767890479
E2620,3.2298817672682016
E2621,0.8640448039825762
E2622,5.384131922837585
E2623,0.8795587404065545
E2624,0.12074673304293712
E2625,0.0038767890479153707
E2626,0.42281242036329153
E2627,0.5147515834740866
E2628,0.05728153613654547
E2629,0.3630607905887931
E263,0.5020108454084808
E2630,0.017010400924526627
E2631,0.05782469552849142
E2632,0.9879278158058493
E2633,0.6352627986124019
E2634,0.5760298693217175
E2635,0.28572161969952886
E2636,0.042565339141257
E2637,0.1273713218952796
E2638,0.47029247044181705
E2639,0.06883278513645658
E264,0.44326873499866654
E2640,0.00617121521913059
E2641,0.030302249088807895
E2642,0.10072806471686373
E2643,0.04600240021335229
E2644,0.012105076006756157
E2645,0.06637923370966309
E2646,0.008861232109520847
E2647,0.0870595164014579
E2648,0.015744510623166504
E2649,0.03167837141079207
E265,0.25746166325895636
E2650,0.018276291225886747
E2651,0.012817139301271225
E2652,0.7198372429401132
E2653,0.008465641390345809
E2654,0.8857169526180104
E2655,0.006566805938305627
E2656,0.006725042225975642
E2657,0.011630367143746113
E2658,0.2873582614750941
E2659,0.4152875811183216
E266,0.3952273461344712
E2660,0.13485998755444928
E2661,0.0816118543870566
E2662,0.041943283847453106
E2663,1.4295320695172906
E2664,0.07244999555516046
E2665,0.21885500933416302
E2666,0.01297537558894124
E2667,0.009652413547870923
E2668,0.041853498088719
E2669,0.03813494532847365
E267,0.7406623922126411
E2670,0.0940883634100809
E2671,0.05577829140368033
E2672,0.06185083118499422
E2673,0.00783269623966575
E2674,0.032438438972353094
E2675,0.3284297493110499
E2676,0.004193261623255401
E2677,0.1285874299937772
E2678,0.010048004267045961
E2679,0.45923978427712087
E268,0.39673926571250784
E2680,0.013529202595786294
E2681,0.08232731798382079
E2682,0.007278869232820695
E2683,0.003085607609565295
E2684,0.006329451506800606
E2685,0.005063561205440484
E2686,0.1110672300500785
E2687,0.01170948528758112
E2688,0.35453325480783476
E2689,0.023577206862832253
E269,0.538658547426438
E2690,0.008070050671170772
E2691,0.10372167896405607
E2692,2.905986309894213
E2693,0.4845550715619166
E2694,0.21998288736776603
E2695,0.10898568761667703
E2696,0.7871393012712242
E2697,0.19601742377100187
E2698,0.35283136278780336
E2699,0.47994840282099144
E27,0.22255381959877912
E270,0.009889767979375946
E2700,0.5305468263845675
E2701,0.040771624144368385
E2702,0.02509023024268824
E2703,0.07997510889856875
E2704,0.9771935283136278
E2705,0.497317983820784
E2706,0.6523459863098942
E2707,0.040983198506533924
E2708,0.5716700743769816
E2709,0.08416781491688151
E271,0.0695715174682194
E2710,0.11076125285210538
E2711,0.08311138767890479
E2712,1.8295332918481642
E2713,0.3308774113254512
E2714,0.21856198328740334
E2715,2.1018281625033337
E2716,0.22314839096808606
E2717,0.002215308027380212
E2718,0.40474259934216367
E2719,1.0769242821584142
E272,0.06250333362965597
E2720,0.05096453018046049
E2721,0.1340759178593653
E2722,1.9769306160547604
E2723,0.13784216930393814
E2724,0.15403232139153109
E2725,0.6058690105787181
E2726,0.013291848164281271
E2727,0.07352072776839422
E2728,3.2553632545115123
E2729,0.004826206773935461
E2730,0.008228286958840786
E2731,0.01828518090496933
E2732,0.0055382700684505305
E2733,0.541624922215308
E2734,0.036236109876433456
E2735,0.0013067828251400121
E2736,0.008702995821850832
E2737,0.17092719352831362
E2738,1.354095030669393
E2739,1.1314872433105165
E274,1.699059360832074
E2740,0.006645924082140635
E2741,0.007437105520490711
E2742,0.3848182060627612
E2743,0.16891723708774117
E2744,0.02262778913681216
E2745,0.14315939194595076
E2746,0.0032438438972353096
E2747,0.012263312294426173
E2748,0.015428038047826475
E2749,0.15129904880433814
E275,0.509503178060272
E2750,0.17460040892523782
E2751,0.05783536314339052
E2752,0.11932794026135658
E2753,1.7782086185438706
E2754,0.328562538892346
E2755,0.005933860787625567
E2756,0.008861232109520847
E2757,0.01629833763001156
E2758,1.4812196639701307
E2759,0.18675026669037245
E276,1.202953595875189
E2760,0.010443594986220998
E2761,1.7050210018668326
E2762,5.053889234598631
E2763,0.007990932527335765
E2764,0.046402346875277806
E2765,0.01878774409577148
E2766,0.2281838385634279
E2767,0.06690461374344386
E2768,0.0334669748422082
E2769,0.13349542181527246
E277,0.3271304115921415
E2770,0.007674459951995734
E2771,0.021124544403947024
E2772,0.013766557027291315
E2773,0.025001333451862392
E2774,0.057070850742288196
E2775,0.149795804071473
E2776,0.9771935283136278
E2777,0.26031113876789047
E2778,0.004193261623255401
E2779,0.03441639256822829
E278,1.7356600586718822
E2780,0.01308294070584052
E2781,0.008702995821850832
E2782,0.00814916881500578
E2783,0.08254758941535544
E2784,0.7511387678904791
E2785,0.011551248999911104
E2786,1.10508556316117
E2787,0.029036358787447775
E2788,0.009494177260200909
E2789,0.4410504637449254
E279,0.17406347230864963
E2790,0.6566371603401783
E2791,4.030476820161792
E2792,0.014399502177971375
E2793,0.012184194150591165
E2794,0.03156813939016802
E2795,0.008465641390345809
E2796,0.047475331140545834
E2797,0.17709785314250157
E2798,0.0407458440750289
E2799,0.04008332592526743
E28,0.012263312294426173
E280,0.4423086496577474
E2800,0.5643547204195928
E2801,0.009177704684860878
E2802,0.007357987376655704
E2803,0.007595341808160726
E2804,0.022944261712152192
E2805,0.03275491154769313
E2806,0.07286714374611077
E2807,0.048705884967552675
E2808,0.02753311405458263
E2809,0.005350697839807983
E281,0.340285358698551
E2810,0.003164725753400303
E2811,0.012896257445106233
E2812,0.014478620321806385
E2815,0.19491422200491892
E2816,0.09576406791714819
E2817,0.9936252333540759
E2818,0.2262974486621033
E2819,0.29038670104009245
E282,0.20795697395324028
E2820,0.2834947624974071
E2821,2.5234749755533823
E2822,0.25678301034165996
E2823,0.22264236265445816
E2824,0.0552544522476072
E2825,0.049044752126114914
E2826,0.06780314546478206
E2827,0.32633520016594064
E2828,0.14760600942305985
E2829,0.009652413547870923
E283,0.13491288114499064
E2830,0.01938394523957685
E2831,2.232115743621655
E2832,0.003560316472575341
E2833,0.003481198328740333
E2834,2.4048537647790913
E2835,0.8970725175571161
E2836,0.05174326606809495
E2837,0.13990932527335764
E2838,0.014025246688594542
E2839,6.623176889797611
E284,0.2293295107713278
E2840,0.5615432482887367
E2841,0.023893679438172284
E2842,2.9315805849408836
E2843,0.20111698817672682
E2844,0.05814116810383145
E2845,0.009256822828695884
E2846,0.03998755444928438
E2847,0.18931471686372123
E2848,0.017485109787536673
E2849,0.014478620321806385
E285,0.4154394390612499
E2850,0.25795892968263845
E2851,0.006725042225975642
E2852,0.3407851809049693
E2853,0.23482353987021068
E2854,0.011630367143746113
E2855,0.07079707085074229
E2856,0.009494177260200907
E2857,0.1433431027202418
E2858,0.013133611876611254
E2859,0.12833984502326135
E286,1.03497199751089
E2860,0.010127122410880967
E2861,0.025159569739532407
E2862,0.01811805493821673
E2863,0.0240519157258423
E2864,0.040054856728005454
E2865,0.0038767890479153707
E2866,0.0037185527602453554
E2867,0.02705840519157259
E2868,0.01621921948617655
E2869,0.19952706907280646
E287,0.4479256007941447
E2870,0.011630367143746111
E2871,0.004984443061605477
E2872,0.08941833348149464
E2873,0.025871633034047475
E2874,0.015744510623166508
E2875,0.554257793285329
E2876,0.005775624499955552
E2877,0.007199751088985688
E2878,1.1098035380922748
E2879,0.0036394346164103477
E288,4.118560983198507
E2880,0.006566805938305627
E2881,0.09355869410614275
E2882,0.018592763801226778
E2883,1.698668326073429
E2884,0.003402080184905325
E2885,0.09173615432482889
E2886,0.01400391145879634
E2887,0.017865588052271314
E2888,0.00328562538892346
E2889,0.0037185527602453554
E289,0.8576042314872434
E2890,0.026357898479864878
E2891,0.25487743354964887
E2892,0.09827006845052895
E2893,0.007595341808160726
E2894,0.021385012001066763
E2895,0.11820695172904258
E2896,0.15670755178238066
E2897,0.2007520668503867
E2898,0.11839452395768513
E2899,0.0058547426437905595
E29,0.017722464219041695
E290,0.023339852431327232
E2900,0.09491832607342875
E2901,0.007788247844252825
E2902,0.09879278158058494
E2903,0.15880321213737517
E2904,0.003210952084629745
E2905,0.2457651791270335
E2906,0.061157436216552584
E2907,0.3097507259904584
E2908,0.08877144635078674
E2909,0.011234776424571073
E291,0.040350253355853856
E2910,0.003639434616410348
E2911,0.3469223412451477
E2912,0.011551248999911104
E2913,0.009494177260200909
E2914,0.009652413547870923
E2915,0.018434527513556762
E2916,0.00814916881500578
E2917,0.01946306338341186
E2918,0.039266601475686724
E2919,1.1923547796841198
E292,0.022548670992977155
E2920,0.5729469286158769
E2921,0.005142679349275492
E2922,0.01526980176015646
E2923,0.005195128455862744
E2924,0.014241265890301363
E2925,0.019937772246421907
E2926,0.0030064894657302874
E2927,0.0033229620410703173
E2928,0.5264467952706907
E2929,0.04566539247933149
E293,0.19249002874329568
E2930,0.04478086941061428
E2931,0.004667970486265446
E2932,0.025001333451862395
E2933,0.043713218952795806
E2934,0.26715380626426055
E2935,0.0631351749785166
E2936,1.219172926482354
E2937,0.005933860787625567
E2938,0.0052217974931105
E2939,0.09829838948647288
E294,0.028561649924437733
E2940,2.890435594275047
E2941,0.06659791981509466
E2942,0.09200728953684773
E2943,0.029748422081962843
E2944,0.008544759534180817
E2945,0.01068094941772602
E2946,0.9412061072095297
E2947,0.09077162414436839
E2948,1.109196535988384
E2949,0.08467952706907281
E295,0.21013601208996355
E2950,0.22196413014490174
E2951,0.07135034225264468
E2952,0.006250333362965598
E2953,2.919385723175393
E2954,0.17971653035825408
E2955,0.1766725931193884
E2956,0.03457462885589831
E2957,0.033625211129878214
E2958,0.19444928438083386
E2959,0.21170270690728066
E296,0.6106417237087741
E2960,0.45436816605920527
E2961,0.01598186505467153
E2962,0.008861232109520847
E2963,0.22595964085696507
E2964,0.3509645301804605
E2965,0.7895581829495955
E2966,0.15446172993154947
E2967,0.007278869232820695
E2968,2.1210453151391238
E2969,0.5127815805849408
E297,0.013766557027291315
E2970,0.1457755652354283
E2971,0.05474446617477109
E2972,0.028482531780602727
E2973,0.007990932527335765
E2974,0.03631522802026847
E2975,0.11230864965774735
E2976,0.015428038047826475
E2977,0.0847141968174949
E2978,1.0522090852520225
E2979,0.02017512667792693
E298,0.7221196328562539
E2980,0.1992974931104987
E2981,1.6017275980087118
E2982,0.007911814383500757
E2983,0.0230233798559872
E2984,0.37440528046937505
E2985,0.011630367143746111
E2986,0.26993131241295526
E2987,0.010127122410880969
E2988,0.008861232109520847
E2989,0.04058760778735888
E299,0.09766290336918836
E2990,4.161569695084007
E2991,0.013370966308116279
E2992,0.004351497910925416
E2993,0.01946306338341186
E2994,0.8487118855009335
E2995,0.014715974753311408
E2996,0.014874211040981421
E2997,0.003560316472575341
E2998,0.010048004267045961
E2999,0.16282514001244558
E3,0.3612076480872373
E30,0.6254060805404924
E300,0.22248948795448484
E3000,0.08726731265001335
E3001,0.6100116677037959
E3002,0.010760067561561028
E3003,0.009573295404035917
E3004,0.011472130856076096
E3005,0.060373366521468574
E3006,0.24531093875011112
E3007,0.025159569739532407
E3008,0.013054493732776246
E3009,0.09374111032091742
E301,0.5903493495718137
E3010,0.37852864699084365
E3011,0.13832340652502442
E3012,0.04120277357987376
E3013,0.0023273179838207846
E3014,7.6030511210424105
E3015,11.438732109520846
E3016,0.0031016090319139484
E3017,0.011155658280736065
E3018,0.0071997510889856885
E3019,0.06765934749755535
E302,0.018276291225886747
E3020,0.14328704032951076
E3021,0.009968886123210953
E3022,0.44545415148013157
E3023,0.15759800871188548
E3024,0.17548226509023024
E3025,0.015610869114291638
E3026,0.024843097164192376
E3027,0.03329895990754733
E3028,0.28215708062938927
E3029,0.021599253266957063
E303,0.04782951077132782
E3030,0.3035123122055294
E3031,0.009098586541025869
E3032,0.4913361187661126
E3033,0.00814916881500578
E3034,0.003402080184905325
E3035,0.0240519157258423
E3036,0.701929060360921
E3037,7.0890175793403865
E3038,0.1828091385900969
E3039,0.12629789314605744
E304,0.30578718108276287
E3040,1.0259680860520937
E3041,0.03187838919015024
E3042,0.01646546359676416
E3043,0.14818917237087742
E3044,0.8287283314072362
E3045,0.010127122410880969
E3046,0.09465895487006253
E3047,0.07942039292381545
E3048,0.15446172993154947
E3049,0.1228078347704981
E305,0.1525397813138946
E3050,0.059487954484843106
E3051,0.20138945684060805
E3052,0.0016614810205351587
E3053,0.5031113876789048
E3054,0.022572673126500135
E3055,0.12278869232820694
E3056,0.007595341808160726
E3057,0.4715990310249801
E3058,0.0029273713218952798
E3059,0.02266723708774113
E306,0.9999848060568346
E3060,0.004272379767090408
E3061,0.004588852342430438
E3062,0.1400732287314428
E3063,0.0024526624588852345
E3064,0.025080451595697398
E3065,0.054157702906925065
E3066,0.13936883278513645
E3067,0.19714107920704063
E3068,0.6395656280558273
E3069,0.002690016890390257
E307,0.5673692105964974
E3070,0.30736321006311673
E3071,0.105849408836341
E3072,1.1746484131922839
E3073,0.16622277535780958
E3074,0.062107742910480934
E3075,0.046917059294159486
E3076,0.2341123655436039
E3077,0.4240176904613743
E3078,0.11184127477998043
E3079,0.3053835896524135
E308,0.5146054194716299
E3080,4.098904791537025
E3081,0.009968886123210953
E3082,0.014715974753311408
E3083,0.005933860787625567
E3084,0.0659845319583963
E3085,0.395802849142146
E3086,0.13046250777846918
E3087,0.25212921889353124
E3088,0.003560316472575341
E3089,0.009019468397190863
E309,0.01036447684238599
E3090,0.060825962307760675
E3091,0.006329451506800606
E3092,0.02357720686283225
E3093,0.006329451506800606
E3094,0.006250333362965598
E3095,0.02428927015734732
E3096,0.15562538892345987
E3097,0.024176371232998494
E3098,0.0923397635345364
E3099,0.638755444928438
E31,0.0037185527602453554
E310,0.024763979020357367
E3100,0.16230242688238955
E3101,0.1325875633389635
E3102,0.5778762556671704
E3103,0.010918303849231044
E3104,0.015659169703973685
E3105,0.006092097075295583
E3106,0.1210770216611847
E3107,0.05381408903013602
E3108,0.025801404569295052
E3109,1.4342672682016182
E311,0.29080320472930926
E3110,0.0729184816428127
E3111,0.015348919903991468
E3112,0.3016668148279847
E3114,0.00680416036981065
E3115,0.05413636767712685
E3116,0.006883278513645658
E3117,0.17588261178771444
E3118,0.011076540136901058
E3119,0.10063738999022136
E312,0.00973153169170593
E3120,1.1907635123122056
E3121,0.04563516757045071
E3122,1.1844100957122115
E3123,0.1734269712863366
E3124,1.8414016801493467
E3125,2.6016420348475418
E3126,0.7076540136901057
E3127,0.5896204107031736
E3128,3.119625522268646
E3129,0.30578718108276287
E313,0.40626989065694724
E3130,0.4562436661036537
E3131,0.39030372144190595
E3132,0.09722464219041693
E3133,0.12701929060360923
E3134,0.014897324206596143
E3135,0.001819717308205174
E3136,0.08632308057012476
E3137,0.0324384389723531
E3138,0.006329451506800606
E3139,0.019383945239576855
E314,0.16350542270424034
E3140,0.351017868254956
E3141,0.08154324828873677
E3142,0.3513171170770735
E3143,0.3434619743977243
E3144,0.05757519186890686
E3145,0.11055382700684505
E3146,0.10349719975108898
E3147,0.2830491599253267
E3148,0.1272379767090408
E3149,0.6015960307582897
E315,0.20438705662725576
E3150,0.18739265712507777
E3151,0.014897324206596143
E3152,2.3715974753311406
E3153,0.08624766645924084
E3154,0.2963783447417548
E3155,0.1489732420659614
E3156,0.011761045426260112
E3157,0.010680949417726023
E3158,0.02064983554093697
E3159,0.011551248999911104
E316,0.03014401280113788
E3160,0.2730310472041959
E3161,0.1480625981568732
E3162,0.00261089874655525
E3163,0.00356031647257534
E3164,0.17125789699825167
E3165,0.07190472486443239
E3166,0.10506690224316234
E3167,0.18974486621032982
E3168,6.128620655169349
E3169,0.5069187261089875
E317,0.806523246510801
E3170,0.16709854209263045
E3171,0.11290603609209707
E3172,3.2397649050285953
E3173,0.009335940972530892
E3174,0.18994399502177972
E3175,0.010285358698550982
E3176,0.21483509645301804
E3177,0.2799128811449907
E3178,0.007357987376655703
E3179,0.007595341808160726
E318,0.8651274335496487
E3180,0.001107654013690106
E3181,0.008070050671170772
E3182,0.004430616054760424
E3183,0.003481198328740333
E3184,0.006250333362965598
E3185,0.13799626633478532
E3186,0.022548670992977155
E3187,0.05728153613654547
E3188,0.0860498636915874
E3189,0.026979287047737582
E319,0.00712063294515068
E3190,0.04485732065072451
E3191,0.019700417814916882
E3192,0.002215308027380212
E3193,0.19993452751355675
E3194,0.1144741754822651
E3195,0.06633034047470887
E3197,0.09367588230064895
E3198,0.05443328295848521
E3199,0.01851364565739177
E32,0.04553293626100098
E320,0.312059738643435
E3200,0.012421548582096188
E3201,42.86611778370199
E3202,0.8832717500814886
E3203,0.0008960796515245799
E3204,0.31584558627433545
E3205,1.1387166266631108
E3206,0.775862195158088
E3207,0.05868977242421548
E3208,6.952617454884879
E3209,2.602420659614188
E321,0.130416036981065
E3210,4.7294990665836965
E3211,0.10744866210329808
E3212,2.2097199751088987
E3213,0.062424215485820965
E3214,1.7280896079651524
E3215,3.5520511823273178
E3216,0.08690239132367321
E3217,0.17291198476901648
E3218,0.34224886656591696
E3219,0.08546359676415681
E322,0.480555723471716
E3220,0.009019468397190863
E3221,2.2313240368840868
E3222,0.4320567235606128
E3223,0.0028002489110143126
E3224,0.004430616054760423
E3225,0.4084399724419949
E3226,0.0527984709751978
E3227,0.140555041929653
E3228,0.048381189439061244
E3229,0.0036394346164103477
E323,0.6233292959374166
E3230,0.14113254511512136
E3231,0.0575388627137227
E3232,0.05018046048537648
E3233,0.014162147746466352
E3234,0.01788070050671171
E3235,0.05671404124811095
E3236,0.2418006044981776
E3237,4.991984287492222
E3238,0.10114499066583696
E3239,0.003402080184905325
E324,0.014399502177971375
E3240,0.004172815361365455
E3241,0.4858609654191484
E3242,2.6356129433727444
E3243,2.618195395146235
E3244,2.3991824828873676
E3245,0.21640323584318605
E3246,0.18112009956440572
E3247,0.3902559116365899
E3248,5.153410080896079
E3249,0.04469197261978843
E325,0.362006741339971
E3250,0.05150591163658993
E3251,0.006092097075295583
E3252,0.0565251133434083
E3253,0.09800871188550093
E3254,13.124648413192284
E3255,6.30681841163659
E3256,0.007357987376655703
E3257,0.010680949417726023
E3258,0.010206240554715976
E3259,0.023893679438172284
E326,0.6239663914570184
E3260,0.00261089874655525
E3261,0.01938394523957685
E3262,0.004272379767090408
E3263,0.005300915636945507
E3264,0.08636633626692743
E3265,0.6846032980709397
E3266,0.31441194772868697
E3267,1.7328889234598632
E3268,1.220993414229413
E3269,0.22635789847986487
E327,0.38469820280321215
E3270,0.009889767979375946
E3271,0.004114143479420393
E3272,0.006329451506800606
E3273,0.009256822828695884
E3274,0.005836963285625389
E3275,0.26673760630574567
E3276,0.03789759089696862
E3277,1.2417925222982782
E3278,0.6590718063827896
E3279,0.20351591993362372
E328,0.028086941061427683
E3280,0.009415059116365901
E3281,0.12358662251459389
E3282,0.44919637301093424
E3283,0.3916818161614365
E3284,0.09533515571754526
E3285,1.4242999377722467
E3286,0.22921121136693634
E3287,0.02856164992443773
E3288,0.008465641390345809
E3289,0.042339763534536404
E329,0.09897679793759447
E3290,0.33950217797137516
E3291,0.004747088630100454
E3292,0.013924793314961329
E3293,4.8952489110143125
E3294,0.054675971197439784
E3295,0.24933416303671435
E3296,0.0029273713218952798
E3297,0.0273878789225709
E3298,0.01234243043826118
E3299,14.860035780958308
E33,2.9018590615462116
E330,0.19768512756689485
E3300,39.50856856720598
E3301,0.30029869321717484
E3302,0.14348475420037338
E3303,0.03457462885589831
E3304,0.2318971686372122
E3305,0.006487687794470619
E3306,0.4936512134411948
E3308,0.12996242628974425
E3309,0.13890123566539248
E331,0.03315050226686817
E3310,0.001424126589030136
E3311,0.01076006756156103
E3312,0.07732579192224494
E3313,0.017089519068361633
E3314,0.12701929060360923
E3315,0.09957685127566895
E3316,0.06978220286247666
E3317,4.8011947728686994
E3318,1.318534536403236
E3319,0.3187643346075207
E332,0.41064267194120957
E3320,0.00878211396568584
E3321,0.20578451417903815
E3322,0.4449039914659081
E3323,0.9679153702551339
E3324,0.009731531691705932
E3325,0.01424126589030136
E3326,3.2223782316003846
E3327,0.015744510623166508
E3328,2.15224408836341
E3329,0.08779535958751888
E333,0.21782647346430795
E3330,0.022232198417637128
E3331,0.8725478931460575
E3332,0.06226553471419682
E3333,0.014320384034136368
E3334,4.7988063585450025
E3335,0.20120670726286782
E3336,0.011889945772957596
E3338,0.049212374433282954
E3339,0.31391301449017694
E334,3.112450995644057
E3340,0.2703048048715441
E3341,0.021441016979287048
E3342,0.001819717308205174
E3343,0.19603698106498357
E3344,2.875764623522091
E3345,0.01297537558894124
E3346,0.007595341808160726
E3347,0.1356440572495333
E3348,0.05312116632589564
E3349,0.40667211159510475
E335,0.45112765579162595
E3350,0.1848799004355942
E3351,0.10477842474886657
E3352,0.009256822828695884
E3353,0.0053009156369455065
E3354,0.010285358698550984
E3355,0.007990932527335765
E3356,0.5573696550804517
E3357,0.009098586541025869
E3358,0.1447407399176223
E3359,0.2838295525258811
E336,0.1661152176489762
E3360,0.11242688238954575
E3361,0.020491599253266962
E3362,0.00814916881500578
E3363,0.19643114943550535
E3364,0.02239043470530714
E3365,0.023522090852520224
E3366,0.024605742732687348
E3367,0.31126666814827986
E3368,0.022153080273802115
E3369,0.004193261623255401
E337,0.0815708062938928
E3370,0.03584051915725842
E3371,0.006250333362965598
E3372,0.11976787566302188
E3373,0.017405991643701664
E3374,0.005300915636945507
E3375,0.2076442022119138
E3376,0.030517379322606456
E3377,0.662107742910481
E3378,0.07985195721101133
E3379,0.6548817672682016
E338,0.3619471953062494
E3380,0.3105481598364299
E3381,0.2012534447506445
E3382,0.19883578540314695
E3383,0.12436316561472131
E3384,0.0517485998755445
E3385,0.5753153613654547
E3386,0.04292203751444573
E3387,0.07631833199988147
E3388,0.29716241443683883
E339,0.25298473197617566
E3390,0.2352209085252022
E3391,0.43881056093875015
E3392,0.13015518416451832
E3393,0.15057982931816163
E3394,0.8267638234509735
E3395,0.6065798070939639
E3396,4.5393528313627876
E3397,0.05802115743621655
E3398,0.22822906480576052
E3399,15.790736550319625
E34,0.015744510623166504
E340,0.9177499111032092
E3400,0.18361809938661217
E3401,0.5057249533291848
E3402,0.05896298930275284
E3403,1.980784069695084
E3404,0.15092897146413017
E3405,0.21231276113432307
E3406,0.21448376892760837
E3407,0.15132545115121343
E3408,0.01750911192105965
E3409,0.008544759534180817
E341,0.5189654858209619
E3410,0.007120632945150682
E3411,0.04232820695172904
E3413,0.11891865202832842
E3414,0.1913130056004978
E3415,0.0671135212018846
E3416,0.8184899768868343
E3417,0.2030740510267579
E3418,1.5275731176104543
E342,0.17484754200373367
E3420,0.07421281891723709
E3421,0.16307227309094144
E3422,16.90906964204899
E3423,0.08248010934305271
E3424,0.67886734376389
E3425,2.4420441817050405
E3426,0.028870729250007405
E3427,0.35439950217797134
E3428,0.00909858654102587
E3429,0.34333871899724416
E343,0.009968886123210953
E3430,0.4092657273239102
E3431,0.018751000088896793
E3432,0.3867554152961744
E3433,0.22433028121018164
E3434,0.104281269446173
E3435,0.1935396405606424
E3436,0.012817139301271228
E3437,0.06741488132278425
E3438,0.018276291225886747
E3439,0.5995167348208729
E344,0.3860760956529469
E3440,0.03606720597386434
E3441,0.16618694254304084
E3442,0.02183660769846209
E3443,0.1701431238332296
E3444,0.18131219071324856
E3445,0.016693928349186597
E3446,0.34602620973716186
E3447,0.014874211040981421
E3448,0.010206240554715976
E3449,0.012184194150591165
E345,0.22738021157436214
E3450,0.14372738317480072
E3451,0.297339333866714
E3452,0.0830660503155836
E3453,0.018197173082051737
E3454,0.023498088718997247
E3455,0.22556659851246036
E3456,0.007674459951995734
E3457,0.013212730020446263
E3458,0.011946839719086142
E3459,0.020333362965596947
E346,0.1144741754822651
E3460,0.0034020801849053255
E3461,0.025080451595697398
E3462,0.14564494621744156
E3463,0.153427845438113
E3464,0.09643541648146502
E3465,0.2155855038966427
E3466,0.09795270690728067
E3467,0.028086941061427687
E3468,0.18190416925948974
E3469,0.20780198239843542
E347,0.317548226509023
E3470,0.4738311183216285
E3471,0.057755141197736094
E3472,0.27007314724271786
E3473,0.011946839719086142
E3474,0.04894923993243844
E3475,0.01788070050671171
E3476,0.018276291225886747
E3477,0.016622810916525916
E3478,0.01764334607520669
E3479,0.1490443594986221
E348,0.010680949417726023
E3480,0.0240519157258423
E3481,0.12943661658814115
E3482,0.11336563250066674
E3483,0.2218324962218864
E3484,0.963347075295582
E3485,10.808307405102676
E3486,0.10036092097075296
E3487,0.1721032110261653
E3488,0.014320384034136368
E3489,0.0136083207396213
E349,1.0937772246421904
E3490,0.01068094941772602
E3491,0.003955907191750378
E3492,0.012184194150591165
E3493,0.01101697928704774
E3494,1.247465135789848
E3495,0.01297537558894124
E3496,1.3646195809997925
E3497,0.31441194772868697
E3498,0.36067205973864336
E3499,0.2530046004089252
E35,0.03920348475420037
E350,0.39256789492399324
E3500,0.9890728064716864
E3501,14.372119299493287
E3502,5.572612676682372
E3503,1.9833336296559696
E3504,0.009494177260200907
E3505,2.1102739965774733
E3507,4.190516490354698
E3508,0.3904667081518357
E3509,0.0007840696950840075
E351,0.01914659080807183
E3510,0.09125077784691972
E3511,0.0045097341985954305
E3512,0.014715974753311408
E3513,0.012105076006756157
E3515,16.500626166770378
E3516,34.327364654635964
E3517,2.0675357809583073
E3518,0.3600186683260734
E3519,11.768322802936018
E352,0.8785202017957151
E3520,21.218165059116366
E3521,0.15529060916525914
E3522,0.1372255311583252
E3523,1.3546281595401073
E3524,0.025001333451862385
E3525,0.012184194150591165
E3526,0.30687883367410435
E3527,0.2725490932527335
E3528,0.08207662903369188
E3529,0.0020570717397101965
E353,0.3171856488253501
E3530,0.011472130856076096
E3531,0.012896257445106231
E3532,0.05751889056805049
E3533,0.02144101697928705
E3534,0.13085963196728598
E3535,0.05182238421192996
E3536,0.9414124144368389
E3537,0.08702373544315051
E3538,0.083548759889768
E3539,0.006487687794470619
E354,0.17641568139390168
E3540,0.10920770735176459
E3541,1.31117354875989
E3542,0.52328740332474
E3543,0.7943026639404985
E3544,0.5733054790055413
E3545,0.9303548093163837
E3546,0.003402080184905325
E3547,0.19209707529558182
E3548,0.12388301182327317
E3549,0.43421459685305364
E355,1.6912398879900437
E3550,1.2173797670904078
E3551,0.04763545648502089
E3552,0.48762734465285806
E3553,2.0838907902924704
E3554,0.11839452395768513
E3555,0.8600785625388924
E3556,0.16151835718730553
E3557,2.3423624766645923
E3558,0.6297758615580644
E3559,0.2729979331496133
E356,0.5195449595519601
E3560,0.315980087118855
E3561,0.34891101431238336
E3562,0.7244803982576229
E3563,0.0923033158502978
E3564,2.392682016179216
E3565,0.18425637834474176
E3566,0.20355942750466707
E3567,1.277034069695084
E3568,1.7688612321095207
E3569,0.35361543248288735
E357,0.35361543248288735
E3570,0.48453551426793495
E3571,0.006092097075295583
E3572,0.1356440572495333
E3573,0.09016801493466084
E3574,0.061157436216552584
E3575,0.11917859365276914
E3576,0.07919103920348476
E3577,0.936048537647791
E3578,0.4145488487865588
E3579,0.2262974486621033
E358,0.723596764156814
E3580,1.0009339996888613
E3581,0.35515890301360126
E3582,0.7058443787595934
E3583,0.013766557027291317
E3584,0.08781580584940885
E3585,0.22777913592319324
E3586,5.7081415056759255
E3587,1.3474984443061608
E3588,1.845326695706285
E3589,0.009573295404035917
E359,0.0344955107120633
E3590,0.2887790025780069
E3591,0.01621921948617655
E3592,0.033458085163125616
E3593,0.01076006756156103
E3594,0.6681983509645302
E3595,0.25422859809760867
E3596,0.1511956618366077
E3597,0.4546088541203663
E3598,0.002373544315050227
E3599,0.012105076006756157
E36,1.1121533025157793
E360,1.3480424926660146
E3600,0.2979464841319228
E3601,0.09411299522920556
E3602,0.043673215396924175
E3603,0.009177704684860876
E3604,0.24541381456129432
E3605,0.3351023424304383
E3606,0.024131033869677306
E3607,0.020096008534091922
E3608,0.007357987376655704
E3609,0.010680949417726023
E361,0.059180371588585655
E3610,0.03821406347230865
E3611,0.029031913947906485
E3612,0.07830473819895102
E3613,0.49401102320206236
E3614,0.020728953684771984
E3615,0.019700417814916882
E3616,0.011946839719086142
E3617,0.5145797404213708
E3618,0.35753578095830735
E3619,0.7986432571784158
E362,1.8630223292575498
E3620,0.011946839719086142
E3621,6.878363410080896
E3622,0.004704418170504044
E3623,0.012738021157436217
E3624,1.2798035380922748
E3625,2.132959707529558
E3626,0.1272425326695706
E3627,0.3229211485465375
E3628,1.4812196639701305
E3629,0.015823628767001514
E363,2.3297300871188553
E3630,0.0077535780958307415
E3631,0.007357987376655704
E3632,0.08703173615432484
E3633,0.4372107520668504
E3634,0.01455773846564139
E3636,0.4492664903546982
E3637,0.6274011023202062
E3638,0.5872682016179216
E3639,0.25134432690313213
E364,10.85412258867455
E3640,0.47939521290781395
E3641,0.007041514801315674
E3642,0.013212730020446263
E3643,0.015744510623166504
E3644,0.022311316561472137
E3645,0.217260297211604
E3646,0.006645924082140635
E3647,0.010997421993066052
E3648,0.0077535780958307415
E3649,0.005459151924615522
E365,1.1821344119477286
E3650,0.014003911458796337
E3651,0.005221797493110499
E3652,0.015269801760156462
E3653,0.4004989628707737
E3654,0.10003898865084303
E3655,0.057985102379470764
E3656,0.09952102409103031
E3657,0.06960068302367617
E3658,0.17421370788514534
E3659,0.03253123981390939
E366,0.42204729309271927
E3660,0.06191928171393013
E3661,0.012500666725931196
E3662,0.08861232109520846
E3663,0.34165178386226924
E3664,0.5393350520046227
E3665,0.23590230242688237
E3666,0.013529202595786294
E3668,0.5254314235339438
E3669,0.9594832874033248
E367,5.186993621655259
E3670,0.42650402257978487
E3671,0.07389634634189707
E3672,0.007595341808160726
E3673,0.023339852431327232
E3674,0.665137345541826
E3675,0.009019468397190861
E3676,3.105700284469731
E3677,3.9140394701751267
E3678,1.3080874966663705
E3679,0.48652735798737656
E368,2.0075171126322338
E3680,1.3578391412570008
E3681,0.014399502177971377
E3682,0.5958551278632175
E3683,0.05467063738999023
E3684,0.0334669748422082
E3685,0.06376966841497023
E3686,0.01131389456840608
E3687,0.008228286958840786
E3688,0.012579784869766204
E3689,0.05103120277357988
E369,2.5650801182327316
E3690,0.004747088630100454
E3691,2.0723705945579
E3692,0.12611787714463507
E3693,5.61491521468575
E3694,0.09091193291255519
E3695,0.19993777224642187
E3696,0.20621032980709397
E3697,0.09957685127566895
E3698,0.2854013690105787
E3699,0.21299937772246424
E37,0.016060983198506535
E370,2.182999377722464
E3700,1.077824362165526
E3701,0.09173615432482889
E3702,1.6645902969152813
E3703,0.01400391145879634
E3704,0.015823628767001514
E3705,0.211698817672682
E3706,0.01653569206151658
E3707,0.250756511689928
E3708,0.0729184816428127
E3709,0.15367766023646548
E371,1.7327963596764158
E3710,2.9972370877411327
E3711,0.016614810205351587
E3712,0.9476042314872433
E3713,0.25935305360476485
E3714,5.074947106409459
E3715,0.12274957774024357
E3716,0.15505700506711706
E3717,0.005380033780780515
E3718,0.9267274868877234
E3719,0.008228286958840786
E372,1.4677426882389546
E3720,0.20777846919726198
E3721,0.036869055027113525
E3722,0.9747986487687794
E3723,0.34451695706285007
E3724,0.15729875988976796
E3725,0.398476531247222
E3726,0.02555516045870744
E3727,0.006883278513645658
E3728,0.1209116365899191
E3729,0.04240732509556405
E373,9.234420203513041
E3730,0.3908774113254511
E3731,0.07546092986043204
E3732,0.2924579962663348
E3733,0.25403858120721845
E3734,0.16779091474797764
E3735,0.2830491599253267
E3736,0.847795581829496
E3737,2.163457529558183
E3738,0.018276291225886747
E3739,0.2115279284084511
E374,2.5120356253889233
E3740,1.508648324295493
E3741,3.537722464219041
E3742,0.022073962129967113
E3743,0.12164453136575101
E3744,0.09601386789936883
E3745,0.007911814383500757
E3746,0.09167926037870035
E3747,0.017722464219041695
E3748,0.06312051441609624
E3749,0.11377366877055739
E375,10.2797178619581
E3750,0.5086987732242866
E3751,0.0744866210329807
E3752,0.2595270690728065
E3754,0.011076540136901061
E3755,0.09764067917148192
E3756,0.022232198417637124
E3757,0.018434527513556762
E3758,0.18033602986932173
E3759,0.2250918896494503
E376,2.414635967641568
E3760,0.050635612054404845
E3761,0.04144546181882834
E3762,1.2547495332918484
E3763,0.012263312294426173
E3764,3.3843112869292087
E3765,0.027016623699884435
E3766,0.666683149613299
E3767,0.39634634189705753
E3768,0.1372121966397013
E3769,0.9463347853142502
E377,2.2202909147479777
E3770,2.345264467952707
E3771,0.9466980398257623
E3772,0.0511894390612499
E3773,1.2549222153080273
E3774,0.08707262867810472
E3775,0.4279337052182417
E3776,0.9237221086318785
E3777,0.31978471419681753
E3778,0.016140101342341544
E3779,0.07079484843097164
E378,0.35361543248288735
E3780,0.011788603431416127
E3781,0.1934693602394287
E3782,0.008861232109520847
E3783,0.005459151924615522
E3784,0.4091444239487954
E3785,0.1965401369010579
E3786,0.04897413103386968
E3787,0.770883634100809
E3789,0.007278869232820696
E379,0.48102209085252023
E3790,1.4178967019290603
E3791,1.136667703795893
E3792,0.008070050671170772
E3793,0.10597284943846859
E3794,0.7329211485465376
E3795,2.5413820487747056
E3796,0.11454607816991139
E3797,0.01629833763001156
E3798,0.1360085340919193
E3799,0.31504589296826385
E38,0.5401344563961241
E380,1.3627131300560051
E3800,0.07082229531513913
E3801,0.37453018046048536
E3802,0.030302249088807895
E3803,0.010048004267045961
E3804,0.037027291314783536
E3805,0.03212196639701307
E3806,0.008307405102675794
E3807,6.842739576851276
E3808,0.021915725842297097
E3809,0.4887118855009334
E381,0.27364032358431856
E3810,0.03920348475420037
E3811,2.0907965152457995
E3812,0.1372121966397013
E3813,0.012105076006756157
E3814,0.09304812279610039
E3815,0.1906058316294782
E3816,0.0533256289447951
E3817,0.12351489762052924
E3818,0.008465641390345809
E3819,0.3934488318153533
E382,2.30934660858743
E3820,0.07819006133878567
E3821,0.6727317983820784
E3822,0.3127069591371085
E3823,2.6332801804604857
E3824,0.0729184816428127
E3825,1.676658369632856
E3826,0.10584940883634102
E3827,2.396695706285003
E3828,0.11643012712241087
E3829,0.0156653924793315
E383,6.009647458561974
E3830,0.10282425104453728
E3831,0.03378344741754823
E3832,0.014162147746466356
E3833,0.04948617654902659
E3834,0.10956163510830591
E3835,0.016219219486176547
E3836,0.04939639079029247
E3837,0.6849750644501733
E3838,0.09722464219041693
E384,0.2297448662103298
E3840,0.16308649657747357
E3841,0.0517485998755445
E3842,0.09252022401991289
E3843,0.11399146590808072
E3844,0.219255600497822
E3845,0.36537647790914746
E3846,0.10271313005600498
E3847,0.08624766645924084
E3848,0.4053640323584318
E3849,2.5715619166148103
E385,2.4400466708151836
E3850,1.9901721264112366
E3851,2.3246919726197888
E3852,2.417268201617922
E3853,0.5896204107031736
E3854,0.030935194239487956
E3855,1.237579340385812
E3856,0.17719975108898567
E3857,0.023577206862832253
E3858,0.555457373988799
E3859,2.0145364032358435
E386,0.26673304293714994
E3860,2.907383322962041
E3861,0.25594057249533286
E3862,0.006566805938305628
E3863,0.002373544315050227
E3864,0.0138118943906125
E3865,0.025317806027202416
E3866,0.012817139301271225
E3867,0.003976353453640323
E3868,0.0768098275402258
E3869,0.05989776869055028
E387,1.3564553515868076
E3870,0.15495866299226596
E3871,0.014874211040981421
E3872,0.1489732420659614
E3873,0.12964352386878833
E3874,0.018197173082051737
E3875,0.001977953595875189
E3876,0.4683468530536048
E3877,0.2840411962544818
E3878,0.0061214330162681135
E3879,0.005063561205440484
E388,3.600837578491826
E3880,0.0024526624588852345
E3881,0.4460169126144546
E3882,0.018276291225886747
E3883,0.01455773846564139
E3884,0.4013553056567991
E3885,0.08546359676415681
E3886,1.461661481020535
E3887,0.20492526002311318
E3888,0.05751889056805049
E3889,0.17798382078406969
E389,1.2661418792781578
E3890,0.008228286958840786
E3891,0.010443594986221
E3892,0.14888590096897503
E3893,0.4636929578925533
E3894,0.16457996266334787
E3895,0.08228998133167394
E3896,0.10820161792159302
E3897,0.6640800663762704
E3898,0.3341207736984028
E3899,0.007595341808160726
E39,0.31911636589919107
E390,1.625434816428127
E3900,0.08389545737398882
E3901,0.1568139390168015
E3902,0.2952875811183216
E3903,1.2472328651435682
E3904,0.009408836341008088
E3905,0.5334660858742999
E3906,0.08994206892464515
E3907,0.0136083207396213
E3908,0.00015823628767001514
E3909,0.32990665836963284
E391,3.9330833851897946
E3910,0.09957685127566895
E3911,0.105065339141257
E3912,0.03293092719352831
E3913,1.1162542448217618
E3914,0.24385900968975022
E3915,1.6614272676089725
E3916,0.06881974694046879
E3917,0.08411536581029425
E3918,1.856557249533292
E3919,2.461091319228376
E392,2.065141790381367
E3920,4.113483905640098
E3921,4.53190765189229
E3922,0.17204907843660178
E3923,0.12905316768897976
E3924,0.006092097075295583
E3925,0.013845675171126325
E3926,0.10097875366699262
E3927,0.1710120603312887
E3928,0.0063294515068006065
E3929,0.0094150591163659
E393,0.009889767979375946
E3930,0.12639901324562183
E3931,0.2972310205351587
E3932,0.00814916881500578
E3933,0.015032447328651437
E3934,9.811810827629122
E3935,0.028160725397813138
E3936,0.015823628767001514
E3937,0.016456573917681575
E3938,0.36840000592645267
E3939,0.022786025424482177
E394,0.10386512875218537
E3940,0.2724181543409919
E3941,0.005300915636945507
E3942,0.3232081740599165
E3943,0.19446058908940056
E3944,0.003164725753400303
E3945,0.220830407147302
E3946,0.7066645924082141
E3947,1.2976705707173972
E3948,1.4780846075206686
E3949,0.007199751088985688
E395,0.05245532936261001
E3950,0.009652413547870923
E3951,2.7305040448039826
E3952,0.02468486087652236
E3953,0.02175748955462708
E3954,1.0872974264379056
E3956,3.4920236243221625
E3957,0.21982220641834832
E3958,0.39385156458351855
E3959,0.06044626188994578
E396,0.575407702906925
E3960,1.2765396924171037
E3961,0.019601742377100186
E3962,0.26933682994043917
E3963,2.036418014934661
E3964,0.11006311672148635
E3965,0.02626722375322251
E3966,0.010127122410880969
E3967,0.017010400924526624
E3968,0.4505582718463863
E3969,0.008940350253355855
E397,0.3165408332592527
E3970,0.04232465108009602
E3971,0.6573159447506445
E3972,1.3281176104542627
E3973,0.3780611609920882
E3974,0.003955907191750378
E3975,0.16411236554360387
E3976,0.3311767638604913
E3977,0.6975531158325184
E3978,0.06519957329540403
E3979,0.031172548670992978
E398,0.25307124336978104
E3980,0.104281269446173
E3981,1.6212149968886123
E3982,4.898005294915103
E3983,0.03101520135123122
E3984,2.2184443802412064
E3985,0.37116199217708246
E3986,0.11891980027854325
E3987,0.025080451595697398
E3988,0.45889590185794293
E3989,1.8668033219114426
E399,0.04759623077606898
E3990,0.02682105076006756
E3991,0.01234243043826118
E3992,0.5475046670815183
E3993,0.19288114499066583
E3994,7.539819539514622
E3995,0.02460574273268735
E3996,0.3410003111387679
E3997,11.709065028002488
E3998,0.3880511398993042
E3999,0.08347122707203602
E4,0.11447417548226507
E40,0.6213135352772098
E400,0.3531211737339615
E4000,0.6891785936527691
E4001,0.48433105164903545
E4002,0.24306160547604233
E4003,0.5053889234598631
E4004,0.16328384745310695
E4005,0.06350964530180461
E4006,0.012263312294426173
E4007,0.05079384834207486
E4008,0.10772713130056005
E4009,0.014320384034136368
E401,0.523758556316117
E4010,0.11843026046759711
E4011,0.08154012949299197
E4012,0.0058547426437905595
E4013,1.364491093652769
E4014,0.527678904791537
E4015,0.05723708774113255
E4017,1.5429371499688862
E4018,0.014897324206596143
E4019,0.05331673926571251
E402,0.17671288558983017
E4020,0.8177714685749845
E4021,0.020572495332918484
E4022,0.18196817494888434
E4023,0.04240732509556405
E4024,0.23411135804664118
E4025,0.046088911606957654
E4026,0.7001742377100187
E4027,0.12359465285803183
E4028,0.08826873499866655
E4029,0.4320224019912881
E403,0.0712063294515068
E4030,0.6013201173437639
E4031,0.1152582451773491
E4032,0.011709485287581119
E4033,0.010127122410880969
E4034,0.05361252852105372
E4035,5.004754200373367
E4036,0.8434723086496576
E4037,0.46288114499066585
E4038,0.009968886123210953
E4039,0.2805831629478176
E404,0.27747394027617267
E4040,1.2503344741754823
E4041,0.10663347853142502
E4042,1.3729798370966309
E4043,0.01748510978753667
E4044,0.041555693839452394
E4045,0.20228998133167392
E4046,0.003955907191750378
E4047,0.10036092097075296
E4048,0.36929682638456757
E4049,0.022786025424482177
E405,0.07962218863899014
E4050,0.22032358431860607
E4051,0.020385812072184192
E4052,0.017010400924526624
E4053,0.0146368566094764
E4054,5.3276415681393905
E4055,1.3163570095119568
E4056,1.0011132100631168
E4057,6.986717485998755
E4058,0.02595075117788248
E4059,2.211076540136901
E406,0.034099919992888264
E4060,0.009968886123210953
E4061,0.6827695054375204
E4062,1.5532233976353451
E4063,0.6176975731176104
E4064,0.05506622810916526
E4065,0.021361898835452045
E4066,0.013133611876611254
E4067,0.004272379767090408
E4068,0.008623877678015824
E4069,0.8728365854742643
E407,0.07099744421726376
E4070,1.1082897368654991
E4071,0.23638378967019288
E4072,0.034179038136723267
E4073,1.1742533780780513
E4074,0.06321539692417105
E4075,0.025317806027202416
E4076,0.008940350253355853
E4077,0.010285358698550982
E4078,0.056879189261267664
E4079,0.006725042225975642
E408,0.5805956084985331
E4080,0.004272379767090408
E4081,0.094150591163659
E4082,4.583596764156814
E4083,0.7507353987021069
E4084,0.023522090852520224
E4085,0.009889767979375946
E4086,0.7350173348742111
E4087,0.17641568139390168
E4088,0.0973242065961419
E4089,0.07840696950840075
E409,0.1677971375233354
E4090,0.0517485998755445
E4091,0.08781580584940885
E4092,0.2575443372744244
E4093,0.026583696328562542
E4094,0.06954484843097165
E4095,0.936048537647791
E4096,0.017659347497555343
E4097,0.21785369810649838
E4098,1.2546491910392035
E4099,0.09637567783803004
E41,0.2015059116365899
E410,0.034337274424393285
E4100,0.15838207840696952
E4101,1.5302053515868077
E4102,0.1466210329807094
E4103,0.10584940883634102
E4104,0.10560920970752956
E4105,0.5612720019557293
E4106,1.1167034847542003
E4107,1.7839527958040713
E4108,0.20822813879752272
E4109,0.03204284825317806
E411,1.5758898568761668
E4110,0.596602364654636
E4111,0.7104344830651612
E4112,0.3014687768542389
E4113,0.38850342252644676
E4114,15.36624941661481
E4115,0.4774984443061605
E4116,0.3583198506533914
E4117,0.2595270690728065
E4118,0.4712258867454885
E4119,1.7315238021157435
E412,0.050160903191394796
E4120,2.5840245799626635
E4121,1.1631899502177971
E4122,0.018751000088896793
E4123,0.045476042314872435
E4124,0.014113254511512133
E4125,0.21734376389012355
E4126,1.1204340385812073
E4127,0.14632622899813316
E4128,9.335173865286341
E4129,0.746411792159303
E413,6.696403235843185
E4130,0.04359409725308917
E4131,0.09454397427919518
E4132,8.957958929682638
E4133,0.09565650280024891
E4134,0.03853053604764868
E4135,3.256950840074673
E4136,1.3948583651880164
E4137,0.06722819806204997
E4138,0.010006222775357811
E4139,0.025159569739532407
E414,1.6160306471686372
E4140,0.13397724242154857
E4141,0.5417582303612173
E4142,0.09873944350608944
E4143,0.012263312294426173
E4144,0.31754822650902303
E4145,0.010839185705396038
E4146,0.08948262067739356
E4147,0.103497199751089
E4148,0.054884878655880515
E4149,0.5668847230864965
E415,7.3199222153080274
E4150,0.0032438438972353096
E4151,0.27665473968056414
E4152,0.026108987465552493
E4153,0.026741932616232558
E4154,0.01977953595875189
E4155,2.083338741221442
E4156,0.028226509023024267
E4157,0.06216063650102232
E4158,0.17585029780424927
E4159,0.03528313627878034
E416,0.09391323673215399
E4160,0.014874211040981423
E4161,0.03061872166414793
E4162,1.2693139390168016
E4163,0.5569868432749578
E4164,0.0156653924793315
E4165,0.37321717485998757
E4166,0.07381722819806205
E4167,0.0066459240821406355
E4168,0.395048382078407
E4169,0.05467063738999023
E417,0.05037158858565206
E4170,0.6165596497466442
E4171,0.008940350253355853
E4172,1.2137772246421903
E4173,0.7924647746466355
E4174,0.7193094941772601
E4175,0.009335940972530892
E4176,0.08803093608320739
E4177,13.377988593935623
E4178,0.023260734287492223
E4179,0.2139942735650576
E418,0.2705040448039826
E4180,0.05991554804871544
E4181,0.04426919429875248
E4182,0.5219251118617951
E4183,0.13732471034462324
E4184,0.024210152013512315
E4185,0.005459151924615523
E4186,0.010048004267045961
E4187,0.001424126589030136
E4188,0.010760067561561028
E4189,0.007357987376655704
E419,0.31522390879189266
E4190,0.06725042225975643
E4191,0.008386523246510801
E4192,0.012263312294426173
E4193,0.011946839719086142
E4194,0.3522797063442677
E4195,0.01076006756156103
E4196,0.9169207262867811
E4197,18.4226695706285
E4198,0.09438573799152515
E4199,0.12855720508489643
E42,0.2466090319139479
E420,0.31127566894835096
E4200,0.039526180104898216
E4201,0.016140101342341544
E4202,0.014795092897146414
E4203,0.12189527958040716
E4204,2.4024393279402614
E4205,0.014953329184816429
E4206,0.09051115654724864
E4207,0.7343550537825584
E4208,0.09575851186772158
E4209,0.09252022401991286
E421,0.059496844163925686
E4210,0.19722986487687794
E4211,0.29951462352209085
E4212,0.014636856609476398
E4213,1.8887707240643614
E4215,0.5308626322339763
E4216,3.2876177882478443
E4217,0.36500311138767894
E4218,0.6255018223842119
E4219,0.04224908880789405
E422,0.060373366521468574
E4220,0.009256822828695884
E4221,0.09565650280024891
E4222,0.04543959463063384
E4223,0.12788747147894627
E4225,0.055668948350964524
E4226,0.26109520846297446
E4227,0.0033229620410703173
E4228,0.11290603609209707
E4229,0.9616428126944618
E423,0.2346226331229443
E4230,0.7246893057160636
E4231,0.05229709307494
E4232,1.9149595519601743
E4233,0.23678904791537028
E4234,0.10528935905413814
E4235,1.0800560049782204
E4236,0.44458707440661394
E4237,0.07762289981331674
E4238,0.07135034225264468
E4239,1.4961818828340299
E424,0.022323762112187753
E4240,1.261764379055916
E4241,32.436152769135035
E4242,0.2963783447417548
E4243,0.24933416303671438
E4244,0.09815061338785672
E4245,0.7580833851897947
E4246,0.28547604231487245
E4247,0.03242688238954574
E4248,0.1939316531839867
E4249,0.1474051026757934
E425,0.2917551560138679
E4250,0.025555160458707444
E4251,2.0611574362165523
E4252,0.0050635612054404835
E4253,1.1442454884878657
E4254,0.07997510889856876
E4255,0.29515956973953233
E4256,4.705804293714997
E4257,0.14992621566361455
E4258,0.2873549871099653
E4259,0.06350964530180461
E426,0.12718141612587788
E4260,0.0650777846919726
E4261,0.04312567783803004
E4262,0.008623877678015824
E4263,0.022738021157436217
E4264,0.10192906036092098
E4265,0.39407014697602744
E4266,0.08389545737398882
E4267,0.4001662369988443
E4268,0.17171126322339764
E4269,0.015190683616321452
E427,0.0744866210329807
E4270,0.059101253444750645
E4271,0.1163783447417548
E4272,0.006883278513645658
E4273,0.010206240554715976
E4274,0.29482276202329094
E4275,4.688048848786559
E4276,0.8984691972619788
E4277,0.909264156813939
E4278,0.024289270157347317
E4279,1.490144679527069
E428,3.735002889145702
E4280,0.023339852431327232
E4281,0.2250120010667615
E4282,0.014478620321806383
E4283,0.010206240554715975
E4284,0.12809227486887723
E4285,0.08470485524639226
E4286,0.1662128855898302
E4287,0.1414625744510623
E4288,0.02895724064361277
E4289,0.054195928526980186
E429,0.16230242688238955
E4290,0.06851631256111655
E4291,0.002373544315050227
E4292,0.1331894909177112
E4293,0.020254244821761937
E4294,0.03671259667526003
E4295,0.00680416036981065
E4296,0.42318562390731024
E4297,0.0058547426437905595
E4298,0.00783269623966575
E4299,7.161006533914127
E43,0.21352660236465462
E430,0.18216351083059235
E4300,0.04319850653391413
E4301,0.008386523246510801
E4302,0.0797995303286218
E4303,0.02468486087652236
E4304,0.010443594986220998
E4305,0.19654013690105784
E4306,8.625214685749844
E4307,0.015111565472486444
E4308,0.004114143479420393
E4309,0.0156653924793315
E431,0.015823628767001514
E4310,1.6972308649657748
E4311,1.1980584940883636
E4312,0.05577829140368033
E4313,0.021203662547782026
E4314,0.013370966308116277
E4315,0.0016054760423148725
E4316,0.8701817939372388
E4317,0.01629833763001156
E4318,2.14349486621033
E4319,0.06385463152280203
E432,0.21685994310605386
E4321,0.2396061872166415
E4322,0.08389545737398882
E4323,0.007357987376655703
E4324,0.2439722642012623
E4325,0.3930802738021158
E4326,0.9381153880344919
E4327,0.057835363143390536
E4328,0.86673304293715
E433,2.5501866832607343
E4330,0.004984443061605477
E4331,0.03125166681482799
E4332,0.041555693839452394
E4333,0.6942025957862921
E4334,0.14050048893234957
E4335,0.5466339822799063
E4336,0.016465463596764155
E4337,0.1372121966397013
E4339,0.039400835629833764
E434,0.19854092080912242
E4340,0.05658191839274603
E4341,0.016773046493021602
E4342,0.2066678149168815
E4343,0.5698366743710551
E4344,0.046917059294159486
E4345,0.07213441194772868
E4346,0.021124544403947024
E4347,0.02856164992443773
E4348,0.23737398879900437
E4349,22.11076540136901
E435,0.9887055590126528
E4350,0.033657213974575516
E4351,0.7376675906545227
E4352,6.233130056004979
E4353,0.17406347230864969
E4354,0.7749295492932705
E4355,0.0020570717397101965
E4356,0.007437105520490711
E4357,0.0044057249533291844
E4358,0.9475515823628767
E4359,0.43061532876996467
E436,0.996145185127567
E4360,0.01202595786292115
E4361,0.8762095519601741
E4362,0.9566405310101639
E4363,0.5370356253889235
E4364,0.08639790203573651
E4365,0.039395501822384216
E4366,0.23210507600675614
E4367,0.05284303789966516
E4368,0.2344368388301182
E4369,0.3446719560257208
E437,0.4407396212996711
E4370,0.3034820798885826
E4371,0.014320384034136368
E4372,0.0028749222153080273
E4373,0.5679441505911637
E4374,0.5955678282514002
E4375,0.010918303849231046
E4376,0.008307405102675794
E4377,0.006645924082140635
E4378,0.05197951669778054
E4379,0.01756422793137168
E438,0.35546126322339766
E4380,0.15759800871188548
E4381,0.06534358609654192
E4383,0.006962396657480666
E4384,0.0071997510889856885
E4385,0.5372848475420038
E4386,1.1301057871810827
E4387,1.4977815805849408
E4388,0.5467942706018313
E4389,0.29534447506445016
E439,1.0723273179838209
E4390,0.008623877678015824
E4391,0.7580833851897947
E4392,0.0066459240821406355
E4393,0.016614810205351587
E4394,0.009810649835540936
E4395,0.42291980027854326
E4396,0.0015823628767001514
E4397,0.16690639908732627
E4398,0.08125433371855277
E4399,0.004430616054760424
E44,0.026188105609387505
E440,0.2574023246510801
E4400,0.02436838830118233
E4401,0.01890923637656681
E4402,0.02373544315050227
E4403,0.021678371410792076
E4404,0.3010498710996533
E4405,1.1454752644679527
E4406,0.014162147746466356
E4407,0.0330856076095653
E4408,0.32305775328177316
E441,0.33060678726997955
E4410,0.013291848164281271
E4411,0.002848253178060272
E4412,0.0156653924793315
E4413,0.017722464219041695
E4414,0.009652413547870924
E4415,0.008465641390345809
E4416,0.07555782736243222
E4417,0.02996621921948618
E4418,0.008544759534180817
E4419,0.006329451506800606
E442,0.22708462974486618
E4420,8.862821458203692
E4421,0.2783609654191484
E4422,0.11727175748955464
E4423,0.21569901028239546
E4424,0.020016890390256916
E4425,0.012658903013601213
E4426,0.14743243843897236
E4427,0.17637578895901856
E4428,0.32329637449254744
E4429,0.019858654102586897
E443,6.622151524579963
E4430,0.2814810205351587
E4431,0.03584051915725843
E4432,0.007674459951995734
E4433,3.3089662367294603
E4434,0.103497199751089
E4435,0.008940350253355855
E4436,0.04636323228731443
E4437,0.005063561205440484
E4438,0.11369010578718107
E4439,0.012896257445106233
E444,0.4648805449373278
E4440,0.012817139301271225
E4441,0.1190484191187365
E4442,0.11921415236909948
E4443,0.21585618721664146
E4444,0.8229137034403058
E4446,0.042644679527069074
E4447,0.08241888167837141
E4448,0.15869443950573384
E4449,0.10192906036092098
E445,0.4233957981450203
E4450,0.0760388701217886
E4451,0.010364476842385992
E4452,0.014162147746466356
E4453,0.12493288292292647
E4454,0.1489732420659614
E4455,1.5512632233976353
E4456,0.014715974753311408
E4457,0.33034489732420663
E4458,0.041299671081873955
E4459,0.3054584851986843
E446,0.016535692061516585
E4460,0.301629922659792
E4461,0.3181411162473701
E4462,0.02761223219841764
E4463,0.001819717308205174
E4464,0.4742164859098586
E4465,0.013845675171126323
E4466,0.008070050671170772
E4467,1.3677901369010579
E4468,0.24619425430408626
E4469,0.3413085607609565
E447,0.05143123833229621
E4470,1.9939754644857322
E4471,0.01297537558894124
E4472,1.6650267579340385
E4473,0.6468453862565561
E4474,0.6896147713130056
E4475,1.0609645301804607
E4476,0.012101520135123122
E4477,2.0133703736628443
E4478,0.009177704684860878
E4479,1.9660539825762293
E448,0.2079855987198862
E4480,1.7952548893234952
E4481,2.2533292959374167
E4482,0.00617121521913059
E4483,0.016456573917681572
E4484,0.007437105520490711
E4485,0.00783269623966575
E4486,3.3411823273179837
E4487,0.03330851631256112
E4488,3.4918992799359945
E4489,0.04865765845852965
E449,0.4450202240199129
E4490,1.5035472930927194
E4491,0.03373544315050227
E4492,0.11656858387412215
E4493,0.5920841297004177
E4494,0.007516223664325718
E4495,0.07696806382789581
E4496,0.06535158680771624
E4497,0.655557160636501
E4498,8.665668948350964
E4499,1.5307060627611344
E45,0.2369690639167926
E450,0.18425637834474176
E4501,0.8113487865588053
E4502,0.47473108720775187
E4503,0.005063561205440484
E4504,0.2996838607876256
E4505,1.316639701306783
E4506,1.614436838830118
E4507,1.164147116780751
E4508,0.009415059116365901
E4509,0.008386523246510801
E451,0.28550893412747796
E4510,0.10432393990576941
E4511,0.050319139479064814
E4512,0.11946839719086143
E4513,0.3770779624855543
E4514,0.14435327584674196
E4515,0.5275766734820873
E4516,0.11690972530891636
E4517,0.6114054582629568
E4518,0.01202595786292115
E4519,0.8499315494710642
E452,1.3385969586185438
E4520,0.007840696950840076
E4521,0.05942128189172371
E4522,0.005221797493110499
E4523,0.008386523246510801
E4524,0.0699253266957063
E4525,0.004667970486265446
E4526,0.8023273179838208
E4527,1.2390345808516314
E4528,0.6933672993154947
E4529,1.717803360298693
E453,0.9339117921593031
E4530,0.5570725175571162
E4531,0.04088363410080896
E4532,0.20391837607787358
E4533,1.110914747977598
E4534,1.4800094452840251
E4535,0.08624766645924084
E4536,0.2165448039825762
E4537,0.2486810827629123
E4538,0.023577206862832253
E4539,0.19038104868580907
E454,0.16308649657747354
E4540,0.022706907280647174
E4541,0.0282451773490977
E4542,0.206994399502178
E4543,0.24698195395146233
E4544,0.22345986309894214
E4545,0.22408680771624143
E4546,0.19601742377100187
E4547,0.050300471152991376
E4548,0.024684860876522354
E4549,0.056885945417370444
E455,0.010127122410880969
E4550,0.8789864654635966
E4551,0.14308738554538183
E4552,0.005459151924615523
E4553,0.09809849764423505
E4555,0.010601831273891015
E4557,0.21555149346608588
E4558,0.019601742377100186
E4559,0.7159860876522358
E456,0.15931493910569827
E4560,0.20590758437787066
E4561,0.2728562538892346
E4562,0.012817139301271225
E4563,0.7746608587429994
E4564,0.2642314872433105
E4565,0.29873055382700686
E4566,2.763451751266779
E4567,0.017801582362876704
E4568,0.020649835540936978
E4569,10.535943528313627
E457,0.15583725220019556
E4570,0.045809405280469374
E4571,0.3842421178178801
E4572,0.007357987376655704
E4573,0.9217647420511453
E4574,0.018038936794381722
E4575,0.015190683616321452
E4576,0.007911814383500757
E4577,0.47874067324502917
E4578,0.03338785669837319
E4579,0.09897635345364032
E458,0.10793492754911548
E4580,0.06155391590363588
E4581,0.00909858654102587
E4582,0.019621299671081876
E4583,0.011630367143746111
E4584,0.005221797493110499
E4585,0.017643346075206685
E4586,0.10715352475775626
E4587,0.013370966308116277
E4588,0.05870566272557561
E4589,4.211574362165526
E459,0.02195395146235221
E4590,0.02650457818472753
E4591,0.25594419503955906
E4592,0.0094150591163659
E4593,0.04508608172578303
E4594,0.09678460307582896
E4595,0.02175748955462708
E4596,0.6809900880078229
E4597,0.0058547426437905595
E4598,0.08024576999436986
E4599,0.010760067561561028
E46,0.19828251400124458
E460,0.9879642634900881
E4600,0.06243755000444484
E4601,0.021915725842297094
E4602,0.010601831273891015
E4603,0.2595234391205144
E4604,0.1296917503778114
E4605,0.1575980087118855
E4606,0.06384834207485111
E4607,0.10514801315672505
E4608,0.013845675171126323
E4609,0.35592586007645133
E461,1.0364245710729842
E4610,0.2895795181793937
E4611,0.28897879811538807
E4612,0.007437105520490711
E4613,0.06250333362965597
E4615,0.09173615432482887
E4617,1.5257328355113047
E4618,0.01795981865054672
E4619,7.114296048537648
E462,0.02666281447239755
E4620,0.2320846297448662
E4621,3.22576317894924
E4623,0.005380033780780515
E4624,0.8155920822591637
E4625,1.830952084629745
E4627,0.6310223649509585
E4628,2.70528313627878
E4629,0.2284959626040833
E463,0.28186914392390433
E4630,0.0077535780958307415
E4631,0.574459951995733
E4632,0.03955907191750378
E4633,1.7639750200017779
E4634,2.3327691350342254
E4635,0.11567072628678107
E4636,0.29395001777935814
E4637,25.22062947851257
E4638,0.41171349305123417
E464,0.2226757934038581
E465,0.021203662547782026
E466,0.06962396657480666
E467,0.026900168903902573
E468,0.05506622810916527
E469,0.23055843482383614
E47,0.3042190416925949
E470,0.005696506356120544
E471,0.043040270246244114
E473,0.02397279758200729
E474,0.020649835540936978
E475,2.738348853231398
E476,0.15289359054138144
E477,0.32996888612321096
E478,0.12403286218034197
E479,0.4390790292470442
E48,0.15177460218686106
E480,0.259744851394198
E481,0.012184194150591165
E482,0.5207115076895724
E483,2.0415314694639526
E484,1.803957685127567
E485,1.9104334375176784
E486,4.703085129452584
E487,0.11133789670192905
E488,4.773117610454262
E489,0.835295581829496
E49,0.5491919281713931
E490,10.794848526097944
E491,0.09957685127566895
E492,0.004509734198595431
E494,0.3713114499066584
E495,0.19366521468574985
E496,0.48524371055204907
E497,1.337490776957952
E498,0.8052835807627344
E499,0.12388301182327317
E5,0.2184830873855454
E50,0.020649835540936978
E500,0.1144741754822651
E501,0.23365276913503424
E502,0.1831966174771091
E503,5.844427310205352
E504,1.9096017423771001
E505,0.7558224064361277
E506,0.2534087918926127
E507,0.06922770912970042
E508,0.8449945476634959
E509,0.27050404480398255
E51,0.008070050671170772
E510,4.3629198428749225
E511,1.0608898568761667
E512,0.45667937149968885
E513,0.06507778469197262
E514,0.1279608187394435
E515,0.11648057605120456
E516,4.250488043381634
E517,0.008228286958840786
E518,0.08013245621833051
E519,0.26447695350697836
E52,0.015823628767001514
E520,0.08964019023913236
E521,0.08284927549115477
E522,0.398536869943995
E523,0.6918557205084894
E524,2.2218731437743964
E525,1.7478033602986933
E526,0.1364281269446173
E527,0.08467952706907281
E528,1.6869446172993154
E529,2.1351182327317986
E53,0.05095208462974487
E530,1.3211691039203486
E531,0.9291343674993333
E532,0.49999299937772246
E533,2.0675357809583077
E534,3.219595519601742
E535,2.0675357809583073
E536,0.25661747710907634
E537,0.6931176104542626
E538,0.5059825317806027
E539,0.3104408169615077
E54,0.33236998844341714
E540,0.008940350253355855
E541,0.12252222419770646
E542,0.8285020224019911
E543,0.43247754615225054
E544,0.4186932171748599
E545,0.0658538536758823
E546,0.3261729931549471
E547,0.12673748777669128
E548,0.1085756511689928
E549,0.8103619210596498
E55,0.04224908880789405
E550,0.39830740510267576
E551,0.28461729931549473
E552,1.9232856253889237
E553,0.21405102675793405
E554,0.16308649657747354
E555,0.1982451773490977
E556,0.33569254304086293
E557,0.5096145212907814
E558,0.0052217974931105
E559,0.12701717189676118
E56,0.1179242877144635
E560,0.18739265712507777
E561,0.20795669985480192
E562,0.0729184816428127
E563,0.029010578718108276
E564,1.7234176649035469
E565,0.055540936972175305
E566,0.5493172726464576
E567,0.12388301182327319
E568,0.1309735309805316
E569,0.12074673304293715
E57,0.5925618277180194
E570,0.06867454884878657
E571,0.6253243325332623
E572,0.4720099564405725
E573,0.0928466308116277
E574,0.010206240554715976
E575,1.304653546981954
E576,0.14081382048774704
E577,0.08269843245325509
E578,0.03204284825317806
E579,0.04645603312887072
E58,0.12135778735887635
E580,1.3706338618988354
E581,0.016773046493021602
E582,0.008386523246510801
E583,0.017722464219041695
E584,0.1654611965508045
E585,0.021520135123122057
E586,0.3171627477998044
E587,8.09247121966397
E588,0.17627350579310755
E589,0.15396135212018847
E59,0.1936802160192017
E590,0.521832607342875
E591,0.012500666725931196
E592,0.11071228553649214
E593,0.9739619077251312
E594,0.45695009186001717
E595,0.3001883500755622
E596,0.34891101431238336
E597,0.10707885145346252
E598,0.11369010578718107
E599,0.11828073606542804
E6,0.25404658191839274
E60,0.48494129848579126
E600,0.07855031558360744
E601,0.011076540136901061
E602,0.6731513912347763
E603,0.14505289359054138
E604,0.25325451151213435
E605,0.3367134856431683
E606,0.11290603609209707
E607,0.004588852342430438
E608,0.06978220286247666
E609,0.15944795092897146
E61,0.02682105076006756
E610,0.06742999377722464
E611,0.011788603431416127
E612,0.27128111387678905
E613,0.10649602186861054
E614,0.01621921948617655
E615,0.1485657762171452
E616,0.013370966308116277
E617,0.009177704684860878
E618,0.20387564820576642
E619,0.1397551930541974
E62,0.7154613965685838
E620,0.028482531780602727
E621,0.014083029602631345
E622,0.14431682816250332
E623,0.011472130856076096
E624,0.022786025424482183
E625,0.01914659080807183
E626,0.033862565561383236
E627,0.006012978931460575
E628,2.7184271935283135
E629,0.1507080629389279
E63,0.2964036803271402
E630,0.17014312383322963
E631,0.20542626011200996
E632,0.20648935460929863
E634,0.36772868699439953
E635,0.3858515201351232
E636,0.057123299848875465
E637,0.0905089489436098
E638,0.058682549559960884
E639,0.29806649479953773
E64,0.39325788959018576
E640,0.18483209618632768
E641,0.052847364210152015
E642,0.005696506356120544
E643,0.5143497199751088
E644,0.1964867988265624
E645,0.15192443772779804
E646,1.053312072184194
E647,3.845725731176105
E648,1.667062850031114
E649,0.4238976797937594
E65,0.1645402480220464
E650,3.007525668948351
E651,2.1710353142501555
E652,1.2071499688861231
E653,1.9099212818917235
E654,1.5875458929682638
E655,5.247222892034848
E656,1.038156502800249
E657,0.7729340385812072
E658,1.474051026757934
E659,2.004324051026758
E66,0.5571419089104216
E660,0.0114721308560761
E661,0.7729340385812072
E662,1.8881891723708772
E663,0.062186861054315944
E664,0.26522246421904166
E665,0.9646430793848342
E666,0.09472230864965775
E667,0.2765891412570006
E668,0.030038225620055117
E669,0.44723667288944197
E67,0.011788603431416127
E670,2.598406191661481
E671,6.066016645924082
E672,1.197393546092986
E673,1.8979168222360505
E674,0.80019912881145
E675,5.181224755331787
E676,0.12358787447773137
E677,0.5374402990703551
E678,0.15498702106853945
E679,1.8672322132337686
E68,0.1263916792603787
E680,0.034653746999733316
E681,0.8261492132634011
E682,0.1278033602986932
E683,4.137264312383323
E684,7.2763262289981325
E685,1.3867345986309894
E686,1.9612095519601744
E687,3.17869321717486
E688,0.021045426260112014
E689,0.022232198417637124
E69,0.07849231042759357
E690,0.13429285380922748
E691,0.9967392657125078
E692,1.795934971997511
E693,1.6519570628500313
E694,17.77369399502178
E695,18.58451695706285
E696,3.3441879278158058
E697,91.83896157436216
E698,0.2430158458529647
E699,1.0897375322250866
E7,0.6542490443594987
E70,0.7388117832696239
E700,3.801829495955196
E701,1.3036271001866833
E702,7.897363487865588
E703,0.10318250511156547
E704,0.6443219397279758
E705,0.07935549826651259
E706,8.925971725264468
E707,4.527566894835096
E708,8.979674859987554
E709,0.17914685749844428
E71,0.1331314487213678
E710,1.1461809938661216
E711,24.952157747355322
E712,3.649945091078803
E713,1.7618419415059114
E714,2.6332801804604853
E715,0.5077115743621655
E716,3.61417548226509
E717,0.24149346608587433
E718,1.3602123522090852
E719,2.0699314434010296
E72,0.04889501289003467
E720,4.833035158680771
E721,1.0739514623522093
E722,4.5049929993777225
E723,6.092538892345987
E724,1.0116342563783447
E725,0.06345275135567606
E726,1.5069871766379233
E727,0.20516645924082139
E728,2.10089185705396
E729,3.8326571250777848
E73,0.060373366521468574
E730,1.3266459240821407
E731,2.8759178593652766
E732,18.629983665214688
E733,3.3487229975997868
E734,2.5509894212818915
E735,0.9068916125877855
E736,0.5418116054760423
E737,5.493893901680149
E738,4.10491996510801
E739,0.8676563472308649
E74,0.2948843230509378
E740,1.9431100264467953
E741,0.03473286514356832
E742,5.751538581207218
E743,0.7549913325628944
E744,0.5161562879663377
E745,0.16419548404302606
E746,18.01239421281892
E747,4.755140012445551
E748,0.14270068450528936
E749,1.5870466485909858
E75,0.06304866358491124
E750,0.012421548582096188
E751,0.8622485517231163
E752,3.7571025202240196
E753,0.2686858165170237
E754,0.20345787773728033
E755,1.0832547189379795
E756,0.030697839807982935
E757,0.059101253444750645
E758,0.012738021157436217
E759,0.03932171748599876
E76,0.11331605031558359
E760,0.20952529113698995
E761,0.027770468486087652
E762,0.030144012801137886
E763,0.1308471864165704
E764,0.15855142679349277
E765,0.11373377633567429
E766,0.06532402880256023
E767,0.14512045515156902
E768,0.2334238598986577
E769,0.1104215930304916
E77,0.20176460129789317
E770,0.05435416481465019
E771,0.23855009334163038
E772,0.03196373010934306
E773,0.013766557027291315
E774,0.9092197380507896
E775,0.06003478086941061
E776,0.0052217974931105
E777,0.2900021335229798
E778,0.5404853764779092
E779,0.010364476842385992
E78,0.008544759534180817
E780,0.013212730020446263
E781,0.12481665036892166
E782,0.011867721575251134
E783,2.970491599253267
E784,0.41087018846119655
E785,1.8876620144012801
E786,7.950433795798684
E787,3.876036869943995
E788,0.2563907902924704
E789,0.19836963285625386
E79,0.15673748777669128
E790,0.1356440572495333
E791,0.2297324206596142
E792,0.2516863721219664
E793,0.1356440572495333
E794,0.9945513897531632
E795,1.3704495955196017
E796,2.9034373055382696
E797,5.551667259311938
E798,0.0729184816428127
E799,0.2783447417548226
E8,0.12466708151835719
E80,0.30067317094852875
E800,0.016437016623699886
E801,0.7653562538892346
E802,3.9408330740510267
E803,0.011946839719086142
E804,0.023339852431327232
E805,0.07669284677156489
E806,0.5708645731472427
E807,0.2704815983642991
E808,0.1662734539366462
E809,0.1794301715708063
E81,0.622821889723531
E810,0.45108609654191484
E811,0.042815916970397376
E812,0.27364032358431856
E813,0.2399253266957063
E814,0.16652318724627374
E815,0.09146146324117699
E816,0.4065256837644827
E817,0.10267579340385811
E818,0.17327940261356567
E819,0.10820161792159302
E82,0.35667170415148014
E820,0.05095208462974487
E821,0.33244966219219485
E822,1.0791965878448455
E823,0.037635345364032353
E824,0.18587996710818738
E825,0.010206240554715976
E826,0.015032447328651437
E827,0.2875309286751415
E828,2.8357934038581205
E829,0.009177704684860876
E83,0.014478620321806383
E830,2.204962468886123
E831,0.12002222419770647
E832,0.010918303849231044
E833,0.20814294603964795
E834,0.012817139301271225
E835,0.12637834474175486
E836,0.005300915636945507
E837,0.04243932794026136
E838,0.02484309716419237
E839,0.059022135300915636
E84,0.18560672059738645
E840,0.014162147746466352
E841,0.015586274335496489
E842,3.387882771397862
E843,2.55334418614988
E844,0.8774113254511512
E845,2.390791070317362
E846,2.8655320472930925
E847,0.5175330325658577
E848,0.2446795270690728
E849,0.675213352297982
E85,0.07546359676415682
E850,2.9262321095208463
E851,0.021520135123122057
E852,0.031378789225708956
E853,0.17220731472427175
E854,2.1882918481642815
E855,2.186190883634101
E856,0.05664859098586541
E857,0.08338341185883191
E858,10.487967609747129
E859,0.020491599253266962
E86,0.02911547693128278
E860,2.1066241443683884
E861,0.13461463241176994
E862,0.385159286886107
E863,0.24387638160429073
E864,0.019621299671081876
E865,0.7268326073428749
E866,0.1362974486621033
E867,0.8647725353364742
E868,1.1702089074584405
E869,0.12207929593741666
E87,0.22581207218419413
E870,0.08433994132811806
E871,0.5798255400480042
E872,0.06450884523068717
E873,0.17538404895249948
E874,0.15759800871188548
E875,0.15104738198951018
E876,0.00878211396568584
E877,0.11839452395768514
E878,0.16465463596764157
E879,0.05427504667081518
E88,0.09182982931816161
E880,0.021836607698462088
E881,0.0391021424126589
E882,0.31600137049219185
E883,0.3458849675526714
E884,0.13802560227575783
E885,0.17087709277861735
E886,0.20012123299848872
E887,0.021548604320384034
E888,0.33687808545944814
E889,0.27748917681571694
E89,0.11536403235843187
E890,0.1494319495066228
E891,0.051711263223397634
E892,0.008307405102675794
E893,0.04296744155036003
E894,0.01526980176015646
E895,0.13490976975731178
E896,0.010522713130056005
E897,0.011155658280736065
E898,0.22816428126944618
E899,0.010285358698550984
E9,0.7573743221619699
E90,1.0389110143123832
E900,0.5700186683260734
E901,0.3332296204107032
E902,0.161043759445284
E903,0.30802137967819365
E904,0.006250333362965598
E905,0.15937416659258605
E906,0.15446172993154947
E907,0.019304827095741845
E908,1.943701773490977
E909,0.16622277535780958
E91,0.7638560464633893
E910,1.2768567205973864
E911,0.23516207366580735
E912,0.397565339141257
E913,0.31127566894835096
E914,0.3031120618129019
E915,0.4116365899191039
E916,0.19758556316116987
E917,0.1419061694372833
E918,0.09019468397190862
E919,0.014795092897146414
E92,0.7467594695286046
E920,0.13328435120158827
E921,0.06854292233383708
E923,0.0029273713218952798
E924,0.10017868254955996
E925,0.363028469197262
E926,0.16387056627255758
E927,0.2203235843186061
E928,0.02175748955462708
E929,0.12074673304293716
E93,0.0722696239665748
E930,0.4202457996266335
E931,0.45652180193795006
E932,0.0266210329807094
E933,0.28154480398257625
E934,0.35592763801226773
E935,0.023339852431327232
E936,0.34365626574214003
E937,0.11786164696121137
E938,0.18033602986932168
E939,0.1187892257089519
E94,0.059496844163925686
E940,0.2514794203929238
E941,0.3720224019912881
E942,0.2383205099712567
E943,0.7545217852698018
E944,0.19705868299404394
E945,0.014715974753311406
E946,0.34499066583696325
E947,1.8179962663347853
E949,0.974897074184372
E95,0.7942830399739235
E950,0.849234102290574
E951,0.0060920970752955834
E952,0.15531012857708562
E953,0.23588263401191217
E954,0.3433096275224464
E955,0.21248288736776602
E956,0.10663347853142502
E957,0.2775606720597386
E958,0.017405991643701664
E959,0.3111163214507956
E96,1.178371744155036
E960,0.2893592763801227
E961,0.0008702995821850833
E962,0.023893679438172284
E963,0.010839185705396038
E964,0.3407259256378345
E965,0.061941505911636593
E966,0.29229942661569913
E967,0.05193626100097786
E968,0.19216708151835718
E969,0.10191928171393012
E97,0.3141758156280558
E970,0.01606098319850654
E971,0.07224742199306605
E972,1.1193341630367144
E973,1.9835700951195663
E974,0.40220749251785337
E975,0.02769135034225265
E976,0.10936753637360358
E977,0.2465044374314754
E978,0.01756422793137168
E979,0.19142912703351406
E98,0.3541483687438884
E980,0.021361898835452045
E981,0.04762912258867455
E982,0.27599253266957063
E983,6.979323273179839
E984,0.10036092097075296
E985,0.0636901057871811
E986,3.5938767890479157
E987,1.326494243932794
E988,0.1504150665244318
E989,0.033704329273713224
E99,0.024876877944706197
E990,0.46940261356565033
E991,1.4710196461907725
E992,0.24456373899902215
E993,0.17429782647346434
E994,28.737201306782822
E995,0.20998988799004353
E996,0.060525380033780794
E997,0.5182496221886389
E998,0.06519335052004624
E999,0.4773117610454262
