farm,observed_ha,simulated_ha,abs_deviation_ha,pad_pct,within_threshold
E1,8.34,8.34,0.0,0.0,True
E10,9.700000000000001,9.65,7.509999999999999,77.42268041237111,False
E100,14.169999999999998,14.169999999999998,28.339999999999996,200.0,False
E1000,7.7700000000000005,7.7700000000000005,0.0,0.0,True
E1001,1.46,1.46,0.0,0.0,True
E1002,12.41,12.41,2.8199999999999994,22.723609991941977,False
E1003,4.92,4.92,5.98,121.54471544715447,False
E1004,2.98,2.98,5.6,187.91946308724832,False
E1005,6.4,6.4,0.0,0.0,True
E1006,5.03,5.03,0.0,0.0,True
E1007,5.83,5.83,11.3,193.82504288164665,False
E1008,6.199999999999999,6.199999999999999,0.0,0.0,True
E1009,1.9300000000000002,1.9300000000000002,1.6600000000000001,86.01036269430051,False
E101,11.11,11.11,8.16,73.44734473447345,False
E1010,5.67,5.670000000000001,8.32,146.73721340388008,False
E1011,2.7800000000000002,2.7800000000000002,5.5600000000000005,199.99999999999997,False
E1012,910.99,910.99,173.59999999999997,19.056191615714766,True
E1013,5.43,5.43,0.0,0.0,True
E1014,0.28,0.28,0.0,0.0,True
E1015,11.54,11.540000000000001,1.060000000000001,9.185441941074533,True
E1016,5.9,5.8999999999999995,0.2199999999999993,3.7288135593220217,True
E1017,8.159999999999998,7.98,7.9399999999999995,97.30392156862747,False
E1018,6.73,6.73,4.9,72.80832095096582,False
E1019,10.53,10.53,0.0,0.0,True
E102,2.13,2.13,0.0,0.0,True
E1020,13.29,13.29,14.34,107.90067720090295,False
E1021,3.13,3.13,0.0,0.0,True
E1022,1.61,1.61,0.0,0.0,True
E1023,6.3500000000000005,6.3500000000000005,0.0,0.0,True
E1024,6.86,6.859999999999999,13.2,192.41982507288628,False
E1025,2.63,2.63,0.0,0.0,True
E1026,7.03,7.030000000000001,6.880000000000001,97.86628733997156,False
E1027,17.04,17.04,11.96,70.18779342723005,False
E1028,2.72,2.7199999999999998,2.6599999999999997,97.7941176470588,False
E1029,7.08,7.08,0.0,0.0,True
E103,4.3100000000000005,4.31,5.0600000000000005,117.4013921113689,False
E1030,0.85,0.85,0.0,0.0,True
E1031,8.92,8.92,4.699999999999999,52.69058295964125,False
E1032,2.02,2.02,0.0,0.0,True
E1033,2.73,2.73,0.0,0.0,True
E1034,7.86,7.86,0.0,0.0,True
E1035,7.72,7.720000000000001,9.26,119.94818652849742,False
E1036,206.32000000000002,206.32,19.920000000000023,9.654905001938745,True
E1037,6.4,6.4,0.0,0.0,True
E1038,6.68,6.68,0.0,0.0,True
E1039,7.65,7.65,0.0,0.0,True
E104,12.66,12.66,1.5399999999999994,12.164296998420216,True
E1040,6.65,6.65,1.24,18.64661654135338,True
E1041,11.64,11.64,14.64,125.77319587628865,False
E1042,11.29,11.29,0.0,0.0,True
E1043,7.79,7.79,1.48,18.998716302952502,True
E1044,2.14,2.14,0.0,0.0,True
E1045,6.58,6.58,1.0,15.19756838905775,True
E1046,0.98,0.98,0.0,0.0,True
E1047,9.68,9.68,0.92,9.50413223140496,True
E1048,7.56,7.56,12.44,164.55026455026456,False
E1049,1.9300000000000002,1.9300000000000002,0.0,0.0,True
E105,14.18,14.18,10.5,74.04795486600847,False
E1050,7.779999999999999,7.779999999999999,9.979999999999999,128.2776349614396,False
E1051,1.3399999999999999,1.3399999999999999,0.0,0.0,True
E1052,2.2600000000000002,2.2600000000000002,1.32,58.40707964601769,False
E1053,15.950000000000001,15.38,1.2100000000000004,7.586206896551726,True
E1054,68.12,68.12,136.24,200.0,False
E1055,21.98,21.98,0.0,0.0,True
E1056,2.73,2.73,0.0,0.0,True
E1057,8.06,8.06,1.8800000000000006,23.32506203473946,False
E1058,7.6499999999999995,7.6499999999999995,0.0,0.0,True
E1059,3.2899999999999996,3.29,2.22,67.47720364741643,False
E106,7.8100000000000005,4.7700000000000005,4.5,57.618437900128036,False
E1060,13.61,13.61,0.0,0.0,True
E1061,3.3699999999999997,3.3699999999999997,0.0,0.0,True
E1062,3.85,3.85,0.0,0.0,True
E1063,1.56,1.56,0.0,0.0,True
E1064,3.93,3.93,0.0,0.0,True
E1065,8.71,8.07,6.34,72.78989667049368,False
E1066,2.58,2.58,5.16,200.0,False
E1067,7.37,6.7,2.1900000000000004,29.715061058344645,False
E1068,9.46,8.39,8.63,91.2262156448203,False
E1069,2.66,2.66,0.0,0.0,True
E107,5.06,5.0600000000000005,0.580000000000001,11.462450592885396,True
E1070,7.85,7.85,15.7,200.0,False
E1071,3.32,3.32,0.0,0.0,True
E1072,3.45,3.45,0.0,0.0,True
E1073,7.53,7.53,0.0,0.0,True
E1074,1.9900000000000002,1.9900000000000002,0.76,38.19095477386934,False
E1075,4.2700000000000005,4.2700000000000005,0.0,0.0,True
E1076,1.78,1.7799999999999998,1.6,89.8876404494382,False
E1077,3.97,3.97,1.28,32.241813602015114,False
E1078,3.48,3.48,0.0,0.0,True
E1079,10.19,8.73,1.6399999999999997,16.09421000981354,True
E108,6.65,6.65,0.0,0.0,True
E1080,3.0,3.0,0.0,0.0,True
E1081,3.08,3.08,2.16,70.12987012987013,False
E1082,7.6899999999999995,7.6899999999999995,6.34,82.44473342002601,False
E1083,8.579999999999998,8.58,0.7000000000000006,8.158508158508166,True
E1084,3.2800000000000002,3.2800000000000002,0.0,0.0,True
E1085,5.48,5.48,0.0,0.0,True
E1086,1.53,1.53,0.0,0.0,True
E1087,7.1899999999999995,7.1899999999999995,0.0,0.0,True
E1088,3.0,3.0,0.0,0.0,True
E1089,5.55,5.55,4.38,78.91891891891892,False
E109,9.02,9.02,4.119999999999999,45.67627494456762,False
E1090,1.45,1.45,0.0,0.0,True
E1091,4.029999999999999,4.029999999999999,0.0,0.0,True
E1092,4.9399999999999995,4.9399999999999995,0.0,0.0,True
E1093,8.01,8.01,9.760000000000002,121.84769038701624,False
E1094,1.59,1.59,0.0,0.0,True
E1095,1.85,1.85,0.0,0.0,True
E1096,6.29,6.29,0.0,0.0,True
E1097,2.4699999999999998,2.4699999999999998,0.0,0.0,True
E1098,4.53,4.53,0.019999999999999796,0.44150110375275486,True
E1099,1.77,1.77,0.0,0.0,True
E11,11.48,11.48,2.5,21.777003484320556,False
E110,8.92,8.92,0.0,0.0,True
E1100,13.0,13.0,0.0,0.0,True
E1101,2.42,2.42,1.98,81.81818181818183,False
E1102,2.09,2.09,1.58,75.59808612440192,False
E1103,4.28,4.279999999999999,0.7199999999999998,16.822429906542048,True
E1104,2.44,2.44,0.0,0.0,True
E1105,2.46,2.46,2.18,88.6178861788618,False
E1106,2.36,2.36,0.0,0.0,True
E1107,3.13,3.13,0.0,0.0,True
E1108,2.25,2.25,1.7000000000000002,75.55555555555557,False
E1109,9.89,9.89,6.880000000000001,69.56521739130436,False
E111,4.1,4.1,4.64,113.17073170731707,False
E1110,3.83,3.83,3.06,79.89556135770235,False
E1111,1.18,1.18,0.0,0.0,True
E1112,56.41,56.41,0.0,0.0,True
E1113,1.22,1.2199999999999998,1.1400000000000001,93.44262295081968,False
E1114,1.31,1.31,1.58,120.61068702290076,False
E1115,2.1,2.1,0.0,0.0,True
E1116,3.64,3.64,1.92,52.747252747252745,False
E1117,1.0,1.0,0.0,0.0,True
E1118,5.9399999999999995,5.9399999999999995,0.0,0.0,True
E1119,6.4399999999999995,6.4399999999999995,0.0,0.0,True
E112,10.069999999999999,10.07,11.94,118.5700099304866,False
E1120,6.5,6.5,0.0,0.0,True
E1121,3.74,3.74,0.0,0.0,True
E1122,5.68,5.68,11.36,200.0,False
E1123,4.46,4.46,0.0,0.0,True
E1124,2.6,2.6,1.42,54.61538461538461,False
E1125,5.8100000000000005,5.8100000000000005,0.0,0.0,True
E1126,0.67,0.67,0.0,0.0,True
E1127,2.18,2.18,2.74,125.6880733944954,False
E1128,6.109999999999999,6.109999999999999,0.0,0.0,True
E1129,11.77,11.77,22.299999999999997,189.46474086661,False
E113,6.88,6.880000000000001,13.760000000000002,200.00000000000003,False
E1130,1.53,1.53,0.0,0.0,True
E1131,6.970000000000001,6.380000000000001,8.950000000000001,128.4074605451937,False
E1132,17.73,17.729999999999997,2.840000000000001,16.018048505358156,True
E1133,3.1399999999999997,3.14,0.9200000000000004,29.299363057324857,False
E1134,16.05,16.05,7.920000000000001,49.345794392523366,False
E1135,6.220000000000001,6.220000000000001,0.0,0.0,True
E1136,7.42,7.42,0.0,0.0,True
E1137,22.42,22.419999999999998,27.08,120.78501338090989,False
E1138,4.27,4.27,0.3599999999999997,8.43091334894613,True
E1139,5.539999999999999,5.54,6.6,119.13357400722023,False
E114,14.17,13.73,12.419999999999998,87.64996471418488,False
E1140,2.91,2.91,0.0,0.0,True
E1141,1.64,1.6400000000000001,3.28,200.0,False
E1142,15.280000000000001,15.280000000000001,8.46,55.36649214659686,False
E1143,2.2399999999999998,2.2399999999999998,1.6599999999999997,74.10714285714285,False
E1144,15.29,15.29,20.5,134.0745585349902,False
E1145,4.279999999999999,4.279999999999999,0.0,0.0,True
E1146,5.49,5.49,3.4,61.93078324225865,False
E1147,0.61,0.61,0.0,0.0,True
E1148,3.53,3.53,0.0,0.0,True
E1149,4.16,4.16,0.0,0.0,True
E115,9.57,8.969999999999999,10.239999999999998,107.0010449320794,False
E1150,8.25,8.25,0.0,0.0,True
E1151,5.79,5.79,4.0,69.08462867012089,False
E1152,2.1799999999999997,2.18,0.8799999999999997,40.36697247706421,False
E1153,0.96,0.96,0.0,0.0,True
E1154,4.15,4.15,0.0,0.0,True
E1155,0.75,0.75,1.5,200.0,False
E1156,1.1600000000000001,1.1600000000000001,0.0,0.0,True
E1157,5.52,5.52,0.0,0.0,True
E1158,2.2199999999999998,2.2199999999999998,0.0,0.0,True
E1159,3.6399999999999997,3.6399999999999997,2.3599999999999994,64.83516483516483,False
E116,12.879999999999999,12.879999999999999,0.6800000000000005,5.279503105590066,True
E1160,22.75,22.75,45.5,200.0,False
E1161,2.93,2.9299999999999997,3.88,132.42320819112626,False
E1162,1.67,1.6700000000000002,3.34,200.0,False
E1163,2.71,2.71,1.34,49.44649446494465,False
E1164,3.0100000000000002,2.7600000000000002,3.1500000000000004,104.65116279069768,False
E1165,2.18,2.18,0.0,0.0,True
E1166,7.17,7.17,0.0,0.0,True
E1167,3.3,3.3,0.0,0.0,True
E1168,3.7,2.87,1.0099999999999998,27.297297297297288,False
E1169,7.91,7.800000000000001,7.49,94.69026548672566,False
E117,10.99,10.120000000000001,5.510000000000001,50.13648771610556,False
E1170,1.23,1.23,1.5,121.95121951219512,False
E1171,1.02,1.02,0.32000000000000006,31.37254901960785,False
E1172,4.63,4.63,4.84,104.53563714902808,False
E1173,1.95,1.95,0.0,0.0,True
E1174,3.24,3.24,2.66,82.09876543209876,False
E1175,2.58,2.58,2.74,106.2015503875969,False
E1176,1.2,1.2,1.04,86.66666666666667,False
E1177,2.7399999999999998,2.7399999999999998,0.0,0.0,True
E1178,0.88,0.88,0.0,0.0,True
E1179,4.39,4.39,0.0,0.0,True
E118,3.08,3.08,0.29999999999999993,9.740259740259738,True
E1180,1.54,1.54,0.0,0.0,True
E1181,7.239999999999999,5.1899999999999995,2.3699999999999997,32.73480662983425,False
E1182,0.7,0.7,0.5,71.42857142857143,False
E1183,4.800000000000001,4.800000000000001,0.0,0.0,True
E1184,15.42,15.420000000000002,1.9399999999999988,12.581063553826192,True
E1185,6.89,6.890000000000001,2.2999999999999994,33.381712626995636,False
E1186,3.4000000000000004,3.4000000000000004,0.4,11.76470588235294,True
E1187,2.68,2.68,0.7,26.119402985074625,False
E1188,1.14,1.14,0.0,0.0,True
E1189,10.940000000000001,9.31,6.45,58.957952468007306,False
E119,7.7700000000000005,7.7700000000000005,0.0,0.0,True
E1190,6.140000000000001,6.140000000000001,0.0,0.0,True
E1191,14.21,14.21,16.5,116.11541168191414,False
E1192,3.14,3.14,1.58,50.318471337579616,False
E1193,4.529999999999999,4.529999999999999,4.2,92.71523178807948,False
E1194,2.77,2.77,0.0,0.0,True
E1195,1.17,1.17,0.0,0.0,True
E1196,1.19,1.19,0.0,0.0,True
E1197,10.340000000000002,10.340000000000002,0.0,0.0,True
E1198,5.01,5.01,0.0,0.0,True
E1199,6.34,6.34,0.8600000000000001,13.564668769716091,True
E12,3.79,3.79,0.0,0.0,True
E120,6.54,6.48,4.680000000000001,71.55963302752295,False
E1200,4.7299999999999995,4.7299999999999995,9.18,194.08033826638479,False
E1201,6.38,6.38,0.0,0.0,True
E1202,1.32,1.32,0.0,0.0,True
E1203,1.9100000000000001,1.91,1.36,71.20418848167539,False
E1204,6.359999999999999,6.359999999999999,5.94,93.39622641509435,False
E1205,0.21,0.21,0.0,0.0,True
E1206,6.9,6.9,0.0,0.0,True
E1207,3.16,3.16,0.0,0.0,True
E1209,1.85,1.85,0.0,0.0,True
E121,5.77,5.77,0.0,0.0,True
E1210,1.8499999999999999,1.8499999999999999,0.0,0.0,True
E1211,1.56,1.56,0.0,0.0,True
E1212,3.55,3.55,0.0,0.0,True
E1213,5.13,5.13,4.08,79.53216374269006,False
E1214,1.57,1.57,0.0,0.0,True
E1215,0.84,0.84,0.0,0.0,True
E1216,19.119999999999997,19.119999999999997,38.239999999999995,200.0,False
E1217,55.35,55.35,58.82,106.26919602529358,False
E1218,1.6,1.6,0.0,0.0,True
E1219,3.6,3.6,0.0,0.0,True
E122,7.01,7.01,0.6,8.559201141226819,True
E1220,19.62,19.009999999999998,38.17,194.54638124362893,False
E1221,8.78,6.59,2.1899999999999995,24.94305239179954,False
E1222,1.78,1.78,0.0,0.0,True
E1223,9.559999999999999,9.56,19.12,200.00000000000003,False
E1224,1.41,1.41,0.0,0.0,True
E1225,1.8399999999999999,1.8399999999999999,0.0,0.0,True
E1226,1.26,1.26,0.0,0.0,True
E1227,9.979999999999999,9.979999999999999,0.72,7.214428857715432,True
E1228,7.319999999999999,7.32,12.16,166.12021857923497,False
E1229,1.89,1.89,0.0,0.0,True
E123,187.6,186.03,86.17,45.93283582089553,False
E1230,1.25,1.25,0.0,0.0,True
E1231,3.64,3.46,5.12,140.65934065934064,False
E1232,21.419999999999998,21.42,32.0,149.39309056956117,False
E1233,8.06,8.06,0.0,0.0,True
E1234,1.28,1.28,0.0,0.0,True
E1235,2.38,2.38,0.0,0.0,True
E1236,2.07,2.07,0.0,0.0,True
E1237,7.91,7.91,0.0,0.0,True
E1238,2.7800000000000002,2.7800000000000002,0.0,0.0,True
E1239,1.96,1.96,0.0,0.0,True
E124,3.4800000000000004,3.4800000000000004,0.0,0.0,True
E1240,2.2199999999999998,2.2199999999999998,1.3599999999999999,61.26126126126127,False
E1241,0.55,0.55,0.0,0.0,True
E1242,3.72,3.72,0.0,0.0,True
E1243,10.940000000000001,10.94,13.079999999999998,119.5612431444241,False
E1244,3.04,3.04,0.0,0.0,True
E1245,2.1,2.1,0.0,0.0,True
E1246,5.65,5.65,0.0,0.0,True
E1247,5.94,5.9399999999999995,3.92,65.993265993266,False
E1248,1.12,1.12,0.0,0.0,True
E1249,4.4,1.65,6.050000000000001,137.50000000000003,False
E125,13.629999999999999,13.629999999999999,15.02,110.19809244314014,False
E1250,2.98,2.98,4.34,145.63758389261744,False
E1251,3.04,3.04,0.0,0.0,True
E1252,2.2,2.2,0.0,0.0,True
E1253,1.74,1.74,0.0,0.0,True
E1254,5.9399999999999995,5.9399999999999995,0.0,0.0,True
E1255,6.34,6.34,2.36,37.22397476340694,False
E1256,6.18,6.18,0.64,10.355987055016183,True
E1257,1.52,1.52,1.98,130.26315789473685,False
E1258,7.16,7.16,1.6600000000000001,23.18435754189944,False
E1259,1.42,1.42,0.0,0.0,True
E126,4.0,4.0,0.0,0.0,True
E1260,4.22,4.22,0.08000000000000004,1.895734597156399,True
E1261,15.11,15.11,9.2,60.886829913964256,False
E1262,1.13,1.13,0.0,0.0,True
E1263,13.41,13.41,0.16000000000000036,1.1931394481730078,True
E1264,2.86,2.86,0.0,0.0,True
E1265,6.31,6.31,0.0,0.0,True
E1266,6.04,6.040000000000001,7.220000000000001,119.53642384105962,False
E1267,7.61,7.61,4.74,62.286465177398156,False
E1268,1.22,1.22,0.0,0.0,True
E1269,2.84,2.84,0.0,0.0,True
E127,1.87,1.87,0.0,0.0,True
E1270,2.27,2.27,0.0,0.0,True
E1271,12.100000000000001,10.81,4.890000000000001,40.413223140495866,False
E1272,2.19,2.19,0.0,0.0,True
E1273,19.87,19.87,0.0,0.0,True
E1274,7.53,7.53,11.8,156.70650730411685,False
E1276,1.04,1.04,1.48,142.3076923076923,False
E1277,7.89,7.890000000000001,1.5599999999999994,19.771863117870716,True
E1278,6.13,6.13,0.0,0.0,True
E1279,4.0,4.0,5.22,130.5,False
E128,0.8,0.7999999999999999,0.6799999999999999,85.0,False
E1280,2.57,2.57,0.0,0.0,True
E1281,1.78,1.78,0.0,0.0,True
E1282,3.1900000000000004,3.1900000000000004,0.0,0.0,True
E1283,1.43,1.43,0.0,0.0,True
E1284,6.760000000000001,6.76,6.94,102.66272189349111,False
E1285,1.79,1.79,0.0,0.0,True
E1286,1.58,1.58,0.0,0.0,True
E1287,1.01,1.01,0.0,0.0,True
E1288,3.8,3.8,0.0,0.0,True
E1289,2.29,2.29,4.58,200.0,False
E129,5.77,5.49,0.3400000000000001,5.89254766031196,True
E1290,1.46,1.46,0.0,0.0,True
E1291,6.49,6.49,0.0,0.0,True
E1292,1.3,1.3,0.0,0.0,True
E1293,0.47,0.47,0.0,0.0,True
E1294,2.05,2.05,0.0,0.0,True
E1295,3.5,3.5,0.0,0.0,True
E1296,3.42,3.42,0.0,0.0,True
E1297,0.44,0.44,0.0,0.0,True
E1298,0.69,0.69,0.0,0.0,True
E1299,1.21,1.21,0.0,0.0,True
E13,8.39,8.39,4.5600000000000005,54.350417163289634,False
E130,3.25,1.75,2.54,78.15384615384616,False
E1300,1.6,1.6,1.8199999999999998,113.74999999999997,False
E1301,7.78,7.78,0.0,0.0,True
E1302,5.4,5.4,0.33999999999999986,6.296296296296293,True
E1303,14.63,14.629999999999999,8.42,57.552973342447025,False
E1304,7.67,7.67,0.0,0.0,True
E1305,9.870000000000001,9.870000000000001,0.0,0.0,True
E1306,7.77,7.77,0.0,0.0,True
E1307,1.4,1.4,0.0,0.0,True
E1308,0.69,0.69,0.0,0.0,True
E1309,1.54,1.54,0.0,0.0,True
E131,8.1,8.1,7.859999999999999,97.03703703703704,False
E1310,0.67,0.67,0.0,0.0,True
E1311,1.4100000000000001,1.4100000000000001,0.0,0.0,True
E1312,1.52,1.52,0.0,0.0,True
E1313,0.9,0.9,0.0,0.0,True
E1314,6.6899999999999995,6.6899999999999995,0.0,0.0,True
E1315,0.85,0.85,0.0,0.0,True
E1316,3.25,3.25,0.0,0.0,True
E1317,1.44,1.44,0.0,0.0,True
E1318,1.12,1.12,0.0,0.0,True
E1319,5.01,5.01,0.3000000000000004,5.9880239520958165,True
E132,6.17,4.9799999999999995,3.0099999999999993,48.784440842787674,False
E1320,1.88,1.88,0.0,0.0,True
E1321,4.67,4.67,0.0,0.0,True
E1322,0.79,0.79,0.0,0.0,True
E1323,1.1,1.1,0.0,0.0,True
E1324,5.609999999999999,5.61,6.24,111.22994652406419,False
E1325,2.0,2.0,0.0,0.0,True
E1326,2.14,2.14,0.0,0.0,True
E1327,4.05,4.05,0.3599999999999997,8.888888888888882,True
E1328,1.1,1.1,0.0,0.0,True
E1329,6.510000000000001,6.51,7.300000000000001,112.13517665130568,False
E133,16.12,15.92,0.3799999999999997,2.357320099255581,True
E1330,1.47,1.47,0.0,0.0,True
E1331,2.0700000000000003,2.0700000000000003,0.0,0.0,True
E1332,2.97,2.97,0.0,0.0,True
E1333,15.36,14.53,6.85,44.59635416666667,False
E1334,16.23,16.23,27.92,172.02711028958717,False
E1335,13.21,13.21,0.0,0.0,True
E1336,16.39,16.39,0.07999999999999918,0.4881025015253153,True
E1337,9.43,9.43,7.0,74.23117709437965,False
E1338,7.51,7.51,7.459999999999999,99.33422103861517,False
E1339,6.34,5.99,0.73,11.514195583596214,True
E134,6.2700000000000005,6.27,8.66,138.11802232854865,False
E1340,7.54,7.54,0.0,0.0,True
E1341,6.8,6.8,0.0,0.0,True
E1342,3.72,3.7199999999999998,7.0,188.17204301075267,False
E1343,8.18,8.18,0.0,0.0,True
E1344,7.13,2.79,7.9799999999999995,111.92145862552594,False
E1345,7.1,6.7,2.4799999999999995,34.92957746478873,False
E1346,7.95,7.949999999999999,6.26,78.74213836477988,False
E1347,14.44,14.44,2.7,18.698060941828256,True
E1348,6.6000000000000005,6.6000000000000005,6.280000000000001,95.15151515151516,False
E1349,10.27,10.27,3.8200000000000003,37.195715676728334,False
E135,7.31,7.3100000000000005,0.10000000000000053,1.3679890560875587,True
E1350,9.91,9.91,0.0,0.0,True
E1351,5.8500000000000005,5.8500000000000005,0.0,0.0,True
E1352,3.0399999999999996,3.0399999999999996,0.0,0.0,True
E1353,7.9,7.9,0.0,0.0,True
E1354,1.17,1.17,0.0,0.0,True
E1355,8.059999999999999,8.06,7.779999999999999,96.52605459057072,False
E1356,1.85,1.85,0.96,51.89189189189189,False
E1357,2.14,2.14,0.0,0.0,True
E1358,2.42,2.01,2.51,103.7190082644628,False
E1359,8.43,8.43,0.0,0.0,True
E136,9.35,9.35,13.32,142.45989304812835,False
E1360,1.9100000000000001,1.9100000000000001,0.0,0.0,True
E1361,1.66,1.66,0.0,0.0,True
E1362,4.93,4.93,0.0,0.0,True
E1363,2.55,2.55,0.0,0.0,True
E1364,2.3,2.3,0.48,20.869565217391305,False
E1365,1.77,1.77,1.78,100.56497175141243,False
E1366,3.09,3.0900000000000003,3.6800000000000006,119.09385113268611,False
E1367,0.89,0.89,0.0,0.0,True
E1368,0.89,0.89,0.0,0.0,True
E1369,1.4100000000000001,1.4100000000000001,1.7000000000000002,120.56737588652483,False
E137,6.49,6.49,5.84,89.98459167950693,False
E1370,4.109999999999999,4.109999999999999,0.0,0.0,True
E1371,19.29,19.29,0.0,0.0,True
E1372,1.79,1.79,0.0,0.0,True
E1373,7.43,7.43,0.0,0.0,True
E1374,11.9,11.9,5.98,50.252100840336134,False
E1375,8.510000000000002,7.42,6.97,81.90364277320798,False
E1376,1.35,1.35,0.0,0.0,True
E1377,5.93,5.93,3.84,64.75548060708263,False
E1378,6.72,6.72,0.0,0.0,True
E1379,1.25,1.25,0.6200000000000001,49.60000000000001,False
E138,7.889999999999999,7.889999999999999,8.04,101.90114068441065,False
E1380,4.85,4.85,0.0,0.0,True
E1381,12.31,12.309999999999999,4.080000000000001,33.14378554021122,False
E1382,2.7399999999999998,2.7399999999999998,5.4799999999999995,200.00000000000003,False
E1383,1.96,1.96,0.0,0.0,True
E1384,1.12,1.12,0.0,0.0,True
E1385,8.559999999999999,8.559999999999999,4.18,48.831775700934585,False
E1386,7.8100000000000005,7.8100000000000005,0.0,0.0,True
E1387,1.31,1.31,0.0,0.0,True
E1388,8.709999999999999,8.709999999999999,2.82,32.37657864523536,False
E1389,6.72,6.72,0.0,0.0,True
E139,6.220000000000001,6.22,2.2,35.36977491961415,False
E1390,8.35,8.35,1.8400000000000003,22.035928143712578,False
E1391,1.96,1.96,0.0,0.0,True
E1392,0.9800000000000001,0.9800000000000001,0.0,0.0,True
E1393,2.44,2.44,1.1102230246251565e-16,4.550094363217855e-15,True
E1394,5.609999999999999,5.609999999999999,0.0,0.0,True
E1395,3.96,3.96,0.0,0.0,True
E1396,1.24,1.24,1.84,148.38709677419354,False
E1397,0.61,0.61,0.0,0.0,True
E1398,2.0900000000000003,2.09,2.02,96.65071770334927,False
E1399,1.22,1.22,0.0,0.0,True
E14,1.44,1.44,0.0,0.0,True
E140,0.7000000000000001,0.7000000000000001,0.0,0.0,True
E1400,1.88,1.88,0.0,0.0,True
E1401,5.3,5.3,3.1399999999999997,59.245283018867916,False
E1402,0.8700000000000001,0.8700000000000001,0.0,0.0,True
E1403,7.7,7.7,0.11999999999999922,1.5584415584415483,True
E1404,2.1399999999999997,2.1399999999999997,0.0,0.0,True
E1405,1.58,1.58,3.16,200.0,False
E1406,3.15,3.15,0.0,0.0,True
E1407,0.55,0.55,0.0,0.0,True
E1408,1.92,1.92,2.4,125.0,False
E1409,1.72,1.72,0.0,0.0,True
E141,7.9399999999999995,7.9399999999999995,0.17999999999999985,2.267002518891686,True
E1410,1.31,1.31,0.0,0.0,True
E1411,5.21,5.21,1.86,35.700575815738965,False
E1412,7.98,7.98,0.0,0.0,True
E1413,2.7199999999999998,2.7199999999999998,0.0,0.0,True
E1414,0.52,0.52,0.0,0.0,True
E1415,0.83,0.83,0.0,0.0,True
E1416,2.41,2.41,1.0600000000000003,43.98340248962656,False
E1417,7.760000000000001,4.720000000000001,5.28,68.04123711340206,False
E1418,10.0,9.999999999999998,3.5600000000000014,35.60000000000001,False
E1419,5.2700000000000005,5.27,2.2399999999999998,42.504743833017066,False
E142,0.88,0.88,0.0,0.0,True
E1420,1.9600000000000002,1.96,2.2800000000000002,116.3265306122449,False
E1421,13.120000000000001,13.120000000000001,23.18,176.67682926829266,False
E1422,6.41,6.41,8.8,137.2854914196568,False
E1423,3.34,3.34,1.92,57.485029940119766,False
E1424,8.05,7.579999999999999,0.5700000000000003,7.08074534161491,True
E1425,2.51,2.51,2.02,80.4780876494024,False
E1426,8.66,8.659999999999998,0.7000000000000014,8.083140877598169,True
E1427,7.24,7.24,0.0,0.0,True
E1428,9.93,9.93,0.12000000000000055,1.208459214501516,True
E1429,6.6000000000000005,6.6,0.3799999999999995,5.75757575757575,True
E143,11.62,11.620000000000001,0.10000000000000075,0.860585197934602,True
E1430,7.550000000000001,5.66,4.15,54.966887417218544,False
E1431,1.06,1.06,0.0,0.0,True
E1432,1.71,1.71,0.0,0.0,True
E1433,2.27,2.2699999999999996,1.9000000000000001,83.70044052863436,False
E1434,2.43,2.43,0.0,0.0,True
E1435,0.86,0.86,0.0,0.0,True
E1436,1.3599999999999999,1.3599999999999999,0.0,0.0,True
E1437,0.85,0.85,0.0,0.0,True
E1438,7.45,6.88,0.6700000000000012,8.993288590604042,True
E1439,1.6,1.6,3.2,200.0,False
E144,6.720000000000001,6.720000000000001,0.8800000000000004,13.0952380952381,True
E1440,13.370000000000001,13.370000000000001,15.5,115.93118922961854,False
E1441,2.3,2.3,0.0,0.0,True
E1442,3.12,3.12,0.0,0.0,True
E1443,1.1,1.1,0.0,0.0,True
E1444,2.41,2.41,0.0,0.0,True
E1446,4.050000000000001,4.050000000000001,3.16,78.02469135802468,False
E1447,4.3500000000000005,4.3500000000000005,0.0,0.0,True
E1448,0.7,0.7,0.0,0.0,True
E1449,1.48,1.48,1.5,101.35135135135135,False
E145,2.32,2.32,1.28,55.17241379310345,False
E1450,2.36,2.36,4.72,200.0,False
E1451,3.9699999999999998,3.97,3.2,80.60453400503779,False
E1452,7.3,7.3,0.0,0.0,True
E1453,1.88,1.3,2.08,110.63829787234043,False
E1454,0.58,0.58,0.0,0.0,True
E1455,0.8500000000000001,0.8500000000000001,0.0,0.0,True
E1456,6.3100000000000005,6.3100000000000005,5.200000000000001,82.40887480190176,False
E1457,3.6999999999999997,3.6999999999999997,0.0,0.0,True
E1458,1.89,1.89,0.0,0.0,True
E1459,0.81,0.81,0.0,0.0,True
E146,11.530000000000001,11.530000000000001,1.3200000000000003,11.448395490026021,True
E1460,2.84,2.84,0.0,0.0,True
E1461,3.12,3.1199999999999997,2.8199999999999994,90.38461538461536,False
E1462,3.8899999999999997,3.8899999999999997,0.0,0.0,True
E1463,1.53,1.53,0.16,10.457516339869281,True
E1464,3.11,3.11,0.0,0.0,True
E1465,1.44,1.44,0.0,0.0,True
E1466,9.92,9.92,0.11999999999999966,1.2096774193548354,True
E1467,1.9200000000000002,1.9200000000000002,0.0,0.0,True
E1468,16.279999999999998,16.28,25.28,155.2825552825553,False
E1469,7.33,7.33,13.7,186.9031377899045,False
E147,7.1,7.1,0.0,0.0,True
E1470,1.5699999999999998,1.5699999999999998,1.5199999999999998,96.81528662420381,False
E1472,3.23,3.2299999999999995,5.319999999999999,164.70588235294113,False
E1473,4.29,4.29,0.0,0.0,True
E1474,2.05,2.05,0.0,0.0,True
E1475,4.27,4.27,1.42,33.2552693208431,False
E1476,7.26,7.26,14.52,200.0,False
E1477,0.84,0.84,0.0,0.0,True
E1478,7.05,4.9,5.65,80.1418439716312,False
E1479,6.34,6.34,0.0,0.0,True
E148,21.119999999999997,21.12,24.36,115.34090909090911,False
E1480,1.83,1.83,0.0,0.0,True
E1481,0.65,0.65,0.0,0.0,True
E1482,1.78,1.78,3.56,200.0,False
E1483,7.54,7.54,6.74,89.38992042440319,False
E1484,2.94,2.94,2.3,78.23129251700679,False
E1485,111.61999999999999,111.62,0.20000000000000862,0.17917935853790415,True
E1486,62.25,56.43,10.279999999999998,16.514056224899594,True
E1487,27.79,27.79,0.0,0.0,True
E1488,11.04,11.04,18.84,170.6521739130435,False
E1489,3.2399999999999998,3.2399999999999998,0.26,8.024691358024691,True
E149,1.48,1.48,0.0,0.0,True
E1490,4.569999999999999,4.569999999999999,0.0,0.0,True
E1491,0.62,0.62,0.0,0.0,True
E1492,1.26,1.26,0.0,0.0,True
E1493,6.98,6.98,0.059999999999999165,0.8595988538681828,True
E1494,11.479999999999999,11.479999999999999,0.0,0.0,True
E1495,7.09,6.32,7.550000000000001,106.4880112834979,False
E1496,4.0,4.0,4.7,117.5,False
E1497,3.8400000000000003,3.8400000000000003,1.3399999999999999,34.89583333333333,False
E1498,9.07,9.07,7.98,87.98235942668137,False
E1499,1.09,1.09,0.0,0.0,True
E15,3.01,3.01,1.7599999999999998,58.471760797342185,False
E150,16.6,16.6,2.5999999999999988,15.66265060240963,True
E1500,3.1,3.1,0.0,0.0,True
E1501,7.26,7.26,6.9799999999999995,96.14325068870524,False
E1502,9.92,9.92,0.0,0.0,True
E1503,2.5,2.5,1.2000000000000002,48.00000000000001,False
E1504,1.3900000000000001,1.3900000000000001,2.7800000000000002,199.99999999999997,False
E1505,1.98,1.98,0.0,0.0,True
E1506,0.8799999999999999,0.8799999999999999,0.0,0.0,True
E1507,9.690000000000001,9.69,0.5999999999999996,6.19195046439628,True
E1508,1.92,1.92,0.0,0.0,True
E1509,4.699999999999999,4.7,3.14,66.80851063829789,False
E151,7.04,7.04,8.66,123.01136363636364,False
E1510,5.42,5.42,5.8,107.01107011070111,False
E1511,9.049999999999999,9.049999999999999,0.0,0.0,True
E1512,3.57,3.57,0.0,0.0,True
E1513,6.5600000000000005,6.56,5.0600000000000005,77.13414634146342,False
E1514,5.71,5.71,0.0,0.0,True
E1515,14.950000000000001,14.95,2.1999999999999997,14.715719063545148,True
E1516,1.0499999999999998,1.0499999999999998,0.0,0.0,True
E1517,12.4,12.4,17.68,142.5806451612903,False
E1518,18.11,18.11,6.579999999999998,36.33351739370512,False
E1519,1.93,1.93,0.0,0.0,True
E152,2.21,2.21,2.38,107.6923076923077,False
E1520,5.77,3.4800000000000004,2.6899999999999995,46.620450606585784,False
E1521,1.55,1.55,0.78,50.32258064516129,False
E1522,1.1199999999999999,1.1199999999999999,0.0,0.0,True
E1523,2.62,2.62,2.2600000000000002,86.25954198473283,False
E1524,4.12,3.34,2.74,66.50485436893204,False
E1525,12.51,12.51,1.1200000000000006,8.952837729816151,True
E1527,2.51,2.51,0.0,0.0,True
E1528,0.94,0.94,0.0,0.0,True
E1529,4.84,4.84,6.9,142.56198347107437,False
E153,6.53,6.529999999999999,2.059999999999999,31.54670750382847,False
E1530,2.13,2.13,0.0,0.0,True
E1531,181.54,181.54,0.0,0.0,True
E1532,1.0,1.0,0.0,0.0,True
E1533,0.41,0.41,0.0,0.0,True
E1534,1.9100000000000001,1.91,1.6000000000000003,83.76963350785341,False
E1535,4.61,4.61,1.4400000000000002,31.236442516268983,False
E1536,5.65,5.65,0.0,0.0,True
E1537,1.0,1.0,0.0,0.0,True
E1538,6.31,6.31,0.96,15.213946117274169,True
E1539,0.98,0.98,0.0,0.0,True
E154,2.83,2.83,1.0200000000000002,36.04240282685513,False
E1540,1.01,0.8200000000000001,0.22999999999999995,22.772277227722768,False
E1541,10.91,10.91,21.259999999999998,194.86709440879926,False
E1542,4.52,4.52,4.0,88.49557522123895,False
E1543,2.66,2.66,1.7200000000000002,64.66165413533835,False
E1544,0.58,0.58,0.0,0.0,True
E1545,1.13,1.13,0.0,0.0,True
E1546,2.0700000000000003,2.0700000000000003,0.0,0.0,True
E1547,0.64,0.64,0.0,0.0,True
E1548,2.38,2.38,0.0,0.0,True
E1549,2.1799999999999997,2.1799999999999997,0.0,0.0,True
E155,7.83,7.83,1.3000000000000003,16.602809706257986,True
E1550,1.71,1.71,0.0,0.0,True
E1551,9.51,7.84,4.550000000000001,47.84437434279706,False
E1552,7.53,7.53,13.88,184.3293492695883,False
E1553,4.61,4.609999999999999,2.6600000000000006,57.700650759219094,False
E1554,2.97,2.97,5.94,200.0,False
E1555,7.01,7.01,0.0,0.0,True
E1556,3.53,3.53,0.0,0.0,True
E1557,9.77,9.77,5.02,51.381780962128964,False
E1558,6.94,6.94,10.48,151.0086455331412,False
E1559,2.59,2.59,1.4799999999999998,57.14285714285713,False
E156,11.440000000000001,11.440000000000001,0.02000000000000135,0.1748251748251866,True
E1560,6.7,6.44,0.2599999999999998,3.8805970149253697,True
E1561,2.21,2.21,0.0,0.0,True
E1562,0.98,0.98,0.0,0.0,True
E1563,2.45,2.45,2.92,119.18367346938774,False
E1564,8.33,8.33,3.28,39.375750300120046,False
E1566,1.37,1.37,1.2400000000000002,90.5109489051095,False
E1567,14.64,14.639999999999999,28.58,195.21857923497268,False
E1568,9.39,9.39,0.0,0.0,True
E1569,21.61,21.61,10.799999999999999,49.976862563627954,False
E157,2.9,2.9,0.0,0.0,True
E1570,1.2,1.2,0.0,0.0,True
E1571,2.32,2.32,0.0,0.0,True
E1572,12.46,12.46,0.0,0.0,True
E1573,11.53,11.53,8.1,70.25151777970513,False
E1574,1.37,1.37,2.74,199.99999999999997,False
E1575,6.449999999999999,6.449999999999999,0.0,0.0,True
E1576,6.63,6.630000000000001,1.9,28.65761689291101,False
E1577,4.79,4.29,1.8599999999999999,38.83089770354906,False
E1578,5.78,5.78,0.0,0.0,True
E1579,5.630000000000001,5.63,6.02,106.92717584369449,False
E158,1.79,1.79,0.0,0.0,True
E1580,2.92,2.6100000000000003,3.09,105.82191780821918,False
E1581,1.67,1.67,0.0,0.0,True
E1582,5.18,5.18,4.6,88.8030888030888,False
E1583,0.97,0.97,0.0,0.0,True
E1584,2.19,2.19,0.0,0.0,True
E1585,7.7299999999999995,7.7299999999999995,0.0,0.0,True
E1586,1.21,1.21,0.0,0.0,True
E1587,3.27,3.08,0.20999999999999996,6.422018348623852,True
E1588,3.88,3.88,0.0,0.0,True
E1589,11.03,11.03,0.0,0.0,True
E159,9.84,9.84,0.19999999999999923,2.032520325203244,True
E1590,0.58,0.58,0.0,0.0,True
E1591,4.23,4.23,8.46,200.0,False
E1592,12.31,12.31,0.0,0.0,True
E1593,2.42,2.42,0.0,0.0,True
E1594,2.52,2.52,0.0,0.0,True
E1595,1.83,1.83,1.86,101.63934426229508,False
E1596,1.62,1.62,0.0,0.0,True
E1597,1.43,1.43,0.0,0.0,True
E1598,0.97,0.97,0.0,0.0,True
E1599,2.1900000000000004,2.1900000000000004,3.64,166.2100456621004,False
E16,7.199999999999999,7.2,3.68,51.111111111111114,False
E160,12.290000000000001,12.290000000000001,21.040000000000003,171.19609438567943,False
E1600,0.5800000000000001,0.5800000000000001,0.0,0.0,True
E1601,2.95,2.95,0.0,0.0,True
E1602,6.27,6.27,0.0,0.0,True
E1603,6.2700000000000005,6.27,4.520000000000001,72.08931419457737,False
E1604,1.87,1.87,0.0,0.0,True
E1605,5.35,5.35,0.0,0.0,True
E1606,1.65,1.65,0.0,0.0,True
E1607,2.63,2.63,0.0,0.0,True
E1608,9.47,9.469999999999999,0.2200000000000012,2.3231256599788934,True
E1609,1.6400000000000001,1.25,2.17,132.3170731707317,False
E161,3.22,3.22,2.24,69.56521739130436,False
E1610,1.06,1.06,0.0,0.0,True
E1611,0.23,0.23,0.0,0.0,True
E1612,2.45,2.45,0.0,0.0,True
E1613,4.57,4.569999999999999,5.18,113.34792122538292,False
E1614,6.98,6.98,0.0,0.0,True
E1615,3.28,3.28,0.0,0.0,True
E1616,16.78,16.78,29.62,176.5196662693683,False
E1617,4.27,4.27,0.2599999999999998,6.088992974238871,True
E1618,2.49,2.49,0.0,0.0,True
E1619,1.72,1.72,1.8,104.65116279069768,False
E162,11.629999999999999,11.63,3.9199999999999995,33.70593293207222,False
E1620,4.05,4.05,4.54,112.09876543209877,False
E1621,4.59,4.59,0.33999999999999986,7.407407407407405,True
E1622,2.0300000000000002,2.0300000000000002,0.0,0.0,True
E1623,0.5900000000000001,0.5900000000000001,0.0,0.0,True
E1624,1.79,1.79,0.0,0.0,True
E1625,3.7699999999999996,3.7699999999999996,0.0,0.0,True
E1626,2.8400000000000003,2.8400000000000003,0.0,0.0,True
E1627,1.81,1.81,0.0,0.0,True
E1628,4.1,3.9699999999999998,0.15000000000000013,3.6585365853658574,True
E1629,0.55,0.55,1.1,200.0,False
E163,7.56,7.5600000000000005,0.11999999999999972,1.5873015873015837,True
E1630,0.51,0.51,0.0,0.0,True
E1631,2.34,2.34,0.0,0.0,True
E1632,0.9,0.9,0.0,0.0,True
E1633,8.75,8.75,3.3999999999999995,38.857142857142854,False
E1634,3.18,3.18,0.0,0.0,True
E1635,2.49,2.49,0.0,0.0,True
E1636,0.23,0.23,0.0,0.0,True
E1637,2.54,2.54,0.0,0.0,True
E1638,2.67,2.67,0.0,0.0,True
E1639,2.37,2.37,0.0,0.0,True
E164,3.0700000000000003,3.0700000000000003,0.0,0.0,True
E1640,0.61,0.61,0.0,0.0,True
E1641,2.5,2.5,0.14000000000000007,5.600000000000003,True
E1642,1.95,1.95,0.0,0.0,True
E1643,1.57,1.57,0.0,0.0,True
E1644,0.88,0.88,0.0,0.0,True
E1645,2.14,2.14,0.0,0.0,True
E1646,1.3800000000000001,1.38,0.03999999999999976,2.8985507246376634,True
E1647,3.88,2.66,3.5,90.20618556701031,False
E1648,2.97,2.97,0.0,0.0,True
E1649,6.12,5.9,0.23999999999999977,3.9215686274509767,True
E165,13.05,12.25,13.48,103.29501915708812,False
E1650,1.66,1.66,0.0,0.0,True
E1651,0.47,0.47,0.0,0.0,True
E1652,2.7199999999999998,2.7199999999999998,0.0,0.0,True
E1653,5.2,5.2,0.0,0.0,True
E1654,1.26,1.26,0.0,0.0,True
E1655,1.29,1.29,0.0,0.0,True
E1656,0.95,0.95,0.0,0.0,True
E1657,0.81,0.81,0.0,0.0,True
E1658,1.1800000000000002,1.1800000000000002,0.0,0.0,True
E1659,2.3899999999999997,2.3899999999999997,0.0,0.0,True
E166,1.6500000000000001,1.48,1.59,96.36363636363636,False
E1660,1.56,1.56,0.0,0.0,True
E1661,0.87,0.87,0.0,0.0,True
E1662,6.129999999999999,6.129999999999999,0.0,0.0,True
E1663,3.0300000000000002,3.03,2.1199999999999997,69.96699669966995,False
E1664,1.4,1.4,0.0,0.0,True
E1665,75.02,74.99,0.3100000000000006,0.4132231404958686,True
E1666,3.69,3.6899999999999995,1.36,36.856368563685635,False
E1667,2.04,2.04,2.0,98.0392156862745,False
E1668,1.51,1.51,0.0,0.0,True
E1669,4.43,4.43,0.0,0.0,True
E167,7.15,7.15,0.0,0.0,True
E1670,4.74,4.74,0.0,0.0,True
E1671,5.09,5.09,0.0,0.0,True
E1672,1.57,1.57,0.0,0.0,True
E1673,4.38,3.7199999999999998,8.1,184.93150684931507,False
E1674,2.1500000000000004,2.15,2.22,103.25581395348837,False
E1675,2.02,2.02,0.0,0.0,True
E1676,7.879999999999999,7.879999999999999,0.0,0.0,True
E1677,7.790000000000001,7.79,12.579999999999998,161.48908857509622,False
E1678,10.850000000000001,10.85,20.48,188.75576036866357,False
E1679,2.12,2.12,0.0,0.0,True
E168,4.9,3.71,4.550000000000001,92.85714285714286,False
E1680,15.44,15.44,4.800000000000001,31.088082901554408,False
E1681,2.1,2.1,0.0,0.0,True
E1682,4.54,4.54,0.0,0.0,True
E1683,3.09,3.0900000000000003,1.68,54.368932038834956,False
E1684,2.0300000000000002,2.0300000000000002,0.0,0.0,True
E1685,12.12,12.12,24.24,200.0,False
E1686,1.1099999999999999,1.1099999999999999,2.2199999999999998,200.0,False
E1687,2.83,2.83,2.04,72.08480565371025,False
E1688,2.33,2.33,0.0,0.0,True
E1689,3.1,3.1,0.0,0.0,True
E169,7.5,7.5,0.2200000000000003,2.9333333333333376,True
E1690,3.43,3.43,0.0,0.0,True
E1691,8.75,8.75,0.0,0.0,True
E1692,2.94,2.94,0.0,0.0,True
E1693,1.16,1.16,0.0,0.0,True
E1694,2.17,2.17,0.0,0.0,True
E1695,0.8600000000000001,0.8600000000000001,0.0,0.0,True
E1696,0.73,0.73,0.0,0.0,True
E1697,7.02,7.02,14.04,200.0,False
E1698,0.71,0.71,0.0,0.0,True
E1699,15.129999999999999,15.13,24.94,164.83807005948447,False
E17,1.04,1.04,0.0,0.0,True
E170,2.23,2.23,0.0,0.0,True
E1700,54.5,54.5,0.0,0.0,True
E1701,27.07,27.07,29.5,108.97672700406353,False
E1702,3.5700000000000003,3.5700000000000003,0.0,0.0,True
E1703,2.13,2.13,0.0,0.0,True
E1704,2.12,2.12,4.24,200.0,False
E1705,4.720000000000001,4.720000000000001,4.48,94.91525423728814,False
E1706,1.73,1.73,0.0,0.0,True
E1707,3.25,3.25,0.09999999999999976,3.076923076923069,True
E1708,1.9900000000000002,1.9900000000000002,0.0,0.0,True
E1709,1.3800000000000001,1.3800000000000001,0.0,0.0,True
E171,9.23,9.229999999999999,4.36,47.23726977248104,False
E1710,0.61,0.61,0.0,0.0,True
E1711,5.03,5.03,0.0,0.0,True
E1712,2.99,2.99,2.62,87.62541806020066,False
E1713,1.28,1.28,0.0,0.0,True
E1714,1.32,1.32,2.64,200.0,False
E1715,17.85,17.85,1.8799999999999994,10.532212885154058,True
E1716,2.26,2.26,0.0,0.0,True
E1717,1.5899999999999999,1.5899999999999999,0.0,0.0,True
E1718,3.9299999999999997,3.93,0.06000000000000005,1.5267175572519098,True
E1719,3.3,3.3,0.0,0.0,True
E172,9.08,9.08,17.88,196.91629955947135,False
E1720,0.74,0.74,0.0,0.0,True
E1721,3.9899999999999998,3.9899999999999998,0.0,0.0,True
E1722,5.0600000000000005,5.0600000000000005,0.0,0.0,True
E1723,1.3599999999999999,1.3599999999999999,0.0,0.0,True
E1724,0.58,0.58,0.0,0.0,True
E1725,1.09,1.09,0.0,0.0,True
E1726,1.54,1.54,0.0,0.0,True
E1727,2.91,2.91,0.0,0.0,True
E1728,0.67,0.67,0.0,0.0,True
E1729,1.95,1.95,0.0,0.0,True
E173,6.02,6.02,8.079999999999998,134.21926910299,False
E1730,1.38,1.38,0.0,0.0,True
E1731,1.94,1.94,0.0,0.0,True
E1732,3.2700000000000005,3.2700000000000005,0.52,15.902140672782872,True
E1733,4.38,4.38,0.0,0.0,True
E1734,0.91,0.91,0.0,0.0,True
E1735,1.7000000000000002,1.7000000000000002,0.0,0.0,True
E1736,0.99,0.99,0.76,76.76767676767678,False
E1737,1.24,1.24,0.0,0.0,True
E1738,1.71,1.71,0.0,0.0,True
E1739,0.99,0.99,0.0,0.0,True
E174,9.37,9.37,0.0,0.0,True
E1740,1.05,1.05,0.0,0.0,True
E1741,2.14,2.14,0.0,0.0,True
E1742,4.1,4.1,0.0,0.0,True
E1743,2.77,2.77,0.0,0.0,True
E1744,2.18,2.18,0.0,0.0,True
E1745,1.7199999999999998,1.7199999999999998,0.0,0.0,True
E1746,5.15,5.15,0.0,0.0,True
E1747,2.62,2.62,0.0,0.0,True
E1748,1.9099999999999997,1.9100000000000001,1.6400000000000001,85.86387434554975,False
E1749,5.2,5.2,0.0,0.0,True
E175,6.83,6.83,0.2799999999999997,4.099560761346994,True
E1750,1.49,1.49,0.0,0.0,True
E1751,1.59,1.59,0.0,0.0,True
E1752,2.57,2.57,0.0,0.0,True
E1753,5.26,5.26,0.4200000000000008,7.984790874524731,True
E1754,0.56,0.56,0.0,0.0,True
E1755,2.85,2.85,4.82,169.12280701754386,False
E1756,2.95,2.95,0.0,0.0,True
E1757,5.26,5.26,0.0,0.0,True
E1758,8.379999999999999,8.379999999999999,0.0,0.0,True
E1759,13.8,13.8,0.0,0.0,True
E176,7.369999999999999,7.369999999999999,2.18,29.579375848032573,False
E1760,0.44,0.44,0.0,0.0,True
E1761,0.73,0.73,0.0,0.0,True
E1762,1.15,1.15,0.0,0.0,True
E1763,1.51,1.51,0.0,0.0,True
E1764,1.01,1.01,2.02,200.0,False
E1765,2.8200000000000003,2.8200000000000003,0.0,0.0,True
E1766,5.08,5.08,0.0,0.0,True
E1767,5.7700000000000005,5.32,8.63,149.56672443674177,False
E1768,6.39,6.39,0.0,0.0,True
E1769,3.3000000000000003,3.3000000000000003,0.0,0.0,True
E177,9.09,9.09,11.059999999999999,121.67216721672165,False
E1770,0.76,0.76,0.0,0.0,True
E1771,1.93,1.93,0.0,0.0,True
E1772,1.76,1.4400000000000002,1.1,62.50000000000001,False
E1773,2.0,2.0,0.0,0.0,True
E1774,2.02,2.02,0.0,0.0,True
E1775,13.120000000000001,13.12,0.8999999999999992,6.85975609756097,True
E1776,1.6,1.6,1.6199999999999999,101.25,False
E1777,2.31,2.31,0.0,0.0,True
E1778,6.05,6.05,0.0,0.0,True
E1779,9.059999999999999,9.059999999999999,0.0,0.0,True
E178,2.58,2.58,0.0,0.0,True
E1780,6.52,6.5200000000000005,4.440892098500626e-16,6.811184200154335e-15,True
E1781,1.33,1.33,0.0,0.0,True
E1782,10.66,10.66,0.0,0.0,True
E1783,7.33,7.33,0.9600000000000004,13.096862210095503,True
E1784,1.48,1.48,1.12,75.67567567567569,False
E1785,2.65,2.65,0.0,0.0,True
E1786,3.68,3.68,2.2,59.78260869565218,False
E1787,9.45,9.45,0.0,0.0,True
E1788,11.650000000000002,11.65,0.09999999999999876,0.8583690987124355,True
E1789,2.6,2.6,5.2,200.0,False
E179,2.76,2.76,0.0,0.0,True
E1790,4.540000000000001,4.54,4.840000000000001,106.60792951541849,False
E1791,3.83,3.83,0.0,0.0,True
E1792,7.4799999999999995,7.4799999999999995,0.0,0.0,True
E1793,1.79,1.79,0.0,0.0,True
E1794,11.21,11.21,1.3399999999999999,11.953612845673504,True
E1795,6.590000000000001,6.59,9.06,137.48103186646432,False
E1796,2.28,2.28,0.29999999999999993,13.157894736842103,True
E1797,5.61,5.609999999999999,1.2399999999999993,22.10338680926915,False
E1798,1.23,1.23,0.0,0.0,True
E1799,2.3099999999999996,2.3099999999999996,0.0,0.0,True
E18,2.11,2.11,0.0,0.0,True
E180,6.33,6.33,4.38,69.19431279620854,False
E1800,5.84,5.84,9.96,170.54794520547946,False
E1801,3.87,3.87,0.0,0.0,True
E1802,0.89,0.89,0.0,0.0,True
E1803,0.87,0.87,0.0,0.0,True
E1804,2.94,2.94,0.3200000000000003,10.884353741496609,True
E1805,7.800000000000001,7.800000000000001,0.0,0.0,True
E1806,21.66,21.66,36.92,170.45244690674053,False
E1807,0.5,0.5,0.0,0.0,True
E1808,3.86,3.86,0.0,0.0,True
E1809,2.94,2.94,0.0,0.0,True
E181,4.27,4.27,0.0,0.0,True
E1810,7.91,7.91,6.199999999999999,78.38179519595447,False
E1811,5.78,5.78,7.7,133.21799307958477,False
E1812,2.1,2.1,0.0,0.0,True
E1813,7.07,7.07,2.8000000000000003,39.603960396039604,False
E1814,1.67,1.67,3.34,200.0,False
E1815,5.38,5.38,0.0,0.0,True
E1816,10.96,10.96,6.1000000000000005,55.65693430656934,False
E1817,3.68,3.68,0.0,0.0,True
E1818,3.8400000000000003,3.84,2.7400000000000007,71.35416666666667,False
E1819,1.6400000000000001,1.6400000000000001,0.0,0.0,True
E182,7.08,7.08,0.7199999999999994,10.169491525423721,True
E1820,1.61,1.61,0.0,0.0,True
E1821,1.06,1.06,0.0,0.0,True
E1822,31.28,31.28,6.159999999999998,19.693094629156008,True
E1823,10.430000000000001,10.43,0.35999999999999915,3.4515819750718992,True
E1824,3.72,3.7199999999999998,3.6799999999999997,98.9247311827957,False
E1825,0.54,0.54,0.0,0.0,True
E1826,6.3100000000000005,6.3100000000000005,2.8000000000000003,44.37400950871632,False
E1827,5.72,5.72,1.5999999999999996,27.97202797202797,False
E1828,35.220000000000006,35.22,70.44,199.99999999999997,False
E1829,1.6400000000000001,1.6400000000000001,0.0,0.0,True
E183,2.17,2.17,0.0,0.0,True
E1830,3.14,3.14,0.0,0.0,True
E1831,3.3,3.3,0.0,0.0,True
E1832,3.3000000000000003,3.3000000000000003,0.0,0.0,True
E1833,0.41,0.41,0.0,0.0,True
E1834,8.129999999999999,8.129999999999999,0.0,0.0,True
E1835,6.800000000000001,6.8,13.600000000000001,200.0,False
E1836,2.7,2.7,0.0,0.0,True
E1837,4.5600000000000005,4.5600000000000005,0.0,0.0,True
E1838,3.46,3.2700000000000005,3.41,98.55491329479769,False
E1839,1.33,1.33,0.0,0.0,True
E184,8.030000000000001,8.03,9.32,116.06475716064756,False
E1840,0.87,0.87,0.0,0.0,True
E1841,2.12,2.12,0.0,0.0,True
E1842,2.79,2.79,0.44000000000000006,15.770609318996419,True
E1843,1.39,1.3900000000000001,1.02,73.38129496402878,False
E1844,1.19,1.19,1.2799999999999998,107.56302521008402,False
E1845,2.46,2.46,0.0,0.0,True
E1846,1.29,1.29,0.0,0.0,True
E1847,3.5199999999999996,3.5199999999999996,0.0,0.0,True
E1848,2.37,2.37,0.0,0.0,True
E1849,2.87,2.87,0.0,0.0,True
E185,9.790000000000001,9.790000000000001,0.6000000000000003,6.128702757916243,True
E1850,0.94,0.94,0.0,0.0,True
E1851,19.97,19.97,38.12,190.88632949424135,False
E1852,1.3,1.3,0.0,0.0,True
E1853,1.52,1.52,0.0,0.0,True
E1854,0.76,0.76,1.52,200.0,False
E1855,0.56,0.56,0.0,0.0,True
E1856,6.72,6.720000000000001,0.3999999999999999,5.952380952380952,True
E1857,7.08,6.88,6.5200000000000005,92.090395480226,False
E1858,3.01,3.01,0.0,0.0,True
E1859,1.37,1.3699999999999999,0.10000000000000003,7.2992700729927025,True
E186,12.030000000000001,12.03,7.000000000000001,58.18786367414797,False
E1860,3.81,3.81,6.74,176.9028871391076,False
E1861,2.84,2.84,0.0,0.0,True
E1862,2.63,2.63,0.0,0.0,True
E1863,4.56,4.56,0.0,0.0,True
E1864,5.85,5.85,4.78,81.70940170940172,False
E1865,1.9100000000000001,1.91,0.12000000000000005,6.282722513089007,True
E1866,1.06,1.06,0.0,0.0,True
E1867,0.5,0.5,0.0,0.0,True
E1868,2.0,2.0,0.0,0.0,True
E1869,4.76,4.76,0.3199999999999994,6.72268907563024,True
E187,8.86,8.86,0.0,0.0,True
E1870,4.209999999999999,4.209999999999999,3.6399999999999997,86.46080760095012,False
E1871,2.9000000000000004,2.9,2.54,87.58620689655172,False
E1872,1.05,1.05,0.0,0.0,True
E1873,2.37,2.37,0.0,0.0,True
E1874,2.8600000000000003,2.8600000000000003,0.0,0.0,True
E1875,2.17,2.17,0.0,0.0,True
E1876,1.56,1.56,0.0,0.0,True
E1877,1.12,1.12,0.0,0.0,True
E1878,6.83,6.83,2.3200000000000003,33.96778916544656,False
E1879,2.55,2.55,0.0,0.0,True
E188,0.5800000000000001,0.5800000000000001,0.0,0.0,True
E1880,0.98,0.98,0.0,0.0,True
E1881,3.48,3.48,0.0,0.0,True
E1882,1.91,1.91,0.0,0.0,True
E1883,2.52,2.52,0.0,0.0,True
E1884,2.13,2.13,0.07999999999999985,3.755868544600932,True
E1885,0.76,0.76,0.0,0.0,True
E1886,2.56,2.56,0.0,0.0,True
E1887,0.78,0.78,0.0,0.0,True
E1888,1.59,1.59,0.0,0.0,True
E1889,2.34,2.34,0.0,0.0,True
E189,16.099999999999998,16.1,18.52,115.03105590062113,False
E1890,1.56,1.56,0.0,0.0,True
E1891,0.57,0.57,0.0,0.0,True
E1892,2.04,0.95,1.31,64.2156862745098,False
E1893,1.3,1.3,0.0,0.0,True
E1894,2.15,2.1500000000000004,0.07999999999999985,3.720930232558133,True
E1895,1.93,1.93,0.0,0.0,True
E1896,0.97,0.97,0.0,0.0,True
E1897,1.43,1.43,0.0,0.0,True
E1898,0.6699999999999999,0.67,0.7999999999999999,119.40298507462688,False
E1899,1.45,1.45,0.0,0.0,True
E19,7.6000000000000005,7.6,1.2200000000000002,16.05263157894737,True
E190,2.35,2.35,0.0,0.0,True
E1900,3.58,3.58,0.0,0.0,True
E1901,3.9099999999999997,3.9099999999999997,0.0,0.0,True
E1902,1.37,1.37,0.0,0.0,True
E1903,2.41,2.41,0.0,0.0,True
E1904,6.390000000000001,5.46,1.1300000000000003,17.683881064162758,True
E1905,1.35,1.35,0.0,0.0,True
E1906,2.66,2.66,0.06000000000000005,2.2556390977443628,True
E1907,2.13,2.13,0.0,0.0,True
E1908,2.19,2.19,4.38,200.0,False
E1909,2.09,2.09,0.0,0.0,True
E191,5.48,5.48,0.0,0.0,True
E1910,0.7,0.7,0.0,0.0,True
E1911,0.93,0.93,0.0,0.0,True
E1912,3.6799999999999997,3.6799999999999997,7.359999999999999,200.00000000000003,False
E1913,1.86,1.86,0.0,0.0,True
E1914,4.38,4.38,0.0,0.0,True
E1915,5.08,4.46,1.4799999999999995,29.133858267716523,False
E1916,4.12,4.12,3.62,87.86407766990291,False
E1917,3.5,1.31,3.27,93.42857142857143,False
E1918,2.8899999999999997,2.8899999999999997,3.2799999999999994,113.49480968858131,False
E1919,1.07,1.07,0.0,0.0,True
E192,5.33,5.33,0.10000000000000053,1.876172607879935,True
E1920,4.0,4.0,0.0,0.0,True
E1921,3.11,3.11,0.0,0.0,True
E1922,1.44,1.44,0.040000000000000036,2.7777777777777803,True
E1923,2.87,2.87,0.0,0.0,True
E1924,0.32,0.32,0.0,0.0,True
E1925,2.16,2.16,0.0,0.0,True
E1926,6.140000000000001,6.14,0.11999999999999966,1.9543973941368022,True
E1927,0.97,0.97,0.0,0.0,True
E1928,4.22,4.22,0.060000000000000275,1.4218009478673053,True
E1929,1.15,1.15,0.0,0.0,True
E193,3.62,3.6200000000000006,0.060000000000000275,1.6574585635359191,True
E1930,1.7400000000000002,1.7400000000000002,0.0,0.0,True
E1931,1.06,1.06,1.4,132.0754716981132,False
E1932,0.95,0.95,0.0,0.0,True
E1933,3.39,3.39,0.0,0.0,True
E1934,1.34,1.34,0.0,0.0,True
E1935,3.09,3.09,0.0,0.0,True
E1936,6.85,6.699999999999999,8.709999999999999,127.15328467153283,False
E1937,0.75,0.75,0.0,0.0,True
E1938,5.8100000000000005,5.8100000000000005,0.0,0.0,True
E1939,2.4899999999999998,2.4899999999999998,0.0,0.0,True
E194,2.23,2.23,4.46,200.0,False
E1940,3.16,3.16,1.92,60.75949367088607,False
E1941,2.3200000000000003,2.32,1.1,47.41379310344828,False
E1942,0.69,0.69,0.0,0.0,True
E1943,5.220000000000001,5.220000000000001,0.0,0.0,True
E1944,1.83,1.83,0.039999999999999813,2.1857923497267655,True
E1945,14.81,14.809999999999999,3.5600000000000014,24.03781228899393,False
E1946,1.06,1.06,0.0,0.0,True
E1947,2.7100000000000004,2.7100000000000004,0.0,0.0,True
E1948,0.93,0.93,0.0,0.0,True
E1949,1.49,1.49,0.0,0.0,True
E195,7.640000000000001,7.64,0.6400000000000006,8.376963350785347,True
E1950,1.88,1.88,0.0,0.0,True
E1951,4.3,4.3,8.6,200.0,False
E1952,3.05,3.05,0.0,0.0,True
E1953,1.91,1.91,0.0,0.0,True
E1954,22.55,22.55,7.959999999999998,35.299334811529924,False
E1955,1.6500000000000001,1.6500000000000001,0.0,0.0,True
E1956,2.7800000000000002,2.7800000000000002,1.28,46.0431654676259,False
E1957,3.7600000000000002,3.76,4.6,122.34042553191487,False
E1958,1.19,1.19,1.9,159.6638655462185,False
E1959,0.5,0.5,0.0,0.0,True
E196,10.459999999999999,10.46,0.2000000000000001,1.9120458891013397,True
E1960,6.279999999999999,6.279999999999999,0.0,0.0,True
E1961,2.33,2.33,4.66,200.0,False
E1962,5.74,5.74,0.0,0.0,True
E1963,1.4,1.4,0.0,0.0,True
E1964,1.16,1.16,0.0,0.0,True
E1965,1.2,1.2,0.0,0.0,True
E1966,2.1,2.1,0.0,0.0,True
E1967,11.36,9.82,7.319999999999999,64.43661971830986,False
E1968,4.87,4.87,0.060000000000000275,1.2320328542094512,True
E1969,2.8000000000000003,2.8000000000000003,0.0,0.0,True
E197,7.36,7.359999999999999,3.4400000000000004,46.739130434782616,False
E1970,29.53,27.389999999999997,8.059999999999999,27.29427700643413,False
E1971,7.7700000000000005,5.970000000000001,6.92,89.06048906048906,False
E1972,1.06,1.06,0.0,0.0,True
E1973,1.1,1.1,0.0,0.0,True
E1974,0.56,0.56,1.12,200.0,False
E1975,3.0199999999999996,3.02,0.29999999999999966,9.933774834437076,True
E1976,2.05,2.05,0.0,0.0,True
E1977,4.71,4.71,7.4399999999999995,157.96178343949046,False
E1978,1.53,1.53,0.0,0.0,True
E1979,1.2499999999999998,1.2499999999999998,0.0,0.0,True
E198,3.23,3.23,3.48,107.73993808049536,False
E1980,2.83,2.83,0.0,0.0,True
E1981,4.239999999999999,4.239999999999999,0.0,0.0,True
E1982,0.91,0.91,0.0,0.0,True
E1983,5.84,5.84,0.0,0.0,True
E1984,11.67,11.67,14.32,122.70779777206512,False
E1985,3.4399999999999995,3.4399999999999995,2.48,72.09302325581396,False
E1986,2.66,2.66,2.64,99.24812030075188,False
E1987,0.51,0.51,0.0,0.0,True
E1988,3.08,3.08,0.0,0.0,True
E1989,2.56,2.56,1.0,39.0625,False
E199,6.43,6.43,0.0,0.0,True
E1990,3.5,3.5,0.0,0.0,True
E1991,9.19,8.58,9.330000000000002,101.52339499455934,False
E1992,0.45,0.45,0.0,0.0,True
E1993,6.58,6.58,0.0,0.0,True
E1994,1.9,1.9,1.78,93.6842105263158,False
E1995,1.97,1.97,0.14000000000000007,7.106598984771577,True
E1996,2.63,2.63,0.0,0.0,True
E1997,1.1300000000000001,1.13,2.26,199.99999999999994,False
E1998,2.28,2.28,0.0,0.0,True
E1999,1.03,1.03,2.06,200.0,False
E2,1.24,1.24,0.0,0.0,True
E20,11.6,11.6,0.0,0.0,True
E200,9.21,9.21,18.42,200.0,False
E2000,1.34,1.34,0.0,0.0,True
E2001,3.04,3.04,0.0,0.0,True
E2002,5.3,5.3,0.0,0.0,True
E2003,0.6699999999999999,0.6699999999999999,0.0,0.0,True
E2004,4.6899999999999995,4.6899999999999995,0.0,0.0,True
E2005,1.85,1.85,0.0,0.0,True
E2006,0.63,0.63,0.0,0.0,True
E2007,1.88,1.88,1.3,69.14893617021276,False
E2008,3.9,3.9,0.0,0.0,True
E2009,1.46,1.46,0.0,0.0,True
E201,2.38,2.38,0.039999999999999925,1.68067226890756,True
E2010,5.46,5.46,0.0,0.0,True
E2011,1.12,1.12,0.54,48.21428571428571,False
E2012,2.06,2.06,0.0,0.0,True
E2013,5.2700000000000005,5.2700000000000005,0.0,0.0,True
E2014,1.5,1.5,0.0,0.0,True
E2015,2.1100000000000003,2.11,1.68,79.62085308056871,False
E2016,1.47,1.4700000000000002,0.72,48.97959183673469,False
E2017,2.29,2.29,0.0,0.0,True
E2018,2.84,2.84,0.0,0.0,True
E2019,0.95,0.95,0.0,0.0,True
E202,3.18,3.18,0.0,0.0,True
E2020,0.39,0.39,0.0,0.0,True
E2021,8.27,8.27,0.0,0.0,True
E2022,1.15,1.15,0.0,0.0,True
E2023,2.17,2.17,0.0,0.0,True
E2024,1.9,1.9,0.0,0.0,True
E2025,9.0,9.0,0.0,0.0,True
E2026,0.22,0.22,0.0,0.0,True
E2027,1.76,1.76,0.0,0.0,True
E2028,1.82,1.82,0.0,0.0,True
E2029,5.03,5.03,7.94,157.85288270377734,False
E203,9.46,7.319999999999999,7.719999999999999,81.60676532769554,False
E2030,3.35,3.35,0.0,0.0,True
E2031,1.9,1.9,1.7599999999999998,92.63157894736841,False
E2032,3.21,2.54,3.25,101.24610591900311,False
E2033,5.25,5.25,0.09999999999999964,1.904761904761898,True
E2034,1.37,1.37,0.0,0.0,True
E2035,0.84,0.84,0.0,0.0,True
E2036,3.3200000000000003,3.3200000000000003,0.1399999999999999,4.2168674698795146,True
E2037,8.29,8.29,0.0,0.0,True
E2038,3.74,3.7399999999999998,5.9399999999999995,158.8235294117647,False
E2039,2.2800000000000002,2.2800000000000002,0.0,0.0,True
E204,3.07,3.0699999999999994,1.92,62.54071661237786,False
E2040,2.72,2.72,0.0,0.0,True
E2041,1.77,1.77,0.0,0.0,True
E2042,0.99,0.99,0.0,0.0,True
E2043,3.8600000000000003,3.8600000000000003,0.0,0.0,True
E2044,2.42,2.42,4.14,171.07438016528923,False
E2045,8.639999999999999,3.83,11.27,130.43981481481484,False
E2046,0.67,0.67,0.0,0.0,True
E2047,2.17,2.17,0.0,0.0,True
E2048,2.3600000000000003,2.3600000000000003,0.0,0.0,True
E2049,7.99,7.99,15.98,200.0,False
E205,1.36,1.36,0.0,0.0,True
E2050,2.1,2.1,0.0,0.0,True
E2051,5.2299999999999995,5.2299999999999995,0.0,0.0,True
E2052,1.4900000000000002,1.4900000000000002,2.2200000000000006,148.99328859060404,False
E2053,0.31,0.31,0.0,0.0,True
E2054,9.129999999999999,9.13,5.719999999999999,62.65060240963855,False
E2055,1.17,1.17,0.0,0.0,True
E2056,0.9400000000000001,0.9400000000000001,0.0,0.0,True
E2057,1.4500000000000002,1.4500000000000002,0.0,0.0,True
E2058,1.17,1.17,0.9799999999999999,83.76068376068375,False
E2059,1.13,1.13,0.0,0.0,True
E206,7.31,7.3100000000000005,10.52,143.9124487004104,False
E2060,1.39,1.39,0.0,0.0,True
E2061,2.06,2.06,0.0,0.0,True
E2062,7.38,7.380000000000001,4.64,62.87262872628725,False
E2063,3.63,3.63,0.0,0.0,True
E2064,1.63,1.63,0.7399999999999999,45.39877300613497,False
E2065,1.81,1.81,0.0,0.0,True
E2066,12.29,12.29,14.219999999999999,115.70382424735558,False
E2067,1.08,1.08,0.0,0.0,True
E2068,3.46,3.46,0.0,0.0,True
E2069,2.8,2.8,0.0,0.0,True
E207,8.67,8.67,6.26,72.20299884659747,False
E2070,1.8,1.8,1.54,85.55555555555556,False
E2071,3.3099999999999996,3.3099999999999996,0.0,0.0,True
E2072,3.4299999999999997,3.4299999999999997,3.94,114.86880466472304,False
E2073,3.63,3.63,0.020000000000000462,0.5509641873278365,True
E2074,2.08,2.08,0.0,0.0,True
E2075,1.6,1.6,0.0,0.0,True
E2076,1.34,1.34,0.0,0.0,True
E2077,1.1099999999999999,1.1099999999999999,0.0,0.0,True
E2078,3.91,3.91,0.0,0.0,True
E2079,3.74,3.74,0.0,0.0,True
E208,1.83,1.83,0.62,33.87978142076503,False
E2080,8.75,8.75,9.16,104.68571428571428,False
E2081,4.33,4.33,5.14,118.70669745958429,False
E2082,7.95,7.95,0.0,0.0,True
E2083,11.94,10.219999999999999,12.379999999999999,103.6850921273032,False
E2084,0.59,0.59,0.0,0.0,True
E2085,0.29,0.29,0.0,0.0,True
E2086,1.29,1.29,0.0,0.0,True
E2087,2.45,2.45,2.2800000000000002,93.06122448979592,False
E2088,2.37,2.37,0.0,0.0,True
E2089,5.0600000000000005,5.0600000000000005,0.0,0.0,True
E209,2.62,2.62,0.0,0.0,True
E2090,1.4,1.4,0.0,0.0,True
E2091,2.73,2.73,0.0,0.0,True
E2092,3.62,3.62,0.17999999999999994,4.972375690607732,True
E2093,3.1,3.1,0.0,0.0,True
E2094,1.67,1.67,0.0,0.0,True
E2095,1.63,1.63,0.74,45.398773006134974,False
E2096,4.0,4.0,1.04,26.0,False
E2097,3.15,3.15,1.92,60.952380952380956,False
E2098,8.85,8.85,4.920000000000001,55.59322033898306,False
E2099,4.07,4.07,1.1200000000000003,27.518427518427522,False
E21,10.14,10.14,8.38,82.64299802761342,False
E210,1.55,1.55,0.0,0.0,True
E2100,3.3000000000000003,3.3000000000000003,4.98,150.9090909090909,False
E2101,3.55,3.55,1.2799999999999998,36.05633802816901,False
E2102,3.08,3.08,2.5,81.16883116883116,False
E2103,3.1700000000000004,3.1700000000000004,0.0,0.0,True
E2104,0.8,0.8,0.0,0.0,True
E2105,1.4,1.4,2.52,180.0,False
E2106,0.17,0.17,0.0,0.0,True
E2107,2.28,2.2800000000000002,2.12,92.98245614035089,False
E2108,1.31,1.31,1.38,105.34351145038167,False
E2109,4.59,4.59,0.0,0.0,True
E211,6.79,6.79,6.3999999999999995,94.25625920471282,False
E2110,4.16,4.16,8.32,200.0,False
E2111,2.42,2.42,0.0,0.0,True
E2112,0.99,0.99,0.0,0.0,True
E2113,5.859999999999999,5.859999999999999,0.0,0.0,True
E2114,10.76,10.27,11.09,103.06691449814127,False
E2115,1.21,0.95,1.76,145.45454545454547,False
E2116,1.92,1.92,0.0,0.0,True
E2117,3.7899999999999996,3.7899999999999996,0.0,0.0,True
E2118,1.44,1.44,0.0,0.0,True
E2119,1.05,1.05,0.0,0.0,True
E212,3.74,3.74,0.11999999999999966,3.208556149732611,True
E2120,3.8999999999999995,3.8999999999999995,2.44,62.56410256410257,False
E2121,6.47,6.47,0.0,0.0,True
E2122,3.45,3.45,0.0,0.0,True
E2123,0.56,0.56,0.0,0.0,True
E2124,0.5900000000000001,0.5900000000000001,0.0,0.0,True
E2125,2.03,2.03,0.0,0.0,True
E2126,2.28,2.28,0.0,0.0,True
E2127,0.55,0.55,0.0,0.0,True
E2128,1.78,1.78,0.0,0.0,True
E2129,18.85,18.85,24.840000000000003,131.77718832891247,False
E213,1.25,1.25,0.0,0.0,True
E2130,3.6599999999999997,3.66,4.02,109.83606557377048,False
E2131,1.6600000000000001,1.6600000000000001,0.0,0.0,True
E2132,0.42,0.42,0.0,0.0,True
E2134,0.22,0.22,0.0,0.0,True
E2135,4.0,4.0,0.38000000000000056,9.500000000000014,True
E2136,5.78,5.78,3.9200000000000004,67.82006920415226,False
E2137,2.23,2.23,0.0,0.0,True
E2138,1.4200000000000002,1.42,1.48,104.22535211267605,False
E2139,0.96,0.96,0.0,0.0,True
E214,3.28,3.2800000000000002,6.039999999999999,184.14634146341461,False
E2140,0.84,0.84,0.0,0.0,True
E2141,2.16,2.16,0.0,0.0,True
E2142,2.46,2.46,0.0,0.0,True
E2143,2.21,1.16,1.2699999999999998,57.466063348416284,False
E2144,0.5800000000000001,0.5800000000000001,0.6600000000000001,113.79310344827587,False
E2145,2.5700000000000003,2.5700000000000003,0.0,0.0,True
E2146,2.91,2.91,5.82,200.0,False
E2147,0.97,0.97,0.0,0.0,True
E2148,0.32,0.32,0.0,0.0,True
E2149,1.69,1.69,0.0,0.0,True
E215,8.55,8.549999999999999,4.479999999999999,52.39766081871343,False
E2150,1.11,1.11,0.0,0.0,True
E2151,2.8299999999999996,2.83,0.9399999999999997,33.215547703180206,False
E2152,1.33,1.33,0.0,0.0,True
E2153,2.19,2.19,0.0,0.0,True
E2154,0.2,0.2,0.0,0.0,True
E2155,2.26,2.26,4.52,200.0,False
E2156,1.14,1.14,0.0,0.0,True
E2157,2.41,2.41,0.0,0.0,True
E2158,0.5,0.5,0.0,0.0,True
E2159,2.92,2.92,0.0,0.0,True
E216,5.109999999999999,5.11,3.34,65.36203522504893,False
E2160,0.65,0.65,0.0,0.0,True
E2161,2.14,2.14,2.7600000000000002,128.97196261682242,False
E2162,2.69,2.69,0.0,0.0,True
E2163,2.0,2.0,4.0,200.0,False
E2164,7.05,7.049999999999999,9.26,131.34751773049646,False
E2165,6.470000000000001,6.470000000000001,6.140000000000001,94.89953632148377,False
E2166,5.77,5.77,0.0,0.0,True
E2167,1.05,1.05,0.76,72.38095238095238,False
E2168,2.1399999999999997,2.1399999999999997,0.0,0.0,True
E2169,2.3499999999999996,2.3499999999999996,0.0,0.0,True
E217,0.84,0.84,1.68,200.0,False
E2170,0.79,0.79,1.58,200.0,False
E2171,1.9,1.9,0.0,0.0,True
E2172,3.12,3.12,3.8200000000000003,122.43589743589743,False
E2173,1.1700000000000002,1.1700000000000002,0.0,0.0,True
E2174,2.9699999999999998,2.9699999999999998,1.5799999999999998,53.19865319865319,False
E2175,2.79,2.79,0.0,0.0,True
E2176,6.79,6.79,0.0,0.0,True
E2177,1.05,1.05,0.0,0.0,True
E2178,1.44,1.44,0.33999999999999986,23.611111111111104,False
E2179,2.5,2.41,1.23,49.2,False
E218,9.55,9.55,11.36,118.95287958115182,False
E2180,6.97,6.970000000000001,7.4,106.16929698708752,False
E2181,9.27,9.27,6.460000000000001,69.6871628910464,False
E2182,0.94,0.94,0.0,0.0,True
E2183,2.0,2.0,0.0,0.0,True
E2184,0.75,0.75,0.0,0.0,True
E2185,1.69,1.69,0.0,0.0,True
E2186,1.8499999999999999,1.85,3.42,184.86486486486487,False
E2187,2.14,2.14,0.0,0.0,True
E2188,0.74,0.74,0.0,0.0,True
E2189,1.8399999999999999,1.8399999999999999,3.6799999999999997,200.00000000000003,False
E219,7.13,7.130000000000001,0.14000000000000012,1.9635343618513341,True
E2190,1.24,1.24,0.0,0.0,True
E2191,9.06,9.06,18.12,200.0,False
E2192,5.71,5.71,0.0,0.0,True
E2193,7.76,7.76,12.62,162.62886597938146,False
E2194,1.31,1.31,0.0,0.0,True
E2195,2.35,2.35,0.0,0.0,True
E2196,1.61,1.61,0.0,0.0,True
E2197,17.67,17.669999999999998,29.56,167.2891907187323,False
E2198,1.79,1.79,0.0,0.0,True
E2199,1.8800000000000001,1.8800000000000001,0.0,0.0,True
E22,1.4,1.4,1.2,85.71428571428572,False
E220,5.23,5.23,0.0,0.0,True
E2200,2.74,2.74,0.0,0.0,True
E2201,4.74,4.74,0.020000000000000018,0.42194092827004254,True
E2202,1.51,1.51,0.0,0.0,True
E2203,3.36,3.36,0.0,0.0,True
E2204,1.4100000000000001,1.4100000000000001,0.0,0.0,True
E2205,4.04,4.04,0.0,0.0,True
E2206,1.58,1.58,0.0,0.0,True
E2207,0.91,0.91,0.0,0.0,True
E2208,1.14,1.14,0.0,0.0,True
E2209,5.07,5.07,7.9399999999999995,156.60749506903352,False
E221,8.270000000000001,8.27,1.6000000000000003,19.347037484885128,True
E2210,1.25,1.25,0.0,0.0,True
E2211,3.21,3.21,0.0,0.0,True
E2212,2.49,2.49,0.0,0.0,True
E2213,1.69,1.69,0.0,0.0,True
E2214,1.39,1.39,0.0,0.0,True
E2215,2.59,2.59,0.0,0.0,True
E2217,8.09,8.09,0.0,0.0,True
E2218,0.63,0.63,0.0,0.0,True
E2219,1.88,1.88,0.0,0.0,True
E222,1.3599999999999999,1.3599999999999999,1.48,108.82352941176471,False
E2220,4.5,4.5,0.0,0.0,True
E2221,3.95,3.95,0.0,0.0,True
E2222,1.52,1.52,0.4,26.31578947368421,False
E2223,2.3899999999999997,2.39,0.8399999999999999,35.14644351464435,False
E2224,3.47,3.47,2.54,73.19884726224784,False
E2225,1.5,1.5,0.0,0.0,True
E2226,0.38,0.38,0.0,0.0,True
E2227,3.3,3.3,0.0,0.0,True
E2228,1.7000000000000002,1.7000000000000002,0.0,0.0,True
E2229,4.109999999999999,4.109999999999999,0.36,8.759124087591243,True
E223,3.04,3.04,0.0,0.0,True
E2230,2.69,2.69,0.0,0.0,True
E2231,1.4500000000000002,1.4500000000000002,0.0,0.0,True
E2232,9.51,9.51,19.02,200.0,False
E2233,1.83,1.83,0.0,0.0,True
E2234,2.3,2.3,1.0199999999999998,44.347826086956516,False
E2235,1.2600000000000002,1.2600000000000002,0.0,0.0,True
E2236,1.76,1.76,0.0,0.0,True
E2237,1.76,1.76,0.0,0.0,True
E2238,2.34,2.34,4.68,200.0,False
E224,0.59,0.59,0.0,0.0,True
E2240,0.08,0.08,0.0,0.0,True
E2241,11.890000000000002,11.89,1.94,16.316232127838518,True
E2242,3.55,3.55,0.0,0.0,True
E2243,2.8499999999999996,2.85,4.32,151.57894736842107,False
E2244,2.95,2.95,0.0,0.0,True
E2245,5.62,5.62,0.45999999999999996,8.185053380782918,True
E2246,2.27,2.27,0.0,0.0,True
E2247,3.09,3.09,0.0,0.0,True
E2248,4.09,4.09,3.12,76.28361858190709,False
E2249,4.3,4.3,0.0,0.0,True
E225,37.0,37.0,8.38,22.648648648648653,False
E2250,4.17,4.17,0.31999999999999984,7.67386091127098,True
E2251,3.13,3.13,0.0,0.0,True
E2252,6.59,6.28,2.97,45.068285280728375,False
E2253,4.81,4.81,0.0,0.0,True
E2254,4.01,4.01,5.4399999999999995,135.66084788029926,False
E2255,2.09,2.09,0.0,0.0,True
E2256,1.52,1.52,0.0,0.0,True
E2257,1.9699999999999998,1.9699999999999998,0.0,0.0,True
E2258,1.3599999999999999,1.3599999999999999,0.0,0.0,True
E2259,4.1,4.1,0.0,0.0,True
E226,4.41,4.41,0.019999999999999796,0.4535147392290203,True
E2260,14.23,14.229999999999999,2.360000000000001,16.584680252986654,True
E2261,0.78,0.78,1.56,200.0,False
E2262,18.060000000000002,18.06,5.020000000000001,27.796234772978963,False
E2263,16.57,16.57,27.82,167.89378394689197,False
E2264,2.21,2.21,0.0,0.0,True
E2265,0.87,0.87,0.0,0.0,True
E2266,2.24,2.24,0.0,0.0,True
E2267,0.11,0.11,0.0,0.0,True
E2268,4.83,2.5300000000000002,2.7600000000000007,57.14285714285715,False
E2269,14.05,14.05,2.1,14.94661921708185,True
E227,2.67,2.67,0.0,0.0,True
E2270,1.12,1.12,0.0,0.0,True
E2271,13.75,13.75,16.439999999999998,119.56363636363635,False
E2272,0.5,0.5,0.0,0.0,True
E2273,1.25,1.25,0.0,0.0,True
E2274,2.23,2.23,2.48,111.21076233183857,False
E2275,0.9500000000000001,0.9500000000000001,0.0,0.0,True
E2276,3.45,3.45,0.0,0.0,True
E2277,2.5300000000000002,2.5300000000000002,0.0,0.0,True
E2278,5.75,5.75,2.32,40.347826086956516,False
E2279,3.13,3.13,0.0,0.0,True
E228,3.68,3.12,2.74,74.45652173913044,False
E2280,6.91,6.91,0.06000000000000005,0.8683068017366143,True
E2281,2.7800000000000002,2.7800000000000002,0.9199999999999999,33.093525179856115,False
E2282,1.14,1.14,2.28,200.0,False
E2283,0.9,0.9,1.8,200.0,False
E2284,16.11,16.11,17.72,109.99379267535693,False
E2285,2.57,2.57,2.8,108.94941634241246,False
E2286,0.56,0.56,0.0,0.0,True
E2287,3.61,3.6100000000000003,6.82,188.9196675900277,False
E2288,3.69,3.69,0.0,0.0,True
E2289,2.95,2.95,0.0,0.0,True
E229,9.040000000000001,9.040000000000001,1.7799999999999998,19.690265486725657,True
E2290,12.83,8.66,14.21,110.7560405300078,False
E2291,10.049999999999999,10.049999999999999,15.399999999999999,153.23383084577114,False
E2292,2.06,2.06,4.12,200.0,False
E2293,2.93,2.93,0.0,0.0,True
E2294,6.5600000000000005,6.5600000000000005,0.0,0.0,True
E2295,1.27,1.27,0.8,62.99212598425197,False
E2296,2.91,2.91,5.82,200.0,False
E2297,3.7299999999999995,3.7299999999999995,3.82,102.41286863270778,False
E2298,13.989999999999998,13.989999999999998,0.0,0.0,True
E2299,2.34,2.34,0.0,0.0,True
E23,1.62,1.62,1.18,72.8395061728395,False
E230,1.44,1.44,0.0,0.0,True
E2300,2.79,2.79,0.0,0.0,True
E2301,0.93,0.93,0.0,0.0,True
E2302,14.29,14.290000000000001,6.340000000000002,44.36668999300211,False
E2303,16.1,16.099999999999998,3.2600000000000025,20.248447204968958,False
E2304,2.34,2.34,0.0,0.0,True
E2305,4.6899999999999995,4.6899999999999995,0.0,0.0,True
E2306,6.52,6.52,0.0,0.0,True
E2307,4.13,4.13,0.0,0.0,True
E2308,2.01,2.01,0.0,0.0,True
E2309,0.6799999999999999,0.6799999999999999,0.0,0.0,True
E231,2.07,2.07,0.0,0.0,True
E2310,0.7,0.7,0.21999999999999997,31.428571428571427,False
E2311,6.04,6.04,12.08,200.0,False
E2312,4.6899999999999995,4.6899999999999995,0.0,0.0,True
E2313,6.75,6.75,9.18,136.0,False
E2314,2.14,2.14,1.7600000000000002,82.24299065420561,False
E2315,1.71,1.71,0.0,0.0,True
E2316,5.369999999999999,5.369999999999999,3.84,71.50837988826817,False
E2317,7.56,7.2,5.959999999999999,78.83597883597882,False
E2318,18.33,17.880000000000003,2.149999999999998,11.729405346426613,True
E2319,5.35,5.3500000000000005,1.8999999999999992,35.514018691588774,False
E232,0.41,0.41,0.0,0.0,True
E2320,1.88,1.88,0.0,0.0,True
E2321,1.56,1.56,0.0,0.0,True
E2322,2.2,2.2,0.0,0.0,True
E2323,4.1,4.1,2.9200000000000004,71.21951219512196,False
E2324,27.14,27.14,0.0,0.0,True
E2325,3.28,3.28,0.0,0.0,True
E2326,12.120000000000001,12.120000000000001,0.019999999999999574,0.1650165016501615,True
E2327,5.109999999999999,5.109999999999999,0.0,0.0,True
E2328,2.5500000000000003,2.5500000000000003,0.0,0.0,True
E2329,0.84,0.84,0.0,0.0,True
E233,9.120000000000001,9.120000000000001,7.44,81.57894736842104,False
E2330,2.8800000000000003,2.8800000000000003,0.0,0.0,True
E2331,1.7300000000000002,1.7300000000000002,0.0,0.0,True
E2332,7.5200000000000005,7.5200000000000005,7.3,97.07446808510637,False
E2333,1.33,1.33,2.66,200.0,False
E2334,1.37,0.86,1.21,88.32116788321167,False
E2335,2.08,2.08,4.16,200.0,False
E2336,6.34,6.34,12.68,200.0,False
E2337,3.66,3.66,0.0,0.0,True
E2338,6.35,6.35,7.36,115.90551181102363,False
E2339,2.42,2.42,1.7799999999999998,73.55371900826445,False
E234,6.94,6.94,0.0,0.0,True
E2340,7.75,7.75,0.0,0.0,True
E2341,6.96,6.960000000000001,5.48,78.73563218390805,False
E2342,6.279999999999999,6.28,6.779999999999999,107.96178343949043,False
E2343,3.41,3.41,0.0,0.0,True
E2344,1.83,1.8299999999999998,3.32,181.4207650273224,False
E2345,1.95,1.95,0.0,0.0,True
E2346,8.600000000000001,8.600000000000001,9.24,107.44186046511626,False
E2347,2.2199999999999998,2.2199999999999998,0.0,0.0,True
E2348,2.74,2.74,4.12,150.36496350364962,False
E2349,1.48,1.48,1.96,132.43243243243242,False
E235,11.62,11.62,0.6199999999999997,5.33562822719449,True
E2350,2.05,2.05,0.0,0.0,True
E2351,3.05,3.05,1.14,37.377049180327866,False
E2352,2.58,2.58,0.0,0.0,True
E2353,1.68,1.68,0.0,0.0,True
E2354,1.05,1.05,0.0,0.0,True
E2355,4.62,4.62,2.14,46.32034632034632,False
E2356,0.63,0.63,0.0,0.0,True
E2357,0.8800000000000001,0.8800000000000001,0.0,0.0,True
E2358,1.1099999999999999,1.1099999999999999,0.33999999999999997,30.630630630630634,False
E2359,2.01,2.01,0.0,0.0,True
E236,1.81,1.81,0.0,0.0,True
E2360,0.76,0.76,0.0,0.0,True
E2361,0.86,0.86,0.0,0.0,True
E2362,4.55,4.55,0.0,0.0,True
E2363,2.33,2.33,0.0,0.0,True
E2364,4.76,4.76,9.52,200.0,False
E2365,2.34,2.34,2.02,86.32478632478633,False
E2366,1.08,1.08,0.0,0.0,True
E2367,3.14,3.14,0.0,0.0,True
E2368,1.59,1.59,0.0,0.0,True
E2369,1.6800000000000002,1.6800000000000002,0.0,0.0,True
E237,7.1,7.1,0.23999999999999985,3.3802816901408432,True
E2370,2.19,2.19,2.6,118.72146118721462,False
E2371,2.84,2.84,0.0,0.0,True
E2372,0.79,0.79,0.0,0.0,True
E2373,1.5699999999999998,1.5699999999999998,0.0,0.0,True
E2374,1.03,1.03,0.0,0.0,True
E2375,1.69,1.69,0.0,0.0,True
E2376,2.74,2.74,0.0,0.0,True
E2377,0.69,0.69,0.6399999999999999,92.7536231884058,False
E2378,0.9,0.9,0.0,0.0,True
E2379,1.51,1.51,0.0,0.0,True
E238,0.96,0.96,0.0,0.0,True
E2380,0.93,0.93,0.0,0.0,True
E2381,0.6299999999999999,0.6299999999999999,0.0,0.0,True
E2382,2.08,2.08,0.0,0.0,True
E2383,1.74,1.74,0.96,55.17241379310345,False
E2384,2.6900000000000004,2.6900000000000004,3.2800000000000002,121.93308550185871,False
E2385,2.8,2.8,0.039999999999999813,1.428571428571422,True
E2386,2.06,1.56,0.49999999999999994,24.27184466019417,False
E2387,5.35,5.35,2.3,42.99065420560748,False
E2388,1.08,1.08,0.0,0.0,True
E2389,2.8699999999999997,2.87,3.8999999999999995,135.8885017421603,False
E239,2.51,2.51,0.0,0.0,True
E2390,10.280000000000001,9.290000000000001,11.23,109.24124513618676,False
E2391,1.1800000000000002,1.1800000000000002,0.0,0.0,True
E2392,1.99,1.99,0.0,0.0,True
E2393,1.6,1.6,0.0,0.0,True
E2394,3.25,3.25,0.0,0.0,True
E2395,1.73,1.73,0.0,0.0,True
E2396,4.59,4.59,0.09999999999999964,2.1786492374727593,True
E2397,0.8200000000000001,0.8200000000000001,0.28,34.146341463414636,False
E2398,1.32,1.32,0.0,0.0,True
E2399,0.37,0.37,0.0,0.0,True
E24,2.37,2.37,0.0,0.0,True
E240,1.11,1.11,2.22,200.0,False
E2400,1.07,1.07,0.0,0.0,True
E2401,0.84,0.84,0.7,83.33333333333334,False
E2402,0.9299999999999999,0.9299999999999999,0.0,0.0,True
E2403,1.4800000000000002,1.48,1.6400000000000001,110.81081081081079,False
E2404,0.63,0.63,0.0,0.0,True
E2405,0.53,0.53,0.0,0.0,True
E2406,10.270000000000001,10.21,0.2799999999999999,2.726387536514118,True
E2407,9.47,9.47,0.0,0.0,True
E2408,0.6400000000000001,0.6400000000000001,0.14,21.875,False
E2409,2.5700000000000003,2.5700000000000003,0.0,0.0,True
E241,1.81,1.81,0.0,0.0,True
E2410,2.1799999999999997,2.1799999999999997,0.0,0.0,True
E2411,3.4000000000000004,3.4000000000000004,0.0,0.0,True
E2412,1.51,1.51,0.0,0.0,True
E2413,0.99,0.99,0.62,62.62626262626263,False
E2414,3.7,3.6999999999999997,4.859999999999999,131.35135135135133,False
E2415,1.6400000000000001,1.6400000000000001,0.0,0.0,True
E2416,1.1,1.1,0.88,80.0,False
E2417,1.4300000000000002,1.4300000000000002,0.0,0.0,True
E2418,4.33,4.33,5.74,132.5635103926097,False
E2419,1.54,1.54,0.0,0.0,True
E242,1.67,1.67,2.16,129.34131736526948,False
E2420,0.63,0.63,0.0,0.0,True
E2421,1.87,1.1199999999999999,0.8899999999999998,47.59358288770053,False
E2422,1.3,1.3,0.0,0.0,True
E2423,7.41,7.41,5.5,74.22402159244264,False
E2424,2.29,2.29,0.44000000000000006,19.21397379912664,True
E2425,2.1399999999999997,2.1399999999999997,0.0,0.0,True
E2426,1.03,1.03,0.0,0.0,True
E2427,2.0,2.0,0.0,0.0,True
E2428,0.69,0.69,0.0,0.0,True
E2429,7.35,7.35,0.0,0.0,True
E243,3.51,3.51,0.0,0.0,True
E2430,0.84,0.84,0.0,0.0,True
E2431,0.8600000000000001,0.8600000000000001,0.92,106.9767441860465,False
E2432,1.06,1.06,0.0,0.0,True
E2433,1.8199999999999998,1.8199999999999998,0.0,0.0,True
E2434,1.37,1.37,0.0,0.0,True
E2435,2.33,2.33,0.0,0.0,True
E2436,1.18,1.18,0.0,0.0,True
E2437,2.94,2.94,5.88,200.0,False
E2438,0.6,0.6,0.0,0.0,True
E2439,6.77,6.77,0.04000000000000048,0.5908419497784414,True
E244,3.88,3.88,2.84,73.19587628865979,False
E2440,3.12,3.12,0.0,0.0,True
E2441,3.23,3.23,0.0,0.0,True
E2442,0.68,0.68,0.0,0.0,True
E2443,2.67,2.67,2.3,86.14232209737827,False
E2444,1.1,1.1,0.0,0.0,True
E2445,1.31,1.31,0.0,0.0,True
E2446,1.6400000000000001,1.6400000000000001,0.0,0.0,True
E2447,0.2,0.2,0.0,0.0,True
E2448,0.77,0.77,0.0,0.0,True
E2449,1.24,1.24,0.0,0.0,True
E245,23.130000000000003,23.130000000000003,5.079999999999999,21.96281884997838,False
E2450,3.23,3.23,0.37999999999999995,11.764705882352938,True
E2451,1.8,1.8,0.0,0.0,True
E2452,1.8100000000000003,1.8100000000000003,0.0,0.0,True
E2453,1.7100000000000002,1.7100000000000002,0.0,0.0,True
E2454,3.21,3.21,0.0,0.0,True
E2455,1.46,1.46,0.0,0.0,True
E2456,0.62,0.62,0.0,0.0,True
E2457,0.85,0.85,0.0,0.0,True
E2458,1.19,1.1900000000000002,1.4000000000000004,117.64705882352943,False
E2459,5.24,5.24,8.32,158.77862595419847,False
E246,5.95,5.95,0.0,0.0,True
E2460,34.21,34.21,68.42,200.0,False
E2461,3.79,3.79,5.44,143.53562005277044,False
E2462,4.130000000000001,4.130000000000001,0.0,0.0,True
E2463,1.27,1.27,0.0,0.0,True
E2464,0.9,0.9,0.0,0.0,True
E2465,2.05,2.05,0.0,0.0,True
E2466,0.76,0.76,0.0,0.0,True
E2467,2.73,2.73,0.0,0.0,True
E2468,2.75,2.75,2.2199999999999998,80.72727272727272,False
E2469,2.69,2.69,0.0,0.0,True
E247,3.9699999999999998,3.97,0.2799999999999997,7.052896725440799,True
E2470,0.94,0.94,0.0,0.0,True
E2471,11.41,11.41,0.0,0.0,True
E2472,10.239999999999998,8.23,5.0699999999999985,49.51171874999999,False
E2473,3.7199999999999998,3.7199999999999998,0.0,0.0,True
E2474,9.969999999999999,9.969999999999999,2.0199999999999996,20.26078234704112,False
E2475,0.63,0.63,0.0,0.0,True
E2476,2.01,2.0100000000000002,4.02,200.0,False
E2477,0.65,0.65,0.0,0.0,True
E2478,0.76,0.76,0.0,0.0,True
E2479,1.3599999999999999,1.3599999999999999,1.46,107.3529411764706,False
E248,5.22,5.22,0.0,0.0,True
E2480,7.06,7.06,14.12,200.0,False
E2481,4.11,4.109999999999999,0.059999999999999776,1.4598540145985346,True
E2482,1.02,1.02,0.0,0.0,True
E2483,1.48,1.48,0.0,0.0,True
E2484,3.21,3.21,2.14,66.66666666666667,False
E2485,3.01,3.01,0.0,0.0,True
E2486,2.87,2.87,0.0,0.0,True
E2487,3.3,3.3,0.0,0.0,True
E2488,1.88,1.88,0.0,0.0,True
E2489,2.5199999999999996,2.5199999999999996,0.0,0.0,True
E249,2.02,2.02,0.0,0.0,True
E2490,3.4699999999999998,3.4699999999999998,3.06,88.18443804034582,False
E2491,1.08,1.08,0.0,0.0,True
E2492,7.48,7.48,2.88,38.50267379679144,False
E2493,1.19,1.19,0.0,0.0,True
E2494,0.98,0.98,0.0,0.0,True
E2495,2.5,2.5,0.18,7.2,True
E2496,2.87,2.87,3.02,105.22648083623693,False
E2497,4.48,4.48,0.08000000000000007,1.7857142857142871,True
E2498,4.36,4.36,3.24,74.31192660550458,False
E2499,1.0,1.0,0.0,0.0,True
E25,3.6399999999999997,3.6399999999999997,1.64,45.05494505494506,False
E250,3.14,3.14,1.3,41.401273885350314,False
E2500,3.08,3.08,6.16,200.0,False
E2501,8.0,8.0,7.300000000000001,91.25000000000001,False
E2502,0.43000000000000005,0.43,0.86,199.99999999999997,False
E2503,1.21,1.21,0.0,0.0,True
E2504,4.7,4.7,5.34,113.61702127659574,False
E2505,1.42,1.42,0.0,0.0,True
E2506,1.03,1.03,0.94,91.26213592233009,False
E2507,5.76,5.76,0.4399999999999997,7.638888888888884,True
E2509,1.07,0.56,0.6100000000000001,57.00934579439253,False
E251,3.38,3.38,0.0,0.0,True
E2510,0.66,0.66,0.0,0.0,True
E2511,6.47,5.720000000000001,0.8499999999999992,13.137557959814515,True
E2512,0.46,0.46,0.0,0.0,True
E2513,3.6799999999999997,3.6799999999999997,0.0,0.0,True
E2514,2.45,2.45,1.02,41.63265306122449,False
E2515,1.3199999999999998,1.3199999999999998,0.0,0.0,True
E2516,3.01,3.01,2.5,83.05647840531562,False
E2517,1.22,1.22,0.0,0.0,True
E2518,4.529999999999999,4.529999999999999,2.0,44.15011037527594,False
E2519,0.6,0.6,0.0,0.0,True
E252,2.14,2.14,2.74,128.0373831775701,False
E2520,3.55,3.55,0.0,0.0,True
E2521,9.129999999999999,9.129999999999999,0.0,0.0,True
E2522,2.4699999999999998,2.4699999999999998,1.58,63.9676113360324,False
E2523,1.1400000000000001,1.1400000000000001,0.0,0.0,True
E2524,9.46,9.46,12.1,127.90697674418604,False
E2525,4.31,4.31,8.62,200.0,False
E2526,1.95,1.95,0.0,0.0,True
E2527,1.18,1.18,0.0,0.0,True
E2528,3.83,3.83,0.0,0.0,True
E2529,1.04,1.04,0.0,0.0,True
E253,3.04,3.04,2.8200000000000003,92.76315789473684,False
E2530,3.5900000000000003,3.59,4.720000000000001,131.47632311977716,False
E2531,2.63,2.63,0.56,21.292775665399244,False
E2532,0.51,0.51,0.28,54.90196078431373,False
E2533,0.51,0.51,0.0,0.0,True
E2534,0.81,0.81,1.62,200.0,False
E2535,1.08,1.08,0.0,0.0,True
E2536,0.37,0.37,0.0,0.0,True
E2537,0.78,0.78,0.0,0.0,True
E2538,0.52,0.52,0.0,0.0,True
E2539,0.45,0.45,0.0,0.0,True
E254,2.9699999999999998,2.9699999999999998,0.0,0.0,True
E2540,5.42,4.62,3.0,55.35055350553505,False
E2541,7.62,7.1899999999999995,2.2900000000000005,30.052493438320216,False
E2542,2.13,2.13,0.0,0.0,True
E2543,1.38,1.38,0.0,0.0,True
E2544,0.77,0.77,0.52,67.53246753246754,False
E2545,2.93,2.93,0.0,0.0,True
E2546,2.47,2.47,0.0,0.0,True
E2547,2.88,1.85,2.51,87.15277777777777,False
E2548,1.12,1.12,0.0,0.0,True
E2549,1.44,1.44,0.0,0.0,True
E255,13.4,13.4,20.240000000000002,151.044776119403,False
E2550,1.98,1.98,2.64,133.33333333333334,False
E2551,5.06,4.79,0.5500000000000003,10.86956521739131,True
E2552,1.2,1.2,0.0,0.0,True
E2553,2.2199999999999998,2.2199999999999998,0.0,0.0,True
E2554,2.01,2.01,4.02,200.0,False
E2555,6.83,4.529999999999999,6.82,99.85358711566617,False
E2556,0.44,0.44,0.0,0.0,True
E2557,0.76,0.76,0.0,0.0,True
E2558,1.1099999999999999,1.1099999999999999,0.0,0.0,True
E2559,1.12,1.12,0.0,0.0,True
E256,11.620000000000001,11.620000000000001,0.08000000000000007,0.6884681583476769,True
E2560,2.4899999999999998,2.4899999999999998,0.0,0.0,True
E2561,0.98,0.98,1.12,114.2857142857143,False
E2562,1.46,1.46,0.0,0.0,True
E2563,0.82,0.82,0.3,36.58536585365854,False
E2564,8.81,8.81,6.5600000000000005,74.46083995459705,False
E2565,1.1099999999999999,1.1099999999999999,0.0,0.0,True
E2566,1.62,1.62,0.0,0.0,True
E2567,1.52,1.52,0.0,0.0,True
E2568,1.52,1.52,1.04,68.42105263157895,False
E2569,1.51,1.51,0.0,0.0,True
E257,11.66,11.66,0.0,0.0,True
E2570,0.96,0.96,0.0,0.0,True
E2571,2.75,2.75,0.0,0.0,True
E2572,1.66,1.66,3.32,200.0,False
E2573,1.83,1.83,0.8400000000000001,45.9016393442623,False
E2574,2.89,2.89,0.0,0.0,True
E2575,1.8599999999999999,1.8599999999999999,3.7199999999999998,200.0,False
E2576,2.5,2.5,0.0,0.0,True
E2577,1.7000000000000002,1.7000000000000002,0.0,0.0,True
E2578,3.66,3.66,0.0,0.0,True
E2579,1.5,1.5,1.94,129.33333333333334,False
E258,11.55,11.55,5.28,45.71428571428571,False
E2580,3.48,3.48,0.0,0.0,True
E2581,2.37,2.37,2.04,86.0759493670886,False
E2582,1.77,1.77,0.0,0.0,True
E2583,2.29,2.29,0.0,0.0,True
E2584,1.81,1.81,0.0,0.0,True
E2585,4.16,3.79,6.23,149.7596153846154,False
E2586,1.44,1.44,2.88,200.0,False
E2587,2.0,2.0,0.0,0.0,True
E2588,3.2800000000000002,3.2800000000000002,0.0,0.0,True
E2589,0.95,0.95,0.0,0.0,True
E259,8.33,8.33,0.0,0.0,True
E2590,1.33,1.33,0.0,0.0,True
E2591,21.67,21.67,14.5,66.91278264882325,False
E2592,147.82,147.82,56.83999999999999,38.45217156000541,False
E2593,3.02,3.02,0.0,0.0,True
E2594,2.0,2.0,0.0,0.0,True
E2595,1.11,1.11,0.0,0.0,True
E2596,1.25,1.25,0.0,0.0,True
E2597,0.8700000000000001,0.8700000000000001,0.0,0.0,True
E2598,0.43,0.43,0.0,0.0,True
E2599,1.2,1.2,0.0,0.0,True
E26,0.9,0.9,0.0,0.0,True
E260,7.3,7.3,10.080000000000002,138.08219178082194,False
E2600,0.56,0.56,0.0,0.0,True
E2601,2.73,2.73,0.0,0.0,True
E2602,0.69,0.69,0.0,0.0,True
E2603,6.0600000000000005,6.0600000000000005,2.08,34.32343234323432,False
E2604,5.02,5.02,0.0,0.0,True
E2605,5.16,5.16,0.0,0.0,True
E2607,3.0700000000000003,3.0700000000000003,0.040000000000000036,1.3029315960912062,True
E2608,16.06,15.399999999999999,15.219999999999999,94.76961394769614,False
E2609,1.85,1.85,0.0,0.0,True
E261,18.6,18.6,0.0,0.0,True
E2610,2.03,2.03,0.0,0.0,True
E2611,2.47,2.47,2.9400000000000004,119.02834008097167,False
E2612,2.29,2.29,4.58,200.0,False
E2613,0.83,0.8300000000000001,1.66,200.0,False
E2614,1.0,1.0,0.0,0.0,True
E2615,2.58,2.58,5.16,200.0,False
E2616,8.04,8.04,0.0,0.0,True
E2617,9.959999999999999,9.959999999999999,18.34,184.13654618473896,False
E2618,0.62,0.62,0.0,0.0,True
E2619,3.0999999999999996,2.16,2.2,70.96774193548389,False
E262,1.06,1.06,0.0,0.0,True
E2620,3.1399999999999997,3.1399999999999997,0.0,0.0,True
E2621,0.84,0.84,0.0,0.0,True
E2622,6.6,6.6000000000000005,2.04,30.90909090909091,False
E2623,2.09,2.09,4.18,200.0,False
E2624,1.54,1.54,0.0,0.0,True
E2625,0.49,0.49,0.0,0.0,True
E2626,8.559999999999999,8.559999999999999,0.0,0.0,True
E2627,4.93,4.93,9.62,195.13184584178498,False
E2628,7.24,7.24,0.9800000000000002,13.535911602209946,True
E2629,7.83,7.83,4.6,58.74840357598978,False
E263,9.01,7.31,4.1,45.504994450610425,False
E2630,2.1500000000000004,2.1500000000000004,0.0,0.0,True
E2631,3.21,3.21,0.0,0.0,True
E2632,12.600000000000001,12.600000000000001,0.0,0.0,True
E2633,3.0100000000000002,3.0100000000000002,1.7,56.478405315614616,False
E2634,0.56,0.56,0.0,0.0,True
E2635,6.41,6.41,5.66,88.29953198127924,False
E2636,2.51,2.51,0.0,0.0,True
E2637,2.1100000000000003,2.1100000000000003,1.02,48.34123222748814,False
E2638,0.6699999999999999,0.6699999999999999,0.0,0.0,True
E2639,10.24,8.7,2.799999999999999,27.34374999999999,False
E264,6.28,5.6,0.8599999999999999,13.694267515923563,True
E2640,0.78,0.78,0.0,0.0,True
E2641,3.83,3.83,0.0,0.0,True
E2642,3.7,3.7,0.0,0.0,True
E2643,0.6,0.6,1.2,200.0,False
E2644,1.53,1.53,0.0,0.0,True
E2645,1.44,1.44,0.0,0.0,True
E2646,1.12,1.12,0.0,0.0,True
E2647,1.94,1.9399999999999997,2.0999999999999996,108.24742268041236,False
E2648,1.99,1.99,0.0,0.0,True
E2649,1.4200000000000002,1.4200000000000002,0.0,0.0,True
E265,7.1899999999999995,7.19,3.0800000000000005,42.83727399165509,False
E2650,2.31,2.31,0.0,0.0,True
E2651,1.62,1.62,0.0,0.0,True
E2652,6.16,6.16,8.120000000000001,131.81818181818184,False
E2653,1.07,1.07,0.0,0.0,True
E2654,2.8800000000000003,2.88,5.48,190.27777777777774,False
E2655,0.83,0.83,0.0,0.0,True
E2656,0.85,0.85,0.0,0.0,True
E2657,1.4700000000000002,1.4700000000000002,0.0,0.0,True
E2658,4.0600000000000005,4.06,4.619999999999999,113.79310344827583,False
E2659,6.57,6.569999999999999,2.7999999999999994,42.61796042617959,False
E266,2.5900000000000003,2.59,5.18,199.99999999999997,False
E2660,1.72,1.72,0.0,0.0,True
E2661,1.19,1.19,2.38,200.0,False
E2662,1.47,1.4700000000000002,0.43999999999999995,29.93197278911564,False
E2663,9.01,9.01,8.02,89.01220865704772,False
E2664,1.94,1.94,2.26,116.49484536082473,False
E2665,7.0200000000000005,7.02,0.6800000000000006,9.686609686609694,True
E2666,1.6400000000000001,1.6400000000000001,0.0,0.0,True
E2667,1.22,1.22,2.44,200.0,False
E2668,5.29,5.29,0.0,0.0,True
E2669,4.82,4.82,0.0,0.0,True
E267,7.0,7.0,14.0,200.0,False
E2670,1.2,1.2,0.0,0.0,True
E2671,7.05,7.05,0.0,0.0,True
E2672,0.7999999999999999,0.7999999999999999,0.0,0.0,True
E2673,0.99,0.99,0.0,0.0,True
E2674,4.1,4.1,0.0,0.0,True
E2675,4.68,4.68,0.96,20.512820512820515,False
E2676,0.53,0.53,0.0,0.0,True
E2677,1.64,1.64,0.0,0.0,True
E2678,1.27,1.27,0.0,0.0,True
E2679,5.16,5.16,0.56,10.852713178294575,True
E268,5.0600000000000005,5.0600000000000005,0.0,0.0,True
E2680,1.7100000000000002,1.7100000000000002,0.0,0.0,True
E2681,1.05,1.05,0.0,0.0,True
E2682,0.9199999999999999,0.9199999999999999,0.0,0.0,True
E2683,0.39,0.39,0.0,0.0,True
E2684,0.8,0.8,0.0,0.0,True
E2685,0.64,0.64,0.0,0.0,True
E2686,2.24,2.24,1.3400000000000003,59.82142857142858,False
E2687,1.48,1.48,0.0,0.0,True
E2688,3.5300000000000002,3.5300000000000002,4.32,122.37960339943342,False
E2689,2.9800000000000004,2.9800000000000004,0.0,0.0,True
E269,15.62,13.34,4.58,29.321382842509603,False
E2690,1.02,1.02,0.0,0.0,True
E2691,3.55,3.55,0.08000000000000007,2.2535211267605657,True
E2692,4.140000000000001,4.140000000000001,3.0000000000000004,72.46376811594203,False
E2693,6.18,6.18,0.0,0.0,True
E2694,2.57,2.57,0.12,4.669260700389105,True
E2695,1.39,1.39,0.0,0.0,True
E2696,7.65,7.65,9.200000000000001,120.26143790849675,False
E2697,2.5,2.5,0.0,0.0,True
E2698,4.5,4.5,0.0,0.0,True
E2699,6.16,6.16,0.0,0.0,True
E27,4.23,4.23,0.0,0.0,True
E270,1.25,1.25,0.0,0.0,True
E2700,1.7,1.7,2.58,151.76470588235296,False
E2701,0.52,0.52,0.0,0.0,True
E2702,0.32,0.32,0.0,0.0,True
E2703,1.02,1.02,0.0,0.0,True
E2704,0.95,0.95,0.0,0.0,True
E2705,1.67,1.67,3.34,200.0,False
E2706,8.32,8.32,0.0,0.0,True
E2707,5.18,5.18,0.06000000000000005,1.1583011583011593,True
E2708,2.7300000000000004,2.7300000000000004,2.68,98.16849816849815,False
E2709,1.55,1.55,3.1,200.0,False
E271,3.18,3.18,0.0,0.0,True
E2710,2.41,0.53,2.9400000000000004,121.9917012448133,False
E2711,1.06,1.06,0.0,0.0,True
E2712,11.379999999999999,10.98,15.899999999999999,139.71880492091387,False
E2713,4.220000000000001,4.220000000000001,0.0,0.0,True
E2714,3.2300000000000004,3.2300000000000004,0.0,0.0,True
E2715,12.43,12.430000000000001,9.360000000000001,75.3016894609815,False
E2716,2.89,2.89,0.0,0.0,True
E2717,0.28,0.28,0.0,0.0,True
E2718,1.62,1.62,2.2800000000000002,140.74074074074076,False
E2719,11.86,11.86,1.0799999999999992,9.106239460370988,True
E272,7.9,7.9,0.0,0.0,True
E2720,0.65,0.65,0.0,0.0,True
E2721,1.71,1.71,0.0,0.0,True
E2722,7.12,7.120000000000001,9.24,129.7752808988764,False
E2723,1.5499999999999998,1.55,1.32,85.16129032258065,False
E2724,4.26,4.26,0.0,0.0,True
E2725,2.87,2.87,5.74,200.0,False
E2726,1.68,1.68,0.0,0.0,True
E2727,2.34,2.34,0.0,0.0,True
E2728,3.6200000000000006,3.6200000000000006,1.3400000000000003,37.01657458563536,False
E2729,0.61,0.61,0.0,0.0,True
E2730,1.04,1.04,0.0,0.0,True
E2731,0.44,0.23,0.25,56.81818181818182,False
E2732,0.7,0.7,1.4,200.0,False
E2733,7.710000000000001,5.83,8.74,113.3592736705577,False
E2734,4.58,4.58,0.0,0.0,True
E2735,0.35,0.35,0.0,0.0,True
E2736,1.1,1.1,0.38000000000000006,34.54545454545455,False
E2737,2.18,2.18,0.0,0.0,True
E2738,16.169999999999998,16.169999999999998,25.539999999999996,157.9468150896722,False
E2739,1.1,1.1,0.0,0.0,True
E274,8.59,8.59,8.14,94.76135040745052,False
E2740,0.84,0.84,1.68,200.0,False
E2741,0.94,0.94,0.0,0.0,True
E2742,7.61,7.470000000000001,4.82,63.3377135348226,False
E2743,21.35,21.35,0.0,0.0,True
E2744,2.8600000000000003,2.8600000000000003,2.0600000000000005,72.02797202797204,False
E2745,3.66,3.66,4.08,111.47540983606557,False
E2746,0.41,0.41,0.0,0.0,True
E2747,1.55,1.55,0.0,0.0,True
E2748,1.9500000000000002,1.9500000000000002,0.0,0.0,True
E2749,3.48,3.48,0.0,0.0,True
E275,6.52,6.52,9.28,142.33128834355827,False
E2750,5.05,5.05,6.279999999999999,124.35643564356434,False
E2751,7.31,7.3100000000000005,4.840000000000001,66.2106703146375,False
E2752,0.17,0.17,0.0,0.0,True
E2753,3.6,3.6,6.7,186.11111111111111,False
E2754,0.9299999999999999,0.93,1.5,161.29032258064518,False
E2755,0.75,0.75,0.0,0.0,True
E2756,1.12,1.12,0.0,0.0,True
E2757,2.0599999999999996,2.0599999999999996,0.0,0.0,True
E2758,1.44,1.44,0.0,0.0,True
E2759,4.05,4.05,0.0,0.0,True
E276,4.72,4.72,6.16,130.5084745762712,False
E2760,1.3199999999999998,1.3199999999999998,0.0,0.0,True
E2761,3.17,3.17,3.5,110.41009463722398,False
E2762,7.2,7.2,0.0,0.0,True
E2763,1.01,1.01,0.0,0.0,True
E2764,2.39,2.3899999999999997,2.3600000000000003,98.744769874477,False
E2765,1.0,1.0,0.10000000000000005,10.000000000000005,True
E2766,24.179999999999996,24.18,1.760000000000002,7.2787427626137395,True
E2767,1.15,1.15,0.66,57.39130434782609,False
E2768,4.23,4.23,0.0,0.0,True
E2769,0.62,0.62,1.2000000000000002,193.5483870967742,False
E277,13.530000000000001,13.530000000000001,0.08000000000000096,0.5912786400591349,True
E2770,0.97,0.97,0.0,0.0,True
E2771,4.8100000000000005,2.67,3.6,74.84407484407484,False
E2772,1.74,1.74,0.0,0.0,True
E2773,3.16,3.16,0.0,0.0,True
E2774,1.6,1.6,0.0,0.0,True
E2775,3.29,3.29,2.0199999999999996,61.3981762917933,False
E2776,1.3599999999999999,1.3599999999999999,0.8200000000000001,60.294117647058826,False
E2777,3.32,3.32,0.0,0.0,True
E2778,0.53,0.53,0.0,0.0,True
E2779,4.35,4.35,0.0,0.0,True
E278,19.29,19.29,36.699999999999996,190.25401762571278,False
E2780,1.68,1.68,0.10000000000000005,5.952380952380956,True
E2781,1.1,1.1,0.0,0.0,True
E2782,1.03,1.03,0.0,0.0,True
E2783,4.35,4.35,0.040000000000000036,0.9195402298850583,True
E2784,9.58,9.07,18.65,194.67640918580372,False
E2785,1.46,1.46,0.0,0.0,True
E2786,6.700000000000001,6.7,13.4,199.99999999999997,False
E2787,3.67,3.67,0.0,0.0,True
E2788,1.2,1.2,0.0,0.0,True
E2789,6.58,6.58,6.220000000000001,94.52887537993922,False
E279,2.2199999999999998,2.2199999999999998,0.0,0.0,True
E2790,2.48,2.48,4.96,200.0,False
E2791,4.11,4.109999999999999,0.4599999999999995,11.192214111922128,True
E2792,1.82,1.82,0.0,0.0,True
E2793,1.54,1.54,0.0,0.0,True
E2794,3.99,3.99,0.0,0.0,True
E2795,1.07,1.07,0.0,0.0,True
E2796,1.1,1.1,1.1,100.0,False
E2797,2.83,2.8299999999999996,0.039999999999999473,1.4134275618374372,True
E2798,5.15,5.15,1.62,31.456310679611647,False
E2799,1.5899999999999999,1.5900000000000003,0.02000000000000024,1.257861635220141,True
E28,1.55,1.55,0.0,0.0,True
E280,0.43000000000000005,0.43000000000000005,0.0,0.0,True
E2800,8.66,8.66,7.34,84.75750577367205,False
E2801,1.1600000000000001,1.1600000000000001,0.0,0.0,True
E2802,0.93,0.93,0.0,0.0,True
E2803,0.96,0.96,0.0,0.0,True
E2804,2.9,2.9,0.0,0.0,True
E2805,4.14,4.14,0.0,0.0,True
E2806,0.6,0.6,1.2,200.0,False
E2807,0.66,0.66,0.0,0.0,True
E2808,3.48,3.48,0.0,0.0,True
E2809,0.8400000000000001,0.8400000000000001,0.0,0.0,True
E281,5.319999999999999,5.319999999999999,2.18,40.977443609022565,False
E2810,0.4,0.4,0.0,0.0,True
E2811,1.6300000000000001,1.6300000000000001,0.0,0.0,True
E2812,1.83,1.83,0.0,0.0,True
E2815,6.82,6.82,0.0,0.0,True
E2816,1.5899999999999999,1.5899999999999999,0.8200000000000001,51.572327044025165,False
E2817,7.92,7.92,15.84,200.0,False
E2818,0.22000000000000003,0.22000000000000003,0.0,0.0,True
E2819,10.129999999999999,10.13,2.759999999999999,27.245804540967416,False
E282,23.81,23.18,14.85,62.368752624947504,False
E2820,4.98,4.98,6.36,127.71084337349396,False
E2821,22.31,22.31,39.38,176.5127745405648,False
E2822,3.3200000000000003,3.3200000000000003,0.0,0.0,True
E2823,3.24,3.2399999999999998,1.9799999999999998,61.1111111111111,False
E2824,2.31,2.31,0.0,0.0,True
E2825,0.55,0.55,1.1,200.0,False
E2826,3.79,3.79,1.26,33.245382585751976,False
E2827,6.9399999999999995,6.9399999999999995,0.0,0.0,True
E2828,2.44,2.44,1.24,50.81967213114754,False
E2829,1.22,1.22,0.0,0.0,True
E283,2.13,2.13,1.3399999999999999,62.91079812206573,False
E2830,2.45,2.45,0.0,0.0,True
E2831,2.17,2.17,0.0,0.0,True
E2832,0.45,0.45,0.0,0.0,True
E2833,0.44,0.44,0.0,0.0,True
E2834,8.61,8.61,13.64,158.42044134727064,False
E2835,2.89,2.89,5.78,200.0,False
E2836,6.54,6.54,1.9000000000000001,29.051987767584098,False
E2837,2.18,2.18,0.88,40.366972477064216,False
E2838,1.9100000000000001,1.91,0.5200000000000002,27.225130890052366,False
E2839,33.82,33.82,54.31999999999999,160.61502069781193,False
E284,6.39,6.390000000000001,3.16,49.45226917057903,False
E2840,0.8,0.8,0.6400000000000001,80.00000000000001,False
E2841,3.0199999999999996,3.02,0.02000000000000013,0.6622516556291435,True
E2842,2.85,2.85,0.0,0.0,True
E2843,8.2,8.2,0.06000000000000005,0.7317073170731715,True
E2844,3.25,3.25,0.040000000000000036,1.230769230769232,True
E2845,1.17,1.17,0.0,0.0,True
E2846,0.51,0.51,0.0,0.0,True
E2847,0.49,0.49,0.98,200.0,False
E2848,2.21,2.21,2.94,133.0316742081448,False
E2849,1.83,1.83,0.0,0.0,True
E285,9.489999999999998,9.489999999999998,0.0,0.0,True
E2850,3.29,3.29,0.0,0.0,True
E2851,0.85,0.85,0.0,0.0,True
E2852,3.85,3.85,4.86,126.23376623376625,False
E2853,6.8,6.799999999999999,5.699999999999999,83.8235294117647,False
E2854,1.47,1.47,0.0,0.0,True
E2855,2.7300000000000004,2.7300000000000004,0.0,0.0,True
E2856,1.2,1.2,0.0,0.0,True
E2857,2.24,2.2399999999999998,2.7199999999999998,121.42857142857142,False
E2858,1.66,1.66,0.0,0.0,True
E2859,2.5300000000000002,2.5300000000000002,0.0,0.0,True
E286,13.2,13.2,0.0,0.0,True
E2860,1.28,1.28,0.0,0.0,True
E2861,3.18,3.1799999999999997,1.7199999999999998,54.0880503144654,False
E2862,2.29,2.29,0.0,0.0,True
E2863,3.04,3.04,0.0,0.0,True
E2864,2.89,2.89,0.5400000000000003,18.685121107266443,True
E2865,0.49,0.49,0.0,0.0,True
E2866,0.47,0.47,0.0,0.0,True
E2867,3.42,3.42,0.0,0.0,True
E2868,2.05,2.05,0.0,0.0,True
E2869,3.3,3.3,0.0,0.0,True
E287,14.809999999999999,13.639999999999999,3.5499999999999994,23.970290344361917,False
E2870,1.47,1.47,0.0,0.0,True
E2871,0.63,0.63,0.0,0.0,True
E2872,1.79,1.7899999999999998,0.5599999999999999,31.284916201117312,False
E2873,3.2699999999999996,3.2699999999999996,0.0,0.0,True
E2874,1.9900000000000002,1.9900000000000002,0.0,0.0,True
E2875,4.4399999999999995,4.4399999999999995,4.04,90.990990990991,False
E2876,0.73,0.73,0.0,0.0,True
E2877,0.9099999999999999,0.9099999999999999,0.0,0.0,True
E2878,5.97,5.859999999999999,7.99,133.83584589614742,False
E2879,0.46,0.46,0.0,0.0,True
E288,10.660000000000002,10.66,13.82,129.6435272045028,False
E2880,0.83,0.83,0.0,0.0,True
E2881,2.7,2.7,0.040000000000000036,1.4814814814814827,True
E2882,2.35,2.35,0.0,0.0,True
E2883,2.42,2.42,1.48,61.15702479338843,False
E2884,0.43,0.43,0.0,0.0,True
E2885,1.17,1.17,0.0,0.0,True
E2886,1.77,1.77,0.0,0.0,True
E2887,3.61,3.61,5.38,149.03047091412742,False
E2888,0.88,0.88,0.0,0.0,True
E2889,0.47,0.47,0.0,0.0,True
E289,21.700000000000003,20.08,22.12,101.93548387096773,False
E2890,0.99,0.9900000000000001,0.2000000000000001,20.20202020202021,False
E2891,10.690000000000001,10.690000000000001,0.0,0.0,True
E2892,0.14,0.14,0.0,0.0,True
E2893,0.96,0.96,1.92,200.0,False
E2894,1.01,1.01,0.0,0.0,True
E2895,2.11,2.11,1.34,63.50710900473934,False
E2896,2.86,2.86,5.279999999999999,184.61538461538458,False
E2897,8.89,8.89,0.0,0.0,True
E2898,1.51,1.51,0.0,0.0,True
E2899,0.74,0.74,0.0,0.0,True
E29,2.24,2.24,0.0,0.0,True
E290,2.95,2.95,0.0,0.0,True
E2900,0.7,0.7,0.26,37.142857142857146,False
E2901,1.09,1.09,0.0,0.0,True
E2902,1.26,1.26,0.0,0.0,True
E2903,7.15,7.15,0.0,0.0,True
E2904,0.86,0.86,0.0,0.0,True
E2905,3.32,3.32,4.34,130.72289156626508,False
E2906,0.78,0.78,0.0,0.0,True
E2907,2.87,2.87,0.62,21.60278745644599,False
E2908,2.31,2.31,2.62,113.41991341991341,False
E2909,1.42,1.42,0.0,0.0,True
E291,5.1,5.1,0.0,0.0,True
E2910,0.46,0.46,0.0,0.0,True
E2911,7.9399999999999995,7.9399999999999995,8.739999999999998,110.07556675062972,False
E2912,1.46,1.46,0.0,0.0,True
E2913,1.2000000000000002,1.2000000000000002,0.0,0.0,True
E2914,1.22,1.22,0.0,0.0,True
E2915,2.33,2.33,0.0,0.0,True
E2916,1.03,1.03,0.0,0.0,True
E2917,2.46,2.46,0.0,0.0,True
E2918,2.6900000000000004,2.69,0.8400000000000001,31.226765799256505,False
E2919,5.8100000000000005,5.8100000000000005,7.3,125.64543889845093,False
E292,2.8499999999999996,2.8499999999999996,0.0,0.0,True
E2920,15.82,15.76,7.7200000000000015,48.79898862199748,False
E2921,0.65,0.65,0.0,0.0,True
E2922,1.93,1.93,0.0,0.0,True
E2923,0.72,0.72,0.24,33.333333333333336,False
E2924,1.8,1.8,0.0,0.0,True
E2925,2.52,2.52,0.0,0.0,True
E2926,0.38,0.38,0.0,0.0,True
E2927,0.42,0.42,0.0,0.0,True
E2928,0.7500000000000001,0.75,0.31999999999999995,42.66666666666666,False
E2929,0.36000000000000004,0.36,0.72,199.99999999999997,False
E293,5.21,5.21,0.0,0.0,True
E2930,5.66,5.66,0.09999999999999964,1.7667844522968135,True
E2931,0.59,0.59,0.0,0.0,True
E2932,3.16,3.16,0.54,17.088607594936708,True
E2933,1.0699999999999998,1.0699999999999998,1.14,106.54205607476636,False
E2934,3.8600000000000003,3.8600000000000003,1.6600000000000001,43.005181347150256,False
E2935,3.2,3.2,0.0,0.0,True
E2936,3.63,3.63,6.54,180.16528925619835,False
E2937,0.75,0.75,0.0,0.0,True
E2938,0.66,0.66,0.0,0.0,True
E2939,2.4299999999999997,2.43,1.56,64.19753086419753,False
E294,3.6100000000000003,3.6100000000000003,0.0,0.0,True
E2940,2.8099999999999996,2.8099999999999996,0.0,0.0,True
E2941,1.4000000000000001,1.4000000000000001,0.0,0.0,True
E2942,3.61,3.61,0.0,0.0,True
E2943,3.76,3.76,0.0,0.0,True
E2944,1.08,1.08,0.0,0.0,True
E2945,1.35,1.35,0.0,0.0,True
E2946,1.51,1.51,1.7999999999999998,119.20529801324501,False
E2947,1.85,1.85,1.54,83.24324324324324,False
E2948,3.62,3.62,7.24,200.0,False
E2949,1.08,1.08,0.0,0.0,True
E295,3.6,3.6,0.0,0.0,True
E2950,4.59,4.59,0.0,0.0,True
E2951,0.91,0.91,0.0,0.0,True
E2952,0.79,0.79,0.0,0.0,True
E2953,7.68,7.68,15.36,200.0,False
E2954,5.95,5.95,3.42,57.47899159663865,False
E2955,4.51,4.51,5.02,111.30820399113081,False
E2956,4.37,4.37,0.0,0.0,True
E2957,4.25,4.25,4.12,96.94117647058823,False
E2958,2.48,2.48,0.0,0.0,True
E2959,2.71,2.71,2.1399999999999997,78.96678966789666,False
E296,8.780000000000001,8.780000000000001,4.8,54.66970387243735,False
E2960,2.1,2.1,2.54,120.95238095238095,False
E2961,2.02,2.02,0.0,0.0,True
E2962,1.12,1.12,0.0,0.0,True
E2963,6.63,6.63,0.0,0.0,True
E2964,0.5,0.5,0.0,0.0,True
E2965,10.07,10.07,0.0,0.0,True
E2966,1.97,1.97,0.0,0.0,True
E2967,0.9199999999999999,0.9199999999999999,0.0,0.0,True
E2968,12.180000000000001,12.180000000000001,22.2,182.26600985221674,False
E2969,6.54,6.54,0.0,0.0,True
E297,1.74,1.7399999999999998,1.6400000000000001,94.25287356321839,False
E2970,4.52,4.52,0.0,0.0,True
E2971,1.5500000000000003,1.55,0.6800000000000002,43.87096774193549,False
E2972,3.6,3.6,0.0,0.0,True
E2973,1.01,1.01,0.0,0.0,True
E2974,4.59,4.59,7.4399999999999995,162.09150326797385,False
E2975,0.16,0.16,0.0,0.0,True
E2976,1.95,1.95,0.8999999999999999,46.153846153846146,False
E2977,2.5100000000000002,2.5100000000000002,0.0,0.0,True
E2978,10.54,10.540000000000001,17.240000000000002,163.56736242884253,False
E2979,2.55,2.55,1.8999999999999997,74.50980392156862,False
E298,5.95,5.95,1.66,27.899159663865547,False
E2980,10.84,10.84,0.0,0.0,True
E2981,3.77,3.33,6.18,163.92572944297083,False
E2982,1.0,1.0,2.0,200.0,False
E2983,2.91,2.91,0.0,0.0,True
E2984,1.7199999999999998,1.72,3.1599999999999997,183.72093023255815,False
E2985,1.47,1.47,0.0,0.0,True
E2986,8.3,8.3,0.0,0.0,True
E2987,1.28,1.28,0.0,0.0,True
E2988,1.12,1.12,0.0,0.0,True
E2989,5.13,5.13,1.2999999999999998,25.341130604288495,False
E299,1.83,1.83,1.3,71.03825136612022,False
E2990,9.580000000000002,9.58,2.5000000000000013,26.096033402922764,False
E2991,1.69,1.69,0.0,0.0,True
E2992,0.55,0.55,0.0,0.0,True
E2993,2.46,2.46,0.0,0.0,True
E2994,2.24,2.24,4.48,200.0,False
E2995,1.86,1.86,0.0,0.0,True
E2996,1.88,1.88,0.0,0.0,True
E2997,0.45,0.45,0.0,0.0,True
E2998,1.27,1.27,0.0,0.0,True
E2999,20.58,20.58,41.16,200.00000000000003,False
E3,3.07,3.07,1.96,63.843648208469055,False
E30,11.26,11.26,0.07999999999999874,0.7104795737122446,True
E300,5.96,5.96,0.0,0.0,True
E3000,11.030000000000001,11.030000000000001,0.019999999999999574,0.18132366273798342,True
E3001,1.61,1.61,3.22,200.0,False
E3002,1.3599999999999999,1.3599999999999999,0.0,0.0,True
E3003,1.21,1.21,0.0,0.0,True
E3004,1.45,1.45,0.0,0.0,True
E3005,0.77,0.77,0.0,0.0,True
E3006,3.3899999999999997,3.3899999999999997,3.8,112.094395280236,False
E3007,3.1799999999999997,3.1799999999999997,0.0,0.0,True
E3008,1.65,1.65,0.7199999999999999,43.63636363636363,False
E3009,2.7600000000000002,2.76,2.4,86.95652173913042,False
E301,5.960000000000001,5.96,9.82,164.7651006711409,False
E3010,7.72,6.48,4.699999999999999,60.88082901554404,False
E3011,1.37,1.37,1.52,110.94890510948905,False
E3012,1.02,1.02,1.1,107.84313725490198,False
E3013,0.31000000000000005,0.31000000000000005,0.0,0.0,True
E3014,15.63,15.63,3.4600000000000004,22.13691618682022,False
E3015,39.06,39.06,11.000000000000002,28.161802355350748,False
E3016,0.73,0.73,1.46,200.0,False
E3017,1.4100000000000001,1.4100000000000001,0.0,0.0,True
E3018,0.91,0.91,1.82,200.0,False
E3019,1.78,1.78,2.04,114.6067415730337,False
E302,2.31,2.31,0.0,0.0,True
E3020,4.64,4.64,0.040000000000000036,0.8620689655172422,True
E3021,1.26,1.26,0.0,0.0,True
E3022,2.3800000000000003,2.2,3.7800000000000002,158.8235294117647,False
E3023,2.01,2.01,4.02,200.0,False
E3024,0.25,0.25,0.0,0.0,True
E3025,1.42,1.42,2.84,200.0,False
E3026,3.14,3.14,0.0,0.0,True
E3027,0.7000000000000001,0.7000000000000001,0.24,34.285714285714285,False
E3028,0.69,0.6900000000000001,1.38,200.00000000000003,False
E3029,2.73,2.73,0.0,0.0,True
E303,1.7,1.7,0.0,0.0,True
E3030,3.2399999999999998,3.24,6.48,200.00000000000003,False
E3031,1.15,1.15,0.0,0.0,True
E3032,9.5,9.5,8.16,85.89473684210526,False
E3033,1.03,1.03,1.5,145.63106796116506,False
E3034,0.43,0.43,0.0,0.0,True
E3035,3.04,3.04,4.12,135.52631578947367,False
E3036,1.0,1.0,0.0,0.0,True
E3037,18.71,18.71,11.26,60.18172100481026,False
E3038,3.8600000000000003,3.8600000000000003,3.4000000000000004,88.08290155440416,False
E3039,2.5700000000000003,2.5700000000000003,1.46,56.809338521400775,False
E304,3.9,3.9,0.0,0.0,True
E3040,5.3100000000000005,5.3100000000000005,3.3,62.146892655367225,False
E3041,2.96,2.96,0.0,0.0,True
E3042,0.21000000000000002,0.21000000000000002,0.0,0.0,True
E3043,1.8900000000000001,1.8900000000000001,0.0,0.0,True
E3044,3.3400000000000003,3.34,2.44,73.05389221556885,False
E3045,1.28,1.28,0.0,0.0,True
E3046,1.9700000000000002,1.97,0.30000000000000016,15.228426395939092,True
E3047,1.9300000000000002,1.9300000000000002,0.0,0.0,True
E3048,1.97,1.97,0.0,0.0,True
E3049,4.25,4.25,0.3399999999999994,7.999999999999987,True
E305,20.97,20.970000000000002,9.459999999999999,45.11206485455412,False
E3050,1.46,1.46,1.56,106.84931506849315,False
E3051,4.07,3.75,2.9399999999999995,72.23587223587222,False
E3052,0.21,0.21,0.0,0.0,True
E3053,1.09,1.09,0.66,60.55045871559633,False
E3054,3.83,3.8299999999999996,4.4399999999999995,115.92689295039163,False
E3055,2.5999999999999996,2.5999999999999996,2.3,88.46153846153847,False
E3056,0.96,0.96,0.0,0.0,True
E3057,6.17,6.17,0.0,0.0,True
E3058,0.37,0.37,0.0,0.0,True
E3059,1.4300000000000002,1.4300000000000002,0.0,0.0,True
E306,7.72,7.72,2.94,38.082901554404145,False
E3060,0.54,0.54,0.0,0.0,True
E3061,0.58,0.58,0.0,0.0,True
E3062,3.27,3.27,1.58,48.318042813455655,False
E3063,0.31,0.31,0.0,0.0,True
E3064,3.17,3.17,0.16000000000000014,5.047318611987387,True
E3065,1.4100000000000001,1.4100000000000001,1.2600000000000002,89.36170212765958,False
E3066,3.27,3.27,3.32,101.52905198776759,False
E3067,9.27,9.27,0.7599999999999995,8.198489751887804,True
E3068,11.99,11.77,13.4,111.75979983319432,False
E3069,0.33999999999999997,0.33999999999999997,0.19999999999999998,58.82352941176471,False
E307,8.53,8.53,10.599999999999998,124.26729191090269,False
E3070,5.75,4.93,4.66,81.04347826086956,False
E3071,1.35,1.35,0.0,0.0,True
E3072,1.32,1.32,0.6000000000000001,45.45454545454546,False
E3073,2.12,2.12,0.0,0.0,True
E3074,7.85,7.85,0.0,0.0,True
E3075,5.93,5.93,0.0,0.0,True
E3076,3.84,3.84,1.9,49.47916666666667,False
E3077,8.38,8.38,7.6000000000000005,90.69212410501193,False
E3078,1.1,1.1,1.8399999999999999,167.27272727272725,False
E3079,4.74,4.74,0.0,0.0,True
E308,2.6,2.6,3.22,123.84615384615384,False
E3080,10.45,10.26,15.190000000000001,145.3588516746412,False
E3081,1.26,1.26,0.0,0.0,True
E3082,1.86,1.86,0.0,0.0,True
E3083,0.75,0.75,0.0,0.0,True
E3084,8.34,8.34,0.0,0.0,True
E3085,7.459999999999999,7.459999999999999,7.619999999999999,102.14477211796246,False
E3086,2.15,2.15,0.0,0.0,True
E3087,6.2299999999999995,6.2299999999999995,0.20000000000000018,3.2102728731942247,True
E3088,0.45,0.45,0.0,0.0,True
E3089,1.1400000000000001,1.1400000000000001,0.0,0.0,True
E309,1.31,1.31,0.0,0.0,True
E3090,1.17,1.17,0.0,0.0,True
E3091,0.8,0.8,0.0,0.0,True
E3092,2.98,2.98,0.0,0.0,True
E3093,0.8,0.8,0.0,0.0,True
E3094,0.79,0.79,0.0,0.0,True
E3095,3.07,3.07,0.0,0.0,True
E3096,19.67,19.67,0.0,0.0,True
E3097,0.65,0.65,0.76,116.92307692307692,False
E3098,1.87,1.87,0.0,0.0,True
E3099,0.91,0.91,0.0,0.0,True
E31,0.47000000000000003,0.47000000000000003,0.0,0.0,True
E310,3.13,3.13,0.0,0.0,True
E3100,2.07,2.07,4.14,200.0,False
E3101,2.7600000000000002,2.24,1.8200000000000003,65.94202898550725,False
E3102,2.8200000000000003,2.74,0.6000000000000001,21.27659574468085,False
E3103,3.33,1.38,4.71,141.44144144144144,False
E3104,0.91,0.91,0.0,0.0,True
E3105,0.77,0.77,0.0,0.0,True
E3106,4.4399999999999995,4.4399999999999995,0.0,0.0,True
E3107,0.7400000000000001,0.7400000000000001,1.4200000000000002,191.8918918918919,False
E3108,3.31,3.31,1.7400000000000002,52.56797583081572,False
E3109,3.85,3.8500000000000005,6.48,168.3116883116883,False
E311,9.379999999999999,9.38,2.6399999999999997,28.144989339019187,False
E3110,0.93,0.93,0.0,0.0,True
E3111,1.9400000000000002,1.9400000000000002,0.0,0.0,True
E3112,2.17,2.17,1.18,54.3778801843318,False
E3114,0.86,0.86,0.0,0.0,True
E3115,1.14,1.14,0.0,0.0,True
E3116,0.87,0.87,0.0,0.0,True
E3117,3.9800000000000004,3.9800000000000004,0.0,0.0,True
E3118,1.4,1.4,0.0,0.0,True
E3119,1.24,1.24,1.08,87.09677419354838,False
E312,1.23,1.23,0.0,0.0,True
E3120,10.19,10.19,10.759999999999998,105.59371933267909,False
E3121,6.37,6.37,0.6399999999999993,10.047095761381465,True
E3122,57.510000000000005,57.510000000000005,6.26,10.885063467223091,True
E3123,21.919999999999998,21.92,30.34,138.4124087591241,False
E3124,4.859999999999999,4.86,5.120000000000001,105.34979423868316,False
E3125,3.51,3.51,7.02,200.0,False
E3126,4.12,4.119999999999999,8.24,200.0,False
E3127,7.52,7.52,0.0,0.0,True
E3128,30.14,30.14,21.58,71.59920371599203,False
E3129,3.9,3.9,0.0,0.0,True
E313,5.73,5.73,1.22,21.291448516579404,False
E3130,2.18,2.18,2.3200000000000003,106.42201834862387,False
E3131,1.99,1.99,1.98,99.49748743718592,False
E3132,1.24,1.24,0.0,0.0,True
E3133,1.62,1.62,0.0,0.0,True
E3134,0.19,0.19,0.0,0.0,True
E3135,0.23,0.23,0.0,0.0,True
E3136,2.2199999999999998,2.2199999999999998,0.0,0.0,True
E3137,4.1,4.1,0.0,0.0,True
E3138,0.8,0.8,0.0,0.0,True
E3139,2.45,2.45,0.0,0.0,True
E314,7.63,7.63,0.11999999999999922,1.5727391874180763,True
E3140,5.34,5.34,1.92,35.95505617977528,False
E3141,1.04,1.04,0.24,23.076923076923077,False
E3142,6.48,6.479999999999999,5.279999999999999,81.48148148148145,False
E3143,3.71,3.71,0.38,10.242587601078167,True
E3144,2.56,2.56,5.12,200.0,False
E3145,1.41,1.41,0.0,0.0,True
E3146,1.32,1.32,0.0,0.0,True
E3147,3.61,3.61,0.0,0.0,True
E3148,6.369999999999999,6.369999999999999,0.0,0.0,True
E3149,9.55,9.55,4.1,42.93193717277486,False
E315,6.32,6.32,0.0,0.0,True
E3150,2.3899999999999997,2.3899999999999997,0.0,0.0,True
E3151,0.19,0.19,0.0,0.0,True
E3152,4.960000000000001,4.96,4.300000000000001,86.69354838709677,False
E3153,1.1,1.1,0.0,0.0,True
E3154,3.78,3.78,0.37999999999999995,10.052910052910052,True
E3155,1.9,1.9,0.0,0.0,True
E3156,0.15,0.15,0.0,0.0,True
E3157,1.35,1.35,0.0,0.0,True
E3158,2.61,2.61,0.0,0.0,True
E3159,1.46,1.46,0.0,0.0,True
E316,3.81,3.0599999999999996,0.91,23.88451443569554,False
E3160,3.61,3.61,1.68,46.53739612188366,False
E3161,3.94,3.94,0.0,0.0,True
E3162,0.33,0.33,0.0,0.0,True
E3163,0.45,0.45,0.0,0.0,True
E3164,3.83,3.83,3.44,89.81723237597912,False
E3165,2.87,2.87,0.0,0.0,True
E3166,1.55,1.55,0.0,0.0,True
E3167,2.42,2.42,0.0,0.0,True
E3168,78.89,78.89,87.86,111.37026239067055,False
E3169,7.15,7.15,0.0,0.0,True
E317,10.1,10.1,17.36,171.88118811881188,False
E3170,2.25,2.25,1.06,47.111111111111114,False
E3171,1.44,1.44,0.0,0.0,True
E3172,39.75,39.75,77.34,194.56603773584905,False
E3173,1.18,1.18,0.0,0.0,True
E3174,4.9399999999999995,4.9399999999999995,5.6,113.36032388663969,False
E3175,1.2999999999999998,1.2999999999999998,0.0,0.0,True
E3176,2.74,2.74,0.0,0.0,True
E3177,3.57,3.57,0.0,0.0,True
E3178,0.9299999999999999,0.9299999999999999,0.0,0.0,True
E3179,0.96,0.96,0.0,0.0,True
E318,12.879999999999999,12.88,0.03999999999999959,0.310559006211177,True
E3180,0.14,0.14,0.0,0.0,True
E3181,1.02,1.02,0.0,0.0,True
E3182,0.56,0.56,0.0,0.0,True
E3183,0.44,0.44,0.0,0.0,True
E3184,0.79,0.79,0.0,0.0,True
E3185,1.76,1.76,0.0,0.0,True
E3186,2.8500000000000005,2.8500000000000005,0.0,0.0,True
E3187,7.24,7.24,0.0,0.0,True
E3188,2.62,2.62,0.020000000000000018,0.7633587786259548,True
E3189,3.41,3.41,0.0,0.0,True
E319,0.9,0.9,0.0,0.0,True
E3190,0.68,0.68,0.0,0.0,True
E3191,2.49,2.49,0.0,0.0,True
E3192,0.28,0.28,0.0,0.0,True
E3193,7.02,7.02,0.0,0.0,True
E3194,1.4600000000000002,1.4600000000000002,0.10000000000000005,6.849315068493153,True
E3195,7.76,7.76,0.0,0.0,True
E3197,11.84,11.84,0.0,0.0,True
E3198,6.88,6.88,0.0,0.0,True
E3199,2.3400000000000003,2.3400000000000003,0.28000000000000014,11.96581196581197,True
E32,1.3,1.3,1.6,123.07692307692307,False
E320,3.98,3.98,0.0,0.0,True
E3200,1.5699999999999998,1.5699999999999998,0.0,0.0,True
E3201,62.44,62.44,8.019999999999998,12.844330557335038,True
E3202,4.3100000000000005,4.31,4.9399999999999995,114.61716937354986,False
E3203,0.24,0.24,0.48,200.0,False
E3204,3.42,3.42,6.84,200.0,False
E3205,13.61,11.92,9.85,72.37325495958854,False
E3206,8.55,8.549999999999999,16.4,191.812865497076,False
E3207,0.9,0.9,0.0,0.0,True
E3208,18.35,18.35,15.58,84.90463215258855,False
E3209,2.91,2.91,0.7599999999999999,26.1168384879725,False
E321,7.930000000000001,7.930000000000001,0.0,0.0,True
E3210,11.219999999999999,11.219999999999999,10.899999999999999,97.14795008912655,False
E3211,6.72,6.72,0.0,0.0,True
E3212,3.45,3.45,6.12,177.39130434782606,False
E3213,7.890000000000001,7.890000000000001,0.5600000000000003,7.097591888466416,True
E3214,1.6800000000000002,1.6800000000000002,0.0,0.0,True
E3215,5.470000000000001,5.47,6.92,126.50822669104203,False
E3216,1.1500000000000001,1.1500000000000001,0.0,0.0,True
E3217,3.17,3.17,0.0,0.0,True
E3218,4.15,4.15,1.7400000000000002,41.9277108433735,False
E3219,1.09,1.09,0.0,0.0,True
E322,7.18,7.18,2.26,31.476323119777156,False
E3220,1.1400000000000001,1.1400000000000001,0.0,0.0,True
E3221,4.0,4.0,5.42,135.5,False
E3222,11.85,11.85,9.14,77.13080168776372,False
E3223,0.75,0.75,0.0,0.0,True
E3224,0.56,0.56,0.0,0.0,True
E3225,3.4299999999999997,3.43,3.54,103.2069970845481,False
E3226,1.06,1.06,0.86,81.13207547169812,False
E3227,1.86,1.86,0.0,0.0,True
E3228,1.66,1.66,1.5,90.36144578313254,False
E3229,0.45999999999999996,0.45999999999999996,0.0,0.0,True
E323,10.21,10.209999999999999,4.24,41.5279138099902,False
E3230,1.8,1.8,0.0,0.0,True
E3231,0.32,0.32,0.32,100.0,False
E3232,0.64,0.64,0.0,0.0,True
E3233,1.79,1.79,0.0,0.0,True
E3234,2.26,2.26,0.0,0.0,True
E3235,0.95,0.95,1.8399999999999999,193.6842105263158,False
E3236,4.49,4.49,6.12,136.30289532293986,False
E3237,8.780000000000001,8.78,10.44,118.90660592255124,False
E3238,1.29,1.29,0.0,0.0,True
E3239,0.43,0.43,0.0,0.0,True
E324,1.8199999999999998,1.8199999999999998,0.0,0.0,True
E3240,0.67,0.67,0.54,80.59701492537313,False
E3241,5.16,5.16,1.3399999999999999,25.968992248062015,False
E3242,2.81,2.81,0.0,0.0,True
E3243,3.73,3.73,0.0,0.0,True
E3244,4.12,4.12,4.88,118.44660194174757,False
E3245,2.76,2.76,0.0,0.0,True
E3246,2.31,2.31,0.0,0.0,True
E3247,1.03,1.03,2.06,200.0,False
E3248,5.01,5.01,0.0,0.0,True
E3249,0.5700000000000001,0.5700000000000001,0.0,0.0,True
E325,4.85,4.85,5.9,121.64948453608248,False
E3250,6.510000000000001,6.510000000000001,0.0,0.0,True
E3251,0.77,0.77,0.0,0.0,True
E3252,1.93,1.93,0.0,0.0,True
E3253,1.25,1.25,1.92,153.6,False
E3254,23.03,23.03,11.32,49.15327833260964,False
E3255,8.19,8.190000000000001,2.0999999999999996,25.64102564102564,False
E3256,0.9299999999999999,0.9299999999999999,0.0,0.0,True
E3257,1.35,1.35,0.0,0.0,True
E3258,1.29,1.29,0.0,0.0,True
E3259,3.02,3.02,0.0,0.0,True
E326,8.95,8.95,0.0,0.0,True
E3260,0.33,0.33,0.0,0.0,True
E3261,2.4499999999999997,2.4499999999999997,0.0,0.0,True
E3262,0.54,0.54,0.0,0.0,True
E3263,0.67,0.67,0.0,0.0,True
E3264,2.66,2.66,0.0,0.0,True
E3265,9.04,9.04,0.0,0.0,True
E3266,4.01,4.01,0.0,0.0,True
E3267,4.1899999999999995,3.5300000000000002,6.32,150.83532219570407,False
E3268,3.29,3.29,1.0,30.3951367781155,False
E3269,7.35,7.35,0.08000000000000007,1.0884353741496609,True
E327,5.77,5.77,1.68,29.11611785095321,False
E3270,1.25,1.25,0.0,0.0,True
E3271,0.52,0.52,0.0,0.0,True
E3272,0.8,0.8,1.6,200.0,False
E3273,1.17,1.17,0.0,0.0,True
E3274,0.7799999999999999,0.7799999999999999,0.0,0.0,True
E3275,1.45,1.4500000000000002,1.12,77.24137931034484,False
E3276,4.79,4.79,2.3200000000000003,48.43423799582464,False
E3277,4.37,4.37,6.58,150.5720823798627,False
E3278,5.25,5.250000000000001,1.2800000000000002,24.380952380952387,False
E3279,5.300000000000001,5.300000000000001,0.1200000000000001,2.264150943396228,True
E328,3.55,3.55,0.0,0.0,True
E3280,1.19,1.19,0.0,0.0,True
E3281,2.1500000000000004,2.1500000000000004,0.0,0.0,True
E3282,7.09,7.09,0.7999999999999999,11.283497884344147,True
E3283,3.88,3.88,4.02,103.6082474226804,False
E3284,2.49,2.49,1.52,61.0441767068273,False
E3285,1.95,1.9500000000000002,1.4800000000000002,75.89743589743591,False
E3286,6.9,5.34,6.92,100.28985507246377,False
E3287,3.61,3.61,0.0,0.0,True
E3288,1.07,1.07,0.0,0.0,True
E3289,0.54,0.54,0.0,0.0,True
E329,12.51,12.51,0.0,0.0,True
E3290,4.33,4.33,0.0,0.0,True
E3291,0.6,0.6,0.0,0.0,True
E3292,1.7599999999999998,1.7599999999999998,0.0,0.0,True
E3293,12.92,12.92,1.9399999999999986,15.01547987616098,True
E3294,1.03,1.03,0.74,71.84466019417475,False
E3295,3.1799999999999997,3.1799999999999997,0.0,0.0,True
E3296,0.37,0.37,0.0,0.0,True
E3297,1.07,1.07,1.2600000000000002,117.75700934579442,False
E3298,1.56,1.56,0.0,0.0,True
E3299,39.22,39.22,24.499999999999996,62.46812850586434,False
E33,23.060000000000002,23.060000000000002,29.660000000000004,128.62098872506505,False
E330,3.78,3.55,1.69,44.70899470899471,False
E3300,58.339999999999996,58.34,23.020000000000003,39.458347617415164,False
E3301,3.83,3.83,0.0,0.0,True
E3302,1.83,1.83,0.0,0.0,True
E3303,4.37,4.37,0.0,0.0,True
E3304,3.1100000000000003,3.11,1.5999999999999999,51.446945337620576,False
E3305,0.82,0.82,0.0,0.0,True
E3306,1.2000000000000002,1.2,1.56,129.99999999999997,False
E3308,4.04,4.04,6.12,151.4851485148515,False
E3309,3.3,3.3,0.0,0.0,True
E331,4.19,4.19,0.0,0.0,True
E3310,0.18,0.18,0.0,0.0,True
E3311,1.36,1.36,0.0,0.0,True
E3312,3.69,3.69,0.0,0.0,True
E3313,2.16,2.16,0.0,0.0,True
E3314,1.62,1.62,0.0,0.0,True
E3315,1.27,1.27,0.0,0.0,True
E3316,0.89,0.89,0.0,0.0,True
E3317,6.84,6.84,0.0,0.0,True
E3318,3.48,3.48,4.7,135.05747126436782,False
E3319,5.8500000000000005,5.85,2.7199999999999998,46.495726495726494,False
E332,6.460000000000001,6.460000000000001,2.04,31.578947368421048,False
E3320,1.11,1.11,0.0,0.0,True
E3321,4.18,4.18,3.46,82.77511961722489,False
E3322,8.399999999999999,8.399999999999999,1.2400000000000002,14.761904761904768,True
E3323,4.5200000000000005,4.5200000000000005,9.040000000000001,200.0,False
E3324,1.23,1.23,0.0,0.0,True
E3325,1.7999999999999998,1.7999999999999998,0.0,0.0,True
E3326,7.1,7.1,8.76,123.38028169014085,False
E3327,1.9900000000000002,1.9900000000000002,0.0,0.0,True
E3328,14.21,14.21,10.680000000000001,75.15833919774808,False
E3329,7.8,7.8,0.0,0.0,True
E333,6.890000000000001,6.89,2.7,39.187227866473144,False
E3330,2.81,2.81,0.0,0.0,True
E3331,13.160000000000002,13.16,3.939999999999998,29.939209726443753,False
E3332,2.13,2.13,0.0,0.0,True
E3333,1.81,1.81,0.0,0.0,True
E3334,9.8,9.799999999999999,18.04,184.0816326530612,False
E3335,3.2699999999999996,3.2699999999999996,1.02,31.19266055045872,False
E3336,0.7899999999999999,0.7899999999999999,0.0,0.0,True
E3338,6.97,6.97,0.0,0.0,True
E3339,4.13,4.13,0.0,0.0,True
E334,5.18,5.18,7.18,138.61003861003863,False
E3340,4.03,4.03,0.0,0.0,True
E3341,2.71,2.71,0.0,0.0,True
E3342,0.23,0.23,0.0,0.0,True
E3343,4.73,2.48,2.71,57.293868921775896,False
E3344,6.49,6.49,7.38,113.71340523882897,False
E3345,1.6400000000000001,1.6400000000000001,0.0,0.0,True
E3346,0.96,0.96,0.0,0.0,True
E3347,1.73,1.73,0.0,0.0,True
E3348,2.17,2.17,0.0,0.0,True
E3349,10.12,10.12,0.0,0.0,True
E335,5.359999999999999,5.36,10.719999999999999,200.00000000000003,False
E3350,2.51,2.51,0.22,8.764940239043826,True
E3351,8.459999999999999,8.459999999999999,0.2000000000000001,2.3640661938534295,True
E3352,1.17,1.17,0.0,0.0,True
E3353,0.6699999999999999,0.6699999999999999,0.0,0.0,True
E3354,1.3,1.3,0.0,0.0,True
E3355,1.01,1.01,0.0,0.0,True
E3356,12.57,12.309999999999999,7.840000000000001,62.37072394590295,False
E3357,1.15,1.15,0.0,0.0,True
E3358,8.3,8.3,0.0,0.0,True
E3359,1.5,1.5,1.02,68.0,False
E336,3.1799999999999997,3.1799999999999997,0.0,0.0,True
E3360,14.990000000000002,14.21,1.96,13.07538358905937,True
E3361,2.59,2.59,0.0,0.0,True
E3362,1.03,1.03,0.0,0.0,True
E3363,3.97,3.97,0.0,0.0,True
E3364,2.83,2.83,0.0,0.0,True
E3365,0.30000000000000004,0.30000000000000004,0.0,0.0,True
E3366,3.11,3.11,0.0,0.0,True
E3367,10.450000000000001,10.45,6.420000000000001,61.4354066985646,False
E3368,2.8,2.8,0.0,0.0,True
E3369,0.53,0.53,0.0,0.0,True
E337,10.31,10.309999999999999,0.7399999999999992,7.177497575169729,True
E3370,4.53,4.53,0.0,0.0,True
E3371,0.79,0.79,0.0,0.0,True
E3372,3.84,3.8400000000000003,0.10000000000000031,2.604166666666675,True
E3373,2.2,2.2,0.0,0.0,True
E3374,0.67,0.67,0.0,0.0,True
E3375,1.9400000000000002,1.9400000000000002,0.18,9.278350515463917,True
E3376,5.23,3.91,3.64,69.59847036328871,False
E3377,12.010000000000002,12.01,2.5800000000000005,21.48209825145712,False
E3378,1.1800000000000002,1.1800000000000002,0.0,0.0,True
E3379,11.98,11.98,12.399999999999999,103.50584307178629,False
E338,8.05,8.05,0.0,0.0,True
E3380,18.88,18.88,0.17999999999999994,0.9533898305084743,True
E3381,11.27,11.27,0.0,0.0,True
E3382,8.39,6.3100000000000005,6.74,80.3337306317044,False
E3383,1.18,1.1800000000000002,2.36,200.0,False
E3384,0.66,0.66,0.0,0.0,True
E3385,2.88,2.88,2.64,91.66666666666667,False
E3386,0.97,0.97,0.94,96.90721649484536,False
E3387,1.3900000000000001,1.3900000000000001,0.0,0.0,True
E3388,3.79,3.79,0.0,0.0,True
E339,4.6,4.6,0.0,0.0,True
E3390,3.0,3.0,4.02,133.99999999999997,False
E3391,6.34,6.34,0.33999999999999997,5.3627760252365935,True
E3392,2.68,2.68,0.0,0.0,True
E3393,3.09,3.09,0.0,0.0,True
E3394,6.44,6.44,12.88,200.0,False
E3395,1.5699999999999998,1.5699999999999998,3.1399999999999997,199.99999999999997,False
E3396,5.08,5.08,1.9600000000000004,38.58267716535433,False
E3397,0.74,0.74,0.0,0.0,True
E3398,4.17,4.17,2.7800000000000002,66.66666666666667,False
E3399,25.53,25.53,8.840000000000002,34.62593027810419,False
E34,1.99,1.99,0.0,0.0,True
E340,20.810000000000002,20.810000000000002,17.120000000000005,82.26814031715523,False
E3400,8.15,8.15,1.1799999999999997,14.47852760736196,True
E3401,6.449999999999999,6.449999999999999,0.0,0.0,True
E3402,0.5,0.5,0.14,28.000000000000004,False
E3403,2.04,2.04,0.3200000000000002,15.686274509803928,True
E3404,2.8600000000000003,2.8600000000000003,2.08,72.72727272727272,False
E3405,4.33,4.33,8.44,194.919168591224,False
E3406,3.21,3.21,0.0,0.0,True
E3407,1.93,1.93,0.0,0.0,True
E3408,2.25,2.25,0.6200000000000001,27.55555555555556,False
E3409,1.08,1.08,0.0,0.0,True
E341,6.640000000000001,6.640000000000001,1.3000000000000003,19.578313253012052,True
E3410,0.9,0.9,0.0,0.0,True
E3411,5.35,5.35,0.0,0.0,True
E3413,1.56,1.56,0.0,0.0,True
E3414,2.44,2.44,0.0,0.0,True
E3415,2.61,2.61,1.4,53.639846743295024,False
E3416,9.719999999999999,9.72,9.32,95.88477366255145,False
E3417,2.59,2.59,0.0,0.0,True
E3418,1.73,1.73,0.42,24.277456647398843,False
E342,2.23,2.23,0.0,0.0,True
E3420,9.379999999999999,9.379999999999999,6.56,69.9360341151386,False
E3421,6.42,6.42,5.44,84.73520249221184,False
E3422,31.51,31.51,7.999999999999999,25.388765471278955,False
E3423,3.25,3.25,0.0,0.0,True
E3424,9.75,9.750000000000002,17.560000000000002,180.10256410256412,False
E3425,3.4099999999999997,3.41,2.8000000000000003,82.11143695014664,False
E3426,2.78,0.39,3.17,114.02877697841727,False
E3427,4.5200000000000005,4.5200000000000005,0.0,0.0,True
E3428,1.15,1.15,0.0,0.0,True
E3429,6.130000000000001,6.130000000000001,0.0,0.0,True
E343,1.26,1.26,0.0,0.0,True
E3430,4.87,4.87,7.220000000000001,148.2546201232033,False
E3431,2.37,2.37,0.0,0.0,True
E3432,5.43,5.43,0.0,0.0,True
E3433,4.02,4.02,0.4599999999999999,11.44278606965174,True
E3434,1.33,1.33,0.0,0.0,True
E3435,3.17,3.17,0.0,0.0,True
E3436,1.62,1.62,0.0,0.0,True
E3437,1.6600000000000001,1.6600000000000001,0.0,0.0,True
E3438,2.31,2.31,0.0,0.0,True
E3439,13.45,11.23,9.760000000000002,72.5650557620818,False
E344,11.18,11.18,4.919999999999999,44.0071556350626,False
E3440,0.46,0.46,0.0,0.0,True
E3441,2.32,2.32,0.0,0.0,True
E3442,2.7600000000000002,2.7600000000000002,0.0,0.0,True
E3443,2.17,2.17,0.0,0.0,True
E3444,1.19,1.19,1.0,84.03361344537815,False
E3445,2.11,2.11,0.0,0.0,True
E3446,6.42,6.42,0.019999999999999574,0.3115264797507722,True
E3447,1.88,1.88,0.0,0.0,True
E3448,1.29,1.29,0.0,0.0,True
E3449,1.54,1.54,0.0,0.0,True
E345,2.9,2.9,0.0,0.0,True
E3450,2.3899999999999997,2.3899999999999997,3.7399999999999998,156.48535564853557,False
E3451,1.95,1.95,2.96,151.7948717948718,False
E3452,3.46,3.46,0.0,0.0,True
E3453,2.3,2.3,0.0,0.0,True
E3454,2.9699999999999998,2.9699999999999998,0.0,0.0,True
E3455,0.7,0.7,1.4,200.0,False
E3456,0.97,0.97,0.0,0.0,True
E3457,1.67,1.67,0.0,0.0,True
E3458,1.51,1.51,0.0,0.0,True
E3459,2.5700000000000003,2.5700000000000003,2.32,90.27237354085601,False
E346,1.46,1.46,0.0,0.0,True
E3460,0.43,0.43,0.0,0.0,True
E3461,3.17,3.17,0.0,0.0,True
E3462,7.36,7.36,0.0,0.0,True
E3463,2.88,2.88,0.0,0.0,True
E3464,1.76,1.76,0.0,0.0,True
E3465,1.4,1.4,0.9199999999999999,65.71428571428572,False
E3466,5.930000000000001,5.93,1.2399999999999993,20.910623946037084,False
E3467,3.5500000000000003,3.5500000000000003,0.0,0.0,True
E3468,2.32,2.32,0.0,0.0,True
E3469,2.8,2.8000000000000003,2.24,80.00000000000001,False
E347,4.05,4.05,0.0,0.0,True
E3470,17.36,17.36,21.9,126.1520737327189,False
E3471,2.52,2.52,0.0,0.0,True
E3472,1.98,1.98,1.5200000000000002,76.76767676767679,False
E3473,1.51,1.51,0.0,0.0,True
E3474,1.9100000000000001,1.9100000000000001,0.0,0.0,True
E3475,2.26,2.26,0.0,0.0,True
E3476,3.01,2.31,1.68,55.8139534883721,False
E3477,2.27,2.27,0.9199999999999999,40.52863436123348,False
E3478,2.23,2.23,0.0,0.0,True
E3479,2.8,2.8,2.0,71.42857142857143,False
E348,1.35,1.35,0.0,0.0,True
E3480,3.04,3.04,0.0,0.0,True
E3481,7.75,7.75,0.0,0.0,True
E3482,2.3,2.3,1.9,82.60869565217392,False
E3483,7.47,7.47,0.019999999999999574,0.2677376171352018,True
E3484,10.52,10.520000000000001,7.200000000000001,68.44106463878329,False
E3485,13.079999999999998,13.079999999999998,5.039999999999999,38.532110091743114,False
E3486,1.28,1.28,0.0,0.0,True
E3487,5.140000000000001,5.029999999999999,2.29,44.552529182879375,False
E3488,1.81,1.81,0.0,0.0,True
E3489,1.72,1.72,0.0,0.0,True
E349,13.95,13.95,0.0,0.0,True
E3490,1.3499999999999999,1.3499999999999999,0.0,0.0,True
E3491,0.5,0.5,0.0,0.0,True
E3492,1.5399999999999998,1.5399999999999998,0.0,0.0,True
E3493,1.44,1.4400000000000002,0.17999999999999985,12.499999999999991,True
E3494,8.299999999999999,8.05,16.35,196.98795180722897,False
E3495,1.6400000000000001,1.6400000000000001,0.0,0.0,True
E3496,3.88,3.88,7.76,200.0,False
E3497,4.01,4.01,0.0,0.0,True
E3498,4.6,4.6,0.0,0.0,True
E3499,5.67,5.67,2.58,45.5026455026455,False
E35,0.5,0.5,0.0,0.0,True
E350,8.96,8.959999999999999,5.82,64.95535714285714,False
E3500,2.56,2.56,5.12,200.0,False
E3501,39.35,28.18,67.53,171.61372299872934,False
E3502,27.37,27.369999999999997,44.58,162.87906466934598,False
E3503,250.68,250.68,0.0,0.0,True
E3504,1.2,1.2,0.0,0.0,True
E3505,4.0,4.0,4.38,109.5,False
E3507,5.970000000000001,5.970000000000001,0.0,0.0,True
E3508,4.98,4.98,0.0,0.0,True
E3509,0.01,0.01,0.0,0.0,True
E351,2.42,2.42,0.0,0.0,True
E3510,0.13,0.13,0.0,0.0,True
E3511,0.57,0.57,0.0,0.0,True
E3512,1.86,1.86,0.0,0.0,True
E3513,1.53,1.53,0.0,0.0,True
E3515,43.55,42.54,13.409999999999997,30.792192881745112,False
E3516,90.6,90.6,53.02,58.52097130242826,False
E3517,2.01,2.01,0.0,0.0,True
E3518,0.35,0.35,0.0,0.0,True
E3519,32.52,32.519999999999996,0.9799999999999982,3.013530135301347,True
E352,12.84,12.59,1.7899999999999987,13.940809968847342,True
E3520,46.93,46.93,15.240000000000006,32.4738972938419,False
E3521,1.4900000000000002,1.49,2.62,175.8389261744966,False
E3522,2.91,2.91,2.58,88.65979381443299,False
E3523,7.54,7.54,6.4399999999999995,85.41114058355437,False
E3524,3.1599999999999997,3.1599999999999997,0.0,0.0,True
E3525,1.54,1.54,0.0,0.0,True
E3526,5.82,5.82,2.8,48.10996563573883,False
E3527,9.68,9.68,1.4199999999999986,14.669421487603291,True
E3528,7.79,7.79,0.5800000000000001,7.445442875481387,True
E3529,0.26,0.26,0.0,0.0,True
E353,3.6300000000000003,3.6300000000000003,0.2,5.509641873278237,True
E3530,1.45,1.45,2.9,200.0,False
E3531,1.63,1.63,0.0,0.0,True
E3532,7.27,7.27,0.0,0.0,True
E3533,2.71,2.71,0.0,0.0,True
E3534,2.64,2.64,2.16,81.81818181818181,False
E3535,6.55,6.55,0.0,0.0,True
E3536,6.24,6.24,11.64,186.53846153846152,False
E3537,2.0,2.0,1.98,99.0,False
E3538,10.56,9.74,7.74,73.29545454545455,False
E3539,0.82,0.82,1.64,200.0,False
E354,2.25,2.25,0.0,0.0,True
E3540,5.670000000000001,5.670000000000001,0.12,2.1164021164021163,True
E3541,12.18,12.180000000000001,20.84,171.10016420361248,False
E3542,66.14,66.14,28.480000000000004,43.06017538554582,False
E3543,98.47,98.4,0.06999999999999318,0.07108764090585272,True
E3544,73.19,71.94,1.4300000000000035,1.953818827708708,True
E3545,6.140000000000001,6.14,11.88,193.48534201954396,False
E3546,0.43,0.43,0.0,0.0,True
E3547,2.45,2.45,0.0,0.0,True
E3548,1.58,1.58,0.0,0.0,True
E3549,7.48,7.48,0.0,0.0,True
E355,8.08,8.08,16.16,200.0,False
E3550,10.37,10.370000000000001,4.5200000000000005,43.58727097396336,False
E3551,2.17,2.17,1.8199999999999998,83.87096774193547,False
E3552,8.06,8.06,8.3,102.97766749379653,False
E3553,5.5,5.5,1.0199999999999998,18.545454545454543,True
E3554,1.51,1.51,0.0,0.0,True
E3555,2.27,2.27,4.54,200.0,False
E3556,2.06,2.06,0.0,0.0,True
E3557,6.66,6.66,13.32,200.0,False
E3558,10.09,9.52,3.95,39.14767096134787,False
E3559,3.7699999999999996,3.7699999999999996,0.0,0.0,True
E356,6.72,6.72,11.719999999999999,174.4047619047619,False
E3560,4.03,4.03,0.0,0.0,True
E3561,4.45,4.45,0.0,0.0,True
E3562,9.24,9.24,0.0,0.0,True
E3563,2.4000000000000004,2.4,2.7199999999999998,113.33333333333331,False
E3564,3.58,3.58,3.5599999999999996,99.4413407821229,False
E3565,2.35,2.35,0.0,0.0,True
E3566,0.29,0.29,0.0,0.0,True
E3567,1.9300000000000002,1.69,1.94,100.5181347150259,False
E3568,2.52,2.52,0.54,21.428571428571427,False
E3569,4.51,4.51,0.0,0.0,True
E357,4.51,4.51,0.0,0.0,True
E3570,7.46,7.13,4.529999999999999,60.723860589812325,False
E3571,0.77,0.77,0.0,0.0,True
E3572,1.73,1.73,0.0,0.0,True
E3573,1.15,1.15,0.0,0.0,True
E3574,0.78,0.78,0.0,0.0,True
E3575,1.52,1.52,0.0,0.0,True
E3576,1.01,1.01,2.02,200.0,False
E3577,0.91,0.91,0.0,0.0,True
E3578,1.8699999999999999,1.8699999999999999,3.7399999999999998,200.0,False
E3579,0.22,0.22,0.0,0.0,True
E358,15.899999999999999,15.9,15.96,100.37735849056605,False
E3580,1.63,1.63,1.1999999999999997,73.61963190184048,False
E3581,13.32,13.32,0.8000000000000004,6.006006006006009,True
E3582,2.0500000000000003,2.0500000000000003,4.1000000000000005,200.0,False
E3583,1.7400000000000002,1.7400000000000002,0.0,0.0,True
E3584,1.12,1.12,0.0,0.0,True
E3585,2.96,2.96,0.0,0.0,True
E3586,9.32,9.32,4.279999999999999,45.92274678111587,False
E3587,1.31,1.31,0.0,0.0,True
E3588,2.48,2.48,2.3,92.74193548387096,False
E3589,1.21,1.21,0.0,0.0,True
E359,4.359999999999999,4.359999999999999,0.0,0.0,True
E3590,7.800000000000001,7.8,8.72,111.7948717948718,False
E3591,2.05,2.05,0.0,0.0,True
E3592,0.88,0.88,0.86,97.72727272727273,False
E3593,1.3599999999999999,1.3599999999999999,0.0,0.0,True
E3594,2.98,2.98,5.96,200.0,False
E3595,2.12,2.12,3.4,160.37735849056602,False
E3596,10.2,10.2,1.5199999999999998,14.901960784313724,True
E3597,5.8,5.8,0.0,0.0,True
E3598,0.3,0.3,0.0,0.0,True
E3599,1.53,1.53,3.06,200.0,False
E36,5.68,5.68,5.48,96.47887323943662,False
E360,11.579999999999998,11.579999999999998,9.54,82.38341968911918,False
E3600,3.8000000000000003,3.8000000000000003,0.0,0.0,True
E3601,3.04,3.04,1.42,46.71052631578947,False
E3602,5.52,5.52,0.0,0.0,True
E3603,1.16,1.16,0.0,0.0,True
E3604,3.13,3.13,0.0,0.0,True
E3605,9.35,9.35,1.2400000000000007,13.262032085561506,True
E3606,3.05,3.05,0.0,0.0,True
E3607,2.54,2.54,0.0,0.0,True
E3608,0.93,0.93,0.0,0.0,True
E3609,1.35,1.35,0.0,0.0,True
E361,7.48,7.48,0.0,0.0,True
E3610,4.83,4.83,2.16,44.72049689440994,False
E3611,0.64,0.64,0.6,93.75,False
E3612,2.68,2.68,2.12,79.1044776119403,False
E3613,9.870000000000001,8.79,6.859999999999999,69.50354609929077,False
E3614,2.62,2.62,0.0,0.0,True
E3615,2.49,2.49,0.0,0.0,True
E3616,1.51,1.51,0.0,0.0,True
E3617,4.7700000000000005,4.7700000000000005,9.540000000000001,200.0,False
E3618,4.56,4.56,0.0,0.0,True
E3619,3.5199999999999996,3.52,3.9800000000000004,113.06818181818184,False
E362,10.11,10.11,6.0600000000000005,59.940652818991104,False
E3620,1.51,1.51,0.0,0.0,True
E3621,8.51,8.51,3.8799999999999994,45.59341950646298,False
E3622,0.06,0.06,0.12,200.0,False
E3623,1.61,1.61,0.0,0.0,True
E3624,12.52,12.52,25.04,200.0,False
E3625,4.96,4.96,8.32,167.74193548387098,False
E3626,1.0999999999999999,1.0999999999999999,0.3,27.272727272727277,False
E3627,7.84,6.609999999999999,8.969999999999999,114.41326530612244,False
E3628,1.44,1.44,0.0,0.0,True
E3629,2.0,2.0,0.0,0.0,True
E363,6.03,6.03,6.140000000000001,101.82421227197347,False
E3630,0.98,0.98,0.0,0.0,True
E3631,0.93,0.93,0.0,0.0,True
E3632,1.11,1.11,2.22,200.0,False
E3633,10.35,10.350000000000001,4.08,39.42028985507247,False
E3634,1.8399999999999999,1.8399999999999999,0.0,0.0,True
E3636,2.0700000000000003,2.0700000000000003,4.140000000000001,200.0,False
E3637,4.68,4.68,1.8799999999999997,40.17094017094017,False
E3638,7.49,7.49,1.0,13.35113484646195,True
E3639,2.2199999999999998,2.2199999999999998,1.6,72.07207207207207,False
E364,24.5,19.66,25.7,104.89795918367346,False
E3640,4.1000000000000005,4.1,1.2199999999999998,29.7560975609756,False
E3641,0.89,0.89,0.0,0.0,True
E3642,1.67,1.67,0.0,0.0,True
E3643,1.99,1.99,0.0,0.0,True
E3644,2.8200000000000003,2.8200000000000003,0.0,0.0,True
E3645,4.43,4.43,0.48,10.835214446952596,True
E3646,0.84,0.84,0.0,0.0,True
E3647,1.39,1.39,0.0,0.0,True
E3648,0.98,0.98,0.0,0.0,True
E3649,0.69,0.69,0.0,0.0,True
E365,3.12,3.1199999999999997,0.8600000000000003,27.564102564102573,False
E3650,1.77,1.77,0.0,0.0,True
E3651,0.66,0.66,0.0,0.0,True
E3652,1.9300000000000002,1.9300000000000002,0.0,0.0,True
E3653,7.0600000000000005,7.0600000000000005,0.0,0.0,True
E3654,2.65,2.65,0.0,0.0,True
E3655,1.68,1.68,1.4999999999999998,89.28571428571428,False
E3656,2.1500000000000004,2.1500000000000004,0.0,0.0,True
E3657,1.4100000000000001,1.4100000000000001,0.0,0.0,True
E3658,3.13,3.13,0.0,0.0,True
E3659,1.07,1.07,0.0,0.0,True
E366,1.2,1.2,2.4,200.0,False
E3660,1.5,1.5,0.0,0.0,True
E3661,1.58,1.58,0.0,0.0,True
E3662,11.2,11.2,0.0,0.0,True
E3663,3.6399999999999997,3.6399999999999997,3.44,94.50549450549451,False
E3664,53.8,53.8,3.24,6.022304832713755,True
E3665,8.77,8.77,5.38,61.34549600912201,False
E3666,1.71,1.71,0.0,0.0,True
E3668,6.88,6.88,0.0,0.0,True
E3669,7.43,7.43,14.86,200.0,False
E367,13.69,13.51,3.919999999999999,28.63403944485025,False
E3670,9.46,9.46,8.740000000000002,92.38900634249472,False
E3671,9.34,9.34,0.0,0.0,True
E3672,0.96,0.96,0.0,0.0,True
E3673,2.95,2.95,0.0,0.0,True
E3674,14.57,13.129999999999999,8.28,56.82910089224433,False
E3675,1.14,1.14,0.0,0.0,True
E3676,8.92,8.92,12.86,144.17040358744396,False
E3677,6.99,6.989999999999999,6.659999999999999,95.27896995708153,False
E3678,6.05,6.050000000000001,6.140000000000001,101.48760330578513,False
E3679,3.48,3.48,3.26,93.67816091954023,False
E368,2.86,2.86,5.72,200.0,False
E3680,6.12,6.12,5.08,83.00653594771242,False
E3681,1.82,1.82,0.0,0.0,True
E3682,2.3200000000000003,2.3200000000000003,4.640000000000001,200.0,False
E3683,6.91,6.91,0.4000000000000002,5.788712011577427,True
E3684,4.23,4.23,8.46,200.0,False
E3685,1.3399999999999999,1.3399999999999999,1.16,86.56716417910448,False
E3686,1.4300000000000002,1.4300000000000002,0.2000000000000001,13.986013986013992,True
E3687,1.04,1.04,2.08,200.0,False
E3688,1.5899999999999999,1.5899999999999999,0.0,0.0,True
E3689,8.01,8.01,2.6999999999999993,33.70786516853932,False
E369,6.7700000000000005,6.77,0.6000000000000008,8.862629246676525,True
E3690,0.6,0.6,0.0,0.0,True
E3691,4.24,4.24,0.0,0.0,True
E3692,7.01,7.01,0.38,5.4208273894436525,True
E3693,7.84,7.42,6.279999999999999,80.10204081632652,False
E3694,2.8000000000000003,2.8000000000000003,0.0,0.0,True
E3695,2.55,2.55,0.0,0.0,True
E3696,2.63,2.63,0.0,0.0,True
E3697,1.27,1.27,0.0,0.0,True
E3698,3.64,3.64,0.0,0.0,True
E3699,4.67,4.67,1.9999999999999998,42.82655246252676,False
E37,2.0300000000000002,2.0300000000000002,0.0,0.0,True
E370,3.1099999999999994,3.11,1.58,50.80385852090033,False
E3700,6.8100000000000005,6.8100000000000005,13.620000000000001,199.99999999999997,False
E3701,1.17,1.17,0.0,0.0,True
E3702,5.19,5.1899999999999995,10.379999999999999,199.99999999999997,False
E3703,1.77,1.77,0.0,0.0,True
E3704,2.0,2.0,0.0,0.0,True
E3705,2.7,2.7,0.0,0.0,True
E3706,2.09,2.09,0.0,0.0,True
E3707,5.32,5.32,4.720000000000001,88.72180451127821,False
E3708,0.93,0.93,0.0,0.0,True
E3709,1.96,1.96,0.0,0.0,True
E371,3.2199999999999998,2.74,4.18,129.8136645962733,False
E3710,4.27,4.27,0.0,0.0,True
E3711,2.1,2.1,0.0,0.0,True
E3712,1.35,1.35,0.0,0.0,True
E3713,3.41,3.41,0.0,0.0,True
E3714,7.23,7.23,0.0,0.0,True
E3715,7.62,7.62,0.6599999999999999,8.661417322834644,True
E3716,1.9,1.9,3.8,200.0,False
E3717,0.68,0.68,0.0,0.0,True
E3718,9.15,9.15,18.3,200.0,False
E3719,1.04,1.04,2.08,200.0,False
E372,4.08,4.08,8.16,200.0,False
E3720,2.65,2.65,0.0,0.0,True
E3721,4.66,4.66,0.0,0.0,True
E3722,3.91,3.9099999999999997,7.819999999999999,199.99999999999997,False
E3723,4.8,4.8,5.96,124.16666666666667,False
E3724,4.57,4.57,0.0,0.0,True
E3725,7.539999999999999,7.539999999999999,5.88,77.98408488063662,False
E3726,3.23,3.23,0.0,0.0,True
E3727,0.87,0.87,0.0,0.0,True
E3728,2.33,2.33,1.1600000000000001,49.785407725321896,False
E3729,5.359999999999999,5.359999999999999,0.0,0.0,True
E373,12.990000000000002,12.99,3.24,24.942263279445722,False
E3730,0.38,0.38,0.0,0.0,True
E3731,5.3500000000000005,5.3500000000000005,0.0,0.0,True
E3732,3.73,3.73,0.0,0.0,True
E3733,3.24,3.24,0.0,0.0,True
E3734,2.14,2.14,0.0,0.0,True
E3735,3.61,3.61,0.0,0.0,True
E3736,2.88,2.88,4.0600000000000005,140.97222222222226,False
E3737,5.709999999999999,5.709999999999999,4.18,73.20490367775832,False
E3738,2.31,2.31,0.0,0.0,True
E3739,4.14,4.14,3.1,74.8792270531401,False
E374,6.63,6.630000000000001,2.6799999999999997,40.42232277526395,False
E3740,9.73,9.73,11.240000000000002,115.51901336074,False
E3741,5.039999999999999,5.039999999999999,4.059999999999999,80.55555555555554,False
E3742,2.79,2.79,0.0,0.0,True
E3743,1.47,1.47,2.94,200.0,False
E3744,12.22,12.22,0.0,0.0,True
E3745,1.0,1.0,0.0,0.0,True
E3746,8.379999999999999,8.379999999999999,0.0,0.0,True
E3747,2.24,2.24,0.0,0.0,True
E3748,0.28,0.28,0.56,200.0,False
E3749,2.9800000000000004,2.98,2.96,99.32885906040266,False
E375,21.33,20.669999999999998,18.279999999999998,85.7008907641819,False
E3750,5.9399999999999995,5.9399999999999995,7.02,118.18181818181819,False
E3751,0.95,0.95,0.0,0.0,True
E3752,3.31,3.31,0.0,0.0,True
E3754,1.4000000000000001,1.4000000000000001,0.0,0.0,True
E3755,2.54,2.54,3.24,127.55905511811024,False
E3756,2.81,2.81,0.0,0.0,True
E3757,2.33,2.33,0.0,0.0,True
E3758,2.3,2.3,0.0,0.0,True
E3759,0.64,0.64,1.28,200.0,False
E376,3.44,3.44,2.4000000000000004,69.76744186046513,False
E3760,6.4,6.4,0.0,0.0,True
E3761,0.89,0.89,0.9,101.12359550561797,False
E3762,10.31,10.309999999999999,8.659999999999998,83.99612027158098,False
E3763,1.55,1.55,0.0,0.0,True
E3764,23.23,23.23,18.32,78.86353852776581,False
E3765,1.9,1.9,0.0,0.0,True
E3766,8.21,8.21,12.38,150.7917174177832,False
E3767,1.71,1.71,2.5999999999999996,152.04678362573097,False
E3768,1.75,1.75,0.0,0.0,True
E3769,0.92,0.92,0.0,0.0,True
E377,5.86,5.86,1.7400000000000002,29.692832764505123,False
E3770,2.2800000000000002,2.2800000000000002,0.0,0.0,True
E3771,3.08,3.08,5.140000000000001,166.88311688311688,False
E3772,6.47,6.47,0.0,0.0,True
E3773,1.22,1.22,0.0,0.0,True
E3774,4.65,4.65,1.4,30.10752688172043,False
E3775,13.43,13.43,5.799999999999999,43.186895011169014,False
E3776,6.03,6.03,9.32,154.56053067993366,False
E3777,4.05,4.05,5.8,143.20987654320987,False
E3778,2.04,2.04,0.0,0.0,True
E3779,2.43,2.43,0.0,0.0,True
E378,4.51,4.51,9.02,200.0,False
E3780,1.4900000000000002,1.4900000000000002,0.0,0.0,True
E3781,3.18,3.1799999999999997,0.5599999999999998,17.610062893081757,True
E3782,1.12,1.12,0.0,0.0,True
E3783,0.69,0.69,0.0,0.0,True
E3784,5.74,5.74,0.0,0.0,True
E3785,0.28,0.28,0.0,0.0,True
E3786,6.1899999999999995,6.1899999999999995,0.0,0.0,True
E3787,1.35,1.35,1.58,117.03703703703702,False
E3789,0.92,0.92,0.0,0.0,True
E379,2.23,2.23,4.46,200.0,False
E3790,2.02,2.02,0.0,0.0,True
E3791,3.0,3.0,0.0,0.0,True
E3792,1.02,1.02,0.0,0.0,True
E3793,3.4000000000000004,3.4,0.019999999999999796,0.588235294117641,True
E3794,82.31,82.31,3.160000000000002,3.8391446968776597,True
E3795,17.099999999999998,17.1,13.719999999999999,80.23391812865498,False
E3796,3.1799999999999997,3.18,0.11999999999999988,3.7735849056603743,True
E3797,2.06,2.06,0.0,0.0,True
E3798,10.739999999999998,10.739999999999998,0.0,0.0,True
E3799,3.06,3.06,5.62,183.66013071895424,False
E38,2.26,2.26,1.58,69.91150442477877,False
E380,17.38,17.38,34.76,200.0,False
E3800,4.140000000000001,4.140000000000001,5.5200000000000005,133.33333333333331,False
E3801,8.49,8.23,9.719999999999999,114.48763250883391,False
E3802,3.83,3.83,0.0,0.0,True
E3803,1.27,1.27,0.0,0.0,True
E3804,4.68,4.68,9.36,200.0,False
E3805,4.0600000000000005,4.06,0.3200000000000006,7.881773399014793,True
E3806,1.05,1.05,0.0,0.0,True
E3807,18.060000000000002,18.06,14.060000000000002,77.85160575858251,False
E3808,2.77,2.7700000000000005,0.39999999999999974,14.44043321299638,True
E3809,2.2800000000000002,2.2800000000000002,4.5600000000000005,200.0,False
E381,3.4899999999999998,3.4899999999999998,6.9799999999999995,200.0,False
E3810,0.5,0.5,1.0,200.0,False
E3811,2.2199999999999998,2.2199999999999998,4.4399999999999995,200.0,False
E3812,1.75,1.75,0.0,0.0,True
E3813,1.53,1.53,0.0,0.0,True
E3814,3.0700000000000003,3.0700000000000003,0.0,0.0,True
E3815,4.68,2.6300000000000003,2.0499999999999994,43.80341880341879,False
E3816,6.74,6.74,0.0,0.0,True
E3817,3.01,3.01,3.46,114.95016611295682,False
E3818,1.07,1.07,0.0,0.0,True
E3819,2.29,2.29,2.38,103.93013100436681,False
E382,3.29,3.29,0.0,0.0,True
E3820,2.22,1.8599999999999999,2.3600000000000003,106.30630630630631,False
E3821,8.58,8.58,0.0,0.0,True
E3822,2.3499999999999996,2.3499999999999996,0.94,40.00000000000001,False
E3823,6.95,6.95,6.0,86.33093525179856,False
E3824,0.93,0.93,1.86,200.0,False
E3825,1.63,1.63,0.0,0.0,True
E3826,1.35,1.35,0.0,0.0,True
E3827,2.33,2.33,0.0,0.0,True
E3828,1.68,1.68,3.36,200.0,False
E3829,1.98,1.98,0.0,0.0,True
E383,9.32,9.319999999999999,5.299999999999998,56.866952789699546,False
E3830,2.47,2.47,0.0,0.0,True
E3831,4.27,4.27,0.0,0.0,True
E3832,1.79,1.79,0.0,0.0,True
E3833,4.74,4.74,0.33999999999999997,7.172995780590717,True
E3834,2.55,2.55,1.94,76.07843137254902,False
E3835,2.05,2.05,0.0,0.0,True
E3836,0.63,0.63,0.0,0.0,True
E3837,8.74,8.74,0.0,0.0,True
E3838,1.24,1.24,0.0,0.0,True
E384,0.75,0.75,0.0,0.0,True
E3840,2.08,2.08,0.0,0.0,True
E3841,0.66,0.66,0.0,0.0,True
E3842,1.1800000000000002,1.1800000000000002,0.0,0.0,True
E3843,2.29,2.29,1.86,81.22270742358079,False
E3844,2.5999999999999996,2.5999999999999996,0.1,3.8461538461538467,True
E3845,4.66,4.66,0.0,0.0,True
E3846,1.31,1.31,0.0,0.0,True
E3847,1.1,1.1,0.0,0.0,True
E3848,5.17,5.17,0.0,0.0,True
E3849,2.5,2.5,0.0,0.0,True
E385,6.44,6.44,0.0,0.0,True
E3850,9.24,9.24,18.48,200.0,False
E3851,2.26,2.26,0.0,0.0,True
E3852,2.35,2.35,0.0,0.0,True
E3853,0.84,0.84,0.0,0.0,True
E3854,3.91,3.91,0.0,0.0,True
E3855,3.5300000000000002,3.5300000000000002,7.0600000000000005,200.0,False
E3856,2.26,2.26,0.0,0.0,True
E3857,2.98,2.98,0.0,0.0,True
E3858,0.54,0.54,0.0,0.0,True
E3859,2.87,2.87,1.8200000000000003,63.41463414634147,False
E386,0.38,0.38,0.0,0.0,True
E3860,4.74,4.74,6.199999999999999,130.80168776371306,False
E3861,3.67,3.67,1.32,35.967302452316076,False
E3862,0.8300000000000001,0.8300000000000001,1.6600000000000001,199.99999999999997,False
E3863,0.3,0.3,0.0,0.0,True
E3864,1.9200000000000002,1.9200000000000002,0.6600000000000001,34.37500000000001,False
E3865,3.1999999999999997,3.1999999999999997,0.0,0.0,True
E3866,1.62,1.62,3.24,200.0,False
E3867,0.83,0.83,0.0,0.0,True
E3868,0.62,0.62,0.3,48.38709677419355,False
E3869,1.69,1.69,2.0599999999999996,121.89349112426034,False
E387,3.06,3.06,6.12,200.0,False
E3870,3.0900000000000003,3.09,3.2600000000000002,105.50161812297733,False
E3871,1.88,1.88,1.3199999999999998,70.21276595744679,False
E3872,1.9,1.9,0.0,0.0,True
E3873,3.1100000000000003,1.62,1.7500000000000002,56.27009646302251,False
E3874,2.3,2.3,0.0,0.0,True
E3875,0.25,0.25,0.0,0.0,True
E3876,6.5,6.5,9.22,141.84615384615387,False
E3877,4.18,4.18,0.0,0.0,True
E3878,1.08,1.08,1.1600000000000001,107.40740740740742,False
E3879,0.64,0.64,0.0,0.0,True
E388,6.23,6.23,1.8800000000000003,30.176565008025683,False
E3880,0.31,0.31,0.0,0.0,True
E3881,5.7,5.7,0.0,0.0,True
E3882,2.31,2.31,0.0,0.0,True
E3883,1.8399999999999999,1.8399999999999999,0.0,0.0,True
E3884,2.93,2.93,1.96,66.89419795221842,False
E3885,1.09,1.09,0.0,0.0,True
E3886,4.92,4.92,9.84,200.0,False
E3887,3.7399999999999998,3.7399999999999998,2.12,56.68449197860963,False
E3888,7.27,7.27,0.0,0.0,True
E3889,2.27,2.27,0.0,0.0,True
E389,3.6,3.6,0.0,0.0,True
E3890,1.04,1.04,2.08,200.0,False
E3891,1.32,1.32,0.0,0.0,True
E3892,7.84,7.840000000000001,15.680000000000001,200.00000000000003,False
E3893,15.23,15.23,9.74,63.95272488509521,False
E3894,0.16,0.16,0.0,0.0,True
E3895,0.08,0.08,0.0,0.0,True
E3896,1.38,1.38,0.0,0.0,True
E3897,14.41,14.41,0.14000000000000057,0.9715475364330366,True
E3898,0.9500000000000001,0.9500000000000001,1.9000000000000001,200.0,False
E3899,0.96,0.96,0.0,0.0,True
E39,4.07,4.07,0.0,0.0,True
E390,4.29,4.29,2.2199999999999998,51.74825174825174,False
E3900,1.07,1.07,0.0,0.0,True
E3901,2.0,2.0,0.0,0.0,True
E3902,8.809999999999999,8.809999999999999,0.0,0.0,True
E3903,3.62,3.6199999999999997,6.4399999999999995,177.90055248618785,False
E3904,0.12,0.12,0.0,0.0,True
E3905,0.76,0.76,0.0,0.0,True
E3906,1.4300000000000002,1.4300000000000002,0.0,0.0,True
E3907,1.72,1.72,0.0,0.0,True
E3908,0.02,0.02,0.0,0.0,True
E3909,0.47,0.47000000000000003,0.08000000000000004,17.021276595744688,True
E391,11.149999999999999,11.15,3.799999999999998,34.080717488789226,False
E3910,1.27,1.27,0.0,0.0,True
E3911,1.3399999999999999,1.3399999999999999,0.0,0.0,True
E3912,0.42,0.42,0.0,0.0,True
E3913,16.099999999999998,16.1,1.5600000000000012,9.689440993788828,True
E3914,4.27,4.27,2.58,60.42154566744731,False
E3915,8.37,8.370000000000001,6.220000000000001,74.31302270011949,False
E3916,6.26,6.26,12.52,200.0,False
E3917,5.37,5.37,1.4,26.070763500931097,False
E3918,4.9,4.9,2.0000000000000004,40.81632653061225,False
E3919,6.37,6.370000000000001,8.280000000000001,129.98430141287287,False
E392,13.790000000000001,13.79,10.580000000000002,76.72226250906455,False
E3920,5.41,5.41,1.7399999999999993,32.162661737523095,False
E3921,8.26,8.26,0.7199999999999994,8.71670702179176,True
E3922,4.470000000000001,4.470000000000001,6.760000000000001,151.2304250559284,False
E3923,3.71,3.71,0.0,0.0,True
E3924,0.77,0.77,0.0,0.0,True
E3925,1.75,1.75,0.0,0.0,True
E3926,2.16,2.16,0.0,0.0,True
E3927,2.99,2.99,3.36,112.37458193979933,False
E3928,0.8,0.8,0.0,0.0,True
E3929,1.19,1.19,0.0,0.0,True
E393,1.25,1.25,0.0,0.0,True
E3930,2.94,2.94,0.0,0.0,True
E3931,3.94,3.94,0.0,0.0,True
E3932,1.03,1.03,0.0,0.0,True
E3933,1.9,1.9,0.0,0.0,True
E3934,10.86,10.860000000000001,3.3400000000000016,30.755064456721932,False
E3935,1.51,1.51,0.0,0.0,True
E3936,2.0,2.0,0.0,0.0,True
E3937,2.08,2.08,0.0,0.0,True
E3938,3.1100000000000003,3.11,3.26,104.82315112540192,False
E3939,2.88,2.88,0.0,0.0,True
E394,1.83,1.83,0.0,0.0,True
E3940,2.7600000000000002,2.7600000000000002,1.12,40.57971014492754,False
E3941,0.67,0.67,0.0,0.0,True
E3942,6.89,4.89,8.24,119.59361393323658,False
E3943,4.59,4.59,0.0,0.0,True
E3944,0.4,0.4,0.0,0.0,True
E3945,8.3,8.3,3.26,39.27710843373494,False
E3946,1.59,1.59,3.18,200.0,False
E3947,8.56,8.56,9.72,113.55140186915888,False
E3948,9.36,9.36,15.68,167.52136752136752,False
E3949,0.9099999999999999,0.9099999999999999,0.0,0.0,True
E395,7.42,6.63,1.2700000000000002,17.115902964959574,True
E3950,1.22,1.22,0.0,0.0,True
E3951,3.8899999999999997,3.8899999999999997,0.0,0.0,True
E3952,3.12,3.12,0.0,0.0,True
E3953,2.75,2.75,0.0,0.0,True
E3954,7.799999999999999,7.800000000000001,15.6,200.00000000000003,False
E3956,29.41,29.410000000000004,45.2,153.6892213532812,False
E3957,8.36,8.36,0.0,0.0,True
E3958,8.02,8.02,0.29999999999999993,3.7406483790523684,True
E3959,7.64,7.64,0.0,0.0,True
E396,3.37,3.37,3.04,90.20771513353115,False
E3960,9.46,9.46,8.58,90.69767441860465,False
E3961,0.25,0.25,0.0,0.0,True
E3962,6.95,6.95,0.0,0.0,True
E3963,3.0100000000000002,3.0100000000000002,3.8800000000000003,128.90365448504986,False
E3964,3.13,3.13,3.84,122.68370607028754,False
E3965,3.3200000000000003,3.3200000000000003,0.0,0.0,True
E3966,1.28,1.28,0.0,0.0,True
E3967,2.15,2.15,0.0,0.0,True
E3968,2.05,2.05,3.1,151.21951219512195,False
E3969,1.13,1.13,0.0,0.0,True
E397,4.7,4.7,0.88,18.72340425531915,True
E3970,1.34,1.34,0.0,0.0,True
E3971,2.34,2.34,4.68,200.0,False
E3972,9.06,9.06,4.520000000000001,49.88962472406182,False
E3973,9.559999999999999,9.559999999999999,9.719999999999999,101.67364016736401,False
E3974,0.5,0.5,0.0,0.0,True
E3975,4.7,4.7,3.24,68.93617021276596,False
E3976,4.35,4.35,0.0,0.0,True
E3977,16.11,16.11,5.920000000000002,36.747361887026706,False
E3978,1.38,1.38,1.22,88.40579710144928,False
E3979,3.9400000000000004,3.9400000000000004,0.0,0.0,True
E398,5.48,5.48,0.0,0.0,True
E3980,1.33,1.33,0.0,0.0,True
E3981,4.08,4.08,8.16,200.0,False
E3982,8.23,7.98,16.21,196.96233292831104,False
E3983,2.94,2.94,0.3200000000000002,10.884353741496604,True
E3984,7.08,7.08,13.8,194.91525423728814,False
E3985,1.4300000000000002,1.4300000000000002,2.8600000000000003,200.00000000000003,False
E3986,3.02,3.0200000000000005,3.5000000000000004,115.89403973509935,False
E3987,3.17,3.17,0.0,0.0,True
E3988,6.590000000000001,6.16,1.21,18.361153262518965,True
E3989,11.350000000000001,11.350000000000001,7.98,70.30837004405285,False
E399,2.63,2.63,0.0,0.0,True
E3990,3.3899999999999997,3.3899999999999997,0.0,0.0,True
E3991,1.56,1.56,0.0,0.0,True
E3992,0.78,0.78,0.0,0.0,True
E3993,2.46,2.46,0.0,0.0,True
E3994,7.329999999999999,7.329999999999999,0.0,0.0,True
E3995,3.11,3.11,0.0,0.0,True
E3996,0.9,0.8999999999999999,1.58,175.55555555555554,False
E3997,17.29,17.29,19.68,113.82301908617698,False
E3998,3.48,3.4800000000000004,3.5600000000000005,102.29885057471266,False
E3999,1.17,1.1700000000000002,1.02,87.17948717948718,False
E4,1.46,1.46,0.0,0.0,True
E40,12.77,12.77,0.019999999999999574,0.1566170712607641,True
E400,11.58,11.58,0.33999999999999986,2.9360967184801368,True
E4000,0.67,0.67,0.0,0.0,True
E4001,0.69,0.69,0.0,0.0,True
E4002,3.1,3.1,0.0,0.0,True
E4003,0.72,0.72,0.0,0.0,True
E4004,2.31,2.31,0.0,0.0,True
E4005,0.81,0.81,0.0,0.0,True
E4006,1.55,1.55,0.0,0.0,True
E4007,6.42,6.42,0.0,0.0,True
E4008,0.5800000000000001,0.5800000000000001,1.1600000000000001,200.0,False
E4009,1.81,1.81,0.0,0.0,True
E401,6.68,6.68,0.0,0.0,True
E4010,4.54,4.540000000000001,0.06000000000000005,1.3215859030837016,True
E4011,2.05,2.05,0.019999999999999574,0.9756097560975403,True
E4012,0.74,0.74,0.0,0.0,True
E4013,4.15,4.1499999999999995,5.859999999999999,141.2048192771084,False
E4014,6.73,6.73,0.0,0.0,True
E4015,0.73,0.73,0.0,0.0,True
E4017,1.5,1.5,0.0,0.0,True
E4018,0.19,0.19,0.0,0.0,True
E4019,0.68,0.68,0.0,0.0,True
E402,2.27,2.27,0.0,0.0,True
E4020,3.34,3.34,6.68,200.0,False
E4021,0.02,0.02,0.0,0.0,True
E4022,3.13,3.13,1.8,57.50798722044728,False
E4023,5.359999999999999,5.359999999999999,0.0,0.0,True
E4024,1.7799999999999998,1.78,3.1799999999999997,178.65168539325845,False
E4025,1.48,1.48,0.0,0.0,True
E4026,8.93,8.93,0.0,0.0,True
E4027,1.75,1.75,0.0,0.0,True
E4028,1.5899999999999999,1.5899999999999999,0.0,0.0,True
E4029,5.51,5.51,0.0,0.0,True
E403,9.0,9.0,0.0,0.0,True
E4030,6.0,5.62,7.779999999999999,129.66666666666666,False
E4031,1.47,1.47,0.0,0.0,True
E4032,1.48,1.48,0.0,0.0,True
E4033,1.28,1.28,0.0,0.0,True
E4034,3.3,3.3,0.0,0.0,True
E4035,7.13,7.13,2.42,33.94109396914446,False
E4036,0.82,0.82,0.0,0.0,True
E4037,0.45,0.45,0.0,0.0,True
E4038,1.26,1.26,0.0,0.0,True
E4039,4.87,4.869999999999999,5.0600000000000005,103.90143737166325,False
E404,2.6399999999999997,2.6399999999999997,2.8599999999999994,108.33333333333333,False
E4040,3.3000000000000003,3.3,0.8199999999999996,24.848484848484834,False
E4041,1.36,1.36,0.0,0.0,True
E4042,6.090000000000001,6.09,6.140000000000001,100.82101806239736,False
E4043,2.21,2.21,0.0,0.0,True
E4044,0.53,0.53,0.0,0.0,True
E4045,2.58,2.58,0.0,0.0,True
E4046,0.5,0.5,0.0,0.0,True
E4047,1.28,1.28,0.0,0.0,True
E4048,4.71,4.71,9.42,200.0,False
E4049,2.88,2.88,0.0,0.0,True
E405,1.51,1.51,1.1,72.8476821192053,False
E4050,2.8099999999999996,2.8099999999999996,4.079999999999999,145.19572953736656,False
E4051,0.26,0.26,0.0,0.0,True
E4052,2.15,2.15,0.0,0.0,True
E4053,1.85,1.85,0.0,0.0,True
E4054,7.59,7.59,3.58,47.16732542819499,False
E4055,19.78,19.78,20.119999999999997,101.71890798786652,False
E4056,3.66,3.66,5.5200000000000005,150.81967213114754,False
E4057,18.439999999999998,18.44,9.040000000000001,49.023861171366605,False
E4058,3.2800000000000002,3.2800000000000002,0.0,0.0,True
E4059,3.15,3.15,0.0,0.0,True
E406,4.31,4.31,0.0,0.0,True
E4060,1.26,1.26,0.0,0.0,True
E4061,4.42,4.42,8.34,188.68778280542986,False
E4062,1.51,1.51,0.0,0.0,True
E4063,0.8799999999999999,0.8799999999999999,0.94,106.81818181818183,False
E4064,7.93,7.93,0.0,0.0,True
E4065,2.7,2.7,0.0,0.0,True
E4066,1.66,1.66,0.0,0.0,True
E4067,0.54,0.54,0.0,0.0,True
E4068,1.09,1.09,2.18,200.0,False
E4069,8.16,8.16,15.2,186.27450980392157,False
E407,7.67,7.67,0.0,0.0,True
E4070,5.67,5.67,11.34,200.0,False
E4071,8.42,8.42,1.78,21.140142517814727,False
E4072,4.32,4.32,0.0,0.0,True
E4073,10.32,10.32,11.48,111.24031007751938,False
E4074,7.99,7.99,0.0,0.0,True
E4075,3.2,3.2,0.0,0.0,True
E4076,1.13,1.13,0.0,0.0,True
E4077,1.2999999999999998,1.2999999999999998,0.0,0.0,True
E4078,3.89,3.89,0.24,6.169665809768637,True
E4079,0.85,0.85,1.7,200.0,False
E408,12.26,12.26,10.64,86.7862969004894,False
E4080,0.54,0.54,0.0,0.0,True
E4081,11.9,11.9,0.0,0.0,True
E4082,6.53,6.53,2.1000000000000005,32.1592649310873,False
E4083,2.41,2.41,3.36,139.41908713692945,False
E4084,0.3,0.3,0.0,0.0,True
E4085,1.25,1.25,2.5,200.0,False
E4086,2.39,2.39,3.54,148.11715481171547,False
E4087,2.25,2.25,0.0,0.0,True
E4088,2.5,2.5,2.8,112.0,False
E4089,1.0,1.0,2.0,200.0,False
E409,3.21,2.14,1.31,40.809968847352025,False
E4090,0.66,0.66,0.0,0.0,True
E4091,1.12,1.12,0.0,0.0,True
E4092,3.29,3.29,6.58,200.0,False
E4093,3.3600000000000003,3.3600000000000003,0.0,0.0,True
E4094,8.79,8.79,0.0,0.0,True
E4095,0.91,0.91,0.0,0.0,True
E4096,2.5700000000000003,2.5700000000000003,1.46,56.809338521400775,False
E4097,3.5999999999999996,3.5999999999999996,1.4,38.88888888888889,False
E4098,3.4699999999999998,3.4699999999999998,6.9399999999999995,200.00000000000003,False
E4099,1.4,1.4,0.0,0.0,True
E41,2.57,2.57,0.0,0.0,True
E410,4.34,4.34,0.0,0.0,True
E4100,2.02,2.02,0.0,0.0,True
E4101,2.18,2.18,0.0,0.0,True
E4102,1.87,1.87,0.0,0.0,True
E4103,1.35,1.35,0.0,0.0,True
E4104,6.75,6.75,1.6799999999999997,24.888888888888886,False
E4105,2.54,2.54,5.08,200.0,False
E4106,3.29,3.29,6.58,200.0,False
E4107,9.790000000000001,9.790000000000001,18.76,191.62410623084781,False
E4108,3.55,2.9000000000000004,1.7700000000000005,49.859154929577485,False
E4109,4.05,4.05,0.0,0.0,True
E411,13.96,13.96,13.06,93.55300859598853,False
E4110,0.5800000000000001,0.5800000000000001,0.0,0.0,True
E4111,12.9,11.49,6.890000000000001,53.41085271317829,False
E4112,4.56,4.56,1.3599999999999999,29.824561403508774,False
E4113,1.97,1.97,1.56,79.18781725888324,False
E4114,24.59,24.220000000000002,4.010000000000002,16.30744204961367,True
E4115,6.09,6.09,0.0,0.0,True
E4116,4.57,4.57,0.0,0.0,True
E4117,3.31,3.31,0.0,0.0,True
E4118,6.01,6.01,0.0,0.0,True
E4119,4.57,4.57,0.9800000000000002,21.444201312910288,False
E412,6.34,6.34,0.0,0.0,True
E4120,6.82,6.82,3.3200000000000003,48.68035190615836,False
E4121,3.0700000000000003,3.0700000000000003,2.54,82.73615635179152,False
E4122,2.37,2.37,0.0,0.0,True
E4123,0.58,0.58,0.0,0.0,True
E4124,0.18,0.18,0.0,0.0,True
E4125,4.75,4.75,4.4,92.63157894736844,False
E4126,2.9,2.9,5.8,200.0,False
E4127,1.12,1.12,0.38,33.92857142857142,False
E4128,16.29,16.29,30.5,187.231430325353,False
E4129,1.97,1.97,3.94,200.0,False
E413,9.540000000000001,9.54,2.7799999999999985,29.140461215932895,False
E4130,5.51,5.51,0.5399999999999996,9.800362976406527,True
E4131,2.3899999999999997,2.3899999999999997,0.0,0.0,True
E4132,18.73,18.73,15.34,81.9006940736786,False
E4133,1.22,1.22,0.0,0.0,True
E4134,4.87,4.87,0.0,0.0,True
E4135,4.64,4.64,0.0,0.0,True
E4136,9.149999999999999,9.15,18.3,200.00000000000003,False
E4137,1.28,1.28,0.94,73.4375,False
E4138,2.68,2.68,0.0,0.0,True
E4139,3.1799999999999997,3.1799999999999997,0.0,0.0,True
E414,5.05,5.050000000000001,10.100000000000001,200.00000000000003,False
E4140,2.6,2.6,2.38,91.53846153846153,False
E4141,7.640000000000001,7.640000000000001,0.0,0.0,True
E4142,12.479999999999999,9.24,15.059999999999999,120.67307692307692,False
E4143,1.55,1.55,0.0,0.0,True
E4144,4.05,4.05,0.0,0.0,True
E4145,1.37,1.37,0.0,0.0,True
E4146,11.31,11.31,0.0,0.0,True
E4147,1.32,1.32,0.0,0.0,True
E4148,0.7,0.7,0.0,0.0,True
E4149,4.52,4.52,1.38,30.530973451327437,False
E415,16.36,14.66,20.34,124.32762836185819,False
E4150,0.41,0.41,0.0,0.0,True
E4151,4.55,4.55,0.0,0.0,True
E4152,3.3,3.3,0.0,0.0,True
E4153,3.3800000000000003,3.38,0.03999999999999959,1.1834319526627097,True
E4154,2.5,2.5,0.0,0.0,True
E4155,27.110000000000003,27.11,20.56,75.83917373662854,False
E4156,0.36,0.36,0.0,0.0,True
E4157,2.23,2.23,1.6600000000000001,74.43946188340807,False
E4158,8.66,8.66,1.6599999999999993,19.168591224018467,True
E4159,0.45,0.45,0.0,0.0,True
E416,11.870000000000001,11.870000000000001,5.0,42.122999157540015,False
E4160,1.88,1.88,0.0,0.0,True
E4161,3.87,3.87,0.0,0.0,True
E4162,3.2199999999999998,3.2199999999999998,5.56,172.67080745341616,False
E4163,7.26,7.26,0.0,0.0,True
E4164,1.98,1.98,0.0,0.0,True
E4165,4.76,4.76,0.0,0.0,True
E4166,9.33,9.33,0.0,0.0,True
E4167,0.8400000000000001,0.8400000000000001,0.0,0.0,True
E4168,1.09,1.09,2.18,200.0,False
E4169,6.91,6.91,0.0,0.0,True
E417,2.8099999999999996,2.8100000000000005,0.8999999999999996,32.02846975088967,False
E4170,8.790000000000001,8.79,6.86,78.04323094425483,False
E4171,1.13,1.13,0.0,0.0,True
E4172,1.18,1.18,0.0,0.0,True
E4173,6.72,6.72,4.82,71.72619047619048,False
E4174,9.6,9.600000000000001,18.240000000000002,190.00000000000003,False
E4175,1.18,1.18,0.0,0.0,True
E4176,1.8599999999999999,1.8599999999999999,1.64,88.17204301075269,False
E4177,16.95,16.95,6.16,36.34218289085546,False
E4178,2.94,2.94,0.0,0.0,True
E4179,1.41,1.4100000000000001,2.82,200.0,False
E418,3.45,3.45,0.0,0.0,True
E4180,2.8899999999999997,2.89,2.72,94.11764705882354,False
E4181,1.25,1.25,0.0,0.0,True
E4182,3.68,3.68,7.36,200.0,False
E4183,5.19,5.19,0.5600000000000003,10.789980732177268,True
E4184,3.06,3.06,0.0,0.0,True
E4185,0.69,0.69,0.0,0.0,True
E4186,1.27,1.27,0.0,0.0,True
E4187,0.18,0.18,0.0,0.0,True
E4188,1.36,1.36,0.0,0.0,True
E4189,0.93,0.93,0.0,0.0,True
E419,1.7400000000000002,1.7400000000000002,2.14,122.98850574712642,False
E4190,8.5,8.5,0.0,0.0,True
E4191,1.06,1.06,0.0,0.0,True
E4192,1.55,1.55,3.1,200.0,False
E4193,1.51,1.51,0.0,0.0,True
E4194,2.9,2.9000000000000004,4.5600000000000005,157.24137931034485,False
E4195,1.36,1.36,2.72,199.99999999999997,False
E4196,2.89,2.89,4.82,166.78200692041523,False
E4197,17.91,17.91,0.0,0.0,True
E4198,2.37,2.37,1.14,48.101265822784804,False
E4199,3.24,3.24,0.0,0.0,True
E42,3.2199999999999998,3.2199999999999998,0.0,0.0,True
E420,3.9699999999999998,3.9699999999999998,0.0,0.0,True
E4200,1.6099999999999999,1.6099999999999999,0.0,0.0,True
E4201,2.04,2.04,0.0,0.0,True
E4202,1.87,1.87,0.0,0.0,True
E4203,4.18,3.3600000000000003,2.8,66.98564593301435,False
E4204,4.81,4.38,2.67,55.509355509355515,False
E4205,1.89,1.89,0.0,0.0,True
E4206,11.44,11.44,0.0,0.0,True
E4207,7.73,7.73,1.9,24.579560155239324,False
E4208,1.58,1.58,0.43999999999999995,27.84810126582278,False
E4209,1.18,1.18,0.0,0.0,True
E421,7.52,7.52,0.0,0.0,True
E4210,7.16,7.16,3.6799999999999997,51.39664804469274,False
E4211,3.8200000000000003,3.8200000000000003,0.0,0.0,True
E4212,1.85,1.85,2.9000000000000004,156.75675675675677,False
E4213,2.5,2.5,1.6400000000000001,65.6,False
E4215,8.23,8.01,10.66,129.52612393681653,False
E4216,12.78,12.469999999999999,21.33,166.90140845070422,False
E4217,0.52,0.52,0.0,0.0,True
E4218,2.88,2.88,3.88,134.72222222222223,False
E4219,5.34,5.34,0.0,0.0,True
E422,0.77,0.77,0.0,0.0,True
E4220,1.17,1.17,0.0,0.0,True
E4221,1.22,1.22,0.0,0.0,True
E4222,1.1099999999999999,1.1099999999999999,0.0,0.0,True
E4223,1.3900000000000001,1.3900000000000001,2.7800000000000002,199.99999999999997,False
E4225,0.71,0.71,0.0,0.0,True
E4226,3.33,3.33,0.0,0.0,True
E4227,0.42,0.42,0.0,0.0,True
E4228,1.44,1.44,0.0,0.0,True
E4229,1.37,1.37,0.0,0.0,True
E423,3.22,3.22,5.0200000000000005,155.90062111801242,False
E4230,7.41,7.409999999999999,2.8999999999999995,39.13630229419702,False
E4231,6.609999999999999,6.609999999999999,0.0,0.0,True
E4232,2.34,2.3400000000000003,1.0600000000000003,45.299145299145316,False
E4233,3.0200000000000005,3.0200000000000005,0.0,0.0,True
E4234,0.15,0.15,0.0,0.0,True
E4235,1.05,1.05,0.0,0.0,True
E4236,3.19,3.1900000000000004,5.92,185.57993730407523,False
E4237,0.99,0.99,0.0,0.0,True
E4238,0.91,0.91,0.0,0.0,True
E4239,4.0200000000000005,4.02,6.88,171.14427860696514,False
E424,2.98,2.98,0.0,0.0,True
E4240,7.79,7.789999999999999,15.58,200.0,False
E4241,43.08,43.08,55.599999999999994,129.06220984215412,False
E4242,3.78,3.78,0.0,0.0,True
E4243,3.18,3.18,0.0,0.0,True
E4244,6.51,6.51,5.9399999999999995,91.24423963133641,False
E4245,1.08,1.08,2.16,200.0,False
E4246,0.96,0.9600000000000001,1.92,200.0,False
E4247,0.98,0.98,0.0,0.0,True
E4248,0.87,0.87,1.74,200.0,False
E4249,1.88,1.88,0.0,0.0,True
E425,10.61,10.61,2.84,26.767200754005657,False
E4250,3.23,3.23,6.46,200.0,False
E4251,5.4399999999999995,5.4399999999999995,4.119999999999999,75.73529411764706,False
E4252,1.03,1.03,0.0,0.0,True
E4253,3.02,2.75,5.77,191.05960264900662,False
E4254,1.02,1.02,0.0,0.0,True
E4255,7.1899999999999995,7.1899999999999995,0.0,0.0,True
E4256,12.42,12.030000000000001,4.4300000000000015,35.66827697262481,False
E4257,3.01,2.0799999999999996,1.25,41.52823920265781,False
E4258,12.83,12.830000000000002,7.660000000000001,59.70381917381139,False
E4259,0.81,0.81,0.0,0.0,True
E426,3.16,1.65,1.83,57.91139240506329,False
E4260,0.83,0.83,0.0,0.0,True
E4261,1.54,1.54,0.0,0.0,True
E4262,1.09,1.09,0.0,0.0,True
E4263,0.29,0.29,0.0,0.0,True
E4264,1.3,1.3,0.0,0.0,True
E4265,5.92,5.92,0.0,0.0,True
E4266,1.07,1.07,0.0,0.0,True
E4267,3.21,3.21,5.76,179.4392523364486,False
E4268,2.19,2.19,0.0,0.0,True
E4269,1.92,1.92,0.0,0.0,True
E427,0.95,0.95,0.0,0.0,True
E4270,7.47,7.47,0.0,0.0,True
E4271,3.75,3.75,0.0,0.0,True
E4272,0.87,0.87,1.74,200.0,False
E4273,1.29,1.29,0.0,0.0,True
E4274,5.45,5.040000000000001,3.2900000000000005,60.36697247706423,False
E4275,18.61,18.61,34.92,187.64105319720582,False
E4276,1.28,1.28,0.0,0.0,True
E4277,1.7000000000000002,1.7000000000000002,3.4000000000000004,200.0,False
E4278,3.07,3.07,0.0,0.0,True
E4279,3.71,3.5500000000000003,2.12,57.142857142857146,False
E428,48.28,48.28,0.0,0.0,True
E4280,2.95,2.95,1.2400000000000002,42.033898305084755,False
E4281,28.44,28.44,0.0,0.0,True
E4282,1.83,1.83,3.66,200.0,False
E4283,1.29,1.29,0.0,0.0,True
E4284,16.19,16.19,0.0,0.0,True
E4285,2.45,2.45,0.14,5.714285714285714,True
E4286,6.18,5.92,4.6,74.4336569579288,False
E4287,9.27,8.7,13.77,148.54368932038835,False
E4288,3.66,3.66,0.0,0.0,True
E4289,6.85,6.85,0.0,0.0,True
E429,2.0700000000000003,2.0700000000000003,0.0,0.0,True
E4290,8.66,8.66,0.0,0.0,True
E4291,0.3,0.3,0.0,0.0,True
E4292,6.84,6.84,0.0400000000000007,0.5847953216374372,True
E4293,2.56,2.56,0.0,0.0,True
E4294,2.68,2.68,4.92,183.58208955223878,False
E4295,0.86,0.86,0.0,0.0,True
E4296,9.6,5.4,5.140000000000001,53.54166666666667,False
E4297,0.74,0.74,0.0,0.0,True
E4298,0.99,0.99,0.0,0.0,True
E4299,18.9,18.9,17.54,92.80423280423281,False
E43,4.99,4.99,0.0,0.0,True
E430,5.470000000000001,5.470000000000001,0.06000000000000005,1.0968921389396717,True
E4300,5.46,5.46,0.0,0.0,True
E4301,1.06,1.06,0.0,0.0,True
E4302,1.83,1.83,0.0,0.0,True
E4303,3.12,3.12,0.0,0.0,True
E4304,1.32,1.32,0.0,0.0,True
E4305,0.28,0.28,0.0,0.0,True
E4306,13.059999999999999,13.059999999999999,17.08,130.78101071975496,False
E4307,1.91,1.91,0.0,0.0,True
E4308,0.52,0.52,0.0,0.0,True
E4309,1.98,1.98,0.0,0.0,True
E431,2.0,2.0,0.0,0.0,True
E4310,1.65,1.65,0.0,0.0,True
E4311,1.26,1.26,2.52,200.0,False
E4312,7.05,7.05,0.0,0.0,True
E4313,2.6799999999999997,2.6799999999999997,0.0,0.0,True
E4314,1.69,1.69,0.0,0.0,True
E4315,0.43,0.43,0.86,200.0,False
E4316,7.06,7.0600000000000005,8.42,119.26345609065156,False
E4317,2.06,2.06,0.0,0.0,True
E4318,97.28999999999999,90.01,10.079999999999995,10.360777058279366,True
E4319,4.16,4.16,0.019999999999999796,0.48076923076922584,True
E432,4.07,4.07,2.88,70.76167076167076,False
E4321,11.86,11.86,0.3200000000000002,2.698145025295111,True
E4322,1.07,1.07,0.0,0.0,True
E4323,0.9299999999999999,0.9299999999999999,0.0,0.0,True
E4324,2.62,2.62,5.24,200.0,False
E4325,0.56,0.56,0.34,60.71428571428571,False
E4326,14.7,14.7,0.0,0.0,True
E4327,7.3100000000000005,7.3100000000000005,0.0,0.0,True
E4328,3.18,3.18,6.36,200.0,False
E433,2.8,2.8,0.5199999999999998,18.571428571428566,True
E4330,0.63,0.63,0.0,0.0,True
E4331,3.95,3.95,0.0,0.0,True
E4332,0.53,0.53,0.0,0.0,True
E4333,5.47,5.47,8.94,163.436928702011,False
E4334,6.72,6.72,0.6199999999999997,9.226190476190471,True
E4335,4.779999999999999,4.78,6.220000000000001,130.12552301255235,False
E4336,0.21,0.21,0.0,0.0,True
E4337,1.75,1.75,0.0,0.0,True
E4339,4.98,4.98,0.0,0.0,True
E434,2.56,2.56,0.0,0.0,True
E4340,1.3599999999999999,0.71,0.7699999999999999,56.61764705882352,False
E4341,2.12,2.12,0.0,0.0,True
E4342,0.8799999999999999,0.88,1.4,159.09090909090912,False
E4343,5.54,5.54,0.9999999999999996,18.05054151624548,True
E4344,5.93,5.93,0.0,0.0,True
E4345,0.92,0.92,0.0,0.0,True
E4346,2.67,2.67,0.0,0.0,True
E4347,3.61,3.61,0.0,0.0,True
E4348,1.6199999999999999,1.6199999999999999,0.0,0.0,True
E4349,31.5,31.499999999999996,63.0,200.0,False
E435,11.01,11.01,14.02,127.338782924614,False
E4350,0.69,0.69,0.58,84.05797101449275,False
E4351,1.6800000000000002,1.68,3.36,199.99999999999997,False
E4352,8.88,8.88,0.0,0.0,True
E4353,2.22,2.22,0.0,0.0,True
E4354,3.23,3.2300000000000004,6.46,200.0,False
E4355,0.26,0.26,0.0,0.0,True
E4356,0.94,0.94,1.88,200.0,False
E4357,1.18,1.18,0.0,0.0,True
E4358,2.8200000000000003,2.8200000000000003,5.640000000000001,199.99999999999997,False
E4359,1.13,1.13,2.26,200.0,False
E436,1.7400000000000002,1.74,3.48,199.99999999999997,False
E4360,1.52,1.52,1.02,67.10526315789474,False
E4361,6.15,6.15,9.78,159.02439024390242,False
E4362,2.72,2.72,5.44,199.99999999999997,False
E4363,1.3900000000000001,1.3900000000000001,2.7800000000000002,199.99999999999997,False
E4364,2.01,2.01,2.02,100.49751243781095,False
E4365,2.93,2.93,0.0,0.0,True
E4366,2.52,2.52,3.58,142.06349206349205,False
E4367,2.83,2.83,0.28,9.893992932862192,True
E4368,2.9899999999999998,2.99,0.2200000000000003,7.357859531772586,True
E4369,0.98,0.98,1.96,200.0,False
E437,6.79,6.79,2.6,38.29160530191458,False
E4370,4.029999999999999,4.029999999999999,0.0,0.0,True
E4371,1.81,1.81,0.0,0.0,True
E4372,0.77,0.77,1.54,200.0,False
E4373,1.47,1.47,1.04,70.74829931972789,False
E4374,2.49,2.49,2.38,95.58232931726907,False
E4375,1.3800000000000001,1.3800000000000001,2.7600000000000002,199.99999999999997,False
E4376,1.05,1.05,0.0,0.0,True
E4377,0.84,0.84,0.0,0.0,True
E4378,1.79,1.79,0.0,0.0,True
E4379,2.2199999999999998,2.2199999999999998,0.0,0.0,True
E438,1.4000000000000001,1.4,1.3000000000000003,92.85714285714288,False
E4380,2.01,2.01,0.0,0.0,True
E4381,1.22,1.22,0.86,70.49180327868852,False
E4383,0.88,0.88,0.0,0.0,True
E4384,0.91,0.91,0.0,0.0,True
E4385,3.8200000000000003,3.8200000000000003,1.7400000000000004,45.549738219895296,False
E4386,1.6099999999999999,1.61,1.06,65.83850931677019,False
E4387,7.38,7.38,12.719999999999999,172.3577235772358,False
E4388,12.19,12.190000000000001,6.959999999999999,57.09598031173092,False
E4389,9.530000000000001,9.530000000000001,7.0,73.45225603357817,False
E439,1.1600000000000001,1.1600000000000001,0.0,0.0,True
E4390,1.09,1.09,0.0,0.0,True
E4391,1.08,1.08,0.0,0.0,True
E4392,0.8400000000000001,0.8400000000000001,0.0,0.0,True
E4393,2.0999999999999996,2.0999999999999996,0.9399999999999997,44.76190476190476,False
E4394,1.24,1.24,0.0,0.0,True
E4395,10.870000000000001,10.870000000000001,0.0,0.0,True
E4396,0.2,0.2,0.0,0.0,True
E4397,3.28,3.28,0.0,0.0,True
E4398,10.27,10.27,0.0,0.0,True
E4399,0.56,0.56,0.0,0.0,True
E44,3.31,3.31,0.0,0.0,True
E440,8.25,8.25,2.960000000000001,35.87878787878789,False
E4400,3.08,3.08,0.0,0.0,True
E4401,2.39,2.39,0.0,0.0,True
E4402,5.04,5.04,4.08,80.95238095238095,False
E4403,2.74,2.74,5.48,199.99999999999997,False
E4404,2.79,2.4499999999999997,3.4,121.86379928315412,False
E4405,10.37,10.37,20.279999999999998,195.56412729026036,False
E4406,1.79,1.79,0.0,0.0,True
E4407,5.37,5.37,4.5,83.79888268156425,False
E4408,7.470000000000001,7.47,2.46,32.93172690763052,False
E441,3.25,3.25,1.6599999999999997,51.076923076923066,False
E4410,1.6800000000000002,1.6800000000000002,0.0,0.0,True
E4411,0.36,0.36,0.0,0.0,True
E4412,1.98,1.98,0.0,0.0,True
E4413,2.24,2.24,0.0,0.0,True
E4414,1.22,1.22,0.0,0.0,True
E4415,1.07,1.07,0.0,0.0,True
E4416,9.549999999999999,9.549999999999999,0.0,0.0,True
E4417,4.21,4.21,1.5999999999999999,38.00475059382423,False
E4418,1.08,1.08,0.0,0.0,True
E4419,0.8,0.8,0.0,0.0,True
E442,2.63,2.63,3.88,147.52851711026616,False
E4420,18.08,18.08,18.9,104.53539823008849,False
E4421,9.78,9.780000000000001,0.3999999999999999,4.089979550102249,True
E4422,2.17,2.17,1.5,69.12442396313364,False
E4423,2.06,2.06,3.58,173.7864077669903,False
E4424,2.5300000000000002,2.5300000000000002,0.0,0.0,True
E4425,1.6,1.6,0.0,0.0,True
E4426,3.75,3.75,2.94,78.4,False
E4427,2.85,2.85,1.2199999999999998,42.80701754385964,False
E4428,1.32,1.32,2.64,200.0,False
E4429,2.51,2.51,0.0,0.0,True
E443,17.14,16.55,24.69,144.049008168028,False
E4430,3.59,3.59,0.0,0.0,True
E4431,4.53,4.53,0.0,0.0,True
E4432,0.97,0.97,0.0,0.0,True
E4433,7.23,7.23,0.0,0.0,True
E4434,1.32,1.32,0.0,0.0,True
E4435,1.13,1.13,1.46,129.20353982300887,False
E4436,5.86,5.86,0.0,0.0,True
E4437,0.64,0.64,0.0,0.0,True
E4438,1.45,1.45,0.0,0.0,True
E4439,1.63,1.63,0.0,0.0,True
E444,14.75,14.75,5.379999999999999,36.474576271186436,False
E4440,1.6199999999999999,1.6199999999999999,0.0,0.0,True
E4441,2.8800000000000003,2.8800000000000003,0.0,0.0,True
E4442,7.040000000000001,7.040000000000001,0.8600000000000002,12.215909090909092,True
E4443,2.63,2.63,0.5999999999999999,22.81368821292775,False
E4444,9.78,9.78,4.8,49.079754601226995,False
E4446,5.39,5.39,0.0,0.0,True
E4447,3.2,3.2,1.3000000000000003,40.62500000000001,False
E4448,4.470000000000001,3.2800000000000002,4.21,94.18344519015659,False
E4449,1.3,1.3,0.0,0.0,True
E445,5.84,5.84,0.92,15.753424657534246,True
E4450,1.92,1.92,0.94,48.958333333333336,False
E4451,1.31,1.31,0.0,0.0,True
E4452,1.79,1.79,0.0,0.0,True
E4453,1.9799999999999998,1.9799999999999998,0.86,43.43434343434344,False
E4454,1.9,1.9,0.0,0.0,True
E4455,2.21,2.21,0.0,0.0,True
E4456,1.86,1.86,0.0,0.0,True
E4457,0.93,0.9299999999999999,0.74,79.56989247311827,False
E4458,5.22,5.22,0.0,0.0,True
E4459,3.91,3.91,0.0,0.0,True
E446,2.09,2.09,0.0,0.0,True
E4460,2.3899999999999997,2.39,0.9800000000000003,41.00418410041843,False
E4461,8.49,8.49,0.03999999999999959,0.47114252061248046,True
E4462,3.49,3.49,0.0,0.0,True
E4463,0.23,0.23,0.0,0.0,True
E4464,2.0599999999999996,2.06,4.12,200.00000000000003,False
E4465,1.75,1.75,0.0,0.0,True
E4466,1.02,1.02,0.0,0.0,True
E4467,3.61,3.61,3.2199999999999998,89.19667590027701,False
E4468,0.7,0.7,1.4,200.0,False
E4469,5.29,5.29,0.0,0.0,True
E447,0.05,0.05,0.0,0.0,True
E4470,3.78,3.4699999999999998,4.01,106.08465608465609,False
E4471,1.6400000000000001,1.6400000000000001,0.0,0.0,True
E4472,22.729999999999997,22.729999999999997,2.66,11.702595688517379,True
E4473,3.02,3.02,4.68,154.96688741721854,False
E4474,1.03,1.03,2.06,200.0,False
E4475,8.32,8.32,7.800000000000001,93.75000000000001,False
E4476,1.82,1.82,1.1,60.439560439560445,False
E4477,9.370000000000001,9.37,8.16,87.0864461045891,False
E4478,1.16,1.1600000000000001,0.84,72.41379310344828,False
E4479,6.9399999999999995,6.94,9.1,131.12391930835736,False
E448,4.279999999999999,4.279999999999999,3.62,84.57943925233646,False
E4480,6.6,6.6,8.9,134.84848484848484,False
E4481,8.81,8.809999999999999,15.14,171.85017026106695,False
E4482,0.78,0.78,0.0,0.0,True
E4483,2.08,2.08,0.0,0.0,True
E4484,0.94,0.94,0.0,0.0,True
E4485,0.99,0.99,0.0,0.0,True
E4486,4.76,4.76,0.0,0.0,True
E4487,1.34,1.3399999999999999,0.12000000000000005,8.955223880597018,True
E4488,18.509999999999998,18.509999999999998,16.66,90.00540248514318,False
E4489,6.15,6.15,2.08,33.82113821138211,False
E449,5.7,5.7,0.0,0.0,True
E4490,9.780000000000001,9.780000000000001,16.54,169.12065439672799,False
E4491,1.68,1.68,1.6199999999999999,96.42857142857143,False
E4492,1.9000000000000001,1.9,0.76,40.0,False
E4493,4.42,4.42,5.96,134.84162895927602,False
E4494,0.95,0.95,0.0,0.0,True
E4495,0.64,0.64,1.28,200.0,False
E4496,8.26,8.26,0.0,0.0,True
E4497,4.6,4.6,9.2,200.0,False
E4498,10.24,10.24,3.5199999999999996,34.37499999999999,False
E4499,14.44,14.440000000000001,28.88,200.0,False
E45,7.92,7.92,1.7999999999999994,22.72727272727272,False
E450,2.35,2.35,0.0,0.0,True
E4501,2.1,2.1,0.26,12.38095238095238,True
E4502,6.43,6.43,10.379999999999999,161.4307931570762,False
E4503,0.64,0.64,0.0,0.0,True
E4504,5.83,5.54,8.31,142.5385934819897,False
E4505,1.28,1.28,0.0,0.0,True
E4506,2.3,2.3,0.0,0.0,True
E4507,3.31,3.31,6.62,200.0,False
E4508,1.19,1.19,0.0,0.0,True
E4509,1.06,1.06,0.0,0.0,True
E451,9.3,9.3,0.7799999999999994,8.387096774193541,True
E4510,1.87,1.78,1.1099999999999999,59.35828877005346,False
E4511,8.91,8.91,5.1,57.23905723905723,False
E4512,15.1,15.1,0.0,0.0,True
E4513,10.04,10.04,6.8,67.72908366533865,False
E4514,3.9000000000000004,3.9000000000000004,4.58,117.43589743589743,False
E4515,8.41,8.41,3.7400000000000007,44.47086801426873,False
E4516,8.08,8.08,0.11999999999999966,1.485148514851481,True
E4517,7.84,7.84,0.0,0.0,True
E4518,1.52,1.52,0.0,0.0,True
E4519,10.84,10.84,0.0,0.0,True
E452,2.58,2.58,2.58,100.0,False
E4520,0.1,0.1,0.0,0.0,True
E4521,0.08,0.08,0.0,0.0,True
E4522,0.6599999999999999,0.6599999999999999,0.0,0.0,True
E4523,1.06,1.06,0.0,0.0,True
E4524,1.06,1.06,2.12,200.0,False
E4525,0.59,0.59,0.0,0.0,True
E4526,0.78,0.78,0.0,0.0,True
E4527,2.49,2.0300000000000002,3.24,130.12048192771084,False
E4528,1.83,1.83,0.0,0.0,True
E4529,1.67,1.67,0.0,0.0,True
E453,9.65,9.65,19.3,200.0,False
E4530,8.15,8.15,11.239999999999998,137.91411042944782,False
E4531,0.15,0.15,0.3,200.0,False
E4532,2.79,2.79,0.0,0.0,True
E4533,1.08,1.08,0.0,0.0,True
E4534,4.82,4.82,9.64,200.0,False
E4535,1.1,1.1,0.0,0.0,True
E4536,7.279999999999999,7.279999999999999,0.6200000000000001,8.51648351648352,True
E4537,0.79,0.79,1.58,200.0,False
E4538,3.96,3.96,0.0,0.0,True
E4539,2.55,2.55,0.0,0.0,True
E454,2.08,2.08,0.0,0.0,True
E4540,2.87,2.87,0.0,0.0,True
E4541,3.5700000000000003,3.5700000000000003,0.0,0.0,True
E4542,2.64,2.64,0.0,0.0,True
E4543,3.15,3.15,0.0,0.0,True
E4544,2.85,2.85,0.0,0.0,True
E4545,0.58,0.58,1.16,200.0,False
E4546,2.5,2.5,0.0,0.0,True
E4547,3.1500000000000004,3.15,0.7200000000000001,22.857142857142858,False
E4548,3.12,3.12,0.0,0.0,True
E4549,7.1899999999999995,7.1899999999999995,0.0,0.0,True
E455,1.28,1.28,2.56,200.0,False
E4550,1.92,1.92,2.2199999999999998,115.62499999999999,False
E4551,3.74,3.74,0.0,0.0,True
E4552,0.6900000000000001,0.6900000000000001,0.0,0.0,True
E4553,5.36,5.36,0.0,0.0,True
E4555,1.34,1.34,0.0,0.0,True
E4557,2.16,2.1599999999999997,2.6799999999999997,124.07407407407406,False
E4558,0.25,0.25,0.0,0.0,True
E4559,3.4400000000000004,3.4400000000000004,6.880000000000001,200.0,False
E456,2.41,2.41,1.62,67.21991701244814,False
E4560,4.16,4.16,0.0,0.0,True
E4561,3.48,3.48,0.0,0.0,True
E4562,1.62,1.62,0.0,0.0,True
E4563,9.88,9.88,0.0,0.0,True
E4564,3.37,3.37,0.0,0.0,True
E4565,3.81,3.81,0.0,0.0,True
E4566,9.190000000000001,9.190000000000001,13.560000000000002,147.55168661588684,False
E4567,2.25,2.25,0.0,0.0,True
E4568,2.61,2.61,0.0,0.0,True
E4569,27.270000000000003,27.27,40.02,146.75467546754675,False
E457,2.75,2.75,1.38,50.18181818181818,False
E4570,5.79,4.68,4.79,82.72884283246978,False
E4571,1.05,1.05,2.1,200.0,False
E4572,0.93,0.93,0.0,0.0,True
E4573,7.7700000000000005,6.87,5.319999999999999,68.46846846846844,False
E4574,2.28,2.28,4.56,200.0,False
E4575,1.92,1.92,0.0,0.0,True
E4576,1.0,1.0,0.0,0.0,True
E4577,1.21,1.21,1.92,158.67768595041323,False
E4578,4.22,4.22,0.0,0.0,True
E4579,6.77,6.77,0.020000000000000906,0.2954209748892305,True
E458,1.9700000000000002,1.9700000000000002,1.32,67.00507614213197,False
E4580,7.779999999999999,7.779999999999999,0.0,0.0,True
E4581,1.15,1.15,0.0,0.0,True
E4582,2.48,2.48,4.96,200.0,False
E4583,1.47,1.47,0.0,0.0,True
E4584,0.66,0.66,0.0,0.0,True
E4585,2.23,2.23,0.0,0.0,True
E4586,2.1399999999999997,2.14,1.0199999999999998,47.66355140186916,False
E4587,1.69,1.69,0.0,0.0,True
E4588,7.42,3.04,9.36,126.1455525606469,False
E4589,6.0,6.0,3.26,54.333333333333336,False
E459,0.28,0.28,0.0,0.0,True
E4590,3.35,3.35,0.0,0.0,True
E4591,6.82,6.819999999999999,0.620000000000001,9.090909090909106,True
E4592,1.19,1.19,0.0,0.0,True
E4593,0.2,0.2,0.4,200.0,False
E4594,2.6100000000000003,2.6100000000000003,2.48,95.0191570881226,False
E4595,2.75,2.75,0.0,0.0,True
E4596,6.670000000000001,6.67,3.5200000000000005,52.7736131934033,False
E4597,0.74,0.74,0.0,0.0,True
E4598,3.1900000000000004,3.19,0.019999999999999796,0.6269592476488963,True
E4599,1.3599999999999999,1.3599999999999999,0.0,0.0,True
E46,7.0,7.0,0.5399999999999999,7.7142857142857135,True
E460,12.080000000000002,12.080000000000002,2.2800000000000007,18.874172185430467,True
E4600,1.12,1.12,0.0,0.0,True
E4601,2.77,2.77,0.0,0.0,True
E4602,1.34,1.34,0.0,0.0,True
E4603,0.87,0.87,1.4,160.91954022988506,False
E4604,5.550000000000001,5.550000000000001,3.3200000000000003,59.81981981981981,False
E4605,2.01,2.01,4.02,200.0,False
E4606,8.07,8.07,0.0,0.0,True
E4607,14.41,9.74,4.67,32.40804996530187,False
E4608,1.75,1.75,0.0,0.0,True
E4609,14.45,14.45,0.020000000000000018,0.13840830449827002,True
E461,2.05,2.05,2.0,97.5609756097561,False
E4610,4.97,4.97,2.84,57.142857142857146,False
E4611,13.879999999999999,10.39,8.87,63.90489913544668,False
E4612,0.94,0.94,0.0,0.0,True
E4613,7.8999999999999995,7.8999999999999995,0.0,0.0,True
E4615,1.17,1.17,0.0,0.0,True
E4617,4.68,4.680000000000001,9.36,200.0,False
E4618,2.27,2.27,0.0,0.0,True
E4619,18.79,18.79,37.58,200.0,False
E462,3.37,3.37,0.0,0.0,True
E4620,2.96,2.96,5.92,200.0,False
E4621,9.07,9.07,16.68,183.90297684674752,False
E4623,0.68,0.68,0.0,0.0,True
E4624,5.75,5.75,4.48,77.91304347826087,False
E4625,1.78,1.78,0.0,0.0,True
E4627,7.289999999999999,7.289999999999999,1.2,16.460905349794242,True
E4628,2.63,2.63,0.0,0.0,True
E4629,4.869999999999999,4.6,4.01,82.34086242299796,False
E463,4.34,4.34,0.0,0.0,True
E4630,0.98,0.98,0.0,0.0,True
E4631,2.06,2.06,4.12,200.0,False
E4632,5.0,5.0,0.0,0.0,True
E4633,6.75,6.75,7.4399999999999995,110.22222222222223,False
E4634,13.44,13.44,11.86,88.24404761904762,False
E4635,14.62,14.62,0.0,0.0,True
E4636,8.129999999999999,8.129999999999999,9.48,116.60516605166053,False
E4637,37.85,37.849999999999994,27.799999999999997,73.44782034346102,False
E4638,8.15,8.15,0.0,0.0,True
E464,2.84,2.84,0.0,0.0,True
E465,2.6799999999999997,2.6799999999999997,0.0,0.0,True
E466,8.8,8.8,0.0,0.0,True
E467,3.4,3.4,0.0,0.0,True
E468,6.96,6.960000000000001,0.34000000000000097,4.885057471264382,True
E469,2.2,2.2,4.4,200.0,False
E47,3.88,3.88,0.0,0.0,True
E470,0.72,0.72,0.0,0.0,True
E471,5.4399999999999995,5.4399999999999995,0.0,0.0,True
E473,3.0300000000000002,3.0300000000000002,0.0,0.0,True
E474,2.61,2.61,0.0,0.0,True
E475,28.67,28.669999999999998,33.879999999999995,118.17230554586673,False
E476,1.95,1.95,0.0,0.0,True
E477,3.58,3.58,0.32,8.938547486033519,True
E478,3.51,3.51,0.0,0.0,True
E479,5.6000000000000005,5.6000000000000005,0.0,0.0,True
E48,14.399999999999999,14.4,4.819999999999999,33.47222222222222,False
E480,4.2,4.2,0.0,0.0,True
E481,1.54,1.54,0.0,0.0,True
E482,6.9799999999999995,6.9799999999999995,0.0,0.0,True
E483,26.1,26.1,48.92,187.43295019157088,False
E484,2.5700000000000003,2.5700000000000003,1.6000000000000003,62.25680933852141,False
E485,3.0700000000000003,3.07,2.52,82.08469055374592,False
E486,9.88,9.88,0.0,0.0,True
E487,1.42,1.42,0.0,0.0,True
E488,6.8,6.8,2.5,36.76470588235294,False
E489,1.19,1.19,0.41999999999999993,35.29411764705882,False
E49,9.36,9.36,0.0,0.0,True
E490,20.38,20.38,23.4,114.81844946025515,False
E491,1.27,1.27,0.0,0.0,True
E492,0.81,0.5700000000000001,0.38000000000000006,46.91358024691358,False
E494,0.98,0.98,1.3599999999999999,138.77551020408163,False
E495,2.4699999999999998,2.4699999999999998,0.0,0.0,True
E496,5.43,5.43,0.8400000000000002,15.469613259668511,True
E497,8.51,8.51,7.56,88.83666274970624,False
E498,8.03,8.03,10.68,133.00124533001247,False
E499,1.58,1.58,0.0,0.0,True
E5,6.09,6.09,0.0,0.0,True
E50,2.6100000000000003,2.61,0.2200000000000003,8.42911877394637,True
E500,1.46,1.46,0.0,0.0,True
E501,2.98,2.98,0.0,0.0,True
E502,4.5,4.12,2.7800000000000002,61.77777777777778,False
E503,8.98,8.98,1.6600000000000001,18.485523385300667,True
E504,5.04,5.04,0.9199999999999999,18.253968253968253,True
E505,12.78,12.780000000000001,18.52,144.91392801251956,False
E506,3.35,3.35,0.0,0.0,True
E507,1.65,1.65,1.58,95.75757575757576,False
E508,11.53,11.53,0.0,0.0,True
E509,3.45,3.45,0.0,0.0,True
E51,1.02,1.02,0.0,0.0,True
E510,13.44,13.440000000000001,22.919999999999998,170.5357142857143,False
E511,2.8,2.8,4.08,145.71428571428572,False
E512,9.41,9.41,7.859999999999999,83.52816153028692,False
E513,0.83,0.83,0.0,0.0,True
E514,1.64,1.64,0.0,0.0,True
E515,2.07,2.07,1.3,62.80193236714976,False
E516,25.199999999999996,24.02,27.279999999999998,108.25396825396825,False
E517,1.04,1.04,0.0,0.0,True
E518,2.02,2.02,2.22,109.90099009900992,False
E519,9.99,9.99,0.38000000000000034,3.8038038038038073,True
E52,2.0,2.0,0.0,0.0,True
E520,2.7199999999999998,2.7199999999999998,0.0,0.0,True
E521,2.65,2.2,0.49,18.49056603773585,True
E522,2.53,2.53,1.3,51.38339920948617,False
E523,9.229999999999999,9.229999999999999,0.0,0.0,True
E524,4.34,4.34,1.9,43.77880184331797,False
E525,2.49,2.49,0.0,0.0,True
E526,1.74,1.74,0.0,0.0,True
E527,1.08,1.08,0.0,0.0,True
E528,2.37,2.37,1.46,61.60337552742616,False
E529,3.21,3.21,3.9000000000000004,121.49532710280376,False
E53,6.4399999999999995,6.4399999999999995,2.6999999999999997,41.92546583850932,False
E530,3.53,3.53,3.96,112.18130311614732,False
E531,5.73,5.73,6.1,106.45724258289702,False
E532,6.46,6.46,0.0,0.0,True
E533,2.0100000000000002,2.0100000000000002,0.0,0.0,True
E534,3.13,3.13,0.0,0.0,True
E535,2.01,2.01,0.0,0.0,True
E536,7.13,7.13,8.58,120.33660589060308,False
E537,8.84,8.84,0.0,0.0,True
E538,7.51,7.51,6.54,87.0838881491345,False
E539,7.41,4.24,4.25,57.35492577597841,False
E54,4.09,4.09,1.2800000000000002,31.295843520782405,False
E540,1.1300000000000001,1.1300000000000001,0.0,0.0,True
E541,2.45,2.45,0.0,0.0,True
E542,4.34,4.34,4.06,93.54838709677418,False
E543,6.3999999999999995,6.4,1.5200000000000002,23.750000000000007,False
E544,5.34,5.34,0.0,0.0,True
E545,1.73,1.73,0.0,0.0,True
E546,4.16,4.16,0.0,0.0,True
E547,3.01,2.41,2.5,83.05647840531562,False
E548,3.1999999999999997,3.1999999999999997,3.5999999999999996,112.49999999999999,False
E549,5.45,5.45,2.8200000000000003,51.74311926605505,False
E55,6.75,5.34,2.3100000000000005,34.22222222222223,False
E550,5.08,5.08,0.0,0.0,True
E551,3.63,3.63,0.0,0.0,True
E552,3.41,3.41,1.3399999999999999,39.29618768328446,False
E553,2.73,2.73,0.0,0.0,True
E554,2.08,2.08,0.0,0.0,True
E555,4.92,4.92,5.3,107.72357723577235,False
E556,3.41,3.41,0.5,14.662756598240469,True
E557,7.35,7.35,1.32,17.95918367346939,True
E558,0.66,0.66,0.0,0.0,True
E559,1.28,1.28,0.16,12.5,True
E56,1.5499999999999998,1.55,3.1,200.00000000000003,False
E560,2.39,2.39,0.0,0.0,True
E561,1.9899999999999998,1.9899999999999998,0.38,19.095477386934675,True
E562,0.93,0.93,0.0,0.0,True
E563,0.37,0.37,0.0,0.0,True
E564,3.22,3.22,0.9799999999999998,30.43478260869564,False
E565,7.02,7.02,0.0,0.0,True
E566,69.42999999999999,65.12,46.209999999999994,66.55624369868931,False
E567,1.58,1.58,0.0,0.0,True
E568,1.74,1.74,0.0,0.0,True
E569,1.54,1.54,0.0,0.0,True
E57,11.44,11.44,5.18,45.27972027972028,False
E570,8.68,8.68,17.36,200.0,False
E571,24.43,24.12,4.789999999999997,19.607040523945958,True
E572,6.02,6.02,12.04,200.0,False
E573,2.61,2.61,0.0,0.0,True
E574,1.29,1.29,0.0,0.0,True
E575,20.200000000000003,20.200000000000003,0.0,0.0,True
E576,3.45,3.45,0.0,0.0,True
E577,3.5,3.5,3.54,101.14285714285714,False
E578,4.05,4.05,0.0,0.0,True
E579,2.83,2.83,0.0,0.0,True
E58,2.8600000000000003,2.05,2.33,81.46853146853145,False
E580,4.43,4.43,7.6,171.55756207674943,False
E581,2.12,2.12,0.0,0.0,True
E582,1.0599999999999998,1.0599999999999998,0.0,0.0,True
E583,2.2399999999999998,2.2399999999999998,0.0,0.0,True
E584,5.27,5.27,0.08000000000000007,1.518026565464897,True
E585,2.7199999999999998,2.72,1.0200000000000002,37.500000000000014,False
E586,8.1,8.1,0.0,0.0,True
E587,17.4,17.4,34.8,200.0,False
E588,6.9799999999999995,6.98,0.14000000000000012,2.0057306590257897,True
E589,2.69,2.69,1.58,58.7360594795539,False
E59,2.88,2.88,1.6799999999999997,58.33333333333333,False
E590,10.47,10.469999999999999,4.88,46.609360076408784,False
E591,1.58,1.58,0.0,0.0,True
E592,9.209999999999999,9.21,0.36000000000000054,3.9087947882736223,True
E593,9.260000000000002,9.26,18.52,199.99999999999997,False
E594,6.42,6.42,10.82,168.53582554517135,False
E595,4.92,4.92,2.42,49.1869918699187,False
E596,4.45,4.45,0.0,0.0,True
E597,2.04,1.35,0.81,39.705882352941174,False
E598,1.45,1.45,0.0,0.0,True
E599,8.0,8.0,0.0,0.0,True
E6,9.15,9.15,0.0,0.0,True
E60,2.35,2.35,2.7800000000000002,118.29787234042553,False
E600,5.83,5.709999999999999,3.8,65.18010291595198,False
E601,1.4,1.4,1.56,111.42857142857143,False
E602,13.89,13.169999999999998,11.42,82.2174226061915,False
E603,1.85,1.85,0.0,0.0,True
E604,3.2299999999999995,3.2299999999999995,0.0,0.0,True
E605,9.68,9.68,11.98,123.7603305785124,False
E606,1.44,1.44,0.0,0.0,True
E607,0.58,0.58,0.0,0.0,True
E608,0.8899999999999999,0.8899999999999999,0.0,0.0,True
E609,2.53,2.53,1.04,41.10671936758894,False
E61,3.3899999999999997,3.3899999999999997,0.0,0.0,True
E610,0.86,0.86,0.0,0.0,True
E611,1.49,1.49,0.0,0.0,True
E612,10.850000000000001,10.85,0.0999999999999992,0.9216589861751077,True
E613,1.61,1.61,0.0,0.0,True
E614,2.05,2.05,0.0,0.0,True
E615,2.7,2.7,0.0,0.0,True
E616,1.69,1.69,0.0,0.0,True
E617,1.1600000000000001,1.1600000000000001,0.0,0.0,True
E618,5.78,5.78,0.08000000000000007,1.3840830449827002,True
E619,2.89,2.89,0.019999999999999685,0.6920415224913385,True
E62,10.91,10.91,0.0,0.0,True
E620,3.6,3.6,0.2400000000000001,6.66666666666667,True
E621,1.78,1.78,0.0,0.0,True
E622,4.43,4.43,0.0,0.0,True
E623,1.45,1.45,0.0,0.0,True
E624,2.88,2.88,0.0,0.0,True
E625,2.42,2.42,0.0,0.0,True
E626,4.28,4.28,0.0,0.0,True
E627,0.76,0.76,0.0,0.0,True
E628,2.93,2.9299999999999997,5.859999999999999,200.0,False
E629,8.68,8.479999999999999,0.24000000000000066,2.764976958525353,True
E63,9.33,9.33,0.8799999999999994,9.431939978563767,True
E630,2.17,2.17,0.0,0.0,True
E631,2.62,2.62,0.0,0.0,True
E632,3.88,3.88,2.76,71.1340206185567,False
E634,4.69,4.69,0.0,0.0,True
E635,6.390000000000001,6.390000000000001,1.46,22.848200312989043,False
E636,7.220000000000001,7.220000000000001,0.0,0.0,True
E637,1.88,1.78,1.3,69.14893617021276,False
E638,1.18,1.18,0.96,81.35593220338984,False
E639,5.18,5.18,3.0399999999999996,58.68725868725868,False
E64,7.99,7.99,0.0,0.0,True
E640,9.49,9.49,1.5,15.806111696522654,True
E641,2.67,2.67,0.0,0.0,True
E642,0.72,0.72,0.0,0.0,True
E643,6.56,6.56,0.0,0.0,True
E644,2.8,2.8,2.84,101.42857142857143,False
E645,8.48,8.48,5.9,69.5754716981132,False
E646,2.7800000000000002,2.7800000000000002,1.9400000000000002,69.78417266187051,False
E647,10.15,10.15,3.299999999999999,32.51231527093595,False
E648,2.24,2.24,1.9200000000000004,85.71428571428572,False
E649,17.75,16.560000000000002,1.410000000000001,7.943661971830992,True
E65,3.8499999999999996,3.8499999999999996,0.14000000000000012,3.63636363636364,True
E650,8.94,8.94,3.8400000000000007,42.9530201342282,False
E651,5.73,5.73,1.52,26.527050610820243,False
E652,1.8399999999999999,1.8399999999999999,1.98,107.60869565217392,False
E653,3.7199999999999998,3.7199999999999998,0.0,0.0,True
E654,4.1899999999999995,4.1899999999999995,2.9199999999999995,69.68973747016706,False
E655,11.39,11.11,12.02,105.53116769095698,False
E656,2.74,2.74,0.0,0.0,True
E657,2.04,2.04,1.7,83.33333333333333,False
E658,2.1,2.1,0.5800000000000001,27.61904761904762,False
E659,5.289999999999999,5.29,0.7999999999999994,15.12287334593572,True
E66,4.370000000000001,4.37,1.5800000000000005,36.15560640732266,False
E660,1.4500000000000002,1.4500000000000002,0.0,0.0,True
E661,2.04,2.04,1.9,93.13725490196079,False
E662,2.69,2.69,5.38,200.0,False
E663,7.859999999999999,7.859999999999999,0.0,0.0,True
E664,0.7,0.7,0.0,0.0,True
E665,3.64,3.64,7.28,200.0,False
E666,0.25,0.25,0.0,0.0,True
E667,0.73,0.73,0.0,0.0,True
E668,3.86,3.86,0.2400000000000001,6.217616580310883,True
E669,1.58,1.58,3.16,200.0,False
E67,1.49,1.49,0.0,0.0,True
E670,4.03,4.03,8.06,200.0,False
E671,16.009999999999998,16.009999999999998,11.879999999999999,74.20362273579013,False
E672,2.2199999999999998,2.2199999999999998,2.7199999999999998,122.52252252252254,False
E673,5.2,5.2,10.4,200.0,False
E674,1.1400000000000001,1.1400000000000001,2.2800000000000002,200.0,False
E675,7.909999999999999,7.91,11.08,140.07585335018965,False
E676,7.88,7.880000000000001,1.54,19.543147208121827,True
E677,4.859999999999999,4.859999999999999,9.719999999999999,200.0,False
E678,2.7399999999999998,2.23,1.17,42.7007299270073,False
E679,7.25,7.25,12.0,165.51724137931035,False
E68,3.59,2.1999999999999997,3.0100000000000002,83.84401114206129,False
E680,5.19,4.38,1.8299999999999998,35.26011560693641,False
E681,5.56,5.5600000000000005,1.9399999999999995,34.89208633093524,False
E682,1.63,1.63,0.0,0.0,True
E683,11.74,11.74,2.0,17.035775127768314,True
E684,19.67,19.67,12.180000000000001,61.92170818505339,False
E685,3.66,3.66,0.0,0.0,True
E686,3.54,3.54,1.84,51.9774011299435,False
E687,3.9699999999999998,3.9699999999999998,7.9399999999999995,200.0,False
E688,2.66,2.66,0.0,0.0,True
E689,2.81,2.81,0.0,0.0,True
E69,2.08,2.08,0.0,0.0,True
E690,3.6399999999999997,3.6399999999999997,0.0,0.0,True
E691,1.42,1.42,0.45999999999999996,32.3943661971831,False
E692,4.74,4.74,1.3999999999999995,29.53586497890294,False
E693,4.36,4.36,1.2000000000000002,27.522935779816514,False
E694,46.910000000000004,46.91,29.400000000000002,62.673204007674265,False
E695,49.05,49.05,13.64,27.80835881753313,False
E696,4.62,4.62,0.0,0.0,True
E697,242.39000000000001,242.39,109.23999999999998,45.06786583604933,False
E698,3.34,3.34,4.779999999999999,143.11377245508982,False
E699,16.24,16.240000000000002,27.34,168.3497536945813,False
E7,14.77,13.809999999999999,7.320000000000001,49.55991875423156,False
E70,7.760000000000001,7.760000000000001,11.16,143.81443298969072,False
E700,6.83,6.83,4.200000000000001,61.49341142020499,False
E701,9.23,9.23,18.46,200.0,False
E702,10.989999999999998,10.99,1.5999999999999988,14.558689717925379,True
E703,10.41,9.379999999999999,1.0900000000000003,10.470701248799234,True
E704,16.54,16.54,14.599999999999998,88.27085852478838,False
E705,10.030000000000001,10.03,3.860000000000001,38.48454636091726,False
E706,19.86,19.86,10.18,51.25881168177241,False
E707,26.099999999999998,26.1,52.2,200.00000000000003,False
E708,23.7,23.700000000000003,4.379999999999998,18.48101265822784,True
E709,1.0299999999999998,1.0299999999999998,1.3399999999999999,130.0970873786408,False
E71,4.66,4.5,0.18000000000000016,3.8626609442060116,True
E710,145.28,128.82,18.7,12.871696035242291,True
E711,66.14,66.14,14.200000000000001,21.469609918355005,False
E712,4.78,4.78,2.8000000000000003,58.57740585774058,False
E713,2.51,2.51,5.02,200.0,False
E714,6.95,6.95,1.4800000000000002,21.29496402877698,False
E715,1.3399999999999999,1.3399999999999999,0.0,0.0,True
E716,8.29,8.290000000000001,14.92,179.97587454764778,False
E717,3.08,3.08,6.16,200.0,False
E718,3.59,3.59,0.07999999999999996,2.2284122562674087,True
E719,3.22,3.2199999999999998,1.64,50.931677018633536,False
E72,6.18,6.18,0.0,0.0,True
E720,15.49,15.489999999999998,3.2399999999999993,20.916720464816006,False
E721,1.53,1.53,0.0,0.0,True
E722,11.89,11.889999999999999,4.640000000000001,39.024390243902445,False
E723,16.080000000000002,16.08,12.180000000000001,75.74626865671642,False
E724,2.67,2.67,0.4000000000000002,14.981273408239709,True
E725,8.02,5.88,2.1399999999999997,26.683291770573565,False
E726,23.490000000000002,23.490000000000002,29.32,124.81907194550871,False
E727,0.81,0.81,0.92,113.58024691358024,False
E728,7.53,7.529999999999999,15.06,200.0,False
E729,9.92,9.92,19.84,200.0,False
E73,0.77,0.77,0.0,0.0,True
E730,1.89,1.89,3.78,200.0,False
E731,10.6,10.600000000000001,17.7,166.9811320754717,False
E732,49.17,49.17,27.940000000000005,56.82326621923938,False
E733,15.72,15.72,31.44,200.0,False
E734,2.48,2.48,0.0,0.0,True
E735,2.95,2.95,5.9,200.0,False
E736,1.43,1.43,0.0,0.0,True
E737,14.5,14.5,9.239999999999998,63.72413793103448,False
E738,7.630000000000001,7.63,4.859999999999999,63.69593709043249,False
E739,2.29,2.29,0.9999999999999998,43.668122270742344,False
E74,9.049999999999999,9.049999999999999,7.699999999999999,85.0828729281768,False
E740,3.05,3.0500000000000003,6.1000000000000005,200.0,False
E741,4.39,4.39,0.0,0.0,True
E742,15.18,15.18,5.34,35.17786561264822,False
E743,8.37,8.37,16.74,200.0,False
E744,9.64,8.16,6.460000000000001,67.0124481327801,False
E745,7.71,7.71,0.09999999999999964,1.2970168612191912,True
E746,47.53999999999999,47.54,34.800000000000004,73.20151451409342,False
E747,10.76,10.76,11.52,107.06319702602231,False
E748,1.8199999999999998,1.8199999999999998,0.0,0.0,True
E749,19.470000000000002,18.25,23.86,122.54750898818693,False
E75,2.3200000000000003,2.3200000000000003,0.0,0.0,True
E750,1.57,1.57,0.0,0.0,True
E751,7.28,7.28,14.56,200.0,False
E752,9.719999999999999,9.719999999999999,4.06,41.76954732510288,False
E753,1.2,1.2,2.4,200.0,False
E754,3.12,2.5999999999999996,2.84,91.02564102564102,False
E755,3.08,3.08,6.16,200.0,False
E756,3.88,3.88,0.0,0.0,True
E757,7.47,7.47,0.0,0.0,True
E758,1.61,1.61,0.0,0.0,True
E759,4.97,4.97,9.94,200.0,False
E76,2.59,2.59,0.0,0.0,True
E760,3.94,3.94,2.8200000000000003,71.57360406091371,False
E761,3.51,3.51,2.1399999999999997,60.96866096866096,False
E762,3.81,3.81,0.0,0.0,True
E763,8.43,8.43,0.0,0.0,True
E764,2.82,2.82,4.34,153.90070921985816,False
E765,8.11,8.11,1.0799999999999996,13.316892725030822,True
E766,6.920000000000001,6.920000000000001,0.0,0.0,True
E767,6.67,6.67,0.17999999999999985,2.6986506746626664,True
E768,16.11,16.11,8.020000000000001,49.78274363749225,False
E769,1.52,1.52,0.0,0.0,True
E77,6.7700000000000005,6.77,4.16,61.44756277695716,False
E770,6.87,6.87,0.0,0.0,True
E771,4.49,4.49,0.0,0.0,True
E772,4.04,4.04,0.020000000000000462,0.4950495049505065,True
E773,1.74,1.74,0.0,0.0,True
E774,9.79,9.79,2.6400000000000006,26.96629213483147,False
E775,1.0699999999999998,1.0699999999999998,0.0,0.0,True
E776,0.66,0.66,0.0,0.0,True
E777,4.57,4.57,0.0,0.0,True
E778,0.77,0.77,0.0,0.0,True
E779,1.31,1.31,0.0,0.0,True
E78,1.08,1.08,0.0,0.0,True
E780,1.67,1.67,0.0,0.0,True
E781,2.74,2.74,0.0,0.0,True
E782,1.5,1.5,0.0,0.0,True
E783,7.84,7.84,4.280000000000001,54.59183673469389,False
E784,6.489999999999999,6.49,3.68,56.70261941448383,False
E785,8.99,8.989999999999998,16.0,177.97552836484982,False
E786,14.22,14.22,0.7800000000000005,5.485232067510552,True
E787,10.23,10.23,7.740000000000001,75.65982404692083,False
E788,3.27,3.27,0.0,0.0,True
E789,2.5300000000000002,2.5300000000000002,0.0,0.0,True
E79,14.91,14.91,0.0,0.0,True
E790,1.73,1.73,0.0,0.0,True
E791,2.93,2.93,0.0,0.0,True
E792,3.21,3.21,0.0,0.0,True
E793,1.73,1.73,0.0,0.0,True
E794,7.699999999999999,7.7,2.8600000000000008,37.14285714285715,False
E795,20.91,20.91,3.48,16.642754662840748,True
E796,16.36,16.36,5.879999999999999,35.941320293398526,False
E797,18.64,18.64,19.3,103.54077253218884,False
E798,0.93,0.93,0.0,0.0,True
E799,3.55,3.55,0.0,0.0,True
E8,1.59,1.59,0.0,0.0,True
E80,10.26,10.26,0.27999999999999936,2.729044834307986,True
E800,3.1399999999999997,2.5,1.16,36.94267515923567,False
E801,2.02,2.02,0.7599999999999999,37.623762376237615,False
E802,13.13,10.93,17.0,129.47448591012946,False
E803,1.51,1.51,0.0,0.0,True
E804,2.95,2.95,0.0,0.0,True
E805,3.61,3.61,0.0,0.0,True
E806,7.66,7.66,0.0,0.0,True
E807,9.6,9.6,0.14000000000000012,1.4583333333333346,True
E808,3.2,3.2,2.02,63.125,False
E809,8.629999999999999,8.629999999999999,0.0,0.0,True
E81,9.51,9.51,4.0,42.06098843322818,False
E810,12.75,7.07,9.5,74.50980392156863,False
E811,3.02,3.02,0.040000000000000036,1.3245033112582794,True
E812,3.4899999999999998,3.4899999999999998,0.0,0.0,True
E813,3.06,3.06,0.0,0.0,True
E814,2.42,2.42,0.64,26.446280991735538,False
E815,2.65,2.65,3.3,124.52830188679246,False
E816,1.69,1.69,1.92,113.6094674556213,False
E817,2.82,2.82,3.36,119.14893617021278,False
E818,2.21,2.21,0.0,0.0,True
E819,1.38,1.38,0.0,0.0,True
E82,10.79,10.79,3.699999999999999,34.29101019462465,False
E820,6.4399999999999995,6.4399999999999995,0.0,0.0,True
E821,7.12,4.76,6.1,85.67415730337079,False
E822,5.880000000000001,5.880000000000001,3.16,53.74149659863945,False
E823,0.48,0.48,0.0,0.0,True
E824,3.9400000000000004,3.94,4.24,107.61421319796953,False
E825,1.29,1.29,0.0,0.0,True
E826,1.9,1.9,0.0,0.0,True
E827,5.52,5.52,0.08000000000000007,1.449275362318842,True
E828,4.04,4.04,0.0,0.0,True
E829,1.16,1.16,0.0,0.0,True
E83,1.83,1.83,0.0,0.0,True
E830,3.33,3.33,2.12,63.66366366366366,False
E831,15.17,15.17,2.6200000000000006,17.27092946605142,True
E832,1.38,1.38,0.0,0.0,True
E833,5.279999999999999,5.279999999999999,0.0,0.0,True
E834,1.62,1.62,0.0,0.0,True
E835,2.43,2.43,0.0,0.0,True
E836,0.67,0.67,0.0,0.0,True
E837,1.8,1.8,0.0,0.0,True
E838,3.1399999999999997,3.1399999999999997,0.0,0.0,True
E839,7.46,7.46,0.0,0.0,True
E84,4.57,4.57,4.9,107.22100656455143,False
E840,1.79,1.79,0.0,0.0,True
E841,1.97,1.97,0.0,0.0,True
E842,5.34,5.34,1.0,18.726591760299627,True
E843,8.100000000000001,8.1,11.879999999999999,146.66666666666663,False
E844,1.2500000000000002,1.25,0.82,65.6,False
E845,6.3100000000000005,6.31,1.479999999999999,23.454833597464326,False
E846,2.9699999999999998,2.9699999999999998,5.9399999999999995,200.00000000000003,False
E847,1.73,1.73,3.46,200.0,False
E848,3.75,3.75,1.4,37.333333333333336,False
E849,8.95,8.95,0.0,0.0,True
E85,2.41,2.41,0.0,0.0,True
E850,5.67,5.16,4.63,81.65784832451499,False
E851,2.7199999999999998,2.7199999999999998,0.0,0.0,True
E852,4.04,4.04,0.28000000000000014,6.930693069306934,True
E853,3.95,3.95,0.0,0.0,True
E854,4.9399999999999995,4.54,4.640000000000001,93.9271255060729,False
E855,5.77,5.77,4.28,74.17677642980937,False
E856,7.16,7.16,0.0,0.0,True
E857,10.65,10.65,0.4200000000000008,3.943661971830994,True
E858,17.14,17.14,5.680000000000001,33.138856476079354,False
E859,2.59,2.59,0.0,0.0,True
E86,3.68,3.68,0.0,0.0,True
E860,5.56,5.5600000000000005,5.800000000000001,104.31654676258995,False
E861,2.58,2.58,1.92,74.4186046511628,False
E862,8.02,8.02,6.26,78.05486284289277,False
E863,3.21,3.21,0.0,0.0,True
E864,2.48,2.48,0.0,0.0,True
E865,9.27,9.27,0.0,0.0,True
E866,3.06,3.06,2.22,72.54901960784315,False
E867,16.93,16.93,12.919999999999998,76.31423508564677,False
E868,3.17,3.17,6.34,200.0,False
E869,15.43,15.43,0.0,0.0,True
E87,2.88,2.88,0.0,0.0,True
E870,10.66,10.66,0.0,0.0,True
E871,9.190000000000001,8.98,8.870000000000001,96.51795429815016,False
E872,1.56,1.56,1.6400000000000001,105.12820512820512,False
E873,1.47,1.47,0.44,29.931972789115648,False
E874,2.01,2.01,0.0,0.0,True
E875,5.069999999999999,5.069999999999999,2.3999999999999995,47.33727810650887,False
E876,1.11,1.11,0.0,0.0,True
E877,1.51,1.51,0.0,0.0,True
E878,2.1,2.1,0.0,0.0,True
E879,6.859999999999999,6.859999999999999,0.0,0.0,True
E88,1.8900000000000001,1.8900000000000001,1.22,64.55026455026454,False
E880,2.7600000000000002,2.7600000000000002,0.0,0.0,True
E881,1.2,1.2,0.0,0.0,True
E882,4.21,4.21,0.0,0.0,True
E883,12.09,12.09,4.000000000000002,33.08519437551697,False
E884,9.07,9.07,0.7399999999999992,8.158765159867686,True
E885,5.5200000000000005,5.5200000000000005,0.0,0.0,True
E886,5.74,4.9,3.7600000000000002,65.50522648083623,False
E887,1.42,1.42,0.76,53.521126760563384,False
E888,2.2399999999999998,2.2399999999999998,1.18,52.67857142857143,False
E889,5.09,5.09,2.72,53.43811394891945,False
E89,3.8,3.8,0.0,0.0,True
E890,6.35,6.3500000000000005,8.02,126.2992125984252,False
E891,2.17,2.17,0.0,0.0,True
E892,1.05,1.05,0.0,0.0,True
E893,1.52,1.52,0.0,0.0,True
E894,1.9300000000000002,1.9300000000000002,0.0,0.0,True
E895,2.3499999999999996,2.3499999999999996,1.4,59.57446808510639,False
E896,1.33,1.33,0.0,0.0,True
E897,1.41,1.41,0.0,0.0,True
E898,2.91,2.91,0.0,0.0,True
E899,1.3,1.3,0.0,0.0,True
E9,17.75,9.98,9.25,52.11267605633803,False
E90,1.01,1.01,0.0,0.0,True
E900,7.27,7.27,0.0,0.0,True
E901,4.25,4.25,0.0,0.0,True
E902,4.57,4.57,3.58,78.33698030634572,False
E903,4.6,4.6,1.32,28.695652173913047,False
E904,0.79,0.79,0.0,0.0,True
E905,2.6799999999999997,2.6799999999999997,1.44,53.73134328358209,False
E906,1.97,1.97,0.0,0.0,True
E907,2.44,2.44,0.0,0.0,True
E908,5.13,5.13,1.6800000000000004,32.74853801169591,False
E909,2.12,2.12,0.0,0.0,True
E91,11.350000000000001,11.350000000000001,3.740000000000001,32.95154185022027,False
E910,3.37,3.37,0.44,13.056379821958457,True
E911,4.52,4.52,0.0,0.0,True
E912,7.200000000000001,7.200000000000001,1.7999999999999998,24.999999999999993,False
E913,3.97,3.97,0.0,0.0,True
E914,4.93,4.93,2.3,46.65314401622718,False
E915,5.25,5.25,0.0,0.0,True
E916,2.52,2.52,0.0,0.0,True
E917,4.9,4.9,0.02000000000000024,0.4081632653061273,True
E918,12.610000000000001,11.399999999999999,1.729999999999998,13.719270420301331,True
E919,1.87,1.87,0.0,0.0,True
E92,15.7,15.7,13.36,85.09554140127389,False
E920,2.63,2.63,1.8800000000000001,71.48288973384031,False
E921,2.34,2.34,0.02000000000000024,0.854700854700865,True
E923,0.37,0.37,0.0,0.0,True
E924,7.3100000000000005,7.3100000000000005,0.3200000000000002,4.377564979480166,True
E925,8.08,8.08,0.04000000000000048,0.495049504950501,True
E926,2.09,2.09,0.0,0.0,True
E927,2.81,2.81,0.0,0.0,True
E928,2.75,2.75,0.0,0.0,True
E929,1.54,1.54,0.0,0.0,True
E93,3.9200000000000004,3.92,4.440892098500626e-16,1.1328806373726086e-14,True
E930,9.11,9.11,7.98,87.596048298573,False
E931,7.53,7.53,0.0,0.0,True
E932,1.85,1.85,0.3400000000000002,18.37837837837839,True
E933,8.33,8.33,8.58,103.00120048019208,False
E934,12.77,12.77,2.4400000000000004,19.10728269381363,True
E935,2.95,2.95,0.0,0.0,True
E936,6.8100000000000005,6.8100000000000005,0.43999999999999995,6.46108663729809,True
E937,2.73,2.73,0.0,0.0,True
E938,2.3,2.3,0.0,0.0,True
E939,2.54,2.54,2.2800000000000002,89.76377952755907,False
E94,7.5200000000000005,7.5200000000000005,0.0,0.0,True
E940,6.05,6.05,6.22,102.80991735537191,False
E941,0.53,0.53,0.0,0.0,True
E942,8.83,8.83,1.72,19.479048697621742,True
E943,7.74,7.739999999999999,13.299999999999999,171.83462532299743,False
E944,7.130000000000001,7.130000000000001,0.0,0.0,True
E945,1.8599999999999999,1.8599999999999999,0.0,0.0,True
E946,4.4,4.4,0.0,0.0,True
E947,2.59,2.59,0.0,0.0,True
E949,10.32,10.32,9.760000000000002,94.57364341085272,False
E95,13.92,13.65,9.170000000000002,65.87643678160921,False
E950,9.25,9.25,0.9400000000000008,10.162162162162172,True
E951,0.77,0.77,0.0,0.0,True
E952,2.1300000000000003,2.1300000000000003,0.0,0.0,True
E953,10.26,10.26,0.0,0.0,True
E954,9.89,9.89,12.26,123.96359959555106,False
E955,2.71,2.71,0.0,0.0,True
E956,1.3599999999999999,1.3599999999999999,0.0,0.0,True
E957,3.54,3.54,0.0,0.0,True
E958,2.2,2.2,0.0,0.0,True
E959,5.84,5.84,0.0,0.0,True
E96,8.74,8.74,4.9,56.06407322654463,False
E960,8.83,8.83,9.56,108.26727066817666,False
E961,0.11,0.11,0.0,0.0,True
E962,3.02,3.02,0.0,0.0,True
E963,1.37,1.37,0.0,0.0,True
E964,2.4800000000000004,2.4800000000000004,0.48000000000000004,19.35483870967742,True
E965,0.79,0.79,0.0,0.0,True
E966,3.94,3.94,0.0,0.0,True
E967,1.35,1.35,0.0,0.0,True
E968,3.35,3.35,1.38,41.19402985074627,False
E969,4.15,4.15,0.0,0.0,True
E97,10.33,10.329999999999998,0.36000000000000043,3.484995159728949,True
E970,2.0300000000000002,2.0300000000000002,0.0,0.0,True
E971,1.0,1.0,0.0,0.0,True
E972,5.42,5.42,10.84,200.0,False
E973,4.38,3.99,6.25,142.69406392694063,False
E974,7.890000000000001,7.890000000000001,4.140000000000001,52.47148288973384,False
E975,3.5,3.5,0.0,0.0,True
E976,2.96,2.96,0.15999999999999986,5.405405405405401,True
E977,4.65,4.65,0.0,0.0,True
E978,2.22,2.22,0.0,0.0,True
E979,8.72,8.72,6.14,70.41284403669724,False
E98,7.859999999999999,7.86,1.6600000000000006,21.119592875318077,False
E980,2.7,2.7,0.0,0.0,True
E981,6.02,6.02,0.0,0.0,True
E982,3.52,3.52,0.0,0.0,True
E983,12.48,12.48,14.360000000000001,115.06410256410258,False
E984,1.28,1.28,2.56,200.0,False
E985,8.05,8.05,0.0,0.0,True
E986,5.12,5.12,0.0,0.0,True
E987,2.86,2.86,5.72,200.0,False
E988,6.410000000000001,6.410000000000001,0.0,0.0,True
E989,4.26,4.26,0.0,0.0,True
E99,3.44,3.44,0.0,0.0,True
E990,13.76,13.76,0.0,0.0,True
E991,6.98,6.98,6.380000000000001,91.40401146131806,False
E992,1.84,1.8399999999999999,3.6799999999999997,200.0,False
E993,0.9299999999999999,0.9299999999999999,0.0,0.0,True
E994,74.38,74.37999999999998,135.06,181.58107018015596,False
E995,2.1799999999999997,2.1799999999999997,4.359999999999999,200.0,False
E996,7.65,7.65,0.0,0.0,True
E997,11.57,11.57,12.14,104.92653414001728,False
E998,8.239999999999998,8.239999999999998,0.16000000000000014,1.941747572815536,True
E999,0.6799999999999999,0.6799999999999999,0.0,0.0,True
