farm,observed_ha,simulated_ha,abs_deviation_ha,pad_pct,within_threshold
E1,8.34,8.34,0.0,0.0,True
E10,9.700000000000001,9.700000000000001,2.88,29.690721649484534,False
E100,14.169999999999998,14.17,28.34,200.00000000000003,False
E1000,7.7700000000000005,7.7700000000000005,0.0,0.0,True
E1001,1.46,1.46,0.0,0.0,True
E1002,12.41,12.41,3.16,25.46333601933924,False
E1003,4.92,4.92,0.8600000000000003,17.47967479674797,True
E1004,2.98,2.98,5.6,187.91946308724832,False
E1005,6.4,6.4,0.5200000000000007,8.12500000000001,True
E1006,5.03,5.03,0.0,0.0,True
E1007,5.83,5.83,11.66,200.0,False
E1008,6.199999999999999,6.199999999999999,0.0,0.0,True
E1009,1.9300000000000002,1.9300000000000002,0.0,0.0,True
E101,11.11,11.11,14.059999999999999,126.55265526552654,False
E1010,5.67,5.67,8.34,147.0899470899471,False
E1011,2.7800000000000002,2.7800000000000002,5.5600000000000005,199.99999999999997,False
E1012,910.99,910.99,14.35999999999995,1.5763070944796265,True
E1013,5.43,5.43,0.5199999999999998,9.576427255985264,True
E1014,0.28,0.28,0.0,0.0,True
E1015,11.54,11.54,1.8599999999999999,16.11785095320624,True
E1016,5.9,5.9,0.76,12.88135593220339,True
E1017,8.159999999999998,8.16,10.18,124.75490196078434,False
E1018,6.73,6.140000000000001,4.3100000000000005,64.04160475482912,False
E1019,10.53,10.530000000000001,15.02,142.64007597340932,False
E102,2.13,2.13,0.0,0.0,True
E1020,13.29,13.290000000000001,12.280000000000001,92.40030097817909,False
E1021,3.13,3.13,0.0,0.0,True
E1022,1.61,1.61,0.0,0.0,True
E1023,6.3500000000000005,6.3500000000000005,0.0,0.0,True
E1024,6.86,6.86,13.2,192.41982507288628,False
E1025,2.63,2.63,0.0,0.0,True
E1026,7.03,7.030000000000001,6.880000000000001,97.86628733997156,False
E1027,17.04,17.04,20.02,117.48826291079813,False
E1028,2.72,2.7199999999999998,2.6599999999999997,97.7941176470588,False
E1029,7.08,7.08,0.0,0.0,True
E103,4.3100000000000005,4.31,0.8800000000000003,20.41763341067286,False
E1030,0.85,0.85,0.0,0.0,True
E1031,8.92,8.92,4.879999999999999,54.70852017937219,False
E1032,2.02,2.02,0.0,0.0,True
E1033,2.73,2.73,0.0,0.0,True
E1034,7.86,7.86,0.0,0.0,True
E1035,7.72,7.72,3.1799999999999993,41.19170984455958,False
E1036,206.32000000000002,206.07999999999998,26.760000000000016,12.970143466459874,True
E1037,6.4,6.4,0.0,0.0,True
E1038,6.68,6.68,0.0,0.0,True
E1039,7.65,7.65,0.0,0.0,True
E104,12.66,12.66,1.6399999999999995,12.954186413902049,True
E1040,6.65,6.65,1.2400000000000002,18.646616541353385,True
E1041,11.64,11.64,6.22,53.43642611683848,False
E1042,11.29,11.29,0.5000000000000001,4.428697962798939,True
E1043,7.79,7.79,2.14,27.471116816431323,False
E1044,2.14,2.14,0.0,0.0,True
E1045,6.58,6.58,0.7,10.638297872340425,True
E1046,0.98,0.98,0.0,0.0,True
E1047,9.68,9.68,0.92,9.50413223140496,True
E1048,7.56,7.56,14.379999999999999,190.21164021164023,False
E1049,1.9300000000000002,1.9300000000000002,0.0,0.0,True
E105,14.18,14.18,9.4,66.29055007052186,False
E1050,7.779999999999999,7.779999999999999,5.58,71.72236503856041,False
E1051,1.3399999999999999,1.3399999999999999,0.0,0.0,True
E1052,2.2600000000000002,2.2600000000000002,0.0,0.0,True
E1053,15.950000000000001,15.950000000000001,1.7800000000000007,11.159874608150472,True
E1054,68.12,68.12,117.66,172.72460364063417,False
E1055,21.98,21.98,0.9600000000000004,4.367606915377618,True
E1056,2.73,2.73,0.0,0.0,True
E1057,8.06,8.06,16.119999999999997,199.99999999999997,False
E1058,7.6499999999999995,7.65,1.2600000000000002,16.470588235294123,True
E1059,3.2899999999999996,3.29,0.2799999999999997,8.510638297872331,True
E106,7.8100000000000005,7.81,1.9599999999999995,25.096030729833537,False
E1060,13.61,13.61,0.6799999999999997,4.996326230712709,True
E1061,3.3699999999999997,3.37,0.1399999999999994,4.154302670623128,True
E1062,3.85,3.85,0.0,0.0,True
E1063,1.56,1.56,0.0,0.0,True
E1064,3.93,3.93,0.0,0.0,True
E1065,8.71,8.71,0.12,1.377726750861079,True
E1066,2.58,2.58,4.86,188.37209302325584,False
E1067,7.37,6.98,2.4700000000000006,33.514246947082775,False
E1068,9.46,9.46,7.6,80.33826638477801,False
E1069,2.66,2.66,0.0,0.0,True
E107,5.06,5.0600000000000005,0.5800000000000005,11.462450592885386,True
E1070,7.85,7.85,0.0,0.0,True
E1071,3.32,3.32,0.0,0.0,True
E1072,3.45,3.45,0.54,15.652173913043477,True
E1073,7.53,7.53,0.0,0.0,True
E1074,1.9900000000000002,1.9900000000000002,2.18,109.54773869346734,False
E1075,4.2700000000000005,4.2700000000000005,0.1400000000000003,3.2786885245901702,True
E1076,1.78,1.78,0.0,0.0,True
E1077,3.97,3.97,1.2800000000000002,32.24181360201512,False
E1078,3.48,3.4800000000000004,0.6000000000000003,17.241379310344836,True
E1079,10.19,10.190000000000001,1.52,14.91658488714426,True
E108,6.65,6.6499999999999995,4.059999999999999,61.05263157894735,False
E1080,3.0,3.0,0.6399999999999999,21.333333333333332,False
E1081,3.08,3.08,2.8,90.9090909090909,False
E1082,7.6899999999999995,7.6899999999999995,0.98,12.743823146944084,True
E1083,8.579999999999998,8.579999999999998,1.0199999999999996,11.888111888111885,True
E1084,3.2800000000000002,3.2800000000000002,0.08000000000000007,2.4390243902439046,True
E1085,5.48,5.48,1.56,28.467153284671532,False
E1086,1.53,1.53,0.0,0.0,True
E1087,7.1899999999999995,7.1899999999999995,0.0,0.0,True
E1088,3.0,3.0,0.3799999999999999,12.666666666666663,True
E1089,5.55,5.55,1.04,18.73873873873874,True
E109,9.02,9.02,6.299999999999999,69.84478935698446,False
E1090,1.45,1.45,0.0,0.0,True
E1091,4.029999999999999,4.03,6.4399999999999995,159.80148883374693,False
E1092,4.9399999999999995,4.9399999999999995,1.12,22.67206477732794,False
E1093,8.01,8.01,4.720000000000001,58.9263420724095,False
E1094,1.59,1.59,0.0,0.0,True
E1095,1.85,1.85,0.0,0.0,True
E1096,6.29,6.29,0.0,0.0,True
E1097,2.4699999999999998,2.4699999999999998,0.0,0.0,True
E1098,4.53,4.529999999999999,0.48,10.596026490066224,True
E1099,1.77,1.77,0.0,0.0,True
E11,11.48,11.48,0.0,0.0,True
E110,8.92,8.92,0.5999999999999999,6.726457399103137,True
E1100,13.0,13.0,0.0,0.0,True
E1101,2.42,2.42,2.8599999999999994,118.18181818181816,False
E1102,2.09,2.09,0.0,0.0,True
E1103,4.28,4.279999999999999,1.8999999999999997,44.392523364485974,False
E1104,2.44,2.44,0.0,0.0,True
E1105,2.46,2.46,0.0,0.0,True
E1106,2.36,2.36,0.0,0.0,True
E1107,3.13,3.13,0.72,23.003194888178914,False
E1108,2.25,2.25,4.5,200.0,False
E1109,9.89,9.89,1.5400000000000005,15.571284125379176,True
E111,4.1,4.1,0.0,0.0,True
E1110,3.83,3.8299999999999996,1.5999999999999999,41.775456919060055,False
E1111,1.18,1.18,0.37999999999999995,32.20338983050847,False
E1112,56.41,56.41,109.16,193.5117886899486,False
E1113,1.22,1.22,0.0,0.0,True
E1114,1.31,1.31,0.9199999999999999,70.22900763358778,False
E1115,2.1,2.1,0.0,0.0,True
E1116,3.64,3.64,1.12,30.769230769230774,False
E1117,1.0,1.0,0.0,0.0,True
E1118,5.9399999999999995,5.9399999999999995,1.3599999999999999,22.895622895622896,False
E1119,6.4399999999999995,6.4399999999999995,1.58,24.534161490683232,False
E112,10.069999999999999,10.07,1.0600000000000007,10.526315789473692,True
E1120,6.5,6.5,4.579999999999999,70.46153846153845,False
E1121,3.74,3.74,0.2599999999999998,6.951871657754005,True
E1122,5.68,5.68,3.5599999999999996,62.67605633802816,False
E1123,4.46,4.46,0.0,0.0,True
E1124,2.6,2.6,1.42,54.61538461538461,False
E1125,5.8100000000000005,5.8100000000000005,6.12,105.33562822719448,False
E1126,0.67,0.67,0.0,0.0,True
E1127,2.18,2.18,1.1,50.45871559633028,False
E1128,6.109999999999999,6.109999999999999,0.0,0.0,True
E1129,11.77,11.66,23.43,199.06542056074767,False
E113,6.88,6.88,13.76,200.0,False
E1130,1.53,1.53,0.0,0.0,True
E1131,6.970000000000001,6.970000000000001,10.040000000000001,144.04591104734578,False
E1132,17.73,17.729999999999997,3.660000000000001,20.6429780033841,False
E1133,3.1399999999999997,3.14,6.28,200.00000000000003,False
E1134,16.05,16.049999999999997,32.1,200.0,False
E1135,6.220000000000001,6.220000000000001,0.0,0.0,True
E1136,7.42,7.42,11.16,150.4043126684636,False
E1137,22.42,22.42,21.08,94.02319357716324,False
E1138,4.27,4.27,0.0,0.0,True
E1139,5.539999999999999,5.54,8.2,148.014440433213,False
E114,14.17,14.169999999999998,3.419999999999999,24.135497529992936,False
E1140,2.91,2.91,0.0,0.0,True
E1141,1.64,1.6400000000000001,3.28,200.0,False
E1142,15.280000000000001,15.280000000000001,0.0,0.0,True
E1143,2.2399999999999998,2.2399999999999998,1.6599999999999997,74.10714285714285,False
E1144,15.29,15.29,18.0,117.72400261608895,False
E1145,4.279999999999999,4.279999999999999,0.0,0.0,True
E1146,5.49,5.49,3.3999999999999995,61.93078324225864,False
E1147,0.61,0.61,0.0,0.0,True
E1148,3.53,3.53,0.0,0.0,True
E1149,4.16,4.16,0.28000000000000014,6.730769230769234,True
E115,9.57,9.57,12.860000000000001,134.3782654127482,False
E1150,8.25,8.25,0.0,0.0,True
E1151,5.79,5.79,4.0,69.08462867012089,False
E1152,2.1799999999999997,2.18,0.8799999999999997,40.36697247706421,False
E1153,0.96,0.96,0.0,0.0,True
E1154,4.15,4.15,8.3,200.0,False
E1155,0.75,0.75,1.5,200.0,False
E1156,1.1600000000000001,1.1600000000000001,0.0,0.0,True
E1157,5.52,5.52,0.0,0.0,True
E1158,2.2199999999999998,2.2199999999999998,0.0,0.0,True
E1159,3.6399999999999997,3.6399999999999997,2.3599999999999994,64.83516483516483,False
E116,12.879999999999999,12.879999999999999,3.1799999999999997,24.68944099378882,False
E1160,22.75,22.75,45.5,200.0,False
E1161,2.93,2.93,2.72,92.83276450511944,False
E1162,1.67,1.6700000000000002,3.34,200.0,False
E1163,2.71,2.71,0.0,0.0,True
E1164,3.0100000000000002,3.0100000000000002,0.6200000000000001,20.598006644518275,False
E1165,2.18,2.18,0.0,0.0,True
E1166,7.17,7.17,0.7199999999999993,10.041841004184091,True
E1167,3.3,3.3,3.16,95.75757575757576,False
E1168,3.7,3.7,5.5600000000000005,150.27027027027026,False
E1169,7.91,7.91,8.58,108.47029077117573,False
E117,10.99,10.99,2.0199999999999996,18.380345768880794,True
E1170,1.23,1.23,0.0,0.0,True
E1171,1.02,1.02,0.0,0.0,True
E1172,4.63,4.63,0.2599999999999998,5.615550755939521,True
E1173,1.95,1.95,0.0,0.0,True
E1174,3.24,3.24,0.05999999999999983,1.8518518518518465,True
E1175,2.58,2.58,0.56,21.70542635658915,False
E1176,1.2,1.2,1.04,86.66666666666667,False
E1177,2.7399999999999998,2.7399999999999998,0.0,0.0,True
E1178,0.88,0.88,0.74,84.0909090909091,False
E1179,4.39,4.39,0.0,0.0,True
E118,3.08,3.08,0.20000000000000012,6.493506493506497,True
E1180,1.54,1.54,0.0,0.0,True
E1181,7.239999999999999,7.24,8.68,119.88950276243095,False
E1182,0.7,0.7,0.0,0.0,True
E1183,4.800000000000001,4.800000000000001,0.0,0.0,True
E1184,15.42,15.42,0.0,0.0,True
E1185,6.89,6.890000000000001,2.2999999999999994,33.381712626995636,False
E1186,3.4000000000000004,3.4000000000000004,0.4000000000000002,11.764705882352946,True
E1187,2.68,2.68,5.36,200.0,False
E1188,1.14,1.14,0.0,0.0,True
E1189,10.940000000000001,10.94,7.26,66.36197440585008,False
E119,7.7700000000000005,7.7700000000000005,0.0,0.0,True
E1190,6.140000000000001,6.140000000000001,0.0,0.0,True
E1191,14.21,14.21,2.4799999999999995,17.452498240675574,True
E1192,3.14,3.1399999999999997,0.9799999999999998,31.210191082802538,False
E1193,4.529999999999999,4.529999999999999,0.14000000000000057,3.090507726269329,True
E1194,2.77,2.77,0.0,0.0,True
E1195,1.17,1.17,0.0,0.0,True
E1196,1.19,1.19,0.0,0.0,True
E1197,10.340000000000002,10.34,0.759999999999999,7.3500967117988285,True
E1198,5.01,5.01,2.76,55.08982035928144,False
E1199,6.34,6.340000000000001,4.100000000000001,64.66876971608835,False
E12,3.79,3.79,0.0,0.0,True
E120,6.54,6.54,1.1,16.81957186544343,True
E1200,4.7299999999999995,4.73,9.180000000000001,194.0803382663848,False
E1201,6.38,6.38,0.1599999999999998,2.5078369905956084,True
E1202,1.32,1.32,0.0,0.0,True
E1203,1.9100000000000001,1.91,0.40000000000000013,20.942408376963357,False
E1204,6.359999999999999,6.36,12.72,200.00000000000003,False
E1205,0.21,0.21,0.0,0.0,True
E1206,6.9,6.9,0.0,0.0,True
E1207,3.16,3.16,0.0,0.0,True
E1209,1.85,1.85,0.0,0.0,True
E121,5.77,5.7700000000000005,0.33999999999999997,5.892547660311958,True
E1210,1.8499999999999999,1.8499999999999999,0.0,0.0,True
E1211,1.56,1.56,0.0,0.0,True
E1212,3.55,3.55,0.0,0.0,True
E1213,5.13,5.13,5.699999999999999,111.11111111111109,False
E1214,1.57,1.57,0.0,0.0,True
E1215,0.84,0.84,0.0,0.0,True
E1216,19.119999999999997,19.12,34.94,182.74058577405862,False
E1217,55.35,55.35000000000001,7.0399999999999965,12.719060523938566,True
E1218,1.6,1.6,0.0,0.0,True
E1219,3.6,3.6,0.0,0.0,True
E122,7.01,7.01,3.8200000000000003,54.49358059914408,False
E1220,19.62,19.62,39.24,200.0,False
E1221,8.78,8.78,0.0,0.0,True
E1222,1.78,1.78,0.0,0.0,True
E1223,9.559999999999999,9.56,19.12,200.00000000000003,False
E1224,1.41,1.41,0.0,0.0,True
E1225,1.8399999999999999,1.8399999999999999,0.0,0.0,True
E1226,1.26,1.26,0.0,0.0,True
E1227,9.979999999999999,9.979999999999999,0.72,7.214428857715432,True
E1228,7.319999999999999,7.319999999999999,12.159999999999998,166.12021857923494,False
E1229,1.89,1.89,0.0,0.0,True
E123,187.6,187.6,274.53999999999996,146.34328358208953,False
E1230,1.25,1.25,0.0,0.0,True
E1231,3.64,3.64,0.0,0.0,True
E1232,21.419999999999998,21.42,10.599999999999998,49.48646125116713,False
E1233,8.06,8.06,0.0,0.0,True
E1234,1.28,1.28,0.0,0.0,True
E1235,2.38,2.38,0.0,0.0,True
E1236,2.07,2.07,0.0,0.0,True
E1237,7.91,7.91,1.0599999999999992,13.400758533501886,True
E1238,2.7800000000000002,2.7800000000000002,0.0,0.0,True
E1239,1.96,1.96,0.0,0.0,True
E124,3.4800000000000004,3.48,0.5599999999999998,16.0919540229885,True
E1240,2.2199999999999998,2.2199999999999998,1.3599999999999999,61.26126126126127,False
E1241,0.55,0.55,0.0,0.0,True
E1242,3.72,3.72,0.0,0.0,True
E1243,10.940000000000001,10.94,7.540000000000001,68.92138939670933,False
E1244,3.04,3.04,0.0,0.0,True
E1245,2.1,2.1,0.0,0.0,True
E1246,5.65,5.65,0.0,0.0,True
E1247,5.94,5.9399999999999995,3.92,65.993265993266,False
E1248,1.12,1.12,0.0,0.0,True
E1249,4.4,4.4,0.0,0.0,True
E125,13.629999999999999,13.629999999999999,2.74,20.102714600146737,False
E1250,2.98,2.98,4.34,145.63758389261744,False
E1251,3.04,3.04,0.0,0.0,True
E1252,2.2,2.2,0.0,0.0,True
E1253,1.74,1.74,0.0,0.0,True
E1254,5.9399999999999995,5.9399999999999995,0.0,0.0,True
E1255,6.34,6.34,2.3600000000000003,37.22397476340694,False
E1256,6.18,6.18,0.6599999999999997,10.679611650485432,True
E1257,1.52,1.52,1.7399999999999998,114.4736842105263,False
E1258,7.16,7.16,0.2800000000000006,3.9106145251396724,True
E1259,1.42,1.42,0.0,0.0,True
E126,4.0,4.0,0.0,0.0,True
E1260,4.22,4.22,0.08000000000000007,1.8957345971564,True
E1261,15.11,15.11,3.02,19.9867637326274,True
E1262,1.13,1.13,0.0,0.0,True
E1263,13.41,13.41,3.7199999999999993,27.740492170022367,False
E1264,2.86,2.86,2.38,83.21678321678323,False
E1265,6.31,6.31,0.0,0.0,True
E1266,6.04,6.04,3.8199999999999994,63.245033112582774,False
E1267,7.61,7.61,6.0600000000000005,79.63206307490144,False
E1268,1.22,1.22,0.0,0.0,True
E1269,2.84,2.84,0.0,0.0,True
E127,1.87,1.87,0.5800000000000001,31.016042780748666,False
E1270,2.27,2.27,0.0,0.0,True
E1271,12.100000000000001,12.1,6.18,51.07438016528925,False
E1272,2.19,2.19,1.42,64.84018264840182,False
E1273,19.87,19.87,0.0,0.0,True
E1274,7.53,7.53,1.5600000000000005,20.717131474103592,False
E1276,1.04,1.04,0.0,0.0,True
E1277,7.89,7.89,0.5999999999999999,7.604562737642584,True
E1278,6.13,6.13,0.0,0.0,True
E1279,4.0,4.0,5.22,130.5,False
E128,0.8,0.7999999999999999,0.52,65.0,False
E1280,2.57,2.57,0.0,0.0,True
E1281,1.78,1.78,0.0,0.0,True
E1282,3.1900000000000004,3.19,0.3400000000000004,10.65830721003136,True
E1283,1.43,1.43,0.0,0.0,True
E1284,6.760000000000001,6.76,9.120000000000001,134.9112426035503,False
E1285,1.79,1.79,0.0,0.0,True
E1286,1.58,1.58,0.41999999999999993,26.582278481012654,False
E1287,1.01,1.01,0.0,0.0,True
E1288,3.8,3.8,0.0,0.0,True
E1289,2.29,2.29,2.5599999999999996,111.79039301310043,False
E129,5.77,5.77,0.9200000000000002,15.94454072790295,True
E1290,1.46,1.46,0.0,0.0,True
E1291,6.49,6.49,0.0,0.0,True
E1292,1.3,1.3,0.0,0.0,True
E1293,0.47,0.47,0.0,0.0,True
E1294,2.05,2.05,0.18000000000000005,8.780487804878051,True
E1295,3.5,3.5,0.3999999999999997,11.42857142857142,True
E1296,3.42,3.42,0.0,0.0,True
E1297,0.44,0.44,0.0,0.0,True
E1298,0.69,0.69,0.0,0.0,True
E1299,1.21,1.21,0.10000000000000003,8.264462809917358,True
E13,8.39,8.39,3.0399999999999996,36.23361144219308,False
E130,3.25,3.25,0.54,16.615384615384617,True
E1300,1.6,1.5999999999999999,0.6599999999999999,41.249999999999986,False
E1301,7.78,7.779999999999999,0.6200000000000006,7.969151670951164,True
E1302,5.4,5.3999999999999995,3.96,73.33333333333333,False
E1303,14.63,14.63,0.6200000000000006,4.2378673957621364,True
E1304,7.67,7.67,11.3,147.32724902216427,False
E1305,9.870000000000001,9.870000000000001,0.0,0.0,True
E1306,7.77,7.77,0.0,0.0,True
E1307,1.4,1.4,0.0,0.0,True
E1308,0.69,0.69,0.0,0.0,True
E1309,1.54,1.54,0.0,0.0,True
E131,8.1,8.1,4.32,53.333333333333336,False
E1310,0.67,0.67,0.0,0.0,True
E1311,1.4100000000000001,1.4100000000000001,0.0,0.0,True
E1312,1.52,1.52,0.28,18.42105263157895,True
E1313,0.9,0.9,0.0,0.0,True
E1314,6.6899999999999995,6.34,3.91,58.44544095665172,False
E1315,0.85,0.85,0.0,0.0,True
E1316,3.25,3.25,0.5199999999999998,15.999999999999993,True
E1317,1.44,1.44,0.0,0.0,True
E1318,1.12,1.12,0.0,0.0,True
E1319,5.01,5.01,0.5200000000000002,10.379241516966072,True
E132,6.17,6.17,1.8200000000000003,29.49756888168558,False
E1320,1.88,1.88,0.0,0.0,True
E1321,4.67,4.67,0.4399999999999997,9.421841541755883,True
E1322,0.79,0.79,0.0,0.0,True
E1323,1.1,1.1,0.0,0.0,True
E1324,5.609999999999999,5.609999999999999,4.9799999999999995,88.77005347593582,False
E1325,2.0,2.0,0.0,0.0,True
E1326,2.14,2.14,0.0,0.0,True
E1327,4.05,4.05,0.3599999999999997,8.888888888888882,True
E1328,1.1,1.1,0.0,0.0,True
E1329,6.510000000000001,6.510000000000001,3.0400000000000005,46.69738863287251,False
E133,16.12,16.12,1.6399999999999995,10.17369727047146,True
E1330,1.47,1.47,0.0,0.0,True
E1331,2.0700000000000003,2.0700000000000003,0.0,0.0,True
E1332,2.97,2.97,0.0,0.0,True
E1333,15.36,15.360000000000001,2.319999999999998,15.104166666666654,True
E1334,16.23,16.23,27.92,172.02711028958717,False
E1335,13.21,13.21,1.5999999999999999,12.112036336109007,True
E1336,16.39,16.39,3.04,18.547895057962172,True
E1337,9.43,9.43,0.0,0.0,True
E1338,7.51,7.509999999999999,9.299999999999999,123.83488681757655,False
E1339,6.34,6.34,0.08000000000000004,1.261829652996846,True
E134,6.2700000000000005,6.27,10.14,161.7224880382775,False
E1340,7.54,7.54,0.0,0.0,True
E1341,6.8,6.8,0.0,0.0,True
E1342,3.72,3.7199999999999998,7.0,188.17204301075267,False
E1343,8.18,8.18,0.0,0.0,True
E1344,7.13,7.13,0.0,0.0,True
E1345,7.1,7.1,0.45999999999999996,6.47887323943662,True
E1346,7.95,7.95,0.8999999999999999,11.32075471698113,True
E1347,14.44,14.44,3.4800000000000004,24.099722991689756,False
E1348,6.6000000000000005,6.6000000000000005,8.540000000000001,129.3939393939394,False
E1349,10.27,8.36,4.27,41.57740993184031,False
E135,7.31,7.3100000000000005,1.2399999999999993,16.963064295485626,True
E1350,9.91,9.91,1.0399999999999996,10.494450050454082,True
E1351,5.8500000000000005,5.8500000000000005,0.0,0.0,True
E1352,3.0399999999999996,3.0399999999999996,0.06,1.9736842105263162,True
E1353,7.9,7.9,1.1400000000000001,14.430379746835444,True
E1354,1.17,1.17,0.0,0.0,True
E1355,8.059999999999999,8.059999999999999,2.0199999999999996,25.06203473945409,False
E1356,1.85,1.85,0.96,51.89189189189189,False
E1357,2.14,2.1399999999999997,4.28,200.0,False
E1358,2.42,2.42,0.18000000000000016,7.438016528925626,True
E1359,8.43,8.43,0.9599999999999995,11.387900355871881,True
E136,9.35,9.35,13.32,142.45989304812835,False
E1360,1.9100000000000001,1.9100000000000001,0.0,0.0,True
E1361,1.66,1.66,0.0,0.0,True
E1362,4.93,4.93,0.0,0.0,True
E1363,2.55,2.55,0.19999999999999973,7.84313725490195,True
E1364,2.3,2.3,0.48,20.869565217391305,False
E1365,1.77,1.77,0.42000000000000015,23.72881355932204,False
E1366,3.09,3.09,0.45999999999999996,14.88673139158576,True
E1367,0.89,0.89,0.0,0.0,True
E1368,0.89,0.89,0.0,0.0,True
E1369,1.4100000000000001,1.4100000000000001,0.0,0.0,True
E137,6.49,6.49,0.0,0.0,True
E1370,4.109999999999999,4.109999999999999,0.0,0.0,True
E1371,19.29,19.29,27.14,140.69466044582686,False
E1372,1.79,1.79,0.0,0.0,True
E1373,7.43,7.43,0.0,0.0,True
E1374,11.9,11.9,0.0,0.0,True
E1375,8.510000000000002,8.51,3.54,41.59811985898941,False
E1376,1.35,1.35,0.0,0.0,True
E1377,5.93,5.930000000000001,0.7000000000000004,11.804384485666112,True
E1378,6.72,6.72,0.0,0.0,True
E1379,1.25,1.25,0.6200000000000001,49.60000000000001,False
E138,7.889999999999999,7.89,1.8799999999999994,23.8276299112801,False
E1380,4.85,4.85,0.0,0.0,True
E1381,12.31,12.31,0.0,0.0,True
E1382,2.7399999999999998,2.7399999999999998,5.4799999999999995,200.00000000000003,False
E1383,1.96,1.96,0.0,0.0,True
E1384,1.12,1.12,0.0,0.0,True
E1385,8.559999999999999,8.559999999999999,0.0,0.0,True
E1386,7.8100000000000005,7.8100000000000005,0.0,0.0,True
E1387,1.31,1.31,0.0,0.0,True
E1388,8.709999999999999,8.709999999999999,2.0,22.962112514351322,False
E1389,6.72,6.720000000000001,0.8199999999999992,12.20238095238094,True
E139,6.220000000000001,6.22,1.5199999999999996,24.43729903536976,False
E1390,8.35,8.350000000000001,14.86,177.96407185628743,False
E1391,1.96,1.96,0.08000000000000007,4.081632653061228,True
E1392,0.9800000000000001,0.9800000000000001,0.020000000000000018,2.040816326530614,True
E1393,2.44,2.44,0.020000000000000018,0.8196721311475418,True
E1394,5.609999999999999,5.609999999999999,0.7799999999999996,13.903743315508015,True
E1395,3.96,3.96,1.2800000000000002,32.32323232323233,False
E1396,1.24,1.24,0.64,51.612903225806456,False
E1397,0.61,0.61,0.0,0.0,True
E1398,2.0900000000000003,2.09,1.94,92.82296650717701,False
E1399,1.22,1.22,0.0,0.0,True
E14,1.44,1.44,0.0,0.0,True
E140,0.7000000000000001,0.7000000000000001,0.0,0.0,True
E1400,1.88,1.88,0.0,0.0,True
E1401,5.3,5.300000000000001,5.880000000000001,110.94339622641512,False
E1402,0.8700000000000001,0.8700000000000001,0.0,0.0,True
E1403,7.7,7.699999999999999,6.239999999999998,81.03896103896102,False
E1404,2.1399999999999997,2.1399999999999997,0.5,23.364485981308416,False
E1405,1.58,1.58,3.16,200.0,False
E1406,3.15,3.15,0.0,0.0,True
E1407,0.55,0.55,0.0,0.0,True
E1408,1.92,1.92,0.0,0.0,True
E1409,1.72,1.72,0.0,0.0,True
E141,7.9399999999999995,7.94,0.6399999999999995,8.060453400503771,True
E1410,1.31,1.31,0.0,0.0,True
E1411,5.21,5.21,1.86,35.700575815738965,False
E1412,7.98,7.98,0.0,0.0,True
E1413,2.7199999999999998,2.72,3.88,142.64705882352942,False
E1414,0.52,0.52,0.0,0.0,True
E1415,0.83,0.83,0.0,0.0,True
E1416,2.41,2.41,0.0,0.0,True
E1417,7.760000000000001,7.76,1.5000000000000004,19.3298969072165,True
E1418,10.0,10.0,0.0,0.0,True
E1419,5.2700000000000005,5.2700000000000005,8.3,157.49525616698293,False
E142,0.88,0.88,0.0,0.0,True
E1420,1.9600000000000002,1.96,0.07999999999999996,4.081632653061222,True
E1421,13.120000000000001,13.120000000000001,25.42,193.74999999999997,False
E1422,6.41,6.41,8.8,137.2854914196568,False
E1423,3.34,3.34,1.04,31.137724550898206,False
E1424,8.05,8.05,1.2599999999999998,15.652173913043473,True
E1425,2.51,2.51,0.0,0.0,True
E1426,8.66,8.66,0.0,0.0,True
E1427,7.24,7.24,0.0,0.0,True
E1428,9.93,9.93,0.8000000000000007,8.05639476334341,True
E1429,6.6000000000000005,6.6,11.9,180.30303030303028,False
E143,11.62,11.620000000000001,0.7399999999999993,6.368330464716001,True
E1430,7.550000000000001,7.550000000000001,0.7599999999999998,10.066225165562908,True
E1431,1.06,1.06,0.0,0.0,True
E1432,1.71,1.71,0.0,0.0,True
E1433,2.27,2.27,0.0,0.0,True
E1434,2.43,2.43,0.020000000000000018,0.8230452674897126,True
E1435,0.86,0.86,0.0,0.0,True
E1436,1.3599999999999999,1.3599999999999999,2.34,172.05882352941177,False
E1437,0.85,0.85,0.0,0.0,True
E1438,7.45,7.449999999999999,1.240000000000001,16.644295302013436,True
E1439,1.6,1.6,0.0,0.0,True
E144,6.720000000000001,6.72,0.7199999999999999,10.714285714285712,True
E1440,13.370000000000001,13.370000000000001,7.1,53.10396409872849,False
E1441,2.3,2.3,0.0,0.0,True
E1442,3.12,3.1199999999999997,0.3800000000000001,12.179487179487184,True
E1443,1.1,1.1,0.0,0.0,True
E1444,2.41,2.41,3.04,126.14107883817427,False
E1446,4.050000000000001,4.050000000000001,0.0,0.0,True
E1447,4.3500000000000005,4.3500000000000005,0.0,0.0,True
E1448,0.7,0.7,0.0,0.0,True
E1449,1.48,1.48,1.5,101.35135135135135,False
E145,2.32,2.32,0.37999999999999995,16.379310344827584,True
E1450,2.36,2.36,0.0,0.0,True
E1451,3.9699999999999998,3.9699999999999998,3.48,87.6574307304786,False
E1452,7.3,7.3,0.0,0.0,True
E1453,1.88,1.88,3.76,200.0,False
E1454,0.58,0.58,0.0,0.0,True
E1455,0.8500000000000001,0.8500000000000001,0.0,0.0,True
E1456,6.3100000000000005,6.31,7.08,112.20285261489698,False
E1457,3.6999999999999997,3.7,0.15999999999999964,4.324324324324315,True
E1458,1.89,1.89,0.3799999999999999,20.1058201058201,False
E1459,0.81,0.81,0.0,0.0,True
E146,11.530000000000001,11.530000000000001,0.1,0.8673026886383347,True
E1460,2.84,2.84,0.7999999999999999,28.169014084507044,False
E1461,3.12,3.12,1.1800000000000002,37.820512820512825,False
E1462,3.8899999999999997,3.8899999999999997,0.0,0.0,True
E1463,1.53,1.53,0.16,10.457516339869281,True
E1464,3.11,3.11,0.0,0.0,True
E1465,1.44,1.44,0.0,0.0,True
E1466,9.92,9.92,1.2000000000000006,12.096774193548393,True
E1467,1.9200000000000002,1.9200000000000002,0.0,0.0,True
E1468,16.279999999999998,16.28,26.880000000000003,165.11056511056518,False
E1469,7.33,7.33,13.7,186.9031377899045,False
E147,7.1,7.1000000000000005,0.36000000000000026,5.0704225352112715,True
E1470,1.5699999999999998,1.57,0.9600000000000001,61.14649681528664,False
E1472,3.23,3.23,5.32,164.7058823529412,False
E1473,4.29,4.29,0.0,0.0,True
E1474,2.05,2.05,0.0,0.0,True
E1475,4.27,4.27,0.0,0.0,True
E1476,7.26,7.26,14.52,200.0,False
E1477,0.84,0.84,0.0,0.0,True
E1478,7.05,7.050000000000001,1.1,15.602836879432626,True
E1479,6.34,6.34,0.0,0.0,True
E148,21.119999999999997,21.119999999999997,15.48,73.29545454545456,False
E1480,1.83,1.83,0.08000000000000007,4.371584699453556,True
E1481,0.65,0.65,0.0,0.0,True
E1482,1.78,1.78,0.0,0.0,True
E1483,7.54,7.539999999999999,4.199999999999999,55.70291777188328,False
E1484,2.94,2.94,0.0,0.0,True
E1485,111.61999999999999,111.61999999999999,4.3599999999999985,3.9061100161261413,True
E1486,62.25,62.25,0.7199999999999995,1.1566265060240957,True
E1487,27.79,27.79,0.5799999999999992,2.087081684059011,True
E1488,11.04,11.04,8.719999999999999,78.98550724637681,False
E1489,3.2399999999999998,3.24,0.6199999999999997,19.135802469135793,True
E149,1.48,1.48,0.05999999999999983,4.054054054054043,True
E1490,4.569999999999999,4.569999999999999,0.0,0.0,True
E1491,0.62,0.62,0.0,0.0,True
E1492,1.26,1.26,0.0,0.0,True
E1493,6.98,6.98,1.0400000000000005,14.899713467048716,True
E1494,11.479999999999999,11.48,0.900000000000001,7.8397212543554105,True
E1495,7.09,7.09,0.0,0.0,True
E1496,4.0,4.0,3.12,78.0,False
E1497,3.8400000000000003,3.8400000000000003,0.0,0.0,True
E1498,9.07,9.07,0.0,0.0,True
E1499,1.09,1.09,0.0,0.0,True
E15,3.01,2.52,2.01,66.77740863787375,False
E150,16.6,16.6,4.82,29.03614457831325,False
E1500,3.1,3.1,0.0,0.0,True
E1501,7.26,7.26,3.0,41.32231404958678,False
E1502,9.92,9.92,0.0,0.0,True
E1503,2.5,2.5,3.7199999999999998,148.8,False
E1504,1.3900000000000001,1.3900000000000001,2.7800000000000002,199.99999999999997,False
E1505,1.98,1.98,0.0,0.0,True
E1506,0.8799999999999999,0.8799999999999999,0.0,0.0,True
E1507,9.690000000000001,9.69,0.5999999999999996,6.19195046439628,True
E1508,1.92,1.92,0.0,0.0,True
E1509,4.699999999999999,4.7,2.54,54.04255319148937,False
E151,7.04,7.04,8.66,123.01136363636364,False
E1510,5.42,5.42,5.22,96.30996309963099,False
E1511,9.049999999999999,9.049999999999999,0.0,0.0,True
E1512,3.57,3.57,0.0,0.0,True
E1513,6.5600000000000005,6.5600000000000005,6.66,101.52439024390243,False
E1514,5.71,5.71,0.6199999999999997,10.858143607705774,True
E1515,14.950000000000001,14.950000000000001,8.639999999999999,57.79264214046822,False
E1516,1.0499999999999998,1.0499999999999998,0.0,0.0,True
E1517,12.4,12.4,1.0,8.064516129032258,True
E1518,18.11,18.110000000000003,1.819999999999998,10.049696300386517,True
E1519,1.93,1.93,0.0,0.0,True
E152,2.21,2.21,0.33999999999999986,15.384615384615378,True
E1520,5.77,5.77,0.0,0.0,True
E1521,1.55,1.55,0.0,0.0,True
E1522,1.1199999999999999,1.1199999999999999,0.0,0.0,True
E1523,2.62,2.62,0.0,0.0,True
E1524,4.12,4.12,0.19999999999999996,4.854368932038834,True
E1525,12.51,12.51,0.0,0.0,True
E1527,2.51,2.51,0.0,0.0,True
E1528,0.94,0.94,0.0,0.0,True
E1529,4.84,4.84,0.0,0.0,True
E153,6.53,6.529999999999999,2.999999999999999,45.941807044410396,False
E1530,2.13,2.13,0.0,0.0,True
E1531,181.54,181.54000000000002,2.2799999999999865,1.2559215599867724,True
E1532,1.0,1.0,0.0,0.0,True
E1533,0.41,0.41,0.0,0.0,True
E1534,1.9100000000000001,1.91,1.6000000000000003,83.76963350785341,False
E1535,4.61,4.609999999999999,1.2000000000000006,26.030368763557494,False
E1536,5.65,5.65,0.0,0.0,True
E1537,1.0,1.0,0.0,0.0,True
E1538,6.31,6.31,0.96,15.213946117274169,True
E1539,0.98,0.98,0.0,0.0,True
E154,2.83,2.83,1.0200000000000002,36.04240282685513,False
E1540,1.01,1.01,0.31999999999999995,31.68316831683168,False
E1541,10.91,10.23,13.32,122.08982584784601,False
E1542,4.52,4.52,6.76,149.55752212389382,False
E1543,2.66,2.66,1.7200000000000002,64.66165413533835,False
E1544,0.58,0.58,0.0,0.0,True
E1545,1.13,1.13,0.0,0.0,True
E1546,2.0700000000000003,2.0700000000000003,0.0,0.0,True
E1547,0.64,0.64,0.0,0.0,True
E1548,2.38,2.38,0.0,0.0,True
E1549,2.1799999999999997,2.1799999999999997,0.0,0.0,True
E155,7.83,7.83,2.72,34.73818646232439,False
E1550,1.71,1.71,0.14000000000000007,8.18713450292398,True
E1551,9.51,9.51,1.7200000000000006,18.086225026288123,True
E1552,7.53,7.53,13.88,184.3293492695883,False
E1553,4.61,4.61,0.0,0.0,True
E1554,2.97,2.97,0.0,0.0,True
E1555,7.01,7.01,0.0,0.0,True
E1556,3.53,3.53,0.0,0.0,True
E1557,9.77,9.77,5.02,51.381780962128964,False
E1558,6.94,6.94,13.88,200.0,False
E1559,2.59,2.59,0.0,0.0,True
E156,11.440000000000001,11.440000000000001,2.0199999999999996,17.65734265734265,True
E1560,6.7,6.7,0.09999999999999981,1.4925373134328328,True
E1561,2.21,2.21,0.0,0.0,True
E1562,0.98,0.98,0.0,0.0,True
E1563,2.45,2.45,0.09999999999999998,4.081632653061224,True
E1564,8.33,8.33,0.0,0.0,True
E1566,1.37,1.37,0.0,0.0,True
E1567,14.64,14.64,29.28,200.0,False
E1568,9.39,9.39,0.0,0.0,True
E1569,21.61,21.61,10.799999999999999,49.976862563627954,False
E157,2.9,2.9,0.7800000000000001,26.896551724137936,False
E1570,1.2,1.2,0.0,0.0,True
E1571,2.32,2.32,0.0,0.0,True
E1572,12.46,12.46,0.0,0.0,True
E1573,11.53,11.53,2.34,20.294882914137034,False
E1574,1.37,1.37,2.74,199.99999999999997,False
E1575,6.449999999999999,6.449999999999999,0.0,0.0,True
E1576,6.63,6.63,3.5,52.79034690799397,False
E1577,4.79,4.79,1.2000000000000002,25.052192066805848,False
E1578,5.78,5.78,0.0,0.0,True
E1579,5.630000000000001,5.630000000000001,0.28,4.9733570159857905,True
E158,1.79,1.79,0.0,0.0,True
E1580,2.92,2.92,0.0,0.0,True
E1581,1.67,1.67,0.0,0.0,True
E1582,5.18,5.18,0.98,18.91891891891892,True
E1583,0.97,0.97,0.0,0.0,True
E1584,2.19,2.19,0.4,18.264840182648403,True
E1585,7.7299999999999995,7.7299999999999995,0.0,0.0,True
E1586,1.21,1.21,0.11999999999999994,9.917355371900822,True
E1587,3.27,2.21,1.98,60.55045871559633,False
E1588,3.88,3.88,0.8600000000000001,22.16494845360825,False
E1589,11.03,11.03,1.0,9.066183136899365,True
E159,9.84,9.84,1.4200000000000004,14.430894308943092,True
E1590,0.58,0.58,0.0,0.0,True
E1591,4.23,4.2299999999999995,8.46,200.0,False
E1592,12.31,12.309999999999999,0.41999999999999904,3.4118602761982046,True
E1593,2.42,2.42,0.0,0.0,True
E1594,2.52,2.52,0.0,0.0,True
E1595,1.83,1.83,0.06000000000000005,3.2786885245901667,True
E1596,1.62,1.62,0.0,0.0,True
E1597,1.43,1.43,0.0,0.0,True
E1598,0.97,0.97,0.0,0.0,True
E1599,2.1900000000000004,2.1900000000000004,3.6400000000000006,166.21004566210044,False
E16,7.199999999999999,7.2,10.34,143.61111111111111,False
E160,12.290000000000001,12.290000000000001,21.040000000000003,171.19609438567943,False
E1600,0.5800000000000001,0.5800000000000001,0.0,0.0,True
E1601,2.95,2.95,0.0,0.0,True
E1602,6.27,6.27,11.52,183.73205741626796,False
E1603,6.2700000000000005,6.27,6.280000000000001,100.15948963317385,False
E1604,1.87,1.8699999999999999,2.96,158.28877005347593,False
E1605,5.35,5.35,7.82,146.16822429906543,False
E1606,1.65,1.65,0.06000000000000005,3.63636363636364,True
E1607,2.63,2.63,0.0,0.0,True
E1608,9.47,9.469999999999999,0.2200000000000012,2.3231256599788934,True
E1609,1.6400000000000001,1.64,1.7799999999999998,108.53658536585364,False
E161,3.22,3.22,0.0,0.0,True
E1610,1.06,1.06,0.0,0.0,True
E1611,0.23,0.23,0.0,0.0,True
E1612,2.45,2.45,0.0,0.0,True
E1613,4.57,4.57,3.76,82.27571115973741,False
E1614,6.98,6.98,0.9599999999999995,13.753581661891111,True
E1615,3.28,3.28,0.0,0.0,True
E1616,16.78,16.78,17.94,106.91299165673422,False
E1617,4.27,4.27,2.88,67.44730679156909,False
E1618,2.49,2.49,0.0,0.0,True
E1619,1.72,1.72,1.8,104.65116279069768,False
E162,11.629999999999999,11.629999999999999,0.38,3.267411865864145,True
E1620,4.05,4.05,1.2,29.62962962962963,False
E1621,4.59,4.59,0.7199999999999998,15.686274509803916,True
E1622,2.0300000000000002,2.0300000000000002,0.0,0.0,True
E1623,0.5900000000000001,0.5900000000000001,0.0,0.0,True
E1624,1.79,1.79,0.38,21.22905027932961,False
E1625,3.7699999999999996,3.7699999999999996,0.0,0.0,True
E1626,2.8400000000000003,2.8400000000000003,0.0,0.0,True
E1627,1.81,1.81,0.0,0.0,True
E1628,4.1,4.1,3.2199999999999998,78.53658536585367,False
E1629,0.55,0.55,0.0,0.0,True
E163,7.56,7.56,0.6799999999999999,8.994708994708995,True
E1630,0.51,0.51,0.0,0.0,True
E1631,2.34,2.34,0.0,0.0,True
E1632,0.9,0.9,0.0,0.0,True
E1633,8.75,8.75,4.42,50.51428571428571,False
E1634,3.18,3.18,0.0,0.0,True
E1635,2.49,2.49,0.0,0.0,True
E1636,0.23,0.23,0.0,0.0,True
E1637,2.54,2.54,0.09999999999999983,3.937007874015741,True
E1638,2.67,2.67,0.0,0.0,True
E1639,2.37,2.37,0.0,0.0,True
E164,3.0700000000000003,3.07,0.4399999999999997,14.332247557003246,True
E1640,0.61,0.61,0.0,0.0,True
E1641,2.5,2.4999999999999996,1.4199999999999997,56.79999999999999,False
E1642,1.95,1.9499999999999997,0.36,18.461538461538463,True
E1643,1.57,1.57,0.0,0.0,True
E1644,0.88,0.88,0.08000000000000007,9.090909090909099,True
E1645,2.14,2.14,0.0,0.0,True
E1646,1.3800000000000001,1.38,0.12000000000000005,8.695652173913047,True
E1647,3.88,3.85,1.6500000000000001,42.52577319587629,False
E1648,2.97,2.97,0.0,0.0,True
E1649,6.12,6.12,5.140000000000001,83.98692810457516,False
E165,13.05,13.05,11.760000000000002,90.11494252873564,False
E1650,1.66,1.66,0.0,0.0,True
E1651,0.47,0.47,0.0,0.0,True
E1652,2.7199999999999998,2.7199999999999998,0.0,0.0,True
E1653,5.2,5.2,0.0,0.0,True
E1654,1.26,1.26,0.0,0.0,True
E1655,1.29,1.29,0.0,0.0,True
E1656,0.95,0.95,0.0,0.0,True
E1657,0.81,0.81,0.0,0.0,True
E1658,1.1800000000000002,1.1800000000000002,0.0,0.0,True
E1659,2.3899999999999997,2.39,0.56,23.43096234309624,False
E166,1.6500000000000001,1.6500000000000001,2.84,172.1212121212121,False
E1660,1.56,1.56,0.15999999999999992,10.256410256410252,True
E1661,0.87,0.87,0.06000000000000005,6.896551724137937,True
E1662,6.129999999999999,6.129999999999999,0.0,0.0,True
E1663,3.0300000000000002,3.0300000000000002,0.0,0.0,True
E1664,1.4,1.4,0.0,0.0,True
E1665,75.02,75.02,0.9399999999999977,1.2529992002132735,True
E1666,3.69,3.69,0.12,3.252032520325203,True
E1667,2.04,2.04,0.45999999999999996,22.549019607843135,False
E1668,1.51,1.51,0.0,0.0,True
E1669,4.43,4.43,2.44,55.07900677200903,False
E167,7.15,7.15,0.0,0.0,True
E1670,4.74,4.74,0.0,0.0,True
E1671,5.09,5.09,0.0,0.0,True
E1672,1.57,1.57,0.0,0.0,True
E1673,4.38,4.38,0.09999999999999983,2.2831050228310463,True
E1674,2.1500000000000004,2.15,2.22,103.25581395348837,False
E1675,2.02,2.02,0.0,0.0,True
E1676,7.879999999999999,7.88,0.20000000000000062,2.538071065989856,True
E1677,7.790000000000001,7.79,12.879999999999999,165.34017971758664,False
E1678,10.850000000000001,10.85,20.48,188.75576036866357,False
E1679,2.12,2.12,0.0,0.0,True
E168,4.9,4.9,0.9800000000000004,20.000000000000007,False
E1680,15.44,15.44,4.280000000000001,27.72020725388602,False
E1681,2.1,2.1,0.20000000000000018,9.523809523809533,True
E1682,4.54,4.54,0.0,0.0,True
E1683,3.09,3.0900000000000003,6.18,200.0,False
E1684,2.0300000000000002,2.0300000000000002,0.0,0.0,True
E1685,12.12,12.12,24.24,200.0,False
E1686,1.1099999999999999,1.1099999999999999,0.0,0.0,True
E1687,2.83,2.83,0.7599999999999999,26.855123674911656,False
E1688,2.33,2.33,0.0,0.0,True
E1689,3.1,3.1,0.0,0.0,True
E169,7.5,7.5,0.2599999999999999,3.4666666666666655,True
E1690,3.43,3.4299999999999997,0.6599999999999999,19.241982507288625,True
E1691,8.75,8.75,0.0,0.0,True
E1692,2.94,2.9400000000000004,3.58,121.7687074829932,False
E1693,1.16,1.16,0.0,0.0,True
E1694,2.17,2.17,0.0,0.0,True
E1695,0.8600000000000001,0.8600000000000001,0.0,0.0,True
E1696,0.73,0.73,0.0,0.0,True
E1697,7.02,7.02,0.0,0.0,True
E1698,0.71,0.71,0.0,0.0,True
E1699,15.129999999999999,15.13,10.92,72.17448777263715,False
E17,1.04,1.04,0.0,0.0,True
E170,2.23,2.23,0.0,0.0,True
E1700,54.5,54.5,2.2000000000000015,4.0366972477064245,True
E1701,27.07,27.07,16.299999999999997,60.214259327669,False
E1702,3.5700000000000003,3.5700000000000003,0.0,0.0,True
E1703,2.13,2.13,3.78,177.46478873239437,False
E1704,2.12,2.12,0.16,7.547169811320754,True
E1705,4.720000000000001,4.720000000000001,0.0,0.0,True
E1706,1.73,1.73,0.0,0.0,True
E1707,3.25,3.25,0.2400000000000002,7.384615384615391,True
E1708,1.9900000000000002,1.99,0.18000000000000005,9.045226130653267,True
E1709,1.3800000000000001,1.3800000000000001,0.0,0.0,True
E171,9.23,9.23,0.98,10.617551462621885,True
E1710,0.61,0.61,0.0,0.0,True
E1711,5.03,5.03,1.46,29.025844930417495,False
E1712,2.99,2.99,0.6799999999999999,22.74247491638796,False
E1713,1.28,1.28,0.0,0.0,True
E1714,1.32,1.32,0.040000000000000036,3.030303030303033,True
E1715,17.85,17.85,1.7799999999999985,9.971988795518199,True
E1716,2.26,2.26,0.41999999999999993,18.584070796460175,True
E1717,1.5899999999999999,1.5899999999999999,0.0,0.0,True
E1718,3.9299999999999997,3.93,0.43999999999999995,11.195928753180661,True
E1719,3.3,3.3,0.41999999999999993,12.727272727272727,True
E172,9.08,9.080000000000002,0.9399999999999994,10.35242290748898,True
E1720,0.74,0.74,0.0,0.0,True
E1721,3.9899999999999998,3.9899999999999998,1.1600000000000001,29.072681704260656,False
E1722,5.0600000000000005,5.0600000000000005,6.8,134.38735177865613,False
E1723,1.3599999999999999,1.3599999999999999,0.0,0.0,True
E1724,0.58,0.58,0.0,0.0,True
E1725,1.09,1.09,0.0,0.0,True
E1726,1.54,1.54,0.20000000000000007,12.98701298701299,True
E1727,2.91,2.9099999999999997,0.7599999999999999,26.1168384879725,False
E1728,0.67,0.67,0.0,0.0,True
E1729,1.95,1.9500000000000002,0.17999999999999983,9.230769230769221,True
E173,6.02,6.02,10.28,170.76411960132893,False
E1730,1.38,1.38,0.0,0.0,True
E1731,1.94,1.94,0.0,0.0,True
E1732,3.2700000000000005,3.27,1.0199999999999998,31.192660550458708,False
E1733,4.38,4.38,0.0,0.0,True
E1734,0.91,0.91,0.0,0.0,True
E1735,1.7000000000000002,1.7000000000000002,0.24,14.117647058823527,True
E1736,0.99,0.99,0.04,4.040404040404041,True
E1737,1.24,1.24,0.0,0.0,True
E1738,1.71,1.71,0.0,0.0,True
E1739,0.99,0.99,0.0,0.0,True
E174,9.37,9.37,0.0,0.0,True
E1740,1.05,1.05,0.0799999999999999,7.61904761904761,True
E1741,2.14,2.14,0.0,0.0,True
E1742,4.1,4.1,2.66,64.87804878048782,False
E1743,2.77,2.77,0.0,0.0,True
E1744,2.18,2.18,0.0,0.0,True
E1745,1.7199999999999998,1.7199999999999998,0.0,0.0,True
E1746,5.15,5.15,3.5600000000000005,69.12621359223301,False
E1747,2.62,2.62,0.26000000000000045,9.923664122137422,True
E1748,1.9099999999999997,1.9100000000000001,1.4800000000000002,77.48691099476443,False
E1749,5.2,5.199999999999999,0.26000000000000023,5.0000000000000036,True
E175,6.83,6.83,2.5800000000000005,37.77452415812592,False
E1750,1.49,1.49,0.28,18.791946308724835,True
E1751,1.59,1.59,0.0,0.0,True
E1752,2.57,2.57,0.0,0.0,True
E1753,5.26,5.26,6.18,117.49049429657795,False
E1754,0.56,0.56,0.0,0.0,True
E1755,2.85,2.85,4.82,169.12280701754386,False
E1756,2.95,2.95,1.0600000000000003,35.93220338983052,False
E1757,5.26,5.26,1.3000000000000005,24.714828897338414,False
E1758,8.379999999999999,8.379999999999999,0.5999999999999999,7.159904534606205,True
E1759,13.8,13.8,0.0,0.0,True
E176,7.369999999999999,7.369999999999999,4.559999999999999,61.87245590230664,False
E1760,0.44,0.44,0.0,0.0,True
E1761,0.73,0.73,0.0,0.0,True
E1762,1.15,1.15,0.0,0.0,True
E1763,1.51,1.5100000000000002,0.24000000000000005,15.89403973509934,True
E1764,1.01,1.01,2.02,200.0,False
E1765,2.8200000000000003,2.8200000000000003,0.0,0.0,True
E1766,5.08,5.08,0.0,0.0,True
E1767,5.7700000000000005,5.7700000000000005,9.080000000000002,157.36568457538996,False
E1768,6.39,6.39,0.0,0.0,True
E1769,3.3000000000000003,3.3000000000000003,0.33999999999999997,10.303030303030303,True
E177,9.09,9.09,1.5599999999999992,17.16171617161715,True
E1770,0.76,0.76,0.0,0.0,True
E1771,1.93,1.93,0.0,0.0,True
E1772,1.76,1.76,0.3799999999999999,21.590909090909083,False
E1773,2.0,2.0,0.0,0.0,True
E1774,2.02,2.02,0.0,0.0,True
E1775,13.120000000000001,13.120000000000001,25.840000000000003,196.95121951219514,False
E1776,1.6,1.6,1.4200000000000002,88.75000000000001,False
E1777,2.31,2.31,0.0,0.0,True
E1778,6.05,6.05,9.68,160.0,False
E1779,9.059999999999999,9.059999999999999,0.21999999999999942,2.428256070640171,True
E178,2.58,2.58,0.0,0.0,True
E1780,6.52,6.5200000000000005,8.98,137.73006134969327,False
E1781,1.33,1.33,0.0,0.0,True
E1782,10.66,10.66,0.0,0.0,True
E1783,7.33,7.33,0.8799999999999999,12.00545702592087,True
E1784,1.48,1.48,0.98,66.21621621621621,False
E1785,2.65,2.65,0.0,0.0,True
E1786,3.68,3.68,2.2,59.78260869565218,False
E1787,9.45,9.45,0.0,0.0,True
E1788,11.650000000000002,11.649999999999999,1.0000000000000018,8.583690987124477,True
E1789,2.6,2.6,5.2,200.0,False
E179,2.76,2.76,0.48,17.39130434782609,True
E1790,4.540000000000001,4.54,3.1999999999999997,70.48458149779734,False
E1791,3.83,3.83,3.38,88.25065274151436,False
E1792,7.4799999999999995,7.4799999999999995,0.0,0.0,True
E1793,1.79,1.79,0.0,0.0,True
E1794,11.21,11.21,1.3399999999999999,11.953612845673504,True
E1795,6.590000000000001,6.59,4.9799999999999995,75.56904400606979,False
E1796,2.28,2.28,4.26,186.84210526315792,False
E1797,5.61,5.61,8.72,155.4367201426025,False
E1798,1.23,1.23,0.39999999999999997,32.520325203252035,False
E1799,2.3099999999999996,2.31,1.0200000000000002,44.15584415584418,False
E18,2.11,2.11,0.0,0.0,True
E180,6.33,6.33,8.28,130.80568720379145,False
E1800,5.84,5.84,9.96,170.54794520547946,False
E1801,3.87,3.87,0.0,0.0,True
E1802,0.89,0.89,0.0,0.0,True
E1803,0.87,0.87,0.0,0.0,True
E1804,2.94,2.94,0.3999999999999999,13.605442176870746,True
E1805,7.800000000000001,7.800000000000001,2.2200000000000006,28.461538461538467,False
E1806,21.66,21.66,28.66,132.31763619575253,False
E1807,0.5,0.5,0.0,0.0,True
E1808,3.86,3.86,0.13999999999999985,3.626943005181343,True
E1809,2.94,2.94,0.0,0.0,True
E181,4.27,4.27,0.0,0.0,True
E1810,7.91,7.91,10.52,132.9962073324905,False
E1811,5.78,5.78,7.7,133.21799307958477,False
E1812,2.1,2.1,0.0,0.0,True
E1813,7.07,7.07,0.0,0.0,True
E1814,1.67,1.67,0.0,0.0,True
E1815,5.38,5.38,1.0,18.58736059479554,True
E1816,10.96,10.959999999999999,0.7600000000000006,6.934306569343071,True
E1817,3.68,3.68,0.0,0.0,True
E1818,3.8400000000000003,3.84,3.5200000000000005,91.66666666666667,False
E1819,1.6400000000000001,1.6400000000000001,0.0,0.0,True
E182,7.08,7.079999999999999,0.4600000000000004,6.497175141242944,True
E1820,1.61,1.61,0.0,0.0,True
E1821,1.06,1.06,0.0,0.0,True
E1822,31.28,31.28,62.56,200.0,False
E1823,10.430000000000001,10.43,1.2999999999999987,12.464046021092985,True
E1824,3.72,3.72,7.44,200.0,False
E1825,0.54,0.54,0.0,0.0,True
E1826,6.3100000000000005,4.6899999999999995,2.58,40.88748019017432,False
E1827,5.72,5.720000000000001,11.440000000000001,200.00000000000006,False
E1828,35.220000000000006,35.220000000000006,4.040000000000003,11.470755252697337,True
E1829,1.6400000000000001,1.6400000000000001,0.4600000000000001,28.04878048780488,False
E183,2.17,2.17,0.0,0.0,True
E1830,3.14,3.1399999999999997,0.20000000000000007,6.369426751592359,True
E1831,3.3,3.3,0.0,0.0,True
E1832,3.3000000000000003,3.3000000000000003,0.0,0.0,True
E1833,0.41,0.41,0.0,0.0,True
E1834,8.129999999999999,8.129999999999999,0.0,0.0,True
E1835,6.800000000000001,6.800000000000001,13.600000000000001,200.0,False
E1836,2.7,2.6999999999999997,0.26000000000000034,9.629629629629642,True
E1837,4.5600000000000005,4.5600000000000005,0.7000000000000002,15.350877192982457,True
E1838,3.46,3.46,2.16,62.42774566473989,False
E1839,1.33,1.33,0.0,0.0,True
E184,8.030000000000001,8.030000000000001,1.6600000000000001,20.67247820672478,False
E1840,0.87,0.87,0.0,0.0,True
E1841,2.12,2.12,0.0,0.0,True
E1842,2.79,2.79,0.43999999999999995,15.770609318996414,True
E1843,1.39,1.39,1.9,136.69064748201438,False
E1844,1.19,1.19,0.18000000000000002,15.12605042016807,True
E1845,2.46,2.46,0.0,0.0,True
E1846,1.29,1.29,0.060000000000000026,4.6511627906976765,True
E1847,3.5199999999999996,3.5199999999999996,0.0,0.0,True
E1848,2.37,2.37,0.0,0.0,True
E1849,2.87,2.87,0.31999999999999984,11.14982578397212,True
E185,9.790000000000001,9.79,3.4000000000000004,34.72931562819203,False
E1850,0.94,0.94,0.0,0.0,True
E1851,19.97,19.97,18.02,90.23535302954433,False
E1852,1.3,1.3,0.10000000000000009,7.692307692307699,True
E1853,1.52,1.52,0.3400000000000001,22.368421052631582,False
E1854,0.76,0.76,1.52,200.0,False
E1855,0.56,0.56,0.0,0.0,True
E1856,6.72,6.72,1.1799999999999997,17.559523809523807,True
E1857,7.08,7.08,7.84,110.73446327683615,False
E1858,3.01,3.01,0.6400000000000001,21.262458471760805,False
E1859,1.37,1.37,0.23999999999999988,17.51824817518247,True
E186,12.030000000000001,12.03,0.580000000000001,4.8212801330008395,True
E1860,3.81,3.81,2.96,77.69028871391076,False
E1861,2.84,2.84,0.38000000000000034,13.380281690140858,True
E1862,2.63,2.63,0.19999999999999984,7.60456273764258,True
E1863,4.56,4.5600000000000005,0.6199999999999997,13.59649122807017,True
E1864,5.85,5.85,0.0,0.0,True
E1865,1.9100000000000001,1.91,0.2400000000000001,12.565445026178015,True
E1866,1.06,1.06,0.0,0.0,True
E1867,0.5,0.5,0.0,0.0,True
E1868,2.0,2.0,0.0,0.0,True
E1869,4.76,4.76,2.0199999999999996,42.43697478991596,False
E187,8.86,8.86,2.5,28.216704288939052,False
E1870,4.209999999999999,4.209999999999999,0.0,0.0,True
E1871,2.9000000000000004,2.9,1.4,48.27586206896551,False
E1872,1.05,1.05,0.0,0.0,True
E1873,2.37,2.37,0.0,0.0,True
E1874,2.8600000000000003,2.8600000000000003,0.0,0.0,True
E1875,2.17,2.17,0.0,0.0,True
E1876,1.56,1.56,0.0,0.0,True
E1877,1.12,1.12,0.0,0.0,True
E1878,6.83,6.83,0.6799999999999999,9.956076134699854,True
E1879,2.55,2.55,0.0,0.0,True
E188,0.5800000000000001,0.5800000000000001,0.0,0.0,True
E1880,0.98,0.98,0.0,0.0,True
E1881,3.48,3.48,0.0,0.0,True
E1882,1.91,1.91,0.0,0.0,True
E1883,2.52,2.52,0.43999999999999995,17.46031746031746,True
E1884,2.13,2.13,0.5,23.474178403755868,False
E1885,0.76,0.76,0.0,0.0,True
E1886,2.56,2.56,0.0,0.0,True
E1887,0.78,0.78,0.0,0.0,True
E1888,1.59,1.59,0.0,0.0,True
E1889,2.34,2.34,0.0,0.0,True
E189,16.099999999999998,16.1,9.320000000000002,57.888198757763995,False
E1890,1.56,1.56,0.39999999999999997,25.64102564102564,False
E1891,0.57,0.57,0.0,0.0,True
E1892,2.04,2.04,0.22000000000000008,10.784313725490199,True
E1893,1.3,1.3,0.26,20.0,True
E1894,2.15,2.1500000000000004,0.5200000000000002,24.186046511627918,False
E1895,1.93,1.93,0.0,0.0,True
E1896,0.97,0.97,0.0,0.0,True
E1897,1.43,1.43,0.0,0.0,True
E1898,0.6699999999999999,0.6699999999999999,0.45999999999999996,68.65671641791046,False
E1899,1.45,1.45,0.0,0.0,True
E19,7.6000000000000005,7.6,1.7000000000000006,22.368421052631586,False
E190,2.35,2.35,0.6800000000000002,28.936170212765962,False
E1900,3.58,3.58,0.6800000000000002,18.994413407821234,True
E1901,3.9099999999999997,3.9099999999999997,0.9999999999999999,25.57544757033248,False
E1902,1.37,1.37,0.0,0.0,True
E1903,2.41,2.41,0.0,0.0,True
E1904,6.390000000000001,6.39,0.5800000000000012,9.076682316118953,True
E1905,1.35,1.35,0.24,17.777777777777775,True
E1906,2.66,2.66,0.4400000000000004,16.541353383458663,True
E1907,2.13,2.13,0.0,0.0,True
E1908,2.19,2.19,0.0,0.0,True
E1909,2.09,2.09,0.35999999999999965,17.224880382775105,True
E191,5.48,5.48,0.0,0.0,True
E1910,0.7,0.7,0.0,0.0,True
E1911,0.93,0.9299999999999999,0.2599999999999999,27.956989247311814,False
E1912,3.6799999999999997,3.6799999999999997,0.0,0.0,True
E1913,1.86,1.86,0.0,0.0,True
E1914,4.38,4.38,0.0,0.0,True
E1915,5.08,5.08,1.1399999999999992,22.44094488188975,False
E1916,4.12,4.12,2.9799999999999995,72.33009708737862,False
E1917,3.5,3.5,1.08,30.857142857142858,False
E1918,2.8899999999999997,2.8899999999999997,0.5999999999999999,20.761245674740483,False
E1919,1.07,1.07,0.0,0.0,True
E192,5.33,5.33,5.140000000000001,96.43527204502814,False
E1920,4.0,4.0,2.04,51.0,False
E1921,3.11,3.1100000000000003,0.1399999999999999,4.501607717041797,True
E1922,1.44,1.44,0.22000000000000008,15.277777777777784,True
E1923,2.87,2.87,0.08000000000000004,2.7874564459930324,True
E1924,0.32,0.32,0.0,0.0,True
E1925,2.16,2.16,0.56,25.925925925925927,False
E1926,6.140000000000001,6.14,0.9600000000000004,15.635179153094468,True
E1927,0.97,0.97,0.0,0.0,True
E1928,4.22,4.220000000000001,5.6,132.70142180094788,False
E1929,1.15,1.15,0.0,0.0,True
E193,3.62,3.62,0.3200000000000001,8.839779005524866,True
E1930,1.7400000000000002,1.7400000000000002,0.0,0.0,True
E1931,1.06,1.06,0.74,69.81132075471697,False
E1932,0.95,0.95,0.0,0.0,True
E1933,3.39,3.39,0.0,0.0,True
E1934,1.34,1.34,0.0,0.0,True
E1935,3.09,3.09,1.7999999999999998,58.252427184466015,False
E1936,6.85,6.85,4.84,70.65693430656934,False
E1937,0.75,0.75,0.0,0.0,True
E1938,5.8100000000000005,5.8100000000000005,1.4000000000000001,24.096385542168672,False
E1939,2.4899999999999998,2.4899999999999998,0.0,0.0,True
E194,2.23,2.23,4.46,200.0,False
E1940,3.16,3.16,1.92,60.75949367088607,False
E1941,2.3200000000000003,2.3200000000000003,0.8000000000000002,34.48275862068966,False
E1942,0.69,0.69,0.0,0.0,True
E1943,5.220000000000001,5.22,0.5200000000000002,9.961685823754792,True
E1944,1.83,1.83,0.42000000000000015,22.950819672131153,False
E1945,14.81,14.81,0.9799999999999994,6.6171505739365255,True
E1946,1.06,1.06,0.22000000000000003,20.754716981132077,False
E1947,2.7100000000000004,2.7100000000000004,0.0,0.0,True
E1948,0.93,0.93,0.0,0.0,True
E1949,1.49,1.49,0.0,0.0,True
E195,7.640000000000001,7.64,0.3600000000000006,4.712041884816761,True
E1950,1.88,1.88,0.0,0.0,True
E1951,4.3,4.3,8.6,200.0,False
E1952,3.05,3.05,0.0,0.0,True
E1953,1.91,1.91,0.0,0.0,True
E1954,22.55,22.55,11.12,49.312638580931264,False
E1955,1.6500000000000001,1.6500000000000001,0.0,0.0,True
E1956,2.7800000000000002,2.7800000000000002,1.28,46.0431654676259,False
E1957,3.7600000000000002,3.7600000000000002,0.0,0.0,True
E1958,1.19,1.19,2.38,200.0,False
E1959,0.5,0.5,0.0,0.0,True
E196,10.459999999999999,9.77,10.19,97.4187380497132,False
E1960,6.279999999999999,6.279999999999999,0.0,0.0,True
E1961,2.33,2.33,4.66,200.0,False
E1962,5.74,5.74,0.0,0.0,True
E1963,1.4,1.4,0.0,0.0,True
E1964,1.16,1.16,0.0,0.0,True
E1965,1.2,1.2,0.0,0.0,True
E1966,2.1,2.1,0.0,0.0,True
E1967,11.36,11.36,11.420000000000002,100.52816901408453,False
E1968,4.87,4.87,0.19999999999999962,4.1067761806981435,True
E1969,2.8000000000000003,2.8,0.20000000000000012,7.142857142857146,True
E197,7.36,7.359999999999999,3.7800000000000002,51.358695652173914,False
E1970,29.53,29.05,9.719999999999999,32.91567897053843,False
E1971,7.7700000000000005,7.7700000000000005,1.8200000000000003,23.423423423423426,False
E1972,1.06,1.06,0.0,0.0,True
E1973,1.1,1.1,0.0,0.0,True
E1974,0.56,0.56,1.12,200.0,False
E1975,3.0199999999999996,3.02,0.29999999999999966,9.933774834437076,True
E1976,2.05,2.05,0.0,0.0,True
E1977,4.71,4.71,7.4399999999999995,157.96178343949046,False
E1978,1.53,1.53,0.0,0.0,True
E1979,1.2499999999999998,1.2499999999999998,0.0,0.0,True
E198,3.23,3.23,0.5,15.479876160990711,True
E1980,2.83,2.83,0.0,0.0,True
E1981,4.239999999999999,4.24,0.31999999999999973,7.5471698113207495,True
E1982,0.91,0.91,0.0,0.0,True
E1983,5.84,5.84,0.0,0.0,True
E1984,11.67,11.67,14.32,122.70779777206512,False
E1985,3.4399999999999995,3.44,0.09999999999999983,2.906976744186042,True
E1986,2.66,2.66,0.0,0.0,True
E1987,0.51,0.51,0.0,0.0,True
E1988,3.08,3.08,0.11999999999999955,3.8961038961038814,True
E1989,2.56,2.56,0.0,0.0,True
E199,6.43,6.43,0.0,0.0,True
E1990,3.5,3.5,0.0,0.0,True
E1991,9.19,9.190000000000001,8.72,94.88574537540806,False
E1992,0.45,0.45,0.0,0.0,True
E1993,6.58,6.58,0.0,0.0,True
E1994,1.9,1.9,0.0,0.0,True
E1995,1.97,1.97,0.0,0.0,True
E1996,2.63,2.63,0.5800000000000001,22.053231939163503,False
E1997,1.1300000000000001,1.13,1.0,88.49557522123892,False
E1998,2.28,2.2800000000000002,0.17999999999999983,7.894736842105256,True
E1999,1.03,1.03,2.06,200.0,False
E2,1.24,1.24,0.0,0.0,True
E20,11.6,11.6,2.2200000000000006,19.137931034482765,True
E200,9.21,9.21,18.42,200.0,False
E2000,1.34,1.34,0.0,0.0,True
E2001,3.04,3.04,0.0,0.0,True
E2002,5.3,5.3,0.38000000000000034,7.169811320754724,True
E2003,0.6699999999999999,0.6699999999999999,0.05999999999999994,8.955223880597009,True
E2004,4.6899999999999995,4.6899999999999995,0.09999999999999983,2.1321961620469048,True
E2005,1.85,1.85,0.0,0.0,True
E2006,0.63,0.63,0.0,0.0,True
E2007,1.88,1.88,1.74,92.55319148936171,False
E2008,3.9,3.9,0.44000000000000017,11.282051282051286,True
E2009,1.46,1.46,0.0,0.0,True
E201,2.38,2.3800000000000003,1.6400000000000001,68.90756302521008,False
E2010,5.46,5.46,1.0,18.315018315018314,True
E2011,1.12,1.12,0.0,0.0,True
E2012,2.06,2.06,0.0,0.0,True
E2013,5.2700000000000005,5.2700000000000005,0.46,8.72865275142315,True
E2014,1.5,1.5,0.0,0.0,True
E2015,2.1100000000000003,2.1100000000000003,1.4,66.35071090047393,False
E2016,1.47,1.47,0.24,16.3265306122449,True
E2017,2.29,2.29,0.0,0.0,True
E2018,2.84,2.84,0.0,0.0,True
E2019,0.95,0.95,0.0,0.0,True
E202,3.18,3.1799999999999997,0.4600000000000002,14.465408805031453,True
E2020,0.39,0.39,0.0,0.0,True
E2021,8.27,8.27,0.2599999999999998,3.1438935912938306,True
E2022,1.15,1.15,0.0,0.0,True
E2023,2.17,2.17,0.0,0.0,True
E2024,1.9,1.9,0.0,0.0,True
E2025,9.0,9.0,0.14000000000000007,1.5555555555555562,True
E2026,0.22,0.22,0.0,0.0,True
E2027,1.76,1.76,2.7,153.4090909090909,False
E2028,1.82,1.82,0.0,0.0,True
E2029,5.03,5.03,7.94,157.85288270377734,False
E203,9.46,9.46,0.5400000000000009,5.708245243128974,True
E2030,3.35,3.35,0.0,0.0,True
E2031,1.9,1.9,2.04,107.36842105263159,False
E2032,3.21,3.21,0.019999999999999796,0.6230529595015513,True
E2033,5.25,5.25,0.9800000000000004,18.666666666666675,True
E2034,1.37,1.37,0.0,0.0,True
E2035,0.84,0.84,0.0,0.0,True
E2036,3.3200000000000003,3.3200000000000003,0.40000000000000013,12.04819277108434,True
E2037,8.29,8.29,0.0,0.0,True
E2038,3.74,3.74,5.94,158.8235294117647,False
E2039,2.2800000000000002,2.2800000000000002,0.0,0.0,True
E204,3.07,3.0700000000000003,4.22,137.45928338762215,False
E2040,2.72,2.72,0.0,0.0,True
E2041,1.77,1.77,0.0,0.0,True
E2042,0.99,0.99,0.0,0.0,True
E2043,3.8600000000000003,3.8600000000000003,0.0,0.0,True
E2044,2.42,2.42,4.140000000000001,171.07438016528928,False
E2045,8.639999999999999,8.64,1.3799999999999994,15.972222222222218,True
E2046,0.67,0.67,0.0,0.0,True
E2047,2.17,2.17,0.08000000000000007,3.6866359447004644,True
E2048,2.3600000000000003,2.3600000000000003,0.3800000000000001,16.101694915254242,True
E2049,7.99,7.99,15.98,200.0,False
E205,1.36,1.3599999999999999,0.14000000000000007,10.294117647058828,True
E2050,2.1,2.1,0.0,0.0,True
E2051,5.2299999999999995,5.23,0.7800000000000006,14.913957934990451,True
E2052,1.4900000000000002,1.4900000000000002,0.0,0.0,True
E2053,0.31,0.31,0.0,0.0,True
E2054,9.129999999999999,9.13,6.379999999999999,69.87951807228916,False
E2055,1.17,1.17,0.0,0.0,True
E2056,0.9400000000000001,0.9400000000000001,0.0,0.0,True
E2057,1.4500000000000002,1.4500000000000002,0.0,0.0,True
E2058,1.17,1.17,0.0,0.0,True
E2059,1.13,1.13,0.0,0.0,True
E206,7.31,7.31,10.76,147.19562243502054,False
E2060,1.39,1.39,0.0,0.0,True
E2061,2.06,2.06,0.0,0.0,True
E2062,7.38,7.38,0.6400000000000003,8.672086720867213,True
E2063,3.63,3.63,0.0,0.0,True
E2064,1.63,1.63,1.78,109.20245398773007,False
E2065,1.81,1.81,0.0,0.0,True
E2066,12.29,12.290000000000001,8.040000000000001,65.41903986981286,False
E2067,1.08,1.08,0.0,0.0,True
E2068,3.46,3.46,6.92,200.0,False
E2069,2.8,2.8,3.88,138.57142857142858,False
E207,8.67,8.67,0.0,0.0,True
E2070,1.8,1.8,0.45999999999999996,25.555555555555554,False
E2071,3.3099999999999996,3.3099999999999996,0.5,15.105740181268883,True
E2072,3.4299999999999997,3.43,0.7,20.408163265306126,False
E2073,3.63,3.63,0.6599999999999997,18.181818181818173,True
E2074,2.08,2.08,0.3200000000000003,15.384615384615397,True
E2075,1.6,1.6,0.0,0.0,True
E2076,1.34,1.34,0.0,0.0,True
E2077,1.1099999999999999,1.1099999999999999,0.0,0.0,True
E2078,3.91,3.91,0.0,0.0,True
E2079,3.74,3.74,0.8799999999999999,23.529411764705877,False
E208,1.83,1.8299999999999998,2.84,155.19125683060108,False
E2080,8.75,8.75,10.46,119.54285714285714,False
E2081,4.33,4.33,0.0,0.0,True
E2082,7.95,7.95,1.2599999999999998,15.849056603773581,True
E2083,11.94,11.94,2.7200000000000006,22.78056951423786,False
E2084,0.59,0.59,0.0,0.0,True
E2085,0.29,0.29,0.0,0.0,True
E2086,1.29,1.29,0.0,0.0,True
E2087,2.45,2.2199999999999998,2.89,117.95918367346938,False
E2088,2.37,2.37,0.0,0.0,True
E2089,5.0600000000000005,5.0600000000000005,0.9000000000000004,17.786561264822137,True
E209,2.62,2.62,0.0,0.0,True
E2090,1.4,1.4,0.03999999999999998,2.857142857142856,True
E2091,2.73,2.73,0.0,0.0,True
E2092,3.62,3.62,0.78,21.54696132596685,False
E2093,3.1,3.1,0.6,19.35483870967742,True
E2094,1.67,1.67,0.0,0.0,True
E2095,1.63,1.63,0.74,45.398773006134974,False
E2096,4.0,4.0,0.0,0.0,True
E2097,3.15,3.1499999999999995,0.9799999999999998,31.111111111111104,False
E2098,8.85,8.85,4.86,54.915254237288146,False
E2099,4.07,4.07,2.34,57.49385749385749,False
E21,10.14,10.14,2.2199999999999998,21.89349112426035,False
E210,1.55,1.5499999999999998,0.20000000000000007,12.903225806451617,True
E2100,3.3000000000000003,3.3,3.5,106.06060606060605,False
E2101,3.55,3.55,3.82,107.60563380281691,False
E2102,3.08,3.08,3.0200000000000005,98.05194805194807,False
E2103,3.1700000000000004,3.17,0.14000000000000035,4.41640378548897,True
E2104,0.8,0.8,0.0,0.0,True
E2105,1.4,1.4,2.52,180.0,False
E2106,0.17,0.17,0.0,0.0,True
E2107,2.28,2.28,2.9799999999999995,130.7017543859649,False
E2108,1.31,1.31,0.0,0.0,True
E2109,4.59,4.59,0.0,0.0,True
E211,6.79,6.790000000000001,9.360000000000001,137.8497790868925,False
E2110,4.16,4.16,0.0,0.0,True
E2111,2.42,2.42,0.0,0.0,True
E2112,0.99,0.99,0.0,0.0,True
E2113,5.859999999999999,5.859999999999999,1.1,18.771331058020483,True
E2114,10.76,10.76,2.0999999999999996,19.516728624535315,True
E2115,1.21,1.21,0.74,61.15702479338843,False
E2116,1.92,1.92,0.0,0.0,True
E2117,3.7899999999999996,3.79,0.29999999999999993,7.9155672823218985,True
E2118,1.44,1.44,0.0,0.0,True
E2119,1.05,1.05,0.0,0.0,True
E212,3.74,3.7399999999999998,0.6799999999999999,18.18181818181818,True
E2120,3.8999999999999995,3.9,1.2800000000000002,32.82051282051283,False
E2121,6.47,6.47,0.0,0.0,True
E2122,3.45,3.45,0.0,0.0,True
E2123,0.56,0.56,0.0,0.0,True
E2124,0.5900000000000001,0.5900000000000001,0.0,0.0,True
E2125,2.03,2.03,0.0,0.0,True
E2126,2.28,2.28,0.35999999999999993,15.789473684210524,True
E2127,0.55,0.55,0.0,0.0,True
E2128,1.78,1.78,0.0,0.0,True
E2129,18.85,18.85,13.580000000000002,72.0424403183024,False
E213,1.25,1.25,0.0,0.0,True
E2130,3.6599999999999997,3.66,5.140000000000001,140.43715846994536,False
E2131,1.6600000000000001,1.6600000000000001,0.0,0.0,True
E2132,0.42,0.42,0.0,0.0,True
E2134,0.22,0.22,0.0,0.0,True
E2135,4.0,4.0,0.6199999999999994,15.499999999999986,True
E2136,5.78,5.78,3.0,51.90311418685121,False
E2137,2.23,2.23,0.0,0.0,True
E2138,1.4200000000000002,1.4200000000000002,1.1,77.46478873239437,False
E2139,0.96,0.96,0.0,0.0,True
E214,3.28,3.2800000000000002,6.04,184.14634146341464,False
E2140,0.84,0.84,0.0,0.0,True
E2141,2.16,2.16,0.0,0.0,True
E2142,2.46,2.46,0.0,0.0,True
E2143,2.21,2.21,0.21999999999999975,9.954751131221709,True
E2144,0.5800000000000001,0.5800000000000001,0.6600000000000001,113.79310344827587,False
E2145,2.5700000000000003,2.5700000000000003,0.0,0.0,True
E2146,2.91,2.91,5.82,200.0,False
E2147,0.97,0.97,0.0,0.0,True
E2148,0.32,0.32,0.0,0.0,True
E2149,1.69,1.6900000000000002,2.06,121.89349112426036,False
E215,8.55,8.55,4.04,47.25146198830409,False
E2150,1.11,1.11,0.0,0.0,True
E2151,2.8299999999999996,2.8299999999999996,0.0,0.0,True
E2152,1.33,1.33,0.0,0.0,True
E2153,2.19,2.19,0.0,0.0,True
E2154,0.2,0.2,0.0,0.0,True
E2155,2.26,2.26,4.52,200.0,False
E2156,1.14,1.14,0.0,0.0,True
E2157,2.41,2.41,0.0,0.0,True
E2158,0.5,0.5,0.0,0.0,True
E2159,2.92,2.92,0.0,0.0,True
E216,5.109999999999999,5.11,3.34,65.36203522504893,False
E2160,0.65,0.65,0.0,0.0,True
E2161,2.14,2.14,1.08,50.467289719626166,False
E2162,2.69,2.69,0.0,0.0,True
E2163,2.0,2.0,4.0,200.0,False
E2164,7.05,7.05,6.140000000000001,87.09219858156028,False
E2165,6.470000000000001,6.47,1.8199999999999992,28.129829984544035,False
E2166,5.77,5.77,0.0,0.0,True
E2167,1.05,1.05,0.41999999999999993,39.99999999999999,False
E2168,2.1399999999999997,2.1399999999999997,0.0,0.0,True
E2169,2.3499999999999996,2.3499999999999996,0.0,0.0,True
E217,0.84,0.84,1.68,200.0,False
E2170,0.79,0.79,0.74,93.67088607594937,False
E2171,1.9,1.9,0.0,0.0,True
E2172,3.12,3.12,0.0,0.0,True
E2173,1.1700000000000002,1.1700000000000002,0.1,8.547008547008545,True
E2174,2.9699999999999998,2.97,1.0799999999999998,36.36363636363636,False
E2175,2.79,2.79,0.0,0.0,True
E2176,6.79,6.79,0.0,0.0,True
E2177,1.05,1.05,0.0,0.0,True
E2178,1.44,1.4400000000000002,0.17999999999999985,12.499999999999991,True
E2179,2.5,2.37,1.7300000000000002,69.20000000000002,False
E218,9.55,9.55,1.6399999999999988,17.172774869109933,True
E2180,6.97,6.970000000000001,8.82,126.54232424677188,False
E2181,9.27,9.270000000000001,12.6,135.92233009708738,False
E2182,0.94,0.94,0.0,0.0,True
E2183,2.0,2.0,0.0,0.0,True
E2184,0.75,0.75,0.0,0.0,True
E2185,1.69,1.69,0.0,0.0,True
E2186,1.8499999999999999,1.85,3.42,184.86486486486487,False
E2187,2.14,2.14,0.0,0.0,True
E2188,0.74,0.74,0.0,0.0,True
E2189,1.8399999999999999,1.84,3.6799999999999997,200.00000000000003,False
E219,7.13,7.13,0.9000000000000004,12.622720897615713,True
E2190,1.24,1.24,0.0,0.0,True
E2191,9.06,9.06,18.12,200.0,False
E2192,5.71,5.71,0.0,0.0,True
E2193,7.76,7.76,14.94,192.5257731958763,False
E2194,1.31,1.31,0.0,0.0,True
E2195,2.35,2.35,0.0,0.0,True
E2196,1.61,1.61,0.0,0.0,True
E2197,17.67,17.67,11.080000000000002,62.705149971703456,False
E2198,1.79,1.79,0.0,0.0,True
E2199,1.8800000000000001,1.8800000000000001,0.0,0.0,True
E22,1.4,1.4,2.2399999999999998,160.0,False
E220,5.23,5.23,1.5199999999999998,29.063097514340335,False
E2200,2.74,2.74,0.0,0.0,True
E2201,4.74,4.74,1.06,22.362869198312236,False
E2202,1.51,1.51,0.0,0.0,True
E2203,3.36,3.36,0.24000000000000016,7.142857142857148,True
E2204,1.4100000000000001,1.4100000000000001,0.0,0.0,True
E2205,4.04,4.04,0.0,0.0,True
E2206,1.58,1.58,0.14000000000000012,8.860759493670894,True
E2207,0.91,0.91,0.0,0.0,True
E2208,1.14,1.14,0.0,0.0,True
E2209,5.07,5.069999999999999,5.58,110.05917159763312,False
E221,8.270000000000001,8.27,2.9400000000000004,35.550181378476424,False
E2210,1.25,1.25,0.0,0.0,True
E2211,3.21,3.21,0.0,0.0,True
E2212,2.49,2.49,0.0,0.0,True
E2213,1.69,1.69,0.0,0.0,True
E2214,1.39,1.39,0.0,0.0,True
E2215,2.59,2.59,0.0,0.0,True
E2217,8.09,8.09,0.8799999999999997,10.877626699629168,True
E2218,0.63,0.63,0.0,0.0,True
E2219,1.88,1.88,0.0,0.0,True
E222,1.3599999999999999,1.36,0.29999999999999993,22.05882352941176,False
E2220,4.5,4.5,0.0,0.0,True
E2221,3.95,3.95,0.0,0.0,True
E2222,1.52,1.52,0.4,26.31578947368421,False
E2223,2.3899999999999997,2.39,3.7,154.81171548117157,False
E2224,3.47,3.47,4.94,142.36311239193085,False
E2225,1.5,1.5,0.0,0.0,True
E2226,0.38,0.38,0.0,0.0,True
E2227,3.3,3.3,0.0,0.0,True
E2228,1.7000000000000002,1.7000000000000002,0.0,0.0,True
E2229,4.109999999999999,4.109999999999999,0.3599999999999997,8.759124087591236,True
E223,3.04,3.04,0.0,0.0,True
E2230,2.69,2.69,0.0,0.0,True
E2231,1.4500000000000002,1.4500000000000002,2.66,183.44827586206895,False
E2232,9.51,9.51,9.34,98.21240799158781,False
E2233,1.83,1.83,0.0,0.0,True
E2234,2.3,2.3,0.0,0.0,True
E2235,1.2600000000000002,1.2600000000000002,0.15999999999999992,12.69841269841269,True
E2236,1.76,1.76,0.21999999999999997,12.499999999999998,True
E2237,1.76,1.76,0.2200000000000002,12.500000000000012,True
E2238,2.34,2.34,0.0,0.0,True
E224,0.59,0.59,0.0,0.0,True
E2240,0.08,0.08,0.0,0.0,True
E2241,11.890000000000002,11.89,23.060000000000002,193.94449116904957,False
E2242,3.55,3.55,0.0,0.0,True
E2243,2.8499999999999996,2.8499999999999996,0.0,0.0,True
E2244,2.95,2.95,0.0,0.0,True
E2245,5.62,5.62,6.04,107.47330960854093,False
E2246,2.27,2.27,0.0,0.0,True
E2247,3.09,3.09,0.0,0.0,True
E2248,4.09,4.09,7.28,177.99511002444987,False
E2249,4.3,4.3,0.0,0.0,True
E225,37.0,37.00000000000001,8.380000000000006,22.648648648648663,False
E2250,4.17,4.17,7.879999999999999,188.96882494004794,False
E2251,3.13,3.13,6.26,200.0,False
E2252,6.59,6.59,3.28,49.77238239757208,False
E2253,4.81,4.81,0.0,0.0,True
E2254,4.01,4.01,8.02,200.0,False
E2255,2.09,2.09,0.0,0.0,True
E2256,1.52,1.52,0.0,0.0,True
E2257,1.9699999999999998,1.9699999999999998,0.0,0.0,True
E2258,1.3599999999999999,1.3599999999999999,2.7199999999999998,200.00000000000003,False
E2259,4.1,4.1,0.0,0.0,True
E226,4.41,4.41,0.5599999999999997,12.698412698412692,True
E2260,14.23,14.23,28.46,200.0,False
E2261,0.78,0.78,1.56,200.0,False
E2262,18.060000000000002,18.060000000000002,36.120000000000005,200.0,False
E2263,16.57,16.57,8.66,52.26312613156306,False
E2264,2.21,2.21,0.0,0.0,True
E2265,0.87,0.87,0.0,0.0,True
E2266,2.24,2.24,0.0,0.0,True
E2267,0.11,0.11,0.0,0.0,True
E2268,4.83,4.83,1.04,21.532091097308488,False
E2269,14.05,14.05,2.1599999999999997,15.373665480427043,True
E227,2.67,2.67,0.0,0.0,True
E2270,1.12,1.12,0.0,0.0,True
E2271,13.75,13.75,6.08,44.21818181818182,False
E2272,0.5,0.5,0.0,0.0,True
E2273,1.25,1.25,0.2600000000000001,20.800000000000008,False
E2274,2.23,2.23,1.98,88.78923766816143,False
E2275,0.9500000000000001,0.9500000000000001,0.0,0.0,True
E2276,3.45,3.45,0.7199999999999998,20.869565217391294,False
E2277,2.5300000000000002,2.53,0.1400000000000003,5.533596837944675,True
E2278,5.75,5.75,0.0,0.0,True
E2279,3.13,3.13,0.0,0.0,True
E228,3.68,3.68,2.1000000000000005,57.06521739130436,False
E2280,6.91,6.91,1.2200000000000002,17.655571635311144,True
E2281,2.7800000000000002,2.7800000000000002,0.9199999999999999,33.093525179856115,False
E2282,1.14,1.14,1.4,122.80701754385966,False
E2283,0.9,0.9,0.0,0.0,True
E2284,16.11,16.11,16.619999999999997,103.16573556797019,False
E2285,2.57,2.57,0.45999999999999996,17.898832684824903,True
E2286,0.56,0.56,0.0,0.0,True
E2287,3.61,3.61,3.42,94.73684210526316,False
E2288,3.69,3.69,0.0,0.0,True
E2289,2.95,2.95,2.66,90.16949152542372,False
E229,9.040000000000001,9.04,0.7200000000000004,7.964601769911508,True
E2290,12.83,12.83,1.9,14.809041309431022,True
E2291,10.049999999999999,10.05,15.4,153.23383084577117,False
E2292,2.06,2.0599999999999996,3.26,158.25242718446603,False
E2293,2.93,2.93,0.0,0.0,True
E2294,6.5600000000000005,6.56,0.40000000000000024,6.097560975609759,True
E2295,1.27,1.27,0.45999999999999996,36.22047244094488,False
E2296,2.91,2.91,5.82,200.0,False
E2297,3.7299999999999995,3.7299999999999995,0.0,0.0,True
E2298,13.989999999999998,13.989999999999998,0.0,0.0,True
E2299,2.34,2.34,0.0,0.0,True
E23,1.62,1.62,0.0,0.0,True
E230,1.44,1.44,0.0,0.0,True
E2300,2.79,2.79,0.0,0.0,True
E2301,0.93,0.93,0.0,0.0,True
E2302,14.29,14.29,28.58,200.0,False
E2303,16.1,16.099999999999998,0.6600000000000019,4.099378881987589,True
E2304,2.34,2.34,0.0,0.0,True
E2305,4.6899999999999995,4.6899999999999995,0.0,0.0,True
E2306,6.52,6.52,0.0,0.0,True
E2307,4.13,4.13,0.0,0.0,True
E2308,2.01,2.01,0.0,0.0,True
E2309,0.6799999999999999,0.6799999999999999,0.0,0.0,True
E231,2.07,2.07,0.0,0.0,True
E2310,0.7,0.7,1.02,145.71428571428572,False
E2311,6.04,6.04,12.08,200.0,False
E2312,4.6899999999999995,4.6899999999999995,0.0,0.0,True
E2313,6.75,6.75,10.54,156.14814814814815,False
E2314,2.14,2.14,0.0,0.0,True
E2315,1.71,1.71,0.06000000000000005,3.5087719298245648,True
E2316,5.369999999999999,5.37,3.0599999999999996,56.98324022346368,False
E2317,7.56,7.5600000000000005,1.0199999999999998,13.49206349206349,True
E2318,18.33,18.33,0.9,4.909983633387889,True
E2319,5.35,5.35,0.0,0.0,True
E232,0.41,0.41,0.0,0.0,True
E2320,1.88,1.88,0.0,0.0,True
E2321,1.56,1.56,0.0,0.0,True
E2322,2.2,2.2,0.0,0.0,True
E2323,4.1,3.8999999999999995,2.5599999999999996,62.4390243902439,False
E2324,27.14,27.14,2.6199999999999988,9.653647752394985,True
E2325,3.28,3.28,0.0,0.0,True
E2326,12.120000000000001,12.12,1.4400000000000004,11.881188118811883,True
E2327,5.109999999999999,5.109999999999999,8.459999999999999,165.55772994129157,False
E2328,2.5500000000000003,2.55,0.2799999999999999,10.980392156862742,True
E2329,0.84,0.84,0.0,0.0,True
E233,9.120000000000001,9.030000000000001,13.09,143.53070175438594,False
E2330,2.8800000000000003,2.8800000000000003,0.0,0.0,True
E2331,1.7300000000000002,1.73,0.14000000000000007,8.09248554913295,True
E2332,7.5200000000000005,7.5200000000000005,9.48,126.06382978723404,False
E2333,1.33,1.33,2.16,162.406015037594,False
E2334,1.37,1.37,0.0,0.0,True
E2335,2.08,2.08,1.1,52.88461538461539,False
E2336,6.34,6.34,10.0,157.72870662460568,False
E2337,3.66,3.66,1.1600000000000001,31.693989071038253,False
E2338,6.35,6.35,1.3400000000000003,21.102362204724415,False
E2339,2.42,2.42,0.0,0.0,True
E234,6.94,6.94,0.0,0.0,True
E2340,7.75,7.75,0.19999999999999965,2.580645161290318,True
E2341,6.96,6.96,0.6799999999999997,9.770114942528732,True
E2342,6.279999999999999,6.28,3.06,48.726114649681534,False
E2343,3.41,3.41,0.0,0.0,True
E2344,1.83,1.83,3.3200000000000003,181.4207650273224,False
E2345,1.95,1.95,0.2999999999999998,15.384615384615376,True
E2346,8.600000000000001,8.600000000000001,4.8,55.813953488372086,False
E2347,2.2199999999999998,2.2199999999999998,0.0,0.0,True
E2348,2.74,2.74,4.12,150.36496350364962,False
E2349,1.48,1.48,1.52,102.70270270270271,False
E235,11.62,11.620000000000001,10.120000000000001,87.09122203098109,False
E2350,2.05,2.05,0.0,0.0,True
E2351,3.05,3.05,0.0,0.0,True
E2352,2.58,2.58,0.0,0.0,True
E2353,1.68,1.68,0.0,0.0,True
E2354,1.05,1.05,0.0,0.0,True
E2355,4.62,4.62,0.0,0.0,True
E2356,0.63,0.63,0.0,0.0,True
E2357,0.8800000000000001,0.8800000000000001,0.0,0.0,True
E2358,1.1099999999999999,1.1099999999999999,0.0,0.0,True
E2359,2.01,2.01,0.0,0.0,True
E236,1.81,1.81,0.0,0.0,True
E2360,0.76,0.76,0.0,0.0,True
E2361,0.86,0.86,0.0,0.0,True
E2362,4.55,4.55,0.0,0.0,True
E2363,2.33,2.33,0.0,0.0,True
E2364,4.76,4.76,9.52,200.0,False
E2365,2.34,2.34,2.16,92.3076923076923,False
E2366,1.08,1.08,0.0,0.0,True
E2367,3.14,3.14,0.0,0.0,True
E2368,1.59,1.59,0.0,0.0,True
E2369,1.6800000000000002,1.6800000000000002,0.0,0.0,True
E237,7.1,7.1,0.9800000000000001,13.802816901408454,True
E2370,2.19,2.19,0.0,0.0,True
E2371,2.84,2.84,0.0,0.0,True
E2372,0.79,0.79,0.0,0.0,True
E2373,1.5699999999999998,1.5699999999999998,0.040000000000000036,2.547770700636945,True
E2374,1.03,1.03,0.0,0.0,True
E2375,1.69,1.69,0.0,0.0,True
E2376,2.74,2.74,0.44000000000000017,16.058394160583944,True
E2377,0.69,0.69,0.6399999999999999,92.7536231884058,False
E2378,0.9,0.9,0.0,0.0,True
E2379,1.51,1.51,0.0,0.0,True
E238,0.96,0.96,0.0,0.0,True
E2380,0.93,0.93,0.0,0.0,True
E2381,0.6299999999999999,0.63,0.05999999999999997,9.523809523809522,True
E2382,2.08,2.08,0.0,0.0,True
E2383,1.74,1.74,0.96,55.17241379310345,False
E2384,2.6900000000000004,2.6900000000000004,0.16000000000000014,5.9479553903345765,True
E2385,2.8,2.8,0.11999999999999988,4.285714285714282,True
E2386,2.06,2.06,1.0,48.543689320388346,False
E2387,5.35,5.35,0.0,0.0,True
E2388,1.08,1.08,0.0,0.0,True
E2389,2.8699999999999997,2.87,5.74,200.00000000000003,False
E239,2.51,2.51,0.02000000000000024,0.7968127490039937,True
E2390,10.280000000000001,10.280000000000001,1.1400000000000006,11.08949416342413,True
E2391,1.1800000000000002,1.1800000000000002,0.0,0.0,True
E2392,1.99,1.99,0.0,0.0,True
E2393,1.6,1.6,0.0,0.0,True
E2394,3.25,3.25,0.0,0.0,True
E2395,1.73,1.73,0.0,0.0,True
E2396,4.59,4.59,1.1000000000000003,23.965141612200444,False
E2397,0.8200000000000001,0.8200000000000001,0.28,34.146341463414636,False
E2398,1.32,1.32,0.0,0.0,True
E2399,0.37,0.37,0.0,0.0,True
E24,2.37,2.3699999999999997,2.28,96.20253164556961,False
E240,1.11,1.11,2.22,200.0,False
E2400,1.07,1.07,0.0,0.0,True
E2401,0.84,0.84,0.09999999999999999,11.904761904761905,True
E2402,0.9299999999999999,0.9299999999999999,0.0,0.0,True
E2403,1.4800000000000002,1.48,2.34,158.1081081081081,False
E2404,0.63,0.63,0.0,0.0,True
E2405,0.53,0.53,0.0,0.0,True
E2406,10.270000000000001,10.270000000000001,0.13999999999999982,1.3631937682570574,True
E2407,9.47,9.469999999999999,1.3600000000000008,14.361140443505816,True
E2408,0.6400000000000001,0.6400000000000001,1.2800000000000002,200.0,False
E2409,2.5700000000000003,2.5700000000000003,0.0,0.0,True
E241,1.81,1.81,0.0,0.0,True
E2410,2.1799999999999997,2.1799999999999997,0.0,0.0,True
E2411,3.4000000000000004,3.4,1.0599999999999998,31.176470588235286,False
E2412,1.51,1.51,0.0,0.0,True
E2413,0.99,0.99,0.0,0.0,True
E2414,3.7,3.7,2.96,80.0,False
E2415,1.6400000000000001,1.6400000000000001,0.0,0.0,True
E2416,1.1,1.1,0.0,0.0,True
E2417,1.4300000000000002,1.4300000000000002,0.1399999999999999,9.790209790209781,True
E2418,4.33,4.33,1.1399999999999997,26.32794457274826,False
E2419,1.54,1.54,0.0,0.0,True
E242,1.67,1.67,1.44,86.22754491017965,False
E2420,0.63,0.63,0.0,0.0,True
E2421,1.87,1.8699999999999999,0.1399999999999998,7.486631016042769,True
E2422,1.3,1.3,0.0,0.0,True
E2423,7.41,7.41,5.5,74.22402159244264,False
E2424,2.29,2.29,0.44000000000000006,19.21397379912664,True
E2425,2.1399999999999997,2.14,0.0799999999999998,3.738317757009337,True
E2426,1.03,1.03,0.0,0.0,True
E2427,2.0,2.0,0.0,0.0,True
E2428,0.69,0.69,0.0,0.0,True
E2429,7.35,7.35,0.2400000000000001,3.265306122448981,True
E243,3.51,3.51,0.0,0.0,True
E2430,0.84,0.84,0.0,0.0,True
E2431,0.8600000000000001,0.8600000000000001,0.0,0.0,True
E2432,1.06,1.06,0.0,0.0,True
E2433,1.8199999999999998,1.82,0.0799999999999998,4.395604395604384,True
E2434,1.37,1.37,0.0,0.0,True
E2435,2.33,2.33,0.0,0.0,True
E2436,1.18,1.18,0.0,0.0,True
E2437,2.94,2.94,0.040000000000000036,1.3605442176870761,True
E2438,0.6,0.6,0.0,0.0,True
E2439,6.77,6.77,0.7599999999999998,11.225997045790248,True
E244,3.88,3.88,0.0,0.0,True
E2440,3.12,3.12,0.0,0.0,True
E2441,3.23,3.23,0.0,0.0,True
E2442,0.68,0.68,0.0,0.0,True
E2443,2.67,2.67,0.68,25.468164794007492,False
E2444,1.1,1.1,0.0,0.0,True
E2445,1.31,1.31,0.0,0.0,True
E2446,1.6400000000000001,1.6400000000000001,0.0,0.0,True
E2447,0.2,0.2,0.0,0.0,True
E2448,0.77,0.77,0.0,0.0,True
E2449,1.24,1.24,0.0,0.0,True
E245,23.130000000000003,23.130000000000003,7.34,31.733679204496323,False
E2450,3.23,3.2300000000000004,0.3800000000000001,11.764705882352946,True
E2451,1.8,1.8,0.10000000000000009,5.555555555555561,True
E2452,1.8100000000000003,1.8100000000000003,0.0,0.0,True
E2453,1.7100000000000002,1.7100000000000002,0.0,0.0,True
E2454,3.21,3.21,0.0,0.0,True
E2455,1.46,1.46,0.22000000000000003,15.068493150684935,True
E2456,0.62,0.62,0.0,0.0,True
E2457,0.85,0.85,0.0,0.0,True
E2458,1.19,1.1900000000000002,0.8400000000000001,70.58823529411767,False
E2459,5.24,5.24,8.32,158.77862595419847,False
E246,5.95,5.95,0.0,0.0,True
E2460,34.21,34.21,68.42,200.0,False
E2461,3.79,3.79,4.82,127.17678100263852,False
E2462,4.130000000000001,4.130000000000001,4.98,120.58111380145277,False
E2463,1.27,1.27,0.0,0.0,True
E2464,0.9,0.9,0.0,0.0,True
E2465,2.05,2.05,0.0,0.0,True
E2466,0.76,0.76,0.0,0.0,True
E2467,2.73,2.73,0.0,0.0,True
E2468,2.75,2.75,3.28,119.27272727272727,False
E2469,2.69,2.69,2.42,89.96282527881041,False
E247,3.9699999999999998,3.9699999999999998,0.0,0.0,True
E2470,0.94,0.94,0.0,0.0,True
E2471,11.41,11.41,0.3000000000000004,2.629272567922878,True
E2472,10.239999999999998,10.24,9.819999999999999,95.8984375,False
E2473,3.7199999999999998,3.7199999999999998,7.4399999999999995,200.0,False
E2474,9.969999999999999,9.969999999999999,2.0199999999999996,20.26078234704112,False
E2475,0.63,0.63,0.0,0.0,True
E2476,2.01,1.81,2.2199999999999998,110.44776119402985,False
E2477,0.65,0.65,0.0,0.0,True
E2478,0.76,0.76,0.0,0.0,True
E2479,1.3599999999999999,1.3599999999999999,1.46,107.3529411764706,False
E248,5.22,5.220000000000001,0.3199999999999992,6.130268199233701,True
E2480,7.06,7.06,14.12,200.0,False
E2481,4.11,4.109999999999999,0.36000000000000015,8.759124087591244,True
E2482,1.02,1.02,0.0,0.0,True
E2483,1.48,1.48,0.0,0.0,True
E2484,3.21,3.21,0.5800000000000001,18.068535825545172,True
E2485,3.01,3.0100000000000002,0.4800000000000002,15.946843853820607,True
E2486,2.87,2.87,0.0,0.0,True
E2487,3.3,3.3,0.0,0.0,True
E2488,1.88,1.88,0.0,0.0,True
E2489,2.5199999999999996,2.52,0.9400000000000001,37.30158730158731,False
E249,2.02,2.02,0.16000000000000014,7.920792079207928,True
E2490,3.4699999999999998,3.47,2.96,85.30259365994237,False
E2491,1.08,1.08,0.0,0.0,True
E2492,7.48,7.48,0.6199999999999994,8.288770053475927,True
E2493,1.19,1.19,0.14000000000000007,11.764705882352947,True
E2494,0.98,0.98,0.0,0.0,True
E2495,2.5,2.5,3.3600000000000003,134.40000000000003,False
E2496,2.87,2.87,0.6200000000000001,21.602787456446,False
E2497,4.48,4.48,0.7199999999999998,16.071428571428562,True
E2498,4.36,4.36,1.18,27.064220183486235,False
E2499,1.0,1.0,0.14,14.000000000000002,True
E25,3.6399999999999997,3.64,4.32,118.68131868131869,False
E250,3.14,3.14,0.0,0.0,True
E2500,3.08,3.08,6.16,200.0,False
E2501,8.0,8.0,1.6000000000000005,20.000000000000007,False
E2502,0.43000000000000005,0.43000000000000005,0.8600000000000001,200.0,False
E2503,1.21,1.21,0.32000000000000006,26.446280991735545,False
E2504,4.7,4.7,5.34,113.61702127659574,False
E2505,1.42,1.42,0.0,0.0,True
E2506,1.03,1.03,0.76,73.7864077669903,False
E2507,5.76,5.76,0.74,12.847222222222223,True
E2509,1.07,1.07,0.10000000000000009,9.345794392523372,True
E251,3.38,3.38,0.0,0.0,True
E2510,0.66,0.66,0.0,0.0,True
E2511,6.47,6.470000000000001,0.6599999999999988,10.200927357032441,True
E2512,0.46,0.46,0.0,0.0,True
E2513,3.6799999999999997,3.6799999999999997,0.47999999999999976,13.043478260869561,True
E2514,2.45,2.45,0.28000000000000014,11.428571428571434,True
E2515,1.3199999999999998,1.3199999999999998,0.020000000000000018,1.5151515151515167,True
E2516,3.01,3.0100000000000002,0.6800000000000003,22.59136212624586,False
E2517,1.22,1.22,0.0,0.0,True
E2518,4.529999999999999,4.53,1.6,35.32008830022075,False
E2519,0.6,0.6,0.0,0.0,True
E252,2.14,2.14,0.4,18.69158878504673,True
E2520,3.55,3.55,0.0,0.0,True
E2521,9.129999999999999,9.13,1.0600000000000012,11.610076670317648,True
E2522,2.4699999999999998,2.4699999999999998,0.0,0.0,True
E2523,1.1400000000000001,1.1400000000000001,0.0,0.0,True
E2524,9.46,9.46,6.6,69.76744186046511,False
E2525,4.31,4.31,8.62,200.0,False
E2526,1.95,1.95,0.43999999999999995,22.564102564102562,False
E2527,1.18,1.18,0.0,0.0,True
E2528,3.83,3.83,0.8199999999999998,21.40992167101827,False
E2529,1.04,1.04,0.0,0.0,True
E253,3.04,3.04,1.3200000000000003,43.42105263157896,False
E2530,3.5900000000000003,3.59,2.9799999999999995,83.00835654596098,False
E2531,2.63,2.63,0.5599999999999998,21.292775665399233,False
E2532,0.51,0.51,0.0,0.0,True
E2533,0.51,0.51,0.0,0.0,True
E2534,0.81,0.81,0.0,0.0,True
E2535,1.08,1.08,0.0,0.0,True
E2536,0.37,0.37,0.0,0.0,True
E2537,0.78,0.78,0.0,0.0,True
E2538,0.52,0.52,0.0,0.0,True
E2539,0.45,0.45,0.0,0.0,True
E254,2.9699999999999998,2.9699999999999998,0.0,0.0,True
E2540,5.42,5.42,0.2400000000000001,4.428044280442807,True
E2541,7.62,7.62,3.8000000000000007,49.868766404199484,False
E2542,2.13,2.13,0.2599999999999998,12.206572769953043,True
E2543,1.38,1.38,0.0,0.0,True
E2544,0.77,0.77,0.12000000000000005,15.584415584415591,True
E2545,2.93,2.93,0.0,0.0,True
E2546,2.47,2.47,0.0,0.0,True
E2547,2.88,2.88,0.0,0.0,True
E2548,1.12,1.12,0.0,0.0,True
E2549,1.44,1.44,1.44,100.0,False
E255,13.4,13.399999999999999,10.82,80.74626865671641,False
E2550,1.98,1.98,1.5,75.75757575757576,False
E2551,5.06,5.06,1.4000000000000004,27.667984189723327,False
E2552,1.2,1.2,0.0,0.0,True
E2553,2.2199999999999998,2.2199999999999998,0.0,0.0,True
E2554,2.01,2.01,0.0,0.0,True
E2555,6.83,6.83,0.7400000000000001,10.834553440702784,True
E2556,0.44,0.44,0.0,0.0,True
E2557,0.76,0.76,0.0,0.0,True
E2558,1.1099999999999999,1.1099999999999999,0.0,0.0,True
E2559,1.12,1.12,0.0,0.0,True
E256,11.620000000000001,11.620000000000001,1.92,16.52323580034423,True
E2560,2.4899999999999998,2.49,0.07999999999999957,3.212851405622473,True
E2561,0.98,0.98,0.0,0.0,True
E2562,1.46,1.4600000000000002,0.34000000000000014,23.287671232876722,False
E2563,0.82,0.82,0.30000000000000004,36.585365853658544,False
E2564,8.81,8.81,11.06,125.53916004540294,False
E2565,1.1099999999999999,1.1099999999999999,0.0,0.0,True
E2566,1.62,1.62,0.0,0.0,True
E2567,1.52,1.52,0.0,0.0,True
E2568,1.52,1.5199999999999998,0.8800000000000001,57.894736842105274,False
E2569,1.51,1.51,0.0,0.0,True
E257,11.66,11.66,1.8400000000000007,15.780445969125221,True
E2570,0.96,0.96,0.0,0.0,True
E2571,2.75,2.75,0.3599999999999999,13.090909090909086,True
E2572,1.66,1.66,0.0,0.0,True
E2573,1.83,1.83,0.78,42.62295081967213,False
E2574,2.89,2.89,0.9000000000000002,31.141868512110737,False
E2575,1.8599999999999999,1.8599999999999999,3.7199999999999998,200.0,False
E2576,2.5,2.5,0.41999999999999993,16.799999999999997,True
E2577,1.7000000000000002,1.7000000000000002,0.0,0.0,True
E2578,3.66,3.66,0.0,0.0,True
E2579,1.5,1.5,1.06,70.66666666666667,False
E258,11.55,11.549999999999999,3.88,33.59307359307359,False
E2580,3.48,3.48,0.3999999999999999,11.494252873563216,True
E2581,2.37,2.37,0.0,0.0,True
E2582,1.77,1.77,0.0,0.0,True
E2583,2.29,2.29,4.58,200.0,False
E2584,1.81,1.81,0.0,0.0,True
E2585,4.16,4.16,6.6000000000000005,158.65384615384616,False
E2586,1.44,1.44,0.0,0.0,True
E2587,2.0,2.0,0.0,0.0,True
E2588,3.2800000000000002,3.2800000000000002,0.0,0.0,True
E2589,0.95,0.95,0.0,0.0,True
E259,8.33,8.33,0.2599999999999989,3.1212484993997465,True
E2590,1.33,1.33,0.0,0.0,True
E2591,21.67,21.67,13.540000000000001,62.48269497000461,False
E2592,147.82,147.82,74.38,50.317954268705186,False
E2593,3.02,3.02,0.0,0.0,True
E2594,2.0,2.0,0.17999999999999988,8.999999999999995,True
E2595,1.11,1.1099999999999999,0.17999999999999985,16.216216216216203,True
E2596,1.25,1.25,0.0,0.0,True
E2597,0.8700000000000001,0.8700000000000001,0.10000000000000003,11.494252873563221,True
E2598,0.43,0.43,0.0,0.0,True
E2599,1.2,1.2,0.0,0.0,True
E26,0.9,0.9,0.0,0.0,True
E260,7.3,7.3,10.08,138.08219178082192,False
E2600,0.56,0.56,0.0,0.0,True
E2601,2.73,2.73,0.0,0.0,True
E2602,0.69,0.69,0.0,0.0,True
E2603,6.0600000000000005,6.0600000000000005,2.08,34.32343234323432,False
E2604,5.02,5.02,0.0,0.0,True
E2605,5.16,5.16,0.0,0.0,True
E2607,3.0700000000000003,3.07,3.1799999999999997,103.5830618892508,False
E2608,16.06,16.060000000000002,9.22,57.40971357409715,False
E2609,1.85,1.85,0.0,0.0,True
E261,18.6,18.6,6.539999999999999,35.16129032258063,False
E2610,2.03,2.03,0.0,0.0,True
E2611,2.47,2.47,2.9400000000000004,119.02834008097167,False
E2612,2.29,2.29,4.58,200.0,False
E2613,0.83,0.83,1.66,200.0,False
E2614,1.0,1.0,0.0,0.0,True
E2615,2.58,2.58,5.16,200.0,False
E2616,8.04,8.04,0.0,0.0,True
E2617,9.959999999999999,9.959999999999999,18.339999999999996,184.13654618473893,False
E2618,0.62,0.62,0.0,0.0,True
E2619,3.0999999999999996,3.0999999999999996,0.72,23.225806451612907,False
E262,1.06,1.06,0.0,0.0,True
E2620,3.1399999999999997,3.1399999999999997,0.0,0.0,True
E2621,0.84,0.84,0.0,0.0,True
E2622,6.6,6.6,2.0399999999999996,30.909090909090907,False
E2623,2.09,2.09,1.1799999999999997,56.45933014354066,False
E2624,1.54,1.54,0.0,0.0,True
E2625,0.49,0.49,0.0,0.0,True
E2626,8.559999999999999,8.56,2.4000000000000012,28.03738317757011,False
E2627,4.93,4.93,9.62,195.13184584178498,False
E2628,7.24,7.24,0.0,0.0,True
E2629,7.83,7.83,6.700000000000001,85.5683269476373,False
E263,9.01,9.01,2.4000000000000004,26.637069922308548,False
E2630,2.1500000000000004,2.1500000000000004,0.0,0.0,True
E2631,3.21,3.21,0.0,0.0,True
E2632,12.600000000000001,12.600000000000001,0.0,0.0,True
E2633,3.0100000000000002,3.0100000000000002,4.92,163.4551495016611,False
E2634,0.56,0.56,0.0,0.0,True
E2635,6.41,6.41,3.2600000000000002,50.858034321372855,False
E2636,2.51,2.5100000000000002,0.5000000000000002,19.920318725099612,True
E2637,2.1100000000000003,2.11,1.02,48.34123222748814,False
E2638,0.6699999999999999,0.6699999999999999,0.0,0.0,True
E2639,10.24,10.24,2.8599999999999994,27.929687499999993,False
E264,6.28,6.279999999999999,10.48,166.87898089171975,False
E2640,0.78,0.78,0.0,0.0,True
E2641,3.83,3.83,0.0,0.0,True
E2642,3.7,3.7,0.6400000000000003,17.297297297297305,True
E2643,0.6,0.6,1.2,200.0,False
E2644,1.53,1.53,0.0,0.0,True
E2645,1.44,1.44,0.0,0.0,True
E2646,1.12,1.12,0.0,0.0,True
E2647,1.94,1.94,0.7800000000000001,40.206185567010316,False
E2648,1.99,1.99,0.0,0.0,True
E2649,1.4200000000000002,1.4200000000000002,0.0,0.0,True
E265,7.1899999999999995,7.1899999999999995,4.54,63.143254520166906,False
E2650,2.31,2.31,0.0,0.0,True
E2651,1.62,1.62,0.0,0.0,True
E2652,6.16,6.16,7.96,129.2207792207792,False
E2653,1.07,1.07,0.0,0.0,True
E2654,2.8800000000000003,2.88,5.48,190.27777777777774,False
E2655,0.83,0.83,0.0,0.0,True
E2656,0.85,0.85,0.0,0.0,True
E2657,1.4700000000000002,1.4700000000000002,0.0,0.0,True
E2658,4.0600000000000005,4.0600000000000005,3.0,73.89162561576354,False
E2659,6.57,6.57,7.04,107.15372907153728,False
E266,2.5900000000000003,2.59,5.18,199.99999999999997,False
E2660,1.72,1.72,0.0,0.0,True
E2661,1.19,1.19,2.38,200.0,False
E2662,1.47,1.4700000000000002,0.44,29.931972789115648,False
E2663,9.01,9.01,3.64,40.399556048834626,False
E2664,1.94,1.94,0.09999999999999987,5.154639175257725,True
E2665,7.0200000000000005,7.02,0.3600000000000006,5.128205128205136,True
E2666,1.6400000000000001,1.6400000000000001,0.0,0.0,True
E2667,1.22,1.22,0.0,0.0,True
E2668,5.29,5.29,0.0,0.0,True
E2669,4.82,4.82,0.7800000000000002,16.18257261410789,True
E267,7.0,7.0,14.0,200.0,False
E2670,1.2,1.2,0.0,0.0,True
E2671,7.05,7.05,0.0,0.0,True
E2672,0.7999999999999999,0.7999999999999999,1.5999999999999999,200.00000000000003,False
E2673,0.99,0.99,0.0,0.0,True
E2674,4.1,4.1,0.0,0.0,True
E2675,4.68,4.68,3.84,82.05128205128206,False
E2676,0.53,0.53,0.0,0.0,True
E2677,1.64,1.64,0.0,0.0,True
E2678,1.27,1.27,0.0,0.0,True
E2679,5.16,5.16,0.56,10.852713178294575,True
E268,5.0600000000000005,5.0600000000000005,0.0,0.0,True
E2680,1.7100000000000002,1.71,0.5199999999999998,30.409356725146182,False
E2681,1.05,1.05,0.0,0.0,True
E2682,0.9199999999999999,0.9199999999999999,0.0,0.0,True
E2683,0.39,0.39,0.0,0.0,True
E2684,0.8,0.8,0.0,0.0,True
E2685,0.64,0.64,0.0,0.0,True
E2686,2.24,2.24,1.74,77.67857142857142,False
E2687,1.48,1.48,0.28,18.918918918918923,True
E2688,3.5300000000000002,3.5300000000000002,2.48,70.25495750708215,False
E2689,2.9800000000000004,2.98,0.16000000000000003,5.369127516778524,True
E269,15.62,15.620000000000001,7.48,47.887323943661976,False
E2690,1.02,1.02,0.0799999999999999,7.843137254901951,True
E2691,3.55,3.5500000000000003,0.4399999999999997,12.394366197183091,True
E2692,4.140000000000001,4.140000000000001,3.0000000000000004,72.46376811594203,False
E2693,6.18,6.18,0.0,0.0,True
E2694,2.57,2.5700000000000003,0.3999999999999997,15.56420233463034,True
E2695,1.39,1.39,0.0,0.0,True
E2696,7.65,7.65,4.640000000000001,60.653594771241835,False
E2697,2.5,2.5,0.0,0.0,True
E2698,4.5,4.5,0.0,0.0,True
E2699,6.16,6.159999999999999,9.419999999999998,152.92207792207788,False
E27,4.23,4.23,6.359999999999999,150.354609929078,False
E270,1.25,1.25,0.0,0.0,True
E2700,1.7,1.7,2.48,145.88235294117646,False
E2701,0.52,0.52,0.0,0.0,True
E2702,0.32,0.32,0.0,0.0,True
E2703,1.02,1.02,0.0,0.0,True
E2704,0.95,0.95,0.0,0.0,True
E2705,1.67,1.67,2.36,141.31736526946108,False
E2706,8.32,8.32,0.0,0.0,True
E2707,5.18,5.18,0.74,14.285714285714286,True
E2708,2.7300000000000004,2.73,2.0,73.26007326007326,False
E2709,1.55,1.55,3.1,200.0,False
E271,3.18,3.1799999999999997,0.3800000000000001,11.949685534591199,True
E2710,2.41,2.41,0.0,0.0,True
E2711,1.06,1.06,0.0,0.0,True
E2712,11.379999999999999,11.379999999999999,6.460000000000001,56.766256590509684,False
E2713,4.220000000000001,4.220000000000001,0.0,0.0,True
E2714,3.2300000000000004,3.2300000000000004,0.0,0.0,True
E2715,12.43,12.43,24.86,200.0,False
E2716,2.89,2.89,5.640000000000001,195.15570934256056,False
E2717,0.28,0.28,0.56,200.0,False
E2718,1.62,1.18,1.32,81.48148148148148,False
E2719,11.86,11.06,22.6,190.55649241146713,False
E272,7.9,7.9,0.0,0.0,True
E2720,0.65,0.65,0.0,0.0,True
E2721,1.71,1.71,0.0,0.0,True
E2722,7.12,7.119999999999999,13.54,190.1685393258427,False
E2723,1.5499999999999998,1.5499999999999998,0.11999999999999994,7.741935483870965,True
E2724,4.26,4.26,0.8200000000000003,19.24882629107982,True
E2725,2.87,2.87,5.74,200.0,False
E2726,1.68,1.68,0.0,0.0,True
E2727,2.34,2.34,0.52,22.222222222222225,False
E2728,3.6200000000000006,3.6200000000000006,1.3400000000000003,37.01657458563536,False
E2729,0.61,0.61,0.0,0.0,True
E2730,1.04,1.04,0.0,0.0,True
E2731,0.44,0.44,0.040000000000000036,9.090909090909099,True
E2732,0.7,0.7,0.0,0.0,True
E2733,7.710000000000001,7.709999999999999,6.299999999999999,81.71206225680932,False
E2734,4.58,4.58,0.0,0.0,True
E2735,0.35,0.35,0.0,0.0,True
E2736,1.1,1.1,0.0,0.0,True
E2737,2.18,2.18,0.0,0.0,True
E2738,16.169999999999998,16.169999999999998,25.539999999999996,157.9468150896722,False
E2739,1.1,1.1,0.0,0.0,True
E274,8.59,8.59,4.74,55.180442374854486,False
E2740,0.84,0.84,0.0,0.0,True
E2741,0.94,0.94,0.0,0.0,True
E2742,7.61,7.61,6.9,90.67017082785807,False
E2743,21.35,21.35,0.0,0.0,True
E2744,2.8600000000000003,2.8600000000000003,0.0,0.0,True
E2745,3.66,3.66,0.0,0.0,True
E2746,0.41,0.41,0.0,0.0,True
E2747,1.55,1.55,0.0,0.0,True
E2748,1.9500000000000002,1.9500000000000002,0.0,0.0,True
E2749,3.48,3.48,0.7199999999999998,20.689655172413786,False
E275,6.52,6.52,9.28,142.33128834355827,False
E2750,5.05,5.05,0.9599999999999993,19.009900990098995,True
E2751,7.31,7.3100000000000005,4.420000000000001,60.465116279069775,False
E2752,0.17,0.17,0.0,0.0,True
E2753,3.6,3.5999999999999996,3.96,110.0,False
E2754,0.9299999999999999,0.93,1.5,161.29032258064518,False
E2755,0.75,0.75,0.0,0.0,True
E2756,1.12,1.12,0.0,0.0,True
E2757,2.0599999999999996,2.0599999999999996,0.0,0.0,True
E2758,1.44,1.44,0.0,0.0,True
E2759,4.05,4.050000000000001,1.02,25.185185185185187,False
E276,4.72,4.72,1.38,29.23728813559322,False
E2760,1.3199999999999998,1.3199999999999998,0.0,0.0,True
E2761,3.17,3.17,3.5,110.41009463722398,False
E2762,7.2,7.2,0.0,0.0,True
E2763,1.01,1.01,0.0,0.0,True
E2764,2.39,2.39,0.0,0.0,True
E2765,1.0,1.0,0.10000000000000003,10.000000000000004,True
E2766,24.179999999999996,24.179999999999996,1.76,7.2787427626137315,True
E2767,1.15,1.15,0.0,0.0,True
E2768,4.23,4.23,0.8199999999999998,19.385342789598102,True
E2769,0.62,0.62,0.9000000000000001,145.16129032258067,False
E277,13.530000000000001,13.53,1.46,10.790835181079082,True
E2770,0.97,0.97,0.0,0.0,True
E2771,4.8100000000000005,4.8100000000000005,0.43999999999999995,9.147609147609145,True
E2772,1.74,1.74,0.0,0.0,True
E2773,3.16,3.16,0.0,0.0,True
E2774,1.6,1.6,0.30000000000000004,18.75,True
E2775,3.29,3.29,2.92,88.75379939209726,False
E2776,1.3599999999999999,1.3599999999999999,0.82,60.294117647058826,False
E2777,3.32,3.32,0.0,0.0,True
E2778,0.53,0.53,0.0,0.0,True
E2779,4.35,4.35,0.0,0.0,True
E278,19.29,19.29,14.199999999999998,73.6132711249352,False
E2780,1.68,1.68,0.10000000000000005,5.952380952380956,True
E2781,1.1,1.1,0.17999999999999983,16.363636363636346,True
E2782,1.03,1.03,0.0,0.0,True
E2783,4.35,4.35,0.5800000000000001,13.333333333333336,True
E2784,9.58,9.58,0.0,0.0,True
E2785,1.46,1.46,0.0,0.0,True
E2786,6.700000000000001,6.7,13.4,199.99999999999997,False
E2787,3.67,3.67,0.0,0.0,True
E2788,1.2,1.2,0.0,0.0,True
E2789,6.58,6.58,11.1,168.69300911854103,False
E279,2.2199999999999998,2.2199999999999998,0.0,0.0,True
E2790,2.48,2.48,4.96,200.0,False
E2791,4.11,4.109999999999999,0.4599999999999995,11.192214111922128,True
E2792,1.82,1.82,0.0,0.0,True
E2793,1.54,1.54,0.0,0.0,True
E2794,3.99,3.99,0.0,0.0,True
E2795,1.07,1.07,0.0,0.0,True
E2796,1.1,1.1,0.0,0.0,True
E2797,2.83,2.8299999999999996,2.94,103.886925795053,False
E2798,5.15,5.15,0.0,0.0,True
E2799,1.5899999999999999,1.59,0.15999999999999986,10.062893081760999,True
E28,1.55,1.55,1.56,100.64516129032258,False
E280,0.43000000000000005,0.43000000000000005,0.0,0.0,True
E2800,8.66,8.66,9.98,115.24249422632795,False
E2801,1.1600000000000001,1.1600000000000001,0.0,0.0,True
E2802,0.93,0.93,0.0,0.0,True
E2803,0.96,0.96,0.0,0.0,True
E2804,2.9,2.9,0.0,0.0,True
E2805,4.14,4.14,0.0,0.0,True
E2806,0.6,0.6,1.2,200.0,False
E2807,0.66,0.66,0.0,0.0,True
E2808,3.48,3.48,0.24000000000000013,6.896551724137935,True
E2809,0.8400000000000001,0.8400000000000001,0.0,0.0,True
E281,5.319999999999999,5.319999999999999,1.8399999999999999,34.58646616541354,False
E2810,0.4,0.4,0.0,0.0,True
E2811,1.6300000000000001,1.63,0.3599999999999998,22.085889570552133,False
E2812,1.83,1.83,0.0,0.0,True
E2815,6.82,6.82,1.1600000000000001,17.008797653958947,True
E2816,1.5899999999999999,1.59,0.14000000000000007,8.805031446540886,True
E2817,7.92,7.92,5.640000000000001,71.21212121212122,False
E2818,0.22000000000000003,0.22000000000000003,0.0,0.0,True
E2819,10.129999999999999,10.129999999999999,0.35999999999999993,3.553800592300098,True
E282,23.81,23.81,0.7599999999999991,3.191936161276771,True
E2820,4.98,4.9799999999999995,2.6199999999999997,52.61044176706826,False
E2821,22.31,22.310000000000002,34.86,156.2528014343344,False
E2822,3.3200000000000003,3.32,1.2200000000000002,36.74698795180723,False
E2823,3.24,3.24,3.2600000000000002,100.61728395061728,False
E2824,2.31,2.31,0.3599999999999999,15.584415584415577,True
E2825,0.55,0.55,1.1,200.0,False
E2826,3.79,3.79,1.7400000000000002,45.910290237467024,False
E2827,6.9399999999999995,6.94,1.8999999999999995,27.377521613832847,False
E2828,2.44,2.44,0.0,0.0,True
E2829,1.22,1.22,0.0,0.0,True
E283,2.13,2.13,0.2999999999999999,14.084507042253517,True
E2830,2.45,2.45,0.0,0.0,True
E2831,2.17,2.17,0.0,0.0,True
E2832,0.45,0.45,0.0,0.0,True
E2833,0.44,0.44,0.0,0.0,True
E2834,8.61,8.61,17.22,200.0,False
E2835,2.89,2.89,5.78,200.0,False
E2836,6.54,6.54,0.0,0.0,True
E2837,2.18,2.1799999999999997,0.060000000000000026,2.752293577981652,True
E2838,1.9100000000000001,1.91,0.5200000000000002,27.225130890052366,False
E2839,33.82,33.82,52.739999999999995,155.94322885866347,False
E284,6.39,6.390000000000001,4.5,70.42253521126761,False
E2840,0.8,0.8,0.6400000000000001,80.00000000000001,False
E2841,3.0199999999999996,3.0199999999999996,0.3600000000000002,11.920529801324513,True
E2842,2.85,2.85,0.0,0.0,True
E2843,8.2,7.75,1.7899999999999991,21.82926829268292,False
E2844,3.25,3.25,0.1200000000000001,3.6923076923076956,True
E2845,1.17,1.17,0.0,0.0,True
E2846,0.51,0.51,0.0,0.0,True
E2847,0.49,0.49,0.020000000000000018,4.081632653061228,True
E2848,2.21,2.21,0.0,0.0,True
E2849,1.83,1.83,0.0,0.0,True
E285,9.489999999999998,9.49,11.96,126.027397260274,False
E2850,3.29,3.29,0.0,0.0,True
E2851,0.85,0.85,0.0,0.0,True
E2852,3.85,3.85,4.86,126.23376623376625,False
E2853,6.8,6.8,6.199999999999999,91.17647058823528,False
E2854,1.47,1.47,0.0,0.0,True
E2855,2.7300000000000004,2.73,0.20000000000000007,7.3260073260073275,True
E2856,1.2,1.2,0.0,0.0,True
E2857,2.24,2.2399999999999998,1.2999999999999998,58.03571428571427,False
E2858,1.66,1.66,0.0,0.0,True
E2859,2.5300000000000002,2.53,0.37999999999999967,15.019762845849787,True
E286,13.2,13.2,0.0,0.0,True
E2860,1.28,1.28,0.0,0.0,True
E2861,3.18,3.18,1.52,47.79874213836478,False
E2862,2.29,2.29,0.0,0.0,True
E2863,3.04,3.04,0.0,0.0,True
E2864,2.89,2.89,0.9600000000000002,33.21799307958478,False
E2865,0.49,0.49,0.0,0.0,True
E2866,0.47,0.47,0.0,0.0,True
E2867,3.42,3.42,0.84,24.56140350877193,False
E2868,2.05,2.05,0.0,0.0,True
E2869,3.3,3.3,0.0,0.0,True
E287,14.809999999999999,14.81,4.799999999999999,32.41053342336259,False
E2870,1.47,1.47,0.0,0.0,True
E2871,0.63,0.63,0.0,0.0,True
E2872,1.79,1.79,0.5200000000000001,29.050279329608944,False
E2873,3.2699999999999996,3.27,0.3999999999999998,12.232415902140668,True
E2874,1.9900000000000002,1.9900000000000002,0.0,0.0,True
E2875,4.4399999999999995,4.4399999999999995,0.0,0.0,True
E2876,0.73,0.73,0.0,0.0,True
E2877,0.9099999999999999,0.9099999999999999,0.09999999999999998,10.989010989010987,True
E2878,5.97,5.97,3.84,64.32160804020101,False
E2879,0.46,0.46,0.0,0.0,True
E288,10.660000000000002,10.66,21.32,199.99999999999997,False
E2880,0.83,0.83,0.0,0.0,True
E2881,2.7,2.7,0.5399999999999998,19.99999999999999,True
E2882,2.35,2.35,0.5800000000000002,24.680851063829795,False
E2883,2.42,2.42,1.48,61.15702479338843,False
E2884,0.43,0.43,0.0,0.0,True
E2885,1.17,1.17,0.0,0.0,True
E2886,1.77,1.77,0.0,0.0,True
E2887,3.61,3.6100000000000003,5.82,161.21883656509695,False
E2888,0.88,0.88,0.0,0.0,True
E2889,0.47,0.47,0.0,0.0,True
E289,21.700000000000003,21.7,4.880000000000001,22.48847926267281,False
E2890,0.99,0.9900000000000001,0.54,54.54545454545455,False
E2891,10.690000000000001,10.69,1.4400000000000004,13.470533208606176,True
E2892,0.14,0.14,0.0,0.0,True
E2893,0.96,0.96,0.0,0.0,True
E2894,1.01,1.01,0.0,0.0,True
E2895,2.11,2.11,0.0,0.0,True
E2896,2.86,2.86,5.279999999999999,184.61538461538458,False
E2897,8.89,8.89,0.0,0.0,True
E2898,1.51,1.51,0.0,0.0,True
E2899,0.74,0.74,0.0,0.0,True
E29,2.24,2.24,0.6600000000000001,29.46428571428572,False
E290,2.95,2.95,0.0,0.0,True
E2900,0.7,0.7,1.4,200.0,False
E2901,1.09,1.09,0.0,0.0,True
E2902,1.26,1.26,0.0,0.0,True
E2903,7.15,7.15,0.8599999999999999,12.027972027972025,True
E2904,0.86,0.86,0.0,0.0,True
E2905,3.32,3.32,4.34,130.72289156626508,False
E2906,0.78,0.78,0.0,0.0,True
E2907,2.87,2.87,3.3200000000000003,115.67944250871079,False
E2908,2.31,2.31,0.020000000000000018,0.8658008658008666,True
E2909,1.42,1.42,0.0,0.0,True
E291,5.1,5.1,0.0,0.0,True
E2910,0.46,0.46,0.0,0.0,True
E2911,7.9399999999999995,7.9399999999999995,4.359999999999999,54.91183879093199,False
E2912,1.46,1.46,0.11999999999999988,8.219178082191775,True
E2913,1.2000000000000002,1.2000000000000002,0.0,0.0,True
E2914,1.22,1.22,0.0,0.0,True
E2915,2.33,2.33,0.0,0.0,True
E2916,1.03,1.03,0.0,0.0,True
E2917,2.46,2.46,0.0,0.0,True
E2918,2.6900000000000004,2.69,0.8400000000000001,31.226765799256505,False
E2919,5.8100000000000005,5.81,5.319999999999999,91.56626506024094,False
E292,2.8499999999999996,2.8499999999999996,0.0,0.0,True
E2920,15.82,15.82,8.54,53.98230088495574,False
E2921,0.65,0.65,0.0,0.0,True
E2922,1.93,1.93,0.0,0.0,True
E2923,0.72,0.72,0.24,33.333333333333336,False
E2924,1.8,1.8,0.18000000000000016,10.000000000000007,True
E2925,2.52,2.52,0.54,21.428571428571427,False
E2926,0.38,0.38,0.0,0.0,True
E2927,0.42,0.42,0.0,0.0,True
E2928,0.7500000000000001,0.75,0.31999999999999995,42.66666666666666,False
E2929,0.36000000000000004,0.36,0.24000000000000002,66.66666666666667,False
E293,5.21,5.21,0.9399999999999995,18.042226487523983,True
E2930,5.66,5.66,0.9600000000000009,16.961130742049484,True
E2931,0.59,0.59,0.0,0.0,True
E2932,3.16,3.16,0.0,0.0,True
E2933,1.0699999999999998,1.0699999999999998,0.1399999999999999,13.084112149532702,True
E2934,3.8600000000000003,3.8600000000000003,6.0600000000000005,156.99481865284972,False
E2935,3.2,3.2,0.5800000000000001,18.125,True
E2936,3.63,3.63,1.7000000000000002,46.83195592286502,False
E2937,0.75,0.75,0.0,0.0,True
E2938,0.66,0.66,0.0,0.0,True
E2939,2.4299999999999997,2.43,2.12,87.24279835390948,False
E294,3.6100000000000003,3.6100000000000003,0.0,0.0,True
E2940,2.8099999999999996,2.8099999999999996,0.0,0.0,True
E2941,1.4000000000000001,1.4000000000000001,0.0,0.0,True
E2942,3.61,3.61,0.4400000000000003,12.188365650969537,True
E2943,3.76,3.76,0.25999999999999984,6.914893617021273,True
E2944,1.08,1.08,0.0,0.0,True
E2945,1.35,1.35,0.0,0.0,True
E2946,1.51,1.51,1.7999999999999998,119.20529801324501,False
E2947,1.85,1.85,0.0,0.0,True
E2948,3.62,3.62,1.92,53.03867403314917,False
E2949,1.08,1.08,0.0,0.0,True
E295,3.6,3.6,0.0,0.0,True
E2950,4.59,4.590000000000001,3.54,77.12418300653594,False
E2951,0.91,0.91,0.0,0.0,True
E2952,0.79,0.79,0.0,0.0,True
E2953,7.68,7.680000000000001,15.36,200.0,False
E2954,5.95,5.95,4.74,79.66386554621849,False
E2955,4.51,4.51,0.96,21.286031042128606,False
E2956,4.37,4.37,0.5400000000000005,12.356979405034336,True
E2957,4.25,4.25,0.0,0.0,True
E2958,2.48,2.48,0.0,0.0,True
E2959,2.71,2.71,1.9400000000000004,71.58671586715869,False
E296,8.780000000000001,8.780000000000001,6.239999999999999,71.07061503416854,False
E2960,2.1,2.1,4.2,200.0,False
E2961,2.02,2.02,0.0,0.0,True
E2962,1.12,1.12,0.0,0.0,True
E2963,6.63,6.63,0.0,0.0,True
E2964,0.5,0.5,0.0,0.0,True
E2965,10.07,10.07,0.0,0.0,True
E2966,1.97,1.97,0.0,0.0,True
E2967,0.9199999999999999,0.92,0.09999999999999992,10.869565217391298,True
E2968,12.180000000000001,12.18,24.36,199.99999999999997,False
E2969,6.54,6.54,0.0,0.0,True
E297,1.74,1.7399999999999998,0.68,39.08045977011494,False
E2970,4.52,4.5200000000000005,0.8400000000000003,18.584070796460185,True
E2971,1.5500000000000003,1.55,0.6800000000000002,43.87096774193549,False
E2972,3.6,3.5999999999999996,0.18000000000000027,5.000000000000008,True
E2973,1.01,1.01,0.0,0.0,True
E2974,4.59,4.59,0.0,0.0,True
E2975,0.16,0.16,0.0,0.0,True
E2976,1.95,1.95,0.0,0.0,True
E2977,2.5100000000000002,2.5100000000000002,0.0,0.0,True
E2978,10.54,10.540000000000001,17.54,166.4136622390892,False
E2979,2.55,2.55,0.0,0.0,True
E298,5.95,5.95,0.0,0.0,True
E2980,10.84,10.84,1.4599999999999995,13.468634686346858,True
E2981,3.77,3.77,4.36,115.64986737400532,False
E2982,1.0,1.0,0.0,0.0,True
E2983,2.91,2.91,0.0,0.0,True
E2984,1.7199999999999998,1.7199999999999998,2.7199999999999998,158.13953488372096,False
E2985,1.47,1.47,0.0,0.0,True
E2986,8.3,8.3,0.2,2.4096385542168672,True
E2987,1.28,1.28,0.0,0.0,True
E2988,1.12,1.12,0.0,0.0,True
E2989,5.13,5.13,0.16000000000000014,3.1189083820662797,True
E299,1.83,1.83,0.0,0.0,True
E2990,9.580000000000002,9.58,16.92,176.6179540709812,False
E2991,1.69,1.69,0.040000000000000036,2.366863905325446,True
E2992,0.55,0.55,0.0,0.0,True
E2993,2.46,2.46,0.0,0.0,True
E2994,2.24,2.24,2.34,104.46428571428571,False
E2995,1.86,1.86,0.0,0.0,True
E2996,1.88,1.88,0.0,0.0,True
E2997,0.45,0.45,0.0,0.0,True
E2998,1.27,1.27,0.0,0.0,True
E2999,20.58,20.58,0.0,0.0,True
E3,3.07,3.07,4.18,136.15635179153094,False
E30,11.26,11.26,14.739999999999998,130.9058614564831,False
E300,5.96,5.96,1.5599999999999998,26.174496644295296,False
E3000,11.030000000000001,11.030000000000001,1.6000000000000005,14.505893019038988,True
E3001,1.61,1.61,3.22,200.0,False
E3002,1.3599999999999999,1.3599999999999999,0.0,0.0,True
E3003,1.21,1.21,0.0,0.0,True
E3004,1.45,1.45,0.0,0.0,True
E3005,0.77,0.77,0.0,0.0,True
E3006,3.3899999999999997,3.3899999999999997,3.2799999999999994,96.7551622418879,False
E3007,3.1799999999999997,3.1799999999999997,0.0,0.0,True
E3008,1.65,1.65,0.0,0.0,True
E3009,2.7600000000000002,2.7600000000000002,2.2800000000000002,82.60869565217392,False
E301,5.960000000000001,5.96,9.82,164.7651006711409,False
E3010,7.72,7.720000000000001,4.74,61.39896373056995,False
E3011,1.37,1.37,1.52,110.94890510948905,False
E3012,1.02,1.02,0.16000000000000014,15.686274509803935,True
E3013,0.31000000000000005,0.31000000000000005,0.060000000000000026,19.354838709677423,True
E3014,15.63,15.63,31.26,200.0,False
E3015,39.06,39.06,78.12,200.0,False
E3016,0.73,0.73,1.28,175.34246575342465,False
E3017,1.4100000000000001,1.4100000000000001,0.0,0.0,True
E3018,0.91,0.91,0.0,0.0,True
E3019,1.78,1.78,0.08000000000000007,4.494382022471914,True
E302,2.31,2.31,0.0,0.0,True
E3020,4.64,4.640000000000001,0.72,15.517241379310345,True
E3021,1.26,1.26,0.0,0.0,True
E3022,2.3800000000000003,2.38,4.76,199.99999999999997,False
E3023,2.01,2.01,4.02,200.0,False
E3024,0.25,0.25,0.0,0.0,True
E3025,1.42,1.42,0.0,0.0,True
E3026,3.14,3.14,0.0,0.0,True
E3027,0.7000000000000001,0.7000000000000001,0.0,0.0,True
E3028,0.69,0.6900000000000001,1.38,200.00000000000003,False
E3029,2.73,2.73,0.0,0.0,True
E303,1.7,1.7000000000000002,0.19999999999999984,11.764705882352933,True
E3030,3.2399999999999998,3.24,6.48,200.00000000000003,False
E3031,1.15,1.15,0.0,0.0,True
E3032,9.5,9.5,8.16,85.89473684210526,False
E3033,1.03,1.03,0.0,0.0,True
E3034,0.43,0.43,0.0,0.0,True
E3035,3.04,3.04,0.0,0.0,True
E3036,1.0,1.0,0.0,0.0,True
E3037,18.71,18.71,37.42,200.0,False
E3038,3.8600000000000003,3.86,0.7199999999999998,18.652849740932634,True
E3039,2.5700000000000003,2.5700000000000003,0.0,0.0,True
E304,3.9,3.9,0.0,0.0,True
E3040,5.3100000000000005,5.3100000000000005,7.320000000000001,137.85310734463278,False
E3041,2.96,2.96,0.0,0.0,True
E3042,0.21000000000000002,0.21000000000000002,0.0,0.0,True
E3043,1.8900000000000001,1.8900000000000001,0.0,0.0,True
E3044,3.3400000000000003,3.34,5.48,164.07185628742513,False
E3045,1.28,1.28,0.0,0.0,True
E3046,1.9700000000000002,1.9700000000000002,0.56,28.426395939086294,False
E3047,1.9300000000000002,1.9300000000000002,0.21999999999999997,11.398963730569946,True
E3048,1.97,1.97,0.0,0.0,True
E3049,4.25,4.25,0.6000000000000003,14.117647058823536,True
E305,20.97,20.97,5.859999999999999,27.944682880305198,False
E3050,1.46,1.46,0.0,0.0,True
E3051,4.07,4.07,1.1399999999999997,28.009828009828002,False
E3052,0.21,0.21,0.0,0.0,True
E3053,1.09,1.09,0.6600000000000001,60.55045871559634,False
E3054,3.83,3.83,3.7,96.60574412532637,False
E3055,2.5999999999999996,2.5999999999999996,0.0,0.0,True
E3056,0.96,0.96,0.0,0.0,True
E3057,6.17,6.17,4.02,65.15397082658022,False
E3058,0.37,0.37,0.0,0.0,True
E3059,1.4300000000000002,1.4300000000000002,0.020000000000000018,1.3986013986013996,True
E306,7.72,7.720000000000001,7.12,92.2279792746114,False
E3060,0.54,0.54,0.0,0.0,True
E3061,0.58,0.58,1.16,200.0,False
E3062,3.27,3.27,3.76,114.98470948012232,False
E3063,0.31,0.31,0.0,0.0,True
E3064,3.17,3.17,0.5,15.772870662460567,True
E3065,1.4100000000000001,1.4100000000000001,0.33999999999999997,24.113475177304963,False
E3066,3.27,3.27,0.09999999999999964,3.058103975535157,True
E3067,9.27,9.27,0.76,8.198489751887811,True
E3068,11.99,11.75,3.040000000000001,25.354462051709767,False
E3069,0.33999999999999997,0.33999999999999997,0.0,0.0,True
E307,8.53,8.530000000000001,2.500000000000001,29.30832356389216,False
E3070,5.75,5.75,0.5199999999999999,9.043478260869565,True
E3071,1.35,1.35,0.0,0.0,True
E3072,1.32,1.32,0.6000000000000001,45.45454545454546,False
E3073,2.12,2.12,0.0,0.0,True
E3074,7.85,7.85,0.0,0.0,True
E3075,5.93,5.93,0.0,0.0,True
E3076,3.84,3.84,0.0,0.0,True
E3077,8.38,8.25,8.110000000000001,96.77804295942721,False
E3078,1.1,1.1,1.8400000000000003,167.27272727272728,False
E3079,4.74,4.74,1.4800000000000002,31.223628691983127,False
E308,2.6,2.6,2.1,80.76923076923076,False
E3080,10.45,10.45,15.38,147.17703349282297,False
E3081,1.26,1.26,0.0,0.0,True
E3082,1.86,1.86,0.0,0.0,True
E3083,0.75,0.75,0.0,0.0,True
E3084,8.34,8.34,0.0,0.0,True
E3085,7.459999999999999,7.459999999999999,0.42,5.630026809651476,True
E3086,2.15,1.98,2.55,118.60465116279069,False
E3087,6.2299999999999995,6.2299999999999995,6.02,96.62921348314607,False
E3088,0.45,0.45,0.0,0.0,True
E3089,1.1400000000000001,1.1400000000000001,0.0,0.0,True
E309,1.31,1.31,0.0,0.0,True
E3090,1.17,1.17,0.29999999999999993,25.641025641025635,False
E3091,0.8,0.8,0.0,0.0,True
E3092,2.98,2.98,0.7600000000000002,25.503355704697995,False
E3093,0.8,0.8,0.0,0.0,True
E3094,0.79,0.79,0.0,0.0,True
E3095,3.07,3.07,0.0,0.0,True
E3096,19.67,19.669999999999998,0.4400000000000024,2.236908998474847,True
E3097,0.65,0.65,0.30000000000000004,46.15384615384616,False
E3098,1.87,1.87,0.0,0.0,True
E3099,0.91,0.91,0.0,0.0,True
E31,0.47000000000000003,0.47000000000000003,0.0,0.0,True
E310,3.13,3.13,0.07999999999999996,2.5559105431309894,True
E3100,2.07,2.07,0.0,0.0,True
E3101,2.7600000000000002,2.7600000000000002,0.5200000000000001,18.84057971014493,True
E3102,2.8200000000000003,2.8200000000000003,1.54,54.609929078014176,False
E3103,3.33,3.33,0.0,0.0,True
E3104,0.91,0.91,0.0,0.0,True
E3105,0.77,0.77,0.0,0.0,True
E3106,4.4399999999999995,4.4399999999999995,0.6800000000000006,15.31531531531533,True
E3107,0.7400000000000001,0.74,1.48,199.99999999999997,False
E3108,3.31,3.31,1.74,52.56797583081571,False
E3109,3.85,3.8500000000000005,5.5,142.85714285714286,False
E311,9.379999999999999,9.38,4.239999999999999,45.20255863539445,False
E3110,0.93,0.93,0.0,0.0,True
E3111,1.9400000000000002,1.9400000000000002,0.0,0.0,True
E3112,2.17,2.17,0.48,22.119815668202765,False
E3114,0.86,0.86,0.0,0.0,True
E3115,1.14,1.14,0.0,0.0,True
E3116,0.87,0.87,0.0,0.0,True
E3117,3.9800000000000004,3.9800000000000004,0.5800000000000001,14.57286432160804,True
E3118,1.4,1.4,0.0,0.0,True
E3119,1.24,1.24,0.39999999999999997,32.25806451612903,False
E312,1.23,1.23,0.0,0.0,True
E3120,10.19,10.19,9.219999999999999,90.48086359175662,False
E3121,6.37,6.37,1.0,15.698587127158556,True
E3122,57.510000000000005,57.31,6.059999999999997,10.537297861241516,True
E3123,21.919999999999998,21.92,0.6600000000000019,3.0109489051094984,True
E3124,4.859999999999999,4.859999999999999,9.719999999999999,200.0,False
E3125,3.51,3.51,5.359999999999999,152.7065527065527,False
E3126,4.12,3.5700000000000003,2.25,54.61165048543689,False
E3127,7.52,7.52,0.0,0.0,True
E3128,30.14,30.14,21.58,71.59920371599203,False
E3129,3.9,3.9,0.0,0.0,True
E313,5.73,5.73,1.2200000000000002,21.291448516579408,False
E3130,2.18,2.18,3.4000000000000004,155.9633027522936,False
E3131,1.99,1.99,3.98,200.0,False
E3132,1.24,1.24,0.0,0.0,True
E3133,1.62,1.62,0.0,0.0,True
E3134,0.19,0.19,0.0,0.0,True
E3135,0.23,0.23,0.0,0.0,True
E3136,2.2199999999999998,2.2199999999999998,0.28000000000000025,12.612612612612626,True
E3137,4.1,4.1,0.9200000000000002,22.439024390243908,False
E3138,0.8,0.8,0.0,0.0,True
E3139,2.45,2.45,0.0,0.0,True
E314,7.63,7.63,1.3399999999999999,17.562254259501966,True
E3140,5.34,5.34,1.92,35.95505617977528,False
E3141,1.04,1.04,0.0,0.0,True
E3142,6.48,6.4799999999999995,1.14,17.592592592592588,True
E3143,3.71,3.71,7.42,200.0,False
E3144,2.56,2.56,0.16,6.25,True
E3145,1.41,1.41,0.0,0.0,True
E3146,1.32,1.32,0.0,0.0,True
E3147,3.61,3.61,0.0,0.0,True
E3148,6.369999999999999,6.369999999999999,0.2400000000000002,3.767660910518057,True
E3149,9.55,9.55,6.66,69.73821989528795,False
E315,6.32,6.32,0.8999999999999999,14.240506329113922,True
E3150,2.3899999999999997,2.3899999999999997,0.0,0.0,True
E3151,0.19,0.19,0.0,0.0,True
E3152,4.960000000000001,4.960000000000001,8.940000000000001,180.24193548387095,False
E3153,1.1,1.1,0.0,0.0,True
E3154,3.78,3.78,0.37999999999999995,10.052910052910052,True
E3155,1.9,1.9,0.0,0.0,True
E3156,0.15,0.15,0.0,0.0,True
E3157,1.35,1.35,0.0,0.0,True
E3158,2.61,2.61,0.0,0.0,True
E3159,1.46,1.46,0.0,0.0,True
E316,3.81,3.81,0.2999999999999998,7.874015748031491,True
E3160,3.61,3.61,0.26,7.202216066481995,True
E3161,3.94,3.94,0.7199999999999998,18.274111675126896,True
E3162,0.33,0.33,0.0,0.0,True
E3163,0.45,0.45,0.0,0.0,True
E3164,3.83,3.83,0.7400000000000002,19.321148825065283,True
E3165,2.87,2.87,0.5400000000000003,18.815331010452972,True
E3166,1.55,1.55,1.78,114.83870967741935,False
E3167,2.42,2.42,0.0,0.0,True
E3168,78.89,78.89,23.939999999999998,30.346051464063887,False
E3169,7.15,7.15,0.0,0.0,True
E317,10.1,10.1,17.36,171.88118811881188,False
E3170,2.25,2.25,1.22,54.22222222222222,False
E3171,1.44,1.44,0.0,0.0,True
E3172,39.75,39.650000000000006,47.06,118.38993710691824,False
E3173,1.18,1.18,0.0,0.0,True
E3174,4.9399999999999995,4.9399999999999995,0.0,0.0,True
E3175,1.2999999999999998,1.2999999999999998,0.0,0.0,True
E3176,2.74,2.74,0.0,0.0,True
E3177,3.57,3.57,0.0,0.0,True
E3178,0.9299999999999999,0.9299999999999999,0.0,0.0,True
E3179,0.96,0.96,0.0,0.0,True
E318,12.879999999999999,12.520000000000001,21.32,165.52795031055902,False
E3180,0.14,0.14,0.0,0.0,True
E3181,1.02,1.02,0.0,0.0,True
E3182,0.56,0.56,0.0,0.0,True
E3183,0.44,0.44,0.0,0.0,True
E3184,0.79,0.79,0.0,0.0,True
E3185,1.76,1.76,0.0,0.0,True
E3186,2.8500000000000005,2.85,0.2400000000000001,8.421052631578949,True
E3187,7.24,7.24,0.0,0.0,True
E3188,2.62,2.62,0.4199999999999997,16.030534351145025,True
E3189,3.41,3.41,0.7200000000000004,21.11436950146629,False
E319,0.9,0.9,0.0,0.0,True
E3190,0.68,0.68,0.24,35.29411764705882,False
E3191,2.49,2.4899999999999998,0.10000000000000026,4.016064257028122,True
E3192,0.28,0.28,0.0,0.0,True
E3193,7.02,7.02,1.2599999999999993,17.94871794871794,True
E3194,1.4600000000000002,1.4600000000000002,0.1,6.84931506849315,True
E3195,7.76,7.76,0.4199999999999997,5.412371134020615,True
E3197,11.84,11.84,0.0,0.0,True
E3198,6.88,6.88,0.0,0.0,True
E3199,2.3400000000000003,2.3400000000000003,0.0,0.0,True
E32,1.3,1.3,0.0,0.0,True
E320,3.98,3.98,0.0,0.0,True
E3200,1.5699999999999998,1.5699999999999998,0.0,0.0,True
E3201,62.44,62.440000000000005,124.88,200.0,False
E3202,4.3100000000000005,4.3100000000000005,1.2200000000000002,28.306264501160094,False
E3203,0.24,0.24,0.48,200.0,False
E3204,3.42,3.42,6.84,200.0,False
E3205,13.61,13.610000000000001,11.06,81.26377663482734,False
E3206,8.55,8.55,17.1,200.0,False
E3207,0.9,0.9,0.0,0.0,True
E3208,18.35,18.35,24.68,134.4959128065395,False
E3209,2.91,2.91,0.7599999999999999,26.1168384879725,False
E321,7.930000000000001,7.930000000000001,1.3000000000000007,16.393442622950825,True
E3210,11.219999999999999,11.219999999999999,13.239999999999998,118.00356506238859,False
E3211,6.72,6.72,1.5399999999999998,22.916666666666664,False
E3212,3.45,3.45,3.0000000000000004,86.95652173913045,False
E3213,7.890000000000001,7.890000000000001,0.0,0.0,True
E3214,1.6800000000000002,1.6800000000000002,0.0,0.0,True
E3215,5.470000000000001,5.47,6.32,115.53930530164533,False
E3216,1.1500000000000001,1.1,1.8900000000000001,164.3478260869565,False
E3217,3.17,3.17,0.8600000000000001,27.129337539432182,False
E3218,4.15,4.15,5.0,120.48192771084337,False
E3219,1.09,1.09,0.0,0.0,True
E322,7.18,7.18,2.26,31.476323119777156,False
E3220,1.1400000000000001,1.1400000000000001,0.0,0.0,True
E3221,4.0,4.0,2.8200000000000003,70.5,False
E3222,11.85,11.85,8.36,70.54852320675106,False
E3223,0.75,0.75,0.0,0.0,True
E3224,0.56,0.56,0.0,0.0,True
E3225,3.4299999999999997,3.4299999999999997,0.56,16.326530612244902,True
E3226,1.06,1.06,0.0,0.0,True
E3227,1.86,1.86,0.08000000000000004,4.301075268817206,True
E3228,1.66,1.6600000000000001,0.62,37.34939759036145,False
E3229,0.45999999999999996,0.45999999999999996,0.0,0.0,True
E323,10.21,10.209999999999999,11.939999999999998,116.94417238001955,False
E3230,1.8,1.8,0.0,0.0,True
E3231,0.32,0.32,0.1,31.25,False
E3232,0.64,0.64,0.0,0.0,True
E3233,1.79,1.79,0.0,0.0,True
E3234,2.26,2.26,0.0,0.0,True
E3235,0.95,0.95,1.8399999999999999,193.6842105263158,False
E3236,4.49,4.49,6.12,136.30289532293986,False
E3237,8.780000000000001,8.78,10.44,118.90660592255124,False
E3238,1.29,1.29,0.0,0.0,True
E3239,0.43,0.43,0.0,0.0,True
E324,1.8199999999999998,1.8199999999999998,0.0,0.0,True
E3240,0.67,0.67,0.54,80.59701492537313,False
E3241,5.16,5.16,3.26,63.178294573643406,False
E3242,2.81,2.81,0.0,0.0,True
E3243,3.73,3.73,0.0,0.0,True
E3244,4.12,4.12,4.88,118.44660194174757,False
E3245,2.76,2.76,0.0,0.0,True
E3246,2.31,2.31,0.0,0.0,True
E3247,1.03,1.03,2.06,200.0,False
E3248,5.01,5.01,0.0,0.0,True
E3249,0.5700000000000001,0.5700000000000001,0.0,0.0,True
E325,4.85,4.8500000000000005,3.62,74.63917525773196,False
E3250,6.510000000000001,6.510000000000001,0.41999999999999993,6.451612903225804,True
E3251,0.77,0.77,0.0,0.0,True
E3252,1.93,1.9300000000000002,0.2599999999999999,13.47150259067357,True
E3253,1.25,1.25,0.0,0.0,True
E3254,23.03,23.03,45.5,197.56838905775075,False
E3255,8.19,8.19,15.0,183.15018315018315,False
E3256,0.9299999999999999,0.9299999999999999,0.0,0.0,True
E3257,1.35,1.35,0.0,0.0,True
E3258,1.29,1.29,0.0,0.0,True
E3259,3.02,3.02,0.0,0.0,True
E326,8.95,8.25,16.439999999999998,183.6871508379888,False
E3260,0.33,0.33,0.0,0.0,True
E3261,2.4499999999999997,2.4499999999999997,0.0,0.0,True
E3262,0.54,0.54,0.0,0.0,True
E3263,0.67,0.67,0.0,0.0,True
E3264,2.66,2.66,0.3799999999999999,14.28571428571428,True
E3265,9.04,9.04,5.979999999999999,66.1504424778761,False
E3266,4.01,4.01,0.0,0.0,True
E3267,4.1899999999999995,4.19,5.04,120.28639618138426,False
E3268,3.29,3.29,6.58,200.0,False
E3269,7.35,7.3500000000000005,5.22,71.02040816326532,False
E327,5.77,5.77,1.6799999999999997,29.116117850953202,False
E3270,1.25,1.25,0.0,0.0,True
E3271,0.52,0.52,0.0,0.0,True
E3272,0.8,0.8,0.0,0.0,True
E3273,1.17,1.17,0.0,0.0,True
E3274,0.7799999999999999,0.7799999999999999,0.15999999999999998,20.51282051282051,False
E3275,1.45,1.45,1.1199999999999999,77.24137931034483,False
E3276,4.79,4.79,0.0,0.0,True
E3277,4.37,4.37,3.8,86.95652173913044,False
E3278,5.25,5.25,1.9000000000000001,36.19047619047619,False
E3279,5.300000000000001,5.3,1.3,24.52830188679245,False
E328,3.55,3.55,0.0,0.0,True
E3280,1.19,1.19,0.17999999999999994,15.126050420168061,True
E3281,2.1500000000000004,2.1500000000000004,0.6200000000000001,28.837209302325583,False
E3282,7.09,7.09,2.34,33.00423131170663,False
E3283,3.88,3.88,3.5,90.20618556701031,False
E3284,2.49,2.49,1.52,61.0441767068273,False
E3285,1.95,1.9500000000000002,1.4800000000000002,75.89743589743591,False
E3286,6.9,6.8999999999999995,0.21999999999999975,3.1884057971014457,True
E3287,3.61,3.61,0.0,0.0,True
E3288,1.07,1.07,0.0,0.0,True
E3289,0.54,0.54,0.0,0.0,True
E329,12.51,12.51,0.5599999999999994,4.4764188649080685,True
E3290,4.33,4.33,0.0,0.0,True
E3291,0.6,0.6,0.0,0.0,True
E3292,1.7599999999999998,1.7599999999999998,0.0,0.0,True
E3293,12.92,12.92,25.84,200.0,False
E3294,1.03,1.03,0.0,0.0,True
E3295,3.1799999999999997,3.1799999999999997,4.619999999999999,145.2830188679245,False
E3296,0.37,0.37,0.0,0.0,True
E3297,1.07,1.07,1.7000000000000002,158.8785046728972,False
E3298,1.56,1.56,0.0,0.0,True
E3299,39.22,39.22,78.44,200.0,False
E33,23.060000000000002,19.880000000000003,6.319999999999999,27.406764960971373,False
E330,3.78,3.78,2.7199999999999998,71.95767195767196,False
E3300,58.339999999999996,58.34,116.68,200.0,False
E3301,3.83,3.83,0.0,0.0,True
E3302,1.83,1.83,0.0,0.0,True
E3303,4.37,4.37,0.0,0.0,True
E3304,3.1100000000000003,3.11,4.26,136.97749196141478,False
E3305,0.82,0.82,0.0,0.0,True
E3306,1.2000000000000002,1.2000000000000002,1.5,124.99999999999999,False
E3308,4.04,4.039999999999999,7.140000000000001,176.73267326732673,False
E3309,3.3,3.3,0.48,14.545454545454547,True
E331,4.19,4.19,0.0,0.0,True
E3310,0.18,0.18,0.0,0.0,True
E3311,1.36,1.36,0.0,0.0,True
E3312,3.69,3.69,0.4800000000000003,13.008130081300822,True
E3313,2.16,2.16,0.0,0.0,True
E3314,1.62,1.62,0.0,0.0,True
E3315,1.27,1.27,0.0,0.0,True
E3316,0.89,0.89,0.0,0.0,True
E3317,6.84,6.84,0.0,0.0,True
E3318,3.48,3.48,6.96,200.0,False
E3319,5.8500000000000005,5.85,1.4599999999999995,24.957264957264947,False
E332,6.460000000000001,6.46,1.4600000000000004,22.60061919504644,False
E3320,1.11,1.11,0.0,0.0,True
E3321,4.18,4.18,0.0,0.0,True
E3322,8.399999999999999,8.399999999999999,4.279999999999999,50.952380952380956,False
E3323,4.5200000000000005,4.5200000000000005,9.040000000000001,200.0,False
E3324,1.23,1.23,0.0,0.0,True
E3325,1.7999999999999998,1.7999999999999998,0.0,0.0,True
E3326,7.1,7.1,3.3599999999999994,47.323943661971825,False
E3327,1.9900000000000002,1.9900000000000002,0.0,0.0,True
E3328,14.21,14.21,21.72,152.85010555946516,False
E3329,7.8,7.8,0.0,0.0,True
E333,6.890000000000001,6.89,0.08000000000000093,1.161103047895514,True
E3330,2.81,2.81,0.0,0.0,True
E3331,13.160000000000002,13.16,22.66,172.18844984802428,False
E3332,2.13,2.13,0.2600000000000001,12.206572769953057,True
E3333,1.81,1.81,0.0,0.0,True
E3334,9.8,9.8,19.6,200.0,False
E3335,3.2699999999999996,3.2699999999999996,6.539999999999999,200.0,False
E3336,0.7899999999999999,0.7899999999999999,0.0,0.0,True
E3338,6.97,6.97,0.0,0.0,True
E3339,4.13,4.13,0.0,0.0,True
E334,5.18,5.18,6.22,120.07722007722009,False
E3340,4.03,4.03,7.5,186.10421836228286,False
E3341,2.71,2.71,0.2599999999999998,9.594095940959402,True
E3342,0.23,0.23,0.0,0.0,True
E3343,4.73,4.73,0.45999999999999996,9.725158562367865,True
E3344,6.49,6.49,7.380000000000001,113.71340523882898,False
E3345,1.6400000000000001,1.6400000000000001,0.0,0.0,True
E3346,0.96,0.96,0.0,0.0,True
E3347,1.73,1.73,0.0,0.0,True
E3348,2.17,2.17,0.0,0.0,True
E3349,10.12,10.120000000000001,7.859999999999999,77.66798418972333,False
E335,5.359999999999999,5.359999999999999,10.719999999999999,200.00000000000003,False
E3350,2.51,2.51,0.22000000000000008,8.764940239043828,True
E3351,8.459999999999999,8.46,0.7200000000000001,8.510638297872344,True
E3352,1.17,1.17,0.0,0.0,True
E3353,0.6699999999999999,0.6699999999999999,0.0,0.0,True
E3354,1.3,1.3,0.04000000000000001,3.0769230769230775,True
E3355,1.01,1.01,0.0,0.0,True
E3356,12.57,12.57,10.5,83.53221957040573,False
E3357,1.15,1.15,0.0,0.0,True
E3358,8.3,8.299999999999999,0.9600000000000002,11.566265060240964,True
E3359,1.5,1.5,0.82,54.666666666666664,False
E336,3.1799999999999997,3.1799999999999997,2.3000000000000003,72.32704402515725,False
E3360,14.990000000000002,14.99,2.7399999999999993,18.278852568378912,True
E3361,2.59,2.59,0.0,0.0,True
E3362,1.03,1.03,0.0,0.0,True
E3363,3.97,3.97,0.96,24.181360201511335,False
E3364,2.83,2.83,0.41999999999999993,14.840989399293283,True
E3365,0.30000000000000004,0.30000000000000004,0.0,0.0,True
E3366,3.11,3.11,0.0,0.0,True
E3367,10.450000000000001,10.45,8.18,78.27751196172248,False
E3368,2.8,2.8,0.0,0.0,True
E3369,0.53,0.53,0.0,0.0,True
E337,10.31,10.31,2.46,23.860329776915616,False
E3370,4.53,4.53,0.6800000000000004,15.011037527593828,True
E3371,0.79,0.79,0.0,0.0,True
E3372,3.84,3.8400000000000003,2.6,67.70833333333334,False
E3373,2.2,2.2,0.0,0.0,True
E3374,0.67,0.67,0.0,0.0,True
E3375,1.9400000000000002,1.9400000000000002,0.0,0.0,True
E3376,5.23,5.23,1.04,19.885277246653917,True
E3377,12.010000000000002,11.780000000000001,0.7300000000000004,6.078268109908413,True
E3378,1.1800000000000002,1.1800000000000002,0.0,0.0,True
E3379,11.98,11.98,15.98,133.3889816360601,False
E338,8.05,8.05,2.2200000000000006,27.5776397515528,False
E3380,18.88,18.88,3.0199999999999996,15.995762711864405,True
E3381,11.27,11.27,0.8599999999999999,7.6308784383318535,True
E3382,8.39,8.39,0.6999999999999997,8.343265792610246,True
E3383,1.18,1.18,2.36,200.0,False
E3384,0.66,0.66,0.0,0.0,True
E3385,2.88,2.88,2.2,76.3888888888889,False
E3386,0.97,0.97,0.0,0.0,True
E3387,1.3900000000000001,1.3900000000000001,0.37999999999999995,27.33812949640287,False
E3388,3.79,3.79,0.0,0.0,True
E339,4.6,4.6,1.96,42.608695652173914,False
E3390,3.0,3.0,0.0,0.0,True
E3391,6.34,6.34,0.41999999999999993,6.624605678233437,True
E3392,2.68,2.68,3.2,119.40298507462686,False
E3393,3.09,3.09,6.18,200.0,False
E3394,6.44,6.4399999999999995,12.879999999999999,200.0,False
E3395,1.5699999999999998,1.5699999999999998,0.26,16.56050955414013,True
E3396,5.08,5.08,1.9600000000000004,38.58267716535433,False
E3397,0.74,0.74,0.0,0.0,True
E3398,4.17,4.17,1.62,38.84892086330935,False
E3399,25.53,25.53,51.06,200.0,False
E34,1.99,1.9899999999999998,0.42000000000000004,21.10552763819096,False
E340,20.810000000000002,20.810000000000002,22.36,107.44834214320038,False
E3400,8.15,8.149999999999999,0.9600000000000004,11.779141104294483,True
E3401,6.449999999999999,6.449999999999999,0.0,0.0,True
E3402,0.5,0.37,0.25,50.0,False
E3403,2.04,2.04,0.3200000000000002,15.686274509803928,True
E3404,2.8600000000000003,2.8600000000000003,0.0,0.0,True
E3405,4.33,4.220000000000001,6.1899999999999995,142.95612009237874,False
E3406,3.21,3.21,0.0,0.0,True
E3407,1.93,1.93,0.0,0.0,True
E3408,2.25,2.25,0.13999999999999985,6.222222222222215,True
E3409,1.08,1.08,0.0,0.0,True
E341,6.640000000000001,6.64,13.280000000000001,199.99999999999997,False
E3410,0.9,0.9,0.0,0.0,True
E3411,5.35,5.35,0.0,0.0,True
E3413,1.56,1.56,0.0,0.0,True
E3414,2.44,2.44,0.0,0.0,True
E3415,2.61,2.61,1.4,53.639846743295024,False
E3416,9.719999999999999,9.72,8.280000000000001,85.1851851851852,False
E3417,2.59,2.59,0.0,0.0,True
E3418,1.73,1.73,0.42,24.277456647398843,False
E342,2.23,2.23,0.0,0.0,True
E3420,9.379999999999999,9.379999999999999,0.0,0.0,True
E3421,6.42,6.420000000000001,6.540000000000001,101.86915887850469,False
E3422,31.51,31.509999999999998,59.36,188.38463979688987,False
E3423,3.25,3.25,0.0,0.0,True
E3424,9.75,9.75,19.5,200.0,False
E3425,3.4099999999999997,3.41,2.8000000000000003,82.11143695014664,False
E3426,2.78,2.78,0.04,1.4388489208633095,True
E3427,4.5200000000000005,4.5200000000000005,9.040000000000001,200.0,False
E3428,1.15,1.15,0.0,0.0,True
E3429,6.130000000000001,6.130000000000001,1.7400000000000002,28.38499184339315,False
E343,1.26,1.26,0.0,0.0,True
E3430,4.87,4.87,7.220000000000001,148.2546201232033,False
E3431,2.37,2.37,0.2600000000000001,10.970464135021102,True
E3432,5.43,5.43,10.86,200.0,False
E3433,4.02,4.02,5.02,124.87562189054727,False
E3434,1.33,1.33,0.0,0.0,True
E3435,3.17,3.17,0.0,0.0,True
E3436,1.62,1.62,0.0,0.0,True
E3437,1.6600000000000001,1.6600000000000001,0.3400000000000001,20.481927710843376,False
E3438,2.31,2.31,0.0,0.0,True
E3439,13.45,13.45,3.3199999999999994,24.684014869888472,False
E344,11.18,11.18,5.619999999999999,50.268336314847936,False
E3440,0.46,0.46,0.0,0.0,True
E3441,2.32,2.32,0.0,0.0,True
E3442,2.7600000000000002,2.7600000000000002,0.0,0.0,True
E3443,2.17,2.17,0.0,0.0,True
E3444,1.19,1.19,0.7199999999999999,60.50420168067226,False
E3445,2.11,2.11,0.0,0.0,True
E3446,6.42,6.42,0.9399999999999996,14.641744548286598,True
E3447,1.88,1.88,0.0,0.0,True
E3448,1.29,1.29,0.0,0.0,True
E3449,1.54,1.54,0.12000000000000005,7.792207792207796,True
E345,2.9,2.9,0.0,0.0,True
E3450,2.3899999999999997,2.39,4.140000000000001,173.2217573221758,False
E3451,1.95,1.95,2.96,151.7948717948718,False
E3452,3.46,3.46,0.40000000000000036,11.560693641618508,True
E3453,2.3,2.3,0.19999999999999984,8.695652173913038,True
E3454,2.9699999999999998,2.9699999999999998,0.2400000000000001,8.080808080808085,True
E3455,0.7,0.7000000000000001,1.4,200.0,False
E3456,0.97,0.97,0.0,0.0,True
E3457,1.67,1.67,0.0,0.0,True
E3458,1.51,1.5099999999999998,0.16000000000000003,10.596026490066228,True
E3459,2.5700000000000003,2.5700000000000003,2.14,83.26848249027236,False
E346,1.46,1.46,0.0,0.0,True
E3460,0.43,0.43,0.0,0.0,True
E3461,3.17,3.17,0.41999999999999993,13.249211356466875,True
E3462,7.36,7.36,0.0,0.0,True
E3463,2.88,2.88,0.8599999999999997,29.861111111111104,False
E3464,1.76,1.76,3.04,172.72727272727272,False
E3465,1.4,1.4000000000000001,0.23999999999999994,17.14285714285714,True
E3466,5.930000000000001,5.93,1.2399999999999993,20.910623946037084,False
E3467,3.5500000000000003,3.5500000000000003,0.33999999999999986,9.57746478873239,True
E3468,2.32,2.32,0.0,0.0,True
E3469,2.8,2.8,1.92,68.57142857142857,False
E347,4.05,4.05,0.0,0.0,True
E3470,17.36,17.36,1.9800000000000004,11.405529953917055,True
E3471,2.52,2.52,0.09999999999999998,3.9682539682539675,True
E3472,1.98,1.9800000000000002,2.04,103.03030303030303,False
E3473,1.51,1.51,0.2200000000000002,14.569536423841074,True
E3474,1.9100000000000001,1.9100000000000001,0.20000000000000007,10.471204188481678,True
E3475,2.26,2.26,0.31999999999999984,14.159292035398225,True
E3476,3.01,3.0100000000000002,0.68,22.591362126245848,False
E3477,2.27,2.27,0.6399999999999999,28.193832599118938,False
E3478,2.23,2.23,0.0,0.0,True
E3479,2.8,2.8,0.84,30.000000000000004,False
E348,1.35,1.35,0.0,0.0,True
E3480,3.04,3.04,0.0,0.0,True
E3481,7.75,7.75,0.0,0.0,True
E3482,2.3,2.3,0.0,0.0,True
E3483,7.47,7.470000000000001,0.96,12.85140562248996,True
E3484,10.52,10.52,5.880000000000001,55.893536121673016,False
E3485,13.079999999999998,13.079999999999998,5.039999999999999,38.532110091743114,False
E3486,1.28,1.28,0.0,0.0,True
E3487,5.140000000000001,5.140000000000001,3.4000000000000004,66.147859922179,False
E3488,1.81,1.81,0.09999999999999981,5.524861878453028,True
E3489,1.72,1.72,0.0,0.0,True
E349,13.95,13.95,0.0,0.0,True
E3490,1.3499999999999999,1.3499999999999999,0.0,0.0,True
E3491,0.5,0.5,0.0,0.0,True
E3492,1.5399999999999998,1.5399999999999998,0.0,0.0,True
E3493,1.44,1.4400000000000002,0.17999999999999985,12.499999999999991,True
E3494,8.299999999999999,8.3,16.6,200.00000000000006,False
E3495,1.6400000000000001,1.6400000000000001,0.0,0.0,True
E3496,3.88,3.8800000000000003,2.6800000000000006,69.07216494845362,False
E3497,4.01,4.01,0.0,0.0,True
E3498,4.6,4.6,0.0,0.0,True
E3499,5.67,5.67,2.3,40.56437389770723,False
E35,0.5,0.5,0.0,0.0,True
E350,8.96,8.82,0.14000000000000012,1.5625000000000013,True
E3500,2.56,2.56,5.12,200.0,False
E3501,39.35,39.35,78.7,200.0,False
E3502,27.37,27.37,53.0,193.64267446108877,False
E3503,250.68,250.68,0.0,0.0,True
E3504,1.2,1.2,0.0,0.0,True
E3505,4.0,4.0,8.0,200.0,False
E3507,5.970000000000001,5.970000000000001,0.0,0.0,True
E3508,4.98,4.98,0.0,0.0,True
E3509,0.01,0.01,0.0,0.0,True
E351,2.42,2.42,0.0,0.0,True
E3510,0.13,0.13,0.0,0.0,True
E3511,0.57,0.57,0.0,0.0,True
E3512,1.86,1.86,0.0,0.0,True
E3513,1.53,1.53,0.0,0.0,True
E3515,43.55,43.55,87.1,200.0,False
E3516,90.6,90.60000000000001,178.34,196.8432671081678,False
E3517,2.01,2.01,0.0,0.0,True
E3518,0.35,0.35,0.0,0.0,True
E3519,32.52,32.52,65.04,200.0,False
E352,12.84,12.129999999999999,1.2100000000000009,9.423676012461065,True
E3520,46.93,46.93,93.86000000000001,200.00000000000003,False
E3521,1.4900000000000002,1.49,2.62,175.8389261744966,False
E3522,2.91,2.91,0.0,0.0,True
E3523,7.54,7.539999999999999,3.7,49.07161803713528,False
E3524,3.1599999999999997,3.1599999999999997,0.0,0.0,True
E3525,1.54,1.54,0.0,0.0,True
E3526,5.82,5.82,0.9199999999999999,15.807560137457044,True
E3527,9.68,9.68,1.2799999999999998,13.223140495867767,True
E3528,7.79,7.79,0.16000000000000014,2.053915275994867,True
E3529,0.26,0.26,0.0,0.0,True
E353,3.6300000000000003,3.63,2.2600000000000002,62.25895316804408,False
E3530,1.45,1.45,0.0,0.0,True
E3531,1.63,1.63,0.0,0.0,True
E3532,7.27,7.27,0.0,0.0,True
E3533,2.71,2.71,0.0,0.0,True
E3534,2.64,2.64,0.0,0.0,True
E3535,6.55,6.55,0.0,0.0,True
E3536,6.24,6.24,11.64,186.53846153846152,False
E3537,2.0,2.0,0.0,0.0,True
E3538,10.56,10.56,4.720000000000001,44.6969696969697,False
E3539,0.82,0.82,0.0,0.0,True
E354,2.25,2.25,0.0,0.0,True
E3540,5.670000000000001,5.670000000000001,0.12,2.1164021164021163,True
E3541,12.18,12.18,20.84,171.10016420361248,False
E3542,66.14,66.14,0.0,0.0,True
E3543,98.47,98.47000000000001,0.5799999999999932,0.5890118817914016,True
E3544,73.19,73.19,0.7399999999999983,1.0110670856674386,True
E3545,6.140000000000001,6.14,11.88,193.48534201954396,False
E3546,0.43,0.43,0.0,0.0,True
E3547,2.45,2.45,0.0,0.0,True
E3548,1.58,1.58,0.0,0.0,True
E3549,7.48,7.48,1.5000000000000002,20.053475935828878,False
E355,8.08,8.08,16.16,200.0,False
E3550,10.37,8.59,9.260000000000002,89.29604628736742,False
E3551,2.17,1.58,1.05,48.38709677419355,False
E3552,8.06,8.06,10.42,129.2803970223325,False
E3553,5.5,5.5,11.0,200.0,False
E3554,1.51,1.51,0.0,0.0,True
E3555,2.27,2.27,2.62,115.41850220264317,False
E3556,2.06,2.06,0.0,0.0,True
E3557,6.66,6.66,3.2399999999999993,48.64864864864864,False
E3558,10.09,10.09,3.3799999999999994,33.49851337958374,False
E3559,3.7699999999999996,3.77,3.5399999999999996,93.89920424403182,False
E356,6.72,6.72,11.719999999999999,174.4047619047619,False
E3560,4.03,4.03,0.0,0.0,True
E3561,4.45,4.45,0.0,0.0,True
E3562,9.24,9.24,0.0,0.0,True
E3563,2.4000000000000004,2.4,0.04000000000000026,1.6666666666666772,True
E3564,3.58,3.58,3.56,99.44134078212291,False
E3565,2.35,2.35,0.0,0.0,True
E3566,0.29,0.29,0.0,0.0,True
E3567,1.9300000000000002,1.9300000000000002,2.1800000000000006,112.95336787564769,False
E3568,2.52,2.52,0.54,21.428571428571427,False
E3569,4.51,4.51,0.0,0.0,True
E357,4.51,4.51,0.0,0.0,True
E3570,7.46,7.460000000000001,4.86,65.14745308310992,False
E3571,0.77,0.77,0.0,0.0,True
E3572,1.73,1.73,0.0,0.0,True
E3573,1.15,1.15,0.0,0.0,True
E3574,0.78,0.78,0.0,0.0,True
E3575,1.52,1.52,0.0,0.0,True
E3576,1.01,1.01,2.02,200.0,False
E3577,0.91,0.91,0.0,0.0,True
E3578,1.8699999999999999,1.8699999999999999,3.7399999999999998,200.0,False
E3579,0.22,0.22,0.0,0.0,True
E358,15.899999999999999,15.899999999999999,4.879999999999999,30.691823899371066,False
E3580,1.63,1.63,3.26,200.0,False
E3581,13.32,13.32,3.0399999999999996,22.82282282282282,False
E3582,2.0500000000000003,2.05,4.1,199.99999999999994,False
E3583,1.7400000000000002,1.7400000000000002,0.0,0.0,True
E3584,1.12,1.12,0.0,0.0,True
E3585,2.96,2.96,4.12,139.1891891891892,False
E3586,9.32,9.32,18.64,200.0,False
E3587,1.31,1.31,0.0,0.0,True
E3588,2.48,1.94,1.7599999999999998,70.96774193548386,False
E3589,1.21,1.21,0.0,0.0,True
E359,4.359999999999999,4.359999999999999,0.0,0.0,True
E3590,7.800000000000001,7.800000000000001,0.6400000000000006,8.205128205128212,True
E3591,2.05,2.05,0.0,0.0,True
E3592,0.88,0.88,0.14,15.909090909090912,True
E3593,1.3599999999999999,1.3599999999999999,0.0,0.0,True
E3594,2.98,2.98,5.96,200.0,False
E3595,2.12,2.12,3.4,160.37735849056602,False
E3596,10.2,10.2,1.5199999999999998,14.901960784313724,True
E3597,5.8,5.8,9.879999999999999,170.3448275862069,False
E3598,0.3,0.3,0.0,0.0,True
E3599,1.53,1.53,0.0,0.0,True
E36,5.68,5.680000000000001,5.08,89.43661971830987,False
E360,11.579999999999998,11.58,10.219999999999999,88.25561312607945,False
E3600,3.8000000000000003,3.8000000000000003,0.0,0.0,True
E3601,3.04,3.04,2.24,73.6842105263158,False
E3602,5.52,5.52,0.0,0.0,True
E3603,1.16,1.16,0.0,0.0,True
E3604,3.13,3.13,0.0,0.0,True
E3605,9.35,9.35,3.4599999999999995,37.00534759358288,False
E3606,3.05,3.05,0.14000000000000012,4.590163934426234,True
E3607,2.54,2.54,0.0,0.0,True
E3608,0.93,0.93,0.0,0.0,True
E3609,1.35,1.35,0.0,0.0,True
E361,7.48,7.48,0.0,0.0,True
E3610,4.83,4.83,3.64,75.3623188405797,False
E3611,0.64,0.64,0.0,0.0,True
E3612,2.68,2.68,0.0,0.0,True
E3613,9.870000000000001,9.87,2.1599999999999993,21.88449848024315,False
E3614,2.62,2.62,0.0,0.0,True
E3615,2.49,2.49,0.0,0.0,True
E3616,1.51,1.51,0.0,0.0,True
E3617,4.7700000000000005,4.7700000000000005,9.540000000000001,200.0,False
E3618,4.56,4.56,0.0,0.0,True
E3619,3.5199999999999996,3.5199999999999996,1.14,32.38636363636363,False
E362,10.11,10.11,6.719999999999999,66.46884272997032,False
E3620,1.51,1.51,0.0,0.0,True
E3621,8.51,8.51,3.8799999999999994,45.59341950646298,False
E3622,0.06,0.06,0.0,0.0,True
E3623,1.61,1.61,0.0,0.0,True
E3624,12.52,12.52,25.04,200.0,False
E3625,4.96,4.96,7.68,154.83870967741936,False
E3626,1.0999999999999999,1.0999999999999999,0.0,0.0,True
E3627,7.84,7.84,10.559999999999999,134.6938775510204,False
E3628,1.44,1.44,0.0,0.0,True
E3629,2.0,2.0,0.0,0.0,True
E363,6.03,6.03,12.06,200.0,False
E3630,0.98,0.98,0.0,0.0,True
E3631,0.93,0.93,0.0,0.0,True
E3632,1.11,1.11,2.22,200.0,False
E3633,10.35,10.350000000000001,4.939999999999999,47.72946859903381,False
E3634,1.8399999999999999,1.8399999999999999,0.0,0.0,True
E3636,2.0700000000000003,2.0700000000000003,4.140000000000001,200.0,False
E3637,4.68,4.68,7.9399999999999995,169.65811965811966,False
E3638,7.49,7.49,14.98,200.0,False
E3639,2.2199999999999998,2.22,2.16,97.2972972972973,False
E364,24.5,24.5,49.0,200.0,False
E3640,4.1000000000000005,4.1000000000000005,1.8,43.90243902439024,False
E3641,0.89,0.89,0.0,0.0,True
E3642,1.67,1.67,0.0,0.0,True
E3643,1.99,1.99,0.0,0.0,True
E3644,2.8200000000000003,2.8200000000000003,0.0,0.0,True
E3645,4.43,4.43,4.94,111.51241534988715,False
E3646,0.84,0.84,0.0,0.0,True
E3647,1.39,1.39,0.0,0.0,True
E3648,0.98,0.98,0.0,0.0,True
E3649,0.69,0.69,0.0,0.0,True
E365,3.12,3.1199999999999997,6.24,200.0,False
E3650,1.77,1.77,0.17999999999999983,10.16949152542372,True
E3651,0.66,0.66,0.0,0.0,True
E3652,1.9300000000000002,1.9300000000000002,0.0,0.0,True
E3653,7.0600000000000005,7.0600000000000005,2.1999999999999997,31.161473087818692,False
E3654,2.65,2.65,0.45999999999999996,17.358490566037737,True
E3655,1.68,1.68,1.9999999999999998,119.04761904761904,False
E3656,2.1500000000000004,2.1500000000000004,0.6000000000000001,27.906976744186046,False
E3657,1.4100000000000001,1.41,0.3999999999999999,28.368794326241126,False
E3658,3.13,3.130000000000001,0.8800000000000003,28.115015974440905,False
E3659,1.07,1.07,0.24,22.429906542056074,False
E366,1.2,1.2,2.4,200.0,False
E3660,1.5,1.5,0.28,18.666666666666668,True
E3661,1.58,1.58,0.0,0.0,True
E3662,11.2,11.2,0.0,0.0,True
E3663,3.6399999999999997,3.6399999999999997,2.0999999999999996,57.692307692307686,False
E3664,53.8,53.800000000000004,1.180000000000002,2.1933085501858773,True
E3665,8.77,8.77,6.78,77.309007981756,False
E3666,1.71,1.71,0.0,0.0,True
E3668,6.88,6.88,2.74,39.82558139534884,False
E3669,7.43,7.43,14.86,200.0,False
E367,13.69,13.69,27.38,200.0,False
E3670,9.46,9.459999999999999,2.28,24.101479915433398,False
E3671,9.34,9.34,0.0,0.0,True
E3672,0.96,0.96,0.0,0.0,True
E3673,2.95,2.95,0.0,0.0,True
E3674,14.57,14.57,3.3599999999999985,23.06108442004117,False
E3675,1.14,1.14,0.0,0.0,True
E3676,8.92,8.92,5.28,59.19282511210763,False
E3677,6.99,6.99,6.66,95.27896995708154,False
E3678,6.05,6.05,3.34,55.20661157024794,False
E3679,3.48,3.48,5.58,160.3448275862069,False
E368,2.86,2.86,5.72,200.0,False
E3680,6.12,6.119999999999999,4.239999999999999,69.28104575163398,False
E3681,1.82,1.82,0.0,0.0,True
E3682,2.3200000000000003,2.3200000000000003,3.4000000000000004,146.55172413793105,False
E3683,6.91,6.91,0.0,0.0,True
E3684,4.23,4.23,0.0,0.0,True
E3685,1.3399999999999999,1.3399999999999999,0.07999999999999985,5.970149253731333,True
E3686,1.4300000000000002,1.4300000000000002,0.0,0.0,True
E3687,1.04,1.04,0.0,0.0,True
E3688,1.5899999999999999,1.5899999999999999,1.4,88.05031446540882,False
E3689,8.01,8.01,0.0,0.0,True
E369,6.7700000000000005,6.77,13.540000000000001,200.0,False
E3690,0.6,0.6,0.0,0.0,True
E3691,4.24,4.24,8.48,200.0,False
E3692,7.01,7.01,0.38,5.4208273894436525,True
E3693,7.84,7.7299999999999995,6.589999999999999,84.05612244897958,False
E3694,2.8000000000000003,2.8000000000000003,0.4000000000000002,14.285714285714292,True
E3695,2.55,2.55,0.0,0.0,True
E3696,2.63,2.63,0.0,0.0,True
E3697,1.27,1.27,0.0,0.0,True
E3698,3.64,3.64,0.0,0.0,True
E3699,4.67,4.67,1.92,41.113490364025694,False
E37,2.0300000000000002,2.0300000000000002,0.0,0.0,True
E370,3.1099999999999994,3.11,1.58,50.80385852090033,False
E3700,6.8100000000000005,6.81,3.62,53.157121879588836,False
E3701,1.17,1.17,0.0,0.0,True
E3702,5.19,5.19,10.38,199.99999999999997,False
E3703,1.77,1.77,0.0,0.0,True
E3704,2.0,2.0,0.0,0.0,True
E3705,2.7,2.7,1.3399999999999999,49.629629629629626,False
E3706,2.09,2.09,0.0,0.0,True
E3707,5.32,5.32,1.5400000000000003,28.947368421052634,False
E3708,0.93,0.93,0.0,0.0,True
E3709,1.96,1.96,0.0,0.0,True
E371,3.2199999999999998,3.22,6.44,200.00000000000003,False
E3710,4.27,4.27,0.0,0.0,True
E3711,2.1,2.1,0.0,0.0,True
E3712,1.35,1.35,0.0,0.0,True
E3713,3.41,3.4099999999999997,2.0000000000000004,58.65102639296189,False
E3714,7.23,7.23,0.0,0.0,True
E3715,7.62,7.62,0.6600000000000001,8.661417322834648,True
E3716,1.9,1.9,3.8,200.0,False
E3717,0.68,0.68,0.0,0.0,True
E3718,9.15,9.15,18.3,200.0,False
E3719,1.04,1.04,0.0,0.0,True
E372,4.08,4.08,5.58,136.76470588235293,False
E3720,2.65,2.65,0.0,0.0,True
E3721,4.66,4.66,0.0,0.0,True
E3722,3.91,3.91,7.82,200.0,False
E3723,4.8,4.800000000000001,6.880000000000001,143.33333333333337,False
E3724,4.57,4.57,0.0,0.0,True
E3725,7.539999999999999,7.539999999999999,1.1600000000000001,15.384615384615389,True
E3726,3.23,3.23,0.0,0.0,True
E3727,0.87,0.87,0.0,0.0,True
E3728,2.33,2.33,0.76,32.61802575107296,False
E3729,5.359999999999999,5.359999999999999,1.12,20.895522388059707,False
E373,12.990000000000002,12.99,25.98,199.99999999999997,False
E3730,0.38,0.38,0.0,0.0,True
E3731,5.3500000000000005,5.3500000000000005,0.0,0.0,True
E3732,3.73,3.73,0.0,0.0,True
E3733,3.24,3.24,0.0,0.0,True
E3734,2.14,2.14,0.0,0.0,True
E3735,3.61,3.61,0.0,0.0,True
E3736,2.88,2.88,3.6999999999999997,128.47222222222223,False
E3737,5.709999999999999,5.71,11.42,200.00000000000003,False
E3738,2.31,2.31,0.0,0.0,True
E3739,4.14,4.14,0.0,0.0,True
E374,6.63,6.63,13.26,200.0,False
E3740,9.73,9.73,12.64,129.90750256937307,False
E3741,5.039999999999999,5.039999999999999,4.059999999999999,80.55555555555554,False
E3742,2.79,2.79,0.0,0.0,True
E3743,1.47,1.47,2.94,200.0,False
E3744,12.22,12.22,0.3200000000000002,2.618657937806875,True
E3745,1.0,1.0,0.0,0.0,True
E3746,8.379999999999999,8.379999999999999,0.0,0.0,True
E3747,2.24,2.24,0.0,0.0,True
E3748,0.28,0.28,0.0,0.0,True
E3749,2.9800000000000004,2.9800000000000004,0.7000000000000002,23.489932885906043,False
E375,21.33,21.33,42.66,200.00000000000003,False
E3750,5.9399999999999995,5.9399999999999995,6.299999999999999,106.06060606060605,False
E3751,0.95,0.95,0.0,0.0,True
E3752,3.31,3.31,0.0,0.0,True
E3754,1.4000000000000001,1.4000000000000001,0.0,0.0,True
E3755,2.54,2.54,0.45999999999999996,18.11023622047244,True
E3756,2.81,2.81,0.2599999999999999,9.252669039145903,True
E3757,2.33,2.33,0.0,0.0,True
E3758,2.3,2.3,0.0,0.0,True
E3759,0.64,0.64,0.0,0.0,True
E376,3.44,3.44,2.4000000000000004,69.76744186046513,False
E3760,6.4,6.4,0.0,0.0,True
E3761,0.89,0.8900000000000001,1.1400000000000001,128.08988764044946,False
E3762,10.31,10.31,6.64,64.40349175557711,False
E3763,1.55,1.55,0.0,0.0,True
E3764,23.23,23.23,9.04,38.91519586741282,False
E3765,1.9,1.9,0.0,0.0,True
E3766,8.21,8.21,12.380000000000003,150.7917174177832,False
E3767,1.71,1.71,2.98,174.26900584795322,False
E3768,1.75,1.75,0.0,0.0,True
E3769,0.92,0.92,0.0,0.0,True
E377,5.86,5.86,9.98,170.30716723549486,False
E3770,2.2800000000000002,2.2800000000000002,0.0,0.0,True
E3771,3.08,3.08,2.6,84.41558441558442,False
E3772,6.47,6.47,0.0,0.0,True
E3773,1.22,1.22,0.0,0.0,True
E3774,4.65,4.65,0.08000000000000004,1.7204301075268824,True
E3775,13.43,13.43,8.32,61.950856291883845,False
E3776,6.03,6.029999999999999,1.3200000000000003,21.890547263681597,False
E3777,4.05,4.05,5.8,143.20987654320987,False
E3778,2.04,2.04,0.05999999999999972,2.9411764705882213,True
E3779,2.43,2.43,3.0,123.45679012345678,False
E378,4.51,4.51,0.0,0.0,True
E3780,1.4900000000000002,1.4900000000000002,0.0,0.0,True
E3781,3.18,3.18,1.7400000000000002,54.716981132075475,False
E3782,1.12,1.12,0.0,0.0,True
E3783,0.69,0.69,0.0,0.0,True
E3784,5.74,5.74,10.66,185.7142857142857,False
E3785,0.28,0.28,0.0,0.0,True
E3786,6.1899999999999995,6.1899999999999995,0.0,0.0,True
E3787,1.35,1.35,1.12,82.96296296296296,False
E3789,0.92,0.92,0.0,0.0,True
E379,2.23,2.23,4.46,200.0,False
E3790,2.02,2.02,0.0,0.0,True
E3791,3.0,3.0,0.0,0.0,True
E3792,1.02,1.02,0.0,0.0,True
E3793,3.4000000000000004,3.4000000000000004,0.3999999999999999,11.764705882352938,True
E3794,82.31,82.31,3.160000000000002,3.8391446968776597,True
E3795,17.099999999999998,17.099999999999998,4.78,27.953216374269008,False
E3796,3.1799999999999997,3.1799999999999997,0.54,16.9811320754717,True
E3797,2.06,2.06,0.31999999999999995,15.53398058252427,True
E3798,10.739999999999998,10.74,1.0400000000000014,9.683426443202993,True
E3799,3.06,3.06,6.12,200.0,False
E38,2.26,2.26,3.9,172.56637168141594,False
E380,17.38,17.38,0.0,0.0,True
E3800,4.140000000000001,4.140000000000001,0.0,0.0,True
E3801,8.49,8.489999999999998,3.9199999999999995,46.17196702002355,False
E3802,3.83,3.83,0.0,0.0,True
E3803,1.27,1.27,0.0,0.0,True
E3804,4.68,4.68,0.0,0.0,True
E3805,4.0600000000000005,4.0600000000000005,0.0,0.0,True
E3806,1.05,1.05,0.0,0.0,True
E3807,18.060000000000002,18.060000000000002,28.68,158.80398671096344,False
E3808,2.77,2.77,0.0,0.0,True
E3809,2.2800000000000002,2.2800000000000002,4.5600000000000005,200.0,False
E381,3.4899999999999998,3.4899999999999998,0.0,0.0,True
E3810,0.5,0.5,1.0,200.0,False
E3811,2.2199999999999998,2.2199999999999998,4.4399999999999995,200.0,False
E3812,1.75,1.75,0.0,0.0,True
E3813,1.53,1.53,0.0,0.0,True
E3814,3.0700000000000003,3.0700000000000003,0.54,17.589576547231268,True
E3815,4.68,4.680000000000001,3.9200000000000004,83.76068376068378,False
E3816,6.74,6.74,0.0,0.0,True
E3817,3.01,3.01,4.3,142.85714285714286,False
E3818,1.07,1.07,0.0,0.0,True
E3819,2.29,2.29,3.0000000000000004,131.0043668122271,False
E382,3.29,3.29,0.0,0.0,True
E3820,2.22,2.2199999999999998,0.18000000000000005,8.108108108108109,True
E3821,8.58,8.58,0.0,0.0,True
E3822,2.3499999999999996,2.3499999999999996,0.0,0.0,True
E3823,6.95,6.949999999999999,13.9,200.0,False
E3824,0.93,0.93,1.86,200.0,False
E3825,1.63,1.63,0.0,0.0,True
E3826,1.35,1.35,0.0,0.0,True
E3827,2.33,2.33,0.0,0.0,True
E3828,1.68,1.68,3.36,200.0,False
E3829,1.98,1.98,0.0,0.0,True
E383,9.32,9.32,18.64,200.0,False
E3830,2.47,2.47,0.0,0.0,True
E3831,4.27,4.27,0.0,0.0,True
E3832,1.79,1.79,0.0,0.0,True
E3833,4.74,4.74,0.3399999999999999,7.172995780590716,True
E3834,2.55,2.55,0.0,0.0,True
E3835,2.05,2.05,0.0,0.0,True
E3836,0.63,0.63,0.0,0.0,True
E3837,8.74,8.739999999999998,12.54,143.47826086956522,False
E3838,1.24,1.24,0.0,0.0,True
E384,0.75,0.75,0.0,0.0,True
E3840,2.08,2.08,0.0,0.0,True
E3841,0.66,0.66,0.0,0.0,True
E3842,1.1800000000000002,1.1800000000000002,0.0,0.0,True
E3843,2.29,2.29,0.0,0.0,True
E3844,2.5999999999999996,2.5999999999999996,0.0,0.0,True
E3845,4.66,4.66,0.0,0.0,True
E3846,1.31,1.31,0.0,0.0,True
E3847,1.1,1.1,0.0,0.0,True
E3848,5.17,5.17,0.0,0.0,True
E3849,2.5,2.5,0.0,0.0,True
E385,6.44,6.44,12.88,200.0,False
E3850,9.24,9.24,18.479999999999997,199.99999999999997,False
E3851,2.26,2.26,0.0,0.0,True
E3852,2.35,2.35,0.0,0.0,True
E3853,0.84,0.84,0.0,0.0,True
E3854,3.91,3.91,0.0,0.0,True
E3855,3.5300000000000002,3.5300000000000002,0.8200000000000001,23.229461756373937,False
E3856,2.26,2.26,0.0,0.0,True
E3857,2.98,2.98,0.0,0.0,True
E3858,0.54,0.54,0.0,0.0,True
E3859,2.87,2.87,1.8200000000000003,63.41463414634147,False
E386,0.38,0.38,0.0,0.0,True
E3860,4.74,4.74,3.8400000000000003,81.0126582278481,False
E3861,3.67,3.67,4.14,112.80653950953678,False
E3862,0.8300000000000001,0.8300000000000001,0.0,0.0,True
E3863,0.3,0.3,0.0,0.0,True
E3864,1.9200000000000002,1.9200000000000002,0.6600000000000001,34.37500000000001,False
E3865,3.1999999999999997,3.1999999999999997,0.0,0.0,True
E3866,1.62,1.62,0.0,0.0,True
E3867,0.83,0.83,0.0,0.0,True
E3868,0.62,0.62,0.8600000000000001,138.70967741935488,False
E3869,1.69,1.69,0.31999999999999973,18.934911242603533,True
E387,3.06,3.06,6.12,200.0,False
E3870,3.0900000000000003,3.0900000000000003,4.12,133.33333333333331,False
E3871,1.88,1.88,0.0,0.0,True
E3872,1.9,1.9,0.0,0.0,True
E3873,3.1100000000000003,3.1100000000000003,0.26000000000000023,8.36012861736335,True
E3874,2.3,2.3,0.0,0.0,True
E3875,0.25,0.25,0.0,0.0,True
E3876,6.5,6.5,9.74,149.84615384615384,False
E3877,4.18,4.18,0.0,0.0,True
E3878,1.08,1.08,1.1600000000000001,107.40740740740742,False
E3879,0.64,0.64,0.0,0.0,True
E388,6.23,6.23,12.46,200.0,False
E3880,0.31,0.31,0.0,0.0,True
E3881,5.7,5.7,0.0,0.0,True
E3882,2.31,2.31,0.0,0.0,True
E3883,1.8399999999999999,1.8399999999999999,0.0,0.0,True
E3884,2.93,2.93,0.0,0.0,True
E3885,1.09,1.09,0.0,0.0,True
E3886,4.92,4.92,9.84,200.0,False
E3887,3.7399999999999998,3.74,1.1000000000000003,29.411764705882362,False
E3888,7.27,7.27,0.0,0.0,True
E3889,2.27,2.27,0.0,0.0,True
E389,3.6,3.6,7.2,200.0,False
E3890,1.04,1.04,0.0,0.0,True
E3891,1.32,1.32,0.0,0.0,True
E3892,7.84,7.840000000000001,5.96,76.0204081632653,False
E3893,15.23,15.23,8.32,54.629021667760995,False
E3894,0.16,0.16,0.0,0.0,True
E3895,0.08,0.08,0.0,0.0,True
E3896,1.38,1.38,0.0,0.0,True
E3897,14.41,14.41,12.86,89.24358084663429,False
E3898,0.9500000000000001,0.9500000000000001,1.9000000000000001,200.0,False
E3899,0.96,0.96,0.0,0.0,True
E39,4.07,4.07,0.0,0.0,True
E390,4.29,4.29,8.58,200.0,False
E3900,1.07,1.07,0.0,0.0,True
E3901,2.0,2.0,0.0,0.0,True
E3902,8.809999999999999,8.81,1.419999999999999,16.118047673098744,True
E3903,3.62,3.62,7.24,200.0,False
E3904,0.12,0.12,0.0,0.0,True
E3905,0.76,0.76,0.0,0.0,True
E3906,1.4300000000000002,1.4300000000000002,2.4600000000000004,172.02797202797203,False
E3907,1.72,1.72,0.0,0.0,True
E3908,0.02,0.02,0.0,0.0,True
E3909,0.47,0.47000000000000003,0.08000000000000004,17.021276595744688,True
E391,11.149999999999999,11.149999999999999,22.299999999999997,199.99999999999997,False
E3910,1.27,1.27,0.0,0.0,True
E3911,1.3399999999999999,1.3399999999999999,0.0,0.0,True
E3912,0.42,0.42,0.0,0.0,True
E3913,16.099999999999998,16.1,21.060000000000002,130.8074534161491,False
E3914,4.27,4.27,0.0,0.0,True
E3915,8.37,8.37,14.54,173.715651135006,False
E3916,6.26,6.26,0.0,0.0,True
E3917,5.37,5.37,1.4,26.070763500931097,False
E3918,4.9,4.8999999999999995,9.8,200.0,False
E3919,6.37,6.37,12.74,200.0,False
E392,13.790000000000001,13.79,9.839999999999998,71.35605511240027,False
E3920,5.41,5.41,10.32,190.75785582255082,False
E3921,8.26,8.26,16.52,200.0,False
E3922,4.470000000000001,4.470000000000001,2.5600000000000005,57.270693512304256,False
E3923,3.71,3.71,0.96,25.87601078167116,False
E3924,0.77,0.77,0.0,0.0,True
E3925,1.75,1.75,0.0,0.0,True
E3926,2.16,2.16,0.54,25.0,False
E3927,2.99,2.9899999999999998,1.64,54.84949832775919,False
E3928,0.8,0.8,0.0,0.0,True
E3929,1.19,1.19,0.0,0.0,True
E393,1.25,1.25,0.0,0.0,True
E3930,2.94,2.94,2.4,81.63265306122449,False
E3931,3.94,3.94,2.38,60.40609137055838,False
E3932,1.03,1.03,0.0,0.0,True
E3933,1.9,1.9,0.0,0.0,True
E3934,10.86,10.860000000000001,3.3400000000000016,30.755064456721932,False
E3935,1.51,1.51,0.0,0.0,True
E3936,2.0,2.0,0.0,0.0,True
E3937,2.08,2.08,0.0,0.0,True
E3938,3.1100000000000003,3.11,2.46,79.09967845659163,False
E3939,2.88,2.88,0.0,0.0,True
E394,1.83,1.83,0.52,28.415300546448087,False
E3940,2.7600000000000002,2.7600000000000002,0.7599999999999999,27.536231884057962,False
E3941,0.67,0.67,0.0,0.0,True
E3942,6.89,6.890000000000001,7.720000000000001,112.04644412191584,False
E3943,4.59,4.59,1.0999999999999996,23.96514161220043,False
E3944,0.4,0.4,0.0,0.0,True
E3945,8.3,8.3,3.2600000000000002,39.27710843373494,False
E3946,1.59,1.59,1.82,114.46540880503144,False
E3947,8.56,8.56,6.6,77.10280373831775,False
E3948,9.36,9.36,15.68,167.52136752136752,False
E3949,0.9099999999999999,0.9099999999999999,0.0,0.0,True
E395,7.42,7.42,2.0600000000000005,27.762803234501355,False
E3950,1.22,1.22,0.0,0.0,True
E3951,3.8899999999999997,3.8899999999999997,0.0,0.0,True
E3952,3.12,3.12,0.0,0.0,True
E3953,2.75,2.75,0.0,0.0,True
E3954,7.799999999999999,7.8,15.6,200.00000000000003,False
E3956,29.41,29.41,45.2,153.6892213532812,False
E3957,8.36,8.36,0.0,0.0,True
E3958,8.02,8.02,0.7000000000000001,8.728179551122196,True
E3959,7.64,7.64,1.0199999999999998,13.350785340314134,True
E396,3.37,3.3699999999999997,3.7,109.79228486646883,False
E3960,9.46,9.46,7.0,73.99577167019027,False
E3961,0.25,0.25,0.0,0.0,True
E3962,6.95,6.95,0.0,0.0,True
E3963,3.0100000000000002,2.9400000000000004,2.3100000000000005,76.74418604651164,False
E3964,3.13,3.13,2.0199999999999996,64.53674121405749,False
E3965,3.3200000000000003,3.3200000000000003,0.0,0.0,True
E3966,1.28,1.28,0.0,0.0,True
E3967,2.15,2.15,0.0,0.0,True
E3968,2.05,2.05,0.16000000000000003,7.80487804878049,True
E3969,1.13,1.13,0.0,0.0,True
E397,4.7,4.699999999999999,2.84,60.42553191489362,False
E3970,1.34,1.34,0.0,0.0,True
E3971,2.34,2.34,4.68,200.0,False
E3972,9.06,9.06,8.280000000000001,91.3907284768212,False
E3973,9.559999999999999,9.559999999999999,2.8599999999999994,29.916317991631797,False
E3974,0.5,0.5,0.0,0.0,True
E3975,4.7,4.7,3.24,68.93617021276596,False
E3976,4.35,4.35,0.0,0.0,True
E3977,16.11,16.11,9.539999999999997,59.21787709497205,False
E3978,1.38,1.38,0.1399999999999999,10.144927536231878,True
E3979,3.9400000000000004,3.9400000000000004,0.7600000000000002,19.289340101522846,True
E398,5.48,5.48,1.1400000000000001,20.802919708029197,False
E3980,1.33,1.33,0.0,0.0,True
E3981,4.08,4.08,6.76,165.68627450980392,False
E3982,8.23,8.23,16.46,200.0,False
E3983,2.94,2.94,0.10000000000000027,3.401360544217696,True
E3984,7.08,7.08,12.36,174.57627118644066,False
E3985,1.4300000000000002,1.4300000000000002,1.9400000000000002,135.66433566433568,False
E3986,3.02,2.9400000000000004,1.1800000000000002,39.07284768211921,False
E3987,3.17,3.17,0.0,0.0,True
E3988,6.590000000000001,6.59,0.8599999999999998,13.050075872534137,True
E3989,11.350000000000001,11.35,13.42,118.23788546255506,False
E399,2.63,2.63,0.26,9.885931558935361,True
E3990,3.3899999999999997,3.3899999999999997,0.0,0.0,True
E3991,1.56,1.56,0.0,0.0,True
E3992,0.78,0.78,0.0,0.0,True
E3993,2.46,2.46,0.0,0.0,True
E3994,7.329999999999999,7.329999999999999,0.0,0.0,True
E3995,3.11,3.11,0.0,0.0,True
E3996,0.9,0.8999999999999999,1.58,175.55555555555554,False
E3997,17.29,17.29,11.739999999999998,67.90052053209946,False
E3998,3.48,3.4800000000000004,3.4800000000000004,100.00000000000001,False
E3999,1.17,1.17,1.26,107.6923076923077,False
E4,1.46,1.46,0.0,0.0,True
E40,12.77,12.77,13.379999999999999,104.77682067345341,False
E400,11.58,11.579999999999998,1.9400000000000004,16.75302245250432,True
E4000,0.67,0.67,0.0,0.0,True
E4001,0.69,0.69,0.0,0.0,True
E4002,3.1,3.1,0.0,0.0,True
E4003,0.72,0.72,0.0,0.0,True
E4004,2.31,2.31,1.8400000000000003,79.65367965367966,False
E4005,0.81,0.81,0.0,0.0,True
E4006,1.55,1.55,0.0,0.0,True
E4007,6.42,6.42,0.0,0.0,True
E4008,0.5800000000000001,0.5800000000000001,1.1600000000000001,200.0,False
E4009,1.81,1.81,0.0,0.0,True
E401,6.68,6.68,0.0,0.0,True
E4010,4.54,4.54,0.7000000000000002,15.418502202643175,True
E4011,2.05,2.05,0.3600000000000003,17.560975609756113,True
E4012,0.74,0.74,0.0,0.0,True
E4013,4.15,4.15,0.30000000000000027,7.228915662650609,True
E4014,6.73,6.73,0.0,0.0,True
E4015,0.73,0.73,0.0,0.0,True
E4017,1.5,1.5,0.0,0.0,True
E4018,0.19,0.19,0.0,0.0,True
E4019,0.68,0.68,0.0,0.0,True
E402,2.27,2.27,0.0,0.0,True
E4020,3.34,3.34,6.68,200.0,False
E4021,0.02,0.02,0.0,0.0,True
E4022,3.13,3.13,0.0,0.0,True
E4023,5.359999999999999,5.359999999999999,0.0,0.0,True
E4024,1.7799999999999998,1.7799999999999998,3.1799999999999997,178.65168539325845,False
E4025,1.48,1.48,0.2400000000000001,16.216216216216225,True
E4026,8.93,8.93,0.0,0.0,True
E4027,1.75,1.75,0.0,0.0,True
E4028,1.5899999999999999,1.5899999999999999,0.0,0.0,True
E4029,5.51,5.51,0.0,0.0,True
E403,9.0,9.0,0.8200000000000001,9.11111111111111,True
E4030,6.0,6.0,3.84,64.0,False
E4031,1.47,1.47,0.0,0.0,True
E4032,1.48,1.48,0.0,0.0,True
E4033,1.28,1.28,0.0,0.0,True
E4034,3.3,3.3,0.20000000000000018,6.060606060606066,True
E4035,7.13,7.13,2.42,33.94109396914446,False
E4036,0.82,0.82,0.0,0.0,True
E4037,0.45,0.45,0.0,0.0,True
E4038,1.26,1.26,0.0,0.0,True
E4039,4.87,4.87,2.38,48.87063655030801,False
E404,2.6399999999999997,2.64,2.42,91.66666666666667,False
E4040,3.3000000000000003,3.3,6.6,199.99999999999997,False
E4041,1.36,1.36,0.0,0.0,True
E4042,6.090000000000001,6.09,10.120000000000001,166.17405582922825,False
E4043,2.21,2.21,0.0,0.0,True
E4044,0.53,0.53,0.0,0.0,True
E4045,2.58,2.58,0.08000000000000004,3.100775193798451,True
E4046,0.5,0.5,0.0,0.0,True
E4047,1.28,1.28,0.0,0.0,True
E4048,4.71,4.71,0.0,0.0,True
E4049,2.88,2.88,0.0,0.0,True
E405,1.51,1.51,0.0,0.0,True
E4050,2.8099999999999996,2.8099999999999996,0.01999999999999979,0.7117437722419855,True
E4051,0.26,0.26,0.0,0.0,True
E4052,2.15,2.15,0.0,0.0,True
E4053,1.85,1.85,0.0,0.0,True
E4054,7.59,7.59,3.58,47.16732542819499,False
E4055,19.78,19.78,12.54,63.39737108190091,False
E4056,3.66,3.66,1.8,49.18032786885246,False
E4057,18.439999999999998,18.44,36.879999999999995,200.0,False
E4058,3.2800000000000002,3.2800000000000002,0.16000000000000014,4.878048780487809,True
E4059,3.15,3.15,0.0,0.0,True
E406,4.31,4.31,0.0,0.0,True
E4060,1.26,1.26,0.0,0.0,True
E4061,4.42,4.42,8.34,188.68778280542986,False
E4062,1.51,1.51,0.0,0.0,True
E4063,0.8799999999999999,0.8799999999999999,0.94,106.81818181818183,False
E4064,7.93,7.93,2.1799999999999997,27.490542244640604,False
E4065,2.7,2.7,0.0,0.0,True
E4066,1.66,1.66,0.0,0.0,True
E4067,0.54,0.54,0.0,0.0,True
E4068,1.09,1.09,0.0,0.0,True
E4069,8.16,8.16,15.46,189.4607843137255,False
E407,7.67,7.67,0.0,0.0,True
E4070,5.67,5.67,11.34,200.0,False
E4071,8.42,7.56,5.54,65.7957244655582,False
E4072,4.32,4.32,0.0,0.0,True
E4073,10.32,10.32,13.139999999999999,127.3255813953488,False
E4074,7.99,7.99,0.35999999999999976,4.50563204005006,True
E4075,3.2,3.2,0.0,0.0,True
E4076,1.13,1.13,0.0,0.0,True
E4077,1.2999999999999998,1.2999999999999998,0.0,0.0,True
E4078,3.89,3.89,0.0,0.0,True
E4079,0.85,0.85,0.0,0.0,True
E408,12.26,12.26,3.760000000000001,30.66884176182709,False
E4080,0.54,0.54,0.0,0.0,True
E4081,11.9,11.9,0.0,0.0,True
E4082,6.53,6.53,2.1000000000000005,32.1592649310873,False
E4083,2.41,2.41,1.78,73.85892116182572,False
E4084,0.3,0.3,0.0,0.0,True
E4085,1.25,1.25,0.0,0.0,True
E4086,2.39,2.39,4.78,200.0,False
E4087,2.25,2.25,0.0,0.0,True
E4088,2.5,2.5,0.0,0.0,True
E4089,1.0,1.0,2.0,200.0,False
E409,3.21,3.21,0.6399999999999998,19.93769470404984,True
E4090,0.66,0.66,0.0,0.0,True
E4091,1.12,1.12,0.0,0.0,True
E4092,3.29,3.29,1.38,41.94528875379939,False
E4093,3.3600000000000003,3.3600000000000003,0.0,0.0,True
E4094,8.79,8.79,0.0,0.0,True
E4095,0.91,0.91,0.0,0.0,True
E4096,2.5700000000000003,2.5700000000000003,0.0,0.0,True
E4097,3.5999999999999996,3.6,0.2400000000000001,6.6666666666666705,True
E4098,3.4699999999999998,3.4699999999999998,6.9399999999999995,200.00000000000003,False
E4099,1.4,1.4,0.0,0.0,True
E41,2.57,2.57,0.0,0.0,True
E410,4.34,4.34,0.0,0.0,True
E4100,2.02,2.02,0.0,0.0,True
E4101,2.18,2.18,0.0,0.0,True
E4102,1.87,1.87,0.0,0.0,True
E4103,1.35,1.35,0.0,0.0,True
E4104,6.75,6.75,1.58,23.40740740740741,False
E4105,2.54,2.54,5.08,200.0,False
E4106,3.29,3.29,6.58,200.0,False
E4107,9.790000000000001,9.790000000000001,18.76,191.62410623084781,False
E4108,3.55,3.5500000000000003,0.1800000000000003,5.070422535211276,True
E4109,4.05,4.05,0.0,0.0,True
E411,13.96,13.96,13.060000000000002,93.55300859598854,False
E4110,0.5800000000000001,0.5800000000000001,0.0,0.0,True
E4111,12.9,12.899999999999999,4.319999999999999,33.48837209302325,False
E4112,4.56,4.56,7.220000000000001,158.33333333333337,False
E4113,1.97,1.97,1.56,79.18781725888324,False
E4114,24.59,24.589999999999996,49.18,200.0,False
E4115,6.09,6.09,0.0,0.0,True
E4116,4.57,4.57,0.0,0.0,True
E4117,3.31,3.31,0.0,0.0,True
E4118,6.01,6.01,0.0,0.0,True
E4119,4.57,4.569999999999999,9.14,200.0,False
E412,6.34,6.34,0.0,0.0,True
E4120,6.82,6.82,13.64,200.0,False
E4121,3.0700000000000003,3.0700000000000003,6.140000000000001,199.99999999999997,False
E4122,2.37,2.37,0.0,0.0,True
E4123,0.58,0.58,0.0,0.0,True
E4124,0.18,0.18,0.0,0.0,True
E4125,4.75,4.75,0.7400000000000002,15.578947368421058,True
E4126,2.9,2.9,3.28,113.10344827586208,False
E4127,1.12,1.12,0.0,0.0,True
E4128,16.29,16.29,12.279999999999998,75.38367096378146,False
E4129,1.97,1.97,3.94,200.0,False
E413,9.540000000000001,9.54,2.7799999999999985,29.140461215932895,False
E4130,5.51,5.51,0.0,0.0,True
E4131,2.3899999999999997,2.3899999999999997,0.2999999999999998,12.55230125523012,True
E4132,18.73,18.73,18.119999999999997,96.74319273892151,False
E4133,1.22,1.22,0.0,0.0,True
E4134,4.87,4.87,0.0,0.0,True
E4135,4.64,4.64,0.0,0.0,True
E4136,9.149999999999999,9.149999999999999,18.299999999999997,200.0,False
E4137,1.28,1.28,0.24,18.75,True
E4138,2.68,2.68,0.0,0.0,True
E4139,3.1799999999999997,3.1799999999999997,0.0,0.0,True
E414,5.05,5.050000000000001,5.04,99.8019801980198,False
E4140,2.6,2.6,5.2,200.0,False
E4141,7.640000000000001,7.640000000000001,0.0,0.0,True
E4142,12.479999999999999,12.479999999999999,0.23999999999999921,1.9230769230769171,True
E4143,1.55,1.55,0.0,0.0,True
E4144,4.05,4.05,0.0,0.0,True
E4145,1.37,1.37,0.0,0.0,True
E4146,11.31,11.31,0.0,0.0,True
E4147,1.32,1.32,0.0,0.0,True
E4148,0.7,0.7,0.0,0.0,True
E4149,4.52,4.52,0.0,0.0,True
E415,16.36,16.36,16.56,101.22249388753055,False
E4150,0.41,0.41,0.0,0.0,True
E4151,4.55,4.55,1.3999999999999997,30.769230769230763,False
E4152,3.3,3.3,0.0,0.0,True
E4153,3.3800000000000003,3.38,0.4800000000000002,14.201183431952668,True
E4154,2.5,2.5,0.0,0.0,True
E4155,27.110000000000003,27.11,25.28,93.24972334931759,False
E4156,0.36,0.36,0.0,0.0,True
E4157,2.23,2.23,2.22,99.55156950672647,False
E4158,8.66,8.66,1.9999999999999991,23.094688221708996,False
E4159,0.45,0.45,0.0,0.0,True
E416,11.870000000000001,11.870000000000001,1.4400000000000004,12.131423757371527,True
E4160,1.88,1.88,0.0,0.0,True
E4161,3.87,3.87,0.0,0.0,True
E4162,3.2199999999999998,3.2199999999999998,1.7799999999999998,55.27950310559006,False
E4163,7.26,7.26,13.379999999999999,184.29752066115702,False
E4164,1.98,1.98,0.0,0.0,True
E4165,4.76,4.76,0.0,0.0,True
E4166,9.33,9.329999999999998,0.96,10.289389067524116,True
E4167,0.8400000000000001,0.8400000000000001,0.0,0.0,True
E4168,1.09,1.09,1.32,121.10091743119266,False
E4169,6.91,6.91,0.0,0.0,True
E417,2.8099999999999996,2.81,0.3399999999999999,12.099644128113878,True
E4170,8.790000000000001,8.79,8.200000000000001,93.28782707622298,False
E4171,1.13,1.13,0.0,0.0,True
E4172,1.18,1.18,0.0,0.0,True
E4173,6.72,6.72,3.34,49.702380952380956,False
E4174,9.6,9.6,19.2,200.0,False
E4175,1.18,1.18,0.0,0.0,True
E4176,1.8599999999999999,1.8599999999999999,0.0,0.0,True
E4177,16.95,16.95,33.9,200.0,False
E4178,2.94,2.94,0.0,0.0,True
E4179,1.41,1.41,2.82,200.0,False
E418,3.45,3.45,0.0,0.0,True
E4180,2.8899999999999997,2.89,2.72,94.11764705882354,False
E4181,1.25,1.25,0.2,16.0,True
E4182,3.68,3.6799999999999997,7.359999999999999,200.0,False
E4183,5.19,5.19,0.5600000000000005,10.789980732177273,True
E4184,3.06,3.06,0.0,0.0,True
E4185,0.69,0.69,0.0,0.0,True
E4186,1.27,1.27,0.0,0.0,True
E4187,0.18,0.18,0.0,0.0,True
E4188,1.36,1.36,0.0,0.0,True
E4189,0.93,0.93,0.0,0.0,True
E419,1.7400000000000002,1.7400000000000002,0.6000000000000001,34.48275862068966,False
E4190,8.5,8.5,0.0,0.0,True
E4191,1.06,1.06,0.0,0.0,True
E4192,1.55,1.55,3.1,200.0,False
E4193,1.51,1.51,0.0,0.0,True
E4194,2.9,2.9,4.56,157.24137931034483,False
E4195,1.36,1.36,0.0,0.0,True
E4196,2.89,2.89,0.96,33.21799307958477,False
E4197,17.91,17.91,0.0,0.0,True
E4198,2.37,2.37,3.16,133.33333333333331,False
E4199,3.24,3.24,0.54,16.666666666666664,True
E42,3.2199999999999998,3.2199999999999998,0.0,0.0,True
E420,3.9699999999999998,3.9699999999999998,0.0,0.0,True
E4200,1.6099999999999999,1.6099999999999999,0.0,0.0,True
E4201,2.04,2.04,0.0,0.0,True
E4202,1.87,1.87,0.0,0.0,True
E4203,4.18,4.18,2.06,49.282296650717704,False
E4204,4.81,4.81,7.8999999999999995,164.24116424116426,False
E4205,1.89,1.89,0.0,0.0,True
E4206,11.44,11.44,0.0,0.0,True
E4207,7.73,7.73,1.8999999999999997,24.57956015523932,False
E4208,1.58,1.58,3.16,200.0,False
E4209,1.18,1.18,0.0,0.0,True
E421,7.52,7.52,0.56,7.4468085106382995,True
E4210,7.16,7.16,3.3799999999999994,47.206703910614515,False
E4211,3.8200000000000003,3.8200000000000003,7.640000000000001,199.99999999999997,False
E4212,1.85,1.85,0.0,0.0,True
E4213,2.5,2.5000000000000004,4.180000000000001,167.20000000000002,False
E4215,8.23,8.23,6.48,78.7363304981774,False
E4216,12.78,12.78,21.64,169.32707355242567,False
E4217,0.52,0.52,0.0,0.0,True
E4218,2.88,2.88,5.76,200.0,False
E4219,5.34,5.34,0.0,0.0,True
E422,0.77,0.77,0.0,0.0,True
E4220,1.17,1.17,0.0,0.0,True
E4221,1.22,1.22,0.0,0.0,True
E4222,1.1099999999999999,1.1099999999999999,0.0,0.0,True
E4223,1.3900000000000001,1.3900000000000001,2.7800000000000002,199.99999999999997,False
E4225,0.71,0.71,0.0,0.0,True
E4226,3.33,3.33,0.0,0.0,True
E4227,0.42,0.42,0.0,0.0,True
E4228,1.44,1.44,0.0,0.0,True
E4229,1.37,1.37,0.0,0.0,True
E423,3.22,3.2199999999999998,5.02,155.9006211180124,False
E4230,7.41,7.41,6.82,92.03778677462888,False
E4231,6.609999999999999,6.609999999999999,0.0,0.0,True
E4232,2.34,2.3400000000000003,1.0600000000000003,45.299145299145316,False
E4233,3.0200000000000005,3.0200000000000005,0.0,0.0,True
E4234,0.15,0.15,0.0,0.0,True
E4235,1.05,1.05,0.0,0.0,True
E4236,3.19,3.19,5.92,185.57993730407523,False
E4237,0.99,0.99,0.0,0.0,True
E4238,0.91,0.91,0.0,0.0,True
E4239,4.0200000000000005,4.02,6.880000000000001,171.14427860696517,False
E424,2.98,2.98,0.5999999999999999,20.134228187919458,False
E4240,7.79,7.79,15.58,200.0,False
E4241,43.08,43.080000000000005,23.480000000000004,54.50324976787373,False
E4242,3.78,3.78,0.0,0.0,True
E4243,3.18,3.18,0.0,0.0,True
E4244,6.51,6.51,5.9399999999999995,91.24423963133641,False
E4245,1.08,1.08,2.16,200.0,False
E4246,0.96,0.96,1.8,187.5,False
E4247,0.98,0.98,0.0,0.0,True
E4248,0.87,0.87,1.74,200.0,False
E4249,1.88,1.88,0.0,0.0,True
E425,10.61,10.61,1.8199999999999998,17.15362865221489,True
E4250,3.23,3.23,0.0,0.0,True
E4251,5.4399999999999995,5.44,10.879999999999999,200.00000000000003,False
E4252,1.03,1.03,0.06,5.825242718446602,True
E4253,3.02,3.02,6.04,200.0,False
E4254,1.02,1.02,0.0,0.0,True
E4255,7.1899999999999995,7.1899999999999995,0.1600000000000001,2.2253129346314338,True
E4256,12.42,12.42,20.02,161.19162640901772,False
E4257,3.01,3.0100000000000002,2.7,89.70099667774087,False
E4258,12.83,12.83,11.82,92.1278254091972,False
E4259,0.81,0.81,0.0,0.0,True
E426,3.16,3.16,2.9799999999999995,94.3037974683544,False
E4260,0.83,0.83,0.0,0.0,True
E4261,1.54,1.54,0.24000000000000016,15.584415584415593,True
E4262,1.09,1.09,0.0,0.0,True
E4263,0.29,0.29,0.0,0.0,True
E4264,1.3,1.3,0.0,0.0,True
E4265,5.92,5.92,0.0,0.0,True
E4266,1.07,1.07,0.0,0.0,True
E4267,3.21,3.21,5.34,166.3551401869159,False
E4268,2.19,2.19,0.0,0.0,True
E4269,1.92,1.92,0.0,0.0,True
E427,0.95,0.95,0.0,0.0,True
E4270,7.47,7.47,0.0,0.0,True
E4271,3.75,3.75,0.0,0.0,True
E4272,0.87,0.87,0.0,0.0,True
E4273,1.29,1.29,0.0,0.0,True
E4274,5.45,5.450000000000001,1.0600000000000007,19.449541284403683,True
E4275,18.61,18.61,34.92,187.64105319720582,False
E4276,1.28,1.28,0.0,0.0,True
E4277,1.7000000000000002,1.7000000000000002,1.6,94.11764705882352,False
E4278,3.07,3.07,0.0,0.0,True
E4279,3.71,3.7100000000000004,2.2800000000000002,61.45552560646901,False
E428,48.28,48.28,87.82,181.89726594863296,False
E4280,2.95,2.95,0.0,0.0,True
E4281,28.44,28.44,0.0,0.0,True
E4282,1.83,1.83,0.0,0.0,True
E4283,1.29,1.29,0.0,0.0,True
E4284,16.19,16.19,0.6800000000000017,4.2001235330451,True
E4285,2.45,2.45,0.45999999999999996,18.77551020408163,True
E4286,6.18,6.18,2.0600000000000005,33.33333333333334,False
E4287,9.27,9.27,4.539999999999999,48.97518878101401,False
E4288,3.66,3.66,0.0,0.0,True
E4289,6.85,6.85,0.0,0.0,True
E429,2.0700000000000003,2.0700000000000003,0.0,0.0,True
E4290,8.66,8.66,0.0,0.0,True
E4291,0.3,0.3,0.0,0.0,True
E4292,6.84,6.84,0.9599999999999995,14.03508771929824,True
E4293,2.56,2.56,0.0,0.0,True
E4294,2.68,2.68,0.0,0.0,True
E4295,0.86,0.86,0.0,0.0,True
E4296,9.6,9.600000000000001,6.22,64.79166666666667,False
E4297,0.74,0.74,0.0,0.0,True
E4298,0.99,0.99,0.0,0.0,True
E4299,18.9,18.9,37.8,200.0,False
E43,4.99,4.989999999999999,1.22,24.448897795591183,False
E430,5.470000000000001,5.47,0.6400000000000001,11.700182815356492,True
E4300,5.46,5.46,0.0,0.0,True
E4301,1.06,1.06,0.0,0.0,True
E4302,1.83,1.8299999999999998,0.38,20.76502732240437,False
E4303,3.12,3.12,0.9400000000000002,30.12820512820513,False
E4304,1.32,1.32,0.0,0.0,True
E4305,0.28,0.28,0.0,0.0,True
E4306,13.059999999999999,13.059999999999999,9.419999999999998,72.12863705972434,False
E4307,1.91,1.91,0.0,0.0,True
E4308,0.52,0.52,0.0,0.0,True
E4309,1.98,1.98,0.4600000000000001,23.232323232323235,False
E431,2.0,2.0,0.18000000000000005,9.000000000000002,True
E4310,1.65,1.65,0.0,0.0,True
E4311,1.26,1.26,2.52,200.0,False
E4312,7.05,7.050000000000001,0.35999999999999965,5.106382978723399,True
E4313,2.6799999999999997,2.6799999999999997,0.0,0.0,True
E4314,1.69,1.69,0.0,0.0,True
E4315,0.43,0.43,0.86,200.0,False
E4316,7.06,7.0600000000000005,7.58,107.36543909348443,False
E4317,2.06,2.06,0.0,0.0,True
E4318,97.28999999999999,97.28999999999999,12.060000000000002,12.395929694727108,True
E4319,4.16,4.16,0.5,12.019230769230768,True
E432,4.07,4.07,4.96,121.86732186732186,False
E4321,11.86,11.860000000000001,1.6599999999999997,13.99662731871838,True
E4322,1.07,1.07,0.0,0.0,True
E4323,0.9299999999999999,0.9299999999999999,0.0,0.0,True
E4324,2.62,2.62,5.24,200.0,False
E4325,0.56,0.56,0.34,60.71428571428571,False
E4326,14.7,14.7,1.399999999999999,9.523809523809518,True
E4327,7.3100000000000005,7.3100000000000005,0.0,0.0,True
E4328,3.18,3.18,0.0,0.0,True
E433,2.8,2.8,0.5199999999999998,18.571428571428566,True
E4330,0.63,0.63,0.0,0.0,True
E4331,3.95,3.95,0.0,0.0,True
E4332,0.53,0.53,0.0,0.0,True
E4333,5.47,5.47,8.94,163.436928702011,False
E4334,6.72,6.720000000000001,0.6399999999999998,9.52380952380952,True
E4335,4.779999999999999,4.78,3.34,69.87447698744771,False
E4336,0.21,0.21,0.0,0.0,True
E4337,1.75,1.75,0.0,0.0,True
E4339,4.98,4.98,0.0,0.0,True
E434,2.56,2.56,4.98,194.53125000000003,False
E4340,1.3599999999999999,1.3599999999999999,0.11999999999999988,8.8235294117647,True
E4341,2.12,2.12,0.0,0.0,True
E4342,0.8799999999999999,0.88,1.54,175.00000000000003,False
E4343,5.54,5.539999999999999,2.9400000000000004,53.06859205776174,False
E4344,5.93,5.93,0.0,0.0,True
E4345,0.92,0.92,0.0,0.0,True
E4346,2.67,2.67,0.0,0.0,True
E4347,3.61,3.6100000000000003,0.42000000000000004,11.634349030470917,True
E4348,1.6199999999999999,1.6199999999999999,0.0,0.0,True
E4349,31.5,31.499999999999996,63.0,200.0,False
E435,11.01,11.01,10.28,93.36966394187102,False
E4350,0.69,0.69,0.0,0.0,True
E4351,1.6800000000000002,1.68,1.1400000000000001,67.85714285714286,False
E4352,8.88,8.88,0.0,0.0,True
E4353,2.22,2.22,0.0,0.0,True
E4354,3.23,3.23,5.640000000000001,174.61300309597524,False
E4355,0.26,0.26,0.0,0.0,True
E4356,0.94,0.94,0.0,0.0,True
E4357,1.18,1.18,0.0,0.0,True
E4358,2.8200000000000003,2.8200000000000003,5.640000000000001,199.99999999999997,False
E4359,1.13,1.13,2.26,200.0,False
E436,1.7400000000000002,1.74,1.1600000000000001,66.66666666666667,False
E4360,1.52,1.52,0.0,0.0,True
E4361,6.15,6.15,8.38,136.26016260162604,False
E4362,2.72,2.72,5.44,199.99999999999997,False
E4363,1.3900000000000001,1.3900000000000001,0.7,50.35971223021582,False
E4364,2.01,2.01,0.020000000000000018,0.9950248756218916,True
E4365,2.93,2.93,0.0,0.0,True
E4366,2.52,2.52,2.08,82.53968253968254,False
E4367,2.83,2.83,0.78,27.56183745583039,False
E4368,2.9899999999999998,2.9899999999999998,0.22,7.357859531772576,True
E4369,0.98,0.98,1.28,130.6122448979592,False
E437,6.79,6.79,0.0,0.0,True
E4370,4.029999999999999,4.029999999999999,0.0,0.0,True
E4371,1.81,1.81,0.0,0.0,True
E4372,0.77,0.77,1.54,200.0,False
E4373,1.47,1.47,2.94,200.0,False
E4374,2.49,2.49,2.38,95.58232931726907,False
E4375,1.3800000000000001,1.3800000000000001,2.7600000000000002,199.99999999999997,False
E4376,1.05,1.05,0.0,0.0,True
E4377,0.84,0.84,0.0,0.0,True
E4378,1.79,1.79,0.21999999999999997,12.290502793296087,True
E4379,2.2199999999999998,2.2199999999999998,0.0,0.0,True
E438,1.4000000000000001,1.4000000000000001,2.06,147.14285714285714,False
E4380,2.01,2.01,0.0,0.0,True
E4381,1.22,1.22,0.0,0.0,True
E4383,0.88,0.88,0.0,0.0,True
E4384,0.91,0.91,0.0,0.0,True
E4385,3.8200000000000003,3.8200000000000003,6.960000000000001,182.19895287958116,False
E4386,1.6099999999999999,1.61,1.06,65.83850931677019,False
E4387,7.38,7.38,12.719999999999999,172.3577235772358,False
E4388,12.19,12.19,9.919999999999998,81.37817883511073,False
E4389,9.530000000000001,9.530000000000001,0.7599999999999998,7.974816369359912,True
E439,1.1600000000000001,1.1600000000000001,0.0,0.0,True
E4390,1.09,1.09,0.0,0.0,True
E4391,1.08,1.08,0.0,0.0,True
E4392,0.8400000000000001,0.8400000000000001,0.0,0.0,True
E4393,2.0999999999999996,2.0999999999999996,0.0,0.0,True
E4394,1.24,1.24,0.0,0.0,True
E4395,10.870000000000001,10.870000000000001,7.860000000000001,72.30910763569457,False
E4396,0.2,0.2,0.0,0.0,True
E4397,3.28,3.28,0.0,0.0,True
E4398,10.27,10.27,0.0,0.0,True
E4399,0.56,0.56,0.0,0.0,True
E44,3.31,3.31,0.41999999999999993,12.68882175226586,True
E440,8.25,8.25,8.66,104.96969696969697,False
E4400,3.08,3.08,0.0,0.0,True
E4401,2.39,2.39,0.0,0.0,True
E4402,5.04,5.04,0.0,0.0,True
E4403,2.74,2.74,0.0,0.0,True
E4404,2.79,2.79,2.0599999999999996,73.83512544802866,False
E4405,10.37,10.370000000000001,20.740000000000002,200.00000000000003,False
E4406,1.79,1.79,0.0,0.0,True
E4407,5.37,5.37,4.5,83.79888268156425,False
E4408,7.470000000000001,7.470000000000001,4.700000000000001,62.91834002677377,False
E441,3.25,3.25,0.5600000000000003,17.23076923076924,True
E4410,1.6800000000000002,1.68,1.6400000000000001,97.6190476190476,False
E4411,0.36,0.36,0.0,0.0,True
E4412,1.98,1.98,0.0,0.0,True
E4413,2.24,2.24,0.0,0.0,True
E4414,1.22,1.22,0.0,0.0,True
E4415,1.07,1.07,0.0,0.0,True
E4416,9.549999999999999,9.55,0.9599999999999995,10.052356020942405,True
E4417,4.21,4.21,1.5999999999999999,38.00475059382423,False
E4418,1.08,1.08,0.0,0.0,True
E4419,0.8,0.8,0.0,0.0,True
E442,2.63,2.63,2.58,98.09885931558935,False
E4420,18.08,18.08,17.259999999999998,95.4646017699115,False
E4421,9.78,9.780000000000001,1.7600000000000002,17.9959100204499,True
E4422,2.17,2.17,0.5800000000000001,26.728110599078345,False
E4423,2.06,2.06,3.58,173.7864077669903,False
E4424,2.5300000000000002,2.5300000000000002,0.0,0.0,True
E4425,1.6,1.6,0.0,0.0,True
E4426,3.75,3.75,4.2,112.0,False
E4427,2.85,2.85,0.8599999999999997,30.17543859649122,False
E4428,1.32,1.32,2.64,200.0,False
E4429,2.51,2.51,0.0,0.0,True
E443,17.14,17.14,26.159999999999997,152.6254375729288,False
E4430,3.59,3.59,0.0,0.0,True
E4431,4.53,4.53,0.0,0.0,True
E4432,0.97,0.97,0.0,0.0,True
E4433,7.23,7.23,14.46,200.0,False
E4434,1.32,1.32,0.0,0.0,True
E4435,1.13,1.13,0.6599999999999999,58.40707964601769,False
E4436,5.86,5.86,0.4600000000000004,7.849829351535843,True
E4437,0.64,0.64,0.0,0.0,True
E4438,1.45,1.45,0.0,0.0,True
E4439,1.63,1.63,0.0,0.0,True
E444,14.75,14.69,2.1399999999999997,14.508474576271185,True
E4440,1.6199999999999999,1.62,0.07999999999999985,4.9382716049382624,True
E4441,2.8800000000000003,2.88,0.8999999999999997,31.249999999999986,False
E4442,7.040000000000001,7.040000000000001,0.4799999999999998,6.818181818181814,True
E4443,2.63,2.63,1.42,53.99239543726236,False
E4444,9.78,9.78,3.3199999999999994,33.94683026584867,False
E4446,5.39,5.390000000000001,1.080000000000001,20.037105751391486,False
E4447,3.2,3.2,1.3,40.625,False
E4448,4.470000000000001,4.47,3.539999999999999,79.19463087248319,False
E4449,1.3,1.3,0.0,0.0,True
E445,5.84,5.84,0.9199999999999999,15.753424657534246,True
E4450,1.92,1.92,0.18000000000000005,9.375000000000002,True
E4451,1.31,1.31,0.0,0.0,True
E4452,1.79,1.79,0.0,0.0,True
E4453,1.9799999999999998,1.9799999999999998,0.0,0.0,True
E4454,1.9,1.9,0.0,0.0,True
E4455,2.21,2.21,0.0,0.0,True
E4456,1.86,1.86,0.0,0.0,True
E4457,0.93,0.93,1.86,200.0,False
E4458,5.22,5.22,0.0,0.0,True
E4459,3.91,3.91,6.66,170.33248081841433,False
E446,2.09,2.09,0.0,0.0,True
E4460,2.3899999999999997,2.39,1.7199999999999998,71.96652719665272,False
E4461,8.49,8.49,1.0,11.778563015312132,True
E4462,3.49,3.49,0.0,0.0,True
E4463,0.23,0.23,0.0,0.0,True
E4464,2.0599999999999996,2.06,4.12,200.00000000000003,False
E4465,1.75,1.75,0.0,0.0,True
E4466,1.02,1.02,0.0,0.0,True
E4467,3.61,3.2,6.81,188.6426592797784,False
E4468,0.7,0.7,1.4,200.0,False
E4469,5.29,5.29,5.52,104.34782608695652,False
E447,0.05,0.05,0.0,0.0,True
E4470,3.78,3.78,4.32,114.28571428571429,False
E4471,1.6400000000000001,1.6400000000000001,0.0,0.0,True
E4472,22.729999999999997,22.73,42.8,188.29740431148264,False
E4473,3.02,3.02,4.68,154.96688741721854,False
E4474,1.03,1.03,0.6400000000000001,62.1359223300971,False
E4475,8.32,8.32,5.460000000000001,65.62500000000001,False
E4476,1.82,1.82,1.1,60.439560439560445,False
E4477,9.370000000000001,9.370000000000001,9.14,97.5453575240128,False
E4478,1.16,1.16,0.0,0.0,True
E4479,6.9399999999999995,6.94,3.2600000000000002,46.97406340057637,False
E448,4.279999999999999,4.28,0.6400000000000003,14.953271028037392,True
E4480,6.6,6.6,1.7399999999999998,26.36363636363636,False
E4481,8.81,8.81,15.14,171.85017026106695,False
E4482,0.78,0.78,0.0,0.0,True
E4483,2.08,2.08,0.0,0.0,True
E4484,0.94,0.94,0.0,0.0,True
E4485,0.99,0.99,0.0,0.0,True
E4486,4.76,4.76,0.0,0.0,True
E4487,1.34,1.3399999999999999,0.12000000000000005,8.955223880597018,True
E4488,18.509999999999998,18.509999999999998,15.26,82.44192328471098,False
E4489,6.15,6.15,0.0,0.0,True
E449,5.7,5.7,2.9800000000000004,52.28070175438597,False
E4490,9.780000000000001,9.780000000000001,16.540000000000003,169.120654396728,False
E4491,1.68,1.68,0.48000000000000004,28.571428571428577,False
E4492,1.9000000000000001,1.9,0.5000000000000002,26.31578947368422,False
E4493,4.42,4.42,5.26,119.00452488687783,False
E4494,0.95,0.95,0.0,0.0,True
E4495,0.64,0.64,1.28,200.0,False
E4496,8.26,8.26,0.0,0.0,True
E4497,4.6,4.6,9.2,200.0,False
E4498,10.24,10.24,3.5199999999999996,34.37499999999999,False
E4499,14.44,14.44,28.88,200.0,False
E45,7.92,7.92,1.7999999999999994,22.72727272727272,False
E450,2.35,2.35,0.0,0.0,True
E4501,2.1,2.1,3.9400000000000004,187.61904761904765,False
E4502,6.43,6.43,11.12,172.9393468118196,False
E4503,0.64,0.64,0.0,0.0,True
E4504,5.83,5.83,2.4399999999999995,41.852487135505996,False
E4505,1.28,1.28,0.0,0.0,True
E4506,2.3,2.3,0.0,0.0,True
E4507,3.31,3.31,6.62,200.0,False
E4508,1.19,1.19,0.0,0.0,True
E4509,1.06,1.06,0.0,0.0,True
E451,9.3,9.3,2.6400000000000006,28.38709677419355,False
E4510,1.87,1.87,0.2800000000000001,14.973262032085564,True
E4511,8.91,8.91,0.9599999999999995,10.77441077441077,True
E4512,15.1,15.1,0.0,0.0,True
E4513,10.04,10.04,2.8999999999999995,28.88446215139442,False
E4514,3.9000000000000004,3.9000000000000004,0.0,0.0,True
E4515,8.41,8.41,2.8400000000000007,33.76932223543401,False
E4516,8.08,8.08,0.6800000000000008,8.415841584158427,True
E4517,7.84,7.84,9.18,117.09183673469389,False
E4518,1.52,1.52,0.0,0.0,True
E4519,10.84,10.84,0.0,0.0,True
E452,2.58,2.5799999999999996,4.02,155.81395348837208,False
E4520,0.1,0.1,0.0,0.0,True
E4521,0.08,0.08,0.0,0.0,True
E4522,0.6599999999999999,0.6599999999999999,0.0,0.0,True
E4523,1.06,1.06,0.0,0.0,True
E4524,1.06,1.06,2.12,200.0,False
E4525,0.59,0.59,0.0,0.0,True
E4526,0.78,0.78,0.0,0.0,True
E4527,2.49,2.49,3.7,148.59437751004015,False
E4528,1.83,1.83,0.0,0.0,True
E4529,1.67,1.67,0.0,0.0,True
E453,9.65,9.65,0.0,0.0,True
E4530,8.15,8.15,13.600000000000001,166.8711656441718,False
E4531,0.15,0.15,0.3,200.0,False
E4532,2.79,2.79,5.16,184.94623655913978,False
E4533,1.08,1.08,0.0,0.0,True
E4534,4.82,4.82,9.64,200.0,False
E4535,1.1,1.1,0.0,0.0,True
E4536,7.279999999999999,7.279999999999999,3.2800000000000002,45.05494505494506,False
E4537,0.79,0.79,1.58,200.0,False
E4538,3.96,3.96,0.7400000000000002,18.686868686868696,True
E4539,2.55,2.55,3.4999999999999996,137.2549019607843,False
E454,2.08,2.08,0.0,0.0,True
E4540,2.87,2.87,0.0,0.0,True
E4541,3.5700000000000003,3.5700000000000003,0.6600000000000001,18.487394957983195,True
E4542,2.64,2.64,0.0,0.0,True
E4543,3.15,3.15,0.0,0.0,True
E4544,2.85,2.85,0.0,0.0,True
E4545,0.58,0.58,1.16,200.0,False
E4546,2.5,2.5,0.0,0.0,True
E4547,3.1500000000000004,3.15,1.46,46.34920634920634,False
E4548,3.12,3.12,0.0,0.0,True
E4549,7.1899999999999995,7.1899999999999995,0.0,0.0,True
E455,1.28,1.28,0.0,0.0,True
E4550,1.92,1.92,0.5399999999999999,28.124999999999996,False
E4551,3.74,3.74,0.0,0.0,True
E4552,0.6900000000000001,0.6900000000000001,0.0,0.0,True
E4553,5.36,5.36,1.12,20.895522388059703,False
E4555,1.34,1.34,0.0,0.0,True
E4557,2.16,2.16,0.0,0.0,True
E4558,0.25,0.25,0.0,0.0,True
E4559,3.4400000000000004,3.4400000000000004,6.880000000000001,200.0,False
E456,2.41,2.41,0.45999999999999996,19.08713692946058,True
E4560,4.16,4.16,1.6599999999999997,39.903846153846146,False
E4561,3.48,3.48,0.0,0.0,True
E4562,1.62,1.62,0.0,0.0,True
E4563,9.88,9.88,0.0,0.0,True
E4564,3.37,3.37,0.0,0.0,True
E4565,3.81,3.81,0.0,0.0,True
E4566,9.190000000000001,9.19,5.119999999999999,55.712731229597374,False
E4567,2.25,2.25,0.0,0.0,True
E4568,2.61,2.61,0.0,0.0,True
E4569,27.270000000000003,27.27,54.54,199.99999999999997,False
E457,2.75,2.75,0.5999999999999998,21.81818181818181,False
E4570,5.79,5.79,0.0,0.0,True
E4571,1.05,1.05,1.6,152.38095238095238,False
E4572,0.93,0.93,0.0,0.0,True
E4573,7.7700000000000005,7.32,5.09,65.5083655083655,False
E4574,2.28,2.28,0.0,0.0,True
E4575,1.92,1.92,0.0,0.0,True
E4576,1.0,1.0,0.0,0.0,True
E4577,1.21,1.21,1.92,158.67768595041323,False
E4578,4.22,4.22,0.060000000000000275,1.4218009478673053,True
E4579,6.77,6.7700000000000005,0.23999999999999932,3.545051698670596,True
E458,1.9700000000000002,1.9700000000000002,1.3,65.98984771573603,False
E4580,7.779999999999999,7.779999999999999,0.0,0.0,True
E4581,1.15,1.15,0.0,0.0,True
E4582,2.48,2.48,0.0,0.0,True
E4583,1.47,1.47,0.0,0.0,True
E4584,0.66,0.66,0.0,0.0,True
E4585,2.23,2.23,0.0,0.0,True
E4586,2.1399999999999997,2.1399999999999997,0.0,0.0,True
E4587,1.69,1.69,0.0,0.0,True
E4588,7.42,7.42,0.0,0.0,True
E4589,6.0,6.0,3.26,54.333333333333336,False
E459,0.28,0.28,0.0,0.0,True
E4590,3.35,3.35,0.0,0.0,True
E4591,6.82,6.82,2.0000000000000004,29.325513196480944,False
E4592,1.19,1.19,0.0,0.0,True
E4593,0.2,0.2,0.4,200.0,False
E4594,2.6100000000000003,2.6100000000000003,0.2999999999999998,11.49425287356321,True
E4595,2.75,2.75,0.0,0.0,True
E4596,6.670000000000001,3.58,4.33,64.9175412293853,False
E4597,0.74,0.74,0.0,0.0,True
E4598,3.1900000000000004,3.19,0.3600000000000001,11.285266457680251,True
E4599,1.3599999999999999,1.3599999999999999,0.0,0.0,True
E46,7.0,7.0,0.2599999999999999,3.7142857142857126,True
E460,12.080000000000002,12.08,11.98,99.17218543046356,False
E4600,1.12,1.12,0.0,0.0,True
E4601,2.77,2.77,0.0,0.0,True
E4602,1.34,1.34,0.0,0.0,True
E4603,0.87,0.87,0.38,43.67816091954023,False
E4604,5.550000000000001,5.550000000000001,0.7400000000000002,13.333333333333337,True
E4605,2.01,2.01,0.0,0.0,True
E4606,8.07,8.07,0.0,0.0,True
E4607,14.41,14.41,3.7399999999999993,25.95419847328244,False
E4608,1.75,1.75,0.0,0.0,True
E4609,14.45,14.45,2.679999999999999,18.54671280276816,True
E461,2.05,2.05,2.0,97.5609756097561,False
E4610,4.97,4.97,0.0,0.0,True
E4611,13.879999999999999,13.879999999999999,5.259999999999999,37.89625360230547,False
E4612,0.94,0.94,0.0,0.0,True
E4613,7.8999999999999995,7.8999999999999995,0.0,0.0,True
E4615,1.17,1.17,0.0,0.0,True
E4617,4.68,4.68,1.7200000000000002,36.752136752136764,False
E4618,2.27,2.27,0.0,0.0,True
E4619,18.79,18.79,37.58,200.0,False
E462,3.37,3.37,0.5800000000000001,17.210682492581604,True
E4620,2.96,2.96,0.0,0.0,True
E4621,9.07,9.07,16.68,183.90297684674752,False
E4623,0.68,0.68,0.0,0.0,True
E4624,5.75,5.75,7.0,121.73913043478261,False
E4625,1.78,1.78,0.0,0.0,True
E4627,7.289999999999999,7.29,13.379999999999999,183.53909465020578,False
E4628,2.63,2.63,0.0,0.0,True
E4629,4.869999999999999,4.87,4.720000000000001,96.91991786447642,False
E463,4.34,4.34,6.6,152.073732718894,False
E4630,0.98,0.98,0.0,0.0,True
E4631,2.06,2.06,3.0,145.63106796116506,False
E4632,5.0,5.0,0.0,0.0,True
E4633,6.75,6.75,4.5,66.66666666666667,False
E4634,13.44,13.440000000000001,15.24,113.39285714285715,False
E4635,14.62,14.62,0.5,3.4199726402188784,True
E4636,8.129999999999999,8.129999999999999,0.7199999999999994,8.856088560885603,True
E4637,37.85,37.85,75.7,200.0,False
E4638,8.15,8.15,9.82,120.49079754601226,False
E464,2.84,2.84,0.0,0.0,True
E465,2.6799999999999997,2.6799999999999997,0.20000000000000007,7.462686567164183,True
E466,8.8,8.8,0.0,0.0,True
E467,3.4,3.4,0.0,0.0,True
E468,6.96,6.96,0.5399999999999996,7.758620689655166,True
E469,2.2,2.2,4.4,200.0,False
E47,3.88,3.88,0.0,0.0,True
E470,0.72,0.72,0.0,0.0,True
E471,5.4399999999999995,5.4399999999999995,0.0,0.0,True
E473,3.0300000000000002,3.0300000000000002,0.0,0.0,True
E474,2.61,2.61,0.0,0.0,True
E475,28.67,28.19,28.740000000000006,100.24415765608651,False
E476,1.95,1.95,0.0,0.0,True
E477,3.58,3.58,0.0,0.0,True
E478,3.51,3.51,7.02,200.0,False
E479,5.6000000000000005,5.6000000000000005,0.0,0.0,True
E48,14.399999999999999,14.4,0.5800000000000013,4.0277777777777874,True
E480,4.2,4.2,8.4,200.0,False
E481,1.54,1.54,0.0,0.0,True
E482,6.9799999999999995,6.9799999999999995,0.0,0.0,True
E483,26.1,26.099999999999998,15.180000000000003,58.16091954022989,False
E484,2.5700000000000003,2.5700000000000003,1.6000000000000003,62.25680933852141,False
E485,3.0700000000000003,3.07,5.42,176.54723127035828,False
E486,9.88,9.88,19.76,200.0,False
E487,1.42,1.42,0.0,0.0,True
E488,6.8,6.8,2.5,36.76470588235294,False
E489,1.19,1.19,0.41999999999999993,35.29411764705882,False
E49,9.36,9.36,3.2399999999999993,34.61538461538461,False
E490,20.38,20.38,40.76,200.0,False
E491,1.27,1.27,0.0,0.0,True
E492,0.81,0.81,0.14000000000000007,17.28395061728396,True
E494,0.98,0.98,1.96,200.0,False
E495,2.4699999999999998,2.4699999999999998,0.0,0.0,True
E496,5.43,5.43,5.24,96.50092081031308,False
E497,8.51,8.51,9.46,111.1633372502938,False
E498,8.03,8.030000000000001,6.380000000000001,79.45205479452056,False
E499,1.58,1.58,3.16,200.0,False
E5,6.09,6.09,0.0,0.0,True
E50,2.6100000000000003,2.6100000000000003,0.0,0.0,True
E500,1.46,1.46,0.0,0.0,True
E501,2.98,2.98,0.0,0.0,True
E502,4.5,4.5,3.16,70.22222222222223,False
E503,8.98,8.98,17.96,200.0,False
E504,5.04,5.04,10.08,200.0,False
E505,12.78,12.780000000000001,22.08,172.7699530516432,False
E506,3.35,3.35,0.0,0.0,True
E507,1.65,1.65,0.20000000000000007,12.121212121212126,True
E508,11.53,11.530000000000001,12.119999999999997,105.11708586296616,False
E509,3.45,3.45,0.0,0.0,True
E51,1.02,1.02,0.0,0.0,True
E510,13.44,13.440000000000001,20.8,154.76190476190476,False
E511,2.8,2.8000000000000003,4.2,150.0,False
E512,9.41,9.41,2.4,25.5047821466525,False
E513,0.83,0.83,0.0,0.0,True
E514,1.64,1.64,3.04,185.3658536585366,False
E515,2.07,2.07,0.5800000000000001,28.01932367149759,False
E516,25.199999999999996,25.2,32.36,128.41269841269843,False
E517,1.04,1.04,0.0,0.0,True
E518,2.02,2.02,0.40000000000000036,19.80198019801982,True
E519,9.99,9.99,0.8800000000000008,8.808808808808816,True
E52,2.0,2.0,0.040000000000000036,2.0000000000000018,True
E520,2.7199999999999998,2.7199999999999998,3.26,119.8529411764706,False
E521,2.65,2.65,0.5800000000000001,21.886792452830193,False
E522,2.53,2.53,1.2999999999999998,51.38339920948616,False
E523,9.229999999999999,9.229999999999999,17.74,192.19934994582883,False
E524,4.34,4.34,8.68,200.0,False
E525,2.49,2.49,0.0,0.0,True
E526,1.74,1.74,0.0,0.0,True
E527,1.08,1.08,0.0,0.0,True
E528,2.37,2.37,1.46,61.60337552742616,False
E529,3.21,3.21,2.6,80.9968847352025,False
E53,6.4399999999999995,6.4399999999999995,0.0,0.0,True
E530,3.53,3.5300000000000002,7.0600000000000005,200.0,False
E531,5.73,5.73,3.78,65.96858638743456,False
E532,6.46,6.459999999999999,9.780000000000001,151.39318885448918,False
E533,2.0100000000000002,2.0100000000000002,0.0,0.0,True
E534,3.13,3.13,0.0,0.0,True
E535,2.01,2.01,0.0,0.0,True
E536,7.13,7.13,0.0,0.0,True
E537,8.84,8.84,0.0,0.0,True
E538,7.51,7.51,8.879999999999999,118.24234354194407,False
E539,7.41,7.41,3.0799999999999996,41.565452091767874,False
E54,4.09,4.09,1.94,47.43276283618582,False
E540,1.1300000000000001,1.1300000000000001,0.0,0.0,True
E541,2.45,2.45,3.08,125.71428571428571,False
E542,4.34,4.34,0.0,0.0,True
E543,6.3999999999999995,6.4,10.46,163.4375,False
E544,5.34,5.34,0.0,0.0,True
E545,1.73,1.73,0.0,0.0,True
E546,4.16,4.16,0.0,0.0,True
E547,3.01,3.01,0.0,0.0,True
E548,3.1999999999999997,3.1999999999999997,0.6200000000000001,19.375000000000007,True
E549,5.45,5.45,10.9,200.0,False
E55,6.75,6.75,1.34,19.85185185185185,True
E550,5.08,5.08,0.0,0.0,True
E551,3.63,3.63,0.0,0.0,True
E552,3.41,3.41,3.8600000000000003,113.19648093841643,False
E553,2.73,2.73,0.0,0.0,True
E554,2.08,2.08,0.0,0.0,True
E555,4.92,4.92,1.4800000000000002,30.081300813008138,False
E556,3.41,3.41,0.5,14.662756598240469,True
E557,7.35,7.35,13.379999999999999,182.04081632653063,False
E558,0.66,0.66,0.0,0.0,True
E559,1.28,1.28,1.36,106.25,False
E56,1.5499999999999998,1.5499999999999998,3.0999999999999996,200.0,False
E560,2.39,2.39,0.0,0.0,True
E561,1.9899999999999998,1.99,1.16,58.29145728643216,False
E562,0.93,0.93,0.0,0.0,True
E563,0.37,0.37,0.0,0.0,True
E564,3.22,3.22,6.44,200.0,False
E565,7.02,7.02,0.07999999999999985,1.1396011396011376,True
E566,69.42999999999999,69.43,3.079999999999992,4.436122713524402,True
E567,1.58,1.58,0.0,0.0,True
E568,1.74,1.7399999999999998,3.4799999999999995,199.99999999999997,False
E569,1.54,1.54,0.0,0.0,True
E57,11.44,11.44,2.92,25.524475524475527,False
E570,8.68,8.68,0.0,0.0,True
E571,24.43,24.43,3.619999999999999,14.817846909537451,True
E572,6.02,6.02,0.0,0.0,True
E573,2.61,2.61,0.41999999999999993,16.091954022988503,True
E574,1.29,1.29,0.0,0.0,True
E575,20.200000000000003,20.2,32.84,162.5742574257426,False
E576,3.45,3.45,2.1999999999999997,63.76811594202898,False
E577,3.5,3.5,0.0,0.0,True
E578,4.05,4.05,0.0,0.0,True
E579,2.83,2.83,0.08000000000000007,2.826855123674914,True
E58,2.8600000000000003,2.86,1.96,68.53146853146852,False
E580,4.43,4.43,3.4799999999999995,78.55530474040631,False
E581,2.12,2.12,0.2999999999999998,14.150943396226406,True
E582,1.0599999999999998,1.0599999999999998,0.0,0.0,True
E583,2.2399999999999998,2.24,0.01999999999999974,0.8928571428571314,True
E584,5.27,5.27,0.4400000000000004,8.349146110056935,True
E585,2.7199999999999998,2.72,0.7400000000000002,27.205882352941188,False
E586,8.1,8.1,1.5399999999999996,19.01234567901234,True
E587,17.4,17.4,11.799999999999999,67.816091954023,False
E588,6.9799999999999995,6.98,0.05999999999999939,0.8595988538681861,True
E589,2.69,2.69,0.72,26.765799256505577,False
E59,2.88,2.8800000000000003,4.16,144.44444444444446,False
E590,10.47,10.47,6.580000000000002,62.84622731614137,False
E591,1.58,1.58,0.0,0.0,True
E592,9.209999999999999,9.209999999999999,0.6599999999999999,7.166123778501627,True
E593,9.260000000000002,9.260000000000002,18.520000000000003,200.0,False
E594,6.42,6.42,12.84,200.0,False
E595,4.92,4.92,0.8800000000000003,17.886178861788625,True
E596,4.45,4.45,0.0,0.0,True
E597,2.04,2.04,0.29999999999999993,14.705882352941172,True
E598,1.45,1.45,0.0,0.0,True
E599,8.0,8.0,0.14000000000000035,1.7500000000000044,True
E6,9.15,9.15,1.2399999999999998,13.551912568306006,True
E60,2.35,2.35,1.1199999999999999,47.6595744680851,False
E600,5.83,5.83,1.7999999999999998,30.87478559176672,False
E601,1.4,1.4,0.0,0.0,True
E602,13.89,13.89,3.7200000000000006,26.78185745140389,False
E603,1.85,1.85,0.0,0.0,True
E604,3.2299999999999995,3.2299999999999995,0.0,0.0,True
E605,9.68,9.68,1.6400000000000001,16.94214876033058,True
E606,1.44,1.44,0.0,0.0,True
E607,0.58,0.58,0.0,0.0,True
E608,0.8899999999999999,0.8899999999999999,0.0,0.0,True
E609,2.53,2.5300000000000002,0.5200000000000002,20.553359683794476,False
E61,3.3899999999999997,3.3899999999999997,0.8599999999999997,25.36873156342182,False
E610,0.86,0.86,0.0,0.0,True
E611,1.49,1.49,0.0,0.0,True
E612,10.850000000000001,10.01,2.5400000000000014,23.410138248847936,False
E613,1.61,1.61,0.0,0.0,True
E614,2.05,2.05,0.0,0.0,True
E615,2.7,2.7,0.8200000000000002,30.370370370370374,False
E616,1.69,1.69,0.0,0.0,True
E617,1.1600000000000001,1.1600000000000001,0.0,0.0,True
E618,5.78,5.78,3.3599999999999994,58.131487889273345,False
E619,2.89,2.8899999999999997,3.04,105.19031141868511,False
E62,10.91,10.91,17.3,158.57011915673695,False
E620,3.6,3.6,0.17999999999999983,4.999999999999995,True
E621,1.78,1.78,0.0,0.0,True
E622,4.43,4.43,1.2599999999999998,28.44243792325056,False
E623,1.45,1.45,0.0,0.0,True
E624,2.88,2.88,0.0,0.0,True
E625,2.42,2.4200000000000004,0.11999999999999961,4.958677685950398,True
E626,4.28,4.279999999999999,0.40000000000000013,9.345794392523366,True
E627,0.76,0.76,0.0,0.0,True
E628,2.93,2.93,5.86,200.0,False
E629,8.68,8.68,0.8200000000000003,9.447004608294934,True
E63,9.33,9.329999999999998,1.7199999999999998,18.435155412647372,True
E630,2.17,2.17,0.0,0.0,True
E631,2.62,2.62,0.0,0.0,True
E632,3.88,3.88,0.7999999999999998,20.618556701030926,False
E634,4.69,4.69,0.0,0.0,True
E635,6.390000000000001,6.39,8.82,138.02816901408448,False
E636,7.220000000000001,7.220000000000001,6.66,92.24376731301938,False
E637,1.88,1.8800000000000001,2.16,114.8936170212766,False
E638,1.18,1.18,0.96,81.35593220338984,False
E639,5.18,5.18,0.9599999999999999,18.53281853281853,True
E64,7.99,7.99,9.64,120.65081351689612,False
E640,9.49,9.49,0.17999999999999972,1.8967334035827157,True
E641,2.67,2.67,0.0,0.0,True
E642,0.72,0.72,0.0,0.0,True
E643,6.56,6.56,0.0,0.0,True
E644,2.8,2.2800000000000002,2.06,73.57142857142857,False
E645,8.48,8.48,4.76,56.13207547169811,False
E646,2.7800000000000002,2.7800000000000002,5.5600000000000005,199.99999999999997,False
E647,10.15,10.15,20.3,200.0,False
E648,2.24,2.24,1.9200000000000004,85.71428571428572,False
E649,17.75,17.75,3.8000000000000003,21.408450704225352,False
E65,3.8499999999999996,3.85,0.8200000000000001,21.2987012987013,False
E650,8.94,8.940000000000001,17.200000000000003,192.39373601789714,False
E651,5.73,5.73,11.46,199.99999999999997,False
E652,1.8399999999999999,1.8399999999999999,1.6999999999999997,92.39130434782608,False
E653,3.7199999999999998,3.7199999999999998,7.4399999999999995,200.0,False
E654,4.1899999999999995,4.1899999999999995,8.379999999999999,200.0,False
E655,11.39,11.389999999999999,22.24,195.25899912203687,False
E656,2.74,2.74,0.0,0.0,True
E657,2.04,2.04,4.08,200.0,False
E658,2.1,2.1,0.5800000000000001,27.61904761904762,False
E659,5.289999999999999,5.29,10.579999999999998,200.0,False
E66,4.370000000000001,4.37,8.280000000000001,189.4736842105263,False
E660,1.4500000000000002,1.4500000000000002,0.0,0.0,True
E661,2.04,2.04,4.08,200.0,False
E662,2.69,2.69,5.38,200.0,False
E663,7.859999999999999,7.859999999999999,0.6600000000000001,8.396946564885498,True
E664,0.7,0.7,1.4,200.0,False
E665,3.64,3.64,7.28,200.0,False
E666,0.25,0.25,0.0,0.0,True
E667,0.73,0.73,0.0,0.0,True
E668,3.86,3.86,0.2400000000000001,6.217616580310883,True
E669,1.58,1.58,3.16,200.0,False
E67,1.49,1.49,0.0,0.0,True
E670,4.03,4.03,8.06,200.0,False
E671,16.009999999999998,15.069999999999999,31.08,194.1286695815116,False
E672,2.2199999999999998,2.22,2.7199999999999998,122.52252252252254,False
E673,5.2,5.2,3.0199999999999996,58.076923076923066,False
E674,1.1400000000000001,1.1400000000000001,2.2800000000000002,200.0,False
E675,7.909999999999999,7.909999999999999,15.819999999999999,200.0,False
E676,7.88,7.88,0.8400000000000003,10.659898477157364,True
E677,4.859999999999999,4.859999999999999,2.6199999999999997,53.90946502057613,False
E678,2.7399999999999998,2.74,0.2600000000000001,9.489051094890515,True
E679,7.25,7.25,1.96,27.03448275862069,False
E68,3.59,3.59,0.0,0.0,True
E680,5.19,5.1899999999999995,1.0199999999999998,19.65317919075144,True
E681,5.56,5.56,1.8599999999999999,33.45323741007194,False
E682,1.63,1.63,0.0,0.0,True
E683,11.74,11.74,22.76,193.8671209540034,False
E684,19.67,19.67,39.34,200.0,False
E685,3.66,3.66,7.32,200.0,False
E686,3.54,3.54,7.08,200.0,False
E687,3.9699999999999998,3.9699999999999998,7.9399999999999995,200.0,False
E688,2.66,2.66,0.52,19.548872180451127,True
E689,2.81,2.81,0.0,0.0,True
E69,2.08,1.96,0.6400000000000001,30.769230769230774,False
E690,3.6399999999999997,3.6399999999999997,0.7399999999999998,20.329670329670325,False
E691,1.42,1.42,0.45999999999999996,32.3943661971831,False
E692,4.74,4.74,9.48,200.0,False
E693,4.36,4.359999999999999,8.719999999999999,199.99999999999997,False
E694,46.910000000000004,46.910000000000004,93.82,199.99999999999997,False
E695,49.05,49.05,94.8,193.27217125382265,False
E696,4.62,4.62,0.0,0.0,True
E697,242.39000000000001,242.39,411.65999999999997,169.83373901563596,False
E698,3.34,3.34,5.119999999999999,153.29341317365268,False
E699,16.24,16.240000000000002,32.480000000000004,200.00000000000006,False
E7,14.77,14.77,15.5,104.9424509140149,False
E70,7.760000000000001,7.760000000000001,11.16,143.81443298969072,False
E700,6.83,6.83,13.36,195.60761346998535,False
E701,9.23,9.23,5.42,58.72156013001083,False
E702,10.989999999999998,10.99,21.979999999999997,200.0,False
E703,10.41,10.41,0.05999999999999936,0.5763688760806855,True
E704,16.54,16.54,18.02,108.94800483675938,False
E705,10.030000000000001,10.030000000000001,0.0,0.0,True
E706,19.86,19.86,39.72,200.0,False
E707,26.099999999999998,26.099999999999998,52.199999999999996,200.00000000000003,False
E708,23.7,23.700000000000003,47.400000000000006,200.00000000000006,False
E709,1.0299999999999998,1.03,1.3399999999999999,130.0970873786408,False
E71,4.66,4.66,0.76,16.30901287553648,True
E710,145.28,145.28,6.5,4.474118942731278,True
E711,66.14,66.14,132.28,200.0,False
E712,4.78,4.78,9.56,200.0,False
E713,2.51,2.51,5.02,200.0,False
E714,6.95,6.95,13.9,200.0,False
E715,1.3399999999999999,1.3399999999999999,2.6799999999999997,200.00000000000003,False
E716,8.29,8.29,16.58,200.0,False
E717,3.08,3.08,0.0,0.0,True
E718,3.59,3.59,7.18,200.0,False
E719,3.22,3.22,6.44,200.0,False
E72,6.18,6.18,0.0,0.0,True
E720,15.49,15.489999999999998,30.98,200.0,False
E721,1.53,1.53,0.0,0.0,True
E722,11.89,11.89,23.78,200.0,False
E723,16.080000000000002,16.080000000000002,32.160000000000004,200.0,False
E724,2.67,2.67,5.34,200.0,False
E725,8.02,8.02,0.0,0.0,True
E726,23.490000000000002,23.490000000000002,12.0,51.08556832694763,False
E727,0.81,0.81,0.0,0.0,True
E728,7.53,7.529999999999999,15.06,200.0,False
E729,9.92,9.72,19.64,197.98387096774195,False
E73,0.77,0.77,0.0,0.0,True
E730,1.89,1.89,3.78,200.0,False
E731,10.6,10.6,21.2,200.0,False
E732,49.17,49.17,78.24,159.1214154972544,False
E733,15.72,15.72,26.92,171.2468193384224,False
E734,2.48,2.48,0.0,0.0,True
E735,2.95,2.95,5.9,200.0,False
E736,1.43,1.43,2.86,200.0,False
E737,14.5,14.5,29.0,200.0,False
E738,7.630000000000001,7.63,15.26,199.99999999999997,False
E739,2.29,2.29,4.32,188.64628820960698,False
E74,9.049999999999999,9.049999999999999,2.8399999999999994,31.381215469613256,False
E740,3.05,3.05,2.32,76.0655737704918,False
E741,4.39,4.39,0.0,0.0,True
E742,15.18,15.18,30.36,200.0,False
E743,8.37,8.37,16.74,200.0,False
E744,9.64,9.64,7.18,74.48132780082987,False
E745,7.71,7.71,0.9399999999999997,12.191958495460437,True
E746,47.53999999999999,47.54,66.91999999999999,140.76567101388304,False
E747,10.76,10.76,11.52,107.06319702602231,False
E748,1.8199999999999998,1.8199999999999998,0.0,0.0,True
E749,19.470000000000002,19.47,17.240000000000002,88.54648176682075,False
E75,2.3200000000000003,2.32,0.3400000000000002,14.65517241379311,True
E750,1.57,1.57,0.0,0.0,True
E751,7.28,7.28,14.56,200.0,False
E752,9.719999999999999,9.719999999999999,6.300000000000001,64.81481481481484,False
E753,1.2,1.2000000000000002,2.4,200.0,False
E754,3.12,3.12,3.3600000000000003,107.69230769230771,False
E755,3.08,3.08,1.22,39.61038961038961,False
E756,3.88,3.88,0.040000000000000036,1.0309278350515474,True
E757,7.47,7.47,0.7799999999999997,10.441767068273089,True
E758,1.61,1.61,0.0,0.0,True
E759,4.97,4.97,9.94,200.0,False
E76,2.59,2.59,0.54,20.849420849420852,False
E760,3.94,3.94,0.0,0.0,True
E761,3.51,3.51,0.01999999999999979,0.5698005698005638,True
E762,3.81,3.81,0.0,0.0,True
E763,8.43,8.43,0.0,0.0,True
E764,2.82,2.8200000000000003,4.92,174.468085106383,False
E765,8.11,8.11,0.4599999999999997,5.672009864364979,True
E766,6.920000000000001,6.920000000000001,0.0,0.0,True
E767,6.67,6.67,0.17999999999999994,2.6986506746626677,True
E768,16.11,16.11,9.320000000000002,57.85226567349474,False
E769,1.52,1.52,0.0,0.0,True
E77,6.77,6.77,0.2200000000000003,3.2496307237813933,True
E770,6.87,6.87,0.0,0.0,True
E771,4.49,4.49,1.2999999999999998,28.95322939866369,False
E772,4.04,4.04,0.9400000000000004,23.26732673267328,False
E773,1.74,1.74,0.2799999999999998,16.091954022988492,True
E774,9.79,9.79,1.7599999999999993,17.977528089887635,True
E775,1.0699999999999998,1.0699999999999998,0.19999999999999998,18.691588785046733,True
E776,0.66,0.66,0.0,0.0,True
E777,4.57,4.57,4.1000000000000005,89.71553610503283,False
E778,0.77,0.77,0.0,0.0,True
E779,1.31,1.31,0.0,0.0,True
E78,1.08,1.08,0.0,0.0,True
E780,1.67,1.67,0.0,0.0,True
E781,2.74,2.74,0.6,21.8978102189781,False
E782,1.5,1.5,0.0,0.0,True
E783,7.84,7.84,15.68,200.0,False
E784,6.489999999999999,6.49,4.84,74.57627118644069,False
E785,8.99,8.99,16.0,177.97552836484982,False
E786,14.22,14.219999999999999,28.44,200.0,False
E787,10.23,10.23,20.46,200.0,False
E788,3.27,3.27,0.0,0.0,True
E789,2.5300000000000002,2.5300000000000002,0.0,0.0,True
E79,14.91,14.91,7.0,46.948356807511736,False
E790,1.73,1.73,0.0,0.0,True
E791,2.93,2.93,0.0,0.0,True
E792,3.21,3.21,0.0,0.0,True
E793,1.73,1.73,0.0,0.0,True
E794,7.699999999999999,7.130000000000001,2.290000000000001,29.740259740259756,False
E795,20.91,20.91,29.900000000000006,142.9937828790053,False
E796,16.36,16.36,30.479999999999997,186.30806845965768,False
E797,18.64,18.64,28.619999999999997,153.5407725321888,False
E798,0.93,0.93,0.0,0.0,True
E799,3.55,3.55,0.0,0.0,True
E8,1.59,1.59,0.0,0.0,True
E80,10.26,10.26,0.5200000000000009,5.068226120857709,True
E800,3.1399999999999997,3.1399999999999997,0.52,16.56050955414013,True
E801,2.02,2.02,4.04,200.0,False
E802,13.13,13.129999999999999,26.02,198.17212490479815,False
E803,1.51,1.51,0.0,0.0,True
E804,2.95,2.95,0.38000000000000034,12.881355932203402,True
E805,3.61,3.6100000000000003,0.5399999999999996,14.958448753462593,True
E806,7.66,7.66,0.0,0.0,True
E807,9.6,9.6,0.7199999999999993,7.499999999999993,True
E808,3.2,3.2,0.8200000000000002,25.625000000000004,False
E809,8.629999999999999,8.629999999999999,1.0999999999999996,12.746234067207414,True
E81,9.51,9.51,11.7,123.02839116719244,False
E810,12.75,12.75,2.419999999999999,18.980392156862738,True
E811,3.02,3.02,0.35999999999999965,11.920529801324491,True
E812,3.4899999999999998,3.4899999999999998,0.0,0.0,True
E813,3.06,3.06,0.0,0.0,True
E814,2.42,2.42,0.6399999999999999,26.446280991735534,False
E815,2.65,2.65,0.41999999999999993,15.849056603773583,True
E816,1.69,1.69,0.98,57.98816568047337,False
E817,2.82,2.82,0.0,0.0,True
E818,2.21,2.21,0.0,0.0,True
E819,1.38,1.38,0.0,0.0,True
E82,10.79,10.79,10.34,95.8294717330862,False
E820,6.4399999999999995,6.4399999999999995,0.4399999999999995,6.832298136645956,True
E821,7.12,7.12,2.7800000000000002,39.04494382022472,False
E822,5.880000000000001,5.88,1.080000000000001,18.367346938775526,True
E823,0.48,0.48,0.0,0.0,True
E824,3.9400000000000004,3.94,5.74,145.68527918781726,False
E825,1.29,1.29,0.0,0.0,True
E826,1.9,1.9,0.040000000000000036,2.105263157894739,True
E827,5.52,5.5200000000000005,0.5600000000000003,10.14492753623189,True
E828,4.04,4.04,0.0,0.0,True
E829,1.16,1.16,0.0,0.0,True
E83,1.83,1.83,1.7800000000000002,97.26775956284155,False
E830,3.33,3.33,6.66,200.0,False
E831,15.17,15.17,0.5399999999999996,3.559657218193801,True
E832,1.38,1.38,0.0,0.0,True
E833,5.279999999999999,5.28,1.28,24.242424242424246,False
E834,1.62,1.62,0.0,0.0,True
E835,2.43,2.43,0.0,0.0,True
E836,0.67,0.67,0.0,0.0,True
E837,1.8,1.8,0.0,0.0,True
E838,3.1399999999999997,3.1399999999999997,0.3600000000000002,11.46496815286625,True
E839,7.46,7.459999999999999,0.20000000000000054,2.6809651474530902,True
E84,4.57,4.57,0.9200000000000002,20.13129102844639,False
E840,1.79,1.79,0.21999999999999997,12.290502793296087,True
E841,1.97,1.9700000000000002,0.23999999999999966,12.18274111675125,True
E842,5.34,5.34,10.68,200.0,False
E843,8.100000000000001,8.1,16.2,199.99999999999997,False
E844,1.2500000000000002,1.25,0.82,65.6,False
E845,6.3100000000000005,6.31,12.620000000000001,199.99999999999997,False
E846,2.9699999999999998,2.9699999999999998,5.9399999999999995,200.00000000000003,False
E847,1.73,1.73,2.02,116.76300578034682,False
E848,3.75,3.75,0.96,25.6,False
E849,8.95,8.95,0.3999999999999993,4.469273743016752,True
E85,2.41,2.41,0.0,0.0,True
E850,5.67,5.67,7.66,135.09700176366843,False
E851,2.7199999999999998,2.7199999999999998,0.0,0.0,True
E852,4.04,4.04,0.28000000000000014,6.930693069306934,True
E853,3.95,3.95,1.0399999999999998,26.329113924050628,False
E854,4.9399999999999995,4.94,5.66,114.57489878542512,False
E855,5.77,5.77,11.54,200.00000000000003,False
E856,7.16,7.16,0.0,0.0,True
E857,10.65,10.65,0.4200000000000008,3.943661971830994,True
E858,17.14,17.14,34.28,200.0,False
E859,2.59,2.59,0.0,0.0,True
E86,3.68,3.68,0.0,0.0,True
E860,5.56,5.5600000000000005,11.120000000000001,200.0,False
E861,2.58,2.58,0.7200000000000001,27.90697674418605,False
E862,8.02,8.02,8.64,107.73067331670823,False
E863,3.21,3.21,0.0,0.0,True
E864,2.48,2.48,0.0,0.0,True
E865,9.27,9.27,0.05999999999999936,0.6472491909385044,True
E866,3.06,3.06,0.5800000000000001,18.954248366013076,True
E867,16.93,16.93,19.3,113.99881866509156,False
E868,3.17,3.17,6.34,200.0,False
E869,15.43,15.43,0.1400000000000003,0.9073233959818554,True
E87,2.88,2.88,0.0,0.0,True
E870,10.66,10.66,0.0,0.0,True
E871,9.190000000000001,9.190000000000001,10.0,108.81392818280739,False
E872,1.56,1.56,0.16000000000000014,10.256410256410264,True
E873,1.47,1.47,0.0,0.0,True
E874,2.01,2.01,0.0,0.0,True
E875,5.069999999999999,5.07,0.3799999999999999,7.49506903353057,True
E876,1.11,1.11,0.0,0.0,True
E877,1.51,1.51,0.0,0.0,True
E878,2.1,2.1,0.0,0.0,True
E879,6.859999999999999,6.86,0.35999999999999965,5.247813411078712,True
E88,1.8900000000000001,1.8900000000000001,0.22000000000000008,11.640211640211643,True
E880,2.7600000000000002,2.7600000000000002,0.0,0.0,True
E881,1.2,1.2,0.0,0.0,True
E882,4.21,4.21,8.42,200.0,False
E883,12.09,12.090000000000002,3.880000000000001,32.09263854425145,False
E884,9.07,9.07,0.4999999999999989,5.512679162072755,True
E885,5.5200000000000005,5.5200000000000005,0.5999999999999996,10.869565217391298,True
E886,5.74,5.74,4.08,71.0801393728223,False
E887,1.42,1.42,0.98,69.01408450704226,False
E888,2.2399999999999998,2.2399999999999998,0.040000000000000036,1.7857142857142876,True
E889,5.09,5.09,2.0599999999999996,40.47151277013752,False
E89,3.8,3.8,0.5199999999999998,13.684210526315784,True
E890,6.35,6.3500000000000005,8.02,126.2992125984252,False
E891,2.17,2.17,0.0,0.0,True
E892,1.05,1.05,2.1,200.0,False
E893,1.52,1.52,0.17999999999999994,11.84210526315789,True
E894,1.9300000000000002,1.9300000000000002,0.0,0.0,True
E895,2.3499999999999996,2.35,0.2600000000000001,11.063829787234049,True
E896,1.33,1.33,0.0,0.0,True
E897,1.41,1.41,2.82,200.0,False
E898,2.91,2.91,0.0,0.0,True
E899,1.3,1.3,0.0,0.0,True
E9,17.75,16.89,4.5,25.35211267605634,False
E90,1.01,1.01,0.0,0.0,True
E900,7.27,7.27,0.0,0.0,True
E901,4.25,4.25,0.0,0.0,True
E902,4.57,4.57,0.6600000000000001,14.442013129102847,True
E903,4.6,4.6,1.3199999999999998,28.69565217391304,False
E904,0.79,0.79,0.0,0.0,True
E905,2.6799999999999997,2.68,0.6200000000000001,23.134328358208965,False
E906,1.97,1.97,0.0,0.0,True
E907,2.44,2.44,0.0,0.0,True
E908,5.13,5.13,10.26,200.0,False
E909,2.12,2.12,0.0,0.0,True
E91,11.350000000000001,11.350000000000001,0.0,0.0,True
E910,3.37,3.37,6.74,200.0,False
E911,4.52,4.52,4.72,104.42477876106196,False
E912,7.200000000000001,7.200000000000001,1.4,19.444444444444443,True
E913,3.97,3.97,0.0,0.0,True
E914,4.93,4.93,2.040000000000001,41.37931034482761,False
E915,5.25,5.25,0.0,0.0,True
E916,2.52,2.52,0.0,0.0,True
E917,4.9,4.9,0.8199999999999996,16.73469387755101,True
E918,12.610000000000001,12.61,2.9399999999999986,23.3148295003965,False
E919,1.87,1.87,0.0,0.0,True
E92,15.7,15.7,0.9800000000000001,6.242038216560511,True
E920,2.63,2.63,0.56,21.292775665399244,False
E921,2.34,2.34,0.09999999999999976,4.273504273504263,True
E923,0.37,0.37,0.0,0.0,True
E924,7.3100000000000005,7.31,0.42000000000000093,5.745554035567728,True
E925,8.08,8.08,7.6,94.05940594059406,False
E926,2.09,2.09,0.0,0.0,True
E927,2.81,2.81,0.0,0.0,True
E928,2.75,2.75,0.06000000000000005,2.181818181818184,True
E929,1.54,1.54,0.0,0.0,True
E93,3.9200000000000004,3.92,0.40000000000000024,10.204081632653066,True
E930,9.11,9.11,1.8799999999999994,20.636663007683858,False
E931,7.53,7.53,0.0,0.0,True
E932,1.85,1.85,0.3399999999999999,18.378378378378375,True
E933,8.33,8.33,1.8199999999999996,21.848739495798316,False
E934,12.77,12.77,4.58,35.86530931871574,False
E935,2.95,2.95,0.33999999999999997,11.525423728813559,True
E936,6.8100000000000005,6.8100000000000005,1.52,22.320117474302496,False
E937,2.73,2.73,0.6200000000000001,22.710622710622715,False
E938,2.3,2.3,0.0,0.0,True
E939,2.54,2.54,0.0,0.0,True
E94,7.5200000000000005,7.5200000000000005,0.0,0.0,True
E940,6.05,6.049999999999999,3.9799999999999995,65.78512396694214,False
E941,0.53,0.53,0.0,0.0,True
E942,8.83,8.83,2.88,32.61608154020385,False
E943,7.74,7.74,13.3,171.83462532299743,False
E944,7.130000000000001,6.64,1.6700000000000004,23.42215988779804,False
E945,1.8599999999999999,1.8599999999999999,0.0,0.0,True
E946,4.4,4.4,0.0,0.0,True
E947,2.59,2.59,0.0,0.0,True
E949,10.32,10.32,19.74,191.27906976744183,False
E95,13.92,13.92,9.759999999999998,70.11494252873561,False
E950,9.25,9.25,11.48,124.10810810810811,False
E951,0.77,0.77,0.0,0.0,True
E952,2.1300000000000003,2.13,4.26,199.99999999999997,False
E953,10.26,10.26,1.3200000000000003,12.865497076023395,True
E954,9.89,9.89,1.8200000000000003,18.40242669362993,True
E955,2.71,2.71,0.0,0.0,True
E956,1.3599999999999999,1.3599999999999999,0.0,0.0,True
E957,3.54,3.54,0.0,0.0,True
E958,2.2,2.2,4.4,200.0,False
E959,5.84,5.84,0.0,0.0,True
E96,8.74,8.74,4.9,56.06407322654463,False
E960,8.83,8.83,8.1,91.73272933182334,False
E961,0.11,0.11,0.0,0.0,True
E962,3.02,3.02,0.20000000000000012,6.622516556291394,True
E963,1.37,1.37,0.0,0.0,True
E964,2.4800000000000004,2.4800000000000004,0.14,5.64516129032258,True
E965,0.79,0.79,0.0,0.0,True
E966,3.94,3.94,0.0,0.0,True
E967,1.35,1.35,0.24,17.777777777777775,True
E968,3.35,3.35,0.7599999999999998,22.686567164179095,False
E969,4.15,4.15,0.040000000000000036,0.9638554216867478,True
E97,10.33,10.329999999999998,1.920000000000001,18.586640851887715,True
E970,2.0300000000000002,2.0300000000000002,0.08000000000000002,3.9408866995073897,True
E971,1.0,1.0,0.0,0.0,True
E972,5.42,5.42,10.84,200.0,False
E973,4.38,4.38,2.92,66.66666666666667,False
E974,7.890000000000001,7.890000000000001,0.9199999999999996,11.660329531051959,True
E975,3.5,3.5,0.0,0.0,True
E976,2.96,2.96,0.4400000000000003,14.864864864864874,True
E977,4.65,4.65,1.2400000000000007,26.66666666666668,False
E978,2.22,2.22,0.1600000000000001,7.20720720720721,True
E979,8.72,8.719999999999999,6.14,70.41284403669724,False
E98,7.859999999999999,7.859999999999999,1.6599999999999997,21.119592875318062,False
E980,2.7,2.7,0.11999999999999966,4.444444444444431,True
E981,6.02,6.02,0.5,8.305647840531561,True
E982,3.52,3.52,0.0,0.0,True
E983,12.48,12.48,14.360000000000001,115.06410256410258,False
E984,1.28,1.28,2.56,200.0,False
E985,8.05,8.05,0.0,0.0,True
E986,5.12,5.12,0.0,0.0,True
E987,2.86,2.86,5.72,200.0,False
E988,6.410000000000001,6.41,0.9400000000000006,14.664586583463345,True
E989,4.26,4.26,0.0,0.0,True
E99,3.44,3.44,1.12,32.55813953488373,False
E990,13.76,13.76,3.359999999999999,24.418604651162784,False
E991,6.98,6.98,6.38,91.40401146131805,False
E992,1.84,1.8399999999999999,3.6799999999999997,200.0,False
E993,0.9299999999999999,0.9299999999999999,0.05999999999999994,6.451612903225801,True
E994,74.38,74.38,148.76,200.0,False
E995,2.1799999999999997,2.1799999999999997,4.359999999999999,200.0,False
E996,7.65,7.65,0.0,0.0,True
E997,11.57,11.57,0.0,0.0,True
E998,8.239999999999998,8.24,0.5599999999999992,6.79611650485436,True
E999,0.6799999999999999,0.6799999999999999,0.0,0.0,True
