plot,crop,farm,region,island,surface_ha
P1,MA_ROTA,E1,3,2,3.68
P2,MA_ROTA,E1,3,2,3.3
P3,MA_ROTA,E1,3,2,1.36
P4,MA_ROTA,E2,2,2,1.24
P5,PN_PIQ,E3,2,2,0.77
P6,PN_PIQ,E3,2,2,0.21
P7,PN_PIQ,E3,2,2,0.57
P8,PN_PIQ,E3,2,2,1.52
P10,PN_PIQ,E4,2,2,0.86
P11,PN_PIQ,E4,2,2,0.6
P12,BC_GTMG,E5,3,2,0.6
P14,IG_PLA,E5,3,2,1.46
P16,IG_PLA,E5,3,2,1.46
P17,IG_PLA,E5,3,2,2.12
P18,BC_GTMG,E5,3,2,0.45
P19,IG_PLA,E6,1,2,0.76
P20,IG_PLA,E6,1,2,0.48
P22,BC_GTMG,E6,1,2,0.43
P23,IG_PLA,E6,1,2,3.59
P24,BC_GTMG,E6,1,2,2.15
P25,BC_GTMG,E6,1,2,0.84
P26,BC_GTMG,E6,1,2,0.9
P27,MA_ROTA,E7,3,2,1.96
P29,MA_ROTA,E7,3,2,0.44
P31,MA_ROTA,E7,3,2,0.85
P32,MA_ROTA,E7,3,2,0.49
P33,MA_ROTA,E7,3,2,0.67
P34,MA_ROTA,E7,3,2,0.52
P37,MA_ROTA,E7,3,2,0.24
P39,MA_ROTA,E7,3,2,3.2
P41,MA_ROTA,E7,3,2,3.61
P42,MA_ROTA,E7,3,2,1.32
P43,MA_ROTA,E7,3,2,0.46
P44,MA_ROTA,E7,3,2,1.01
P47,PN_PIQ,E8,2,2,1.59
P48,BC_GTMG,E9,1,2,4.34
P49,BC_GTMG,E9,1,2,0.86
P50,BC_GTMG,E9,1,2,3.43
P51,BC_GTMG,E9,1,2,1.47
P52,BC_GTMG,E9,1,2,4.36
P53,BC_GTMG,E9,1,2,3.29
P54,PN_PIQ,E10,3,2,0.47
P56,PN_PIQ,E10,3,2,0.05
P57,PN_PIQ,E10,3,2,1.43
P58,PN_PIQ,E10,3,2,0.7
P59,PN_PIQ,E10,3,2,0.18
P60,PN_PIQ,E10,3,2,4.19
P61,PN_PIQ,E10,3,2,0.54
P62,PN_PIQ,E10,3,2,0.04
P63,PN_PIQ,E10,3,2,0.46
P64,PN_PIQ,E10,3,2,0.68
P65,PN_PIQ,E10,3,2,0.96
P66,MA_ROTA,E11,3,2,2.02
P67,MA_ROTA,E11,3,2,0.3
P68,MA_ROTA,E11,3,2,1.25
P69,MA_ROTA,E11,3,2,4.17
P70,MA_ROTA,E11,3,2,0.28
P71,MA_ROTA,E11,3,2,0.39
P72,MA_ROTA,E11,3,2,3.07
P74,MA_ROTA,E12,3,2,1.79
P75,MA_ROTA,E12,3,2,0.9
P77,MA_ROTA,E12,3,2,1.1
P78,MA_ROTA,E13,3,2,1.3
P79,MA_ROTA,E13,3,2,0.98
P80,MA_ROTA,E13,3,2,1.97
P81,MA_ROTA,E13,3,2,2.62
P84,MA_ROTA,E13,3,2,1.52
P86,MA_TO_CO_JA,E14,7,3,0.19
P87,MA_TO_CO_JA,E14,7,3,0.28
P88,MA_TO_CO_JA,E14,7,3,0.27
P89,MA_TO_CO_JA,E14,7,3,0.7
P90,PN_PIQ,E15,7,3,0.45
P91,PN_PIQ,E15,7,3,0.43
P92,PN_PIQ,E15,7,3,1.48
P93,PN_PIQ,E15,7,3,0.16
P94,PN_PIQ,E15,7,3,0.49
P95,PN_PIQ,E16,1,2,2.78
P96,PN_PIQ,E16,1,2,0.45
P97,PN_PIQ,E16,1,2,0.44
P98,PN_PIQ,E16,1,2,0.78
P99,PN_PIQ,E16,1,2,1.69
P100,PN_PIQ,E16,1,2,0.87
P101,PN_PIQ,E16,1,2,0.19
P103,MA_ROTA,E17,2,2,1.04
P105,PN_PIQ,E18,7,3,0.65
P106,PN_PIQ,E18,7,3,1.46
P107,IG_PLA,E19,3,2,1.35
P108,BC_GTMG,E19,3,2,1.81
P109,BC_GTMG,E19,3,2,1.77
P110,IG_PLA,E19,3,2,1.35
P111,IG_PLA,E19,3,2,0.61
P112,IG_PLA,E19,3,2,0.5
P113,IG_PLA,E19,3,2,0.21
P114,PN_PIQ,E20,7,3,3.31
P115,PN_PIQ,E20,7,3,1.29
P116,PN_PIQ,E20,7,3,0.96
P117,PN_PIQ,E20,7,3,0.42
P118,PN_PIQ,E20,7,3,2.3
P119,PN_PIQ,E20,7,3,2.4
P120,PN_PIQ,E20,7,3,0.92
P121,PN_PIQ,E21,7,3,2.36
P122,PN_PIQ,E21,7,3,0.87
P123,PN_PIQ,E21,7,3,0.15
P124,BC_GTMG,E21,7,3,0.18
P125,PN_PIQ,E21,7,3,0.49
P126,PN_PIQ,E21,7,3,0.41
P127,BC_GTMG,E21,7,3,0.06
P128,PN_PIQ,E21,7,3,0.09
P129,PN_PIQ,E21,7,3,2.48
P130,PN_PIQ,E21,7,3,1.26
P131,PN_PIQ,E21,7,3,1.02
P132,PN_PIQ,E21,7,3,0.15
P133,BC_GTMG,E21,7,3,0.27
P134,BC_GTMG,E21,7,3,0.35
P135,PN_PIQ,E22,2,2,0.08
P136,PN_PIQ,E22,2,2,0.8
P137,PN_PIQ,E22,2,2,0.42
P138,PN_PIQ,E22,2,2,0.1
P139,PN_PIQ,E23,1,2,0.59
P140,PN_PIQ,E23,1,2,0.31
P141,PN_PIQ,E23,1,2,0.72
P142,PN_PIQ,E24,7,3,0.64
P143,PN_PIQ,E24,7,3,0.13
P144,PN_PIQ,E24,7,3,0.11
P145,PN_PIQ,E24,7,3,1.14
P146,PN_PIQ,E24,7,3,0.35
P147,PN_PIQ,E25,2,2,0.41
P148,PN_PIQ,E25,2,2,0.99
P149,PN_PIQ,E25,2,2,0.47
P150,PN_PIQ,E25,2,2,0.24
P151,PN_PIQ,E25,2,2,0.2
P152,PN_PIQ,E25,2,2,0.42
P153,PN_PIQ,E25,2,2,0.45
P154,PN_PIQ,E25,2,2,0.25
P155,PN_PIQ,E25,2,2,0.21
P156,PN_PIQ,E26,1,2,0.9
P157,PN_PIQ,E27,7,3,0.34
P158,PN_PIQ,E27,7,3,0.5
P159,PN_PIQ,E27,7,3,0.21
P160,PN_PIQ,E27,7,3,3.18
P162,MA_ROTA,E28,2,2,0.78
P165,MA_ROTA,E28,2,2,0.45
P166,MA_ROTA,E28,2,2,0.32
P167,PN_PIQ,E29,7,3,0.45
P168,PN_PIQ,E29,7,3,1.46
P169,PN_PIQ,E29,7,3,0.33
P170,PN_PIQ,E30,7,3,0.32
P171,PN_PIQ,E30,7,3,0.67
P172,PN_PIQ,E30,7,3,0.4
P173,PN_PIQ,E30,7,3,0.17
P174,PN_PIQ,E30,7,3,0.61
P175,PN_PIQ,E30,7,3,3.13
P176,PN_PIQ,E30,7,3,0.24
P177,PN_PIQ,E30,7,3,0.29
P178,PN_PIQ,E30,7,3,1.95
P179,PN_PIQ,E30,7,3,0.49
P180,PN_PIQ,E30,7,3,2.1
P181,PN_PIQ,E30,7,3,0.43
P182,PN_PIQ,E30,7,3,0.46
P183,MA_TO_CO_JA,E31,7,3,0.27
P184,MA_TO_CO_JA,E31,7,3,0.2
P185,BC_GTMG,E32,2,2,0.8
P186,BC_GTMG,E32,2,2,0.5
P187,PN_PIQ,E33,7,3,0.29
P188,PN_PIQ,E33,7,3,0.59
P189,BC_GTMG,E33,7,3,0.8
P190,BC_GTMG,E33,7,3,1.31
P191,PN_PIQ,E33,7,3,0.5
P192,PN_PIQ,E33,7,3,0.82
P193,PN_PIQ,E33,7,3,1.49
P194,PN_PIQ,E33,7,3,1.1
P195,PN_PIQ,E33,7,3,1.25
P196,PN_PIQ,E33,7,3,4.23
P197,PN_PIQ,E33,7,3,1.0
P198,PN_PIQ,E33,7,3,0.61
P199,PN_PIQ,E33,7,3,3.68
P200,PN_PIQ,E33,7,3,0.94
P201,PN_PIQ,E33,7,3,1.27
P202,PN_PIQ,E33,7,3,3.18
P203,PN_PIQ,E34,7,3,0.44
P204,PN_PIQ,E34,7,3,0.34
P205,PN_PIQ,E34,7,3,0.57
P206,PN_PIQ,E34,7,3,0.64
P207,PN_PIQ,E35,2,2,0.5
P208,MA_ROTA,E36,2,2,0.23
P209,MA_ROTA,E36,2,2,0.51
P210,MA_ROTA,E36,2,2,0.51
P211,MA_ROTA,E36,2,2,0.63
P212,MA_ROTA,E36,2,2,0.31
P213,MA_ROTA,E36,2,2,0.28
P214,MA_ROTA,E36,2,2,0.15
P215,MA_ROTA,E36,2,2,0.61
P216,MA_ROTA,E36,2,2,0.54
P217,MA_ROTA,E36,2,2,0.34
P218,MA_ROTA,E36,2,2,0.31
P219,MA_ROTA,E36,2,2,0.73
P220,MA_ROTA,E36,2,2,0.53
P221,PN_PIQ,E37,7,3,0.73
P222,PN_PIQ,E37,7,3,1.3
P223,PN_PIQ,E38,2,2,0.36
P224,PN_PIQ,E38,2,2,0.56
P225,PN_PIQ,E38,2,2,0.2
P226,PN_PIQ,E38,2,2,0.12
P227,PN_PIQ,E38,2,2,0.71
P228,PN_PIQ,E38,2,2,0.31
P229,PN_PIQ,E39,3,2,4.07
P230,PN_PIQ,E40,7,3,0.23
P231,PN_PIQ,E40,7,3,0.64
P232,PN_PIQ,E40,7,3,5.72
P233,PN_PIQ,E40,7,3,3.52
P234,PN_PIQ,E40,7,3,0.29
P235,PN_PIQ,E40,7,3,0.44
P236,PN_PIQ,E40,7,3,0.16
P237,PN_PIQ,E40,7,3,0.97
P238,PN_PIQ,E40,7,3,0.62
P239,PN_PIQ,E40,7,3,0.18
P240,PN_PIQ,E41,2,2,2.57
P241,PN_PIQ,E42,2,2,1.27
P242,PN_PIQ,E42,2,2,0.6
P243,PN_PIQ,E42,2,2,0.6
P244,PN_PIQ,E42,2,2,0.75
P245,PN_PIQ,E43,7,3,0.38
P246,PN_PIQ,E43,7,3,0.6
P247,PN_PIQ,E43,7,3,0.5
P248,PN_PIQ,E43,7,3,0.09
P249,PN_PIQ,E43,7,3,2.03
P250,PN_PIQ,E43,7,3,0.5
P251,PN_PIQ,E43,7,3,0.61
P252,PN_PIQ,E43,7,3,0.28
P253,IG_PLA,E44,7,3,0.86
P254,PN_PIQ,E44,7,3,1.19
P255,IG_PLA,E44,7,3,0.22
P256,PN_PIQ,E44,7,3,0.39
P257,PN_PIQ,E44,7,3,0.65
P258,IG_PLA,E45,3,2,0.54
P259,BC_GTMG,E45,3,2,2.79
P260,IG_PLA,E45,3,2,3.5
P261,IG_PLA,E45,3,2,0.36
P262,IG_PLA,E45,3,2,0.73
P263,MA_ROTA,E46,3,2,2.31
P264,MA_ROTA,E46,3,2,1.09
P265,MA_ROTA,E46,3,2,0.84
P266,MA_ROTA,E46,3,2,1.5
P267,MA_ROTA,E46,3,2,0.99
P268,MA_ROTA,E46,3,2,0.14
P269,MA_ROTA,E46,3,2,0.13
P270,PN_PIQ,E47,2,2,1.1
P271,PN_PIQ,E47,2,2,2.78
P273,MA_ROTA,E48,3,2,0.29
P274,MA_ROTA,E48,3,2,2.02
P276,MA_ROTA,E48,3,2,0.46
P277,MA_ROTA,E48,3,2,1.47
P279,MA_ROTA,E48,3,2,0.88
P280,MA_ROTA,E48,3,2,1.16
P281,MA_ROTA,E48,3,2,0.63
P282,MA_ROTA,E48,3,2,0.1
P283,MA_ROTA,E48,3,2,1.19
P284,MA_ROTA,E48,3,2,1.23
P285,MA_ROTA,E48,3,2,2.47
P286,MA_ROTA,E48,3,2,2.5
P287,PN_PIQ,E49,7,3,1.04
P288,PN_PIQ,E49,7,3,1.08
P289,PN_PIQ,E49,7,3,0.5
P290,PN_PIQ,E49,7,3,6.74
P291,MA_TO_CO_JA,E50,2,2,0.41
P292,MA_TO_CO_JA,E50,2,2,0.11
P293,MA_TO_CO_JA,E50,2,2,1.61
P294,MA_TO_CO_JA,E50,2,2,0.48
P295,MA_TO_CO_JA,E51,7,3,0.58
P296,MA_TO_CO_JA,E51,7,3,0.44
P297,PN_PIQ,E52,7,3,0.58
P298,PN_PIQ,E52,7,3,0.99
P299,PN_PIQ,E52,7,3,0.43
P300,MA_ROTA,E53,3,2,2.31
P301,MA_ROTA,E53,3,2,1.96
P302,MA_TO_CO_JA,E53,3,2,0.82
P304,MA_ROTA,E53,3,2,1.35
P306,PN_PIQ,E54,3,2,0.82
P307,PN_PIQ,E54,3,2,0.15
P308,PN_PIQ,E54,3,2,2.63
P309,PN_PIQ,E54,3,2,0.49
P310,MA_ROTA,E55,3,2,1.81
P311,MA_ROTA,E55,3,2,0.27
P312,MA_ROTA,E55,3,2,0.22
P313,MA_ROTA,E55,3,2,3.04
P314,MA_ROTA,E55,3,2,1.41
P315,BC_GTMG,E56,3,2,0.57
P316,IG_PLA,E56,3,2,0.84
P317,IG_PLA,E56,3,2,0.11
P318,IG_PLA,E56,3,2,0.03
P319,PN_PIQ,E57,7,3,1.27
P320,PN_PIQ,E57,7,3,0.7
P321,PN_PIQ,E57,7,3,1.17
P322,PN_PIQ,E57,7,3,1.04
P323,PN_PIQ,E57,7,3,0.54
P324,PN_PIQ,E57,7,3,0.11
P325,PN_PIQ,E57,7,3,0.71
P326,PN_PIQ,E57,7,3,0.4
P327,PN_PIQ,E57,7,3,0.72
P328,PN_PIQ,E57,7,3,0.13
P329,PN_PIQ,E57,7,3,0.27
P330,PN_PIQ,E57,7,3,0.67
P331,PN_PIQ,E57,7,3,0.24
P332,PN_PIQ,E57,7,3,0.21
P333,BC_GTMG,E57,7,3,0.18
P334,PN_PIQ,E57,7,3,1.05
P335,PN_PIQ,E57,7,3,0.43
P336,PN_PIQ,E57,7,3,0.45
P337,PN_PIQ,E57,7,3,1.15
P338,BC_GTMG,E58,2,2,1.46
P339,BC_GTMG,E58,2,2,0.81
P340,BC_GTMG,E58,2,2,0.11
P341,BC_GTMG,E58,2,2,0.48
P342,PN_PIQ,E59,2,2,0.04
P343,PN_PIQ,E59,2,2,0.76
P344,PN_PIQ,E59,2,2,0.23
P345,PN_PIQ,E59,2,2,0.04
P346,PN_PIQ,E59,2,2,1.81
P347,PN_PIQ,E60,7,3,0.7
P348,PN_PIQ,E60,7,3,0.29
P349,PN_PIQ,E60,7,3,0.96
P350,BC_GTMG,E60,7,3,0.4
P351,PN_PIQ,E61,7,3,0.43
P352,PN_PIQ,E61,7,3,0.42
P353,PN_PIQ,E61,7,3,0.47
P354,PN_PIQ,E61,7,3,0.71
P355,PN_PIQ,E61,7,3,0.7
P356,PN_PIQ,E61,7,3,0.66
P357,PN_PIQ,E62,7,3,0.81
P358,PN_PIQ,E62,7,3,1.08
P359,PN_PIQ,E62,7,3,0.95
P360,PN_PIQ,E62,7,3,0.78
P361,PN_PIQ,E62,7,3,0.37
P362,PN_PIQ,E62,7,3,0.98
P363,PN_PIQ,E62,7,3,1.08
P364,PN_PIQ,E62,7,3,1.83
P365,PN_PIQ,E62,7,3,3.03
P366,IG_TUT,E63,4,1,0.48
P367,IG_TUT,E63,4,1,0.52
P368,IG_TUT,E63,4,1,1.25
P369,IG_TUT,E63,4,1,0.24
P370,IG_TUT,E63,4,1,0.2
P371,IG_TUT,E63,4,1,1.07
P372,IG_TUT,E63,4,1,1.77
P373,BC_BT,E63,4,1,2.28
P374,IG_TUT,E63,4,1,0.36
P375,BC_BT,E63,4,1,1.16
P376,PN_PIQ,E64,7,3,1.08
P377,PN_PIQ,E64,7,3,0.93
P378,PN_PIQ,E64,7,3,0.55
P379,PN_PIQ,E64,7,3,0.41
P380,PN_PIQ,E64,7,3,0.2
P381,PN_PIQ,E64,7,3,4.82
P382,PN_PIQ,E65,7,3,0.58
P383,PN_PIQ,E65,7,3,1.19
P384,PN_PIQ,E65,7,3,0.41
P385,PN_PIQ,E65,7,3,0.36
P386,PN_PIQ,E65,7,3,0.39
P387,PN_PIQ,E65,7,3,0.54
P388,PN_PIQ,E65,7,3,0.38
P389,PN_PIQ,E66,7,3,0.59
P390,PN_PIQ,E66,7,3,0.93
P391,PN_PIQ,E66,7,3,0.56
P392,PN_PIQ,E66,7,3,0.23
P393,PN_PIQ,E66,7,3,0.82
P394,PN_PIQ,E66,7,3,1.24
P395,MA_TO_CO_JA,E67,7,3,1.0
P396,MA_TO_CO_JA,E67,7,3,0.33
P397,MA_TO_CO_JA,E67,7,3,0.16
P398,BC_GTMG,E68,2,2,0.63
P399,BC_GTMG,E68,2,2,1.39
P400,PN_PIQ,E68,2,2,1.0
P401,PN_PIQ,E68,2,2,0.57
P402,PN_PIQ,E69,7,3,0.31
P403,PN_PIQ,E69,7,3,0.35
P404,PN_PIQ,E69,7,3,0.88
P405,PN_PIQ,E69,7,3,0.22
P407,PN_PIQ,E69,7,3,0.12
P408,PN_PIQ,E69,7,3,0.07
P409,PN_PIQ,E69,7,3,0.13
P410,IG_PLA,E70,2,2,2.45
P411,IG_PLA,E70,2,2,0.6
P412,IG_PLA,E70,2,2,0.79
P413,BC_GTMG,E70,2,2,1.02
P414,IG_PLA,E70,2,2,0.37
P416,IG_PLA,E70,2,2,0.27
P417,BC_GTMG,E70,2,2,0.53
P418,BC_GTMG,E70,2,2,0.16
P419,IG_PLA,E70,2,2,0.59
P420,IG_PLA,E70,2,2,0.23
P421,BC_GTMG,E70,2,2,0.75
P422,IG_PLA,E71,7,3,0.87
P423,PN_PIQ,E71,7,3,0.54
P424,IG_PLA,E71,7,3,0.56
P425,PN_PIQ,E71,7,3,0.21
P426,PN_PIQ,E71,7,3,0.29
P427,PN_PIQ,E71,7,3,0.26
P428,PN_PIQ,E71,7,3,0.35
P429,IG_PLA,E71,7,3,0.38
P430,IG_PLA,E71,7,3,0.21
P431,IG_PLA,E71,7,3,0.31
P432,IG_PLA,E71,7,3,0.18
P433,IG_PLA,E71,7,3,0.07
P434,IG_PLA,E71,7,3,0.16
P435,IG_PLA,E71,7,3,0.27
P436,MA_TO_CO_JA,E72,7,3,0.58
P437,MA_TO_CO_JA,E72,7,3,0.48
P438,MA_TO_CO_JA,E72,7,3,1.08
P439,MA_TO_CO_JA,E72,7,3,1.4
P440,MA_TO_CO_JA,E72,7,3,1.16
P441,MA_TO_CO_JA,E72,7,3,1.48
P442,PN_PIQ,E73,4,1,0.77
P443,BC_GTMG,E74,1,2,1.42
P444,BC_GTMG,E74,1,2,0.59
P445,BC_GTMG,E74,1,2,3.19
P446,BC_GTMG,E74,1,2,2.21
P447,BC_GTMG,E74,1,2,1.64
P448,PN_PIQ,E75,7,3,1.03
P449,IG_PLA,E75,7,3,0.13
P450,IG_PLA,E75,7,3,0.31
P451,PN_PIQ,E75,7,3,0.61
P452,IG_PLA,E75,7,3,0.24
P453,PN_PIQ,E76,7,3,2.32
P454,PN_PIQ,E76,7,3,0.27
P455,MA_TO_CO_JA,E77,4,1,0.67
P456,MA_ROTA,E77,4,1,1.0
P457,MA_ROTA,E77,4,1,0.45
P458,MA_ROTA,E77,4,1,3.13
P459,MA_ROTA,E77,4,1,0.56
P462,MA_ROTA,E77,4,1,0.96
P464,PN_PIQ,E78,7,3,0.53
P465,PN_PIQ,E78,7,3,0.55
P466,MA_TO_CO_JA,E79,4,1,4.74
P467,MA_TO_CO_JA,E79,4,1,0.65
P468,MA_TO_CO_JA,E79,4,1,1.78
P469,MA_TO_CO_JA,E79,4,1,0.55
P470,MA_TO_CO_JA,E79,4,1,0.52
P471,MA_TO_CO_JA,E79,4,1,6.67
P474,IG_PLA,E80,1,2,3.08
P475,BC_GTMG,E80,1,2,2.9
P476,BC_GTMG,E80,1,2,0.58
P477,IG_PLA,E80,1,2,0.48
P478,IG_PLA,E80,1,2,1.39
P479,BC_GTMG,E80,1,2,0.44
P480,IG_PLA,E80,1,2,1.39
P481,PN_PIQ,E81,7,3,0.59
P482,PN_PIQ,E81,7,3,2.5
P483,PN_PIQ,E81,7,3,0.19
P484,PN_PIQ,E81,7,3,0.06
P485,PN_PIQ,E81,7,3,0.14
P486,PN_PIQ,E81,7,3,0.21
P487,PN_PIQ,E81,7,3,0.55
P488,PN_PIQ,E81,7,3,0.32
P489,PN_PIQ,E81,7,3,0.78
P490,PN_PIQ,E81,7,3,0.62
P491,PN_PIQ,E81,7,3,2.57
P492,PN_PIQ,E81,7,3,0.98
P493,AN_PA,E82,1,2,2.95
P495,AN_PA,E82,1,2,4.14
P497,AN_PA,E82,1,2,2.01
P498,AN_PA,E82,1,2,1.03
P499,IG_PLA,E82,1,2,0.66
P501,MA_TO_CO_JA,E83,4,1,0.94
P502,MA_TO_CO_JA,E83,4,1,0.89
P503,BC_GTMG,E84,2,2,0.46
P504,BC_GTMG,E84,2,2,0.75
P505,BC_GTMG,E84,2,2,1.1
P506,BC_GTMG,E84,2,2,1.02
P507,BC_GTMG,E84,2,2,1.24
P508,PN_PIQ,E85,7,3,0.44
P509,IG_PLA,E85,7,3,0.79
P510,IG_PLA,E85,7,3,0.38
P511,PN_PIQ,E85,7,3,0.8
P512,MA_TO_CO_JA,E86,7,3,0.52
P513,MA_TO_CO_JA,E86,7,3,1.37
P514,MA_TO_CO_JA,E86,7,3,0.3
P515,MA_TO_CO_JA,E86,7,3,1.49
P516,PN_PIQ,E87,2,2,1.39
P517,PN_PIQ,E87,2,2,0.6
P518,PN_PIQ,E87,2,2,0.89
P519,PN_PIQ,E88,2,2,0.79
P520,PN_PIQ,E88,2,2,0.11
P521,PN_PIQ,E88,2,2,0.49
P522,PN_PIQ,E88,2,2,0.5
P523,PN_PIQ,E89,7,3,0.99
P524,IG_PLA,E89,7,3,1.21
P525,PN_PIQ,E89,7,3,0.53
P526,IG_PLA,E89,7,3,0.47
P527,IG_PLA,E89,7,3,0.13
P528,IG_PLA,E89,7,3,0.26
P529,PN_PIQ,E89,7,3,0.21
P530,MA_ROTA,E90,2,2,1.01
P531,PN_PIQ,E91,5,1,1.87
P532,PN_PIQ,E91,5,1,9.48
P533,BC_GTMG,E92,3,2,0.64
P534,BC_GTMG,E92,3,2,1.22
P535,BC_GTMG,E92,3,2,0.11
P536,BC_GTMG,E92,3,2,2.84
P537,BC_GTMG,E92,3,2,3.71
P538,BC_GTMG,E92,3,2,5.42
P539,BC_GTMG,E92,3,2,0.12
P540,BC_GTMG,E92,3,2,1.64
P541,IG_PLA,E93,7,3,0.33
P542,IG_PLA,E93,7,3,0.51
P543,PN_PIQ,E93,7,3,0.43
P544,IG_PLA,E93,7,3,0.28
P545,PN_PIQ,E93,7,3,0.91
P546,IG_PLA,E93,7,3,0.12
P547,IG_PLA,E93,7,3,0.69
P548,IG_PLA,E93,7,3,0.33
P549,IG_PLA,E93,7,3,0.32
P550,BC_GTMG,E94,3,2,5.78
P551,IG_PLA,E94,3,2,0.71
P552,IG_PLA,E94,3,2,1.03
P553,PN_PIQ,E95,7,3,0.48
P554,PN_PIQ,E95,7,3,2.67
P555,PN_PIQ,E95,7,3,0.27
P556,PN_PIQ,E95,7,3,1.3
P557,PN_PIQ,E95,7,3,0.51
P558,PN_PIQ,E95,7,3,1.04
P560,PN_PIQ,E95,7,3,0.88
P561,PN_PIQ,E95,7,3,0.57
P562,PN_PIQ,E95,7,3,1.92
P563,BC_GTMG,E95,7,3,0.76
P564,PN_PIQ,E95,7,3,1.34
P565,PN_PIQ,E95,7,3,0.95
P566,PN_PIQ,E95,7,3,1.23
P567,MA_ROTA,E96,4,1,1.54
P568,MA_ROTA,E96,4,1,0.38
P569,MA_ROTA,E96,4,1,0.94
P570,MA_ROTA,E96,4,1,1.93
P571,MA_ROTA,E96,4,1,0.79
P572,MA_ROTA,E96,4,1,0.26
P573,MA_ROTA,E96,4,1,0.66
P574,MA_ROTA,E96,4,1,1.32
P575,MA_ROTA,E96,4,1,0.58
P576,MA_ROTA,E96,4,1,0.34
P577,IG_PLA,E97,3,2,1.24
P578,IG_PLA,E97,3,2,2.13
P579,BC_GTMG,E97,3,2,0.38
P580,BC_GTMG,E97,3,2,1.4
P581,BC_GTMG,E97,3,2,0.41
P582,IG_PLA,E97,3,2,0.47
P583,IG_PLA,E97,3,2,0.18
P584,IG_PLA,E97,3,2,1.39
P585,IG_PLA,E97,3,2,0.4
P586,IG_PLA,E97,3,2,0.06
P587,IG_PLA,E97,3,2,0.07
P589,BC_GTMG,E97,3,2,0.54
P590,IG_PLA,E97,3,2,1.66
P591,MA_ROTA,E98,4,1,1.91
P592,MA_TO_CO_JA,E98,4,1,1.81
P593,MA_ROTA,E98,4,1,1.07
P594,MA_ROTA,E98,4,1,0.15
P596,MA_ROTA,E98,4,1,0.52
P598,MA_ROTA,E98,4,1,0.16
P599,MA_ROTA,E98,4,1,2.24
P600,MA_ROTA,E99,3,2,0.56
P601,MA_ROTA,E99,3,2,1.14
P602,MA_ROTA,E99,3,2,1.57
P603,MA_ROTA,E99,3,2,0.17
P604,IG_PLA,E100,2,2,0.97
P605,BC_GTMG,E100,3,2,10.04
P606,IG_PLA,E100,2,2,1.42
P607,IG_PLA,E100,2,2,1.74
P608,PN_PIQ,E101,4,1,4.81
P609,PN_PIQ,E101,4,1,0.89
P610,PN_PIQ,E101,4,1,0.79
P611,PN_PIQ,E101,4,1,0.72
P612,PN_PIQ,E101,4,1,1.5
P613,PN_PIQ,E101,4,1,0.44
P614,PN_PIQ,E101,4,1,0.78
P615,PN_PIQ,E101,4,1,1.18
P616,PN_PIQ,E102,2,2,2.13
P617,BC_GTMG,E103,2,2,0.8
P618,BC_GTMG,E103,2,2,0.68
P619,BC_GTMG,E103,2,2,0.58
P620,BC_GTMG,E103,2,2,0.41
P621,BC_GTMG,E103,2,2,0.61
P622,BC_GTMG,E103,2,2,0.59
P623,BC_GTMG,E103,2,2,0.64
P625,IG_PLA,E104,3,2,0.55
P627,BC_GTMG,E104,3,2,0.38
P629,IG_PLA,E104,3,2,2.97
P630,IG_PLA,E104,3,2,1.03
P631,BC_GTMG,E104,3,2,0.73
P632,IG_PLA,E104,3,2,0.53
P633,IG_PLA,E104,3,2,1.25
P634,IG_PLA,E104,3,2,1.68
P636,IG_PLA,E104,3,2,1.51
P637,IG_PLA,E104,3,2,0.47
P638,BC_GTMG,E104,3,2,1.56
P639,AN_PA,E105,4,1,1.19
P640,AN_PA,E105,4,1,3.59
P641,AN_PA,E105,4,1,1.04
P643,BC_BT,E105,4,1,0.58
P644,AN_PA,E105,4,1,1.77
P645,AN_PA,E105,4,1,1.89
P646,AN_PA,E105,4,1,0.16
P647,AN_PA,E105,4,1,0.34
P648,IG_TUT,E105,4,1,0.39
P649,BC_BT,E105,4,1,1.53
P650,BC_BT,E105,4,1,0.19
P651,AN_PA,E105,4,1,0.58
P652,AN_PA,E105,4,1,0.37
P654,IG_TUT,E105,4,1,0.56
P655,BC_GTMG,E106,3,2,1.94
P656,BC_GTMG,E106,3,2,1.79
P657,BC_GTMG,E106,3,2,0.04
P658,BC_GTMG,E106,3,2,0.33
P659,BC_GTMG,E106,3,2,0.67
P660,BC_GTMG,E106,3,2,3.04
P662,PN_PIQ,E107,3,2,0.15
P663,PN_PIQ,E107,3,2,0.14
P665,PN_PIQ,E107,3,2,3.27
P666,PN_PIQ,E107,3,2,1.5
P667,MA_ROTA,E108,3,2,1.07
P669,MA_ROTA,E108,3,2,1.96
P670,MA_ROTA,E108,3,2,2.03
P671,MA_ROTA,E108,3,2,1.59
P672,BC_GTMG,E109,3,2,0.6
P673,BC_GTMG,E109,3,2,2.4
P674,BC_GTMG,E109,3,2,1.54
P675,IG_PLA,E109,3,2,1.48
P676,IG_PLA,E109,3,2,2.85
P677,IG_PLA,E109,3,2,0.15
P678,IG_PLA,E110,3,2,0.15
P679,BC_GTMG,E110,3,2,1.87
P680,IG_PLA,E110,3,2,1.33
P681,IG_PLA,E110,3,2,1.21
P682,IG_PLA,E110,3,2,0.3
P683,IG_PLA,E110,3,2,1.52
P684,BC_GTMG,E110,3,2,1.76
P685,IG_PLA,E110,3,2,0.28
P686,IG_PLA,E110,3,2,0.5
P687,BC_GTMG,E111,1,2,1.13
P688,PN_PIQ,E111,2,2,1.78
P689,BC_GTMG,E111,1,2,1.19
P690,BC_GTMG,E112,1,2,0.29
P691,BC_GTMG,E112,1,2,3.36
P692,BC_GTMG,E112,1,2,3.56
P693,BC_GTMG,E112,1,2,2.09
P694,BC_GTMG,E112,1,2,0.3
P695,BC_GTMG,E112,1,2,0.22
P696,BC_GTMG,E112,1,2,0.25
P697,BC_GTMG,E113,3,2,0.28
P698,IG_PLA,E113,3,2,0.36
P699,BC_GTMG,E113,3,2,1.92
P700,IG_PLA,E113,3,2,0.56
P701,IG_PLA,E113,3,2,0.79
P702,IG_PLA,E113,3,2,1.44
P703,BC_GTMG,E113,3,2,0.77
P705,BC_GTMG,E113,3,2,0.76
P706,MA_ROTA,E114,3,2,0.33
P707,MA_ROTA,E114,3,2,0.74
P709,MA_ROTA,E114,3,2,1.08
P710,MA_ROTA,E114,3,2,1.88
P712,MA_ROTA,E114,3,2,3.3
P714,MA_ROTA,E114,3,2,5.02
P715,MA_ROTA,E114,3,2,0.17
P716,MA_ROTA,E114,3,2,0.44
P717,MA_ROTA,E114,3,2,1.21
P718,BC_GTMG,E115,2,2,2.08
P719,IG_PLA,E115,2,2,0.82
P721,BC_GTMG,E115,2,2,1.16
P722,IG_PLA,E115,2,2,0.6
P723,IG_PLA,E115,2,2,0.82
P725,IG_PLA,E115,2,2,0.6
P726,IG_PLA,E115,2,2,1.38
P727,IG_PLA,E115,2,2,1.32
P728,IG_PLA,E115,2,2,0.79
P729,IG_PLA,E116,2,2,0.12
P730,IG_PLA,E116,2,2,1.99
P731,BC_GTMG,E116,2,2,0.58
P732,BC_GTMG,E116,2,2,0.32
P733,IG_PLA,E116,2,2,0.28
P734,BC_GTMG,E116,2,2,0.75
P736,IG_PLA,E116,2,2,1.68
P737,BC_GTMG,E116,2,2,2.85
P738,IG_PLA,E116,2,2,0.06
P739,IG_PLA,E116,2,2,0.47
P741,IG_PLA,E116,2,2,0.78
P742,IG_PLA,E116,2,2,0.98
P743,IG_PLA,E116,2,2,0.16
P744,IG_PLA,E116,2,2,0.16
P745,IG_PLA,E116,2,2,0.25
P746,BC_GTMG,E116,2,2,0.44
P747,IG_PLA,E116,2,2,1.01
P748,PN_PIQ,E117,3,2,0.87
P749,PN_PIQ,E117,3,2,1.15
P750,PN_PIQ,E117,3,2,0.31
P751,PN_PIQ,E117,3,2,3.69
P752,PN_PIQ,E117,3,2,0.2
P753,PN_PIQ,E117,3,2,0.87
P754,PN_PIQ,E117,3,2,2.12
P755,PN_PIQ,E117,3,2,1.78
P756,BC_GTMG,E118,1,2,1.02
P757,IG_PLA,E118,1,2,0.15
P758,IG_PLA,E118,1,2,0.05
P759,IG_PLA,E118,1,2,0.14
P760,BC_GTMG,E118,1,2,0.82
P761,IG_PLA,E118,1,2,0.53
P762,IG_PLA,E118,1,2,0.37
P763,MA_ROTA,E119,3,2,2.27
P764,MA_ROTA,E119,3,2,3.85
P765,MA_ROTA,E119,3,2,1.57
P766,MA_ROTA,E119,3,2,0.08
P768,PN_PIQ,E120,3,2,0.17
P769,PN_PIQ,E120,3,2,0.93
P770,PN_PIQ,E120,3,2,0.12
P771,PN_PIQ,E120,3,2,0.14
P772,PN_PIQ,E120,3,2,0.27
P774,PN_PIQ,E120,3,2,0.06
P775,PN_PIQ,E120,3,2,0.66
P776,PN_PIQ,E120,3,2,0.23
P777,PN_PIQ,E120,3,2,0.14
P778,PN_PIQ,E120,3,2,3.65
P779,PN_PIQ,E120,3,2,0.17
P780,IG_PLA,E121,2,2,2.53
P781,IG_PLA,E121,2,2,0.45
P782,IG_PLA,E121,2,2,0.41
P783,BC_GTMG,E121,2,2,2.14
P784,IG_PLA,E121,2,2,0.24
P785,PN_PIQ,E122,2,2,4.8
P786,PN_PIQ,E122,2,2,0.58
P787,PN_PIQ,E122,3,2,1.33
P788,PN_PIQ,E122,2,2,0.3
P789,PN_PIQ,E123,3,2,8.3
P790,PN_PIQ,E123,3,2,3.25
P791,PN_PIQ,E123,3,2,3.75
P792,PN_PIQ,E123,3,2,7.48
P793,PN_PIQ,E123,3,2,0.22
P794,PN_PIQ,E123,3,2,11.11
P795,PN_PIQ,E123,3,2,12.55
P796,PN_PIQ,E123,3,2,4.1
P797,PN_PIQ,E123,3,2,0.94
P799,PN_PIQ,E123,3,2,5.26
P800,PN_PIQ,E123,3,2,8.5
P801,PN_PIQ,E123,3,2,10.16
P802,PN_PIQ,E123,3,2,1.35
P803,PN_PIQ,E123,3,2,3.07
P804,PN_PIQ,E123,3,2,3.28
P805,PN_PIQ,E123,3,2,15.93
P806,PN_PIQ,E123,3,2,1.77
P807,PN_PIQ,E123,3,2,0.43
P808,PN_PIQ,E123,3,2,0.52
P809,PN_PIQ,E123,3,2,1.3
P810,PN_PIQ,E123,3,2,1.16
P811,PN_PIQ,E123,3,2,3.28
P812,PN_PIQ,E123,3,2,1.32
P813,PN_PIQ,E123,3,2,0.48
P814,PN_PIQ,E123,3,2,1.81
P815,PN_PIQ,E123,3,2,0.28
P817,PN_PIQ,E123,3,2,1.05
P818,PN_PIQ,E123,3,2,3.96
P819,PN_PIQ,E123,3,2,1.4
P820,PN_PIQ,E123,3,2,0.87
P821,PN_PIQ,E123,3,2,1.83
P822,PN_PIQ,E123,3,2,0.56
P823,PN_PIQ,E123,3,2,3.39
P824,PN_PIQ,E123,3,2,1.62
P826,PN_PIQ,E123,3,2,1.46
P827,PN_PIQ,E123,3,2,1.67
P828,PN_PIQ,E123,3,2,0.52
P829,PN_PIQ,E123,3,2,0.13
P830,PN_PIQ,E123,3,2,0.3
P831,PN_PIQ,E123,3,2,0.58
P832,PN_PIQ,E123,3,2,11.75
P833,PN_PIQ,E123,3,2,0.81
P834,PN_PIQ,E123,3,2,3.72
P835,PN_PIQ,E123,3,2,0.6
P836,PN_PIQ,E123,3,2,0.33
P837,PN_PIQ,E123,3,2,4.33
P838,PN_PIQ,E123,3,2,3.38
P840,PN_PIQ,E123,3,2,31.74
P841,PN_PIQ,E124,2,2,1.79
P843,PN_PIQ,E124,2,2,0.67
P844,PN_PIQ,E124,2,2,0.43
P845,PN_PIQ,E124,2,2,0.19
P847,PN_PIQ,E124,2,2,0.28
P848,PN_PIQ,E124,2,2,0.12
P849,BC_GTMG,E125,3,2,0.74
P850,BC_GTMG,E125,3,2,0.21
P851,BC_GTMG,E125,3,2,0.59
P852,BC_GTMG,E125,3,2,0.5
P853,BC_GTMG,E125,3,2,0.94
P854,BC_GTMG,E125,3,2,0.35
P855,BC_GTMG,E125,3,2,0.72
P856,BC_GTMG,E125,3,2,2.4
P857,BC_GTMG,E125,3,2,0.24
P858,BC_GTMG,E125,3,2,0.45
P859,BC_GTMG,E125,3,2,0.59
P860,BC_GTMG,E125,3,2,1.13
P861,BC_GTMG,E125,3,2,3.98
P862,BC_GTMG,E125,3,2,0.37
P863,BC_GTMG,E125,3,2,0.42
P864,PN_PIQ,E126,2,2,2.2
P865,PN_PIQ,E126,2,2,1.8
P866,PN_PIQ,E127,7,3,0.37
P867,PN_PIQ,E127,7,3,0.41
P868,PN_PIQ,E127,7,3,0.32
P869,PN_PIQ,E127,7,3,0.53
P870,PN_PIQ,E127,7,3,0.24
P871,PN_PIQ,E128,2,2,0.09
P872,PN_PIQ,E128,2,2,0.08
P873,PN_PIQ,E128,2,2,0.16
P874,PN_PIQ,E128,2,2,0.37
P875,PN_PIQ,E128,2,2,0.1
P876,BC_GTMG,E129,1,2,1.22
P877,BC_GTMG,E129,1,2,1.7
P878,IG_PLA,E129,1,2,0.28
P879,IG_PLA,E129,1,2,0.65
P880,BC_GTMG,E129,1,2,0.19
P881,IG_PLA,E129,1,2,1.73
P882,PN_PIQ,E130,4,1,0.89
P883,PN_PIQ,E130,4,1,0.61
P884,PN_PIQ,E130,4,1,1.41
P885,PN_PIQ,E130,4,1,0.34
P886,BC_GTMG,E131,2,2,1.69
P887,BC_GTMG,E131,2,2,0.84
P888,BC_GTMG,E131,2,2,1.55
P889,BC_GTMG,E131,2,2,1.18
P890,BC_GTMG,E131,2,2,1.55
P891,BC_GTMG,E131,2,2,1.07
P892,BC_GTMG,E131,2,2,0.22
P893,PN_PIQ,E132,3,2,0.91
P894,PN_PIQ,E132,3,2,0.7
P896,PN_PIQ,E132,3,2,1.19
P897,PN_PIQ,E132,3,2,1.52
P898,PN_PIQ,E132,3,2,0.67
P899,PN_PIQ,E132,3,2,0.43
P900,PN_PIQ,E132,3,2,0.75
P901,BC_GTMG,E133,3,2,2.07
P903,BC_GTMG,E133,3,2,1.51
P904,IG_PLA,E133,3,2,1.03
P905,IG_PLA,E133,3,2,2.09
P907,BC_GTMG,E133,3,2,0.2
P908,IG_PLA,E133,3,2,1.49
P909,BC_GTMG,E133,3,2,1.02
P910,BC_GTMG,E133,3,2,1.38
P911,IG_PLA,E133,3,2,2.83
P912,IG_PLA,E133,3,2,2.5
P914,IG_PLA,E134,1,2,1.44
P915,IG_PLA,E134,1,2,2.46
P917,BC_GTMG,E134,1,2,0.6
P918,IG_PLA,E134,1,2,0.74
P919,BC_GTMG,E134,1,2,1.03
P920,BC_GTMG,E135,3,2,1.19
P921,BC_GTMG,E135,3,2,0.89
P922,BC_GTMG,E135,3,2,0.42
P923,IG_PLA,E135,3,2,0.09
P924,IG_PLA,E135,3,2,0.25
P925,BC_GTMG,E135,3,2,0.08
P926,IG_PLA,E135,3,2,1.35
P927,IG_PLA,E135,3,2,0.49
P929,BC_GTMG,E135,3,2,0.45
P930,IG_PLA,E135,3,2,0.67
P931,IG_PLA,E135,3,2,0.24
P932,IG_PLA,E135,3,2,1.19
P933,IG_PLA,E136,1,2,0.08
P934,IG_PLA,E136,1,2,1.29
P935,BC_GTMG,E136,1,2,1.61
P936,IG_PLA,E136,1,2,0.39
P937,IG_PLA,E136,1,2,0.38
P938,BC_GTMG,E136,1,2,0.57
P939,IG_PLA,E136,1,2,1.01
P940,BC_GTMG,E136,1,2,1.31
P941,IG_PLA,E136,1,2,0.28
P942,IG_PLA,E136,1,2,0.13
P943,IG_PLA,E136,1,2,0.59
P944,IG_PLA,E136,3,2,1.07
P946,IG_PLA,E136,1,2,0.51
P947,IG_PLA,E136,1,2,0.13
P948,MA_ROTA,E137,3,2,2.06
P949,MA_ROTA,E137,3,2,0.41
P950,MA_ROTA,E137,3,2,0.55
P951,MA_ROTA,E137,3,2,0.55
P953,MA_ROTA,E137,3,2,1.4
P954,MA_ROTA,E137,3,2,1.02
P955,MA_ROTA,E137,3,2,0.5
P957,BC_GTMG,E138,1,2,3.03
P958,BC_GTMG,E138,1,2,0.94
P959,BC_GTMG,E138,1,2,1.31
P960,BC_GTMG,E138,1,2,0.84
P961,BC_GTMG,E138,1,2,1.77
P962,MA_TO_CO_JA,E139,4,1,3.55
P963,MA_TO_CO_JA,E139,4,1,0.56
P964,MA_TO_CO_JA,E139,4,1,0.81
P966,MA_TO_CO_JA,E139,4,1,1.1
P967,MA_TO_CO_JA,E139,4,1,0.2
P968,MA_TO_CO_JA,E140,7,3,0.28
P969,MA_TO_CO_JA,E140,7,3,0.27
P970,MA_TO_CO_JA,E140,7,3,0.15
P971,BC_GTMG,E141,1,2,2.41
P972,IG_PLA,E141,1,2,1.42
P973,IG_PLA,E141,1,2,0.23
P974,BC_GTMG,E141,1,2,0.64
P975,IG_PLA,E141,1,2,0.41
P976,BC_GTMG,E141,1,2,0.76
P977,IG_PLA,E141,1,2,1.07
P978,BC_GTMG,E141,1,2,0.76
P979,IG_PLA,E141,1,2,0.15
P980,IG_PLA,E141,1,2,0.09
P981,MA_ROTA,E142,3,2,0.88
P982,IG_PLA,E143,3,2,1.09
P983,IG_PLA,E143,3,2,3.3
P984,BC_GTMG,E143,3,2,3.74
P985,IG_PLA,E143,3,2,0.75
P986,IG_PLA,E143,3,2,0.67
P987,IG_PLA,E143,3,2,0.27
P988,IG_PLA,E143,3,2,0.34
P989,IG_PLA,E143,3,2,0.67
P990,BC_GTMG,E143,3,2,0.29
P991,IG_PLA,E143,3,2,0.5
P992,BC_GTMG,E144,3,2,1.94
P993,BC_GTMG,E144,3,2,0.99
P994,IG_PLA,E144,3,2,1.06
P995,BC_GTMG,E144,3,2,0.11
P996,IG_PLA,E144,3,2,0.06
P997,IG_PLA,E144,3,2,0.78
P998,IG_PLA,E144,3,2,0.4
P999,IG_PLA,E144,3,2,0.36
P1000,IG_PLA,E144,3,2,0.56
P1001,IG_PLA,E144,3,2,0.46
P1002,PN_PIQ,E145,2,2,0.19
P1003,PN_PIQ,E145,2,2,1.68
P1004,PN_PIQ,E145,2,2,0.45
P1006,MA_ROTA,E146,3,2,0.9
P1007,MA_ROTA,E146,3,2,0.86
P1008,MA_ROTA,E146,3,2,0.99
P1009,MA_ROTA,E146,3,2,0.65
P1010,MA_ROTA,E146,3,2,0.55
P1011,MA_ROTA,E146,3,2,1.07
P1012,MA_ROTA,E146,3,2,0.72
P1014,MA_ROTA,E146,3,2,1.09
P1015,MA_ROTA,E146,3,2,2.33
P1017,MA_ROTA,E146,3,2,1.66
P1019,MA_ROTA,E146,3,2,0.05
P1021,MA_ROTA,E146,3,2,0.66
P1022,PN_PIQ,E147,7,3,0.72
P1023,PN_PIQ,E147,7,3,0.54
P1024,PN_PIQ,E147,7,3,3.85
P1025,PN_PIQ,E147,7,3,0.08
P1026,PN_PIQ,E147,7,3,1.91
P1027,BC_GTMG,E148,3,2,2.31
P1028,BC_GTMG,E148,3,2,2.61
P1029,BC_GTMG,E148,3,2,0.67
P1030,BC_GTMG,E148,3,2,0.96
P1031,BC_GTMG,E148,3,2,1.23
P1032,BC_GTMG,E148,3,2,0.55
P1033,BC_GTMG,E148,3,2,1.12
P1034,BC_GTMG,E148,3,2,4.44
P1035,BC_GTMG,E148,3,2,0.26
P1036,BC_GTMG,E148,3,2,0.3
P1037,BC_GTMG,E148,3,2,1.9
P1038,BC_GTMG,E148,3,2,1.96
P1039,BC_GTMG,E148,3,2,2.49
P1040,BC_GTMG,E148,3,2,0.32
P1041,PN_PIQ,E149,7,3,0.4
P1042,PN_PIQ,E149,7,3,0.37
P1043,PN_PIQ,E149,7,3,0.71
P1044,BC_GTMG,E150,3,2,4.33
P1045,IG_PLA,E150,3,2,1.42
P1046,IG_PLA,E150,3,2,0.86
P1047,BC_GTMG,E150,3,2,0.17
P1048,BC_GTMG,E150,3,2,0.53
P1049,BC_GTMG,E150,3,2,3.2
P1050,IG_PLA,E150,3,2,0.96
P1051,IG_PLA,E150,3,2,1.1
P1052,BC_GTMG,E150,3,2,0.1
P1053,IG_PLA,E150,3,2,2.24
P1054,BC_GTMG,E150,3,2,1.6
P1055,IG_PLA,E150,3,2,0.09
P1056,BC_GTMG,E151,3,2,0.66
P1058,IG_PLA,E151,3,2,1.19
P1059,IG_PLA,E151,3,2,1.04
P1060,IG_PLA,E151,3,2,0.7
P1062,IG_PLA,E151,3,2,1.35
P1065,IG_PLA,E151,3,2,1.56
P1066,IG_PLA,E151,3,2,0.54
P1067,BC_GTMG,E152,3,2,0.13
P1068,BC_GTMG,E152,3,2,0.14
P1069,BC_GTMG,E152,3,2,0.33
P1070,BC_GTMG,E152,3,2,0.36
P1071,BC_GTMG,E152,3,2,0.33
P1072,BC_GTMG,E152,3,2,0.92
P1073,MA_ROTA,E153,3,2,1.03
P1074,MA_ROTA,E153,3,2,0.36
P1075,MA_ROTA,E153,3,2,0.11
P1076,MA_ROTA,E153,3,2,0.15
P1077,MA_ROTA,E153,3,2,0.25
P1078,MA_ROTA,E153,3,2,1.11
P1079,MA_ROTA,E153,3,2,1.15
P1080,MA_ROTA,E153,3,2,1.18
P1081,MA_ROTA,E153,3,2,0.98
P1082,MA_ROTA,E153,3,2,0.07
P1083,MA_ROTA,E153,3,2,0.07
P1084,MA_ROTA,E153,3,2,0.07
P1085,PN_PIQ,E154,3,2,2.32
P1088,PN_PIQ,E154,3,2,0.51
P1089,IG_PLA,E155,3,2,0.34
P1090,IG_PLA,E155,3,2,2.24
P1091,BC_GTMG,E155,3,2,0.16
P1092,BC_GTMG,E155,3,2,0.39
P1093,IG_PLA,E155,3,2,0.06
P1094,BC_GTMG,E155,3,2,2.01
P1095,IG_PLA,E155,3,2,0.48
P1096,BC_GTMG,E155,3,2,0.11
P1097,IG_PLA,E155,3,2,0.4
P1098,IG_PLA,E155,3,2,0.61
P1099,IG_PLA,E155,3,2,0.21
P1100,IG_PLA,E155,3,2,0.82
P1101,BC_GTMG,E156,3,2,1.52
P1102,IG_PLA,E156,3,2,0.49
P1103,BC_GTMG,E156,3,2,1.16
P1105,BC_GTMG,E156,3,2,1.02
P1106,IG_PLA,E156,3,2,0.23
P1107,IG_PLA,E156,3,2,0.75
P1108,IG_PLA,E156,3,2,2.7
P1109,IG_PLA,E156,3,2,0.82
P1110,IG_PLA,E156,3,2,1.28
P1111,IG_PLA,E156,3,2,1.47
P1112,PN_PIQ,E157,7,3,0.39
P1113,PN_PIQ,E157,7,3,2.51
P1114,PN_PIQ,E158,7,3,0.57
P1115,PN_PIQ,E158,7,3,1.22
P1116,IG_PLA,E159,3,2,1.0
P1117,IG_PLA,E159,3,2,2.66
P1119,IG_PLA,E159,3,2,0.06
P1120,BC_GTMG,E159,3,2,1.71
P1124,IG_PLA,E159,3,2,3.76
P1125,BC_GTMG,E159,3,2,0.65
P1126,BC_GTMG,E160,3,2,3.0
P1127,BC_GTMG,E160,3,2,0.73
P1128,BC_GTMG,E160,3,2,1.4
P1129,BC_GTMG,E160,3,2,0.29
P1130,IG_PLA,E160,3,2,1.34
P1131,IG_PLA,E160,3,2,0.4
P1132,IG_PLA,E160,3,2,1.15
P1133,IG_PLA,E160,3,2,0.62
P1135,IG_PLA,E160,3,2,2.0
P1136,IG_PLA,E160,3,2,1.36
P1137,PN_PIQ,E161,2,2,1.12
P1138,PN_PIQ,E161,2,2,2.1
P1139,MA_TO_CO_JA,E162,3,2,1.87
P1140,MA_ROTA,E162,3,2,0.41
P1141,MA_ROTA,E162,3,2,1.97
P1143,MA_ROTA,E162,3,2,1.31
P1144,MA_ROTA,E162,3,2,0.65
P1145,MA_ROTA,E162,3,2,0.15
P1146,MA_ROTA,E162,3,2,0.04
P1147,MA_ROTA,E162,3,2,1.76
P1148,MA_ROTA,E162,3,2,0.5
P1149,MA_ROTA,E162,3,2,0.9
P1150,MA_ROTA,E162,3,2,0.09
P1151,MA_TO_CO_JA,E162,3,2,1.98
P1152,IG_PLA,E163,1,2,0.83
P1153,IG_PLA,E163,1,2,1.01
P1154,BC_GTMG,E163,1,2,0.19
P1155,IG_PLA,E163,1,2,0.15
P1156,IG_PLA,E163,1,2,0.5
P1157,IG_PLA,E163,1,2,0.72
P1158,IG_PLA,E163,1,2,0.45
P1159,IG_PLA,E163,1,2,0.51
P1160,BC_GTMG,E163,1,2,1.14
P1161,BC_GTMG,E163,1,2,0.53
P1162,BC_GTMG,E163,1,2,0.17
P1163,BC_GTMG,E163,1,2,1.08
P1164,IG_PLA,E163,1,2,0.06
P1165,IG_PLA,E163,1,2,0.22
P1166,IG_PLA,E164,7,3,0.82
P1167,IG_PLA,E164,7,3,0.48
P1168,PN_PIQ,E164,7,3,0.63
P1169,PN_PIQ,E164,7,3,0.88
P1170,IG_PLA,E164,7,3,0.26
P1171,BC_GTMG,E165,3,2,2.48
P1172,BC_GTMG,E165,3,2,0.8
P1173,BC_GTMG,E165,3,2,0.32
P1174,BC_GTMG,E165,3,2,1.6
P1176,BC_GTMG,E165,3,2,1.24
P1177,BC_GTMG,E165,3,2,1.22
P1178,BC_GTMG,E165,3,2,0.28
P1179,BC_GTMG,E165,3,2,4.81
P1183,BC_GTMG,E165,3,2,0.3
P1185,MA_ROTA,E166,1,2,0.12
P1186,MA_TO_CO_JA,E166,1,2,0.17
P1187,MA_ROTA,E166,1,2,0.23
P1188,MA_ROTA,E166,1,2,0.54
P1189,MA_ROTA,E166,1,2,0.2
P1191,MA_ROTA,E166,1,2,0.22
P1192,MA_TO_CO_JA,E166,1,2,0.11
P1193,MA_ROTA,E166,1,2,0.06
P1194,MA_TO_CO_JA,E167,4,1,3.47
P1195,MA_TO_CO_JA,E167,4,1,3.68
P1196,BC_GTMG,E168,2,2,0.25
P1197,BC_GTMG,E168,2,2,0.56
P1198,PN_PIQ,E168,2,2,0.19
P1199,BC_GTMG,E168,2,2,0.36
P1200,BC_GTMG,E168,2,2,0.31
P1201,BC_GTMG,E168,2,2,1.02
P1202,PN_PIQ,E168,2,2,0.17
P1203,BC_GTMG,E168,2,2,0.15
P1204,BC_GTMG,E168,2,2,0.63
P1205,BC_GTMG,E168,2,2,0.68
P1206,PN_PIQ,E168,2,2,0.02
P1207,BC_GTMG,E168,2,2,0.17
P1208,BC_GTMG,E168,2,2,0.39
P1209,IG_PLA,E169,7,3,0.19
P1210,IG_PLA,E169,7,3,0.62
P1211,IG_PLA,E169,7,3,1.22
P1212,PN_PIQ,E169,7,3,0.65
P1213,IG_PLA,E169,7,3,0.25
P1214,IG_PLA,E169,7,3,0.63
P1215,IG_PLA,E169,7,3,0.31
P1216,IG_PLA,E169,7,3,0.61
P1217,IG_PLA,E169,7,3,0.72
P1218,PN_PIQ,E169,7,3,1.87
P1219,PN_PIQ,E169,7,3,0.43
P1220,PN_PIQ,E170,3,2,2.23
P1222,IG_PLA,E171,3,2,1.0
P1223,BC_GTMG,E171,3,2,0.49
P1224,BC_GTMG,E171,3,2,2.51
P1225,IG_PLA,E171,3,2,1.14
P1226,IG_PLA,E171,3,2,2.4
P1227,BC_GTMG,E171,3,2,1.69
P1230,AN_PA,E172,4,1,2.28
P1232,AN_PA,E172,4,1,0.87
P1234,IG_TUT,E172,4,1,1.08
P1235,AN_PA,E172,4,1,1.55
P1237,AN_PA,E172,4,1,1.82
P1238,AN_PA,E172,4,1,0.14
P1239,IG_PLA,E173,7,3,0.47
P1240,PN_PIQ,E173,7,3,0.1
P1241,PN_PIQ,E173,7,3,0.21
P1242,PN_PIQ,E173,7,3,0.42
P1243,PN_PIQ,E173,7,3,0.11
P1244,IG_PLA,E173,7,3,1.24
P1245,IG_PLA,E173,7,3,1.69
P1246,PN_PIQ,E173,7,3,0.22
P1247,BC_GTMG,E173,7,3,0.15
P1248,BC_GTMG,E173,7,3,0.13
P1249,PN_PIQ,E173,7,3,0.97
P1250,IG_PLA,E173,7,3,0.31
P1251,PN_PIQ,E174,3,2,9.37
P1254,MA_ROTA,E175,3,2,1.29
P1255,MA_ROTA,E175,3,2,0.09
P1257,MA_ROTA,E175,3,2,2.13
P1258,MA_ROTA,E175,3,2,1.08
P1259,MA_ROTA,E175,3,2,0.49
P1260,MA_ROTA,E175,3,2,0.55
P1261,MA_ROTA,E175,3,2,0.05
P1262,MA_ROTA,E175,3,2,0.91
P1263,MA_ROTA,E175,3,2,0.24
P1264,PN_PIQ,E176,1,2,0.8
P1265,PN_PIQ,E176,3,2,3.2
P1266,PN_PIQ,E176,1,2,0.78
P1267,PN_PIQ,E176,3,2,2.28
P1268,PN_PIQ,E176,3,2,0.31
P1269,BC_GTMG,E177,3,2,4.22
P1270,BC_GTMG,E177,3,2,3.44
P1271,BC_GTMG,E177,3,2,0.12
P1272,BC_GTMG,E177,3,2,1.31
P1274,IG_TUT,E178,4,1,1.1
P1277,IG_TUT,E178,4,1,1.18
P1278,PN_PIQ,E178,4,1,0.3
P1281,PN_PIQ,E179,7,3,0.52
P1282,PN_PIQ,E179,7,3,0.6
P1283,PN_PIQ,E179,7,3,0.32
P1284,PN_PIQ,E179,7,3,0.89
P1285,PN_PIQ,E179,7,3,0.43
P1286,PN_PIQ,E180,1,2,2.19
P1290,PN_PIQ,E180,1,2,2.8
P1292,PN_PIQ,E180,1,2,0.48
P1293,PN_PIQ,E180,1,2,0.86
P1294,MA_TO_CO_JA,E181,7,3,2.1
P1296,MA_TO_CO_JA,E181,7,3,0.56
P1297,MA_TO_CO_JA,E181,7,3,0.47
P1298,MA_TO_CO_JA,E181,7,3,0.35
P1299,MA_TO_CO_JA,E181,7,3,0.79
P1300,BC_GTMG,E182,3,2,1.46
P1301,BC_GTMG,E182,3,2,0.14
P1302,IG_PLA,E182,3,2,0.13
P1303,IG_PLA,E182,3,2,1.79
P1304,BC_GTMG,E182,3,2,0.25
P1305,BC_GTMG,E182,3,2,0.47
P1307,BC_GTMG,E182,3,2,0.36
P1308,IG_PLA,E182,3,2,2.48
P1309,PN_PIQ,E183,7,3,0.43
P1310,PN_PIQ,E183,7,3,1.74
P1311,BC_GTMG,E184,3,2,0.4
P1312,BC_GTMG,E184,3,2,0.14
P1313,BC_GTMG,E184,3,2,0.84
P1314,BC_GTMG,E184,3,2,0.7
P1315,BC_GTMG,E184,3,2,1.3
P1316,BC_GTMG,E184,3,2,0.07
P1317,BC_GTMG,E184,3,2,0.29
P1318,BC_GTMG,E184,3,2,0.28
P1319,BC_GTMG,E184,3,2,1.02
P1320,BC_GTMG,E184,3,2,0.65
P1321,BC_GTMG,E184,3,2,0.45
P1322,BC_GTMG,E184,3,2,0.22
P1323,BC_GTMG,E184,3,2,1.67
P1324,IG_PLA,E185,3,2,1.34
P1325,BC_GTMG,E185,3,2,1.83
P1326,BC_GTMG,E185,3,2,0.99
P1327,BC_GTMG,E185,3,2,0.63
P1329,IG_PLA,E185,3,2,2.19
P1330,IG_PLA,E185,3,2,0.54
P1331,IG_PLA,E185,3,2,0.91
P1332,IG_PLA,E185,3,2,0.3
P1334,IG_PLA,E185,3,2,1.06
P1335,MA_ROTA,E186,3,2,1.35
P1336,MA_ROTA,E186,3,2,1.12
P1337,MA_ROTA,E186,3,2,2.15
P1338,MA_ROTA,E186,3,2,0.93
P1339,MA_ROTA,E186,3,2,1.71
P1340,MA_ROTA,E186,3,2,1.2
P1341,MA_ROTA,E186,3,2,0.21
P1342,MA_ROTA,E186,3,2,0.86
P1343,MA_ROTA,E186,3,2,1.03
P1344,MA_ROTA,E186,3,2,0.18
P1345,MA_ROTA,E186,3,2,0.19
P1346,MA_ROTA,E186,3,2,0.64
P1347,MA_ROTA,E186,3,2,0.46
P1348,PN_PIQ,E187,7,3,0.32
P1349,PN_PIQ,E187,7,3,3.1
P1350,PN_PIQ,E187,7,3,0.47
P1351,PN_PIQ,E187,7,3,0.84
P1352,PN_PIQ,E187,7,3,2.61
P1353,PN_PIQ,E187,7,3,0.3
P1354,PN_PIQ,E187,7,3,0.47
P1356,PN_PIQ,E187,7,3,0.29
P1357,PN_PIQ,E187,7,3,0.46
P1358,MA_TO_CO_JA,E188,7,3,0.45
P1359,MA_TO_CO_JA,E188,7,3,0.13
P1360,PN_PIQ,E189,7,3,0.37
P1361,PN_PIQ,E189,7,3,1.75
P1362,PN_PIQ,E189,7,3,0.23
P1363,PN_PIQ,E189,7,3,0.8
P1364,PN_PIQ,E189,7,3,2.34
P1365,PN_PIQ,E189,7,3,0.68
P1366,PN_PIQ,E189,7,3,0.41
P1367,PN_PIQ,E189,7,3,0.37
P1368,PN_PIQ,E189,7,3,1.14
P1369,PN_PIQ,E189,7,3,0.74
P1371,PN_PIQ,E189,7,3,3.21
P1372,PN_PIQ,E189,7,3,0.43
P1373,PN_PIQ,E189,7,3,0.45
P1374,PN_PIQ,E189,7,3,0.7
P1376,PN_PIQ,E189,7,3,0.86
P1377,PN_PIQ,E189,7,3,0.34
P1378,BC_GTMG,E189,7,3,0.24
P1379,BC_GTMG,E189,7,3,0.17
P1380,PN_PIQ,E189,7,3,0.3
P1381,PN_PIQ,E189,7,3,0.32
P1382,BC_GTMG,E189,7,3,0.25
P1383,PN_PIQ,E190,7,3,0.34
P1384,PN_PIQ,E190,7,3,0.19
P1385,PN_PIQ,E190,7,3,1.82
P1386,MA_ROTA,E191,3,2,1.23
P1387,MA_ROTA,E191,3,2,1.79
P1390,MA_ROTA,E191,3,2,2.46
P1392,PN_PIQ,E192,7,3,1.56
P1393,PN_PIQ,E192,7,3,0.96
P1394,PN_PIQ,E192,7,3,0.29
P1395,PN_PIQ,E192,7,3,0.26
P1396,PN_PIQ,E192,7,3,1.35
P1397,PN_PIQ,E192,7,3,0.29
P1398,PN_PIQ,E192,7,3,0.62
P1399,PN_PIQ,E193,7,3,0.22
P1400,PN_PIQ,E193,7,3,0.23
P1401,PN_PIQ,E193,7,3,0.2
P1402,IG_PLA,E193,7,3,0.46
P1403,IG_PLA,E193,7,3,0.48
P1404,IG_PLA,E193,7,3,1.11
P1405,PN_PIQ,E193,7,3,0.39
P1406,PN_PIQ,E193,7,3,0.04
P1407,IG_PLA,E193,7,3,0.28
P1408,PN_PIQ,E193,7,3,0.21
P1409,PN_PIQ,E194,7,3,1.61
P1410,IG_PLA,E194,7,3,0.44
P1411,IG_PLA,E194,7,3,0.18
P1412,MA_TO_CO_JA,E195,4,1,2.44
P1413,MA_TO_CO_JA,E195,4,1,1.6
P1414,MA_TO_CO_JA,E195,4,1,2.05
P1415,MA_TO_CO_JA,E195,4,1,1.05
P1416,MA_TO_CO_JA,E195,4,1,0.32
P1417,MA_TO_CO_JA,E195,4,1,0.18
P1418,IG_PLA,E196,1,2,2.17
P1419,IG_PLA,E196,1,2,0.1
P1420,AN_PA,E196,1,2,1.72
P1421,AN_PA,E196,1,2,1.39
P1422,AN_PA,E196,1,2,3.36
P1423,AN_PA,E196,1,2,1.03
P1424,IG_PLA,E196,1,2,0.69
P1425,BC_GTMG,E197,3,2,1.4
P1426,BC_GTMG,E197,3,2,0.51
P1427,IG_PLA,E197,3,2,0.12
P1428,BC_GTMG,E197,3,2,0.1
P1429,IG_PLA,E197,3,2,2.63
P1430,BC_GTMG,E197,3,2,0.11
P1431,BC_GTMG,E197,3,2,0.1
P1432,BC_GTMG,E197,3,2,0.68
P1433,IG_PLA,E197,3,2,1.34
P1434,IG_PLA,E197,3,2,0.37
P1435,BC_GTMG,E198,2,2,0.75
P1436,BC_GTMG,E198,2,2,0.99
P1437,BC_GTMG,E198,2,2,1.49
P1438,MA_ROTA,E199,3,2,2.63
P1439,MA_ROTA,E199,3,2,1.23
P1440,MA_ROTA,E199,3,2,2.57
P1441,IG_TUT,E200,4,1,2.66
P1442,BC_BT,E200,4,1,2.6
P1443,BC_BT,E200,4,1,0.49
P1444,IG_TUT,E200,4,1,0.22
P1445,IG_TUT,E200,4,1,0.75
P1446,IG_TUT,E200,4,1,0.14
P1447,IG_TUT,E200,4,1,0.58
P1448,IG_TUT,E200,4,1,0.76
P1449,IG_TUT,E200,4,1,0.29
P1450,IG_TUT,E200,4,1,0.26
P1452,IG_TUT,E200,4,1,0.46
P1453,PN_PIQ,E201,7,3,0.4
P1454,PN_PIQ,E201,7,3,0.09
P1455,PN_PIQ,E201,7,3,0.09
P1456,PN_PIQ,E201,7,3,0.49
P1457,PN_PIQ,E201,7,3,0.35
P1458,PN_PIQ,E201,7,3,0.24
P1459,PN_PIQ,E201,7,3,0.72
P1460,PN_PIQ,E202,7,3,0.4
P1461,PN_PIQ,E202,7,3,0.84
P1462,IG_PLA,E202,7,3,0.18
P1463,IG_PLA,E202,7,3,0.56
P1464,IG_PLA,E202,7,3,0.25
P1465,IG_PLA,E202,7,3,0.73
P1466,IG_PLA,E202,7,3,0.22
P1467,BC_GTMG,E203,3,2,0.96
P1468,BC_GTMG,E203,3,2,0.7
P1469,BC_GTMG,E203,3,2,0.07
P1470,BC_GTMG,E203,3,2,1.77
P1471,BC_GTMG,E203,3,2,0.15
P1472,BC_GTMG,E203,3,2,1.96
P1473,BC_GTMG,E203,3,2,2.14
P1474,BC_GTMG,E203,3,2,1.47
P1475,BC_GTMG,E203,3,2,0.24
P1476,PN_PIQ,E204,7,3,0.51
P1477,PN_PIQ,E204,7,3,2.11
P1478,PN_PIQ,E204,7,3,0.15
P1479,PN_PIQ,E204,7,3,0.3
P1480,IG_PLA,E205,7,3,0.69
P1481,PN_PIQ,E205,7,3,0.28
P1482,PN_PIQ,E205,7,3,0.32
P1483,IG_PLA,E205,7,3,0.07
P1484,BC_GTMG,E206,1,2,0.4
P1485,BC_GTMG,E206,1,2,0.44
P1486,BC_GTMG,E206,1,2,0.24
P1487,BC_GTMG,E206,1,2,0.2
P1488,BC_GTMG,E206,1,2,3.0
P1489,BC_GTMG,E206,1,2,0.06
P1490,BC_GTMG,E206,1,2,0.18
P1491,BC_GTMG,E206,1,2,1.69
P1492,BC_GTMG,E206,1,2,1.1
P1494,MA_ROTA,E207,3,2,0.71
P1496,MA_ROTA,E207,3,2,2.42
P1497,MA_ROTA,E207,3,2,3.08
P1498,MA_ROTA,E207,3,2,1.09
P1499,MA_ROTA,E207,3,2,1.37
P1500,PN_PIQ,E208,2,2,0.31
P1501,PN_PIQ,E208,2,2,0.46
P1502,PN_PIQ,E208,2,2,0.1
P1503,PN_PIQ,E208,2,2,0.23
P1504,PN_PIQ,E208,2,2,0.16
P1505,PN_PIQ,E208,2,2,0.57
P1506,PN_PIQ,E209,2,2,1.61
P1507,PN_PIQ,E209,2,2,1.01
P1508,IG_PLA,E210,7,3,0.34
P1509,IG_PLA,E210,7,3,0.44
P1510,PN_PIQ,E210,7,3,0.23
P1511,PN_PIQ,E210,7,3,0.25
P1512,PN_PIQ,E210,7,3,0.29
P1513,PN_PIQ,E211,7,3,0.89
P1514,PN_PIQ,E211,7,3,0.48
P1515,PN_PIQ,E211,7,3,0.19
P1516,PN_PIQ,E211,7,3,0.35
P1517,BC_GTMG,E211,7,3,0.1
P1518,BC_GTMG,E211,7,3,0.53
P1519,PN_PIQ,E211,7,3,2.47
P1520,BC_GTMG,E211,7,3,0.19
P1521,BC_GTMG,E211,7,3,0.27
P1522,PN_PIQ,E211,7,3,1.12
P1523,PN_PIQ,E211,7,3,0.2
P1524,PN_PIQ,E212,7,3,0.58
P1525,PN_PIQ,E212,7,3,0.7
P1526,PN_PIQ,E212,7,3,0.71
P1527,PN_PIQ,E212,7,3,0.31
P1528,PN_PIQ,E212,7,3,1.1
P1529,PN_PIQ,E212,7,3,0.34
P1530,MA_TO_CO_JA,E213,7,3,1.25
P1531,IG_PLA,E214,7,3,0.98
P1532,PN_PIQ,E214,7,3,0.13
P1533,PN_PIQ,E214,7,3,0.29
P1534,PN_PIQ,E214,7,3,0.35
P1535,IG_PLA,E214,7,3,0.76
P1536,IG_PLA,E214,7,3,0.26
P1537,BC_GTMG,E214,7,3,0.51
P1538,MA_ROTA,E215,1,2,0.22
P1539,MA_ROTA,E215,1,2,0.65
P1540,MA_ROTA,E215,1,2,0.56
P1541,MA_ROTA,E215,1,2,0.42
P1542,MA_ROTA,E215,1,2,0.57
P1543,MA_ROTA,E215,1,2,2.95
P1544,MA_ROTA,E215,1,2,0.86
P1545,MA_ROTA,E215,1,2,1.91
P1546,MA_ROTA,E215,1,2,0.3
P1547,MA_ROTA,E215,1,2,0.11
P1549,MA_ROTA,E216,2,2,0.87
P1550,MA_ROTA,E216,2,2,0.35
P1551,MA_ROTA,E216,2,2,0.61
P1553,MA_ROTA,E216,2,2,0.85
P1554,MA_ROTA,E216,2,2,1.0
P1555,MA_ROTA,E216,2,2,0.61
P1556,MA_ROTA,E216,2,2,0.06
P1557,MA_ROTA,E216,2,2,0.59
P1559,MA_ROTA,E216,2,2,0.17
P1560,PN_PIQ,E217,7,3,0.63
P1561,IG_PLA,E217,7,3,0.21
P1562,PN_PIQ,E218,4,1,2.3
P1563,PN_PIQ,E218,4,1,1.04
P1564,PN_PIQ,E218,4,1,0.5
P1566,PN_PIQ,E218,4,1,0.39
P1567,PN_PIQ,E218,4,1,0.26
P1568,BC_BT,E218,4,1,1.31
P1569,BC_BT,E218,4,1,0.93
P1570,PN_PIQ,E218,4,1,0.59
P1571,PN_PIQ,E218,4,1,2.23
P1572,IG_PLA,E219,3,2,0.02
P1573,BC_GTMG,E219,3,2,1.84
P1574,BC_GTMG,E219,3,2,1.44
P1575,IG_PLA,E219,3,2,0.02
P1576,IG_PLA,E219,3,2,1.44
P1577,IG_PLA,E219,3,2,0.52
P1578,IG_PLA,E219,3,2,0.68
P1579,BC_GTMG,E219,3,2,0.53
P1580,IG_PLA,E219,3,2,0.64
P1581,PN_PIQ,E220,7,3,0.98
P1582,PN_PIQ,E220,7,3,0.76
P1583,PN_PIQ,E220,7,3,3.49
P1584,IG_TUT,E221,4,1,3.65
P1585,CS_BT_NIM,E221,4,1,2.08
P1586,IG_TUT,E221,4,1,1.28
P1587,IG_TUT,E221,4,1,0.28
P1588,BC_BT,E221,4,1,0.68
P1589,BC_BT,E221,4,1,0.21
P1590,IG_TUT,E221,4,1,0.09
P1591,BC_GTMG,E222,2,2,0.04
P1592,BC_GTMG,E222,2,2,0.41
P1593,BC_GTMG,E222,2,2,0.17
P1594,BC_GTMG,E222,2,2,0.19
P1595,BC_GTMG,E222,2,2,0.55
P1596,PN_PIQ,E223,3,2,3.04
P1597,MA_ROTA,E224,3,2,0.59
P1598,PN_PIQ,E225,2,2,2.45
P1599,PN_PIQ,E225,2,2,32.81
P1600,PN_PIQ,E225,2,2,1.74
P1601,PN_PIQ,E226,7,3,0.32
P1602,PN_PIQ,E226,7,3,0.93
P1603,IG_PLA,E226,7,3,1.17
P1604,IG_PLA,E226,7,3,0.18
P1605,IG_PLA,E226,7,3,0.92
P1606,PN_PIQ,E226,7,3,0.29
P1607,IG_PLA,E226,7,3,0.6
P1609,MA_ROTA,E227,3,2,2.67
P1611,BC_GTMG,E228,2,2,0.25
P1612,BC_GTMG,E228,2,2,0.13
P1613,BC_GTMG,E228,2,2,0.55
P1614,BC_GTMG,E228,2,2,1.6
P1615,BC_GTMG,E228,2,2,0.72
P1616,BC_GTMG,E228,2,2,0.43
P1617,IG_PLA,E229,3,2,5.45
P1618,BC_GTMG,E229,3,2,0.41
P1619,BC_GTMG,E229,3,2,0.53
P1620,BC_GTMG,E229,3,2,0.89
P1621,BC_GTMG,E229,3,2,1.03
P1622,BC_GTMG,E229,3,2,0.32
P1623,BC_GTMG,E229,3,2,0.41
P1624,MA_TO_CO_JA,E230,7,3,1.25
P1625,MA_TO_CO_JA,E230,7,3,0.19
P1626,PN_PIQ,E231,2,2,2.07
P1627,PN_PIQ,E232,2,2,0.41
P1629,PN_PIQ,E233,2,2,0.96
P1630,PN_PIQ,E233,2,2,1.1
P1631,PN_PIQ,E233,2,2,0.19
P1632,PN_PIQ,E233,2,2,0.32
P1633,PN_PIQ,E233,2,2,0.08
P1634,PN_PIQ,E233,2,2,0.09
P1635,PN_PIQ,E233,2,2,0.39
P1636,PN_PIQ,E233,2,2,0.67
P1637,PN_PIQ,E233,2,2,5.32
P1638,MA_ROTA,E234,3,2,1.53
P1639,MA_ROTA,E234,3,2,1.5
P1640,MA_ROTA,E234,3,2,1.73
P1641,MA_ROTA,E234,3,2,0.05
P1642,MA_ROTA,E234,3,2,0.3
P1643,MA_ROTA,E234,3,2,1.83
P1644,MA_ROTA,E235,1,2,1.22
P1645,MA_ROTA,E235,1,2,1.4
P1646,MA_ROTA,E235,1,2,1.0
P1648,MA_ROTA,E235,1,2,2.11
P1649,MA_ROTA,E235,1,2,0.98
P1650,MA_ROTA,E235,1,2,0.12
P1651,MA_ROTA,E235,1,2,0.68
P1652,MA_ROTA,E235,1,2,1.05
P1653,MA_ROTA,E235,1,2,1.23
P1654,MA_ROTA,E235,1,2,1.2
P1655,MA_ROTA,E235,1,2,0.19
P1656,MA_ROTA,E235,1,2,0.12
P1657,MA_ROTA,E235,1,2,0.32
P1658,PN_PIQ,E236,7,3,0.53
P1659,PN_PIQ,E236,7,3,0.78
P1660,PN_PIQ,E236,7,3,0.5
P1661,IG_PLA,E237,3,2,2.15
P1662,BC_GTMG,E237,3,2,1.95
P1663,IG_PLA,E237,3,2,0.03
P1664,IG_PLA,E237,3,2,0.93
P1665,BC_GTMG,E237,3,2,0.37
P1666,BC_GTMG,E237,3,2,0.09
P1667,BC_GTMG,E237,3,2,1.58
P1668,MA_TO_CO_JA,E238,7,3,0.96
P1669,PN_PIQ,E239,7,3,0.71
P1670,PN_PIQ,E239,7,3,0.95
P1671,PN_PIQ,E239,7,3,0.25
P1672,PN_PIQ,E239,7,3,0.6
P1673,MA_ROTA,E240,2,2,1.11
P1674,PN_PIQ,E241,2,2,1.81
P1675,PN_PIQ,E242,7,3,0.98
P1676,PN_PIQ,E242,7,3,0.33
P1677,PN_PIQ,E242,7,3,0.26
P1678,BC_GTMG,E242,7,3,0.1
P1679,PN_PIQ,E243,2,2,3.51
P1680,PN_PIQ,E244,2,2,1.42
P1681,PN_PIQ,E244,2,2,2.46
P1682,IG_PLA,E245,3,2,0.23
P1684,IG_PLA,E245,3,2,1.43
P1687,IG_PLA,E245,3,2,0.96
P1688,IG_PLA,E245,3,2,2.41
P1690,IG_PLA,E245,3,2,0.43
P1691,IG_PLA,E245,3,2,0.79
P1692,IG_PLA,E245,3,2,0.49
P1693,BC_GTMG,E245,3,2,1.27
P1694,IG_PLA,E245,3,2,1.32
P1696,IG_PLA,E245,3,2,0.66
P1697,BC_GTMG,E245,3,2,1.31
P1698,IG_PLA,E245,3,2,0.34
P1699,IG_PLA,E245,3,2,0.69
P1700,IG_PLA,E245,3,2,0.68
P1701,BC_GTMG,E245,3,2,2.67
P1702,IG_PLA,E245,3,2,0.54
P1703,IG_PLA,E245,3,2,0.79
P1704,IG_PLA,E245,3,2,0.32
P1705,IG_PLA,E245,3,2,0.38
P1706,IG_PLA,E245,3,2,0.13
P1707,IG_PLA,E245,3,2,0.37
P1709,IG_PLA,E245,3,2,0.46
P1710,BC_GTMG,E245,3,2,0.57
P1711,IG_PLA,E245,3,2,1.8
P1713,IG_PLA,E245,3,2,0.4
P1715,IG_PLA,E245,3,2,1.69
P1716,MA_ROTA,E246,3,2,1.75
P1717,MA_ROTA,E246,3,2,1.79
P1718,MA_ROTA,E246,3,2,1.82
P1720,MA_ROTA,E246,3,2,0.59
P1721,MA_ROTA,E247,3,2,0.14
P1722,MA_ROTA,E247,3,2,1.24
P1723,MA_ROTA,E247,3,2,1.38
P1724,MA_ROTA,E247,3,2,1.21
P1725,BC_GTMG,E248,1,2,1.99
P1726,BC_GTMG,E248,1,2,0.67
P1727,BC_GTMG,E248,1,2,0.83
P1728,IG_PLA,E248,1,2,0.48
P1729,IG_PLA,E248,1,2,1.25
P1730,PN_PIQ,E249,7,3,0.29
P1731,PN_PIQ,E249,7,3,0.97
P1732,PN_PIQ,E249,7,3,0.08
P1733,PN_PIQ,E249,7,3,0.38
P1734,PN_PIQ,E249,7,3,0.3
P1735,PN_PIQ,E250,2,2,0.65
P1736,PN_PIQ,E250,2,2,2.49
P1737,IG_PLA,E251,7,3,0.78
P1738,PN_PIQ,E251,7,3,0.62
P1739,IG_PLA,E251,7,3,0.74
P1740,PN_PIQ,E251,7,3,0.55
P1741,IG_PLA,E251,7,3,0.69
P1742,PN_PIQ,E252,7,3,0.5
P1743,PN_PIQ,E252,7,3,0.54
P1744,BC_GTMG,E252,7,3,0.13
P1745,BC_GTMG,E252,7,3,0.2
P1746,PN_PIQ,E252,7,3,0.77
P1747,PN_PIQ,E253,2,2,0.66
P1748,PN_PIQ,E253,2,2,1.15
P1749,PN_PIQ,E253,2,2,0.75
P1750,PN_PIQ,E253,2,2,0.48
P1751,PN_PIQ,E254,2,2,1.56
P1752,PN_PIQ,E254,2,2,0.69
P1753,PN_PIQ,E254,2,2,0.72
P1754,AN_PA,E255,4,1,0.58
P1755,AN_PA,E255,4,1,0.65
P1756,AN_PA,E255,4,1,2.98
P1757,AN_PA,E255,4,1,1.35
P1759,IG_TUT,E255,4,1,1.33
P1761,AN_PA,E255,4,1,1.69
P1762,AN_PA,E255,4,1,0.36
P1763,AN_PA,E255,4,1,0.21
P1764,AN_PA,E255,4,1,0.32
P1765,AN_PA,E255,4,1,0.72
P1766,AN_PA,E255,4,1,0.31
P1767,IG_TUT,E255,4,1,0.91
P1768,AN_PA,E255,4,1,0.25
P1769,AN_PA,E255,4,1,0.42
P1770,AN_PA,E255,4,1,0.73
P1772,AN_PA,E255,4,1,0.59
P1773,PN_PIQ,E256,7,3,2.2
P1774,IG_PLA,E256,7,3,1.22
P1775,PN_PIQ,E256,7,3,0.45
P1776,IG_PLA,E256,7,3,1.03
P1777,IG_PLA,E256,7,3,0.74
P1778,IG_PLA,E256,7,3,0.24
P1780,PN_PIQ,E256,7,3,1.01
P1781,PN_PIQ,E256,7,3,0.43
P1782,IG_PLA,E256,7,3,0.28
P1783,IG_PLA,E256,7,3,2.2
P1784,IG_PLA,E256,7,3,0.14
P1785,IG_PLA,E256,7,3,0.38
P1786,PN_PIQ,E256,7,3,0.77
P1787,IG_PLA,E256,7,3,0.53
P1788,AN_PA,E257,4,1,1.96
P1790,AN_PA,E257,4,1,1.13
P1791,AN_PA,E257,4,1,2.19
P1792,AN_PA,E257,4,1,1.95
P1793,AN_PA,E257,4,1,0.37
P1794,IG_TUT,E257,4,1,2.38
P1795,PN_PIQ,E258,2,2,0.56
P1796,PN_PIQ,E258,2,2,0.48
P1797,PN_PIQ,E258,2,2,3.81
P1798,PN_PIQ,E258,2,2,5.1
P1799,PN_PIQ,E258,2,2,0.9
P1800,PN_PIQ,E258,2,2,0.7
P1801,IG_PLA,E259,1,2,0.22
P1802,IG_PLA,E259,1,2,1.49
P1803,IG_PLA,E259,1,2,2.17
P1804,BC_GTMG,E259,1,2,1.75
P1805,BC_GTMG,E259,1,2,1.67
P1806,BC_GTMG,E259,1,2,1.03
P1807,IG_PLA,E260,1,2,0.72
P1809,BC_GTMG,E260,1,2,2.17
P1810,IG_PLA,E260,1,2,0.09
P1811,IG_PLA,E260,1,2,4.32
P1812,AN_PA,E261,4,1,0.98
P1813,IG_TUT,E261,4,1,0.71
P1814,AN_PA,E261,4,1,1.57
P1815,AN_PA,E261,4,1,0.38
P1816,AN_PA,E261,4,1,0.56
P1817,AN_PA,E261,4,1,1.22
P1818,AN_PA,E261,4,1,1.14
P1820,AN_PA,E261,4,1,0.32
P1821,AN_PA,E261,4,1,0.43
P1822,AN_PA,E261,4,1,0.1
P1823,AN_PA,E261,4,1,1.96
P1824,AN_PA,E261,4,1,1.72
P1825,AN_PA,E261,4,1,0.54
P1826,AN_PA,E261,4,1,1.28
P1827,AN_PA,E261,4,1,1.1
P1828,IG_TUT,E261,4,1,0.85
P1829,IG_TUT,E261,4,1,0.74
P1830,IG_TUT,E261,4,1,1.49
P1831,IG_TUT,E261,4,1,0.61
P1832,PN_PIQ,E262,6,1,0.38
P1833,PN_PIQ,E262,6,1,0.18
P1834,PN_PIQ,E262,6,1,0.5
P1835,PN_PIQ,E263,3,2,1.7
P1836,PN_PIQ,E263,3,2,4.41
P1837,PN_PIQ,E263,3,2,1.94
P1838,PN_PIQ,E263,3,2,0.96
P1839,MA_ROTA,E264,3,2,1.13
P1840,MA_ROTA,E264,3,2,1.04
P1841,MA_ROTA,E264,3,2,0.49
P1842,MA_ROTA,E264,3,2,2.94
P1845,MA_ROTA,E264,3,2,0.68
P1848,IG_PLA,E265,3,2,2.92
P1849,BC_GTMG,E265,3,2,0.44
P1850,BC_GTMG,E265,3,2,0.26
P1851,BC_GTMG,E265,3,2,0.47
P1852,IG_PLA,E265,3,2,0.59
P1853,IG_PLA,E265,3,2,0.94
P1854,IG_PLA,E265,3,2,0.09
P1857,BC_GTMG,E265,3,2,1.48
P1858,PN_PIQ,E266,7,3,0.61
P1859,PN_PIQ,E266,7,3,0.2
P1860,BC_GTMG,E266,7,3,0.41
P1861,IG_PLA,E266,7,3,1.09
P1862,IG_PLA,E266,7,3,0.28
P1863,BC_BT,E267,4,1,0.35
P1864,IG_TUT,E267,4,1,0.81
P1865,BC_BT,E267,4,1,0.13
P1866,BC_BT,E267,4,1,2.05
P1867,IG_TUT,E267,4,1,0.55
P1868,IG_TUT,E267,4,1,0.28
P1869,BC_BT,E267,4,1,0.11
P1870,BC_BT,E267,4,1,0.21
P1871,IG_TUT,E267,4,1,2.51
P1872,PN_PIQ,E268,2,2,1.37
P1873,PN_PIQ,E268,2,2,1.33
P1874,PN_PIQ,E268,2,2,1.85
P1875,PN_PIQ,E268,2,2,0.32
P1876,PN_PIQ,E268,2,2,0.19
P1877,MA_ROTA,E269,3,2,2.09
P1878,MA_ROTA,E269,3,2,0.73
P1880,MA_ROTA,E269,3,2,2.58
P1881,MA_ROTA,E269,3,2,0.19
P1882,MA_ROTA,E269,3,2,0.57
P1883,MA_ROTA,E269,3,2,0.63
P1884,MA_ROTA,E269,3,2,0.51
P1885,MA_ROTA,E269,3,2,0.72
P1886,MA_ROTA,E269,3,2,0.54
P1889,MA_ROTA,E269,3,2,0.93
P1890,MA_ROTA,E269,3,2,0.59
P1891,MA_ROTA,E269,3,2,1.04
P1892,MA_ROTA,E269,3,2,1.09
P1894,MA_ROTA,E269,3,2,0.93
P1895,MA_ROTA,E269,3,2,0.42
P1896,MA_ROTA,E269,3,2,0.74
P1898,MA_ROTA,E269,3,2,0.69
P1899,MA_ROTA,E269,3,2,0.44
P1900,MA_ROTA,E269,3,2,0.19
P1901,MA_TO_CO_JA,E270,7,3,1.25
P1902,IG_PLA,E271,7,3,1.93
P1903,PN_PIQ,E271,7,3,0.43
P1904,PN_PIQ,E271,7,3,0.63
P1905,PN_PIQ,E271,7,3,0.19
P1906,MA_TO_CO_JA,E272,4,1,0.87
P1907,MA_TO_CO_JA,E272,4,1,2.02
P1908,MA_TO_CO_JA,E272,4,1,0.26
P1909,MA_TO_CO_JA,E272,4,1,1.87
P1910,MA_TO_CO_JA,E272,4,1,0.42
P1911,MA_TO_CO_JA,E272,4,1,1.1
P1913,MA_ROTA,E272,4,1,0.31
P1914,MA_ROTA,E272,4,1,0.55
P1915,MA_ROTA,E272,4,1,0.5
P1918,MA_ROTA,E274,3,2,0.24
P1919,MA_ROTA,E274,3,2,0.68
P1920,MA_ROTA,E274,3,2,1.32
P1921,MA_ROTA,E274,3,2,0.78
P1922,MA_ROTA,E274,3,2,0.46
P1923,MA_ROTA,E274,3,2,0.64
P1924,MA_ROTA,E274,3,2,1.11
P1925,MA_ROTA,E274,3,2,1.18
P1926,MA_ROTA,E274,3,2,0.16
P1927,MA_ROTA,E274,3,2,2.02
P1928,IG_PLA,E275,1,2,1.88
P1929,BC_GTMG,E275,1,2,1.21
P1930,IG_PLA,E275,1,2,1.21
P1931,IG_PLA,E275,1,2,1.13
P1932,IG_PLA,E275,1,2,1.09
P1936,PN_PIQ,E276,2,2,0.95
P1937,PN_PIQ,E276,2,2,3.08
P1938,PN_PIQ,E276,2,2,0.69
P1939,PN_PIQ,E277,7,3,1.8
P1940,IG_PLA,E277,7,3,0.64
P1941,IG_PLA,E277,7,3,1.48
P1942,IG_PLA,E277,7,3,0.49
P1943,PN_PIQ,E277,7,3,2.54
P1944,PN_PIQ,E277,7,3,0.1
P1945,IG_PLA,E277,7,3,1.66
P1946,PN_PIQ,E277,7,3,0.35
P1947,IG_PLA,E277,7,3,0.46
P1948,IG_PLA,E277,7,3,2.39
P1949,IG_PLA,E277,7,3,1.62
P1950,AN_PA,E278,4,1,5.09
P1951,AN_PA,E278,4,1,0.78
P1952,AN_PA,E278,4,1,0.22
P1953,IG_TUT,E278,4,1,0.36
P1954,IG_TUT,E278,4,1,0.84
P1955,AN_PA,E278,4,1,0.52
P1956,AN_PA,E278,4,1,0.15
P1957,IG_TUT,E278,4,1,1.38
P1958,AN_PA,E278,4,1,0.23
P1959,AN_PA,E278,4,1,2.06
P1960,AN_PA,E278,4,1,0.59
P1961,AN_PA,E278,4,1,1.49
P1962,IG_TUT,E278,4,1,0.91
P1963,AN_PA,E278,4,1,0.9
P1964,AN_PA,E278,4,1,0.94
P1966,PN_PIQ,E279,2,2,0.81
P1967,PN_PIQ,E279,2,2,0.57
P1968,PN_PIQ,E279,2,2,0.84
P1969,MA_ROTA,E280,2,2,0.28
P1970,MA_ROTA,E280,2,2,0.1
P1971,MA_ROTA,E280,2,2,0.05
P1972,PN_PIQ,E281,2,2,1.09
P1973,PN_PIQ,E281,2,2,0.17
P1974,PN_PIQ,E281,2,2,4.06
P1975,MA_ROTA,E282,3,2,2.25
P1976,MA_ROTA,E282,3,2,2.54
P1977,MA_ROTA,E282,3,2,0.33
P1978,MA_ROTA,E282,3,2,0.43
P1979,MA_ROTA,E282,3,2,0.34
P1980,MA_ROTA,E282,3,2,0.75
P1981,MA_ROTA,E282,3,2,0.57
P1982,MA_ROTA,E282,3,2,0.09
P1983,MA_ROTA,E282,3,2,0.38
P1984,MA_ROTA,E282,3,2,0.88
P1985,MA_ROTA,E282,3,2,2.09
P1986,MA_ROTA,E282,3,2,0.7
P1987,MA_TO_CO_JA,E282,3,2,0.86
P1988,MA_ROTA,E282,3,2,0.21
P1989,MA_ROTA,E282,3,2,0.19
P1990,MA_ROTA,E282,3,2,3.47
P1991,MA_ROTA,E282,3,2,0.54
P1992,MA_ROTA,E282,3,2,0.86
P1993,MA_ROTA,E282,3,2,0.25
P1994,MA_ROTA,E282,3,2,2.04
P1995,MA_ROTA,E282,3,2,1.29
P1996,MA_TO_CO_JA,E282,3,2,0.8
P1998,MA_ROTA,E282,3,2,0.93
P2000,MA_ROTA,E282,3,2,1.02
P2001,PN_PIQ,E283,2,2,0.35
P2002,PN_PIQ,E283,2,2,0.52
P2003,PN_PIQ,E283,2,2,0.59
P2004,PN_PIQ,E283,2,2,0.63
P2005,PN_PIQ,E283,2,2,0.04
P2006,PN_PIQ,E284,7,3,0.63
P2007,IG_PLA,E284,7,3,0.52
P2008,PN_PIQ,E284,7,3,0.84
P2009,BC_GTMG,E284,7,3,0.11
P2010,PN_PIQ,E284,7,3,1.19
P2011,IG_PLA,E284,7,3,1.26
P2012,IG_PLA,E284,7,3,1.84
P2013,PN_PIQ,E285,7,3,2.05
P2014,PN_PIQ,E285,7,3,1.82
P2015,PN_PIQ,E285,7,3,0.96
P2016,PN_PIQ,E285,7,3,0.65
P2017,PN_PIQ,E285,7,3,2.11
P2019,PN_PIQ,E285,7,3,0.99
P2020,PN_PIQ,E285,7,3,0.91
P2021,PN_PIQ,E286,4,1,9.51
P2022,PN_PIQ,E286,4,1,3.69
P2023,IG_PLA,E287,3,2,1.78
P2024,BC_GTMG,E287,3,2,2.76
P2025,IG_PLA,E287,3,2,0.19
P2026,IG_PLA,E287,3,2,3.84
P2027,IG_PLA,E287,3,2,1.19
P2028,BC_GTMG,E287,3,2,3.88
P2029,IG_PLA,E287,3,2,1.17
P2030,BA_IRR,E288,3,2,0.34
P2031,BA_INT,E288,3,2,1.1
P2033,BA_INT,E288,3,2,0.93
P2034,BA_IRR,E288,3,2,0.55
P2035,BA_IRR,E288,3,2,0.31
P2037,BA_IRR,E288,3,2,0.87
P2038,MA_ROTA,E288,3,2,0.92
P2039,BA_INT,E288,3,2,0.82
P2040,BA_INT,E288,3,2,0.42
P2041,BA_IRR,E288,3,2,0.97
P2042,BA_INT,E288,3,2,0.34
P2046,BA_IRR,E288,3,2,0.12
P2047,JA,E288,3,2,0.83
P2048,BC_GTMG,E289,2,2,2.94
P2049,PN_PIQ,E289,2,2,1.85
P2050,BC_GTMG,E289,3,2,2.01
P2051,BC_GTMG,E289,3,2,1.01
P2052,BC_GTMG,E289,3,2,1.0
P2053,BC_GTMG,E289,3,2,1.03
P2054,BC_GTMG,E289,3,2,1.0
P2055,PN_PIQ,E289,2,2,0.73
P2056,BC_GTMG,E289,3,2,0.98
P2057,BC_GTMG,E289,2,2,1.15
P2058,BC_GTMG,E289,2,2,0.32
P2059,BC_GTMG,E289,2,2,1.62
P2060,BC_GTMG,E289,2,2,1.11
P2061,BC_GTMG,E289,2,2,0.86
P2062,BC_GTMG,E289,2,2,2.53
P2063,BC_GTMG,E289,2,2,1.03
P2064,PN_PIQ,E289,2,2,0.53
P2065,PN_PIQ,E290,7,3,0.85
P2066,PN_PIQ,E290,7,3,2.1
P2067,IG_PLA,E291,2,2,2.79
P2068,BC_GTMG,E291,2,2,0.95
P2069,BC_GTMG,E291,2,2,0.96
P2070,IG_PLA,E291,2,2,0.4
P2071,PN_PIQ,E292,7,3,1.72
P2072,PN_PIQ,E292,7,3,1.13
P2073,PN_PIQ,E293,7,3,0.69
P2074,PN_PIQ,E293,7,3,0.28
P2075,PN_PIQ,E293,7,3,2.37
P2076,PN_PIQ,E293,7,3,0.52
P2077,PN_PIQ,E293,7,3,0.44
P2078,PN_PIQ,E293,7,3,0.91
P2079,PN_PIQ,E294,7,3,2.37
P2080,PN_PIQ,E294,7,3,0.67
P2081,PN_PIQ,E294,7,3,0.57
P2082,PN_PIQ,E295,2,2,0.48
P2083,PN_PIQ,E295,2,2,3.12
P2084,MA_ROTA,E296,3,2,2.06
P2085,MA_ROTA,E296,3,2,2.17
P2086,MA_ROTA,E296,3,2,2.15
P2087,MA_ROTA,E296,3,2,1.11
P2088,MA_ROTA,E296,3,2,0.18
P2089,MA_ROTA,E296,3,2,0.97
P2090,MA_ROTA,E296,3,2,0.14
P2091,BC_GTMG,E297,3,2,0.44
P2092,IG_PLA,E297,3,2,0.82
P2093,PN_PIQ,E297,3,2,0.48
P2095,PN_PIQ,E298,3,2,5.12
P2096,PN_PIQ,E298,3,2,0.83
P2097,PN_PIQ,E299,3,2,0.65
P2098,PN_PIQ,E299,3,2,1.18
P2099,PN_PIQ,E300,7,3,2.26
P2100,PN_PIQ,E300,7,3,1.06
P2101,PN_PIQ,E300,7,3,1.33
P2102,PN_PIQ,E300,7,3,0.42
P2103,PN_PIQ,E300,7,3,0.38
P2104,PN_PIQ,E300,7,3,0.51
P2105,PN_PIQ,E301,7,3,0.21
P2106,BC_GTMG,E301,7,3,0.26
P2107,PN_PIQ,E301,7,3,0.26
P2108,BC_GTMG,E301,7,3,0.37
P2109,PN_PIQ,E301,7,3,0.52
P2110,IG_PLA,E301,7,3,1.26
P2111,IG_PLA,E301,7,3,1.7
P2112,IG_PLA,E301,7,3,0.85
P2113,PN_PIQ,E301,7,3,0.53
P2114,MA_ROTA,E302,2,2,0.96
P2115,MA_ROTA,E302,2,2,0.89
P2116,MA_ROTA,E302,2,2,0.46
P2117,BC_GTMG,E303,2,2,0.1
P2118,BC_GTMG,E303,2,2,0.52
P2119,IG_PLA,E303,2,2,0.3
P2120,IG_PLA,E303,2,2,0.42
P2121,IG_PLA,E303,2,2,0.36
P2122,PN_PIQ,E304,2,2,3.9
P2123,MA_ROTA,E305,3,2,0.62
P2124,MA_ROTA,E305,3,2,0.26
P2125,MA_ROTA,E305,3,2,1.0
P2127,MA_TO_CO_JA,E305,3,2,2.3
P2128,MA_ROTA,E305,3,2,0.33
P2129,MA_ROTA,E305,3,2,3.05
P2130,MA_ROTA,E305,3,2,2.17
P2131,MA_ROTA,E305,3,2,0.53
P2132,MA_ROTA,E305,3,2,0.21
P2133,MA_ROTA,E305,3,2,0.29
P2134,MA_ROTA,E305,3,2,2.14
P2135,MA_TO_CO_JA,E305,3,2,0.4
P2136,MA_TO_CO_JA,E305,3,2,2.16
P2137,MA_ROTA,E305,3,2,1.21
P2138,MA_ROTA,E305,3,2,0.27
P2139,MA_ROTA,E305,3,2,0.62
P2141,MA_ROTA,E305,3,2,1.81
P2142,MA_ROTA,E305,3,2,0.44
P2143,MA_TO_CO_JA,E305,3,2,1.16
P2144,PN_PIQ,E306,7,3,3.56
P2145,PN_PIQ,E306,7,3,0.51
P2146,PN_PIQ,E306,7,3,0.22
P2147,PN_PIQ,E306,7,3,2.69
P2148,PN_PIQ,E306,7,3,0.54
P2149,PN_PIQ,E306,7,3,0.2
P2150,BC_GTMG,E307,1,2,0.81
P2151,BC_GTMG,E307,1,2,0.65
P2152,BC_GTMG,E307,1,2,3.23
P2153,BC_GTMG,E307,1,2,0.29
P2154,BC_GTMG,E307,1,2,2.67
P2155,BC_GTMG,E307,1,2,0.88
P2156,BC_GTMG,E308,3,2,1.05
P2158,BC_GTMG,E308,3,2,0.72
P2159,BC_GTMG,E308,3,2,0.27
P2160,BC_GTMG,E308,3,2,0.56
P2161,PN_PIQ,E309,7,3,0.36
P2162,PN_PIQ,E309,7,3,0.95
P2163,IG_PLA,E310,7,3,0.42
P2164,IG_PLA,E310,7,3,0.77
P2165,PN_PIQ,E310,7,3,0.21
P2166,PN_PIQ,E310,7,3,0.86
P2167,IG_PLA,E310,7,3,0.39
P2168,IG_PLA,E310,7,3,0.48
P2169,IG_TUT,E311,4,1,3.54
P2170,IG_TUT,E311,4,1,2.07
P2171,IG_TUT,E311,4,1,0.34
P2172,CS_BT_NIM,E311,4,1,1.53
P2173,IG_TUT,E311,4,1,0.29
P2174,CS_BT_NIM,E311,4,1,1.61
P2176,MA_ROTA,E312,2,2,1.23
P2177,PN_PIQ,E313,2,2,0.72
P2178,PN_PIQ,E313,2,2,0.47
P2179,PN_PIQ,E313,2,2,3.93
P2180,PN_PIQ,E313,2,2,0.61
P2181,IG_PLA,E314,2,2,0.59
P2182,BC_GTMG,E314,2,2,1.44
P2183,BC_GTMG,E314,2,2,1.11
P2184,IG_PLA,E314,2,2,0.3
P2185,BC_GTMG,E314,2,2,0.65
P2186,IG_PLA,E314,2,2,1.13
P2187,IG_PLA,E314,2,2,1.03
P2188,IG_PLA,E314,2,2,1.38
P2189,IG_PLA,E315,3,2,0.9
P2190,PN_PIQ,E315,3,2,0.92
P2191,IG_PLA,E315,3,2,0.74
P2192,BC_GTMG,E315,3,2,0.45
P2193,IG_PLA,E315,3,2,2.19
P2194,BC_GTMG,E315,3,2,1.12
P2195,PN_PIQ,E316,7,3,0.76
P2196,IG_PLA,E316,7,3,0.83
P2197,PN_PIQ,E316,7,3,0.75
P2198,IG_PLA,E316,7,3,0.68
P2199,IG_PLA,E316,7,3,0.79
P2200,BC_GTMG,E317,2,2,1.31
P2201,IG_PLA,E317,2,2,0.83
P2202,BC_GTMG,E317,2,2,0.11
P2203,IG_PLA,E317,2,2,1.7
P2204,IG_PLA,E317,2,2,0.25
P2205,IG_PLA,E317,2,2,0.53
P2206,BC_GTMG,E317,2,2,0.97
P2207,IG_PLA,E317,2,2,0.86
P2208,BC_GTMG,E317,2,2,1.6
P2209,BC_GTMG,E317,2,2,0.19
P2210,IG_PLA,E317,2,2,0.84
P2211,IG_PLA,E317,2,2,0.17
P2212,IG_PLA,E317,2,2,0.37
P2213,IG_PLA,E317,2,2,0.37
P2214,PN_PIQ,E318,7,3,5.37
P2215,PN_PIQ,E318,7,3,1.22
P2216,PN_PIQ,E318,7,3,0.36
P2217,PN_PIQ,E318,7,3,0.52
P2218,PN_PIQ,E318,7,3,1.4
P2219,PN_PIQ,E318,7,3,1.7
P2220,PN_PIQ,E318,7,3,0.46
P2221,PN_PIQ,E318,7,3,0.4
P2222,PN_PIQ,E318,7,3,1.45
P2223,MA_TO_CO_JA,E319,7,3,0.62
P2224,MA_TO_CO_JA,E319,7,3,0.28
P2225,PN_PIQ,E320,2,2,3.98
P2226,MA_TO_CO_JA,E321,7,3,1.12
P2227,MA_TO_CO_JA,E321,7,3,1.27
P2228,MA_TO_CO_JA,E321,7,3,0.96
P2229,MA_TO_CO_JA,E321,7,3,1.85
P2231,MA_TO_CO_JA,E321,7,3,0.81
P2232,MA_TO_CO_JA,E321,7,3,1.12
P2233,MA_TO_CO_JA,E321,7,3,0.8
P2236,PN_PIQ,E322,3,2,0.41
P2237,PN_PIQ,E322,3,2,0.57
P2238,PN_PIQ,E322,3,2,0.56
P2240,PN_PIQ,E322,3,2,2.36
P2241,PN_PIQ,E322,3,2,3.28
P2242,PN_PIQ,E323,2,2,1.13
P2243,PN_PIQ,E323,2,2,1.38
P2244,PN_PIQ,E323,2,2,3.56
P2245,PN_PIQ,E323,2,2,0.64
P2246,PN_PIQ,E323,2,2,0.99
P2247,PN_PIQ,E323,2,2,2.51
P2248,MA_TO_CO_JA,E324,7,3,0.97
P2249,MA_TO_CO_JA,E324,7,3,0.85
P2250,PN_PIQ,E325,7,3,1.49
P2251,PN_PIQ,E325,7,3,0.74
P2252,PN_PIQ,E325,7,3,0.24
P2253,PN_PIQ,E325,7,3,1.9
P2254,BC_GTMG,E325,7,3,0.09
P2255,BC_GTMG,E325,7,3,0.11
P2256,PN_PIQ,E325,7,3,0.28
P2257,PN_PIQ,E326,4,1,4.01
P2258,PN_PIQ,E326,4,1,0.47
P2259,PN_PIQ,E326,4,1,0.24
P2260,PN_PIQ,E326,4,1,0.49
P2261,PN_PIQ,E326,4,1,0.14
P2262,PN_PIQ,E326,4,1,1.74
P2264,PN_PIQ,E326,4,1,0.7
P2265,PN_PIQ,E326,4,1,1.16
P2266,PN_PIQ,E327,2,2,1.02
P2267,PN_PIQ,E327,2,2,0.84
P2268,PN_PIQ,E327,2,2,0.41
P2269,PN_PIQ,E327,2,2,1.79
P2270,PN_PIQ,E327,2,2,0.52
P2271,PN_PIQ,E327,2,2,0.6
P2272,PN_PIQ,E327,2,2,0.59
P2273,MA_ROTA,E328,3,2,1.01
P2274,MA_ROTA,E328,3,2,1.41
P2275,MA_TO_CO_JA,E328,3,2,1.13
P2276,MA_ROTA,E329,1,2,0.76
P2277,MA_ROTA,E329,1,2,1.71
P2278,MA_ROTA,E329,1,2,2.2
P2279,MA_ROTA,E329,1,2,1.5
P2280,MA_ROTA,E329,1,2,0.96
P2281,MA_ROTA,E329,1,2,1.79
P2282,MA_ROTA,E329,1,2,0.28
P2283,MA_ROTA,E329,1,2,1.04
P2284,MA_ROTA,E329,1,2,2.27
P2285,PN_PIQ,E330,7,3,0.73
P2286,PN_PIQ,E330,7,3,2.15
P2287,PN_PIQ,E330,7,3,0.4
P2288,PN_PIQ,E330,7,3,0.27
P2289,PN_PIQ,E330,7,3,0.23
P2290,PN_PIQ,E331,7,3,4.19
P2291,PN_PIQ,E332,1,2,0.09
P2292,PN_PIQ,E332,1,2,1.54
P2293,PN_PIQ,E332,1,2,0.59
P2294,PN_PIQ,E332,1,2,1.02
P2295,PN_PIQ,E332,1,2,3.17
P2296,PN_PIQ,E332,1,2,0.05
P2297,MA_ROTA,E333,3,2,2.41
P2298,MA_ROTA,E333,3,2,1.19
P2299,MA_ROTA,E333,3,2,0.16
P2300,MA_ROTA,E333,3,2,1.94
P2302,MA_ROTA,E333,3,2,0.04
P2303,MA_ROTA,E333,3,2,1.15
P2305,MA_ROTA,E334,3,2,0.24
P2306,MA_ROTA,E334,3,2,0.71
P2307,MA_ROTA,E334,3,2,1.15
P2308,MA_ROTA,E334,3,2,0.44
P2309,MA_ROTA,E334,3,2,0.24
P2310,MA_ROTA,E334,3,2,0.22
P2311,MA_ROTA,E334,3,2,0.44
P2312,MA_ROTA,E334,3,2,0.5
P2313,MA_ROTA,E334,3,2,0.55
P2315,MA_ROTA,E334,3,2,0.28
P2316,MA_ROTA,E334,3,2,0.41
P2318,BC_GTMG,E335,2,2,1.38
P2319,IG_PLA,E335,2,2,0.41
P2320,IG_PLA,E335,2,2,0.25
P2321,BC_GTMG,E335,2,2,0.58
P2322,IG_PLA,E335,2,2,0.27
P2323,IG_PLA,E335,2,2,0.69
P2324,IG_PLA,E335,2,2,0.15
P2325,IG_PLA,E335,2,2,1.63
P2326,PN_PIQ,E336,7,3,2.04
P2327,PN_PIQ,E336,7,3,0.3
P2328,PN_PIQ,E336,7,3,0.11
P2329,PN_PIQ,E336,7,3,0.14
P2330,PN_PIQ,E336,7,3,0.59
P2331,IG_TUT,E337,4,1,1.82
P2332,AN_PA,E337,4,1,0.86
P2333,AN_PA,E337,4,1,3.0
P2334,AN_PA,E337,4,1,1.26
P2335,AN_PA,E337,4,1,0.77
P2336,AN_PA,E337,4,1,0.46
P2337,AN_PA,E337,4,1,0.86
P2339,PN_PIQ,E338,7,3,1.11
P2340,PN_PIQ,E338,7,3,0.48
P2341,PN_PIQ,E338,7,3,1.89
P2342,PN_PIQ,E338,7,3,3.17
P2343,PN_PIQ,E338,7,3,1.4
P2344,PN_PIQ,E339,7,3,1.93
P2345,PN_PIQ,E339,7,3,0.16
P2346,PN_PIQ,E339,7,3,0.63
P2347,PN_PIQ,E339,7,3,0.45
P2348,PN_PIQ,E339,7,3,0.85
P2349,PN_PIQ,E339,7,3,0.58
P2350,IG_PLA,E340,3,2,1.48
P2351,BC_GTMG,E340,3,2,0.58
P2352,BC_GTMG,E340,3,2,0.65
P2353,BC_GTMG,E340,3,2,4.78
P2354,IG_PLA,E340,3,2,0.27
P2355,IG_PLA,E340,3,2,1.58
P2356,IG_PLA,E340,3,2,4.47
P2357,IG_PLA,E340,3,2,1.09
P2358,IG_PLA,E340,3,2,0.41
P2359,IG_PLA,E340,3,2,1.03
P2360,IG_PLA,E340,3,2,0.96
P2361,BC_GTMG,E340,3,2,3.08
P2362,IG_PLA,E340,3,2,0.43
P2363,PN_PIQ,E341,4,1,0.54
P2364,PN_PIQ,E341,4,1,0.92
P2365,PN_PIQ,E341,4,1,0.05
P2366,PN_PIQ,E341,4,1,0.22
P2367,PN_PIQ,E341,4,1,0.48
P2368,PN_PIQ,E341,4,1,0.37
P2369,PN_PIQ,E341,4,1,0.23
P2370,PN_PIQ,E341,4,1,0.63
P2371,PN_PIQ,E341,4,1,0.46
P2372,PN_PIQ,E341,4,1,0.03
P2373,PN_PIQ,E341,4,1,0.98
P2374,PN_PIQ,E341,4,1,0.73
P2375,PN_PIQ,E341,4,1,1.0
P2376,PN_PIQ,E342,4,1,2.23
P2377,MA_TO_CO_JA,E343,4,1,1.26
P2378,AN_PA,E344,4,1,2.76
P2379,AN_PA,E344,4,1,3.6
P2380,IG_TUT,E344,4,1,1.36
P2381,IG_TUT,E344,4,1,0.16
P2383,IG_TUT,E344,4,1,0.32
P2384,AN_PA,E344,4,1,0.37
P2385,AN_PA,E344,4,1,0.35
P2387,PN_PIQ,E345,2,2,2.9
P2388,PN_PIQ,E346,2,2,0.56
P2389,PN_PIQ,E346,2,2,0.9
P2391,PN_PIQ,E347,3,2,4.05
P2392,MA_ROTA,E348,3,2,1.35
P2393,PN_PIQ,E349,2,2,13.95
P2394,PN_PIQ,E350,3,2,2.77
P2395,PN_PIQ,E350,3,2,0.14
P2396,PN_PIQ,E350,3,2,0.71
P2397,PN_PIQ,E350,3,2,5.34
P2398,PN_PIQ,E351,7,3,1.0
P2399,PN_PIQ,E351,7,3,1.42
P2400,PN_PIQ,E352,1,2,0.77
P2401,PN_PIQ,E352,1,2,0.71
P2402,PN_PIQ,E352,1,2,11.11
P2403,PN_PIQ,E352,1,2,0.25
P2404,PN_PIQ,E353,1,2,1.04
P2405,PN_PIQ,E353,1,2,0.9
P2407,PN_PIQ,E353,1,2,0.1
P2408,PN_PIQ,E353,1,2,1.36
P2409,PN_PIQ,E353,1,2,0.23
P2410,PN_PIQ,E354,3,2,1.42
P2411,PN_PIQ,E354,3,2,0.83
P2412,IG_PLA,E355,3,2,1.05
P2413,BC_GTMG,E355,3,2,1.3
P2414,BC_GTMG,E355,3,2,0.17
P2415,IG_PLA,E355,3,2,0.49
P2416,BC_GTMG,E355,3,2,0.17
P2417,IG_PLA,E355,3,2,0.15
P2418,IG_PLA,E355,3,2,2.09
P2419,BC_GTMG,E355,3,2,2.66
P2420,IG_PLA,E356,3,2,0.12
P2421,BC_GTMG,E356,3,2,2.02
P2422,IG_PLA,E356,3,2,0.94
P2423,IG_PLA,E356,3,2,0.86
P2425,BC_GTMG,E356,3,2,0.35
P2426,IG_PLA,E356,3,2,1.56
P2427,IG_PLA,E356,3,2,0.82
P2428,IG_PLA,E356,3,2,0.05
P2429,PN_PIQ,E357,2,2,4.17
P2430,PN_PIQ,E357,2,2,0.34
P2431,BC_GTMG,E358,3,2,0.14
P2432,BC_GTMG,E358,3,2,1.81
P2433,BC_GTMG,E358,3,2,0.24
P2434,BC_GTMG,E358,3,2,0.77
P2435,BC_GTMG,E358,3,2,0.1
P2436,BC_GTMG,E358,3,2,2.9
P2438,BC_GTMG,E358,3,2,1.7
P2439,BC_GTMG,E358,3,2,3.32
P2440,BC_GTMG,E358,3,2,3.8
P2441,BC_GTMG,E358,3,2,1.12
P2442,MA_ROTA,E359,3,2,1.71
P2443,MA_ROTA,E359,3,2,1.69
P2444,MA_ROTA,E359,3,2,0.96
P2445,MA_ROTA,E360,4,1,0.12
P2446,MA_ROTA,E360,4,1,0.15
P2447,MA_ROTA,E360,4,1,0.61
P2448,MA_ROTA,E360,4,1,1.89
P2449,MA_ROTA,E360,4,1,1.07
P2450,MA_ROTA,E360,4,1,3.26
P2452,MA_ROTA,E360,4,1,0.49
P2456,MA_ROTA,E360,4,1,1.15
P2457,MA_ROTA,E360,4,1,2.75
P2458,MA_ROTA,E360,4,1,0.09
P2460,MA_ROTA,E361,3,2,1.74
P2461,MA_ROTA,E361,3,2,1.17
P2462,MA_ROTA,E361,3,2,1.47
P2463,MA_ROTA,E361,3,2,0.54
P2464,MA_ROTA,E361,3,2,0.53
P2465,MA_ROTA,E361,3,2,0.79
P2466,MA_ROTA,E361,3,2,1.24
P2468,BA_IRR,E362,3,2,1.23
P2469,PN_PIQ,E362,3,2,1.47
P2471,PN_PIQ,E362,3,2,1.14
P2472,PN_PIQ,E362,3,2,5.61
P2473,JA,E362,3,2,0.66
P2474,BA_IRR,E363,3,2,1.08
P2475,JA,E363,3,2,1.08
P2476,BA_IRR,E363,3,2,0.41
P2477,BA_INT,E363,3,2,0.72
P2482,BA_IRR,E363,3,2,0.5
P2483,MA_ROTA,E364,5,1,0.56
P2485,MA_ROTA,E364,5,1,0.95
P2486,MA_ROTA,E364,5,1,0.99
P2487,MA_ROTA,E364,5,1,1.02
P2488,MA_ROTA,E364,5,1,1.1
P2489,MA_ROTA,E364,5,1,2.33
P2490,MA_ROTA,E364,5,1,1.4
P2491,MA_ROTA,E364,5,1,3.6
P2492,MA_ROTA,E364,5,1,0.56
P2494,MA_ROTA,E364,5,1,0.46
P2495,MA_ROTA,E364,5,1,0.81
P2496,MA_ROTA,E364,5,1,1.24
P2497,MA_ROTA,E364,5,1,1.32
P2499,MA_ROTA,E364,5,1,0.99
P2500,MA_ROTA,E364,5,1,0.68
P2501,MA_ROTA,E364,5,1,0.77
P2502,MA_ROTA,E364,5,1,0.42
P2503,MA_ROTA,E364,5,1,1.0
P2505,MA_ROTA,E364,5,1,0.34
P2506,MA_ROTA,E364,5,1,1.07
P2507,MA_ROTA,E364,5,1,0.39
P2508,MA_ROTA,E364,5,1,0.97
P2509,MA_ROTA,E364,5,1,0.47
P2511,MA_ROTA,E364,5,1,0.6
P2512,MA_ROTA,E364,5,1,0.2
P2515,MA_ROTA,E364,5,1,0.26
P2516,BA_INT,E365,5,1,0.25
P2517,JA,E365,5,1,0.16
P2518,MA_TO_CO_JA,E365,5,1,0.27
P2523,MA_TO_CO_JA,E365,5,1,0.86
P2525,MA_TO_CO_JA,E366,5,1,1.2
P2526,BA_SINT,E367,5,1,0.61
P2527,BA_INT,E367,5,1,1.8
P2528,JA,E367,5,1,0.8
P2529,BA_INT,E367,5,1,0.06
P2530,BA_INT,E367,5,1,0.23
P2531,BA_SINT,E367,5,1,0.14
P2532,BA_SINT,E367,5,1,0.29
P2533,BA_INT,E367,5,1,0.16
P2534,BA_INT,E367,5,1,0.18
P2537,BA_INT,E367,5,1,0.47
P2538,BA_INT,E367,5,1,0.62
P2542,BA_SINT,E367,5,1,0.41
P2543,BA_SINT,E367,5,1,1.43
P2545,MA_TO_CO_JA,E368,5,1,1.39
P2549,MA_TO_CO_JA,E368,5,1,1.08
P2551,MA_TO_CO_JA,E368,5,1,0.39
P2554,BA_SINT,E369,5,1,0.56
P2555,BA_INT,E369,5,1,0.78
P2556,BA_PER,E369,5,1,0.46
P2557,MA_TO_CO_JA,E369,5,1,0.92
P2558,BA_PER,E369,5,1,0.15
P2561,BA_PER,E369,5,1,0.97
P2563,BA_PER,E369,5,1,0.44
P2564,BA_SINT,E369,5,1,0.48
P2565,JA,E369,5,1,0.3
P2567,BA_INT,E369,5,1,0.21
P2568,MA_TO_CO_JA,E370,6,1,0.02
P2569,MA_TO_CO_JA,E370,6,1,0.55
P2570,MA_TO_CO_JA,E370,6,1,0.01
P2573,MA_TO_CO_JA,E370,6,1,0.04
P2575,MA_TO_CO_JA,E370,6,1,0.01
P2576,MA_TO_CO_JA,E370,6,1,0.32
P2577,MA_TO_CO_JA,E370,6,1,0.01
P2578,MA_TO_CO_JA,E370,6,1,0.08
P2579,MA_TO_CO_JA,E370,6,1,0.13
P2580,MA_TO_CO_JA,E370,6,1,1.02
P2581,MA_TO_CO_JA,E370,6,1,0.06
P2582,MA_TO_CO_JA,E370,6,1,0.24
P2583,MA_TO_CO_JA,E370,6,1,0.58
P2584,MA_TO_CO_JA,E370,6,1,0.04
P2588,MA_ROTA,E371,5,1,0.89
P2589,MA_ROTA,E371,5,1,0.9
P2595,MA_TO_CO_JA,E371,5,1,0.29
P2597,MA_ROTA,E371,5,1,0.95
P2602,MA_ROTA,E371,5,1,0.19
P2610,BC_BT,E372,6,1,1.29
P2611,MA_ROTA,E372,6,1,1.5
P2612,BC_BT,E372,6,1,0.26
P2613,MA_ROTA,E372,6,1,0.61
P2614,MA_ROTA,E372,6,1,0.42
P2615,BA_INT,E373,6,1,1.53
P2616,JA,E373,6,1,1.25
P2617,BA_SINT,E373,6,1,1.62
P2619,BA_SINT,E373,6,1,2.68
P2620,BA_INT,E373,6,1,1.12
P2621,BA_INT,E373,6,1,3.32
P2622,BA_SINT,E373,6,1,1.47
P2623,BA_INT,E374,5,1,0.29
P2624,MA_ROTA,E374,5,1,0.74
P2626,MA_ROTA,E374,5,1,0.76
P2627,MA_ROTA,E374,5,1,0.36
P2629,MA_ROTA,E374,5,1,1.14
P2631,BA_INT,E374,5,1,0.55
P2632,BA_INT,E374,5,1,0.39
P2633,BA_INT,E374,5,1,0.73
P2634,JA,E374,5,1,0.19
P2636,JA,E374,5,1,0.31
P2637,BA_INT,E374,5,1,0.1
P2638,JA,E375,6,1,0.92
P2640,BA_INT,E375,6,1,0.84
P2641,BA_INT,E375,6,1,0.96
P2643,BA_INT,E375,6,1,1.02
P2644,BA_INT,E375,6,1,1.12
P2645,BA_INT,E375,6,1,1.44
P2646,JA,E375,6,1,0.5
P2647,JA,E375,6,1,0.55
P2648,BA_INT,E375,6,1,1.37
P2649,MA_TO_CO_JA,E375,6,1,0.86
P2650,BA_INT,E375,6,1,1.31
P2652,BA_INT,E375,6,1,0.66
P2653,AN_PA,E375,4,1,6.17
P2655,BA_INT,E375,6,1,0.86
P2656,MA_TO_CO_JA,E375,6,1,1.15
P2658,MA_ROTA,E376,6,1,0.32
P2661,MA_TO_CO_JA,E376,6,1,0.16
P2662,MA_ROTA,E376,6,1,0.72
P2663,MA_TO_CO_JA,E376,6,1,1.66
P2664,MA_TO_CO_JA,E376,6,1,0.41
P2665,MA_TO_CO_JA,E376,6,1,0.17
P2666,MA_TO_CO_JA,E377,5,1,0.64
P2667,BA_INT,E377,5,1,0.67
P2668,MA_TO_CO_JA,E377,5,1,0.17
P2669,BA_SINT,E377,5,1,0.44
P2670,MA_TO_CO_JA,E377,5,1,0.03
P2671,MA_TO_CO_JA,E377,5,1,0.47
P2672,BA_SINT,E377,5,1,0.21
P2673,MA_TO_CO_JA,E377,5,1,0.81
P2674,BA_SINT,E377,5,1,0.33
P2675,JA,E377,5,1,0.1
P2676,BA_INT,E377,5,1,0.09
P2677,BA_SINT,E377,5,1,0.19
P2678,BA_INT,E377,5,1,0.79
P2679,JA,E377,5,1,0.27
P2680,MA_TO_CO_JA,E377,5,1,0.32
P2682,BA_SINT,E377,5,1,0.33
P2683,PN_PIQ,E378,6,1,2.71
P2684,PN_PIQ,E378,6,1,1.8
P2685,MA_ROTA,E379,5,1,0.57
P2686,BC_BT,E379,5,1,0.13
P2687,MA_ROTA,E379,5,1,0.97
P2688,MA_ROTA,E379,5,1,0.56
P2689,PN_PIQ,E380,6,1,3.0
P2690,PN_PIQ,E380,6,1,6.78
P2691,PN_PIQ,E380,6,1,7.6
P2692,PN_PIQ,E381,5,1,0.95
P2693,PN_PIQ,E381,5,1,0.19
P2698,PN_PIQ,E381,5,1,0.45
P2699,PN_PIQ,E381,5,1,1.4
P2700,PN_PIQ,E381,5,1,0.5
P2701,MA_TO_CO_JA,E382,6,1,0.76
P2702,MA_TO_CO_JA,E382,6,1,0.34
P2703,MA_TO_CO_JA,E382,6,1,1.04
P2704,MA_TO_CO_JA,E382,6,1,0.57
P2705,MA_TO_CO_JA,E382,6,1,0.35
P2706,MA_TO_CO_JA,E382,6,1,0.23
P2707,BA_INT,E383,6,1,0.28
P2708,MA_TO_CO_JA,E383,6,1,2.58
P2712,BA_INT,E383,6,1,0.42
P2713,JA,E383,6,1,0.46
P2714,MA_TO_CO_JA,E383,6,1,1.4
P2715,BA_INT,E383,6,1,0.32
P2716,BA_INT,E383,6,1,0.71
P2718,MA_ROTA,E384,6,1,0.75
P2720,MA_ROTA,E385,5,1,0.77
P2721,MA_ROTA,E385,5,1,0.45
P2722,MA_ROTA,E385,5,1,0.19
P2723,MA_ROTA,E385,5,1,0.15
P2725,MA_ROTA,E385,5,1,0.38
P2726,MA_ROTA,E385,5,1,1.1
P2727,MA_ROTA,E385,5,1,0.39
P2728,MA_ROTA,E385,5,1,0.63
P2730,MA_ROTA,E385,5,1,0.93
P2732,MA_ROTA,E385,5,1,0.59
P2733,MA_ROTA,E385,5,1,0.86
P2734,MA_TO_CO_JA,E386,6,1,0.31
P2738,MA_TO_CO_JA,E386,6,1,0.07
P2739,MA_ROTA,E387,5,1,0.61
P2740,MA_ROTA,E387,5,1,0.95
P2742,MA_ROTA,E387,5,1,1.5
P2744,BA_INT,E388,6,1,0.18
P2745,BA_SINT,E388,6,1,1.56
P2747,BA_INT,E388,6,1,1.19
P2748,JA,E388,6,1,0.62
P2751,BA_PER,E389,6,1,1.53
P2752,BA_PER,E389,6,1,1.08
P2753,BA_PER,E389,6,1,0.99
P2754,BA_INT,E390,5,1,0.8
P2758,MA_ROTA,E390,5,1,0.08
P2759,JA,E390,5,1,0.49
P2760,JA,E390,5,1,0.13
P2761,MA_ROTA,E390,5,1,0.87
P2762,MA_ROTA,E390,5,1,0.8
P2765,MA_ROTA,E390,5,1,0.72
P2769,JA,E391,5,1,0.94
P2770,BA_INT,E391,5,1,0.91
P2771,BA_INT,E391,5,1,0.61
P2772,BA_INT,E391,5,1,0.89
P2773,JA,E391,5,1,0.09
P2774,BA_INT,E391,5,1,0.07
P2776,BA_INT,E391,5,1,0.82
P2777,BA_INT,E391,5,1,0.83
P2779,BA_INT,E391,5,1,1.23
P2780,BA_INT,E391,5,1,0.66
P2781,BA_INT,E391,5,1,0.68
P2782,JA,E391,5,1,1.13
P2783,BA_INT,E391,5,1,2.29
P2784,PN_PIQ,E392,3,2,0.08
P2785,PN_PIQ,E392,3,2,0.26
P2786,PN_PIQ,E392,3,2,1.56
P2787,PN_PIQ,E392,3,2,2.24
P2788,PN_PIQ,E392,3,2,1.56
P2789,PN_PIQ,E392,3,2,1.07
P2790,PN_PIQ,E392,3,2,0.68
P2791,PN_PIQ,E392,3,2,1.35
P2792,PN_PIQ,E392,3,2,0.37
P2793,PN_PIQ,E392,3,2,0.27
P2794,PN_PIQ,E392,3,2,2.4
P2795,PN_PIQ,E392,3,2,0.77
P2796,PN_PIQ,E392,3,2,1.18
P2797,PN_PIQ,E393,7,3,0.76
P2798,PN_PIQ,E393,7,3,0.49
P2799,PN_PIQ,E394,7,3,1.57
P2800,PN_PIQ,E394,7,3,0.26
P2801,MA_ROTA,E395,3,2,1.03
P2803,MA_ROTA,E395,3,2,3.78
P2804,MA_ROTA,E395,3,2,1.82
P2805,MA_ROTA,E395,3,2,0.79
P2806,BC_GTMG,E396,2,2,0.35
P2807,BC_GTMG,E396,2,2,0.14
P2808,BC_GTMG,E396,2,2,0.18
P2809,BC_GTMG,E396,2,2,0.28
P2810,BC_GTMG,E396,2,2,0.41
P2811,BC_GTMG,E396,2,2,0.37
P2812,BC_GTMG,E396,2,2,0.14
P2813,BC_GTMG,E396,2,2,0.7
P2814,BC_GTMG,E396,2,2,0.41
P2815,BC_GTMG,E396,2,2,0.39
P2816,PN_PIQ,E397,2,2,1.28
P2817,PN_PIQ,E397,2,2,2.32
P2818,PN_PIQ,E397,2,2,0.44
P2819,PN_PIQ,E397,2,2,0.52
P2820,PN_PIQ,E397,2,2,0.14
P2821,PN_PIQ,E398,7,3,0.61
P2822,PN_PIQ,E398,7,3,0.66
P2823,PN_PIQ,E398,7,3,1.09
P2824,PN_PIQ,E398,7,3,0.57
P2825,PN_PIQ,E398,7,3,0.81
P2826,PN_PIQ,E398,7,3,1.74
P2827,PN_PIQ,E399,7,3,1.06
P2828,PN_PIQ,E399,7,3,0.38
P2829,PN_PIQ,E399,7,3,0.51
P2830,PN_PIQ,E399,7,3,0.68
P2831,PN_PIQ,E400,7,3,0.41
P2832,PN_PIQ,E400,7,3,0.7
P2833,PN_PIQ,E400,7,3,1.53
P2834,IG_PLA,E400,7,3,0.18
P2835,IG_PLA,E400,7,3,0.79
P2836,IG_PLA,E400,7,3,4.71
P2837,PN_PIQ,E400,7,3,0.52
P2838,IG_PLA,E400,7,3,0.12
P2839,PN_PIQ,E400,7,3,1.55
P2840,IG_PLA,E400,7,3,1.07
P2841,PN_PIQ,E401,2,2,2.0
P2842,PN_PIQ,E401,3,2,1.46
P2843,PN_PIQ,E401,3,2,1.73
P2844,PN_PIQ,E401,3,2,1.49
P2845,PN_PIQ,E402,2,2,0.47
P2846,PN_PIQ,E402,2,2,0.39
P2847,PN_PIQ,E402,2,2,0.51
P2848,PN_PIQ,E402,2,2,0.55
P2849,PN_PIQ,E402,2,2,0.35
P2850,MA_ROTA,E403,1,2,1.88
P2851,MA_ROTA,E403,3,2,0.41
P2852,MA_ROTA,E403,1,2,1.66
P2853,MA_ROTA,E403,1,2,1.25
P2854,MA_ROTA,E403,1,2,3.0
P2855,MA_ROTA,E403,1,2,0.8
P2856,PN_PIQ,E404,7,3,0.32
P2857,PN_PIQ,E404,7,3,0.2
P2858,PN_PIQ,E404,7,3,0.09
P2859,PN_PIQ,E404,7,3,0.16
P2860,PN_PIQ,E404,7,3,0.45
P2861,PN_PIQ,E404,7,3,1.21
P2862,BC_GTMG,E404,7,3,0.21
P2863,PN_PIQ,E405,2,2,0.55
P2864,PN_PIQ,E405,2,2,0.29
P2865,PN_PIQ,E405,2,2,0.67
P2866,IG_PLA,E406,1,2,1.4
P2867,BC_GTMG,E406,1,2,2.04
P2868,IG_PLA,E406,2,2,0.87
P2869,CS_BT_NIM,E407,4,1,2.91
P2870,IG_TUT,E407,4,1,3.15
P2871,IG_TUT,E407,4,1,0.57
P2872,IG_TUT,E407,4,1,0.03
P2873,IG_TUT,E407,4,1,1.01
P2874,PN_PIQ,E408,3,2,0.5
P2875,PN_PIQ,E408,3,2,2.86
P2876,PN_PIQ,E408,3,2,0.42
P2877,PN_PIQ,E408,3,2,0.44
P2878,PN_PIQ,E408,3,2,1.14
P2879,PN_PIQ,E408,3,2,0.8
P2880,PN_PIQ,E408,3,2,1.85
P2881,PN_PIQ,E408,3,2,0.59
P2882,PN_PIQ,E408,3,2,0.51
P2884,PN_PIQ,E408,3,2,1.66
P2885,PN_PIQ,E408,3,2,0.39
P2886,PN_PIQ,E408,3,2,1.1
P2888,PN_PIQ,E409,2,2,0.87
P2889,PN_PIQ,E409,2,2,0.1
P2890,PN_PIQ,E409,2,2,0.32
P2891,PN_PIQ,E409,2,2,0.2
P2892,PN_PIQ,E409,2,2,1.72
P2893,MA_ROTA,E410,1,2,0.65
P2894,MA_ROTA,E410,1,2,0.74
P2895,MA_ROTA,E410,1,2,0.54
P2896,MA_ROTA,E410,1,2,0.34
P2897,MA_ROTA,E410,1,2,2.07
P2899,PN_PIQ,E411,5,1,4.69
P2901,PN_PIQ,E411,5,1,0.95
P2904,PN_PIQ,E411,5,1,1.79
P2905,PN_PIQ,E411,6,1,6.53
P2906,PN_PIQ,E412,7,3,6.34
P2907,MA_TO_CO_JA,E413,6,1,2.36
P2910,MA_TO_CO_JA,E413,6,1,1.14
P2911,MA_TO_CO_JA,E413,6,1,0.42
P2912,MA_TO_CO_JA,E413,6,1,0.03
P2913,MA_TO_CO_JA,E413,6,1,1.77
P2914,MA_TO_CO_JA,E413,6,1,0.44
P2915,MA_TO_CO_JA,E413,6,1,1.49
P2916,MA_TO_CO_JA,E413,6,1,1.39
P2917,MA_TO_CO_JA,E413,6,1,0.5
P2918,BC_BT,E414,5,1,0.51
P2919,BC_BT,E414,5,1,0.34
P2920,BC_BT,E414,5,1,0.17
P2921,BC_BT,E414,5,1,0.31
P2922,BC_BT,E414,5,1,0.41
P2923,BC_BT,E414,5,1,0.66
P2924,BC_BT,E414,5,1,0.55
P2925,BC_BT,E414,5,1,0.42
P2926,BC_BT,E414,5,1,1.68
P2927,MA_TO_CO_JA,E415,3,2,0.24
P2928,MA_ROTA,E415,3,2,0.35
P2929,MA_ROTA,E415,3,2,0.12
P2930,MA_ROTA,E415,3,2,1.91
P2931,MA_ROTA,E415,3,2,1.64
P2932,MA_ROTA,E415,3,2,0.43
P2933,MA_ROTA,E415,3,2,2.5
P2934,MA_ROTA,E415,3,2,1.7
P2935,MA_ROTA,E415,3,2,0.17
P2936,MA_ROTA,E415,3,2,1.6
P2937,MA_ROTA,E415,3,2,0.74
P2939,MA_TO_CO_JA,E415,3,2,1.42
P2940,MA_ROTA,E415,3,2,0.91
P2941,MA_ROTA,E415,3,2,0.71
P2942,MA_ROTA,E415,3,2,1.92
P2943,AN_PA,E416,4,1,6.15
P2944,CS_BT_NIM,E416,4,1,1.84
P2945,CS_BT_NIM,E416,4,1,1.38
P2946,AN_PA,E416,4,1,2.5
P2947,MA_ROTA,E417,2,2,0.54
P2948,MA_ROTA,E417,2,2,0.08
P2949,MA_ROTA,E417,2,2,0.27
P2950,MA_ROTA,E417,2,2,0.73
P2953,MA_ROTA,E417,2,2,0.18
P2954,MA_ROTA,E417,2,2,1.01
P2956,PN_PIQ,E418,2,2,3.45
P2957,BC_GTMG,E419,2,2,0.18
P2958,BC_GTMG,E419,2,2,0.07
P2959,BC_GTMG,E419,2,2,0.67
P2960,BC_GTMG,E419,2,2,0.34
P2961,BC_GTMG,E419,2,2,0.08
P2962,BC_GTMG,E419,2,2,0.4
P2963,PN_PIQ,E420,2,2,1.05
P2964,PN_PIQ,E420,2,2,1.72
P2965,PN_PIQ,E420,2,2,1.2
P2966,IG_PLA,E421,3,2,1.16
P2967,BC_GTMG,E421,3,2,1.56
P2968,IG_PLA,E421,3,2,2.36
P2969,BC_GTMG,E421,3,2,2.44
P2971,PN_PIQ,E422,2,2,0.77
P2972,BC_GTMG,E423,2,2,0.88
P2973,IG_PLA,E423,2,2,0.23
P2974,BC_GTMG,E423,2,2,0.48
P2975,IG_PLA,E423,2,2,0.99
P2976,BC_GTMG,E423,2,2,0.16
P2977,IG_PLA,E423,2,2,0.48
P2978,MA_TO_CO_JA,E424,3,2,1.07
P2980,MA_TO_CO_JA,E424,3,2,0.63
P2981,MA_TO_CO_JA,E424,3,2,0.3
P2982,MA_TO_CO_JA,E424,3,2,0.98
P2983,IG_PLA,E425,3,2,2.13
P2984,IG_PLA,E425,3,2,0.2
P2985,BC_GTMG,E425,3,2,1.01
P2986,BC_GTMG,E425,3,2,1.16
P2987,IG_PLA,E425,3,2,0.14
P2988,IG_PLA,E425,3,2,2.64
P2989,BC_GTMG,E425,3,2,0.16
P2990,BC_GTMG,E425,3,2,1.41
P2991,IG_PLA,E425,3,2,0.07
P2992,IG_PLA,E425,3,2,0.62
P2993,IG_PLA,E425,3,2,0.15
P2994,IG_PLA,E425,3,2,0.92
P2995,BC_GTMG,E426,2,2,0.26
P2996,BC_GTMG,E426,2,2,0.27
P2997,BC_GTMG,E426,2,2,0.16
P2998,BC_GTMG,E426,2,2,1.49
P2999,BC_GTMG,E426,2,2,0.78
P3000,BC_GTMG,E426,2,2,0.2
P3001,PN_PIQ,E427,3,2,0.95
P3002,PN_PIQ,E428,2,2,12.27
P3003,PN_PIQ,E428,2,2,4.49
P3004,PN_PIQ,E428,2,2,5.74
P3005,PN_PIQ,E428,2,2,11.55
P3006,PN_PIQ,E428,2,2,4.97
P3007,PN_PIQ,E428,2,2,4.37
P3008,PN_PIQ,E428,2,2,4.89
P3009,PN_PIQ,E429,2,2,0.46
P3010,PN_PIQ,E429,2,2,1.61
P3011,PN_PIQ,E430,7,3,0.44
P3012,PN_PIQ,E430,7,3,0.25
P3013,PN_PIQ,E430,7,3,0.12
P3014,PN_PIQ,E430,7,3,0.37
P3015,PN_PIQ,E430,7,3,0.77
P3016,PN_PIQ,E430,7,3,0.2
P3017,PN_PIQ,E430,7,3,1.21
P3018,PN_PIQ,E430,7,3,0.68
P3019,PN_PIQ,E430,7,3,0.08
P3020,PN_PIQ,E430,7,3,0.86
P3021,PN_PIQ,E430,7,3,0.49
P3022,PN_PIQ,E431,7,3,0.49
P3023,IG_PLA,E431,7,3,0.4
P3024,IG_PLA,E431,7,3,0.37
P3025,PN_PIQ,E431,7,3,0.34
P3026,IG_PLA,E431,7,3,0.21
P3027,IG_PLA,E431,7,3,0.19
P3028,PN_PIQ,E432,1,2,0.28
P3029,PN_PIQ,E432,3,2,0.46
P3030,PN_PIQ,E432,3,2,0.27
P3031,PN_PIQ,E432,3,2,2.07
P3032,PN_PIQ,E432,3,2,0.42
P3033,PN_PIQ,E432,3,2,0.15
P3034,PN_PIQ,E432,3,2,0.28
P3035,PN_PIQ,E432,1,2,0.14
P3036,MA_ROTA,E433,2,2,0.26
P3037,MA_ROTA,E433,2,2,1.01
P3038,MA_ROTA,E433,2,2,1.53
P3039,PN_PIQ,E434,1,2,0.9
P3040,PN_PIQ,E434,1,2,1.32
P3041,PN_PIQ,E434,1,2,0.27
P3042,PN_PIQ,E434,1,2,0.07
P3043,PN_PIQ,E435,4,1,1.34
P3044,PN_PIQ,E435,4,1,1.68
P3045,PN_PIQ,E435,4,1,1.63
P3046,PN_PIQ,E435,4,1,0.98
P3047,PN_PIQ,E435,4,1,2.12
P3048,BC_BT,E435,4,1,3.26
P3049,BC_BT,E436,5,1,0.42
P3050,BC_BT,E436,5,1,0.23
P3051,BC_BT,E436,5,1,0.16
P3052,BC_BT,E436,5,1,0.93
P3053,PN_PIQ,E437,2,2,1.3
P3056,PN_PIQ,E437,2,2,5.49
P3057,PN_PIQ,E438,2,2,0.52
P3058,PN_PIQ,E438,2,2,0.11
P3060,PN_PIQ,E438,2,2,0.28
P3061,PN_PIQ,E438,2,2,0.23
P3062,PN_PIQ,E438,2,2,0.26
P3063,MA_TO_CO_JA,E439,4,1,0.37
P3064,MA_ROTA,E439,2,2,0.24
P3065,MA_ROTA,E439,5,1,0.55
P3066,PN_PIQ,E440,7,3,0.62
P3067,PN_PIQ,E440,7,3,3.29
P3068,PN_PIQ,E440,7,3,0.37
P3069,PN_PIQ,E440,7,3,0.05
P3070,PN_PIQ,E440,7,3,0.47
P3071,PN_PIQ,E440,7,3,0.26
P3072,PN_PIQ,E440,7,3,0.6
P3073,PN_PIQ,E440,7,3,0.09
P3074,PN_PIQ,E440,7,3,0.69
P3075,PN_PIQ,E440,7,3,0.3
P3076,PN_PIQ,E440,7,3,0.36
P3077,PN_PIQ,E440,7,3,0.11
P3078,PN_PIQ,E440,7,3,1.04
P3079,PN_PIQ,E441,7,3,0.28
P3080,PN_PIQ,E441,7,3,0.41
P3081,PN_PIQ,E441,7,3,0.14
P3082,PN_PIQ,E441,7,3,0.96
P3083,PN_PIQ,E441,7,3,1.46
P3084,MA_TO_CO_JA,E442,7,3,0.69
P3085,MA_TO_CO_JA,E442,7,3,0.62
P3086,MA_TO_CO_JA,E442,7,3,0.6
P3087,MA_TO_CO_JA,E442,7,3,0.72
P3089,MA_ROTA,E443,3,2,0.94
P3090,BA_IRR,E443,3,2,1.18
P3093,MA_ROTA,E443,3,2,0.14
P3094,MA_ROTA,E443,3,2,0.55
P3095,BA_INT,E443,3,2,0.43
P3096,BA_IRR,E443,3,2,0.66
P3097,BA_IRR,E443,3,2,0.59
P3098,JA,E443,3,2,1.64
P3099,BA_INT,E443,3,2,1.44
P3101,MA_ROTA,E443,3,2,0.78
P3102,MA_ROTA,E443,3,2,1.84
P3103,BA_IRR,E443,3,2,0.6
P3104,MA_ROTA,E443,3,2,0.62
P3105,MA_ROTA,E443,3,2,1.47
P3106,BA_INT,E443,3,2,1.09
P3107,MA_ROTA,E443,3,2,0.51
P3108,BA_IRR,E443,3,2,0.85
P3109,MA_ROTA,E443,3,2,0.31
P3110,MA_ROTA,E444,3,2,0.79
P3111,MA_ROTA,E444,3,2,2.37
P3112,MA_ROTA,E444,3,2,0.81
P3113,MA_ROTA,E444,3,2,0.34
P3114,MA_ROTA,E444,3,2,0.43
P3115,MA_ROTA,E444,3,2,0.52
P3116,MA_ROTA,E444,3,2,0.51
P3117,MA_ROTA,E444,3,2,3.18
P3118,MA_ROTA,E444,3,2,0.6
P3119,MA_ROTA,E444,3,2,0.17
P3121,MA_ROTA,E444,3,2,0.06
P3124,MA_ROTA,E444,3,2,2.41
P3125,MA_ROTA,E444,3,2,0.87
P3126,MA_ROTA,E444,3,2,1.69
P3127,PN_PIQ,E445,2,2,0.28
P3128,PN_PIQ,E445,2,2,0.54
P3129,PN_PIQ,E445,2,2,1.93
P3130,PN_PIQ,E445,2,2,1.86
P3131,PN_PIQ,E445,2,2,0.37
P3132,PN_PIQ,E445,2,2,0.36
P3133,PN_PIQ,E445,2,2,0.04
P3134,PN_PIQ,E445,2,2,0.46
P3135,IG_PLA,E446,2,2,0.13
P3136,BC_GTMG,E446,2,2,1.82
P3137,IG_PLA,E446,2,2,0.14
P3138,MA_ROTA,E447,5,1,0.05
P3139,BC_GTMG,E448,3,2,0.96
P3140,PN_PIQ,E448,3,2,0.53
P3141,BC_GTMG,E448,3,2,1.81
P3142,PN_PIQ,E448,3,2,0.98
P3143,PN_PIQ,E449,2,2,1.59
P3144,PN_PIQ,E449,2,2,1.19
P3145,PN_PIQ,E449,2,2,1.0
P3146,PN_PIQ,E449,2,2,1.62
P3147,PN_PIQ,E449,2,2,0.3
P3148,PN_PIQ,E450,2,2,0.82
P3149,PN_PIQ,E450,2,2,1.09
P3150,PN_PIQ,E450,2,2,0.44
P3151,IG_PLA,E451,3,2,0.72
P3152,IG_PLA,E451,3,2,0.48
P3153,BC_GTMG,E451,3,2,1.4
P3154,BC_GTMG,E451,3,2,1.27
P3155,BC_GTMG,E451,3,2,0.08
P3156,IG_PLA,E451,3,2,1.66
P3157,BC_GTMG,E451,3,2,1.51
P3158,IG_PLA,E451,3,2,1.25
P3159,IG_PLA,E451,3,2,0.46
P3160,IG_PLA,E451,3,2,0.47
P3161,BC_BT,E452,5,1,0.27
P3163,BA_INT,E452,5,1,0.25
P3164,JA,E452,5,1,0.2
P3165,BC_BT,E452,5,1,1.29
P3166,PN_PIQ,E453,6,1,9.06
P3167,PN_PIQ,E453,6,1,0.59
P3170,PN_PIQ,E454,2,2,0.58
P3171,PN_PIQ,E454,2,2,1.5
P3173,MA_ROTA,E455,2,2,1.28
P3174,MA_ROTA,E456,3,2,0.82
P3175,MA_ROTA,E456,3,2,0.55
P3176,MA_ROTA,E456,3,2,0.4
P3177,MA_ROTA,E456,3,2,0.23
P3178,MA_ROTA,E456,3,2,0.27
P3179,MA_ROTA,E456,3,2,0.14
P3180,PN_PIQ,E457,1,2,0.69
P3181,PN_PIQ,E457,1,2,1.67
P3182,PN_PIQ,E457,1,2,0.39
P3183,PN_PIQ,E458,1,2,0.66
P3184,PN_PIQ,E458,1,2,1.26
P3185,PN_PIQ,E458,1,2,0.05
P3186,PN_PIQ,E459,1,2,0.28
P3187,PN_PIQ,E460,2,2,1.31
P3188,PN_PIQ,E460,2,2,4.53
P3189,PN_PIQ,E460,2,2,0.54
P3190,PN_PIQ,E460,2,2,1.09
P3191,PN_PIQ,E460,2,2,0.37
P3192,PN_PIQ,E460,2,2,0.3
P3193,PN_PIQ,E460,2,2,3.64
P3194,PN_PIQ,E460,2,2,0.3
P3195,MA_ROTA,E461,2,2,1.0
P3196,MA_ROTA,E461,2,2,0.58
P3197,MA_ROTA,E461,2,2,0.47
P3198,IG_PLA,E462,7,3,0.44
P3199,IG_PLA,E462,7,3,0.28
P3200,IG_PLA,E462,7,3,0.6
P3201,IG_PLA,E462,7,3,0.46
P3202,PN_PIQ,E462,7,3,0.58
P3203,PN_PIQ,E462,7,3,0.58
P3204,IG_PLA,E462,7,3,0.43
P3205,PN_PIQ,E463,7,3,3.34
P3206,PN_PIQ,E463,7,3,0.24
P3207,PN_PIQ,E463,7,3,0.48
P3208,PN_PIQ,E463,7,3,0.28
P3209,PN_PIQ,E464,2,2,2.84
P3210,IG_PLA,E465,7,3,1.73
P3211,PN_PIQ,E465,7,3,0.38
P3212,PN_PIQ,E465,7,3,0.29
P3213,PN_PIQ,E465,7,3,0.28
P3214,MA_ROTA,E466,1,2,8.8
P3216,MA_ROTA,E467,4,1,1.22
P3217,MA_TO_CO_JA,E467,7,3,1.3
P3218,MA_TO_CO_JA,E467,7,3,0.88
P3219,PN_PIQ,E468,7,3,0.59
P3220,IG_PLA,E468,7,3,1.12
P3221,PN_PIQ,E468,7,3,1.28
P3222,PN_PIQ,E468,7,3,0.52
P3223,IG_PLA,E468,7,3,1.55
P3224,IG_PLA,E468,7,3,0.55
P3225,IG_PLA,E468,7,3,1.35
P3226,IG_PLA,E469,7,3,0.61
P3227,PN_PIQ,E469,7,3,0.41
P3228,PN_PIQ,E469,7,3,0.31
P3229,BC_GTMG,E469,7,3,0.21
P3230,IG_PLA,E469,7,3,0.66
P3231,MA_TO_CO_JA,E470,7,3,0.72
P3232,MA_TO_CO_JA,E471,3,2,1.28
P3233,MA_TO_CO_JA,E471,3,2,0.63
P3234,MA_TO_CO_JA,E471,3,2,0.93
P3236,MA_ROTA,E471,3,2,1.44
P3237,MA_ROTA,E471,3,2,0.35
P3238,MA_TO_CO_JA,E471,3,2,0.29
P3239,MA_TO_CO_JA,E471,3,2,0.52
P3247,MA_TO_CO_JA,E473,7,3,0.69
P3248,MA_TO_CO_JA,E473,7,3,1.6
P3249,MA_TO_CO_JA,E473,7,3,0.74
P3250,MA_TO_CO_JA,E474,7,3,1.19
P3251,MA_TO_CO_JA,E474,7,3,0.31
P3252,MA_TO_CO_JA,E474,7,3,0.91
P3253,MA_TO_CO_JA,E474,7,3,0.2
P3254,BC_BT,E475,4,1,0.04
P3255,BC_BT,E475,4,1,0.43
P3256,BC_BT,E475,4,1,0.3
P3257,BC_BT,E475,4,1,5.87
P3258,BC_BT,E475,4,1,0.53
P3259,BC_BT,E475,4,1,0.55
P3260,BC_BT,E475,4,1,0.02
P3261,BC_BT,E475,4,1,0.11
P3262,BC_BT,E475,4,1,0.29
P3263,BC_BT,E475,4,1,0.33
P3264,BC_BT,E475,4,1,0.03
P3265,BC_BT,E475,4,1,0.09
P3266,BC_BT,E475,4,1,0.56
P3267,BC_BT,E475,4,1,0.59
P3268,BC_BT,E475,4,1,0.54
P3269,BC_BT,E475,4,1,0.56
P3270,BC_BT,E475,4,1,0.4
P3271,BC_BT,E475,4,1,1.88
P3272,BC_BT,E475,4,1,1.06
P3273,BC_BT,E475,4,1,2.38
P3277,BC_BT,E475,4,1,0.54
P3278,BC_BT,E475,4,1,0.48
P3280,BC_BT,E475,4,1,11.09
P3281,PN_PIQ,E476,4,1,1.95
P3282,PN_PIQ,E477,2,2,0.16
P3283,PN_PIQ,E477,2,2,3.42
P3284,PN_PIQ,E478,4,1,0.28
P3285,PN_PIQ,E478,4,1,3.23
P3286,PN_PIQ,E479,1,2,4.11
P3287,PN_PIQ,E479,2,2,1.49
P3288,PN_PIQ,E480,2,2,1.36
P3289,PN_PIQ,E480,2,2,0.38
P3290,PN_PIQ,E480,2,2,2.46
P3291,MA_TO_CO_JA,E481,3,2,1.54
P3292,PN_PIQ,E482,2,2,1.23
P3293,PN_PIQ,E482,2,2,1.07
P3294,PN_PIQ,E482,2,2,2.38
P3295,PN_PIQ,E482,2,2,2.3
P3296,PN_PIQ,E483,6,1,2.26
P3297,PN_PIQ,E483,6,1,1.56
P3298,PN_PIQ,E483,6,1,0.74
P3299,PN_PIQ,E483,6,1,2.61
P3300,PN_PIQ,E483,6,1,5.64
P3301,PN_PIQ,E483,6,1,1.64
P3302,PN_PIQ,E483,6,1,1.72
P3303,PN_PIQ,E483,6,1,1.32
P3304,PN_PIQ,E483,6,1,0.46
P3305,PN_PIQ,E483,6,1,1.21
P3306,PN_PIQ,E483,6,1,0.84
P3307,PN_PIQ,E483,6,1,1.5
P3308,PN_PIQ,E483,6,1,1.27
P3309,PN_PIQ,E483,6,1,3.33
P3311,MA_TO_CO_JA,E484,6,1,1.21
P3312,MA_TO_CO_JA,E484,6,1,0.56
P3315,MA_TO_CO_JA,E484,6,1,0.8
P3316,MA_ROTA,E485,5,1,0.31
P3319,MA_TO_CO_JA,E485,5,1,0.42
P3320,MA_TO_CO_JA,E485,5,1,0.22
P3321,MA_TO_CO_JA,E485,5,1,0.23
P3323,JA,E485,5,1,0.12
P3325,MA_TO_CO_JA,E485,5,1,0.07
P3327,BA_INT,E485,5,1,0.14
P3328,JA,E485,5,1,0.27
P3330,BA_INT,E485,5,1,0.27
P3331,BA_INT,E485,5,1,0.4
P3332,BA_SINT,E486,5,1,1.0
P3334,BA_SINT,E486,5,1,0.52
P3335,JA,E486,5,1,0.27
P3338,JA,E486,5,1,0.87
P3339,BA_SINT,E486,5,1,1.47
P3340,BA_SINT,E486,5,1,0.89
P3341,BA_SINT,E486,5,1,1.0
P3344,BA_SINT,E486,5,1,0.7
P3346,PN_PIQ,E487,2,2,1.42
P3347,MA_TO_CO_JA,E488,6,1,1.23
P3348,MA_TO_CO_JA,E488,6,1,0.78
P3349,MA_TO_CO_JA,E488,6,1,0.81
P3350,MA_TO_CO_JA,E488,6,1,2.27
P3351,MA_TO_CO_JA,E488,6,1,0.46
P3352,MA_TO_CO_JA,E488,6,1,0.34
P3353,MA_TO_CO_JA,E488,6,1,0.91
P3354,MA_TO_CO_JA,E489,6,1,0.21
P3355,MA_TO_CO_JA,E489,6,1,0.21
P3356,MA_TO_CO_JA,E489,6,1,0.77
P3357,BA_SINT,E490,5,1,0.1
P3358,BA_SINT,E490,5,1,0.28
P3360,BA_SINT,E490,5,1,0.52
P3361,BA_INT,E490,5,1,0.01
P3362,BA_INT,E490,5,1,0.67
P3363,BA_SINT,E490,5,1,1.21
P3364,JA,E490,5,1,0.65
P3366,BA_INT,E490,5,1,0.23
P3367,JA,E490,5,1,1.02
P3368,BA_SINT,E490,5,1,0.64
P3369,BA_INT,E490,5,1,1.59
P3371,MA_ROTA,E490,6,1,1.66
P3372,BA_SINT,E490,6,1,1.81
P3373,MA_ROTA,E490,5,1,3.99
P3374,MA_ROTA,E490,5,1,1.4
P3375,BA_INT,E490,5,1,0.1
P3376,MA_ROTA,E490,5,1,3.63
P3377,JA,E490,5,1,0.12
P3378,BA_SINT,E490,5,1,0.12
P3379,BA_INT,E490,5,1,0.11
P3380,JA,E490,5,1,0.1
P3381,BA_SINT,E490,5,1,0.02
P3382,BA_SINT,E490,5,1,0.17
P3383,PN_PIQ,E491,2,2,1.27
P3384,MA_TO_CO_JA,E492,3,2,0.26
P3385,MA_TO_CO_JA,E492,3,2,0.24
P3386,MA_TO_CO_JA,E492,3,2,0.31
P3392,JA,E494,5,1,0.22
P3393,BA_INT,E494,5,1,0.24
P3394,BA_INT,E494,5,1,0.22
P3395,PN_PIQ,E495,2,2,1.46
P3396,PN_PIQ,E495,2,2,1.01
P3397,PN_PIQ,E496,2,2,0.16
P3398,PN_PIQ,E496,2,2,0.06
P3399,PN_PIQ,E496,2,2,1.52
P3400,PN_PIQ,E496,2,2,0.66
P3401,PN_PIQ,E496,2,2,0.55
P3402,PN_PIQ,E496,2,2,0.32
P3403,PN_PIQ,E496,2,2,0.93
P3404,PN_PIQ,E496,2,2,0.22
P3405,PN_PIQ,E496,2,2,0.12
P3406,PN_PIQ,E496,2,2,0.24
P3407,PN_PIQ,E496,2,2,0.65
P3408,BC_GTMG,E497,2,2,0.5
P3409,BC_GTMG,E497,2,2,0.15
P3410,BC_GTMG,E497,2,2,1.34
P3411,BC_GTMG,E497,2,2,1.46
P3412,BC_GTMG,E497,2,2,0.83
P3413,PN_PIQ,E497,2,2,0.54
P3414,BC_GTMG,E497,2,2,2.76
P3415,BC_GTMG,E497,2,2,0.42
P3416,PN_PIQ,E497,2,2,0.36
P3417,PN_PIQ,E497,2,2,0.15
P3419,BC_GTMG,E498,1,2,0.16
P3420,BC_GTMG,E498,1,2,0.49
P3421,BC_GTMG,E498,1,2,0.17
P3422,BC_GTMG,E498,1,2,0.09
P3423,BC_GTMG,E498,1,2,0.84
P3425,BC_GTMG,E498,1,2,1.03
P3426,BC_GTMG,E498,1,2,0.39
P3427,BC_GTMG,E498,1,2,0.83
P3428,BC_GTMG,E498,1,2,0.48
P3429,BC_GTMG,E498,1,2,1.69
P3430,BC_GTMG,E498,1,2,0.5
P3431,BC_GTMG,E498,1,2,0.34
P3432,BC_GTMG,E498,1,2,0.41
P3433,BC_GTMG,E498,1,2,0.61
P3434,PN_PIQ,E499,2,2,1.45
P3435,PN_PIQ,E499,2,2,0.13
P3436,PN_PIQ,E500,3,2,1.46
P3437,PN_PIQ,E501,2,2,2.98
P3438,IG_PLA,E502,2,2,0.93
P3439,IG_PLA,E502,2,2,1.8
P3440,IG_PLA,E502,2,2,0.31
P3441,BC_GTMG,E502,2,2,0.38
P3443,BC_GTMG,E502,2,2,0.65
P3445,IG_PLA,E502,2,2,0.08
P3447,BC_GTMG,E502,2,2,0.35
P3450,BA_INT,E503,5,1,1.09
P3451,BA_INT,E503,5,1,1.59
P3454,MA_ROTA,E503,5,1,0.37
P3455,JA,E503,5,1,0.48
P3456,BA_INT,E503,5,1,0.39
P3457,BA_INT,E503,5,1,0.37
P3458,JA,E503,5,1,0.97
P3461,BA_INT,E503,5,1,0.35
P3462,BA_INT,E503,5,1,0.34
P3463,BA_INT,E503,5,1,0.35
P3464,BA_SINT,E503,5,1,0.93
P3468,BA_INT,E503,5,1,0.52
P3470,BA_INT,E503,5,1,0.44
P3474,JA,E504,5,1,0.39
P3478,BA_INT,E504,5,1,1.47
P3479,BA_SINT,E504,5,1,0.85
P3480,MA_TO_CO_JA,E504,5,1,0.85
P3481,MA_TO_CO_JA,E504,5,1,0.51
P3482,IG_PLA,E505,3,2,1.34
P3483,IG_PLA,E505,3,2,2.18
P3484,BC_GTMG,E505,3,2,0.54
P3485,BC_GTMG,E505,3,2,0.37
P3486,BC_GTMG,E505,3,2,0.04
P3487,BC_GTMG,E505,3,2,0.34
P3488,BC_GTMG,E505,3,2,0.4
P3489,IG_PLA,E505,3,2,0.3
P3490,BC_GTMG,E505,3,2,0.28
P3491,BC_GTMG,E505,3,2,3.33
P3492,IG_PLA,E505,3,2,2.86
P3493,BC_GTMG,E505,3,2,0.8
P3495,PN_PIQ,E506,4,1,2.69
P3496,PN_PIQ,E506,4,1,0.66
P3497,BC_GTMG,E507,2,2,0.1
P3498,BC_GTMG,E507,2,2,0.22
P3499,BC_GTMG,E507,2,2,0.86
P3500,BC_GTMG,E507,2,2,0.26
P3501,BC_GTMG,E507,2,2,0.21
P3502,PN_PIQ,E508,1,2,1.24
P3503,PN_PIQ,E508,1,2,0.78
P3504,PN_PIQ,E508,1,2,4.56
P3505,PN_PIQ,E508,1,2,4.23
P3506,PN_PIQ,E508,1,2,0.72
P3507,PN_PIQ,E509,1,2,2.33
P3508,PN_PIQ,E509,1,2,1.12
P3509,PN_PIQ,E510,4,1,0.41
P3510,PN_PIQ,E510,4,1,2.3
P3511,PN_PIQ,E510,4,1,1.99
P3512,PN_PIQ,E510,4,1,0.66
P3513,PN_PIQ,E510,4,1,0.25
P3514,PN_PIQ,E510,4,1,0.51
P3515,PN_PIQ,E510,4,1,0.48
P3516,PN_PIQ,E510,4,1,2.16
P3517,PN_PIQ,E510,4,1,1.98
P3518,PN_PIQ,E510,4,1,0.5
P3519,PN_PIQ,E510,4,1,1.15
P3520,PN_PIQ,E510,4,1,1.05
P3522,BA_PER,E511,6,1,0.38
P3525,MA_TO_CO_JA,E511,6,1,0.31
P3526,MA_TO_CO_JA,E511,6,1,0.18
P3527,MA_TO_CO_JA,E511,6,1,0.37
P3528,MA_TO_CO_JA,E511,6,1,0.27
P3529,MA_TO_CO_JA,E511,6,1,0.06
P3532,MA_TO_CO_JA,E511,6,1,0.13
P3533,MA_TO_CO_JA,E511,6,1,0.12
P3534,BA_PER,E511,6,1,0.22
P3535,MA_ROTA,E511,6,1,0.24
P3536,MA_TO_CO_JA,E511,6,1,0.28
P3537,BC_GTMG,E512,3,2,1.19
P3538,BC_GTMG,E512,3,2,1.73
P3539,BC_GTMG,E512,3,2,1.01
P3540,BC_GTMG,E512,3,2,1.0
P3541,BC_GTMG,E512,3,2,4.48
P3542,PN_PIQ,E513,2,2,0.83
P3543,PN_PIQ,E514,2,2,1.42
P3544,PN_PIQ,E514,2,2,0.1
P3545,PN_PIQ,E514,2,2,0.12
P3546,PN_PIQ,E515,2,2,0.65
P3547,PN_PIQ,E515,2,2,0.36
P3548,PN_PIQ,E515,2,2,0.85
P3549,PN_PIQ,E515,2,2,0.21
P3550,MA_TO_CO_JA,E516,4,1,2.51
P3552,MA_TO_CO_JA,E516,4,1,1.55
P3554,MA_TO_CO_JA,E516,4,1,2.51
P3555,MA_TO_CO_JA,E516,4,1,1.92
P3556,MA_TO_CO_JA,E516,4,1,1.6
P3557,MA_TO_CO_JA,E516,4,1,1.91
P3559,MA_TO_CO_JA,E516,4,1,0.77
P3560,MA_TO_CO_JA,E516,4,1,0.67
P3561,MA_TO_CO_JA,E516,4,1,0.87
P3562,MA_TO_CO_JA,E516,4,1,0.51
P3563,MA_TO_CO_JA,E516,4,1,0.68
P3564,MA_TO_CO_JA,E516,4,1,0.66
P3565,MA_TO_CO_JA,E516,4,1,1.19
P3566,MA_TO_CO_JA,E516,4,1,0.85
P3568,MA_TO_CO_JA,E516,4,1,0.67
P3570,MA_TO_CO_JA,E516,4,1,1.61
P3571,MA_TO_CO_JA,E516,4,1,1.18
P3572,MA_TO_CO_JA,E516,4,1,1.01
P3574,MA_TO_CO_JA,E516,4,1,1.0
P3575,MA_TO_CO_JA,E516,4,1,0.41
P3577,MA_TO_CO_JA,E516,4,1,1.12
P3578,PN_PIQ,E517,7,3,1.04
P3579,PN_PIQ,E518,2,2,0.5
P3580,PN_PIQ,E518,2,2,1.11
P3581,PN_PIQ,E518,2,2,0.41
P3582,IG_PLA,E519,3,2,0.24
P3583,BC_GTMG,E519,3,2,0.63
P3584,BC_GTMG,E519,3,2,0.08
P3585,BC_GTMG,E519,3,2,0.45
P3586,IG_PLA,E519,3,2,1.12
P3587,IG_PLA,E519,3,2,0.47
P3588,IG_PLA,E519,3,2,0.28
P3589,IG_PLA,E519,3,2,1.59
P3590,BC_GTMG,E519,3,2,1.31
P3591,BC_GTMG,E519,3,2,0.75
P3592,BC_GTMG,E519,3,2,0.44
P3593,IG_PLA,E519,3,2,0.49
P3594,IG_PLA,E519,3,2,0.84
P3595,IG_PLA,E519,3,2,0.66
P3596,IG_PLA,E519,3,2,0.64
P3597,PN_PIQ,E520,3,2,1.63
P3598,PN_PIQ,E520,3,2,0.91
P3599,PN_PIQ,E520,3,2,0.18
P3600,PN_PIQ,E521,7,3,0.41
P3601,PN_PIQ,E521,7,3,0.29
P3602,PN_PIQ,E521,7,3,0.18
P3603,PN_PIQ,E521,7,3,0.45
P3604,PN_PIQ,E521,7,3,1.0
P3605,PN_PIQ,E521,7,3,0.32
P3606,PN_PIQ,E522,2,2,0.65
P3607,PN_PIQ,E522,2,2,1.88
P3608,PN_PIQ,E523,7,3,5.09
P3609,PN_PIQ,E523,7,3,0.36
P3610,PN_PIQ,E523,7,3,0.87
P3611,PN_PIQ,E523,7,3,0.08
P3612,PN_PIQ,E523,7,3,1.39
P3613,PN_PIQ,E523,7,3,1.44
P3614,MA_ROTA,E524,5,1,0.33
P3615,BA_INT,E524,5,1,0.38
P3617,BA_INT,E524,5,1,0.33
P3618,JA,E524,5,1,0.16
P3619,BA_SINT,E524,5,1,0.82
P3620,MA_ROTA,E524,5,1,0.8
P3621,BA_INT,E524,5,1,0.41
P3622,JA,E524,5,1,0.18
P3623,MA_ROTA,E524,5,1,0.6
P3624,MA_TO_CO_JA,E525,6,1,2.49
P3625,PN_PIQ,E526,2,2,0.84
P3626,PN_PIQ,E526,2,2,0.9
P3627,PN_PIQ,E527,2,2,1.08
P3628,MA_ROTA,E528,2,2,0.21
P3629,MA_ROTA,E528,2,2,0.2
P3630,MA_ROTA,E528,2,2,0.73
P3631,MA_ROTA,E528,2,2,1.23
P3632,MA_ROTA,E529,2,2,0.41
P3633,MA_ROTA,E529,2,2,0.51
P3634,MA_ROTA,E529,2,2,0.34
P3635,MA_ROTA,E529,2,2,0.65
P3636,MA_ROTA,E529,2,2,1.3
P3638,BA_PER,E530,5,1,0.25
P3639,MA_TO_CO_JA,E530,5,1,0.35
P3641,BA_PER,E530,5,1,0.95
P3642,MA_TO_CO_JA,E530,5,1,0.9
P3644,MA_TO_CO_JA,E530,5,1,0.48
P3645,BC_BT,E531,6,1,0.82
P3646,BC_BT,E531,6,1,0.47
P3647,BC_BT,E531,6,1,0.41
P3648,BC_BT,E531,6,1,1.61
P3649,BC_BT,E531,6,1,0.65
P3650,BC_BT,E531,6,1,0.5
P3651,BC_BT,E531,6,1,0.48
P3652,BC_BT,E531,6,1,0.5
P3653,BC_BT,E531,6,1,0.29
P3654,PN_PIQ,E532,4,1,0.83
P3655,PN_PIQ,E532,4,1,0.74
P3656,PN_PIQ,E532,4,1,0.19
P3657,PN_PIQ,E532,4,1,0.19
P3658,PN_PIQ,E532,4,1,0.35
P3659,PN_PIQ,E532,4,1,1.13
P3660,PN_PIQ,E532,4,1,2.29
P3661,PN_PIQ,E532,4,1,0.74
P3662,MA_ROTA,E533,2,2,1.61
P3663,MA_ROTA,E533,2,2,0.4
P3664,MA_ROTA,E534,2,2,3.13
P3665,MA_ROTA,E535,2,2,2.01
P3666,BC_GTMG,E536,3,2,0.99
P3667,BC_GTMG,E536,3,2,1.03
P3668,BC_GTMG,E536,3,2,1.05
P3669,BC_GTMG,E536,3,2,2.84
P3670,BC_GTMG,E536,3,2,1.22
P3671,PN_PIQ,E537,3,2,8.84
P3672,IG_PLA,E538,2,2,0.25
P3673,BC_GTMG,E538,2,2,0.7
P3674,IG_PLA,E538,2,2,1.17
P3675,IG_PLA,E538,2,2,1.9
P3676,IG_PLA,E538,2,2,1.52
P3679,IG_PLA,E538,2,2,0.23
P3680,BC_GTMG,E538,2,2,0.74
P3681,IG_PLA,E538,2,2,1.0
P3682,BC_GTMG,E539,2,2,0.19
P3683,BC_GTMG,E539,2,2,1.53
P3684,BC_GTMG,E539,2,2,0.63
P3685,BC_GTMG,E539,2,2,1.01
P3686,BC_GTMG,E539,2,2,0.71
P3687,BC_GTMG,E539,2,2,2.17
P3688,BC_GTMG,E539,2,2,0.57
P3689,BC_GTMG,E539,2,2,0.6
P3690,PN_PIQ,E540,7,3,0.54
P3691,IG_PLA,E540,7,3,0.28
P3692,IG_PLA,E540,7,3,0.31
P3693,PN_PIQ,E541,7,3,1.29
P3694,PN_PIQ,E541,7,3,0.05
P3695,PN_PIQ,E541,7,3,0.17
P3696,PN_PIQ,E541,7,3,0.45
P3697,PN_PIQ,E541,7,3,0.25
P3698,PN_PIQ,E541,7,3,0.24
P3699,PN_PIQ,E542,7,3,1.42
P3700,PN_PIQ,E542,7,3,2.31
P3701,PN_PIQ,E542,7,3,0.61
P3702,PN_PIQ,E543,2,2,0.61
P3703,PN_PIQ,E543,2,2,1.04
P3704,PN_PIQ,E543,2,2,3.34
P3706,PN_PIQ,E543,2,2,0.19
P3707,PN_PIQ,E543,2,2,0.19
P3708,PN_PIQ,E543,2,2,0.39
P3709,PN_PIQ,E543,2,2,0.22
P3710,PN_PIQ,E543,2,2,0.15
P3711,PN_PIQ,E543,2,2,0.27
P3712,PN_PIQ,E544,2,2,2.73
P3713,PN_PIQ,E544,2,2,2.61
P3714,PN_PIQ,E545,7,3,0.99
P3715,PN_PIQ,E545,7,3,0.74
P3716,PN_PIQ,E546,2,2,4.16
P3717,BC_GTMG,E547,2,2,0.6
P3718,BC_GTMG,E547,2,2,0.86
P3719,BC_GTMG,E547,2,2,1.55
P3720,BC_GTMG,E548,2,2,0.58
P3721,BC_GTMG,E548,2,2,0.22
P3722,BC_GTMG,E548,2,2,0.53
P3723,BC_GTMG,E548,2,2,1.18
P3724,BC_GTMG,E548,2,2,0.69
P3725,PN_PIQ,E549,1,2,1.3
P3726,PN_PIQ,E549,1,2,1.25
P3727,PN_PIQ,E549,1,2,0.11
P3728,PN_PIQ,E549,1,2,1.53
P3729,PN_PIQ,E549,3,2,1.26
P3730,PN_PIQ,E550,1,2,1.95
P3731,PN_PIQ,E550,1,2,3.13
P3732,PN_PIQ,E551,1,2,1.19
P3733,PN_PIQ,E551,3,2,2.44
P3734,MA_ROTA,E552,2,2,0.67
P3735,MA_ROTA,E552,2,2,1.26
P3736,MA_ROTA,E552,2,2,1.48
P3737,PN_PIQ,E553,2,2,2.73
P3738,PN_PIQ,E554,2,2,2.08
P3739,BC_GTMG,E555,3,2,0.94
P3740,BC_GTMG,E555,3,2,0.58
P3741,BC_GTMG,E555,3,2,0.28
P3742,BC_GTMG,E555,3,2,0.39
P3743,BC_GTMG,E555,3,2,1.05
P3744,BC_GTMG,E555,3,2,1.29
P3745,BC_GTMG,E555,3,2,0.39
P3746,PN_PIQ,E556,2,2,3.16
P3747,PN_PIQ,E556,2,2,0.25
P3748,PN_PIQ,E557,2,2,3.11
P3749,PN_PIQ,E557,2,2,2.51
P3750,PN_PIQ,E557,2,2,0.66
P3751,PN_PIQ,E557,2,2,1.07
P3752,MA_ROTA,E558,2,2,0.66
P3753,PN_PIQ,E559,2,2,0.26
P3754,PN_PIQ,E559,2,2,0.08
P3755,PN_PIQ,E559,2,2,0.6
P3756,PN_PIQ,E559,2,2,0.34
P3757,PN_PIQ,E560,2,2,1.55
P3758,PN_PIQ,E560,2,2,0.54
P3759,PN_PIQ,E560,2,2,0.3
P3760,PN_PIQ,E561,2,2,0.19
P3761,PN_PIQ,E561,2,2,1.41
P3762,PN_PIQ,E561,2,2,0.39
P3763,PN_PIQ,E562,2,2,0.93
P3764,PN_PIQ,E563,2,2,0.37
P3766,BA_INT,E564,5,1,0.53
P3768,BA_INT,E564,5,1,0.5
P3770,JA,E564,5,1,0.41
P3771,MA_TO_CO_JA,E564,5,1,0.49
P3773,MA_TO_CO_JA,E564,5,1,0.56
P3774,MA_TO_CO_JA,E564,5,1,0.45
P3776,IG_PLA,E565,1,2,0.72
P3777,IG_PLA,E565,1,2,1.43
P3778,BC_GTMG,E565,1,2,1.6
P3779,IG_PLA,E565,1,2,1.63
P3780,BC_GTMG,E565,1,2,1.64
P3781,MA_ROTA,E566,3,2,5.31
P3783,MA_ROTA,E566,3,2,3.49
P3784,MA_ROTA,E566,3,2,2.04
P3785,MA_ROTA,E566,3,2,2.09
P3786,MA_TO_CO_JA,E566,3,2,2.14
P3787,MA_ROTA,E566,3,2,2.45
P3788,MA_TO_CO_JA,E566,3,2,5.07
P3789,MA_ROTA,E566,3,2,2.97
P3790,MA_TO_CO_JA,E566,3,2,2.27
P3791,MA_TO_CO_JA,E566,3,2,5.26
P3792,MA_ROTA,E566,3,2,2.15
P3793,MA_TO_CO_JA,E566,3,2,2.44
P3794,MA_ROTA,E566,3,2,6.41
P3795,MA_TO_CO_JA,E566,3,2,5.58
P3796,MA_ROTA,E566,3,2,1.62
P3797,MA_ROTA,E566,3,2,0.72
P3798,MA_ROTA,E566,3,2,6.64
P3800,MA_ROTA,E566,3,2,4.39
P3801,MA_ROTA,E566,3,2,2.82
P3802,MA_ROTA,E566,3,2,0.43
P3803,MA_ROTA,E566,3,2,1.01
P3804,MA_ROTA,E566,3,2,1.6
P3805,MA_TO_CO_JA,E566,3,2,0.53
P3806,PN_PIQ,E567,4,1,1.58
P3807,PN_PIQ,E568,1,2,0.17
P3808,PN_PIQ,E568,3,2,0.75
P3809,PN_PIQ,E568,1,2,0.82
P3811,PN_PIQ,E569,4,1,1.54
P3812,MA_ROTA,E570,3,2,2.17
P3813,MA_ROTA,E570,3,2,3.5
P3814,MA_ROTA,E570,3,2,3.01
P3815,IG_PLA,E571,3,2,3.58
P3816,BC_GTMG,E571,3,2,4.07
P3817,IG_PLA,E571,3,2,1.06
P3818,IG_PLA,E571,3,2,1.55
P3819,IG_PLA,E571,3,2,1.43
P3820,IG_PLA,E571,3,2,2.09
P3821,IG_PLA,E571,3,2,0.61
P3822,BC_GTMG,E571,3,2,1.42
P3823,IG_PLA,E571,3,2,0.25
P3824,BC_GTMG,E571,3,2,3.62
P3825,IG_PLA,E571,3,2,4.01
P3826,IG_PLA,E571,3,2,0.43
P3827,IG_PLA,E571,3,2,0.31
P3828,PN_PIQ,E572,6,1,1.13
P3829,PN_PIQ,E572,6,1,1.61
P3830,PN_PIQ,E572,6,1,1.19
P3831,PN_PIQ,E572,6,1,1.14
P3833,PN_PIQ,E572,6,1,0.95
P3834,PN_PIQ,E573,7,3,0.77
P3835,PN_PIQ,E573,7,3,1.63
P3836,PN_PIQ,E573,7,3,0.21
P3837,PN_PIQ,E574,7,3,0.74
P3838,PN_PIQ,E574,7,3,0.55
P3839,PN_PIQ,E575,7,3,1.97
P3840,PN_PIQ,E575,7,3,3.33
P3841,PN_PIQ,E575,7,3,2.43
P3842,PN_PIQ,E575,7,3,5.48
P3843,PN_PIQ,E575,7,3,3.78
P3844,PN_PIQ,E575,7,3,1.44
P3845,PN_PIQ,E575,7,3,1.77
P3846,PN_PIQ,E576,7,3,0.44
P3847,PN_PIQ,E576,7,3,1.03
P3848,PN_PIQ,E576,7,3,0.83
P3849,PN_PIQ,E576,7,3,0.16
P3850,PN_PIQ,E576,7,3,0.46
P3851,PN_PIQ,E576,7,3,0.53
P3852,PN_PIQ,E577,7,3,1.61
P3853,BC_GTMG,E577,7,3,0.16
P3854,PN_PIQ,E577,7,3,1.73
P3855,MA_TO_CO_JA,E578,7,3,0.72
P3856,MA_TO_CO_JA,E578,7,3,1.12
P3857,MA_TO_CO_JA,E578,7,3,1.33
P3858,MA_TO_CO_JA,E578,7,3,0.88
P3859,IG_PLA,E579,7,3,0.07
P3860,IG_PLA,E579,7,3,1.03
P3861,IG_PLA,E579,7,3,0.74
P3862,PN_PIQ,E579,7,3,0.99
P3863,BC_GTMG,E580,7,3,0.25
P3864,PN_PIQ,E580,7,3,1.56
P3865,BC_GTMG,E580,7,3,0.85
P3866,BC_GTMG,E580,7,3,0.2
P3867,PN_PIQ,E580,7,3,0.1
P3868,BC_GTMG,E580,7,3,0.08
P3869,PN_PIQ,E580,7,3,1.39
P3870,PN_PIQ,E581,7,3,0.33
P3871,PN_PIQ,E581,7,3,0.35
P3872,PN_PIQ,E581,7,3,0.3
P3873,IG_PLA,E581,7,3,0.67
P3874,IG_PLA,E581,7,3,0.47
P3875,MA_TO_CO_JA,E582,7,3,0.41
P3876,MA_TO_CO_JA,E582,7,3,0.57
P3877,MA_TO_CO_JA,E582,7,3,0.08
P3878,IG_PLA,E583,7,3,0.41
P3879,IG_PLA,E583,7,3,0.9
P3880,PN_PIQ,E583,7,3,0.46
P3881,PN_PIQ,E583,7,3,0.47
P3882,PN_PIQ,E584,7,3,0.36
P3883,PN_PIQ,E584,7,3,0.83
P3884,PN_PIQ,E584,7,3,1.75
P3885,PN_PIQ,E584,7,3,1.09
P3886,PN_PIQ,E584,7,3,1.24
P3887,IG_PLA,E585,7,3,0.6
P3888,PN_PIQ,E585,7,3,0.36
P3889,PN_PIQ,E585,7,3,0.51
P3890,PN_PIQ,E585,7,3,0.37
P3891,IG_PLA,E585,7,3,0.37
P3892,IG_PLA,E585,7,3,0.51
P3893,BC_GTMG,E586,1,2,0.41
P3894,IG_PLA,E586,1,2,0.19
P3895,BC_GTMG,E586,1,2,1.13
P3896,BC_GTMG,E586,1,2,0.41
P3897,IG_PLA,E586,1,2,2.53
P3898,IG_PLA,E586,1,2,0.5
P3900,IG_PLA,E586,1,2,2.57
P3901,IG_PLA,E586,1,2,0.36
P3902,BC_BT,E587,4,1,0.48
P3903,BC_BT,E587,4,1,1.55
P3904,BC_BT,E587,4,1,0.89
P3905,BC_BT,E587,4,1,0.8
P3906,BC_BT,E587,4,1,2.07
P3907,BC_BT,E587,4,1,0.85
P3908,BC_BT,E587,4,1,0.83
P3909,BC_BT,E587,4,1,0.2
P3911,BC_BT,E587,4,1,1.11
P3912,BC_BT,E587,4,1,2.34
P3913,BC_BT,E587,4,1,0.59
P3914,BC_BT,E587,4,1,2.02
P3915,BC_BT,E587,4,1,0.7
P3917,BC_BT,E587,4,1,1.42
P3918,BC_BT,E587,4,1,0.6
P3919,BC_BT,E587,4,1,0.95
P3922,BC_GTMG,E588,1,2,1.26
P3923,IG_PLA,E588,1,2,1.0
P3924,IG_PLA,E588,1,2,1.1
P3926,IG_PLA,E588,1,2,1.72
P3927,BC_GTMG,E588,1,2,0.64
P3928,IG_PLA,E588,1,2,0.03
P3929,IG_PLA,E588,1,2,0.71
P3930,BC_GTMG,E588,1,2,0.52
P3931,PN_PIQ,E589,3,2,0.28
P3932,PN_PIQ,E589,3,2,1.19
P3933,PN_PIQ,E589,2,2,0.43
P3934,PN_PIQ,E589,3,2,0.54
P3935,PN_PIQ,E589,3,2,0.25
P3936,MA_ROTA,E590,3,2,0.56
P3937,MA_ROTA,E590,3,2,0.58
P3938,MA_ROTA,E590,3,2,0.27
P3939,MA_ROTA,E590,3,2,1.22
P3940,MA_ROTA,E590,3,2,0.11
P3942,MA_ROTA,E590,3,2,0.78
P3943,MA_ROTA,E590,3,2,0.92
P3945,MA_ROTA,E590,3,2,1.44
P3946,MA_ROTA,E590,3,2,0.11
P3947,MA_ROTA,E590,3,2,1.82
P3949,MA_ROTA,E590,3,2,2.66
P3950,MA_ROTA,E591,3,2,0.38
P3952,MA_ROTA,E591,3,2,1.2
P3953,IG_PLA,E592,3,2,1.48
P3954,IG_PLA,E592,3,2,1.67
P3955,BC_GTMG,E592,3,2,0.9
P3956,IG_PLA,E592,3,2,0.42
P3957,BC_GTMG,E592,3,2,0.51
P3958,IG_PLA,E592,3,2,0.1
P3959,BC_GTMG,E592,3,2,2.31
P3960,IG_PLA,E592,3,2,1.43
P3961,IG_PLA,E592,3,2,0.39
P3962,BC_GTMG,E593,3,2,0.76
P3963,IG_PLA,E593,3,2,0.34
P3964,IG_PLA,E593,3,2,1.62
P3965,BC_GTMG,E593,3,2,4.17
P3966,BC_GTMG,E593,3,2,2.37
P3967,BC_GTMG,E594,3,2,1.64
P3968,BC_GTMG,E594,3,2,1.19
P3969,BC_GTMG,E594,3,2,0.11
P3970,IG_PLA,E594,3,2,1.27
P3971,IG_PLA,E594,3,2,1.2
P3972,IG_PLA,E594,3,2,1.01
P3974,PN_PIQ,E595,2,2,1.43
P3975,PN_PIQ,E595,2,2,0.74
P3976,PN_PIQ,E595,2,2,0.77
P3977,PN_PIQ,E595,2,2,0.48
P3978,PN_PIQ,E595,2,2,0.47
P3979,PN_PIQ,E595,2,2,0.33
P3980,PN_PIQ,E595,2,2,0.7
P3981,PN_PIQ,E596,2,2,3.1
P3982,PN_PIQ,E596,3,2,1.35
P3983,PN_PIQ,E597,1,2,0.6
P3984,PN_PIQ,E597,3,2,0.69
P3985,PN_PIQ,E597,3,2,0.75
P3986,PN_PIQ,E598,4,1,1.45
P3987,IG_TUT,E599,4,1,0.95
P3988,IG_TUT,E599,4,1,0.63
P3989,CS_BT_NIM,E599,4,1,2.44
P3990,IG_TUT,E599,4,1,0.49
P3991,CS_BT_NIM,E599,4,1,2.3
P3992,IG_TUT,E599,4,1,0.78
P3993,IG_TUT,E599,4,1,0.07
P3994,IG_TUT,E599,4,1,0.34
P3995,MA_ROTA,E600,2,2,0.45
P3996,MA_ROTA,E600,2,2,0.16
P3998,MA_ROTA,E600,2,2,0.84
P3999,MA_ROTA,E600,2,2,0.14
P4000,MA_ROTA,E600,2,2,0.18
P4001,MA_ROTA,E600,2,2,0.1
P4002,MA_ROTA,E600,2,2,0.35
P4003,MA_ROTA,E600,2,2,1.07
P4004,MA_ROTA,E600,2,2,0.47
P4005,MA_ROTA,E600,2,2,0.74
P4006,MA_ROTA,E600,2,2,0.21
P4007,MA_ROTA,E600,2,2,0.12
P4008,MA_ROTA,E600,2,2,0.43
P4009,MA_ROTA,E600,2,2,0.57
P4010,MA_TO_CO_JA,E601,3,2,0.62
P4011,MA_TO_CO_JA,E601,3,2,0.2
P4012,MA_ROTA,E601,3,2,0.33
P4013,MA_TO_CO_JA,E601,3,2,0.25
P4014,BC_GTMG,E602,3,2,0.15
P4015,BC_GTMG,E602,3,2,1.84
P4016,BC_GTMG,E602,3,2,0.55
P4017,BC_GTMG,E602,3,2,0.74
P4018,BC_GTMG,E602,3,2,0.72
P4019,BC_GTMG,E602,3,2,0.59
P4020,BC_GTMG,E602,3,2,0.2
P4021,BC_GTMG,E602,3,2,1.44
P4022,BC_GTMG,E602,3,2,0.7
P4023,BC_GTMG,E602,3,2,1.28
P4024,BC_GTMG,E602,3,2,4.3
P4025,BC_GTMG,E602,3,2,0.21
P4026,BC_GTMG,E602,3,2,0.59
P4027,BC_GTMG,E602,3,2,0.58
P4029,PN_PIQ,E603,2,2,1.85
P4030,PN_PIQ,E604,1,2,2.05
P4031,PN_PIQ,E604,1,2,1.18
P4032,BC_GTMG,E605,3,2,2.36
P4033,BC_GTMG,E605,3,2,0.82
P4034,BC_GTMG,E605,3,2,1.22
P4035,BC_GTMG,E605,3,2,1.3
P4036,BC_GTMG,E605,3,2,1.13
P4037,BC_GTMG,E605,3,2,0.04
P4038,BC_GTMG,E605,3,2,1.55
P4039,BC_GTMG,E605,3,2,1.26
P4040,PN_PIQ,E606,2,2,1.44
P4041,MA_TO_CO_JA,E607,2,2,0.58
P4042,PN_PIQ,E608,2,2,0.31
P4043,PN_PIQ,E608,2,2,0.58
P4044,PN_PIQ,E609,2,2,0.52
P4045,PN_PIQ,E609,2,2,0.26
P4046,PN_PIQ,E609,2,2,0.32
P4047,PN_PIQ,E609,2,2,1.43
P4048,PN_PIQ,E610,2,2,0.86
P4049,MA_ROTA,E611,2,2,1.49
P4050,IG_PLA,E612,2,2,0.5
P4051,IG_PLA,E612,2,2,2.4
P4052,IG_PLA,E612,2,2,0.17
P4053,IG_PLA,E612,2,2,0.61
P4054,BC_GTMG,E612,2,2,0.75
P4055,BC_GTMG,E612,2,2,1.29
P4056,IG_PLA,E612,2,2,0.49
P4057,IG_PLA,E612,2,2,0.84
P4058,IG_PLA,E612,2,2,0.56
P4059,IG_PLA,E612,2,2,1.49
P4060,BC_GTMG,E612,2,2,1.75
P4061,PN_PIQ,E613,2,2,1.11
P4062,PN_PIQ,E613,2,2,0.31
P4064,PN_PIQ,E613,2,2,0.19
P4065,IG_PLA,E614,7,3,1.0
P4066,IG_PLA,E614,7,3,0.34
P4067,PN_PIQ,E614,7,3,0.71
P4068,PN_PIQ,E615,7,3,0.37
P4069,PN_PIQ,E615,7,3,0.51
P4070,PN_PIQ,E615,7,3,0.23
P4071,PN_PIQ,E615,7,3,0.41
P4072,PN_PIQ,E615,7,3,0.68
P4073,PN_PIQ,E615,7,3,0.5
P4074,MA_TO_CO_JA,E616,7,3,1.63
P4075,MA_TO_CO_JA,E616,7,3,0.06
P4076,PN_PIQ,E617,7,3,0.49
P4077,PN_PIQ,E617,7,3,0.67
P4078,PN_PIQ,E618,7,3,0.76
P4079,PN_PIQ,E618,7,3,0.45
P4080,PN_PIQ,E618,7,3,0.21
P4081,PN_PIQ,E618,7,3,0.6
P4082,PN_PIQ,E618,7,3,1.07
P4083,PN_PIQ,E618,7,3,1.43
P4084,PN_PIQ,E618,7,3,0.46
P4085,PN_PIQ,E618,7,3,0.36
P4086,PN_PIQ,E618,7,3,0.44
P4087,PN_PIQ,E619,7,3,0.16
P4088,PN_PIQ,E619,7,3,0.18
P4089,PN_PIQ,E619,7,3,0.33
P4090,PN_PIQ,E619,7,3,0.52
P4091,PN_PIQ,E619,7,3,0.81
P4092,PN_PIQ,E619,7,3,0.89
P4093,PN_PIQ,E620,7,3,0.65
P4094,IG_PLA,E620,7,3,0.36
P4095,PN_PIQ,E620,7,3,0.77
P4096,IG_PLA,E620,7,3,0.25
P4097,IG_PLA,E620,7,3,0.51
P4098,IG_PLA,E620,7,3,0.38
P4099,PN_PIQ,E620,7,3,0.4
P4100,IG_PLA,E620,7,3,0.28
P4101,PN_PIQ,E621,7,3,0.7
P4102,PN_PIQ,E621,7,3,1.08
P4103,PN_PIQ,E622,7,3,0.63
P4104,PN_PIQ,E622,7,3,1.55
P4105,PN_PIQ,E622,7,3,0.51
P4106,PN_PIQ,E622,7,3,0.98
P4107,PN_PIQ,E622,7,3,0.76
P4108,PN_PIQ,E623,7,3,1.45
P4109,PN_PIQ,E624,7,3,1.11
P4110,PN_PIQ,E624,7,3,1.77
P4111,PN_PIQ,E625,7,3,0.51
P4112,IG_PLA,E625,7,3,0.25
P4113,IG_PLA,E625,7,3,1.07
P4114,PN_PIQ,E625,7,3,0.31
P4115,PN_PIQ,E625,7,3,0.28
P4116,IG_PLA,E626,7,3,0.59
P4117,IG_PLA,E626,7,3,0.78
P4118,IG_PLA,E626,7,3,0.98
P4119,PN_PIQ,E626,7,3,0.51
P4120,PN_PIQ,E626,7,3,1.42
P4121,MA_TO_CO_JA,E627,7,3,0.76
P4122,MA_ROTA,E628,3,2,0.12
P4123,MA_ROTA,E628,3,2,0.81
P4124,MA_ROTA,E628,3,2,0.46
P4126,MA_ROTA,E628,3,2,0.72
P4130,MA_ROTA,E628,3,2,0.82
P4132,IG_PLA,E629,3,2,1.15
P4133,IG_PLA,E629,3,2,1.0
P4134,BC_GTMG,E629,3,2,0.19
P4135,IG_PLA,E629,3,2,2.38
P4136,BC_GTMG,E629,3,2,1.56
P4137,IG_PLA,E629,3,2,1.22
P4138,IG_PLA,E629,3,2,0.09
P4140,BC_GTMG,E629,3,2,0.78
P4141,BC_GTMG,E629,3,2,0.11
P4142,IG_PLA,E629,3,2,0.2
P4143,PN_PIQ,E630,2,2,2.17
P4145,PN_PIQ,E631,2,2,1.04
P4146,PN_PIQ,E631,2,2,1.09
P4147,PN_PIQ,E631,2,2,0.49
P4148,PN_PIQ,E632,2,2,0.4
P4149,PN_PIQ,E632,2,2,0.39
P4150,PN_PIQ,E632,2,2,2.5
P4151,PN_PIQ,E632,2,2,0.59
P4153,PN_PIQ,E634,3,2,4.69
P4155,PN_PIQ,E635,3,2,1.04
P4156,PN_PIQ,E635,3,2,1.01
P4157,PN_PIQ,E635,3,2,0.73
P4158,PN_PIQ,E635,3,2,1.22
P4159,PN_PIQ,E635,3,2,0.51
P4160,PN_PIQ,E635,3,2,0.73
P4161,PN_PIQ,E635,3,2,0.24
P4162,PN_PIQ,E635,3,2,0.91
P4164,IG_PLA,E636,3,2,0.96
P4165,BC_GTMG,E636,3,2,2.64
P4166,IG_PLA,E636,3,2,2.93
P4168,IG_PLA,E636,3,2,0.69
P4169,PN_PIQ,E637,1,2,0.1
P4170,PN_PIQ,E637,1,2,0.74
P4171,PN_PIQ,E637,1,2,0.31
P4172,PN_PIQ,E637,1,2,0.17
P4173,PN_PIQ,E637,1,2,0.12
P4174,PN_PIQ,E637,1,2,0.44
P4175,PN_PIQ,E638,2,2,0.48
P4176,PN_PIQ,E638,2,2,0.7
P4177,PN_PIQ,E639,1,2,0.39
P4178,PN_PIQ,E639,1,2,1.13
P4179,PN_PIQ,E639,1,2,0.89
P4180,PN_PIQ,E639,1,2,0.39
P4181,PN_PIQ,E639,1,2,0.12
P4182,PN_PIQ,E639,1,2,0.83
P4183,PN_PIQ,E639,2,2,1.07
P4184,PN_PIQ,E639,1,2,0.36
P4185,MA_ROTA,E640,3,2,1.83
P4186,MA_ROTA,E640,3,2,1.63
P4187,MA_ROTA,E640,3,2,0.75
P4188,MA_ROTA,E640,3,2,1.11
P4189,MA_ROTA,E640,3,2,0.91
P4190,MA_ROTA,E640,3,2,0.61
P4191,MA_ROTA,E640,3,2,0.52
P4192,MA_ROTA,E640,3,2,0.29
P4193,MA_ROTA,E640,3,2,1.18
P4195,MA_ROTA,E640,3,2,0.66
P4196,BC_GTMG,E641,3,2,1.05
P4197,IG_PLA,E641,3,2,0.45
P4198,IG_PLA,E641,3,2,1.17
P4199,MA_TO_CO_JA,E642,4,1,0.72
P4200,PN_PIQ,E643,2,2,6.56
P4201,PN_PIQ,E644,1,2,0.08
P4202,PN_PIQ,E644,1,2,0.36
P4203,PN_PIQ,E644,4,1,0.57
P4204,PN_PIQ,E644,4,1,0.27
P4205,PN_PIQ,E644,4,1,0.45
P4206,PN_PIQ,E644,4,1,0.28
P4208,PN_PIQ,E644,4,1,0.55
P4209,PN_PIQ,E644,4,1,0.24
P4210,BC_GTMG,E645,3,2,0.97
P4211,IG_PLA,E645,3,2,2.95
P4212,IG_PLA,E645,3,2,0.67
P4213,BC_GTMG,E645,3,2,1.31
P4214,BC_GTMG,E645,3,2,1.24
P4215,BC_GTMG,E645,3,2,0.39
P4216,IG_PLA,E645,3,2,0.95
P4218,MA_ROTA,E646,5,1,0.52
P4219,JA,E646,5,1,0.33
P4220,MA_ROTA,E646,5,1,0.09
P4221,MA_ROTA,E646,5,1,0.7
P4222,MA_ROTA,E646,5,1,0.03
P4224,BA_INT,E646,5,1,0.97
P4225,MA_ROTA,E646,5,1,0.14
P4226,BA_INT,E647,5,1,0.42
P4227,MA_ROTA,E647,5,1,0.37
P4228,BA_INT,E647,5,1,0.11
P4229,BA_INT,E647,5,1,0.05
P4230,MA_ROTA,E647,5,1,0.27
P4231,MA_ROTA,E647,5,1,0.32
P4232,MA_ROTA,E647,5,1,0.66
P4233,MA_ROTA,E647,5,1,0.22
P4234,MA_ROTA,E647,5,1,0.61
P4235,MA_ROTA,E647,5,1,0.14
P4236,MA_ROTA,E647,5,1,0.32
P4237,MA_ROTA,E647,5,1,0.22
P4238,BA_INT,E647,5,1,0.18
P4239,MA_ROTA,E647,5,1,0.5
P4240,MA_ROTA,E647,5,1,0.06
P4241,MA_ROTA,E647,5,1,0.26
P4242,MA_ROTA,E647,5,1,0.31
P4243,MA_ROTA,E647,5,1,0.04
P4244,MA_ROTA,E647,5,1,0.28
P4245,BA_INT,E647,5,1,0.36
P4246,BA_INT,E647,5,1,0.17
P4247,BA_INT,E647,5,1,0.28
P4248,BA_INT,E647,5,1,0.31
P4249,MA_ROTA,E647,5,1,0.2
P4250,BA_INT,E647,5,1,0.37
P4251,JA,E647,5,1,0.08
P4252,MA_ROTA,E647,5,1,0.6
P4253,MA_ROTA,E647,5,1,0.1
P4254,MA_ROTA,E647,5,1,0.67
P4255,MA_ROTA,E647,5,1,0.08
P4256,BA_INT,E647,5,1,0.34
P4257,BA_INT,E647,5,1,0.24
P4258,BA_INT,E647,5,1,0.33
P4259,JA,E647,5,1,0.24
P4260,JA,E647,5,1,0.44
P4261,MA_ROTA,E648,5,1,0.26
P4262,MA_ROTA,E648,5,1,0.25
P4263,MA_ROTA,E648,5,1,0.22
P4264,MA_ROTA,E648,5,1,0.2
P4265,MA_ROTA,E648,5,1,0.22
P4266,MA_ROTA,E648,5,1,0.29
P4267,MA_ROTA,E648,5,1,0.28
P4269,MA_ROTA,E648,5,1,0.29
P4270,MA_ROTA,E648,5,1,0.23
P4272,IG_PLA,E649,3,2,2.7
P4273,IG_PLA,E649,3,2,0.6
P4274,IG_PLA,E649,3,2,1.82
P4275,BC_GTMG,E649,3,2,0.8
P4276,IG_PLA,E649,3,2,1.19
P4277,IG_PLA,E649,3,2,2.36
P4278,BC_GTMG,E649,3,2,1.85
P4279,IG_PLA,E649,3,2,1.18
P4280,BC_GTMG,E649,3,2,2.6
P4281,BC_GTMG,E649,3,2,0.97
P4282,IG_PLA,E649,3,2,1.68
P4283,MA_ROTA,E650,5,1,0.51
P4284,MA_ROTA,E650,5,1,1.69
P4285,MA_ROTA,E650,5,1,0.75
P4286,MA_ROTA,E650,5,1,0.34
P4287,MA_ROTA,E650,5,1,0.04
P4289,MA_ROTA,E650,5,1,0.84
P4291,MA_ROTA,E650,5,1,0.44
P4293,MA_ROTA,E650,5,1,1.18
P4294,MA_ROTA,E650,5,1,0.27
P4296,MA_ROTA,E650,5,1,1.08
P4297,MA_ROTA,E650,5,1,0.84
P4299,MA_ROTA,E650,5,1,0.58
P4300,MA_ROTA,E650,5,1,0.38
P4301,BA_INT,E651,5,1,0.91
P4303,JA,E651,5,1,0.26
P4305,MA_ROTA,E651,5,1,1.36
P4306,MA_ROTA,E651,5,1,1.11
P4308,MA_ROTA,E651,5,1,0.76
P4309,MA_TO_CO_JA,E652,6,1,0.99
P4310,MA_ROTA,E652,6,1,0.85
P4311,JA,E653,5,1,0.26
P4314,BA_INT,E653,5,1,0.54
P4315,BA_INT,E653,5,1,0.58
P4316,JA,E654,5,1,0.13
P4317,BA_INT,E654,5,1,1.13
P4320,MA_ROTA,E654,5,1,0.31
P4321,MA_ROTA,E654,5,1,0.69
P4322,MA_ROTA,E654,5,1,0.14
P4323,JA,E654,5,1,0.33
P4324,MA_ROTA,E654,5,1,0.38
P4325,BA_INT,E655,5,1,0.46
P4326,BC_BT,E655,5,1,0.6
P4327,BC_BT,E655,5,1,0.49
P4330,BA_INT,E655,5,1,0.05
P4331,BA_INT,E655,4,1,0.63
P4332,JA,E655,4,1,0.7
P4333,BC_BT,E655,4,1,1.05
P4334,BC_BT,E655,4,1,1.7
P4335,BC_BT,E655,4,1,0.83
P4336,BC_BT,E655,4,1,0.69
P4337,JA,E655,5,1,0.27
P4338,BC_BT,E655,5,1,0.37
P4339,BA_INT,E655,5,1,0.57
P4340,BA_INT,E655,5,1,0.66
P4341,BA_INT,E655,5,1,0.8
P4342,BA_INT,E655,5,1,0.53
P4344,BA_INT,E655,5,1,0.28
P4345,MA_ROTA,E656,5,1,2.74
P4348,JA,E657,5,1,0.24
P4349,MA_ROTA,E657,5,1,0.42
P4350,BA_INT,E657,5,1,0.64
P4351,MA_ROTA,E657,5,1,0.43
P4352,MA_TO_CO_JA,E658,5,1,0.13
P4353,MA_TO_CO_JA,E658,5,1,0.27
P4354,MA_TO_CO_JA,E658,5,1,0.26
P4355,MA_TO_CO_JA,E658,5,1,0.29
P4356,MA_TO_CO_JA,E658,5,1,0.65
P4357,MA_TO_CO_JA,E658,5,1,0.5
P4360,MA_ROTA,E659,5,1,0.37
P4361,MA_ROTA,E659,5,1,0.43
P4362,MA_ROTA,E659,5,1,0.6
P4363,MA_ROTA,E659,5,1,0.58
P4364,MA_ROTA,E659,5,1,0.06
P4365,BA_INT,E659,5,1,0.67
P4366,JA,E659,5,1,0.32
P4367,MA_ROTA,E659,5,1,0.53
P4368,MA_ROTA,E659,5,1,0.34
P4369,MA_ROTA,E659,5,1,0.41
P4370,MA_ROTA,E659,5,1,0.4
P4371,MA_ROTA,E659,5,1,0.58
P4374,MA_ROTA,E660,3,2,0.81
P4375,MA_ROTA,E660,3,2,0.64
P4376,MA_ROTA,E661,5,1,0.65
P4377,MA_ROTA,E661,5,1,0.95
P4378,MA_ROTA,E661,5,1,0.44
P4383,MA_TO_CO_JA,E662,5,1,0.82
P4384,MA_TO_CO_JA,E662,5,1,0.93
P4385,MA_TO_CO_JA,E662,5,1,0.94
P4392,BC_GTMG,E663,3,2,0.69
P4393,BC_GTMG,E663,3,2,2.13
P4394,IG_PLA,E663,3,2,0.55
P4395,IG_PLA,E663,3,2,1.55
P4397,IG_PLA,E663,3,2,1.22
P4398,BC_GTMG,E663,3,2,0.54
P4399,IG_PLA,E663,3,2,1.18
P4400,BA_PER,E664,5,1,0.7
P4401,MA_TO_CO_JA,E665,4,1,1.08
P4402,MA_TO_CO_JA,E665,4,1,0.63
P4403,MA_TO_CO_JA,E665,4,1,0.26
P4404,MA_TO_CO_JA,E665,4,1,0.99
P4405,MA_TO_CO_JA,E665,4,1,0.68
P4408,MA_ROTA,E666,5,1,0.25
P4411,MA_ROTA,E667,5,1,0.73
P4412,MA_ROTA,E668,5,1,1.38
P4413,MA_ROTA,E668,5,1,0.96
P4414,MA_ROTA,E668,5,1,0.12
P4415,MA_ROTA,E668,5,1,1.4
P4416,MA_ROTA,E669,6,1,0.87
P4418,AG,E669,6,1,0.12
P4420,MA_ROTA,E669,6,1,0.59
P4421,MA_ROTA,E670,3,2,1.36
P4423,MA_ROTA,E670,3,2,0.99
P4425,MA_ROTA,E670,3,2,0.47
P4426,MA_ROTA,E670,3,2,0.48
P4427,MA_ROTA,E670,3,2,0.73
P4430,BA_INT,E671,5,1,1.3
P4431,BA_INT,E671,5,1,1.33
P4432,BA_INT,E671,5,1,0.87
P4433,JA,E671,5,1,2.04
P4434,BA_INT,E671,5,1,2.48
P4435,BA_INT,E671,5,1,1.83
P4436,JA,E671,5,1,0.94
P4437,BA_INT,E671,5,1,2.07
P4438,BA_INT,E671,5,1,1.7
P4439,MA_ROTA,E671,5,1,1.45
P4440,MA_TO_CO_JA,E672,5,1,0.63
P4441,MA_TO_CO_JA,E672,5,1,0.84
P4442,MA_TO_CO_JA,E672,5,1,0.23
P4443,MA_TO_CO_JA,E672,5,1,0.52
P4446,PN_PIQ,E673,5,1,1.03
P4447,PN_PIQ,E673,5,1,1.19
P4448,BC_BT,E673,5,1,2.54
P4449,PN_PIQ,E673,5,1,0.44
P4450,MA_TO_CO_JA,E674,6,1,0.19
P4451,MA_TO_CO_JA,E674,6,1,0.23
P4452,MA_TO_CO_JA,E674,6,1,0.23
P4453,MA_TO_CO_JA,E674,6,1,0.49
P4460,BA_IRR,E675,3,2,1.28
P4461,JA,E675,3,2,0.55
P4462,MA_ROTA,E675,3,2,0.29
P4463,MA_ROTA,E675,3,2,1.04
P4464,BA_INT,E675,3,2,0.72
P4470,BA_INT,E675,3,2,1.64
P4471,MA_ROTA,E676,3,2,1.0
P4472,MA_ROTA,E676,3,2,0.06
P4473,MA_ROTA,E676,3,2,0.36
P4474,MA_ROTA,E676,3,2,2.99
P4475,MA_ROTA,E676,3,2,0.68
P4476,MA_ROTA,E676,3,2,1.7
P4477,MA_ROTA,E676,3,2,0.35
P4479,MA_ROTA,E676,3,2,0.26
P4480,MA_ROTA,E676,3,2,0.48
P4481,PN_PIQ,E677,5,1,0.3
P4482,PN_PIQ,E677,5,1,3.55
P4483,PN_PIQ,E677,5,1,0.06
P4484,PN_PIQ,E677,5,1,0.02
P4485,PN_PIQ,E677,5,1,0.93
P4486,PN_PIQ,E678,2,2,0.61
P4487,PN_PIQ,E678,2,2,0.03
P4488,PN_PIQ,E678,2,2,0.51
P4489,PN_PIQ,E678,2,2,0.51
P4490,PN_PIQ,E678,2,2,0.37
P4491,PN_PIQ,E678,2,2,0.48
P4492,PN_PIQ,E678,2,2,0.23
P4494,PN_PIQ,E679,3,2,1.25
P4495,PN_PIQ,E679,3,2,0.98
P4496,PN_PIQ,E679,3,2,5.02
P4498,MA_ROTA,E680,3,2,1.32
P4499,MA_ROTA,E680,3,2,2.07
P4501,MA_TO_CO_JA,E680,3,2,0.81
P4502,MA_TO_CO_JA,E680,3,2,0.99
P4506,MA_ROTA,E681,3,2,2.21
P4507,MA_ROTA,E681,3,2,1.45
P4508,MA_ROTA,E681,3,2,0.57
P4509,MA_ROTA,E681,3,2,0.4
P4514,MA_ROTA,E681,3,2,0.73
P4515,MA_ROTA,E681,3,2,0.2
P4516,PN_PIQ,E682,3,2,1.63
P4517,BA_SINT,E683,5,1,0.58
P4518,BA_INT,E683,5,1,0.33
P4519,BA_SINT,E683,5,1,0.08
P4520,BA_SINT,E683,5,1,0.49
P4521,BA_SINT,E683,5,1,0.54
P4522,BA_SINT,E683,5,1,1.08
P4523,BA_INT,E683,5,1,0.51
P4524,AN_PA,E683,5,1,1.21
P4525,JA,E683,5,1,1.65
P4526,AN_PA,E683,5,1,0.51
P4527,BA_SINT,E683,5,1,0.53
P4528,BA_SINT,E683,5,1,0.72
P4531,AN_PA,E683,5,1,0.33
P4533,BA_SINT,E683,5,1,1.2
P4534,BA_SINT,E683,5,1,0.97
P4535,BA_SINT,E683,5,1,0.65
P4536,JA,E684,5,1,0.83
P4537,BA_INT,E684,5,1,0.76
P4538,MA_ROTA,E684,5,1,1.16
P4539,MA_ROTA,E684,5,1,0.8
P4540,MA_ROTA,E684,5,1,1.33
P4541,JA,E684,5,1,0.76
P4542,MA_ROTA,E684,5,1,0.81
P4543,MA_ROTA,E684,5,1,0.45
P4544,MA_ROTA,E684,5,1,0.6
P4545,MA_ROTA,E684,5,1,0.64
P4546,BA_INT,E684,5,1,0.87
P4547,MA_ROTA,E684,5,1,1.03
P4548,MA_ROTA,E684,5,1,0.71
P4549,MA_ROTA,E684,5,1,0.61
P4550,BA_INT,E684,5,1,1.21
P4551,MA_ROTA,E684,5,1,0.72
P4552,MA_ROTA,E684,5,1,1.68
P4553,BA_INT,E684,5,1,1.36
P4554,BA_INT,E684,5,1,1.25
P4555,MA_ROTA,E684,5,1,0.74
P4556,MA_ROTA,E684,5,1,1.35
P4557,MA_ROTA,E685,5,1,0.99
P4558,MA_ROTA,E685,5,1,0.23
P4559,MA_ROTA,E685,5,1,0.75
P4560,JA,E685,5,1,0.37
P4561,BA_INT,E685,5,1,1.32
P4562,BC_BT,E686,5,1,0.44
P4563,BC_BT,E686,5,1,0.55
P4565,BA_INT,E686,5,1,0.1
P4567,BA_INT,E686,5,1,0.92
P4568,JA,E686,5,1,0.4
P4572,BA_INT,E686,5,1,0.32
P4573,JA,E686,5,1,0.2
P4574,MA_TO_CO_JA,E687,5,1,0.17
P4575,MA_TO_CO_JA,E687,5,1,0.32
P4576,MA_TO_CO_JA,E687,5,1,0.31
P4579,MA_TO_CO_JA,E687,5,1,0.28
P4580,MA_TO_CO_JA,E687,5,1,0.1
P4581,MA_TO_CO_JA,E687,5,1,0.77
P4582,MA_TO_CO_JA,E687,5,1,0.25
P4584,MA_TO_CO_JA,E687,5,1,0.25
P4585,MA_ROTA,E687,5,1,1.2
P4586,MA_TO_CO_JA,E687,5,1,0.32
P4587,PN_PIQ,E688,7,3,0.81
P4588,PN_PIQ,E688,7,3,0.65
P4589,PN_PIQ,E688,7,3,1.2
P4590,MA_TO_CO_JA,E689,7,3,0.89
P4591,MA_TO_CO_JA,E689,7,3,0.77
P4592,MA_TO_CO_JA,E689,7,3,1.15
P4593,PN_PIQ,E690,7,3,0.65
P4594,PN_PIQ,E690,7,3,0.7
P4595,PN_PIQ,E690,7,3,0.43
P4596,PN_PIQ,E690,7,3,1.19
P4597,PN_PIQ,E690,7,3,0.49
P4598,PN_PIQ,E690,7,3,0.11
P4599,PN_PIQ,E690,7,3,0.07
P4600,MA_TO_CO_JA,E691,6,1,1.19
P4602,MA_TO_CO_JA,E691,6,1,0.23
P4604,BA_INT,E692,5,1,0.61
P4605,BA_INT,E692,5,1,0.55
P4606,JA,E692,5,1,0.61
P4607,BA_INT,E692,5,1,0.7
P4608,MA_ROTA,E692,5,1,0.81
P4609,MA_ROTA,E692,5,1,0.65
P4611,MA_ROTA,E693,5,1,0.23
P4612,MA_ROTA,E693,5,1,0.73
P4613,MA_ROTA,E693,5,1,0.82
P4614,MA_ROTA,E693,5,1,0.77
P4615,BA_INT,E693,5,1,0.47
P4616,MA_ROTA,E693,5,1,0.24
P4617,MA_ROTA,E693,5,1,0.28
P4618,MA_ROTA,E693,5,1,0.24
P4619,JA,E693,5,1,0.22
P4620,MA_ROTA,E693,5,1,0.36
P4621,BA_INT,E694,5,1,2.41
P4622,JA,E694,5,1,2.6
P4623,BA_INT,E694,5,1,1.61
P4624,JA,E694,5,1,1.39
P4626,BA_INT,E694,5,1,2.46
P4627,BA_INT,E694,5,1,3.06
P4629,BA_INT,E694,5,1,3.51
P4630,BA_INT,E694,5,1,3.08
P4631,JA,E694,5,1,2.32
P4632,BA_INT,E694,5,1,2.31
P4633,BA_INT,E694,5,1,1.66
P4634,BA_INT,E694,5,1,0.57
P4635,BA_INT,E694,5,1,0.64
P4636,BA_INT,E694,5,1,0.85
P4637,BA_INT,E694,5,1,2.33
P4638,BA_INT,E694,5,1,0.64
P4639,JA,E694,5,1,0.37
P4640,BA_INT,E694,5,1,1.54
P4641,BA_INT,E694,5,1,0.74
P4642,BA_INT,E694,5,1,0.68
P4643,BA_INT,E694,5,1,0.77
P4644,BA_INT,E694,5,1,1.2
P4646,JA,E694,5,1,0.85
P4647,BA_INT,E694,5,1,2.36
P4648,BA_INT,E694,5,1,2.85
P4649,BA_INT,E694,5,1,2.28
P4650,BA_INT,E695,5,1,0.94
P4652,BA_INT,E695,5,1,0.9
P4653,BA_INT,E695,5,1,2.46
P4654,BA_INT,E695,5,1,1.69
P4655,BA_INT,E695,5,1,0.35
P4656,JA,E695,5,1,1.52
P4657,BA_INT,E695,5,1,1.28
P4658,BA_INT,E695,5,1,1.35
P4659,JA,E695,5,1,0.88
P4660,BA_INT,E695,5,1,1.61
P4661,BA_INT,E695,5,1,0.78
P4662,BA_INT,E695,5,1,1.27
P4664,JA,E695,5,1,0.88
P4665,BA_INT,E695,5,1,1.77
P4666,BA_INT,E695,5,1,0.75
P4667,BA_INT,E695,5,1,2.28
P4668,BA_INT,E695,5,1,1.5
P4669,BA_INT,E695,5,1,3.12
P4670,BA_INT,E695,5,1,2.61
P4671,BA_INT,E695,5,1,2.26
P4672,JA,E695,5,1,2.83
P4673,BA_INT,E695,5,1,0.39
P4674,BA_INT,E695,5,1,1.49
P4675,BA_INT,E695,5,1,3.3
P4677,BA_INT,E695,5,1,2.27
P4678,BA_INT,E695,5,1,3.04
P4679,JA,E695,5,1,1.56
P4680,MA_TO_CO_JA,E696,5,1,3.51
P4682,MA_TO_CO_JA,E696,5,1,0.24
P4683,MA_TO_CO_JA,E696,5,1,0.23
P4684,MA_ROTA,E696,5,1,0.06
P4685,MA_TO_CO_JA,E696,5,1,0.33
P4686,MA_ROTA,E696,5,1,0.19
P4687,MA_ROTA,E696,5,1,0.06
P4688,BA_INT,E697,5,1,2.17
P4689,BA_INT,E697,5,1,1.51
P4690,BA_INT,E697,5,1,1.11
P4691,BA_INT,E697,5,1,1.02
P4692,BA_INT,E697,5,1,1.68
P4693,BA_INT,E697,5,1,1.61
P4694,MA_ROTA,E697,5,1,1.05
P4695,MA_ROTA,E697,5,1,2.16
P4696,JA,E697,5,1,1.64
P4697,BA_INT,E697,5,1,1.26
P4698,BA_INT,E697,5,1,3.08
P4699,JA,E697,5,1,1.09
P4700,BA_INT,E697,5,1,3.07
P4701,BA_INT,E697,5,1,0.53
P4702,MA_ROTA,E697,5,1,2.39
P4703,BA_INT,E697,5,1,2.18
P4704,MA_ROTA,E697,5,1,1.92
P4705,BA_INT,E697,5,1,2.82
P4706,BA_INT,E697,5,1,1.78
P4707,JA,E697,5,1,1.64
P4708,BA_INT,E697,5,1,1.46
P4709,MA_ROTA,E697,5,1,1.17
P4710,BA_INT,E697,5,1,1.91
P4711,BA_INT,E697,5,1,1.94
P4712,BA_INT,E697,5,1,3.56
P4713,MA_ROTA,E697,5,1,0.87
P4714,BA_INT,E697,5,1,0.42
P4715,MA_ROTA,E697,5,1,0.32
P4716,MA_ROTA,E697,5,1,0.59
P4717,BA_INT,E697,5,1,1.68
P4718,BA_INT,E697,5,1,1.26
P4719,BA_INT,E697,5,1,1.26
P4720,BA_INT,E697,5,1,1.97
P4721,BA_INT,E697,5,1,1.43
P4722,BA_INT,E697,5,1,2.68
P4723,JA,E697,5,1,2.78
P4724,MA_ROTA,E697,5,1,0.79
P4725,BA_INT,E697,5,1,2.08
P4726,MA_ROTA,E697,5,1,1.2
P4727,BA_INT,E697,5,1,1.08
P4728,BA_INT,E697,5,1,0.68
P4729,BA_INT,E697,5,1,1.93
P4730,BA_INT,E697,5,1,2.4
P4731,BA_INT,E697,5,1,1.15
P4732,BA_INT,E697,5,1,0.92
P4733,BA_INT,E697,5,1,0.31
P4734,JA,E697,5,1,0.21
P4735,BA_INT,E697,5,1,1.05
P4736,BA_INT,E697,5,1,1.43
P4737,BA_INT,E697,5,1,0.51
P4738,MA_ROTA,E697,5,1,0.52
P4739,JA,E697,5,1,0.69
P4740,BA_INT,E697,5,1,0.74
P4741,MA_ROTA,E697,5,1,1.02
P4742,BA_INT,E697,5,1,4.67
P4743,BA_INT,E697,5,1,2.46
P4744,BA_INT,E697,5,1,1.49
P4745,BA_INT,E697,5,1,2.43
P4746,BA_INT,E697,5,1,2.15
P4747,BA_INT,E697,5,1,1.41
P4748,JA,E697,5,1,1.38
P4749,BA_INT,E697,5,1,0.28
P4750,BA_INT,E697,5,1,1.93
P4751,JA,E697,5,1,2.63
P4752,BA_INT,E697,5,1,1.02
P4754,BA_INT,E697,5,1,1.49
P4755,MA_ROTA,E697,5,1,0.49
P4756,MA_ROTA,E697,5,1,0.72
P4757,BA_INT,E697,5,1,0.33
P4758,BA_INT,E697,5,1,0.86
P4759,JA,E697,5,1,0.77
P4760,JA,E697,5,1,0.84
P4761,JA,E697,5,1,1.06
P4762,JA,E697,5,1,0.12
P4763,JA,E697,5,1,0.49
P4764,JA,E697,5,1,3.05
P4765,BA_INT,E697,5,1,1.17
P4766,BA_INT,E697,5,1,1.84
P4767,BA_INT,E697,5,1,0.43
P4768,MA_ROTA,E697,5,1,0.54
P4769,MA_ROTA,E697,5,1,0.61
P4770,BA_INT,E697,5,1,0.48
P4771,BA_INT,E697,5,1,0.58
P4772,BA_INT,E697,5,1,0.82
P4773,BA_INT,E697,5,1,0.69
P4774,BA_INT,E697,5,1,0.76
P4775,BA_INT,E697,5,1,0.8
P4776,BA_INT,E697,5,1,1.01
P4777,JA,E697,5,1,0.69
P4778,BA_INT,E697,5,1,1.55
P4779,BA_INT,E697,5,1,1.31
P4780,BA_INT,E697,5,1,2.08
P4781,BA_INT,E697,5,1,0.53
P4782,BA_INT,E697,5,1,1.67
P4783,BA_INT,E697,5,1,0.15
P4784,MA_ROTA,E697,5,1,0.33
P4785,BA_INT,E697,5,1,1.23
P4786,BA_INT,E697,5,1,1.31
P4787,BA_INT,E697,5,1,0.84
P4788,JA,E697,5,1,0.92
P4789,JA,E697,5,1,0.36
P4790,BA_INT,E697,5,1,0.65
P4791,BA_INT,E697,5,1,0.62
P4792,BA_INT,E697,5,1,1.33
P4793,BA_INT,E697,5,1,1.39
P4794,JA,E697,5,1,1.87
P4795,BA_INT,E697,5,1,1.4
P4796,JA,E697,5,1,1.39
P4797,MA_ROTA,E697,5,1,0.74
P4798,BA_INT,E697,5,1,1.43
P4799,BA_INT,E697,5,1,2.0
P4800,BA_INT,E697,5,1,1.19
P4801,BA_INT,E697,5,1,2.13
P4802,JA,E697,5,1,1.5
P4803,BA_INT,E697,5,1,1.02
P4804,BA_INT,E697,5,1,1.67
P4805,BA_INT,E697,5,1,1.07
P4806,BA_INT,E697,5,1,2.82
P4807,BA_INT,E697,5,1,0.19
P4808,BA_INT,E697,5,1,1.87
P4809,BA_INT,E697,5,1,0.66
P4810,BA_INT,E697,5,1,1.39
P4811,BA_INT,E697,5,1,2.2
P4812,BA_INT,E697,5,1,1.39
P4813,BA_INT,E697,5,1,1.1
P4814,JA,E697,5,1,1.55
P4815,BA_INT,E697,5,1,1.97
P4816,JA,E697,5,1,1.28
P4817,MA_ROTA,E697,5,1,0.47
P4818,JA,E697,5,1,2.04
P4819,MA_ROTA,E697,5,1,0.44
P4820,BA_INT,E697,5,1,1.18
P4821,JA,E697,5,1,1.11
P4822,BA_INT,E697,5,1,1.3
P4823,JA,E697,5,1,0.87
P4824,MA_ROTA,E697,5,1,1.62
P4825,MA_ROTA,E697,5,1,2.04
P4826,MA_ROTA,E697,5,1,0.91
P4827,JA,E697,5,1,1.47
P4828,BA_INT,E697,5,1,1.55
P4829,BA_INT,E697,5,1,1.23
P4830,BA_INT,E697,5,1,1.58
P4831,BA_INT,E697,5,1,1.84
P4832,BA_INT,E697,5,1,3.15
P4833,MA_ROTA,E697,5,1,2.57
P4835,BA_INT,E697,5,1,2.48
P4836,BA_INT,E697,5,1,3.14
P4837,BA_INT,E697,5,1,2.46
P4838,JA,E697,5,1,1.26
P4839,BA_INT,E697,5,1,1.7
P4840,BA_INT,E697,5,1,1.98
P4841,MA_ROTA,E697,5,1,1.43
P4842,BA_INT,E697,5,1,0.6
P4843,BA_INT,E697,5,1,1.14
P4844,BA_INT,E697,5,1,1.81
P4845,BA_INT,E697,5,1,0.92
P4846,MA_ROTA,E697,5,1,1.75
P4847,BA_INT,E697,5,1,1.11
P4848,BA_INT,E697,5,1,1.71
P4849,MA_ROTA,E697,5,1,0.55
P4850,JA,E697,5,1,0.72
P4851,BA_INT,E697,5,1,0.87
P4852,BA_INT,E697,5,1,2.15
P4853,BA_INT,E697,5,1,0.98
P4854,MA_ROTA,E697,5,1,1.62
P4855,BA_INT,E697,5,1,1.66
P4856,BA_INT,E697,5,1,3.35
P4857,BA_INT,E697,5,1,1.75
P4858,BA_INT,E697,5,1,1.2
P4859,BA_INT,E697,5,1,1.22
P4860,BA_INT,E697,5,1,1.65
P4861,BA_INT,E697,5,1,1.11
P4862,PN_PIQ,E698,7,3,0.63
P4863,PN_PIQ,E698,7,3,1.18
P4864,IG_PLA,E698,7,3,0.78
P4865,IG_PLA,E698,7,3,0.58
P4866,IG_PLA,E698,7,3,0.17
P4867,BC_GTMG,E699,3,2,0.65
P4868,IG_PLA,E699,3,2,2.37
P4869,IG_PLA,E699,3,2,0.25
P4870,BC_GTMG,E699,3,2,0.46
P4871,BC_GTMG,E699,3,2,4.18
P4872,BC_GTMG,E699,3,2,0.22
P4873,IG_PLA,E699,3,2,3.51
P4874,BC_GTMG,E699,3,2,1.54
P4875,IG_PLA,E699,3,2,0.67
P4876,BC_GTMG,E699,3,2,1.61
P4877,BC_GTMG,E699,2,2,0.78
P4878,IG_TUT,E700,5,1,0.16
P4879,BA_INT,E700,5,1,0.23
P4880,MA_TO_CO_JA,E700,5,1,0.66
P4881,IG_TUT,E700,5,1,0.27
P4882,IG_TUT,E700,5,1,0.12
P4883,JA,E700,5,1,0.05
P4884,BA_INT,E700,5,1,1.02
P4885,IG_TUT,E700,5,1,0.43
P4886,JA,E700,5,1,0.51
P4888,BA_INT,E700,5,1,0.5
P4889,BA_INT,E700,5,1,0.49
P4891,MA_TO_CO_JA,E700,5,1,0.27
P4892,BA_INT,E700,5,1,0.24
P4893,BA_INT,E700,5,1,0.15
P4894,BA_INT,E700,5,1,0.15
P4895,IG_TUT,E700,5,1,0.37
P4896,PN_PIQ,E701,5,1,0.92
P4897,PN_PIQ,E701,5,1,1.21
P4898,PN_PIQ,E701,5,1,0.43
P4899,PN_PIQ,E701,5,1,1.1
P4900,PN_PIQ,E701,5,1,3.75
P4901,PN_PIQ,E701,5,1,0.35
P4902,PN_PIQ,E701,5,1,1.18
P4903,PN_PIQ,E701,5,1,0.29
P4904,BA_INT,E702,5,1,1.18
P4905,JA,E702,5,1,1.48
P4906,MA_ROTA,E702,5,1,0.2
P4907,BA_INT,E702,5,1,0.99
P4908,BA_INT,E702,5,1,1.07
P4909,BA_INT,E702,5,1,1.5
P4910,BA_INT,E702,5,1,1.31
P4911,BA_INT,E702,5,1,0.6
P4912,BA_INT,E702,5,1,0.61
P4913,MA_ROTA,E702,5,1,2.05
P4914,MA_ROTA,E703,3,2,0.25
P4915,MA_ROTA,E703,3,2,3.23
P4916,MA_ROTA,E703,3,2,0.96
P4917,MA_ROTA,E703,3,2,0.78
P4918,MA_ROTA,E703,3,2,1.1
P4919,MA_ROTA,E703,3,2,0.3
P4920,MA_ROTA,E703,3,2,0.03
P4921,MA_ROTA,E703,3,2,0.45
P4922,MA_ROTA,E703,3,2,0.71
P4923,MA_ROTA,E703,2,2,1.03
P4924,MA_ROTA,E703,3,2,0.97
P4925,MA_ROTA,E703,3,2,0.32
P4926,MA_ROTA,E703,3,2,0.28
P4927,IG_PLA,E704,3,2,0.31
P4928,IG_PLA,E704,3,2,0.53
P4929,IG_PLA,E704,3,2,0.4
P4931,IG_PLA,E704,3,2,0.1
P4932,IG_PLA,E704,3,2,0.73
P4933,IG_PLA,E704,3,2,0.09
P4934,IG_PLA,E704,3,2,0.17
P4935,BC_GTMG,E704,3,2,0.35
P4936,IG_PLA,E704,3,2,0.96
P4937,IG_PLA,E704,3,2,0.33
P4938,BC_GTMG,E704,3,2,1.14
P4939,IG_PLA,E704,3,2,0.14
P4940,IG_PLA,E704,3,2,0.32
P4941,BC_GTMG,E704,3,2,0.58
P4942,IG_PLA,E704,3,2,0.54
P4943,BC_GTMG,E704,3,2,1.16
P4944,IG_PLA,E704,3,2,1.55
P4945,IG_PLA,E704,3,2,1.89
P4946,IG_PLA,E704,3,2,1.47
P4947,IG_PLA,E704,3,2,1.02
P4948,IG_PLA,E704,3,2,0.21
P4951,BC_GTMG,E704,3,2,2.55
P4952,MA_ROTA,E705,3,2,4.74
P4954,MA_ROTA,E705,3,2,1.16
P4955,MA_ROTA,E705,3,2,0.77
P4957,MA_ROTA,E705,3,2,2.02
P4958,MA_ROTA,E705,3,2,1.34
P4959,BA_INT,E706,5,1,0.67
P4961,JA,E706,5,1,0.36
P4962,BA_INT,E706,5,1,0.73
P4964,JA,E706,5,1,0.38
P4965,BA_INT,E706,5,1,1.16
P4967,BA_INT,E706,5,1,0.76
P4969,BA_INT,E706,5,1,0.86
P4970,BA_INT,E706,5,1,0.77
P4971,BA_INT,E706,5,1,1.29
P4972,BA_INT,E706,5,1,1.13
P4973,BA_INT,E706,5,1,1.57
P4974,BA_INT,E706,5,1,0.97
P4975,BA_INT,E706,5,1,0.64
P4976,BA_INT,E706,5,1,0.4
P4977,BA_INT,E706,5,1,0.62
P4978,JA,E706,5,1,0.33
P4979,BA_INT,E706,5,1,1.52
P4980,JA,E706,5,1,0.34
P4981,JA,E706,5,1,0.89
P4982,BA_INT,E706,5,1,2.15
P4983,JA,E706,5,1,0.75
P4984,AN_PA,E707,6,1,4.77
P4985,MA_ROTA,E707,6,1,18.43
P4986,IG_TUT,E707,6,1,1.89
P4987,IG_TUT,E707,6,1,1.01
P4988,BA_INT,E708,5,1,2.46
P4989,BA_INT,E708,5,1,0.8
P4990,BA_INT,E708,5,1,2.6
P4991,JA,E708,5,1,2.77
P4993,BA_INT,E708,5,1,4.94
P4994,BA_INT,E708,5,1,0.88
P4995,BA_INT,E708,5,1,1.39
P4998,JA,E708,5,1,2.47
P4999,BA_INT,E708,5,1,1.5
P5000,BA_INT,E708,5,1,1.75
P5001,BA_INT,E708,5,1,2.14
P5002,PN_PIQ,E709,4,1,0.36
P5003,PN_PIQ,E709,4,1,0.3
P5004,PN_PIQ,E709,4,1,0.37
P5005,MA_ROTA,E710,5,1,1.7
P5006,MA_ROTA,E710,5,1,1.08
P5007,MA_ROTA,E710,5,1,1.05
P5008,MA_TO_CO_JA,E710,6,1,3.49
P5009,MA_ROTA,E710,5,1,1.51
P5010,MA_ROTA,E710,5,1,1.55
P5011,MA_ROTA,E710,5,1,2.21
P5012,MA_ROTA,E710,5,1,2.02
P5013,MA_TO_CO_JA,E710,6,1,7.0
P5014,MA_TO_CO_JA,E710,6,1,1.76
P5015,MA_ROTA,E710,5,1,9.7
P5016,MA_ROTA,E710,5,1,4.75
P5017,MA_ROTA,E710,5,1,1.69
P5018,MA_TO_CO_JA,E710,6,1,1.91
P5019,MA_TO_CO_JA,E710,6,1,2.76
P5020,MA_TO_CO_JA,E710,6,1,1.12
P5021,MA_ROTA,E710,5,1,5.83
P5022,MA_TO_CO_JA,E710,6,1,2.65
P5025,MA_ROTA,E710,5,1,2.34
P5026,MA_TO_CO_JA,E710,6,1,2.94
P5027,MA_TO_CO_JA,E710,6,1,5.75
P5028,MA_ROTA,E710,5,1,1.54
P5029,MA_TO_CO_JA,E710,6,1,6.65
P5030,MA_TO_CO_JA,E710,6,1,4.4
P5031,MA_TO_CO_JA,E710,6,1,2.58
P5032,MA_TO_CO_JA,E710,6,1,1.68
P5033,MA_TO_CO_JA,E710,6,1,2.32
P5034,MA_TO_CO_JA,E710,6,1,4.6
P5035,MA_TO_CO_JA,E710,6,1,3.06
P5036,MA_TO_CO_JA,E710,6,1,1.94
P5037,MA_TO_CO_JA,E710,6,1,1.07
P5038,MA_TO_CO_JA,E710,6,1,1.09
P5040,MA_TO_CO_JA,E710,6,1,1.23
P5041,MA_TO_CO_JA,E710,6,1,0.66
P5042,MA_TO_CO_JA,E710,6,1,3.01
P5043,MA_TO_CO_JA,E710,6,1,2.13
P5044,MA_TO_CO_JA,E710,6,1,4.04
P5045,MA_TO_CO_JA,E710,6,1,0.96
P5046,MA_TO_CO_JA,E710,6,1,1.74
P5047,MA_TO_CO_JA,E710,6,1,2.5
P5048,MA_TO_CO_JA,E710,6,1,2.14
P5049,MA_TO_CO_JA,E710,6,1,3.17
P5050,MA_ROTA,E710,5,1,2.43
P5051,MA_TO_CO_JA,E710,6,1,0.88
P5052,MA_TO_CO_JA,E710,6,1,4.17
P5053,MA_TO_CO_JA,E710,6,1,1.12
P5054,MA_TO_CO_JA,E710,6,1,2.69
P5055,MA_TO_CO_JA,E710,6,1,0.35
P5056,MA_TO_CO_JA,E710,6,1,1.12
P5057,MA_TO_CO_JA,E710,6,1,1.9
P5058,MA_TO_CO_JA,E710,6,1,1.44
P5059,MA_TO_CO_JA,E710,6,1,1.62
P5060,MA_TO_CO_JA,E710,6,1,1.21
P5061,MA_ROTA,E710,5,1,1.79
P5062,MA_ROTA,E710,5,1,1.33
P5063,MA_TO_CO_JA,E710,6,1,4.66
P5064,MA_ROTA,E710,5,1,1.25
P5066,BA_INT,E711,5,1,1.01
P5067,BA_INT,E711,5,1,1.22
P5068,BA_INT,E711,5,1,0.4
P5069,BA_INT,E711,5,1,0.8
P5070,BA_INT,E711,5,1,1.16
P5071,BA_INT,E711,5,1,1.32
P5072,BA_INT,E711,5,1,2.77
P5073,BA_INT,E711,5,1,0.8
P5074,BA_INT,E711,5,1,1.17
P5075,BA_INT,E711,5,1,1.14
P5076,BA_INT,E711,5,1,1.32
P5077,BA_INT,E711,5,1,2.01
P5078,BA_INT,E711,5,1,1.44
P5079,BA_INT,E711,5,1,2.83
P5080,BA_INT,E711,5,1,2.23
P5081,BA_INT,E711,5,1,1.64
P5082,BA_INT,E711,5,1,2.43
P5085,BA_INT,E711,5,1,1.36
P5086,JA,E711,5,1,1.12
P5089,BA_INT,E711,5,1,3.58
P5091,JA,E711,5,1,0.89
P5092,JA,E711,5,1,0.58
P5093,BA_INT,E711,5,1,2.2
P5094,BA_INT,E711,5,1,1.72
P5095,BA_INT,E711,5,1,1.67
P5096,BA_INT,E711,5,1,1.77
P5097,BA_INT,E711,5,1,1.25
P5098,JA,E711,5,1,1.73
P5099,BA_INT,E711,5,1,2.54
P5100,BA_INT,E711,5,1,2.22
P5101,BA_INT,E711,5,1,0.86
P5102,JA,E711,5,1,1.12
P5103,JA,E711,5,1,1.14
P5104,JA,E711,5,1,0.97
P5114,JA,E711,5,1,1.19
P5126,BA_INT,E711,5,1,2.01
P5138,BA_INT,E711,5,1,1.48
P5141,BA_INT,E711,4,1,0.66
P5142,BA_INT,E711,4,1,0.34
P5143,BA_INT,E711,5,1,1.48
P5144,JA,E711,5,1,1.64
P5145,JA,E712,5,1,0.9
P5146,BA_INT,E712,5,1,0.78
P5148,IG_TUT,E712,5,1,0.62
P5151,MA_TO_CO_JA,E713,6,1,0.67
P5152,MA_TO_CO_JA,E713,6,1,0.75
P5153,MA_TO_CO_JA,E713,6,1,0.38
P5154,MA_TO_CO_JA,E713,6,1,0.05
P5155,MA_TO_CO_JA,E713,5,1,0.31
P5157,MA_TO_CO_JA,E713,5,1,0.35
P5158,MA_ROTA,E714,5,1,0.05
P5159,MA_ROTA,E714,5,1,0.36
P5160,MA_ROTA,E714,5,1,0.47
P5161,MA_ROTA,E714,5,1,0.84
P5164,MA_ROTA,E714,5,1,0.44
P5165,JA,E714,5,1,0.09
P5166,BA_INT,E714,5,1,0.17
P5167,MA_ROTA,E714,5,1,0.31
P5168,BA_INT,E714,5,1,0.65
P5169,MA_ROTA,E714,5,1,0.82
P5170,MA_ROTA,E714,5,1,0.42
P5171,MA_ROTA,E714,5,1,0.51
P5172,MA_ROTA,E714,5,1,0.53
P5173,JA,E714,5,1,0.13
P5174,MA_ROTA,E714,5,1,0.54
P5175,MA_ROTA,E714,5,1,0.58
P5176,MA_ROTA,E714,5,1,0.04
P5177,MA_ROTA,E715,5,1,0.83
P5179,MA_ROTA,E715,5,1,0.51
P5180,MA_TO_CO_JA,E716,4,1,1.68
P5184,MA_TO_CO_JA,E716,5,1,1.59
P5186,MA_TO_CO_JA,E716,5,1,1.26
P5187,MA_TO_CO_JA,E716,5,1,0.8
P5188,MA_ROTA,E716,5,1,0.12
P5193,MA_TO_CO_JA,E716,4,1,0.71
P5194,MA_TO_CO_JA,E716,4,1,1.35
P5195,MA_TO_CO_JA,E716,4,1,0.78
P5196,PN_PIQ,E717,6,1,0.92
P5197,PN_PIQ,E717,6,1,1.23
P5198,PN_PIQ,E717,6,1,0.93
P5201,BA_INT,E718,5,1,0.84
P5205,MA_TO_CO_JA,E718,5,1,0.95
P5206,JA,E718,5,1,0.8
P5208,MA_TO_CO_JA,E719,5,1,0.66
P5209,MA_TO_CO_JA,E719,5,1,0.46
P5210,BA_INT,E719,5,1,0.76
P5212,JA,E719,5,1,0.39
P5213,BA_INT,E719,5,1,0.26
P5215,MA_ROTA,E720,5,1,2.01
P5216,BA_SINT,E720,5,1,0.69
P5217,JA,E720,5,1,0.41
P5218,MA_ROTA,E720,5,1,1.32
P5219,MA_ROTA,E720,5,1,0.33
P5220,MA_ROTA,E720,5,1,0.34
P5222,BA_INT,E720,5,1,1.29
P5223,BA_INT,E720,5,1,0.77
P5224,MA_ROTA,E720,5,1,0.71
P5225,MA_ROTA,E720,5,1,0.21
P5226,MA_ROTA,E720,5,1,0.84
P5228,BA_SINT,E720,5,1,0.79
P5229,MA_ROTA,E720,5,1,0.72
P5230,MA_ROTA,E720,5,1,1.24
P5231,AN_PA,E720,5,1,0.76
P5232,AN_PA,E720,5,1,0.8
P5233,JA,E720,5,1,0.97
P5234,BA_SINT,E720,5,1,0.71
P5235,MA_TO_CO_JA,E721,4,1,1.22
P5239,MA_TO_CO_JA,E721,5,1,0.31
P5241,BA_INT,E722,5,1,1.17
P5243,BA_INT,E722,5,1,0.98
P5245,BA_INT,E722,5,1,0.5
P5246,JA,E722,5,1,0.79
P5247,BA_INT,E722,5,1,0.2
P5248,BA_INT,E722,5,1,0.98
P5249,BA_INT,E722,5,1,0.53
P5250,BA_INT,E722,5,1,1.49
P5251,JA,E722,5,1,1.26
P5252,BA_INT,E722,5,1,2.15
P5254,BA_INT,E722,5,1,0.08
P5255,BA_INT,E722,5,1,1.76
P5256,BA_INT,E723,5,1,0.6
P5257,BA_INT,E723,5,1,1.54
P5258,BA_INT,E723,5,1,2.05
P5259,BA_INT,E723,5,1,0.97
P5260,BA_INT,E723,5,1,2.04
P5261,BA_INT,E723,5,1,0.9
P5262,BA_INT,E723,5,1,1.18
P5263,BA_INT,E723,5,1,0.6
P5264,BA_INT,E723,5,1,1.71
P5265,JA,E723,5,1,3.0
P5266,BA_INT,E723,5,1,0.5
P5267,BA_INT,E723,5,1,0.99
P5268,JA,E724,5,1,0.27
P5269,BA_INT,E724,5,1,0.67
P5270,MA_ROTA,E724,5,1,0.62
P5274,BA_INT,E724,5,1,0.25
P5275,MA_ROTA,E724,5,1,0.54
P5276,MA_ROTA,E724,5,1,0.32
P5277,MA_ROTA,E725,5,1,0.65
P5278,MA_ROTA,E725,5,1,0.41
P5279,MA_ROTA,E725,5,1,1.6
P5280,MA_ROTA,E725,5,1,1.25
P5281,MA_ROTA,E725,5,1,0.79
P5282,MA_ROTA,E725,5,1,1.42
P5283,MA_ROTA,E725,5,1,1.21
P5284,MA_ROTA,E725,5,1,0.29
P5285,MA_ROTA,E725,5,1,0.4
P5286,AN_PA,E726,4,1,0.31
P5287,AN_PA,E726,4,1,0.56
P5288,AN_PA,E726,4,1,0.34
P5289,IG_TUT,E726,4,1,1.33
P5290,AN_PA,E726,4,1,0.68
P5291,AN_PA,E726,4,1,1.05
P5292,AN_PA,E726,4,1,0.32
P5295,AN_PA,E726,4,1,1.14
P5298,AN_PA,E726,4,1,1.06
P5299,AN_PA,E726,4,1,0.62
P5300,AN_PA,E726,4,1,1.08
P5301,AN_PA,E726,4,1,1.87
P5302,AN_PA,E726,4,1,0.79
P5303,AN_PA,E726,4,1,0.52
P5304,AN_PA,E726,4,1,0.35
P5305,AN_PA,E726,4,1,0.47
P5306,AN_PA,E726,4,1,1.25
P5307,AN_PA,E726,4,1,1.64
P5308,AN_PA,E726,4,1,0.51
P5309,IG_TUT,E726,4,1,0.87
P5310,AN_PA,E726,4,1,2.94
P5311,AN_PA,E726,4,1,0.31
P5312,AN_PA,E726,4,1,1.67
P5314,IG_TUT,E726,4,1,0.87
P5315,IG_TUT,E726,4,1,0.94
P5316,PN_PIQ,E727,3,2,0.15
P5317,PN_PIQ,E727,3,2,0.46
P5318,PN_PIQ,E727,3,2,0.2
P5320,MA_ROTA,E728,5,1,0.33
P5322,MA_ROTA,E728,5,1,1.2
P5324,MA_ROTA,E728,5,1,0.74
P5325,MA_ROTA,E728,5,1,0.44
P5326,MA_ROTA,E728,5,1,0.52
P5327,MA_ROTA,E728,5,1,0.55
P5328,MA_ROTA,E728,5,1,1.72
P5329,MA_ROTA,E728,5,1,0.22
P5330,MA_ROTA,E728,5,1,0.45
P5331,MA_ROTA,E728,5,1,0.39
P5332,MA_ROTA,E728,5,1,0.61
P5334,MA_ROTA,E728,5,1,0.36
P5342,MA_ROTA,E729,3,2,0.39
P5353,MA_TO_CO_JA,E730,5,1,1.89
P5358,AN_PA,E731,1,2,0.1
P5359,IG_PLA,E731,1,2,0.38
P5360,IG_PLA,E731,1,2,0.31
P5362,IG_PLA,E731,1,2,0.33
P5363,IG_PLA,E731,1,2,2.78
P5364,IG_PLA,E731,1,2,0.99
P5365,IG_PLA,E731,1,2,0.8
P5366,IG_PLA,E731,1,2,0.33
P5367,IG_PLA,E731,1,2,0.46
P5368,IG_PLA,E731,1,2,0.69
P5369,IG_PLA,E731,1,2,0.42
P5370,IG_PLA,E731,1,2,0.3
P5372,AN_PA,E731,1,2,0.29
P5373,IG_PLA,E731,1,2,0.16
P5375,IG_PLA,E731,1,2,0.04
P5376,AN_PA,E731,1,2,0.05
P5377,IG_PLA,E731,1,2,0.02
P5378,IG_PLA,E731,1,2,0.9
P5379,AN_PA,E731,1,2,0.1
P5385,IG_PLA,E731,1,2,0.67
P5386,IG_PLA,E731,1,2,0.48
P5387,BA_INT,E732,5,1,2.64
P5388,BA_INT,E732,5,1,2.42
P5389,MA_ROTA,E732,5,1,2.1
P5390,MA_ROTA,E732,5,1,1.64
P5391,JA,E732,5,1,2.31
P5392,BA_INT,E732,5,1,1.9
P5393,MA_ROTA,E732,5,1,1.49
P5394,MA_ROTA,E732,5,1,0.15
P5395,JA,E732,5,1,1.3
P5396,BA_INT,E732,5,1,0.46
P5398,MA_ROTA,E732,5,1,0.11
P5399,MA_ROTA,E732,5,1,2.71
P5400,BA_INT,E732,5,1,2.41
P5402,BA_INT,E732,5,1,1.8
P5404,BA_INT,E732,5,1,1.29
P5406,JA,E732,5,1,0.33
P5407,BA_INT,E732,5,1,1.89
P5408,JA,E732,5,1,1.39
P5409,BA_INT,E732,5,1,1.52
P5410,BA_INT,E732,5,1,1.89
P5412,BA_INT,E732,5,1,2.62
P5413,JA,E732,5,1,0.67
P5414,BA_INT,E732,5,1,1.3
P5415,BA_INT,E732,5,1,0.21
P5416,BA_INT,E732,5,1,2.34
P5418,BA_INT,E732,5,1,1.14
P5420,BA_INT,E732,5,1,1.51
P5421,BA_INT,E732,5,1,1.17
P5425,MA_ROTA,E733,2,2,6.76
P5427,MA_ROTA,E733,2,2,1.18
P5429,MA_ROTA,E733,2,2,1.06
P5433,MA_ROTA,E733,2,2,1.02
P5435,MA_ROTA,E733,2,2,0.95
P5436,MA_ROTA,E733,2,2,0.29
P5439,MA_ROTA,E733,2,2,1.76
P5442,MA_ROTA,E733,2,2,2.7
P5445,MA_ROTA,E734,2,2,0.75
P5446,MA_ROTA,E734,2,2,0.24
P5447,MA_ROTA,E734,2,2,0.53
P5449,MA_ROTA,E734,2,2,0.96
P5451,MA_TO_CO_JA,E735,4,1,0.58
P5452,MA_TO_CO_JA,E735,4,1,0.51
P5453,MA_TO_CO_JA,E735,4,1,0.35
P5454,MA_TO_CO_JA,E735,4,1,1.05
P5455,MA_TO_CO_JA,E735,4,1,0.46
P5456,MA_ROTA,E736,5,1,1.02
P5457,MA_ROTA,E736,5,1,0.41
P5460,BA_PER,E737,5,1,0.99
P5462,BA_PER,E737,5,1,0.24
P5463,BA_SINT,E737,5,1,0.62
P5464,MA_TO_CO_JA,E737,5,1,0.9
P5465,BA_INT,E737,5,1,0.62
P5466,MA_TO_CO_JA,E737,5,1,0.75
P5467,JA,E737,5,1,0.23
P5469,MA_TO_CO_JA,E737,5,1,0.33
P5470,BA_PER,E737,5,1,1.74
P5471,MA_TO_CO_JA,E737,5,1,0.87
P5472,BA_PER,E737,5,1,2.81
P5473,BA_INT,E737,5,1,0.21
P5475,MA_TO_CO_JA,E737,5,1,1.55
P5477,BA_INT,E737,5,1,0.25
P5478,BA_SINT,E737,5,1,0.35
P5479,MA_TO_CO_JA,E737,5,1,0.36
P5480,BA_INT,E738,6,1,1.43
P5481,BA_INT,E738,6,1,0.37
P5487,BA_INT,E738,6,1,0.44
P5488,MA_TO_CO_JA,E738,6,1,1.01
P5490,JA,E738,6,1,0.45
P5491,MA_TO_CO_JA,E738,6,1,0.97
P5495,MA_ROTA,E739,5,1,0.5
P5496,MA_ROTA,E739,5,1,0.27
P5497,BA_INT,E739,5,1,0.18
P5498,JA,E739,5,1,0.13
P5499,MA_ROTA,E739,5,1,0.36
P5501,MA_ROTA,E739,5,1,0.18
P5502,MA_ROTA,E739,5,1,0.18
P5504,MA_ROTA,E739,5,1,0.22
P5505,BA_INT,E739,5,1,0.13
P5507,BA_INT,E739,5,1,0.14
P5508,BC_BT,E740,5,1,0.77
P5509,BC_BT,E740,5,1,0.68
P5510,BC_BT,E740,5,1,0.94
P5511,BC_BT,E740,5,1,0.27
P5512,BC_BT,E740,5,1,0.22
P5513,BC_BT,E740,5,1,0.09
P5514,BC_BT,E740,5,1,0.08
P5515,MA_ROTA,E741,5,1,0.54
P5518,MA_ROTA,E741,5,1,0.88
P5520,MA_ROTA,E741,5,1,0.84
P5522,MA_ROTA,E741,5,1,0.77
P5523,MA_ROTA,E741,5,1,0.74
P5524,MA_ROTA,E741,5,1,0.62
P5528,JA,E742,5,1,1.58
P5529,BA_INT,E742,5,1,0.67
P5531,BA_INT,E742,5,1,0.85
P5532,JA,E742,5,1,0.34
P5533,MA_TO_CO_JA,E742,5,1,0.55
P5534,MA_TO_CO_JA,E742,5,1,0.19
P5535,JA,E742,5,1,1.14
P5536,BA_INT,E742,5,1,1.93
P5537,BA_INT,E742,5,1,1.75
P5538,BA_INT,E742,5,1,1.33
P5539,BA_INT,E742,5,1,1.5
P5540,BA_INT,E742,5,1,0.7
P5541,BA_INT,E742,5,1,1.65
P5542,IG_PLA,E743,2,2,3.06
P5543,BC_GTMG,E743,2,2,0.7
P5544,BC_GTMG,E743,2,2,0.96
P5545,IG_PLA,E743,2,2,1.47
P5546,BC_GTMG,E743,2,2,0.73
P5547,IG_PLA,E743,2,2,0.59
P5548,BC_GTMG,E743,2,2,0.86
P5549,PN_PIQ,E744,4,1,2.08
P5550,PN_PIQ,E744,4,1,0.15
P5551,PN_PIQ,E744,4,1,2.22
P5552,PN_PIQ,E744,4,1,1.33
P5553,PN_PIQ,E744,4,1,1.0
P5554,PN_PIQ,E744,4,1,1.37
P5555,PN_PIQ,E744,4,1,0.99
P5556,PN_PIQ,E744,4,1,0.5
P5557,BC_GTMG,E745,3,2,0.68
P5558,IG_PLA,E745,3,2,1.58
P5559,BC_GTMG,E745,3,2,0.35
P5560,BC_GTMG,E745,3,2,0.28
P5561,BC_GTMG,E745,3,2,0.54
P5562,BC_GTMG,E745,3,2,1.68
P5563,IG_PLA,E745,3,2,1.69
P5564,IG_PLA,E745,3,2,0.91
P5565,MA_ROTA,E746,5,1,1.11
P5567,BA_INT,E746,5,1,1.07
P5569,BA_INT,E746,5,1,2.59
P5570,MA_ROTA,E746,5,1,3.09
P5574,BA_INT,E746,5,1,2.76
P5575,JA,E746,5,1,2.17
P5576,BA_INT,E746,5,1,1.95
P5577,JA,E746,5,1,0.36
P5578,BA_INT,E746,5,1,4.56
P5579,MA_ROTA,E746,5,1,0.25
P5580,MA_ROTA,E746,5,1,0.55
P5581,BA_INT,E746,5,1,3.19
P5582,MA_ROTA,E746,5,1,3.55
P5584,JA,E746,5,1,2.59
P5585,BA_INT,E746,5,1,2.52
P5586,MA_ROTA,E746,5,1,2.63
P5588,MA_ROTA,E747,5,1,0.43
P5589,MA_ROTA,E747,5,1,0.21
P5594,MA_ROTA,E747,4,1,0.59
P5595,MA_ROTA,E747,4,1,0.51
P5596,MA_ROTA,E747,4,1,0.75
P5597,MA_ROTA,E747,4,1,1.35
P5598,MA_ROTA,E747,4,1,0.93
P5599,MA_ROTA,E747,4,1,0.44
P5600,MA_ROTA,E747,4,1,0.95
P5601,MA_ROTA,E747,5,1,0.42
P5602,MA_ROTA,E747,4,1,0.52
P5603,MA_ROTA,E747,4,1,0.42
P5604,MA_ROTA,E747,4,1,0.53
P5605,MA_ROTA,E747,4,1,0.38
P5607,MA_ROTA,E747,5,1,0.06
P5608,MA_ROTA,E747,4,1,0.51
P5609,MA_ROTA,E747,5,1,0.26
P5610,MA_ROTA,E747,5,1,0.5
P5611,MA_ROTA,E747,5,1,0.31
P5613,MA_ROTA,E747,5,1,0.22
P5614,MA_ROTA,E747,5,1,0.47
P5616,PN_PIQ,E748,6,1,1.23
P5617,PN_PIQ,E748,6,1,0.59
P5618,PN_PIQ,E749,6,1,2.13
P5619,PN_PIQ,E749,6,1,0.46
P5620,PN_PIQ,E749,6,1,1.03
P5621,PN_PIQ,E749,6,1,0.29
P5622,PN_PIQ,E749,6,1,0.37
P5623,PN_PIQ,E749,6,1,2.07
P5624,PN_PIQ,E749,6,1,1.16
P5625,PN_PIQ,E749,6,1,0.45
P5626,PN_PIQ,E749,6,1,0.42
P5627,PN_PIQ,E749,6,1,1.42
P5628,PN_PIQ,E749,6,1,1.1
P5629,PN_PIQ,E749,6,1,1.22
P5630,PN_PIQ,E749,6,1,0.29
P5631,PN_PIQ,E749,6,1,0.33
P5632,PN_PIQ,E749,6,1,1.23
P5633,PN_PIQ,E749,6,1,2.92
P5634,PN_PIQ,E749,6,1,0.93
P5635,PN_PIQ,E749,6,1,1.65
P5636,MA_TO_CO_JA,E750,4,1,0.33
P5637,MA_TO_CO_JA,E750,4,1,1.24
P5638,IG_TUT,E751,4,1,0.05
P5639,IG_TUT,E751,4,1,0.06
P5640,IG_TUT,E751,4,1,0.27
P5641,IG_TUT,E751,4,1,0.3
P5642,IG_TUT,E751,4,1,0.14
P5643,CS_BT_NIM,E751,4,1,0.9
P5644,IG_TUT,E751,4,1,0.55
P5645,IG_TUT,E751,4,1,0.23
P5646,IG_TUT,E751,4,1,0.55
P5647,IG_TUT,E751,4,1,2.24
P5648,CS_BT_NIM,E751,4,1,1.16
P5649,IG_TUT,E751,4,1,0.24
P5651,CS_BT_NIM,E751,4,1,0.52
P5652,IG_TUT,E751,4,1,0.07
P5653,MA_ROTA,E752,4,1,1.94
P5654,MA_ROTA,E752,4,1,1.12
P5655,MA_ROTA,E752,4,1,0.74
P5657,MA_ROTA,E752,4,1,0.52
P5658,MA_ROTA,E752,4,1,0.54
P5659,MA_ROTA,E752,4,1,3.33
P5660,MA_ROTA,E752,4,1,0.27
P5661,MA_ROTA,E752,4,1,0.7
P5662,MA_ROTA,E752,4,1,0.33
P5663,MA_ROTA,E752,4,1,0.23
P5664,MA_ROTA,E753,5,1,0.47
P5665,MA_ROTA,E753,5,1,0.39
P5666,MA_ROTA,E753,5,1,0.34
P5668,IG_TUT,E754,4,1,1.38
P5669,CS_BT_NIM,E754,4,1,0.3
P5671,IG_TUT,E754,4,1,0.92
P5672,IG_TUT,E754,4,1,0.52
P5674,PN_PIQ,E755,4,1,1.39
P5675,PN_PIQ,E755,4,1,0.61
P5676,PN_PIQ,E755,4,1,1.08
P5677,CS_BT_NIM,E756,4,1,0.9
P5678,CS_BT_NIM,E756,4,1,0.88
P5679,IG_TUT,E756,4,1,2.1
P5680,MA_TO_CO_JA,E757,4,1,3.4
P5681,MA_TO_CO_JA,E757,4,1,3.68
P5682,MA_TO_CO_JA,E757,4,1,0.18
P5683,MA_TO_CO_JA,E757,4,1,0.21
P5684,CS_BT_NIM,E758,4,1,0.55
P5685,IG_TUT,E758,4,1,1.06
P5686,MA_ROTA,E759,4,1,4.97
P5687,PN_PIQ,E760,4,1,0.67
P5688,PN_PIQ,E760,4,1,0.74
P5689,PN_PIQ,E760,4,1,2.53
P5690,MA_ROTA,E761,3,2,1.02
P5691,MA_TO_CO_JA,E761,3,2,0.72
P5693,MA_TO_CO_JA,E761,3,2,0.52
P5694,MA_TO_CO_JA,E761,3,2,0.01
P5695,MA_ROTA,E761,3,2,0.7
P5698,MA_TO_CO_JA,E761,3,2,0.51
P5699,MA_TO_CO_JA,E761,3,2,0.03
P5700,MA_ROTA,E762,3,2,0.61
P5701,MA_ROTA,E762,3,2,1.85
P5702,MA_ROTA,E762,3,2,0.67
P5703,MA_ROTA,E762,3,2,0.68
P5704,BC_GTMG,E763,3,2,1.33
P5705,BC_GTMG,E763,3,2,2.66
P5707,IG_PLA,E763,3,2,2.23
P5708,IG_PLA,E763,3,2,1.3
P5709,BC_GTMG,E763,3,2,0.91
P5711,MA_ROTA,E764,1,2,0.84
P5712,MA_ROTA,E764,1,2,0.36
P5713,MA_ROTA,E764,1,2,1.33
P5714,MA_ROTA,E764,1,2,0.29
P5716,MA_ROTA,E765,3,2,0.22
P5717,MA_ROTA,E765,3,2,1.25
P5718,MA_ROTA,E765,3,2,0.89
P5719,MA_ROTA,E765,3,2,0.87
P5720,MA_ROTA,E765,3,2,1.42
P5721,MA_ROTA,E765,3,2,0.86
P5722,MA_ROTA,E765,3,2,0.23
P5723,MA_ROTA,E765,2,2,0.45
P5724,MA_ROTA,E765,3,2,0.09
P5725,MA_ROTA,E765,3,2,0.52
P5726,MA_ROTA,E765,3,2,1.31
P5727,MA_ROTA,E766,3,2,2.65
P5728,MA_ROTA,E766,3,2,0.55
P5729,MA_ROTA,E766,3,2,0.15
P5731,MA_ROTA,E766,3,2,2.88
P5732,MA_ROTA,E766,3,2,0.39
P5734,MA_ROTA,E766,3,2,0.3
P5735,BC_GTMG,E767,3,2,1.18
P5736,IG_PLA,E767,3,2,2.23
P5737,IG_PLA,E767,3,2,1.31
P5738,BC_GTMG,E767,3,2,0.53
P5739,IG_PLA,E767,3,2,0.86
P5740,BC_GTMG,E767,3,2,0.47
P5741,BC_GTMG,E767,3,2,0.09
P5742,MA_ROTA,E768,3,2,0.7
P5743,MA_ROTA,E768,3,2,0.13
P5744,MA_ROTA,E768,3,2,1.44
P5745,MA_ROTA,E768,3,2,1.42
P5747,MA_ROTA,E768,3,2,0.38
P5748,MA_ROTA,E768,3,2,1.62
P5749,MA_ROTA,E768,3,2,0.34
P5751,MA_ROTA,E768,3,2,0.85
P5752,MA_ROTA,E768,3,2,0.6
P5754,MA_ROTA,E768,3,2,0.41
P5756,MA_ROTA,E768,3,2,1.55
P5757,MA_ROTA,E768,3,2,0.28
P5758,MA_ROTA,E768,3,2,0.68
P5759,MA_ROTA,E768,3,2,1.0
P5760,MA_ROTA,E768,3,2,0.46
P5761,MA_TO_CO_JA,E768,3,2,4.25
P5763,PN_PIQ,E769,3,2,0.71
P5764,PN_PIQ,E769,3,2,0.26
P5765,PN_PIQ,E769,3,2,0.55
P5766,PN_PIQ,E770,7,3,3.48
P5767,PN_PIQ,E770,7,3,1.5
P5768,PN_PIQ,E770,7,3,1.89
P5769,PN_PIQ,E771,7,3,0.43
P5770,PN_PIQ,E771,7,3,0.65
P5771,PN_PIQ,E771,7,3,0.53
P5772,PN_PIQ,E771,7,3,2.88
P5774,PN_PIQ,E772,7,3,0.43
P5775,PN_PIQ,E772,7,3,0.47
P5776,PN_PIQ,E772,7,3,1.11
P5777,PN_PIQ,E772,7,3,0.42
P5778,PN_PIQ,E772,7,3,0.86
P5779,PN_PIQ,E772,7,3,0.53
P5780,PN_PIQ,E772,7,3,0.22
P5781,PN_PIQ,E773,7,3,0.94
P5782,PN_PIQ,E773,7,3,0.8
P5783,PN_PIQ,E774,7,3,0.36
P5784,PN_PIQ,E774,7,3,0.38
P5785,PN_PIQ,E774,7,3,8.19
P5786,PN_PIQ,E774,7,3,0.24
P5787,PN_PIQ,E774,7,3,0.28
P5788,PN_PIQ,E774,7,3,0.34
P5789,PN_PIQ,E775,7,3,0.41
P5790,PN_PIQ,E775,7,3,0.15
P5791,PN_PIQ,E775,7,3,0.26
P5792,PN_PIQ,E775,7,3,0.25
P5793,PN_PIQ,E776,7,3,0.38
P5794,PN_PIQ,E776,7,3,0.28
P5795,PN_PIQ,E777,7,3,0.26
P5796,PN_PIQ,E777,7,3,1.23
P5797,PN_PIQ,E777,7,3,0.22
P5798,PN_PIQ,E777,7,3,0.3
P5799,PN_PIQ,E777,7,3,1.26
P5800,PN_PIQ,E777,7,3,0.93
P5801,PN_PIQ,E777,7,3,0.37
P5802,MA_ROTA,E778,7,3,0.49
P5803,MA_ROTA,E778,7,3,0.28
P5804,PN_PIQ,E779,7,3,0.3
P5805,PN_PIQ,E779,7,3,0.75
P5806,PN_PIQ,E779,7,3,0.26
P5807,MA_TO_CO_JA,E780,7,3,0.78
P5808,MA_TO_CO_JA,E780,7,3,0.89
P5809,PN_PIQ,E781,7,3,0.62
P5810,PN_PIQ,E781,7,3,1.82
P5811,PN_PIQ,E781,7,3,0.3
P5812,PN_PIQ,E782,7,3,0.33
P5813,PN_PIQ,E782,7,3,1.17
P5815,JA,E783,5,1,0.61
P5816,MA_ROTA,E783,5,1,0.47
P5817,BA_INT,E783,5,1,0.39
P5820,BA_INT,E783,5,1,0.66
P5821,MA_ROTA,E783,5,1,0.61
P5822,MA_ROTA,E783,5,1,0.87
P5823,BA_INT,E783,5,1,1.2
P5824,MA_ROTA,E783,5,1,1.21
P5825,BA_INT,E783,5,1,0.68
P5826,MA_ROTA,E783,5,1,0.33
P5827,MA_ROTA,E784,3,2,0.97
P5830,MA_ROTA,E784,3,2,0.64
P5831,MA_ROTA,E784,3,2,0.89
P5832,MA_ROTA,E784,3,2,0.89
P5833,MA_ROTA,E784,3,2,0.31
P5836,MA_ROTA,E784,3,2,2.79
P5837,IG_PLA,E785,3,2,0.08
P5838,IG_PLA,E785,3,2,0.97
P5839,IG_PLA,E785,3,2,0.04
P5840,IG_PLA,E785,3,2,1.07
P5841,BC_GTMG,E785,3,2,0.11
P5843,BC_GTMG,E785,3,2,1.14
P5844,BC_GTMG,E785,3,2,0.7
P5846,IG_PLA,E785,3,2,0.99
P5847,IG_PLA,E785,3,2,1.3
P5848,BC_GTMG,E785,3,2,1.16
P5849,IG_PLA,E785,3,2,0.8
P5850,IG_PLA,E785,3,2,0.63
P5851,BA_SINT,E786,5,1,0.82
P5853,BA_SINT,E786,5,1,0.63
P5854,BA_INT,E786,5,1,2.12
P5856,BA_INT,E786,5,1,0.36
P5857,BA_INT,E786,5,1,0.22
P5858,JA,E786,5,1,0.8
P5859,BA_INT,E786,5,1,1.32
P5860,JA,E786,5,1,0.48
P5861,BA_SINT,E786,5,1,0.22
P5863,BA_SINT,E786,5,1,0.57
P5864,BA_INT,E786,5,1,0.21
P5865,BA_INT,E786,5,1,0.26
P5866,BA_SINT,E786,5,1,0.66
P5867,BA_SINT,E786,5,1,0.45
P5868,BA_SINT,E786,5,1,1.07
P5870,MA_ROTA,E786,5,1,0.29
P5871,MA_ROTA,E786,5,1,0.54
P5872,MA_ROTA,E786,5,1,1.05
P5874,BA_SINT,E786,5,1,0.36
P5875,BA_INT,E786,5,1,1.49
P5878,BA_SINT,E786,5,1,0.3
P5880,BA_SINT,E787,5,1,0.59
P5881,MA_ROTA,E787,5,1,0.53
P5882,MA_ROTA,E787,5,1,1.03
P5883,JA,E787,5,1,0.2
P5884,MA_ROTA,E787,5,1,1.3
P5885,MA_ROTA,E787,5,1,0.59
P5886,MA_ROTA,E787,5,1,1.5
P5887,MA_ROTA,E787,5,1,0.34
P5888,BA_INT,E787,5,1,0.18
P5889,MA_ROTA,E787,5,1,1.07
P5890,MA_ROTA,E787,5,1,0.72
P5891,JA,E787,5,1,0.47
P5892,BA_INT,E787,5,1,1.71
P5893,PN_PIQ,E788,2,2,3.27
P5894,PN_PIQ,E789,2,2,1.56
P5895,PN_PIQ,E789,2,2,0.97
P5896,PN_PIQ,E790,2,2,0.61
P5897,PN_PIQ,E790,2,2,0.52
P5899,PN_PIQ,E790,2,2,0.6
P5900,PN_PIQ,E791,2,2,2.93
P5902,PN_PIQ,E792,2,2,3.21
P5903,PN_PIQ,E793,1,2,1.73
P5904,PN_PIQ,E794,1,2,0.81
P5905,PN_PIQ,E794,1,2,0.77
P5906,PN_PIQ,E794,1,2,0.66
P5910,PN_PIQ,E794,1,2,3.75
P5911,PN_PIQ,E794,1,2,0.57
P5912,PN_PIQ,E794,1,2,0.58
P5913,PN_PIQ,E794,1,2,0.56
P5914,PN_PIQ,E795,2,2,1.74
P5915,PN_PIQ,E795,2,2,6.61
P5916,PN_PIQ,E795,2,2,4.22
P5917,PN_PIQ,E795,2,2,2.86
P5918,PN_PIQ,E795,2,2,5.48
P5919,PN_PIQ,E796,2,2,0.77
P5920,PN_PIQ,E796,2,2,1.43
P5922,PN_PIQ,E796,2,2,0.69
P5923,PN_PIQ,E796,2,2,0.27
P5925,PN_PIQ,E796,2,2,0.87
P5926,PN_PIQ,E796,2,2,0.69
P5927,PN_PIQ,E796,2,2,0.26
P5928,PN_PIQ,E796,2,2,0.25
P5930,PN_PIQ,E796,2,2,0.51
P5931,PN_PIQ,E796,2,2,0.62
P5932,PN_PIQ,E796,2,2,1.24
P5933,PN_PIQ,E796,2,2,0.42
P5934,PN_PIQ,E796,2,2,1.48
P5935,PN_PIQ,E796,2,2,0.88
P5938,PN_PIQ,E796,2,2,0.43
P5940,PN_PIQ,E796,2,2,0.1
P5941,PN_PIQ,E796,2,2,1.09
P5942,PN_PIQ,E796,2,2,1.02
P5943,PN_PIQ,E796,2,2,2.42
P5944,PN_PIQ,E796,2,2,0.92
P5945,PN_PIQ,E797,2,2,1.12
P5946,PN_PIQ,E797,2,2,3.3
P5947,PN_PIQ,E797,2,2,0.7
P5949,PN_PIQ,E797,2,2,1.53
P5950,PN_PIQ,E797,2,2,0.68
P5952,PN_PIQ,E797,2,2,0.26
P5953,PN_PIQ,E797,2,2,0.38
P5955,PN_PIQ,E797,2,2,1.21
P5956,PN_PIQ,E797,2,2,1.26
P5957,PN_PIQ,E797,2,2,0.49
P5959,PN_PIQ,E797,2,2,1.39
P5961,PN_PIQ,E797,2,2,0.42
P5965,PN_PIQ,E797,2,2,1.51
P5966,PN_PIQ,E797,2,2,1.04
P5968,PN_PIQ,E797,2,2,0.46
P5971,PN_PIQ,E797,2,2,0.37
P5972,PN_PIQ,E797,2,2,0.92
P5973,PN_PIQ,E797,2,2,1.6
P5974,PN_PIQ,E798,2,2,0.93
P5975,PN_PIQ,E799,2,2,3.55
P5978,MA_ROTA,E800,2,2,1.7
P5979,MA_ROTA,E800,2,2,0.8
P5980,MA_ROTA,E800,2,2,0.64
P5983,JA,E801,5,1,0.44
P5985,BA_INT,E801,5,1,0.38
P5988,BA_INT,E801,5,1,0.51
P5989,MA_ROTA,E802,1,2,1.07
P5990,JA,E802,1,2,1.12
P5992,BA_INT,E802,1,2,2.52
P5993,MA_ROTA,E802,1,2,2.1
P5994,MA_ROTA,E802,1,2,1.22
P5996,MA_ROTA,E802,1,2,0.12
P5997,MA_TO_CO_JA,E803,7,3,0.55
P5998,MA_TO_CO_JA,E803,7,3,0.96
P5999,PN_PIQ,E804,7,3,0.47
P6000,PN_PIQ,E804,7,3,1.1
P6001,PN_PIQ,E804,7,3,0.95
P6002,PN_PIQ,E804,7,3,0.43
P6003,PN_PIQ,E805,7,3,0.31
P6004,IG_PLA,E805,7,3,0.14
P6005,IG_PLA,E805,7,3,0.74
P6006,PN_PIQ,E805,7,3,0.65
P6007,IG_PLA,E805,7,3,1.06
P6008,IG_PLA,E805,7,3,0.26
P6009,PN_PIQ,E805,7,3,0.45
P6010,PN_PIQ,E806,7,3,1.04
P6011,PN_PIQ,E806,7,3,2.02
P6012,PN_PIQ,E806,7,3,1.07
P6013,PN_PIQ,E806,7,3,3.53
P6014,IG_PLA,E807,2,2,0.81
P6015,BC_GTMG,E807,2,2,0.29
P6016,IG_PLA,E807,2,2,0.83
P6017,BC_GTMG,E807,2,2,0.35
P6018,BC_GTMG,E807,2,2,0.51
P6019,BC_GTMG,E807,2,2,1.04
P6020,BC_GTMG,E807,2,2,1.28
P6021,BC_GTMG,E807,2,2,0.11
P6022,IG_PLA,E807,2,2,4.38
P6023,PN_PIQ,E808,1,2,0.41
P6024,PN_PIQ,E808,1,2,2.19
P6025,PN_PIQ,E808,1,2,0.6
P6026,IG_PLA,E809,1,2,2.61
P6027,IG_PLA,E809,1,2,1.83
P6028,BC_GTMG,E809,1,2,1.2
P6029,BC_GTMG,E809,1,2,0.94
P6030,BC_GTMG,E809,1,2,0.42
P6031,IG_PLA,E809,3,2,0.45
P6032,BC_GTMG,E809,3,2,1.18
P6033,BC_GTMG,E810,1,2,1.2
P6034,BC_GTMG,E810,1,2,1.21
P6035,BC_GTMG,E810,1,2,5.16
P6036,BC_GTMG,E810,1,2,0.7
P6037,BC_GTMG,E810,1,2,4.48
P6038,IG_PLA,E811,2,2,0.67
P6039,IG_PLA,E811,1,2,0.23
P6040,BC_GTMG,E811,1,2,0.38
P6041,IG_PLA,E811,1,2,0.63
P6042,IG_PLA,E811,2,2,0.05
P6043,BC_GTMG,E811,2,2,0.86
P6044,IG_PLA,E811,1,2,0.2
P6045,PN_PIQ,E812,2,2,2.34
P6046,PN_PIQ,E812,2,2,0.82
P6047,PN_PIQ,E812,2,2,0.33
P6048,PN_PIQ,E813,2,2,0.93
P6049,PN_PIQ,E813,2,2,1.54
P6050,PN_PIQ,E813,2,2,0.59
P6051,PN_PIQ,E814,2,2,0.32
P6052,PN_PIQ,E814,2,2,1.57
P6053,PN_PIQ,E814,2,2,0.53
P6054,BC_GTMG,E815,2,2,0.47
P6055,BC_GTMG,E815,2,2,0.74
P6056,BC_GTMG,E815,2,2,0.26
P6057,BC_GTMG,E815,2,2,1.18
P6058,PN_PIQ,E816,2,2,0.62
P6059,PN_PIQ,E816,2,2,0.44
P6060,PN_PIQ,E816,2,2,0.29
P6061,PN_PIQ,E816,2,2,0.34
P6062,BC_GTMG,E817,2,2,1.14
P6063,BC_GTMG,E817,2,2,1.68
P6064,PN_PIQ,E818,2,2,0.85
P6065,PN_PIQ,E818,2,2,1.36
P6066,PN_PIQ,E819,2,2,0.56
P6067,PN_PIQ,E819,2,2,0.82
P6068,BC_GTMG,E820,1,2,0.63
P6069,IG_PLA,E820,1,2,1.85
P6070,BC_GTMG,E820,1,2,1.43
P6071,BC_GTMG,E820,1,2,0.64
P6072,IG_PLA,E820,1,2,1.89
P6073,BC_GTMG,E821,2,2,2.29
P6074,BC_GTMG,E821,2,2,0.57
P6075,BC_GTMG,E821,2,2,1.08
P6076,BC_GTMG,E821,2,2,0.07
P6077,BC_GTMG,E821,2,2,0.53
P6078,BC_GTMG,E821,2,2,2.29
P6079,BC_GTMG,E821,2,2,0.29
P6080,PN_PIQ,E822,2,2,0.66
P6081,PN_PIQ,E822,2,2,1.61
P6082,PN_PIQ,E822,2,2,0.94
P6083,PN_PIQ,E822,2,2,1.09
P6084,PN_PIQ,E822,2,2,0.54
P6085,PN_PIQ,E822,2,2,1.04
P6086,PN_PIQ,E823,2,2,0.48
P6087,IG_PLA,E824,7,3,0.77
P6088,BC_GTMG,E824,7,3,0.39
P6089,PN_PIQ,E824,7,3,0.58
P6090,IG_PLA,E824,7,3,0.68
P6091,IG_PLA,E824,7,3,0.3
P6092,IG_PLA,E824,7,3,0.39
P6093,PN_PIQ,E824,7,3,0.45
P6094,IG_PLA,E824,7,3,0.38
P6095,PN_PIQ,E825,7,3,0.29
P6096,PN_PIQ,E825,7,3,0.32
P6097,PN_PIQ,E825,7,3,0.68
P6098,PN_PIQ,E826,7,3,0.69
P6099,IG_PLA,E826,7,3,0.5
P6100,IG_PLA,E826,7,3,0.71
P6101,PN_PIQ,E827,7,3,0.73
P6102,PN_PIQ,E827,7,3,0.17
P6103,PN_PIQ,E827,7,3,0.45
P6104,PN_PIQ,E827,7,3,0.25
P6105,PN_PIQ,E827,7,3,1.05
P6106,PN_PIQ,E827,7,3,2.24
P6107,PN_PIQ,E827,7,3,0.35
P6108,PN_PIQ,E827,7,3,0.28
P6109,MA_ROTA,E828,7,3,0.77
P6110,MA_ROTA,E828,7,3,0.41
P6111,MA_ROTA,E828,7,3,0.33
P6112,MA_ROTA,E828,7,3,0.94
P6113,MA_ROTA,E828,7,3,0.35
P6114,MA_ROTA,E828,7,3,0.68
P6115,MA_ROTA,E828,7,3,0.38
P6116,MA_ROTA,E828,7,3,0.18
P6117,PN_PIQ,E829,7,3,0.83
P6118,IG_PLA,E829,7,3,0.33
P6120,MA_ROTA,E830,5,1,0.96
P6121,MA_ROTA,E830,5,1,0.1
P6123,MA_ROTA,E831,3,2,1.04
P6124,MA_ROTA,E831,3,2,1.0
P6125,MA_ROTA,E831,3,2,0.67
P6126,MA_ROTA,E831,3,2,0.33
P6127,MA_ROTA,E831,3,2,0.63
P6128,MA_ROTA,E831,3,2,0.87
P6129,MA_ROTA,E831,3,2,0.93
P6130,MA_ROTA,E831,3,2,0.27
P6131,MA_ROTA,E831,3,2,1.35
P6132,MA_ROTA,E831,3,2,0.97
P6133,MA_ROTA,E831,3,2,1.14
P6134,MA_ROTA,E831,3,2,0.66
P6135,MA_ROTA,E831,3,2,0.86
P6136,MA_ROTA,E831,3,2,2.31
P6137,MA_ROTA,E831,3,2,2.14
P6138,MA_TO_CO_JA,E832,7,3,0.98
P6139,MA_TO_CO_JA,E832,7,3,0.4
P6140,PN_PIQ,E833,7,3,2.36
P6141,PN_PIQ,E833,7,3,0.64
P6142,PN_PIQ,E833,7,3,1.05
P6143,PN_PIQ,E833,7,3,0.48
P6144,PN_PIQ,E833,7,3,0.75
P6145,IG_PLA,E834,7,3,0.63
P6146,IG_PLA,E834,7,3,0.68
P6148,PN_PIQ,E834,7,3,0.31
P6149,IG_PLA,E835,7,3,0.91
P6151,IG_PLA,E835,7,3,1.07
P6152,PN_PIQ,E835,7,3,0.45
P6153,MA_TO_CO_JA,E836,7,3,0.67
P6154,PN_PIQ,E837,7,3,0.39
P6155,PN_PIQ,E837,7,3,1.01
P6156,PN_PIQ,E837,7,3,0.4
P6157,IG_PLA,E838,7,3,1.0
P6158,IG_PLA,E838,7,3,0.5
P6159,PN_PIQ,E838,7,3,0.82
P6160,PN_PIQ,E838,7,3,0.82
P6161,MA_ROTA,E839,1,2,1.13
P6162,MA_TO_CO_JA,E839,7,3,1.05
P6163,MA_ROTA,E839,1,2,0.47
P6164,MA_ROTA,E839,1,2,0.84
P6165,MA_ROTA,E839,1,2,0.42
P6166,MA_ROTA,E839,1,2,0.1
P6168,MA_TO_CO_JA,E839,7,3,0.66
P6171,MA_ROTA,E839,1,2,1.27
P6172,MA_ROTA,E839,1,2,0.41
P6173,MA_ROTA,E839,1,2,1.11
P6174,PN_PIQ,E840,7,3,0.95
P6175,PN_PIQ,E840,7,3,0.84
P6176,IG_PLA,E841,7,3,0.12
P6177,PN_PIQ,E841,7,3,0.25
P6178,PN_PIQ,E841,7,3,0.4
P6179,PN_PIQ,E841,7,3,1.07
P6180,IG_PLA,E841,7,3,0.13
P6181,BA_INT,E842,5,1,0.63
P6182,JA,E842,5,1,0.12
P6183,BA_INT,E842,5,1,0.4
P6184,MA_TO_CO_JA,E842,5,1,0.69
P6187,MA_TO_CO_JA,E842,5,1,0.38
P6188,BA_INT,E842,5,1,0.36
P6189,BA_INT,E842,5,1,0.25
P6190,JA,E842,5,1,0.26
P6193,BA_SINT,E842,5,1,0.19
P6197,PN_PIQ,E843,4,1,1.16
P6198,PN_PIQ,E843,5,1,0.66
P6199,PN_PIQ,E843,5,1,0.38
P6200,PN_PIQ,E843,4,1,0.77
P6201,PN_PIQ,E843,4,1,0.55
P6203,PN_PIQ,E843,4,1,0.61
P6204,PN_PIQ,E843,4,1,1.33
P6205,PN_PIQ,E843,4,1,0.57
P6206,PN_PIQ,E843,5,1,0.44
P6207,JA,E843,5,1,0.68
P6208,MA_TO_CO_JA,E844,5,1,0.44
P6209,MA_TO_CO_JA,E844,5,1,0.4
P6210,MA_TO_CO_JA,E844,5,1,0.3
P6214,MA_TO_CO_JA,E844,5,1,0.11
P6215,JA,E845,5,1,0.68
P6216,MA_ROTA,E845,5,1,1.42
P6218,BA_INT,E845,5,1,1.14
P6219,MA_ROTA,E845,5,1,1.61
P6221,MA_ROTA,E845,5,1,1.46
P6223,MA_ROTA,E846,5,1,0.19
P6226,MA_ROTA,E846,5,1,0.57
P6232,MA_ROTA,E846,5,1,0.39
P6233,MA_ROTA,E846,5,1,0.88
P6234,MA_ROTA,E846,5,1,0.94
P6235,MA_ROTA,E847,5,1,0.72
P6237,MA_ROTA,E847,5,1,1.01
P6239,PN_PIQ,E848,2,2,0.22
P6240,PN_PIQ,E848,2,2,0.48
P6241,PN_PIQ,E848,2,2,2.92
P6242,PN_PIQ,E848,2,2,0.13
P6243,PN_PIQ,E849,3,2,1.25
P6244,PN_PIQ,E849,3,2,0.8
P6245,PN_PIQ,E849,3,2,0.7
P6246,PN_PIQ,E849,3,2,0.2
P6247,PN_PIQ,E849,3,2,6.0
P6248,MA_ROTA,E850,6,1,0.97
P6249,MA_TO_CO_JA,E850,6,1,0.24
P6250,MA_ROTA,E850,6,1,0.68
P6251,MA_TO_CO_JA,E850,6,1,0.12
P6252,MA_TO_CO_JA,E850,6,1,0.3
P6253,MA_TO_CO_JA,E850,6,1,0.29
P6254,MA_ROTA,E850,6,1,0.51
P6255,MA_TO_CO_JA,E850,6,1,0.49
P6256,MA_TO_CO_JA,E850,6,1,0.52
P6257,MA_TO_CO_JA,E850,6,1,0.65
P6258,MA_TO_CO_JA,E850,6,1,0.18
P6259,MA_TO_CO_JA,E850,6,1,0.64
P6260,MA_TO_CO_JA,E850,6,1,0.08
P6261,MA_TO_CO_JA,E851,7,3,1.15
P6262,MA_TO_CO_JA,E851,7,3,0.76
P6263,MA_TO_CO_JA,E851,7,3,0.81
P6264,MA_TO_CO_JA,E852,7,3,1.89
P6265,MA_TO_CO_JA,E852,7,3,0.72
P6266,MA_TO_CO_JA,E852,7,3,0.12
P6267,MA_TO_CO_JA,E852,7,3,0.23
P6268,MA_TO_CO_JA,E852,7,3,0.14
P6269,MA_TO_CO_JA,E852,7,3,0.72
P6270,MA_TO_CO_JA,E852,7,3,0.22
P6271,PN_PIQ,E853,7,3,1.23
P6272,PN_PIQ,E853,7,3,1.19
P6273,PN_PIQ,E853,7,3,0.41
P6274,PN_PIQ,E853,7,3,1.12
P6276,MA_TO_CO_JA,E854,5,1,0.45
P6277,MA_TO_CO_JA,E854,5,1,0.71
P6280,MA_ROTA,E854,5,1,1.2
P6283,MA_TO_CO_JA,E854,5,1,0.91
P6285,MA_TO_CO_JA,E854,5,1,0.4
P6287,MA_TO_CO_JA,E854,5,1,0.31
P6289,MA_TO_CO_JA,E854,5,1,0.43
P6290,MA_TO_CO_JA,E854,5,1,0.53
P6291,BA_INT,E855,5,1,0.52
P6292,MA_ROTA,E855,5,1,0.63
P6293,MA_ROTA,E855,5,1,0.94
P6294,BA_INT,E855,5,1,0.59
P6295,MA_ROTA,E855,5,1,0.27
P6296,JA,E855,5,1,0.58
P6297,BA_INT,E855,5,1,0.79
P6299,BA_INT,E855,5,1,0.52
P6300,MA_TO_CO_JA,E856,3,2,0.89
P6301,MA_TO_CO_JA,E856,3,2,1.22
P6302,MA_TO_CO_JA,E856,3,2,1.94
P6303,MA_TO_CO_JA,E856,3,2,1.39
P6304,MA_TO_CO_JA,E856,3,2,0.75
P6305,MA_TO_CO_JA,E856,3,2,0.97
P6307,MA_TO_CO_JA,E857,4,1,1.69
P6308,MA_TO_CO_JA,E857,4,1,1.93
P6309,MA_TO_CO_JA,E857,4,1,0.21
P6310,MA_TO_CO_JA,E857,4,1,1.97
P6311,MA_TO_CO_JA,E857,4,1,0.3
P6312,MA_TO_CO_JA,E857,4,1,1.5
P6313,MA_TO_CO_JA,E857,4,1,1.16
P6314,MA_TO_CO_JA,E857,4,1,1.35
P6315,MA_TO_CO_JA,E857,4,1,0.54
P6317,BA_INT,E858,5,1,1.13
P6318,BA_INT,E858,5,1,0.42
P6319,MA_TO_CO_JA,E858,5,1,0.64
P6320,JA,E858,5,1,1.23
P6321,BA_INT,E858,4,1,2.06
P6322,BA_INT,E858,4,1,1.04
P6324,BA_INT,E858,5,1,2.18
P6325,BA_INT,E858,5,1,0.33
P6326,BA_INT,E858,5,1,1.75
P6327,BA_INT,E858,5,1,1.42
P6328,MA_TO_CO_JA,E858,5,1,0.73
P6329,MA_TO_CO_JA,E858,5,1,0.7
P6330,MA_TO_CO_JA,E858,5,1,1.05
P6331,JA,E858,5,1,1.68
P6332,CS_BT_NIM,E859,4,1,1.03
P6334,IG_TUT,E859,4,1,1.56
P6336,MA_ROTA,E860,5,1,0.77
P6337,MA_ROTA,E860,5,1,0.5
P6338,BA_INT,E860,5,1,0.67
P6339,BA_INT,E860,5,1,0.68
P6340,JA,E860,5,1,0.57
P6342,MA_ROTA,E860,5,1,0.55
P6343,BA_INT,E860,5,1,0.43
P6344,PN_PIQ,E861,2,2,0.6
P6345,PN_PIQ,E861,2,2,1.02
P6346,PN_PIQ,E861,2,2,0.6
P6347,PN_PIQ,E861,2,2,0.23
P6348,PN_PIQ,E861,2,2,0.13
P6349,PN_PIQ,E862,2,2,3.13
P6350,PN_PIQ,E862,2,2,0.57
P6351,PN_PIQ,E862,2,2,0.49
P6352,PN_PIQ,E862,2,2,3.83
P6353,PN_PIQ,E863,3,2,1.08
P6354,PN_PIQ,E863,3,2,0.25
P6355,PN_PIQ,E863,3,2,1.88
P6356,PN_PIQ,E864,7,3,2.48
P6357,PN_PIQ,E865,2,2,2.1
P6358,PN_PIQ,E865,2,2,1.37
P6359,PN_PIQ,E865,2,2,0.03
P6360,PN_PIQ,E865,2,2,1.02
P6361,PN_PIQ,E865,2,2,4.75
P6362,PN_PIQ,E866,2,2,1.11
P6363,PN_PIQ,E866,2,2,0.24
P6364,PN_PIQ,E866,2,2,0.82
P6365,PN_PIQ,E866,2,2,0.24
P6366,PN_PIQ,E866,2,2,0.65
P6367,PN_PIQ,E867,4,1,0.5
P6368,PN_PIQ,E867,4,1,0.83
P6369,PN_PIQ,E867,4,1,0.87
P6370,PN_PIQ,E867,4,1,4.41
P6371,PN_PIQ,E867,4,1,0.39
P6372,PN_PIQ,E867,4,1,0.82
P6373,PN_PIQ,E867,4,1,0.82
P6374,PN_PIQ,E867,4,1,0.71
P6375,PN_PIQ,E867,4,1,1.82
P6376,PN_PIQ,E867,4,1,1.0
P6377,PN_PIQ,E867,4,1,4.76
P6378,MA_ROTA,E868,1,2,1.65
P6381,MA_ROTA,E868,1,2,1.52
P6382,MA_TO_CO_JA,E869,4,1,0.85
P6383,MA_ROTA,E869,4,1,1.38
P6384,MA_ROTA,E869,4,1,0.07
P6385,MA_TO_CO_JA,E869,4,1,1.4
P6386,MA_ROTA,E869,4,1,2.02
P6387,MA_TO_CO_JA,E869,4,1,0.54
P6388,MA_TO_CO_JA,E869,4,1,1.43
P6389,MA_ROTA,E869,4,1,1.48
P6390,MA_ROTA,E869,4,1,1.57
P6391,MA_TO_CO_JA,E869,4,1,0.7
P6392,MA_ROTA,E869,4,1,1.71
P6394,MA_TO_CO_JA,E869,4,1,1.46
P6395,MA_ROTA,E869,4,1,0.82
P6397,MA_TO_CO_JA,E870,4,1,3.01
P6398,MA_TO_CO_JA,E870,4,1,2.25
P6399,MA_TO_CO_JA,E870,4,1,2.16
P6400,MA_TO_CO_JA,E870,4,1,1.02
P6401,MA_TO_CO_JA,E870,4,1,1.18
P6402,MA_TO_CO_JA,E870,4,1,0.39
P6403,MA_TO_CO_JA,E870,4,1,0.65
P6404,BC_GTMG,E871,1,2,0.05
P6405,BC_GTMG,E871,1,2,0.4
P6406,BC_GTMG,E871,1,2,0.05
P6407,BC_GTMG,E871,1,2,0.08
P6408,BC_GTMG,E871,1,2,0.09
P6409,BC_GTMG,E871,1,2,0.47
P6410,BC_GTMG,E871,1,2,1.1
P6411,BC_GTMG,E871,1,2,3.53
P6412,BC_GTMG,E871,1,2,0.88
P6413,BC_GTMG,E871,1,2,0.21
P6414,BC_GTMG,E871,1,2,1.12
P6415,BC_GTMG,E871,1,2,0.82
P6416,BC_GTMG,E871,1,2,0.39
P6417,BC_GTMG,E872,2,2,0.45
P6418,BC_GTMG,E872,2,2,0.33
P6419,BC_GTMG,E872,2,2,0.49
P6420,BC_GTMG,E872,2,2,0.29
P6421,PN_PIQ,E873,1,2,1.25
P6422,PN_PIQ,E873,1,2,0.22
P6423,PN_PIQ,E874,2,2,2.01
P6424,MA_ROTA,E875,3,2,1.39
P6425,MA_ROTA,E875,3,2,1.16
P6428,MA_ROTA,E875,3,2,1.04
P6429,MA_ROTA,E875,3,2,0.5
P6431,MA_ROTA,E875,3,2,0.51
P6432,MA_ROTA,E875,3,2,0.47
P6433,BC_GTMG,E876,1,2,0.43
P6434,IG_PLA,E876,1,2,0.34
P6435,IG_PLA,E876,3,2,0.34
P6436,PN_PIQ,E877,3,2,0.05
P6437,PN_PIQ,E877,3,2,1.46
P6438,PN_PIQ,E878,2,2,0.85
P6439,PN_PIQ,E878,2,2,1.25
P6440,BC_BT,E879,4,1,2.48
P6441,BC_BT,E879,4,1,2.26
P6442,IG_TUT,E879,4,1,0.45
P6443,IG_TUT,E879,4,1,0.63
P6444,IG_TUT,E879,4,1,0.43
P6445,IG_TUT,E879,4,1,0.61
P6446,IG_TUT,E880,4,1,1.32
P6447,CS_BT_NIM,E880,4,1,0.15
P6448,CS_BT_NIM,E880,4,1,0.7
P6449,CS_BT_NIM,E880,4,1,0.12
P6450,IG_TUT,E880,4,1,0.47
P6451,IG_PLA,E881,3,2,0.28
P6452,IG_PLA,E881,3,2,0.5
P6453,PN_PIQ,E881,3,2,0.42
P6454,PN_PIQ,E882,1,2,0.79
P6455,PN_PIQ,E882,1,2,1.59
P6456,PN_PIQ,E882,1,2,0.65
P6457,PN_PIQ,E882,1,2,0.45
P6458,PN_PIQ,E882,2,2,0.73
P6459,IG_TUT,E883,4,1,0.14
P6460,AN_PA,E883,4,1,2.67
P6461,IG_TUT,E883,4,1,1.05
P6462,AN_PA,E883,4,1,1.8
P6463,AN_PA,E883,4,1,3.37
P6464,AN_PA,E883,4,1,0.49
P6466,IG_TUT,E883,4,1,0.81
P6467,BC_GTMG,E884,3,2,2.69
P6468,BC_GTMG,E884,3,2,0.65
P6469,BC_GTMG,E884,3,2,0.57
P6470,IG_PLA,E884,3,2,1.47
P6471,IG_PLA,E884,3,2,1.34
P6472,IG_PLA,E884,3,2,1.98
P6473,IG_PLA,E884,3,2,0.37
P6474,PN_PIQ,E885,7,3,2.24
P6475,PN_PIQ,E885,7,3,0.37
P6476,PN_PIQ,E885,7,3,1.81
P6477,PN_PIQ,E885,7,3,1.1
P6478,PN_PIQ,E886,7,3,1.4
P6479,IG_PLA,E886,7,3,1.46
P6480,PN_PIQ,E886,7,3,0.35
P6481,PN_PIQ,E886,7,3,1.59
P6482,IG_PLA,E886,7,3,0.84
P6483,IG_PLA,E886,7,3,0.1
P6484,PN_PIQ,E887,1,2,0.35
P6485,IG_PLA,E887,1,2,0.63
P6486,IG_PLA,E887,1,2,0.03
P6487,PN_PIQ,E887,1,2,0.17
P6488,IG_PLA,E887,1,2,0.24
P6489,PN_PIQ,E888,1,2,0.57
P6490,PN_PIQ,E888,1,2,0.11
P6491,PN_PIQ,E888,1,2,0.02
P6492,PN_PIQ,E888,1,2,0.06
P6493,PN_PIQ,E888,2,2,1.48
P6494,PN_PIQ,E889,7,3,0.4
P6495,PN_PIQ,E889,7,3,2.77
P6496,PN_PIQ,E889,7,3,0.96
P6497,PN_PIQ,E889,7,3,0.67
P6498,BC_GTMG,E889,7,3,0.29
P6499,PN_PIQ,E890,4,1,1.64
P6500,IG_TUT,E890,4,1,2.37
P6501,IG_TUT,E890,4,1,0.78
P6502,PN_PIQ,E890,4,1,1.56
P6503,BC_GTMG,E891,3,2,1.68
P6504,IG_PLA,E891,2,2,0.49
P6505,MA_ROTA,E892,3,2,1.05
P6507,PN_PIQ,E893,7,3,0.7
P6508,PN_PIQ,E893,7,3,0.73
P6509,PN_PIQ,E893,7,3,0.09
P6510,IG_PLA,E894,7,3,1.06
P6511,PN_PIQ,E894,7,3,0.6
P6512,PN_PIQ,E894,7,3,0.27
P6513,PN_PIQ,E895,4,1,0.7
P6514,PN_PIQ,E895,4,1,1.08
P6515,PN_PIQ,E895,4,1,0.57
P6516,MA_ROTA,E896,3,2,1.04
P6518,MA_ROTA,E896,3,2,0.29
P6522,MA_ROTA,E897,3,2,1.41
P6524,PN_PIQ,E898,3,2,2.91
P6525,PN_PIQ,E899,7,3,0.34
P6526,PN_PIQ,E899,7,3,0.36
P6527,IG_PLA,E899,7,3,0.23
P6528,IG_PLA,E899,7,3,0.37
P6529,PN_PIQ,E900,3,2,7.27
P6531,PN_PIQ,E901,2,2,1.7
P6532,PN_PIQ,E901,4,1,2.55
P6533,PN_PIQ,E902,1,2,0.33
P6534,PN_PIQ,E902,1,2,2.78
P6535,PN_PIQ,E902,1,2,1.46
P6536,PN_PIQ,E903,3,2,1.17
P6537,PN_PIQ,E903,3,2,0.31
P6538,PN_PIQ,E903,3,2,2.46
P6539,PN_PIQ,E903,3,2,0.66
P6540,PN_PIQ,E904,7,3,0.61
P6541,PN_PIQ,E904,7,3,0.18
P6542,PN_PIQ,E905,2,2,0.72
P6543,PN_PIQ,E905,2,2,1.55
P6544,PN_PIQ,E905,2,2,0.41
P6545,PN_PIQ,E906,2,2,1.97
P6546,PN_PIQ,E907,7,3,0.55
P6547,PN_PIQ,E907,7,3,1.89
P6548,MA_ROTA,E908,5,1,0.84
P6549,BA_INT,E908,5,1,1.09
P6551,JA,E908,5,1,0.58
P6553,MA_ROTA,E908,5,1,0.64
P6555,BA_INT,E908,5,1,0.37
P6556,BA_INT,E908,5,1,0.45
P6557,BA_INT,E908,5,1,0.53
P6559,JA,E908,5,1,0.13
P6560,PN_PIQ,E909,1,2,1.01
P6561,PN_PIQ,E909,1,2,1.11
P6562,JA,E910,5,1,0.22
P6563,BA_INT,E910,5,1,0.59
P6564,MA_ROTA,E910,5,1,0.28
P6565,MA_ROTA,E910,5,1,0.29
P6566,MA_ROTA,E910,5,1,0.36
P6568,MA_ROTA,E910,5,1,0.7
P6570,MA_ROTA,E910,5,1,0.29
P6571,MA_ROTA,E910,5,1,0.64
P6573,PN_PIQ,E911,7,3,0.2
P6574,PN_PIQ,E911,7,3,3.11
P6575,PN_PIQ,E911,7,3,0.28
P6576,PN_PIQ,E911,7,3,0.38
P6577,PN_PIQ,E911,7,3,0.55
P6578,MA_ROTA,E912,3,2,2.72
P6579,MA_ROTA,E912,3,2,0.7
P6581,MA_ROTA,E912,3,2,0.2
P6582,MA_ROTA,E912,3,2,1.79
P6584,MA_ROTA,E912,3,2,1.79
P6585,PN_PIQ,E913,3,2,0.83
P6586,PN_PIQ,E913,3,2,3.14
P6587,PN_PIQ,E914,2,2,1.61
P6588,PN_PIQ,E914,2,2,1.15
P6589,PN_PIQ,E914,2,2,2.06
P6590,PN_PIQ,E914,2,2,0.11
P6591,PN_PIQ,E915,2,2,5.25
P6592,PN_PIQ,E916,2,2,2.52
P6593,IG_PLA,E917,7,3,0.53
P6594,IG_PLA,E917,7,3,0.98
P6595,IG_PLA,E917,7,3,0.3
P6596,IG_PLA,E917,7,3,0.34
P6597,IG_PLA,E917,7,3,0.66
P6598,IG_PLA,E917,7,3,0.25
P6599,PN_PIQ,E917,7,3,1.04
P6600,PN_PIQ,E917,7,3,0.8
P6602,MA_ROTA,E918,1,2,1.47
P6603,MA_ROTA,E918,1,2,2.89
P6605,MA_ROTA,E918,1,2,0.61
P6606,MA_ROTA,E918,1,2,1.21
P6608,MA_ROTA,E918,1,2,3.82
P6609,MA_ROTA,E918,1,2,2.61
P6610,PN_PIQ,E919,7,3,0.53
P6611,PN_PIQ,E919,7,3,0.33
P6612,PN_PIQ,E919,7,3,1.01
P6613,PN_PIQ,E920,2,2,0.23
P6614,PN_PIQ,E920,2,2,1.69
P6615,PN_PIQ,E920,2,2,0.28
P6616,PN_PIQ,E920,2,2,0.23
P6617,PN_PIQ,E920,2,2,0.2
P6618,IG_PLA,E921,2,2,0.23
P6619,BC_GTMG,E921,2,2,0.22
P6620,BC_GTMG,E921,2,2,0.76
P6621,IG_PLA,E921,2,2,0.54
P6622,IG_PLA,E921,2,2,0.59
P6624,MA_TO_CO_JA,E923,7,3,0.37
P6625,CS_BT_NIM,E924,4,1,1.78
P6626,IG_TUT,E924,4,1,0.84
P6627,IG_TUT,E924,4,1,0.16
P6628,IG_TUT,E924,4,1,0.96
P6629,IG_TUT,E924,4,1,0.7
P6630,IG_TUT,E924,4,1,0.86
P6631,IG_TUT,E924,4,1,0.96
P6632,CS_BT_NIM,E924,4,1,0.75
P6633,IG_TUT,E924,4,1,0.3
P6634,PN_PIQ,E925,7,3,2.83
P6635,PN_PIQ,E925,7,3,0.56
P6636,PN_PIQ,E925,7,3,0.39
P6637,PN_PIQ,E925,7,3,2.45
P6638,PN_PIQ,E925,7,3,0.28
P6639,PN_PIQ,E925,7,3,0.43
P6640,PN_PIQ,E925,7,3,0.46
P6641,PN_PIQ,E925,7,3,0.24
P6642,PN_PIQ,E925,7,3,0.44
P6643,PN_PIQ,E926,2,2,0.8
P6644,PN_PIQ,E926,2,2,1.29
P6645,PN_PIQ,E927,1,2,2.81
P6646,PN_PIQ,E928,7,3,0.78
P6647,PN_PIQ,E928,7,3,1.36
P6648,PN_PIQ,E928,7,3,0.61
P6649,PN_PIQ,E929,4,1,0.52
P6650,PN_PIQ,E929,4,1,1.02
P6651,BC_GTMG,E930,3,2,1.47
P6652,BC_GTMG,E930,3,2,1.04
P6653,BC_GTMG,E930,3,2,0.66
P6654,BC_GTMG,E930,3,2,1.47
P6655,BC_GTMG,E930,3,2,0.59
P6656,BC_GTMG,E930,3,2,0.38
P6657,BC_GTMG,E930,3,2,1.01
P6658,BC_GTMG,E930,3,2,1.95
P6659,BC_GTMG,E930,3,2,0.54
P6660,PN_PIQ,E931,4,1,1.07
P6661,PN_PIQ,E931,4,1,6.46
P6662,IG_TUT,E932,4,1,0.66
P6663,IG_TUT,E932,4,1,0.44
P6664,BC_BT,E932,4,1,0.17
P6665,BC_BT,E932,4,1,0.46
P6666,IG_TUT,E932,4,1,0.12
P6667,BC_GTMG,E933,3,2,0.16
P6668,BC_GTMG,E933,3,2,0.41
P6669,BC_GTMG,E933,3,2,0.83
P6670,BC_GTMG,E933,3,2,3.13
P6671,BC_GTMG,E933,3,2,0.5
P6672,BC_GTMG,E933,3,2,1.72
P6673,BC_GTMG,E933,3,2,0.13
P6674,BC_GTMG,E933,3,2,1.45
P6675,IG_PLA,E934,3,2,2.11
P6676,IG_PLA,E934,3,2,0.64
P6677,IG_PLA,E934,3,2,2.97
P6678,IG_PLA,E934,3,2,1.26
P6679,IG_PLA,E934,3,2,0.18
P6680,BC_GTMG,E934,3,2,2.62
P6681,IG_PLA,E934,3,2,0.4
P6682,BC_GTMG,E934,3,2,2.59
P6683,PN_PIQ,E935,7,3,0.35
P6684,PN_PIQ,E935,7,3,0.62
P6685,PN_PIQ,E935,7,3,0.35
P6686,IG_PLA,E935,7,3,0.84
P6687,IG_PLA,E935,7,3,0.37
P6688,IG_PLA,E935,7,3,0.42
P6689,PN_PIQ,E936,7,3,0.62
P6690,PN_PIQ,E936,7,3,0.91
P6691,PN_PIQ,E936,7,3,0.63
P6692,PN_PIQ,E936,7,3,0.32
P6693,PN_PIQ,E936,7,3,0.89
P6694,PN_PIQ,E936,7,3,1.66
P6695,PN_PIQ,E936,7,3,0.42
P6696,PN_PIQ,E936,7,3,0.87
P6697,PN_PIQ,E936,7,3,0.33
P6698,PN_PIQ,E936,7,3,0.16
P6699,PN_PIQ,E937,7,3,0.28
P6700,PN_PIQ,E937,7,3,1.43
P6701,PN_PIQ,E937,7,3,0.45
P6702,PN_PIQ,E937,7,3,0.26
P6703,PN_PIQ,E937,7,3,0.31
P6704,PN_PIQ,E938,2,2,2.3
P6705,BC_GTMG,E939,2,2,0.49
P6706,BC_GTMG,E939,2,2,0.65
P6707,BC_GTMG,E939,2,2,1.4
P6709,BC_GTMG,E940,2,2,0.24
P6710,BC_GTMG,E940,2,2,2.13
P6711,BC_GTMG,E940,2,2,1.14
P6712,BC_GTMG,E940,2,2,0.57
P6713,BC_GTMG,E940,2,2,0.63
P6714,BC_GTMG,E940,2,2,1.02
P6715,BC_GTMG,E940,2,2,0.32
P6718,MA_TO_CO_JA,E941,5,1,0.53
P6719,CS_BT_NIM,E942,4,1,0.26
P6720,IG_TUT,E942,4,1,3.24
P6721,CS_BT_NIM,E942,4,1,1.03
P6722,CS_BT_NIM,E942,4,1,0.58
P6723,IG_TUT,E942,4,1,0.27
P6724,CS_BT_NIM,E942,4,1,0.51
P6725,CS_BT_NIM,E942,4,1,0.53
P6726,CS_BT_NIM,E942,4,1,0.44
P6727,IG_TUT,E942,4,1,1.09
P6728,IG_TUT,E942,4,1,0.28
P6729,IG_TUT,E942,4,1,0.23
P6730,IG_TUT,E942,4,1,0.37
P6731,CS_BT_NIM,E943,4,1,2.09
P6732,IG_TUT,E943,4,1,1.56
P6733,CS_BT_NIM,E943,4,1,0.83
P6734,IG_TUT,E943,4,1,0.61
P6735,IG_TUT,E943,4,1,0.55
P6736,IG_TUT,E943,4,1,0.48
P6737,IG_TUT,E943,4,1,0.92
P6738,IG_TUT,E943,4,1,0.54
P6739,IG_TUT,E943,4,1,0.16
P6740,IG_TUT,E944,4,1,0.08
P6741,IG_TUT,E944,4,1,2.59
P6742,IG_TUT,E944,4,1,0.35
P6743,CS_BT_NIM,E944,4,1,2.48
P6745,IG_TUT,E944,4,1,0.14
P6746,IG_TUT,E944,4,1,0.87
P6747,IG_TUT,E944,4,1,0.33
P6748,IG_TUT,E944,4,1,0.09
P6749,IG_TUT,E944,4,1,0.2
P6750,PN_PIQ,E945,7,3,0.41
P6751,PN_PIQ,E945,7,3,1.45
P6752,PN_PIQ,E946,4,1,0.97
P6753,PN_PIQ,E946,4,1,3.43
P6754,MA_TO_CO_JA,E947,4,1,0.85
P6755,MA_TO_CO_JA,E947,4,1,0.19
P6756,MA_TO_CO_JA,E947,4,1,1.55
P6758,PN_PIQ,E949,4,1,0.27
P6759,PN_PIQ,E949,4,1,0.83
P6760,PN_PIQ,E949,4,1,0.4
P6761,PN_PIQ,E949,4,1,0.27
P6762,PN_PIQ,E949,4,1,0.45
P6763,PN_PIQ,E949,4,1,0.42
P6764,PN_PIQ,E949,4,1,0.74
P6765,PN_PIQ,E949,4,1,0.5
P6766,PN_PIQ,E949,4,1,0.52
P6768,PN_PIQ,E949,4,1,0.81
P6769,PN_PIQ,E949,4,1,0.45
P6770,PN_PIQ,E949,4,1,1.56
P6771,PN_PIQ,E949,4,1,1.0
P6772,PN_PIQ,E949,4,1,0.66
P6773,PN_PIQ,E949,4,1,0.44
P6774,PN_PIQ,E949,4,1,0.56
P6775,PN_PIQ,E949,4,1,0.44
P6776,PN_PIQ,E950,1,2,4.84
P6777,PN_PIQ,E950,1,2,1.85
P6778,PN_PIQ,E950,1,2,0.43
P6779,PN_PIQ,E950,1,2,1.66
P6780,PN_PIQ,E950,1,2,0.47
P6781,MA_TO_CO_JA,E951,7,3,0.44
P6783,MA_TO_CO_JA,E951,7,3,0.33
P6784,PN_PIQ,E952,2,2,0.93
P6785,PN_PIQ,E952,2,2,1.03
P6786,PN_PIQ,E952,2,2,0.1
P6787,PN_PIQ,E952,2,2,0.07
P6788,IG_PLA,E953,2,2,0.94
P6789,BC_GTMG,E953,1,2,1.13
P6790,BC_GTMG,E953,1,2,1.49
P6791,PN_PIQ,E953,2,2,0.45
P6792,IG_PLA,E953,2,2,1.28
P6793,IG_PLA,E953,2,2,1.91
P6794,IG_PLA,E953,2,2,0.49
P6795,IG_PLA,E953,2,2,1.07
P6796,IG_PLA,E953,2,2,0.77
P6797,PN_PIQ,E953,2,2,0.73
P6798,PN_PIQ,E954,2,2,1.88
P6799,PN_PIQ,E954,2,2,1.36
P6800,PN_PIQ,E954,2,2,0.71
P6801,PN_PIQ,E954,2,2,1.46
P6802,PN_PIQ,E954,2,2,0.72
P6803,PN_PIQ,E954,2,2,0.55
P6804,BC_GTMG,E954,2,2,2.32
P6805,PN_PIQ,E954,2,2,0.89
P6806,PN_PIQ,E955,2,2,2.71
P6807,PN_PIQ,E956,2,2,0.38
P6808,PN_PIQ,E956,2,2,0.98
P6809,PN_PIQ,E957,2,2,0.6
P6810,PN_PIQ,E957,2,2,2.94
P6812,MA_ROTA,E958,3,2,2.2
P6813,PN_PIQ,E959,2,2,2.99
P6814,PN_PIQ,E959,2,2,0.7
P6815,PN_PIQ,E959,2,2,2.15
P6816,BC_GTMG,E960,2,2,0.22
P6817,BC_GTMG,E960,2,2,0.87
P6818,BC_GTMG,E960,2,2,0.19
P6819,BC_GTMG,E960,2,2,0.2
P6820,BC_GTMG,E960,2,2,1.92
P6821,BC_GTMG,E960,2,2,0.72
P6822,BC_GTMG,E960,2,2,1.27
P6823,BC_GTMG,E960,2,2,0.54
P6824,BC_GTMG,E960,2,2,0.59
P6825,BC_GTMG,E960,2,2,0.42
P6826,BC_GTMG,E960,2,2,1.05
P6827,BC_GTMG,E960,2,2,0.14
P6828,BC_GTMG,E960,2,2,0.19
P6829,BC_GTMG,E960,2,2,0.51
P6830,MA_TO_CO_JA,E961,7,3,0.11
P6831,IG_PLA,E962,7,3,0.63
P6832,PN_PIQ,E962,7,3,0.39
P6833,PN_PIQ,E962,7,3,0.29
P6834,PN_PIQ,E962,7,3,0.6
P6835,IG_PLA,E962,7,3,0.33
P6836,IG_PLA,E962,7,3,0.78
P6837,MA_TO_CO_JA,E963,7,3,1.37
P6838,PN_PIQ,E964,7,3,1.37
P6839,PN_PIQ,E964,7,3,0.87
P6840,PN_PIQ,E964,7,3,0.17
P6841,PN_PIQ,E964,7,3,0.07
P6842,PN_PIQ,E965,2,2,0.79
P6843,PN_PIQ,E966,2,2,1.04
P6844,PN_PIQ,E966,1,2,0.69
P6845,PN_PIQ,E966,1,2,2.21
P6846,PN_PIQ,E967,7,3,0.12
P6847,PN_PIQ,E967,7,3,0.71
P6848,PN_PIQ,E967,7,3,0.52
P6849,PN_PIQ,E968,3,2,1.51
P6850,PN_PIQ,E968,1,2,1.15
P6851,PN_PIQ,E968,3,2,0.38
P6852,PN_PIQ,E968,1,2,0.31
P6853,IG_TUT,E969,4,1,1.07
P6855,CS_BT_NIM,E969,4,1,1.06
P6856,CS_BT_NIM,E969,4,1,0.53
P6857,IG_TUT,E969,4,1,0.75
P6858,IG_TUT,E969,4,1,0.51
P6859,PN_PIQ,E969,4,1,0.23
P6860,PN_PIQ,E970,7,3,1.37
P6861,IG_PLA,E970,7,3,0.18
P6862,IG_PLA,E970,7,3,0.35
P6863,IG_PLA,E970,7,3,0.13
P6864,PN_PIQ,E971,1,2,0.83
P6865,PN_PIQ,E971,1,2,0.17
P6866,MA_ROTA,E972,6,1,4.13
P6867,IG_TUT,E972,6,1,1.29
P6868,MA_TO_CO_JA,E973,7,3,1.06
P6869,MA_TO_CO_JA,E973,7,3,0.31
P6870,MA_ROTA,E973,7,3,1.43
P6871,MA_ROTA,E973,7,3,0.14
P6872,MA_TO_CO_JA,E973,7,3,0.48
P6873,MA_ROTA,E973,7,3,0.19
P6875,MA_ROTA,E973,7,3,0.16
P6876,MA_TO_CO_JA,E973,7,3,0.22
P6877,MA_TO_CO_JA,E973,7,3,0.39
P6878,PN_PIQ,E974,7,3,0.07
P6879,PN_PIQ,E974,7,3,1.32
P6880,BC_GTMG,E974,7,3,0.15
P6881,PN_PIQ,E974,7,3,0.36
P6882,PN_PIQ,E974,7,3,0.36
P6883,PN_PIQ,E974,7,3,0.35
P6884,PN_PIQ,E974,7,3,0.43
P6885,PN_PIQ,E974,7,3,1.06
P6886,PN_PIQ,E974,7,3,1.65
P6887,PN_PIQ,E974,7,3,0.27
P6888,PN_PIQ,E974,7,3,0.73
P6889,PN_PIQ,E974,7,3,0.29
P6890,PN_PIQ,E974,7,3,0.85
P6891,IG_PLA,E975,7,3,1.49
P6892,PN_PIQ,E975,7,3,0.44
P6893,PN_PIQ,E975,7,3,0.4
P6894,IG_PLA,E975,7,3,0.4
P6895,IG_PLA,E975,7,3,0.33
P6896,PN_PIQ,E975,7,3,0.44
P6897,PN_PIQ,E976,7,3,0.72
P6898,PN_PIQ,E976,7,3,0.71
P6899,BC_GTMG,E976,7,3,0.06
P6900,PN_PIQ,E976,7,3,0.32
P6901,PN_PIQ,E976,7,3,0.25
P6902,PN_PIQ,E976,7,3,0.34
P6903,PN_PIQ,E976,7,3,0.56
P6904,PN_PIQ,E977,7,3,0.59
P6905,PN_PIQ,E977,7,3,0.6
P6906,PN_PIQ,E977,7,3,2.85
P6907,PN_PIQ,E977,7,3,0.61
P6908,IG_PLA,E978,7,3,0.68
P6909,IG_PLA,E978,7,3,0.43
P6910,PN_PIQ,E978,7,3,0.76
P6911,IG_PLA,E978,7,3,0.35
P6912,BC_GTMG,E979,3,2,0.82
P6913,IG_PLA,E979,3,2,0.21
P6914,IG_PLA,E979,3,2,0.79
P6915,IG_PLA,E979,3,2,0.96
P6916,BC_GTMG,E979,3,2,0.29
P6917,IG_PLA,E979,3,2,0.83
P6919,BC_GTMG,E979,3,2,1.75
P6920,IG_PLA,E979,3,2,2.89
P6921,IG_PLA,E979,3,2,0.18
P6922,PN_PIQ,E980,7,3,1.32
P6923,PN_PIQ,E980,7,3,0.63
P6924,PN_PIQ,E980,7,3,0.75
P6925,MA_TO_CO_JA,E981,7,3,1.05
P6926,MA_TO_CO_JA,E981,7,3,0.47
P6927,MA_TO_CO_JA,E981,7,3,0.78
P6928,MA_TO_CO_JA,E981,7,3,0.69
P6931,MA_TO_CO_JA,E981,7,3,0.47
P6932,MA_TO_CO_JA,E981,7,3,0.84
P6933,MA_TO_CO_JA,E981,7,3,1.72
P6934,PN_PIQ,E982,2,2,2.08
P6935,PN_PIQ,E982,2,2,1.44
P6938,MA_ROTA,E983,6,1,0.9
P6941,MA_TO_CO_JA,E983,6,1,0.57
P6942,MA_TO_CO_JA,E983,6,1,0.16
P6944,MA_ROTA,E983,6,1,1.85
P6945,MA_TO_CO_JA,E983,6,1,0.35
P6946,MA_TO_CO_JA,E983,6,1,0.21
P6947,MA_TO_CO_JA,E983,6,1,0.26
P6949,MA_ROTA,E983,6,1,1.49
P6950,MA_TO_CO_JA,E983,6,1,0.16
P6951,MA_TO_CO_JA,E983,6,1,0.31
P6952,MA_TO_CO_JA,E983,6,1,0.83
P6953,MA_ROTA,E983,6,1,1.0
P6954,MA_TO_CO_JA,E983,6,1,0.89
P6955,MA_TO_CO_JA,E983,6,1,0.8
P6956,MA_TO_CO_JA,E983,6,1,0.36
P6957,MA_TO_CO_JA,E983,6,1,0.71
P6959,MA_TO_CO_JA,E983,6,1,1.63
P6960,MA_ROTA,E984,6,1,1.28
P6961,MA_ROTA,E985,3,2,1.95
P6962,MA_ROTA,E985,3,2,2.14
P6963,MA_ROTA,E985,3,2,1.94
P6964,MA_ROTA,E985,3,2,1.05
P6965,MA_ROTA,E985,3,2,0.97
P6966,MA_TO_CO_JA,E986,6,1,4.88
P6967,MA_TO_CO_JA,E986,6,1,0.24
P6968,MA_ROTA,E987,6,1,1.52
P6969,IG_TUT,E987,6,1,0.15
P6970,IG_TUT,E987,6,1,0.61
P6971,IG_TUT,E987,6,1,0.45
P6972,IG_TUT,E987,6,1,0.13
P6973,IG_PLA,E988,1,2,1.86
P6974,BC_GTMG,E988,1,2,2.2
P6975,IG_PLA,E988,1,2,0.18
P6976,IG_PLA,E988,1,2,0.39
P6977,IG_PLA,E988,1,2,0.11
P6978,IG_PLA,E988,1,2,1.67
P6979,MA_ROTA,E989,4,1,0.66
P6980,MA_ROTA,E989,4,1,0.37
P6983,MA_ROTA,E989,4,1,0.38
P6984,MA_ROTA,E989,4,1,0.71
P6985,MA_ROTA,E989,4,1,0.42
P6986,MA_ROTA,E989,4,1,1.72
P6987,MA_ROTA,E990,1,2,0.71
P6988,MA_ROTA,E990,1,2,0.17
P6990,MA_ROTA,E990,1,2,6.02
P6991,MA_ROTA,E990,1,2,1.51
P6992,MA_ROTA,E990,1,2,4.59
P6993,MA_ROTA,E990,1,2,0.76
P6994,MA_TO_CO_JA,E991,4,1,0.15
P6995,MA_TO_CO_JA,E991,4,1,1.16
P6996,MA_TO_CO_JA,E991,4,1,0.85
P6997,MA_TO_CO_JA,E991,4,1,0.43
P6998,MA_TO_CO_JA,E991,4,1,0.95
P6999,MA_TO_CO_JA,E991,4,1,0.03
P7000,MA_TO_CO_JA,E991,4,1,1.5
P7001,MA_TO_CO_JA,E991,4,1,1.11
P7002,MA_TO_CO_JA,E991,4,1,0.05
P7003,MA_TO_CO_JA,E991,4,1,0.75
P7004,IG_TUT,E992,4,1,0.41
P7005,IG_TUT,E992,4,1,0.62
P7006,BC_BT,E992,4,1,0.81
P7007,MA_ROTA,E993,4,1,0.48
P7008,MA_ROTA,E993,4,1,0.45
P7016,BA_IRR,E994,3,2,1.29
P7018,MA_ROTA,E994,3,2,1.45
P7019,JA,E994,3,2,1.88
P7020,BA_INT,E994,3,2,1.65
P7021,BA_IRR,E994,3,2,1.27
P7022,JA,E994,3,2,1.42
P7023,BA_INT,E994,3,2,0.89
P7024,BA_IRR,E994,3,2,1.89
P7025,BA_INT,E994,3,2,1.39
P7026,BA_IRR,E994,3,2,1.61
P7027,BA_INT,E994,3,2,1.87
P7030,BA_INT,E994,3,2,1.65
P7031,BA_IRR,E994,3,2,1.29
P7032,BA_INT,E994,3,2,1.38
P7033,BA_IRR,E994,3,2,1.19
P7034,BA_INT,E994,3,2,0.9
P7035,BA_INT,E994,3,2,1.16
P7037,JA,E994,3,2,2.05
P7038,BA_INT,E994,3,2,1.64
P7039,BA_INT,E994,3,2,1.95
P7040,BA_IRR,E994,3,2,0.17
P7041,BA_IRR,E994,3,2,1.21
P7042,BA_INT,E994,3,2,1.92
P7043,BA_INT,E994,3,2,2.16
P7044,BA_IRR,E994,3,2,1.44
P7045,BA_INT,E994,3,2,1.63
P7047,BA_INT,E994,3,2,0.91
P7048,BA_INT,E994,3,2,1.72
P7049,BA_IRR,E994,3,2,1.84
P7050,BA_IRR,E994,3,2,1.51
P7051,MA_ROTA,E994,3,2,0.78
P7052,BA_INT,E994,3,2,1.09
P7053,JA,E994,3,2,1.3
P7056,BA_INT,E994,3,2,2.72
P7059,BA_IRR,E994,3,2,3.01
P7060,BA_INT,E994,3,2,2.44
P7061,BA_IRR,E994,3,2,1.82
P7062,BA_IRR,E994,3,2,2.35
P7063,JA,E994,3,2,0.86
P7064,BA_IRR,E994,3,2,1.68
P7065,BA_IRR,E994,3,2,1.83
P7066,MA_ROTA,E994,3,2,1.67
P7068,BA_IRR,E994,3,2,1.65
P7069,BA_INT,E994,3,2,0.44
P7070,BA_IRR,E994,3,2,3.0
P7071,BC_BT,E995,5,1,0.07
P7072,BC_BT,E995,5,1,0.06
P7073,MA_ROTA,E995,5,1,2.05
P7074,MA_TO_CO_JA,E996,4,1,6.9
P7075,MA_TO_CO_JA,E996,4,1,0.36
P7076,MA_TO_CO_JA,E996,4,1,0.39
P7077,AN_PA,E997,4,1,0.71
P7078,AN_PA,E997,4,1,0.39
P7079,AN_PA,E997,4,1,0.66
P7080,AN_PA,E997,4,1,0.2
P7081,AN_PA,E997,4,1,1.35
P7082,AN_PA,E997,4,1,0.05
P7083,AN_PA,E997,4,1,1.17
P7084,AN_PA,E997,4,1,3.82
P7085,IG_TUT,E997,4,1,0.82
P7087,BC_BT,E998,4,1,0.75
P7088,IG_TUT,E998,4,1,1.63
P7089,BC_BT,E998,4,1,1.65
P7090,IG_TUT,E998,4,1,0.61
P7091,BC_BT,E998,4,1,0.57
P7092,IG_TUT,E998,4,1,1.04
P7093,IG_TUT,E998,4,1,0.35
P7094,IG_TUT,E998,4,1,0.52
P7095,IG_TUT,E998,4,1,1.12
P7096,MA_TO_CO_JA,E999,6,1,0.43
P7097,MA_TO_CO_JA,E999,6,1,0.25
P7098,MA_TO_CO_JA,E1000,4,1,1.12
P7099,MA_TO_CO_JA,E1000,4,1,6.65
P7100,MA_TO_CO_JA,E1001,4,1,0.81
P7101,MA_TO_CO_JA,E1001,4,1,0.65
P7102,MA_ROTA,E1002,1,2,0.64
P7103,MA_ROTA,E1002,1,2,0.49
P7104,MA_ROTA,E1002,1,2,1.97
P7105,MA_ROTA,E1002,1,2,0.44
P7106,MA_ROTA,E1002,1,2,0.5
P7107,MA_ROTA,E1002,1,2,0.23
P7108,MA_ROTA,E1002,1,2,0.21
P7111,MA_ROTA,E1002,1,2,0.07
P7112,MA_ROTA,E1002,1,2,0.1
P7113,MA_ROTA,E1002,1,2,0.37
P7114,MA_ROTA,E1002,1,2,0.55
P7115,MA_ROTA,E1002,1,2,0.42
P7116,MA_ROTA,E1002,1,2,0.47
P7117,MA_ROTA,E1002,1,2,0.46
P7118,MA_ROTA,E1002,1,2,0.52
P7119,MA_ROTA,E1002,1,2,1.67
P7120,MA_ROTA,E1002,1,2,0.16
P7122,MA_ROTA,E1002,1,2,1.17
P7123,MA_ROTA,E1002,1,2,0.32
P7124,MA_ROTA,E1002,1,2,0.42
P7125,MA_ROTA,E1002,1,2,0.35
P7127,MA_ROTA,E1002,1,2,0.88
P7128,PN_PIQ,E1003,2,2,0.51
P7129,PN_PIQ,E1003,2,2,0.89
P7130,PN_PIQ,E1003,2,2,0.53
P7131,BC_GTMG,E1003,2,2,0.93
P7132,BC_GTMG,E1003,2,2,0.74
P7133,BC_GTMG,E1003,2,2,1.32
P7134,IG_PLA,E1004,2,2,0.42
P7135,BC_GTMG,E1004,2,2,0.51
P7136,BC_GTMG,E1004,2,2,0.1
P7137,IG_PLA,E1004,2,2,0.36
P7138,BC_GTMG,E1004,2,2,0.05
P7139,IG_PLA,E1004,2,2,0.98
P7140,BC_GTMG,E1004,2,2,0.33
P7141,IG_PLA,E1004,2,2,0.18
P7142,BC_GTMG,E1004,2,2,0.05
P7143,IG_PLA,E1005,2,2,0.91
P7144,IG_PLA,E1005,2,2,0.6
P7145,IG_PLA,E1005,2,2,0.16
P7146,BC_GTMG,E1005,2,2,0.32
P7147,BC_GTMG,E1005,2,2,1.56
P7148,BC_GTMG,E1005,2,2,1.26
P7149,IG_PLA,E1005,2,2,0.67
P7150,IG_PLA,E1005,2,2,0.92
P7152,MA_ROTA,E1006,4,1,2.02
P7154,MA_ROTA,E1006,4,1,1.26
P7157,MA_ROTA,E1006,4,1,0.83
P7158,MA_ROTA,E1006,4,1,0.92
P7159,IG_TUT,E1007,4,1,1.12
P7160,CS_BT_NIM,E1007,4,1,0.22
P7161,IG_TUT,E1007,4,1,0.18
P7162,CS_BT_NIM,E1007,4,1,1.17
P7163,CS_BT_NIM,E1007,4,1,0.64
P7164,IG_TUT,E1007,4,1,1.36
P7165,IG_TUT,E1007,4,1,0.54
P7166,IG_TUT,E1007,4,1,0.6
P7167,MA_ROTA,E1008,1,2,1.64
P7168,MA_ROTA,E1008,1,2,2.34
P7169,MA_ROTA,E1008,2,2,0.2
P7170,MA_ROTA,E1008,2,2,0.81
P7172,MA_ROTA,E1008,2,2,0.32
P7173,MA_ROTA,E1008,2,2,0.89
P7175,PN_PIQ,E1009,2,2,1.1
P7176,PN_PIQ,E1009,2,2,0.51
P7177,PN_PIQ,E1009,2,2,0.32
P7178,PN_PIQ,E1010,4,1,0.31
P7179,PN_PIQ,E1010,4,1,1.28
P7180,PN_PIQ,E1010,4,1,0.97
P7181,PN_PIQ,E1010,4,1,0.42
P7182,PN_PIQ,E1010,4,1,0.13
P7183,PN_PIQ,E1010,4,1,0.37
P7184,PN_PIQ,E1010,4,1,0.32
P7185,PN_PIQ,E1010,4,1,0.22
P7187,PN_PIQ,E1010,4,1,0.14
P7189,PN_PIQ,E1010,4,1,1.51
P7190,MA_ROTA,E1011,6,1,2.16
P7191,MA_TO_CO_JA,E1011,6,1,0.62
P7193,MA_ROTA,E1012,2,2,1.37
P7194,MA_ROTA,E1012,2,2,3.2
P7195,MA_ROTA,E1012,2,2,10.38
P7196,MA_ROTA,E1012,2,2,6.1
P7197,MA_ROTA,E1012,2,2,6.45
P7198,MA_ROTA,E1012,2,2,17.28
P7199,MA_ROTA,E1012,2,2,2.88
P7200,MA_ROTA,E1012,2,2,5.22
P7201,MA_ROTA,E1012,2,2,8.39
P7202,MA_ROTA,E1012,2,2,12.5
P7203,MA_ROTA,E1012,2,2,9.87
P7204,MA_ROTA,E1012,2,2,12.42
P7205,MA_ROTA,E1012,2,2,6.56
P7206,MA_ROTA,E1012,2,2,5.47
P7207,MA_ROTA,E1012,2,2,18.05
P7208,MA_ROTA,E1012,2,2,6.93
P7209,MA_ROTA,E1012,2,2,8.84
P7210,MA_ROTA,E1012,2,2,4.34
P7211,MA_ROTA,E1012,2,2,4.6
P7212,MA_ROTA,E1012,2,2,5.17
P7213,MA_ROTA,E1012,2,2,9.07
P7214,MA_ROTA,E1012,2,2,7.88
P7215,MA_ROTA,E1012,2,2,6.49
P7216,MA_ROTA,E1012,2,2,8.68
P7217,MA_ROTA,E1012,2,2,9.92
P7218,MA_ROTA,E1012,2,2,4.02
P7219,MA_ROTA,E1012,2,2,11.74
P7220,MA_ROTA,E1012,2,2,5.83
P7221,MA_ROTA,E1012,2,2,7.24
P7222,MA_ROTA,E1012,2,2,5.15
P7223,MA_ROTA,E1012,2,2,6.62
P7224,MA_ROTA,E1012,2,2,10.13
P7225,MA_ROTA,E1012,2,2,3.09
P7226,MA_ROTA,E1012,2,2,5.38
P7227,MA_ROTA,E1012,2,2,1.35
P7228,MA_ROTA,E1012,2,2,8.83
P7229,MA_ROTA,E1012,2,2,10.99
P7230,MA_ROTA,E1012,2,2,6.58
P7231,MA_ROTA,E1012,2,2,11.52
P7232,MA_ROTA,E1012,2,2,9.1
P7233,MA_ROTA,E1012,2,2,9.06
P7234,MA_ROTA,E1012,2,2,8.17
P7235,MA_ROTA,E1012,2,2,6.0
P7236,MA_ROTA,E1012,2,2,8.73
P7237,MA_ROTA,E1012,2,2,6.22
P7238,MA_ROTA,E1012,2,2,10.18
P7239,MA_ROTA,E1012,2,2,6.2
P7240,MA_ROTA,E1012,2,2,4.65
P7241,MA_ROTA,E1012,2,2,6.33
P7242,MA_ROTA,E1012,2,2,15.12
P7243,MA_ROTA,E1012,2,2,17.01
P7244,MA_ROTA,E1012,2,2,12.82
P7245,MA_ROTA,E1012,2,2,3.14
P7246,MA_ROTA,E1012,2,2,28.21
P7247,MA_ROTA,E1012,2,2,7.98
P7248,MA_ROTA,E1012,2,2,12.9
P7249,MA_ROTA,E1012,2,2,15.8
P7250,MA_ROTA,E1012,2,2,10.22
P7251,MA_ROTA,E1012,2,2,14.86
P7252,MA_ROTA,E1012,2,2,13.52
P7253,MA_ROTA,E1012,2,2,23.28
P7254,MA_ROTA,E1012,2,2,24.78
P7255,MA_ROTA,E1012,2,2,7.27
P7256,MA_ROTA,E1012,2,2,15.59
P7257,MA_ROTA,E1012,2,2,7.64
P7258,MA_ROTA,E1012,2,2,4.49
P7259,MA_ROTA,E1012,2,2,5.18
P7260,MA_ROTA,E1012,2,2,12.27
P7261,MA_ROTA,E1012,2,2,8.76
P7262,MA_ROTA,E1012,2,2,7.81
P7263,MA_ROTA,E1012,2,2,20.39
P7264,MA_ROTA,E1012,2,2,2.7
P7265,MA_ROTA,E1012,2,2,14.47
P7266,MA_ROTA,E1012,2,2,3.82
P7267,MA_ROTA,E1012,2,2,11.85
P7268,MA_ROTA,E1012,2,2,17.46
P7269,MA_ROTA,E1012,2,2,4.77
P7270,MA_ROTA,E1012,2,2,40.88
P7271,MA_ROTA,E1012,2,2,10.93
P7272,MA_ROTA,E1012,2,2,8.55
P7273,MA_ROTA,E1012,2,2,7.76
P7274,MA_ROTA,E1012,2,2,4.11
P7275,MA_ROTA,E1012,2,2,5.33
P7276,MA_ROTA,E1012,2,2,4.28
P7277,MA_ROTA,E1012,2,2,2.63
P7278,MA_ROTA,E1012,2,2,4.05
P7279,MA_ROTA,E1012,2,2,3.43
P7280,MA_ROTA,E1012,2,2,6.19
P7281,MA_ROTA,E1012,2,2,21.95
P7282,MA_ROTA,E1012,2,2,3.75
P7283,MA_ROTA,E1012,2,2,11.89
P7284,MA_ROTA,E1012,2,2,12.66
P7285,MA_ROTA,E1012,2,2,9.19
P7286,MA_ROTA,E1012,2,2,12.27
P7287,MA_ROTA,E1012,2,2,8.93
P7288,MA_ROTA,E1012,2,2,12.19
P7289,MA_ROTA,E1012,2,2,3.07
P7290,MA_ROTA,E1012,2,2,1.67
P7291,MA_ROTA,E1013,4,1,0.4
P7292,MA_TO_CO_JA,E1013,4,1,0.54
P7293,MA_ROTA,E1013,4,1,0.26
P7294,MA_TO_CO_JA,E1013,4,1,1.4
P7296,MA_TO_CO_JA,E1013,4,1,0.59
P7297,MA_TO_CO_JA,E1013,4,1,0.85
P7298,MA_TO_CO_JA,E1013,4,1,1.39
P7302,PN_PIQ,E1014,4,1,0.28
P7303,MA_TO_CO_JA,E1015,3,2,0.53
P7304,MA_TO_CO_JA,E1015,3,2,1.72
P7305,MA_ROTA,E1015,3,2,0.7
P7306,MA_TO_CO_JA,E1015,3,2,3.3
P7307,MA_TO_CO_JA,E1015,3,2,2.11
P7308,MA_TO_CO_JA,E1015,3,2,0.8
P7310,MA_TO_CO_JA,E1015,3,2,0.23
P7311,MA_TO_CO_JA,E1015,3,2,0.7
P7312,MA_ROTA,E1015,3,2,1.28
P7313,MA_TO_CO_JA,E1015,3,2,0.17
P7314,BC_GTMG,E1016,1,2,1.73
P7315,IG_PLA,E1016,2,2,1.33
P7316,IG_PLA,E1016,2,2,0.81
P7317,PN_PIQ,E1016,2,2,1.01
P7318,IG_PLA,E1016,2,2,0.49
P7319,IG_PLA,E1016,2,2,0.05
P7320,IG_PLA,E1016,2,2,0.48
P7321,CS_BT_NIM,E1017,4,1,0.7
P7322,IG_TUT,E1017,4,1,3.53
P7323,CS_BT_NIM,E1017,4,1,0.29
P7324,CS_BT_NIM,E1017,4,1,0.27
P7325,CS_BT_NIM,E1017,4,1,1.7
P7326,CS_BT_NIM,E1017,4,1,0.49
P7327,CS_BT_NIM,E1017,4,1,0.38
P7328,IG_TUT,E1017,4,1,0.37
P7329,CS_BT_NIM,E1017,4,1,0.25
P7330,IG_TUT,E1017,4,1,0.18
P7331,MA_ROTA,E1018,4,1,0.33
P7332,MA_ROTA,E1018,4,1,0.31
P7333,MA_ROTA,E1018,4,1,1.67
P7334,MA_ROTA,E1018,4,1,1.8
P7335,MA_ROTA,E1018,4,1,0.22
P7336,MA_ROTA,E1018,4,1,0.28
P7337,MA_ROTA,E1018,4,1,1.53
P7338,MA_ROTA,E1018,4,1,0.14
P7339,MA_ROTA,E1018,4,1,0.26
P7340,MA_ROTA,E1018,4,1,0.19
P7341,PN_PIQ,E1019,4,1,6.42
P7342,PN_PIQ,E1019,4,1,1.09
P7343,PN_PIQ,E1019,4,1,1.54
P7344,PN_PIQ,E1019,4,1,1.48
P7346,BC_BT,E1020,4,1,0.54
P7347,BC_BT,E1020,4,1,1.7
P7348,BC_BT,E1020,4,1,2.28
P7349,BC_BT,E1020,4,1,3.45
P7350,BC_BT,E1020,4,1,0.26
P7351,BC_BT,E1020,4,1,0.02
P7352,BC_BT,E1020,4,1,1.21
P7353,BC_BT,E1020,4,1,1.1
P7354,BC_BT,E1020,4,1,0.35
P7355,BC_BT,E1020,4,1,0.51
P7356,BC_BT,E1020,4,1,0.2
P7357,BC_BT,E1020,4,1,0.3
P7358,BC_BT,E1020,4,1,1.37
P7359,MA_TO_CO_JA,E1021,4,1,3.13
P7360,MA_ROTA,E1022,3,2,0.25
P7365,MA_ROTA,E1022,3,2,0.45
P7366,MA_ROTA,E1022,3,2,0.91
P7367,MA_ROTA,E1023,4,1,0.58
P7368,MA_ROTA,E1023,4,1,5.73
P7370,MA_ROTA,E1023,4,1,0.04
P7371,IG_TUT,E1024,4,1,1.25
P7372,CS_BT_NIM,E1024,4,1,1.42
P7374,IG_TUT,E1024,4,1,3.29
P7375,CS_BT_NIM,E1024,4,1,0.26
P7376,CS_BT_NIM,E1024,4,1,0.64
P7377,MA_TO_CO_JA,E1025,4,1,2.63
P7378,IG_TUT,E1026,4,1,3.18
P7379,CS_BT_NIM,E1026,4,1,2.89
P7381,IG_TUT,E1026,4,1,0.31
P7382,IG_TUT,E1026,4,1,0.39
P7383,IG_TUT,E1026,4,1,0.26
P7384,PN_PIQ,E1027,3,2,2.71
P7385,PN_PIQ,E1027,3,2,4.24
P7386,PN_PIQ,E1027,3,2,0.31
P7387,PN_PIQ,E1027,3,2,1.09
P7388,PN_PIQ,E1027,3,2,1.56
P7389,PN_PIQ,E1027,3,2,2.02
P7390,PN_PIQ,E1027,3,2,0.8
P7391,PN_PIQ,E1027,3,2,1.05
P7392,PN_PIQ,E1027,3,2,0.9
P7393,PN_PIQ,E1027,3,2,1.29
P7394,PN_PIQ,E1027,3,2,0.6
P7395,PN_PIQ,E1027,3,2,0.47
P7396,MA_TO_CO_JA,E1028,6,1,0.79
P7397,MA_TO_CO_JA,E1028,6,1,0.6
P7398,MA_TO_CO_JA,E1028,6,1,0.34
P7399,MA_TO_CO_JA,E1028,6,1,0.99
P7400,MA_TO_CO_JA,E1029,4,1,4.47
P7401,MA_TO_CO_JA,E1029,4,1,2.61
P7402,MA_TO_CO_JA,E1030,4,1,0.85
P7403,BC_BT,E1031,4,1,0.22
P7404,IG_TUT,E1031,4,1,5.62
P7405,BC_BT,E1031,4,1,0.07
P7406,BC_BT,E1031,4,1,1.02
P7407,BC_BT,E1031,4,1,0.09
P7408,BC_BT,E1031,4,1,0.62
P7410,BC_BT,E1031,4,1,0.56
P7411,BC_BT,E1031,4,1,0.42
P7412,BC_BT,E1031,4,1,0.3
P7413,MA_TO_CO_JA,E1032,6,1,0.76
P7414,MA_TO_CO_JA,E1032,6,1,0.74
P7415,MA_TO_CO_JA,E1032,6,1,0.52
P7416,PN_PIQ,E1033,4,1,1.29
P7417,PN_PIQ,E1033,4,1,0.55
P7418,PN_PIQ,E1033,4,1,0.89
P7419,MA_ROTA,E1034,4,1,7.86
P7420,BC_GTMG,E1035,3,2,0.34
P7421,BC_GTMG,E1035,3,2,0.2
P7422,BC_GTMG,E1035,3,2,1.53
P7423,BC_GTMG,E1035,3,2,1.09
P7424,BC_GTMG,E1035,3,2,1.31
P7425,BC_GTMG,E1035,3,2,0.23
P7426,BC_GTMG,E1035,3,2,1.39
P7427,BC_GTMG,E1035,3,2,0.13
P7428,BC_GTMG,E1035,3,2,1.5
P7429,MA_TO_CO_JA,E1036,4,1,5.83
P7430,MA_TO_CO_JA,E1036,4,1,7.25
P7431,MA_TO_CO_JA,E1036,4,1,4.47
P7433,MA_TO_CO_JA,E1036,4,1,4.67
P7434,MA_TO_CO_JA,E1036,4,1,0.74
P7435,MA_TO_CO_JA,E1036,4,1,5.5
P7437,MA_TO_CO_JA,E1036,4,1,0.51
P7438,MA_TO_CO_JA,E1036,4,1,0.92
P7439,MA_TO_CO_JA,E1036,4,1,2.72
P7440,MA_TO_CO_JA,E1036,4,1,1.93
P7441,MA_TO_CO_JA,E1036,4,1,4.6
P7442,MA_TO_CO_JA,E1036,4,1,10.49
P7444,MA_TO_CO_JA,E1036,4,1,4.95
P7445,MA_TO_CO_JA,E1036,4,1,3.36
P7446,MA_TO_CO_JA,E1036,4,1,5.94
P7447,MA_TO_CO_JA,E1036,4,1,1.79
P7448,MA_TO_CO_JA,E1036,4,1,1.05
P7449,MA_TO_CO_JA,E1036,4,1,2.47
P7450,MA_TO_CO_JA,E1036,4,1,5.78
P7451,MA_TO_CO_JA,E1036,4,1,10.02
P7452,MA_TO_CO_JA,E1036,4,1,1.75
P7453,MA_TO_CO_JA,E1036,4,1,0.97
P7454,MA_TO_CO_JA,E1036,4,1,0.56
P7455,MA_TO_CO_JA,E1036,4,1,3.56
P7456,MA_TO_CO_JA,E1036,4,1,6.88
P7457,MA_TO_CO_JA,E1036,4,1,10.94
P7458,MA_TO_CO_JA,E1036,4,1,1.33
P7459,MA_TO_CO_JA,E1036,4,1,6.72
P7460,MA_TO_CO_JA,E1036,4,1,2.28
P7461,MA_TO_CO_JA,E1036,4,1,0.46
P7462,MA_TO_CO_JA,E1036,4,1,7.55
P7463,MA_TO_CO_JA,E1036,4,1,2.51
P7464,MA_TO_CO_JA,E1036,4,1,1.97
P7465,MA_TO_CO_JA,E1036,4,1,2.36
P7466,MA_TO_CO_JA,E1036,4,1,1.74
P7467,MA_TO_CO_JA,E1036,4,1,6.01
P7468,MA_TO_CO_JA,E1036,4,1,13.63
P7469,MA_TO_CO_JA,E1036,4,1,2.42
P7470,MA_TO_CO_JA,E1036,4,1,12.62
P7471,MA_TO_CO_JA,E1036,4,1,1.15
P7472,MA_TO_CO_JA,E1036,4,1,3.86
P7473,MA_TO_CO_JA,E1036,4,1,1.5
P7474,MA_TO_CO_JA,E1036,4,1,7.1
P7475,MA_TO_CO_JA,E1036,4,1,1.26
P7476,MA_TO_CO_JA,E1036,4,1,0.64
P7477,MA_TO_CO_JA,E1036,4,1,0.24
P7478,MA_TO_CO_JA,E1036,4,1,0.71
P7479,MA_TO_CO_JA,E1036,4,1,0.45
P7480,MA_TO_CO_JA,E1036,4,1,2.14
P7484,MA_TO_CO_JA,E1036,4,1,2.93
P7485,MA_TO_CO_JA,E1036,4,1,0.3
P7486,MA_TO_CO_JA,E1036,4,1,0.17
P7488,MA_TO_CO_JA,E1036,4,1,2.56
P7490,MA_TO_CO_JA,E1036,4,1,2.82
P7492,MA_TO_CO_JA,E1036,4,1,2.59
P7493,MA_TO_CO_JA,E1036,4,1,4.32
P7494,MA_TO_CO_JA,E1036,4,1,0.33
P7495,MA_TO_CO_JA,E1037,4,1,2.62
P7496,MA_TO_CO_JA,E1037,4,1,3.78
P7497,MA_ROTA,E1038,1,2,2.12
P7499,MA_ROTA,E1038,1,2,0.12
P7501,MA_ROTA,E1038,1,2,1.62
P7502,MA_ROTA,E1038,1,2,2.82
P7503,MA_TO_CO_JA,E1039,4,1,3.5
P7504,MA_TO_CO_JA,E1039,4,1,1.25
P7506,MA_TO_CO_JA,E1039,4,1,0.83
P7507,MA_TO_CO_JA,E1039,4,1,2.07
P7508,MA_TO_CO_JA,E1040,4,1,5.86
P7509,MA_TO_CO_JA,E1040,4,1,0.62
P7511,MA_TO_CO_JA,E1040,4,1,0.17
P7512,MA_ROTA,E1041,3,2,0.35
P7513,MA_ROTA,E1041,2,2,1.4
P7514,MA_ROTA,E1041,3,2,1.14
P7515,MA_ROTA,E1041,2,2,0.2
P7516,MA_ROTA,E1041,3,2,0.12
P7517,MA_ROTA,E1041,2,2,1.21
P7518,MA_ROTA,E1041,2,2,0.87
P7519,MA_ROTA,E1041,2,2,0.2
P7520,MA_ROTA,E1041,2,2,0.64
P7521,MA_ROTA,E1041,3,2,1.61
P7522,MA_ROTA,E1041,3,2,1.72
P7523,MA_ROTA,E1041,3,2,1.88
P7524,MA_ROTA,E1041,3,2,0.3
P7525,AN_PA,E1042,4,1,5.9
P7526,IG_TUT,E1042,4,1,1.51
P7527,IG_TUT,E1042,4,1,0.87
P7528,AN_PA,E1042,4,1,0.17
P7530,AN_PA,E1042,4,1,0.79
P7531,BC_GTMG,E1043,1,2,0.52
P7532,BC_GTMG,E1043,1,2,0.97
P7533,BC_GTMG,E1043,1,2,0.65
P7534,IG_PLA,E1043,1,2,0.85
P7535,BC_GTMG,E1043,1,2,0.7
P7536,IG_PLA,E1043,1,2,0.25
P7537,IG_PLA,E1043,1,2,1.43
P7538,IG_PLA,E1043,1,2,1.5
P7539,IG_PLA,E1043,1,2,0.37
P7540,IG_PLA,E1043,1,2,0.55
P7541,MA_TO_CO_JA,E1044,5,1,2.14
P7542,MA_TO_CO_JA,E1045,4,1,1.9
P7543,MA_TO_CO_JA,E1045,4,1,1.75
P7544,MA_TO_CO_JA,E1045,4,1,0.43
P7545,MA_TO_CO_JA,E1045,4,1,0.97
P7546,MA_TO_CO_JA,E1045,4,1,1.03
P7547,MA_TO_CO_JA,E1045,4,1,0.15
P7549,MA_TO_CO_JA,E1045,4,1,0.35
P7551,MA_TO_CO_JA,E1046,4,1,0.98
P7552,MA_ROTA,E1047,4,1,0.92
P7553,MA_ROTA,E1047,4,1,1.9
P7554,MA_ROTA,E1047,4,1,1.24
P7555,MA_ROTA,E1047,4,1,1.66
P7556,MA_ROTA,E1047,4,1,0.46
P7557,MA_ROTA,E1047,4,1,3.5
P7558,IG_TUT,E1048,4,1,3.78
P7559,IG_TUT,E1048,4,1,0.54
P7560,IG_TUT,E1048,4,1,0.21
P7561,IG_TUT,E1048,4,1,0.43
P7562,CS_BT_NIM,E1048,4,1,2.13
P7563,CS_BT_NIM,E1048,4,1,0.16
P7564,CS_BT_NIM,E1048,4,1,0.31
P7565,MA_ROTA,E1049,2,2,0.79
P7566,MA_ROTA,E1049,2,2,0.54
P7567,MA_ROTA,E1049,2,2,0.6
P7568,PN_PIQ,E1050,4,1,0.54
P7569,PN_PIQ,E1050,4,1,2.05
P7570,PN_PIQ,E1050,4,1,0.22
P7571,PN_PIQ,E1050,4,1,0.21
P7572,PN_PIQ,E1050,4,1,1.47
P7573,PN_PIQ,E1050,4,1,0.21
P7574,PN_PIQ,E1050,4,1,0.47
P7575,PN_PIQ,E1050,4,1,0.8
P7576,PN_PIQ,E1050,4,1,0.94
P7577,PN_PIQ,E1050,4,1,0.45
P7578,PN_PIQ,E1050,4,1,0.11
P7579,PN_PIQ,E1050,4,1,0.31
P7580,MA_TO_CO_JA,E1051,4,1,0.83
P7582,MA_TO_CO_JA,E1051,4,1,0.51
P7583,PN_PIQ,E1052,4,1,0.66
P7584,PN_PIQ,E1052,4,1,1.6
P7585,MA_ROTA,E1053,3,2,1.94
P7586,MA_ROTA,E1053,1,2,0.28
P7587,MA_ROTA,E1053,3,2,0.63
P7588,MA_ROTA,E1053,3,2,0.91
P7589,MA_ROTA,E1053,3,2,0.29
P7592,MA_ROTA,E1053,1,2,1.27
P7593,MA_ROTA,E1053,1,2,0.38
P7594,MA_ROTA,E1053,1,2,0.29
P7595,MA_ROTA,E1053,1,2,0.89
P7596,MA_ROTA,E1053,1,2,0.87
P7597,MA_ROTA,E1053,1,2,3.87
P7599,MA_ROTA,E1053,1,2,0.91
P7601,MA_ROTA,E1053,1,2,2.24
P7602,MA_ROTA,E1053,1,2,1.18
P7605,MA_ROTA,E1054,3,2,4.1
P7606,MA_ROTA,E1054,2,2,0.71
P7607,MA_TO_CO_JA,E1054,4,1,9.29
P7611,MA_ROTA,E1054,3,2,3.32
P7613,MA_ROTA,E1054,3,2,2.41
P7614,MA_ROTA,E1054,3,2,8.94
P7615,MA_ROTA,E1054,3,2,1.62
P7616,MA_ROTA,E1054,3,2,5.2
P7617,MA_ROTA,E1054,3,2,3.47
P7618,MA_ROTA,E1054,3,2,4.74
P7619,MA_ROTA,E1054,3,2,7.7
P7620,MA_ROTA,E1054,3,2,6.8
P7621,MA_ROTA,E1054,2,2,2.92
P7622,MA_ROTA,E1054,2,2,3.36
P7623,MA_ROTA,E1054,3,2,3.54
P7624,MA_ROTA,E1055,4,1,11.74
P7625,MA_TO_CO_JA,E1055,4,1,1.23
P7626,MA_TO_CO_JA,E1055,4,1,2.24
P7627,MA_TO_CO_JA,E1055,4,1,1.31
P7628,MA_TO_CO_JA,E1055,4,1,0.48
P7629,MA_TO_CO_JA,E1055,4,1,0.89
P7630,MA_TO_CO_JA,E1055,4,1,4.09
P7631,MA_TO_CO_JA,E1056,4,1,1.94
P7632,MA_TO_CO_JA,E1056,4,1,0.79
P7633,MA_ROTA,E1057,5,1,0.57
P7634,MA_ROTA,E1057,5,1,1.59
P7635,BA_INT,E1057,5,1,0.59
P7636,MA_ROTA,E1057,5,1,0.53
P7637,MA_ROTA,E1057,5,1,0.43
P7638,MA_ROTA,E1057,5,1,0.56
P7640,MA_ROTA,E1057,5,1,0.3
P7641,JA,E1057,5,1,0.2
P7642,MA_ROTA,E1057,5,1,0.4
P7643,MA_ROTA,E1057,5,1,0.61
P7644,MA_ROTA,E1057,5,1,0.22
P7645,MA_ROTA,E1057,5,1,0.38
P7646,MA_ROTA,E1057,5,1,0.92
P7647,MA_ROTA,E1057,5,1,0.76
P7648,IG_PLA,E1058,1,2,0.87
P7649,IG_PLA,E1058,1,2,2.02
P7650,IG_PLA,E1058,1,2,1.78
P7651,BC_GTMG,E1058,1,2,0.53
P7652,IG_PLA,E1058,1,2,0.3
P7653,BC_GTMG,E1058,1,2,2.15
P7654,PN_PIQ,E1059,1,2,0.25
P7655,PN_PIQ,E1059,1,2,0.14
P7656,PN_PIQ,E1059,1,2,1.9
P7657,PN_PIQ,E1059,1,2,0.28
P7659,PN_PIQ,E1059,1,2,0.23
P7660,PN_PIQ,E1059,1,2,0.49
P7661,IG_TUT,E1060,4,1,1.43
P7662,IG_TUT,E1060,4,1,0.59
P7663,CS_BT_NIM,E1060,4,1,4.6
P7664,BC_BT,E1060,4,1,4.53
P7665,IG_TUT,E1060,4,1,1.09
P7666,IG_TUT,E1060,4,1,1.37
P7667,IG_TUT,E1061,4,1,0.38
P7668,CS_BT_NIM,E1061,4,1,1.26
P7669,IG_TUT,E1061,4,1,0.31
P7670,IG_TUT,E1061,4,1,1.42
P7671,PN_PIQ,E1062,2,2,1.27
P7672,PN_PIQ,E1062,2,2,1.46
P7673,PN_PIQ,E1062,2,2,1.12
P7675,MA_ROTA,E1063,3,2,0.26
P7676,MA_ROTA,E1063,3,2,1.3
P7677,PN_PIQ,E1064,4,1,3.93
P7679,PN_PIQ,E1065,3,2,1.91
P7680,PN_PIQ,E1065,3,2,0.06
P7681,PN_PIQ,E1065,3,2,1.14
P7682,PN_PIQ,E1065,3,2,1.12
P7683,PN_PIQ,E1065,3,2,0.64
P7684,PN_PIQ,E1065,3,2,1.13
P7686,PN_PIQ,E1065,3,2,1.13
P7687,PN_PIQ,E1065,3,2,1.58
P7688,PN_PIQ,E1066,5,1,0.35
P7689,PN_PIQ,E1066,5,1,0.27
P7690,PN_PIQ,E1066,5,1,0.57
P7691,PN_PIQ,E1066,5,1,0.15
P7692,PN_PIQ,E1066,5,1,0.34
P7693,PN_PIQ,E1066,5,1,0.22
P7694,PN_PIQ,E1066,5,1,0.32
P7696,PN_PIQ,E1066,5,1,0.36
P7698,MA_ROTA,E1067,3,2,0.39
P7699,MA_ROTA,E1067,3,2,0.61
P7700,MA_ROTA,E1067,3,2,0.8
P7701,MA_ROTA,E1067,3,2,0.1
P7702,MA_ROTA,E1067,3,2,0.98
P7703,MA_ROTA,E1067,3,2,0.67
P7704,MA_ROTA,E1067,3,2,0.93
P7705,MA_ROTA,E1067,3,2,0.61
P7706,MA_ROTA,E1067,3,2,0.43
P7707,MA_ROTA,E1067,3,2,1.08
P7711,MA_ROTA,E1067,3,2,0.77
P7712,BC_GTMG,E1068,1,2,0.9
P7713,BC_GTMG,E1068,1,2,1.21
P7714,BC_GTMG,E1068,1,2,1.11
P7715,BC_GTMG,E1068,1,2,0.3
P7716,BC_GTMG,E1068,1,2,1.83
P7717,BC_GTMG,E1068,1,2,1.37
P7718,BC_GTMG,E1068,1,2,1.07
P7719,BC_GTMG,E1068,1,2,0.6
P7720,BC_GTMG,E1068,1,2,1.07
P7721,CS_BT_NIM,E1069,4,1,1.76
P7722,IG_TUT,E1069,4,1,0.9
P7723,PN_PIQ,E1070,6,1,7.85
P7724,PN_PIQ,E1071,7,3,0.88
P7725,PN_PIQ,E1071,7,3,0.69
P7726,PN_PIQ,E1071,7,3,1.75
P7727,PN_PIQ,E1072,7,3,0.61
P7728,PN_PIQ,E1072,7,3,0.6
P7729,PN_PIQ,E1072,7,3,0.27
P7730,PN_PIQ,E1072,7,3,0.27
P7731,PN_PIQ,E1072,7,3,1.7
P7732,IG_PLA,E1073,2,2,3.1
P7733,IG_PLA,E1073,2,2,1.08
P7734,IG_PLA,E1073,2,2,0.63
P7735,BC_GTMG,E1073,2,2,2.72
P7736,PN_PIQ,E1074,1,2,0.52
P7737,PN_PIQ,E1074,1,2,0.4
P7738,PN_PIQ,E1074,1,2,0.13
P7739,PN_PIQ,E1074,1,2,0.56
P7740,PN_PIQ,E1074,1,2,0.38
P7741,PN_PIQ,E1075,2,2,1.56
P7742,PN_PIQ,E1075,2,2,0.07
P7743,PN_PIQ,E1075,2,2,2.64
P7744,BC_GTMG,E1076,2,2,0.63
P7745,BC_GTMG,E1076,2,2,0.98
P7746,BC_GTMG,E1076,2,2,0.17
P7747,PN_PIQ,E1077,4,1,1.72
P7748,PN_PIQ,E1077,4,1,0.64
P7749,PN_PIQ,E1077,4,1,1.61
P7750,PN_PIQ,E1078,7,3,0.74
P7751,PN_PIQ,E1078,7,3,0.99
P7752,PN_PIQ,E1078,7,3,1.2
P7753,PN_PIQ,E1078,7,3,0.55
P7754,IG_PLA,E1079,1,2,1.59
P7755,BC_GTMG,E1079,1,2,1.46
P7756,IG_PLA,E1079,1,2,0.6
P7757,BC_GTMG,E1079,1,2,0.44
P7758,BC_GTMG,E1079,1,2,2.13
P7759,IG_PLA,E1079,1,2,1.0
P7760,BC_GTMG,E1079,1,2,1.15
P7761,IG_PLA,E1079,1,2,1.82
P7762,PN_PIQ,E1080,7,3,0.25
P7763,PN_PIQ,E1080,7,3,1.43
P7764,PN_PIQ,E1080,7,3,0.58
P7765,PN_PIQ,E1080,7,3,0.32
P7766,PN_PIQ,E1080,7,3,0.42
P7767,PN_PIQ,E1081,2,2,0.6
P7768,PN_PIQ,E1081,2,2,0.37
P7769,PN_PIQ,E1081,2,2,2.0
P7771,PN_PIQ,E1081,2,2,0.11
P7772,BC_GTMG,E1082,3,2,1.8
P7773,IG_PLA,E1082,3,2,2.68
P7775,BC_GTMG,E1082,3,2,1.77
P7776,IG_PLA,E1082,3,2,0.95
P7777,IG_PLA,E1082,3,2,0.49
P7778,IG_PLA,E1083,3,2,1.58
P7779,IG_PLA,E1083,3,2,1.22
P7780,IG_PLA,E1083,3,2,0.37
P7781,BC_GTMG,E1083,3,2,2.09
P7782,BC_GTMG,E1083,3,2,2.09
P7783,IG_PLA,E1083,3,2,1.23
P7784,PN_PIQ,E1084,7,3,0.34
P7785,PN_PIQ,E1084,7,3,1.0
P7786,PN_PIQ,E1084,7,3,1.3
P7787,PN_PIQ,E1084,7,3,0.64
P7788,PN_PIQ,E1085,7,3,0.51
P7789,PN_PIQ,E1085,7,3,0.98
P7790,PN_PIQ,E1085,7,3,0.76
P7791,PN_PIQ,E1085,7,3,0.39
P7792,PN_PIQ,E1085,7,3,2.35
P7793,PN_PIQ,E1085,7,3,0.49
P7794,MA_TO_CO_JA,E1086,7,3,0.33
P7795,MA_TO_CO_JA,E1086,7,3,0.39
P7796,MA_TO_CO_JA,E1086,7,3,0.46
P7797,MA_TO_CO_JA,E1086,7,3,0.35
P7798,IG_PLA,E1087,3,2,1.26
P7799,BC_GTMG,E1087,3,2,1.35
P7800,BC_GTMG,E1087,3,2,0.9
P7801,IG_PLA,E1087,3,2,2.34
P7802,BC_GTMG,E1087,3,2,0.2
P7803,IG_PLA,E1087,3,2,1.14
P7804,IG_PLA,E1088,7,3,0.65
P7805,PN_PIQ,E1088,7,3,0.6
P7806,IG_PLA,E1088,7,3,0.84
P7807,IG_PLA,E1088,7,3,0.48
P7808,PN_PIQ,E1088,7,3,0.43
P7809,BC_GTMG,E1089,1,2,0.29
P7810,BC_GTMG,E1089,1,2,0.59
P7811,BC_GTMG,E1089,1,2,1.48
P7812,BC_GTMG,E1089,1,2,1.88
P7813,BC_GTMG,E1089,1,2,0.45
P7814,BC_GTMG,E1089,1,2,0.23
P7815,BC_GTMG,E1089,1,2,0.63
P7816,PN_PIQ,E1090,2,2,1.45
P7817,PN_PIQ,E1091,7,3,2.71
P7818,PN_PIQ,E1091,7,3,0.16
P7819,PN_PIQ,E1091,7,3,0.51
P7820,PN_PIQ,E1091,7,3,0.18
P7821,PN_PIQ,E1091,7,3,0.29
P7822,PN_PIQ,E1091,7,3,0.18
P7823,PN_PIQ,E1092,7,3,2.53
P7824,PN_PIQ,E1092,7,3,0.74
P7825,PN_PIQ,E1092,7,3,0.56
P7826,PN_PIQ,E1092,7,3,1.11
P7827,BC_GTMG,E1093,3,2,0.51
P7828,BC_GTMG,E1093,3,2,1.35
P7829,BC_GTMG,E1093,3,2,0.19
P7830,BC_GTMG,E1093,3,2,1.34
P7831,BC_GTMG,E1093,3,2,0.21
P7832,BC_GTMG,E1093,3,2,1.22
P7833,BC_GTMG,E1093,3,2,1.91
P7834,BC_GTMG,E1093,3,2,1.07
P7835,BC_GTMG,E1093,3,2,0.11
P7836,BC_GTMG,E1093,3,2,0.1
P7837,PN_PIQ,E1094,7,3,0.3
P7838,PN_PIQ,E1094,7,3,1.29
P7839,PN_PIQ,E1095,2,2,1.85
P7840,MA_ROTA,E1096,2,2,0.32
P7841,MA_ROTA,E1096,2,2,0.93
P7842,MA_ROTA,E1096,2,2,0.34
P7843,MA_ROTA,E1096,2,2,1.73
P7844,MA_ROTA,E1096,2,2,1.2
P7845,MA_ROTA,E1096,2,2,0.86
P7846,MA_ROTA,E1096,2,2,0.91
P7847,PN_PIQ,E1097,7,3,0.72
P7848,PN_PIQ,E1097,7,3,1.75
P7849,BC_GTMG,E1098,1,2,0.93
P7850,IG_PLA,E1098,1,2,0.12
P7851,IG_PLA,E1098,1,2,0.31
P7852,IG_PLA,E1098,1,2,0.92
P7853,BC_GTMG,E1098,1,2,0.34
P7854,IG_PLA,E1098,1,2,0.49
P7855,IG_PLA,E1098,1,2,0.5
P7856,BC_GTMG,E1098,1,2,0.21
P7857,BC_GTMG,E1098,1,2,0.34
P7858,IG_PLA,E1098,1,2,0.37
P7859,MA_ROTA,E1099,3,2,1.77
P7860,MA_ROTA,E1100,3,2,2.48
P7861,MA_ROTA,E1100,3,2,1.68
P7862,MA_ROTA,E1100,3,2,1.42
P7863,MA_ROTA,E1100,3,2,1.32
P7864,MA_ROTA,E1100,3,2,2.9
P7865,MA_ROTA,E1100,3,2,1.74
P7867,MA_ROTA,E1100,3,2,1.46
P7868,PN_PIQ,E1101,2,2,0.54
P7869,PN_PIQ,E1101,2,2,0.45
P7870,PN_PIQ,E1101,2,2,0.73
P7871,PN_PIQ,E1101,2,2,0.16
P7873,PN_PIQ,E1101,2,2,0.54
P7874,PN_PIQ,E1102,1,2,1.3
P7875,PN_PIQ,E1102,1,2,0.79
P7876,MA_ROTA,E1103,3,2,0.89
P7877,MA_ROTA,E1103,3,2,0.59
P7878,MA_ROTA,E1103,3,2,0.06
P7880,MA_ROTA,E1103,3,2,1.24
P7881,MA_ROTA,E1103,3,2,1.5
P7882,PN_PIQ,E1104,2,2,0.79
P7883,PN_PIQ,E1104,2,2,1.65
P7884,PN_PIQ,E1105,4,1,1.03
P7885,PN_PIQ,E1105,4,1,1.37
P7886,PN_PIQ,E1105,4,1,0.06
P7887,PN_PIQ,E1106,1,2,2.36
P7888,PN_PIQ,E1107,7,3,0.67
P7889,PN_PIQ,E1107,7,3,0.21
P7890,PN_PIQ,E1107,7,3,0.67
P7891,PN_PIQ,E1107,7,3,1.27
P7892,PN_PIQ,E1107,7,3,0.31
P7893,MA_ROTA,E1108,5,1,0.51
P7895,JA,E1108,5,1,0.21
P7896,MA_ROTA,E1108,5,1,0.21
P7897,MA_ROTA,E1108,5,1,0.29
P7898,MA_ROTA,E1108,5,1,0.55
P7899,BA_INT,E1108,5,1,0.48
P7900,IG_PLA,E1109,3,2,2.41
P7901,IG_PLA,E1109,3,2,1.03
P7902,BC_GTMG,E1109,3,2,0.77
P7903,BC_GTMG,E1109,3,2,0.77
P7904,IG_PLA,E1109,3,2,2.24
P7905,IG_PLA,E1109,3,2,0.46
P7907,BC_GTMG,E1109,3,2,2.21
P7908,PN_PIQ,E1110,3,2,0.8
P7909,BC_GTMG,E1110,3,2,0.73
P7910,BC_GTMG,E1110,3,2,2.3
P7911,MA_ROTA,E1111,3,2,0.19
P7912,MA_ROTA,E1111,3,2,0.99
P7914,PN_PIQ,E1112,2,2,5.43
P7915,PN_PIQ,E1112,2,2,3.26
P7916,PN_PIQ,E1112,2,2,12.02
P7917,PN_PIQ,E1112,2,2,5.38
P7918,PN_PIQ,E1112,2,2,10.05
P7919,PN_PIQ,E1112,2,2,1.04
P7920,PN_PIQ,E1112,2,2,1.83
P7921,PN_PIQ,E1112,2,2,4.02
P7922,PN_PIQ,E1112,2,2,3.27
P7923,PN_PIQ,E1112,2,2,6.01
P7924,PN_PIQ,E1112,2,2,4.1
P7925,PN_PIQ,E1113,2,2,0.18
P7926,PN_PIQ,E1113,2,2,0.47
P7927,PN_PIQ,E1113,2,2,0.57
P7928,BC_GTMG,E1114,2,2,0.74
P7929,BC_GTMG,E1114,2,2,0.05
P7930,BC_GTMG,E1114,2,2,0.06
P7931,BC_GTMG,E1114,2,2,0.46
P7932,PN_PIQ,E1115,2,2,1.59
P7933,PN_PIQ,E1115,2,2,0.51
P7934,PN_PIQ,E1116,2,2,0.96
P7935,PN_PIQ,E1116,2,2,1.75
P7936,PN_PIQ,E1116,2,2,0.4
P7937,PN_PIQ,E1116,2,2,0.53
P7938,PN_PIQ,E1117,2,2,1.0
P7939,PN_PIQ,E1118,7,3,0.18
P7940,PN_PIQ,E1118,7,3,0.5
P7941,PN_PIQ,E1118,7,3,0.82
P7942,PN_PIQ,E1118,7,3,3.88
P7943,PN_PIQ,E1118,7,3,0.56
P7944,PN_PIQ,E1119,7,3,1.92
P7945,PN_PIQ,E1119,7,3,1.13
P7946,PN_PIQ,E1119,7,3,1.98
P7947,PN_PIQ,E1119,7,3,0.79
P7948,PN_PIQ,E1119,7,3,0.62
P7949,PN_PIQ,E1120,7,3,1.56
P7950,PN_PIQ,E1120,7,3,1.8
P7951,PN_PIQ,E1120,7,3,0.2
P7952,PN_PIQ,E1120,7,3,0.29
P7953,PN_PIQ,E1120,7,3,0.62
P7954,PN_PIQ,E1120,7,3,2.03
P7955,PN_PIQ,E1121,7,3,0.96
P7956,PN_PIQ,E1121,7,3,1.59
P7957,PN_PIQ,E1121,7,3,0.43
P7958,PN_PIQ,E1121,7,3,0.76
P7959,BC_GTMG,E1122,7,3,2.93
P7960,PN_PIQ,E1122,7,3,0.97
P7961,PN_PIQ,E1122,7,3,1.78
P7962,PN_PIQ,E1123,2,2,1.62
P7963,PN_PIQ,E1123,2,2,2.84
P7964,PN_PIQ,E1124,1,2,1.04
P7965,PN_PIQ,E1124,1,2,0.64
P7966,PN_PIQ,E1124,1,2,0.07
P7967,PN_PIQ,E1124,1,2,0.5
P7968,PN_PIQ,E1124,1,2,0.35
P7969,PN_PIQ,E1125,7,3,0.37
P7970,PN_PIQ,E1125,7,3,0.56
P7971,PN_PIQ,E1125,7,3,0.52
P7972,PN_PIQ,E1125,7,3,0.57
P7973,PN_PIQ,E1125,7,3,2.86
P7974,PN_PIQ,E1125,7,3,0.72
P7975,PN_PIQ,E1125,7,3,0.21
P7977,MA_ROTA,E1126,4,1,0.67
P7978,BC_GTMG,E1127,2,2,0.82
P7979,BC_GTMG,E1127,2,2,0.55
P7980,BC_GTMG,E1127,2,2,0.5
P7981,BC_GTMG,E1127,2,2,0.21
P7982,BC_GTMG,E1127,2,2,0.1
P7983,MA_ROTA,E1128,3,2,4.04
P7984,MA_ROTA,E1128,3,2,2.07
P7986,MA_ROTA,E1129,5,1,0.86
P7988,MA_ROTA,E1129,5,1,0.14
P7989,MA_ROTA,E1129,5,1,0.7
P7990,MA_ROTA,E1129,5,1,0.27
P7991,MA_ROTA,E1129,5,1,0.43
P7992,MA_ROTA,E1129,5,1,0.11
P7996,MA_TO_CO_JA,E1129,4,1,0.43
P7997,MA_ROTA,E1129,5,1,0.76
P7998,MA_TO_CO_JA,E1129,4,1,0.78
P7999,MA_TO_CO_JA,E1129,4,1,1.19
P8000,MA_TO_CO_JA,E1129,4,1,0.88
P8001,MA_TO_CO_JA,E1129,4,1,1.08
P8003,MA_ROTA,E1129,5,1,0.55
P8004,MA_ROTA,E1129,5,1,0.57
P8005,MA_ROTA,E1129,5,1,0.12
P8006,MA_ROTA,E1129,5,1,0.09
P8008,MA_ROTA,E1129,5,1,0.35
P8010,MA_ROTA,E1129,5,1,0.92
P8011,MA_ROTA,E1129,5,1,0.43
P8012,MA_ROTA,E1129,5,1,0.25
P8013,MA_ROTA,E1129,5,1,0.21
P8019,MA_ROTA,E1129,5,1,0.65
P8020,MA_TO_CO_JA,E1130,7,3,0.75
P8021,MA_TO_CO_JA,E1130,7,3,0.34
P8022,MA_TO_CO_JA,E1130,7,3,0.44
P8023,BC_BT,E1131,5,1,0.94
P8024,BC_BT,E1131,5,1,1.37
P8025,BC_BT,E1131,5,1,0.68
P8026,BC_BT,E1131,5,1,0.35
P8027,BC_BT,E1131,5,1,0.63
P8028,BC_BT,E1131,5,1,0.43
P8029,BC_BT,E1131,5,1,0.2
P8030,BC_BT,E1131,5,1,0.27
P8032,BC_BT,E1131,5,1,0.92
P8034,BC_BT,E1131,5,1,0.09
P8035,BC_BT,E1131,5,1,0.44
P8036,BC_BT,E1131,5,1,0.41
P8037,BC_BT,E1131,5,1,0.24
P8038,MA_ROTA,E1132,4,1,0.71
P8039,MA_ROTA,E1132,4,1,1.35
P8040,MA_ROTA,E1132,4,1,0.23
P8041,MA_ROTA,E1132,4,1,0.8
P8042,MA_ROTA,E1132,4,1,1.66
P8044,MA_ROTA,E1132,4,1,0.24
P8048,MA_ROTA,E1132,4,1,0.49
P8049,MA_ROTA,E1132,4,1,0.48
P8050,MA_ROTA,E1132,4,1,0.77
P8051,MA_ROTA,E1132,4,1,0.34
P8053,MA_ROTA,E1132,4,1,0.2
P8054,MA_ROTA,E1132,4,1,0.21
P8055,MA_ROTA,E1132,4,1,5.06
P8056,MA_ROTA,E1132,4,1,4.24
P8057,MA_ROTA,E1132,4,1,0.95
P8058,MA_ROTA,E1133,5,1,0.22
P8059,BA_INT,E1133,5,1,0.34
P8060,JA,E1133,5,1,0.28
P8061,MA_ROTA,E1133,5,1,0.1
P8062,MA_ROTA,E1133,5,1,0.18
P8063,MA_ROTA,E1133,5,1,0.08
P8064,MA_ROTA,E1133,5,1,0.2
P8067,BA_INT,E1133,5,1,0.77
P8068,MA_ROTA,E1133,5,1,0.29
P8069,MA_ROTA,E1133,5,1,0.11
P8072,BA_INT,E1134,5,1,0.88
P8073,BA_INT,E1134,5,1,1.11
P8074,BA_INT,E1134,5,1,1.43
P8075,JA,E1134,5,1,1.45
P8076,BA_INT,E1134,5,1,2.51
P8077,BA_INT,E1134,5,1,0.39
P8080,BA_INT,E1134,5,1,1.81
P8081,JA,E1134,5,1,1.02
P8082,BA_INT,E1134,5,1,1.0
P8083,BA_INT,E1134,5,1,1.71
P8084,MA_ROTA,E1135,1,2,0.67
P8085,MA_ROTA,E1135,1,2,1.14
P8086,MA_ROTA,E1135,1,2,0.61
P8087,MA_ROTA,E1135,1,2,0.38
P8088,MA_ROTA,E1135,1,2,0.43
P8089,MA_ROTA,E1135,1,2,2.48
P8090,MA_ROTA,E1135,1,2,0.32
P8092,MA_ROTA,E1135,1,2,0.19
P8095,PN_PIQ,E1136,4,1,1.46
P8096,PN_PIQ,E1136,4,1,0.61
P8097,PN_PIQ,E1136,4,1,0.65
P8098,PN_PIQ,E1136,4,1,0.61
P8099,PN_PIQ,E1136,4,1,1.23
P8100,PN_PIQ,E1136,4,1,1.65
P8101,PN_PIQ,E1136,4,1,1.21
P8103,BC_GTMG,E1137,3,2,4.15
P8105,BC_GTMG,E1137,3,2,0.49
P8106,BC_GTMG,E1137,3,2,1.31
P8107,BC_GTMG,E1137,3,2,2.83
P8109,BC_GTMG,E1137,3,2,2.3
P8110,BC_GTMG,E1137,3,2,2.46
P8111,BC_GTMG,E1137,3,2,1.62
P8112,BC_GTMG,E1137,3,2,1.38
P8113,BC_GTMG,E1137,3,2,3.43
P8114,BC_GTMG,E1137,3,2,2.45
P8115,MA_ROTA,E1138,3,2,0.63
P8116,MA_ROTA,E1138,3,2,0.83
P8117,MA_ROTA,E1138,3,2,1.55
P8118,MA_ROTA,E1138,3,2,0.18
P8119,MA_ROTA,E1138,3,2,1.08
P8120,IG_PLA,E1139,3,2,2.35
P8121,BC_GTMG,E1139,3,2,0.32
P8122,BC_GTMG,E1139,3,2,0.38
P8123,BC_GTMG,E1139,3,2,1.12
P8124,BC_GTMG,E1139,3,2,1.14
P8125,IG_PLA,E1139,3,2,0.23
P8126,MA_TO_CO_JA,E1140,4,1,0.84
P8127,MA_TO_CO_JA,E1140,4,1,1.01
P8128,MA_TO_CO_JA,E1140,4,1,1.06
P8129,BC_BT,E1141,5,1,0.44
P8130,MA_ROTA,E1141,5,1,0.74
P8131,BC_BT,E1141,5,1,0.46
P8132,MA_ROTA,E1142,3,2,3.24
P8133,MA_ROTA,E1142,3,2,3.59
P8134,MA_ROTA,E1142,3,2,4.23
P8136,MA_TO_CO_JA,E1142,3,2,2.33
P8138,MA_ROTA,E1142,3,2,0.52
P8139,MA_ROTA,E1142,3,2,1.37
P8140,MA_TO_CO_JA,E1143,5,1,1.13
P8141,MA_TO_CO_JA,E1143,5,1,0.28
P8142,MA_TO_CO_JA,E1143,5,1,0.83
P8143,MA_ROTA,E1144,2,2,0.73
P8144,MA_ROTA,E1144,2,2,0.61
P8145,MA_ROTA,E1144,2,2,0.98
P8147,MA_ROTA,E1144,2,2,1.87
P8149,MA_ROTA,E1144,2,2,2.52
P8152,MA_ROTA,E1144,2,2,1.42
P8153,MA_ROTA,E1144,2,2,0.74
P8154,MA_ROTA,E1144,2,2,0.78
P8155,MA_ROTA,E1144,2,2,0.53
P8156,MA_ROTA,E1144,2,2,1.13
P8159,MA_ROTA,E1144,2,2,0.41
P8161,MA_ROTA,E1144,2,2,0.72
P8162,MA_ROTA,E1144,2,2,1.39
P8165,MA_ROTA,E1144,2,2,1.46
P8166,MA_TO_CO_JA,E1145,7,3,0.76
P8167,MA_TO_CO_JA,E1145,7,3,1.13
P8168,MA_TO_CO_JA,E1145,7,3,1.45
P8169,MA_TO_CO_JA,E1145,7,3,0.94
P8170,MA_ROTA,E1146,5,1,0.67
P8171,MA_ROTA,E1146,5,1,0.16
P8172,MA_ROTA,E1146,5,1,0.5
P8173,MA_ROTA,E1146,5,1,1.11
P8174,MA_ROTA,E1146,5,1,1.32
P8175,MA_ROTA,E1146,5,1,1.54
P8176,MA_ROTA,E1146,5,1,0.19
P8179,MA_TO_CO_JA,E1147,4,1,0.26
P8180,MA_TO_CO_JA,E1147,4,1,0.35
P8181,IG_TUT,E1148,4,1,1.69
P8182,PN_PIQ,E1148,4,1,0.99
P8183,IG_TUT,E1148,4,1,0.57
P8185,IG_TUT,E1148,4,1,0.28
P8186,IG_TUT,E1149,4,1,0.24
P8187,CS_BT_NIM,E1149,4,1,0.18
P8188,IG_TUT,E1149,4,1,0.54
P8189,CS_BT_NIM,E1149,4,1,0.14
P8190,IG_TUT,E1149,4,1,0.85
P8191,IG_TUT,E1149,4,1,0.68
P8192,CS_BT_NIM,E1149,4,1,1.14
P8193,IG_TUT,E1149,4,1,0.22
P8194,IG_TUT,E1149,4,1,0.17
P8195,MA_TO_CO_JA,E1150,4,1,7.69
P8196,MA_TO_CO_JA,E1150,4,1,0.56
P8198,MA_ROTA,E1151,4,1,0.85
P8199,MA_ROTA,E1151,4,1,0.16
P8200,MA_ROTA,E1151,4,1,1.07
P8201,MA_ROTA,E1151,4,1,0.26
P8202,MA_ROTA,E1151,4,1,0.1
P8203,MA_ROTA,E1151,4,1,0.32
P8204,MA_ROTA,E1151,4,1,0.99
P8205,MA_ROTA,E1151,4,1,0.09
P8206,MA_ROTA,E1151,4,1,1.95
P8207,MA_TO_CO_JA,E1152,4,1,0.3
P8208,MA_TO_CO_JA,E1152,4,1,0.44
P8209,MA_TO_CO_JA,E1152,4,1,0.51
P8210,MA_TO_CO_JA,E1152,4,1,0.34
P8211,MA_TO_CO_JA,E1152,4,1,0.59
P8212,MA_TO_CO_JA,E1153,6,1,0.96
P8213,PN_PIQ,E1154,4,1,1.0
P8214,PN_PIQ,E1154,4,1,0.69
P8215,PN_PIQ,E1154,4,1,0.85
P8216,PN_PIQ,E1154,4,1,1.1
P8217,PN_PIQ,E1154,4,1,0.3
P8218,PN_PIQ,E1154,4,1,0.21
P8219,MA_TO_CO_JA,E1155,6,1,0.5
P8220,IG_TUT,E1155,6,1,0.25
P8221,PN_PIQ,E1156,7,3,0.88
P8222,IG_PLA,E1156,7,3,0.28
P8223,MA_ROTA,E1157,1,2,1.74
P8224,MA_ROTA,E1157,1,2,2.09
P8225,MA_ROTA,E1157,1,2,0.59
P8227,MA_ROTA,E1157,1,2,0.23
P8228,MA_ROTA,E1157,1,2,0.87
P8229,MA_TO_CO_JA,E1158,4,1,0.55
P8230,MA_TO_CO_JA,E1158,4,1,0.82
P8231,MA_TO_CO_JA,E1158,4,1,0.85
P8232,MA_TO_CO_JA,E1159,6,1,1.18
P8233,MA_TO_CO_JA,E1159,6,1,0.88
P8234,MA_TO_CO_JA,E1159,6,1,0.41
P8235,MA_TO_CO_JA,E1159,6,1,0.88
P8236,MA_TO_CO_JA,E1159,6,1,0.29
P8237,BC_GTMG,E1160,2,2,2.49
P8238,BC_GTMG,E1160,2,2,3.7
P8239,BC_GTMG,E1160,2,2,3.83
P8240,IG_PLA,E1160,2,2,3.89
P8241,IG_PLA,E1160,2,2,1.26
P8243,IG_PLA,E1160,2,2,7.58
P8244,MA_ROTA,E1161,3,2,0.58
P8245,MA_ROTA,E1161,3,2,0.99
P8247,MA_TO_CO_JA,E1161,3,2,1.36
P8248,IG_PLA,E1162,2,2,0.19
P8249,BC_GTMG,E1162,2,2,0.5
P8250,BC_GTMG,E1162,2,2,0.65
P8251,IG_PLA,E1162,2,2,0.33
P8252,PN_PIQ,E1163,2,2,0.67
P8253,PN_PIQ,E1163,2,2,2.04
P8254,BC_GTMG,E1164,1,2,0.25
P8255,BC_GTMG,E1164,1,2,0.28
P8256,BC_GTMG,E1164,1,2,1.11
P8257,BC_GTMG,E1164,1,2,0.3
P8258,BC_GTMG,E1164,1,2,0.24
P8259,BC_GTMG,E1164,1,2,0.54
P8260,BC_GTMG,E1164,1,2,0.29
P8261,MA_ROTA,E1165,2,2,1.28
P8262,MA_ROTA,E1165,2,2,0.9
P8263,BC_GTMG,E1166,1,2,1.27
P8264,IG_PLA,E1166,1,2,1.77
P8265,IG_PLA,E1166,1,2,0.33
P8266,IG_PLA,E1166,1,2,0.4
P8267,IG_PLA,E1166,1,2,0.75
P8268,BC_GTMG,E1166,1,2,1.61
P8269,IG_PLA,E1166,1,2,1.04
P8270,PN_PIQ,E1167,1,2,0.21
P8271,PN_PIQ,E1167,1,2,1.37
P8273,PN_PIQ,E1167,1,2,0.83
P8274,PN_PIQ,E1167,1,2,0.89
P8275,PN_PIQ,E1168,2,2,0.39
P8276,PN_PIQ,E1168,2,2,0.53
P8277,PN_PIQ,E1168,2,2,0.13
P8278,PN_PIQ,E1168,2,2,0.17
P8279,PN_PIQ,E1168,2,2,2.48
P8280,MA_ROTA,E1169,2,2,0.64
P8281,MA_ROTA,E1169,2,2,0.93
P8282,MA_ROTA,E1169,2,2,0.56
P8283,MA_ROTA,E1169,2,2,1.34
P8284,MA_ROTA,E1169,2,2,0.99
P8285,MA_ROTA,E1169,2,2,0.72
P8286,MA_ROTA,E1169,2,2,0.29
P8287,MA_ROTA,E1169,2,2,0.94
P8288,MA_ROTA,E1169,2,2,0.3
P8289,MA_ROTA,E1169,2,2,0.23
P8290,MA_ROTA,E1169,2,2,0.27
P8291,MA_ROTA,E1169,2,2,0.11
P8292,MA_ROTA,E1169,2,2,0.02
P8293,MA_ROTA,E1169,2,2,0.57
P8294,BC_GTMG,E1170,2,2,0.75
P8295,BC_GTMG,E1170,2,2,0.48
P8296,MA_ROTA,E1171,2,2,0.22
P8297,MA_ROTA,E1171,2,2,0.03
P8298,MA_ROTA,E1171,2,2,0.13
P8299,MA_ROTA,E1171,2,2,0.37
P8300,MA_ROTA,E1171,2,2,0.27
P8301,BC_GTMG,E1172,3,2,1.0
P8302,BC_GTMG,E1172,3,2,1.42
P8303,BC_GTMG,E1172,3,2,0.39
P8304,BC_GTMG,E1172,3,2,0.35
P8305,BC_GTMG,E1172,3,2,0.99
P8306,BC_GTMG,E1172,3,2,0.48
P8307,MA_ROTA,E1173,1,2,0.96
P8308,MA_ROTA,E1173,1,2,0.99
P8309,PN_PIQ,E1174,2,2,1.33
P8310,PN_PIQ,E1174,2,2,0.61
P8311,PN_PIQ,E1174,2,2,1.3
P8312,PN_PIQ,E1175,2,2,0.28
P8313,PN_PIQ,E1175,2,2,0.45
P8314,PN_PIQ,E1175,2,2,1.21
P8315,PN_PIQ,E1175,2,2,0.64
P8316,PN_PIQ,E1176,1,2,0.35
P8318,PN_PIQ,E1176,1,2,0.52
P8319,PN_PIQ,E1176,1,2,0.33
P8320,MA_TO_CO_JA,E1177,2,2,0.92
P8321,MA_TO_CO_JA,E1177,2,2,0.24
P8322,MA_TO_CO_JA,E1177,2,2,1.16
P8323,MA_TO_CO_JA,E1177,2,2,0.42
P8324,PN_PIQ,E1178,1,2,0.37
P8325,PN_PIQ,E1178,1,2,0.51
P8326,MA_ROTA,E1179,2,2,4.39
P8327,MA_ROTA,E1180,3,2,0.33
P8328,MA_ROTA,E1180,3,2,1.21
P8329,BC_GTMG,E1181,3,2,1.39
P8330,BC_GTMG,E1181,3,2,1.17
P8331,BC_GTMG,E1181,3,2,2.67
P8332,BC_GTMG,E1181,3,2,0.66
P8333,BC_GTMG,E1181,3,2,0.85
P8334,BC_GTMG,E1181,3,2,0.5
P8335,PN_PIQ,E1182,2,2,0.25
P8336,PN_PIQ,E1182,2,2,0.45
P8337,BC_GTMG,E1183,2,2,3.24
P8338,IG_PLA,E1183,2,2,1.56
P8339,MA_TO_CO_JA,E1184,3,2,1.48
P8340,MA_TO_CO_JA,E1184,3,2,0.17
P8341,MA_TO_CO_JA,E1184,3,2,0.44
P8342,MA_TO_CO_JA,E1184,3,2,0.97
P8343,MA_TO_CO_JA,E1184,3,2,0.97
P8344,MA_ROTA,E1184,3,2,1.54
P8345,MA_TO_CO_JA,E1184,3,2,0.56
P8346,MA_TO_CO_JA,E1184,3,2,0.7
P8347,MA_ROTA,E1184,3,2,1.28
P8348,MA_TO_CO_JA,E1184,3,2,1.01
P8349,MA_ROTA,E1184,3,2,1.04
P8350,MA_ROTA,E1184,3,2,2.08
P8351,MA_ROTA,E1184,3,2,0.98
P8352,MA_TO_CO_JA,E1184,3,2,1.58
P8353,MA_ROTA,E1184,3,2,0.62
P8354,IG_PLA,E1185,3,2,1.15
P8355,IG_PLA,E1185,3,2,0.97
P8356,IG_PLA,E1185,3,2,1.83
P8357,BC_GTMG,E1185,3,2,1.25
P8358,BC_GTMG,E1185,3,2,1.69
P8359,MA_ROTA,E1186,2,2,1.25
P8360,MA_ROTA,E1186,2,2,0.67
P8361,MA_ROTA,E1186,2,2,0.2
P8362,MA_ROTA,E1186,2,2,1.28
P8363,PN_PIQ,E1187,2,2,2.33
P8364,PN_PIQ,E1187,2,2,0.35
P8365,MA_ROTA,E1188,2,2,1.14
P8366,MA_TO_CO_JA,E1189,2,2,0.33
P8367,MA_ROTA,E1189,3,2,1.61
P8368,MA_TO_CO_JA,E1189,2,2,1.63
P8372,MA_ROTA,E1189,3,2,0.49
P8373,MA_ROTA,E1189,3,2,1.93
P8374,MA_ROTA,E1189,1,2,0.24
P8376,MA_ROTA,E1189,1,2,1.49
P8378,MA_ROTA,E1189,3,2,1.55
P8379,MA_ROTA,E1189,1,2,0.15
P8380,MA_TO_CO_JA,E1189,2,2,0.83
P8382,MA_TO_CO_JA,E1189,2,2,0.69
P8383,MA_ROTA,E1190,2,2,0.42
P8384,MA_ROTA,E1190,2,2,0.2
P8386,MA_ROTA,E1190,2,2,0.8
P8387,MA_ROTA,E1190,2,2,0.79
P8389,MA_ROTA,E1190,2,2,0.86
P8390,MA_ROTA,E1190,2,2,0.65
P8391,MA_ROTA,E1190,2,2,0.73
P8393,MA_ROTA,E1190,2,2,0.78
P8394,MA_ROTA,E1190,2,2,0.91
P8395,BC_GTMG,E1191,3,2,2.15
P8396,BC_GTMG,E1191,3,2,1.24
P8397,BC_GTMG,E1191,3,2,1.21
P8398,BC_GTMG,E1191,3,2,3.47
P8399,BC_GTMG,E1191,3,2,1.39
P8401,BC_GTMG,E1191,3,2,4.75
P8402,PN_PIQ,E1192,1,2,0.49
P8403,PN_PIQ,E1192,1,2,0.3
P8404,PN_PIQ,E1192,1,2,2.35
P8405,BC_GTMG,E1193,2,2,2.03
P8406,BC_GTMG,E1193,2,2,1.19
P8407,BC_GTMG,E1193,2,2,0.91
P8408,BC_GTMG,E1193,2,2,0.4
P8409,MA_ROTA,E1194,2,2,2.77
P8410,MA_ROTA,E1195,2,2,0.62
P8411,MA_ROTA,E1195,2,2,0.55
P8414,MA_ROTA,E1196,2,2,1.19
P8415,MA_ROTA,E1197,4,1,3.18
P8416,MA_ROTA,E1197,4,1,4.91
P8417,MA_ROTA,E1197,4,1,1.07
P8418,MA_ROTA,E1197,4,1,0.38
P8419,MA_ROTA,E1197,4,1,0.56
P8420,MA_ROTA,E1197,4,1,0.24
P8421,MA_TO_CO_JA,E1198,4,1,1.96
P8422,MA_TO_CO_JA,E1198,4,1,1.67
P8423,MA_TO_CO_JA,E1198,4,1,1.38
P8426,MA_ROTA,E1199,4,1,0.27
P8427,MA_ROTA,E1199,4,1,0.29
P8428,MA_ROTA,E1199,4,1,0.27
P8429,MA_ROTA,E1199,4,1,0.14
P8430,MA_ROTA,E1199,4,1,1.62
P8431,MA_ROTA,E1199,4,1,0.45
P8432,MA_ROTA,E1199,4,1,1.86
P8433,MA_ROTA,E1199,4,1,1.44
P8434,IG_TUT,E1200,4,1,0.97
P8435,CS_BT_NIM,E1200,4,1,0.95
P8436,IG_TUT,E1200,4,1,1.09
P8437,BC_BT,E1200,4,1,1.01
P8438,CS_BT_NIM,E1200,4,1,0.57
P8439,IG_TUT,E1200,4,1,0.14
P8440,MA_TO_CO_JA,E1201,4,1,1.72
P8441,MA_TO_CO_JA,E1201,4,1,1.24
P8442,MA_TO_CO_JA,E1201,4,1,0.05
P8443,MA_TO_CO_JA,E1201,4,1,0.03
P8444,MA_TO_CO_JA,E1201,4,1,0.27
P8446,MA_TO_CO_JA,E1201,4,1,3.07
P8447,MA_TO_CO_JA,E1202,4,1,1.32
P8448,PN_PIQ,E1203,4,1,0.1
P8449,PN_PIQ,E1203,4,1,0.34
P8450,PN_PIQ,E1203,4,1,0.24
P8451,PN_PIQ,E1203,4,1,1.23
P8452,PN_PIQ,E1204,4,1,1.1
P8453,PN_PIQ,E1204,4,1,0.43
P8454,PN_PIQ,E1204,4,1,0.25
P8455,PN_PIQ,E1204,4,1,0.5
P8456,PN_PIQ,E1204,4,1,1.24
P8457,PN_PIQ,E1204,4,1,0.89
P8458,BC_BT,E1204,4,1,0.69
P8459,BC_BT,E1204,4,1,0.96
P8460,PN_PIQ,E1204,4,1,0.3
P8461,MA_TO_CO_JA,E1205,4,1,0.21
P8462,MA_ROTA,E1206,4,1,1.5
P8463,MA_ROTA,E1206,4,1,1.64
P8464,MA_ROTA,E1206,4,1,0.78
P8465,MA_ROTA,E1206,4,1,0.54
P8466,MA_ROTA,E1206,4,1,2.44
P8468,MA_TO_CO_JA,E1207,4,1,1.77
P8469,MA_TO_CO_JA,E1207,4,1,0.62
P8470,MA_TO_CO_JA,E1207,4,1,0.77
P8474,MA_TO_CO_JA,E1209,4,1,1.85
P8475,MA_TO_CO_JA,E1210,4,1,1.13
P8476,MA_TO_CO_JA,E1210,4,1,0.72
P8477,MA_TO_CO_JA,E1211,4,1,0.72
P8478,MA_TO_CO_JA,E1211,4,1,0.84
P8479,MA_TO_CO_JA,E1212,4,1,1.83
P8480,MA_TO_CO_JA,E1212,4,1,1.41
P8481,MA_TO_CO_JA,E1212,4,1,0.31
P8482,IG_TUT,E1213,4,1,0.81
P8483,BC_BT,E1213,4,1,0.58
P8484,BC_BT,E1213,4,1,0.45
P8485,BC_BT,E1213,4,1,0.16
P8486,BC_BT,E1213,4,1,0.94
P8487,IG_TUT,E1213,4,1,0.63
P8488,IG_TUT,E1213,4,1,0.7
P8489,IG_TUT,E1213,4,1,0.42
P8490,IG_TUT,E1213,4,1,0.44
P8491,BC_BT,E1214,4,1,1.34
P8492,IG_TUT,E1214,4,1,0.23
P8493,CS_BT_NIM,E1215,4,1,0.62
P8494,IG_TUT,E1215,4,1,0.22
P8495,IG_TUT,E1216,4,1,1.49
P8496,AN_PA,E1216,4,1,1.68
P8498,AN_PA,E1216,4,1,1.39
P8499,IG_TUT,E1216,4,1,1.62
P8500,AN_PA,E1216,4,1,0.84
P8501,AN_PA,E1216,4,1,1.94
P8502,AN_PA,E1216,4,1,1.13
P8503,AN_PA,E1216,4,1,1.91
P8504,AN_PA,E1216,4,1,0.16
P8505,IG_TUT,E1216,4,1,1.28
P8506,AN_PA,E1216,4,1,3.84
P8507,AN_PA,E1217,4,1,2.22
P8508,AN_PA,E1217,4,1,5.42
P8510,IG_TUT,E1217,4,1,0.95
P8511,AN_PA,E1217,4,1,2.45
P8512,AN_PA,E1217,4,1,1.07
P8513,IG_TUT,E1217,4,1,12.63
P8514,AN_PA,E1217,4,1,7.95
P8515,AN_PA,E1217,4,1,8.73
P8516,AN_PA,E1217,4,1,3.18
P8517,AN_PA,E1217,4,1,2.79
P8518,AN_PA,E1217,4,1,2.96
P8519,AN_PA,E1217,4,1,3.03
P8520,MA_TO_CO_JA,E1218,4,1,0.96
P8521,MA_TO_CO_JA,E1218,4,1,0.64
P8522,MA_ROTA,E1219,4,1,3.6
P8523,MA_TO_CO_JA,E1220,4,1,0.18
P8524,MA_TO_CO_JA,E1220,4,1,2.53
P8525,MA_TO_CO_JA,E1220,4,1,0.34
P8526,MA_TO_CO_JA,E1220,4,1,0.18
P8527,MA_TO_CO_JA,E1220,4,1,2.24
P8529,MA_TO_CO_JA,E1220,4,1,2.54
P8531,MA_TO_CO_JA,E1220,4,1,0.48
P8532,MA_TO_CO_JA,E1220,4,1,0.61
P8533,MA_TO_CO_JA,E1220,4,1,1.36
P8534,MA_TO_CO_JA,E1220,4,1,1.46
P8538,MA_TO_CO_JA,E1220,4,1,0.37
P8539,MA_TO_CO_JA,E1220,4,1,0.23
P8540,MA_TO_CO_JA,E1220,4,1,0.58
P8546,MA_TO_CO_JA,E1220,4,1,0.66
P8547,MA_TO_CO_JA,E1220,4,1,3.77
P8548,MA_TO_CO_JA,E1220,4,1,0.48
P8549,MA_TO_CO_JA,E1220,4,1,0.91
P8550,MA_TO_CO_JA,E1220,4,1,0.7
P8551,MA_ROTA,E1221,5,1,2.19
P8552,MA_ROTA,E1221,5,1,1.97
P8553,MA_ROTA,E1221,5,1,1.16
P8554,MA_ROTA,E1221,5,1,2.04
P8555,MA_ROTA,E1221,5,1,1.42
P8556,MA_ROTA,E1222,5,1,1.78
P8557,IG_TUT,E1223,4,1,0.12
P8558,IG_TUT,E1223,4,1,3.19
P8559,IG_TUT,E1223,4,1,0.37
P8560,CS_BT_NIM,E1223,4,1,0.7
P8561,IG_TUT,E1223,4,1,0.34
P8563,CS_BT_NIM,E1223,4,1,0.47
P8564,CS_BT_NIM,E1223,4,1,0.38
P8565,CS_BT_NIM,E1223,4,1,0.45
P8566,CS_BT_NIM,E1223,4,1,0.32
P8567,IG_TUT,E1223,4,1,1.46
P8568,IG_TUT,E1223,4,1,0.46
P8569,CS_BT_NIM,E1223,4,1,1.05
P8570,IG_TUT,E1223,4,1,0.25
P8571,MA_TO_CO_JA,E1224,4,1,1.41
P8572,IG_TUT,E1225,4,1,1.21
P8573,CS_BT_NIM,E1225,4,1,0.63
P8574,MA_TO_CO_JA,E1226,4,1,0.68
P8575,MA_TO_CO_JA,E1226,4,1,0.58
P8576,MA_TO_CO_JA,E1227,4,1,1.93
P8577,MA_TO_CO_JA,E1227,4,1,2.84
P8580,MA_TO_CO_JA,E1227,4,1,1.07
P8581,MA_TO_CO_JA,E1227,4,1,1.12
P8584,MA_TO_CO_JA,E1227,4,1,0.36
P8585,MA_TO_CO_JA,E1227,4,1,0.95
P8586,MA_TO_CO_JA,E1227,4,1,1.71
P8587,MA_ROTA,E1228,4,1,3.8
P8588,MA_ROTA,E1228,4,1,0.62
P8589,MA_ROTA,E1228,4,1,0.64
P8590,MA_ROTA,E1228,4,1,0.59
P8591,MA_ROTA,E1228,4,1,1.24
P8593,MA_ROTA,E1228,4,1,0.43
P8595,MA_TO_CO_JA,E1229,4,1,1.89
P8597,MA_TO_CO_JA,E1230,4,1,1.25
P8598,PN_PIQ,E1231,4,1,0.88
P8599,PN_PIQ,E1231,4,1,0.94
P8600,PN_PIQ,E1231,4,1,0.11
P8601,PN_PIQ,E1231,4,1,0.18
P8603,PN_PIQ,E1231,4,1,1.07
P8604,PN_PIQ,E1231,4,1,0.46
P8605,AN_PA,E1232,4,1,1.16
P8606,AN_PA,E1232,4,1,0.66
P8607,AN_PA,E1232,4,1,0.84
P8608,AN_PA,E1232,4,1,0.42
P8609,AN_PA,E1232,4,1,1.16
P8610,AN_PA,E1232,4,1,0.81
P8611,AN_PA,E1232,4,1,3.1
P8612,AN_PA,E1232,4,1,0.78
P8613,AN_PA,E1232,4,1,1.46
P8614,AN_PA,E1232,4,1,0.61
P8615,IG_TUT,E1232,4,1,0.56
P8616,IG_TUT,E1232,4,1,0.23
P8617,IG_TUT,E1232,4,1,0.39
P8618,AN_PA,E1232,4,1,0.86
P8619,IG_TUT,E1232,4,1,4.59
P8620,AN_PA,E1232,4,1,1.58
P8621,AN_PA,E1232,4,1,2.21
P8622,MA_TO_CO_JA,E1233,4,1,1.82
P8623,MA_TO_CO_JA,E1233,4,1,0.87
P8624,MA_TO_CO_JA,E1233,4,1,3.0
P8625,MA_TO_CO_JA,E1233,4,1,1.86
P8626,MA_TO_CO_JA,E1233,4,1,0.51
P8627,MA_TO_CO_JA,E1234,4,1,1.28
P8628,MA_TO_CO_JA,E1235,4,1,1.04
P8629,MA_TO_CO_JA,E1235,4,1,0.73
P8630,MA_TO_CO_JA,E1235,4,1,0.25
P8631,MA_TO_CO_JA,E1235,4,1,0.36
P8632,CS_BT_NIM,E1236,4,1,1.4
P8633,IG_TUT,E1236,4,1,0.28
P8634,IG_TUT,E1236,4,1,0.39
P8636,IG_TUT,E1237,4,1,2.71
P8638,IG_TUT,E1237,4,1,0.54
P8639,CS_BT_NIM,E1237,4,1,2.02
P8640,CS_BT_NIM,E1237,4,1,0.87
P8641,IG_TUT,E1237,4,1,0.56
P8642,IG_TUT,E1237,4,1,0.24
P8643,IG_TUT,E1237,4,1,0.13
P8644,IG_TUT,E1237,4,1,0.21
P8645,IG_TUT,E1237,4,1,0.63
P8646,IG_TUT,E1238,4,1,1.6
P8648,IG_TUT,E1238,4,1,0.56
P8649,CS_BT_NIM,E1238,4,1,0.62
P8650,MA_TO_CO_JA,E1239,4,1,0.95
P8652,MA_TO_CO_JA,E1239,4,1,1.01
P8653,IG_TUT,E1240,4,1,1.45
P8654,PN_PIQ,E1240,4,1,0.24
P8655,PN_PIQ,E1240,4,1,0.41
P8656,PN_PIQ,E1240,4,1,0.03
P8657,CS_BT_NIM,E1240,4,1,0.09
P8658,MA_TO_CO_JA,E1241,4,1,0.55
P8659,MA_TO_CO_JA,E1242,4,1,1.67
P8660,MA_TO_CO_JA,E1242,4,1,1.28
P8661,MA_TO_CO_JA,E1242,4,1,0.42
P8662,MA_TO_CO_JA,E1242,4,1,0.16
P8663,MA_TO_CO_JA,E1242,4,1,0.19
P8664,BC_BT,E1243,4,1,0.63
P8665,BC_BT,E1243,4,1,0.25
P8666,BC_BT,E1243,4,1,0.32
P8667,BC_BT,E1243,4,1,0.41
P8668,BC_BT,E1243,4,1,2.08
P8669,BC_BT,E1243,4,1,2.36
P8670,BC_BT,E1243,4,1,0.34
P8671,BC_BT,E1243,4,1,0.43
P8672,BC_BT,E1243,4,1,0.09
P8673,BC_BT,E1243,4,1,0.3
P8674,BC_BT,E1243,4,1,0.24
P8675,BC_BT,E1243,4,1,1.14
P8676,BC_BT,E1243,4,1,0.25
P8677,BC_BT,E1243,4,1,2.1
P8678,MA_ROTA,E1244,3,2,1.07
P8679,MA_ROTA,E1244,3,2,1.08
P8680,MA_ROTA,E1244,3,2,0.89
P8681,MA_TO_CO_JA,E1245,4,1,2.1
P8683,MA_ROTA,E1246,4,1,3.56
P8684,MA_ROTA,E1246,4,1,0.58
P8685,MA_ROTA,E1246,4,1,1.51
P8687,MA_ROTA,E1247,4,1,1.8
P8688,MA_ROTA,E1247,4,1,1.96
P8689,MA_ROTA,E1247,4,1,2.18
P8695,MA_TO_CO_JA,E1248,4,1,1.12
P8697,MA_TO_CO_JA,E1249,4,1,1.65
P8698,MA_TO_CO_JA,E1249,4,1,2.75
P8699,IG_TUT,E1250,4,1,1.04
P8700,PN_PIQ,E1250,4,1,0.42
P8701,CS_BT_NIM,E1250,4,1,0.81
P8702,IG_TUT,E1250,4,1,0.1
P8703,IG_TUT,E1250,4,1,0.2
P8704,IG_TUT,E1250,4,1,0.41
P8705,PN_PIQ,E1251,4,1,1.83
P8706,PN_PIQ,E1251,4,1,1.21
P8707,MA_TO_CO_JA,E1252,4,1,2.2
P8708,CS_BT_NIM,E1253,4,1,0.44
P8709,IG_TUT,E1253,4,1,0.97
P8710,CS_BT_NIM,E1253,4,1,0.33
P8711,MA_TO_CO_JA,E1254,4,1,3.02
P8713,MA_TO_CO_JA,E1254,4,1,1.91
P8714,MA_TO_CO_JA,E1254,4,1,1.01
P8715,MA_ROTA,E1255,4,1,0.51
P8716,MA_ROTA,E1255,4,1,1.68
P8717,MA_ROTA,E1255,4,1,2.64
P8719,MA_ROTA,E1255,4,1,0.84
P8721,MA_ROTA,E1255,4,1,0.67
P8722,MA_TO_CO_JA,E1256,4,1,2.98
P8723,MA_TO_CO_JA,E1256,4,1,1.79
P8724,MA_TO_CO_JA,E1256,4,1,0.02
P8725,MA_TO_CO_JA,E1256,4,1,0.7
P8726,MA_TO_CO_JA,E1256,4,1,0.3
P8728,MA_TO_CO_JA,E1256,4,1,0.39
P8731,PN_PIQ,E1257,4,1,0.87
P8732,PN_PIQ,E1257,4,1,0.12
P8733,PN_PIQ,E1257,4,1,0.53
P8734,MA_TO_CO_JA,E1258,4,1,0.32
P8735,MA_TO_CO_JA,E1258,4,1,0.83
P8736,MA_TO_CO_JA,E1258,4,1,5.83
P8737,MA_TO_CO_JA,E1258,4,1,0.18
P8738,MA_TO_CO_JA,E1259,4,1,1.42
P8739,IG_TUT,E1260,4,1,0.67
P8740,BC_BT,E1260,4,1,1.07
P8741,BC_BT,E1260,4,1,1.74
P8742,BC_BT,E1260,4,1,0.35
P8743,IG_TUT,E1260,4,1,0.04
P8744,IG_TUT,E1260,4,1,0.35
P8745,AN_PA,E1261,4,1,0.44
P8746,AN_PA,E1261,4,1,0.38
P8747,AN_PA,E1261,4,1,0.8
P8749,AN_PA,E1261,4,1,1.43
P8750,IG_TUT,E1261,4,1,0.36
P8751,AN_PA,E1261,4,1,0.7
P8752,IG_TUT,E1261,4,1,1.77
P8753,IG_TUT,E1261,4,1,0.26
P8754,IG_TUT,E1261,4,1,0.08
P8755,AN_PA,E1261,4,1,6.31
P8756,MA_TO_CO_JA,E1262,4,1,1.13
P8757,AN_PA,E1263,4,1,1.13
P8758,AN_PA,E1263,4,1,0.17
P8759,AN_PA,E1263,4,1,0.42
P8761,IG_TUT,E1263,4,1,0.67
P8763,IG_TUT,E1263,4,1,0.88
P8764,AN_PA,E1263,4,1,2.45
P8765,IG_TUT,E1263,4,1,0.56
P8766,AN_PA,E1263,4,1,1.85
P8767,AN_PA,E1263,4,1,0.23
P8768,IG_TUT,E1263,4,1,0.79
P8769,AN_PA,E1263,4,1,3.44
P8770,MA_TO_CO_JA,E1264,3,2,0.78
P8771,MA_TO_CO_JA,E1264,3,2,1.19
P8772,MA_TO_CO_JA,E1264,3,2,0.89
P8774,MA_TO_CO_JA,E1265,4,1,5.55
P8775,MA_TO_CO_JA,E1265,4,1,0.76
P8776,BC_GTMG,E1266,3,2,1.62
P8777,BC_GTMG,E1266,3,2,1.84
P8778,BC_GTMG,E1266,3,2,0.08
P8779,BC_GTMG,E1266,3,2,2.43
P8780,BC_GTMG,E1266,3,2,0.07
P8781,IG_TUT,E1267,4,1,3.93
P8782,BC_BT,E1267,4,1,0.65
P8783,BC_BT,E1267,4,1,1.71
P8784,IG_TUT,E1267,4,1,0.16
P8785,BC_BT,E1267,4,1,0.26
P8786,IG_TUT,E1267,4,1,0.4
P8787,BC_BT,E1267,4,1,0.5
P8788,MA_TO_CO_JA,E1268,3,2,0.61
P8789,MA_TO_CO_JA,E1268,3,2,0.61
P8790,MA_ROTA,E1269,4,1,2.84
P8791,MA_ROTA,E1270,3,2,1.39
P8792,MA_ROTA,E1270,3,2,0.88
P8793,MA_ROTA,E1271,3,2,0.11
P8794,MA_ROTA,E1271,3,2,1.48
P8795,MA_ROTA,E1271,3,2,0.72
P8796,MA_ROTA,E1271,3,2,1.01
P8797,MA_ROTA,E1271,3,2,0.16
P8801,MA_ROTA,E1271,3,2,0.69
P8802,MA_ROTA,E1271,3,2,1.0
P8803,MA_ROTA,E1271,3,2,0.8
P8804,MA_ROTA,E1271,3,2,0.28
P8805,MA_ROTA,E1271,3,2,1.63
P8806,MA_ROTA,E1271,3,2,1.44
P8807,MA_ROTA,E1271,3,2,0.55
P8808,MA_ROTA,E1271,3,2,1.29
P8810,MA_ROTA,E1271,3,2,0.94
P8811,MA_ROTA,E1272,3,2,0.71
P8812,MA_ROTA,E1272,3,2,0.59
P8813,MA_ROTA,E1272,3,2,0.89
P8815,MA_ROTA,E1273,3,2,3.1
P8816,MA_ROTA,E1273,3,2,4.22
P8817,MA_ROTA,E1273,3,2,12.55
P8818,IG_PLA,E1274,3,2,3.29
P8819,IG_PLA,E1274,3,2,0.8
P8820,BC_GTMG,E1274,3,2,1.61
P8821,IG_PLA,E1274,3,2,0.83
P8822,BC_GTMG,E1274,3,2,1.0
P8824,BC_GTMG,E1276,3,2,0.74
P8825,IG_PLA,E1276,3,2,0.3
P8826,MA_ROTA,E1277,3,2,2.7
P8828,MA_ROTA,E1277,3,2,1.06
P8829,MA_ROTA,E1277,3,2,1.42
P8830,MA_ROTA,E1277,3,2,0.48
P8831,MA_ROTA,E1277,3,2,1.45
P8833,MA_ROTA,E1277,3,2,0.78
P8836,MA_TO_CO_JA,E1278,4,1,2.99
P8837,MA_TO_CO_JA,E1278,4,1,0.91
P8838,MA_TO_CO_JA,E1278,4,1,1.88
P8839,MA_TO_CO_JA,E1278,4,1,0.35
P8840,MA_TO_CO_JA,E1279,4,1,0.44
P8841,MA_TO_CO_JA,E1279,4,1,0.2
P8842,MA_ROTA,E1279,4,1,2.0
P8844,MA_TO_CO_JA,E1279,4,1,1.12
P8845,MA_TO_CO_JA,E1279,4,1,0.07
P8846,MA_TO_CO_JA,E1279,4,1,0.17
P8847,MA_TO_CO_JA,E1280,4,1,0.8
P8848,MA_TO_CO_JA,E1280,4,1,0.37
P8849,MA_TO_CO_JA,E1280,4,1,0.35
P8850,MA_TO_CO_JA,E1280,4,1,0.64
P8851,MA_TO_CO_JA,E1280,4,1,0.41
P8852,MA_TO_CO_JA,E1281,3,2,1.78
P8853,IG_PLA,E1282,1,2,0.17
P8854,PN_PIQ,E1282,1,2,0.53
P8855,PN_PIQ,E1282,1,2,0.45
P8856,IG_PLA,E1282,1,2,0.8
P8857,PN_PIQ,E1282,1,2,1.24
P8858,MA_TO_CO_JA,E1283,3,2,1.43
P8859,CS_BT_NIM,E1284,4,1,1.59
P8860,IG_TUT,E1284,4,1,2.68
P8861,IG_TUT,E1284,4,1,0.25
P8862,PN_PIQ,E1284,4,1,0.61
P8863,CS_BT_NIM,E1284,4,1,1.63
P8864,MA_TO_CO_JA,E1285,4,1,0.43
P8866,MA_TO_CO_JA,E1285,4,1,1.36
P8867,MA_ROTA,E1286,3,2,0.21
P8868,MA_ROTA,E1286,3,2,0.77
P8869,MA_ROTA,E1286,3,2,0.6
P8870,MA_ROTA,E1287,3,2,1.01
P8871,MA_ROTA,E1288,4,1,3.8
P8872,IG_TUT,E1289,4,1,1.01
P8873,MA_ROTA,E1289,4,1,0.58
P8874,MA_ROTA,E1289,4,1,0.7
P8875,MA_TO_CO_JA,E1290,7,3,0.49
P8876,MA_TO_CO_JA,E1290,7,3,0.97
P8877,MA_TO_CO_JA,E1291,4,1,2.44
P8878,MA_TO_CO_JA,E1291,4,1,2.52
P8879,MA_TO_CO_JA,E1291,4,1,1.53
P8880,PN_PIQ,E1292,7,3,0.93
P8881,IG_PLA,E1292,7,3,0.37
P8882,MA_TO_CO_JA,E1293,7,3,0.47
P8883,PN_PIQ,E1294,7,3,0.42
P8884,PN_PIQ,E1294,7,3,0.31
P8885,PN_PIQ,E1294,7,3,0.86
P8886,PN_PIQ,E1294,7,3,0.46
P8887,IG_PLA,E1295,7,3,0.46
P8888,IG_PLA,E1295,7,3,0.86
P8889,PN_PIQ,E1295,7,3,1.19
P8890,IG_PLA,E1295,7,3,0.99
P8891,MA_TO_CO_JA,E1296,7,3,0.94
P8892,MA_TO_CO_JA,E1296,7,3,1.02
P8893,MA_TO_CO_JA,E1296,7,3,1.11
P8894,MA_TO_CO_JA,E1296,7,3,0.35
P8895,MA_TO_CO_JA,E1297,7,3,0.44
P8896,MA_TO_CO_JA,E1298,4,1,0.69
P8897,PN_PIQ,E1299,7,3,0.26
P8898,PN_PIQ,E1299,7,3,0.3
P8899,IG_PLA,E1299,7,3,0.3
P8900,IG_PLA,E1299,7,3,0.2
P8901,PN_PIQ,E1299,7,3,0.15
P8902,PN_PIQ,E1300,7,3,0.2
P8904,PN_PIQ,E1300,7,3,0.82
P8905,PN_PIQ,E1300,7,3,0.16
P8906,PN_PIQ,E1300,7,3,0.09
P8907,PN_PIQ,E1300,7,3,0.33
P8908,IG_TUT,E1301,4,1,2.83
P8909,CS_BT_NIM,E1301,4,1,1.11
P8910,CS_BT_NIM,E1301,4,1,0.69
P8911,IG_TUT,E1301,4,1,0.79
P8912,CS_BT_NIM,E1301,4,1,0.5
P8913,IG_TUT,E1301,4,1,0.54
P8914,CS_BT_NIM,E1301,4,1,1.01
P8915,IG_TUT,E1301,4,1,0.31
P8916,PN_PIQ,E1302,7,3,0.82
P8917,PN_PIQ,E1302,7,3,0.77
P8918,PN_PIQ,E1302,7,3,0.69
P8919,PN_PIQ,E1302,7,3,0.56
P8920,PN_PIQ,E1302,7,3,0.53
P8921,PN_PIQ,E1302,7,3,1.25
P8922,PN_PIQ,E1302,7,3,0.54
P8923,PN_PIQ,E1302,7,3,0.24
P8924,MA_ROTA,E1303,3,2,0.56
P8925,MA_ROTA,E1303,3,2,0.2
P8927,MA_ROTA,E1303,3,2,1.4
P8928,MA_ROTA,E1303,3,2,0.11
P8929,MA_ROTA,E1303,3,2,2.42
P8930,MA_ROTA,E1303,3,2,0.41
P8931,MA_ROTA,E1303,3,2,0.62
P8933,MA_ROTA,E1303,3,2,0.81
P8934,MA_ROTA,E1303,3,2,4.72
P8935,MA_ROTA,E1303,3,2,2.87
P8936,MA_ROTA,E1303,3,2,0.51
P8937,PN_PIQ,E1304,7,3,0.89
P8938,PN_PIQ,E1304,7,3,1.13
P8939,PN_PIQ,E1304,7,3,2.21
P8940,PN_PIQ,E1304,7,3,1.33
P8941,PN_PIQ,E1304,7,3,1.44
P8942,PN_PIQ,E1304,7,3,0.67
P8943,MA_TO_CO_JA,E1305,4,1,0.4
P8944,MA_TO_CO_JA,E1305,4,1,0.78
P8945,MA_TO_CO_JA,E1305,4,1,3.08
P8946,MA_TO_CO_JA,E1305,4,1,0.48
P8947,MA_TO_CO_JA,E1305,4,1,0.27
P8948,MA_TO_CO_JA,E1305,4,1,2.9
P8949,MA_TO_CO_JA,E1305,4,1,0.65
P8950,MA_TO_CO_JA,E1305,4,1,0.69
P8951,MA_TO_CO_JA,E1305,4,1,0.62
P8952,MA_TO_CO_JA,E1306,4,1,5.52
P8953,MA_TO_CO_JA,E1306,4,1,2.09
P8955,MA_TO_CO_JA,E1306,4,1,0.16
P8956,IG_PLA,E1307,7,3,0.88
P8957,PN_PIQ,E1307,7,3,0.52
P8958,MA_ROTA,E1308,4,1,0.69
P8960,MA_TO_CO_JA,E1309,7,3,0.72
P8961,MA_TO_CO_JA,E1309,7,3,0.47
P8962,MA_TO_CO_JA,E1309,7,3,0.35
P8963,MA_TO_CO_JA,E1310,7,3,0.67
P8964,PN_PIQ,E1311,7,3,0.65
P8965,PN_PIQ,E1311,7,3,0.76
P8966,IG_PLA,E1312,7,3,0.28
P8967,PN_PIQ,E1312,7,3,0.52
P8968,IG_PLA,E1312,7,3,0.55
P8969,IG_PLA,E1312,7,3,0.17
P8970,MA_TO_CO_JA,E1313,7,3,0.9
P8971,PN_PIQ,E1314,7,3,0.92
P8972,PN_PIQ,E1314,7,3,0.44
P8973,PN_PIQ,E1314,7,3,1.02
P8974,PN_PIQ,E1314,7,3,2.03
P8975,PN_PIQ,E1314,7,3,0.49
P8976,PN_PIQ,E1314,7,3,0.35
P8977,PN_PIQ,E1314,7,3,0.73
P8978,PN_PIQ,E1314,7,3,0.19
P8979,PN_PIQ,E1314,7,3,0.52
P8980,MA_TO_CO_JA,E1315,7,3,0.85
P8981,IG_PLA,E1316,7,3,0.2
P8982,PN_PIQ,E1316,7,3,0.38
P8983,IG_PLA,E1316,7,3,0.64
P8984,PN_PIQ,E1316,7,3,0.38
P8985,PN_PIQ,E1316,7,3,0.63
P8986,IG_PLA,E1316,7,3,1.02
P8987,MA_TO_CO_JA,E1317,7,3,0.66
P8988,MA_TO_CO_JA,E1317,7,3,0.28
P8989,MA_TO_CO_JA,E1317,7,3,0.36
P8990,MA_TO_CO_JA,E1317,7,3,0.14
P8991,MA_ROTA,E1318,7,3,0.37
P8992,MA_ROTA,E1318,7,3,0.22
P8993,MA_ROTA,E1318,7,3,0.53
P8994,IG_PLA,E1319,7,3,0.66
P8995,IG_PLA,E1319,7,3,0.37
P8996,PN_PIQ,E1319,7,3,1.3
P8997,PN_PIQ,E1319,7,3,1.52
P8998,IG_PLA,E1319,7,3,0.61
P8999,PN_PIQ,E1319,7,3,0.29
P9000,IG_PLA,E1319,7,3,0.15
P9001,PN_PIQ,E1319,7,3,0.11
P9002,MA_TO_CO_JA,E1320,7,3,0.41
P9003,MA_TO_CO_JA,E1320,7,3,1.05
P9004,MA_TO_CO_JA,E1320,7,3,0.42
P9005,PN_PIQ,E1321,7,3,0.7
P9006,PN_PIQ,E1321,7,3,1.2
P9007,IG_PLA,E1321,7,3,0.22
P9008,IG_PLA,E1321,7,3,0.51
P9009,IG_PLA,E1321,7,3,0.41
P9010,IG_PLA,E1321,7,3,1.63
P9011,MA_TO_CO_JA,E1322,7,3,0.79
P9012,MA_TO_CO_JA,E1323,7,3,0.77
P9013,MA_TO_CO_JA,E1323,7,3,0.33
P9014,PN_PIQ,E1324,7,3,0.67
P9015,PN_PIQ,E1324,7,3,0.66
P9016,PN_PIQ,E1324,7,3,0.85
P9017,PN_PIQ,E1324,7,3,1.64
P9018,PN_PIQ,E1324,7,3,0.95
P9019,BC_GTMG,E1324,7,3,0.07
P9020,BC_GTMG,E1324,7,3,0.28
P9021,PN_PIQ,E1324,7,3,0.49
P9022,MA_TO_CO_JA,E1325,7,3,0.99
P9023,MA_TO_CO_JA,E1325,7,3,1.01
P9024,MA_TO_CO_JA,E1326,7,3,0.54
P9025,MA_TO_CO_JA,E1326,7,3,0.52
P9026,MA_TO_CO_JA,E1326,7,3,1.08
P9027,MA_TO_CO_JA,E1327,7,3,0.65
P9028,MA_TO_CO_JA,E1327,7,3,0.71
P9029,MA_TO_CO_JA,E1327,7,3,0.18
P9030,MA_TO_CO_JA,E1327,7,3,0.05
P9031,MA_TO_CO_JA,E1327,7,3,0.8
P9032,MA_TO_CO_JA,E1327,7,3,0.23
P9033,MA_TO_CO_JA,E1327,7,3,0.26
P9034,MA_TO_CO_JA,E1327,7,3,0.65
P9035,MA_TO_CO_JA,E1327,7,3,0.3
P9036,MA_TO_CO_JA,E1327,7,3,0.22
P9037,MA_ROTA,E1328,1,2,1.1
P9038,BC_GTMG,E1329,1,2,0.69
P9039,BC_GTMG,E1329,1,2,0.81
P9040,BC_GTMG,E1329,1,2,1.02
P9042,BC_GTMG,E1329,1,2,1.34
P9043,BC_GTMG,E1329,1,2,0.2
P9044,BC_GTMG,E1329,1,2,0.83
P9045,BC_GTMG,E1329,1,2,1.62
P9046,MA_ROTA,E1330,1,2,1.47
P9047,PN_PIQ,E1331,1,2,1.0
P9049,PN_PIQ,E1331,3,2,1.07
P9050,MA_ROTA,E1332,2,2,0.32
P9052,MA_ROTA,E1332,2,2,0.74
P9053,MA_ROTA,E1332,2,2,1.25
P9054,MA_ROTA,E1332,2,2,0.38
P9056,MA_ROTA,E1332,2,2,0.28
P9057,MA_ROTA,E1333,3,2,1.16
P9058,MA_ROTA,E1333,3,2,1.8
P9059,MA_ROTA,E1333,3,2,1.61
P9060,MA_ROTA,E1333,3,2,1.02
P9061,MA_ROTA,E1333,3,2,0.87
P9062,MA_ROTA,E1333,3,2,1.4
P9063,MA_ROTA,E1333,3,2,2.17
P9064,MA_ROTA,E1333,3,2,1.01
P9065,MA_ROTA,E1333,3,2,0.32
P9066,MA_ROTA,E1333,3,2,1.32
P9067,MA_ROTA,E1333,3,2,1.85
P9068,MA_ROTA,E1333,3,2,0.83
P9070,IG_PLA,E1334,2,2,0.04
P9071,IG_PLA,E1334,2,2,0.18
P9072,IG_PLA,E1334,2,2,1.18
P9073,BC_GTMG,E1334,2,2,0.38
P9074,BC_GTMG,E1334,2,2,0.88
P9075,IG_PLA,E1334,2,2,0.19
P9076,IG_PLA,E1334,2,2,0.53
P9077,IG_PLA,E1334,2,2,1.37
P9079,IG_PLA,E1334,2,2,0.48
P9080,IG_PLA,E1334,2,2,0.17
P9081,BC_GTMG,E1334,2,2,2.32
P9082,IG_PLA,E1334,2,2,0.49
P9083,BC_GTMG,E1334,2,2,0.7
P9084,IG_PLA,E1334,2,2,0.51
P9085,IG_PLA,E1334,2,2,1.72
P9086,IG_PLA,E1334,2,2,0.26
P9087,IG_PLA,E1334,2,2,0.54
P9088,BC_GTMG,E1334,2,2,0.58
P9089,IG_PLA,E1334,2,2,0.53
P9090,IG_PLA,E1334,2,2,0.28
P9091,IG_PLA,E1334,2,2,0.56
P9092,IG_PLA,E1334,2,2,0.83
P9093,BC_GTMG,E1334,2,2,0.32
P9094,IG_PLA,E1334,2,2,0.56
P9096,IG_PLA,E1334,2,2,0.63
P9097,MA_ROTA,E1335,3,2,1.14
P9098,MA_ROTA,E1335,3,2,1.02
P9099,MA_ROTA,E1335,3,2,0.98
P9100,MA_ROTA,E1335,3,2,3.29
P9101,MA_ROTA,E1335,3,2,0.8
P9102,MA_ROTA,E1335,3,2,2.82
P9103,MA_ROTA,E1335,3,2,0.54
P9104,MA_ROTA,E1335,3,2,2.62
P9105,IG_PLA,E1336,2,2,1.17
P9106,IG_PLA,E1336,2,2,0.6
P9107,BC_GTMG,E1336,1,2,2.55
P9108,BC_GTMG,E1336,1,2,0.58
P9109,IG_PLA,E1336,1,2,1.95
P9110,BC_GTMG,E1336,1,2,2.01
P9111,IG_PLA,E1336,1,2,0.68
P9113,IG_PLA,E1336,1,2,1.83
P9114,IG_PLA,E1336,2,2,1.15
P9115,IG_PLA,E1336,2,2,0.4
P9116,BC_GTMG,E1336,2,2,0.7
P9117,IG_PLA,E1336,2,2,1.72
P9118,IG_PLA,E1336,2,2,0.41
P9119,IG_PLA,E1336,2,2,0.3
P9120,IG_PLA,E1336,2,2,0.01
P9121,IG_PLA,E1336,2,2,0.33
P9122,MA_TO_CO_JA,E1337,3,2,0.79
P9123,MA_TO_CO_JA,E1337,3,2,1.18
P9124,MA_ROTA,E1337,3,2,1.66
P9125,MA_ROTA,E1337,3,2,0.43
P9126,MA_ROTA,E1337,3,2,1.14
P9127,MA_TO_CO_JA,E1337,3,2,1.53
P9128,MA_ROTA,E1337,3,2,2.7
P9129,IG_PLA,E1338,1,2,0.86
P9130,IG_PLA,E1338,1,2,1.69
P9131,BC_GTMG,E1338,1,2,0.4
P9132,IG_PLA,E1338,1,2,0.49
P9133,BC_GTMG,E1338,1,2,0.27
P9134,BC_GTMG,E1338,1,2,0.11
P9135,BC_GTMG,E1338,1,2,2.46
P9136,IG_PLA,E1338,1,2,0.6
P9137,BC_GTMG,E1338,1,2,0.63
P9138,MA_ROTA,E1339,3,2,0.35
P9139,MA_ROTA,E1339,3,2,0.15
P9140,MA_ROTA,E1339,3,2,0.58
P9141,MA_ROTA,E1339,3,2,0.37
P9142,MA_ROTA,E1339,3,2,0.82
P9143,MA_ROTA,E1339,3,2,0.04
P9144,MA_ROTA,E1339,3,2,0.82
P9145,MA_ROTA,E1339,3,2,0.61
P9146,MA_ROTA,E1339,3,2,0.94
P9147,MA_ROTA,E1339,3,2,1.2
P9148,MA_ROTA,E1339,3,2,0.27
P9149,MA_ROTA,E1339,3,2,0.19
P9150,MA_TO_CO_JA,E1340,3,2,1.52
P9151,MA_ROTA,E1340,3,2,1.06
P9152,MA_TO_CO_JA,E1340,3,2,0.73
P9153,MA_TO_CO_JA,E1340,3,2,1.63
P9155,MA_TO_CO_JA,E1340,3,2,2.6
P9156,MA_ROTA,E1341,3,2,2.07
P9157,MA_TO_CO_JA,E1341,3,2,1.15
P9158,MA_ROTA,E1341,3,2,1.94
P9159,MA_ROTA,E1341,3,2,1.64
P9160,BC_GTMG,E1342,2,2,0.41
P9161,IG_PLA,E1342,2,2,1.12
P9163,IG_PLA,E1342,2,2,0.85
P9164,IG_PLA,E1342,2,2,0.22
P9165,IG_PLA,E1342,2,2,0.52
P9166,BC_GTMG,E1342,2,2,0.6
P9167,MA_ROTA,E1343,3,2,1.67
P9168,MA_ROTA,E1343,3,2,2.9
P9169,MA_ROTA,E1343,3,2,1.12
P9170,MA_ROTA,E1343,3,2,1.67
P9171,MA_ROTA,E1343,3,2,0.3
P9172,MA_ROTA,E1343,3,2,0.52
P9173,MA_ROTA,E1344,3,2,2.33
P9174,MA_ROTA,E1344,3,2,1.13
P9175,MA_ROTA,E1344,3,2,0.69
P9176,MA_ROTA,E1344,3,2,2.01
P9178,MA_ROTA,E1344,3,2,0.81
P9179,MA_ROTA,E1344,3,2,0.16
P9181,MA_ROTA,E1345,1,2,2.05
P9183,MA_ROTA,E1345,1,2,1.07
P9184,MA_ROTA,E1345,1,2,0.23
P9185,MA_ROTA,E1345,1,2,1.04
P9186,MA_ROTA,E1345,1,2,2.31
P9187,MA_ROTA,E1345,1,2,0.4
P9188,IG_PLA,E1346,3,2,2.65
P9189,IG_PLA,E1346,3,2,1.65
P9190,BC_GTMG,E1346,3,2,1.3
P9191,BC_GTMG,E1346,3,2,0.45
P9192,BC_GTMG,E1346,3,2,0.42
P9195,IG_PLA,E1346,3,2,1.25
P9196,IG_PLA,E1346,3,2,0.23
P9197,AN_PA,E1347,1,2,0.37
P9198,IG_PLA,E1347,1,2,3.09
P9199,AN_PA,E1347,1,2,1.09
P9202,AN_PA,E1347,1,2,2.61
P9203,AN_PA,E1347,1,2,0.44
P9205,AN_PA,E1347,1,2,1.3
P9206,AN_PA,E1347,1,2,0.53
P9207,AN_PA,E1347,1,2,0.49
P9208,AN_PA,E1347,1,2,2.21
P9209,AN_PA,E1347,1,2,2.1
P9210,BC_GTMG,E1348,1,2,1.81
P9211,BC_GTMG,E1348,2,2,0.23
P9212,IG_PLA,E1348,2,2,1.05
P9213,IG_PLA,E1348,2,2,1.13
P9214,IG_PLA,E1348,2,2,0.79
P9216,IG_PLA,E1348,1,2,1.59
P9217,MA_ROTA,E1349,3,2,1.18
P9219,MA_ROTA,E1349,3,2,4.77
P9220,MA_ROTA,E1349,3,2,2.41
P9221,MA_ROTA,E1349,3,2,1.91
P9225,IG_PLA,E1350,2,2,0.55
P9226,BC_GTMG,E1350,2,2,1.97
P9227,IG_PLA,E1350,2,2,0.35
P9228,BC_GTMG,E1350,3,2,1.45
P9229,IG_PLA,E1350,3,2,5.59
P9230,MA_ROTA,E1351,2,2,5.36
P9231,MA_ROTA,E1351,2,2,0.49
P9232,MA_ROTA,E1352,1,2,1.64
P9233,MA_ROTA,E1352,1,2,0.03
P9234,MA_ROTA,E1352,1,2,0.71
P9235,MA_ROTA,E1352,1,2,0.66
P9236,BC_GTMG,E1353,1,2,1.29
P9238,IG_PLA,E1353,1,2,3.33
P9239,BC_GTMG,E1353,1,2,1.8
P9240,IG_PLA,E1353,1,2,0.47
P9241,IG_PLA,E1353,1,2,0.44
P9242,IG_PLA,E1353,1,2,0.57
P9243,MA_TO_CO_JA,E1354,3,2,1.17
P9244,BC_GTMG,E1355,2,2,1.5
P9245,BC_GTMG,E1355,2,2,2.43
P9246,BC_GTMG,E1355,2,2,1.74
P9247,BC_GTMG,E1355,2,2,1.01
P9248,BC_GTMG,E1355,2,2,1.38
P9249,MA_ROTA,E1356,2,2,0.45
P9250,MA_ROTA,E1356,2,2,0.48
P9251,MA_ROTA,E1356,2,2,0.46
P9252,MA_ROTA,E1356,2,2,0.46
P9253,PN_PIQ,E1357,2,2,0.73
P9254,PN_PIQ,E1357,2,2,0.27
P9255,PN_PIQ,E1357,2,2,0.24
P9256,PN_PIQ,E1357,2,2,0.9
P9257,BC_GTMG,E1358,2,2,1.05
P9258,BC_GTMG,E1358,2,2,0.41
P9259,BC_GTMG,E1358,2,2,0.96
P9260,BC_GTMG,E1359,1,2,2.77
P9261,IG_PLA,E1359,1,2,2.36
P9262,IG_PLA,E1359,1,2,1.02
P9263,IG_PLA,E1359,1,2,0.4
P9264,BC_GTMG,E1359,1,2,1.88
P9265,BC_GTMG,E1360,3,2,1.51
P9266,IG_PLA,E1360,3,2,0.4
P9267,IG_PLA,E1361,2,2,0.2
P9268,BC_GTMG,E1361,2,2,1.46
P9269,BC_GTMG,E1362,1,2,3.26
P9270,IG_PLA,E1362,1,2,0.41
P9271,IG_PLA,E1362,1,2,1.26
P9272,BC_GTMG,E1363,2,2,0.58
P9273,IG_PLA,E1363,1,2,0.33
P9274,BC_GTMG,E1363,1,2,0.83
P9275,IG_PLA,E1363,2,2,0.81
P9276,BC_GTMG,E1364,1,2,0.91
P9277,IG_PLA,E1364,2,2,0.24
P9278,IG_PLA,E1364,1,2,1.15
P9279,BC_GTMG,E1365,2,2,0.89
P9280,BC_GTMG,E1365,2,2,0.18
P9281,BC_GTMG,E1365,2,2,0.11
P9282,BC_GTMG,E1365,2,2,0.39
P9283,BC_GTMG,E1365,2,2,0.2
P9284,BC_GTMG,E1366,2,2,1.36
P9285,BC_GTMG,E1366,2,2,0.25
P9286,BC_GTMG,E1366,2,2,0.38
P9287,BC_GTMG,E1366,2,2,0.62
P9288,BC_GTMG,E1366,2,2,0.48
P9289,MA_ROTA,E1367,2,2,0.89
P9290,MA_ROTA,E1368,1,2,0.89
P9291,BC_GTMG,E1369,1,2,0.55
P9292,BC_GTMG,E1369,1,2,0.4
P9293,BC_GTMG,E1369,1,2,0.3
P9294,BC_GTMG,E1369,1,2,0.16
P9295,MA_ROTA,E1370,2,2,1.71
P9296,MA_ROTA,E1370,2,2,2.4
P9297,PN_PIQ,E1371,2,2,0.6
P9298,PN_PIQ,E1371,2,2,0.52
P9301,PN_PIQ,E1371,3,2,3.03
P9303,PN_PIQ,E1371,3,2,1.6
P9304,PN_PIQ,E1371,3,2,1.57
P9305,PN_PIQ,E1371,1,2,11.97
P9306,MA_ROTA,E1372,2,2,1.12
P9307,MA_ROTA,E1372,2,2,0.67
P9309,MA_ROTA,E1373,1,2,2.55
P9310,MA_ROTA,E1373,1,2,0.28
P9311,MA_ROTA,E1373,1,2,2.76
P9312,MA_ROTA,E1373,1,2,0.38
P9313,MA_ROTA,E1373,1,2,1.46
P9314,MA_ROTA,E1374,3,2,1.52
P9315,MA_ROTA,E1374,3,2,2.08
P9316,MA_ROTA,E1374,3,2,0.61
P9317,MA_ROTA,E1374,3,2,5.2
P9318,MA_ROTA,E1374,3,2,0.91
P9319,MA_ROTA,E1374,3,2,1.58
P9320,BC_GTMG,E1375,2,2,1.51
P9321,BC_GTMG,E1375,2,2,4.48
P9322,BC_GTMG,E1375,2,2,0.26
P9324,BC_GTMG,E1375,2,2,1.17
P9325,BC_GTMG,E1375,2,2,1.09
P9326,MA_ROTA,E1376,2,2,1.35
P9328,PN_PIQ,E1377,2,2,1.57
P9329,PN_PIQ,E1377,2,2,0.48
P9330,PN_PIQ,E1377,2,2,0.35
P9331,PN_PIQ,E1377,2,2,3.02
P9332,PN_PIQ,E1377,2,2,0.51
P9333,IG_PLA,E1378,2,2,1.48
P9334,IG_PLA,E1378,2,2,2.23
P9335,BC_GTMG,E1378,2,2,2.22
P9336,BC_GTMG,E1378,2,2,0.79
P9337,MA_ROTA,E1379,2,2,0.94
P9338,MA_ROTA,E1379,2,2,0.31
P9339,MA_ROTA,E1380,2,2,2.62
P9340,MA_ROTA,E1380,2,2,2.23
P9341,MA_ROTA,E1381,3,2,2.98
P9342,MA_ROTA,E1381,3,2,2.25
P9343,MA_ROTA,E1381,3,2,1.77
P9344,MA_ROTA,E1381,3,2,0.76
P9345,MA_ROTA,E1381,3,2,1.05
P9346,MA_TO_CO_JA,E1381,3,2,0.42
P9347,MA_TO_CO_JA,E1381,3,2,0.71
P9348,MA_TO_CO_JA,E1381,3,2,1.23
P9349,MA_ROTA,E1381,3,2,0.57
P9350,MA_TO_CO_JA,E1381,3,2,0.57
P9351,IG_PLA,E1382,2,2,0.38
P9352,BC_GTMG,E1382,2,2,2.36
P9353,BC_GTMG,E1383,1,2,1.83
P9354,IG_PLA,E1383,1,2,0.13
P9355,MA_ROTA,E1384,2,2,0.8
P9356,MA_ROTA,E1384,2,2,0.32
P9357,BC_GTMG,E1385,3,2,1.82
P9358,IG_PLA,E1385,3,2,1.49
P9359,BC_GTMG,E1385,3,2,0.58
P9360,IG_PLA,E1385,3,2,2.09
P9361,BC_GTMG,E1385,3,2,0.71
P9362,IG_PLA,E1385,3,2,0.94
P9363,IG_PLA,E1385,3,2,0.93
P9364,MA_ROTA,E1386,3,2,1.47
P9366,MA_ROTA,E1386,3,2,1.05
P9367,MA_ROTA,E1386,3,2,2.5
P9368,MA_ROTA,E1386,1,2,1.24
P9371,MA_ROTA,E1386,1,2,1.55
P9372,MA_TO_CO_JA,E1387,2,2,0.5
P9373,MA_TO_CO_JA,E1387,7,3,0.81
P9375,MA_ROTA,E1388,3,2,7.3
P9378,MA_ROTA,E1388,3,2,0.41
P9379,MA_ROTA,E1388,3,2,1.0
P9382,BC_GTMG,E1389,2,2,0.76
P9383,IG_PLA,E1389,2,2,0.98
P9384,IG_PLA,E1389,2,2,0.79
P9385,BC_GTMG,E1389,2,2,0.8
P9386,IG_PLA,E1389,2,2,1.2
P9387,IG_PLA,E1389,2,2,1.45
P9388,BC_GTMG,E1389,2,2,0.04
P9389,BC_GTMG,E1389,2,2,0.7
P9390,BA_SINT,E1390,6,1,0.43
P9392,BA_SINT,E1390,6,1,0.35
P9393,JA,E1390,6,1,0.55
P9394,JA,E1390,6,1,0.57
P9395,BA_SINT,E1390,6,1,0.9
P9398,BA_INT,E1390,5,1,1.09
P9399,BA_SINT,E1390,5,1,0.29
P9400,BA_SINT,E1390,6,1,0.4
P9403,BA_SINT,E1390,5,1,0.35
P9405,BA_INT,E1390,5,1,0.24
P9406,BA_SINT,E1390,5,1,1.75
P9407,BA_SINT,E1390,5,1,0.57
P9409,BA_SINT,E1390,6,1,0.31
P9410,BA_INT,E1390,6,1,0.17
P9411,PN_PIQ,E1391,7,3,0.73
P9412,IG_PLA,E1391,7,3,0.46
P9413,IG_PLA,E1391,7,3,0.77
P9414,IG_PLA,E1392,7,3,0.17
P9415,PN_PIQ,E1392,7,3,0.38
P9416,IG_PLA,E1392,7,3,0.16
P9417,PN_PIQ,E1392,7,3,0.27
P9418,IG_PLA,E1393,7,3,0.39
P9419,IG_PLA,E1393,7,3,0.36
P9420,IG_PLA,E1393,7,3,0.17
P9421,IG_PLA,E1393,7,3,0.35
P9422,PN_PIQ,E1393,7,3,0.22
P9423,PN_PIQ,E1393,7,3,0.54
P9424,IG_PLA,E1393,7,3,0.21
P9425,PN_PIQ,E1393,7,3,0.1
P9426,PN_PIQ,E1393,7,3,0.1
P9427,PN_PIQ,E1394,7,3,0.99
P9428,IG_PLA,E1394,7,3,1.17
P9429,PN_PIQ,E1394,7,3,0.44
P9430,PN_PIQ,E1394,7,3,0.22
P9431,IG_PLA,E1394,7,3,0.94
P9432,IG_PLA,E1394,7,3,0.3
P9433,PN_PIQ,E1394,7,3,0.69
P9434,IG_PLA,E1394,7,3,0.69
P9435,IG_PLA,E1394,7,3,0.17
P9436,PN_PIQ,E1395,7,3,1.91
P9437,PN_PIQ,E1395,7,3,0.54
P9438,PN_PIQ,E1395,7,3,1.41
P9439,PN_PIQ,E1395,7,3,0.1
P9440,MA_TO_CO_JA,E1396,7,3,0.25
P9441,MA_ROTA,E1396,7,3,0.08
P9442,MA_ROTA,E1396,7,3,0.12
P9443,MA_TO_CO_JA,E1396,7,3,0.31
P9444,MA_TO_CO_JA,E1396,7,3,0.16
P9445,MA_TO_CO_JA,E1396,7,3,0.32
P9446,MA_TO_CO_JA,E1397,7,3,0.61
P9447,MA_TO_CO_JA,E1398,7,3,0.16
P9448,MA_TO_CO_JA,E1398,7,3,0.12
P9449,MA_TO_CO_JA,E1398,7,3,0.05
P9451,MA_TO_CO_JA,E1398,7,3,0.53
P9452,MA_TO_CO_JA,E1398,7,3,0.8
P9453,MA_TO_CO_JA,E1398,7,3,0.43
P9454,MA_TO_CO_JA,E1399,7,3,0.65
P9455,MA_TO_CO_JA,E1399,7,3,0.57
P9456,PN_PIQ,E1400,7,3,0.6
P9457,PN_PIQ,E1400,7,3,0.45
P9458,PN_PIQ,E1400,7,3,0.83
P9459,PN_PIQ,E1401,7,3,0.45
P9460,BC_GTMG,E1401,7,3,0.11
P9461,PN_PIQ,E1401,7,3,0.23
P9462,PN_PIQ,E1401,7,3,0.26
P9463,PN_PIQ,E1401,7,3,0.46
P9464,PN_PIQ,E1401,7,3,0.47
P9465,PN_PIQ,E1401,7,3,2.71
P9466,PN_PIQ,E1401,7,3,0.61
P9467,MA_TO_CO_JA,E1402,7,3,0.19
P9468,MA_TO_CO_JA,E1402,7,3,0.68
P9469,PN_PIQ,E1403,7,3,1.79
P9470,PN_PIQ,E1403,7,3,0.98
P9471,PN_PIQ,E1403,7,3,3.26
P9472,PN_PIQ,E1403,7,3,0.26
P9473,PN_PIQ,E1403,7,3,1.17
P9474,PN_PIQ,E1403,7,3,0.14
P9475,PN_PIQ,E1403,7,3,0.1
P9476,PN_PIQ,E1404,7,3,0.36
P9477,PN_PIQ,E1404,7,3,0.41
P9478,PN_PIQ,E1404,7,3,0.16
P9479,PN_PIQ,E1404,7,3,0.2
P9480,PN_PIQ,E1404,7,3,0.2
P9481,PN_PIQ,E1404,7,3,0.81
P9482,IG_PLA,E1405,7,3,0.86
P9483,BC_GTMG,E1405,7,3,0.3
P9484,PN_PIQ,E1405,7,3,0.42
P9485,PN_PIQ,E1406,7,3,0.71
P9486,PN_PIQ,E1406,7,3,1.19
P9487,PN_PIQ,E1406,7,3,1.25
P9488,MA_ROTA,E1407,2,2,0.55
P9489,MA_TO_CO_JA,E1408,2,2,1.2
P9490,MA_TO_CO_JA,E1408,2,2,0.72
P9492,MA_TO_CO_JA,E1409,7,3,0.69
P9493,MA_TO_CO_JA,E1409,7,3,1.03
P9494,MA_ROTA,E1410,1,2,0.47
P9495,MA_ROTA,E1410,1,2,0.38
P9496,MA_ROTA,E1410,1,2,0.46
P9497,MA_ROTA,E1411,2,2,0.65
P9499,MA_ROTA,E1411,2,2,0.22
P9500,MA_ROTA,E1411,2,2,2.19
P9501,MA_ROTA,E1411,2,2,1.01
P9502,MA_ROTA,E1411,2,2,1.08
P9503,MA_ROTA,E1411,2,2,0.06
P9504,MA_TO_CO_JA,E1412,3,2,0.35
P9505,MA_TO_CO_JA,E1412,3,2,3.96
P9506,MA_TO_CO_JA,E1412,3,2,1.17
P9507,MA_TO_CO_JA,E1412,3,2,1.08
P9508,MA_TO_CO_JA,E1412,3,2,0.93
P9509,MA_TO_CO_JA,E1412,3,2,0.49
P9511,PN_PIQ,E1413,7,3,0.61
P9512,PN_PIQ,E1413,7,3,1.33
P9513,PN_PIQ,E1413,7,3,0.6
P9514,PN_PIQ,E1413,7,3,0.18
P9515,MA_TO_CO_JA,E1414,7,3,0.52
P9516,MA_TO_CO_JA,E1415,7,3,0.83
P9517,MA_TO_CO_JA,E1416,3,2,1.17
P9518,MA_TO_CO_JA,E1416,3,2,0.53
P9519,MA_ROTA,E1416,3,2,0.71
P9520,BC_GTMG,E1417,1,2,0.75
P9521,BC_GTMG,E1417,1,2,0.56
P9522,BC_GTMG,E1417,1,2,3.04
P9523,BC_GTMG,E1417,1,2,1.62
P9524,BC_GTMG,E1417,1,2,1.79
P9526,MA_ROTA,E1418,3,2,1.59
P9527,MA_ROTA,E1418,3,2,0.37
P9528,MA_ROTA,E1418,3,2,1.76
P9529,MA_ROTA,E1418,3,2,0.6
P9530,MA_ROTA,E1418,3,2,0.87
P9531,MA_ROTA,E1418,3,2,3.03
P9532,MA_TO_CO_JA,E1418,3,2,1.78
P9533,PN_PIQ,E1419,2,2,0.6
P9534,PN_PIQ,E1419,2,2,3.09
P9535,PN_PIQ,E1419,2,2,0.44
P9536,PN_PIQ,E1419,2,2,0.52
P9537,PN_PIQ,E1419,2,2,0.62
P9538,PN_PIQ,E1420,2,2,0.49
P9539,PN_PIQ,E1420,2,2,0.77
P9540,PN_PIQ,E1420,2,2,0.33
P9541,PN_PIQ,E1420,2,2,0.37
P9542,BC_GTMG,E1421,2,2,0.58
P9543,IG_PLA,E1421,2,2,0.92
P9544,IG_PLA,E1421,2,2,1.66
P9545,BC_GTMG,E1421,2,2,1.32
P9546,IG_PLA,E1421,2,2,0.43
P9547,BC_GTMG,E1421,2,2,0.76
P9548,IG_PLA,E1421,2,2,1.48
P9549,IG_PLA,E1421,2,2,0.47
P9550,IG_PLA,E1421,2,2,1.08
P9551,BC_GTMG,E1421,2,2,1.57
P9552,IG_PLA,E1421,2,2,0.79
P9553,IG_PLA,E1421,2,2,0.21
P9554,IG_PLA,E1421,2,2,0.2
P9555,IG_PLA,E1421,2,2,0.66
P9556,BC_GTMG,E1421,2,2,0.99
P9557,IG_PLA,E1422,2,2,0.36
P9558,BC_GTMG,E1422,2,2,0.16
P9559,IG_PLA,E1422,1,2,0.91
P9560,IG_PLA,E1422,1,2,1.89
P9561,BC_GTMG,E1422,1,2,0.87
P9562,BC_GTMG,E1422,2,2,1.85
P9563,IG_PLA,E1422,1,2,0.37
P9564,PN_PIQ,E1423,3,2,0.21
P9565,PN_PIQ,E1423,3,2,0.23
P9566,PN_PIQ,E1423,3,2,0.73
P9568,PN_PIQ,E1423,3,2,2.17
P9569,BC_GTMG,E1424,3,2,0.82
P9570,PN_PIQ,E1424,3,2,0.44
P9571,IG_PLA,E1424,3,2,0.37
P9572,PN_PIQ,E1424,3,2,0.4
P9573,IG_PLA,E1424,3,2,1.89
P9574,PN_PIQ,E1424,3,2,2.23
P9575,IG_PLA,E1424,3,2,0.47
P9576,IG_PLA,E1424,3,2,0.94
P9577,BC_GTMG,E1424,3,2,0.49
P9578,BC_GTMG,E1425,3,2,1.01
P9579,BC_GTMG,E1425,1,2,1.5
P9580,MA_ROTA,E1426,3,2,1.5
P9581,MA_ROTA,E1426,3,2,0.61
P9582,MA_TO_CO_JA,E1426,3,2,0.35
P9583,MA_ROTA,E1426,3,2,0.68
P9584,MA_ROTA,E1426,3,2,1.95
P9585,MA_ROTA,E1426,3,2,1.42
P9586,MA_TO_CO_JA,E1426,3,2,2.15
P9587,MA_TO_CO_JA,E1427,3,2,2.99
P9588,MA_ROTA,E1427,3,2,2.58
P9589,MA_ROTA,E1427,3,2,1.67
P9590,IG_PLA,E1428,1,2,3.07
P9591,BC_GTMG,E1428,1,2,0.4
P9592,BC_GTMG,E1428,1,2,0.43
P9593,IG_PLA,E1428,1,2,0.46
P9594,IG_PLA,E1428,1,2,0.46
P9595,BC_GTMG,E1428,1,2,2.9
P9596,BC_GTMG,E1428,1,2,0.8
P9597,IG_PLA,E1428,1,2,1.0
P9598,BC_GTMG,E1428,1,2,0.41
P9599,PN_PIQ,E1429,2,2,1.27
P9600,PN_PIQ,E1429,2,2,1.05
P9601,PN_PIQ,E1429,2,2,1.73
P9602,PN_PIQ,E1429,2,2,0.74
P9603,PN_PIQ,E1429,2,2,0.92
P9604,PN_PIQ,E1429,2,2,0.24
P9605,PN_PIQ,E1429,2,2,0.19
P9606,PN_PIQ,E1429,2,2,0.46
P9607,MA_ROTA,E1430,3,2,2.64
P9609,MA_ROTA,E1430,3,2,3.02
P9612,MA_ROTA,E1430,3,2,1.89
P9615,BC_GTMG,E1431,2,2,0.87
P9616,IG_PLA,E1431,2,2,0.19
P9617,PN_PIQ,E1432,2,2,0.6
P9618,PN_PIQ,E1432,2,2,0.46
P9619,PN_PIQ,E1432,2,2,0.34
P9620,PN_PIQ,E1432,2,2,0.31
P9621,MA_ROTA,E1433,3,2,0.95
P9622,MA_ROTA,E1433,1,2,0.47
P9623,MA_ROTA,E1433,1,2,0.85
P9624,IG_PLA,E1434,1,2,0.28
P9625,IG_PLA,E1434,1,2,1.1
P9626,BC_GTMG,E1434,1,2,0.53
P9627,BC_GTMG,E1434,1,2,0.52
P9628,MA_ROTA,E1435,3,2,0.86
P9629,IG_PLA,E1436,3,2,0.19
P9630,BC_GTMG,E1436,3,2,1.17
P9631,MA_ROTA,E1437,3,2,0.85
P9633,BC_GTMG,E1438,3,2,1.37
P9634,BC_GTMG,E1438,3,2,0.16
P9635,IG_PLA,E1438,3,2,1.1
P9636,IG_PLA,E1438,3,2,0.98
P9637,IG_PLA,E1438,3,2,2.19
P9638,IG_PLA,E1438,3,2,0.33
P9639,IG_PLA,E1438,3,2,0.25
P9640,BC_GTMG,E1438,3,2,0.57
P9641,IG_PLA,E1438,3,2,0.5
P9643,MA_TO_CO_JA,E1439,3,2,1.6
P9644,IG_PLA,E1440,3,2,0.81
P9645,BC_GTMG,E1440,3,2,7.55
P9646,IG_PLA,E1440,3,2,0.21
P9647,IG_PLA,E1440,3,2,0.73
P9649,IG_PLA,E1440,3,2,2.04
P9650,IG_PLA,E1440,3,2,0.94
P9652,IG_PLA,E1440,3,2,0.89
P9653,IG_PLA,E1440,3,2,0.2
P9654,PN_PIQ,E1441,3,2,1.17
P9655,PN_PIQ,E1441,3,2,1.13
P9656,BC_GTMG,E1442,3,2,1.15
P9657,IG_PLA,E1442,3,2,0.5
P9658,IG_PLA,E1442,3,2,0.84
P9659,BC_GTMG,E1442,3,2,0.63
P9660,MA_ROTA,E1443,3,2,1.1
P9661,MA_ROTA,E1444,3,2,0.89
P9662,MA_ROTA,E1444,3,2,0.9
P9663,MA_ROTA,E1444,3,2,0.62
P9665,PN_PIQ,E1446,3,2,1.58
P9666,PN_PIQ,E1446,3,2,2.47
P9667,MA_TO_CO_JA,E1447,3,2,1.6
P9668,MA_ROTA,E1447,3,2,0.88
P9669,MA_TO_CO_JA,E1447,3,2,0.67
P9670,MA_ROTA,E1447,3,2,0.44
P9671,MA_ROTA,E1447,3,2,0.64
P9673,MA_ROTA,E1447,3,2,0.12
P9674,MA_TO_CO_JA,E1448,3,2,0.7
P9675,BC_GTMG,E1449,3,2,0.1
P9676,BC_GTMG,E1449,3,2,0.73
P9677,BC_GTMG,E1449,3,2,0.65
P9678,MA_TO_CO_JA,E1450,3,2,2.36
P9679,MA_ROTA,E1451,3,2,0.44
P9681,MA_ROTA,E1451,3,2,0.9
P9683,MA_ROTA,E1451,3,2,0.06
P9686,MA_ROTA,E1451,3,2,0.34
P9688,MA_ROTA,E1451,3,2,0.7
P9689,MA_ROTA,E1451,3,2,0.49
P9695,MA_ROTA,E1451,3,2,0.84
P9696,MA_ROTA,E1451,3,2,0.2
P9698,MA_ROTA,E1452,3,2,1.65
P9699,MA_ROTA,E1452,3,2,1.27
P9700,MA_ROTA,E1452,3,2,0.36
P9701,MA_ROTA,E1452,3,2,4.02
P9702,MA_TO_CO_JA,E1453,3,2,0.75
P9703,MA_TO_CO_JA,E1453,3,2,0.55
P9705,MA_TO_CO_JA,E1453,3,2,0.58
P9706,MA_ROTA,E1454,3,2,0.58
P9707,MA_ROTA,E1455,3,2,0.66
P9708,MA_ROTA,E1455,3,2,0.19
P9710,BC_GTMG,E1456,3,2,0.97
P9711,IG_PLA,E1456,3,2,1.25
P9712,BC_GTMG,E1456,3,2,0.19
P9713,BC_GTMG,E1456,3,2,1.29
P9714,IG_PLA,E1456,3,2,0.3
P9715,IG_PLA,E1456,3,2,0.31
P9716,IG_PLA,E1456,3,2,1.3
P9717,IG_PLA,E1456,3,2,0.46
P9718,IG_PLA,E1456,3,2,0.24
P9719,MA_TO_CO_JA,E1457,7,3,0.29
P9720,MA_TO_CO_JA,E1457,7,3,0.38
P9721,MA_TO_CO_JA,E1457,7,3,0.53
P9722,MA_TO_CO_JA,E1457,7,3,0.08
P9723,MA_TO_CO_JA,E1457,7,3,0.25
P9724,MA_TO_CO_JA,E1457,7,3,0.62
P9725,MA_TO_CO_JA,E1457,7,3,0.85
P9726,MA_TO_CO_JA,E1457,7,3,0.7
P9727,PN_PIQ,E1458,7,3,0.49
P9728,PN_PIQ,E1458,7,3,1.21
P9729,PN_PIQ,E1458,7,3,0.19
P9730,MA_TO_CO_JA,E1459,7,3,0.81
P9731,PN_PIQ,E1460,7,3,0.46
P9732,PN_PIQ,E1460,7,3,0.3
P9733,PN_PIQ,E1460,7,3,0.67
P9734,PN_PIQ,E1460,7,3,0.31
P9735,PN_PIQ,E1460,7,3,0.58
P9736,PN_PIQ,E1460,7,3,0.52
P9737,BC_GTMG,E1461,7,3,0.15
P9738,PN_PIQ,E1461,7,3,0.47
P9739,PN_PIQ,E1461,7,3,0.43
P9740,PN_PIQ,E1461,7,3,0.97
P9741,PN_PIQ,E1461,7,3,0.31
P9742,PN_PIQ,E1461,7,3,0.79
P9743,MA_TO_CO_JA,E1462,7,3,1.74
P9744,MA_TO_CO_JA,E1462,7,3,2.15
P9747,MA_TO_CO_JA,E1463,4,1,1.03
P9748,MA_TO_CO_JA,E1463,4,1,0.42
P9749,MA_TO_CO_JA,E1463,4,1,0.08
P9750,IG_PLA,E1464,3,2,1.63
P9751,BC_GTMG,E1464,3,2,0.87
P9752,BC_GTMG,E1464,3,2,0.61
P9753,MA_TO_CO_JA,E1465,7,3,0.88
P9754,MA_TO_CO_JA,E1465,7,3,0.56
P9755,CS_BT_NIM,E1466,4,1,2.62
P9756,IG_TUT,E1466,4,1,2.32
P9757,CS_BT_NIM,E1466,4,1,0.17
P9758,CS_BT_NIM,E1466,4,1,0.49
P9759,IG_TUT,E1466,4,1,1.64
P9760,IG_TUT,E1466,4,1,0.6
P9761,CS_BT_NIM,E1466,4,1,2.08
P9763,MA_ROTA,E1467,4,1,1.59
P9764,MA_ROTA,E1467,4,1,0.33
P9767,IG_PLA,E1468,3,2,0.21
P9768,IG_PLA,E1468,3,2,0.36
P9769,BC_GTMG,E1468,3,2,0.44
P9770,IG_PLA,E1468,3,2,2.57
P9771,IG_PLA,E1468,3,2,2.84
P9772,BC_GTMG,E1468,3,2,0.88
P9773,IG_PLA,E1468,3,2,0.26
P9774,IG_PLA,E1468,3,2,0.78
P9775,IG_PLA,E1468,3,2,2.18
P9776,BC_GTMG,E1468,3,2,5.37
P9777,IG_PLA,E1468,3,2,0.39
P9778,IG_PLA,E1469,1,2,2.25
P9779,BC_GTMG,E1469,1,2,0.19
P9780,IG_PLA,E1469,1,2,0.5
P9781,BC_GTMG,E1469,1,2,0.51
P9782,IG_PLA,E1469,1,2,0.18
P9783,BC_GTMG,E1469,1,2,0.11
P9784,BC_GTMG,E1469,1,2,2.03
P9785,BC_GTMG,E1469,1,2,0.22
P9786,IG_PLA,E1469,1,2,1.34
P9787,PN_PIQ,E1470,4,1,0.69
P9788,PN_PIQ,E1470,4,1,0.21
P9789,PN_PIQ,E1470,4,1,0.6
P9791,PN_PIQ,E1470,4,1,0.07
P9794,IG_PLA,E1472,3,2,0.26
P9795,BC_GTMG,E1472,3,2,0.57
P9796,IG_PLA,E1472,3,2,1.72
P9797,BC_GTMG,E1472,3,2,0.68
P9798,MA_TO_CO_JA,E1473,4,1,4.29
P9799,MA_TO_CO_JA,E1474,4,1,0.69
P9800,MA_TO_CO_JA,E1474,4,1,1.29
P9803,MA_TO_CO_JA,E1474,4,1,0.07
P9804,IG_PLA,E1475,3,2,0.67
P9805,PN_PIQ,E1475,3,2,1.42
P9806,IG_PLA,E1475,3,2,0.71
P9807,IG_PLA,E1475,3,2,0.34
P9808,PN_PIQ,E1475,3,2,1.13
P9809,BC_GTMG,E1476,3,2,0.74
P9810,BC_GTMG,E1476,3,2,0.29
P9811,BC_GTMG,E1476,3,2,0.69
P9812,IG_PLA,E1476,3,2,3.56
P9813,BC_GTMG,E1476,3,2,0.05
P9814,BC_GTMG,E1476,3,2,0.44
P9815,IG_PLA,E1476,3,2,0.49
P9816,BC_GTMG,E1476,3,2,0.08
P9817,IG_PLA,E1476,3,2,0.24
P9818,BC_GTMG,E1476,3,2,0.14
P9819,BC_GTMG,E1476,3,2,0.14
P9820,BC_GTMG,E1476,3,2,0.4
P9821,MA_TO_CO_JA,E1477,4,1,0.84
P9822,MA_ROTA,E1478,3,2,1.7
P9824,MA_ROTA,E1478,3,2,0.45
P9825,MA_ROTA,E1478,3,2,0.53
P9826,MA_ROTA,E1478,3,2,0.47
P9827,MA_ROTA,E1478,3,2,2.9
P9828,MA_ROTA,E1478,3,2,1.0
P9829,CS_BT_NIM,E1479,4,1,1.2
P9831,CS_BT_NIM,E1479,4,1,1.64
P9832,IG_TUT,E1479,4,1,0.32
P9833,IG_TUT,E1479,4,1,0.92
P9834,IG_TUT,E1479,4,1,2.26
P9835,PN_PIQ,E1480,7,3,0.25
P9836,PN_PIQ,E1480,7,3,0.81
P9837,PN_PIQ,E1480,7,3,0.77
P9838,MA_TO_CO_JA,E1481,7,3,0.65
P9839,MA_ROTA,E1482,3,2,1.78
P9843,BC_GTMG,E1483,3,2,1.27
P9845,PN_PIQ,E1483,3,2,1.29
P9846,PN_PIQ,E1483,3,2,3.96
P9847,PN_PIQ,E1483,3,2,0.21
P9849,BC_GTMG,E1483,3,2,0.61
P9850,BC_GTMG,E1483,3,2,0.2
P9851,MA_ROTA,E1484,3,2,1.15
P9852,MA_ROTA,E1484,3,2,0.83
P9853,MA_ROTA,E1484,3,2,0.96
P9854,MA_TO_CO_JA,E1485,4,1,0.57
P9856,MA_TO_CO_JA,E1485,4,1,5.32
P9858,MA_TO_CO_JA,E1485,4,1,2.38
P9859,MA_TO_CO_JA,E1485,4,1,5.09
P9860,MA_TO_CO_JA,E1485,4,1,5.13
P9861,MA_TO_CO_JA,E1485,4,1,2.96
P9863,MA_TO_CO_JA,E1485,4,1,5.45
P9864,MA_TO_CO_JA,E1485,4,1,4.67
P9865,MA_TO_CO_JA,E1485,4,1,9.0
P9866,MA_TO_CO_JA,E1485,4,1,1.54
P9869,MA_TO_CO_JA,E1485,4,1,0.43
P9870,MA_TO_CO_JA,E1485,4,1,6.94
P9871,MA_TO_CO_JA,E1485,4,1,0.9
P9873,MA_TO_CO_JA,E1485,4,1,3.46
P9874,MA_TO_CO_JA,E1485,4,1,2.18
P9875,MA_TO_CO_JA,E1485,4,1,3.99
P9877,MA_TO_CO_JA,E1485,4,1,1.94
P9878,MA_TO_CO_JA,E1485,4,1,2.23
P9879,MA_TO_CO_JA,E1485,4,1,6.86
P9889,MA_TO_CO_JA,E1485,4,1,1.2
P9890,MA_TO_CO_JA,E1485,4,1,4.6
P9891,MA_TO_CO_JA,E1485,4,1,1.35
P9901,MA_TO_CO_JA,E1485,4,1,6.19
P9903,MA_TO_CO_JA,E1485,4,1,1.11
P9905,MA_TO_CO_JA,E1485,4,1,0.75
P9906,MA_TO_CO_JA,E1485,4,1,0.65
P9913,MA_TO_CO_JA,E1485,4,1,1.02
P9915,MA_TO_CO_JA,E1485,4,1,1.16
P9916,MA_TO_CO_JA,E1485,4,1,0.3
P9917,MA_TO_CO_JA,E1485,4,1,0.79
P9919,MA_TO_CO_JA,E1485,4,1,1.1
P9920,MA_TO_CO_JA,E1485,4,1,1.12
P9922,MA_TO_CO_JA,E1485,4,1,0.47
P9927,MA_TO_CO_JA,E1485,4,1,1.19
P9930,MA_TO_CO_JA,E1485,4,1,0.8
P9931,MA_TO_CO_JA,E1485,4,1,0.52
P9935,MA_TO_CO_JA,E1485,4,1,0.96
P9937,MA_TO_CO_JA,E1485,4,1,1.7
P9938,MA_TO_CO_JA,E1485,4,1,0.85
P9941,MA_TO_CO_JA,E1485,4,1,8.53
P9942,MA_TO_CO_JA,E1485,4,1,0.46
P9943,MA_TO_CO_JA,E1485,4,1,0.98
P9945,MA_TO_CO_JA,E1485,4,1,0.49
P9946,MA_TO_CO_JA,E1485,4,1,0.31
P9947,MA_TO_CO_JA,E1485,4,1,1.25
P9948,MA_TO_CO_JA,E1485,4,1,0.73
P9950,MA_ROTA,E1486,5,1,1.16
P9951,MA_TO_CO_JA,E1486,4,1,2.76
P9954,MA_TO_CO_JA,E1486,4,1,0.4
P9955,MA_TO_CO_JA,E1486,4,1,0.17
P9957,MA_TO_CO_JA,E1486,4,1,2.09
P9958,MA_ROTA,E1486,1,2,5.01
P9959,MA_ROTA,E1486,1,2,3.9
P9960,MA_ROTA,E1486,3,2,5.63
P9961,MA_ROTA,E1486,3,2,2.23
P9962,MA_TO_CO_JA,E1486,4,1,0.19
P9963,MA_ROTA,E1486,5,1,16.76
P9965,MA_ROTA,E1486,4,1,10.06
P9967,MA_ROTA,E1486,1,2,7.01
P9968,MA_TO_CO_JA,E1486,4,1,3.89
P9969,MA_TO_CO_JA,E1486,4,1,0.99
P9970,MA_TO_CO_JA,E1487,4,1,1.1
P9971,MA_TO_CO_JA,E1487,4,1,8.01
P9972,MA_TO_CO_JA,E1487,4,1,9.24
P9973,MA_TO_CO_JA,E1487,4,1,2.74
P9974,MA_TO_CO_JA,E1487,4,1,1.66
P9975,MA_TO_CO_JA,E1487,4,1,3.41
P9976,MA_TO_CO_JA,E1487,4,1,0.46
P9977,MA_TO_CO_JA,E1487,4,1,0.29
P9978,MA_TO_CO_JA,E1487,4,1,0.88
P9979,MA_ROTA,E1488,3,2,1.0
P9980,MA_ROTA,E1488,3,2,1.14
P9981,MA_ROTA,E1488,3,2,0.94
P9983,MA_ROTA,E1488,3,2,2.69
P9984,MA_ROTA,E1488,3,2,2.4
P9985,MA_ROTA,E1488,3,2,0.62
P9986,MA_ROTA,E1488,3,2,1.02
P9987,MA_ROTA,E1488,3,2,1.23
P9988,MA_ROTA,E1489,2,2,0.68
P9989,MA_ROTA,E1489,2,2,0.75
P9990,MA_TO_CO_JA,E1489,4,1,0.28
P9991,MA_TO_CO_JA,E1489,4,1,0.13
P9992,MA_TO_CO_JA,E1489,4,1,0.35
P9994,MA_TO_CO_JA,E1489,4,1,0.18
P9995,MA_TO_CO_JA,E1489,4,1,0.4
P9996,MA_TO_CO_JA,E1489,4,1,0.47
P9997,PN_PIQ,E1490,2,2,4.27
P9998,PN_PIQ,E1490,2,2,0.3
P9999,MA_TO_CO_JA,E1491,4,1,0.62
P10000,MA_ROTA,E1492,2,2,1.26
P10001,IG_PLA,E1493,1,2,0.14
P10002,BC_GTMG,E1493,1,2,1.07
P10003,BC_GTMG,E1493,1,2,1.06
P10004,IG_PLA,E1493,1,2,1.23
P10005,BC_GTMG,E1493,1,2,0.22
P10006,IG_PLA,E1493,1,2,0.47
P10007,IG_PLA,E1493,1,2,0.24
P10008,BC_GTMG,E1493,1,2,0.17
P10009,IG_PLA,E1493,1,2,2.07
P10010,IG_PLA,E1493,1,2,0.1
P10011,IG_PLA,E1493,1,2,0.21
P10012,MA_ROTA,E1494,2,2,3.16
P10013,MA_ROTA,E1494,2,2,1.07
P10014,MA_ROTA,E1494,2,2,1.42
P10015,MA_ROTA,E1494,2,2,2.07
P10016,MA_ROTA,E1494,2,2,2.2
P10017,MA_ROTA,E1494,2,2,1.11
P10018,MA_ROTA,E1494,2,2,0.45
P10019,MA_ROTA,E1495,3,2,1.89
P10020,MA_TO_CO_JA,E1495,3,2,2.18
P10022,MA_TO_CO_JA,E1495,3,2,0.77
P10024,MA_ROTA,E1495,3,2,1.04
P10026,MA_TO_CO_JA,E1495,3,2,0.96
P10027,MA_TO_CO_JA,E1495,3,2,0.25
P10028,BC_GTMG,E1496,3,2,0.79
P10029,PN_PIQ,E1496,3,2,0.16
P10030,PN_PIQ,E1496,3,2,1.0
P10031,PN_PIQ,E1496,1,2,1.65
P10034,PN_PIQ,E1496,3,2,0.4
P10035,MA_TO_CO_JA,E1497,3,2,0.33
P10036,MA_TO_CO_JA,E1497,3,2,0.67
P10037,MA_TO_CO_JA,E1497,3,2,0.48
P10038,MA_TO_CO_JA,E1497,3,2,0.51
P10039,MA_TO_CO_JA,E1497,3,2,0.15
P10044,MA_TO_CO_JA,E1497,3,2,0.64
P10045,MA_TO_CO_JA,E1497,3,2,0.9
P10046,MA_TO_CO_JA,E1497,3,2,0.16
P10047,MA_TO_CO_JA,E1498,3,2,3.99
P10048,MA_ROTA,E1498,3,2,1.76
P10049,MA_ROTA,E1498,3,2,1.85
P10050,MA_ROTA,E1498,3,2,0.46
P10051,MA_TO_CO_JA,E1498,3,2,1.01
P10053,MA_ROTA,E1499,2,2,1.09
P10054,PN_PIQ,E1500,4,1,1.34
P10055,PN_PIQ,E1500,4,1,1.76
P10056,PN_PIQ,E1501,4,1,0.54
P10057,PN_PIQ,E1501,4,1,0.7
P10058,PN_PIQ,E1501,4,1,0.64
P10059,PN_PIQ,E1501,4,1,1.5
P10060,PN_PIQ,E1501,4,1,0.61
P10061,PN_PIQ,E1501,4,1,0.87
P10062,PN_PIQ,E1501,4,1,2.27
P10063,PN_PIQ,E1501,4,1,0.13
P10064,MA_TO_CO_JA,E1502,4,1,2.14
P10065,MA_TO_CO_JA,E1502,4,1,1.69
P10066,MA_TO_CO_JA,E1502,4,1,3.3
P10067,MA_TO_CO_JA,E1502,4,1,0.63
P10068,MA_TO_CO_JA,E1502,4,1,0.44
P10069,MA_TO_CO_JA,E1502,4,1,0.92
P10070,MA_TO_CO_JA,E1502,4,1,0.55
P10071,MA_TO_CO_JA,E1502,4,1,0.25
P10072,PN_PIQ,E1503,2,2,0.29
P10073,PN_PIQ,E1503,2,2,1.72
P10074,PN_PIQ,E1503,2,2,0.27
P10075,PN_PIQ,E1503,2,2,0.18
P10076,PN_PIQ,E1503,2,2,0.04
P10077,IG_PLA,E1504,2,2,0.34
P10078,IG_PLA,E1504,2,2,0.41
P10079,BC_GTMG,E1504,2,2,0.64
P10080,MA_ROTA,E1505,2,2,1.98
P10081,MA_ROTA,E1506,2,2,0.29
P10082,MA_ROTA,E1506,2,2,0.59
P10083,MA_ROTA,E1507,4,1,3.13
P10084,MA_ROTA,E1507,4,1,0.65
P10085,MA_ROTA,E1507,4,1,0.2
P10086,MA_ROTA,E1507,4,1,3.28
P10087,MA_ROTA,E1507,4,1,2.13
P10088,MA_ROTA,E1507,4,1,0.18
P10089,MA_ROTA,E1507,4,1,0.12
P10090,PN_PIQ,E1508,2,2,0.35
P10091,PN_PIQ,E1508,2,2,0.92
P10092,PN_PIQ,E1508,2,2,0.65
P10093,MA_ROTA,E1509,3,2,1.5
P10095,MA_ROTA,E1509,3,2,0.12
P10097,MA_ROTA,E1509,3,2,0.91
P10098,MA_ROTA,E1509,3,2,0.18
P10099,MA_ROTA,E1509,3,2,0.36
P10100,MA_ROTA,E1509,3,2,1.63
P10101,MA_TO_CO_JA,E1510,4,1,1.52
P10102,MA_TO_CO_JA,E1510,4,1,0.6
P10103,MA_TO_CO_JA,E1510,4,1,0.29
P10104,MA_TO_CO_JA,E1510,4,1,1.0
P10106,MA_ROTA,E1510,4,1,2.01
P10108,MA_ROTA,E1511,4,1,2.27
P10109,MA_ROTA,E1511,4,1,2.53
P10110,MA_ROTA,E1511,4,1,2.53
P10111,MA_ROTA,E1511,4,1,0.96
P10115,MA_ROTA,E1511,4,1,0.76
P10116,BC_GTMG,E1512,3,2,1.35
P10117,IG_PLA,E1512,3,2,1.65
P10118,IG_PLA,E1512,3,2,0.57
P10119,BC_GTMG,E1513,3,2,2.27
P10120,BC_GTMG,E1513,3,2,1.06
P10121,IG_PLA,E1513,3,2,0.18
P10122,IG_PLA,E1513,3,2,0.56
P10123,BC_GTMG,E1513,3,2,1.02
P10124,IG_PLA,E1513,3,2,1.47
P10125,MA_ROTA,E1514,4,1,0.31
P10127,MA_TO_CO_JA,E1514,4,1,2.04
P10128,MA_TO_CO_JA,E1514,4,1,1.12
P10129,MA_ROTA,E1514,4,1,0.79
P10130,MA_TO_CO_JA,E1514,4,1,0.45
P10131,MA_ROTA,E1514,4,1,1.0
P10132,AN_PA,E1515,4,1,0.39
P10133,AN_PA,E1515,4,1,0.97
P10134,AN_PA,E1515,4,1,0.99
P10135,IG_TUT,E1515,4,1,1.48
P10137,IG_TUT,E1515,4,1,2.25
P10138,AN_PA,E1515,4,1,0.88
P10139,AN_PA,E1515,4,1,0.78
P10140,AN_PA,E1515,4,1,1.76
P10141,AN_PA,E1515,4,1,1.35
P10142,AN_PA,E1515,4,1,0.64
P10143,AN_PA,E1515,4,1,0.32
P10144,AN_PA,E1515,4,1,1.71
P10145,AN_PA,E1515,4,1,0.36
P10146,MA_TO_CO_JA,E1516,4,1,0.48
P10147,MA_TO_CO_JA,E1516,4,1,0.57
P10148,IG_TUT,E1517,4,1,0.16
P10149,IG_TUT,E1517,4,1,0.38
P10150,IG_TUT,E1517,4,1,0.34
P10151,IG_TUT,E1517,4,1,0.5
P10152,IG_TUT,E1517,4,1,0.19
P10153,IG_TUT,E1517,4,1,0.34
P10154,AN_PA,E1517,4,1,2.67
P10155,AN_PA,E1517,4,1,0.99
P10156,AN_PA,E1517,4,1,2.57
P10157,AN_PA,E1517,4,1,2.89
P10159,IG_TUT,E1517,4,1,0.23
P10162,AN_PA,E1517,4,1,0.28
P10163,IG_TUT,E1517,4,1,0.43
P10164,IG_PLA,E1518,3,2,0.15
P10165,BC_GTMG,E1518,3,2,4.37
P10166,BC_GTMG,E1518,3,2,1.28
P10167,IG_PLA,E1518,3,2,0.88
P10168,BC_GTMG,E1518,3,2,3.54
P10169,IG_PLA,E1518,3,2,2.85
P10170,IG_PLA,E1518,3,2,0.48
P10171,IG_PLA,E1518,3,2,2.81
P10172,IG_PLA,E1518,3,2,1.75
P10173,MA_ROTA,E1519,3,2,0.69
P10174,MA_ROTA,E1519,3,2,1.24
P10175,MA_TO_CO_JA,E1520,3,2,1.32
P10176,MA_ROTA,E1520,3,2,0.2
P10177,MA_TO_CO_JA,E1520,3,2,2.29
P10178,MA_ROTA,E1520,3,2,1.96
P10180,MA_ROTA,E1521,3,2,0.39
P10181,MA_ROTA,E1521,3,2,0.26
P10182,MA_ROTA,E1521,3,2,0.9
P10183,BC_GTMG,E1522,3,2,0.96
P10184,IG_PLA,E1522,3,2,0.16
P10185,MA_ROTA,E1523,3,2,0.23
P10186,MA_ROTA,E1523,3,2,0.9
P10187,MA_ROTA,E1523,3,2,1.49
P10188,BC_GTMG,E1524,3,2,0.98
P10189,BC_GTMG,E1524,3,2,0.78
P10190,BC_GTMG,E1524,3,2,0.88
P10191,BC_GTMG,E1524,3,2,1.48
P10192,MA_ROTA,E1525,3,2,1.23
P10193,MA_ROTA,E1525,3,2,0.56
P10194,MA_ROTA,E1525,3,2,0.6
P10195,MA_ROTA,E1525,3,2,1.65
P10196,MA_ROTA,E1525,3,2,1.83
P10197,MA_ROTA,E1525,3,2,0.19
P10198,MA_ROTA,E1525,3,2,1.31
P10199,MA_ROTA,E1525,3,2,2.34
P10200,MA_ROTA,E1525,3,2,1.08
P10201,MA_ROTA,E1525,3,2,1.72
P10203,MA_TO_CO_JA,E1527,4,1,1.34
P10204,MA_TO_CO_JA,E1527,4,1,1.17
P10205,MA_ROTA,E1528,3,2,0.94
P10206,MA_ROTA,E1529,3,2,1.39
P10208,MA_TO_CO_JA,E1529,3,2,3.45
P10210,MA_TO_CO_JA,E1530,4,1,2.13
P10211,MA_TO_CO_JA,E1531,4,1,6.51
P10212,MA_TO_CO_JA,E1531,4,1,0.9
P10213,MA_TO_CO_JA,E1531,4,1,2.75
P10214,MA_TO_CO_JA,E1531,4,1,3.05
P10215,MA_TO_CO_JA,E1531,4,1,1.63
P10216,MA_TO_CO_JA,E1531,4,1,1.4
P10217,MA_TO_CO_JA,E1531,4,1,0.46
P10218,MA_TO_CO_JA,E1531,4,1,5.12
P10219,MA_TO_CO_JA,E1531,4,1,1.56
P10220,MA_TO_CO_JA,E1531,4,1,2.81
P10221,MA_TO_CO_JA,E1531,4,1,2.25
P10222,MA_TO_CO_JA,E1531,4,1,3.67
P10223,MA_TO_CO_JA,E1531,4,1,6.02
P10224,MA_TO_CO_JA,E1531,4,1,0.51
P10225,MA_TO_CO_JA,E1531,4,1,1.18
P10226,MA_TO_CO_JA,E1531,4,1,2.33
P10227,MA_TO_CO_JA,E1531,4,1,1.23
P10228,MA_TO_CO_JA,E1531,4,1,1.65
P10229,MA_ROTA,E1531,4,1,1.84
P10230,MA_TO_CO_JA,E1531,4,1,1.86
P10231,MA_TO_CO_JA,E1531,4,1,2.8
P10232,MA_TO_CO_JA,E1531,4,1,2.07
P10233,MA_TO_CO_JA,E1531,4,1,2.76
P10234,MA_TO_CO_JA,E1531,4,1,1.25
P10235,MA_TO_CO_JA,E1531,4,1,1.48
P10236,MA_TO_CO_JA,E1531,4,1,5.9
P10237,MA_TO_CO_JA,E1531,4,1,0.99
P10238,MA_TO_CO_JA,E1531,4,1,1.09
P10239,MA_TO_CO_JA,E1531,4,1,3.41
P10240,MA_TO_CO_JA,E1531,4,1,2.22
P10241,MA_TO_CO_JA,E1531,4,1,1.12
P10242,MA_TO_CO_JA,E1531,4,1,7.42
P10243,MA_TO_CO_JA,E1531,4,1,1.22
P10244,MA_TO_CO_JA,E1531,4,1,2.89
P10245,MA_TO_CO_JA,E1531,4,1,1.28
P10246,MA_TO_CO_JA,E1531,4,1,1.51
P10247,MA_TO_CO_JA,E1531,4,1,1.39
P10248,MA_TO_CO_JA,E1531,4,1,2.46
P10249,MA_TO_CO_JA,E1531,4,1,0.42
P10250,MA_TO_CO_JA,E1531,4,1,4.17
P10251,MA_TO_CO_JA,E1531,4,1,2.37
P10252,MA_TO_CO_JA,E1531,4,1,4.8
P10253,MA_TO_CO_JA,E1531,4,1,3.4
P10254,MA_TO_CO_JA,E1531,4,1,0.65
P10255,MA_TO_CO_JA,E1531,4,1,1.9
P10256,MA_TO_CO_JA,E1531,4,1,5.0
P10257,MA_TO_CO_JA,E1531,4,1,2.12
P10258,MA_TO_CO_JA,E1531,4,1,4.35
P10259,MA_TO_CO_JA,E1531,4,1,5.78
P10260,MA_TO_CO_JA,E1531,4,1,2.51
P10261,MA_TO_CO_JA,E1531,4,1,4.56
P10262,MA_TO_CO_JA,E1531,4,1,6.18
P10263,MA_TO_CO_JA,E1531,4,1,1.85
P10264,MA_TO_CO_JA,E1531,4,1,4.55
P10265,MA_TO_CO_JA,E1531,4,1,4.65
P10266,MA_ROTA,E1531,4,1,2.38
P10267,MA_TO_CO_JA,E1531,4,1,0.71
P10268,MA_ROTA,E1531,4,1,2.81
P10269,MA_TO_CO_JA,E1531,4,1,2.85
P10270,MA_TO_CO_JA,E1531,4,1,1.25
P10271,MA_TO_CO_JA,E1531,4,1,4.57
P10272,MA_TO_CO_JA,E1531,4,1,2.53
P10273,MA_TO_CO_JA,E1531,4,1,2.7
P10274,MA_TO_CO_JA,E1531,4,1,1.63
P10275,MA_TO_CO_JA,E1531,4,1,0.15
P10276,MA_TO_CO_JA,E1531,4,1,0.75
P10277,MA_TO_CO_JA,E1531,4,1,0.56
P10278,MA_TO_CO_JA,E1531,4,1,2.39
P10279,MA_TO_CO_JA,E1531,4,1,1.94
P10280,MA_TO_CO_JA,E1531,4,1,1.13
P10281,MA_TO_CO_JA,E1531,4,1,1.01
P10282,MA_TO_CO_JA,E1531,4,1,0.93
P10283,MA_TO_CO_JA,E1532,4,1,1.0
P10284,MA_TO_CO_JA,E1533,4,1,0.3
P10286,MA_TO_CO_JA,E1533,4,1,0.11
P10287,MA_TO_CO_JA,E1534,4,1,0.85
P10288,MA_TO_CO_JA,E1534,4,1,0.26
P10290,MA_TO_CO_JA,E1534,4,1,0.8
P10291,MA_ROTA,E1535,4,1,0.28
P10292,MA_ROTA,E1535,4,1,0.23
P10293,MA_ROTA,E1535,4,1,0.72
P10294,MA_ROTA,E1535,4,1,0.12
P10297,MA_ROTA,E1535,4,1,0.57
P10298,MA_ROTA,E1535,4,1,2.69
P10299,MA_TO_CO_JA,E1536,4,1,0.62
P10300,MA_TO_CO_JA,E1536,4,1,1.78
P10301,MA_TO_CO_JA,E1536,4,1,2.9
P10303,MA_TO_CO_JA,E1536,4,1,0.35
P10307,MA_TO_CO_JA,E1537,4,1,0.72
P10308,MA_TO_CO_JA,E1537,4,1,0.28
P10309,MA_TO_CO_JA,E1538,4,1,2.8
P10310,MA_TO_CO_JA,E1538,4,1,2.01
P10312,MA_TO_CO_JA,E1538,4,1,0.39
P10313,MA_TO_CO_JA,E1538,4,1,0.23
P10314,MA_TO_CO_JA,E1538,4,1,0.25
P10315,MA_TO_CO_JA,E1538,4,1,0.63
P10316,MA_TO_CO_JA,E1539,4,1,0.98
P10317,MA_TO_CO_JA,E1540,4,1,0.64
P10318,MA_TO_CO_JA,E1540,4,1,0.14
P10319,MA_TO_CO_JA,E1540,4,1,0.05
P10320,MA_TO_CO_JA,E1540,4,1,0.16
P10321,MA_TO_CO_JA,E1540,4,1,0.02
P10322,IG_TUT,E1541,4,1,0.43
P10323,AN_PA,E1541,4,1,0.23
P10326,AN_PA,E1541,4,1,3.55
P10327,AN_PA,E1541,4,1,0.55
P10328,AN_PA,E1541,4,1,1.58
P10329,IG_TUT,E1541,4,1,0.68
P10330,AN_PA,E1541,4,1,0.28
P10331,AN_PA,E1541,4,1,1.71
P10332,IG_TUT,E1541,4,1,0.07
P10333,AN_PA,E1541,4,1,0.58
P10334,IG_TUT,E1541,4,1,0.61
P10335,MA_TO_CO_JA,E1542,4,1,0.72
P10336,MA_TO_CO_JA,E1542,4,1,1.2
P10337,MA_TO_CO_JA,E1542,4,1,0.72
P10338,MA_TO_CO_JA,E1542,4,1,0.6
P10340,MA_TO_CO_JA,E1542,4,1,0.6
P10341,MA_TO_CO_JA,E1542,4,1,0.26
P10344,MA_TO_CO_JA,E1542,4,1,0.42
P10345,MA_TO_CO_JA,E1543,4,1,1.8
P10346,MA_TO_CO_JA,E1543,4,1,0.32
P10347,MA_TO_CO_JA,E1543,4,1,0.54
P10348,MA_TO_CO_JA,E1544,4,1,0.58
P10349,MA_TO_CO_JA,E1545,4,1,1.13
P10350,MA_TO_CO_JA,E1546,4,1,1.36
P10351,MA_TO_CO_JA,E1546,4,1,0.71
P10352,MA_TO_CO_JA,E1547,4,1,0.64
P10353,MA_ROTA,E1548,4,1,2.38
P10354,MA_TO_CO_JA,E1549,4,1,0.77
P10355,MA_TO_CO_JA,E1549,4,1,1.41
P10357,CS_BT_NIM,E1550,4,1,0.44
P10358,CS_BT_NIM,E1550,4,1,0.37
P10359,IG_TUT,E1550,4,1,0.9
P10360,MA_ROTA,E1551,3,2,0.43
P10361,MA_ROTA,E1551,3,2,0.5
P10363,MA_ROTA,E1551,3,2,1.18
P10364,MA_ROTA,E1551,3,2,0.76
P10365,MA_ROTA,E1551,3,2,0.32
P10366,MA_ROTA,E1551,3,2,1.11
P10368,MA_ROTA,E1551,3,2,0.9
P10369,MA_ROTA,E1551,3,2,1.67
P10371,MA_ROTA,E1551,3,2,2.64
P10373,BC_BT,E1552,4,1,2.98
P10374,IG_TUT,E1552,4,1,0.8
P10375,IG_TUT,E1552,4,1,0.59
P10376,IG_TUT,E1552,4,1,3.16
P10377,MA_TO_CO_JA,E1553,3,2,0.43
P10378,MA_TO_CO_JA,E1553,3,2,1.16
P10379,MA_TO_CO_JA,E1553,3,2,1.33
P10380,MA_TO_CO_JA,E1553,3,2,0.74
P10381,MA_TO_CO_JA,E1553,3,2,0.17
P10382,MA_TO_CO_JA,E1553,3,2,0.78
P10383,PN_PIQ,E1554,3,2,0.91
P10384,PN_PIQ,E1554,3,2,1.24
P10385,PN_PIQ,E1554,3,2,0.82
P10386,MA_ROTA,E1555,3,2,1.68
P10387,MA_ROTA,E1555,3,2,0.6
P10388,MA_ROTA,E1555,3,2,1.85
P10390,MA_ROTA,E1555,3,2,0.32
P10391,MA_ROTA,E1555,3,2,1.59
P10392,MA_ROTA,E1555,3,2,0.97
P10393,MA_ROTA,E1556,3,2,0.93
P10394,MA_ROTA,E1556,3,2,1.38
P10396,MA_ROTA,E1556,3,2,1.22
P10397,MA_ROTA,E1557,3,2,1.9
P10398,MA_ROTA,E1557,3,2,1.61
P10399,MA_ROTA,E1557,3,2,0.34
P10401,MA_ROTA,E1557,3,2,0.14
P10402,MA_ROTA,E1557,3,2,1.73
P10403,MA_ROTA,E1557,3,2,0.19
P10405,MA_ROTA,E1557,3,2,0.59
P10408,MA_ROTA,E1557,3,2,2.67
P10409,MA_ROTA,E1557,3,2,0.6
P10411,IG_PLA,E1558,3,2,1.8
P10413,JA,E1558,3,2,0.56
P10414,IG_PLA,E1558,3,2,0.13
P10415,IG_PLA,E1558,3,2,1.7
P10416,IG_PLA,E1558,3,2,0.56
P10417,IG_PLA,E1558,3,2,0.48
P10418,BA_IRR,E1558,3,2,1.54
P10419,MA_ROTA,E1559,3,2,1.85
P10420,MA_ROTA,E1559,3,2,0.74
P10421,IG_PLA,E1560,3,2,0.92
P10422,BC_GTMG,E1560,3,2,0.26
P10423,BC_GTMG,E1560,3,2,0.58
P10424,BC_GTMG,E1560,3,2,0.44
P10425,BC_GTMG,E1560,3,2,0.44
P10426,IG_PLA,E1560,3,2,0.91
P10427,IG_PLA,E1560,3,2,0.55
P10428,IG_PLA,E1560,3,2,0.69
P10429,BC_GTMG,E1560,3,2,0.76
P10430,IG_PLA,E1560,3,2,0.92
P10431,IG_PLA,E1560,3,2,0.23
P10432,MA_ROTA,E1561,3,2,0.95
P10433,MA_ROTA,E1561,3,2,0.88
P10434,MA_ROTA,E1561,3,2,0.38
P10437,MA_ROTA,E1562,3,2,0.98
P10438,PN_PIQ,E1563,3,2,0.52
P10439,PN_PIQ,E1563,3,2,0.99
P10440,BC_GTMG,E1563,3,2,0.68
P10441,BC_GTMG,E1563,3,2,0.26
P10442,PN_PIQ,E1564,3,2,6.69
P10444,PN_PIQ,E1564,3,2,1.64
P10446,MA_ROTA,E1566,3,2,0.62
P10447,MA_ROTA,E1566,3,2,0.75
P10448,IG_PLA,E1567,3,2,0.07
P10449,IG_PLA,E1567,3,2,2.33
P10450,IG_PLA,E1567,3,2,0.88
P10451,IG_PLA,E1567,3,2,1.44
P10452,IG_PLA,E1567,3,2,0.47
P10453,BC_GTMG,E1567,3,2,0.58
P10454,IG_PLA,E1567,3,2,0.28
P10455,IG_PLA,E1567,3,2,0.46
P10456,BC_GTMG,E1567,3,2,1.38
P10457,BC_GTMG,E1567,3,2,2.54
P10459,IG_PLA,E1567,3,2,0.7
P10460,IG_PLA,E1567,3,2,1.63
P10462,IG_PLA,E1567,3,2,0.56
P10463,IG_PLA,E1567,3,2,0.53
P10464,IG_PLA,E1567,3,2,0.79
P10465,MA_TO_CO_JA,E1568,4,1,2.77
P10466,MA_TO_CO_JA,E1568,4,1,0.86
P10467,MA_TO_CO_JA,E1568,4,1,3.52
P10468,MA_TO_CO_JA,E1568,4,1,1.8
P10469,MA_TO_CO_JA,E1568,4,1,0.44
P10470,MA_ROTA,E1569,3,2,0.97
P10471,MA_ROTA,E1569,2,2,1.5
P10472,MA_ROTA,E1569,3,2,1.4
P10473,MA_ROTA,E1569,3,2,1.57
P10475,MA_ROTA,E1569,3,2,3.83
P10476,MA_ROTA,E1569,2,2,1.69
P10477,MA_ROTA,E1569,2,2,1.45
P10478,MA_ROTA,E1569,2,2,1.34
P10479,MA_ROTA,E1569,2,2,3.54
P10481,MA_ROTA,E1569,2,2,2.06
P10482,MA_ROTA,E1569,2,2,0.82
P10483,MA_ROTA,E1569,3,2,1.44
P10484,MA_ROTA,E1570,2,2,1.2
P10485,MA_TO_CO_JA,E1571,4,1,2.32
P10486,MA_ROTA,E1572,2,2,0.89
P10487,MA_ROTA,E1572,2,2,2.17
P10488,MA_ROTA,E1572,2,2,2.81
P10489,MA_ROTA,E1572,2,2,0.18
P10490,MA_ROTA,E1572,2,2,2.79
P10491,MA_ROTA,E1572,2,2,3.62
P10492,MA_ROTA,E1573,3,2,0.29
P10493,MA_ROTA,E1573,3,2,0.35
P10494,MA_ROTA,E1573,3,2,1.17
P10495,MA_ROTA,E1573,3,2,1.63
P10496,MA_ROTA,E1573,3,2,1.01
P10498,MA_ROTA,E1573,3,2,0.58
P10499,MA_ROTA,E1573,3,2,2.0
P10500,MA_ROTA,E1573,3,2,1.83
P10501,MA_ROTA,E1573,3,2,0.81
P10502,MA_ROTA,E1573,3,2,1.21
P10504,MA_ROTA,E1573,3,2,0.65
P10505,MA_ROTA,E1574,2,2,0.58
P10507,MA_ROTA,E1574,2,2,0.79
P10508,MA_ROTA,E1575,2,2,0.51
P10509,MA_ROTA,E1575,2,2,2.11
P10510,MA_ROTA,E1575,2,2,3.27
P10511,MA_ROTA,E1575,2,2,0.56
P10512,IG_PLA,E1576,3,2,0.88
P10513,IG_PLA,E1576,3,2,0.99
P10514,BC_GTMG,E1576,3,2,0.04
P10515,BC_GTMG,E1576,3,2,0.31
P10516,IG_PLA,E1576,3,2,0.79
P10517,BC_GTMG,E1576,3,2,0.33
P10518,BC_GTMG,E1576,3,2,0.23
P10519,BC_GTMG,E1576,3,2,1.35
P10522,IG_PLA,E1576,3,2,1.71
P10523,PN_PIQ,E1577,4,1,0.58
P10524,PN_PIQ,E1577,4,1,2.81
P10525,PN_PIQ,E1577,4,1,0.13
P10526,PN_PIQ,E1577,4,1,0.5
P10527,PN_PIQ,E1577,4,1,0.6
P10528,PN_PIQ,E1577,4,1,0.17
P10529,MA_TO_CO_JA,E1578,4,1,0.95
P10530,MA_TO_CO_JA,E1578,4,1,1.78
P10531,MA_TO_CO_JA,E1578,4,1,1.78
P10532,MA_TO_CO_JA,E1578,4,1,1.27
P10533,PN_PIQ,E1579,4,1,0.62
P10534,PN_PIQ,E1579,4,1,0.27
P10535,PN_PIQ,E1579,4,1,0.41
P10536,PN_PIQ,E1579,4,1,0.96
P10537,PN_PIQ,E1579,4,1,0.7
P10538,PN_PIQ,E1579,4,1,0.14
P10539,PN_PIQ,E1579,4,1,1.37
P10540,PN_PIQ,E1579,4,1,0.98
P10541,PN_PIQ,E1579,4,1,0.18
P10542,PN_PIQ,E1580,4,1,1.28
P10543,PN_PIQ,E1580,4,1,0.31
P10544,PN_PIQ,E1580,4,1,0.42
P10545,PN_PIQ,E1580,4,1,0.91
P10546,IG_TUT,E1581,4,1,0.68
P10547,IG_TUT,E1581,4,1,0.41
P10548,PN_PIQ,E1581,4,1,0.58
P10549,PN_PIQ,E1582,3,2,1.07
P10551,PN_PIQ,E1582,3,2,0.39
P10552,PN_PIQ,E1582,3,2,1.42
P10553,PN_PIQ,E1582,3,2,2.3
P10554,MA_TO_CO_JA,E1583,7,3,0.19
P10555,MA_TO_CO_JA,E1583,7,3,0.3
P10556,MA_TO_CO_JA,E1583,7,3,0.13
P10557,MA_TO_CO_JA,E1583,7,3,0.35
P10558,PN_PIQ,E1584,7,3,1.12
P10559,PN_PIQ,E1584,7,3,0.18
P10560,PN_PIQ,E1584,7,3,0.38
P10561,PN_PIQ,E1584,7,3,0.51
P10562,IG_TUT,E1585,4,1,1.26
P10563,CS_BT_NIM,E1585,4,1,0.82
P10564,CS_BT_NIM,E1585,4,1,1.66
P10565,CS_BT_NIM,E1585,4,1,0.7
P10566,IG_TUT,E1585,4,1,0.39
P10567,IG_TUT,E1585,4,1,1.51
P10568,IG_TUT,E1585,4,1,1.07
P10569,IG_TUT,E1585,4,1,0.32
P10570,PN_PIQ,E1586,7,3,0.26
P10571,PN_PIQ,E1586,7,3,0.32
P10572,IG_PLA,E1586,7,3,0.63
P10573,PN_PIQ,E1587,7,3,1.06
P10574,PN_PIQ,E1587,7,3,0.19
P10575,PN_PIQ,E1587,7,3,0.27
P10576,PN_PIQ,E1587,7,3,0.87
P10577,PN_PIQ,E1587,7,3,0.45
P10578,PN_PIQ,E1587,7,3,0.43
P10579,PN_PIQ,E1588,7,3,0.9
P10580,PN_PIQ,E1588,7,3,0.94
P10581,PN_PIQ,E1588,7,3,0.28
P10582,PN_PIQ,E1588,7,3,0.51
P10583,PN_PIQ,E1588,7,3,0.89
P10584,PN_PIQ,E1588,7,3,0.36
P10585,PN_PIQ,E1589,7,3,2.13
P10586,PN_PIQ,E1589,7,3,2.26
P10587,IG_PLA,E1589,7,3,0.5
P10588,IG_PLA,E1589,7,3,4.61
P10589,PN_PIQ,E1589,7,3,1.53
P10590,MA_TO_CO_JA,E1590,7,3,0.58
P10591,IG_PLA,E1591,2,2,0.36
P10592,MA_ROTA,E1591,2,2,0.52
P10593,IG_PLA,E1591,2,2,0.53
P10594,MA_ROTA,E1591,2,2,0.27
P10595,IG_PLA,E1591,2,2,0.63
P10596,IG_PLA,E1591,2,2,0.56
P10597,IG_PLA,E1591,2,2,0.63
P10598,MA_ROTA,E1591,2,2,0.73
P10599,PN_PIQ,E1592,7,3,4.21
P10600,PN_PIQ,E1592,7,3,0.63
P10601,PN_PIQ,E1592,7,3,1.5
P10602,PN_PIQ,E1592,7,3,2.23
P10603,PN_PIQ,E1592,7,3,2.83
P10604,PN_PIQ,E1592,7,3,0.91
P10605,IG_PLA,E1593,7,3,1.1
P10606,PN_PIQ,E1593,7,3,0.99
P10607,IG_PLA,E1593,7,3,0.18
P10608,IG_PLA,E1593,7,3,0.15
P10609,MA_ROTA,E1594,4,1,1.51
P10610,MA_ROTA,E1594,4,1,1.01
P10612,PN_PIQ,E1595,2,2,0.4
P10613,PN_PIQ,E1595,2,2,0.5
P10614,PN_PIQ,E1595,2,2,0.93
P10615,MA_TO_CO_JA,E1596,7,3,0.67
P10616,MA_TO_CO_JA,E1596,7,3,0.47
P10617,MA_TO_CO_JA,E1596,7,3,0.48
P10618,MA_TO_CO_JA,E1597,7,3,0.42
P10619,MA_TO_CO_JA,E1597,7,3,0.55
P10620,MA_TO_CO_JA,E1597,7,3,0.46
P10621,MA_TO_CO_JA,E1598,7,3,0.97
P10623,MA_TO_CO_JA,E1599,6,1,0.33
P10624,MA_TO_CO_JA,E1599,6,1,0.19
P10625,MA_TO_CO_JA,E1599,6,1,0.2
P10626,MA_TO_CO_JA,E1599,6,1,0.16
P10627,MA_TO_CO_JA,E1599,6,1,0.26
P10628,MA_TO_CO_JA,E1599,6,1,0.66
P10629,MA_TO_CO_JA,E1599,6,1,0.08
P10630,MA_TO_CO_JA,E1599,6,1,0.2
P10631,MA_TO_CO_JA,E1599,6,1,0.11
P10632,MA_TO_CO_JA,E1600,7,3,0.23
P10633,MA_TO_CO_JA,E1600,7,3,0.13
P10634,MA_TO_CO_JA,E1600,7,3,0.22
P10635,MA_TO_CO_JA,E1601,7,3,0.93
P10636,MA_TO_CO_JA,E1601,7,3,0.32
P10637,MA_TO_CO_JA,E1601,7,3,0.49
P10638,MA_TO_CO_JA,E1601,7,3,0.29
P10639,MA_TO_CO_JA,E1601,7,3,0.92
P10640,PN_PIQ,E1602,7,3,0.51
P10641,PN_PIQ,E1602,7,3,3.16
P10642,PN_PIQ,E1602,7,3,2.6
P10643,PN_PIQ,E1603,7,3,0.64
P10644,PN_PIQ,E1603,7,3,1.08
P10645,IG_PLA,E1603,7,3,0.44
P10646,IG_PLA,E1603,7,3,0.71
P10647,IG_PLA,E1603,7,3,2.16
P10648,IG_PLA,E1603,7,3,0.17
P10649,PN_PIQ,E1603,7,3,1.07
P10650,PN_PIQ,E1604,7,3,0.39
P10651,PN_PIQ,E1604,7,3,0.15
P10652,PN_PIQ,E1604,7,3,0.19
P10653,PN_PIQ,E1604,7,3,0.5
P10654,PN_PIQ,E1604,7,3,0.33
P10655,PN_PIQ,E1604,7,3,0.31
P10656,PN_PIQ,E1605,7,3,1.44
P10657,PN_PIQ,E1605,7,3,1.91
P10658,PN_PIQ,E1605,7,3,1.65
P10659,PN_PIQ,E1605,7,3,0.35
P10660,IG_PLA,E1606,7,3,0.27
P10661,IG_PLA,E1606,7,3,0.57
P10662,PN_PIQ,E1606,7,3,0.57
P10663,IG_PLA,E1606,7,3,0.24
P10664,PN_PIQ,E1607,7,3,0.77
P10665,PN_PIQ,E1607,7,3,1.5
P10666,PN_PIQ,E1607,7,3,0.36
P10667,MA_ROTA,E1608,4,1,1.09
P10668,MA_ROTA,E1608,4,1,1.06
P10669,MA_ROTA,E1608,4,1,0.32
P10670,MA_ROTA,E1608,4,1,0.11
P10671,MA_ROTA,E1608,4,1,2.13
P10672,MA_ROTA,E1608,4,1,2.65
P10673,MA_ROTA,E1608,4,1,0.93
P10674,MA_TO_CO_JA,E1608,4,1,1.18
P10676,MA_ROTA,E1609,7,3,0.36
P10677,MA_TO_CO_JA,E1609,7,3,0.4
P10678,MA_TO_CO_JA,E1609,7,3,0.49
P10679,MA_TO_CO_JA,E1609,7,3,0.39
P10680,MA_TO_CO_JA,E1610,7,3,0.32
P10681,MA_TO_CO_JA,E1610,7,3,0.45
P10682,MA_TO_CO_JA,E1610,7,3,0.29
P10683,MA_TO_CO_JA,E1611,7,3,0.23
P10684,PN_PIQ,E1612,7,3,1.14
P10685,PN_PIQ,E1612,7,3,1.31
P10686,PN_PIQ,E1613,7,3,0.5
P10687,PN_PIQ,E1613,7,3,0.39
P10688,PN_PIQ,E1613,7,3,0.09
P10689,PN_PIQ,E1613,7,3,0.11
P10690,PN_PIQ,E1613,7,3,0.21
P10691,PN_PIQ,E1613,7,3,0.1
P10692,PN_PIQ,E1613,7,3,0.79
P10693,PN_PIQ,E1613,7,3,0.32
P10694,PN_PIQ,E1613,7,3,0.67
P10695,BC_GTMG,E1613,7,3,0.31
P10696,PN_PIQ,E1613,7,3,0.21
P10697,PN_PIQ,E1613,7,3,0.87
P10698,PN_PIQ,E1614,7,3,1.29
P10699,PN_PIQ,E1614,7,3,0.56
P10700,PN_PIQ,E1614,7,3,0.58
P10701,PN_PIQ,E1614,7,3,0.84
P10702,PN_PIQ,E1614,7,3,2.68
P10703,PN_PIQ,E1614,7,3,1.03
P10704,MA_TO_CO_JA,E1615,7,3,1.99
P10705,MA_TO_CO_JA,E1615,7,3,0.57
P10706,MA_TO_CO_JA,E1615,7,3,0.72
P10707,MA_ROTA,E1616,1,2,0.22
P10708,MA_ROTA,E1616,1,2,0.86
P10709,MA_ROTA,E1616,1,2,1.82
P10710,MA_ROTA,E1616,1,2,1.97
P10711,MA_ROTA,E1616,1,2,0.96
P10712,MA_ROTA,E1616,1,2,1.54
P10713,MA_ROTA,E1616,1,2,0.44
P10714,MA_ROTA,E1616,3,2,8.97
P10715,PN_PIQ,E1617,7,3,0.17
P10716,PN_PIQ,E1617,7,3,0.44
P10717,PN_PIQ,E1617,7,3,0.63
P10718,PN_PIQ,E1617,7,3,0.45
P10719,PN_PIQ,E1617,7,3,0.41
P10720,PN_PIQ,E1617,7,3,0.18
P10721,PN_PIQ,E1617,7,3,0.76
P10722,PN_PIQ,E1617,7,3,1.23
P10723,MA_TO_CO_JA,E1618,4,1,0.92
P10724,MA_TO_CO_JA,E1618,4,1,1.57
P10725,MA_TO_CO_JA,E1619,4,1,0.82
P10726,MA_TO_CO_JA,E1619,4,1,0.9
P10727,PN_PIQ,E1620,4,1,0.64
P10728,PN_PIQ,E1620,4,1,0.21
P10729,PN_PIQ,E1620,4,1,0.47
P10730,PN_PIQ,E1620,4,1,0.56
P10731,PN_PIQ,E1620,4,1,1.5
P10732,PN_PIQ,E1620,4,1,0.6
P10733,PN_PIQ,E1620,4,1,0.07
P10734,PN_PIQ,E1621,7,3,0.45
P10735,PN_PIQ,E1621,7,3,0.72
P10736,IG_PLA,E1621,7,3,0.88
P10737,PN_PIQ,E1621,7,3,0.35
P10738,IG_PLA,E1621,7,3,0.94
P10739,IG_PLA,E1621,7,3,0.67
P10740,PN_PIQ,E1621,7,3,0.58
P10741,MA_TO_CO_JA,E1622,7,3,0.54
P10742,MA_TO_CO_JA,E1622,7,3,0.53
P10743,MA_TO_CO_JA,E1622,7,3,0.57
P10744,MA_TO_CO_JA,E1622,7,3,0.17
P10745,MA_TO_CO_JA,E1622,7,3,0.22
P10746,MA_TO_CO_JA,E1623,7,3,0.34
P10747,MA_TO_CO_JA,E1623,7,3,0.25
P10748,PN_PIQ,E1624,7,3,0.19
P10749,PN_PIQ,E1624,7,3,0.82
P10750,PN_PIQ,E1624,7,3,0.41
P10751,PN_PIQ,E1624,7,3,0.37
P10752,MA_TO_CO_JA,E1625,4,1,2.3
P10753,MA_TO_CO_JA,E1625,4,1,1.47
P10754,CS_BT_NIM,E1626,4,1,2.22
P10755,IG_TUT,E1626,4,1,0.62
P10756,MA_TO_CO_JA,E1627,7,3,0.79
P10758,MA_TO_CO_JA,E1627,7,3,1.02
P10759,PN_PIQ,E1628,7,3,0.83
P10760,PN_PIQ,E1628,7,3,0.13
P10761,PN_PIQ,E1628,7,3,0.08
P10762,PN_PIQ,E1628,7,3,0.3
P10763,PN_PIQ,E1628,7,3,0.18
P10764,PN_PIQ,E1628,7,3,0.91
P10765,PN_PIQ,E1628,7,3,0.36
P10766,PN_PIQ,E1628,7,3,0.7
P10767,PN_PIQ,E1628,7,3,0.61
P10768,PN_PIQ,E1629,7,3,0.12
P10769,PN_PIQ,E1629,7,3,0.43
P10770,MA_TO_CO_JA,E1630,7,3,0.51
P10771,PN_PIQ,E1631,7,3,1.01
P10772,PN_PIQ,E1631,7,3,1.33
P10773,MA_TO_CO_JA,E1632,7,3,0.18
P10774,MA_TO_CO_JA,E1632,7,3,0.2
P10775,MA_TO_CO_JA,E1632,7,3,0.1
P10776,MA_TO_CO_JA,E1632,7,3,0.03
P10777,MA_TO_CO_JA,E1632,7,3,0.16
P10778,MA_TO_CO_JA,E1632,7,3,0.15
P10779,MA_TO_CO_JA,E1632,7,3,0.08
P10780,IG_PLA,E1633,3,2,1.86
P10781,BC_GTMG,E1633,3,2,2.82
P10782,BC_GTMG,E1633,3,2,3.28
P10783,IG_PLA,E1633,3,2,0.28
P10785,IG_PLA,E1633,3,2,0.51
P10786,PN_PIQ,E1634,7,3,0.6
P10787,PN_PIQ,E1634,4,1,2.58
P10788,PN_PIQ,E1635,7,3,0.27
P10789,PN_PIQ,E1635,7,3,0.88
P10790,PN_PIQ,E1635,7,3,0.32
P10791,PN_PIQ,E1635,7,3,1.02
P10792,MA_TO_CO_JA,E1636,7,3,0.23
P10793,MA_TO_CO_JA,E1637,7,3,0.05
P10795,MA_TO_CO_JA,E1637,7,3,0.13
P10796,MA_TO_CO_JA,E1637,7,3,0.29
P10797,MA_TO_CO_JA,E1637,7,3,0.9
P10798,MA_TO_CO_JA,E1637,7,3,0.29
P10799,MA_TO_CO_JA,E1637,7,3,0.32
P10800,MA_TO_CO_JA,E1637,7,3,0.56
P10801,MA_TO_CO_JA,E1638,7,3,1.73
P10802,MA_TO_CO_JA,E1638,7,3,0.94
P10803,IG_PLA,E1639,7,3,0.88
P10804,PN_PIQ,E1639,7,3,0.81
P10805,IG_PLA,E1639,7,3,0.28
P10806,IG_PLA,E1639,7,3,0.4
P10807,MA_TO_CO_JA,E1640,7,3,0.61
P10808,PN_PIQ,E1641,7,3,0.07
P10809,PN_PIQ,E1641,7,3,0.71
P10810,PN_PIQ,E1641,7,3,1.72
P10811,PN_PIQ,E1642,7,3,0.75
P10812,PN_PIQ,E1642,7,3,0.35
P10813,PN_PIQ,E1642,7,3,0.39
P10814,PN_PIQ,E1642,7,3,0.22
P10815,PN_PIQ,E1642,7,3,0.24
P10816,MA_TO_CO_JA,E1643,7,3,0.52
P10817,MA_TO_CO_JA,E1643,7,3,1.05
P10818,PN_PIQ,E1644,7,3,0.42
P10819,PN_PIQ,E1644,7,3,0.46
P10820,IG_PLA,E1645,7,3,1.15
P10821,PN_PIQ,E1645,7,3,0.67
P10822,PN_PIQ,E1645,7,3,0.32
P10823,IG_PLA,E1646,7,3,0.19
P10824,PN_PIQ,E1646,7,3,0.29
P10825,IG_PLA,E1646,7,3,0.24
P10826,PN_PIQ,E1646,7,3,0.27
P10827,IG_PLA,E1646,7,3,0.33
P10828,IG_PLA,E1646,7,3,0.06
P10829,BC_GTMG,E1647,2,2,1.11
P10830,BC_GTMG,E1647,1,2,0.03
P10831,BC_GTMG,E1647,2,2,1.01
P10832,BC_GTMG,E1647,1,2,0.51
P10833,BC_GTMG,E1647,1,2,1.22
P10834,MA_TO_CO_JA,E1648,7,3,2.97
P10835,PN_PIQ,E1649,7,3,0.48
P10836,PN_PIQ,E1649,7,3,0.56
P10837,PN_PIQ,E1649,7,3,0.22
P10838,PN_PIQ,E1649,7,3,0.86
P10839,PN_PIQ,E1649,7,3,2.02
P10840,PN_PIQ,E1649,7,3,0.3
P10841,PN_PIQ,E1649,7,3,1.11
P10842,PN_PIQ,E1649,7,3,0.57
P10843,MA_TO_CO_JA,E1650,7,3,1.66
P10844,MA_TO_CO_JA,E1651,6,1,0.47
P10845,MA_TO_CO_JA,E1652,7,3,0.81
P10846,MA_TO_CO_JA,E1652,7,3,1.91
P10847,MA_ROTA,E1653,3,2,1.07
P10848,MA_ROTA,E1653,3,2,0.25
P10849,MA_ROTA,E1653,3,2,0.3
P10850,MA_ROTA,E1653,3,2,0.64
P10851,MA_ROTA,E1653,3,2,0.29
P10852,MA_ROTA,E1653,3,2,0.62
P10853,MA_ROTA,E1653,3,2,1.12
P10854,MA_ROTA,E1653,3,2,0.57
P10855,MA_ROTA,E1653,3,2,0.34
P10856,IG_PLA,E1654,7,3,0.53
P10857,PN_PIQ,E1654,7,3,0.52
P10858,IG_PLA,E1654,7,3,0.21
P10859,MA_TO_CO_JA,E1655,7,3,1.07
P10860,MA_TO_CO_JA,E1655,7,3,0.22
P10861,PN_PIQ,E1656,7,3,0.45
P10862,PN_PIQ,E1656,7,3,0.5
P10863,PN_PIQ,E1657,7,3,0.33
P10864,PN_PIQ,E1657,7,3,0.48
P10865,IG_PLA,E1658,7,3,0.31
P10866,PN_PIQ,E1658,7,3,0.28
P10867,PN_PIQ,E1658,7,3,0.14
P10868,IG_PLA,E1658,7,3,0.36
P10869,PN_PIQ,E1658,7,3,0.09
P10870,PN_PIQ,E1659,7,3,0.26
P10871,PN_PIQ,E1659,7,3,1.65
P10872,PN_PIQ,E1659,7,3,0.28
P10873,PN_PIQ,E1659,7,3,0.2
P10874,PN_PIQ,E1660,7,3,0.82
P10875,PN_PIQ,E1660,7,3,0.74
P10876,PN_PIQ,E1661,7,3,0.42
P10877,PN_PIQ,E1661,7,3,0.45
P10878,MA_TO_CO_JA,E1662,7,3,0.74
P10879,MA_TO_CO_JA,E1662,7,3,0.7
P10880,MA_TO_CO_JA,E1662,7,3,0.1
P10881,MA_TO_CO_JA,E1662,7,3,1.63
P10882,MA_TO_CO_JA,E1662,7,3,1.3
P10883,MA_TO_CO_JA,E1662,7,3,1.66
P10884,PN_PIQ,E1663,7,3,1.97
P10885,PN_PIQ,E1663,7,3,0.31
P10886,PN_PIQ,E1663,7,3,0.75
P10887,MA_TO_CO_JA,E1664,7,3,0.46
P10888,MA_TO_CO_JA,E1664,7,3,0.36
P10889,MA_TO_CO_JA,E1664,7,3,0.58
P10890,MA_ROTA,E1665,2,2,2.05
P10891,MA_TO_CO_JA,E1665,4,1,1.4
P10892,MA_TO_CO_JA,E1665,7,3,2.04
P10893,MA_TO_CO_JA,E1665,4,1,2.68
P10894,MA_TO_CO_JA,E1665,7,3,0.66
P10895,MA_ROTA,E1665,3,2,3.42
P10896,MA_ROTA,E1665,4,1,1.19
P10897,MA_TO_CO_JA,E1665,4,1,2.21
P10898,MA_TO_CO_JA,E1665,4,1,2.73
P10899,MA_ROTA,E1665,3,2,1.9
P10900,MA_TO_CO_JA,E1665,4,1,0.95
P10901,MA_ROTA,E1665,2,2,3.87
P10902,MA_ROTA,E1665,2,2,3.06
P10903,MA_ROTA,E1665,4,1,3.1
P10904,MA_ROTA,E1665,4,1,1.17
P10905,MA_TO_CO_JA,E1665,7,3,1.15
P10906,MA_TO_CO_JA,E1665,7,3,0.47
P10907,MA_ROTA,E1665,4,1,0.7
P10908,MA_ROTA,E1665,4,1,0.91
P10909,MA_TO_CO_JA,E1665,7,3,1.48
P10910,MA_ROTA,E1665,4,1,0.14
P10911,MA_ROTA,E1665,4,1,0.52
P10912,MA_ROTA,E1665,3,2,1.69
P10913,MA_TO_CO_JA,E1665,3,2,3.07
P10914,MA_ROTA,E1665,4,1,0.03
P10915,MA_ROTA,E1665,4,1,0.25
P10916,MA_TO_CO_JA,E1665,7,3,1.69
P10917,MA_ROTA,E1665,3,2,3.09
P10918,MA_ROTA,E1665,2,2,1.09
P10919,MA_ROTA,E1665,2,2,4.65
P10920,MA_ROTA,E1665,2,2,3.14
P10921,MA_TO_CO_JA,E1665,3,2,4.53
P10922,MA_ROTA,E1665,3,2,0.97
P10923,MA_ROTA,E1665,4,1,0.52
P10924,MA_ROTA,E1665,4,1,0.29
P10925,MA_ROTA,E1665,3,2,2.2
P10926,MA_ROTA,E1665,4,1,0.3
P10927,MA_TO_CO_JA,E1665,7,3,1.91
P10928,MA_ROTA,E1665,3,2,4.53
P10929,MA_TO_CO_JA,E1665,4,1,2.87
P10930,MA_TO_CO_JA,E1665,7,3,0.4
P10931,MA_TO_CO_JA,E1666,2,2,3.01
P10932,MA_TO_CO_JA,E1666,2,2,0.62
P10933,MA_ROTA,E1666,2,2,0.06
P10934,MA_TO_CO_JA,E1667,7,3,0.77
P10935,MA_TO_CO_JA,E1667,7,3,0.95
P10936,MA_ROTA,E1667,7,3,0.09
P10937,MA_TO_CO_JA,E1667,7,3,0.23
P10938,MA_TO_CO_JA,E1668,2,2,1.51
P10939,MA_ROTA,E1669,3,2,0.4
P10940,MA_ROTA,E1669,3,2,0.49
P10941,MA_ROTA,E1669,3,2,0.82
P10942,MA_ROTA,E1669,3,2,1.45
P10944,MA_ROTA,E1669,3,2,1.27
P10945,MA_ROTA,E1670,2,2,0.98
P10946,MA_ROTA,E1670,2,2,0.82
P10947,MA_ROTA,E1670,2,2,0.9
P10948,MA_ROTA,E1670,2,2,1.0
P10949,MA_ROTA,E1670,2,2,1.04
P10951,MA_ROTA,E1671,3,2,5.09
P10952,MA_TO_CO_JA,E1672,3,2,0.25
P10953,MA_TO_CO_JA,E1672,3,2,1.32
P10954,MA_ROTA,E1673,3,2,1.82
P10955,MA_TO_CO_JA,E1673,3,2,0.05
P10956,MA_TO_CO_JA,E1673,3,2,0.66
P10957,MA_ROTA,E1673,3,2,1.72
P10958,MA_TO_CO_JA,E1673,3,2,0.13
P10959,MA_ROTA,E1674,2,2,0.65
P10960,MA_ROTA,E1674,2,2,0.39
P10961,MA_ROTA,E1674,2,2,0.34
P10962,MA_ROTA,E1674,2,2,0.38
P10963,MA_ROTA,E1674,2,2,0.39
P10964,MA_TO_CO_JA,E1675,4,1,2.02
P10965,MA_ROTA,E1676,3,2,4.02
P10966,MA_ROTA,E1676,3,2,1.88
P10967,MA_ROTA,E1676,3,2,1.98
P10968,IG_PLA,E1677,3,2,0.43
P10969,IG_PLA,E1677,3,2,0.79
P10970,IG_PLA,E1677,3,2,0.6
P10971,IG_PLA,E1677,3,2,0.15
P10972,IG_PLA,E1677,3,2,0.15
P10974,BC_GTMG,E1677,3,2,0.19
P10975,BC_GTMG,E1677,3,2,0.22
P10976,IG_PLA,E1677,3,2,0.16
P10981,IG_PLA,E1677,3,2,0.67
P10982,IG_PLA,E1677,3,2,0.75
P10984,IG_PLA,E1677,3,2,1.64
P10985,BC_GTMG,E1677,3,2,1.61
P10987,IG_PLA,E1677,3,2,0.43
P10988,BC_GTMG,E1678,3,2,0.65
P10989,IG_PLA,E1678,3,2,1.78
P10990,IG_PLA,E1678,3,2,0.61
P10991,BC_GTMG,E1678,3,2,0.69
P10992,IG_PLA,E1678,3,2,0.25
P10993,IG_PLA,E1678,3,2,0.09
P10994,IG_PLA,E1678,3,2,3.84
P10995,BC_GTMG,E1678,3,2,1.07
P10996,BC_GTMG,E1678,3,2,1.87
P10997,IG_TUT,E1679,4,1,1.34
P10998,PN_PIQ,E1679,4,1,0.78
P11000,PN_PIQ,E1680,7,3,1.64
P11001,IG_PLA,E1680,7,3,2.14
P11002,IG_PLA,E1680,7,3,1.79
P11003,IG_PLA,E1680,7,3,0.55
P11004,IG_PLA,E1680,7,3,1.84
P11005,PN_PIQ,E1680,7,3,2.73
P11006,IG_PLA,E1680,7,3,0.99
P11007,IG_PLA,E1680,7,3,2.47
P11008,PN_PIQ,E1680,7,3,0.44
P11009,PN_PIQ,E1680,7,3,0.4
P11010,PN_PIQ,E1680,7,3,0.35
P11011,PN_PIQ,E1680,7,3,0.1
P11012,PN_PIQ,E1681,7,3,1.1
P11013,PN_PIQ,E1681,7,3,1.0
P11014,IG_PLA,E1682,3,2,2.31
P11015,BC_GTMG,E1682,3,2,0.8
P11016,IG_PLA,E1682,3,2,0.62
P11017,BC_GTMG,E1682,3,2,0.81
P11018,BA_INT,E1683,5,1,0.15
P11019,BA_INT,E1683,5,1,0.8
P11020,MA_ROTA,E1683,5,1,0.55
P11021,JA,E1683,5,1,0.19
P11022,MA_ROTA,E1683,5,1,0.28
P11023,BA_INT,E1683,5,1,0.42
P11024,MA_ROTA,E1683,5,1,0.42
P11025,JA,E1683,5,1,0.28
P11026,MA_ROTA,E1684,4,1,0.93
P11027,MA_TO_CO_JA,E1684,4,1,1.1
P11028,AN_PA,E1685,4,1,0.22
P11029,IG_TUT,E1685,4,1,3.02
P11030,AN_PA,E1685,4,1,4.75
P11032,AN_PA,E1685,4,1,0.36
P11033,AN_PA,E1685,4,1,0.67
P11034,BC_GTMG,E1686,3,2,0.63
P11035,BC_GTMG,E1686,3,2,0.48
P11036,PN_PIQ,E1687,2,2,0.64
P11037,PN_PIQ,E1687,2,2,1.11
P11038,PN_PIQ,E1687,2,2,0.7
P11039,PN_PIQ,E1687,2,2,0.38
P11041,MA_ROTA,E1688,3,2,2.33
P11042,MA_ROTA,E1689,2,2,0.34
P11043,MA_ROTA,E1689,2,2,0.63
P11044,MA_ROTA,E1689,2,2,0.66
P11045,MA_ROTA,E1689,2,2,0.67
P11046,MA_ROTA,E1689,2,2,0.36
P11047,MA_ROTA,E1689,2,2,0.44
P11048,PN_PIQ,E1690,7,3,1.19
P11049,PN_PIQ,E1690,7,3,1.37
P11050,PN_PIQ,E1690,7,3,0.51
P11051,PN_PIQ,E1690,7,3,0.36
P11052,MA_ROTA,E1691,2,2,0.65
P11053,MA_ROTA,E1691,2,2,8.1
P11054,PN_PIQ,E1692,7,3,0.64
P11055,PN_PIQ,E1692,7,3,0.49
P11056,PN_PIQ,E1692,7,3,0.51
P11057,PN_PIQ,E1692,7,3,0.2
P11058,PN_PIQ,E1692,7,3,0.35
P11059,PN_PIQ,E1692,7,3,0.75
P11060,MA_TO_CO_JA,E1693,7,3,0.19
P11061,MA_TO_CO_JA,E1693,7,3,0.97
P11062,PN_PIQ,E1694,7,3,0.91
P11063,PN_PIQ,E1694,7,3,0.44
P11064,PN_PIQ,E1694,7,3,0.14
P11065,PN_PIQ,E1694,7,3,0.68
P11066,MA_TO_CO_JA,E1695,6,1,0.67
P11067,MA_TO_CO_JA,E1695,6,1,0.19
P11068,MA_TO_CO_JA,E1696,6,1,0.73
P11069,MA_ROTA,E1697,3,2,3.69
P11070,MA_ROTA,E1697,3,2,2.23
P11074,MA_ROTA,E1697,3,2,1.1
P11075,MA_TO_CO_JA,E1698,6,1,0.71
P11076,MA_ROTA,E1699,3,2,1.23
P11078,MA_ROTA,E1699,3,2,0.69
P11079,MA_ROTA,E1699,3,2,0.78
P11081,MA_ROTA,E1699,3,2,0.26
P11082,MA_ROTA,E1699,3,2,2.23
P11083,MA_ROTA,E1699,3,2,0.21
P11084,MA_ROTA,E1699,3,2,0.41
P11085,MA_ROTA,E1699,3,2,2.56
P11086,MA_ROTA,E1699,3,2,1.2
P11087,MA_ROTA,E1699,3,2,0.32
P11088,MA_ROTA,E1699,3,2,0.55
P11089,MA_ROTA,E1699,3,2,0.14
P11090,MA_ROTA,E1699,3,2,0.3
P11093,MA_ROTA,E1699,3,2,0.46
P11095,MA_ROTA,E1699,3,2,1.06
P11096,MA_ROTA,E1699,3,2,0.53
P11097,MA_ROTA,E1699,3,2,1.38
P11098,MA_ROTA,E1699,3,2,0.47
P11099,MA_ROTA,E1699,3,2,0.19
P11101,MA_ROTA,E1699,3,2,0.16
P11104,MA_TO_CO_JA,E1700,7,3,1.1
P11105,MA_TO_CO_JA,E1700,7,3,2.57
P11106,MA_TO_CO_JA,E1700,7,3,7.44
P11107,MA_TO_CO_JA,E1700,7,3,2.92
P11108,MA_TO_CO_JA,E1700,7,3,0.9
P11109,MA_TO_CO_JA,E1700,7,3,3.01
P11110,MA_TO_CO_JA,E1700,7,3,0.78
P11111,MA_TO_CO_JA,E1700,7,3,3.28
P11112,MA_TO_CO_JA,E1700,7,3,0.79
P11113,MA_TO_CO_JA,E1700,7,3,1.85
P11114,MA_TO_CO_JA,E1700,7,3,1.5
P11115,MA_TO_CO_JA,E1700,7,3,5.21
P11116,MA_TO_CO_JA,E1700,7,3,4.36
P11117,MA_TO_CO_JA,E1700,7,3,1.07
P11118,MA_TO_CO_JA,E1700,7,3,2.25
P11119,MA_TO_CO_JA,E1700,7,3,0.49
P11120,MA_TO_CO_JA,E1700,7,3,1.16
P11121,MA_TO_CO_JA,E1700,7,3,2.23
P11122,MA_TO_CO_JA,E1700,7,3,3.29
P11123,MA_TO_CO_JA,E1700,7,3,0.43
P11124,MA_TO_CO_JA,E1700,7,3,0.86
P11125,MA_TO_CO_JA,E1700,7,3,1.58
P11126,MA_TO_CO_JA,E1700,7,3,1.9
P11127,MA_TO_CO_JA,E1700,7,3,3.53
P11128,MA_ROTA,E1701,2,2,1.44
P11129,MA_ROTA,E1701,2,2,3.15
P11130,MA_ROTA,E1701,2,2,0.79
P11131,MA_ROTA,E1701,2,2,10.23
P11132,MA_ROTA,E1701,3,2,2.67
P11133,MA_ROTA,E1701,3,2,2.87
P11136,MA_ROTA,E1701,2,2,1.09
P11137,MA_ROTA,E1701,2,2,1.37
P11143,MA_ROTA,E1701,2,2,2.85
P11144,MA_ROTA,E1701,2,2,0.61
P11145,MA_TO_CO_JA,E1702,7,3,0.65
P11146,MA_TO_CO_JA,E1702,7,3,0.84
P11147,MA_TO_CO_JA,E1702,7,3,0.42
P11148,MA_TO_CO_JA,E1702,7,3,0.64
P11149,MA_TO_CO_JA,E1702,7,3,0.17
P11150,MA_TO_CO_JA,E1702,7,3,0.46
P11151,MA_TO_CO_JA,E1702,7,3,0.39
P11152,PN_PIQ,E1703,3,2,0.72
P11153,PN_PIQ,E1703,3,2,0.24
P11154,PN_PIQ,E1703,3,2,0.34
P11155,PN_PIQ,E1703,3,2,0.27
P11156,PN_PIQ,E1703,3,2,0.36
P11157,PN_PIQ,E1703,3,2,0.2
P11158,PN_PIQ,E1704,5,1,0.83
P11159,PN_PIQ,E1704,5,1,0.86
P11160,PN_PIQ,E1704,5,1,0.08
P11161,PN_PIQ,E1704,5,1,0.35
P11162,BC_GTMG,E1705,2,2,2.24
P11163,BC_GTMG,E1705,2,2,2.48
P11164,PN_PIQ,E1706,4,1,1.23
P11165,PN_PIQ,E1706,4,1,0.5
P11166,PN_PIQ,E1707,7,3,0.91
P11167,IG_PLA,E1707,7,3,0.96
P11168,IG_PLA,E1707,7,3,0.14
P11169,IG_PLA,E1707,7,3,0.32
P11170,PN_PIQ,E1707,7,3,0.43
P11171,IG_PLA,E1707,7,3,0.17
P11172,IG_PLA,E1707,7,3,0.16
P11173,IG_PLA,E1707,7,3,0.16
P11174,IG_PLA,E1708,7,3,0.66
P11175,PN_PIQ,E1708,7,3,0.71
P11176,IG_PLA,E1708,7,3,0.62
P11177,MA_TO_CO_JA,E1709,7,3,1.05
P11178,MA_TO_CO_JA,E1709,7,3,0.19
P11179,MA_TO_CO_JA,E1709,7,3,0.14
P11180,MA_TO_CO_JA,E1710,7,3,0.61
P11181,PN_PIQ,E1711,7,3,1.11
P11182,PN_PIQ,E1711,7,3,0.73
P11183,PN_PIQ,E1711,7,3,2.74
P11184,PN_PIQ,E1711,7,3,0.45
P11185,PN_PIQ,E1712,7,3,1.09
P11186,BC_GTMG,E1712,7,3,0.22
P11187,PN_PIQ,E1712,7,3,0.93
P11188,PN_PIQ,E1712,7,3,0.75
P11189,IG_PLA,E1713,7,3,0.83
P11190,PN_PIQ,E1713,7,3,0.45
P11193,MA_ROTA,E1714,3,2,0.65
P11196,MA_ROTA,E1714,3,2,0.67
P11200,IG_PLA,E1715,3,2,2.41
P11201,BC_GTMG,E1715,3,2,0.22
P11202,BC_GTMG,E1715,3,2,1.29
P11203,IG_PLA,E1715,3,2,0.56
P11204,IG_PLA,E1715,3,2,0.94
P11205,BC_GTMG,E1715,3,2,1.38
P11206,IG_PLA,E1715,3,2,1.11
P11207,IG_PLA,E1715,3,2,1.88
P11208,IG_PLA,E1715,3,2,1.34
P11209,IG_PLA,E1715,3,2,0.72
P11210,IG_PLA,E1715,3,2,2.45
P11211,BC_GTMG,E1715,3,2,3.55
P11212,PN_PIQ,E1716,7,3,0.62
P11213,PN_PIQ,E1716,7,3,0.72
P11214,PN_PIQ,E1716,7,3,0.51
P11215,PN_PIQ,E1716,7,3,0.41
P11216,PN_PIQ,E1717,7,3,0.35
P11217,IG_PLA,E1717,7,3,0.35
P11218,IG_PLA,E1717,7,3,0.45
P11219,PN_PIQ,E1717,7,3,0.44
P11220,IG_PLA,E1718,7,3,0.6
P11221,IG_PLA,E1718,7,3,0.19
P11222,PN_PIQ,E1718,7,3,0.65
P11223,PN_PIQ,E1718,7,3,0.54
P11224,IG_PLA,E1718,7,3,0.48
P11225,PN_PIQ,E1718,7,3,0.35
P11226,IG_PLA,E1718,7,3,0.41
P11227,IG_PLA,E1718,7,3,0.33
P11228,IG_PLA,E1718,7,3,0.38
P11229,PN_PIQ,E1719,7,3,0.92
P11230,PN_PIQ,E1719,7,3,0.73
P11231,PN_PIQ,E1719,7,3,0.94
P11232,PN_PIQ,E1719,7,3,0.71
P11233,MA_TO_CO_JA,E1720,7,3,0.46
P11234,MA_TO_CO_JA,E1720,7,3,0.28
P11235,PN_PIQ,E1721,7,3,0.77
P11236,PN_PIQ,E1721,7,3,0.86
P11237,PN_PIQ,E1721,7,3,0.65
P11238,PN_PIQ,E1721,7,3,1.25
P11239,PN_PIQ,E1721,7,3,0.46
P11240,PN_PIQ,E1722,7,3,0.56
P11241,PN_PIQ,E1722,7,3,0.48
P11242,PN_PIQ,E1722,7,3,0.54
P11244,PN_PIQ,E1722,7,3,0.38
P11245,PN_PIQ,E1722,7,3,2.01
P11246,PN_PIQ,E1722,7,3,0.54
P11247,PN_PIQ,E1722,7,3,0.55
P11248,MA_TO_CO_JA,E1723,7,3,0.59
P11249,MA_TO_CO_JA,E1723,7,3,0.39
P11250,MA_TO_CO_JA,E1723,7,3,0.38
P11251,MA_TO_CO_JA,E1724,7,3,0.58
P11252,MA_TO_CO_JA,E1725,7,3,1.09
P11253,PN_PIQ,E1726,7,3,0.21
P11254,PN_PIQ,E1726,7,3,0.21
P11255,PN_PIQ,E1726,7,3,0.74
P11256,PN_PIQ,E1726,7,3,0.28
P11257,PN_PIQ,E1726,7,3,0.1
P11258,PN_PIQ,E1727,7,3,0.34
P11259,PN_PIQ,E1727,7,3,0.44
P11260,PN_PIQ,E1727,7,3,0.38
P11261,PN_PIQ,E1727,7,3,1.63
P11262,PN_PIQ,E1727,7,3,0.12
P11263,MA_TO_CO_JA,E1728,7,3,0.67
P11264,PN_PIQ,E1729,7,3,0.48
P11265,IG_PLA,E1729,7,3,0.98
P11266,PN_PIQ,E1729,7,3,0.39
P11267,IG_PLA,E1729,7,3,0.1
P11268,MA_TO_CO_JA,E1730,7,3,1.38
P11269,IG_PLA,E1731,7,3,0.98
P11270,PN_PIQ,E1731,7,3,0.58
P11271,PN_PIQ,E1731,7,3,0.38
P11272,PN_PIQ,E1732,7,3,0.51
P11273,PN_PIQ,E1732,7,3,0.31
P11274,PN_PIQ,E1732,7,3,1.2
P11275,PN_PIQ,E1732,7,3,0.25
P11276,PN_PIQ,E1732,7,3,0.74
P11277,PN_PIQ,E1732,7,3,0.26
P11278,PN_PIQ,E1733,1,2,1.25
P11279,PN_PIQ,E1733,1,2,2.09
P11280,PN_PIQ,E1733,1,2,1.04
P11281,MA_TO_CO_JA,E1734,7,3,0.91
P11283,PN_PIQ,E1735,7,3,0.79
P11284,PN_PIQ,E1735,7,3,0.91
P11285,MA_TO_CO_JA,E1736,7,3,0.61
P11286,MA_TO_CO_JA,E1736,7,3,0.36
P11287,MA_ROTA,E1736,7,3,0.02
P11288,IG_PLA,E1737,7,3,0.15
P11289,PN_PIQ,E1737,7,3,1.09
P11290,PN_PIQ,E1738,7,3,0.82
P11291,PN_PIQ,E1738,7,3,0.89
P11292,MA_TO_CO_JA,E1739,7,3,0.99
P11293,PN_PIQ,E1740,7,3,0.21
P11294,PN_PIQ,E1740,7,3,0.11
P11295,IG_PLA,E1740,7,3,0.17
P11296,PN_PIQ,E1740,7,3,0.28
P11297,IG_PLA,E1740,7,3,0.28
P11298,PN_PIQ,E1741,7,3,0.91
P11299,PN_PIQ,E1741,7,3,1.23
P11300,PN_PIQ,E1742,7,3,1.33
P11301,PN_PIQ,E1742,7,3,2.77
P11302,MA_TO_CO_JA,E1743,7,3,1.34
P11303,MA_TO_CO_JA,E1743,7,3,0.44
P11304,MA_TO_CO_JA,E1743,7,3,0.71
P11305,MA_TO_CO_JA,E1743,7,3,0.28
P11306,MA_TO_CO_JA,E1744,7,3,0.79
P11307,MA_TO_CO_JA,E1744,7,3,0.71
P11308,MA_TO_CO_JA,E1744,7,3,0.68
P11309,PN_PIQ,E1745,7,3,0.7
P11310,IG_PLA,E1745,7,3,0.09
P11311,IG_PLA,E1745,7,3,0.78
P11312,IG_PLA,E1745,7,3,0.15
P11313,PN_PIQ,E1746,7,3,0.52
P11314,PN_PIQ,E1746,7,3,0.48
P11315,PN_PIQ,E1746,7,3,1.78
P11316,PN_PIQ,E1746,7,3,0.46
P11317,PN_PIQ,E1746,7,3,1.7
P11318,PN_PIQ,E1746,7,3,0.21
P11319,PN_PIQ,E1747,7,3,1.09
P11320,PN_PIQ,E1747,7,3,0.57
P11321,PN_PIQ,E1747,7,3,0.96
P11322,PN_PIQ,E1748,7,3,0.49
P11323,PN_PIQ,E1748,7,3,0.74
P11324,PN_PIQ,E1748,7,3,0.6
P11325,BC_GTMG,E1748,7,3,0.08
P11326,PN_PIQ,E1749,7,3,0.95
P11327,PN_PIQ,E1749,7,3,0.65
P11328,PN_PIQ,E1749,7,3,2.21
P11329,PN_PIQ,E1749,7,3,0.46
P11330,PN_PIQ,E1749,7,3,0.93
P11331,PN_PIQ,E1750,7,3,0.22
P11332,PN_PIQ,E1750,7,3,0.54
P11333,PN_PIQ,E1750,7,3,0.36
P11334,PN_PIQ,E1750,7,3,0.37
P11335,PN_PIQ,E1751,2,2,1.59
P11336,PN_PIQ,E1752,7,3,0.42
P11337,PN_PIQ,E1752,7,3,0.68
P11338,IG_PLA,E1752,7,3,0.85
P11339,IG_PLA,E1752,7,3,0.21
P11340,IG_PLA,E1752,7,3,0.41
P11341,PN_PIQ,E1753,7,3,0.28
P11342,PN_PIQ,E1753,7,3,0.3
P11343,PN_PIQ,E1753,7,3,1.15
P11344,PN_PIQ,E1753,7,3,0.36
P11345,PN_PIQ,E1753,7,3,0.57
P11346,PN_PIQ,E1753,7,3,0.93
P11347,PN_PIQ,E1753,7,3,1.67
P11348,MA_TO_CO_JA,E1754,7,3,0.56
P11350,IG_PLA,E1755,7,3,1.1
P11351,MA_ROTA,E1755,7,3,1.31
P11352,IG_PLA,E1755,7,3,0.44
P11353,PN_PIQ,E1756,7,3,2.42
P11354,PN_PIQ,E1756,7,3,0.53
P11355,PN_PIQ,E1757,7,3,0.69
P11356,PN_PIQ,E1757,7,3,1.17
P11357,PN_PIQ,E1757,7,3,0.41
P11360,PN_PIQ,E1757,7,3,1.06
P11361,PN_PIQ,E1757,7,3,0.5
P11362,PN_PIQ,E1757,7,3,0.33
P11363,PN_PIQ,E1757,7,3,0.79
P11364,PN_PIQ,E1757,7,3,0.31
P11365,MA_TO_CO_JA,E1758,7,3,0.58
P11366,MA_TO_CO_JA,E1758,7,3,1.03
P11367,MA_TO_CO_JA,E1758,7,3,0.74
P11369,MA_TO_CO_JA,E1758,7,3,0.75
P11370,MA_TO_CO_JA,E1758,7,3,1.58
P11371,MA_TO_CO_JA,E1758,7,3,0.95
P11372,MA_TO_CO_JA,E1758,7,3,1.63
P11373,MA_TO_CO_JA,E1758,7,3,1.12
P11374,MA_TO_CO_JA,E1759,7,3,4.94
P11375,MA_TO_CO_JA,E1759,7,3,3.21
P11376,MA_TO_CO_JA,E1759,7,3,3.41
P11377,MA_TO_CO_JA,E1759,7,3,2.24
P11378,PN_PIQ,E1760,7,3,0.44
P11379,MA_TO_CO_JA,E1761,7,3,0.41
P11380,MA_TO_CO_JA,E1761,7,3,0.32
P11381,MA_TO_CO_JA,E1762,7,3,1.15
P11382,IG_PLA,E1763,7,3,0.93
P11383,PN_PIQ,E1763,7,3,0.12
P11384,PN_PIQ,E1763,7,3,0.46
P11385,IG_TUT,E1764,6,1,0.2
P11386,MA_ROTA,E1764,6,1,0.81
P11387,PN_PIQ,E1765,7,3,0.43
P11388,PN_PIQ,E1765,7,3,0.6
P11389,PN_PIQ,E1765,7,3,1.79
P11390,MA_ROTA,E1766,4,1,0.67
P11391,MA_ROTA,E1766,4,1,0.57
P11393,MA_TO_CO_JA,E1766,4,1,0.7
P11394,MA_TO_CO_JA,E1766,4,1,3.14
P11395,PN_PIQ,E1767,7,3,0.62
P11396,IG_PLA,E1767,7,3,1.23
P11397,PN_PIQ,E1767,7,3,0.4
P11398,IG_PLA,E1767,7,3,0.59
P11399,PN_PIQ,E1767,7,3,0.7
P11400,IG_PLA,E1767,7,3,0.85
P11401,BC_GTMG,E1767,7,3,0.26
P11402,IG_PLA,E1767,7,3,0.67
P11403,PN_PIQ,E1767,7,3,0.45
P11404,MA_ROTA,E1768,5,1,6.39
P11405,IG_PLA,E1769,7,3,0.48
P11406,PN_PIQ,E1769,7,3,0.31
P11407,PN_PIQ,E1769,7,3,0.32
P11408,PN_PIQ,E1769,7,3,0.91
P11409,PN_PIQ,E1769,7,3,0.1
P11410,IG_PLA,E1769,7,3,0.34
P11411,IG_PLA,E1769,7,3,0.37
P11412,IG_PLA,E1769,7,3,0.3
P11413,IG_PLA,E1769,7,3,0.17
P11414,MA_TO_CO_JA,E1770,7,3,0.4
P11415,MA_TO_CO_JA,E1770,7,3,0.36
P11416,PN_PIQ,E1771,7,3,1.93
P11417,PN_PIQ,E1772,2,2,0.19
P11418,PN_PIQ,E1772,2,2,0.39
P11419,PN_PIQ,E1772,2,2,0.34
P11420,PN_PIQ,E1772,2,2,0.52
P11421,PN_PIQ,E1772,2,2,0.32
P11422,PN_PIQ,E1773,4,1,0.46
P11423,PN_PIQ,E1773,4,1,1.54
P11424,MA_ROTA,E1774,2,2,1.01
P11425,MA_ROTA,E1774,2,2,0.5
P11426,MA_ROTA,E1774,2,2,0.51
P11427,BA_SINT,E1775,5,1,0.3
P11429,BA_SINT,E1775,5,1,0.61
P11430,BA_INT,E1775,5,1,1.34
P11432,BA_INT,E1775,5,1,1.08
P11433,JA,E1775,5,1,0.53
P11434,BA_SINT,E1775,5,1,0.92
P11435,MA_TO_CO_JA,E1775,5,1,0.96
P11437,BA_SINT,E1775,5,1,0.62
P11438,BA_SINT,E1775,5,1,0.09
P11440,JA,E1775,5,1,0.55
P11441,BA_INT,E1775,5,1,0.45
P11442,BA_INT,E1775,5,1,0.3
P11443,BA_SINT,E1775,5,1,0.69
P11444,BA_INT,E1775,5,1,0.64
P11445,BA_INT,E1775,5,1,1.07
P11447,BA_SINT,E1775,5,1,0.39
P11448,BA_SINT,E1775,5,1,0.2
P11449,MA_TO_CO_JA,E1775,5,1,0.16
P11450,BA_SINT,E1775,5,1,0.2
P11457,PN_PIQ,E1776,7,3,0.36
P11458,PN_PIQ,E1776,7,3,0.79
P11459,PN_PIQ,E1776,7,3,0.16
P11460,PN_PIQ,E1776,7,3,0.21
P11461,BC_GTMG,E1776,7,3,0.08
P11462,PN_PIQ,E1777,2,2,0.98
P11463,PN_PIQ,E1777,2,2,1.05
P11464,PN_PIQ,E1777,2,2,0.28
P11465,PN_PIQ,E1778,2,2,1.21
P11466,PN_PIQ,E1778,2,2,0.55
P11467,PN_PIQ,E1778,2,2,2.67
P11468,PN_PIQ,E1778,2,2,1.62
P11469,PN_PIQ,E1779,3,2,0.11
P11470,PN_PIQ,E1779,3,2,8.95
P11471,PN_PIQ,E1780,7,3,0.52
P11472,PN_PIQ,E1780,7,3,3.85
P11473,PN_PIQ,E1780,7,3,0.64
P11474,PN_PIQ,E1780,7,3,0.19
P11475,PN_PIQ,E1780,7,3,0.49
P11476,PN_PIQ,E1780,7,3,0.29
P11477,PN_PIQ,E1780,7,3,0.38
P11478,PN_PIQ,E1780,7,3,0.16
P11479,MA_TO_CO_JA,E1781,4,1,1.33
P11480,MA_TO_CO_JA,E1782,4,1,0.57
P11483,MA_TO_CO_JA,E1782,4,1,1.39
P11484,MA_TO_CO_JA,E1782,4,1,0.52
P11485,MA_TO_CO_JA,E1782,4,1,1.5
P11487,MA_TO_CO_JA,E1782,4,1,0.74
P11488,MA_TO_CO_JA,E1782,4,1,1.12
P11489,MA_TO_CO_JA,E1782,4,1,1.87
P11490,MA_TO_CO_JA,E1782,4,1,2.52
P11491,MA_TO_CO_JA,E1782,4,1,0.43
P11492,IG_PLA,E1783,2,2,1.89
P11493,BC_GTMG,E1783,2,2,1.85
P11494,BC_GTMG,E1783,2,2,2.52
P11495,IG_PLA,E1783,2,2,0.06
P11496,IG_PLA,E1783,2,2,0.68
P11497,IG_PLA,E1783,2,2,0.15
P11498,IG_PLA,E1783,2,2,0.18
P11499,MA_TO_CO_JA,E1784,7,3,0.23
P11500,MA_TO_CO_JA,E1784,7,3,0.26
P11501,MA_TO_CO_JA,E1784,7,3,0.23
P11502,MA_TO_CO_JA,E1784,7,3,0.69
P11503,MA_ROTA,E1784,7,3,0.07
P11504,MA_ROTA,E1785,2,2,2.65
P11505,PN_PIQ,E1786,3,2,1.1
P11506,PN_PIQ,E1786,3,2,1.52
P11507,PN_PIQ,E1786,3,2,1.06
P11508,MA_TO_CO_JA,E1787,7,3,3.29
P11509,MA_TO_CO_JA,E1787,7,3,6.16
P11510,IG_PLA,E1788,7,3,2.33
P11511,PN_PIQ,E1788,7,3,0.98
P11512,IG_PLA,E1788,7,3,1.12
P11513,PN_PIQ,E1788,7,3,2.72
P11514,PN_PIQ,E1788,7,3,1.18
P11515,IG_PLA,E1788,7,3,1.11
P11516,IG_PLA,E1788,7,3,0.31
P11517,IG_PLA,E1788,7,3,1.42
P11518,IG_PLA,E1788,7,3,0.48
P11519,BC_GTMG,E1789,3,2,0.89
P11520,IG_PLA,E1789,3,2,1.02
P11521,IG_PLA,E1789,3,2,0.69
P11522,MA_ROTA,E1790,1,2,0.28
P11523,MA_ROTA,E1790,1,2,1.05
P11527,MA_ROTA,E1790,1,2,0.15
P11528,MA_ROTA,E1790,1,2,1.1
P11532,MA_ROTA,E1790,1,2,0.06
P11534,MA_ROTA,E1790,1,2,1.26
P11535,MA_ROTA,E1790,1,2,0.64
P11536,PN_PIQ,E1791,7,3,0.2
P11537,PN_PIQ,E1791,7,3,0.42
P11538,PN_PIQ,E1791,7,3,0.7
P11539,PN_PIQ,E1791,7,3,0.2
P11540,PN_PIQ,E1791,7,3,2.31
P11541,MA_TO_CO_JA,E1792,7,3,0.71
P11542,MA_TO_CO_JA,E1792,7,3,4.3
P11543,MA_TO_CO_JA,E1792,7,3,0.38
P11544,MA_TO_CO_JA,E1792,7,3,1.03
P11545,MA_TO_CO_JA,E1792,7,3,0.6
P11546,MA_TO_CO_JA,E1792,7,3,0.46
P11547,MA_ROTA,E1793,2,2,0.68
P11548,MA_ROTA,E1793,2,2,0.54
P11549,MA_ROTA,E1793,2,2,0.57
P11550,MA_ROTA,E1794,2,2,0.67
P11551,MA_ROTA,E1794,2,2,1.0
P11552,MA_ROTA,E1794,2,2,1.08
P11553,MA_ROTA,E1794,2,2,1.57
P11554,MA_ROTA,E1794,2,2,3.04
P11555,MA_ROTA,E1794,2,2,2.42
P11556,MA_ROTA,E1794,2,2,1.43
P11557,BC_GTMG,E1795,2,2,2.43
P11559,BC_GTMG,E1795,2,2,1.53
P11560,BC_GTMG,E1795,2,2,0.37
P11561,BC_GTMG,E1795,2,2,0.53
P11562,BC_GTMG,E1795,2,2,0.79
P11563,BC_GTMG,E1795,2,2,0.17
P11564,BC_GTMG,E1795,2,2,0.77
P11565,PN_PIQ,E1796,7,3,0.24
P11566,PN_PIQ,E1796,7,3,1.89
P11567,PN_PIQ,E1796,7,3,0.15
P11568,PN_PIQ,E1797,1,2,0.97
P11569,PN_PIQ,E1797,1,2,0.58
P11570,PN_PIQ,E1797,1,2,0.26
P11571,PN_PIQ,E1797,1,2,0.23
P11572,PN_PIQ,E1797,1,2,0.36
P11573,PN_PIQ,E1797,1,2,0.05
P11574,PN_PIQ,E1797,1,2,3.16
P11575,PN_PIQ,E1798,7,3,0.2
P11576,PN_PIQ,E1798,7,3,1.03
P11577,PN_PIQ,E1799,7,3,0.82
P11578,PN_PIQ,E1799,7,3,0.97
P11579,PN_PIQ,E1799,7,3,0.06
P11580,PN_PIQ,E1799,7,3,0.46
P11582,CS_BT_NIM,E1800,4,1,0.76
P11584,IG_TUT,E1800,4,1,0.47
P11585,IG_TUT,E1800,4,1,1.0
P11586,IG_TUT,E1800,4,1,0.86
P11587,IG_TUT,E1800,4,1,0.49
P11588,IG_TUT,E1800,4,1,0.17
P11589,IG_TUT,E1800,4,1,0.35
P11590,IG_TUT,E1800,4,1,0.56
P11591,CS_BT_NIM,E1800,4,1,1.18
P11592,MA_ROTA,E1801,3,2,1.7
P11593,MA_ROTA,E1801,3,2,2.17
P11594,MA_TO_CO_JA,E1802,7,3,0.44
P11595,MA_TO_CO_JA,E1802,7,3,0.45
P11596,PN_PIQ,E1803,2,2,0.87
P11597,PN_PIQ,E1804,7,3,0.34
P11598,PN_PIQ,E1804,7,3,0.23
P11599,PN_PIQ,E1804,7,3,1.39
P11600,PN_PIQ,E1804,7,3,0.62
P11601,PN_PIQ,E1804,7,3,0.36
P11602,PN_PIQ,E1805,7,3,1.34
P11603,PN_PIQ,E1805,7,3,0.41
P11604,PN_PIQ,E1805,7,3,1.11
P11605,PN_PIQ,E1805,7,3,4.94
P11610,MA_ROTA,E1806,1,2,1.9
P11611,MA_ROTA,E1806,3,2,2.1
P11612,MA_ROTA,E1806,1,2,0.84
P11613,MA_ROTA,E1806,3,2,1.64
P11614,MA_ROTA,E1806,3,2,2.65
P11615,MA_ROTA,E1806,3,2,5.73
P11616,MA_ROTA,E1806,3,2,0.88
P11617,MA_ROTA,E1806,3,2,3.7
P11619,MA_ROTA,E1806,3,2,0.8
P11621,MA_ROTA,E1806,3,2,0.85
P11623,MA_ROTA,E1806,3,2,0.11
P11624,MA_ROTA,E1806,3,2,0.46
P11625,MA_ROTA,E1807,2,2,0.5
P11626,PN_PIQ,E1808,3,2,0.07
P11627,PN_PIQ,E1808,3,2,3.79
P11628,MA_TO_CO_JA,E1809,7,3,1.94
P11629,MA_TO_CO_JA,E1809,7,3,0.5
P11630,MA_TO_CO_JA,E1809,7,3,0.5
P11631,PN_PIQ,E1810,2,2,0.45
P11632,PN_PIQ,E1810,2,2,0.35
P11633,PN_PIQ,E1810,2,2,2.31
P11634,PN_PIQ,E1810,7,3,0.48
P11635,PN_PIQ,E1810,7,3,0.21
P11636,PN_PIQ,E1810,7,3,0.92
P11637,PN_PIQ,E1810,2,2,1.35
P11638,PN_PIQ,E1810,7,3,0.69
P11639,PN_PIQ,E1810,7,3,1.15
P11640,MA_ROTA,E1811,3,2,1.52
P11641,MA_ROTA,E1811,3,2,1.11
P11642,MA_TO_CO_JA,E1811,3,2,0.43
P11644,MA_ROTA,E1811,3,2,1.05
P11645,MA_TO_CO_JA,E1811,3,2,0.28
P11646,MA_ROTA,E1811,3,2,0.57
P11647,MA_TO_CO_JA,E1811,3,2,0.74
P11648,MA_TO_CO_JA,E1811,3,2,0.08
P11649,MA_TO_CO_JA,E1812,4,1,1.75
P11650,MA_TO_CO_JA,E1812,4,1,0.35
P11651,MA_ROTA,E1813,3,2,1.52
P11652,MA_ROTA,E1813,3,2,2.99
P11653,MA_ROTA,E1813,3,2,1.16
P11654,MA_ROTA,E1813,3,2,0.94
P11655,MA_ROTA,E1813,3,2,0.46
P11657,MA_ROTA,E1814,3,2,1.67
P11658,PN_PIQ,E1815,7,3,0.5
P11659,PN_PIQ,E1815,7,3,0.91
P11660,PN_PIQ,E1815,7,3,2.37
P11661,PN_PIQ,E1815,7,3,0.31
P11662,PN_PIQ,E1815,7,3,1.29
P11663,MA_ROTA,E1816,3,2,0.51
P11664,MA_ROTA,E1816,3,2,1.65
P11665,MA_ROTA,E1816,3,2,0.93
P11666,MA_ROTA,E1816,3,2,0.73
P11667,MA_ROTA,E1816,3,2,1.11
P11668,MA_ROTA,E1816,3,2,0.49
P11669,MA_ROTA,E1816,3,2,0.41
P11670,MA_ROTA,E1816,3,2,1.37
P11671,MA_ROTA,E1816,3,2,1.32
P11673,MA_ROTA,E1816,3,2,0.24
P11674,MA_ROTA,E1816,3,2,1.31
P11675,MA_ROTA,E1816,3,2,0.14
P11676,MA_ROTA,E1816,3,2,0.75
P11677,MA_ROTA,E1817,2,2,3.68
P11678,BC_BT,E1818,4,1,0.4
P11679,BC_BT,E1818,4,1,0.25
P11680,IG_TUT,E1818,4,1,0.82
P11681,IG_TUT,E1818,4,1,0.66
P11682,IG_TUT,E1818,4,1,0.97
P11683,BC_BT,E1818,4,1,0.39
P11684,BC_BT,E1818,4,1,0.35
P11685,MA_TO_CO_JA,E1819,7,3,0.42
P11686,MA_TO_CO_JA,E1819,7,3,0.41
P11687,MA_TO_CO_JA,E1819,7,3,0.81
P11688,MA_ROTA,E1820,2,2,0.8
P11689,MA_ROTA,E1820,2,2,0.81
P11690,MA_TO_CO_JA,E1821,6,1,1.06
P11691,BA_SINT,E1822,6,1,0.78
P11692,JA,E1822,6,1,0.8
P11694,BA_SINT,E1822,6,1,2.16
P11695,BA_INT,E1822,6,1,0.68
P11696,BA_INT,E1822,6,1,0.63
P11697,BA_INT,E1822,6,1,1.7
P11698,BA_INT,E1822,6,1,1.85
P11699,BA_INT,E1822,6,1,1.51
P11700,JA,E1822,6,1,0.75
P11701,JA,E1822,6,1,0.23
P11703,BA_INT,E1822,6,1,0.29
P11704,JA,E1822,6,1,0.42
P11705,BA_SINT,E1822,6,1,1.0
P11706,BA_INT,E1822,6,1,5.09
P11707,JA,E1822,6,1,1.14
P11708,JA,E1822,6,1,1.04
P11709,BA_INT,E1822,6,1,0.61
P11710,BA_INT,E1822,6,1,2.42
P11711,BA_INT,E1822,6,1,0.72
P11712,BA_INT,E1822,6,1,1.56
P11713,BA_INT,E1822,6,1,2.5
P11714,BA_SINT,E1822,6,1,1.57
P11715,BA_SINT,E1822,6,1,1.83
P11717,MA_ROTA,E1823,3,2,1.39
P11719,MA_ROTA,E1823,3,2,1.8
P11724,MA_ROTA,E1823,3,2,0.16
P11725,MA_ROTA,E1823,3,2,1.48
P11726,MA_ROTA,E1823,3,2,1.3
P11727,MA_ROTA,E1823,3,2,0.61
P11728,MA_ROTA,E1823,3,2,0.08
P11730,MA_ROTA,E1823,3,2,1.08
P11731,MA_ROTA,E1823,3,2,0.35
P11732,MA_ROTA,E1823,3,2,0.23
P11733,MA_ROTA,E1823,3,2,0.74
P11734,MA_ROTA,E1823,3,2,1.03
P11735,MA_ROTA,E1823,3,2,0.08
P11736,MA_ROTA,E1823,3,2,0.1
P11740,MA_ROTA,E1824,2,2,0.51
P11741,MA_ROTA,E1824,2,2,1.63
P11742,MA_ROTA,E1824,2,2,1.37
P11743,MA_ROTA,E1824,2,2,0.21
P11744,MA_ROTA,E1825,5,1,0.16
P11745,MA_ROTA,E1825,5,1,0.11
P11746,MA_ROTA,E1825,5,1,0.27
P11747,MA_ROTA,E1826,3,2,0.34
P11748,MA_ROTA,E1826,3,2,2.03
P11750,MA_ROTA,E1826,3,2,0.04
P11751,MA_ROTA,E1826,3,2,0.77
P11752,MA_ROTA,E1826,3,2,0.5
P11753,MA_ROTA,E1826,3,2,0.24
P11754,MA_ROTA,E1826,3,2,0.28
P11755,MA_ROTA,E1826,3,2,1.3
P11756,MA_ROTA,E1826,3,2,0.81
P11757,MA_ROTA,E1827,5,1,0.4
P11758,MA_ROTA,E1827,5,1,0.66
P11760,MA_ROTA,E1827,5,1,0.3
P11761,MA_ROTA,E1827,5,1,0.17
P11763,MA_ROTA,E1827,5,1,0.63
P11764,MA_ROTA,E1827,5,1,0.76
P11765,MA_ROTA,E1827,5,1,0.37
P11767,MA_ROTA,E1827,5,1,0.3
P11768,MA_ROTA,E1827,5,1,0.28
P11769,MA_ROTA,E1827,5,1,1.04
P11770,MA_ROTA,E1827,5,1,0.6
P11771,PN_PIQ,E1828,6,1,1.03
P11772,PN_PIQ,E1828,6,1,19.92
P11773,PN_PIQ,E1828,6,1,1.84
P11774,PN_PIQ,E1828,6,1,1.29
P11775,PN_PIQ,E1828,6,1,0.87
P11776,PN_PIQ,E1828,6,1,0.78
P11777,PN_PIQ,E1828,6,1,1.03
P11778,PN_PIQ,E1828,6,1,1.08
P11779,PN_PIQ,E1828,6,1,0.42
P11780,PN_PIQ,E1828,6,1,0.21
P11781,PN_PIQ,E1828,6,1,0.37
P11782,PN_PIQ,E1828,6,1,0.65
P11783,PN_PIQ,E1828,6,1,4.58
P11784,PN_PIQ,E1828,6,1,1.15
P11785,PN_PIQ,E1829,7,3,0.57
P11786,PN_PIQ,E1829,7,3,0.44
P11787,PN_PIQ,E1829,7,3,0.14
P11788,PN_PIQ,E1829,7,3,0.35
P11789,PN_PIQ,E1829,7,3,0.14
P11790,IG_PLA,E1830,7,3,0.3
P11791,IG_PLA,E1830,7,3,0.46
P11792,IG_PLA,E1830,7,3,0.66
P11793,IG_PLA,E1830,7,3,0.64
P11794,PN_PIQ,E1830,7,3,1.08
P11795,MA_TO_CO_JA,E1831,4,1,0.97
P11796,MA_TO_CO_JA,E1831,4,1,2.33
P11797,MA_ROTA,E1832,4,1,0.87
P11798,MA_TO_CO_JA,E1832,4,1,2.43
P11799,MA_TO_CO_JA,E1833,7,3,0.41
P11800,MA_TO_CO_JA,E1834,4,1,0.21
P11801,MA_ROTA,E1834,4,1,1.23
P11802,MA_TO_CO_JA,E1834,4,1,0.41
P11803,MA_TO_CO_JA,E1834,4,1,0.52
P11804,MA_TO_CO_JA,E1834,4,1,0.24
P11805,MA_ROTA,E1834,4,1,1.16
P11806,MA_ROTA,E1834,4,1,1.46
P11809,MA_ROTA,E1834,4,1,1.68
P11810,MA_TO_CO_JA,E1834,4,1,0.3
P11811,MA_TO_CO_JA,E1834,4,1,0.44
P11812,MA_TO_CO_JA,E1834,4,1,0.48
P11813,BC_GTMG,E1835,1,2,0.37
P11814,BC_GTMG,E1835,1,2,1.3
P11815,IG_PLA,E1835,1,2,3.97
P11816,BC_GTMG,E1835,1,2,0.2
P11817,BC_GTMG,E1835,1,2,0.38
P11818,IG_PLA,E1835,1,2,0.18
P11819,IG_PLA,E1835,1,2,0.23
P11820,BC_GTMG,E1835,1,2,0.17
P11821,PN_PIQ,E1836,7,3,0.52
P11822,PN_PIQ,E1836,7,3,0.51
P11823,IG_PLA,E1836,7,3,0.43
P11824,PN_PIQ,E1836,7,3,0.39
P11825,IG_PLA,E1836,7,3,0.85
P11826,PN_PIQ,E1837,7,3,0.43
P11827,PN_PIQ,E1837,7,3,0.61
P11828,PN_PIQ,E1837,7,3,0.35
P11829,PN_PIQ,E1837,7,3,0.4
P11830,PN_PIQ,E1837,7,3,1.98
P11831,PN_PIQ,E1837,7,3,0.79
P11832,BC_GTMG,E1838,2,2,0.8
P11833,BC_GTMG,E1838,2,2,0.19
P11834,BC_GTMG,E1838,2,2,0.39
P11835,BC_GTMG,E1838,2,2,1.0
P11836,BC_GTMG,E1838,2,2,0.11
P11837,BC_GTMG,E1838,2,2,0.97
P11838,PN_PIQ,E1839,7,3,0.92
P11839,IG_PLA,E1839,7,3,0.41
P11840,MA_TO_CO_JA,E1840,7,3,0.28
P11841,MA_TO_CO_JA,E1840,7,3,0.13
P11842,MA_TO_CO_JA,E1840,7,3,0.38
P11843,MA_TO_CO_JA,E1840,7,3,0.08
P11844,PN_PIQ,E1841,7,3,0.46
P11845,PN_PIQ,E1841,7,3,0.72
P11846,PN_PIQ,E1841,7,3,0.94
P11847,IG_TUT,E1842,4,1,2.01
P11848,CS_BT_NIM,E1842,4,1,0.56
P11849,IG_TUT,E1842,4,1,0.06
P11851,CS_BT_NIM,E1842,4,1,0.16
P11852,PN_PIQ,E1843,2,2,0.88
P11853,PN_PIQ,E1843,2,2,0.29
P11854,PN_PIQ,E1843,2,2,0.22
P11855,PN_PIQ,E1844,7,3,0.48
P11856,BC_GTMG,E1844,7,3,0.16
P11857,PN_PIQ,E1844,7,3,0.46
P11858,PN_PIQ,E1844,7,3,0.09
P11859,PN_PIQ,E1845,7,3,0.44
P11860,PN_PIQ,E1845,7,3,0.8
P11861,PN_PIQ,E1845,7,3,1.22
P11862,IG_PLA,E1846,7,3,0.8
P11863,PN_PIQ,E1846,7,3,0.23
P11864,PN_PIQ,E1846,7,3,0.26
P11865,PN_PIQ,E1847,7,3,2.55
P11866,IG_PLA,E1847,7,3,0.97
P11867,MA_TO_CO_JA,E1848,7,3,0.43
P11868,MA_TO_CO_JA,E1848,7,3,0.24
P11869,MA_TO_CO_JA,E1848,7,3,0.24
P11870,MA_TO_CO_JA,E1848,7,3,0.22
P11871,MA_TO_CO_JA,E1848,7,3,0.25
P11872,MA_TO_CO_JA,E1848,7,3,0.12
P11873,MA_TO_CO_JA,E1848,7,3,0.87
P11874,IG_PLA,E1849,7,3,0.89
P11875,IG_PLA,E1849,7,3,0.68
P11876,IG_PLA,E1849,7,3,0.16
P11877,PN_PIQ,E1849,7,3,0.33
P11878,PN_PIQ,E1849,7,3,0.2
P11879,PN_PIQ,E1849,7,3,0.61
P11880,MA_TO_CO_JA,E1850,7,3,0.94
P11881,MA_ROTA,E1851,3,2,4.51
P11882,MA_ROTA,E1851,3,2,1.54
P11883,MA_ROTA,E1851,3,2,0.17
P11885,MA_ROTA,E1851,3,2,1.9
P11886,MA_ROTA,E1851,3,2,0.54
P11887,MA_ROTA,E1851,3,2,0.16
P11888,MA_ROTA,E1851,3,2,2.72
P11889,MA_ROTA,E1851,3,2,1.7
P11890,MA_ROTA,E1851,3,2,0.37
P11891,MA_ROTA,E1851,3,2,0.1
P11892,MA_ROTA,E1851,3,2,0.34
P11893,MA_ROTA,E1851,3,2,0.52
P11894,MA_ROTA,E1851,3,2,0.07
P11895,MA_ROTA,E1851,3,2,0.52
P11896,MA_ROTA,E1851,3,2,0.84
P11897,MA_ROTA,E1851,3,2,0.75
P11899,MA_ROTA,E1851,3,2,0.49
P11901,MA_ROTA,E1851,3,2,0.87
P11902,MA_ROTA,E1851,3,2,1.04
P11903,MA_ROTA,E1851,3,2,0.82
P11904,IG_PLA,E1852,7,3,0.51
P11905,IG_PLA,E1852,7,3,0.34
P11906,PN_PIQ,E1852,7,3,0.29
P11907,PN_PIQ,E1852,7,3,0.16
P11908,PN_PIQ,E1853,7,3,0.35
P11909,PN_PIQ,E1853,7,3,0.28
P11910,PN_PIQ,E1853,7,3,0.33
P11911,PN_PIQ,E1853,7,3,0.2
P11912,PN_PIQ,E1853,7,3,0.16
P11913,PN_PIQ,E1853,7,3,0.2
P11914,PN_PIQ,E1854,7,3,0.2
P11915,BC_GTMG,E1854,7,3,0.18
P11916,IG_PLA,E1854,7,3,0.38
P11917,MA_TO_CO_JA,E1855,7,3,0.56
P11918,PN_PIQ,E1856,7,3,0.78
P11919,IG_PLA,E1856,7,3,1.64
P11920,IG_PLA,E1856,7,3,0.66
P11921,PN_PIQ,E1856,7,3,1.4
P11922,PN_PIQ,E1856,7,3,0.45
P11923,IG_PLA,E1856,7,3,0.68
P11924,IG_PLA,E1856,7,3,0.71
P11925,PN_PIQ,E1856,7,3,0.4
P11926,PN_PIQ,E1857,7,3,1.69
P11927,PN_PIQ,E1857,7,3,0.71
P11928,PN_PIQ,E1857,7,3,0.2
P11929,PN_PIQ,E1857,7,3,1.4
P11930,BC_GTMG,E1857,7,3,1.05
P11931,PN_PIQ,E1857,7,3,0.71
P11932,PN_PIQ,E1857,7,3,1.32
P11933,PN_PIQ,E1858,7,3,1.29
P11934,PN_PIQ,E1858,7,3,0.89
P11935,PN_PIQ,E1858,7,3,0.51
P11936,PN_PIQ,E1858,7,3,0.32
P11937,PN_PIQ,E1859,7,3,0.45
P11938,IG_PLA,E1859,7,3,0.01
P11939,IG_PLA,E1859,7,3,0.21
P11940,PN_PIQ,E1859,7,3,0.3
P11941,IG_PLA,E1859,7,3,0.4
P11942,PN_PIQ,E1860,6,1,0.44
P11943,PN_PIQ,E1860,6,1,1.04
P11945,PN_PIQ,E1860,6,1,1.48
P11946,PN_PIQ,E1860,6,1,0.85
P11947,BC_GTMG,E1861,3,2,1.12
P11948,IG_PLA,E1861,3,2,0.46
P11949,IG_PLA,E1861,3,2,0.47
P11950,BC_GTMG,E1861,1,2,0.79
P11951,IG_TUT,E1862,4,1,0.4
P11952,CS_BT_NIM,E1862,4,1,1.07
P11953,IG_TUT,E1862,4,1,0.1
P11954,CS_BT_NIM,E1862,4,1,0.77
P11955,IG_TUT,E1862,4,1,0.29
P11956,PN_PIQ,E1863,7,3,0.42
P11957,IG_PLA,E1863,7,3,0.12
P11958,IG_PLA,E1863,7,3,0.74
P11959,IG_PLA,E1863,7,3,0.41
P11960,IG_PLA,E1863,7,3,0.68
P11961,PN_PIQ,E1863,7,3,0.4
P11962,PN_PIQ,E1863,7,3,1.49
P11963,IG_PLA,E1863,7,3,0.3
P11964,BC_GTMG,E1864,3,2,2.39
P11965,BC_GTMG,E1864,3,2,2.44
P11966,BC_GTMG,E1864,3,2,1.02
P11967,IG_PLA,E1865,1,2,0.92
P11968,BC_GTMG,E1865,1,2,0.25
P11969,BC_GTMG,E1865,1,2,0.31
P11970,IG_PLA,E1865,1,2,0.07
P11971,IG_PLA,E1865,1,2,0.06
P11972,BC_GTMG,E1865,1,2,0.3
P11973,MA_TO_CO_JA,E1866,7,3,0.41
P11974,MA_TO_CO_JA,E1866,7,3,0.46
P11975,MA_TO_CO_JA,E1866,7,3,0.19
P11976,MA_TO_CO_JA,E1867,7,3,0.5
P11977,MA_ROTA,E1868,3,2,0.94
P11978,MA_ROTA,E1868,3,2,1.06
P11979,PN_PIQ,E1869,7,3,1.11
P11980,PN_PIQ,E1869,7,3,0.14
P11981,PN_PIQ,E1869,7,3,0.39
P11982,PN_PIQ,E1869,7,3,1.67
P11983,PN_PIQ,E1869,7,3,0.66
P11984,PN_PIQ,E1869,7,3,0.79
P11985,PN_PIQ,E1870,3,2,0.84
P11986,PN_PIQ,E1870,3,2,0.98
P11987,PN_PIQ,E1870,3,2,0.13
P11988,PN_PIQ,E1870,3,2,2.26
P11989,MA_TO_CO_JA,E1871,7,3,0.93
P11990,MA_ROTA,E1871,7,3,0.7
P11992,MA_TO_CO_JA,E1871,7,3,0.38
P11993,MA_TO_CO_JA,E1871,7,3,0.89
P11994,MA_TO_CO_JA,E1872,7,3,0.75
P11995,MA_TO_CO_JA,E1872,7,3,0.3
P11996,MA_ROTA,E1873,3,2,2.37
P11997,MA_TO_CO_JA,E1874,7,3,0.76
P11998,MA_TO_CO_JA,E1874,7,3,2.1
P12001,PN_PIQ,E1875,7,3,1.01
P12002,PN_PIQ,E1875,7,3,1.16
P12003,MA_TO_CO_JA,E1876,7,3,0.74
P12004,MA_TO_CO_JA,E1876,7,3,0.38
P12005,MA_TO_CO_JA,E1876,7,3,0.44
P12006,MA_TO_CO_JA,E1877,7,3,0.78
P12007,MA_TO_CO_JA,E1877,7,3,0.15
P12008,MA_TO_CO_JA,E1877,7,3,0.19
P12009,PN_PIQ,E1878,3,2,0.71
P12010,PN_PIQ,E1878,3,2,2.31
P12011,PN_PIQ,E1878,3,2,2.31
P12013,PN_PIQ,E1878,3,2,0.34
P12015,PN_PIQ,E1878,3,2,0.82
P12016,PN_PIQ,E1878,3,2,0.34
P12017,MA_ROTA,E1879,2,2,2.55
P12018,MA_TO_CO_JA,E1880,7,3,0.25
P12019,MA_TO_CO_JA,E1880,7,3,0.41
P12020,MA_TO_CO_JA,E1880,7,3,0.32
P12021,MA_TO_CO_JA,E1881,4,1,1.15
P12022,MA_TO_CO_JA,E1881,4,1,1.12
P12025,MA_TO_CO_JA,E1881,4,1,1.21
P12026,BC_GTMG,E1882,2,2,0.68
P12027,IG_PLA,E1882,2,2,0.53
P12028,IG_PLA,E1882,2,2,0.7
P12029,PN_PIQ,E1883,7,3,0.48
P12030,PN_PIQ,E1883,7,3,0.32
P12031,PN_PIQ,E1883,7,3,0.99
P12032,PN_PIQ,E1883,7,3,0.73
P12033,PN_PIQ,E1884,7,3,0.31
P12034,PN_PIQ,E1884,7,3,0.52
P12035,PN_PIQ,E1884,7,3,0.32
P12036,PN_PIQ,E1884,7,3,0.46
P12037,PN_PIQ,E1884,7,3,0.18
P12038,PN_PIQ,E1884,7,3,0.34
P12039,MA_TO_CO_JA,E1885,7,3,0.76
P12040,IG_PLA,E1886,7,3,0.43
P12041,IG_PLA,E1886,7,3,0.25
P12042,PN_PIQ,E1886,7,3,0.28
P12043,IG_PLA,E1886,7,3,0.76
P12044,PN_PIQ,E1886,7,3,0.22
P12045,IG_PLA,E1886,7,3,0.35
P12046,PN_PIQ,E1886,7,3,0.27
P12048,MA_TO_CO_JA,E1887,7,3,0.5
P12049,MA_TO_CO_JA,E1887,7,3,0.28
P12050,PN_PIQ,E1888,7,3,0.4
P12051,PN_PIQ,E1888,7,3,0.3
P12052,IG_PLA,E1888,7,3,0.76
P12053,IG_PLA,E1888,7,3,0.13
P12054,MA_TO_CO_JA,E1889,7,3,0.29
P12055,MA_TO_CO_JA,E1889,7,3,0.48
P12056,MA_TO_CO_JA,E1889,7,3,0.27
P12057,MA_TO_CO_JA,E1889,7,3,0.12
P12058,MA_TO_CO_JA,E1889,7,3,0.44
P12059,MA_TO_CO_JA,E1889,7,3,0.25
P12060,MA_TO_CO_JA,E1889,7,3,0.12
P12061,MA_TO_CO_JA,E1889,7,3,0.2
P12062,MA_TO_CO_JA,E1889,7,3,0.17
P12063,PN_PIQ,E1890,7,3,0.33
P12064,PN_PIQ,E1890,7,3,1.03
P12065,PN_PIQ,E1890,7,3,0.2
P12066,PN_PIQ,E1891,7,3,0.49
P12067,IG_PLA,E1891,7,3,0.08
P12068,PN_PIQ,E1892,4,1,0.25
P12069,PN_PIQ,E1892,4,1,0.95
P12070,PN_PIQ,E1892,4,1,0.84
P12071,PN_PIQ,E1893,7,3,0.89
P12072,PN_PIQ,E1893,7,3,0.13
P12073,PN_PIQ,E1893,7,3,0.28
P12074,PN_PIQ,E1894,7,3,0.25
P12075,PN_PIQ,E1894,7,3,0.26
P12076,PN_PIQ,E1894,7,3,0.21
P12077,PN_PIQ,E1894,7,3,0.9
P12078,PN_PIQ,E1894,7,3,0.53
P12079,MA_TO_CO_JA,E1895,7,3,1.93
P12081,MA_TO_CO_JA,E1896,7,3,0.67
P12082,MA_TO_CO_JA,E1896,7,3,0.3
P12083,MA_TO_CO_JA,E1897,7,3,0.47
P12084,MA_TO_CO_JA,E1897,7,3,0.96
P12085,BC_GTMG,E1898,2,2,0.16
P12086,IG_PLA,E1898,2,2,0.15
P12087,BC_GTMG,E1898,2,2,0.11
P12088,BC_GTMG,E1898,2,2,0.11
P12089,IG_PLA,E1898,2,2,0.06
P12090,IG_PLA,E1898,2,2,0.08
P12091,MA_TO_CO_JA,E1899,7,3,0.7
P12092,MA_TO_CO_JA,E1899,7,3,0.75
P12093,PN_PIQ,E1900,7,3,0.34
P12094,PN_PIQ,E1900,7,3,0.33
P12095,PN_PIQ,E1900,7,3,1.8
P12096,PN_PIQ,E1900,7,3,1.11
P12097,PN_PIQ,E1901,7,3,0.82
P12098,PN_PIQ,E1901,7,3,0.5
P12099,PN_PIQ,E1901,7,3,0.21
P12100,PN_PIQ,E1901,7,3,2.38
P12101,MA_TO_CO_JA,E1902,7,3,0.92
P12102,MA_TO_CO_JA,E1902,7,3,0.45
P12103,MA_TO_CO_JA,E1903,7,3,0.76
P12104,MA_TO_CO_JA,E1903,7,3,0.44
P12105,MA_TO_CO_JA,E1903,7,3,0.41
P12106,MA_TO_CO_JA,E1903,7,3,0.52
P12108,MA_TO_CO_JA,E1903,7,3,0.09
P12109,MA_TO_CO_JA,E1903,7,3,0.19
P12110,IG_PLA,E1904,7,3,0.74
P12111,IG_PLA,E1904,7,3,0.85
P12112,IG_PLA,E1904,7,3,0.87
P12113,IG_PLA,E1904,7,3,0.74
P12114,PN_PIQ,E1904,7,3,1.16
P12115,IG_PLA,E1904,7,3,0.53
P12116,PN_PIQ,E1904,7,3,0.2
P12117,PN_PIQ,E1904,7,3,0.4
P12118,IG_PLA,E1904,7,3,0.32
P12119,PN_PIQ,E1904,7,3,0.58
P12120,PN_PIQ,E1905,7,3,0.42
P12121,PN_PIQ,E1905,7,3,0.23
P12122,PN_PIQ,E1905,7,3,0.26
P12123,PN_PIQ,E1905,7,3,0.15
P12124,PN_PIQ,E1905,7,3,0.29
P12125,PN_PIQ,E1906,7,3,0.44
P12126,PN_PIQ,E1906,7,3,0.4
P12127,PN_PIQ,E1906,7,3,0.43
P12128,PN_PIQ,E1906,7,3,0.16
P12129,PN_PIQ,E1906,7,3,0.52
P12130,PN_PIQ,E1906,7,3,0.71
P12131,PN_PIQ,E1907,7,3,0.88
P12132,PN_PIQ,E1907,7,3,1.25
P12133,MA_ROTA,E1908,3,2,0.43
P12134,MA_ROTA,E1908,3,2,1.29
P12135,MA_ROTA,E1908,3,2,0.47
P12136,PN_PIQ,E1909,7,3,0.46
P12137,PN_PIQ,E1909,7,3,0.51
P12138,PN_PIQ,E1909,7,3,0.63
P12139,PN_PIQ,E1909,7,3,0.35
P12140,PN_PIQ,E1909,7,3,0.14
P12141,MA_TO_CO_JA,E1910,7,3,0.7
P12142,MA_ROTA,E1911,3,2,0.62
P12143,MA_ROTA,E1911,3,2,0.18
P12144,MA_ROTA,E1911,3,2,0.13
P12145,MA_TO_CO_JA,E1912,3,2,2.55
P12147,MA_ROTA,E1912,3,2,1.13
P12148,MA_TO_CO_JA,E1913,3,2,1.86
P12149,MA_ROTA,E1914,3,2,1.85
P12150,MA_ROTA,E1914,3,2,2.53
P12151,MA_ROTA,E1915,3,2,1.1
P12152,MA_ROTA,E1915,3,2,0.48
P12153,MA_ROTA,E1915,3,2,0.7
P12154,MA_ROTA,E1915,3,2,1.36
P12155,MA_ROTA,E1915,3,2,0.14
P12156,MA_ROTA,E1915,3,2,0.58
P12157,MA_TO_CO_JA,E1915,3,2,0.37
P12158,MA_ROTA,E1915,3,2,0.35
P12159,BC_GTMG,E1916,2,2,0.52
P12160,BC_GTMG,E1916,2,2,0.6
P12161,BC_GTMG,E1916,2,2,0.3
P12162,BC_GTMG,E1916,2,2,0.11
P12163,BC_GTMG,E1916,2,2,0.74
P12164,BC_GTMG,E1916,2,2,0.83
P12165,BC_GTMG,E1916,2,2,0.05
P12166,BC_GTMG,E1916,2,2,0.69
P12167,BC_GTMG,E1916,2,2,0.28
P12168,BC_GTMG,E1917,3,2,1.7
P12169,IG_PLA,E1917,3,2,0.28
P12170,IG_PLA,E1917,3,2,0.49
P12171,BC_GTMG,E1917,3,2,1.03
P12172,BC_GTMG,E1918,2,2,0.41
P12173,BC_GTMG,E1918,2,2,0.58
P12176,BC_GTMG,E1918,2,2,0.65
P12177,BC_GTMG,E1918,2,2,0.69
P12178,BC_GTMG,E1918,2,2,0.56
P12179,MA_TO_CO_JA,E1919,7,3,0.45
P12180,MA_TO_CO_JA,E1919,7,3,0.35
P12181,MA_TO_CO_JA,E1919,7,3,0.27
P12182,MA_TO_CO_JA,E1920,7,3,1.02
P12183,MA_TO_CO_JA,E1920,7,3,2.76
P12184,MA_TO_CO_JA,E1920,7,3,0.22
P12187,IG_PLA,E1921,7,3,0.62
P12188,IG_PLA,E1921,7,3,0.49
P12189,PN_PIQ,E1921,7,3,0.52
P12190,PN_PIQ,E1921,7,3,0.94
P12191,IG_PLA,E1921,7,3,0.07
P12192,IG_PLA,E1921,7,3,0.47
P12193,PN_PIQ,E1922,7,3,0.17
P12194,IG_PLA,E1922,7,3,0.21
P12195,IG_PLA,E1922,7,3,0.4
P12196,PN_PIQ,E1922,7,3,0.32
P12197,IG_PLA,E1922,7,3,0.34
P12198,MA_TO_CO_JA,E1923,7,3,0.2
P12199,MA_TO_CO_JA,E1923,7,3,0.54
P12200,MA_TO_CO_JA,E1923,7,3,0.48
P12201,MA_TO_CO_JA,E1923,7,3,0.16
P12202,MA_TO_CO_JA,E1923,7,3,0.29
P12203,MA_TO_CO_JA,E1923,7,3,0.6
P12204,MA_TO_CO_JA,E1923,7,3,0.6
P12205,MA_TO_CO_JA,E1924,7,3,0.32
P12206,PN_PIQ,E1925,7,3,0.32
P12207,PN_PIQ,E1925,7,3,0.21
P12208,PN_PIQ,E1925,7,3,0.71
P12209,PN_PIQ,E1925,7,3,0.2
P12210,PN_PIQ,E1925,7,3,0.24
P12211,PN_PIQ,E1925,7,3,0.48
P12212,PN_PIQ,E1926,7,3,0.25
P12213,PN_PIQ,E1926,7,3,0.4
P12214,PN_PIQ,E1926,7,3,0.4
P12215,PN_PIQ,E1926,7,3,0.25
P12216,IG_PLA,E1926,7,3,1.18
P12217,IG_PLA,E1926,7,3,0.53
P12218,IG_PLA,E1926,7,3,0.41
P12219,PN_PIQ,E1926,7,3,0.8
P12220,PN_PIQ,E1926,7,3,0.22
P12221,IG_PLA,E1926,7,3,1.7
P12222,MA_TO_CO_JA,E1927,7,3,0.12
P12223,MA_TO_CO_JA,E1927,7,3,0.26
P12224,MA_TO_CO_JA,E1927,7,3,0.2
P12226,MA_TO_CO_JA,E1927,7,3,0.39
P12227,PN_PIQ,E1928,7,3,0.38
P12228,PN_PIQ,E1928,7,3,0.49
P12229,PN_PIQ,E1928,7,3,0.31
P12230,PN_PIQ,E1928,7,3,2.1
P12231,PN_PIQ,E1928,7,3,0.52
P12232,PN_PIQ,E1928,7,3,0.07
P12233,PN_PIQ,E1928,7,3,0.13
P12234,PN_PIQ,E1928,7,3,0.22
P12235,MA_TO_CO_JA,E1929,7,3,0.52
P12236,MA_TO_CO_JA,E1929,7,3,0.24
P12237,MA_TO_CO_JA,E1929,7,3,0.12
P12238,MA_TO_CO_JA,E1929,7,3,0.27
P12239,PN_PIQ,E1930,7,3,1.34
P12240,PN_PIQ,E1930,7,3,0.4
P12241,PN_PIQ,E1931,7,3,0.37
P12242,PN_PIQ,E1931,7,3,0.25
P12243,PN_PIQ,E1931,7,3,0.27
P12244,BC_GTMG,E1931,7,3,0.08
P12245,PN_PIQ,E1931,7,3,0.09
P12246,MA_TO_CO_JA,E1932,7,3,0.71
P12247,MA_TO_CO_JA,E1932,7,3,0.24
P12248,MA_TO_CO_JA,E1933,7,3,1.49
P12249,MA_TO_CO_JA,E1933,7,3,1.28
P12250,MA_TO_CO_JA,E1933,7,3,0.62
P12251,MA_TO_CO_JA,E1934,7,3,0.3
P12252,MA_TO_CO_JA,E1934,7,3,0.55
P12253,MA_TO_CO_JA,E1934,7,3,0.49
P12254,PN_PIQ,E1935,7,3,0.23
P12255,PN_PIQ,E1935,7,3,0.77
P12256,PN_PIQ,E1935,7,3,0.41
P12257,PN_PIQ,E1935,7,3,0.56
P12258,PN_PIQ,E1935,7,3,0.73
P12259,PN_PIQ,E1935,7,3,0.11
P12260,PN_PIQ,E1935,7,3,0.12
P12261,PN_PIQ,E1935,7,3,0.16
P12262,BC_GTMG,E1936,2,2,2.67
P12263,BC_GTMG,E1936,2,2,1.29
P12264,BC_GTMG,E1936,2,2,0.15
P12265,BC_GTMG,E1936,2,2,2.09
P12266,BC_GTMG,E1936,2,2,0.3
P12267,BC_GTMG,E1936,2,2,0.33
P12268,BC_GTMG,E1936,2,2,0.02
P12269,MA_TO_CO_JA,E1937,7,3,0.15
P12270,MA_TO_CO_JA,E1937,7,3,0.6
P12271,PN_PIQ,E1938,7,3,3.54
P12272,PN_PIQ,E1938,7,3,0.45
P12273,PN_PIQ,E1938,7,3,0.7
P12274,PN_PIQ,E1938,7,3,1.12
P12276,MA_TO_CO_JA,E1939,2,2,0.59
P12277,MA_ROTA,E1939,2,2,0.4
P12278,MA_TO_CO_JA,E1939,2,2,0.37
P12279,MA_ROTA,E1939,2,2,1.13
P12280,CS_BT_NIM,E1940,4,1,0.88
P12281,IG_TUT,E1940,4,1,0.37
P12282,PN_PIQ,E1940,4,1,0.96
P12284,IG_TUT,E1940,4,1,0.95
P12285,PN_PIQ,E1941,1,2,0.48
P12286,PN_PIQ,E1941,1,2,0.33
P12287,PN_PIQ,E1941,1,2,1.44
P12288,PN_PIQ,E1941,1,2,0.07
P12290,PN_PIQ,E1942,2,2,0.69
P12291,PN_PIQ,E1943,7,3,0.84
P12292,IG_PLA,E1943,7,3,0.45
P12293,IG_PLA,E1943,7,3,1.54
P12294,PN_PIQ,E1943,7,3,1.35
P12295,IG_PLA,E1943,7,3,0.4
P12296,IG_PLA,E1943,7,3,0.64
P12297,PN_PIQ,E1944,7,3,0.56
P12298,PN_PIQ,E1944,7,3,0.07
P12299,PN_PIQ,E1944,7,3,0.72
P12300,PN_PIQ,E1944,7,3,0.14
P12301,PN_PIQ,E1944,7,3,0.13
P12302,PN_PIQ,E1944,7,3,0.09
P12303,PN_PIQ,E1944,7,3,0.08
P12304,PN_PIQ,E1944,7,3,0.04
P12305,MA_ROTA,E1945,3,2,1.56
P12306,MA_ROTA,E1945,3,2,0.74
P12307,MA_TO_CO_JA,E1945,3,2,0.49
P12308,MA_ROTA,E1945,3,2,1.02
P12309,MA_ROTA,E1945,3,2,0.16
P12310,MA_ROTA,E1945,3,2,0.13
P12311,MA_ROTA,E1945,3,2,0.92
P12312,MA_ROTA,E1945,3,2,1.61
P12313,MA_TO_CO_JA,E1945,3,2,0.56
P12314,MA_ROTA,E1945,3,2,3.61
P12315,MA_ROTA,E1945,3,2,0.36
P12316,MA_ROTA,E1945,3,2,0.64
P12317,MA_ROTA,E1945,3,2,1.23
P12318,MA_ROTA,E1945,3,2,1.78
P12319,PN_PIQ,E1946,7,3,0.11
P12320,PN_PIQ,E1946,7,3,0.45
P12321,PN_PIQ,E1946,7,3,0.39
P12322,PN_PIQ,E1946,7,3,0.11
P12323,PN_PIQ,E1947,7,3,0.3
P12324,IG_PLA,E1947,7,3,0.67
P12325,PN_PIQ,E1947,7,3,0.57
P12326,PN_PIQ,E1947,7,3,0.64
P12327,IG_PLA,E1947,7,3,0.53
P12328,MA_TO_CO_JA,E1948,7,3,0.51
P12329,MA_TO_CO_JA,E1948,7,3,0.33
P12330,MA_TO_CO_JA,E1948,7,3,0.09
P12331,MA_TO_CO_JA,E1949,6,1,0.12
P12332,MA_TO_CO_JA,E1949,6,1,0.27
P12333,MA_TO_CO_JA,E1949,6,1,0.06
P12334,MA_TO_CO_JA,E1949,6,1,1.04
P12335,MA_TO_CO_JA,E1950,7,3,0.62
P12336,MA_TO_CO_JA,E1950,7,3,0.47
P12337,MA_TO_CO_JA,E1950,7,3,0.79
P12338,BC_BT,E1951,4,1,3.61
P12339,IG_TUT,E1951,4,1,0.69
P12340,MA_TO_CO_JA,E1952,7,3,0.38
P12341,MA_TO_CO_JA,E1952,7,3,0.44
P12342,MA_TO_CO_JA,E1952,7,3,0.15
P12343,MA_TO_CO_JA,E1952,7,3,0.51
P12344,MA_TO_CO_JA,E1952,7,3,0.21
P12345,MA_TO_CO_JA,E1952,7,3,1.21
P12346,MA_TO_CO_JA,E1952,7,3,0.15
P12347,MA_ROTA,E1953,1,2,1.91
P12348,MA_TO_CO_JA,E1954,4,1,1.02
P12349,MA_TO_CO_JA,E1954,4,1,3.26
P12350,MA_TO_CO_JA,E1954,4,1,2.38
P12351,MA_TO_CO_JA,E1954,4,1,1.27
P12352,MA_TO_CO_JA,E1954,4,1,1.19
P12353,MA_TO_CO_JA,E1954,4,1,0.47
P12354,MA_TO_CO_JA,E1954,4,1,1.4
P12355,MA_TO_CO_JA,E1954,4,1,0.6
P12356,MA_TO_CO_JA,E1954,4,1,1.29
P12357,MA_TO_CO_JA,E1954,4,1,0.59
P12358,MA_TO_CO_JA,E1954,4,1,4.1
P12359,MA_TO_CO_JA,E1954,4,1,0.98
P12360,MA_TO_CO_JA,E1954,4,1,0.98
P12361,MA_TO_CO_JA,E1954,4,1,0.99
P12362,MA_TO_CO_JA,E1954,4,1,0.19
P12363,MA_TO_CO_JA,E1954,4,1,0.27
P12364,MA_TO_CO_JA,E1954,4,1,1.57
P12365,MA_TO_CO_JA,E1955,4,1,1.32
P12366,MA_TO_CO_JA,E1955,4,1,0.33
P12367,BC_GTMG,E1956,3,2,2.14
P12368,IG_PLA,E1956,3,2,0.64
P12369,MA_TO_CO_JA,E1957,3,2,0.78
P12370,MA_TO_CO_JA,E1957,3,2,0.66
P12371,MA_ROTA,E1957,3,2,0.46
P12372,MA_TO_CO_JA,E1957,3,2,0.68
P12373,MA_TO_CO_JA,E1957,3,2,0.39
P12374,MA_ROTA,E1957,3,2,0.79
P12375,IG_PLA,E1958,2,2,0.66
P12378,MA_TO_CO_JA,E1959,4,1,0.5
P12379,IG_PLA,E1960,7,3,0.71
P12380,IG_PLA,E1960,7,3,1.02
P12381,PN_PIQ,E1960,7,3,4.55
P12382,PN_PIQ,E1961,7,3,0.89
P12383,IG_PLA,E1961,7,3,1.22
P12384,IG_PLA,E1961,7,3,0.1
P12385,IG_PLA,E1961,7,3,0.12
P12386,MA_ROTA,E1962,1,2,0.92
P12388,MA_ROTA,E1962,1,2,0.26
P12389,MA_ROTA,E1962,1,2,2.08
P12390,MA_ROTA,E1962,1,2,1.02
P12391,MA_ROTA,E1962,1,2,1.46
P12392,MA_TO_CO_JA,E1963,4,1,1.4
P12393,MA_TO_CO_JA,E1964,7,3,0.69
P12394,MA_TO_CO_JA,E1964,7,3,0.18
P12395,MA_TO_CO_JA,E1964,7,3,0.29
P12396,MA_TO_CO_JA,E1965,7,3,0.35
P12397,MA_TO_CO_JA,E1965,7,3,0.41
P12398,MA_TO_CO_JA,E1965,7,3,0.44
P12399,MA_TO_CO_JA,E1966,7,3,0.31
P12400,MA_TO_CO_JA,E1966,7,3,0.22
P12401,MA_TO_CO_JA,E1966,7,3,0.5
P12402,MA_TO_CO_JA,E1966,7,3,0.32
P12403,MA_TO_CO_JA,E1966,7,3,0.75
P12404,PN_PIQ,E1967,4,1,1.54
P12405,PN_PIQ,E1967,4,1,3.77
P12406,PN_PIQ,E1967,4,1,0.19
P12407,PN_PIQ,E1967,4,1,2.05
P12408,PN_PIQ,E1967,4,1,1.22
P12409,PN_PIQ,E1967,4,1,1.93
P12410,PN_PIQ,E1967,4,1,0.66
P12411,BC_GTMG,E1968,1,2,0.04
P12412,IG_PLA,E1968,1,2,0.15
P12413,IG_PLA,E1968,1,2,0.62
P12414,BC_GTMG,E1968,1,2,0.53
P12415,BC_GTMG,E1968,1,2,0.32
P12416,BC_GTMG,E1968,1,2,0.52
P12417,IG_PLA,E1968,1,2,1.03
P12418,IG_PLA,E1968,1,2,0.25
P12419,IG_PLA,E1968,1,2,0.48
P12420,IG_PLA,E1968,1,2,0.3
P12421,BC_GTMG,E1968,1,2,0.13
P12422,BC_GTMG,E1968,1,2,0.44
P12423,IG_PLA,E1968,1,2,0.06
P12424,BC_BT,E1969,4,1,1.47
P12425,BC_BT,E1969,4,1,1.03
P12426,IG_TUT,E1969,4,1,0.1
P12427,IG_TUT,E1969,4,1,0.2
P12428,MA_TO_CO_JA,E1970,4,1,1.6
P12429,MA_TO_CO_JA,E1970,4,1,2.07
P12431,MA_TO_CO_JA,E1970,4,1,0.98
P12432,MA_TO_CO_JA,E1970,4,1,0.59
P12433,MA_TO_CO_JA,E1970,4,1,0.64
P12434,MA_TO_CO_JA,E1970,4,1,0.48
P12435,MA_TO_CO_JA,E1970,4,1,1.0
P12436,MA_TO_CO_JA,E1970,4,1,1.47
P12437,MA_TO_CO_JA,E1970,4,1,0.82
P12438,MA_TO_CO_JA,E1970,4,1,2.52
P12439,MA_ROTA,E1970,4,1,1.21
P12441,MA_TO_CO_JA,E1970,4,1,0.66
P12443,MA_TO_CO_JA,E1970,4,1,1.22
P12444,MA_TO_CO_JA,E1970,4,1,0.48
P12445,MA_TO_CO_JA,E1970,4,1,0.19
P12446,MA_TO_CO_JA,E1970,4,1,1.29
P12447,MA_TO_CO_JA,E1970,4,1,3.2
P12448,MA_TO_CO_JA,E1970,4,1,1.65
P12449,MA_TO_CO_JA,E1970,4,1,2.14
P12450,MA_TO_CO_JA,E1970,4,1,0.29
P12451,MA_TO_CO_JA,E1970,4,1,0.53
P12452,MA_TO_CO_JA,E1970,4,1,0.22
P12454,MA_TO_CO_JA,E1970,4,1,0.68
P12455,MA_TO_CO_JA,E1970,4,1,0.19
P12458,MA_TO_CO_JA,E1970,4,1,1.24
P12459,MA_TO_CO_JA,E1970,4,1,0.5
P12460,MA_TO_CO_JA,E1970,4,1,0.75
P12462,MA_TO_CO_JA,E1970,4,1,0.92
P12463,BC_GTMG,E1971,3,2,0.77
P12464,BC_GTMG,E1971,3,2,0.88
P12465,BC_GTMG,E1971,3,2,0.32
P12466,BC_GTMG,E1971,3,2,0.43
P12467,BC_GTMG,E1971,3,2,1.37
P12469,BC_GTMG,E1971,3,2,2.23
P12470,BC_GTMG,E1971,3,2,0.99
P12471,BC_GTMG,E1971,3,2,0.19
P12472,BC_GTMG,E1971,3,2,0.16
P12473,BC_GTMG,E1971,3,2,0.43
P12474,PN_PIQ,E1972,7,3,0.4
P12475,IG_PLA,E1972,7,3,0.42
P12476,IG_PLA,E1972,7,3,0.24
P12477,MA_TO_CO_JA,E1973,7,3,0.52
P12478,MA_TO_CO_JA,E1973,7,3,0.58
P12479,IG_PLA,E1974,7,3,0.33
P12480,BC_GTMG,E1974,7,3,0.09
P12481,PN_PIQ,E1974,7,3,0.14
P12482,MA_TO_CO_JA,E1975,7,3,1.04
P12483,MA_TO_CO_JA,E1975,7,3,0.84
P12484,MA_TO_CO_JA,E1975,7,3,0.1
P12485,MA_TO_CO_JA,E1975,7,3,0.38
P12486,MA_TO_CO_JA,E1975,7,3,0.05
P12487,MA_TO_CO_JA,E1975,7,3,0.61
P12488,MA_TO_CO_JA,E1976,7,3,0.89
P12489,MA_TO_CO_JA,E1976,7,3,0.6
P12490,MA_TO_CO_JA,E1976,7,3,0.34
P12491,MA_TO_CO_JA,E1976,7,3,0.22
P12492,PN_PIQ,E1977,7,3,1.13
P12493,IG_PLA,E1977,7,3,0.37
P12494,IG_PLA,E1977,7,3,0.99
P12495,IG_PLA,E1977,7,3,0.83
P12496,BC_GTMG,E1977,7,3,0.55
P12497,IG_PLA,E1977,7,3,0.33
P12498,IG_PLA,E1977,7,3,0.51
P12499,PN_PIQ,E1978,7,3,0.55
P12500,PN_PIQ,E1978,7,3,0.98
P12501,PN_PIQ,E1979,7,3,0.35
P12502,PN_PIQ,E1979,7,3,0.09
P12503,IG_PLA,E1979,7,3,0.57
P12504,IG_PLA,E1979,7,3,0.24
P12505,MA_TO_CO_JA,E1980,7,3,0.82
P12506,MA_TO_CO_JA,E1980,7,3,1.06
P12507,MA_TO_CO_JA,E1980,7,3,0.95
P12508,PN_PIQ,E1981,7,3,3.38
P12509,IG_PLA,E1981,7,3,0.51
P12510,IG_PLA,E1981,7,3,0.35
P12511,MA_TO_CO_JA,E1982,7,3,0.91
P12512,MA_ROTA,E1983,2,2,0.66
P12513,MA_ROTA,E1983,2,2,0.64
P12514,MA_ROTA,E1983,2,2,1.04
P12515,MA_ROTA,E1983,2,2,2.74
P12516,MA_ROTA,E1983,2,2,0.72
P12517,MA_ROTA,E1983,2,2,0.04
P12518,MA_TO_CO_JA,E1984,4,1,4.51
P12519,MA_TO_CO_JA,E1984,4,1,1.02
P12520,MA_TO_CO_JA,E1984,4,1,1.02
P12521,MA_TO_CO_JA,E1984,4,1,5.12
P12522,PN_PIQ,E1985,3,2,0.94
P12523,PN_PIQ,E1985,3,2,2.15
P12524,PN_PIQ,E1985,3,2,0.05
P12525,PN_PIQ,E1985,3,2,0.3
P12526,MA_ROTA,E1986,3,2,1.34
P12527,MA_ROTA,E1986,3,2,0.44
P12528,MA_ROTA,E1986,3,2,0.88
P12529,MA_TO_CO_JA,E1987,7,3,0.51
P12530,IG_PLA,E1988,2,2,1.24
P12531,BC_GTMG,E1988,1,2,0.89
P12532,BC_GTMG,E1988,2,2,0.1
P12533,BC_GTMG,E1988,1,2,0.07
P12534,IG_PLA,E1988,1,2,0.36
P12535,IG_PLA,E1988,1,2,0.42
P12536,MA_TO_CO_JA,E1989,3,2,0.97
P12538,MA_ROTA,E1989,3,2,0.5
P12539,MA_ROTA,E1989,3,2,1.09
P12540,IG_PLA,E1990,3,2,2.21
P12541,BC_GTMG,E1990,3,2,1.29
P12542,MA_TO_CO_JA,E1991,3,2,1.31
P12543,MA_TO_CO_JA,E1991,3,2,0.85
P12545,MA_TO_CO_JA,E1991,3,2,0.67
P12546,MA_TO_CO_JA,E1991,3,2,2.47
P12547,MA_TO_CO_JA,E1991,3,2,0.61
P12548,MA_ROTA,E1991,3,2,0.26
P12549,MA_ROTA,E1991,3,2,0.12
P12550,MA_ROTA,E1991,3,2,1.05
P12552,MA_TO_CO_JA,E1991,3,2,1.45
P12554,MA_ROTA,E1991,3,2,0.29
P12555,MA_ROTA,E1991,3,2,0.11
P12556,MA_TO_CO_JA,E1992,2,2,0.45
P12557,IG_PLA,E1993,7,3,1.12
P12558,IG_PLA,E1993,7,3,1.16
P12559,PN_PIQ,E1993,7,3,2.17
P12560,IG_PLA,E1993,7,3,1.03
P12561,PN_PIQ,E1993,7,3,0.42
P12562,IG_PLA,E1993,7,3,0.68
P12563,BC_GTMG,E1994,3,2,0.89
P12564,BC_GTMG,E1994,3,2,1.01
P12565,MA_ROTA,E1995,3,2,1.9
P12566,MA_ROTA,E1995,3,2,0.07
P12567,PN_PIQ,E1996,7,3,0.7
P12568,PN_PIQ,E1996,7,3,0.43
P12569,PN_PIQ,E1996,7,3,0.53
P12570,PN_PIQ,E1996,7,3,0.51
P12571,PN_PIQ,E1996,7,3,0.46
P12572,PN_PIQ,E1997,7,3,0.42
P12573,IG_PLA,E1997,7,3,0.63
P12574,IG_PLA,E1997,7,3,0.08
P12575,PN_PIQ,E1998,7,3,0.48
P12576,PN_PIQ,E1998,7,3,0.41
P12577,PN_PIQ,E1998,7,3,0.5
P12578,PN_PIQ,E1998,7,3,0.89
P12579,IG_PLA,E1999,7,3,0.28
P12580,PN_PIQ,E1999,7,3,0.75
P12581,MA_TO_CO_JA,E2000,7,3,1.34
P12582,PN_PIQ,E2001,7,3,2.3
P12583,IG_PLA,E2001,7,3,0.32
P12584,IG_PLA,E2001,7,3,0.26
P12585,IG_PLA,E2001,7,3,0.16
P12586,IG_PLA,E2002,7,3,0.19
P12587,PN_PIQ,E2002,7,3,0.65
P12588,IG_PLA,E2002,7,3,0.46
P12589,IG_PLA,E2002,7,3,0.14
P12590,PN_PIQ,E2002,7,3,1.38
P12591,PN_PIQ,E2002,7,3,0.44
P12592,PN_PIQ,E2002,7,3,0.4
P12593,IG_PLA,E2002,7,3,0.79
P12594,IG_PLA,E2002,7,3,0.41
P12595,IG_PLA,E2002,7,3,0.19
P12596,IG_PLA,E2002,7,3,0.25
P12597,PN_PIQ,E2003,7,3,0.15
P12598,PN_PIQ,E2003,7,3,0.12
P12599,PN_PIQ,E2003,7,3,0.32
P12600,PN_PIQ,E2003,7,3,0.08
P12601,MA_TO_CO_JA,E2004,7,3,1.16
P12602,MA_TO_CO_JA,E2004,7,3,0.05
P12603,MA_TO_CO_JA,E2004,7,3,0.62
P12604,MA_TO_CO_JA,E2004,7,3,0.86
P12605,MA_TO_CO_JA,E2004,7,3,2.0
P12607,MA_TO_CO_JA,E2005,7,3,0.9
P12608,MA_TO_CO_JA,E2005,7,3,0.95
P12609,MA_TO_CO_JA,E2006,7,3,0.63
P12610,PN_PIQ,E2007,7,3,0.43
P12611,IG_PLA,E2007,7,3,0.71
P12612,IG_PLA,E2007,7,3,0.1
P12613,IG_PLA,E2007,7,3,0.3
P12614,BC_GTMG,E2007,7,3,0.12
P12615,PN_PIQ,E2007,7,3,0.22
P12616,MA_TO_CO_JA,E2008,4,1,1.93
P12617,MA_TO_CO_JA,E2008,4,1,1.75
P12618,MA_TO_CO_JA,E2008,4,1,0.22
P12619,PN_PIQ,E2009,7,3,0.82
P12620,PN_PIQ,E2009,7,3,0.39
P12621,PN_PIQ,E2009,7,3,0.25
P12622,PN_PIQ,E2010,7,3,0.25
P12623,PN_PIQ,E2010,7,3,1.0
P12624,PN_PIQ,E2010,7,3,0.42
P12625,PN_PIQ,E2010,7,3,1.16
P12626,PN_PIQ,E2010,7,3,0.5
P12627,PN_PIQ,E2010,7,3,0.29
P12628,PN_PIQ,E2010,7,3,0.38
P12629,PN_PIQ,E2010,7,3,0.46
P12630,PN_PIQ,E2010,7,3,1.0
P12632,PN_PIQ,E2011,3,2,0.85
P12634,PN_PIQ,E2011,3,2,0.27
P12635,MA_TO_CO_JA,E2012,4,1,2.06
P12636,MA_ROTA,E2013,2,2,0.07
P12637,MA_ROTA,E2013,2,2,0.55
P12638,MA_ROTA,E2013,2,2,1.78
P12639,MA_ROTA,E2013,2,2,0.96
P12640,MA_ROTA,E2013,2,2,0.83
P12641,MA_ROTA,E2013,2,2,0.16
P12642,MA_ROTA,E2013,2,2,0.92
P12643,PN_PIQ,E2014,7,3,0.93
P12644,PN_PIQ,E2014,7,3,0.57
P12645,PN_PIQ,E2015,7,3,0.33
P12646,PN_PIQ,E2015,7,3,0.32
P12647,BC_GTMG,E2015,7,3,0.19
P12648,PN_PIQ,E2015,7,3,0.89
P12649,PN_PIQ,E2015,7,3,0.38
P12650,PN_PIQ,E2016,2,2,0.07
P12651,PN_PIQ,E2016,2,2,0.03
P12652,PN_PIQ,E2016,2,2,0.09
P12653,PN_PIQ,E2016,2,2,1.11
P12654,PN_PIQ,E2016,2,2,0.17
P12655,PN_PIQ,E2017,7,3,0.5
P12656,PN_PIQ,E2017,7,3,0.8
P12657,IG_PLA,E2017,7,3,0.38
P12658,IG_PLA,E2017,7,3,0.61
P12659,IG_PLA,E2018,7,3,0.47
P12660,PN_PIQ,E2018,7,3,0.58
P12661,IG_PLA,E2018,7,3,0.47
P12662,IG_PLA,E2018,7,3,0.39
P12663,IG_PLA,E2018,7,3,0.2
P12664,PN_PIQ,E2018,7,3,0.73
P12665,MA_ROTA,E2019,3,2,0.95
P12666,PN_PIQ,E2020,2,2,0.39
P12667,BC_GTMG,E2021,3,2,2.81
P12668,IG_PLA,E2021,3,2,1.77
P12669,BC_GTMG,E2021,3,2,3.56
P12670,IG_PLA,E2021,3,2,0.13
P12671,MA_TO_CO_JA,E2022,7,3,0.4
P12672,MA_TO_CO_JA,E2022,7,3,0.75
P12673,MA_TO_CO_JA,E2023,4,1,0.45
P12674,MA_TO_CO_JA,E2023,4,1,0.51
P12675,MA_TO_CO_JA,E2023,4,1,0.64
P12676,MA_TO_CO_JA,E2023,4,1,0.33
P12677,MA_TO_CO_JA,E2023,4,1,0.24
P12678,IG_PLA,E2024,7,3,0.82
P12679,PN_PIQ,E2024,7,3,0.7
P12680,IG_PLA,E2024,7,3,0.38
P12681,MA_TO_CO_JA,E2025,4,1,0.39
P12682,MA_TO_CO_JA,E2025,4,1,0.48
P12686,MA_TO_CO_JA,E2025,4,1,1.12
P12687,MA_TO_CO_JA,E2025,4,1,1.17
P12688,MA_TO_CO_JA,E2025,4,1,0.07
P12689,MA_TO_CO_JA,E2025,4,1,1.09
P12690,MA_TO_CO_JA,E2025,4,1,1.41
P12691,MA_TO_CO_JA,E2025,4,1,1.42
P12692,MA_TO_CO_JA,E2025,4,1,0.87
P12693,MA_TO_CO_JA,E2025,4,1,0.98
P12695,MA_ROTA,E2026,3,2,0.22
P12696,PN_PIQ,E2027,7,3,0.34
P12697,PN_PIQ,E2027,7,3,0.1
P12698,PN_PIQ,E2027,7,3,0.41
P12699,PN_PIQ,E2027,7,3,0.91
P12700,MA_ROTA,E2028,3,2,1.51
P12701,MA_ROTA,E2028,3,2,0.31
P12702,IG_PLA,E2029,7,3,0.19
P12703,PN_PIQ,E2029,7,3,1.85
P12704,BC_GTMG,E2029,7,3,0.58
P12705,PN_PIQ,E2029,7,3,0.59
P12706,IG_PLA,E2029,7,3,1.35
P12707,PN_PIQ,E2029,7,3,0.47
P12708,PN_PIQ,E2030,7,3,0.67
P12709,PN_PIQ,E2030,7,3,2.68
P12712,PN_PIQ,E2031,7,3,1.02
P12713,PN_PIQ,E2031,7,3,0.19
P12714,PN_PIQ,E2031,7,3,0.47
P12715,PN_PIQ,E2031,7,3,0.22
P12716,PN_PIQ,E2032,4,1,1.39
P12717,PN_PIQ,E2032,4,1,0.58
P12718,PN_PIQ,E2032,4,1,0.67
P12719,PN_PIQ,E2032,4,1,0.57
P12720,PN_PIQ,E2033,7,3,0.65
P12721,PN_PIQ,E2033,7,3,0.54
P12722,PN_PIQ,E2033,7,3,1.15
P12723,PN_PIQ,E2033,7,3,0.39
P12724,PN_PIQ,E2033,7,3,2.08
P12725,PN_PIQ,E2033,7,3,0.44
P12726,MA_TO_CO_JA,E2034,7,3,0.45
P12727,MA_TO_CO_JA,E2034,7,3,0.5
P12728,MA_TO_CO_JA,E2034,7,3,0.42
P12729,PN_PIQ,E2035,7,3,0.21
P12730,PN_PIQ,E2035,7,3,0.39
P12731,PN_PIQ,E2035,7,3,0.24
P12732,PN_PIQ,E2036,7,3,0.89
P12733,PN_PIQ,E2036,7,3,1.08
P12734,IG_PLA,E2036,7,3,0.15
P12735,IG_PLA,E2036,7,3,0.1
P12736,IG_PLA,E2036,7,3,0.37
P12737,IG_PLA,E2036,7,3,0.39
P12738,IG_PLA,E2036,7,3,0.34
P12739,BC_GTMG,E2037,3,2,0.84
P12740,IG_PLA,E2037,3,2,0.41
P12742,IG_PLA,E2037,3,2,2.19
P12743,BC_GTMG,E2037,3,2,0.76
P12744,BC_GTMG,E2037,3,2,0.98
P12746,IG_PLA,E2037,3,2,3.11
P12747,PN_PIQ,E2038,7,3,1.05
P12748,IG_PLA,E2038,7,3,0.62
P12749,BC_GTMG,E2038,7,3,0.26
P12750,IG_PLA,E2038,7,3,0.15
P12751,PN_PIQ,E2038,7,3,0.11
P12752,IG_PLA,E2038,7,3,1.31
P12753,IG_PLA,E2038,7,3,0.24
P12754,MA_TO_CO_JA,E2039,7,3,1.21
P12755,MA_TO_CO_JA,E2039,7,3,1.07
P12756,IG_TUT,E2040,4,1,1.86
P12758,PN_PIQ,E2040,4,1,0.86
P12759,MA_TO_CO_JA,E2041,7,3,0.64
P12760,MA_TO_CO_JA,E2041,7,3,0.64
P12761,MA_TO_CO_JA,E2041,7,3,0.49
P12762,PN_PIQ,E2042,7,3,0.6
P12763,PN_PIQ,E2042,7,3,0.15
P12764,PN_PIQ,E2042,7,3,0.14
P12765,PN_PIQ,E2042,7,3,0.1
P12767,MA_TO_CO_JA,E2043,3,2,1.05
P12769,MA_TO_CO_JA,E2043,3,2,0.9
P12770,MA_TO_CO_JA,E2043,3,2,0.62
P12771,MA_TO_CO_JA,E2043,3,2,0.8
P12772,MA_TO_CO_JA,E2043,3,2,0.13
P12773,MA_TO_CO_JA,E2043,3,2,0.36
P12774,PN_PIQ,E2044,7,3,1.86
P12775,IG_PLA,E2044,7,3,0.21
P12776,IG_PLA,E2044,7,3,0.35
P12777,IG_PLA,E2045,3,2,0.6
P12778,BC_GTMG,E2045,3,2,1.94
P12779,IG_PLA,E2045,3,2,4.81
P12780,BC_GTMG,E2045,3,2,1.29
P12781,MA_TO_CO_JA,E2046,4,1,0.67
P12782,IG_PLA,E2047,7,3,0.48
P12783,IG_PLA,E2047,7,3,0.2
P12784,IG_PLA,E2047,7,3,0.23
P12785,PN_PIQ,E2047,7,3,0.52
P12786,IG_PLA,E2047,7,3,0.33
P12787,PN_PIQ,E2047,7,3,0.41
P12788,PN_PIQ,E2048,7,3,0.54
P12789,PN_PIQ,E2048,7,3,0.66
P12790,PN_PIQ,E2048,7,3,0.81
P12791,PN_PIQ,E2048,7,3,0.35
P12792,IG_PLA,E2049,3,2,0.13
P12793,PN_PIQ,E2049,3,2,1.58
P12794,IG_PLA,E2049,3,2,0.62
P12795,BC_GTMG,E2049,3,2,1.04
P12796,IG_PLA,E2049,3,2,3.33
P12797,PN_PIQ,E2049,3,2,1.29
P12798,MA_ROTA,E2050,3,2,2.1
P12799,MA_ROTA,E2051,3,2,0.39
P12800,MA_ROTA,E2051,3,2,1.98
P12801,MA_ROTA,E2051,3,2,2.86
P12803,MA_TO_CO_JA,E2052,3,2,1.11
P12804,MA_TO_CO_JA,E2052,3,2,0.38
P12805,MA_ROTA,E2053,3,2,0.31
P12806,IG_PLA,E2054,3,2,0.69
P12807,IG_PLA,E2054,3,2,1.42
P12808,IG_PLA,E2054,3,2,0.75
P12809,BC_GTMG,E2054,3,2,1.61
P12810,IG_PLA,E2054,3,2,2.16
P12811,IG_PLA,E2054,3,2,0.25
P12812,BC_GTMG,E2054,3,2,2.05
P12813,IG_PLA,E2054,3,2,0.2
P12814,MA_TO_CO_JA,E2055,7,3,0.71
P12815,MA_TO_CO_JA,E2055,7,3,0.46
P12816,MA_TO_CO_JA,E2056,4,1,0.66
P12817,MA_TO_CO_JA,E2056,4,1,0.28
P12818,MA_TO_CO_JA,E2057,7,3,0.89
P12819,MA_TO_CO_JA,E2057,7,3,0.56
P12820,MA_ROTA,E2058,3,2,0.49
P12822,MA_ROTA,E2058,3,2,0.68
P12823,IG_PLA,E2059,2,2,0.53
P12824,PN_PIQ,E2059,2,2,0.44
P12825,IG_PLA,E2059,2,2,0.16
P12826,PN_PIQ,E2060,7,3,0.98
P12827,IG_PLA,E2060,7,3,0.41
P12828,PN_PIQ,E2061,7,3,0.77
P12829,IG_PLA,E2061,7,3,0.42
P12830,IG_PLA,E2061,7,3,0.87
P12831,MA_ROTA,E2062,1,2,1.58
P12832,MA_ROTA,E2062,1,2,1.86
P12833,MA_ROTA,E2062,1,2,2.78
P12834,MA_ROTA,E2062,1,2,0.74
P12835,MA_ROTA,E2062,1,2,0.42
P12836,MA_ROTA,E2063,3,2,2.07
P12837,MA_ROTA,E2063,3,2,0.09
P12838,MA_ROTA,E2063,3,2,0.91
P12840,MA_ROTA,E2063,3,2,0.56
P12841,BC_GTMG,E2064,1,2,0.7
P12842,BC_GTMG,E2064,1,2,0.56
P12843,BC_GTMG,E2064,1,2,0.24
P12844,BC_GTMG,E2064,1,2,0.13
P12845,PN_PIQ,E2065,7,3,0.78
P12846,PN_PIQ,E2065,7,3,0.13
P12847,PN_PIQ,E2065,7,3,0.9
P12848,BC_GTMG,E2066,1,2,0.31
P12849,BC_GTMG,E2066,1,2,2.4
P12850,BC_GTMG,E2066,1,2,0.57
P12852,BC_GTMG,E2066,1,2,2.53
P12853,BC_GTMG,E2066,1,2,0.07
P12854,BC_GTMG,E2066,1,2,0.51
P12855,BC_GTMG,E2066,1,2,1.37
P12856,BC_GTMG,E2066,1,2,0.09
P12857,BC_GTMG,E2066,1,2,0.32
P12858,BC_GTMG,E2066,1,2,0.44
P12859,BC_GTMG,E2066,1,2,0.69
P12860,BC_GTMG,E2066,1,2,0.11
P12861,BC_GTMG,E2066,1,2,0.67
P12862,BC_GTMG,E2066,1,2,0.21
P12863,BC_GTMG,E2066,1,2,0.5
P12864,BC_GTMG,E2066,1,2,0.2
P12865,BC_GTMG,E2066,1,2,0.3
P12866,BC_GTMG,E2066,1,2,1.0
P12867,PN_PIQ,E2067,7,3,0.38
P12868,PN_PIQ,E2067,7,3,0.7
P12869,MA_ROTA,E2068,3,2,0.75
P12870,MA_ROTA,E2068,3,2,1.47
P12872,MA_ROTA,E2068,3,2,0.23
P12873,MA_ROTA,E2068,3,2,1.01
P12874,PN_PIQ,E2069,7,3,0.82
P12875,PN_PIQ,E2069,7,3,0.25
P12876,PN_PIQ,E2069,7,3,0.4
P12877,PN_PIQ,E2069,7,3,1.12
P12878,PN_PIQ,E2069,7,3,0.21
P12879,BC_GTMG,E2070,2,2,0.38
P12880,BC_GTMG,E2070,2,2,0.39
P12881,BC_GTMG,E2070,2,2,0.2
P12882,BC_GTMG,E2070,2,2,0.29
P12883,BC_GTMG,E2070,2,2,0.54
P12884,PN_PIQ,E2071,7,3,0.67
P12885,IG_PLA,E2071,7,3,0.25
P12886,IG_PLA,E2071,7,3,1.1
P12887,IG_PLA,E2071,7,3,0.32
P12888,PN_PIQ,E2071,7,3,0.97
P12889,BC_GTMG,E2072,2,2,0.71
P12890,BC_GTMG,E2072,2,2,0.68
P12891,BC_GTMG,E2072,2,2,0.23
P12892,BC_GTMG,E2072,2,2,0.92
P12893,BC_GTMG,E2072,2,2,0.55
P12894,BC_GTMG,E2072,2,2,0.34
P12895,PN_PIQ,E2073,7,3,0.74
P12896,PN_PIQ,E2073,7,3,0.83
P12897,IG_PLA,E2073,7,3,0.36
P12898,IG_PLA,E2073,7,3,0.42
P12899,IG_PLA,E2073,7,3,0.93
P12900,PN_PIQ,E2073,7,3,0.11
P12901,IG_PLA,E2073,7,3,0.24
P12902,PN_PIQ,E2074,7,3,0.57
P12903,PN_PIQ,E2074,7,3,0.39
P12904,PN_PIQ,E2074,7,3,0.24
P12905,PN_PIQ,E2074,7,3,0.88
P12906,PN_PIQ,E2075,7,3,1.26
P12907,IG_PLA,E2075,7,3,0.19
P12908,IG_PLA,E2075,7,3,0.15
P12909,MA_TO_CO_JA,E2076,7,3,1.34
P12910,MA_TO_CO_JA,E2077,7,3,0.71
P12911,MA_TO_CO_JA,E2077,7,3,0.13
P12912,MA_TO_CO_JA,E2077,7,3,0.27
P12913,MA_ROTA,E2078,4,1,1.94
P12914,MA_TO_CO_JA,E2078,4,1,0.72
P12915,MA_TO_CO_JA,E2078,4,1,0.33
P12916,MA_TO_CO_JA,E2078,4,1,0.92
P12917,PN_PIQ,E2079,7,3,0.74
P12918,PN_PIQ,E2079,7,3,2.0
P12919,PN_PIQ,E2079,7,3,0.36
P12920,PN_PIQ,E2079,7,3,0.44
P12921,PN_PIQ,E2079,7,3,0.2
P12922,CS_BT_NIM,E2080,4,1,0.5
P12923,IG_TUT,E2080,4,1,0.37
P12924,CS_BT_NIM,E2080,4,1,1.13
P12925,CS_BT_NIM,E2080,4,1,0.26
P12926,IG_TUT,E2080,4,1,1.21
P12927,IG_TUT,E2080,4,1,1.26
P12928,IG_TUT,E2080,4,1,0.62
P12929,IG_TUT,E2080,4,1,1.51
P12930,CS_BT_NIM,E2080,4,1,0.7
P12931,CS_BT_NIM,E2080,4,1,0.75
P12932,IG_TUT,E2080,4,1,0.23
P12933,IG_TUT,E2080,4,1,0.21
P12934,BC_GTMG,E2081,2,2,2.57
P12935,BC_GTMG,E2081,2,2,1.76
P12936,BC_GTMG,E2082,3,2,1.32
P12937,IG_PLA,E2082,3,2,1.49
P12938,BC_GTMG,E2082,3,2,0.97
P12939,IG_PLA,E2082,3,2,0.59
P12940,IG_PLA,E2082,3,2,1.34
P12941,BC_GTMG,E2082,3,2,0.64
P12942,IG_PLA,E2082,3,2,0.62
P12943,IG_PLA,E2082,3,2,0.98
P12944,BC_GTMG,E2083,3,2,2.59
P12945,BC_GTMG,E2083,3,2,1.38
P12946,BC_GTMG,E2083,3,2,0.28
P12947,BC_GTMG,E2083,3,2,1.72
P12948,BC_GTMG,E2083,3,2,4.89
P12950,BC_GTMG,E2083,3,2,1.08
P12951,MA_TO_CO_JA,E2084,7,3,0.59
P12952,MA_ROTA,E2085,2,2,0.29
P12953,PN_PIQ,E2086,3,2,0.97
P12954,PN_PIQ,E2086,3,2,0.32
P12956,MA_TO_CO_JA,E2087,3,2,0.22
P12957,MA_TO_CO_JA,E2087,3,2,0.39
P12958,MA_TO_CO_JA,E2087,3,2,0.23
P12959,MA_ROTA,E2087,3,2,0.52
P12961,MA_ROTA,E2087,3,2,0.42
P12962,MA_TO_CO_JA,E2087,3,2,0.67
P12963,MA_ROTA,E2088,3,2,2.37
P12966,IG_PLA,E2089,7,3,1.9
P12967,IG_PLA,E2089,7,3,0.51
P12968,PN_PIQ,E2089,7,3,0.45
P12969,PN_PIQ,E2089,7,3,0.84
P12970,PN_PIQ,E2089,7,3,1.16
P12971,IG_PLA,E2089,7,3,0.2
P12972,IG_PLA,E2090,7,3,0.84
P12973,PN_PIQ,E2090,7,3,0.29
P12974,PN_PIQ,E2090,7,3,0.27
P12975,PN_PIQ,E2091,4,1,2.73
P12976,PN_PIQ,E2092,7,3,0.61
P12977,PN_PIQ,E2092,7,3,0.39
P12978,PN_PIQ,E2092,7,3,0.52
P12979,PN_PIQ,E2092,7,3,1.13
P12980,PN_PIQ,E2092,7,3,0.97
P12981,PN_PIQ,E2093,7,3,0.3
P12982,IG_PLA,E2093,7,3,0.25
P12983,IG_PLA,E2093,7,3,1.21
P12984,IG_PLA,E2093,7,3,0.58
P12985,PN_PIQ,E2093,7,3,0.2
P12986,PN_PIQ,E2093,7,3,0.56
P12987,PN_PIQ,E2094,2,2,0.66
P12988,PN_PIQ,E2094,2,2,1.01
P12989,IG_PLA,E2095,2,2,0.85
P12990,BC_GTMG,E2095,2,2,0.41
P12991,BC_GTMG,E2095,2,2,0.37
P12992,MA_TO_CO_JA,E2096,3,2,0.59
P12993,MA_TO_CO_JA,E2096,3,2,0.52
P12994,MA_ROTA,E2096,3,2,0.9
P12995,MA_TO_CO_JA,E2096,3,2,0.87
P12996,MA_TO_CO_JA,E2096,3,2,1.12
P12997,PN_PIQ,E2097,4,1,0.96
P12998,PN_PIQ,E2097,4,1,1.72
P12999,PN_PIQ,E2097,4,1,0.47
P13000,MA_ROTA,E2098,1,2,2.61
P13001,MA_ROTA,E2098,1,2,0.37
P13002,MA_ROTA,E2098,1,2,1.33
P13003,MA_ROTA,E2098,1,2,3.59
P13004,MA_ROTA,E2098,1,2,0.14
P13005,MA_ROTA,E2098,1,2,0.1
P13008,MA_ROTA,E2098,1,2,0.12
P13009,MA_ROTA,E2098,1,2,0.21
P13010,MA_ROTA,E2098,1,2,0.19
P13011,MA_ROTA,E2098,1,2,0.19
P13012,PN_PIQ,E2099,4,1,0.56
P13013,PN_PIQ,E2099,2,2,0.87
P13014,PN_PIQ,E2099,2,2,0.3
P13015,PN_PIQ,E2099,2,2,1.48
P13016,PN_PIQ,E2099,2,2,0.86
P13018,MA_ROTA,E2100,3,2,0.81
P13021,MA_ROTA,E2100,3,2,0.49
P13022,MA_ROTA,E2100,2,2,0.9
P13023,MA_ROTA,E2100,2,2,0.18
P13024,MA_ROTA,E2100,2,2,0.67
P13025,MA_ROTA,E2100,3,2,0.25
P13027,MA_ROTA,E2101,3,2,1.4
P13031,MA_ROTA,E2101,3,2,0.18
P13032,MA_ROTA,E2101,3,2,0.46
P13033,MA_ROTA,E2101,3,2,1.45
P13034,MA_ROTA,E2101,3,2,0.06
P13035,PN_PIQ,E2102,7,3,0.58
P13036,IG_PLA,E2102,7,3,0.78
P13037,BC_GTMG,E2102,7,3,0.3
P13038,IG_PLA,E2102,7,3,0.07
P13039,IG_PLA,E2102,7,3,0.56
P13040,PN_PIQ,E2102,7,3,0.2
P13041,IG_PLA,E2102,7,3,0.17
P13042,IG_PLA,E2102,7,3,0.42
P13043,PN_PIQ,E2103,7,3,2.14
P13044,IG_PLA,E2103,7,3,0.55
P13045,IG_PLA,E2103,7,3,0.48
P13046,MA_TO_CO_JA,E2104,4,1,0.8
P13048,MA_TO_CO_JA,E2105,6,1,0.21
P13049,MA_ROTA,E2105,6,1,0.88
P13051,MA_TO_CO_JA,E2105,6,1,0.14
P13052,MA_TO_CO_JA,E2105,6,1,0.17
P13056,MA_TO_CO_JA,E2106,7,3,0.17
P13057,IG_PLA,E2107,7,3,0.37
P13058,PN_PIQ,E2107,7,3,0.48
P13059,BC_GTMG,E2107,7,3,0.21
P13060,PN_PIQ,E2107,7,3,0.58
P13061,IG_PLA,E2107,7,3,0.64
P13062,PN_PIQ,E2108,2,2,0.62
P13063,BC_GTMG,E2108,2,2,0.69
P13064,MA_ROTA,E2109,2,2,4.59
P13065,PN_PIQ,E2110,2,2,0.74
P13066,PN_PIQ,E2110,2,2,0.59
P13068,PN_PIQ,E2110,2,2,2.83
P13069,PN_PIQ,E2111,7,3,0.29
P13070,PN_PIQ,E2111,7,3,0.45
P13071,PN_PIQ,E2111,7,3,0.75
P13072,PN_PIQ,E2111,7,3,0.32
P13073,PN_PIQ,E2111,7,3,0.39
P13074,PN_PIQ,E2111,7,3,0.22
P13075,PN_PIQ,E2112,5,1,0.38
P13076,PN_PIQ,E2112,5,1,0.61
P13077,IG_PLA,E2113,7,3,0.31
P13078,IG_PLA,E2113,7,3,1.0
P13079,IG_PLA,E2113,7,3,0.62
P13080,PN_PIQ,E2113,7,3,0.9
P13081,IG_PLA,E2113,7,3,1.13
P13082,IG_PLA,E2113,7,3,0.25
P13083,IG_PLA,E2113,7,3,0.49
P13084,PN_PIQ,E2113,7,3,1.16
P13085,PN_PIQ,E2114,3,2,1.43
P13086,BC_GTMG,E2114,3,2,0.88
P13087,BC_GTMG,E2114,3,2,0.49
P13088,BC_GTMG,E2114,3,2,1.66
P13089,BC_GTMG,E2114,3,2,3.31
P13090,BC_GTMG,E2114,3,2,2.13
P13091,PN_PIQ,E2114,3,2,0.44
P13092,BC_GTMG,E2114,3,2,0.42
P13093,MA_ROTA,E2115,2,2,0.41
P13094,MA_ROTA,E2115,2,2,0.34
P13095,MA_ROTA,E2115,2,2,0.26
P13096,MA_ROTA,E2115,2,2,0.03
P13097,MA_ROTA,E2115,2,2,0.17
P13098,PN_PIQ,E2116,4,1,1.19
P13099,PN_PIQ,E2116,4,1,0.73
P13100,IG_TUT,E2117,4,1,1.89
P13101,CS_BT_NIM,E2117,4,1,0.65
P13102,IG_TUT,E2117,4,1,0.28
P13103,IG_TUT,E2117,4,1,0.15
P13104,CS_BT_NIM,E2117,4,1,0.82
P13105,IG_PLA,E2118,7,3,0.93
P13106,PN_PIQ,E2118,7,3,0.51
P13107,PN_PIQ,E2119,7,3,0.41
P13108,PN_PIQ,E2119,7,3,0.53
P13109,PN_PIQ,E2119,7,3,0.11
P13111,PN_PIQ,E2120,2,2,0.49
P13112,PN_PIQ,E2120,2,2,0.09
P13113,PN_PIQ,E2120,2,2,0.09
P13114,PN_PIQ,E2120,2,2,0.55
P13115,PN_PIQ,E2120,3,2,0.63
P13116,PN_PIQ,E2120,2,2,2.05
P13117,IG_PLA,E2121,7,3,1.08
P13118,PN_PIQ,E2121,7,3,1.48
P13119,PN_PIQ,E2121,7,3,1.53
P13120,IG_PLA,E2121,7,3,2.38
P13121,MA_TO_CO_JA,E2122,2,2,3.45
P13122,MA_TO_CO_JA,E2123,7,3,0.18
P13123,MA_TO_CO_JA,E2123,7,3,0.25
P13124,MA_TO_CO_JA,E2123,7,3,0.13
P13125,MA_TO_CO_JA,E2124,7,3,0.22
P13126,MA_TO_CO_JA,E2124,7,3,0.2
P13127,MA_TO_CO_JA,E2124,7,3,0.17
P13128,MA_TO_CO_JA,E2125,7,3,2.03
P13129,PN_PIQ,E2126,7,3,0.46
P13130,PN_PIQ,E2126,7,3,0.64
P13131,PN_PIQ,E2126,7,3,1.18
P13132,MA_TO_CO_JA,E2127,7,3,0.55
P13133,MA_TO_CO_JA,E2128,4,1,1.78
P13134,BC_GTMG,E2129,1,2,1.08
P13135,BC_GTMG,E2129,1,2,0.81
P13136,BC_GTMG,E2129,1,2,0.96
P13137,BC_GTMG,E2129,1,2,0.36
P13138,BC_GTMG,E2129,1,2,3.99
P13139,BC_GTMG,E2129,1,2,0.58
P13141,BC_GTMG,E2129,1,2,0.55
P13142,BC_GTMG,E2129,1,2,0.23
P13143,BC_GTMG,E2129,1,2,1.12
P13144,BC_GTMG,E2129,1,2,2.59
P13145,BC_GTMG,E2129,1,2,0.87
P13146,BC_GTMG,E2129,1,2,1.26
P13147,BC_GTMG,E2129,1,2,1.01
P13148,BC_GTMG,E2129,1,2,0.96
P13149,BC_GTMG,E2129,1,2,1.05
P13150,BC_GTMG,E2129,1,2,0.8
P13151,BC_GTMG,E2129,1,2,0.63
P13152,MA_TO_CO_JA,E2130,4,1,0.29
P13153,MA_TO_CO_JA,E2130,4,1,1.72
P13154,MA_TO_CO_JA,E2130,4,1,0.56
P13155,MA_TO_CO_JA,E2130,4,1,1.09
P13156,MA_TO_CO_JA,E2131,7,3,0.87
P13157,MA_TO_CO_JA,E2131,7,3,0.79
P13158,MA_ROTA,E2132,2,2,0.42
P13160,MA_TO_CO_JA,E2134,4,1,0.22
P13162,PN_PIQ,E2135,7,3,0.55
P13163,PN_PIQ,E2135,7,3,0.5
P13164,PN_PIQ,E2135,7,3,1.37
P13165,IG_PLA,E2135,7,3,1.18
P13166,IG_PLA,E2135,7,3,0.4
P13167,MA_TO_CO_JA,E2136,4,1,3.12
P13168,MA_TO_CO_JA,E2136,4,1,1.5
P13169,MA_TO_CO_JA,E2136,4,1,1.16
P13170,MA_TO_CO_JA,E2137,2,2,2.23
P13171,BC_GTMG,E2138,2,2,0.28
P13172,PN_PIQ,E2138,2,2,0.4
P13173,BC_GTMG,E2138,2,2,0.07
P13174,BC_GTMG,E2138,2,2,0.67
P13175,MA_TO_CO_JA,E2139,4,1,0.96
P13176,PN_PIQ,E2140,2,2,0.35
P13177,PN_PIQ,E2140,2,2,0.49
P13178,MA_ROTA,E2141,4,1,2.16
P13183,MA_TO_CO_JA,E2142,4,1,0.69
P13184,MA_TO_CO_JA,E2142,4,1,1.33
P13185,MA_TO_CO_JA,E2142,4,1,0.44
P13186,PN_PIQ,E2143,4,1,1.16
P13187,PN_PIQ,E2143,4,1,1.05
P13188,PN_PIQ,E2144,4,1,0.23
P13189,PN_PIQ,E2144,4,1,0.1
P13190,PN_PIQ,E2144,4,1,0.25
P13192,IG_TUT,E2145,4,1,0.89
P13193,IG_TUT,E2145,4,1,0.19
P13194,BC_BT,E2145,4,1,1.06
P13195,IG_TUT,E2145,4,1,0.3
P13196,IG_TUT,E2145,4,1,0.13
P13197,BC_BT,E2146,4,1,2.35
P13198,IG_TUT,E2146,4,1,0.33
P13199,IG_TUT,E2146,4,1,0.23
P13200,MA_ROTA,E2147,1,2,0.97
P13201,MA_TO_CO_JA,E2148,4,1,0.32
P13202,PN_PIQ,E2149,7,3,0.71
P13203,PN_PIQ,E2149,7,3,0.25
P13204,PN_PIQ,E2149,7,3,0.66
P13205,PN_PIQ,E2149,7,3,0.07
P13206,PN_PIQ,E2150,4,1,0.55
P13207,PN_PIQ,E2150,4,1,0.56
P13208,MA_TO_CO_JA,E2151,4,1,0.31
P13209,MA_TO_CO_JA,E2151,4,1,0.47
P13210,MA_TO_CO_JA,E2151,4,1,0.11
P13211,MA_TO_CO_JA,E2151,4,1,0.58
P13212,MA_TO_CO_JA,E2151,4,1,0.6
P13213,MA_TO_CO_JA,E2151,4,1,0.42
P13214,MA_TO_CO_JA,E2151,4,1,0.34
P13215,MA_TO_CO_JA,E2152,4,1,0.63
P13216,MA_TO_CO_JA,E2152,4,1,0.7
P13218,MA_TO_CO_JA,E2153,4,1,1.22
P13219,MA_TO_CO_JA,E2153,4,1,0.97
P13220,MA_ROTA,E2154,4,1,0.2
P13221,CS_BT_NIM,E2155,4,1,1.16
P13222,CS_BT_NIM,E2155,4,1,0.69
P13223,IG_TUT,E2155,4,1,0.19
P13224,IG_TUT,E2155,4,1,0.22
P13225,IG_PLA,E2156,7,3,0.47
P13226,IG_PLA,E2156,7,3,0.24
P13227,PN_PIQ,E2156,7,3,0.43
P13228,MA_TO_CO_JA,E2157,7,3,0.34
P13229,MA_TO_CO_JA,E2157,7,3,0.43
P13230,MA_TO_CO_JA,E2157,7,3,0.73
P13231,MA_TO_CO_JA,E2157,7,3,0.19
P13232,MA_TO_CO_JA,E2157,7,3,0.44
P13233,MA_TO_CO_JA,E2157,7,3,0.28
P13234,MA_TO_CO_JA,E2158,7,3,0.5
P13235,MA_TO_CO_JA,E2159,7,3,0.36
P13236,MA_TO_CO_JA,E2159,7,3,0.11
P13237,MA_TO_CO_JA,E2159,7,3,0.44
P13238,MA_TO_CO_JA,E2159,7,3,0.1
P13239,MA_TO_CO_JA,E2159,7,3,0.72
P13240,MA_TO_CO_JA,E2159,7,3,0.43
P13241,MA_TO_CO_JA,E2159,7,3,0.16
P13242,MA_TO_CO_JA,E2159,7,3,0.6
P13243,MA_TO_CO_JA,E2160,7,3,0.43
P13244,MA_TO_CO_JA,E2160,7,3,0.22
P13245,MA_TO_CO_JA,E2161,7,3,0.22
P13246,MA_TO_CO_JA,E2161,7,3,0.22
P13247,MA_ROTA,E2161,7,3,1.36
P13248,MA_ROTA,E2161,7,3,0.08
P13249,MA_ROTA,E2161,7,3,0.07
P13250,MA_ROTA,E2161,7,3,0.07
P13251,MA_ROTA,E2161,7,3,0.02
P13252,MA_TO_CO_JA,E2161,7,3,0.1
P13253,PN_PIQ,E2162,7,3,0.93
P13254,PN_PIQ,E2162,7,3,0.5
P13255,PN_PIQ,E2162,7,3,1.26
P13256,IG_TUT,E2163,4,1,1.19
P13257,CS_BT_NIM,E2163,4,1,0.23
P13258,CS_BT_NIM,E2163,4,1,0.58
P13259,MA_ROTA,E2164,1,2,0.89
P13260,MA_ROTA,E2164,1,2,0.37
P13261,MA_ROTA,E2164,1,2,1.57
P13262,MA_ROTA,E2164,1,2,1.13
P13263,MA_ROTA,E2164,1,2,1.16
P13264,MA_ROTA,E2164,1,2,1.93
P13265,BC_GTMG,E2165,3,2,2.56
P13266,BC_GTMG,E2165,3,2,0.91
P13267,BC_GTMG,E2165,3,2,0.28
P13269,BC_GTMG,E2165,3,2,1.02
P13270,BC_GTMG,E2165,3,2,0.56
P13271,BC_GTMG,E2165,3,2,1.14
P13272,IG_PLA,E2166,1,2,3.57
P13274,BC_GTMG,E2166,1,2,2.2
P13275,PN_PIQ,E2167,2,2,0.17
P13276,PN_PIQ,E2167,2,2,0.21
P13277,PN_PIQ,E2167,2,2,0.67
P13278,MA_TO_CO_JA,E2168,4,1,1.43
P13279,MA_TO_CO_JA,E2168,4,1,0.71
P13280,PN_PIQ,E2169,7,3,0.72
P13281,PN_PIQ,E2169,7,3,0.98
P13282,IG_PLA,E2169,7,3,0.39
P13283,IG_PLA,E2169,7,3,0.26
P13286,MA_TO_CO_JA,E2170,4,1,0.37
P13288,MA_TO_CO_JA,E2170,4,1,0.42
P13291,MA_TO_CO_JA,E2171,4,1,1.9
P13292,PN_PIQ,E2172,4,1,0.13
P13293,PN_PIQ,E2172,4,1,0.39
P13294,PN_PIQ,E2172,4,1,0.8
P13295,PN_PIQ,E2172,4,1,0.69
P13296,PN_PIQ,E2172,4,1,1.11
P13298,MA_ROTA,E2173,5,1,0.05
P13299,MA_ROTA,E2173,5,1,0.55
P13300,MA_ROTA,E2173,5,1,0.57
P13301,MA_TO_CO_JA,E2174,4,1,1.11
P13302,MA_TO_CO_JA,E2174,4,1,0.5
P13303,MA_TO_CO_JA,E2174,4,1,0.57
P13304,MA_TO_CO_JA,E2174,4,1,0.25
P13305,MA_TO_CO_JA,E2174,4,1,0.03
P13306,MA_TO_CO_JA,E2174,4,1,0.51
P13307,IG_TUT,E2175,4,1,1.26
P13308,BC_BT,E2175,4,1,1.03
P13309,IG_TUT,E2175,4,1,0.5
P13311,MA_ROTA,E2176,4,1,0.63
P13312,MA_ROTA,E2176,4,1,0.21
P13314,MA_ROTA,E2176,4,1,2.14
P13315,MA_ROTA,E2176,4,1,1.09
P13316,MA_ROTA,E2176,4,1,0.61
P13317,MA_ROTA,E2176,4,1,0.57
P13318,MA_ROTA,E2176,4,1,0.54
P13319,MA_ROTA,E2176,4,1,0.39
P13321,MA_ROTA,E2176,4,1,0.61
P13322,MA_TO_CO_JA,E2177,4,1,1.05
P13323,MA_TO_CO_JA,E2178,4,1,0.09
P13324,MA_TO_CO_JA,E2178,4,1,0.35
P13325,MA_TO_CO_JA,E2178,4,1,0.17
P13326,MA_TO_CO_JA,E2178,4,1,0.08
P13327,MA_TO_CO_JA,E2178,4,1,0.34
P13328,MA_TO_CO_JA,E2178,4,1,0.41
P13329,MA_TO_CO_JA,E2179,4,1,1.16
P13330,MA_TO_CO_JA,E2179,4,1,0.51
P13331,MA_TO_CO_JA,E2179,4,1,0.13
P13332,MA_TO_CO_JA,E2179,4,1,0.09
P13333,MA_TO_CO_JA,E2179,4,1,0.24
P13334,MA_TO_CO_JA,E2179,4,1,0.08
P13335,MA_TO_CO_JA,E2179,4,1,0.2
P13336,MA_TO_CO_JA,E2179,4,1,0.09
P13338,IG_TUT,E2180,4,1,3.7
P13339,BC_BT,E2180,4,1,2.56
P13340,IG_TUT,E2180,4,1,0.71
P13341,PN_PIQ,E2181,7,3,0.3
P13342,PN_PIQ,E2181,7,3,0.75
P13343,PN_PIQ,E2181,7,3,2.08
P13344,PN_PIQ,E2181,7,3,1.96
P13345,PN_PIQ,E2181,7,3,0.39
P13346,PN_PIQ,E2181,7,3,1.1
P13347,PN_PIQ,E2181,7,3,0.88
P13348,BC_GTMG,E2181,7,3,0.4
P13349,PN_PIQ,E2181,7,3,0.5
P13350,PN_PIQ,E2181,7,3,0.15
P13351,PN_PIQ,E2181,7,3,0.47
P13352,PN_PIQ,E2181,7,3,0.29
P13353,CS_BT_NIM,E2182,4,1,0.83
P13354,IG_TUT,E2182,4,1,0.11
P13355,MA_TO_CO_JA,E2183,4,1,1.03
P13356,MA_TO_CO_JA,E2183,4,1,0.97
P13357,MA_TO_CO_JA,E2184,4,1,0.3
P13358,MA_TO_CO_JA,E2184,4,1,0.45
P13359,MA_TO_CO_JA,E2185,7,3,0.46
P13360,MA_TO_CO_JA,E2185,7,3,0.55
P13361,MA_TO_CO_JA,E2185,7,3,0.68
P13362,IG_TUT,E2186,4,1,0.7
P13363,CS_BT_NIM,E2186,4,1,0.34
P13364,IG_TUT,E2186,4,1,0.32
P13365,IG_TUT,E2186,4,1,0.14
P13366,PN_PIQ,E2186,4,1,0.35
P13367,MA_TO_CO_JA,E2187,4,1,1.09
P13368,MA_TO_CO_JA,E2187,4,1,1.05
P13369,PN_PIQ,E2188,4,1,0.12
P13370,PN_PIQ,E2188,4,1,0.04
P13371,PN_PIQ,E2188,4,1,0.23
P13372,PN_PIQ,E2188,4,1,0.35
P13373,CS_BT_NIM,E2189,4,1,0.56
P13374,CS_BT_NIM,E2189,4,1,0.76
P13375,IG_TUT,E2189,4,1,0.13
P13376,IG_TUT,E2189,4,1,0.15
P13377,IG_TUT,E2189,4,1,0.24
P13378,MA_TO_CO_JA,E2190,4,1,0.87
P13380,MA_TO_CO_JA,E2190,4,1,0.37
P13381,IG_TUT,E2191,4,1,5.19
P13382,CS_BT_NIM,E2191,4,1,1.0
P13383,CS_BT_NIM,E2191,4,1,0.45
P13384,CS_BT_NIM,E2191,4,1,0.9
P13385,CS_BT_NIM,E2191,4,1,0.36
P13386,CS_BT_NIM,E2191,4,1,1.16
P13387,CS_BT_NIM,E2192,4,1,1.03
P13388,CS_BT_NIM,E2192,4,1,1.12
P13389,IG_TUT,E2192,4,1,0.58
P13390,IG_TUT,E2192,4,1,2.98
P13391,PN_PIQ,E2193,5,1,0.29
P13392,PN_PIQ,E2193,5,1,0.12
P13393,PN_PIQ,E2193,5,1,0.25
P13394,PN_PIQ,E2193,5,1,0.05
P13395,PN_PIQ,E2193,5,1,0.76
P13396,PN_PIQ,E2193,5,1,1.16
P13397,PN_PIQ,E2193,5,1,5.13
P13398,MA_TO_CO_JA,E2194,4,1,0.77
P13399,MA_TO_CO_JA,E2194,4,1,0.54
P13400,MA_TO_CO_JA,E2195,4,1,2.35
P13401,MA_TO_CO_JA,E2196,4,1,1.61
P13402,MA_ROTA,E2197,3,2,1.68
P13403,MA_ROTA,E2197,3,2,3.29
P13404,MA_ROTA,E2197,3,2,1.24
P13405,MA_ROTA,E2197,3,2,4.18
P13406,MA_ROTA,E2197,3,2,3.35
P13407,MA_ROTA,E2197,3,2,2.78
P13408,MA_ROTA,E2197,3,2,0.45
P13409,MA_ROTA,E2197,3,2,0.39
P13410,MA_ROTA,E2197,3,2,0.31
P13411,CS_BT_NIM,E2198,4,1,1.36
P13412,IG_TUT,E2198,4,1,0.43
P13413,MA_TO_CO_JA,E2199,4,1,1.09
P13414,MA_TO_CO_JA,E2199,4,1,0.79
P13415,MA_ROTA,E2200,4,1,0.98
P13416,MA_ROTA,E2200,4,1,0.92
P13417,MA_TO_CO_JA,E2200,4,1,0.55
P13418,MA_ROTA,E2200,4,1,0.29
P13419,PN_PIQ,E2201,7,3,0.78
P13420,PN_PIQ,E2201,7,3,0.35
P13421,PN_PIQ,E2201,7,3,1.54
P13422,PN_PIQ,E2201,7,3,0.81
P13423,PN_PIQ,E2201,7,3,0.95
P13424,PN_PIQ,E2201,7,3,0.31
P13425,MA_TO_CO_JA,E2202,7,3,0.39
P13426,MA_TO_CO_JA,E2202,7,3,0.82
P13427,MA_TO_CO_JA,E2202,7,3,0.3
P13428,PN_PIQ,E2203,7,3,0.54
P13429,IG_PLA,E2203,7,3,0.42
P13430,PN_PIQ,E2203,7,3,1.03
P13431,IG_PLA,E2203,7,3,0.52
P13432,IG_PLA,E2203,7,3,0.85
P13433,PN_PIQ,E2204,7,3,0.64
P13434,PN_PIQ,E2204,7,3,0.77
P13435,MA_TO_CO_JA,E2205,7,3,1.79
P13436,MA_TO_CO_JA,E2205,7,3,1.6
P13437,MA_TO_CO_JA,E2205,7,3,0.65
P13438,IG_PLA,E2206,7,3,1.01
P13439,PN_PIQ,E2206,7,3,0.22
P13440,PN_PIQ,E2206,7,3,0.15
P13441,PN_PIQ,E2206,7,3,0.2
P13443,PN_PIQ,E2207,7,3,0.37
P13444,IG_PLA,E2207,7,3,0.54
P13445,MA_TO_CO_JA,E2208,4,1,1.14
P13446,MA_ROTA,E2209,3,2,1.1
P13447,MA_ROTA,E2209,3,2,1.65
P13448,MA_ROTA,E2209,3,2,1.14
P13449,MA_ROTA,E2209,3,2,1.18
P13450,MA_TO_CO_JA,E2210,6,1,1.25
P13451,MA_TO_CO_JA,E2211,4,1,1.76
P13452,MA_TO_CO_JA,E2211,4,1,0.91
P13453,MA_TO_CO_JA,E2211,4,1,0.54
P13454,MA_TO_CO_JA,E2212,4,1,1.03
P13455,MA_TO_CO_JA,E2212,4,1,1.46
P13456,BC_BT,E2213,4,1,1.44
P13457,IG_TUT,E2213,4,1,0.25
P13458,MA_TO_CO_JA,E2214,4,1,0.95
P13459,MA_TO_CO_JA,E2214,4,1,0.44
P13460,MA_TO_CO_JA,E2215,4,1,0.56
P13461,MA_TO_CO_JA,E2215,4,1,0.34
P13463,MA_TO_CO_JA,E2215,4,1,0.37
P13464,MA_TO_CO_JA,E2215,4,1,0.72
P13465,MA_TO_CO_JA,E2215,4,1,0.6
P13468,IG_TUT,E2217,4,1,1.85
P13469,BC_BT,E2217,4,1,1.59
P13470,IG_TUT,E2217,4,1,0.4
P13471,IG_TUT,E2217,4,1,0.44
P13472,IG_TUT,E2217,4,1,1.59
P13473,BC_BT,E2217,4,1,2.22
P13474,MA_TO_CO_JA,E2218,4,1,0.63
P13476,PN_PIQ,E2219,3,2,1.03
P13477,PN_PIQ,E2219,3,2,0.85
P13478,PN_PIQ,E2220,2,2,4.5
P13479,PN_PIQ,E2221,2,2,1.72
P13480,PN_PIQ,E2221,2,2,2.23
P13481,BC_GTMG,E2222,3,2,1.32
P13482,IG_PLA,E2222,3,2,0.2
P13483,PN_PIQ,E2223,2,2,0.71
P13484,PN_PIQ,E2223,2,2,0.13
P13485,PN_PIQ,E2223,2,2,0.85
P13486,PN_PIQ,E2223,2,2,0.36
P13487,PN_PIQ,E2223,2,2,0.29
P13488,PN_PIQ,E2223,2,2,0.05
P13489,PN_PIQ,E2224,4,1,0.27
P13490,PN_PIQ,E2224,4,1,2.2
P13491,PN_PIQ,E2224,5,1,1.0
P13492,PN_PIQ,E2225,7,3,1.5
P13494,MA_TO_CO_JA,E2226,4,1,0.38
P13495,MA_TO_CO_JA,E2227,4,1,1.51
P13496,MA_TO_CO_JA,E2227,4,1,1.03
P13497,MA_TO_CO_JA,E2227,4,1,0.76
P13498,PN_PIQ,E2228,3,2,0.63
P13499,PN_PIQ,E2228,3,2,1.07
P13500,PN_PIQ,E2229,2,2,0.65
P13501,PN_PIQ,E2229,2,2,3.28
P13502,PN_PIQ,E2229,2,2,0.18
P13503,PN_PIQ,E2230,4,1,2.69
P13504,PN_PIQ,E2231,7,3,0.12
P13505,PN_PIQ,E2231,7,3,0.65
P13506,PN_PIQ,E2231,7,3,0.68
P13507,PN_PIQ,E2232,5,1,0.82
P13508,PN_PIQ,E2232,5,1,1.25
P13509,PN_PIQ,E2232,5,1,0.38
P13510,PN_PIQ,E2232,5,1,0.49
P13511,PN_PIQ,E2232,5,1,0.75
P13512,PN_PIQ,E2232,5,1,2.23
P13513,PN_PIQ,E2232,5,1,0.61
P13514,PN_PIQ,E2232,5,1,1.24
P13515,PN_PIQ,E2232,5,1,1.37
P13516,PN_PIQ,E2232,5,1,0.37
P13517,PN_PIQ,E2233,4,1,0.78
P13518,PN_PIQ,E2233,4,1,1.05
P13519,MA_ROTA,E2234,2,2,1.79
P13520,MA_ROTA,E2234,3,2,0.12
P13521,MA_ROTA,E2234,3,2,0.39
P13522,PN_PIQ,E2235,7,3,0.25
P13523,PN_PIQ,E2235,7,3,0.67
P13524,PN_PIQ,E2235,7,3,0.34
P13525,PN_PIQ,E2236,7,3,0.74
P13526,PN_PIQ,E2236,7,3,0.24
P13527,PN_PIQ,E2236,7,3,0.2
P13528,PN_PIQ,E2236,7,3,0.17
P13529,PN_PIQ,E2236,7,3,0.23
P13530,PN_PIQ,E2236,7,3,0.18
P13531,PN_PIQ,E2237,7,3,0.26
P13532,PN_PIQ,E2237,7,3,0.44
P13533,PN_PIQ,E2237,7,3,0.95
P13534,PN_PIQ,E2237,7,3,0.11
P13535,PN_PIQ,E2238,5,1,2.34
P13541,MA_ROTA,E2240,4,1,0.08
P13542,PN_PIQ,E2241,1,2,0.26
P13543,PN_PIQ,E2241,1,2,0.39
P13544,PN_PIQ,E2241,1,2,0.22
P13545,PN_PIQ,E2241,1,2,0.14
P13546,PN_PIQ,E2241,1,2,0.05
P13547,PN_PIQ,E2241,1,2,1.7
P13548,PN_PIQ,E2241,1,2,0.17
P13549,PN_PIQ,E2241,1,2,8.96
P13550,PN_PIQ,E2242,2,2,2.01
P13551,PN_PIQ,E2242,2,2,1.54
P13552,PN_PIQ,E2243,5,1,0.77
P13553,PN_PIQ,E2243,2,2,0.69
P13554,PN_PIQ,E2243,5,1,1.39
P13555,PN_PIQ,E2244,2,2,0.95
P13556,PN_PIQ,E2244,2,2,2.0
P13557,PN_PIQ,E2245,2,2,0.62
P13558,PN_PIQ,E2245,2,2,1.48
P13559,PN_PIQ,E2245,2,2,1.3
P13560,PN_PIQ,E2245,2,2,0.23
P13561,PN_PIQ,E2245,2,2,1.54
P13562,PN_PIQ,E2245,2,2,0.45
P13563,PN_PIQ,E2246,2,2,1.21
P13564,PN_PIQ,E2246,2,2,0.68
P13565,PN_PIQ,E2246,2,2,0.38
P13566,PN_PIQ,E2247,3,2,3.09
P13567,PN_PIQ,E2248,7,3,1.54
P13568,PN_PIQ,E2248,7,3,0.35
P13569,PN_PIQ,E2248,7,3,0.14
P13570,PN_PIQ,E2248,7,3,0.1
P13571,PN_PIQ,E2248,7,3,0.09
P13572,PN_PIQ,E2248,7,3,0.14
P13573,PN_PIQ,E2248,7,3,0.75
P13574,PN_PIQ,E2248,7,3,0.53
P13575,PN_PIQ,E2248,7,3,0.45
P13576,PN_PIQ,E2249,1,2,2.3
P13577,PN_PIQ,E2249,1,2,2.0
P13578,PN_PIQ,E2250,2,2,0.84
P13579,PN_PIQ,E2250,2,2,0.09
P13580,PN_PIQ,E2250,2,2,2.61
P13581,PN_PIQ,E2250,2,2,0.56
P13582,PN_PIQ,E2250,2,2,0.07
P13583,PN_PIQ,E2251,3,2,0.21
P13584,PN_PIQ,E2251,3,2,2.41
P13585,PN_PIQ,E2251,3,2,0.51
P13586,MA_ROTA,E2252,4,1,3.62
P13587,MA_ROTA,E2252,4,1,0.55
P13588,MA_ROTA,E2252,4,1,0.56
P13589,MA_ROTA,E2252,4,1,0.77
P13590,MA_ROTA,E2252,4,1,0.78
P13591,MA_ROTA,E2252,4,1,0.31
P13592,PN_PIQ,E2253,1,2,1.97
P13593,PN_PIQ,E2253,1,2,1.38
P13594,PN_PIQ,E2253,2,2,0.88
P13595,PN_PIQ,E2253,2,2,0.58
P13596,JA,E2254,5,1,0.46
P13597,MA_ROTA,E2254,5,1,0.5
P13598,MA_ROTA,E2254,5,1,0.5
P13599,MA_ROTA,E2254,5,1,0.47
P13600,BA_INT,E2254,5,1,1.29
P13601,MA_ROTA,E2254,5,1,0.79
P13602,PN_PIQ,E2255,2,2,2.09
P13603,PN_PIQ,E2256,7,3,0.55
P13604,PN_PIQ,E2256,7,3,0.97
P13605,PN_PIQ,E2257,2,2,1.13
P13606,PN_PIQ,E2257,2,2,0.84
P13607,BA_SINT,E2258,6,1,0.43
P13610,JA,E2258,6,1,0.16
P13611,PN_PIQ,E2259,2,2,3.57
P13612,PN_PIQ,E2259,2,2,0.53
P13614,BA_INT,E2260,5,1,1.01
P13615,BA_SINT,E2260,5,1,1.0
P13616,BA_INT,E2260,5,1,0.47
P13617,BA_SINT,E2260,5,1,0.72
P13619,BA_SINT,E2260,5,1,0.8
P13620,BA_SINT,E2260,5,1,0.59
P13621,AN_PA,E2260,5,1,0.56
P13622,JA,E2260,5,1,0.61
P13623,BA_SINT,E2260,5,1,1.31
P13625,BA_SINT,E2260,5,1,0.63
P13627,JA,E2260,5,1,0.66
P13628,BA_INT,E2260,5,1,0.46
P13629,BA_INT,E2260,5,1,0.58
P13630,BA_SINT,E2260,5,1,0.57
P13631,BA_INT,E2260,5,1,0.94
P13632,BA_SINT,E2260,5,1,0.34
P13633,AN_PA,E2260,5,1,0.42
P13634,BA_INT,E2260,5,1,0.21
P13635,BA_INT,E2260,5,1,1.45
P13636,BA_INT,E2260,5,1,0.9
P13637,IG_PLA,E2261,2,2,0.43
P13638,MA_ROTA,E2261,2,2,0.35
P13639,JA,E2262,5,1,0.43
P13640,BA_INT,E2262,5,1,1.8
P13641,BA_INT,E2262,5,1,1.09
P13642,BA_INT,E2262,5,1,0.45
P13643,BA_INT,E2262,5,1,1.27
P13644,BA_INT,E2262,5,1,1.11
P13645,JA,E2262,5,1,2.14
P13646,BA_INT,E2262,5,1,0.63
P13647,BA_INT,E2262,5,1,0.31
P13648,BA_INT,E2262,5,1,0.4
P13649,BA_INT,E2262,5,1,0.71
P13650,JA,E2262,5,1,0.43
P13651,BA_INT,E2262,5,1,0.11
P13652,BA_INT,E2262,5,1,0.14
P13653,BA_INT,E2262,5,1,0.47
P13654,BA_INT,E2262,5,1,0.81
P13656,BA_INT,E2262,5,1,1.27
P13657,BA_INT,E2262,5,1,1.05
P13658,BA_INT,E2262,5,1,0.89
P13659,BA_INT,E2262,5,1,0.24
P13660,BA_INT,E2262,5,1,1.02
P13661,MA_ROTA,E2263,2,2,0.59
P13662,MA_ROTA,E2263,2,2,0.22
P13663,MA_ROTA,E2263,2,2,1.7
P13664,MA_ROTA,E2263,2,2,0.96
P13665,MA_ROTA,E2263,2,2,1.61
P13666,MA_ROTA,E2263,2,2,0.6
P13667,MA_ROTA,E2263,2,2,1.64
P13668,MA_ROTA,E2263,2,2,1.41
P13669,MA_ROTA,E2263,2,2,0.72
P13670,MA_ROTA,E2263,2,2,0.63
P13671,MA_ROTA,E2263,2,2,0.4
P13672,MA_ROTA,E2263,2,2,1.61
P13673,MA_ROTA,E2263,2,2,1.73
P13674,MA_ROTA,E2263,2,2,2.27
P13675,MA_ROTA,E2263,2,2,0.2
P13676,MA_ROTA,E2263,2,2,0.12
P13677,MA_ROTA,E2263,2,2,0.16
P13678,MA_TO_CO_JA,E2264,6,1,0.8
P13679,MA_TO_CO_JA,E2264,6,1,1.41
P13680,MA_TO_CO_JA,E2265,6,1,0.87
P13681,MA_ROTA,E2266,3,2,2.24
P13683,MA_ROTA,E2267,3,2,0.11
P13684,BC_GTMG,E2268,3,2,0.95
P13685,BC_GTMG,E2268,3,2,0.66
P13686,BC_GTMG,E2268,3,2,1.35
P13687,BC_GTMG,E2268,3,2,1.21
P13688,BC_GTMG,E2268,3,2,0.66
P13689,MA_ROTA,E2269,3,2,0.38
P13691,MA_ROTA,E2269,3,2,1.12
P13693,MA_ROTA,E2269,3,2,0.99
P13696,MA_ROTA,E2269,3,2,0.59
P13698,MA_ROTA,E2269,3,2,0.9
P13699,MA_ROTA,E2269,3,2,1.82
P13700,MA_ROTA,E2269,3,2,0.51
P13702,MA_ROTA,E2269,3,2,0.5
P13703,MA_ROTA,E2269,3,2,0.97
P13706,MA_ROTA,E2269,3,2,3.24
P13707,MA_ROTA,E2269,3,2,2.33
P13708,MA_ROTA,E2269,3,2,0.07
P13709,MA_ROTA,E2269,3,2,0.63
P13710,MA_TO_CO_JA,E2270,2,2,0.73
P13711,MA_TO_CO_JA,E2270,2,2,0.39
P13712,BC_GTMG,E2271,3,2,4.51
P13713,BC_GTMG,E2271,2,2,0.22
P13714,BC_GTMG,E2271,3,2,0.76
P13715,BC_GTMG,E2271,3,2,2.76
P13716,BC_GTMG,E2271,2,2,1.02
P13717,BC_GTMG,E2271,2,2,0.55
P13718,BC_GTMG,E2271,2,2,1.11
P13719,BC_GTMG,E2271,3,2,0.25
P13720,BC_GTMG,E2271,2,2,0.17
P13721,BC_GTMG,E2271,2,2,0.47
P13722,BC_GTMG,E2271,2,2,0.3
P13723,BC_GTMG,E2271,2,2,0.1
P13724,BC_GTMG,E2271,3,2,0.74
P13725,BC_GTMG,E2271,3,2,0.09
P13726,BC_GTMG,E2271,3,2,0.47
P13727,BC_GTMG,E2271,2,2,0.23
P13728,MA_TO_CO_JA,E2272,6,1,0.5
P13729,PN_PIQ,E2273,7,3,0.34
P13730,PN_PIQ,E2273,7,3,0.39
P13731,PN_PIQ,E2273,7,3,0.52
P13732,PN_PIQ,E2274,7,3,0.98
P13733,PN_PIQ,E2274,7,3,0.75
P13734,BC_GTMG,E2274,7,3,0.24
P13735,PN_PIQ,E2274,7,3,0.26
P13736,MA_TO_CO_JA,E2275,7,3,0.66
P13737,MA_TO_CO_JA,E2275,7,3,0.15
P13738,MA_TO_CO_JA,E2275,7,3,0.14
P13739,PN_PIQ,E2276,7,3,0.63
P13740,PN_PIQ,E2276,7,3,0.49
P13741,PN_PIQ,E2276,7,3,0.36
P13742,PN_PIQ,E2276,7,3,1.61
P13743,PN_PIQ,E2276,7,3,0.36
P13744,PN_PIQ,E2277,7,3,1.04
P13745,IG_PLA,E2277,7,3,0.27
P13746,PN_PIQ,E2277,7,3,0.78
P13747,IG_PLA,E2277,7,3,0.37
P13748,IG_PLA,E2277,7,3,0.07
P13749,PN_PIQ,E2278,2,2,2.2
P13750,PN_PIQ,E2278,2,2,2.39
P13751,PN_PIQ,E2278,2,2,1.16
P13752,MA_TO_CO_JA,E2279,4,1,3.13
P13753,PN_PIQ,E2280,7,3,0.9
P13754,PN_PIQ,E2280,7,3,0.64
P13755,PN_PIQ,E2280,7,3,0.31
P13756,PN_PIQ,E2280,7,3,0.37
P13757,PN_PIQ,E2280,7,3,0.91
P13758,PN_PIQ,E2280,7,3,1.96
P13759,PN_PIQ,E2280,7,3,0.3
P13760,PN_PIQ,E2280,7,3,0.29
P13761,PN_PIQ,E2280,7,3,1.23
P13762,PN_PIQ,E2281,3,2,0.46
P13763,PN_PIQ,E2281,3,2,0.45
P13764,PN_PIQ,E2281,3,2,1.87
P13765,MA_ROTA,E2282,3,2,0.44
P13766,MA_ROTA,E2282,3,2,0.7
P13768,PN_PIQ,E2283,3,2,0.37
P13770,PN_PIQ,E2283,3,2,0.53
P13771,BC_GTMG,E2284,3,2,0.17
P13772,BC_GTMG,E2284,3,2,2.88
P13773,BC_GTMG,E2284,3,2,2.8
P13774,BC_GTMG,E2284,3,2,1.64
P13775,BC_GTMG,E2284,3,2,2.4
P13776,BC_GTMG,E2284,3,2,1.6
P13777,BC_GTMG,E2284,3,2,1.21
P13778,BC_GTMG,E2284,3,2,0.38
P13779,BC_GTMG,E2284,3,2,2.01
P13780,BC_GTMG,E2284,3,2,1.02
P13781,BC_GTMG,E2285,3,2,1.4
P13782,PN_PIQ,E2285,3,2,0.83
P13783,PN_PIQ,E2285,3,2,0.34
P13784,MA_ROTA,E2286,3,2,0.56
P13785,MA_ROTA,E2287,3,2,0.06
P13787,MA_ROTA,E2287,3,2,0.14
P13788,MA_TO_CO_JA,E2287,3,2,1.51
P13789,MA_ROTA,E2287,3,2,1.9
P13790,MA_ROTA,E2288,3,2,2.26
P13791,MA_ROTA,E2288,3,2,0.36
P13792,MA_ROTA,E2288,3,2,1.07
P13793,PN_PIQ,E2289,3,2,1.33
P13795,PN_PIQ,E2289,3,2,0.55
P13796,PN_PIQ,E2289,3,2,1.07
P13797,MA_TO_CO_JA,E2290,3,2,1.61
P13798,MA_TO_CO_JA,E2290,3,2,1.15
P13799,MA_TO_CO_JA,E2290,3,2,3.35
P13800,MA_TO_CO_JA,E2290,3,2,0.82
P13801,MA_TO_CO_JA,E2290,3,2,1.92
P13802,MA_ROTA,E2290,3,2,0.11
P13803,MA_TO_CO_JA,E2290,3,2,3.74
P13804,MA_TO_CO_JA,E2290,3,2,0.13
P13805,BC_GTMG,E2291,3,2,0.33
P13806,IG_PLA,E2291,3,2,0.86
P13807,BC_GTMG,E2291,3,2,0.16
P13808,BC_GTMG,E2291,3,2,0.19
P13809,IG_PLA,E2291,3,2,1.39
P13810,BC_GTMG,E2291,3,2,0.1
P13811,BC_GTMG,E2291,3,2,1.38
P13812,IG_PLA,E2291,3,2,1.0
P13813,IG_PLA,E2291,3,2,0.87
P13815,BC_GTMG,E2291,3,2,2.04
P13816,IG_PLA,E2291,3,2,1.73
P13817,IG_PLA,E2292,3,2,0.88
P13818,PN_PIQ,E2292,3,2,0.75
P13820,IG_PLA,E2292,3,2,0.19
P13821,IG_PLA,E2292,3,2,0.24
P13822,MA_ROTA,E2293,3,2,2.93
P13823,IG_PLA,E2294,3,2,1.65
P13824,IG_PLA,E2294,3,2,0.36
P13825,IG_PLA,E2294,3,2,0.59
P13826,IG_PLA,E2294,3,2,0.21
P13827,IG_PLA,E2294,3,2,0.59
P13828,BC_GTMG,E2294,3,2,1.75
P13829,BC_GTMG,E2294,3,2,0.2
P13830,BC_GTMG,E2294,3,2,0.41
P13831,BC_GTMG,E2294,3,2,0.26
P13832,IG_PLA,E2294,3,2,0.27
P13833,IG_PLA,E2294,3,2,0.27
P13834,PN_PIQ,E2295,7,3,0.12
P13835,PN_PIQ,E2295,7,3,0.4
P13836,PN_PIQ,E2295,7,3,0.75
P13837,MA_ROTA,E2296,6,1,2.19
P13838,MA_TO_CO_JA,E2296,6,1,0.72
P13839,BC_GTMG,E2297,2,2,0.74
P13840,BC_GTMG,E2297,2,2,1.17
P13841,BC_GTMG,E2297,2,2,1.7
P13842,BC_GTMG,E2297,2,2,0.12
P13843,BC_GTMG,E2298,2,2,1.22
P13844,BC_GTMG,E2298,2,2,1.32
P13845,IG_PLA,E2298,2,2,0.46
P13846,BC_GTMG,E2298,2,2,3.45
P13847,IG_PLA,E2298,2,2,5.8
P13848,IG_PLA,E2298,2,2,1.74
P13849,PN_PIQ,E2299,7,3,0.35
P13850,IG_PLA,E2299,7,3,0.24
P13851,IG_PLA,E2299,7,3,0.32
P13852,PN_PIQ,E2299,7,3,0.21
P13853,IG_PLA,E2299,7,3,0.36
P13854,IG_PLA,E2299,7,3,0.33
P13855,PN_PIQ,E2299,7,3,0.53
P13856,PN_PIQ,E2300,7,3,1.47
P13857,PN_PIQ,E2300,7,3,1.32
P13858,MA_TO_CO_JA,E2301,6,1,0.93
P13861,BA_INT,E2302,5,1,0.26
P13864,MA_ROTA,E2302,5,1,2.24
P13865,JA,E2302,5,1,0.99
P13866,JA,E2302,5,1,1.22
P13869,BA_INT,E2302,5,1,0.91
P13870,BA_INT,E2302,5,1,2.56
P13871,BA_INT,E2302,5,1,0.26
P13873,BA_INT,E2302,5,1,0.35
P13874,MA_ROTA,E2302,5,1,1.98
P13875,MA_ROTA,E2302,5,1,0.15
P13880,BA_INT,E2302,5,1,1.01
P13881,MA_ROTA,E2302,5,1,1.14
P13882,BA_INT,E2302,5,1,1.22
P13883,MA_ROTA,E2303,2,2,0.57
P13884,MA_ROTA,E2303,2,2,0.78
P13885,MA_ROTA,E2303,2,2,2.67
P13886,MA_ROTA,E2303,2,2,5.31
P13887,MA_ROTA,E2303,2,2,1.51
P13888,MA_ROTA,E2303,2,2,1.1
P13889,MA_ROTA,E2303,2,2,0.73
P13890,MA_ROTA,E2303,2,2,0.33
P13891,MA_ROTA,E2303,2,2,0.74
P13892,MA_ROTA,E2303,2,2,0.84
P13893,MA_ROTA,E2303,2,2,1.21
P13894,MA_ROTA,E2303,2,2,0.31
P13895,MA_TO_CO_JA,E2304,4,1,2.34
P13896,MA_TO_CO_JA,E2305,4,1,4.21
P13897,MA_TO_CO_JA,E2305,4,1,0.48
P13898,MA_ROTA,E2306,3,2,0.86
P13899,MA_ROTA,E2306,3,2,0.4
P13900,MA_ROTA,E2306,3,2,0.69
P13901,MA_ROTA,E2306,3,2,1.57
P13902,MA_ROTA,E2306,3,2,1.17
P13903,MA_ROTA,E2306,3,2,0.96
P13904,MA_ROTA,E2306,3,2,0.87
P13905,MA_ROTA,E2307,3,2,1.02
P13906,MA_ROTA,E2307,3,2,0.92
P13907,MA_ROTA,E2307,3,2,1.05
P13908,MA_ROTA,E2307,3,2,1.14
P13909,MA_TO_CO_JA,E2308,7,3,0.59
P13910,MA_TO_CO_JA,E2308,7,3,1.42
P13911,MA_TO_CO_JA,E2309,7,3,0.43
P13912,MA_TO_CO_JA,E2309,7,3,0.25
P13915,MA_TO_CO_JA,E2310,4,1,0.19
P13916,MA_TO_CO_JA,E2310,4,1,0.4
P13917,MA_TO_CO_JA,E2310,4,1,0.11
P13918,MA_ROTA,E2311,5,1,0.07
P13919,MA_ROTA,E2311,5,1,0.08
P13921,MA_ROTA,E2311,5,1,0.48
P13922,MA_ROTA,E2311,5,1,2.66
P13924,MA_ROTA,E2311,5,1,0.68
P13925,MA_ROTA,E2311,5,1,2.07
P13926,MA_ROTA,E2312,3,2,0.59
P13927,MA_ROTA,E2312,3,2,0.42
P13928,MA_ROTA,E2312,3,2,1.46
P13929,MA_TO_CO_JA,E2312,3,2,1.26
P13930,MA_ROTA,E2312,3,2,0.96
P13931,BC_GTMG,E2313,3,2,1.01
P13932,IG_PLA,E2313,3,2,4.26
P13933,BC_GTMG,E2313,3,2,0.33
P13934,BC_GTMG,E2313,3,2,0.66
P13935,BC_GTMG,E2313,3,2,0.49
P13936,MA_ROTA,E2314,3,2,1.26
P13937,MA_ROTA,E2314,3,2,0.88
P13938,BC_GTMG,E2315,2,2,0.61
P13939,BC_GTMG,E2315,2,2,0.38
P13940,IG_PLA,E2315,2,2,0.46
P13941,IG_PLA,E2315,2,2,0.26
P13942,PN_PIQ,E2316,2,2,1.92
P13943,PN_PIQ,E2316,2,2,3.34
P13944,PN_PIQ,E2316,2,2,0.11
P13945,MA_ROTA,E2317,3,2,2.31
P13946,MA_ROTA,E2317,3,2,1.28
P13947,MA_ROTA,E2317,3,2,0.45
P13948,MA_ROTA,E2317,3,2,1.85
P13949,MA_ROTA,E2317,3,2,0.06
P13950,MA_ROTA,E2317,3,2,0.36
P13951,MA_ROTA,E2317,3,2,0.81
P13953,MA_ROTA,E2317,3,2,0.44
P13954,MA_ROTA,E2318,3,2,0.45
P13955,MA_ROTA,E2318,3,2,1.52
P13956,MA_ROTA,E2318,3,2,1.0
P13957,MA_ROTA,E2318,3,2,1.86
P13958,MA_TO_CO_JA,E2318,3,2,0.51
P13959,MA_ROTA,E2318,3,2,0.9
P13960,MA_ROTA,E2318,3,2,2.03
P13961,MA_ROTA,E2318,3,2,2.41
P13962,MA_ROTA,E2318,3,2,4.03
P13963,MA_ROTA,E2318,3,2,3.28
P13964,MA_ROTA,E2318,3,2,0.34
P13965,MA_ROTA,E2319,2,2,1.22
P13967,MA_ROTA,E2319,2,2,1.86
P13968,MA_ROTA,E2319,2,2,0.95
P13969,MA_ROTA,E2319,2,2,1.32
P13970,PN_PIQ,E2320,2,2,0.59
P13971,PN_PIQ,E2320,2,2,0.27
P13972,PN_PIQ,E2320,2,2,1.02
P13973,MA_TO_CO_JA,E2321,3,2,0.98
P13974,MA_TO_CO_JA,E2321,3,2,0.58
P13975,MA_ROTA,E2322,3,2,2.2
P13976,PN_PIQ,E2323,2,2,1.26
P13977,PN_PIQ,E2323,2,2,0.2
P13978,PN_PIQ,E2323,2,2,1.88
P13979,PN_PIQ,E2323,2,2,0.37
P13980,PN_PIQ,E2323,2,2,0.26
P13981,PN_PIQ,E2323,2,2,0.13
P13982,PN_PIQ,E2324,2,2,14.64
P13983,PN_PIQ,E2324,2,2,2.22
P13984,PN_PIQ,E2324,2,2,6.36
P13985,PN_PIQ,E2324,2,2,0.66
P13986,PN_PIQ,E2324,2,2,0.65
P13987,PN_PIQ,E2324,2,2,2.61
P13988,IG_PLA,E2325,2,2,2.13
P13989,BC_GTMG,E2325,2,2,0.52
P13990,BC_GTMG,E2325,2,2,0.63
P13991,BC_GTMG,E2326,3,2,0.69
P13992,IG_PLA,E2326,3,2,1.93
P13993,IG_PLA,E2326,3,2,0.56
P13994,IG_PLA,E2326,3,2,0.5
P13995,IG_PLA,E2326,3,2,3.26
P13996,BC_GTMG,E2326,3,2,1.16
P13997,BC_GTMG,E2326,3,2,1.28
P13998,BC_GTMG,E2326,3,2,2.03
P13999,IG_PLA,E2326,3,2,0.71
P14000,PN_PIQ,E2327,4,1,0.88
P14001,PN_PIQ,E2327,4,1,1.89
P14002,PN_PIQ,E2327,4,1,0.43
P14003,PN_PIQ,E2327,4,1,1.91
P14004,PN_PIQ,E2328,7,3,0.91
P14005,PN_PIQ,E2328,7,3,0.77
P14006,PN_PIQ,E2328,7,3,0.87
P14007,MA_TO_CO_JA,E2329,1,2,0.84
P14008,IG_PLA,E2330,7,3,0.71
P14009,IG_PLA,E2330,7,3,0.85
P14010,PN_PIQ,E2330,7,3,1.32
P14011,IG_PLA,E2331,7,3,0.8
P14012,PN_PIQ,E2331,7,3,0.15
P14013,PN_PIQ,E2331,7,3,0.05
P14014,PN_PIQ,E2331,7,3,0.4
P14015,IG_PLA,E2331,7,3,0.33
P14016,PN_PIQ,E2332,4,1,0.98
P14017,PN_PIQ,E2332,4,1,0.64
P14018,PN_PIQ,E2332,4,1,0.68
P14019,PN_PIQ,E2332,4,1,0.21
P14020,PN_PIQ,E2332,4,1,0.34
P14021,PN_PIQ,E2332,4,1,0.06
P14023,PN_PIQ,E2332,4,1,0.8
P14024,PN_PIQ,E2332,4,1,0.93
P14025,PN_PIQ,E2332,4,1,1.8
P14026,PN_PIQ,E2332,4,1,0.3
P14027,PN_PIQ,E2332,4,1,0.2
P14028,PN_PIQ,E2332,4,1,0.25
P14029,PN_PIQ,E2332,4,1,0.33
P14030,IG_PLA,E2333,1,2,0.25
P14031,IG_PLA,E2333,1,2,0.1
P14032,BC_GTMG,E2333,1,2,0.98
P14033,MA_TO_CO_JA,E2334,4,1,0.86
P14034,MA_TO_CO_JA,E2334,4,1,0.51
P14035,BC_GTMG,E2335,2,2,1.53
P14037,BC_GTMG,E2335,2,2,0.55
P14038,BC_GTMG,E2336,2,2,0.8
P14039,BC_GTMG,E2336,2,2,0.78
P14040,IG_PLA,E2336,2,2,1.81
P14041,BC_GTMG,E2336,2,2,0.58
P14042,IG_PLA,E2336,2,2,0.76
P14043,IG_PLA,E2336,2,2,1.61
P14047,MA_ROTA,E2337,3,2,0.3
P14048,MA_ROTA,E2337,3,2,0.63
P14049,MA_ROTA,E2337,3,2,1.1
P14051,MA_ROTA,E2337,3,2,0.58
P14052,MA_ROTA,E2337,3,2,0.69
P14053,MA_ROTA,E2337,3,2,0.36
P14054,BC_GTMG,E2338,3,2,1.51
P14055,BC_GTMG,E2338,3,2,0.58
P14056,BC_GTMG,E2338,3,2,1.27
P14057,BC_GTMG,E2338,3,2,0.83
P14058,BC_GTMG,E2338,3,2,0.67
P14059,BC_GTMG,E2338,3,2,0.57
P14060,BC_GTMG,E2338,3,2,0.92
P14061,MA_ROTA,E2339,2,2,1.53
P14062,MA_ROTA,E2339,2,2,0.89
P14063,PN_PIQ,E2340,4,1,1.02
P14064,PN_PIQ,E2340,4,1,0.1
P14065,PN_PIQ,E2340,4,1,6.63
P14066,PN_PIQ,E2341,7,3,0.19
P14067,PN_PIQ,E2341,7,3,0.37
P14068,PN_PIQ,E2341,7,3,0.1
P14069,PN_PIQ,E2341,7,3,1.0
P14070,PN_PIQ,E2341,7,3,1.23
P14071,PN_PIQ,E2341,7,3,0.42
P14072,PN_PIQ,E2341,7,3,0.09
P14073,PN_PIQ,E2341,7,3,3.37
P14074,BC_GTMG,E2341,7,3,0.19
P14075,PN_PIQ,E2342,4,1,0.15
P14076,PN_PIQ,E2342,4,1,0.3
P14077,PN_PIQ,E2342,4,1,0.57
P14078,PN_PIQ,E2342,4,1,0.62
P14079,BC_BT,E2342,4,1,0.23
P14080,PN_PIQ,E2342,4,1,0.07
P14081,PN_PIQ,E2342,4,1,0.13
P14082,PN_PIQ,E2342,4,1,0.08
P14083,PN_PIQ,E2342,4,1,0.71
P14084,PN_PIQ,E2342,4,1,0.33
P14085,PN_PIQ,E2342,4,1,0.42
P14086,PN_PIQ,E2342,4,1,0.67
P14087,PN_PIQ,E2342,4,1,0.28
P14088,PN_PIQ,E2342,4,1,0.21
P14089,PN_PIQ,E2342,4,1,0.73
P14090,PN_PIQ,E2342,4,1,0.38
P14092,PN_PIQ,E2342,4,1,0.28
P14093,PN_PIQ,E2342,4,1,0.12
P14094,PN_PIQ,E2343,7,3,0.86
P14095,PN_PIQ,E2343,7,3,0.72
P14096,PN_PIQ,E2343,7,3,1.83
P14097,IG_TUT,E2344,4,1,1.03
P14098,PN_PIQ,E2344,4,1,0.2
P14099,IG_TUT,E2344,4,1,0.17
P14100,CS_BT_NIM,E2344,4,1,0.43
P14101,IG_PLA,E2345,7,3,0.89
P14102,PN_PIQ,E2345,7,3,0.3
P14103,PN_PIQ,E2345,7,3,0.36
P14104,PN_PIQ,E2345,7,3,0.25
P14105,IG_PLA,E2345,7,3,0.15
P14107,PN_PIQ,E2346,7,3,0.78
P14108,PN_PIQ,E2346,7,3,1.58
P14110,PN_PIQ,E2346,7,3,1.53
P14111,PN_PIQ,E2346,7,3,0.58
P14112,BC_GTMG,E2346,7,3,0.47
P14113,PN_PIQ,E2346,7,3,0.87
P14114,PN_PIQ,E2346,7,3,1.79
P14115,PN_PIQ,E2346,7,3,1.0
P14116,PN_PIQ,E2347,7,3,1.04
P14117,PN_PIQ,E2347,7,3,1.18
P14118,BC_GTMG,E2348,7,3,0.19
P14119,PN_PIQ,E2348,7,3,0.73
P14120,PN_PIQ,E2348,7,3,0.64
P14121,IG_PLA,E2348,7,3,0.68
P14122,IG_PLA,E2348,7,3,0.5
P14123,BC_GTMG,E2349,2,2,0.72
P14124,BC_GTMG,E2349,2,2,0.26
P14125,BC_GTMG,E2349,2,2,0.5
P14126,MA_ROTA,E2350,1,2,2.05
P14127,PN_PIQ,E2351,1,2,0.57
P14128,PN_PIQ,E2351,1,2,2.48
P14129,IG_PLA,E2352,1,2,1.47
P14130,BC_GTMG,E2352,1,2,0.85
P14131,BC_GTMG,E2352,1,2,0.26
P14132,MA_TO_CO_JA,E2353,1,2,0.74
P14133,MA_TO_CO_JA,E2353,1,2,0.31
P14134,MA_TO_CO_JA,E2353,1,2,0.57
P14135,MA_TO_CO_JA,E2353,1,2,0.06
P14136,MA_ROTA,E2354,2,2,1.05
P14137,PN_PIQ,E2355,1,2,1.07
P14138,PN_PIQ,E2355,1,2,3.55
P14139,MA_TO_CO_JA,E2356,7,3,0.63
P14140,MA_TO_CO_JA,E2357,7,3,0.34
P14141,MA_TO_CO_JA,E2357,7,3,0.54
P14142,MA_TO_CO_JA,E2358,2,2,0.36
P14143,MA_TO_CO_JA,E2358,2,2,0.17
P14144,MA_TO_CO_JA,E2358,2,2,0.58
P14145,MA_TO_CO_JA,E2359,7,3,1.01
P14146,MA_TO_CO_JA,E2359,7,3,1.0
P14147,MA_TO_CO_JA,E2360,4,1,0.76
P14148,MA_ROTA,E2361,3,2,0.86
P14149,MA_TO_CO_JA,E2362,4,1,3.39
P14150,MA_TO_CO_JA,E2362,4,1,0.49
P14151,MA_TO_CO_JA,E2362,4,1,0.67
P14152,MA_ROTA,E2363,2,2,1.36
P14153,MA_ROTA,E2363,2,2,0.97
P14154,MA_ROTA,E2364,5,1,0.7
P14155,MA_ROTA,E2364,5,1,4.06
P14156,PN_PIQ,E2365,7,3,0.76
P14157,BC_GTMG,E2365,7,3,0.07
P14158,PN_PIQ,E2365,7,3,1.26
P14159,PN_PIQ,E2365,7,3,0.25
P14160,IG_PLA,E2366,7,3,0.59
P14161,IG_PLA,E2366,7,3,0.08
P14162,PN_PIQ,E2366,7,3,0.27
P14163,PN_PIQ,E2366,7,3,0.14
P14164,MA_TO_CO_JA,E2367,7,3,0.39
P14165,MA_TO_CO_JA,E2367,7,3,1.39
P14166,MA_TO_CO_JA,E2367,7,3,0.53
P14167,MA_TO_CO_JA,E2367,7,3,0.83
P14168,IG_PLA,E2368,7,3,0.31
P14169,PN_PIQ,E2368,7,3,0.79
P14170,IG_PLA,E2368,7,3,0.49
P14171,MA_TO_CO_JA,E2369,7,3,1.28
P14172,MA_TO_CO_JA,E2369,7,3,0.4
P14173,BC_GTMG,E2370,3,2,1.3
P14174,BC_GTMG,E2370,3,2,0.89
P14175,MA_TO_CO_JA,E2371,7,3,0.46
P14177,MA_TO_CO_JA,E2371,7,3,0.33
P14178,MA_TO_CO_JA,E2371,7,3,0.2
P14179,MA_TO_CO_JA,E2371,7,3,0.21
P14180,MA_TO_CO_JA,E2371,7,3,0.22
P14181,MA_TO_CO_JA,E2371,7,3,0.5
P14183,MA_TO_CO_JA,E2371,7,3,0.92
P14184,MA_TO_CO_JA,E2372,7,3,0.79
P14185,PN_PIQ,E2373,7,3,0.63
P14186,PN_PIQ,E2373,7,3,0.61
P14187,PN_PIQ,E2373,7,3,0.33
P14188,MA_TO_CO_JA,E2374,7,3,0.12
P14189,MA_TO_CO_JA,E2374,7,3,0.29
P14190,MA_TO_CO_JA,E2374,7,3,0.34
P14191,MA_TO_CO_JA,E2374,7,3,0.28
P14192,MA_TO_CO_JA,E2375,7,3,0.37
P14193,MA_TO_CO_JA,E2375,7,3,0.83
P14194,MA_TO_CO_JA,E2375,7,3,0.24
P14195,MA_TO_CO_JA,E2375,7,3,0.25
P14196,PN_PIQ,E2376,7,3,0.5
P14197,PN_PIQ,E2376,7,3,0.21
P14198,PN_PIQ,E2376,7,3,0.22
P14199,PN_PIQ,E2376,7,3,1.81
P14200,MA_TO_CO_JA,E2377,7,3,0.32
P14201,MA_TO_CO_JA,E2377,7,3,0.37
P14202,MA_ROTA,E2378,2,2,0.9
P14203,MA_TO_CO_JA,E2379,7,3,0.42
P14204,MA_TO_CO_JA,E2379,7,3,0.17
P14205,MA_TO_CO_JA,E2379,7,3,0.49
P14206,MA_TO_CO_JA,E2379,7,3,0.34
P14207,MA_TO_CO_JA,E2379,7,3,0.09
P14208,MA_ROTA,E2380,2,2,0.93
P14209,IG_PLA,E2381,7,3,0.21
P14210,IG_PLA,E2381,7,3,0.18
P14211,PN_PIQ,E2381,7,3,0.24
P14212,MA_TO_CO_JA,E2382,6,1,0.53
P14213,MA_TO_CO_JA,E2382,6,1,0.5
P14214,MA_TO_CO_JA,E2382,6,1,1.05
P14215,PN_PIQ,E2383,2,2,0.48
P14216,PN_PIQ,E2383,2,2,1.26
P14217,PN_PIQ,E2384,2,2,0.92
P14218,BC_GTMG,E2384,2,2,1.05
P14219,BC_GTMG,E2384,2,2,0.64
P14220,BC_GTMG,E2384,2,2,0.08
P14221,IG_PLA,E2385,7,3,0.32
P14222,PN_PIQ,E2385,7,3,0.47
P14223,IG_PLA,E2385,7,3,0.74
P14225,IG_PLA,E2385,7,3,0.2
P14226,IG_PLA,E2385,7,3,0.49
P14227,PN_PIQ,E2385,7,3,0.58
P14228,PN_PIQ,E2386,2,2,0.45
P14229,PN_PIQ,E2386,2,2,0.05
P14230,PN_PIQ,E2386,2,2,0.5
P14231,IG_PLA,E2386,2,2,0.09
P14232,IG_PLA,E2386,3,2,0.61
P14233,IG_PLA,E2386,3,2,0.36
P14234,PN_PIQ,E2387,2,2,1.15
P14235,PN_PIQ,E2387,2,2,4.2
P14236,IG_PLA,E2388,2,2,0.68
P14237,BC_GTMG,E2388,2,2,0.4
P14238,MA_TO_CO_JA,E2389,3,2,1.15
P14239,MA_ROTA,E2389,3,2,0.92
P14240,MA_ROTA,E2389,3,2,0.42
P14242,MA_TO_CO_JA,E2389,3,2,0.21
P14243,MA_TO_CO_JA,E2389,3,2,0.17
P14244,BC_GTMG,E2390,3,2,1.56
P14245,BC_GTMG,E2390,3,2,2.31
P14246,BC_GTMG,E2390,3,2,2.24
P14247,BC_GTMG,E2390,3,2,3.18
P14248,BC_GTMG,E2390,3,2,0.99
P14249,IG_PLA,E2391,2,2,0.67
P14250,BC_GTMG,E2391,2,2,0.51
P14252,PN_PIQ,E2392,2,2,1.99
P14254,PN_PIQ,E2393,1,2,0.6
P14255,PN_PIQ,E2393,1,2,1.0
P14256,MA_TO_CO_JA,E2394,7,3,2.25
P14257,MA_TO_CO_JA,E2394,7,3,1.0
P14258,PN_PIQ,E2395,7,3,0.81
P14259,IG_PLA,E2395,7,3,0.5
P14260,IG_PLA,E2395,7,3,0.42
P14261,PN_PIQ,E2396,7,3,0.69
P14262,PN_PIQ,E2396,7,3,0.34
P14263,PN_PIQ,E2396,7,3,1.09
P14264,PN_PIQ,E2396,7,3,0.95
P14265,PN_PIQ,E2396,7,3,0.6
P14266,PN_PIQ,E2396,7,3,0.21
P14267,PN_PIQ,E2396,7,3,0.71
P14268,BC_GTMG,E2397,1,2,0.68
P14269,IG_PLA,E2397,1,2,0.14
P14270,PN_PIQ,E2398,2,2,1.32
P14271,MA_TO_CO_JA,E2399,7,3,0.37
P14272,MA_TO_CO_JA,E2400,7,3,0.57
P14273,MA_TO_CO_JA,E2400,7,3,0.39
P14274,MA_TO_CO_JA,E2400,7,3,0.11
P14275,BC_GTMG,E2401,2,2,0.35
P14276,BC_GTMG,E2401,2,2,0.44
P14277,BC_GTMG,E2401,2,2,0.05
P14278,PN_PIQ,E2402,2,2,0.82
P14279,IG_PLA,E2402,2,2,0.11
P14280,PN_PIQ,E2403,2,2,0.3
P14281,PN_PIQ,E2403,2,2,0.31
P14282,PN_PIQ,E2403,2,2,0.66
P14283,PN_PIQ,E2403,2,2,0.21
P14284,MA_TO_CO_JA,E2404,7,3,0.63
P14285,MA_TO_CO_JA,E2405,7,3,0.53
P14286,MA_ROTA,E2406,2,2,2.11
P14287,MA_ROTA,E2406,2,2,0.89
P14288,MA_ROTA,E2406,2,2,0.12
P14289,MA_ROTA,E2406,2,2,0.61
P14290,MA_ROTA,E2406,2,2,0.92
P14291,MA_ROTA,E2406,2,2,0.26
P14292,MA_ROTA,E2406,2,2,1.15
P14293,MA_ROTA,E2406,2,2,0.1
P14294,MA_ROTA,E2406,2,2,1.97
P14295,MA_ROTA,E2406,2,2,0.08
P14296,MA_ROTA,E2406,2,2,0.27
P14297,MA_ROTA,E2406,2,2,0.14
P14298,MA_ROTA,E2406,2,2,0.14
P14299,MA_ROTA,E2406,2,2,0.06
P14300,MA_ROTA,E2406,2,2,1.12
P14301,MA_ROTA,E2406,2,2,0.18
P14302,MA_ROTA,E2406,2,2,0.15
P14303,IG_PLA,E2407,2,2,0.39
P14304,IG_PLA,E2407,2,2,0.14
P14305,IG_PLA,E2407,1,2,1.48
P14306,IG_PLA,E2407,1,2,1.44
P14307,IG_PLA,E2407,1,2,0.62
P14308,IG_PLA,E2407,1,2,1.42
P14309,BC_GTMG,E2407,1,2,1.32
P14310,BC_GTMG,E2407,1,2,1.26
P14311,BC_GTMG,E2407,1,2,1.4
P14312,PN_PIQ,E2408,1,2,0.25
P14313,PN_PIQ,E2408,1,2,0.07
P14314,PN_PIQ,E2408,1,2,0.32
P14315,MA_TO_CO_JA,E2409,7,3,0.6
P14316,MA_TO_CO_JA,E2409,7,3,1.47
P14317,MA_TO_CO_JA,E2409,7,3,0.5
P14318,PN_PIQ,E2410,7,3,0.39
P14319,IG_PLA,E2410,7,3,0.53
P14320,IG_PLA,E2410,7,3,0.9
P14321,PN_PIQ,E2410,7,3,0.36
P14322,PN_PIQ,E2411,7,3,0.27
P14323,PN_PIQ,E2411,7,3,2.23
P14324,PN_PIQ,E2411,7,3,0.53
P14325,PN_PIQ,E2411,7,3,0.37
P14326,MA_ROTA,E2412,1,2,1.44
P14327,MA_ROTA,E2412,1,2,0.07
P14328,PN_PIQ,E2413,1,2,0.31
P14329,PN_PIQ,E2413,1,2,0.68
P14330,MA_ROTA,E2414,2,2,0.47
P14331,MA_ROTA,E2414,2,2,0.29
P14332,MA_ROTA,E2414,2,2,0.29
P14333,MA_ROTA,E2414,2,2,0.72
P14334,MA_ROTA,E2414,2,2,0.26
P14335,MA_ROTA,E2414,2,2,1.67
P14336,MA_TO_CO_JA,E2415,7,3,0.78
P14337,MA_TO_CO_JA,E2415,7,3,0.47
P14338,MA_TO_CO_JA,E2415,7,3,0.39
P14339,BC_GTMG,E2416,2,2,0.44
P14340,BC_GTMG,E2416,2,2,0.17
P14341,BC_GTMG,E2416,2,2,0.49
P14342,PN_PIQ,E2417,7,3,0.2
P14343,PN_PIQ,E2417,7,3,0.55
P14344,PN_PIQ,E2417,7,3,0.68
P14345,PN_PIQ,E2418,2,2,0.89
P14346,PN_PIQ,E2418,2,2,0.57
P14347,PN_PIQ,E2418,2,2,2.87
P14348,PN_PIQ,E2419,7,3,0.81
P14349,PN_PIQ,E2419,7,3,0.21
P14350,PN_PIQ,E2419,7,3,0.2
P14351,PN_PIQ,E2419,7,3,0.32
P14352,MA_TO_CO_JA,E2420,7,3,0.43
P14353,MA_TO_CO_JA,E2420,7,3,0.2
P14354,PN_PIQ,E2421,2,2,0.75
P14355,PN_PIQ,E2421,2,2,0.3
P14356,PN_PIQ,E2421,2,2,0.82
P14357,MA_ROTA,E2422,2,2,1.3
P14358,MA_TO_CO_JA,E2423,4,1,0.45
P14359,MA_TO_CO_JA,E2423,4,1,0.56
P14361,MA_TO_CO_JA,E2423,4,1,0.23
P14362,MA_TO_CO_JA,E2423,4,1,0.36
P14364,MA_TO_CO_JA,E2423,4,1,0.38
P14365,MA_TO_CO_JA,E2423,4,1,0.07
P14366,MA_TO_CO_JA,E2423,4,1,0.38
P14367,MA_TO_CO_JA,E2423,4,1,0.86
P14368,MA_TO_CO_JA,E2423,4,1,0.32
P14369,MA_TO_CO_JA,E2423,4,1,0.61
P14370,MA_TO_CO_JA,E2423,4,1,0.3
P14371,MA_TO_CO_JA,E2423,4,1,0.35
P14372,MA_TO_CO_JA,E2423,4,1,0.27
P14373,MA_TO_CO_JA,E2423,4,1,0.26
P14374,MA_TO_CO_JA,E2423,4,1,0.18
P14375,MA_TO_CO_JA,E2423,4,1,0.28
P14377,MA_TO_CO_JA,E2423,4,1,0.13
P14378,MA_TO_CO_JA,E2423,4,1,0.67
P14379,MA_TO_CO_JA,E2423,4,1,0.75
P14381,PN_PIQ,E2424,7,3,0.82
P14382,PN_PIQ,E2424,7,3,0.85
P14383,PN_PIQ,E2424,7,3,0.4
P14384,PN_PIQ,E2424,7,3,0.22
P14385,PN_PIQ,E2425,7,3,0.42
P14386,PN_PIQ,E2425,7,3,0.59
P14387,IG_PLA,E2425,7,3,0.38
P14388,IG_PLA,E2425,7,3,0.18
P14389,IG_PLA,E2425,7,3,0.57
P14390,MA_ROTA,E2426,2,2,0.58
P14391,MA_ROTA,E2426,1,2,0.45
P14393,MA_TO_CO_JA,E2427,6,1,2.0
P14394,PN_PIQ,E2428,3,2,0.3
P14395,PN_PIQ,E2428,3,2,0.39
P14396,BC_GTMG,E2429,3,2,2.28
P14397,IG_PLA,E2429,3,2,0.55
P14398,BC_GTMG,E2429,3,2,3.85
P14399,IG_PLA,E2429,3,2,0.67
P14400,BC_GTMG,E2430,2,2,0.57
P14401,IG_PLA,E2430,2,2,0.27
P14402,PN_PIQ,E2431,2,2,0.46
P14403,PN_PIQ,E2431,2,2,0.25
P14404,PN_PIQ,E2431,2,2,0.05
P14405,PN_PIQ,E2431,2,2,0.1
P14406,MA_ROTA,E2432,1,2,0.63
P14407,MA_ROTA,E2432,2,2,0.43
P14408,BC_GTMG,E2433,2,2,0.9
P14409,IG_PLA,E2433,2,2,0.48
P14410,IG_PLA,E2433,2,2,0.44
P14411,MA_TO_CO_JA,E2434,7,3,1.37
P14412,PN_PIQ,E2435,7,3,0.97
P14413,PN_PIQ,E2435,7,3,1.36
P14414,MA_ROTA,E2436,1,2,1.18
P14415,PN_PIQ,E2437,1,2,0.96
P14416,PN_PIQ,E2437,1,2,1.0
P14417,PN_PIQ,E2437,1,2,0.98
P14418,MA_TO_CO_JA,E2438,4,1,0.6
P14419,BC_GTMG,E2439,3,2,1.17
P14420,IG_PLA,E2439,3,2,1.26
P14421,BC_GTMG,E2439,3,2,1.43
P14423,IG_PLA,E2439,3,2,1.45
P14424,IG_PLA,E2439,3,2,1.08
P14425,BC_GTMG,E2439,3,2,0.38
P14426,MA_TO_CO_JA,E2440,4,1,0.43
P14427,MA_TO_CO_JA,E2440,4,1,0.9
P14428,MA_TO_CO_JA,E2440,4,1,1.0
P14429,MA_TO_CO_JA,E2440,4,1,0.4
P14430,MA_TO_CO_JA,E2440,4,1,0.39
P14431,PN_PIQ,E2441,2,2,3.23
P14432,MA_ROTA,E2442,2,2,0.68
P14433,PN_PIQ,E2443,1,2,0.56
P14434,PN_PIQ,E2443,1,2,0.59
P14435,PN_PIQ,E2443,1,2,0.22
P14436,PN_PIQ,E2443,1,2,1.3
P14437,PN_PIQ,E2444,2,2,0.76
P14438,PN_PIQ,E2444,2,2,0.29
P14439,PN_PIQ,E2444,2,2,0.05
P14440,MA_TO_CO_JA,E2445,7,3,1.27
P14441,MA_ROTA,E2445,7,3,0.04
P14442,MA_TO_CO_JA,E2446,7,3,1.55
P14443,MA_ROTA,E2446,7,3,0.09
P14444,MA_TO_CO_JA,E2447,7,3,0.2
P14445,MA_TO_CO_JA,E2448,7,3,0.44
P14446,MA_TO_CO_JA,E2448,7,3,0.13
P14447,MA_TO_CO_JA,E2448,7,3,0.2
P14448,PN_PIQ,E2449,7,3,0.46
P14449,IG_PLA,E2449,7,3,0.42
P14450,IG_PLA,E2449,7,3,0.36
P14451,IG_PLA,E2450,7,3,0.19
P14452,IG_PLA,E2450,7,3,0.4
P14453,IG_PLA,E2450,7,3,1.51
P14454,PN_PIQ,E2450,7,3,0.38
P14455,PN_PIQ,E2450,7,3,0.75
P14456,PN_PIQ,E2451,7,3,0.77
P14457,PN_PIQ,E2451,7,3,0.56
P14458,PN_PIQ,E2451,7,3,0.42
P14459,PN_PIQ,E2451,7,3,0.05
P14460,IG_PLA,E2452,7,3,0.91
P14461,PN_PIQ,E2452,7,3,0.56
P14462,PN_PIQ,E2452,7,3,0.34
P14463,PN_PIQ,E2453,7,3,0.32
P14464,IG_PLA,E2453,7,3,0.32
P14465,PN_PIQ,E2453,7,3,0.56
P14466,IG_PLA,E2453,7,3,0.51
P14467,IG_PLA,E2454,2,2,1.27
P14468,IG_PLA,E2454,2,2,0.45
P14469,BC_GTMG,E2454,3,2,1.14
P14470,IG_PLA,E2454,3,2,0.35
P14471,PN_PIQ,E2455,7,3,0.54
P14472,IG_PLA,E2455,7,3,0.27
P14473,PN_PIQ,E2455,7,3,0.43
P14474,IG_PLA,E2455,7,3,0.22
P14475,MA_TO_CO_JA,E2456,7,3,0.62
P14476,PN_PIQ,E2457,7,3,0.16
P14477,PN_PIQ,E2457,7,3,0.29
P14478,PN_PIQ,E2457,7,3,0.4
P14479,PN_PIQ,E2458,7,3,0.56
P14480,PN_PIQ,E2458,7,3,0.19
P14481,PN_PIQ,E2458,7,3,0.3
P14482,BC_GTMG,E2458,7,3,0.14
P14483,MA_ROTA,E2459,4,1,0.33
P14484,MA_ROTA,E2459,4,1,0.48
P14485,MA_ROTA,E2459,4,1,0.12
P14487,MA_ROTA,E2459,4,1,0.15
P14489,MA_ROTA,E2459,4,1,0.24
P14490,MA_ROTA,E2459,4,1,0.01
P14491,MA_ROTA,E2459,4,1,1.21
P14493,MA_ROTA,E2459,4,1,0.11
P14494,MA_ROTA,E2459,4,1,0.72
P14495,MA_ROTA,E2459,4,1,1.07
P14496,MA_ROTA,E2459,4,1,0.73
P14497,MA_ROTA,E2459,4,1,0.07
P14498,MA_ROTA,E2460,3,2,2.24
P14499,MA_ROTA,E2460,3,2,6.82
P14500,MA_ROTA,E2460,3,2,3.97
P14501,MA_ROTA,E2460,3,2,9.21
P14502,MA_ROTA,E2460,3,2,8.62
P14503,MA_ROTA,E2460,3,2,1.17
P14504,MA_ROTA,E2460,3,2,2.18
P14505,PN_PIQ,E2461,7,3,0.1
P14506,PN_PIQ,E2461,7,3,0.2
P14507,PN_PIQ,E2461,7,3,0.5
P14508,PN_PIQ,E2461,7,3,0.18
P14509,PN_PIQ,E2461,7,3,1.55
P14510,PN_PIQ,E2461,7,3,0.48
P14511,PN_PIQ,E2461,7,3,0.19
P14512,PN_PIQ,E2461,7,3,0.18
P14513,PN_PIQ,E2461,7,3,0.41
P14514,PN_PIQ,E2462,7,3,1.0
P14515,PN_PIQ,E2462,7,3,2.49
P14516,PN_PIQ,E2462,7,3,0.37
P14517,PN_PIQ,E2462,7,3,0.27
P14518,MA_TO_CO_JA,E2463,4,1,1.27
P14520,MA_ROTA,E2464,2,2,0.9
P14521,PN_PIQ,E2465,2,2,1.36
P14522,PN_PIQ,E2465,2,2,0.69
P14524,MA_ROTA,E2466,2,2,0.33
P14525,MA_ROTA,E2466,2,2,0.27
P14526,MA_ROTA,E2466,2,2,0.16
P14527,MA_ROTA,E2467,1,2,0.98
P14528,MA_ROTA,E2467,1,2,0.93
P14529,MA_ROTA,E2467,1,2,0.51
P14530,MA_ROTA,E2467,1,2,0.31
P14531,PN_PIQ,E2468,2,2,0.18
P14532,PN_PIQ,E2468,2,2,0.54
P14533,PN_PIQ,E2468,2,2,1.46
P14534,PN_PIQ,E2468,2,2,0.57
P14535,IG_PLA,E2469,3,2,1.22
P14537,IG_PLA,E2469,3,2,0.26
P14538,IG_PLA,E2469,3,2,1.08
P14539,IG_PLA,E2469,3,2,0.13
P14540,MA_ROTA,E2470,3,2,0.94
P14541,MA_TO_CO_JA,E2471,3,2,0.15
P14542,MA_ROTA,E2471,3,2,3.19
P14543,MA_ROTA,E2471,3,2,1.18
P14544,MA_ROTA,E2471,3,2,0.85
P14545,MA_ROTA,E2471,3,2,1.5
P14546,MA_ROTA,E2471,3,2,4.54
P14547,MA_ROTA,E2472,3,2,2.41
P14548,MA_TO_CO_JA,E2472,3,2,1.4
P14549,MA_ROTA,E2472,3,2,1.52
P14551,MA_ROTA,E2472,3,2,1.53
P14553,MA_ROTA,E2472,3,2,1.01
P14555,MA_ROTA,E2472,3,2,2.01
P14556,MA_ROTA,E2472,3,2,0.36
P14557,PN_PIQ,E2473,3,2,0.55
P14558,PN_PIQ,E2473,3,2,1.98
P14559,PN_PIQ,E2473,3,2,0.82
P14560,PN_PIQ,E2473,3,2,0.37
P14561,PN_PIQ,E2474,3,2,1.36
P14563,IG_PLA,E2474,3,2,3.8
P14564,IG_PLA,E2474,3,2,1.57
P14565,IG_PLA,E2474,3,2,1.01
P14566,PN_PIQ,E2474,3,2,1.1
P14567,PN_PIQ,E2474,3,2,1.13
P14568,MA_ROTA,E2475,3,2,0.63
P14569,MA_ROTA,E2476,3,2,0.6
P14570,MA_ROTA,E2476,3,2,0.82
P14571,IG_PLA,E2476,3,2,0.39
P14572,IG_PLA,E2476,3,2,0.2
P14573,PN_PIQ,E2477,3,2,0.65
P14574,MA_TO_CO_JA,E2478,3,2,0.76
P14575,BC_GTMG,E2479,1,2,0.15
P14576,BC_GTMG,E2479,1,2,0.13
P14577,BC_GTMG,E2479,1,2,0.19
P14578,BC_GTMG,E2479,1,2,0.26
P14579,BC_GTMG,E2479,1,2,0.63
P14580,BC_GTMG,E2480,3,2,1.55
P14581,BC_GTMG,E2480,3,2,1.1
P14582,IG_PLA,E2480,3,2,2.56
P14583,IG_PLA,E2480,3,2,0.72
P14584,BC_GTMG,E2480,3,2,1.13
P14585,BC_GTMG,E2481,2,2,0.87
P14586,IG_PLA,E2481,2,2,0.33
P14587,IG_PLA,E2481,2,2,0.95
P14588,BC_GTMG,E2481,2,2,0.44
P14589,BC_GTMG,E2481,2,2,0.35
P14590,IG_PLA,E2481,2,2,0.49
P14591,IG_PLA,E2481,2,2,0.27
P14592,IG_PLA,E2481,2,2,0.2
P14593,IG_PLA,E2481,2,2,0.21
P14594,MA_ROTA,E2482,2,2,1.02
P14595,MA_TO_CO_JA,E2483,7,3,1.48
P14596,PN_PIQ,E2484,2,2,0.51
P14597,PN_PIQ,E2484,2,2,0.56
P14598,PN_PIQ,E2484,2,2,1.36
P14599,PN_PIQ,E2484,2,2,0.78
P14600,PN_PIQ,E2485,7,3,0.53
P14601,PN_PIQ,E2485,7,3,0.61
P14602,PN_PIQ,E2485,7,3,1.08
P14603,PN_PIQ,E2485,7,3,0.79
P14604,IG_PLA,E2486,7,3,0.33
P14605,PN_PIQ,E2486,7,3,1.98
P14606,IG_PLA,E2486,7,3,0.26
P14607,IG_PLA,E2486,7,3,0.3
P14608,MA_TO_CO_JA,E2487,4,1,3.3
P14611,MA_TO_CO_JA,E2488,7,3,0.53
P14612,MA_TO_CO_JA,E2488,7,3,0.82
P14613,MA_TO_CO_JA,E2488,7,3,0.53
P14614,PN_PIQ,E2489,7,3,0.73
P14615,PN_PIQ,E2489,7,3,0.14
P14616,PN_PIQ,E2489,7,3,0.7
P14617,PN_PIQ,E2489,7,3,0.47
P14618,PN_PIQ,E2489,7,3,0.48
P14619,BC_BT,E2490,4,1,0.45
P14620,BC_BT,E2490,4,1,0.46
P14621,BC_BT,E2490,4,1,0.16
P14622,BC_BT,E2490,4,1,1.48
P14623,BC_BT,E2490,4,1,0.74
P14624,BC_BT,E2490,4,1,0.18
P14625,IG_PLA,E2491,7,3,0.69
P14626,PN_PIQ,E2491,7,3,0.14
P14627,PN_PIQ,E2491,7,3,0.25
P14628,BC_GTMG,E2492,3,2,2.7
P14629,IG_PLA,E2492,3,2,0.75
P14630,IG_PLA,E2492,3,2,1.27
P14632,IG_PLA,E2492,3,2,0.67
P14633,IG_PLA,E2492,3,2,0.46
P14635,IG_PLA,E2492,3,2,0.19
P14636,IG_PLA,E2492,3,2,1.44
P14637,IG_PLA,E2493,7,3,0.7
P14638,PN_PIQ,E2493,7,3,0.42
P14639,IG_PLA,E2493,7,3,0.07
P14640,MA_ROTA,E2494,3,2,0.98
P14641,PN_PIQ,E2495,7,3,0.82
P14642,PN_PIQ,E2495,7,3,0.16
P14643,PN_PIQ,E2495,7,3,0.09
P14644,PN_PIQ,E2495,7,3,0.4
P14645,PN_PIQ,E2495,7,3,0.09
P14646,PN_PIQ,E2495,7,3,0.94
P14647,BC_GTMG,E2496,3,2,1.43
P14648,BC_GTMG,E2496,3,2,0.08
P14649,BC_GTMG,E2496,3,2,1.2
P14650,BC_GTMG,E2496,3,2,0.16
P14651,PN_PIQ,E2497,7,3,0.89
P14652,PN_PIQ,E2497,7,3,0.59
P14653,PN_PIQ,E2497,7,3,1.29
P14654,PN_PIQ,E2497,7,3,0.54
P14655,PN_PIQ,E2497,7,3,0.77
P14656,PN_PIQ,E2497,7,3,0.4
P14657,PN_PIQ,E2498,3,2,1.62
P14658,PN_PIQ,E2498,3,2,1.06
P14659,PN_PIQ,E2498,3,2,1.03
P14660,PN_PIQ,E2498,3,2,0.65
P14661,IG_PLA,E2499,3,2,0.05
P14662,IG_PLA,E2499,3,2,0.02
P14663,PN_PIQ,E2499,3,2,0.93
P14664,BC_GTMG,E2500,3,2,0.29
P14665,IG_PLA,E2500,3,2,0.56
P14666,IG_PLA,E2500,3,2,0.14
P14667,IG_PLA,E2500,3,2,0.2
P14668,IG_PLA,E2500,3,2,0.37
P14669,BC_GTMG,E2500,3,2,0.26
P14670,BC_GTMG,E2500,3,2,0.52
P14671,IG_PLA,E2500,3,2,0.74
P14673,BC_GTMG,E2501,3,2,0.4
P14674,BC_GTMG,E2501,3,2,2.11
P14675,BC_GTMG,E2501,3,2,2.85
P14676,BC_GTMG,E2501,3,2,0.14
P14677,BC_GTMG,E2501,3,2,0.45
P14678,BC_GTMG,E2501,3,2,0.2
P14679,BC_GTMG,E2501,3,2,0.26
P14680,BC_GTMG,E2501,3,2,0.05
P14681,BC_GTMG,E2501,3,2,1.54
P14682,PN_PIQ,E2502,1,2,0.13
P14683,BC_GTMG,E2502,1,2,0.13
P14684,IG_PLA,E2502,1,2,0.06
P14685,IG_PLA,E2502,1,2,0.04
P14686,IG_PLA,E2502,1,2,0.07
P14687,PN_PIQ,E2503,7,3,0.16
P14688,PN_PIQ,E2503,7,3,0.69
P14689,PN_PIQ,E2503,7,3,0.36
P14690,PN_PIQ,E2504,4,1,1.53
P14691,PN_PIQ,E2504,4,1,0.5
P14692,PN_PIQ,E2504,4,1,2.67
P14693,MA_TO_CO_JA,E2505,7,3,0.8
P14694,MA_TO_CO_JA,E2505,7,3,0.62
P14695,BC_GTMG,E2506,1,2,0.38
P14697,BC_GTMG,E2506,1,2,0.09
P14698,BC_GTMG,E2506,1,2,0.56
P14699,BC_GTMG,E2507,2,2,1.3
P14700,BC_GTMG,E2507,2,2,0.88
P14701,IG_PLA,E2507,2,2,0.3
P14702,IG_PLA,E2507,2,2,0.87
P14703,IG_PLA,E2507,2,2,0.87
P14704,BC_GTMG,E2507,2,2,0.29
P14705,IG_PLA,E2507,2,2,0.62
P14706,IG_PLA,E2507,2,2,0.39
P14707,IG_PLA,E2507,2,2,0.24
P14709,BC_GTMG,E2509,2,2,0.26
P14710,BC_GTMG,E2509,2,2,0.3
P14711,BC_GTMG,E2509,2,2,0.51
P14712,MA_TO_CO_JA,E2510,4,1,0.66
P14713,BC_BT,E2511,4,1,0.24
P14714,IG_TUT,E2511,4,1,0.18
P14715,IG_TUT,E2511,4,1,2.28
P14716,IG_TUT,E2511,4,1,1.82
P14717,BC_BT,E2511,4,1,0.93
P14720,BC_BT,E2511,4,1,0.27
P14721,BC_BT,E2511,4,1,0.75
P14722,MA_TO_CO_JA,E2512,2,2,0.46
P14723,PN_PIQ,E2513,7,3,0.59
P14724,PN_PIQ,E2513,7,3,1.66
P14725,PN_PIQ,E2513,7,3,0.6
P14726,PN_PIQ,E2513,7,3,0.83
P14727,BC_GTMG,E2514,2,2,0.19
P14728,BC_GTMG,E2514,2,2,0.77
P14729,IG_PLA,E2514,2,2,0.18
P14730,IG_PLA,E2514,2,2,0.32
P14731,BC_GTMG,E2514,2,2,0.45
P14732,IG_PLA,E2514,2,2,0.54
P14733,IG_PLA,E2515,7,3,0.18
P14734,PN_PIQ,E2515,7,3,0.36
P14735,PN_PIQ,E2515,7,3,0.59
P14736,IG_PLA,E2515,7,3,0.19
P14737,BC_GTMG,E2516,1,2,0.17
P14738,BC_GTMG,E2516,1,2,0.34
P14739,BC_GTMG,E2516,1,2,0.41
P14740,BC_GTMG,E2516,1,2,0.91
P14741,BC_GTMG,E2516,2,2,1.18
P14742,MA_TO_CO_JA,E2517,7,3,1.22
P14743,MA_TO_CO_JA,E2518,4,1,0.92
P14744,MA_TO_CO_JA,E2518,4,1,0.46
P14745,MA_TO_CO_JA,E2518,4,1,0.34
P14746,MA_TO_CO_JA,E2518,4,1,0.2
P14747,MA_TO_CO_JA,E2518,4,1,2.61
P14748,MA_TO_CO_JA,E2519,4,1,0.6
P14750,MA_ROTA,E2520,2,2,0.91
P14751,MA_ROTA,E2520,2,2,1.91
P14752,MA_ROTA,E2520,2,2,0.73
P14753,MA_ROTA,E2521,3,2,7.75
P14754,MA_ROTA,E2521,3,2,0.53
P14755,MA_ROTA,E2521,3,2,0.37
P14756,MA_ROTA,E2521,3,2,0.48
P14758,PN_PIQ,E2522,2,2,0.79
P14759,PN_PIQ,E2522,2,2,1.68
P14760,MA_TO_CO_JA,E2523,7,3,0.38
P14761,MA_TO_CO_JA,E2523,7,3,0.21
P14762,MA_TO_CO_JA,E2523,7,3,0.55
P14763,BC_GTMG,E2524,3,2,0.25
P14764,BC_GTMG,E2524,3,2,0.34
P14765,BC_GTMG,E2524,3,2,0.55
P14766,BC_GTMG,E2524,3,2,0.42
P14767,BC_GTMG,E2524,3,2,1.08
P14768,BC_GTMG,E2524,3,2,0.83
P14769,BC_GTMG,E2524,3,2,1.56
P14770,BC_GTMG,E2524,3,2,0.86
P14771,BC_GTMG,E2524,3,2,0.14
P14772,BC_GTMG,E2524,3,2,0.09
P14773,BC_GTMG,E2524,3,2,1.16
P14774,BC_GTMG,E2524,3,2,0.97
P14775,BC_GTMG,E2524,3,2,1.07
P14776,BC_GTMG,E2524,3,2,0.14
P14777,MA_ROTA,E2525,6,1,1.76
P14778,IG_TUT,E2525,6,1,2.55
P14779,PN_PIQ,E2526,7,3,0.34
P14780,PN_PIQ,E2526,7,3,0.72
P14781,PN_PIQ,E2526,7,3,0.44
P14782,PN_PIQ,E2526,7,3,0.22
P14783,PN_PIQ,E2526,7,3,0.23
P14784,MA_ROTA,E2527,1,2,1.18
P14785,PN_PIQ,E2528,7,3,0.39
P14786,PN_PIQ,E2528,7,3,1.17
P14787,PN_PIQ,E2528,7,3,0.41
P14788,PN_PIQ,E2528,7,3,1.86
P14789,MA_TO_CO_JA,E2529,7,3,0.79
P14790,MA_TO_CO_JA,E2529,7,3,0.25
P14791,MA_ROTA,E2530,2,2,1.25
P14792,MA_ROTA,E2530,2,2,0.28
P14793,MA_ROTA,E2530,2,2,0.85
P14794,MA_ROTA,E2530,2,2,0.95
P14795,MA_ROTA,E2530,2,2,0.26
P14796,PN_PIQ,E2531,2,2,0.28
P14797,PN_PIQ,E2531,2,2,2.35
P14798,MA_ROTA,E2532,2,2,0.14
P14799,MA_ROTA,E2532,2,2,0.37
P14800,MA_TO_CO_JA,E2533,7,3,0.36
P14801,MA_TO_CO_JA,E2533,7,3,0.15
P14802,MA_ROTA,E2534,3,2,0.81
P14803,MA_TO_CO_JA,E2535,7,3,0.26
P14804,MA_TO_CO_JA,E2535,7,3,0.22
P14805,MA_TO_CO_JA,E2535,7,3,0.6
P14806,MA_TO_CO_JA,E2536,7,3,0.37
P14807,MA_TO_CO_JA,E2537,2,2,0.78
P14808,MA_TO_CO_JA,E2538,7,3,0.21
P14809,MA_TO_CO_JA,E2538,7,3,0.18
P14810,MA_TO_CO_JA,E2538,7,3,0.13
P14811,MA_TO_CO_JA,E2539,7,3,0.23
P14812,MA_TO_CO_JA,E2539,7,3,0.22
P14813,MA_ROTA,E2540,3,2,3.52
P14814,MA_ROTA,E2540,3,2,0.12
P14815,MA_ROTA,E2540,3,2,0.98
P14817,MA_ROTA,E2540,3,2,0.8
P14820,BC_GTMG,E2541,3,2,0.53
P14821,BC_GTMG,E2541,3,2,1.37
P14822,IG_PLA,E2541,3,2,0.33
P14823,IG_PLA,E2541,3,2,0.6
P14824,IG_PLA,E2541,3,2,0.18
P14825,IG_PLA,E2541,3,2,1.08
P14826,IG_PLA,E2541,3,2,0.5
P14829,IG_PLA,E2541,3,2,0.43
P14830,IG_PLA,E2541,3,2,1.67
P14832,IG_PLA,E2541,3,2,0.93
P14833,PN_PIQ,E2542,7,3,0.87
P14834,PN_PIQ,E2542,7,3,0.26
P14835,PN_PIQ,E2542,7,3,0.45
P14836,PN_PIQ,E2542,7,3,0.15
P14837,PN_PIQ,E2542,7,3,0.4
P14838,MA_ROTA,E2543,3,2,0.42
P14839,MA_ROTA,E2543,3,2,0.96
P14840,PN_PIQ,E2544,3,2,0.2
P14841,PN_PIQ,E2544,3,2,0.31
P14842,PN_PIQ,E2544,3,2,0.26
P14843,MA_ROTA,E2545,3,2,0.79
P14844,MA_ROTA,E2545,3,2,0.74
P14845,MA_ROTA,E2545,3,2,0.91
P14846,MA_ROTA,E2545,3,2,0.49
P14847,PN_PIQ,E2546,3,2,2.47
P14848,MA_ROTA,E2547,3,2,1.03
P14849,MA_ROTA,E2547,3,2,0.77
P14850,MA_ROTA,E2547,3,2,0.74
P14851,MA_ROTA,E2547,3,2,0.34
P14852,MA_TO_CO_JA,E2548,3,2,1.12
P14854,MA_TO_CO_JA,E2549,3,2,0.72
P14857,MA_ROTA,E2549,3,2,0.72
P14858,MA_ROTA,E2550,1,2,0.36
P14859,MA_ROTA,E2550,1,2,0.3
P14860,MA_ROTA,E2550,1,2,0.49
P14861,MA_ROTA,E2550,1,2,0.21
P14862,MA_ROTA,E2550,1,2,0.4
P14863,MA_ROTA,E2550,1,2,0.22
P14864,MA_ROTA,E2551,3,2,0.73
P14866,MA_ROTA,E2551,3,2,0.43
P14868,MA_ROTA,E2551,3,2,1.35
P14869,MA_ROTA,E2551,3,2,1.14
P14871,MA_ROTA,E2551,3,2,0.43
P14873,MA_ROTA,E2551,3,2,0.29
P14875,MA_ROTA,E2551,3,2,0.42
P14876,MA_ROTA,E2551,3,2,0.27
P14878,MA_TO_CO_JA,E2552,7,3,1.2
P14879,MA_ROTA,E2553,3,2,1.04
P14880,MA_ROTA,E2553,3,2,1.18
P14881,MA_ROTA,E2554,3,2,2.01
P14882,MA_ROTA,E2555,3,2,1.5
P14883,MA_TO_CO_JA,E2555,3,2,1.05
P14884,MA_TO_CO_JA,E2555,3,2,1.02
P14885,MA_ROTA,E2555,3,2,0.19
P14886,MA_TO_CO_JA,E2555,3,2,1.28
P14887,MA_TO_CO_JA,E2555,3,2,0.37
P14888,MA_TO_CO_JA,E2555,3,2,1.21
P14889,MA_TO_CO_JA,E2555,3,2,0.21
P14890,MA_TO_CO_JA,E2556,7,3,0.44
P14891,PN_PIQ,E2557,7,3,0.59
P14892,IG_PLA,E2557,7,3,0.17
P14893,PN_PIQ,E2558,7,3,0.48
P14894,IG_PLA,E2558,7,3,0.36
P14895,IG_PLA,E2558,7,3,0.27
P14896,PN_PIQ,E2559,7,3,0.24
P14897,PN_PIQ,E2559,7,3,0.66
P14898,PN_PIQ,E2559,7,3,0.22
P14899,CS_BT_NIM,E2560,4,1,0.43
P14900,IG_TUT,E2560,4,1,1.16
P14901,CS_BT_NIM,E2560,4,1,0.43
P14902,IG_TUT,E2560,4,1,0.47
P14903,BC_GTMG,E2561,1,2,0.56
P14904,PN_PIQ,E2561,2,2,0.42
P14905,PN_PIQ,E2562,7,3,0.51
P14906,PN_PIQ,E2562,7,3,0.61
P14907,PN_PIQ,E2562,7,3,0.34
P14908,PN_PIQ,E2563,1,2,0.36
P14910,PN_PIQ,E2563,1,2,0.31
P14911,PN_PIQ,E2563,1,2,0.15
P14912,PN_PIQ,E2564,7,3,0.93
P14913,PN_PIQ,E2564,7,3,0.27
P14914,PN_PIQ,E2564,7,3,2.98
P14915,PN_PIQ,E2564,7,3,0.73
P14916,PN_PIQ,E2564,7,3,0.23
P14917,PN_PIQ,E2564,7,3,0.72
P14918,PN_PIQ,E2564,7,3,1.6
P14919,PN_PIQ,E2564,7,3,1.35
P14920,MA_TO_CO_JA,E2565,7,3,0.38
P14921,MA_TO_CO_JA,E2565,7,3,0.3
P14922,MA_TO_CO_JA,E2565,7,3,0.43
P14923,MA_TO_CO_JA,E2566,7,3,0.06
P14924,MA_TO_CO_JA,E2566,7,3,0.53
P14925,MA_TO_CO_JA,E2566,7,3,0.4
P14926,MA_TO_CO_JA,E2566,7,3,0.63
P14927,PN_PIQ,E2567,2,2,1.52
P14928,IG_PLA,E2568,3,2,0.09
P14929,IG_PLA,E2568,3,2,0.18
P14930,BC_GTMG,E2568,3,2,0.08
P14931,BC_GTMG,E2568,3,2,0.06
P14932,BC_GTMG,E2568,3,2,0.08
P14933,BC_GTMG,E2568,3,2,0.03
P14934,IG_PLA,E2568,3,2,0.71
P14935,BC_GTMG,E2568,3,2,0.1
P14936,BC_GTMG,E2568,3,2,0.19
P14937,MA_TO_CO_JA,E2569,7,3,0.41
P14938,MA_TO_CO_JA,E2569,7,3,0.1
P14939,MA_TO_CO_JA,E2569,7,3,0.13
P14940,MA_TO_CO_JA,E2569,7,3,0.21
P14941,MA_TO_CO_JA,E2569,7,3,0.23
P14942,MA_TO_CO_JA,E2569,7,3,0.32
P14943,MA_TO_CO_JA,E2569,7,3,0.11
P14944,MA_TO_CO_JA,E2570,7,3,0.31
P14945,MA_TO_CO_JA,E2570,7,3,0.23
P14946,MA_TO_CO_JA,E2570,7,3,0.42
P14947,IG_PLA,E2571,7,3,1.06
P14948,PN_PIQ,E2571,7,3,0.96
P14949,IG_PLA,E2571,7,3,0.55
P14950,IG_PLA,E2571,7,3,0.18
P14951,MA_TO_CO_JA,E2572,3,2,1.14
P14952,MA_ROTA,E2572,3,2,0.52
P14954,PN_PIQ,E2573,7,3,0.39
P14955,BC_GTMG,E2573,7,3,0.03
P14956,PN_PIQ,E2573,7,3,0.24
P14957,PN_PIQ,E2573,7,3,0.59
P14958,PN_PIQ,E2573,7,3,0.58
P14959,PN_PIQ,E2574,7,3,0.45
P14960,PN_PIQ,E2574,7,3,0.36
P14961,PN_PIQ,E2574,7,3,2.08
P14962,CS_BT_NIM,E2575,4,1,1.49
P14963,IG_TUT,E2575,4,1,0.37
P14964,PN_PIQ,E2576,7,3,0.94
P14965,IG_PLA,E2576,7,3,0.54
P14966,PN_PIQ,E2576,7,3,0.81
P14967,IG_PLA,E2576,7,3,0.21
P14968,MA_TO_CO_JA,E2577,6,1,0.27
P14969,MA_TO_CO_JA,E2577,6,1,0.07
P14970,MA_TO_CO_JA,E2577,6,1,0.15
P14971,MA_TO_CO_JA,E2577,6,1,0.08
P14972,MA_TO_CO_JA,E2577,6,1,0.1
P14973,MA_TO_CO_JA,E2577,6,1,0.04
P14974,MA_TO_CO_JA,E2577,6,1,0.56
P14975,MA_TO_CO_JA,E2577,6,1,0.43
P14976,MA_ROTA,E2578,2,2,0.9
P14977,MA_ROTA,E2578,2,2,1.16
P14978,MA_ROTA,E2578,2,2,0.8
P14979,MA_ROTA,E2578,2,2,0.8
P14980,MA_TO_CO_JA,E2579,2,2,0.53
P14981,MA_ROTA,E2579,2,2,0.97
P14982,PN_PIQ,E2580,7,3,0.53
P14983,PN_PIQ,E2580,7,3,0.2
P14984,PN_PIQ,E2580,7,3,0.47
P14985,PN_PIQ,E2580,7,3,0.48
P14986,PN_PIQ,E2580,7,3,1.8
P14987,MA_ROTA,E2581,3,2,1.35
P14988,MA_TO_CO_JA,E2581,3,2,1.02
P14989,MA_TO_CO_JA,E2582,4,1,1.77
P14990,PN_PIQ,E2583,1,2,0.67
P14991,PN_PIQ,E2583,1,2,0.7
P14992,PN_PIQ,E2583,1,2,0.77
P14993,PN_PIQ,E2583,1,2,0.15
P14994,PN_PIQ,E2584,7,3,0.83
P14995,PN_PIQ,E2584,7,3,0.98
P14996,IG_PLA,E2585,3,2,0.69
P14997,BC_GTMG,E2585,3,2,1.51
P14998,IG_PLA,E2585,3,2,0.2
P14999,IG_PLA,E2585,3,2,1.59
P15000,IG_PLA,E2585,3,2,0.17
P15001,MA_ROTA,E2586,2,2,0.73
P15002,MA_ROTA,E2586,2,2,0.71
P15003,MA_ROTA,E2587,2,2,2.0
P15004,PN_PIQ,E2588,7,3,1.22
P15005,IG_PLA,E2588,7,3,0.46
P15006,IG_PLA,E2588,7,3,0.49
P15007,PN_PIQ,E2588,7,3,1.11
P15008,MA_TO_CO_JA,E2589,7,3,0.54
P15009,MA_TO_CO_JA,E2589,7,3,0.41
P15010,MA_TO_CO_JA,E2590,7,3,0.27
P15011,MA_TO_CO_JA,E2590,7,3,0.49
P15012,MA_TO_CO_JA,E2590,7,3,0.12
P15013,MA_TO_CO_JA,E2590,7,3,0.45
P15014,MA_ROTA,E2591,3,2,0.85
P15015,MA_TO_CO_JA,E2591,4,1,0.13
P15017,MA_TO_CO_JA,E2591,4,1,0.13
P15018,MA_TO_CO_JA,E2591,4,1,0.35
P15020,MA_ROTA,E2591,3,2,3.98
P15022,MA_ROTA,E2591,3,2,0.36
P15024,MA_ROTA,E2591,3,2,0.47
P15025,MA_ROTA,E2591,3,2,1.14
P15026,MA_TO_CO_JA,E2591,4,1,0.36
P15027,MA_TO_CO_JA,E2591,4,1,0.38
P15028,MA_ROTA,E2591,3,2,0.41
P15029,MA_TO_CO_JA,E2591,4,1,0.32
P15034,MA_ROTA,E2591,3,2,1.75
P15035,MA_ROTA,E2591,3,2,1.11
P15038,MA_TO_CO_JA,E2591,4,1,0.12
P15042,MA_TO_CO_JA,E2591,4,1,0.18
P15044,MA_TO_CO_JA,E2591,4,1,0.32
P15045,MA_TO_CO_JA,E2591,4,1,0.51
P15046,MA_TO_CO_JA,E2591,4,1,0.37
P15049,MA_ROTA,E2591,3,2,0.53
P15052,MA_TO_CO_JA,E2591,4,1,0.24
P15055,MA_ROTA,E2591,3,2,1.56
P15057,MA_TO_CO_JA,E2591,4,1,0.3
P15058,MA_ROTA,E2591,3,2,0.5
P15059,MA_TO_CO_JA,E2591,4,1,0.37
P15061,MA_ROTA,E2591,3,2,2.22
P15062,MA_TO_CO_JA,E2591,4,1,0.5
P15063,MA_TO_CO_JA,E2591,4,1,0.35
P15065,MA_ROTA,E2591,3,2,0.9
P15068,MA_ROTA,E2591,3,2,0.29
P15069,MA_ROTA,E2591,3,2,0.67
P15070,MA_TO_CO_JA,E2592,4,1,5.74
P15071,MA_TO_CO_JA,E2592,4,1,7.11
P15072,MA_TO_CO_JA,E2592,4,1,1.61
P15073,MA_TO_CO_JA,E2592,4,1,3.17
P15075,MA_TO_CO_JA,E2592,4,1,0.4
P15076,MA_TO_CO_JA,E2592,4,1,3.57
P15077,MA_TO_CO_JA,E2592,4,1,4.13
P15078,MA_TO_CO_JA,E2592,4,1,0.48
P15079,MA_TO_CO_JA,E2592,4,1,1.13
P15081,MA_TO_CO_JA,E2592,4,1,0.59
P15082,MA_TO_CO_JA,E2592,4,1,1.01
P15083,MA_ROTA,E2592,4,1,1.08
P15084,MA_TO_CO_JA,E2592,4,1,2.04
P15085,MA_TO_CO_JA,E2592,4,1,1.4
P15086,MA_TO_CO_JA,E2592,4,1,0.73
P15087,MA_TO_CO_JA,E2592,4,1,4.15
P15088,MA_TO_CO_JA,E2592,4,1,3.21
P15089,MA_TO_CO_JA,E2592,4,1,4.21
P15090,MA_TO_CO_JA,E2592,4,1,3.01
P15091,MA_TO_CO_JA,E2592,4,1,7.37
P15092,MA_TO_CO_JA,E2592,4,1,7.2
P15093,MA_TO_CO_JA,E2592,4,1,0.94
P15095,MA_TO_CO_JA,E2592,4,1,11.37
P15097,MA_TO_CO_JA,E2592,4,1,3.19
P15098,MA_TO_CO_JA,E2592,4,1,5.72
P15100,MA_TO_CO_JA,E2592,4,1,0.69
P15101,MA_TO_CO_JA,E2592,4,1,5.27
P15104,MA_TO_CO_JA,E2592,4,1,3.77
P15105,MA_ROTA,E2592,4,1,2.29
P15106,MA_TO_CO_JA,E2592,4,1,7.82
P15107,MA_TO_CO_JA,E2592,4,1,6.05
P15108,MA_TO_CO_JA,E2592,4,1,3.34
P15109,MA_TO_CO_JA,E2592,4,1,1.41
P15111,MA_TO_CO_JA,E2592,4,1,7.58
P15112,MA_TO_CO_JA,E2592,4,1,1.46
P15113,MA_TO_CO_JA,E2592,4,1,8.44
P15115,MA_TO_CO_JA,E2592,4,1,5.04
P15122,MA_TO_CO_JA,E2592,4,1,0.46
P15123,MA_TO_CO_JA,E2592,4,1,2.32
P15126,MA_TO_CO_JA,E2592,4,1,0.16
P15127,MA_TO_CO_JA,E2592,4,1,0.75
P15128,MA_TO_CO_JA,E2592,4,1,0.34
P15129,MA_TO_CO_JA,E2592,4,1,0.5
P15132,MA_TO_CO_JA,E2592,4,1,1.47
P15136,MA_ROTA,E2592,4,1,0.93
P15139,MA_TO_CO_JA,E2592,4,1,0.27
P15140,MA_TO_CO_JA,E2592,4,1,2.13
P15141,MA_TO_CO_JA,E2592,4,1,0.77
P15143,MA_ROTA,E2593,2,2,1.0
P15144,MA_ROTA,E2593,2,2,0.8
P15145,MA_ROTA,E2593,2,2,0.26
P15146,MA_ROTA,E2593,2,2,0.72
P15147,MA_ROTA,E2593,2,2,0.17
P15148,MA_ROTA,E2593,2,2,0.07
P15149,PN_PIQ,E2594,7,3,0.35
P15150,PN_PIQ,E2594,7,3,0.54
P15151,IG_PLA,E2594,7,3,0.52
P15152,IG_PLA,E2594,7,3,0.25
P15153,IG_PLA,E2594,7,3,0.23
P15154,IG_PLA,E2594,7,3,0.11
P15155,PN_PIQ,E2595,7,3,0.26
P15156,PN_PIQ,E2595,7,3,0.17
P15157,PN_PIQ,E2595,7,3,0.3
P15158,PN_PIQ,E2595,7,3,0.38
P15159,MA_ROTA,E2596,1,2,1.25
P15160,PN_PIQ,E2597,7,3,0.33
P15161,IG_PLA,E2597,7,3,0.26
P15162,IG_PLA,E2597,7,3,0.28
P15163,MA_TO_CO_JA,E2598,7,3,0.43
P15164,MA_TO_CO_JA,E2599,7,3,0.25
P15165,MA_TO_CO_JA,E2599,7,3,0.47
P15166,MA_TO_CO_JA,E2599,7,3,0.48
P15167,MA_ROTA,E2600,2,2,0.34
P15168,MA_ROTA,E2600,2,2,0.22
P15169,MA_TO_CO_JA,E2601,4,1,0.68
P15170,MA_TO_CO_JA,E2601,4,1,0.35
P15171,MA_TO_CO_JA,E2601,4,1,0.2
P15172,MA_TO_CO_JA,E2601,4,1,0.28
P15173,MA_TO_CO_JA,E2601,4,1,1.22
P15174,MA_ROTA,E2602,2,2,0.69
P15175,PN_PIQ,E2603,2,2,1.03
P15176,PN_PIQ,E2603,2,2,1.1
P15177,PN_PIQ,E2603,2,2,2.89
P15178,PN_PIQ,E2603,2,2,1.04
P15179,MA_TO_CO_JA,E2604,6,1,2.07
P15180,MA_TO_CO_JA,E2604,6,1,2.95
P15181,MA_TO_CO_JA,E2605,6,1,2.83
P15182,MA_TO_CO_JA,E2605,6,1,2.33
P15188,PN_PIQ,E2607,7,3,0.29
P15189,PN_PIQ,E2607,7,3,0.49
P15190,PN_PIQ,E2607,7,3,1.1
P15191,PN_PIQ,E2607,7,3,0.45
P15192,PN_PIQ,E2607,7,3,0.38
P15193,PN_PIQ,E2607,7,3,0.18
P15194,PN_PIQ,E2607,7,3,0.18
P15196,MA_ROTA,E2608,3,2,0.43
P15197,MA_ROTA,E2608,3,2,0.81
P15198,MA_ROTA,E2608,3,2,2.58
P15199,MA_ROTA,E2608,3,2,0.92
P15200,MA_ROTA,E2608,3,2,0.18
P15201,MA_ROTA,E2608,3,2,1.01
P15202,MA_ROTA,E2608,3,2,2.62
P15203,MA_ROTA,E2608,3,2,2.36
P15204,MA_ROTA,E2608,3,2,0.26
P15206,MA_ROTA,E2608,3,2,4.49
P15207,MA_ROTA,E2608,3,2,0.4
P15208,MA_ROTA,E2609,2,2,0.35
P15209,MA_ROTA,E2609,2,2,0.42
P15210,MA_ROTA,E2609,2,2,0.46
P15211,MA_ROTA,E2609,2,2,0.62
P15212,MA_ROTA,E2610,2,2,2.03
P15214,MA_ROTA,E2611,5,1,0.8
P15215,MA_ROTA,E2611,5,1,1.0
P15217,MA_ROTA,E2611,5,1,0.67
P15218,MA_TO_CO_JA,E2612,6,1,0.05
P15219,BC_BT,E2612,6,1,0.05
P15220,BC_BT,E2612,6,1,0.51
P15221,MA_ROTA,E2612,6,1,0.81
P15222,MA_ROTA,E2612,6,1,0.53
P15223,MA_ROTA,E2612,6,1,0.34
P15224,MA_ROTA,E2613,6,1,0.35
P15225,IG_TUT,E2613,6,1,0.06
P15226,IG_TUT,E2613,6,1,0.39
P15227,MA_ROTA,E2613,6,1,0.03
P15228,MA_TO_CO_JA,E2614,6,1,1.0
P15229,MA_ROTA,E2615,2,2,1.59
P15231,MA_ROTA,E2615,2,2,0.99
P15233,PN_PIQ,E2616,6,1,8.04
P15234,BC_BT,E2617,4,1,0.72
P15235,IG_TUT,E2617,4,1,1.63
P15236,BC_BT,E2617,4,1,0.71
P15237,BC_BT,E2617,4,1,0.51
P15238,BC_BT,E2617,4,1,0.83
P15239,IG_TUT,E2617,4,1,0.55
P15240,IG_TUT,E2617,4,1,0.28
P15241,BC_BT,E2617,4,1,2.76
P15242,IG_TUT,E2617,4,1,0.76
P15243,IG_TUT,E2617,4,1,0.62
P15244,IG_TUT,E2617,4,1,0.12
P15245,BC_BT,E2617,4,1,0.47
P15246,PN_PIQ,E2618,1,2,0.62
P15247,BC_GTMG,E2619,3,2,0.94
P15248,BC_GTMG,E2619,3,2,0.09
P15249,BC_GTMG,E2619,3,2,0.5
P15250,BC_GTMG,E2619,3,2,0.62
P15251,BC_GTMG,E2619,3,2,0.95
P15254,MA_ROTA,E2620,3,2,0.82
P15256,MA_ROTA,E2620,3,2,0.71
P15257,MA_ROTA,E2620,3,2,1.02
P15258,MA_ROTA,E2620,3,2,0.59
P15259,MA_ROTA,E2621,2,2,0.84
P15260,MA_ROTA,E2622,1,2,3.9
P15261,MA_ROTA,E2622,1,2,1.68
P15262,MA_ROTA,E2622,1,2,0.62
P15263,MA_ROTA,E2622,1,2,0.4
P15266,PN_PIQ,E2623,4,1,0.69
P15267,PN_PIQ,E2623,4,1,0.81
P15268,PN_PIQ,E2623,4,1,0.59
P15269,PN_PIQ,E2624,2,2,1.4
P15270,PN_PIQ,E2624,2,2,0.14
P15271,PN_PIQ,E2625,7,3,0.35
P15272,PN_PIQ,E2625,7,3,0.14
P15273,PN_PIQ,E2626,7,3,0.77
P15274,PN_PIQ,E2626,7,3,2.5
P15275,PN_PIQ,E2626,7,3,0.43
P15276,PN_PIQ,E2626,7,3,0.89
P15277,PN_PIQ,E2626,7,3,2.94
P15278,PN_PIQ,E2626,7,3,1.03
P15279,IG_TUT,E2627,4,1,0.24
P15280,IG_TUT,E2627,4,1,0.47
P15281,IG_TUT,E2627,4,1,0.27
P15282,IG_TUT,E2627,4,1,0.16
P15283,IG_TUT,E2627,4,1,0.12
P15285,IG_TUT,E2627,4,1,1.48
P15286,IG_TUT,E2627,4,1,0.97
P15288,CS_BT_NIM,E2627,4,1,0.6
P15289,IG_TUT,E2627,4,1,0.62
P15291,MA_ROTA,E2628,3,2,3.1
P15292,MA_ROTA,E2628,3,2,3.65
P15293,MA_ROTA,E2628,3,2,0.49
P15294,BC_BT,E2629,4,1,1.73
P15295,IG_TUT,E2629,4,1,0.42
P15296,CS_BT_NIM,E2629,4,1,0.97
P15297,IG_TUT,E2629,6,1,0.11
P15298,IG_TUT,E2629,4,1,0.91
P15299,IG_TUT,E2629,6,1,1.25
P15300,IG_TUT,E2629,6,1,0.5
P15301,CS_BT_NIM,E2629,4,1,0.47
P15302,CS_BT_NIM,E2629,4,1,0.16
P15303,IG_TUT,E2629,4,1,0.99
P15304,IG_TUT,E2629,6,1,0.17
P15305,IG_TUT,E2629,4,1,0.15
P15306,MA_ROTA,E2630,4,1,1.08
P15307,MA_ROTA,E2630,4,1,1.07
P15308,MA_TO_CO_JA,E2631,4,1,0.3
P15309,MA_TO_CO_JA,E2631,4,1,0.46
P15310,MA_TO_CO_JA,E2631,4,1,0.66
P15313,MA_TO_CO_JA,E2631,4,1,1.55
P15314,MA_TO_CO_JA,E2631,4,1,0.24
P15315,PN_PIQ,E2632,3,2,6.16
P15316,PN_PIQ,E2632,3,2,6.44
P15318,PN_PIQ,E2633,2,2,0.43
P15320,PN_PIQ,E2633,2,2,0.3
P15321,PN_PIQ,E2633,2,2,2.16
P15322,PN_PIQ,E2633,2,2,0.12
P15323,MA_ROTA,E2634,2,2,0.56
P15326,BC_GTMG,E2635,2,2,0.58
P15327,BC_GTMG,E2635,2,2,0.8
P15328,PN_PIQ,E2635,2,2,1.16
P15329,BC_GTMG,E2635,2,2,0.87
P15330,BC_GTMG,E2635,2,2,0.92
P15331,BC_GTMG,E2635,2,2,1.07
P15332,PN_PIQ,E2635,2,2,0.79
P15333,BC_GTMG,E2635,2,2,0.22
P15335,IG_PLA,E2636,3,2,0.46
P15336,IG_PLA,E2636,3,2,1.12
P15337,BC_GTMG,E2636,3,2,0.87
P15338,IG_PLA,E2636,3,2,0.06
P15339,PN_PIQ,E2637,2,2,0.54
P15340,PN_PIQ,E2637,2,2,0.17
P15341,PN_PIQ,E2637,2,2,0.51
P15342,PN_PIQ,E2637,2,2,0.89
P15343,MA_TO_CO_JA,E2638,6,1,0.57
P15344,MA_TO_CO_JA,E2638,6,1,0.1
P15345,MA_ROTA,E2639,3,2,1.95
P15346,MA_ROTA,E2639,3,2,1.54
P15347,MA_ROTA,E2639,3,2,0.74
P15348,MA_ROTA,E2639,3,2,2.08
P15349,MA_ROTA,E2639,3,2,1.97
P15350,MA_ROTA,E2639,3,2,1.87
P15351,MA_ROTA,E2639,3,2,0.09
P15352,MA_ROTA,E2640,3,2,0.78
P15353,BC_BT,E2641,4,1,0.25
P15354,BC_BT,E2641,4,1,1.07
P15355,IG_TUT,E2641,4,1,2.02
P15356,IG_TUT,E2641,4,1,0.49
P15357,CS_BT_NIM,E2642,4,1,1.53
P15358,IG_TUT,E2642,4,1,0.69
P15359,IG_TUT,E2642,4,1,0.27
P15360,CS_BT_NIM,E2642,4,1,1.21
P15361,CS_BT_NIM,E2643,4,1,0.48
P15362,IG_TUT,E2643,4,1,0.12
P15363,MA_TO_CO_JA,E2644,4,1,1.44
P15364,MA_TO_CO_JA,E2644,4,1,0.09
P15365,PN_PIQ,E2645,4,1,0.66
P15366,PN_PIQ,E2645,4,1,0.78
P15367,MA_TO_CO_JA,E2646,4,1,0.81
P15368,MA_TO_CO_JA,E2646,4,1,0.31
P15369,BC_BT,E2647,4,1,0.23
P15370,BC_BT,E2647,4,1,0.18
P15371,BC_BT,E2647,4,1,0.07
P15372,BC_BT,E2647,4,1,0.48
P15373,BC_BT,E2647,4,1,0.41
P15374,BC_BT,E2647,4,1,0.57
P15375,MA_ROTA,E2648,4,1,1.02
P15376,MA_ROTA,E2648,4,1,0.97
P15377,IG_TUT,E2649,4,1,0.19
P15378,CS_BT_NIM,E2649,4,1,0.28
P15379,IG_TUT,E2649,4,1,0.66
P15380,PN_PIQ,E2649,4,1,0.29
P15381,MA_TO_CO_JA,E2650,4,1,1.35
P15382,MA_TO_CO_JA,E2650,4,1,0.96
P15383,MA_TO_CO_JA,E2651,4,1,1.62
P15384,PN_PIQ,E2652,4,1,0.11
P15385,PN_PIQ,E2652,4,1,0.96
P15386,PN_PIQ,E2652,4,1,0.51
P15387,PN_PIQ,E2652,4,1,0.23
P15388,PN_PIQ,E2652,4,1,1.1
P15389,PN_PIQ,E2652,4,1,0.18
P15390,PN_PIQ,E2652,4,1,1.13
P15391,PN_PIQ,E2652,4,1,1.08
P15392,PN_PIQ,E2652,4,1,0.68
P15393,PN_PIQ,E2652,4,1,0.18
P15394,MA_TO_CO_JA,E2653,4,1,1.07
P15395,MA_TO_CO_JA,E2654,4,1,1.55
P15396,MA_TO_CO_JA,E2654,4,1,1.19
P15397,MA_TO_CO_JA,E2654,4,1,0.14
P15398,MA_TO_CO_JA,E2655,4,1,0.83
P15399,MA_TO_CO_JA,E2656,7,3,0.85
P15400,MA_ROTA,E2657,4,1,0.92
P15401,MA_ROTA,E2657,4,1,0.55
P15404,BC_GTMG,E2658,2,2,1.5
P15405,BC_GTMG,E2658,2,2,1.23
P15406,BC_GTMG,E2658,2,2,0.52
P15407,PN_PIQ,E2658,2,2,0.64
P15408,BC_GTMG,E2658,2,2,0.17
P15410,PN_PIQ,E2659,1,2,0.25
P15411,PN_PIQ,E2659,1,2,0.42
P15412,PN_PIQ,E2659,1,2,1.87
P15413,PN_PIQ,E2659,1,2,0.71
P15416,PN_PIQ,E2659,1,2,1.92
P15417,PN_PIQ,E2659,1,2,1.4
P15418,PN_PIQ,E2660,2,2,1.72
P15419,BC_GTMG,E2661,7,3,0.21
P15420,IG_PLA,E2661,7,3,0.69
P15421,PN_PIQ,E2661,7,3,0.29
P15422,IG_PLA,E2662,2,2,0.34
P15423,IG_PLA,E2662,2,2,0.22
P15424,BC_GTMG,E2662,2,2,0.43
P15425,BC_GTMG,E2662,2,2,0.23
P15426,IG_PLA,E2662,2,2,0.25
P15427,BC_GTMG,E2663,1,2,0.07
P15428,BC_GTMG,E2663,1,2,1.02
P15430,BC_GTMG,E2663,1,2,0.21
P15431,BC_GTMG,E2663,1,2,2.97
P15432,BC_GTMG,E2663,1,2,1.82
P15433,BC_GTMG,E2663,1,2,2.03
P15434,BC_GTMG,E2663,1,2,0.89
P15435,BC_GTMG,E2664,2,2,0.6
P15436,BC_GTMG,E2664,2,2,0.21
P15437,BC_GTMG,E2664,2,2,0.48
P15438,BC_GTMG,E2664,2,2,0.65
P15439,MA_ROTA,E2665,1,2,0.91
P15440,MA_ROTA,E2665,1,2,1.14
P15441,MA_ROTA,E2665,1,2,1.64
P15442,MA_ROTA,E2665,1,2,0.16
P15443,MA_ROTA,E2665,1,2,1.59
P15444,MA_ROTA,E2665,1,2,0.53
P15445,MA_ROTA,E2665,1,2,0.87
P15446,MA_ROTA,E2665,1,2,0.18
P15447,MA_TO_CO_JA,E2666,4,1,1.56
P15448,MA_TO_CO_JA,E2666,4,1,0.08
P15449,MA_ROTA,E2667,2,2,1.22
P15450,MA_TO_CO_JA,E2668,4,1,1.78
P15451,MA_TO_CO_JA,E2668,4,1,3.51
P15452,CS_BT_NIM,E2669,4,1,0.44
P15453,IG_TUT,E2669,4,1,0.39
P15454,CS_BT_NIM,E2669,4,1,0.65
P15455,IG_TUT,E2669,4,1,0.93
P15456,IG_TUT,E2669,4,1,1.42
P15457,CS_BT_NIM,E2669,4,1,0.99
P15458,PN_PIQ,E2670,2,2,1.2
P15459,BC_GTMG,E2671,1,2,1.64
P15460,BC_GTMG,E2671,1,2,3.19
P15461,BC_GTMG,E2671,1,2,0.57
P15462,IG_PLA,E2671,1,2,1.1
P15463,IG_PLA,E2671,1,2,0.55
P15466,MA_TO_CO_JA,E2672,2,2,0.08
P15467,MA_TO_CO_JA,E2672,2,2,0.72
P15468,MA_ROTA,E2673,2,2,0.99
P15469,MA_TO_CO_JA,E2674,7,3,2.07
P15470,MA_TO_CO_JA,E2674,7,3,2.03
P15471,PN_PIQ,E2675,1,2,0.48
P15474,PN_PIQ,E2675,1,2,0.79
P15475,PN_PIQ,E2675,1,2,0.52
P15476,PN_PIQ,E2675,1,2,0.84
P15478,PN_PIQ,E2675,1,2,1.29
P15479,PN_PIQ,E2675,1,2,0.51
P15480,PN_PIQ,E2675,1,2,0.25
P15481,MA_ROTA,E2676,2,2,0.53
P15482,PN_PIQ,E2677,3,2,1.64
P15486,MA_ROTA,E2678,1,2,1.27
P15487,PN_PIQ,E2679,2,2,2.3
P15488,PN_PIQ,E2679,2,2,0.2
P15489,PN_PIQ,E2679,2,2,0.08
P15490,PN_PIQ,E2679,2,2,2.58
P15491,PN_PIQ,E2680,7,3,0.53
P15492,PN_PIQ,E2680,7,3,0.27
P15493,PN_PIQ,E2680,7,3,0.91
P15494,PN_PIQ,E2681,2,2,1.05
P15495,MA_TO_CO_JA,E2682,7,3,0.36
P15496,MA_TO_CO_JA,E2682,7,3,0.31
P15497,MA_TO_CO_JA,E2682,7,3,0.25
P15498,MA_TO_CO_JA,E2683,7,3,0.39
P15499,MA_TO_CO_JA,E2684,7,3,0.8
P15500,MA_TO_CO_JA,E2685,7,3,0.64
P15502,PN_PIQ,E2686,7,3,0.35
P15503,PN_PIQ,E2686,7,3,0.3
P15504,PN_PIQ,E2686,7,3,0.07
P15505,PN_PIQ,E2686,7,3,0.56
P15506,PN_PIQ,E2686,7,3,0.74
P15507,BC_GTMG,E2686,7,3,0.09
P15508,BC_GTMG,E2686,7,3,0.02
P15509,PN_PIQ,E2686,7,3,0.02
P15510,PN_PIQ,E2686,7,3,0.09
P15511,PN_PIQ,E2687,7,3,0.81
P15512,PN_PIQ,E2687,7,3,0.67
P15514,PN_PIQ,E2688,7,3,0.95
P15515,BC_GTMG,E2688,7,3,0.13
P15516,PN_PIQ,E2688,7,3,1.37
P15517,PN_PIQ,E2688,7,3,0.79
P15518,BC_GTMG,E2688,7,3,0.29
P15519,IG_PLA,E2689,7,3,0.08
P15520,IG_PLA,E2689,7,3,1.73
P15521,PN_PIQ,E2689,7,3,0.11
P15522,PN_PIQ,E2689,7,3,0.17
P15523,PN_PIQ,E2689,7,3,0.89
P15524,PN_PIQ,E2690,7,3,0.47
P15525,PN_PIQ,E2690,7,3,0.12
P15526,PN_PIQ,E2690,7,3,0.43
P15527,IG_PLA,E2691,7,3,1.09
P15528,PN_PIQ,E2691,7,3,0.36
P15529,PN_PIQ,E2691,7,3,0.58
P15530,PN_PIQ,E2691,7,3,0.84
P15531,IG_PLA,E2691,7,3,0.46
P15532,PN_PIQ,E2691,7,3,0.22
P15533,MA_TO_CO_JA,E2692,6,1,1.03
P15534,MA_TO_CO_JA,E2692,6,1,1.61
P15535,MA_ROTA,E2692,6,1,1.5
P15536,PN_PIQ,E2693,2,2,0.63
P15537,PN_PIQ,E2693,2,2,5.55
P15538,PN_PIQ,E2694,2,2,0.06
P15539,PN_PIQ,E2694,2,2,2.19
P15540,PN_PIQ,E2694,2,2,0.18
P15541,PN_PIQ,E2694,2,2,0.14
P15542,PN_PIQ,E2695,1,2,1.39
P15543,BC_GTMG,E2696,2,2,1.22
P15544,BC_GTMG,E2696,2,2,0.8
P15545,BC_GTMG,E2696,2,2,1.03
P15546,BC_GTMG,E2696,2,2,1.12
P15547,BC_GTMG,E2696,2,2,1.22
P15548,BC_GTMG,E2696,2,2,1.01
P15549,BC_GTMG,E2696,2,2,0.52
P15550,BC_GTMG,E2696,2,2,0.73
P15551,PN_PIQ,E2697,3,2,2.5
P15552,PN_PIQ,E2698,1,2,4.12
P15553,PN_PIQ,E2698,1,2,0.38
P15554,PN_PIQ,E2699,2,2,2.96
P15555,PN_PIQ,E2699,2,2,1.4
P15556,PN_PIQ,E2699,2,2,0.35
P15557,PN_PIQ,E2699,2,2,1.45
P15558,PN_PIQ,E2700,2,2,0.83
P15559,PN_PIQ,E2700,2,2,0.41
P15560,PN_PIQ,E2700,2,2,0.46
P15561,PN_PIQ,E2701,3,2,0.52
P15562,PN_PIQ,E2702,2,2,0.32
P15563,PN_PIQ,E2703,2,2,0.72
P15564,PN_PIQ,E2703,2,2,0.3
P15565,MA_ROTA,E2704,2,2,0.59
P15566,MA_ROTA,E2704,2,2,0.36
P15567,MA_ROTA,E2705,2,2,0.49
P15569,MA_ROTA,E2705,2,2,1.18
P15570,PN_PIQ,E2706,1,2,6.79
P15571,PN_PIQ,E2706,1,2,1.53
P15572,IG_PLA,E2707,7,3,0.72
P15573,PN_PIQ,E2707,7,3,0.71
P15574,IG_PLA,E2707,7,3,1.26
P15575,IG_PLA,E2707,7,3,0.34
P15576,PN_PIQ,E2707,7,3,0.45
P15577,PN_PIQ,E2707,7,3,0.64
P15578,IG_PLA,E2707,7,3,0.6
P15579,IG_PLA,E2707,7,3,0.46
P15580,PN_PIQ,E2708,7,3,0.13
P15581,PN_PIQ,E2708,7,3,0.39
P15582,PN_PIQ,E2708,7,3,1.34
P15583,PN_PIQ,E2708,7,3,0.26
P15584,PN_PIQ,E2708,7,3,0.61
P15586,MA_ROTA,E2709,3,2,0.19
P15587,MA_TO_CO_JA,E2709,3,2,1.36
P15588,PN_PIQ,E2710,5,1,0.53
P15589,PN_PIQ,E2710,5,1,0.72
P15590,PN_PIQ,E2710,5,1,1.16
P15591,PN_PIQ,E2711,1,2,1.06
P15592,MA_ROTA,E2712,7,3,1.13
P15593,MA_TO_CO_JA,E2712,7,3,0.69
P15594,MA_TO_CO_JA,E2712,7,3,0.41
P15595,MA_TO_CO_JA,E2712,7,3,0.99
P15596,MA_TO_CO_JA,E2712,7,3,0.75
P15597,MA_TO_CO_JA,E2712,7,3,0.57
P15598,MA_TO_CO_JA,E2712,7,3,1.27
P15599,MA_TO_CO_JA,E2712,7,3,0.92
P15600,MA_TO_CO_JA,E2712,7,3,1.26
P15601,MA_TO_CO_JA,E2712,7,3,0.63
P15602,MA_TO_CO_JA,E2712,7,3,0.59
P15603,MA_TO_CO_JA,E2712,7,3,1.27
P15604,MA_ROTA,E2712,7,3,0.4
P15605,MA_TO_CO_JA,E2712,7,3,0.5
P15606,PN_PIQ,E2713,1,2,0.8
P15607,PN_PIQ,E2713,1,2,0.82
P15608,PN_PIQ,E2713,1,2,2.6
P15609,PN_PIQ,E2714,2,2,2.72
P15610,PN_PIQ,E2714,2,2,0.51
P15612,PN_PIQ,E2715,2,2,3.19
P15614,PN_PIQ,E2715,4,1,0.23
P15615,PN_PIQ,E2715,4,1,2.75
P15616,PN_PIQ,E2715,4,1,2.14
P15617,PN_PIQ,E2715,4,1,1.04
P15618,PN_PIQ,E2715,4,1,0.77
P15619,PN_PIQ,E2715,4,1,1.58
P15620,PN_PIQ,E2715,4,1,0.73
P15621,PN_PIQ,E2716,2,2,0.21
P15622,PN_PIQ,E2716,2,2,0.07
P15623,PN_PIQ,E2716,2,2,0.15
P15624,PN_PIQ,E2716,2,2,0.17
P15625,PN_PIQ,E2716,2,2,2.29
P15626,MA_TO_CO_JA,E2717,4,1,0.11
P15627,MA_TO_CO_JA,E2717,4,1,0.17
P15629,PN_PIQ,E2718,1,2,0.16
P15630,PN_PIQ,E2718,1,2,0.17
P15631,PN_PIQ,E2718,1,2,0.11
P15632,PN_PIQ,E2718,1,2,0.3
P15633,PN_PIQ,E2718,1,2,0.2
P15634,PN_PIQ,E2718,1,2,0.13
P15635,PN_PIQ,E2718,2,2,0.11
P15636,PN_PIQ,E2718,2,2,0.44
P15637,PN_PIQ,E2719,4,1,1.25
P15638,PN_PIQ,E2719,4,1,0.1
P15639,PN_PIQ,E2719,4,1,1.29
P15640,PN_PIQ,E2719,4,1,1.73
P15641,PN_PIQ,E2719,4,1,0.06
P15642,PN_PIQ,E2719,4,1,3.71
P15643,PN_PIQ,E2719,4,1,0.8
P15644,PN_PIQ,E2719,4,1,1.35
P15645,PN_PIQ,E2719,4,1,1.13
P15647,PN_PIQ,E2719,4,1,0.44
P15649,PN_PIQ,E2720,1,2,0.65
P15650,PN_PIQ,E2721,2,2,0.92
P15651,PN_PIQ,E2721,2,2,0.28
P15652,PN_PIQ,E2721,2,2,0.51
P15653,JA,E2722,4,1,0.52
P15654,BA_INT,E2722,4,1,0.19
P15657,JA,E2722,4,1,0.35
P15658,BA_INT,E2722,4,1,0.5
P15659,BA_INT,E2722,4,1,0.92
P15660,BA_INT,E2722,4,1,0.28
P15661,MA_ROTA,E2722,4,1,0.42
P15663,BA_INT,E2722,4,1,0.47
P15664,MA_ROTA,E2722,4,1,0.32
P15665,BA_INT,E2722,4,1,0.59
P15669,BA_INT,E2722,4,1,0.69
P15670,BA_INT,E2722,4,1,0.7
P15671,PN_PIQ,E2723,7,3,0.59
P15672,BC_GTMG,E2723,7,3,0.07
P15673,PN_PIQ,E2723,7,3,0.83
P15674,PN_PIQ,E2723,7,3,0.06
P15675,PN_PIQ,E2724,7,3,0.68
P15676,PN_PIQ,E2724,7,3,0.7
P15677,PN_PIQ,E2724,7,3,1.17
P15678,PN_PIQ,E2724,7,3,0.58
P15679,PN_PIQ,E2724,7,3,0.78
P15680,PN_PIQ,E2724,7,3,0.35
P15681,MA_ROTA,E2725,5,1,1.57
P15682,MA_ROTA,E2725,5,1,0.78
P15683,VE_BTGT,E2725,5,1,0.36
P15684,BC_BT,E2725,5,1,0.16
P15685,IG_PLA,E2726,2,2,0.72
P15686,IG_PLA,E2726,2,2,0.29
P15687,PN_PIQ,E2726,2,2,0.67
P15690,PN_PIQ,E2727,7,3,0.67
P15691,PN_PIQ,E2727,7,3,1.04
P15692,PN_PIQ,E2727,7,3,0.16
P15693,PN_PIQ,E2727,7,3,0.47
P15694,MA_ROTA,E2728,2,2,0.29
P15695,MA_ROTA,E2728,2,2,0.49
P15697,MA_ROTA,E2728,2,2,2.66
P15698,MA_ROTA,E2728,2,2,0.13
P15699,MA_ROTA,E2728,2,2,0.05
P15702,MA_TO_CO_JA,E2729,7,3,0.61
P15703,MA_TO_CO_JA,E2730,7,3,0.45
P15704,MA_TO_CO_JA,E2730,7,3,0.59
P15705,BC_GTMG,E2731,2,2,0.23
P15706,BC_GTMG,E2731,2,2,0.21
P15707,MA_ROTA,E2732,2,2,0.45
P15708,MA_ROTA,E2732,2,2,0.25
P15709,MA_ROTA,E2733,2,2,2.16
P15710,MA_ROTA,E2733,2,2,2.4
P15711,MA_ROTA,E2733,2,2,1.27
P15712,MA_ROTA,E2733,2,2,1.88
P15713,MA_ROTA,E2734,2,2,2.03
P15714,MA_ROTA,E2734,2,2,2.55
P15717,MA_TO_CO_JA,E2735,3,2,0.35
P15718,MA_ROTA,E2736,3,2,0.19
P15719,MA_ROTA,E2736,3,2,0.91
P15720,PN_PIQ,E2737,3,2,0.75
P15721,PN_PIQ,E2737,3,2,0.9
P15722,PN_PIQ,E2737,3,2,0.53
P15723,BC_GTMG,E2738,3,2,0.75
P15724,IG_PLA,E2738,3,2,1.15
P15725,IG_PLA,E2738,3,2,0.25
P15726,IG_PLA,E2738,3,2,2.9
P15727,IG_PLA,E2738,3,2,1.48
P15728,BC_GTMG,E2738,3,2,1.06
P15729,IG_PLA,E2738,3,2,0.85
P15730,BC_GTMG,E2738,3,2,1.4
P15731,BC_GTMG,E2738,3,2,0.69
P15732,BC_GTMG,E2738,3,2,1.31
P15733,BC_GTMG,E2738,3,2,0.32
P15734,IG_PLA,E2738,3,2,0.74
P15735,IG_PLA,E2738,3,2,0.49
P15736,IG_PLA,E2738,3,2,1.03
P15737,IG_PLA,E2738,3,2,0.37
P15738,IG_PLA,E2738,3,2,0.2
P15739,IG_PLA,E2738,3,2,0.89
P15740,BC_GTMG,E2738,3,2,0.29
P15741,MA_ROTA,E2739,3,2,1.1
P15742,MA_ROTA,E2740,3,2,0.84
P15743,MA_TO_CO_JA,E2741,3,2,0.94
P15744,IG_PLA,E2742,3,2,1.21
P15745,BC_GTMG,E2742,3,2,2.31
P15746,IG_PLA,E2742,3,2,0.17
P15747,IG_PLA,E2742,3,2,0.14
P15748,IG_PLA,E2742,3,2,0.8
P15749,IG_PLA,E2742,3,2,1.19
P15750,IG_PLA,E2742,3,2,1.35
P15751,BC_GTMG,E2742,3,2,0.44
P15752,MA_ROTA,E2743,3,2,4.91
P15753,MA_ROTA,E2743,3,2,1.71
P15754,MA_ROTA,E2743,3,2,1.11
P15756,MA_ROTA,E2743,3,2,6.1
P15757,MA_ROTA,E2743,3,2,7.52
P15758,MA_TO_CO_JA,E2744,3,2,0.37
P15759,MA_TO_CO_JA,E2744,3,2,0.41
P15760,MA_TO_CO_JA,E2744,3,2,1.05
P15761,MA_TO_CO_JA,E2744,3,2,1.03
P15762,BC_GTMG,E2745,3,2,0.5
P15763,BC_GTMG,E2745,3,2,0.39
P15764,BC_GTMG,E2745,3,2,2.04
P15765,BC_GTMG,E2745,3,2,0.73
P15766,MA_TO_CO_JA,E2746,7,3,0.41
P15767,MA_TO_CO_JA,E2747,7,3,0.53
P15768,MA_TO_CO_JA,E2747,7,3,1.02
P15769,MA_TO_CO_JA,E2748,7,3,0.81
P15770,MA_TO_CO_JA,E2748,7,3,0.66
P15771,MA_TO_CO_JA,E2748,7,3,0.48
P15772,PN_PIQ,E2749,7,3,0.72
P15773,PN_PIQ,E2749,7,3,0.61
P15775,PN_PIQ,E2749,7,3,1.79
P15776,PN_PIQ,E2749,7,3,0.36
P15777,PN_PIQ,E2750,2,2,1.13
P15778,PN_PIQ,E2750,2,2,0.79
P15779,PN_PIQ,E2750,2,2,1.91
P15780,PN_PIQ,E2750,2,2,0.47
P15781,PN_PIQ,E2750,2,2,0.75
P15782,BC_GTMG,E2751,2,2,1.57
P15783,IG_PLA,E2751,2,2,2.21
P15784,BC_GTMG,E2751,2,2,1.56
P15785,IG_PLA,E2751,2,2,1.09
P15786,BC_GTMG,E2751,2,2,0.88
P15788,MA_TO_CO_JA,E2752,6,1,0.17
P15789,MA_TO_CO_JA,E2753,6,1,1.62
P15790,MA_TO_CO_JA,E2753,6,1,0.22
P15791,MA_TO_CO_JA,E2753,6,1,1.51
P15792,MA_TO_CO_JA,E2753,6,1,0.25
P15796,MA_TO_CO_JA,E2754,6,1,0.23
P15797,MA_ROTA,E2754,6,1,0.52
P15798,MA_TO_CO_JA,E2754,6,1,0.18
P15802,MA_TO_CO_JA,E2755,7,3,0.2
P15803,MA_TO_CO_JA,E2755,7,3,0.17
P15804,MA_TO_CO_JA,E2755,7,3,0.38
P15805,PN_PIQ,E2756,7,3,0.66
P15806,PN_PIQ,E2756,7,3,0.46
P15807,PN_PIQ,E2757,7,3,0.45
P15808,PN_PIQ,E2757,7,3,0.6
P15809,PN_PIQ,E2757,7,3,0.48
P15810,PN_PIQ,E2757,7,3,0.53
P15811,MA_ROTA,E2758,2,2,0.8
P15812,MA_ROTA,E2758,2,2,0.64
P15813,PN_PIQ,E2759,7,3,0.41
P15814,PN_PIQ,E2759,7,3,0.51
P15815,PN_PIQ,E2759,7,3,0.45
P15816,PN_PIQ,E2759,7,3,0.24
P15817,PN_PIQ,E2759,7,3,2.44
P15818,MA_TO_CO_JA,E2760,7,3,0.75
P15819,MA_TO_CO_JA,E2760,7,3,0.57
P15820,MA_TO_CO_JA,E2761,5,1,0.65
P15821,MA_ROTA,E2761,5,1,0.84
P15822,MA_TO_CO_JA,E2761,5,1,0.91
P15823,MA_TO_CO_JA,E2761,5,1,0.77
P15824,MA_TO_CO_JA,E2762,6,1,7.2
P15825,MA_ROTA,E2763,2,2,1.01
P15826,MA_ROTA,E2764,2,2,1.18
P15827,MA_TO_CO_JA,E2764,2,2,0.82
P15829,MA_ROTA,E2764,2,2,0.39
P15831,IG_PLA,E2765,1,2,0.05
P15832,BC_GTMG,E2765,1,2,0.14
P15833,BC_GTMG,E2765,1,2,0.18
P15834,BC_GTMG,E2765,1,2,0.17
P15835,IG_PLA,E2765,1,2,0.46
P15836,MA_ROTA,E2766,1,2,0.45
P15837,MA_ROTA,E2766,1,2,0.29
P15838,MA_ROTA,E2766,1,2,8.16
P15839,MA_ROTA,E2766,1,2,2.27
P15840,MA_ROTA,E2766,1,2,0.14
P15841,MA_ROTA,E2766,1,2,4.17
P15842,MA_ROTA,E2766,1,2,3.11
P15843,MA_ROTA,E2766,1,2,5.59
P15844,PN_PIQ,E2767,2,2,0.33
P15845,PN_PIQ,E2767,2,2,0.82
P15846,PN_PIQ,E2768,7,3,1.18
P15847,PN_PIQ,E2768,7,3,1.02
P15848,PN_PIQ,E2768,7,3,0.41
P15849,PN_PIQ,E2768,7,3,1.62
P15850,MA_TO_CO_JA,E2769,3,2,0.31
P15852,MA_TO_CO_JA,E2769,3,2,0.14
P15853,MA_TO_CO_JA,E2769,3,2,0.15
P15855,MA_ROTA,E2769,3,2,0.02
P15857,MA_TO_CO_JA,E2770,3,2,0.97
P15858,MA_ROTA,E2771,3,2,2.14
P15859,MA_ROTA,E2771,3,2,0.65
P15860,MA_ROTA,E2771,3,2,0.51
P15861,MA_ROTA,E2771,3,2,0.73
P15862,MA_ROTA,E2771,3,2,0.18
P15863,MA_ROTA,E2771,3,2,0.6
P15864,MA_TO_CO_JA,E2772,7,3,1.64
P15865,MA_TO_CO_JA,E2772,7,3,0.1
P15866,MA_ROTA,E2773,3,2,1.62
P15867,MA_ROTA,E2773,3,2,1.54
P15868,PN_PIQ,E2774,7,3,0.59
P15869,PN_PIQ,E2774,7,3,0.37
P15870,PN_PIQ,E2774,7,3,0.26
P15871,PN_PIQ,E2774,7,3,0.1
P15872,PN_PIQ,E2774,7,3,0.13
P15873,PN_PIQ,E2774,7,3,0.15
P15874,PN_PIQ,E2775,7,3,0.57
P15875,IG_PLA,E2775,7,3,0.82
P15876,IG_PLA,E2775,7,3,0.36
P15877,IG_PLA,E2775,7,3,0.08
P15878,PN_PIQ,E2775,7,3,0.9
P15879,BC_GTMG,E2775,7,3,0.07
P15880,IG_PLA,E2775,7,3,0.49
P15881,MA_ROTA,E2776,2,2,0.7
P15882,MA_ROTA,E2776,2,2,0.16
P15883,MA_ROTA,E2776,2,2,0.25
P15884,MA_ROTA,E2776,2,2,0.25
P15885,PN_PIQ,E2777,3,2,3.32
P15886,MA_TO_CO_JA,E2778,7,3,0.53
P15887,MA_TO_CO_JA,E2779,2,2,1.64
P15888,MA_TO_CO_JA,E2779,2,2,2.01
P15889,MA_TO_CO_JA,E2779,2,2,0.7
P15890,MA_TO_CO_JA,E2780,4,1,0.05
P15891,MA_TO_CO_JA,E2780,4,1,0.24
P15892,MA_TO_CO_JA,E2780,4,1,0.14
P15893,MA_TO_CO_JA,E2780,4,1,0.41
P15894,MA_TO_CO_JA,E2780,4,1,0.84
P15895,IG_PLA,E2781,7,3,0.5
P15896,IG_PLA,E2781,7,3,0.19
P15897,PN_PIQ,E2781,7,3,0.14
P15898,PN_PIQ,E2781,7,3,0.27
P15899,MA_TO_CO_JA,E2782,7,3,0.37
P15900,MA_TO_CO_JA,E2782,7,3,0.66
P15901,IG_PLA,E2783,7,3,0.14
P15902,PN_PIQ,E2783,7,3,0.52
P15903,IG_PLA,E2783,7,3,0.61
P15904,PN_PIQ,E2783,7,3,0.9
P15905,IG_PLA,E2783,7,3,0.13
P15906,IG_PLA,E2783,7,3,0.11
P15907,IG_PLA,E2783,7,3,0.72
P15908,PN_PIQ,E2783,7,3,0.45
P15909,IG_PLA,E2783,7,3,0.35
P15910,IG_PLA,E2783,7,3,0.42
P15911,PN_PIQ,E2784,5,1,2.86
P15912,PN_PIQ,E2784,5,1,0.51
P15913,PN_PIQ,E2784,5,1,1.37
P15914,PN_PIQ,E2784,5,1,3.13
P15915,PN_PIQ,E2784,5,1,0.69
P15916,PN_PIQ,E2784,5,1,1.02
P15917,MA_TO_CO_JA,E2785,7,3,0.17
P15918,MA_TO_CO_JA,E2785,7,3,0.32
P15919,MA_TO_CO_JA,E2785,7,3,0.69
P15920,MA_TO_CO_JA,E2785,7,3,0.28
P15921,IG_PLA,E2786,2,2,1.12
P15922,BC_GTMG,E2786,2,2,1.27
P15923,BC_GTMG,E2786,2,2,1.5
P15924,IG_PLA,E2786,2,2,1.05
P15925,IG_PLA,E2786,2,2,0.4
P15926,IG_PLA,E2786,2,2,0.16
P15927,IG_PLA,E2786,2,2,0.23
P15928,IG_PLA,E2786,2,2,0.05
P15929,IG_PLA,E2786,2,2,0.3
P15930,IG_PLA,E2786,2,2,0.62
P15931,MA_ROTA,E2787,4,1,1.71
P15932,MA_ROTA,E2787,4,1,0.88
P15933,MA_TO_CO_JA,E2787,4,1,1.08
P15934,MA_TO_CO_JA,E2788,7,3,0.46
P15935,MA_TO_CO_JA,E2788,7,3,0.74
P15936,BC_BT,E2789,5,1,0.47
P15937,BC_BT,E2789,5,1,0.57
P15938,BC_BT,E2789,5,1,1.03
P15939,BC_BT,E2789,5,1,0.76
P15940,BC_BT,E2789,5,1,0.73
P15942,BC_BT,E2789,5,1,0.48
P15943,IG_TUT,E2789,4,1,0.84
P15944,IG_TUT,E2789,4,1,0.97
P15945,IG_TUT,E2789,4,1,0.73
P15946,IG_PLA,E2790,3,2,0.97
P15947,IG_PLA,E2790,3,2,0.16
P15948,IG_PLA,E2790,3,2,0.48
P15949,PN_PIQ,E2790,3,2,0.87
P15950,MA_ROTA,E2791,2,2,0.23
P15951,MA_ROTA,E2791,2,2,0.19
P15952,MA_ROTA,E2791,3,2,1.23
P15953,MA_ROTA,E2791,3,2,0.96
P15954,MA_ROTA,E2791,3,2,1.5
P15955,MA_ROTA,E2792,3,2,0.81
P15956,MA_ROTA,E2792,3,2,1.01
P15957,MA_TO_CO_JA,E2793,7,3,1.54
P15959,IG_PLA,E2794,3,2,1.03
P15960,PN_PIQ,E2794,3,2,2.96
P15962,MA_ROTA,E2795,2,2,1.07
P15963,BC_GTMG,E2796,2,2,0.55
P15964,BC_GTMG,E2796,2,2,0.55
P15965,PN_PIQ,E2797,7,3,0.33
P15966,PN_PIQ,E2797,7,3,0.34
P15967,PN_PIQ,E2797,7,3,0.35
P15968,PN_PIQ,E2797,7,3,0.11
P15970,PN_PIQ,E2797,7,3,1.69
P15971,PN_PIQ,E2797,7,3,0.01
P15972,BC_GTMG,E2798,3,2,0.97
P15973,IG_PLA,E2798,3,2,0.37
P15974,BC_GTMG,E2798,3,2,0.34
P15975,IG_PLA,E2798,2,2,1.12
P15976,IG_PLA,E2798,2,2,1.05
P15977,BC_GTMG,E2798,2,2,0.81
P15978,IG_PLA,E2798,2,2,0.49
P15979,IG_PLA,E2799,7,3,0.17
P15980,IG_PLA,E2799,7,3,0.11
P15981,IG_PLA,E2799,7,3,0.12
P15982,PN_PIQ,E2799,7,3,0.4
P15983,PN_PIQ,E2799,7,3,0.4
P15984,IG_PLA,E2799,7,3,0.08
P15985,IG_PLA,E2799,7,3,0.15
P15986,IG_PLA,E2799,7,3,0.16
P15987,PN_PIQ,E2800,1,2,2.9
P15988,PN_PIQ,E2800,1,2,0.6
P15989,PN_PIQ,E2800,1,2,0.07
P15990,PN_PIQ,E2800,1,2,0.1
P15993,PN_PIQ,E2800,1,2,4.99
P15994,MA_TO_CO_JA,E2801,7,3,0.36
P15995,MA_TO_CO_JA,E2801,7,3,0.8
P15996,MA_TO_CO_JA,E2802,4,1,0.93
P15997,MA_ROTA,E2803,1,2,0.96
P15998,MA_TO_CO_JA,E2804,2,2,0.86
P15999,MA_TO_CO_JA,E2804,2,2,0.51
P16000,MA_TO_CO_JA,E2804,2,2,0.13
P16001,MA_TO_CO_JA,E2804,2,2,0.62
P16002,MA_TO_CO_JA,E2804,2,2,0.37
P16003,MA_TO_CO_JA,E2804,2,2,0.41
P16004,MA_TO_CO_JA,E2805,4,1,2.59
P16005,MA_TO_CO_JA,E2805,4,1,1.55
P16006,BC_GTMG,E2806,2,2,0.42
P16007,IG_PLA,E2806,2,2,0.18
P16008,PN_PIQ,E2807,2,2,0.3
P16009,PN_PIQ,E2807,2,2,0.18
P16010,PN_PIQ,E2807,2,2,0.08
P16011,PN_PIQ,E2807,2,2,0.1
P16012,MA_TO_CO_JA,E2808,7,3,0.33
P16013,MA_TO_CO_JA,E2808,7,3,0.61
P16014,MA_TO_CO_JA,E2808,7,3,0.37
P16015,MA_TO_CO_JA,E2808,7,3,0.31
P16016,MA_TO_CO_JA,E2808,7,3,0.31
P16017,MA_TO_CO_JA,E2808,7,3,0.59
P16018,MA_TO_CO_JA,E2808,7,3,0.26
P16019,MA_TO_CO_JA,E2808,7,3,0.21
P16020,MA_TO_CO_JA,E2808,7,3,0.41
P16021,MA_TO_CO_JA,E2808,7,3,0.08
P16022,MA_TO_CO_JA,E2809,2,2,0.53
P16023,MA_TO_CO_JA,E2809,2,2,0.31
P16024,MA_TO_CO_JA,E2810,7,3,0.4
P16025,IG_PLA,E2811,7,3,0.7
P16026,PN_PIQ,E2811,7,3,0.32
P16027,PN_PIQ,E2811,7,3,0.18
P16028,IG_PLA,E2811,7,3,0.09
P16029,PN_PIQ,E2811,7,3,0.34
P16030,MA_ROTA,E2812,2,2,1.83
P16034,PN_PIQ,E2815,7,3,1.26
P16035,PN_PIQ,E2815,7,3,1.19
P16036,PN_PIQ,E2815,7,3,3.12
P16037,PN_PIQ,E2815,7,3,0.41
P16038,PN_PIQ,E2815,7,3,0.84
P16039,PN_PIQ,E2816,2,2,0.34
P16040,PN_PIQ,E2816,2,2,0.07
P16041,PN_PIQ,E2816,2,2,0.44
P16042,PN_PIQ,E2816,2,2,0.74
P16043,PN_PIQ,E2817,6,1,2.3
P16044,PN_PIQ,E2817,6,1,0.19
P16045,PN_PIQ,E2817,6,1,0.52
P16046,PN_PIQ,E2817,6,1,1.16
P16047,PN_PIQ,E2817,6,1,0.32
P16048,PN_PIQ,E2817,6,1,0.33
P16049,PN_PIQ,E2817,6,1,0.29
P16050,PN_PIQ,E2817,6,1,0.48
P16051,PN_PIQ,E2817,6,1,0.57
P16052,PN_PIQ,E2817,6,1,1.34
P16053,PN_PIQ,E2817,5,1,0.42
P16054,MA_ROTA,E2818,5,1,0.04
P16055,MA_ROTA,E2818,5,1,0.04
P16056,MA_ROTA,E2818,5,1,0.14
P16057,AN_PA,E2819,4,1,0.63
P16058,AN_PA,E2819,4,1,0.75
P16060,AN_PA,E2819,4,1,0.18
P16061,IG_TUT,E2819,4,1,3.68
P16062,AN_PA,E2819,4,1,4.89
P16064,PN_PIQ,E2820,7,3,1.58
P16065,PN_PIQ,E2820,7,3,0.36
P16066,PN_PIQ,E2820,7,3,1.45
P16067,BC_GTMG,E2820,7,3,0.14
P16068,PN_PIQ,E2820,7,3,0.35
P16069,PN_PIQ,E2820,7,3,1.1
P16070,IG_TUT,E2821,4,1,2.14
P16071,AN_PA,E2821,4,1,1.89
P16072,AN_PA,E2821,4,1,0.78
P16073,AN_PA,E2821,4,1,1.07
P16074,AN_PA,E2821,4,1,0.55
P16075,AN_PA,E2821,4,1,2.31
P16076,IG_TUT,E2821,4,1,7.02
P16077,AN_PA,E2821,4,1,0.84
P16078,AN_PA,E2821,4,1,0.77
P16079,AN_PA,E2821,4,1,0.25
P16080,AN_PA,E2821,4,1,0.49
P16081,AN_PA,E2821,4,1,0.1
P16082,AN_PA,E2821,4,1,0.63
P16083,IG_TUT,E2821,4,1,2.86
P16084,IG_TUT,E2821,4,1,0.61
P16085,PN_PIQ,E2822,2,2,1.33
P16086,PN_PIQ,E2822,2,2,0.51
P16087,PN_PIQ,E2822,2,2,0.65
P16088,PN_PIQ,E2822,2,2,0.73
P16089,PN_PIQ,E2822,2,2,0.1
P16090,PN_PIQ,E2823,4,1,0.48
P16091,PN_PIQ,E2823,4,1,0.21
P16092,PN_PIQ,E2823,4,1,1.24
P16093,PN_PIQ,E2823,4,1,0.05
P16094,PN_PIQ,E2823,4,1,0.73
P16095,PN_PIQ,E2823,4,1,0.4
P16096,PN_PIQ,E2823,4,1,0.13
P16097,BC_GTMG,E2824,2,2,0.39
P16098,BC_GTMG,E2824,2,2,0.28
P16099,IG_PLA,E2824,2,2,0.31
P16100,IG_PLA,E2824,2,2,0.25
P16101,IG_PLA,E2824,2,2,0.43
P16102,IG_PLA,E2824,2,2,0.48
P16103,BC_GTMG,E2824,2,2,0.17
P16104,PN_PIQ,E2825,7,3,0.42
P16105,IG_PLA,E2825,7,3,0.13
P16106,IG_PLA,E2826,7,3,0.73
P16107,IG_PLA,E2826,7,3,0.66
P16108,PN_PIQ,E2826,7,3,0.69
P16109,PN_PIQ,E2826,7,3,0.31
P16110,IG_PLA,E2826,7,3,0.11
P16111,PN_PIQ,E2826,7,3,0.29
P16112,IG_PLA,E2826,7,3,1.0
P16113,PN_PIQ,E2827,7,3,0.95
P16114,PN_PIQ,E2827,7,3,0.27
P16115,PN_PIQ,E2827,7,3,0.95
P16116,PN_PIQ,E2827,7,3,1.26
P16117,PN_PIQ,E2827,7,3,0.5
P16118,PN_PIQ,E2827,7,3,1.81
P16119,PN_PIQ,E2827,7,3,0.46
P16120,PN_PIQ,E2827,7,3,0.16
P16121,PN_PIQ,E2827,7,3,0.26
P16122,PN_PIQ,E2827,7,3,0.32
P16123,PN_PIQ,E2828,2,2,0.62
P16124,PN_PIQ,E2828,2,2,1.82
P16125,PN_PIQ,E2829,7,3,0.58
P16126,IG_PLA,E2829,7,3,0.38
P16127,IG_PLA,E2829,7,3,0.26
P16128,PN_PIQ,E2830,7,3,1.02
P16129,PN_PIQ,E2830,7,3,1.43
P16130,MA_ROTA,E2831,2,2,0.67
P16131,MA_ROTA,E2831,2,2,1.5
P16132,MA_ROTA,E2832,2,2,0.45
P16133,MA_TO_CO_JA,E2833,7,3,0.44
P16134,BA_INT,E2834,4,1,0.62
P16135,BA_INT,E2834,4,1,0.35
P16137,BA_INT,E2834,4,1,0.94
P16138,BA_INT,E2834,4,1,1.36
P16140,BA_INT,E2834,4,1,1.3
P16141,MA_ROTA,E2834,4,1,0.29
P16142,MA_ROTA,E2834,4,1,0.33
P16143,MA_ROTA,E2834,4,1,1.4
P16144,BA_INT,E2834,4,1,0.87
P16146,JA,E2834,4,1,0.95
P16147,JA,E2834,4,1,0.2
P16148,BC_GTMG,E2835,2,2,0.8
P16149,BC_GTMG,E2835,2,2,1.51
P16151,IG_PLA,E2835,2,2,0.36
P16152,IG_PLA,E2835,2,2,0.22
P16153,MA_ROTA,E2836,3,2,1.85
P16154,MA_ROTA,E2836,3,2,1.55
P16156,MA_ROTA,E2836,3,2,2.19
P16157,MA_ROTA,E2836,3,2,0.95
P16158,PN_PIQ,E2837,1,2,0.44
P16159,PN_PIQ,E2837,1,2,0.03
P16161,PN_PIQ,E2837,1,2,1.71
P16162,MA_ROTA,E2838,2,2,0.78
P16163,MA_ROTA,E2838,2,2,0.87
P16164,MA_ROTA,E2838,2,2,0.26
P16165,IG_PLA,E2839,3,2,4.67
P16166,IG_PLA,E2839,3,2,5.02
P16168,IG_PLA,E2839,3,2,4.55
P16169,IG_PLA,E2839,3,2,3.9
P16170,BA_INT,E2839,5,1,1.67
P16172,JA,E2839,5,1,1.1
P16173,BA_INT,E2839,5,1,3.24
P16176,IG_PLA,E2839,3,2,6.49
P16177,MA_ROTA,E2840,5,1,0.32
P16178,MA_TO_CO_JA,E2840,5,1,0.48
P16179,BC_GTMG,E2841,1,2,0.83
P16180,IG_PLA,E2841,2,2,0.59
P16181,BC_GTMG,E2841,2,2,0.4
P16182,IG_PLA,E2841,2,2,0.41
P16183,IG_PLA,E2841,2,2,0.54
P16184,IG_PLA,E2841,2,2,0.25
P16185,MA_ROTA,E2842,2,2,2.85
P16186,IG_PLA,E2843,2,2,0.48
P16187,IG_PLA,E2843,2,2,0.96
P16188,IG_PLA,E2843,2,2,1.7
P16189,BC_GTMG,E2843,2,2,1.6
P16190,IG_PLA,E2843,2,2,0.36
P16191,BC_GTMG,E2843,2,2,0.64
P16192,BC_GTMG,E2843,2,2,1.41
P16193,IG_PLA,E2843,2,2,0.6
P16194,IG_PLA,E2843,2,2,0.21
P16195,IG_PLA,E2843,2,2,0.24
P16196,IG_PLA,E2844,2,2,1.39
P16197,IG_PLA,E2844,2,2,0.46
P16198,IG_PLA,E2844,2,2,0.28
P16199,BC_GTMG,E2844,2,2,0.76
P16200,BC_GTMG,E2844,2,2,0.36
P16201,MA_TO_CO_JA,E2845,7,3,0.96
P16202,MA_TO_CO_JA,E2845,7,3,0.21
P16203,MA_ROTA,E2846,3,2,0.51
P16205,BC_GTMG,E2847,3,2,0.25
P16206,BC_GTMG,E2847,3,2,0.24
P16207,MA_ROTA,E2848,3,2,0.74
P16208,MA_ROTA,E2848,3,2,1.47
P16212,MA_TO_CO_JA,E2849,4,1,1.83
P16213,PN_PIQ,E2850,6,1,0.23
P16214,PN_PIQ,E2850,6,1,0.28
P16215,PN_PIQ,E2850,6,1,0.22
P16216,PN_PIQ,E2850,4,1,2.56
P16217,MA_ROTA,E2851,3,2,0.85
P16218,IG_PLA,E2852,3,2,0.82
P16219,IG_PLA,E2852,3,2,0.76
P16221,IG_PLA,E2852,3,2,0.41
P16223,IG_PLA,E2852,3,2,1.12
P16224,IG_PLA,E2852,3,2,0.55
P16225,BC_GTMG,E2852,3,2,0.19
P16226,BC_GTMG,E2853,1,2,2.78
P16227,BC_GTMG,E2853,1,2,0.85
P16228,BC_GTMG,E2853,1,2,0.32
P16229,BC_GTMG,E2853,1,2,2.85
P16230,PN_PIQ,E2854,7,3,0.33
P16231,IG_PLA,E2854,7,3,0.32
P16232,PN_PIQ,E2854,7,3,0.34
P16233,IG_PLA,E2854,7,3,0.48
P16234,BC_GTMG,E2855,2,2,1.07
P16235,IG_PLA,E2855,2,2,0.13
P16236,IG_PLA,E2855,2,2,0.65
P16237,BC_GTMG,E2855,2,2,0.88
P16238,MA_TO_CO_JA,E2856,7,3,0.42
P16239,MA_TO_CO_JA,E2856,7,3,0.78
P16241,PN_PIQ,E2857,1,2,0.58
P16242,BC_GTMG,E2857,1,2,0.07
P16243,PN_PIQ,E2857,1,2,0.05
P16244,PN_PIQ,E2857,1,2,0.83
P16245,PN_PIQ,E2857,1,2,0.71
P16246,MA_TO_CO_JA,E2858,7,3,0.35
P16247,MA_TO_CO_JA,E2858,7,3,0.61
P16248,MA_TO_CO_JA,E2858,7,3,0.7
P16249,PN_PIQ,E2859,7,3,0.7
P16250,PN_PIQ,E2859,7,3,0.19
P16251,PN_PIQ,E2859,7,3,0.61
P16252,PN_PIQ,E2859,7,3,1.03
P16253,MA_TO_CO_JA,E2860,7,3,0.69
P16254,MA_TO_CO_JA,E2860,7,3,0.36
P16255,MA_TO_CO_JA,E2860,7,3,0.23
P16256,IG_PLA,E2861,7,3,0.91
P16257,PN_PIQ,E2861,7,3,0.86
P16258,IG_PLA,E2861,7,3,0.65
P16259,PN_PIQ,E2861,7,3,0.76
P16260,MA_TO_CO_JA,E2862,7,3,0.82
P16261,MA_TO_CO_JA,E2862,7,3,0.93
P16262,MA_TO_CO_JA,E2862,7,3,0.17
P16263,MA_TO_CO_JA,E2862,7,3,0.37
P16264,PN_PIQ,E2863,7,3,0.77
P16265,PN_PIQ,E2863,7,3,1.07
P16266,PN_PIQ,E2863,7,3,1.2
P16267,IG_PLA,E2864,7,3,0.83
P16268,PN_PIQ,E2864,7,3,0.68
P16269,PN_PIQ,E2864,7,3,0.9
P16270,IG_PLA,E2864,7,3,0.43
P16271,IG_PLA,E2864,7,3,0.05
P16272,MA_TO_CO_JA,E2865,7,3,0.49
P16273,MA_TO_CO_JA,E2866,4,1,0.47
P16276,MA_TO_CO_JA,E2867,4,1,0.31
P16277,MA_TO_CO_JA,E2867,4,1,0.31
P16278,MA_TO_CO_JA,E2867,4,1,0.26
P16279,MA_TO_CO_JA,E2867,4,1,0.16
P16280,MA_TO_CO_JA,E2867,4,1,0.31
P16281,MA_TO_CO_JA,E2867,4,1,0.67
P16282,MA_TO_CO_JA,E2867,4,1,0.9
P16283,MA_TO_CO_JA,E2867,4,1,0.5
P16284,MA_TO_CO_JA,E2868,4,1,1.73
P16285,MA_TO_CO_JA,E2868,4,1,0.32
P16286,PN_PIQ,E2869,7,3,0.84
P16287,PN_PIQ,E2869,7,3,2.46
P16288,MA_ROTA,E2870,4,1,1.06
P16289,MA_TO_CO_JA,E2870,4,1,0.41
P16290,PN_PIQ,E2871,7,3,0.27
P16291,PN_PIQ,E2871,7,3,0.36
P16292,PN_PIQ,E2872,7,3,0.09
P16293,PN_PIQ,E2872,7,3,0.13
P16294,PN_PIQ,E2872,7,3,0.84
P16295,BC_GTMG,E2872,7,3,0.02
P16296,PN_PIQ,E2872,7,3,0.13
P16297,PN_PIQ,E2872,7,3,0.37
P16298,PN_PIQ,E2872,7,3,0.21
P16299,IG_PLA,E2873,7,3,0.92
P16300,PN_PIQ,E2873,7,3,1.06
P16301,IG_PLA,E2873,7,3,0.57
P16302,PN_PIQ,E2873,7,3,0.72
P16303,PN_PIQ,E2874,7,3,1.32
P16304,IG_PLA,E2874,7,3,0.67
P16305,PN_PIQ,E2875,7,3,1.51
P16306,PN_PIQ,E2875,7,3,2.42
P16307,BC_GTMG,E2875,7,3,0.51
P16308,MA_TO_CO_JA,E2876,7,3,0.5
P16309,MA_TO_CO_JA,E2876,7,3,0.23
P16310,MA_TO_CO_JA,E2877,7,3,0.22
P16312,MA_TO_CO_JA,E2877,7,3,0.48
P16314,MA_TO_CO_JA,E2877,7,3,0.21
P16315,MA_TO_CO_JA,E2878,7,3,0.76
P16317,MA_TO_CO_JA,E2878,7,3,1.1
P16318,MA_ROTA,E2878,7,3,0.11
P16319,MA_ROTA,E2878,7,3,0.24
P16320,MA_ROTA,E2878,7,3,0.61
P16321,MA_TO_CO_JA,E2878,7,3,0.62
P16322,MA_ROTA,E2878,7,3,0.11
P16323,MA_TO_CO_JA,E2878,7,3,0.22
P16324,MA_TO_CO_JA,E2878,7,3,0.3
P16325,MA_TO_CO_JA,E2878,7,3,1.9
P16326,MA_TO_CO_JA,E2879,7,3,0.39
P16327,MA_TO_CO_JA,E2879,7,3,0.07
P16328,MA_TO_CO_JA,E2880,7,3,0.83
P16329,PN_PIQ,E2881,7,3,0.53
P16330,PN_PIQ,E2881,7,3,0.6
P16331,PN_PIQ,E2881,7,3,0.31
P16332,PN_PIQ,E2881,7,3,0.21
P16333,PN_PIQ,E2881,7,3,0.55
P16334,PN_PIQ,E2881,7,3,0.5
P16335,PN_PIQ,E2882,7,3,0.29
P16336,PN_PIQ,E2882,7,3,1.21
P16337,PN_PIQ,E2882,7,3,0.59
P16338,PN_PIQ,E2882,7,3,0.26
P16339,MA_ROTA,E2883,6,1,0.74
P16340,MA_TO_CO_JA,E2883,6,1,1.68
P16341,MA_TO_CO_JA,E2884,7,3,0.43
P16342,PN_PIQ,E2885,1,2,0.24
P16343,PN_PIQ,E2885,1,2,0.25
P16344,PN_PIQ,E2885,1,2,0.68
P16345,MA_TO_CO_JA,E2886,4,1,1.77
P16346,IG_PLA,E2887,7,3,0.46
P16347,IG_PLA,E2887,7,3,0.24
P16348,IG_PLA,E2887,7,3,0.35
P16349,PN_PIQ,E2887,7,3,2.56
P16350,MA_TO_CO_JA,E2888,7,3,0.88
P16351,MA_TO_CO_JA,E2889,7,3,0.47
P16352,MA_TO_CO_JA,E2890,1,2,0.2
P16353,MA_TO_CO_JA,E2890,1,2,0.35
P16354,MA_TO_CO_JA,E2890,1,2,0.27
P16355,MA_TO_CO_JA,E2890,1,2,0.07
P16358,MA_TO_CO_JA,E2890,1,2,0.1
P16359,IG_PLA,E2891,1,2,3.33
P16360,BC_GTMG,E2891,1,2,2.09
P16361,IG_PLA,E2891,1,2,2.16
P16362,BC_GTMG,E2891,1,2,1.06
P16363,BC_GTMG,E2891,1,2,0.45
P16364,IG_PLA,E2891,1,2,1.26
P16365,BC_GTMG,E2891,1,2,0.34
P16366,MA_TO_CO_JA,E2892,5,1,0.14
P16367,MA_ROTA,E2893,3,2,0.45
P16369,MA_ROTA,E2893,3,2,0.22
P16370,MA_ROTA,E2893,3,2,0.29
P16371,IG_PLA,E2894,2,2,0.19
P16372,BC_GTMG,E2894,2,2,0.82
P16374,PN_PIQ,E2895,1,2,0.67
P16375,PN_PIQ,E2895,1,2,1.44
P16376,BC_GTMG,E2896,3,2,1.78
P16377,IG_PLA,E2896,3,2,0.17
P16378,IG_PLA,E2896,3,2,0.22
P16379,IG_PLA,E2896,3,2,0.69
P16380,BC_GTMG,E2897,3,2,3.43
P16381,IG_PLA,E2897,3,2,0.6
P16382,IG_PLA,E2897,3,2,3.61
P16385,IG_PLA,E2897,3,2,1.25
P16386,PN_PIQ,E2898,3,2,1.51
P16387,MA_ROTA,E2899,3,2,0.35
P16388,MA_ROTA,E2899,3,2,0.39
P16389,PN_PIQ,E2900,3,2,0.57
P16390,PN_PIQ,E2900,3,2,0.13
P16391,MA_ROTA,E2901,3,2,0.2
P16392,MA_ROTA,E2901,3,2,0.89
P16394,PN_PIQ,E2902,3,2,1.26
P16395,IG_PLA,E2903,3,2,1.47
P16396,BC_GTMG,E2903,3,2,0.97
P16397,IG_PLA,E2903,3,2,0.47
P16398,IG_PLA,E2903,3,2,1.55
P16399,BC_GTMG,E2903,3,2,0.65
P16400,IG_PLA,E2903,3,2,1.22
P16401,BC_GTMG,E2903,3,2,0.82
P16403,MA_ROTA,E2904,3,2,0.86
P16404,IG_PLA,E2905,3,2,0.37
P16405,IG_PLA,E2905,3,2,1.15
P16407,IG_PLA,E2905,3,2,0.58
P16408,IG_PLA,E2905,3,2,0.14
P16409,BC_GTMG,E2905,3,2,0.94
P16410,IG_PLA,E2905,3,2,0.14
P16411,PN_PIQ,E2906,3,2,0.78
P16412,PN_PIQ,E2907,3,2,0.31
P16413,PN_PIQ,E2907,3,2,1.35
P16414,PN_PIQ,E2907,3,2,1.21
P16415,BC_GTMG,E2908,3,2,1.01
P16416,BC_GTMG,E2908,3,2,1.0
P16417,BC_GTMG,E2908,3,2,0.3
P16418,MA_ROTA,E2909,3,2,1.42
P16419,MA_ROTA,E2910,3,2,0.46
P16420,PN_PIQ,E2911,2,2,1.94
P16421,PN_PIQ,E2911,2,2,1.57
P16422,PN_PIQ,E2911,2,2,1.36
P16423,PN_PIQ,E2911,2,2,0.73
P16424,PN_PIQ,E2911,2,2,0.47
P16425,PN_PIQ,E2911,7,3,0.74
P16426,PN_PIQ,E2911,2,2,1.13
P16427,PN_PIQ,E2912,7,3,0.29
P16428,PN_PIQ,E2912,7,3,0.62
P16429,PN_PIQ,E2912,7,3,0.39
P16430,PN_PIQ,E2912,7,3,0.16
P16431,MA_TO_CO_JA,E2913,7,3,0.55
P16432,MA_TO_CO_JA,E2913,7,3,0.65
P16433,MA_TO_CO_JA,E2914,7,3,0.24
P16434,MA_TO_CO_JA,E2914,7,3,0.73
P16435,MA_TO_CO_JA,E2914,7,3,0.25
P16436,MA_TO_CO_JA,E2915,7,3,1.17
P16437,MA_TO_CO_JA,E2915,7,3,0.5
P16438,MA_TO_CO_JA,E2915,7,3,0.66
P16439,MA_TO_CO_JA,E2916,4,1,1.03
P16440,MA_TO_CO_JA,E2917,4,1,0.1
P16441,MA_TO_CO_JA,E2917,4,1,2.36
P16442,CS_BT_NIM,E2918,4,1,1.99
P16443,IG_TUT,E2918,4,1,0.42
P16444,IG_TUT,E2918,4,1,0.28
P16445,PN_PIQ,E2919,4,1,1.21
P16446,PN_PIQ,E2919,4,1,1.45
P16447,PN_PIQ,E2919,4,1,0.08
P16448,PN_PIQ,E2919,4,1,0.99
P16449,PN_PIQ,E2919,4,1,2.08
P16450,AN_PA,E2920,4,1,0.58
P16451,AN_PA,E2920,4,1,1.86
P16452,AN_PA,E2920,4,1,0.25
P16454,IG_TUT,E2920,4,1,0.4
P16455,AN_PA,E2920,4,1,0.19
P16457,IG_TUT,E2920,4,1,0.12
P16459,AN_PA,E2920,4,1,2.3
P16460,AN_PA,E2920,4,1,1.14
P16461,IG_TUT,E2920,4,1,1.52
P16462,AN_PA,E2920,4,1,0.48
P16463,AN_PA,E2920,4,1,0.14
P16464,AN_PA,E2920,4,1,0.44
P16466,AN_PA,E2920,4,1,0.86
P16468,IG_TUT,E2920,4,1,0.06
P16469,IG_TUT,E2920,4,1,0.56
P16470,AN_PA,E2920,4,1,3.72
P16471,MA_TO_CO_JA,E2921,7,3,0.31
P16472,MA_TO_CO_JA,E2921,7,3,0.16
P16473,MA_TO_CO_JA,E2921,7,3,0.18
P16474,MA_TO_CO_JA,E2922,7,3,0.75
P16475,MA_TO_CO_JA,E2922,7,3,0.45
P16477,MA_TO_CO_JA,E2922,7,3,0.53
P16478,MA_TO_CO_JA,E2922,7,3,0.2
P16479,MA_TO_CO_JA,E2923,7,3,0.6
P16480,MA_TO_CO_JA,E2923,7,3,0.12
P16481,PN_PIQ,E2924,7,3,0.54
P16482,PN_PIQ,E2924,7,3,0.45
P16483,PN_PIQ,E2924,7,3,0.34
P16484,PN_PIQ,E2924,7,3,0.47
P16485,PN_PIQ,E2925,7,3,1.08
P16486,PN_PIQ,E2925,7,3,1.17
P16487,PN_PIQ,E2925,7,3,0.27
P16488,MA_TO_CO_JA,E2926,7,3,0.38
P16489,MA_TO_CO_JA,E2927,7,3,0.42
P16490,MA_TO_CO_JA,E2928,6,1,0.03
P16491,MA_TO_CO_JA,E2928,6,1,0.28
P16492,MA_TO_CO_JA,E2928,6,1,0.04
P16493,MA_TO_CO_JA,E2928,6,1,0.11
P16494,MA_TO_CO_JA,E2928,6,1,0.2
P16495,MA_TO_CO_JA,E2928,6,1,0.09
P16496,MA_TO_CO_JA,E2929,1,2,0.09
P16497,MA_ROTA,E2929,1,2,0.02
P16499,MA_TO_CO_JA,E2929,1,2,0.05
P16500,MA_TO_CO_JA,E2929,1,2,0.2
P16501,IG_PLA,E2930,2,2,0.93
P16502,BC_GTMG,E2930,2,2,1.07
P16503,IG_PLA,E2930,2,2,0.98
P16504,BC_GTMG,E2930,2,2,0.86
P16505,IG_PLA,E2930,2,2,0.48
P16506,BC_GTMG,E2930,2,2,0.4
P16507,IG_PLA,E2930,2,2,0.94
P16508,MA_ROTA,E2931,2,2,0.59
P16509,MA_ROTA,E2932,3,2,0.27
P16510,MA_TO_CO_JA,E2932,3,2,1.29
P16511,MA_ROTA,E2932,3,2,1.6
P16512,BC_GTMG,E2933,1,2,0.57
P16513,BC_GTMG,E2933,1,2,0.5
P16514,PN_PIQ,E2934,7,3,0.36
P16515,PN_PIQ,E2934,7,3,0.13
P16516,PN_PIQ,E2934,7,3,0.2
P16517,PN_PIQ,E2934,7,3,0.1
P16518,PN_PIQ,E2934,7,3,0.19
P16519,PN_PIQ,E2934,7,3,0.18
P16520,PN_PIQ,E2934,7,3,2.7
P16521,PN_PIQ,E2935,7,3,0.94
P16522,PN_PIQ,E2935,7,3,1.33
P16523,PN_PIQ,E2935,7,3,0.29
P16524,PN_PIQ,E2935,7,3,0.53
P16525,PN_PIQ,E2935,7,3,0.11
P16526,PN_PIQ,E2936,7,3,1.9
P16527,BC_GTMG,E2936,7,3,0.49
P16528,PN_PIQ,E2936,7,3,0.36
P16529,BC_GTMG,E2936,7,3,0.88
P16531,MA_TO_CO_JA,E2937,7,3,0.75
P16532,MA_TO_CO_JA,E2938,7,3,0.66
P16533,BC_GTMG,E2939,7,3,0.12
P16534,IG_PLA,E2939,7,3,0.25
P16535,IG_PLA,E2939,7,3,0.31
P16536,IG_PLA,E2939,7,3,0.26
P16537,PN_PIQ,E2939,7,3,0.27
P16538,IG_PLA,E2939,7,3,0.31
P16539,IG_PLA,E2939,7,3,0.24
P16540,PN_PIQ,E2939,7,3,0.4
P16541,IG_PLA,E2939,7,3,0.23
P16542,BC_GTMG,E2939,7,3,0.04
P16543,MA_ROTA,E2940,5,1,1.38
P16544,MA_ROTA,E2940,5,1,1.43
P16545,MA_TO_CO_JA,E2941,7,3,1.32
P16546,MA_ROTA,E2941,7,3,0.08
P16547,IG_PLA,E2942,7,3,1.38
P16548,IG_PLA,E2942,7,3,0.33
P16549,PN_PIQ,E2942,7,3,0.9
P16550,IG_PLA,E2942,7,3,0.46
P16551,PN_PIQ,E2942,7,3,0.32
P16552,PN_PIQ,E2942,7,3,0.22
P16553,IG_PLA,E2943,7,3,0.83
P16554,PN_PIQ,E2943,7,3,0.57
P16555,IG_PLA,E2943,7,3,0.44
P16556,IG_PLA,E2943,7,3,0.35
P16557,IG_PLA,E2943,7,3,0.67
P16558,PN_PIQ,E2943,7,3,0.9
P16559,IG_PLA,E2944,7,3,0.17
P16560,PN_PIQ,E2944,7,3,0.38
P16561,IG_PLA,E2944,7,3,0.53
P16562,MA_TO_CO_JA,E2945,7,3,0.77
P16563,MA_TO_CO_JA,E2945,7,3,0.58
P16565,MA_ROTA,E2946,5,1,0.22
P16566,MA_ROTA,E2946,5,1,0.07
P16567,MA_ROTA,E2946,5,1,0.07
P16568,MA_ROTA,E2946,5,1,0.54
P16569,MA_ROTA,E2946,5,1,0.07
P16571,MA_ROTA,E2946,5,1,0.12
P16572,MA_ROTA,E2946,5,1,0.39
P16575,MA_ROTA,E2946,5,1,0.03
P16576,BC_GTMG,E2947,2,2,0.77
P16577,BC_GTMG,E2947,2,2,1.08
P16578,PN_PIQ,E2948,6,1,0.6
P16579,PN_PIQ,E2948,6,1,2.06
P16580,PN_PIQ,E2948,6,1,0.96
P16581,PN_PIQ,E2949,1,2,1.08
P16583,PN_PIQ,E2950,7,3,0.39
P16584,PN_PIQ,E2950,7,3,0.54
P16585,PN_PIQ,E2950,7,3,2.16
P16586,PN_PIQ,E2950,7,3,0.9
P16587,PN_PIQ,E2950,7,3,0.22
P16588,PN_PIQ,E2950,7,3,0.38
P16589,PN_PIQ,E2951,2,2,0.91
P16590,MA_ROTA,E2952,3,2,0.79
P16591,MA_ROTA,E2953,3,2,3.98
P16592,MA_ROTA,E2953,3,2,2.81
P16593,MA_ROTA,E2953,3,2,0.89
P16595,IG_PLA,E2954,1,2,0.4
P16596,BC_GTMG,E2954,1,2,0.57
P16597,IG_PLA,E2954,1,2,0.36
P16598,IG_PLA,E2954,2,2,0.33
P16599,BC_GTMG,E2954,2,2,0.11
P16600,IG_PLA,E2954,2,2,0.18
P16601,IG_PLA,E2954,1,2,0.33
P16602,IG_PLA,E2954,1,2,0.48
P16603,BC_GTMG,E2954,1,2,0.58
P16604,IG_PLA,E2954,1,2,0.27
P16605,BC_GTMG,E2954,1,2,0.9
P16606,IG_PLA,E2954,1,2,0.32
P16607,IG_PLA,E2954,1,2,0.33
P16608,IG_PLA,E2954,1,2,0.79
P16609,BC_GTMG,E2955,3,2,0.48
P16610,BC_GTMG,E2955,3,2,2.0
P16611,PN_PIQ,E2955,3,2,2.03
P16612,PN_PIQ,E2956,7,3,0.76
P16613,PN_PIQ,E2956,7,3,2.58
P16614,PN_PIQ,E2956,7,3,1.03
P16615,MA_TO_CO_JA,E2957,3,2,0.43
P16616,MA_TO_CO_JA,E2957,3,2,0.82
P16617,MA_TO_CO_JA,E2957,3,2,2.06
P16618,MA_TO_CO_JA,E2957,3,2,0.33
P16619,MA_ROTA,E2957,3,2,0.61
P16620,PN_PIQ,E2958,2,2,1.0
P16621,PN_PIQ,E2958,2,2,1.48
P16622,BC_GTMG,E2959,2,2,0.82
P16623,BC_GTMG,E2959,2,2,0.25
P16624,BC_GTMG,E2959,2,2,0.1
P16625,BC_GTMG,E2959,2,2,1.54
P16626,BC_BT,E2960,5,1,0.84
P16627,BC_BT,E2960,5,1,0.49
P16628,BC_BT,E2960,5,1,0.34
P16629,BC_BT,E2960,5,1,0.43
P16630,MA_TO_CO_JA,E2961,4,1,1.13
P16631,MA_TO_CO_JA,E2961,4,1,0.89
P16632,MA_TO_CO_JA,E2962,4,1,1.12
P16633,MA_TO_CO_JA,E2963,4,1,3.36
P16634,MA_TO_CO_JA,E2963,4,1,3.02
P16635,MA_TO_CO_JA,E2963,4,1,0.25
P16636,MA_TO_CO_JA,E2964,6,1,0.5
P16637,PN_PIQ,E2965,1,2,10.07
P16638,PN_PIQ,E2966,1,2,1.97
P16639,IG_PLA,E2967,7,3,0.27
P16640,PN_PIQ,E2967,7,3,0.35
P16641,IG_PLA,E2967,7,3,0.3
P16642,BC_GTMG,E2968,2,2,0.3
P16645,IG_PLA,E2968,2,2,0.24
P16646,BC_GTMG,E2968,2,2,0.85
P16647,BC_GTMG,E2968,2,2,0.46
P16648,IG_PLA,E2968,2,2,0.31
P16649,IG_PLA,E2968,2,2,1.87
P16650,IG_PLA,E2968,2,2,0.47
P16652,IG_PLA,E2968,2,2,0.92
P16654,IG_PLA,E2968,2,2,1.08
P16655,IG_PLA,E2968,2,2,1.81
P16656,IG_PLA,E2968,2,2,0.16
P16658,IG_PLA,E2968,2,2,0.44
P16659,PN_PIQ,E2969,2,2,4.87
P16660,PN_PIQ,E2969,2,2,1.67
P16661,PN_PIQ,E2970,7,3,1.02
P16662,IG_PLA,E2970,7,3,0.8
P16663,IG_PLA,E2970,7,3,1.05
P16664,PN_PIQ,E2970,7,3,1.18
P16665,IG_PLA,E2970,7,3,0.32
P16666,IG_PLA,E2970,7,3,0.15
P16667,IG_PLA,E2971,7,3,0.9
P16668,PN_PIQ,E2971,7,3,0.31
P16669,IG_PLA,E2971,7,3,0.06
P16670,PN_PIQ,E2971,7,3,0.28
P16671,PN_PIQ,E2972,7,3,0.67
P16672,PN_PIQ,E2972,7,3,0.76
P16673,IG_PLA,E2972,7,3,0.3
P16674,IG_PLA,E2972,7,3,1.87
P16675,MA_ROTA,E2973,3,2,1.01
P16676,MA_ROTA,E2974,3,2,1.04
P16677,MA_ROTA,E2974,3,2,0.87
P16678,MA_ROTA,E2974,3,2,1.02
P16679,MA_ROTA,E2974,3,2,1.66
P16680,MA_ROTA,E2975,1,2,0.16
P16681,MA_ROTA,E2976,3,2,1.5
P16682,MA_ROTA,E2976,3,2,0.45
P16683,IG_PLA,E2977,3,2,1.59
P16684,BC_GTMG,E2977,3,2,0.92
P16685,IG_PLA,E2978,3,2,0.23
P16686,IG_PLA,E2978,3,2,1.45
P16687,BC_GTMG,E2978,3,2,0.9
P16689,BC_GTMG,E2978,3,2,1.77
P16690,IG_PLA,E2978,3,2,0.15
P16692,IG_PLA,E2978,3,2,0.15
P16693,IG_PLA,E2978,3,2,0.09
P16695,BC_GTMG,E2978,3,2,0.77
P16696,IG_PLA,E2978,3,2,0.33
P16697,IG_PLA,E2978,3,2,1.03
P16698,IG_PLA,E2978,3,2,1.84
P16700,IG_PLA,E2978,3,2,1.42
P16701,IG_PLA,E2978,3,2,0.41
P16702,MA_TO_CO_JA,E2979,3,2,0.71
P16703,MA_ROTA,E2979,3,2,0.89
P16704,MA_TO_CO_JA,E2979,3,2,0.65
P16705,MA_TO_CO_JA,E2979,3,2,0.3
P16706,IG_PLA,E2980,3,2,1.34
P16707,IG_PLA,E2980,3,2,1.59
P16708,BC_GTMG,E2980,3,2,0.9
P16709,IG_PLA,E2980,3,2,0.85
P16710,IG_PLA,E2980,3,2,0.95
P16711,IG_PLA,E2980,3,2,0.92
P16712,IG_PLA,E2980,3,2,0.3
P16713,BC_GTMG,E2980,3,2,0.99
P16714,BC_GTMG,E2980,3,2,2.11
P16715,IG_PLA,E2980,3,2,0.3
P16716,IG_PLA,E2980,3,2,0.59
P16717,MA_ROTA,E2981,3,2,1.74
P16718,MA_ROTA,E2981,3,2,0.44
P16719,MA_ROTA,E2981,3,2,1.13
P16720,MA_ROTA,E2981,2,2,0.46
P16722,MA_ROTA,E2982,3,2,1.0
P16723,MA_ROTA,E2983,3,2,1.19
P16724,MA_ROTA,E2983,3,2,1.72
P16726,MA_ROTA,E2984,3,2,1.14
P16727,MA_ROTA,E2984,3,2,0.15
P16728,MA_ROTA,E2984,3,2,0.04
P16729,MA_ROTA,E2984,3,2,0.03
P16730,MA_ROTA,E2984,3,2,0.36
P16731,MA_ROTA,E2985,3,2,0.49
P16732,MA_ROTA,E2985,3,2,0.59
P16733,MA_ROTA,E2985,3,2,0.39
P16734,MA_ROTA,E2986,3,2,2.15
P16735,MA_ROTA,E2986,3,2,3.72
P16736,MA_ROTA,E2986,3,2,0.1
P16739,MA_ROTA,E2986,3,2,1.71
P16740,MA_ROTA,E2986,3,2,0.62
P16741,MA_TO_CO_JA,E2987,3,2,1.28
P16742,MA_ROTA,E2988,1,2,1.12
P16743,BC_GTMG,E2989,3,2,0.7
P16744,IG_PLA,E2989,3,2,0.65
P16745,IG_PLA,E2989,3,2,1.0
P16746,IG_PLA,E2989,3,2,0.45
P16747,IG_PLA,E2989,3,2,1.19
P16748,BC_GTMG,E2989,3,2,0.57
P16749,BC_GTMG,E2989,3,2,0.57
P16751,JA,E2990,5,1,1.03
P16752,JA,E2990,5,1,0.67
P16753,BA_INT,E2990,5,1,0.22
P16756,BA_SINT,E2990,5,1,0.81
P16758,BA_INT,E2990,5,1,0.76
P16760,BA_INT,E2990,5,1,0.31
P16762,BA_INT,E2990,5,1,0.69
P16763,BA_INT,E2990,5,1,0.91
P16764,BA_INT,E2990,5,1,0.23
P16765,BA_INT,E2990,5,1,0.26
P16766,BA_INT,E2990,5,1,0.68
P16767,BA_INT,E2990,5,1,0.5
P16768,MA_ROTA,E2990,5,1,1.16
P16769,BA_INT,E2990,5,1,0.63
P16770,MA_ROTA,E2990,5,1,0.45
P16772,IG_PLA,E2991,7,3,0.64
P16773,IG_PLA,E2991,7,3,0.43
P16774,PN_PIQ,E2991,7,3,0.62
P16775,MA_TO_CO_JA,E2992,7,3,0.22
P16776,MA_TO_CO_JA,E2992,7,3,0.33
P16777,BC_GTMG,E2993,2,2,1.12
P16778,IG_PLA,E2993,2,2,0.74
P16779,IG_PLA,E2993,2,2,0.6
P16780,MA_ROTA,E2994,5,1,0.38
P16781,MA_ROTA,E2994,5,1,0.16
P16782,MA_ROTA,E2994,5,1,0.91
P16784,MA_ROTA,E2994,5,1,0.79
P16785,MA_TO_CO_JA,E2995,7,3,0.27
P16786,MA_TO_CO_JA,E2995,7,3,0.34
P16787,MA_TO_CO_JA,E2995,7,3,0.55
P16788,MA_TO_CO_JA,E2995,7,3,0.44
P16789,MA_TO_CO_JA,E2995,7,3,0.26
P16790,MA_TO_CO_JA,E2996,4,1,1.88
P16791,MA_TO_CO_JA,E2997,7,3,0.45
P16792,MA_TO_CO_JA,E2998,4,1,1.27
P16794,MA_TO_CO_JA,E2999,3,2,9.43
P16795,MA_TO_CO_JA,E2999,3,2,5.2
P16796,MA_TO_CO_JA,E2999,3,2,5.95
P16797,PN_PIQ,E3000,7,3,1.16
P16798,IG_PLA,E3000,7,3,2.12
P16799,PN_PIQ,E3000,7,3,1.61
P16800,IG_PLA,E3000,7,3,3.74
P16801,PN_PIQ,E3000,7,3,1.6
P16802,IG_PLA,E3000,7,3,0.8
P16803,MA_TO_CO_JA,E3001,6,1,1.61
P16804,MA_TO_CO_JA,E3002,7,3,0.41
P16805,MA_TO_CO_JA,E3002,7,3,0.36
P16806,MA_TO_CO_JA,E3002,7,3,0.19
P16807,MA_TO_CO_JA,E3002,7,3,0.4
P16808,PN_PIQ,E3003,7,3,0.68
P16809,PN_PIQ,E3003,7,3,0.53
P16810,PN_PIQ,E3004,7,3,0.57
P16811,PN_PIQ,E3004,7,3,0.88
P16812,PN_PIQ,E3005,2,2,0.77
P16813,PN_PIQ,E3006,7,3,0.22
P16814,BC_GTMG,E3006,7,3,0.33
P16815,PN_PIQ,E3006,7,3,0.57
P16816,PN_PIQ,E3006,7,3,1.41
P16817,PN_PIQ,E3006,7,3,0.08
P16818,PN_PIQ,E3006,7,3,0.34
P16819,PN_PIQ,E3006,7,3,0.44
P16820,MA_ROTA,E3007,3,2,0.16
P16821,MA_ROTA,E3007,3,2,1.08
P16822,MA_ROTA,E3007,3,2,1.94
P16823,MA_TO_CO_JA,E3008,2,2,0.99
P16824,MA_ROTA,E3008,2,2,0.3
P16825,MA_TO_CO_JA,E3008,2,2,0.36
P16826,BC_GTMG,E3009,2,2,1.0
P16827,IG_PLA,E3009,2,2,0.19
P16828,BC_GTMG,E3009,2,2,0.27
P16829,BC_GTMG,E3009,2,2,0.56
P16830,IG_PLA,E3009,2,2,0.62
P16831,IG_PLA,E3009,2,2,0.12
P16832,PN_PIQ,E3010,2,2,0.31
P16833,PN_PIQ,E3010,2,2,0.39
P16834,PN_PIQ,E3010,2,2,0.55
P16835,PN_PIQ,E3010,2,2,0.41
P16836,PN_PIQ,E3010,2,2,0.77
P16837,PN_PIQ,E3010,2,2,0.4
P16838,PN_PIQ,E3010,2,2,0.62
P16839,PN_PIQ,E3010,2,2,0.76
P16840,PN_PIQ,E3010,2,2,0.7
P16841,PN_PIQ,E3010,2,2,0.24
P16842,PN_PIQ,E3010,2,2,0.16
P16843,PN_PIQ,E3010,2,2,0.62
P16844,PN_PIQ,E3010,2,2,1.22
P16845,PN_PIQ,E3010,2,2,0.57
P16846,BC_GTMG,E3011,2,2,0.52
P16847,BC_GTMG,E3011,2,2,0.24
P16848,BC_GTMG,E3011,2,2,0.61
P16849,BC_GTMG,E3012,2,2,0.55
P16850,BC_GTMG,E3012,2,2,0.12
P16851,BC_GTMG,E3012,2,2,0.35
P16852,MA_TO_CO_JA,E3013,2,2,0.28
P16853,MA_TO_CO_JA,E3013,2,2,0.03
P16854,BA_SINT,E3014,5,1,1.49
P16855,JA,E3014,5,1,1.26
P16856,BA_SINT,E3014,5,1,0.92
P16858,BA_SINT,E3014,5,1,2.14
P16859,BA_SINT,E3014,5,1,0.46
P16860,JA,E3014,5,1,1.34
P16861,BA_SINT,E3014,5,1,0.81
P16862,BA_SINT,E3014,5,1,2.25
P16864,BA_SINT,E3014,5,1,1.33
P16865,BA_SINT,E3014,5,1,1.11
P16866,BA_SINT,E3014,5,1,0.61
P16867,BA_INT,E3015,4,1,2.61
P16868,BA_INT,E3015,4,1,0.74
P16869,MA_ROTA,E3015,4,1,1.32
P16872,MA_ROTA,E3015,4,1,0.97
P16873,BA_INT,E3015,4,1,1.5
P16876,BA_INT,E3015,4,1,3.47
P16877,BA_INT,E3015,4,1,0.89
P16878,BA_INT,E3015,4,1,2.83
P16879,JA,E3015,4,1,1.6
P16880,JA,E3015,4,1,0.99
P16881,JA,E3015,4,1,2.3
P16882,BA_INT,E3015,4,1,1.56
P16883,BA_INT,E3015,4,1,0.79
P16884,BA_INT,E3015,4,1,1.0
P16885,BA_INT,E3015,4,1,1.23
P16886,JA,E3015,4,1,0.47
P16887,BA_INT,E3015,4,1,2.54
P16888,BA_INT,E3015,4,1,4.22
P16889,BA_INT,E3015,4,1,1.56
P16892,JA,E3015,4,1,0.96
P16893,BA_INT,E3015,4,1,1.26
P16894,BA_INT,E3015,4,1,0.59
P16895,BA_INT,E3015,4,1,1.36
P16896,BA_INT,E3015,4,1,0.67
P16897,BA_INT,E3015,4,1,1.0
P16898,MA_ROTA,E3016,2,2,0.24
P16899,MA_ROTA,E3016,2,2,0.17
P16900,MA_ROTA,E3016,2,2,0.23
P16901,MA_ROTA,E3016,2,2,0.09
P16902,MA_ROTA,E3017,2,2,0.54
P16903,MA_ROTA,E3017,2,2,0.87
P16904,MA_ROTA,E3018,2,2,0.91
P16905,BC_GTMG,E3019,2,2,0.22
P16906,BC_GTMG,E3019,2,2,0.76
P16907,BC_GTMG,E3019,2,2,0.8
P16908,PN_PIQ,E3020,7,3,0.31
P16909,PN_PIQ,E3020,7,3,1.49
P16910,PN_PIQ,E3020,7,3,0.76
P16911,PN_PIQ,E3020,7,3,0.35
P16912,PN_PIQ,E3020,7,3,1.12
P16913,PN_PIQ,E3020,7,3,0.27
P16914,PN_PIQ,E3020,7,3,0.34
P16915,MA_TO_CO_JA,E3021,7,3,0.46
P16916,MA_TO_CO_JA,E3021,7,3,0.48
P16917,MA_TO_CO_JA,E3021,7,3,0.32
P16918,MA_ROTA,E3022,5,1,0.33
P16919,MA_ROTA,E3022,5,1,0.19
P16921,MA_ROTA,E3022,5,1,0.55
P16923,MA_ROTA,E3022,5,1,0.56
P16924,MA_ROTA,E3022,5,1,0.18
P16926,MA_ROTA,E3022,5,1,0.22
P16927,MA_ROTA,E3022,5,1,0.35
P16929,MA_ROTA,E3023,6,1,2.01
P16930,MA_TO_CO_JA,E3024,6,1,0.25
P16931,PN_PIQ,E3025,5,1,1.42
P16932,IG_PLA,E3026,2,2,1.78
P16933,BC_GTMG,E3026,3,2,1.0
P16934,BC_GTMG,E3026,2,2,0.36
P16935,MA_TO_CO_JA,E3027,4,1,0.12
P16936,MA_TO_CO_JA,E3027,4,1,0.54
P16937,MA_TO_CO_JA,E3027,4,1,0.04
P16938,IG_PLA,E3028,1,2,0.06
P16939,IG_PLA,E3028,1,2,0.16
P16940,IG_PLA,E3028,1,2,0.3
P16942,MA_ROTA,E3028,1,2,0.17
P16943,IG_PLA,E3029,7,3,1.53
P16944,PN_PIQ,E3029,7,3,0.74
P16945,PN_PIQ,E3029,7,3,0.46
P16946,IG_TUT,E3030,4,1,1.05
P16947,CS_BT_NIM,E3030,4,1,2.19
P16948,CS_BT_NIM,E3031,4,1,0.94
P16949,IG_TUT,E3031,4,1,0.21
P16950,MA_ROTA,E3032,4,1,1.13
P16951,MA_ROTA,E3032,4,1,2.71
P16952,MA_ROTA,E3032,4,1,0.36
P16954,MA_ROTA,E3032,4,1,0.41
P16957,MA_ROTA,E3032,4,1,0.84
P16958,MA_ROTA,E3032,4,1,0.35
P16959,MA_ROTA,E3032,4,1,0.56
P16960,MA_ROTA,E3032,4,1,0.52
P16961,MA_ROTA,E3032,4,1,0.25
P16962,MA_ROTA,E3032,4,1,0.18
P16963,MA_ROTA,E3032,4,1,2.19
P16965,MA_TO_CO_JA,E3033,3,2,0.75
P16966,MA_TO_CO_JA,E3033,3,2,0.28
P16968,MA_TO_CO_JA,E3034,4,1,0.43
P16969,MA_ROTA,E3035,2,2,0.98
P16970,MA_ROTA,E3035,2,2,2.06
P16971,MA_TO_CO_JA,E3036,6,1,1.0
P16972,BA_INT,E3037,5,1,0.87
P16974,BA_SINT,E3037,5,1,3.25
P16975,JA,E3037,5,1,2.05
P16976,MA_ROTA,E3037,5,1,1.92
P16977,BA_SINT,E3037,5,1,1.78
P16978,JA,E3037,5,1,0.28
P16979,JA,E3037,5,1,0.34
P16980,JA,E3037,5,1,0.37
P16981,BA_INT,E3037,5,1,1.38
P16982,BA_INT,E3037,5,1,1.08
P16983,BA_INT,E3037,5,1,0.49
P16984,BA_INT,E3037,5,1,0.46
P16985,BA_INT,E3037,5,1,0.63
P16986,JA,E3037,5,1,0.31
P16987,BA_INT,E3037,5,1,0.85
P16988,BA_INT,E3037,5,1,0.98
P16989,PN_PIQ,E3038,2,2,0.68
P16990,PN_PIQ,E3038,2,2,1.02
P16991,PN_PIQ,E3038,2,2,0.66
P16992,PN_PIQ,E3038,2,2,0.01
P16993,PN_PIQ,E3038,2,2,1.49
P16994,PN_PIQ,E3039,1,2,0.73
P16995,PN_PIQ,E3039,2,2,0.28
P16996,PN_PIQ,E3039,2,2,1.56
P16997,PN_PIQ,E3040,2,2,0.46
P16998,PN_PIQ,E3040,2,2,0.47
P16999,PN_PIQ,E3040,2,2,0.16
P17000,PN_PIQ,E3040,2,2,2.24
P17001,PN_PIQ,E3040,2,2,0.25
P17002,PN_PIQ,E3040,2,2,0.62
P17003,PN_PIQ,E3040,2,2,0.55
P17004,PN_PIQ,E3040,2,2,0.56
P17005,MA_TO_CO_JA,E3041,2,2,0.68
P17006,MA_TO_CO_JA,E3041,2,2,0.12
P17007,MA_TO_CO_JA,E3041,2,2,0.9
P17008,MA_TO_CO_JA,E3041,2,2,1.26
P17009,PN_PIQ,E3042,2,2,0.1
P17010,PN_PIQ,E3042,2,2,0.11
P17011,PN_PIQ,E3043,2,2,0.8
P17012,PN_PIQ,E3043,2,2,1.09
P17013,PN_PIQ,E3044,2,2,0.62
P17015,PN_PIQ,E3044,2,2,2.12
P17016,PN_PIQ,E3044,2,2,0.6
P17017,MA_TO_CO_JA,E3045,7,3,0.68
P17018,MA_TO_CO_JA,E3045,7,3,0.6
P17019,PN_PIQ,E3046,7,3,0.66
P17020,PN_PIQ,E3046,7,3,0.43
P17021,PN_PIQ,E3046,7,3,0.19
P17022,PN_PIQ,E3046,7,3,0.23
P17023,PN_PIQ,E3046,7,3,0.18
P17024,PN_PIQ,E3046,7,3,0.28
P17025,PN_PIQ,E3047,4,1,1.02
P17026,PN_PIQ,E3047,4,1,0.91
P17027,PN_PIQ,E3048,2,2,1.97
P17028,IG_PLA,E3049,2,2,0.69
P17029,BC_GTMG,E3049,2,2,1.11
P17030,IG_PLA,E3049,2,2,0.5
P17031,IG_PLA,E3049,2,2,0.87
P17032,IG_PLA,E3049,2,2,0.41
P17033,BC_GTMG,E3049,2,2,0.67
P17034,BC_GTMG,E3050,2,2,0.35
P17035,BC_GTMG,E3050,2,2,0.68
P17036,BC_GTMG,E3050,2,2,0.43
P17037,BC_GTMG,E3051,2,2,0.61
P17038,BC_GTMG,E3051,2,2,0.26
P17039,BC_GTMG,E3051,2,2,1.13
P17040,BC_GTMG,E3051,2,2,0.51
P17041,BC_GTMG,E3051,2,2,0.38
P17042,BC_GTMG,E3051,2,2,0.32
P17043,BC_GTMG,E3051,2,2,0.48
P17044,BC_GTMG,E3051,2,2,0.38
P17045,MA_TO_CO_JA,E3052,2,2,0.21
P17046,MA_TO_CO_JA,E3053,1,2,0.33
P17047,MA_ROTA,E3053,1,2,0.49
P17048,MA_TO_CO_JA,E3053,1,2,0.27
P17049,MA_ROTA,E3054,2,2,0.37
P17050,MA_ROTA,E3054,2,2,0.37
P17051,MA_ROTA,E3054,2,2,1.24
P17052,MA_ROTA,E3054,2,2,0.46
P17053,MA_ROTA,E3054,2,2,1.39
P17054,BC_GTMG,E3055,2,2,1.15
P17055,BC_GTMG,E3055,2,2,1.26
P17056,BC_GTMG,E3055,2,2,0.19
P17057,MA_ROTA,E3056,3,2,0.96
P17058,PN_PIQ,E3057,3,2,0.3
P17059,PN_PIQ,E3057,3,2,0.43
P17060,PN_PIQ,E3057,3,2,2.0
P17061,PN_PIQ,E3057,2,2,1.28
P17062,PN_PIQ,E3057,2,2,1.38
P17063,PN_PIQ,E3057,3,2,0.78
P17064,MA_ROTA,E3058,2,2,0.37
P17065,IG_PLA,E3059,2,2,0.3
P17066,IG_PLA,E3059,2,2,0.25
P17067,BC_GTMG,E3059,2,2,0.28
P17068,BC_GTMG,E3059,2,2,0.26
P17069,IG_PLA,E3059,2,2,0.31
P17070,IG_PLA,E3059,2,2,0.03
P17071,MA_TO_CO_JA,E3060,7,3,0.54
P17074,MA_ROTA,E3061,2,2,0.58
P17075,PN_PIQ,E3062,2,2,2.48
P17076,PN_PIQ,E3062,2,2,0.6
P17077,PN_PIQ,E3062,2,2,0.19
P17078,MA_TO_CO_JA,E3063,7,3,0.31
P17079,IG_PLA,E3064,7,3,0.44
P17080,IG_PLA,E3064,7,3,0.23
P17081,PN_PIQ,E3064,7,3,0.37
P17082,IG_PLA,E3064,7,3,0.77
P17083,PN_PIQ,E3064,7,3,0.89
P17084,PN_PIQ,E3064,7,3,0.47
P17085,BC_BT,E3065,4,1,0.27
P17086,BC_BT,E3065,4,1,0.34
P17087,PN_PIQ,E3065,4,1,0.36
P17088,PN_PIQ,E3065,4,1,0.44
P17089,PN_PIQ,E3066,4,1,1.66
P17090,PN_PIQ,E3066,4,1,1.61
P17091,MA_ROTA,E3067,4,1,2.27
P17092,MA_ROTA,E3067,4,1,1.4
P17093,MA_ROTA,E3067,4,1,0.27
P17094,MA_ROTA,E3067,4,1,0.36
P17095,MA_ROTA,E3067,4,1,0.28
P17096,MA_ROTA,E3067,4,1,2.37
P17097,MA_ROTA,E3067,4,1,1.13
P17098,MA_ROTA,E3067,4,1,0.11
P17099,MA_ROTA,E3067,4,1,0.74
P17103,MA_ROTA,E3067,4,1,0.34
P17104,BC_GTMG,E3068,1,2,2.27
P17105,BC_GTMG,E3068,1,2,0.72
P17106,BC_GTMG,E3068,1,2,0.91
P17107,BC_GTMG,E3068,1,2,0.43
P17108,BC_GTMG,E3068,1,2,1.34
P17109,BC_GTMG,E3068,1,2,0.31
P17110,BC_GTMG,E3068,1,2,0.55
P17111,BC_GTMG,E3068,1,2,0.5
P17112,BC_GTMG,E3068,1,2,0.21
P17113,BC_GTMG,E3068,1,2,0.16
P17114,BC_GTMG,E3068,1,2,0.22
P17116,BC_GTMG,E3068,1,2,0.24
P17117,PN_PIQ,E3068,1,2,4.13
P17118,MA_ROTA,E3069,2,2,0.24
P17119,MA_ROTA,E3069,2,2,0.06
P17120,MA_ROTA,E3069,2,2,0.04
P17121,BC_GTMG,E3070,2,2,0.89
P17122,BC_GTMG,E3070,2,2,0.53
P17123,BC_GTMG,E3070,2,2,0.39
P17124,BC_GTMG,E3070,2,2,0.14
P17125,BC_GTMG,E3070,2,2,0.27
P17126,BC_GTMG,E3070,2,2,2.48
P17127,BC_GTMG,E3070,2,2,0.23
P17128,BC_GTMG,E3070,2,2,0.82
P17129,PN_PIQ,E3071,2,2,0.72
P17130,PN_PIQ,E3071,2,2,0.15
P17131,PN_PIQ,E3071,2,2,0.05
P17132,PN_PIQ,E3071,2,2,0.43
P17133,MA_ROTA,E3072,2,2,0.55
P17134,MA_ROTA,E3072,2,2,0.3
P17135,MA_ROTA,E3072,2,2,0.47
P17136,PN_PIQ,E3073,3,2,2.12
P17137,MA_ROTA,E3074,2,2,3.58
P17138,MA_ROTA,E3074,2,2,4.27
P17139,MA_ROTA,E3075,2,2,3.58
P17140,MA_ROTA,E3075,2,2,2.35
P17141,PN_PIQ,E3076,2,2,2.89
P17142,PN_PIQ,E3076,2,2,0.95
P17143,BC_GTMG,E3077,2,2,1.71
P17144,PN_PIQ,E3077,2,2,0.64
P17145,BC_GTMG,E3077,2,2,0.11
P17146,BC_GTMG,E3077,2,2,2.33
P17147,PN_PIQ,E3077,2,2,0.13
P17148,BC_GTMG,E3077,2,2,0.69
P17149,PN_PIQ,E3077,2,2,0.39
P17150,PN_PIQ,E3077,2,2,1.76
P17151,PN_PIQ,E3077,2,2,0.32
P17152,PN_PIQ,E3077,2,2,0.3
P17153,PN_PIQ,E3078,2,2,0.8
P17154,IG_PLA,E3078,2,2,0.18
P17155,IG_PLA,E3078,2,2,0.12
P17156,PN_PIQ,E3079,7,3,0.74
P17157,PN_PIQ,E3079,7,3,0.73
P17158,PN_PIQ,E3079,7,3,3.07
P17159,PN_PIQ,E3079,7,3,0.2
P17160,MA_ROTA,E3080,2,2,0.59
P17161,MA_ROTA,E3080,2,2,0.19
P17162,MA_ROTA,E3080,2,2,0.38
P17163,MA_ROTA,E3080,2,2,0.24
P17164,MA_ROTA,E3080,2,2,0.28
P17165,MA_ROTA,E3080,2,2,1.08
P17166,MA_ROTA,E3080,3,2,1.53
P17167,MA_ROTA,E3080,3,2,6.16
P17168,MA_TO_CO_JA,E3081,7,3,0.58
P17169,MA_TO_CO_JA,E3081,7,3,0.68
P17170,IG_PLA,E3082,7,3,0.51
P17171,PN_PIQ,E3082,7,3,1.35
P17172,MA_TO_CO_JA,E3083,7,3,0.75
P17173,MA_ROTA,E3084,2,2,5.1
P17174,MA_ROTA,E3084,2,2,1.24
P17175,MA_ROTA,E3084,2,2,1.07
P17176,MA_ROTA,E3084,2,2,0.93
P17177,BC_GTMG,E3085,1,2,1.89
P17178,BC_GTMG,E3085,1,2,3.65
P17179,BC_GTMG,E3085,1,2,0.21
P17180,BC_GTMG,E3085,1,2,1.71
P17181,PN_PIQ,E3086,7,3,0.38
P17182,PN_PIQ,E3086,7,3,0.24
P17183,PN_PIQ,E3086,7,3,0.17
P17184,PN_PIQ,E3086,7,3,0.73
P17185,PN_PIQ,E3086,7,3,0.16
P17186,PN_PIQ,E3086,7,3,0.47
P17187,PN_PIQ,E3087,7,3,0.35
P17188,PN_PIQ,E3087,7,3,0.26
P17189,PN_PIQ,E3087,7,3,0.41
P17190,PN_PIQ,E3087,7,3,0.09
P17191,PN_PIQ,E3087,7,3,0.14
P17192,PN_PIQ,E3087,7,3,0.59
P17193,PN_PIQ,E3087,7,3,0.57
P17194,PN_PIQ,E3087,7,3,0.44
P17195,PN_PIQ,E3087,7,3,0.39
P17196,PN_PIQ,E3087,7,3,0.24
P17197,PN_PIQ,E3087,7,3,0.25
P17198,PN_PIQ,E3087,7,3,0.26
P17199,PN_PIQ,E3087,7,3,1.89
P17201,PN_PIQ,E3087,7,3,0.27
P17202,PN_PIQ,E3087,7,3,0.08
P17203,MA_TO_CO_JA,E3088,7,3,0.45
P17204,MA_TO_CO_JA,E3089,7,3,0.66
P17205,MA_TO_CO_JA,E3089,7,3,0.48
P17206,PN_PIQ,E3090,7,3,0.15
P17207,PN_PIQ,E3090,7,3,1.02
P17208,MA_TO_CO_JA,E3091,7,3,0.8
P17209,PN_PIQ,E3092,7,3,0.44
P17210,PN_PIQ,E3092,7,3,0.38
P17211,PN_PIQ,E3092,7,3,1.64
P17212,PN_PIQ,E3092,7,3,0.52
P17213,MA_TO_CO_JA,E3093,7,3,0.8
P17214,MA_TO_CO_JA,E3094,7,3,0.48
P17215,MA_TO_CO_JA,E3094,7,3,0.31
P17216,MA_TO_CO_JA,E3095,4,1,3.07
P17217,MA_ROTA,E3096,4,1,1.84
P17218,MA_ROTA,E3096,4,1,0.98
P17219,MA_ROTA,E3096,4,1,1.1
P17222,MA_ROTA,E3096,4,1,1.98
P17223,MA_ROTA,E3096,4,1,1.01
P17224,MA_ROTA,E3096,4,1,2.19
P17225,MA_ROTA,E3096,4,1,2.11
P17226,MA_ROTA,E3096,4,1,0.22
P17228,MA_ROTA,E3096,4,1,2.81
P17229,MA_ROTA,E3096,4,1,1.88
P17230,MA_ROTA,E3096,4,1,1.05
P17231,MA_ROTA,E3096,4,1,2.5
P17232,BC_GTMG,E3097,2,2,0.27
P17233,BC_GTMG,E3097,2,2,0.15
P17234,BC_GTMG,E3097,2,2,0.23
P17235,PN_PIQ,E3098,7,3,0.77
P17236,PN_PIQ,E3098,7,3,1.1
P17237,MA_TO_CO_JA,E3099,6,1,0.36
P17238,MA_TO_CO_JA,E3099,6,1,0.55
P17239,PN_PIQ,E3100,5,1,0.44
P17240,PN_PIQ,E3100,5,1,0.34
P17241,PN_PIQ,E3100,5,1,0.36
P17242,PN_PIQ,E3100,5,1,0.51
P17243,PN_PIQ,E3100,5,1,0.42
P17244,PN_PIQ,E3101,2,2,0.39
P17245,BC_GTMG,E3101,2,2,0.56
P17246,BC_GTMG,E3101,2,2,1.07
P17247,BC_GTMG,E3101,2,2,0.52
P17248,BC_GTMG,E3101,2,2,0.22
P17249,MA_TO_CO_JA,E3102,4,1,1.54
P17250,MA_TO_CO_JA,E3102,4,1,0.43
P17251,MA_TO_CO_JA,E3102,4,1,0.77
P17252,MA_TO_CO_JA,E3102,4,1,0.08
P17253,MA_ROTA,E3103,2,2,1.08
P17254,MA_ROTA,E3103,2,2,1.38
P17255,MA_ROTA,E3103,2,2,0.87
P17256,PN_PIQ,E3104,2,2,0.79
P17257,IG_PLA,E3104,2,2,0.12
P17258,MA_TO_CO_JA,E3105,2,2,0.77
P17259,PN_PIQ,E3106,7,3,0.96
P17260,PN_PIQ,E3106,7,3,2.14
P17261,PN_PIQ,E3106,7,3,1.09
P17262,PN_PIQ,E3106,7,3,0.25
P17263,PN_PIQ,E3107,7,3,0.66
P17264,IG_PLA,E3107,7,3,0.05
P17265,IG_PLA,E3107,7,3,0.03
P17266,MA_TO_CO_JA,E3108,4,1,1.22
P17267,MA_TO_CO_JA,E3108,4,1,0.36
P17268,MA_TO_CO_JA,E3108,4,1,0.15
P17269,MA_TO_CO_JA,E3108,4,1,0.53
P17270,MA_TO_CO_JA,E3108,4,1,0.07
P17271,MA_TO_CO_JA,E3108,4,1,0.86
P17272,MA_TO_CO_JA,E3108,4,1,0.12
P17273,MA_ROTA,E3109,4,1,0.59
P17274,MA_TO_CO_JA,E3109,4,1,0.34
P17275,MA_TO_CO_JA,E3109,4,1,0.53
P17276,MA_TO_CO_JA,E3109,4,1,0.27
P17277,MA_TO_CO_JA,E3109,4,1,0.33
P17279,MA_TO_CO_JA,E3109,4,1,0.49
P17280,MA_TO_CO_JA,E3109,4,1,0.23
P17281,MA_TO_CO_JA,E3109,4,1,0.39
P17282,MA_TO_CO_JA,E3109,4,1,0.68
P17283,PN_PIQ,E3110,2,2,0.15
P17284,PN_PIQ,E3110,2,2,0.78
P17285,PN_PIQ,E3111,7,3,0.79
P17286,PN_PIQ,E3111,7,3,0.56
P17287,IG_PLA,E3111,7,3,0.31
P17288,IG_PLA,E3111,7,3,0.28
P17289,MA_TO_CO_JA,E3112,4,1,1.23
P17290,MA_TO_CO_JA,E3112,4,1,0.59
P17291,MA_TO_CO_JA,E3112,4,1,0.35
P17293,MA_TO_CO_JA,E3114,3,2,0.86
P17294,IG_TUT,E3115,4,1,0.5
P17295,PN_PIQ,E3115,4,1,0.29
P17296,IG_TUT,E3115,4,1,0.35
P17298,MA_TO_CO_JA,E3116,4,1,0.87
P17299,PN_PIQ,E3117,7,3,1.03
P17300,PN_PIQ,E3117,7,3,1.82
P17301,PN_PIQ,E3117,7,3,0.42
P17302,PN_PIQ,E3117,7,3,0.71
P17303,MA_TO_CO_JA,E3118,7,3,0.97
P17304,MA_TO_CO_JA,E3118,7,3,0.43
P17305,MA_ROTA,E3119,3,2,0.5
P17306,MA_ROTA,E3119,3,2,0.3
P17307,MA_ROTA,E3119,3,2,0.2
P17308,MA_ROTA,E3119,3,2,0.24
P17309,BC_GTMG,E3120,3,2,0.64
P17310,BC_GTMG,E3120,3,2,1.82
P17311,BC_GTMG,E3120,3,2,0.4
P17312,BC_GTMG,E3120,3,2,1.97
P17313,BC_GTMG,E3120,3,2,1.75
P17314,BC_GTMG,E3120,3,2,0.18
P17316,BC_GTMG,E3120,3,2,0.77
P17317,BC_GTMG,E3120,3,2,2.66
P17319,MA_TO_CO_JA,E3121,4,1,0.82
P17321,MA_ROTA,E3121,4,1,0.32
P17323,MA_ROTA,E3121,4,1,1.04
P17324,MA_ROTA,E3121,4,1,0.84
P17325,MA_ROTA,E3121,4,1,1.07
P17326,MA_TO_CO_JA,E3121,4,1,2.28
P17327,MA_ROTA,E3122,5,1,0.88
P17328,MA_ROTA,E3122,5,1,7.59
P17329,MA_ROTA,E3122,5,1,1.0
P17330,MA_ROTA,E3122,5,1,0.57
P17331,MA_ROTA,E3122,5,1,0.47
P17332,MA_ROTA,E3122,5,1,4.9
P17333,MA_ROTA,E3122,5,1,0.2
P17334,MA_ROTA,E3122,5,1,0.3
P17335,MA_ROTA,E3122,5,1,1.35
P17336,MA_ROTA,E3122,5,1,0.7
P17337,MA_ROTA,E3122,5,1,0.53
P17338,MA_ROTA,E3122,5,1,0.3
P17339,MA_ROTA,E3122,5,1,1.41
P17340,MA_ROTA,E3122,5,1,1.46
P17341,MA_ROTA,E3122,5,1,3.69
P17342,MA_ROTA,E3122,5,1,1.27
P17343,MA_ROTA,E3122,5,1,2.93
P17344,MA_ROTA,E3122,5,1,1.89
P17345,MA_ROTA,E3122,5,1,2.86
P17346,MA_ROTA,E3122,5,1,6.96
P17347,MA_ROTA,E3122,5,1,7.2
P17348,MA_ROTA,E3122,5,1,4.57
P17349,MA_ROTA,E3122,5,1,1.5
P17350,MA_ROTA,E3122,5,1,2.98
P17351,MA_ROTA,E3123,3,2,3.1
P17352,MA_ROTA,E3123,3,2,2.31
P17353,MA_ROTA,E3123,3,2,8.55
P17354,MA_ROTA,E3123,3,2,1.1
P17355,MA_ROTA,E3123,2,2,0.33
P17356,MA_ROTA,E3123,3,2,1.03
P17357,MA_ROTA,E3123,3,2,2.75
P17358,MA_ROTA,E3123,3,2,2.75
P17359,MA_ROTA,E3124,6,1,0.81
P17360,BA_PER,E3124,6,1,0.55
P17361,BA_INT,E3124,6,1,0.13
P17362,BA_SINT,E3124,6,1,0.3
P17363,JA,E3124,6,1,0.2
P17364,MA_TO_CO_JA,E3124,6,1,0.41
P17367,BA_SINT,E3124,6,1,0.22
P17368,BA_SINT,E3124,6,1,0.39
P17369,MA_TO_CO_JA,E3124,6,1,0.5
P17370,MA_TO_CO_JA,E3124,6,1,0.32
P17371,JA,E3125,4,1,0.11
P17374,IG_TUT,E3125,4,1,0.67
P17375,IG_TUT,E3125,4,1,0.83
P17376,BA_INT,E3125,4,1,1.17
P17379,JA,E3125,4,1,0.13
P17381,PN_PIQ,E3126,5,1,0.43
P17382,PN_PIQ,E3126,5,1,1.0
P17383,PN_PIQ,E3126,5,1,1.26
P17384,PN_PIQ,E3126,5,1,0.46
P17385,PN_PIQ,E3126,5,1,0.85
P17386,PN_PIQ,E3126,5,1,0.12
P17387,PN_PIQ,E3127,1,2,7.52
P17388,BC_BT,E3128,5,1,2.11
P17389,BC_BT,E3128,5,1,0.89
P17390,BC_BT,E3128,5,1,1.75
P17391,BC_BT,E3128,5,1,2.23
P17392,BC_BT,E3128,5,1,1.44
P17393,BC_BT,E3128,5,1,1.42
P17394,BC_BT,E3128,5,1,1.09
P17395,BC_BT,E3128,5,1,1.11
P17396,BC_BT,E3128,5,1,0.88
P17397,BC_BT,E3128,5,1,1.7
P17398,BC_BT,E3128,5,1,0.35
P17399,BC_BT,E3128,5,1,2.28
P17400,BC_BT,E3128,5,1,0.6
P17401,BC_BT,E3128,5,1,1.98
P17402,BC_BT,E3128,5,1,0.83
P17403,BC_BT,E3128,5,1,0.87
P17404,BC_BT,E3128,5,1,0.76
P17405,BC_BT,E3128,5,1,3.31
P17406,BC_BT,E3128,5,1,1.49
P17407,BC_BT,E3128,5,1,0.12
P17408,BC_BT,E3128,5,1,0.2
P17409,BC_BT,E3128,5,1,1.21
P17410,BC_BT,E3128,5,1,1.52
P17411,PN_PIQ,E3129,6,1,3.9
P17412,BC_GTMG,E3130,2,2,0.68
P17413,BC_GTMG,E3130,2,2,1.02
P17414,BC_GTMG,E3130,2,2,0.48
P17415,PN_PIQ,E3131,4,1,0.3
P17416,PN_PIQ,E3131,4,1,0.31
P17417,PN_PIQ,E3131,4,1,0.36
P17418,PN_PIQ,E3131,4,1,0.33
P17419,PN_PIQ,E3131,4,1,0.18
P17420,PN_PIQ,E3131,4,1,0.26
P17421,PN_PIQ,E3131,4,1,0.13
P17422,PN_PIQ,E3131,4,1,0.12
P17423,PN_PIQ,E3132,2,2,0.93
P17424,PN_PIQ,E3132,2,2,0.31
P17425,PN_PIQ,E3133,4,1,1.62
P17426,PN_PIQ,E3134,3,2,0.19
P17427,MA_TO_CO_JA,E3135,7,3,0.23
P17428,PN_PIQ,E3136,7,3,1.08
P17430,PN_PIQ,E3136,7,3,0.2
P17431,PN_PIQ,E3136,7,3,0.94
P17432,PN_PIQ,E3137,7,3,0.86
P17433,PN_PIQ,E3137,7,3,0.7
P17434,PN_PIQ,E3137,7,3,0.74
P17435,PN_PIQ,E3137,7,3,0.71
P17436,PN_PIQ,E3137,7,3,0.44
P17437,PN_PIQ,E3137,7,3,0.65
P17438,MA_TO_CO_JA,E3138,7,3,0.3
P17439,MA_TO_CO_JA,E3138,7,3,0.28
P17441,MA_TO_CO_JA,E3138,7,3,0.22
P17443,MA_TO_CO_JA,E3139,4,1,0.4
P17444,MA_TO_CO_JA,E3139,4,1,0.64
P17445,MA_TO_CO_JA,E3139,4,1,0.32
P17446,MA_TO_CO_JA,E3139,4,1,1.09
P17447,PN_PIQ,E3140,1,2,0.96
P17448,PN_PIQ,E3140,1,2,4.38
P17449,PN_PIQ,E3141,6,1,0.56
P17450,PN_PIQ,E3141,6,1,0.12
P17451,PN_PIQ,E3141,6,1,0.36
P17452,BC_GTMG,E3142,3,2,1.7
P17453,BC_GTMG,E3142,3,2,1.14
P17454,BC_GTMG,E3142,3,2,2.17
P17455,BC_GTMG,E3142,3,2,0.37
P17456,BC_GTMG,E3142,3,2,0.1
P17457,BC_GTMG,E3142,3,2,1.0
P17458,PN_PIQ,E3143,1,2,1.32
P17459,PN_PIQ,E3143,1,2,0.19
P17460,PN_PIQ,E3143,1,2,1.06
P17461,PN_PIQ,E3143,1,2,0.5
P17462,PN_PIQ,E3143,1,2,0.64
P17463,PN_PIQ,E3144,5,1,0.08
P17464,PN_PIQ,E3144,5,1,2.48
P17465,PN_PIQ,E3145,2,2,1.41
P17466,PN_PIQ,E3146,2,2,1.0
P17467,PN_PIQ,E3146,2,2,0.32
P17468,PN_PIQ,E3147,2,2,2.19
P17469,PN_PIQ,E3147,2,2,1.42
P17470,BC_GTMG,E3148,2,2,0.57
P17471,IG_PLA,E3148,2,2,2.46
P17472,IG_PLA,E3148,2,2,1.09
P17473,BC_GTMG,E3148,2,2,0.68
P17474,BC_GTMG,E3148,2,2,0.8
P17475,BC_GTMG,E3148,2,2,0.77
P17476,PN_PIQ,E3149,1,2,0.4
P17477,PN_PIQ,E3149,1,2,3.99
P17478,PN_PIQ,E3149,1,2,0.99
P17479,PN_PIQ,E3149,1,2,1.03
P17480,PN_PIQ,E3149,1,2,1.09
P17481,PN_PIQ,E3149,1,2,2.05
P17482,PN_PIQ,E3150,2,2,1.16
P17483,PN_PIQ,E3150,2,2,0.83
P17484,PN_PIQ,E3150,2,2,0.4
P17485,PN_PIQ,E3151,1,2,0.19
P17486,MA_ROTA,E3152,2,2,1.99
P17487,MA_ROTA,E3152,2,2,0.65
P17488,MA_ROTA,E3152,2,2,1.83
P17489,MA_ROTA,E3152,2,2,0.49
P17490,PN_PIQ,E3153,2,2,1.1
P17491,PN_PIQ,E3154,6,1,0.19
P17492,PN_PIQ,E3154,6,1,3.59
P17493,PN_PIQ,E3155,2,2,0.22
P17494,PN_PIQ,E3155,2,2,0.27
P17495,PN_PIQ,E3155,2,2,1.06
P17496,PN_PIQ,E3155,2,2,0.35
P17497,PN_PIQ,E3156,2,2,0.15
P17498,MA_TO_CO_JA,E3157,4,1,1.35
P17499,MA_TO_CO_JA,E3158,7,3,0.76
P17500,MA_TO_CO_JA,E3158,7,3,0.7
P17501,MA_TO_CO_JA,E3158,7,3,1.15
P17502,BC_GTMG,E3159,1,2,1.03
P17503,IG_PLA,E3159,1,2,0.43
P17504,PN_PIQ,E3160,2,2,0.71
P17505,PN_PIQ,E3160,2,2,2.77
P17506,PN_PIQ,E3160,2,2,0.13
P17508,PN_PIQ,E3161,7,3,0.7
P17509,PN_PIQ,E3161,7,3,0.34
P17510,PN_PIQ,E3161,7,3,0.45
P17511,PN_PIQ,E3161,7,3,0.88
P17512,PN_PIQ,E3161,7,3,0.5
P17513,PN_PIQ,E3161,7,3,0.75
P17514,PN_PIQ,E3161,7,3,0.32
P17515,MA_TO_CO_JA,E3162,7,3,0.33
P17516,MA_TO_CO_JA,E3163,7,3,0.08
P17517,MA_TO_CO_JA,E3163,7,3,0.37
P17518,BC_GTMG,E3164,2,2,0.94
P17519,BC_GTMG,E3164,2,2,0.76
P17520,BC_GTMG,E3164,2,2,1.72
P17521,BC_GTMG,E3164,2,2,0.41
P17522,BC_GTMG,E3165,3,2,0.33
P17523,BC_GTMG,E3165,3,2,0.29
P17524,IG_PLA,E3165,3,2,1.05
P17525,BC_GTMG,E3165,3,2,0.72
P17526,BC_GTMG,E3165,3,2,0.35
P17527,IG_PLA,E3165,3,2,0.13
P17528,PN_PIQ,E3166,2,2,0.11
P17529,PN_PIQ,E3166,2,2,0.36
P17530,PN_PIQ,E3166,2,2,0.42
P17531,PN_PIQ,E3166,2,2,0.66
P17532,PN_PIQ,E3167,3,2,2.42
P17533,PN_PIQ,E3168,6,1,2.05
P17534,PN_PIQ,E3168,6,1,1.65
P17535,PN_PIQ,E3168,6,1,0.75
P17536,PN_PIQ,E3168,6,1,1.04
P17537,PN_PIQ,E3168,6,1,0.53
P17538,PN_PIQ,E3168,6,1,1.03
P17539,PN_PIQ,E3168,6,1,8.59
P17540,PN_PIQ,E3168,6,1,0.2
P17541,PN_PIQ,E3168,6,1,1.04
P17542,PN_PIQ,E3168,6,1,1.83
P17543,PN_PIQ,E3168,6,1,0.87
P17544,PN_PIQ,E3168,6,1,22.43
P17545,PN_PIQ,E3168,6,1,4.38
P17546,PN_PIQ,E3168,6,1,10.07
P17548,PN_PIQ,E3168,6,1,1.56
P17549,PN_PIQ,E3168,6,1,1.28
P17550,PN_PIQ,E3168,6,1,5.83
P17551,PN_PIQ,E3168,6,1,7.06
P17554,PN_PIQ,E3168,6,1,6.7
P17555,PN_PIQ,E3169,3,2,2.02
P17556,PN_PIQ,E3169,2,2,1.19
P17557,PN_PIQ,E3169,2,2,3.94
P17558,PN_PIQ,E3170,1,2,0.13
P17559,PN_PIQ,E3170,1,2,1.24
P17560,PN_PIQ,E3170,1,2,0.48
P17561,PN_PIQ,E3170,1,2,0.18
P17562,PN_PIQ,E3170,1,2,0.22
P17563,PN_PIQ,E3171,2,2,1.44
P17564,PN_PIQ,E3172,5,1,1.7
P17565,PN_PIQ,E3172,5,1,1.51
P17566,PN_PIQ,E3172,5,1,0.4
P17567,PN_PIQ,E3172,5,1,1.23
P17568,PN_PIQ,E3172,5,1,0.71
P17569,PN_PIQ,E3172,5,1,0.67
P17570,PN_PIQ,E3172,5,1,1.2
P17571,PN_PIQ,E3172,5,1,0.7
P17572,PN_PIQ,E3172,5,1,0.47
P17573,PN_PIQ,E3172,5,1,1.39
P17574,PN_PIQ,E3172,5,1,0.6
P17575,PN_PIQ,E3172,5,1,0.18
P17576,PN_PIQ,E3172,5,1,0.17
P17577,PN_PIQ,E3172,5,1,0.93
P17578,PN_PIQ,E3172,5,1,0.21
P17579,PN_PIQ,E3172,5,1,1.71
P17580,PN_PIQ,E3172,5,1,1.24
P17581,PN_PIQ,E3172,5,1,2.39
P17582,PN_PIQ,E3172,5,1,0.36
P17583,PN_PIQ,E3172,5,1,0.9
P17584,PN_PIQ,E3172,5,1,0.57
P17585,PN_PIQ,E3172,5,1,0.24
P17586,PN_PIQ,E3172,5,1,0.38
P17587,PN_PIQ,E3172,5,1,0.1
P17588,PN_PIQ,E3172,5,1,1.88
P17589,PN_PIQ,E3172,5,1,0.55
P17590,PN_PIQ,E3172,5,1,0.56
P17591,PN_PIQ,E3172,5,1,0.2
P17592,PN_PIQ,E3172,5,1,0.34
P17593,PN_PIQ,E3172,5,1,0.22
P17594,PN_PIQ,E3172,5,1,0.49
P17595,PN_PIQ,E3172,5,1,8.97
P17596,PN_PIQ,E3172,5,1,0.71
P17597,PN_PIQ,E3172,5,1,0.89
P17598,PN_PIQ,E3172,5,1,0.68
P17599,PN_PIQ,E3172,5,1,0.56
P17600,PN_PIQ,E3172,5,1,1.24
P17601,PN_PIQ,E3172,5,1,0.78
P17602,PN_PIQ,E3172,5,1,0.99
P17603,PN_PIQ,E3172,5,1,0.73
P17604,MA_ROTA,E3173,1,2,1.18
P17605,BC_GTMG,E3174,1,2,1.65
P17606,PN_PIQ,E3174,1,2,2.14
P17607,PN_PIQ,E3174,1,2,1.15
P17608,MA_TO_CO_JA,E3175,7,3,0.11
P17609,MA_TO_CO_JA,E3175,7,3,0.17
P17611,MA_TO_CO_JA,E3175,7,3,0.43
P17612,MA_TO_CO_JA,E3175,7,3,0.29
P17613,MA_TO_CO_JA,E3175,7,3,0.3
P17614,PN_PIQ,E3176,4,1,2.74
P17615,PN_PIQ,E3177,2,2,1.17
P17618,PN_PIQ,E3177,2,2,0.89
P17619,PN_PIQ,E3177,2,2,1.51
P17620,MA_TO_CO_JA,E3178,7,3,0.72
P17621,MA_TO_CO_JA,E3178,7,3,0.21
P17622,MA_TO_CO_JA,E3179,7,3,0.96
P17623,MA_TO_CO_JA,E3180,7,3,0.14
P17624,PN_PIQ,E3181,7,3,0.44
P17625,PN_PIQ,E3181,7,3,0.58
P17626,MA_TO_CO_JA,E3182,7,3,0.56
P17627,MA_TO_CO_JA,E3183,7,3,0.44
P17628,MA_TO_CO_JA,E3184,7,3,0.79
P17629,PN_PIQ,E3185,2,2,1.76
P17630,IG_PLA,E3186,7,3,0.28
P17631,IG_PLA,E3186,7,3,0.18
P17632,IG_PLA,E3186,7,3,0.23
P17633,IG_PLA,E3186,7,3,0.38
P17634,IG_PLA,E3186,7,3,0.49
P17635,PN_PIQ,E3186,7,3,0.29
P17636,PN_PIQ,E3186,7,3,0.2
P17637,PN_PIQ,E3186,7,3,0.52
P17638,IG_PLA,E3186,7,3,0.28
P17639,MA_TO_CO_JA,E3187,7,3,1.52
P17640,MA_TO_CO_JA,E3187,7,3,1.24
P17641,MA_TO_CO_JA,E3187,7,3,0.62
P17642,MA_TO_CO_JA,E3187,7,3,1.7
P17643,MA_TO_CO_JA,E3187,7,3,1.31
P17644,MA_TO_CO_JA,E3187,7,3,0.85
P17645,PN_PIQ,E3188,7,3,0.62
P17646,PN_PIQ,E3188,7,3,1.11
P17647,PN_PIQ,E3188,7,3,0.41
P17648,PN_PIQ,E3188,7,3,0.29
P17649,PN_PIQ,E3188,7,3,0.19
P17650,PN_PIQ,E3189,7,3,1.12
P17651,PN_PIQ,E3189,7,3,0.76
P17652,PN_PIQ,E3189,7,3,1.53
P17653,PN_PIQ,E3190,7,3,0.12
P17654,PN_PIQ,E3190,7,3,0.56
P17655,PN_PIQ,E3191,7,3,0.72
P17656,IG_PLA,E3191,7,3,0.23
P17657,PN_PIQ,E3191,7,3,0.05
P17658,IG_PLA,E3191,7,3,0.06
P17659,IG_PLA,E3191,7,3,0.12
P17660,PN_PIQ,E3191,7,3,0.58
P17661,IG_PLA,E3191,7,3,0.24
P17662,IG_PLA,E3191,7,3,0.3
P17663,PN_PIQ,E3191,7,3,0.19
P17664,MA_TO_CO_JA,E3192,7,3,0.28
P17665,PN_PIQ,E3193,7,3,2.17
P17666,IG_PLA,E3193,7,3,0.87
P17667,IG_PLA,E3193,7,3,1.31
P17668,IG_PLA,E3193,7,3,0.42
P17669,PN_PIQ,E3193,7,3,1.01
P17670,IG_PLA,E3193,7,3,0.27
P17671,IG_PLA,E3193,7,3,0.38
P17672,IG_PLA,E3193,7,3,0.59
P17673,PN_PIQ,E3194,3,2,0.55
P17674,PN_PIQ,E3194,3,2,0.67
P17675,PN_PIQ,E3194,3,2,0.19
P17677,PN_PIQ,E3194,3,2,0.05
P17678,MA_ROTA,E3195,3,2,0.14
P17679,MA_ROTA,E3195,3,2,0.29
P17680,MA_ROTA,E3195,3,2,2.09
P17681,MA_ROTA,E3195,3,2,0.84
P17682,MA_ROTA,E3195,3,2,0.89
P17684,MA_ROTA,E3195,3,2,0.21
P17685,MA_ROTA,E3195,3,2,0.69
P17686,MA_ROTA,E3195,3,2,2.54
P17687,MA_ROTA,E3195,3,2,0.07
P17692,IG_PLA,E3197,3,2,1.77
P17693,IG_PLA,E3197,3,2,2.52
P17694,IG_PLA,E3197,3,2,2.53
P17695,IG_PLA,E3197,3,2,0.99
P17696,BC_GTMG,E3197,3,2,4.03
P17697,MA_ROTA,E3198,2,2,2.25
P17698,MA_ROTA,E3198,2,2,1.24
P17699,MA_ROTA,E3198,2,2,1.31
P17700,MA_ROTA,E3198,2,2,2.08
P17701,MA_TO_CO_JA,E3199,3,2,0.14
P17702,MA_TO_CO_JA,E3199,3,2,1.03
P17703,MA_TO_CO_JA,E3199,3,2,0.81
P17704,MA_TO_CO_JA,E3199,3,2,0.36
P17705,MA_TO_CO_JA,E3200,7,3,0.58
P17706,MA_TO_CO_JA,E3200,7,3,0.99
P17708,BA_INT,E3201,5,1,1.59
P17715,BA_INT,E3201,5,1,1.38
P17716,BA_INT,E3201,5,1,2.84
P17717,BA_SINT,E3201,5,1,4.43
P17718,BA_INT,E3201,5,1,2.37
P17719,BA_INT,E3201,5,1,0.75
P17722,BA_SINT,E3201,5,1,0.79
P17723,BA_SINT,E3201,5,1,0.73
P17724,JA,E3201,5,1,1.76
P17725,BA_SINT,E3201,5,1,3.0
P17726,BA_INT,E3201,5,1,1.77
P17727,BA_SINT,E3201,5,1,0.11
P17728,BA_SINT,E3201,5,1,0.8
P17729,BA_SINT,E3201,5,1,1.99
P17730,BA_INT,E3201,5,1,2.28
P17731,JA,E3201,5,1,2.2
P17732,BA_INT,E3201,5,1,1.91
P17734,BA_SINT,E3201,5,1,1.53
P17735,BA_INT,E3201,5,1,0.76
P17736,BA_SINT,E3201,5,1,0.72
P17737,BA_INT,E3201,5,1,1.8
P17739,JA,E3201,5,1,1.91
P17740,BA_INT,E3201,5,1,2.87
P17742,BA_INT,E3201,5,1,5.38
P17743,BA_SINT,E3201,5,1,3.5
P17744,BA_SINT,E3201,5,1,4.03
P17745,PN_PIQ,E3202,4,1,1.24
P17746,PN_PIQ,E3202,4,1,1.84
P17747,PN_PIQ,E3202,4,1,0.36
P17748,PN_PIQ,E3202,4,1,0.36
P17750,PN_PIQ,E3202,4,1,0.51
P17751,MA_TO_CO_JA,E3203,7,3,0.24
P17752,CS_BT_NIM,E3204,4,1,2.29
P17753,IG_TUT,E3204,4,1,0.84
P17754,IG_TUT,E3204,4,1,0.12
P17755,IG_TUT,E3204,4,1,0.17
P17756,MA_ROTA,E3205,4,1,0.04
P17757,MA_ROTA,E3205,4,1,0.29
P17758,MA_ROTA,E3205,4,1,0.09
P17759,MA_ROTA,E3205,5,1,1.04
P17760,MA_ROTA,E3205,4,1,0.1
P17761,MA_ROTA,E3205,4,1,2.12
P17762,MA_ROTA,E3205,5,1,0.66
P17766,MA_ROTA,E3205,4,1,0.5
P17768,MA_ROTA,E3205,4,1,0.62
P17769,MA_ROTA,E3205,5,1,0.76
P17770,MA_ROTA,E3205,4,1,1.82
P17771,MA_ROTA,E3205,4,1,0.42
P17772,MA_ROTA,E3205,4,1,0.28
P17773,MA_ROTA,E3205,4,1,0.88
P17774,MA_ROTA,E3205,4,1,0.77
P17775,MA_TO_CO_JA,E3205,4,1,0.92
P17776,MA_ROTA,E3205,5,1,0.97
P17777,MA_ROTA,E3205,4,1,0.71
P17780,MA_ROTA,E3205,4,1,0.37
P17783,MA_ROTA,E3205,4,1,0.25
P17784,IG_TUT,E3206,4,1,0.76
P17785,BA_PER,E3206,4,1,0.17
P17786,CS_BT_NIM,E3206,4,1,0.29
P17787,BA_PER,E3206,4,1,0.2
P17788,IG_TUT,E3206,4,1,0.57
P17789,IG_TUT,E3206,4,1,0.49
P17790,IG_TUT,E3206,4,1,0.35
P17791,IG_TUT,E3206,4,1,0.87
P17792,CS_BT_NIM,E3206,4,1,0.21
P17793,IG_TUT,E3206,4,1,0.24
P17794,CS_BT_NIM,E3206,4,1,0.96
P17795,IG_TUT,E3206,4,1,0.48
P17796,IG_TUT,E3206,4,1,0.41
P17799,CS_BT_NIM,E3206,4,1,0.73
P17800,PN_PIQ,E3207,2,2,0.75
P17801,PN_PIQ,E3207,2,2,0.15
P17802,MA_ROTA,E3208,5,1,0.35
P17803,MA_ROTA,E3208,5,1,1.27
P17805,MA_ROTA,E3208,5,1,1.64
P17806,MA_ROTA,E3208,5,1,1.36
P17807,BA_PER,E3208,5,1,0.83
P17808,MA_ROTA,E3208,5,1,1.29
P17813,MA_ROTA,E3208,5,1,0.51
P17814,MA_ROTA,E3208,5,1,1.05
P17815,MA_ROTA,E3208,5,1,1.11
P17816,MA_ROTA,E3208,5,1,0.89
P17817,MA_ROTA,E3208,5,1,0.52
P17818,MA_ROTA,E3208,5,1,0.41
P17819,MA_ROTA,E3208,5,1,0.38
P17821,MA_ROTA,E3208,5,1,0.58
P17823,MA_ROTA,E3208,5,1,0.78
P17824,MA_ROTA,E3208,5,1,0.59
P17826,MA_ROTA,E3208,5,1,1.54
P17827,MA_ROTA,E3208,5,1,0.62
P17828,MA_ROTA,E3208,5,1,0.38
P17829,MA_ROTA,E3208,5,1,0.46
P17830,MA_ROTA,E3208,5,1,0.97
P17831,MA_ROTA,E3208,5,1,0.82
P17832,MA_ROTA,E3209,2,2,1.18
P17833,MA_ROTA,E3209,2,2,1.35
P17834,MA_ROTA,E3209,2,2,0.38
P17835,MA_ROTA,E3210,4,1,0.39
P17836,MA_ROTA,E3210,4,1,0.85
P17837,MA_ROTA,E3210,4,1,1.21
P17838,MA_ROTA,E3210,4,1,4.76
P17839,MA_ROTA,E3210,4,1,0.3
P17840,MA_ROTA,E3210,4,1,0.83
P17841,MA_ROTA,E3210,4,1,0.23
P17842,MA_ROTA,E3210,4,1,1.07
P17843,MA_ROTA,E3210,4,1,0.28
P17844,MA_TO_CO_JA,E3210,4,1,0.62
P17845,MA_ROTA,E3210,4,1,0.27
P17846,MA_TO_CO_JA,E3210,4,1,0.41
P17848,BC_GTMG,E3211,3,2,1.66
P17849,IG_PLA,E3211,3,2,2.11
P17851,IG_PLA,E3211,3,2,0.77
P17852,BC_GTMG,E3211,3,2,0.57
P17853,BC_GTMG,E3211,3,2,1.61
P17855,MA_TO_CO_JA,E3212,1,2,0.91
P17856,MA_TO_CO_JA,E3212,1,2,0.2
P17857,MA_ROTA,E3212,1,2,0.16
P17858,MA_ROTA,E3212,1,2,0.23
P17860,MA_ROTA,E3212,2,2,1.95
P17861,MA_ROTA,E3213,3,2,0.28
P17862,MA_ROTA,E3213,3,2,4.38
P17863,MA_ROTA,E3213,3,2,2.62
P17868,MA_ROTA,E3213,3,2,0.61
P17869,MA_ROTA,E3214,5,1,0.93
P17870,MA_ROTA,E3214,5,1,0.75
P17871,MA_ROTA,E3215,2,2,0.73
P17872,MA_ROTA,E3215,2,2,0.72
P17873,MA_ROTA,E3215,2,2,0.65
P17874,MA_ROTA,E3215,2,2,0.28
P17875,MA_ROTA,E3215,2,2,0.97
P17876,MA_ROTA,E3215,2,2,0.39
P17877,MA_ROTA,E3215,2,2,0.22
P17878,MA_ROTA,E3215,2,2,0.82
P17879,MA_ROTA,E3215,2,2,0.69
P17880,PN_PIQ,E3216,1,2,0.11
P17881,PN_PIQ,E3216,1,2,0.81
P17882,PN_PIQ,E3216,1,2,0.18
P17883,PN_PIQ,E3216,1,2,0.02
P17884,PN_PIQ,E3216,1,2,0.03
P17885,PN_PIQ,E3217,7,3,1.73
P17886,PN_PIQ,E3217,7,3,0.33
P17887,PN_PIQ,E3217,7,3,0.43
P17888,PN_PIQ,E3217,7,3,0.4
P17889,PN_PIQ,E3217,7,3,0.28
P17890,PN_PIQ,E3218,7,3,0.78
P17891,PN_PIQ,E3218,7,3,3.16
P17892,PN_PIQ,E3218,7,3,0.09
P17893,PN_PIQ,E3218,7,3,0.12
P17894,PN_PIQ,E3219,2,2,1.09
P17895,MA_TO_CO_JA,E3220,4,1,0.47
P17896,MA_TO_CO_JA,E3220,4,1,0.27
P17897,MA_TO_CO_JA,E3220,4,1,0.27
P17898,MA_TO_CO_JA,E3220,4,1,0.13
P17899,BC_GTMG,E3221,2,2,2.04
P17900,BC_GTMG,E3221,2,2,0.55
P17901,BC_GTMG,E3221,2,2,0.12
P17902,BC_GTMG,E3221,2,2,1.29
P17904,MA_ROTA,E3222,3,2,0.71
P17905,MA_ROTA,E3222,3,2,4.18
P17906,MA_ROTA,E3222,3,2,0.32
P17907,MA_ROTA,E3222,3,2,2.96
P17908,MA_ROTA,E3222,3,2,2.19
P17909,MA_ROTA,E3222,3,2,1.49
P17910,MA_ROTA,E3223,2,2,0.75
P17912,MA_TO_CO_JA,E3224,2,2,0.21
P17913,MA_TO_CO_JA,E3224,2,2,0.15
P17914,MA_TO_CO_JA,E3224,2,2,0.2
P17915,BC_GTMG,E3225,2,2,1.49
P17916,BC_GTMG,E3225,2,2,1.21
P17917,BC_GTMG,E3225,2,2,0.45
P17918,BC_GTMG,E3225,2,2,0.28
P17919,BC_GTMG,E3226,2,2,0.43
P17920,BC_GTMG,E3226,2,2,0.63
P17921,PN_PIQ,E3227,2,2,0.26
P17922,PN_PIQ,E3227,2,2,1.33
P17923,PN_PIQ,E3227,2,2,0.23
P17924,PN_PIQ,E3227,2,2,0.04
P17925,BC_GTMG,E3228,2,2,0.41
P17926,IG_PLA,E3228,2,2,0.44
P17927,IG_PLA,E3228,2,2,0.5
P17928,BC_GTMG,E3228,2,2,0.31
P17929,MA_ROTA,E3229,2,2,0.36
P17930,MA_ROTA,E3229,2,2,0.1
P17931,PN_PIQ,E3230,3,2,0.57
P17932,PN_PIQ,E3230,3,2,0.67
P17933,PN_PIQ,E3230,3,2,0.56
P17934,PN_PIQ,E3231,2,2,0.11
P17935,PN_PIQ,E3231,2,2,0.16
P17936,BC_GTMG,E3231,2,2,0.05
P17937,PN_PIQ,E3232,2,2,0.2
P17938,PN_PIQ,E3232,2,2,0.44
P17939,MA_TO_CO_JA,E3233,7,3,0.63
P17940,MA_TO_CO_JA,E3233,7,3,0.95
P17941,MA_TO_CO_JA,E3233,7,3,0.21
P17943,PN_PIQ,E3234,7,3,0.5
P17944,IG_PLA,E3234,7,3,1.05
P17945,PN_PIQ,E3234,7,3,0.47
P17946,IG_PLA,E3234,7,3,0.24
P17947,BC_GTMG,E3235,2,2,0.82
P17948,IG_PLA,E3235,2,2,0.1
P17949,IG_PLA,E3235,2,2,0.03
P17950,IG_TUT,E3236,4,1,2.84
P17951,CS_BT_NIM,E3236,4,1,1.05
P17952,CS_BT_NIM,E3236,4,1,0.22
P17953,CS_BT_NIM,E3236,4,1,0.38
P17954,MA_ROTA,E3237,5,1,0.36
P17955,MA_ROTA,E3237,5,1,0.3
P17956,MA_ROTA,E3237,5,1,0.28
P17957,MA_ROTA,E3237,5,1,0.24
P17958,MA_ROTA,E3237,5,1,0.12
P17959,MA_TO_CO_JA,E3237,5,1,0.67
P17960,MA_ROTA,E3237,5,1,0.28
P17961,MA_ROTA,E3237,5,1,0.32
P17962,MA_ROTA,E3237,5,1,0.35
P17963,MA_ROTA,E3237,5,1,0.36
P17964,MA_ROTA,E3237,5,1,0.27
P17966,MA_ROTA,E3237,5,1,0.26
P17967,MA_ROTA,E3237,5,1,0.2
P17968,MA_ROTA,E3237,5,1,0.22
P17969,MA_ROTA,E3237,5,1,0.21
P17970,MA_ROTA,E3237,5,1,0.15
P17971,MA_ROTA,E3237,5,1,1.27
P17972,MA_ROTA,E3237,5,1,2.29
P17973,MA_ROTA,E3237,5,1,0.32
P17974,MA_ROTA,E3237,5,1,0.31
P17975,PN_PIQ,E3238,2,2,1.29
P17976,MA_TO_CO_JA,E3239,4,1,0.43
P17978,MA_TO_CO_JA,E3240,4,1,0.27
P17979,MA_TO_CO_JA,E3240,4,1,0.4
P17980,MA_TO_CO_JA,E3241,4,1,0.34
P17981,MA_TO_CO_JA,E3241,4,1,0.42
P17982,MA_TO_CO_JA,E3241,4,1,0.79
P17983,MA_TO_CO_JA,E3241,4,1,0.42
P17984,MA_TO_CO_JA,E3241,4,1,0.42
P17985,MA_TO_CO_JA,E3241,4,1,1.38
P17986,MA_TO_CO_JA,E3241,4,1,1.01
P17987,MA_TO_CO_JA,E3241,4,1,0.38
P17990,MA_TO_CO_JA,E3242,5,1,0.37
P17991,MA_TO_CO_JA,E3242,5,1,0.41
P17992,MA_ROTA,E3242,2,2,0.79
P17993,MA_ROTA,E3242,2,2,1.24
P17994,MA_TO_CO_JA,E3243,5,1,0.96
P17995,MA_TO_CO_JA,E3243,5,1,0.96
P17996,MA_TO_CO_JA,E3243,5,1,1.81
P17997,MA_ROTA,E3244,5,1,0.21
P17998,MA_ROTA,E3244,5,1,0.33
P17999,MA_ROTA,E3244,5,1,0.08
P18000,MA_ROTA,E3244,5,1,0.12
P18002,MA_ROTA,E3244,5,1,0.19
P18003,MA_ROTA,E3244,5,1,0.13
P18004,MA_ROTA,E3244,5,1,0.12
P18005,MA_ROTA,E3244,5,1,0.11
P18006,MA_ROTA,E3244,5,1,0.23
P18007,MA_ROTA,E3244,5,1,0.23
P18008,MA_ROTA,E3244,5,1,0.09
P18009,MA_ROTA,E3244,5,1,0.14
P18010,MA_ROTA,E3244,5,1,0.29
P18011,MA_ROTA,E3244,5,1,0.28
P18012,MA_ROTA,E3244,5,1,0.44
P18013,MA_ROTA,E3244,5,1,0.52
P18014,MA_ROTA,E3244,5,1,0.13
P18015,MA_ROTA,E3244,5,1,0.2
P18016,MA_ROTA,E3244,5,1,0.28
P18017,PN_PIQ,E3245,2,2,2.01
P18018,PN_PIQ,E3245,2,2,0.75
P18019,PN_PIQ,E3246,1,2,2.31
P18020,BC_BT,E3247,5,1,0.25
P18021,MA_ROTA,E3247,5,1,0.18
P18022,MA_ROTA,E3247,5,1,0.6
P18023,MA_ROTA,E3248,2,2,5.01
P18024,PN_PIQ,E3249,1,2,0.4
P18025,PN_PIQ,E3249,1,2,0.17
P18026,IG_PLA,E3250,2,2,1.2
P18027,BC_GTMG,E3250,2,2,1.84
P18028,IG_TUT,E3250,4,1,2.86
P18029,IG_TUT,E3250,4,1,0.21
P18030,CS_BT_NIM,E3250,4,1,0.4
P18031,MA_TO_CO_JA,E3251,7,3,0.2
P18032,MA_TO_CO_JA,E3251,7,3,0.57
P18033,PN_PIQ,E3252,7,3,0.73
P18034,PN_PIQ,E3252,7,3,0.34
P18035,PN_PIQ,E3252,7,3,0.26
P18036,IG_PLA,E3252,7,3,0.12
P18037,IG_PLA,E3252,7,3,0.48
P18038,PN_PIQ,E3253,6,1,0.29
P18039,PN_PIQ,E3253,6,1,0.96
P18041,BA_INT,E3254,5,1,1.14
P18042,BA_INT,E3254,5,1,0.53
P18043,BA_INT,E3254,5,1,0.46
P18044,BC_BT,E3254,5,1,0.28
P18045,BC_BT,E3254,5,1,0.89
P18046,BA_INT,E3254,5,1,0.56
P18050,BA_INT,E3254,5,1,1.98
P18052,BA_INT,E3254,5,1,0.31
P18053,BA_INT,E3254,5,1,0.87
P18054,BC_BT,E3254,5,1,0.54
P18055,BC_BT,E3254,5,1,0.73
P18057,BC_BT,E3254,5,1,0.56
P18060,JA,E3254,5,1,1.38
P18061,BC_BT,E3254,5,1,0.73
P18062,BA_INT,E3254,5,1,0.4
P18063,BA_INT,E3254,5,1,1.28
P18064,BA_INT,E3254,5,1,0.36
P18065,BA_INT,E3254,5,1,0.21
P18066,JA,E3254,5,1,0.69
P18067,BA_INT,E3254,5,1,0.88
P18069,BC_BT,E3254,5,1,1.06
P18071,BC_BT,E3254,5,1,1.0
P18072,BA_INT,E3254,5,1,1.28
P18073,BA_INT,E3255,5,1,0.69
P18074,BA_INT,E3255,5,1,1.05
P18075,JA,E3255,5,1,1.27
P18077,BA_INT,E3255,5,1,1.3
P18079,BA_INT,E3255,5,1,1.35
P18081,BA_INT,E3255,5,1,1.31
P18084,CS_BT_NIM,E3256,4,1,0.21
P18085,IG_TUT,E3256,4,1,0.5
P18086,CS_BT_NIM,E3256,4,1,0.22
P18087,MA_TO_CO_JA,E3257,7,3,0.51
P18088,MA_TO_CO_JA,E3257,7,3,0.29
P18089,MA_TO_CO_JA,E3257,7,3,0.23
P18090,MA_TO_CO_JA,E3257,7,3,0.32
P18091,IG_PLA,E3258,7,3,0.25
P18092,PN_PIQ,E3258,7,3,0.91
P18093,IG_PLA,E3258,7,3,0.13
P18094,MA_TO_CO_JA,E3259,7,3,0.61
P18095,MA_TO_CO_JA,E3259,7,3,0.83
P18096,MA_TO_CO_JA,E3259,7,3,0.8
P18097,MA_TO_CO_JA,E3259,7,3,0.62
P18098,MA_TO_CO_JA,E3259,7,3,0.16
P18099,MA_TO_CO_JA,E3260,7,3,0.33
P18100,IG_PLA,E3261,7,3,1.23
P18101,PN_PIQ,E3261,7,3,0.4
P18102,PN_PIQ,E3261,7,3,0.82
P18104,MA_TO_CO_JA,E3262,7,3,0.26
P18105,MA_TO_CO_JA,E3262,7,3,0.28
P18106,MA_TO_CO_JA,E3263,7,3,0.34
P18107,MA_TO_CO_JA,E3263,7,3,0.33
P18108,PN_PIQ,E3264,7,3,0.65
P18109,IG_PLA,E3264,7,3,0.84
P18110,PN_PIQ,E3264,7,3,0.19
P18111,IG_PLA,E3264,7,3,0.98
P18113,PN_PIQ,E3265,2,2,0.6
P18114,PN_PIQ,E3265,2,2,1.95
P18115,PN_PIQ,E3265,2,2,0.44
P18116,PN_PIQ,E3265,2,2,0.58
P18117,PN_PIQ,E3265,2,2,5.47
P18118,PN_PIQ,E3266,2,2,2.9
P18119,PN_PIQ,E3266,2,2,1.11
P18120,PN_PIQ,E3267,2,2,0.7
P18121,PN_PIQ,E3267,2,2,1.86
P18122,PN_PIQ,E3267,2,2,0.66
P18123,PN_PIQ,E3267,2,2,0.78
P18124,PN_PIQ,E3267,2,2,0.19
P18125,MA_ROTA,E3268,5,1,0.5
P18126,BA_PER,E3268,5,1,0.94
P18127,MA_ROTA,E3268,5,1,1.85
P18130,MA_TO_CO_JA,E3269,7,3,1.76
P18131,MA_ROTA,E3269,2,2,0.67
P18132,MA_TO_CO_JA,E3269,7,3,0.61
P18133,MA_TO_CO_JA,E3269,7,3,1.37
P18137,MA_ROTA,E3269,2,2,0.32
P18138,MA_ROTA,E3269,2,2,1.04
P18142,MA_ROTA,E3269,2,2,0.58
P18143,MA_TO_CO_JA,E3269,7,3,0.59
P18144,MA_TO_CO_JA,E3269,7,3,0.41
P18145,MA_ROTA,E3270,2,2,1.25
P18146,MA_TO_CO_JA,E3271,2,2,0.52
P18147,MA_ROTA,E3272,3,2,0.8
P18148,PN_PIQ,E3273,7,3,0.48
P18149,PN_PIQ,E3273,7,3,0.69
P18150,MA_TO_CO_JA,E3274,7,3,0.7
P18151,MA_TO_CO_JA,E3274,7,3,0.08
P18152,PN_PIQ,E3275,4,1,0.89
P18153,PN_PIQ,E3275,4,1,0.49
P18154,PN_PIQ,E3275,4,1,0.07
P18155,MA_ROTA,E3276,2,2,1.73
P18156,MA_ROTA,E3276,2,2,1.5
P18157,MA_ROTA,E3276,2,2,1.16
P18158,MA_ROTA,E3276,2,2,0.4
P18159,PN_PIQ,E3277,4,1,1.52
P18160,PN_PIQ,E3277,4,1,1.39
P18161,PN_PIQ,E3277,4,1,0.38
P18162,PN_PIQ,E3277,4,1,1.08
P18163,PN_PIQ,E3278,2,2,0.17
P18164,PN_PIQ,E3278,2,2,0.44
P18165,PN_PIQ,E3278,2,2,0.95
P18166,PN_PIQ,E3278,2,2,2.04
P18167,PN_PIQ,E3278,2,2,0.29
P18168,PN_PIQ,E3278,2,2,1.01
P18169,PN_PIQ,E3278,2,2,0.35
P18170,PN_PIQ,E3279,7,3,0.47
P18171,PN_PIQ,E3279,7,3,0.64
P18172,PN_PIQ,E3279,7,3,0.71
P18173,PN_PIQ,E3279,7,3,0.41
P18174,PN_PIQ,E3279,7,3,0.35
P18175,PN_PIQ,E3279,7,3,2.37
P18176,PN_PIQ,E3279,7,3,0.35
P18177,PN_PIQ,E3280,7,3,0.64
P18178,PN_PIQ,E3280,7,3,0.55
P18179,PN_PIQ,E3281,7,3,0.31
P18180,PN_PIQ,E3281,7,3,0.26
P18181,PN_PIQ,E3281,7,3,1.58
P18182,PN_PIQ,E3282,7,3,0.77
P18183,PN_PIQ,E3282,7,3,5.6
P18184,PN_PIQ,E3282,7,3,0.4
P18185,PN_PIQ,E3282,7,3,0.32
P18186,PN_PIQ,E3283,4,1,0.79
P18187,PN_PIQ,E3283,4,1,1.08
P18188,PN_PIQ,E3283,4,1,0.26
P18189,PN_PIQ,E3283,4,1,0.96
P18190,PN_PIQ,E3283,4,1,0.79
P18191,CS_BT_NIM,E3284,4,1,1.73
P18192,IG_TUT,E3284,4,1,0.39
P18193,IG_TUT,E3284,4,1,0.22
P18194,IG_TUT,E3284,4,1,0.15
P18195,MA_ROTA,E3285,5,1,0.33
P18196,MA_ROTA,E3285,5,1,0.07
P18197,MA_ROTA,E3285,5,1,0.28
P18199,MA_ROTA,E3285,5,1,0.11
P18200,MA_ROTA,E3285,5,1,0.11
P18202,MA_ROTA,E3285,5,1,0.12
P18203,MA_ROTA,E3285,5,1,0.18
P18204,MA_ROTA,E3285,5,1,0.17
P18205,MA_ROTA,E3285,5,1,0.12
P18208,MA_ROTA,E3285,5,1,0.46
P18209,PN_PIQ,E3286,2,2,0.38
P18210,PN_PIQ,E3286,2,2,1.19
P18211,BC_GTMG,E3286,2,2,2.38
P18212,PN_PIQ,E3286,2,2,0.28
P18213,PN_PIQ,E3286,2,2,0.37
P18214,PN_PIQ,E3286,2,2,0.43
P18215,BC_GTMG,E3286,1,2,1.54
P18216,PN_PIQ,E3286,2,2,0.33
P18217,MA_ROTA,E3287,1,2,1.06
P18218,MA_ROTA,E3287,1,2,0.13
P18219,MA_ROTA,E3287,2,2,0.6
P18220,MA_ROTA,E3287,1,2,1.64
P18221,MA_ROTA,E3287,2,2,0.18
P18222,MA_ROTA,E3288,1,2,1.07
P18223,PN_PIQ,E3289,2,2,0.54
P18224,PN_PIQ,E3290,4,1,0.97
P18225,PN_PIQ,E3290,4,1,3.36
P18226,MA_TO_CO_JA,E3291,7,3,0.6
P18227,MA_TO_CO_JA,E3292,7,3,1.17
P18228,MA_TO_CO_JA,E3292,7,3,0.29
P18229,MA_TO_CO_JA,E3292,7,3,0.3
P18230,MA_ROTA,E3293,5,1,0.56
P18231,BA_INT,E3293,5,1,1.01
P18232,JA,E3293,5,1,0.76
P18233,JA,E3293,5,1,1.08
P18234,MA_ROTA,E3293,5,1,0.62
P18236,MA_ROTA,E3293,5,1,1.18
P18237,MA_ROTA,E3293,5,1,0.82
P18240,BA_INT,E3293,5,1,1.16
P18241,MA_ROTA,E3293,5,1,0.35
P18242,MA_ROTA,E3293,5,1,0.59
P18243,BA_INT,E3293,5,1,0.88
P18244,BA_INT,E3293,5,1,0.71
P18245,BA_INT,E3293,5,1,0.49
P18246,BA_INT,E3293,5,1,0.83
P18248,MA_ROTA,E3293,5,1,1.12
P18252,PN_PIQ,E3294,2,2,0.37
P18253,PN_PIQ,E3294,2,2,0.66
P18254,PN_PIQ,E3295,2,2,2.01
P18255,PN_PIQ,E3295,2,2,0.12
P18256,PN_PIQ,E3295,2,2,0.18
P18257,PN_PIQ,E3295,2,2,0.87
P18259,MA_TO_CO_JA,E3296,2,2,0.37
P18260,BC_GTMG,E3297,2,2,0.8
P18261,IG_PLA,E3297,2,2,0.22
P18262,IG_PLA,E3297,2,2,0.05
P18263,MA_ROTA,E3298,2,2,0.98
P18264,MA_ROTA,E3298,2,2,0.58
P18266,BA_SINT,E3299,6,1,2.88
P18267,BA_SINT,E3299,6,1,2.34
P18268,JA,E3299,6,1,1.05
P18269,IG_TUT,E3299,6,1,1.47
P18270,BA_SINT,E3299,6,1,0.49
P18271,BA_SINT,E3299,6,1,0.36
P18272,BA_SINT,E3299,6,1,1.71
P18273,JA,E3299,6,1,1.63
P18274,BA_SINT,E3299,6,1,1.62
P18276,BA_SINT,E3299,6,1,1.88
P18277,BA_INT,E3299,6,1,0.9
P18278,BA_SINT,E3299,6,1,0.43
P18279,BA_SINT,E3299,6,1,1.28
P18280,JA,E3299,6,1,0.3
P18281,BA_INT,E3299,6,1,0.97
P18282,BA_INT,E3299,6,1,0.95
P18283,BA_SINT,E3299,6,1,1.01
P18284,BA_INT,E3299,6,1,0.56
P18285,IG_TUT,E3299,6,1,1.36
P18286,BA_INT,E3299,6,1,1.34
P18287,IG_TUT,E3299,6,1,0.85
P18288,BA_SINT,E3299,6,1,0.75
P18289,BA_SINT,E3299,6,1,1.49
P18290,IG_TUT,E3299,6,1,0.51
P18291,BA_INT,E3299,6,1,1.24
P18292,BA_INT,E3299,6,1,0.63
P18293,JA,E3299,6,1,0.47
P18294,BA_INT,E3299,6,1,0.6
P18295,BA_INT,E3299,6,1,0.93
P18296,BA_INT,E3299,6,1,1.7
P18297,BA_INT,E3299,6,1,1.5
P18299,BA_SINT,E3299,6,1,0.76
P18300,BA_INT,E3299,6,1,0.25
P18301,BA_SINT,E3300,6,1,0.2
P18303,BA_INT,E3300,6,1,0.5
P18305,BA_INT,E3300,6,1,1.31
P18306,BA_INT,E3300,6,1,0.61
P18307,BA_INT,E3300,6,1,1.13
P18308,BA_INT,E3300,6,1,2.06
P18309,BA_INT,E3300,6,1,0.55
P18310,BA_INT,E3300,6,1,0.89
P18311,MA_TO_CO_JA,E3300,6,1,0.76
P18312,BA_SINT,E3300,6,1,1.11
P18313,BA_SINT,E3300,6,1,0.22
P18314,BA_INT,E3300,6,1,0.76
P18315,JA,E3300,6,1,1.01
P18316,BA_SINT,E3300,6,1,3.32
P18317,BA_SINT,E3300,6,1,1.04
P18318,MA_TO_CO_JA,E3300,6,1,1.53
P18319,JA,E3300,6,1,0.43
P18320,BA_INT,E3300,6,1,0.51
P18321,MA_TO_CO_JA,E3300,6,1,1.1
P18322,BA_INT,E3300,6,1,1.88
P18323,MA_TO_CO_JA,E3300,6,1,1.79
P18324,BA_SINT,E3300,6,1,0.4
P18325,MA_TO_CO_JA,E3300,6,1,0.94
P18326,MA_TO_CO_JA,E3300,6,1,1.19
P18327,BA_SINT,E3300,6,1,1.35
P18329,BA_INT,E3300,6,1,1.63
P18330,BA_INT,E3300,6,1,1.8
P18331,BA_INT,E3300,6,1,1.18
P18332,MA_TO_CO_JA,E3300,6,1,0.47
P18333,JA,E3300,6,1,0.83
P18334,JA,E3300,6,1,1.05
P18335,JA,E3300,6,1,0.93
P18336,BA_SINT,E3300,6,1,0.21
P18337,MA_TO_CO_JA,E3300,6,1,0.19
P18338,BA_SINT,E3300,6,1,2.14
P18339,BA_SINT,E3300,6,1,1.91
P18340,MA_TO_CO_JA,E3300,6,1,1.08
P18341,BA_INT,E3300,6,1,1.01
P18342,BA_SINT,E3300,6,1,0.29
P18344,MA_TO_CO_JA,E3300,6,1,0.77
P18345,BA_INT,E3300,6,1,0.75
P18347,MA_TO_CO_JA,E3300,6,1,1.28
P18348,BA_INT,E3300,6,1,1.04
P18349,MA_TO_CO_JA,E3300,6,1,0.06
P18351,BA_SINT,E3300,6,1,0.78
P18352,MA_TO_CO_JA,E3300,6,1,0.31
P18353,BA_SINT,E3300,6,1,1.19
P18354,BA_SINT,E3300,6,1,0.25
P18355,MA_TO_CO_JA,E3300,6,1,1.88
P18356,BA_SINT,E3300,6,1,0.54
P18357,MA_TO_CO_JA,E3300,6,1,0.45
P18358,BA_SINT,E3300,6,1,0.48
P18359,BA_SINT,E3300,6,1,0.07
P18360,BA_SINT,E3300,6,1,0.48
P18361,BA_INT,E3300,6,1,0.56
P18362,BA_INT,E3300,6,1,0.75
P18363,BA_INT,E3300,6,1,2.18
P18364,PN_PIQ,E3301,2,2,3.83
P18365,PN_PIQ,E3302,2,2,1.83
P18366,MA_ROTA,E3303,3,2,2.04
P18368,MA_ROTA,E3303,3,2,1.05
P18369,MA_ROTA,E3303,3,2,1.28
P18371,PN_PIQ,E3304,2,2,2.31
P18372,PN_PIQ,E3304,2,2,0.31
P18373,PN_PIQ,E3304,2,2,0.49
P18375,MA_ROTA,E3305,3,2,0.82
P18378,MA_ROTA,E3306,4,1,0.14
P18379,MA_ROTA,E3306,4,1,0.08
P18380,MA_ROTA,E3306,4,1,0.12
P18381,MA_ROTA,E3306,4,1,0.23
P18382,MA_ROTA,E3306,4,1,0.24
P18383,MA_ROTA,E3306,4,1,0.04
P18384,MA_ROTA,E3306,4,1,0.14
P18385,MA_ROTA,E3306,4,1,0.06
P18386,MA_ROTA,E3306,4,1,0.15
P18391,PN_PIQ,E3308,7,3,0.51
P18392,IG_PLA,E3308,7,3,0.48
P18393,BC_BT,E3308,4,1,1.0
P18394,IG_PLA,E3308,7,3,0.58
P18395,IG_PLA,E3308,7,3,0.47
P18396,IG_PLA,E3308,7,3,0.08
P18397,IG_PLA,E3308,7,3,0.92
P18398,PN_PIQ,E3309,7,3,0.22
P18399,PN_PIQ,E3309,7,3,0.47
P18400,PN_PIQ,E3309,7,3,1.6
P18401,PN_PIQ,E3309,7,3,0.24
P18402,PN_PIQ,E3309,7,3,0.77
P18403,MA_TO_CO_JA,E3310,7,3,0.18
P18405,MA_TO_CO_JA,E3311,7,3,0.8
P18406,MA_TO_CO_JA,E3311,7,3,0.56
P18407,IG_PLA,E3312,7,3,0.1
P18408,IG_PLA,E3312,7,3,0.14
P18409,IG_PLA,E3312,7,3,2.17
P18410,PN_PIQ,E3312,7,3,0.9
P18411,PN_PIQ,E3312,7,3,0.38
P18412,MA_TO_CO_JA,E3313,4,1,2.16
P18413,PN_PIQ,E3314,2,2,1.62
P18414,PN_PIQ,E3315,2,2,1.27
P18415,PN_PIQ,E3316,2,2,0.89
P18416,MA_TO_CO_JA,E3317,6,1,5.22
P18417,MA_TO_CO_JA,E3317,6,1,1.62
P18418,MA_ROTA,E3318,4,1,0.8
P18420,BA_INT,E3318,4,1,0.24
P18421,JA,E3318,4,1,0.13
P18422,MA_ROTA,E3318,4,1,0.25
P18423,BA_INT,E3318,4,1,0.89
P18425,BA_INT,E3318,4,1,0.13
P18426,MA_ROTA,E3318,4,1,0.55
P18427,JA,E3318,4,1,0.07
P18428,JA,E3318,4,1,0.22
P18429,BA_INT,E3318,4,1,0.2
P18430,PN_PIQ,E3319,2,2,1.47
P18431,PN_PIQ,E3319,2,2,0.72
P18432,PN_PIQ,E3319,2,2,1.36
P18433,PN_PIQ,E3319,2,2,0.63
P18434,PN_PIQ,E3319,2,2,1.67
P18435,MA_ROTA,E3320,3,2,1.11
P18436,BC_GTMG,E3321,3,2,2.45
P18437,BC_GTMG,E3321,3,2,1.73
P18438,PN_PIQ,E3322,3,2,2.08
P18439,PN_PIQ,E3322,3,2,0.7
P18440,PN_PIQ,E3322,3,2,1.0
P18441,PN_PIQ,E3322,3,2,1.14
P18442,PN_PIQ,E3322,3,2,2.86
P18443,PN_PIQ,E3322,3,2,0.62
P18444,IG_TUT,E3323,6,1,1.36
P18445,IG_TUT,E3323,6,1,3.16
P18448,IG_PLA,E3324,7,3,0.64
P18449,PN_PIQ,E3324,7,3,0.14
P18450,PN_PIQ,E3324,7,3,0.3
P18451,IG_PLA,E3324,7,3,0.15
P18452,PN_PIQ,E3325,7,3,0.84
P18453,PN_PIQ,E3325,7,3,0.32
P18454,PN_PIQ,E3325,7,3,0.64
P18455,BC_GTMG,E3326,3,2,2.96
P18456,BC_GTMG,E3326,3,2,1.04
P18457,BC_GTMG,E3326,3,2,1.42
P18458,BC_GTMG,E3326,3,2,1.68
P18459,MA_ROTA,E3327,3,2,0.66
P18460,MA_TO_CO_JA,E3327,3,2,1.33
P18461,PN_PIQ,E3328,2,2,0.58
P18462,PN_PIQ,E3328,2,2,0.1
P18463,PN_PIQ,E3328,2,2,1.12
P18464,PN_PIQ,E3328,2,2,0.2
P18465,PN_PIQ,E3328,2,2,0.34
P18467,PN_PIQ,E3328,2,2,0.23
P18468,PN_PIQ,E3328,2,2,0.58
P18469,PN_PIQ,E3328,2,2,0.8
P18471,PN_PIQ,E3328,2,2,0.13
P18472,PN_PIQ,E3328,2,2,0.13
P18473,PN_PIQ,E3328,2,2,0.13
P18474,PN_PIQ,E3328,2,2,0.02
P18475,PN_PIQ,E3328,2,2,1.03
P18476,PN_PIQ,E3328,2,2,0.28
P18477,PN_PIQ,E3328,2,2,0.23
P18478,PN_PIQ,E3328,2,2,7.81
P18480,PN_PIQ,E3328,2,2,0.39
P18481,PN_PIQ,E3328,2,2,0.11
P18482,MA_ROTA,E3329,3,2,1.3
P18484,MA_ROTA,E3329,3,2,3.55
P18485,MA_ROTA,E3329,3,2,1.72
P18486,MA_ROTA,E3329,3,2,0.86
P18487,MA_ROTA,E3329,3,2,0.37
P18488,IG_PLA,E3330,3,2,1.85
P18489,BC_GTMG,E3330,3,2,0.96
P18490,PN_PIQ,E3331,3,2,0.15
P18491,PN_PIQ,E3331,3,2,0.38
P18492,PN_PIQ,E3331,3,2,5.23
P18493,PN_PIQ,E3331,3,2,0.11
P18494,PN_PIQ,E3331,3,2,0.67
P18495,PN_PIQ,E3331,3,2,3.81
P18496,PN_PIQ,E3331,3,2,0.23
P18497,PN_PIQ,E3331,3,2,1.39
P18498,PN_PIQ,E3331,3,2,0.14
P18499,PN_PIQ,E3331,3,2,0.61
P18500,PN_PIQ,E3331,3,2,0.44
P18503,IG_PLA,E3332,3,2,0.12
P18504,BC_GTMG,E3332,3,2,0.66
P18505,IG_PLA,E3332,3,2,0.68
P18506,BC_GTMG,E3332,3,2,0.43
P18507,IG_PLA,E3332,3,2,0.24
P18508,MA_ROTA,E3333,3,2,0.8
P18509,MA_ROTA,E3333,3,2,1.01
P18510,BA_INT,E3334,4,1,1.18
P18511,AN_PA,E3334,4,1,0.32
P18512,BA_INT,E3334,4,1,0.6
P18513,AN_PA,E3334,4,1,0.55
P18515,BA_INT,E3334,4,1,2.56
P18519,JA,E3334,4,1,0.49
P18520,JA,E3334,4,1,0.53
P18521,AN_PA,E3334,4,1,0.48
P18522,BA_INT,E3334,4,1,0.34
P18523,MA_ROTA,E3334,4,1,0.45
P18524,MA_ROTA,E3334,4,1,0.42
P18525,BA_INT,E3334,4,1,0.36
P18527,CS_BT_NIM,E3335,4,1,2.76
P18528,IG_TUT,E3335,4,1,0.51
P18529,BC_GTMG,E3336,2,2,0.71
P18530,IG_PLA,E3336,2,2,0.08
P18532,MA_TO_CO_JA,E3338,3,2,1.33
P18533,MA_TO_CO_JA,E3338,3,2,1.71
P18534,MA_TO_CO_JA,E3338,3,2,2.51
P18535,MA_TO_CO_JA,E3338,3,2,1.42
P18536,PN_PIQ,E3339,3,2,1.52
P18537,PN_PIQ,E3339,1,2,0.66
P18538,PN_PIQ,E3339,1,2,0.42
P18539,PN_PIQ,E3339,1,2,0.46
P18540,PN_PIQ,E3339,1,2,1.07
P18541,PN_PIQ,E3340,2,2,3.4
P18542,PN_PIQ,E3340,2,2,0.28
P18543,PN_PIQ,E3340,2,2,0.35
P18544,PN_PIQ,E3341,7,3,0.84
P18545,PN_PIQ,E3341,7,3,0.4
P18546,PN_PIQ,E3341,7,3,0.36
P18547,PN_PIQ,E3341,7,3,1.11
P18548,MA_TO_CO_JA,E3342,7,3,0.23
P18549,BC_GTMG,E3343,3,2,2.25
P18550,BC_GTMG,E3343,3,2,2.48
P18551,MA_TO_CO_JA,E3344,6,1,1.98
P18552,MA_TO_CO_JA,E3344,6,1,0.82
P18553,MA_TO_CO_JA,E3344,6,1,1.1
P18554,MA_TO_CO_JA,E3344,6,1,0.42
P18557,MA_ROTA,E3344,2,2,2.17
P18559,MA_TO_CO_JA,E3345,7,3,0.6
P18560,MA_TO_CO_JA,E3345,7,3,1.04
P18561,PN_PIQ,E3346,7,3,0.57
P18562,PN_PIQ,E3346,7,3,0.39
P18563,PN_PIQ,E3347,3,2,1.73
P18564,IG_PLA,E3348,7,3,0.62
P18565,PN_PIQ,E3348,7,3,1.04
P18566,IG_PLA,E3348,7,3,0.51
P18567,PN_PIQ,E3349,7,3,1.28
P18568,PN_PIQ,E3349,7,3,1.32
P18569,PN_PIQ,E3349,7,3,0.46
P18570,PN_PIQ,E3349,7,3,0.89
P18571,PN_PIQ,E3349,7,3,0.49
P18572,PN_PIQ,E3349,7,3,5.68
P18573,PN_PIQ,E3350,1,2,0.01
P18574,PN_PIQ,E3350,1,2,1.92
P18575,PN_PIQ,E3350,1,2,0.47
P18576,PN_PIQ,E3350,1,2,0.11
P18577,BC_GTMG,E3351,3,2,1.81
P18578,IG_PLA,E3351,3,2,1.43
P18579,IG_PLA,E3351,3,2,2.08
P18580,BC_GTMG,E3351,3,2,0.97
P18581,IG_PLA,E3351,3,2,1.0
P18582,BC_GTMG,E3351,3,2,0.1
P18583,IG_PLA,E3351,3,2,1.07
P18584,MA_ROTA,E3352,2,2,1.17
P18585,MA_TO_CO_JA,E3353,7,3,0.49
P18586,MA_TO_CO_JA,E3353,7,3,0.18
P18587,PN_PIQ,E3354,7,3,0.5
P18588,PN_PIQ,E3354,7,3,0.25
P18589,IG_PLA,E3354,7,3,0.23
P18590,IG_PLA,E3354,7,3,0.32
P18591,MA_TO_CO_JA,E3355,7,3,0.41
P18592,MA_TO_CO_JA,E3355,7,3,0.36
P18593,MA_TO_CO_JA,E3355,7,3,0.24
P18594,IG_PLA,E3356,3,2,1.72
P18595,IG_PLA,E3356,3,2,1.13
P18596,BC_GTMG,E3356,3,2,3.6
P18597,BC_GTMG,E3356,3,2,0.26
P18598,IG_PLA,E3356,3,2,1.21
P18599,BC_GTMG,E3356,3,2,3.0
P18600,IG_PLA,E3356,3,2,0.86
P18601,IG_PLA,E3356,3,2,0.79
P18602,MA_TO_CO_JA,E3357,7,3,0.83
P18603,MA_TO_CO_JA,E3357,7,3,0.32
P18604,IG_TUT,E3358,4,1,0.23
P18605,CS_BT_NIM,E3358,4,1,2.05
P18606,CS_BT_NIM,E3358,4,1,0.65
P18607,CS_BT_NIM,E3358,4,1,1.8
P18608,IG_TUT,E3358,4,1,1.16
P18609,IG_TUT,E3358,4,1,0.84
P18610,IG_TUT,E3358,4,1,1.57
P18611,PN_PIQ,E3359,3,2,0.3
P18614,PN_PIQ,E3359,3,2,0.99
P18615,PN_PIQ,E3359,3,2,0.1
P18616,PN_PIQ,E3359,3,2,0.06
P18617,PN_PIQ,E3359,3,2,0.05
P18618,MA_ROTA,E3360,3,2,0.99
P18619,MA_ROTA,E3360,3,2,5.57
P18620,MA_ROTA,E3360,3,2,4.21
P18621,MA_ROTA,E3360,3,2,0.78
P18623,MA_ROTA,E3360,3,2,1.06
P18624,MA_ROTA,E3360,3,2,1.01
P18625,MA_ROTA,E3360,3,2,0.87
P18626,MA_ROTA,E3360,3,2,0.5
P18627,IG_PLA,E3361,2,2,1.52
P18628,BC_GTMG,E3361,2,2,0.61
P18629,BC_GTMG,E3361,2,2,0.46
P18630,CS_BT_NIM,E3362,4,1,0.75
P18631,IG_TUT,E3362,4,1,0.28
P18632,PN_PIQ,E3363,7,3,0.48
P18633,PN_PIQ,E3363,7,3,1.05
P18634,PN_PIQ,E3363,7,3,1.59
P18635,PN_PIQ,E3363,7,3,0.85
P18636,IG_PLA,E3364,7,3,0.47
P18637,PN_PIQ,E3364,7,3,1.0
P18638,PN_PIQ,E3364,7,3,0.62
P18639,IG_PLA,E3364,7,3,0.74
P18640,PN_PIQ,E3365,1,2,0.13
P18641,PN_PIQ,E3365,1,2,0.17
P18642,MA_ROTA,E3366,3,2,1.38
P18643,MA_ROTA,E3366,3,2,1.73
P18644,IG_PLA,E3367,3,2,0.55
P18645,IG_PLA,E3367,3,2,1.58
P18646,IG_PLA,E3367,3,2,0.29
P18647,BC_GTMG,E3367,3,2,0.79
P18649,IG_PLA,E3367,3,2,0.22
P18650,BC_GTMG,E3367,3,2,4.56
P18651,BC_GTMG,E3367,3,2,2.46
P18652,MA_TO_CO_JA,E3368,7,3,0.98
P18653,MA_TO_CO_JA,E3368,7,3,0.86
P18654,MA_TO_CO_JA,E3368,7,3,0.96
P18656,MA_TO_CO_JA,E3369,7,3,0.53
P18657,IG_PLA,E3370,7,3,1.66
P18658,PN_PIQ,E3370,7,3,0.78
P18659,PN_PIQ,E3370,7,3,0.47
P18660,PN_PIQ,E3370,7,3,1.12
P18661,IG_PLA,E3370,7,3,0.5
P18662,MA_TO_CO_JA,E3371,4,1,0.4
P18663,MA_TO_CO_JA,E3371,4,1,0.06
P18664,MA_TO_CO_JA,E3371,4,1,0.33
P18665,PN_PIQ,E3372,7,3,0.54
P18666,PN_PIQ,E3372,7,3,0.93
P18667,PN_PIQ,E3372,7,3,0.59
P18668,PN_PIQ,E3372,7,3,0.26
P18669,PN_PIQ,E3372,7,3,0.23
P18670,PN_PIQ,E3372,7,3,0.48
P18671,PN_PIQ,E3372,7,3,0.42
P18672,PN_PIQ,E3372,7,3,0.23
P18673,PN_PIQ,E3372,7,3,0.16
P18674,MA_TO_CO_JA,E3373,7,3,0.71
P18675,MA_TO_CO_JA,E3373,7,3,0.3
P18676,MA_TO_CO_JA,E3373,7,3,0.45
P18677,MA_TO_CO_JA,E3373,7,3,0.74
P18678,MA_ROTA,E3374,3,2,0.67
P18679,PN_PIQ,E3375,2,2,1.26
P18680,PN_PIQ,E3375,2,2,0.59
P18681,PN_PIQ,E3375,2,2,0.01
P18682,PN_PIQ,E3375,2,2,0.03
P18683,PN_PIQ,E3375,2,2,0.05
P18684,MA_TO_CO_JA,E3376,4,1,2.65
P18685,MA_TO_CO_JA,E3376,4,1,0.17
P18686,MA_TO_CO_JA,E3376,4,1,0.77
P18687,MA_TO_CO_JA,E3376,4,1,0.63
P18688,MA_TO_CO_JA,E3376,4,1,0.39
P18689,MA_TO_CO_JA,E3376,4,1,0.52
P18690,MA_TO_CO_JA,E3376,4,1,0.1
P18691,MA_ROTA,E3377,3,2,3.59
P18692,MA_ROTA,E3377,3,2,0.25
P18693,MA_ROTA,E3377,3,2,0.54
P18694,MA_ROTA,E3377,2,2,4.09
P18696,MA_ROTA,E3377,3,2,1.04
P18697,MA_ROTA,E3377,3,2,2.27
P18698,MA_ROTA,E3377,3,2,0.23
P18699,PN_PIQ,E3378,1,2,0.8
P18700,PN_PIQ,E3378,1,2,0.22
P18701,PN_PIQ,E3378,1,2,0.16
P18702,IG_PLA,E3379,3,2,0.43
P18703,IG_PLA,E3379,3,2,3.19
P18704,IG_PLA,E3379,3,2,0.77
P18705,BC_GTMG,E3379,3,2,4.03
P18706,IG_PLA,E3379,3,2,1.05
P18707,IG_PLA,E3379,3,2,0.77
P18708,BC_GTMG,E3379,3,2,1.74
P18709,BC_GTMG,E3380,3,2,1.4
P18710,BC_GTMG,E3380,3,2,1.98
P18711,IG_PLA,E3380,3,2,0.84
P18712,BC_GTMG,E3380,3,2,1.26
P18713,BC_GTMG,E3380,3,2,1.29
P18714,IG_PLA,E3380,3,2,0.51
P18715,IG_PLA,E3380,3,2,0.31
P18716,IG_PLA,E3380,3,2,0.37
P18717,BC_GTMG,E3380,3,2,1.14
P18718,IG_PLA,E3380,3,2,1.51
P18719,IG_PLA,E3380,3,2,7.97
P18720,IG_PLA,E3380,3,2,0.3
P18721,IG_PLA,E3381,3,2,0.43
P18722,IG_PLA,E3381,3,2,1.11
P18723,BC_GTMG,E3381,3,2,0.58
P18724,BC_GTMG,E3381,3,2,1.14
P18725,BC_GTMG,E3381,3,2,0.45
P18726,IG_PLA,E3381,3,2,2.41
P18727,BC_GTMG,E3381,3,2,0.99
P18728,BC_GTMG,E3381,3,2,1.14
P18729,IG_PLA,E3381,3,2,1.89
P18730,IG_PLA,E3381,3,2,0.48
P18731,IG_PLA,E3381,3,2,0.65
P18732,IG_PLA,E3382,3,2,1.98
P18733,IG_PLA,E3382,3,2,0.52
P18736,IG_PLA,E3382,3,2,0.35
P18737,BC_GTMG,E3382,3,2,1.29
P18738,IG_PLA,E3382,3,2,1.65
P18739,IG_PLA,E3382,3,2,1.04
P18740,BC_GTMG,E3382,3,2,1.56
P18741,CS_BT_NIM,E3383,4,1,0.12
P18742,CS_BT_NIM,E3383,4,1,0.3
P18743,IG_TUT,E3383,4,1,0.67
P18744,IG_TUT,E3383,4,1,0.09
P18745,PN_PIQ,E3384,1,2,0.66
P18746,BC_GTMG,E3385,2,2,1.0
P18747,BC_GTMG,E3385,2,2,0.86
P18748,BC_GTMG,E3385,2,2,0.46
P18749,BC_GTMG,E3385,2,2,0.56
P18750,PN_PIQ,E3386,1,2,0.47
P18751,PN_PIQ,E3386,1,2,0.5
P18752,PN_PIQ,E3387,7,3,0.13
P18753,PN_PIQ,E3387,7,3,0.19
P18754,PN_PIQ,E3387,7,3,1.07
P18755,PN_PIQ,E3388,1,2,2.02
P18756,PN_PIQ,E3388,1,2,1.77
P18758,PN_PIQ,E3390,6,1,2.01
P18759,PN_PIQ,E3390,6,1,0.99
P18760,MA_TO_CO_JA,E3391,4,1,2.22
P18761,MA_TO_CO_JA,E3391,4,1,0.21
P18762,MA_TO_CO_JA,E3391,4,1,2.96
P18763,MA_TO_CO_JA,E3391,4,1,0.56
P18764,MA_TO_CO_JA,E3391,4,1,0.39
P18766,PN_PIQ,E3392,4,1,1.09
P18767,PN_PIQ,E3392,4,1,0.51
P18768,PN_PIQ,E3392,4,1,0.62
P18769,PN_PIQ,E3392,4,1,0.18
P18770,PN_PIQ,E3392,4,1,0.28
P18771,PN_PIQ,E3393,4,1,0.34
P18772,PN_PIQ,E3393,4,1,2.75
P18773,BC_GTMG,E3394,1,2,1.77
P18774,BC_GTMG,E3394,1,2,0.75
P18775,IG_PLA,E3394,1,2,0.45
P18776,IG_PLA,E3394,1,2,0.85
P18777,IG_PLA,E3394,1,2,0.6
P18778,IG_PLA,E3394,1,2,2.02
P18779,MA_ROTA,E3395,2,2,0.85
P18780,MA_ROTA,E3395,2,2,0.72
P18781,MA_ROTA,E3396,2,2,0.49
P18782,MA_ROTA,E3396,2,2,0.17
P18783,MA_ROTA,E3396,2,2,0.73
P18784,MA_ROTA,E3396,2,2,0.32
P18785,MA_ROTA,E3396,2,2,1.93
P18786,MA_ROTA,E3396,2,2,0.71
P18787,MA_ROTA,E3396,2,2,0.73
P18788,PN_PIQ,E3397,2,2,0.74
P18789,PN_PIQ,E3398,2,2,0.65
P18790,PN_PIQ,E3398,2,2,0.69
P18791,PN_PIQ,E3398,2,2,0.68
P18792,PN_PIQ,E3398,2,2,0.34
P18793,PN_PIQ,E3398,2,2,0.83
P18794,PN_PIQ,E3398,2,2,0.33
P18795,PN_PIQ,E3398,2,2,0.22
P18796,PN_PIQ,E3398,2,2,0.31
P18797,PN_PIQ,E3398,2,2,0.12
P18798,MA_ROTA,E3399,5,1,0.85
P18799,BA_INT,E3399,5,1,0.26
P18800,BA_INT,E3399,5,1,0.08
P18801,MA_ROTA,E3399,5,1,0.97
P18802,MA_ROTA,E3399,5,1,0.35
P18803,MA_ROTA,E3399,5,1,0.35
P18804,BA_INT,E3399,5,1,1.87
P18805,BA_INT,E3399,5,1,1.1
P18806,MA_ROTA,E3399,5,1,0.36
P18808,BA_SINT,E3399,6,1,2.5
P18809,BA_SINT,E3399,6,1,0.57
P18811,BA_SINT,E3399,6,1,1.3
P18812,BA_SINT,E3399,6,1,0.39
P18813,BA_INT,E3399,6,1,0.88
P18814,BA_SINT,E3399,6,1,0.31
P18815,MA_ROTA,E3399,5,1,0.14
P18816,BA_INT,E3399,6,1,1.17
P18817,BA_INT,E3399,6,1,0.64
P18818,BA_INT,E3399,6,1,0.63
P18819,BA_SINT,E3399,6,1,0.59
P18820,BA_INT,E3399,6,1,0.52
P18821,BA_INT,E3399,6,1,0.66
P18822,BA_INT,E3399,6,1,0.61
P18823,BA_SINT,E3399,6,1,0.54
P18825,BA_INT,E3399,5,1,0.14
P18826,BA_INT,E3399,6,1,0.06
P18827,BA_INT,E3399,6,1,1.17
P18828,JA,E3399,6,1,1.01
P18831,BA_INT,E3399,5,1,0.49
P18834,JA,E3399,6,1,2.2
P18835,BA_INT,E3399,5,1,1.55
P18836,BA_INT,E3399,5,1,0.11
P18837,BA_INT,E3399,5,1,0.28
P18838,BA_INT,E3399,5,1,0.27
P18839,BA_INT,E3399,5,1,0.61
P18840,IG_PLA,E3400,3,2,3.21
P18841,BC_GTMG,E3400,3,2,0.59
P18842,BC_GTMG,E3400,3,2,1.04
P18843,IG_PLA,E3400,3,2,1.69
P18844,BC_GTMG,E3400,3,2,1.14
P18845,BC_GTMG,E3400,3,2,0.48
P18846,PN_PIQ,E3401,6,1,5.02
P18847,PN_PIQ,E3401,6,1,1.13
P18848,PN_PIQ,E3401,6,1,0.3
P18849,PN_PIQ,E3402,1,2,0.13
P18850,PN_PIQ,E3402,1,2,0.05
P18851,PN_PIQ,E3402,1,2,0.14
P18852,PN_PIQ,E3402,1,2,0.05
P18853,PN_PIQ,E3402,1,2,0.07
P18854,PN_PIQ,E3402,1,2,0.06
P18855,MA_ROTA,E3403,2,2,0.36
P18856,MA_ROTA,E3403,2,2,0.22
P18857,MA_ROTA,E3403,2,2,1.3
P18858,MA_ROTA,E3403,2,2,0.16
P18859,PN_PIQ,E3404,4,1,1.04
P18860,PN_PIQ,E3404,4,1,1.82
P18861,BC_GTMG,E3405,3,2,0.16
P18862,IG_PLA,E3405,3,2,1.07
P18863,IG_PLA,E3405,3,2,0.55
P18864,BC_GTMG,E3405,3,2,0.51
P18865,IG_PLA,E3405,3,2,0.17
P18866,IG_PLA,E3405,3,2,0.33
P18867,IG_PLA,E3405,3,2,0.55
P18868,BC_GTMG,E3405,3,2,0.11
P18869,BC_GTMG,E3405,3,2,0.76
P18870,IG_PLA,E3405,3,2,0.12
P18871,PN_PIQ,E3406,2,2,1.72
P18872,PN_PIQ,E3406,2,2,0.94
P18873,PN_PIQ,E3406,2,2,0.55
P18874,PN_PIQ,E3407,4,1,1.93
P18875,MA_TO_CO_JA,E3408,3,2,0.07
P18876,MA_TO_CO_JA,E3408,3,2,0.31
P18877,MA_TO_CO_JA,E3408,3,2,1.0
P18878,MA_TO_CO_JA,E3408,3,2,0.87
P18879,MA_TO_CO_JA,E3409,4,1,1.08
P18880,MA_TO_CO_JA,E3410,4,1,0.9
P18881,MA_ROTA,E3411,4,1,2.16
P18882,MA_TO_CO_JA,E3411,4,1,1.2
P18883,MA_TO_CO_JA,E3411,4,1,1.03
P18884,MA_TO_CO_JA,E3411,4,1,0.96
P18895,PN_PIQ,E3413,2,2,0.9
P18896,PN_PIQ,E3413,2,2,0.31
P18897,PN_PIQ,E3413,2,2,0.35
P18898,PN_PIQ,E3414,2,2,0.59
P18899,PN_PIQ,E3414,2,2,0.43
P18900,PN_PIQ,E3414,2,2,1.42
P18901,PN_PIQ,E3415,4,1,0.7
P18902,IG_TUT,E3415,4,1,0.86
P18903,IG_TUT,E3415,4,1,0.36
P18904,PN_PIQ,E3415,4,1,0.69
P18905,BC_BT,E3416,4,1,4.28
P18906,BC_BT,E3416,4,1,1.26
P18907,BC_BT,E3416,4,1,0.15
P18908,BC_BT,E3416,4,1,1.09
P18909,BC_BT,E3416,4,1,0.38
P18910,BC_BT,E3416,4,1,0.87
P18911,BC_BT,E3416,4,1,1.3
P18912,BC_BT,E3416,4,1,0.39
P18913,PN_PIQ,E3417,2,2,2.59
P18914,MA_ROTA,E3418,2,2,1.14
P18915,MA_ROTA,E3418,2,2,0.27
P18917,MA_ROTA,E3418,2,2,0.11
P18918,MA_ROTA,E3418,2,2,0.11
P18919,MA_ROTA,E3418,2,2,0.1
P18927,MA_ROTA,E3420,3,2,1.48
P18928,MA_ROTA,E3420,3,2,2.48
P18929,MA_ROTA,E3420,3,2,0.72
P18930,MA_ROTA,E3420,3,2,1.75
P18931,MA_ROTA,E3420,3,2,0.8
P18932,MA_ROTA,E3420,3,2,0.63
P18933,MA_ROTA,E3420,3,2,1.52
P18935,MA_ROTA,E3421,3,2,3.04
P18936,MA_ROTA,E3421,3,2,0.11
P18937,MA_ROTA,E3421,3,2,0.55
P18938,MA_ROTA,E3421,3,2,1.35
P18940,MA_ROTA,E3421,3,2,1.37
P18941,BA_SINT,E3422,5,1,0.45
P18942,BA_SINT,E3422,5,1,0.27
P18946,BA_SINT,E3422,5,1,0.62
P18947,BA_SINT,E3422,5,1,0.31
P18948,BA_SINT,E3422,5,1,0.6
P18949,BA_SINT,E3422,5,1,0.65
P18950,BA_INT,E3422,5,1,0.19
P18951,BA_PER,E3422,5,1,0.41
P18952,BA_INT,E3422,5,1,1.83
P18953,BA_SINT,E3422,5,1,0.7
P18954,IG_TUT,E3422,5,1,0.37
P18955,BA_PER,E3422,5,1,0.45
P18956,BA_PER,E3422,5,1,0.33
P18957,BA_SINT,E3422,5,1,0.68
P18958,BA_INT,E3422,5,1,0.51
P18959,BA_INT,E3422,5,1,0.06
P18960,BA_INT,E3422,5,1,0.17
P18961,BA_SINT,E3422,5,1,0.29
P18962,BA_PER,E3422,5,1,0.21
P18963,BA_INT,E3422,5,1,0.22
P18964,BA_SINT,E3422,5,1,0.1
P18965,BA_SINT,E3422,5,1,0.29
P18967,BA_SINT,E3422,5,1,0.28
P18968,BA_SINT,E3422,5,1,0.33
P18969,BA_SINT,E3422,5,1,0.99
P18970,BA_PER,E3422,5,1,1.42
P18971,BA_PER,E3422,5,1,0.71
P18972,JA,E3422,5,1,1.12
P18973,BA_INT,E3422,5,1,0.41
P18974,BA_SINT,E3422,5,1,0.25
P18975,BA_SINT,E3422,5,1,0.58
P18976,BA_INT,E3422,5,1,0.16
P18977,BA_PER,E3422,5,1,0.59
P18978,BA_SINT,E3422,5,1,1.05
P18980,BA_SINT,E3422,5,1,0.39
P18981,BA_SINT,E3422,5,1,0.83
P18982,BA_INT,E3422,5,1,2.46
P18983,BA_SINT,E3422,5,1,1.42
P18985,BA_PER,E3422,5,1,0.82
P18986,BA_INT,E3422,5,1,0.3
P18987,BA_INT,E3422,5,1,0.28
P18988,BA_SINT,E3422,5,1,1.34
P18989,BA_SINT,E3422,5,1,0.53
P18990,BA_PER,E3422,5,1,1.31
P18991,JA,E3422,5,1,1.52
P18995,IG_PLA,E3423,3,2,2.05
P18996,BC_GTMG,E3423,3,2,1.05
P18997,IG_PLA,E3423,3,2,0.15
P18998,IG_PLA,E3424,2,2,2.63
P18999,BC_GTMG,E3424,2,2,1.87
P19000,IG_PLA,E3424,2,2,0.62
P19001,BC_GTMG,E3424,2,2,3.66
P19002,BC_GTMG,E3424,2,2,0.97
P19003,MA_ROTA,E3425,4,1,0.86
P19004,MA_ROTA,E3425,4,1,0.58
P19005,MA_ROTA,E3425,4,1,0.33
P19006,MA_ROTA,E3425,4,1,1.1
P19007,MA_ROTA,E3425,4,1,0.54
P19008,MA_TO_CO_JA,E3426,3,2,1.88
P19009,MA_TO_CO_JA,E3426,3,2,0.51
P19010,MA_ROTA,E3426,3,2,0.02
P19011,MA_TO_CO_JA,E3426,3,2,0.37
P19012,PN_PIQ,E3427,2,2,4.11
P19013,PN_PIQ,E3427,2,2,0.41
P19014,MA_TO_CO_JA,E3428,7,3,0.3
P19015,MA_TO_CO_JA,E3428,7,3,0.37
P19016,MA_TO_CO_JA,E3428,7,3,0.48
P19017,PN_PIQ,E3429,7,3,0.87
P19018,PN_PIQ,E3429,7,3,1.02
P19019,PN_PIQ,E3429,7,3,4.24
P19020,IG_PLA,E3430,7,3,0.76
P19021,IG_PLA,E3430,7,3,1.47
P19022,BC_GTMG,E3430,7,3,0.3
P19023,PN_PIQ,E3430,7,3,1.26
P19024,PN_PIQ,E3430,7,3,0.26
P19025,PN_PIQ,E3430,7,3,0.82
P19026,PN_PIQ,E3431,7,3,0.88
P19027,PN_PIQ,E3431,7,3,0.48
P19028,PN_PIQ,E3431,7,3,1.01
P19029,PN_PIQ,E3432,7,3,0.93
P19030,PN_PIQ,E3432,7,3,0.62
P19031,PN_PIQ,E3432,7,3,3.5
P19032,PN_PIQ,E3432,7,3,0.38
P19033,PN_PIQ,E3433,7,3,0.46
P19034,PN_PIQ,E3433,7,3,0.56
P19035,PN_PIQ,E3433,7,3,0.18
P19036,PN_PIQ,E3433,7,3,0.52
P19037,PN_PIQ,E3433,7,3,0.31
P19038,PN_PIQ,E3433,7,3,0.05
P19039,PN_PIQ,E3433,7,3,0.4
P19040,PN_PIQ,E3433,7,3,1.54
P19041,PN_PIQ,E3434,7,3,1.33
P19042,PN_PIQ,E3435,7,3,0.49
P19043,PN_PIQ,E3435,7,3,1.92
P19044,PN_PIQ,E3435,7,3,0.76
P19045,PN_PIQ,E3436,7,3,1.29
P19046,IG_PLA,E3436,7,3,0.33
P19047,PN_PIQ,E3437,7,3,0.17
P19048,PN_PIQ,E3437,7,3,0.42
P19049,PN_PIQ,E3437,7,3,0.3
P19050,PN_PIQ,E3437,7,3,0.77
P19051,MA_TO_CO_JA,E3438,7,3,0.82
P19052,MA_TO_CO_JA,E3438,7,3,1.49
P19053,PN_PIQ,E3439,5,1,3.33
P19054,BC_BT,E3439,4,1,1.67
P19055,BC_BT,E3439,4,1,1.07
P19056,BC_BT,E3439,4,1,1.31
P19057,BC_BT,E3439,4,1,1.38
P19058,BC_BT,E3439,4,1,2.19
P19059,BC_BT,E3439,4,1,0.59
P19060,BC_BT,E3439,4,1,1.35
P19061,BC_BT,E3439,4,1,0.56
P19062,PN_PIQ,E3440,3,2,0.46
P19063,PN_PIQ,E3441,7,3,0.74
P19064,PN_PIQ,E3441,7,3,1.15
P19065,PN_PIQ,E3441,7,3,0.43
P19066,PN_PIQ,E3442,7,3,0.68
P19067,IG_PLA,E3442,7,3,0.17
P19068,PN_PIQ,E3442,7,3,0.43
P19069,IG_PLA,E3442,7,3,1.48
P19070,PN_PIQ,E3443,2,2,1.39
P19071,PN_PIQ,E3443,2,2,0.78
P19072,PN_PIQ,E3444,7,3,0.69
P19073,PN_PIQ,E3444,7,3,0.36
P19074,BC_GTMG,E3444,7,3,0.03
P19075,BC_GTMG,E3444,7,3,0.11
P19076,MA_TO_CO_JA,E3445,3,2,0.14
P19077,MA_TO_CO_JA,E3445,3,2,0.98
P19078,MA_ROTA,E3445,3,2,0.99
P19079,PN_PIQ,E3446,7,3,0.13
P19080,PN_PIQ,E3446,7,3,2.92
P19081,PN_PIQ,E3446,7,3,0.22
P19082,PN_PIQ,E3446,7,3,0.13
P19083,PN_PIQ,E3446,7,3,1.03
P19084,PN_PIQ,E3446,7,3,0.92
P19085,PN_PIQ,E3446,7,3,0.27
P19086,PN_PIQ,E3446,7,3,0.24
P19087,PN_PIQ,E3446,7,3,0.56
P19088,IG_PLA,E3447,7,3,1.08
P19089,PN_PIQ,E3447,7,3,0.44
P19090,PN_PIQ,E3447,7,3,0.36
P19091,MA_TO_CO_JA,E3448,7,3,0.75
P19092,MA_TO_CO_JA,E3448,7,3,0.54
P19093,PN_PIQ,E3449,7,3,0.3
P19094,IG_PLA,E3449,7,3,0.49
P19095,IG_PLA,E3449,7,3,0.19
P19096,PN_PIQ,E3449,7,3,0.17
P19097,IG_PLA,E3449,7,3,0.16
P19098,PN_PIQ,E3449,7,3,0.23
P19099,BC_GTMG,E3450,7,3,0.06
P19100,PN_PIQ,E3450,7,3,0.26
P19101,IG_PLA,E3450,7,3,1.47
P19102,PN_PIQ,E3450,4,1,0.21
P19103,PN_PIQ,E3450,7,3,0.39
P19104,IG_PLA,E3451,7,3,0.66
P19105,BC_GTMG,E3451,7,3,0.25
P19106,IG_PLA,E3451,7,3,0.47
P19107,PN_PIQ,E3451,7,3,0.25
P19108,PN_PIQ,E3451,7,3,0.32
P19109,IG_PLA,E3452,7,3,0.44
P19110,PN_PIQ,E3452,7,3,0.46
P19111,PN_PIQ,E3452,7,3,0.57
P19112,IG_PLA,E3452,7,3,0.79
P19114,IG_PLA,E3452,7,3,0.66
P19115,IG_PLA,E3452,7,3,0.54
P19116,IG_PLA,E3453,7,3,0.42
P19117,PN_PIQ,E3453,7,3,0.86
P19118,PN_PIQ,E3453,7,3,0.67
P19119,IG_PLA,E3453,7,3,0.35
P19120,IG_PLA,E3454,7,3,0.4
P19121,PN_PIQ,E3454,7,3,1.21
P19122,PN_PIQ,E3454,7,3,0.82
P19123,IG_PLA,E3454,7,3,0.24
P19124,IG_PLA,E3454,7,3,0.3
P19125,BC_GTMG,E3455,7,3,0.16
P19126,IG_PLA,E3455,7,3,0.33
P19127,IG_PLA,E3455,7,3,0.06
P19128,PN_PIQ,E3455,7,3,0.15
P19129,MA_TO_CO_JA,E3456,7,3,0.48
P19132,MA_TO_CO_JA,E3456,7,3,0.27
P19134,MA_TO_CO_JA,E3456,7,3,0.22
P19135,MA_TO_CO_JA,E3457,7,3,0.44
P19136,MA_TO_CO_JA,E3457,7,3,1.23
P19137,IG_PLA,E3458,7,3,0.45
P19138,PN_PIQ,E3458,7,3,0.49
P19139,PN_PIQ,E3458,7,3,0.35
P19140,IG_PLA,E3458,7,3,0.22
P19141,MA_TO_CO_JA,E3459,7,3,1.07
P19142,MA_TO_CO_JA,E3459,7,3,0.34
P19143,MA_TO_CO_JA,E3459,7,3,1.16
P19148,IG_PLA,E3460,7,3,0.2
P19149,PN_PIQ,E3460,7,3,0.17
P19150,IG_PLA,E3460,7,3,0.06
P19151,PN_PIQ,E3461,7,3,1.21
P19152,PN_PIQ,E3461,7,3,0.96
P19153,IG_PLA,E3461,7,3,0.68
P19154,IG_PLA,E3461,7,3,0.32
P19155,IG_TUT,E3462,4,1,1.24
P19156,CS_BT_NIM,E3462,4,1,3.07
P19157,CS_BT_NIM,E3462,4,1,2.15
P19158,IG_TUT,E3462,4,1,0.9
P19159,PN_PIQ,E3463,7,3,0.56
P19160,PN_PIQ,E3463,7,3,0.27
P19161,PN_PIQ,E3463,7,3,0.95
P19162,PN_PIQ,E3463,7,3,0.38
P19163,PN_PIQ,E3463,7,3,0.72
P19164,PN_PIQ,E3464,7,3,0.71
P19165,PN_PIQ,E3464,7,3,0.17
P19166,PN_PIQ,E3464,7,3,0.07
P19167,PN_PIQ,E3464,7,3,0.81
P19168,PN_PIQ,E3465,7,3,0.56
P19169,PN_PIQ,E3465,7,3,0.17
P19170,PN_PIQ,E3465,7,3,0.38
P19171,PN_PIQ,E3465,7,3,0.29
P19173,MA_ROTA,E3466,1,2,1.88
P19174,MA_ROTA,E3466,1,2,1.85
P19175,MA_ROTA,E3466,2,2,0.05
P19176,MA_ROTA,E3466,1,2,0.57
P19177,MA_ROTA,E3466,1,2,1.58
P19178,IG_PLA,E3467,7,3,1.34
P19179,PN_PIQ,E3467,7,3,0.5
P19180,IG_PLA,E3467,7,3,0.33
P19181,PN_PIQ,E3467,7,3,0.77
P19182,PN_PIQ,E3467,7,3,0.61
P19183,PN_PIQ,E3468,2,2,2.32
P19184,PN_PIQ,E3469,7,3,0.37
P19185,PN_PIQ,E3469,7,3,0.54
P19186,PN_PIQ,E3469,7,3,0.52
P19187,PN_PIQ,E3469,7,3,0.94
P19188,BC_GTMG,E3469,7,3,0.2
P19189,PN_PIQ,E3469,7,3,0.23
P19190,BC_GTMG,E3470,3,2,0.4
P19193,BC_GTMG,E3470,3,2,0.21
P19194,BC_GTMG,E3470,3,2,0.35
P19195,IG_PLA,E3470,3,2,6.99
P19196,IG_PLA,E3470,3,2,0.85
P19197,BC_GTMG,E3470,3,2,0.84
P19198,BC_GTMG,E3470,3,2,2.97
P19200,IG_PLA,E3470,3,2,3.4
P19201,BC_GTMG,E3470,3,2,0.7
P19202,BC_GTMG,E3470,3,2,0.65
P19203,IG_PLA,E3471,7,3,0.18
P19204,PN_PIQ,E3471,7,3,0.26
P19205,PN_PIQ,E3471,7,3,0.13
P19206,IG_PLA,E3471,7,3,0.28
P19207,PN_PIQ,E3471,7,3,0.11
P19208,PN_PIQ,E3471,7,3,0.2
P19209,IG_PLA,E3471,7,3,0.11
P19210,IG_PLA,E3471,7,3,0.3
P19211,PN_PIQ,E3471,7,3,0.35
P19212,IG_PLA,E3471,7,3,0.25
P19213,IG_PLA,E3471,7,3,0.35
P19214,PN_PIQ,E3472,7,3,0.17
P19215,PN_PIQ,E3472,7,3,0.39
P19216,PN_PIQ,E3472,7,3,0.5
P19217,PN_PIQ,E3472,7,3,0.18
P19218,PN_PIQ,E3472,7,3,0.15
P19219,PN_PIQ,E3472,7,3,0.39
P19220,PN_PIQ,E3472,7,3,0.2
P19221,PN_PIQ,E3473,7,3,0.63
P19222,PN_PIQ,E3473,7,3,0.18
P19223,PN_PIQ,E3473,7,3,0.7
P19224,IG_PLA,E3474,7,3,0.23
P19225,IG_PLA,E3474,7,3,0.66
P19226,IG_PLA,E3474,7,3,0.1
P19227,PN_PIQ,E3474,7,3,0.16
P19228,PN_PIQ,E3474,7,3,0.48
P19229,PN_PIQ,E3474,7,3,0.28
P19230,PN_PIQ,E3475,7,3,0.48
P19231,PN_PIQ,E3475,7,3,0.73
P19232,PN_PIQ,E3475,7,3,1.05
P19233,MA_TO_CO_JA,E3476,2,2,0.43
P19234,MA_TO_CO_JA,E3476,2,2,1.12
P19235,MA_TO_CO_JA,E3476,2,2,0.15
P19236,MA_TO_CO_JA,E3476,2,2,1.04
P19237,MA_TO_CO_JA,E3476,2,2,0.27
P19238,MA_TO_CO_JA,E3477,2,2,0.55
P19239,MA_TO_CO_JA,E3477,2,2,0.25
P19240,MA_TO_CO_JA,E3477,2,2,0.4
P19241,MA_TO_CO_JA,E3477,2,2,0.32
P19242,MA_TO_CO_JA,E3477,2,2,0.3
P19243,MA_TO_CO_JA,E3477,2,2,0.31
P19244,MA_TO_CO_JA,E3477,2,2,0.14
P19245,MA_ROTA,E3478,2,2,1.19
P19246,MA_ROTA,E3478,2,2,1.04
P19247,PN_PIQ,E3479,3,2,1.0
P19248,PN_PIQ,E3479,3,2,0.15
P19249,PN_PIQ,E3479,3,2,0.07
P19250,PN_PIQ,E3479,3,2,1.22
P19251,PN_PIQ,E3479,3,2,0.36
P19252,IG_PLA,E3480,2,2,0.97
P19253,PN_PIQ,E3480,2,2,1.1
P19254,IG_PLA,E3480,2,2,0.97
P19255,IG_PLA,E3481,1,2,0.18
P19256,BC_GTMG,E3481,1,2,5.27
P19257,IG_PLA,E3481,1,2,2.3
P19258,BC_GTMG,E3482,2,2,0.95
P19259,BC_GTMG,E3482,2,2,0.3
P19260,BC_GTMG,E3482,2,2,1.05
P19261,BC_GTMG,E3483,2,2,0.78
P19262,IG_PLA,E3483,2,2,0.71
P19263,BC_GTMG,E3483,2,2,0.53
P19264,BC_GTMG,E3483,2,2,1.07
P19265,IG_PLA,E3483,2,2,1.19
P19266,BC_GTMG,E3483,2,2,0.99
P19267,IG_PLA,E3483,2,2,0.79
P19268,IG_PLA,E3483,2,2,0.98
P19269,IG_PLA,E3483,2,2,0.43
P19270,MA_ROTA,E3484,3,2,1.0
P19271,MA_ROTA,E3484,3,2,0.56
P19273,MA_ROTA,E3484,3,2,1.02
P19274,MA_ROTA,E3484,3,2,0.87
P19275,MA_ROTA,E3484,3,2,0.71
P19276,MA_ROTA,E3484,3,2,2.08
P19278,MA_ROTA,E3484,3,2,1.03
P19280,MA_ROTA,E3484,3,2,0.74
P19281,MA_ROTA,E3484,3,2,0.66
P19283,MA_ROTA,E3484,3,2,0.21
P19285,MA_ROTA,E3484,3,2,0.66
P19286,MA_ROTA,E3484,3,2,0.26
P19287,MA_ROTA,E3484,3,2,0.32
P19288,MA_ROTA,E3484,3,2,0.4
P19290,MA_ROTA,E3485,2,2,2.52
P19291,MA_ROTA,E3485,2,2,9.79
P19298,MA_TO_CO_JA,E3485,6,1,0.77
P19300,PN_PIQ,E3486,2,2,1.28
P19302,IG_PLA,E3487,7,3,0.07
P19303,BC_GTMG,E3487,7,3,0.04
P19304,IG_PLA,E3487,7,3,0.89
P19305,BC_GTMG,E3487,7,3,0.02
P19306,IG_PLA,E3487,7,3,0.34
P19307,IG_PLA,E3487,7,3,0.7
P19308,PN_PIQ,E3487,7,3,0.11
P19309,PN_PIQ,E3487,7,3,0.13
P19310,IG_PLA,E3487,7,3,0.48
P19311,IG_PLA,E3487,7,3,0.55
P19312,IG_PLA,E3487,7,3,0.46
P19313,IG_PLA,E3487,7,3,0.14
P19314,IG_PLA,E3487,7,3,0.77
P19315,PN_PIQ,E3487,7,3,0.44
P19316,PN_PIQ,E3488,7,3,0.37
P19317,IG_PLA,E3488,7,3,0.75
P19318,PN_PIQ,E3488,7,3,0.27
P19319,IG_PLA,E3488,7,3,0.42
P19320,MA_TO_CO_JA,E3489,7,3,1.01
P19321,MA_TO_CO_JA,E3489,7,3,0.71
P19322,PN_PIQ,E3490,7,3,1.18
P19323,IG_PLA,E3490,7,3,0.17
P19324,MA_TO_CO_JA,E3491,7,3,0.4
P19325,MA_TO_CO_JA,E3491,7,3,0.1
P19326,PN_PIQ,E3492,7,3,0.5
P19327,PN_PIQ,E3492,7,3,0.35
P19328,IG_PLA,E3492,7,3,0.22
P19329,IG_PLA,E3492,7,3,0.47
P19330,MA_TO_CO_JA,E3493,7,3,0.54
P19331,MA_TO_CO_JA,E3493,7,3,0.09
P19332,MA_TO_CO_JA,E3493,7,3,0.22
P19333,MA_TO_CO_JA,E3493,7,3,0.44
P19334,MA_TO_CO_JA,E3493,7,3,0.04
P19335,MA_TO_CO_JA,E3493,7,3,0.11
P19336,IG_TUT,E3494,4,1,0.04
P19337,IG_TUT,E3494,4,1,1.34
P19338,CS_BT_NIM,E3494,4,1,0.71
P19339,CS_BT_NIM,E3494,4,1,0.14
P19340,IG_TUT,E3494,4,1,0.48
P19341,IG_TUT,E3494,4,1,0.07
P19343,IG_TUT,E3494,4,1,0.03
P19344,CS_BT_NIM,E3494,4,1,1.01
P19345,IG_TUT,E3494,4,1,2.83
P19347,IG_TUT,E3494,4,1,0.27
P19348,CS_BT_NIM,E3494,4,1,0.16
P19349,CS_BT_NIM,E3494,4,1,0.19
P19350,IG_TUT,E3494,4,1,0.39
P19351,CS_BT_NIM,E3494,4,1,0.14
P19352,CS_BT_NIM,E3494,4,1,0.18
P19353,IG_TUT,E3494,4,1,0.09
P19354,IG_TUT,E3494,4,1,0.05
P19355,IG_TUT,E3494,4,1,0.18
P19356,MA_TO_CO_JA,E3495,4,1,1.0
P19357,MA_TO_CO_JA,E3495,4,1,0.64
P19358,PN_PIQ,E3496,7,3,1.27
P19359,BC_GTMG,E3496,7,3,1.3
P19360,PN_PIQ,E3496,7,3,1.31
P19361,PN_PIQ,E3497,3,2,4.01
P19362,PN_PIQ,E3498,2,2,4.6
P19363,MA_ROTA,E3499,1,2,4.38
P19365,MA_ROTA,E3499,1,2,0.74
P19367,MA_ROTA,E3499,1,2,0.41
P19368,MA_ROTA,E3499,1,2,0.14
P19369,MA_ROTA,E3500,3,2,2.56
P19370,MA_ROTA,E3501,3,2,5.47
P19371,MA_ROTA,E3501,3,2,4.59
P19372,MA_ROTA,E3501,3,2,4.74
P19373,MA_ROTA,E3501,3,2,5.7
P19374,MA_ROTA,E3501,3,2,7.12
P19375,MA_ROTA,E3501,3,2,4.67
P19376,MA_ROTA,E3501,3,2,3.88
P19377,MA_ROTA,E3501,3,2,3.18
P19378,AN_PA,E3502,4,1,0.33
P19379,AN_PA,E3502,4,1,2.97
P19380,AN_PA,E3502,4,1,1.63
P19381,AN_PA,E3502,4,1,1.25
P19382,AN_PA,E3502,4,1,0.19
P19383,AN_PA,E3502,4,1,1.02
P19384,AN_PA,E3502,4,1,0.32
P19385,AN_PA,E3502,4,1,0.72
P19387,AN_PA,E3502,4,1,0.04
P19388,AN_PA,E3502,4,1,0.29
P19389,AN_PA,E3502,4,1,0.67
P19390,AN_PA,E3502,4,1,0.73
P19391,AN_PA,E3502,4,1,1.34
P19392,AN_PA,E3502,4,1,0.14
P19393,JA,E3502,4,1,0.95
P19394,IG_TUT,E3502,4,1,0.84
P19395,AN_PA,E3502,4,1,0.15
P19396,BA_INT,E3502,4,1,0.21
P19397,AN_PA,E3502,4,1,0.25
P19398,BA_INT,E3502,4,1,0.16
P19399,AN_PA,E3502,4,1,1.13
P19400,AN_PA,E3502,4,1,0.79
P19402,AN_PA,E3502,4,1,0.8
P19404,AN_PA,E3502,4,1,0.07
P19405,BA_INT,E3502,4,1,0.6
P19408,AN_PA,E3502,4,1,1.0
P19409,AN_PA,E3502,4,1,0.68
P19410,AN_PA,E3502,4,1,1.66
P19411,BA_INT,E3502,4,1,0.21
P19412,BA_INT,E3502,4,1,0.64
P19414,AN_PA,E3502,4,1,1.59
P19415,BA_INT,E3502,4,1,0.37
P19416,MA_ROTA,E3503,3,2,5.8
P19417,MA_ROTA,E3503,3,2,15.83
P19418,MA_ROTA,E3503,3,2,5.75
P19420,MA_ROTA,E3503,3,2,6.2
P19421,MA_ROTA,E3503,3,2,11.2
P19422,MA_ROTA,E3503,3,2,11.83
P19423,MA_ROTA,E3503,3,2,20.11
P19424,MA_ROTA,E3503,3,2,15.08
P19425,MA_ROTA,E3503,3,2,14.49
P19426,MA_ROTA,E3503,3,2,21.7
P19427,MA_ROTA,E3503,3,2,18.64
P19428,MA_ROTA,E3503,3,2,3.21
P19431,MA_ROTA,E3503,3,2,2.66
P19434,MA_TO_CO_JA,E3503,3,2,2.51
P19435,MA_ROTA,E3503,3,2,9.27
P19436,MA_ROTA,E3503,3,2,15.59
P19437,MA_TO_CO_JA,E3503,3,2,2.19
P19438,MA_ROTA,E3503,3,2,5.38
P19439,MA_ROTA,E3503,3,2,15.01
P19440,MA_ROTA,E3503,3,2,27.52
P19441,MA_ROTA,E3503,3,2,7.48
P19442,MA_ROTA,E3503,3,2,6.92
P19443,MA_ROTA,E3503,3,2,6.31
P19445,MA_TO_CO_JA,E3504,7,3,1.2
P19446,BA_INT,E3505,5,1,0.26
P19447,BA_INT,E3505,5,1,0.6
P19448,PN_PIQ,E3505,5,1,1.12
P19450,PN_PIQ,E3505,5,1,1.21
P19455,JA,E3505,5,1,0.32
P19457,PN_PIQ,E3505,5,1,0.17
P19459,MA_ROTA,E3507,1,2,0.44
P19460,MA_TO_CO_JA,E3507,6,1,5.53
P19462,PN_PIQ,E3508,2,2,4.98
P19463,PN_PIQ,E3509,6,1,0.01
P19464,MA_TO_CO_JA,E3510,5,1,0.08
P19465,MA_TO_CO_JA,E3510,5,1,0.05
P19466,MA_TO_CO_JA,E3511,7,3,0.57
P19467,MA_TO_CO_JA,E3512,7,3,1.86
P19469,PN_PIQ,E3513,7,3,0.27
P19470,PN_PIQ,E3513,7,3,0.98
P19471,PN_PIQ,E3513,7,3,0.28
P19473,BA_INT,E3515,5,1,0.92
P19474,BA_INT,E3515,5,1,3.25
P19475,BA_INT,E3515,5,1,1.22
P19476,BA_INT,E3515,5,1,1.01
P19477,BA_INT,E3515,5,1,0.89
P19478,BA_INT,E3515,5,1,2.47
P19479,BA_INT,E3515,5,1,2.39
P19480,BA_INT,E3515,5,1,2.71
P19481,BA_INT,E3515,5,1,4.88
P19482,JA,E3515,5,1,3.96
P19483,BA_INT,E3515,5,1,2.08
P19484,BA_INT,E3515,5,1,3.44
P19485,JA,E3515,5,1,5.63
P19486,BA_INT,E3515,5,1,1.73
P19487,BA_INT,E3515,5,1,1.09
P19488,BA_INT,E3515,5,1,0.91
P19489,BA_INT,E3515,5,1,0.59
P19490,BA_INT,E3515,5,1,1.8
P19491,BA_INT,E3515,5,1,2.58
P19492,JA,E3516,5,1,1.02
P19493,BA_INT,E3516,5,1,2.34
P19494,BA_INT,E3516,5,1,3.79
P19495,BA_INT,E3516,5,1,3.51
P19497,JA,E3516,5,1,0.45
P19498,JA,E3516,5,1,0.18
P19499,BA_INT,E3516,5,1,1.79
P19500,BA_INT,E3516,5,1,3.16
P19501,BA_INT,E3516,5,1,4.17
P19503,BA_INT,E3516,5,1,1.96
P19504,BA_INT,E3516,5,1,0.55
P19505,BA_INT,E3516,5,1,1.35
P19506,BA_INT,E3516,5,1,1.23
P19507,BA_INT,E3516,5,1,1.72
P19508,BA_INT,E3516,5,1,2.72
P19510,BA_INT,E3516,5,1,2.9
P19511,JA,E3516,5,1,3.25
P19512,BA_INT,E3516,5,1,1.97
P19513,BA_INT,E3516,5,1,2.38
P19516,JA,E3516,5,1,1.23
P19517,BA_INT,E3516,5,1,0.52
P19518,BA_INT,E3516,5,1,1.42
P19519,BA_INT,E3516,5,1,2.34
P19520,BA_INT,E3516,5,1,0.58
P19521,BA_INT,E3516,5,1,1.61
P19522,BA_INT,E3516,5,1,0.56
P19523,BA_INT,E3516,5,1,1.45
P19524,BA_INT,E3516,5,1,1.43
P19525,BA_INT,E3516,5,1,2.71
P19526,JA,E3516,5,1,2.09
P19529,BA_INT,E3516,5,1,2.26
P19530,BA_INT,E3516,5,1,1.39
P19531,BA_INT,E3516,5,1,0.53
P19532,BA_INT,E3516,5,1,1.21
P19533,JA,E3516,5,1,0.77
P19535,BA_INT,E3516,5,1,1.43
P19536,JA,E3516,5,1,2.09
P19537,BA_INT,E3516,5,1,2.61
P19538,BA_INT,E3516,5,1,2.91
P19539,JA,E3516,5,1,1.31
P19540,JA,E3516,5,1,1.05
P19541,BA_INT,E3516,5,1,1.44
P19542,BA_INT,E3516,5,1,2.23
P19543,BA_INT,E3516,5,1,2.73
P19544,MA_ROTA,E3517,2,2,2.01
P19545,MA_ROTA,E3518,2,2,0.35
P19546,BA_SINT,E3519,4,1,0.34
P19547,BA_SINT,E3519,4,1,0.68
P19548,BA_SINT,E3519,4,1,0.41
P19550,BA_INT,E3519,4,1,0.34
P19551,BA_SINT,E3519,4,1,1.43
P19553,BA_INT,E3519,4,1,0.87
P19554,BA_INT,E3519,4,1,0.57
P19555,BA_INT,E3519,4,1,1.06
P19556,BA_INT,E3519,4,1,0.85
P19557,JA,E3519,4,1,0.31
P19558,BA_SINT,E3519,4,1,0.66
P19560,BA_SINT,E3519,4,1,0.31
P19561,BA_INT,E3519,4,1,1.8
P19562,BA_INT,E3519,4,1,0.82
P19563,BA_INT,E3519,4,1,1.09
P19564,BA_SINT,E3519,4,1,0.5
P19565,JA,E3519,4,1,1.16
P19566,BA_INT,E3519,4,1,0.86
P19567,BA_SINT,E3519,4,1,0.93
P19571,JA,E3519,4,1,1.06
P19572,BA_SINT,E3519,4,1,0.12
P19573,BA_INT,E3519,4,1,0.99
P19574,BA_INT,E3519,4,1,0.92
P19575,BA_INT,E3519,4,1,1.52
P19577,JA,E3519,4,1,0.26
P19580,BA_INT,E3519,4,1,0.34
P19581,JA,E3519,4,1,0.46
P19582,BA_INT,E3519,4,1,0.29
P19583,BA_SINT,E3519,4,1,1.02
P19584,BA_INT,E3519,4,1,0.74
P19585,BA_SINT,E3519,4,1,0.45
P19587,BA_INT,E3519,4,1,0.48
P19588,BA_INT,E3519,4,1,0.57
P19589,BA_INT,E3519,4,1,1.1
P19590,BA_INT,E3519,4,1,0.41
P19591,BA_SINT,E3519,4,1,1.51
P19592,BA_SINT,E3519,4,1,0.4
P19593,BA_INT,E3519,4,1,1.52
P19597,BA_SINT,E3519,4,1,0.96
P19598,BA_SINT,E3519,4,1,1.03
P19599,BA_SINT,E3519,4,1,0.56
P19600,JA,E3519,4,1,0.82
P19601,BA_INT,E3520,5,1,0.37
P19602,BA_INT,E3520,5,1,1.05
P19603,JA,E3520,5,1,0.86
P19605,BA_INT,E3520,5,1,1.11
P19606,BA_INT,E3520,5,1,0.74
P19607,BA_INT,E3520,5,1,4.11
P19608,JA,E3520,5,1,0.46
P19609,BA_INT,E3520,5,1,0.92
P19610,BA_INT,E3520,5,1,0.86
P19611,JA,E3520,5,1,0.95
P19612,BA_INT,E3520,5,1,0.16
P19613,JA,E3520,5,1,0.46
P19614,BA_INT,E3520,5,1,0.47
P19615,JA,E3520,5,1,0.41
P19616,JA,E3520,5,1,0.39
P19617,BA_INT,E3520,5,1,1.07
P19618,BA_INT,E3520,5,1,0.65
P19619,BA_INT,E3520,5,1,0.46
P19621,BA_INT,E3520,5,1,2.8
P19622,BA_INT,E3520,5,1,2.36
P19623,BA_INT,E3520,5,1,1.22
P19624,BA_INT,E3520,5,1,1.32
P19625,BA_INT,E3520,5,1,1.49
P19626,JA,E3520,5,1,0.39
P19627,BA_INT,E3520,5,1,1.45
P19628,BA_INT,E3520,5,1,0.75
P19630,BA_INT,E3520,5,1,0.97
P19631,BA_INT,E3520,5,1,0.2
P19633,BA_INT,E3520,5,1,1.79
P19641,BA_INT,E3520,5,1,1.54
P19644,BA_INT,E3520,5,1,0.38
P19646,BA_INT,E3520,5,1,0.56
P19648,BA_INT,E3520,5,1,1.06
P19649,JA,E3520,5,1,0.96
P19650,BA_INT,E3520,5,1,0.85
P19652,BA_INT,E3520,5,1,1.42
P19653,BA_INT,E3520,5,1,1.01
P19654,JA,E3520,5,1,0.46
P19655,BA_INT,E3520,5,1,0.63
P19656,BA_INT,E3520,5,1,0.21
P19657,JA,E3520,5,1,0.36
P19659,BA_INT,E3520,5,1,1.29
P19660,BA_INT,E3520,5,1,0.78
P19661,JA,E3520,5,1,0.67
P19662,BA_INT,E3520,5,1,1.15
P19663,JA,E3520,5,1,0.3
P19664,JA,E3520,5,1,0.42
P19665,JA,E3520,5,1,0.75
P19666,BA_INT,E3520,5,1,0.38
P19667,BA_INT,E3520,5,1,1.51
P19668,PN_PIQ,E3521,2,2,0.67
P19669,PN_PIQ,E3521,2,2,0.49
P19670,IG_PLA,E3521,2,2,0.18
P19671,IG_PLA,E3521,2,2,0.15
P19672,BC_GTMG,E3522,2,2,1.29
P19673,BC_GTMG,E3522,2,2,0.2
P19674,BC_GTMG,E3522,2,2,1.42
P19675,PN_PIQ,E3523,2,2,0.9
P19676,BC_GTMG,E3523,2,2,1.01
P19677,PN_PIQ,E3523,2,2,0.84
P19678,PN_PIQ,E3523,2,2,1.18
P19679,PN_PIQ,E3523,2,2,1.81
P19680,BC_GTMG,E3523,2,2,0.51
P19681,PN_PIQ,E3523,2,2,0.49
P19682,BC_GTMG,E3523,2,2,0.8
P19683,MA_TO_CO_JA,E3524,4,1,2.32
P19684,MA_TO_CO_JA,E3524,4,1,0.43
P19685,MA_TO_CO_JA,E3524,4,1,0.41
P19686,MA_ROTA,E3525,4,1,1.54
P19687,PN_PIQ,E3526,3,2,3.24
P19688,PN_PIQ,E3526,3,2,1.18
P19689,PN_PIQ,E3526,3,2,0.94
P19690,PN_PIQ,E3526,3,2,0.46
P19691,BC_GTMG,E3527,3,2,3.09
P19692,IG_PLA,E3527,3,2,0.57
P19693,IG_PLA,E3527,3,2,1.54
P19695,IG_PLA,E3527,3,2,1.92
P19696,BC_GTMG,E3527,3,2,1.78
P19697,IG_PLA,E3527,3,2,0.78
P19698,IG_PLA,E3528,3,2,2.41
P19699,BC_GTMG,E3528,3,2,2.32
P19700,IG_PLA,E3528,3,2,0.54
P19701,IG_PLA,E3528,3,2,0.29
P19702,IG_PLA,E3528,3,2,0.17
P19703,IG_PLA,E3528,3,2,0.75
P19704,BC_GTMG,E3528,3,2,1.31
P19705,MA_TO_CO_JA,E3529,3,2,0.26
P19706,MA_ROTA,E3530,3,2,1.45
P19707,MA_ROTA,E3531,3,2,1.63
P19708,MA_ROTA,E3532,3,2,0.56
P19709,MA_ROTA,E3532,3,2,1.46
P19710,MA_ROTA,E3532,3,2,1.47
P19711,MA_ROTA,E3532,3,2,1.19
P19712,MA_ROTA,E3532,3,2,2.03
P19713,MA_ROTA,E3532,3,2,0.56
P19714,MA_ROTA,E3533,3,2,2.22
P19717,MA_ROTA,E3533,3,2,0.49
P19718,BC_GTMG,E3534,3,2,1.08
P19719,BC_GTMG,E3534,3,2,0.95
P19720,BC_GTMG,E3534,3,2,0.15
P19721,BC_GTMG,E3534,3,2,0.46
P19722,MA_TO_CO_JA,E3535,3,2,6.55
P19723,BC_GTMG,E3536,3,2,0.59
P19724,BC_GTMG,E3536,3,2,1.04
P19725,BC_GTMG,E3536,3,2,0.85
P19726,IG_PLA,E3536,3,2,0.54
P19727,IG_PLA,E3536,3,2,0.91
P19728,IG_PLA,E3536,3,2,0.42
P19729,IG_PLA,E3536,3,2,0.54
P19730,IG_PLA,E3536,3,2,1.35
P19731,BC_GTMG,E3537,3,2,1.01
P19732,BC_GTMG,E3537,3,2,0.63
P19733,BC_GTMG,E3537,3,2,0.36
P19734,IG_PLA,E3538,3,2,1.37
P19735,BC_GTMG,E3538,3,2,4.09
P19736,IG_PLA,E3538,3,2,0.82
P19737,IG_PLA,E3538,3,2,1.1
P19738,IG_PLA,E3538,3,2,3.18
P19739,MA_TO_CO_JA,E3539,3,2,0.82
P19740,MA_ROTA,E3540,1,2,1.33
P19741,MA_ROTA,E3540,1,2,0.06
P19742,MA_ROTA,E3540,1,2,1.87
P19743,MA_ROTA,E3540,1,2,0.06
P19744,MA_ROTA,E3540,1,2,1.8
P19745,MA_ROTA,E3540,1,2,0.55
P19746,IG_PLA,E3541,3,2,0.85
P19747,IG_PLA,E3541,3,2,2.43
P19748,BC_GTMG,E3541,3,2,1.72
P19749,IG_PLA,E3541,3,2,1.09
P19750,BC_GTMG,E3541,3,2,2.35
P19751,IG_PLA,E3541,3,2,0.6
P19752,IG_PLA,E3541,3,2,0.49
P19753,IG_PLA,E3541,3,2,0.61
P19754,IG_PLA,E3541,3,2,0.28
P19755,BC_GTMG,E3541,3,2,0.78
P19756,IG_PLA,E3541,3,2,0.98
P19757,MA_ROTA,E3542,3,2,6.17
P19758,MA_ROTA,E3542,3,2,11.86
P19759,MA_ROTA,E3542,3,2,5.94
P19760,MA_ROTA,E3542,3,2,3.74
P19761,MA_ROTA,E3542,3,2,9.21
P19762,MA_ROTA,E3542,3,2,1.31
P19763,MA_ROTA,E3542,3,2,1.06
P19764,MA_ROTA,E3542,3,2,6.56
P19765,MA_ROTA,E3542,3,2,1.3
P19767,MA_ROTA,E3542,3,2,13.96
P19768,MA_ROTA,E3542,3,2,5.03
P19769,MA_ROTA,E3543,2,2,1.32
P19770,MA_ROTA,E3543,3,2,9.65
P19771,MA_ROTA,E3543,2,2,0.81
P19772,MA_ROTA,E3543,2,2,2.68
P19773,MA_ROTA,E3543,2,2,1.6
P19774,MA_ROTA,E3543,2,2,0.31
P19775,MA_ROTA,E3543,2,2,0.22
P19776,MA_ROTA,E3543,2,2,0.73
P19777,MA_ROTA,E3543,2,2,2.82
P19778,MA_ROTA,E3543,3,2,1.44
P19779,MA_ROTA,E3543,3,2,3.99
P19780,MA_TO_CO_JA,E3543,3,2,2.85
P19781,MA_TO_CO_JA,E3543,3,2,2.89
P19782,MA_ROTA,E3543,2,2,1.86
P19783,MA_ROTA,E3543,3,2,14.91
P19784,MA_ROTA,E3543,3,2,11.18
P19785,MA_ROTA,E3543,3,2,2.08
P19786,MA_ROTA,E3543,3,2,3.72
P19787,MA_TO_CO_JA,E3543,3,2,3.14
P19788,MA_ROTA,E3543,3,2,1.6
P19789,MA_ROTA,E3543,3,2,6.77
P19790,MA_ROTA,E3543,2,2,0.76
P19791,MA_ROTA,E3543,3,2,2.39
P19792,MA_ROTA,E3543,3,2,1.34
P19793,MA_ROTA,E3543,3,2,1.73
P19794,MA_ROTA,E3543,2,2,3.94
P19795,MA_ROTA,E3543,2,2,0.65
P19796,MA_ROTA,E3543,3,2,2.97
P19797,MA_ROTA,E3543,3,2,3.31
P19798,MA_ROTA,E3543,2,2,0.22
P19799,MA_ROTA,E3543,2,2,0.52
P19800,MA_ROTA,E3543,2,2,0.07
P19801,MA_ROTA,E3543,2,2,3.35
P19802,MA_ROTA,E3543,2,2,0.65
P19804,MA_TO_CO_JA,E3544,4,1,4.4
P19805,MA_TO_CO_JA,E3544,4,1,2.17
P19806,MA_TO_CO_JA,E3544,4,1,2.67
P19809,MA_TO_CO_JA,E3544,4,1,2.73
P19810,MA_TO_CO_JA,E3544,4,1,3.56
P19811,MA_TO_CO_JA,E3544,4,1,1.59
P19812,MA_TO_CO_JA,E3544,4,1,1.07
P19813,MA_TO_CO_JA,E3544,4,1,1.7
P19815,MA_TO_CO_JA,E3544,4,1,0.75
P19816,MA_TO_CO_JA,E3544,4,1,4.93
P19817,MA_TO_CO_JA,E3544,4,1,3.3
P19818,MA_TO_CO_JA,E3544,4,1,0.46
P19819,MA_TO_CO_JA,E3544,4,1,0.2
P19820,MA_TO_CO_JA,E3544,4,1,0.11
P19821,MA_TO_CO_JA,E3544,4,1,0.59
P19822,MA_TO_CO_JA,E3544,4,1,1.26
P19824,MA_TO_CO_JA,E3544,5,1,1.34
P19826,MA_TO_CO_JA,E3544,4,1,3.11
P19827,MA_TO_CO_JA,E3544,4,1,2.49
P19828,MA_TO_CO_JA,E3544,4,1,2.02
P19829,MA_TO_CO_JA,E3544,4,1,2.16
P19830,MA_TO_CO_JA,E3544,4,1,9.43
P19831,MA_TO_CO_JA,E3544,4,1,0.82
P19832,MA_TO_CO_JA,E3544,4,1,2.63
P19833,MA_TO_CO_JA,E3544,4,1,7.7
P19834,MA_TO_CO_JA,E3544,4,1,0.37
P19835,MA_TO_CO_JA,E3544,4,1,9.63
P19836,BC_GTMG,E3545,2,2,0.08
P19837,IG_PLA,E3545,2,2,0.72
P19838,BC_GTMG,E3545,2,2,0.99
P19839,IG_PLA,E3545,2,2,0.67
P19840,BC_GTMG,E3545,2,2,0.38
P19841,IG_PLA,E3545,2,2,0.93
P19842,IG_PLA,E3545,2,2,0.2
P19843,IG_PLA,E3545,2,2,0.43
P19844,IG_PLA,E3545,2,2,0.91
P19845,IG_PLA,E3545,2,2,0.13
P19846,BC_GTMG,E3545,2,2,0.7
P19847,PN_PIQ,E3546,7,3,0.43
P19848,PN_PIQ,E3547,2,2,1.5
P19849,PN_PIQ,E3547,2,2,0.62
P19850,PN_PIQ,E3547,2,2,0.33
P19851,PN_PIQ,E3548,2,2,0.99
P19852,PN_PIQ,E3548,2,2,0.59
P19853,PN_PIQ,E3549,7,3,1.41
P19854,PN_PIQ,E3549,7,3,5.32
P19855,PN_PIQ,E3549,7,3,0.75
P19856,MA_ROTA,E3550,3,2,1.78
P19857,MA_ROTA,E3550,3,2,2.67
P19858,MA_ROTA,E3550,3,2,2.05
P19860,MA_ROTA,E3550,3,2,2.18
P19861,MA_ROTA,E3550,3,2,0.95
P19862,MA_ROTA,E3550,3,2,0.74
P19863,BC_GTMG,E3551,2,2,0.86
P19864,IG_PLA,E3551,2,2,0.09
P19865,IG_PLA,E3551,2,2,0.59
P19866,IG_PLA,E3551,2,2,0.63
P19867,IG_PLA,E3552,3,2,0.24
P19868,IG_PLA,E3552,3,2,1.22
P19869,IG_PLA,E3552,3,2,1.08
P19870,BC_GTMG,E3552,3,2,0.11
P19871,BC_GTMG,E3552,3,2,1.62
P19872,BC_GTMG,E3552,3,2,0.29
P19873,IG_PLA,E3552,3,2,0.1
P19874,IG_PLA,E3552,3,2,1.06
P19875,IG_PLA,E3552,3,2,1.32
P19876,BC_GTMG,E3552,3,2,1.02
P19878,MA_ROTA,E3553,5,1,1.01
P19880,BA_INT,E3553,5,1,0.63
P19881,BA_INT,E3553,5,1,0.64
P19882,BA_INT,E3553,5,1,0.63
P19884,JA,E3553,5,1,0.44
P19885,BA_INT,E3553,5,1,0.33
P19886,BA_INT,E3553,5,1,0.74
P19887,MA_ROTA,E3553,5,1,0.4
P19888,JA,E3553,5,1,0.21
P19889,MA_ROTA,E3553,5,1,0.23
P19891,PN_PIQ,E3554,2,2,1.51
P19892,PN_PIQ,E3555,5,1,1.31
P19893,PN_PIQ,E3555,5,1,0.73
P19894,PN_PIQ,E3555,5,1,0.23
P19895,PN_PIQ,E3556,2,2,2.06
P19896,PN_PIQ,E3557,6,1,2.52
P19897,PN_PIQ,E3557,6,1,4.14
P19898,PN_PIQ,E3558,2,2,0.64
P19899,PN_PIQ,E3558,2,2,1.54
P19900,PN_PIQ,E3558,2,2,1.69
P19901,PN_PIQ,E3558,2,2,2.57
P19902,PN_PIQ,E3558,2,2,0.57
P19903,PN_PIQ,E3558,2,2,3.08
P19904,PN_PIQ,E3559,2,2,1.15
P19905,PN_PIQ,E3559,2,2,0.35
P19906,PN_PIQ,E3559,2,2,0.69
P19907,PN_PIQ,E3559,2,2,0.27
P19908,PN_PIQ,E3559,2,2,0.62
P19909,PN_PIQ,E3559,2,2,0.69
P19910,PN_PIQ,E3560,2,2,0.68
P19911,PN_PIQ,E3560,2,2,2.64
P19912,PN_PIQ,E3560,2,2,0.71
P19913,PN_PIQ,E3561,2,2,2.37
P19914,PN_PIQ,E3561,2,2,2.08
P19915,PN_PIQ,E3562,2,2,9.24
P19916,BC_GTMG,E3563,2,2,1.06
P19917,BC_GTMG,E3563,2,2,0.6
P19918,BC_GTMG,E3563,2,2,0.44
P19919,BC_GTMG,E3563,2,2,0.3
P19920,MA_ROTA,E3564,6,1,1.5
P19921,MA_TO_CO_JA,E3564,6,1,0.56
P19922,MA_TO_CO_JA,E3564,6,1,1.24
P19923,MA_ROTA,E3564,5,1,0.28
P19924,PN_PIQ,E3565,4,1,0.46
P19925,PN_PIQ,E3565,4,1,1.31
P19926,PN_PIQ,E3565,4,1,0.58
P19927,MA_TO_CO_JA,E3566,6,1,0.29
P19929,MA_ROTA,E3567,5,1,0.6
P19930,MA_ROTA,E3567,5,1,1.09
P19931,MA_ROTA,E3567,5,1,0.24
P19932,MA_TO_CO_JA,E3568,6,1,0.17
P19933,MA_TO_CO_JA,E3568,6,1,0.19
P19934,MA_TO_CO_JA,E3568,6,1,0.18
P19935,MA_TO_CO_JA,E3568,6,1,0.02
P19936,MA_TO_CO_JA,E3568,6,1,1.03
P19937,MA_TO_CO_JA,E3568,6,1,0.02
P19938,MA_TO_CO_JA,E3568,6,1,0.08
P19939,MA_TO_CO_JA,E3568,6,1,0.08
P19940,MA_TO_CO_JA,E3568,6,1,0.05
P19941,MA_TO_CO_JA,E3568,6,1,0.45
P19942,MA_TO_CO_JA,E3568,6,1,0.07
P19943,MA_TO_CO_JA,E3568,6,1,0.02
P19944,MA_TO_CO_JA,E3568,6,1,0.08
P19945,MA_TO_CO_JA,E3568,6,1,0.08
P19946,PN_PIQ,E3569,2,2,1.98
P19947,PN_PIQ,E3569,2,2,2.53
P19948,MA_ROTA,E3570,4,1,5.03
P19949,MA_ROTA,E3570,4,1,0.66
P19952,MA_ROTA,E3570,4,1,0.7
P19953,MA_ROTA,E3570,4,1,0.2
P19954,MA_ROTA,E3570,4,1,0.18
P19955,MA_ROTA,E3570,4,1,0.54
P19956,MA_ROTA,E3570,4,1,0.15
P19957,MA_ROTA,E3571,2,2,0.77
P19958,PN_PIQ,E3572,3,2,1.73
P19959,PN_PIQ,E3573,2,2,1.15
P19960,PN_PIQ,E3574,2,2,0.78
P19961,PN_PIQ,E3575,1,2,1.52
P19962,MA_ROTA,E3576,6,1,1.01
P19965,MA_ROTA,E3577,3,2,0.91
P19967,MA_ROTA,E3578,6,1,1.38
P19968,IG_TUT,E3578,6,1,0.49
P19969,MA_ROTA,E3579,2,2,0.22
P19970,JA,E3580,5,1,0.6
P19972,BA_INT,E3580,5,1,0.56
P19976,IG_PLA,E3581,1,2,1.15
P19977,IG_PLA,E3581,1,2,1.2
P19978,BC_GTMG,E3581,1,2,0.29
P19979,IG_PLA,E3581,1,2,0.3
P19980,IG_PLA,E3581,1,2,0.16
P19981,BC_GTMG,E3581,1,2,0.11
P19982,IG_PLA,E3581,1,2,0.29
P19983,BC_GTMG,E3581,1,2,0.22
P19984,IG_PLA,E3581,1,2,1.28
P19985,BC_GTMG,E3581,1,2,2.01
P19986,IG_PLA,E3581,1,2,1.54
P19987,IG_PLA,E3581,1,2,1.28
P19988,IG_PLA,E3581,1,2,0.17
P19989,BC_GTMG,E3581,1,2,1.14
P19990,IG_PLA,E3581,1,2,0.61
P19991,BC_GTMG,E3581,1,2,1.57
P19992,MA_ROTA,E3582,5,1,0.37
P19993,VE_BTGT,E3582,5,1,0.12
P19994,MA_ROTA,E3582,5,1,1.08
P19995,MA_ROTA,E3582,5,1,0.48
P19996,PN_PIQ,E3583,7,3,0.55
P19997,PN_PIQ,E3583,7,3,0.91
P19998,PN_PIQ,E3583,7,3,0.28
P19999,PN_PIQ,E3584,2,2,1.12
P20000,PN_PIQ,E3585,2,2,0.85
P20001,PN_PIQ,E3585,2,2,0.54
P20002,PN_PIQ,E3585,2,2,0.9
P20003,PN_PIQ,E3585,2,2,0.21
P20005,PN_PIQ,E3585,2,2,0.46
P20006,BA_INT,E3586,6,1,0.75
P20007,BA_SINT,E3586,6,1,0.51
P20008,MA_TO_CO_JA,E3586,6,1,0.69
P20009,BA_SINT,E3586,6,1,0.45
P20010,BA_SINT,E3586,6,1,0.46
P20011,JA,E3586,6,1,0.36
P20012,MA_TO_CO_JA,E3586,6,1,0.7
P20013,MA_TO_CO_JA,E3586,6,1,0.53
P20014,BA_SINT,E3586,6,1,0.29
P20015,BA_SINT,E3586,6,1,0.34
P20017,BA_INT,E3586,6,1,0.9
P20018,MA_TO_CO_JA,E3586,6,1,0.94
P20019,JA,E3586,6,1,0.4
P20020,BA_SINT,E3586,6,1,0.32
P20024,BA_INT,E3586,6,1,1.06
P20025,MA_ROTA,E3587,2,2,1.31
P20026,MA_ROTA,E3588,2,2,0.45
P20027,MA_ROTA,E3588,2,2,0.54
P20028,MA_ROTA,E3588,2,2,0.61
P20029,MA_ROTA,E3588,2,2,0.32
P20030,MA_ROTA,E3588,2,2,0.56
P20031,MA_ROTA,E3589,1,2,0.77
P20032,MA_ROTA,E3589,1,2,0.44
P20033,BC_GTMG,E3590,2,2,0.6
P20034,BC_GTMG,E3590,2,2,1.69
P20035,BC_GTMG,E3590,2,2,1.2
P20036,BC_GTMG,E3590,2,2,2.84
P20037,PN_PIQ,E3590,3,2,1.02
P20038,PN_PIQ,E3590,3,2,0.45
P20039,MA_ROTA,E3591,2,2,1.36
P20040,MA_ROTA,E3591,2,2,0.69
P20041,BC_GTMG,E3592,2,2,0.43
P20042,BC_GTMG,E3592,2,2,0.38
P20043,BC_GTMG,E3592,2,2,0.07
P20044,IG_PLA,E3593,2,2,0.88
P20045,PN_PIQ,E3593,2,2,0.48
P20046,MA_ROTA,E3594,6,1,0.8
P20047,IG_TUT,E3594,6,1,0.44
P20048,IG_TUT,E3594,6,1,0.95
P20050,MA_ROTA,E3594,6,1,0.79
P20051,IG_PLA,E3595,3,2,0.13
P20052,IG_PLA,E3595,3,2,0.29
P20053,BC_GTMG,E3595,3,2,1.46
P20054,IG_PLA,E3595,3,2,0.2
P20055,IG_PLA,E3595,3,2,0.04
P20056,BC_GTMG,E3596,3,2,0.76
P20057,IG_PLA,E3596,3,2,1.0
P20058,BC_GTMG,E3596,3,2,2.61
P20059,IG_PLA,E3596,3,2,1.67
P20060,IG_PLA,E3596,3,2,1.0
P20061,BC_GTMG,E3596,3,2,0.97
P20062,IG_PLA,E3596,3,2,2.19
P20063,PN_PIQ,E3597,3,2,0.22
P20064,PN_PIQ,E3597,3,2,0.57
P20065,PN_PIQ,E3597,3,2,0.62
P20067,PN_PIQ,E3597,3,2,0.17
P20069,PN_PIQ,E3597,3,2,0.57
P20070,PN_PIQ,E3597,3,2,0.12
P20072,PN_PIQ,E3597,3,2,0.62
P20073,PN_PIQ,E3597,3,2,1.24
P20075,PN_PIQ,E3597,3,2,0.25
P20076,PN_PIQ,E3597,3,2,0.18
P20077,PN_PIQ,E3597,3,2,1.04
P20078,PN_PIQ,E3597,3,2,0.2
P20079,MA_TO_CO_JA,E3598,3,2,0.3
P20080,MA_ROTA,E3599,3,2,1.53
P20081,PN_PIQ,E3600,2,2,0.45
P20082,PN_PIQ,E3600,2,2,0.44
P20083,PN_PIQ,E3600,2,2,2.91
P20084,PN_PIQ,E3601,7,3,0.75
P20085,IG_PLA,E3601,7,3,0.31
P20086,IG_PLA,E3601,7,3,0.49
P20087,PN_PIQ,E3601,7,3,0.45
P20088,IG_PLA,E3601,7,3,0.44
P20089,IG_PLA,E3601,7,3,0.33
P20090,BC_GTMG,E3601,7,3,0.05
P20091,IG_PLA,E3601,7,3,0.22
P20092,MA_ROTA,E3602,3,2,5.52
P20093,MA_ROTA,E3603,3,2,1.16
P20094,PN_PIQ,E3604,2,2,3.13
P20095,IG_PLA,E3605,3,2,0.92
P20096,BC_GTMG,E3605,3,2,3.09
P20097,IG_PLA,E3605,3,2,1.0
P20098,IG_PLA,E3605,3,2,0.94
P20099,IG_PLA,E3605,3,2,0.14
P20100,BC_GTMG,E3605,3,2,0.45
P20101,IG_PLA,E3605,3,2,1.03
P20102,BC_GTMG,E3605,3,2,0.1
P20103,IG_PLA,E3605,3,2,0.36
P20104,BC_GTMG,E3605,3,2,0.45
P20105,BC_GTMG,E3605,3,2,0.19
P20106,BC_GTMG,E3605,3,2,0.19
P20107,IG_PLA,E3605,3,2,0.49
P20108,IG_PLA,E3606,3,2,1.0
P20109,BC_GTMG,E3606,3,2,1.06
P20110,IG_PLA,E3606,3,2,0.99
P20111,MA_ROTA,E3607,3,2,0.45
P20112,MA_ROTA,E3607,3,2,0.56
P20113,MA_ROTA,E3607,3,2,0.52
P20114,MA_ROTA,E3607,3,2,1.01
P20115,MA_ROTA,E3608,3,2,0.93
P20118,MA_ROTA,E3609,3,2,0.79
P20119,MA_ROTA,E3609,3,2,0.56
P20120,IG_PLA,E3610,3,2,0.93
P20121,BC_GTMG,E3610,3,2,1.27
P20122,BC_GTMG,E3610,3,2,0.81
P20123,IG_PLA,E3610,3,2,0.48
P20124,BC_GTMG,E3610,3,2,0.26
P20125,IG_PLA,E3610,3,2,0.49
P20126,IG_PLA,E3610,3,2,0.59
P20127,PN_PIQ,E3611,1,2,0.3
P20128,PN_PIQ,E3611,1,2,0.34
P20129,IG_PLA,E3612,2,2,0.81
P20130,BC_GTMG,E3612,2,2,1.06
P20131,IG_PLA,E3612,2,2,0.81
P20132,PN_PIQ,E3613,1,2,0.37
P20133,PN_PIQ,E3613,1,2,1.49
P20134,BC_GTMG,E3613,3,2,1.76
P20135,BC_GTMG,E3613,3,2,4.41
P20136,BC_GTMG,E3613,3,2,1.13
P20137,BC_GTMG,E3613,3,2,0.71
P20138,MA_ROTA,E3614,2,2,2.62
P20139,MA_TO_CO_JA,E3615,3,2,1.95
P20140,MA_TO_CO_JA,E3615,3,2,0.54
P20141,MA_TO_CO_JA,E3616,3,2,1.07
P20142,MA_TO_CO_JA,E3616,3,2,0.44
P20143,IG_PLA,E3617,3,2,0.62
P20144,IG_PLA,E3617,3,2,0.5
P20145,BC_GTMG,E3617,3,2,0.13
P20146,IG_PLA,E3617,3,2,0.89
P20147,BC_GTMG,E3617,3,2,0.76
P20148,BC_GTMG,E3617,3,2,1.01
P20149,IG_PLA,E3617,3,2,0.86
P20150,PN_PIQ,E3618,2,2,4.56
P20151,PN_PIQ,E3619,1,2,0.57
P20152,PN_PIQ,E3619,1,2,0.4
P20153,PN_PIQ,E3619,1,2,0.96
P20154,PN_PIQ,E3619,1,2,1.59
P20155,MA_ROTA,E3620,1,2,1.51
P20157,MA_ROTA,E3621,2,2,0.88
P20158,MA_ROTA,E3621,2,2,0.18
P20159,MA_ROTA,E3621,2,2,0.2
P20160,MA_ROTA,E3621,2,2,0.48
P20161,MA_ROTA,E3621,2,2,0.68
P20162,MA_ROTA,E3621,2,2,1.03
P20163,MA_ROTA,E3621,2,2,1.74
P20164,MA_ROTA,E3621,2,2,0.78
P20165,MA_ROTA,E3621,2,2,0.67
P20166,MA_ROTA,E3621,2,2,0.54
P20167,MA_ROTA,E3621,2,2,1.33
P20169,MA_ROTA,E3622,5,1,0.06
P20170,MA_ROTA,E3623,2,2,1.61
P20171,IG_PLA,E3624,2,2,0.5
P20172,MA_ROTA,E3624,2,2,0.33
P20174,IG_PLA,E3624,2,2,1.67
P20175,IG_PLA,E3624,2,2,0.41
P20176,IG_PLA,E3624,2,2,0.3
P20177,MA_ROTA,E3624,2,2,0.48
P20178,IG_PLA,E3624,2,2,0.11
P20179,MA_ROTA,E3624,2,2,1.81
P20180,MA_ROTA,E3624,2,2,0.73
P20181,MA_ROTA,E3624,2,2,0.54
P20182,IG_PLA,E3624,2,2,1.21
P20183,IG_PLA,E3624,2,2,0.12
P20184,MA_ROTA,E3624,2,2,0.26
P20185,MA_ROTA,E3624,2,2,0.71
P20187,IG_PLA,E3624,2,2,0.87
P20188,IG_PLA,E3624,2,2,0.49
P20189,IG_PLA,E3624,2,2,0.82
P20190,IG_PLA,E3624,2,2,0.75
P20191,IG_PLA,E3624,2,2,0.41
P20192,BC_GTMG,E3625,1,2,0.31
P20194,BC_GTMG,E3625,1,2,0.09
P20195,BC_GTMG,E3625,1,2,1.44
P20196,BC_GTMG,E3625,1,2,0.41
P20197,BC_GTMG,E3625,1,2,1.32
P20198,BC_GTMG,E3625,1,2,0.31
P20199,BC_GTMG,E3625,1,2,0.49
P20201,BC_GTMG,E3625,1,2,0.27
P20202,BC_GTMG,E3625,1,2,0.32
P20203,PN_PIQ,E3626,4,1,0.95
P20204,PN_PIQ,E3626,4,1,0.15
P20205,MA_TO_CO_JA,E3627,4,1,1.36
P20206,MA_TO_CO_JA,E3627,6,1,2.78
P20208,MA_TO_CO_JA,E3627,6,1,1.01
P20209,MA_TO_CO_JA,E3627,4,1,1.38
P20210,MA_TO_CO_JA,E3627,4,1,0.22
P20213,MA_TO_CO_JA,E3627,4,1,0.11
P20215,MA_TO_CO_JA,E3627,4,1,0.98
P20216,MA_ROTA,E3628,2,2,1.44
P20217,BC_GTMG,E3629,2,2,0.23
P20218,IG_PLA,E3629,2,2,1.2
P20219,BC_GTMG,E3629,2,2,0.57
P20220,MA_TO_CO_JA,E3630,4,1,0.98
P20221,MA_TO_CO_JA,E3631,4,1,0.93
P20222,MA_TO_CO_JA,E3632,4,1,1.11
P20223,AN_PA,E3633,4,1,0.18
P20224,AN_PA,E3633,4,1,3.23
P20225,IG_TUT,E3633,4,1,0.22
P20226,IG_TUT,E3633,4,1,0.9
P20227,IG_TUT,E3633,4,1,0.67
P20228,IG_TUT,E3633,4,1,1.35
P20229,IG_TUT,E3633,4,1,0.92
P20230,IG_TUT,E3633,4,1,0.78
P20231,IG_TUT,E3633,4,1,0.62
P20232,IG_TUT,E3633,4,1,0.21
P20233,IG_TUT,E3633,4,1,0.65
P20234,BC_BT,E3633,4,1,0.2
P20235,AN_PA,E3633,4,1,0.1
P20236,IG_TUT,E3633,4,1,0.32
P20237,IG_TUT,E3634,4,1,1.18
P20238,BC_BT,E3634,4,1,0.66
P20240,IG_TUT,E3636,4,1,1.05
P20241,MA_ROTA,E3636,4,1,1.02
P20242,PN_PIQ,E3637,2,2,1.64
P20243,PN_PIQ,E3637,2,2,0.62
P20244,PN_PIQ,E3637,2,2,1.01
P20245,PN_PIQ,E3637,2,2,0.7
P20246,PN_PIQ,E3637,2,2,0.47
P20247,PN_PIQ,E3637,2,2,0.24
P20248,PN_PIQ,E3638,5,1,0.5
P20250,PN_PIQ,E3638,3,2,6.99
P20252,PN_PIQ,E3639,7,3,0.06
P20253,PN_PIQ,E3639,7,3,0.22
P20254,PN_PIQ,E3639,7,3,0.12
P20255,PN_PIQ,E3639,7,3,1.42
P20256,PN_PIQ,E3639,7,3,0.4
P20257,PN_PIQ,E3640,7,3,0.41
P20258,PN_PIQ,E3640,7,3,0.2
P20259,PN_PIQ,E3640,7,3,0.63
P20260,PN_PIQ,E3640,7,3,2.39
P20261,PN_PIQ,E3640,7,3,0.07
P20262,PN_PIQ,E3640,7,3,0.4
P20264,MA_TO_CO_JA,E3641,7,3,0.65
P20265,MA_TO_CO_JA,E3641,7,3,0.24
P20266,PN_PIQ,E3642,7,3,1.32
P20267,IG_PLA,E3642,7,3,0.35
P20268,MA_TO_CO_JA,E3643,7,3,0.91
P20269,MA_TO_CO_JA,E3643,7,3,0.71
P20270,MA_TO_CO_JA,E3643,7,3,0.37
P20271,MA_TO_CO_JA,E3644,7,3,1.61
P20272,MA_TO_CO_JA,E3644,7,3,0.89
P20273,MA_TO_CO_JA,E3644,7,3,0.32
P20274,PN_PIQ,E3645,7,3,0.07
P20275,PN_PIQ,E3645,7,3,0.12
P20276,PN_PIQ,E3645,7,3,0.24
P20277,PN_PIQ,E3645,7,3,0.17
P20278,PN_PIQ,E3645,7,3,0.32
P20279,PN_PIQ,E3645,7,3,0.11
P20280,PN_PIQ,E3645,7,3,2.54
P20281,PN_PIQ,E3645,7,3,0.45
P20282,PN_PIQ,E3645,7,3,0.11
P20283,PN_PIQ,E3645,7,3,0.15
P20284,PN_PIQ,E3645,7,3,0.15
P20285,MA_TO_CO_JA,E3646,7,3,0.84
P20286,MA_TO_CO_JA,E3647,7,3,1.39
P20287,IG_PLA,E3648,7,3,0.49
P20288,PN_PIQ,E3648,7,3,0.21
P20289,IG_PLA,E3648,7,3,0.15
P20290,PN_PIQ,E3648,7,3,0.13
P20291,MA_TO_CO_JA,E3649,7,3,0.69
P20292,IG_PLA,E3650,7,3,0.36
P20293,PN_PIQ,E3650,7,3,0.66
P20294,IG_PLA,E3650,7,3,0.75
P20295,MA_TO_CO_JA,E3651,7,3,0.17
P20296,MA_TO_CO_JA,E3651,7,3,0.21
P20297,MA_TO_CO_JA,E3651,7,3,0.07
P20298,MA_TO_CO_JA,E3651,7,3,0.21
P20299,MA_TO_CO_JA,E3652,7,3,0.64
P20300,MA_TO_CO_JA,E3652,7,3,0.17
P20301,MA_TO_CO_JA,E3652,7,3,0.28
P20302,MA_TO_CO_JA,E3652,7,3,0.45
P20303,MA_TO_CO_JA,E3652,7,3,0.39
P20304,PN_PIQ,E3653,7,3,1.28
P20305,PN_PIQ,E3653,7,3,2.38
P20306,PN_PIQ,E3653,7,3,1.1
P20307,PN_PIQ,E3653,7,3,0.74
P20308,PN_PIQ,E3653,7,3,1.56
P20309,PN_PIQ,E3654,7,3,0.23
P20310,PN_PIQ,E3654,7,3,0.49
P20311,PN_PIQ,E3654,7,3,0.66
P20312,PN_PIQ,E3654,7,3,1.27
P20313,BC_GTMG,E3655,7,3,0.13
P20314,IG_PLA,E3655,7,3,0.12
P20315,IG_PLA,E3655,7,3,0.66
P20316,IG_PLA,E3655,7,3,0.28
P20317,PN_PIQ,E3655,7,3,0.49
P20318,PN_PIQ,E3656,7,3,0.55
P20319,PN_PIQ,E3656,7,3,0.4
P20320,PN_PIQ,E3656,7,3,0.45
P20321,PN_PIQ,E3656,7,3,0.24
P20322,PN_PIQ,E3656,7,3,0.51
P20323,PN_PIQ,E3657,7,3,0.37
P20324,PN_PIQ,E3657,7,3,0.3
P20325,PN_PIQ,E3657,7,3,0.57
P20326,PN_PIQ,E3657,7,3,0.17
P20327,PN_PIQ,E3658,7,3,0.2
P20328,PN_PIQ,E3658,7,3,0.43
P20329,PN_PIQ,E3658,7,3,2.12
P20330,PN_PIQ,E3658,7,3,0.24
P20331,PN_PIQ,E3658,7,3,0.14
P20332,PN_PIQ,E3659,7,3,0.07
P20333,PN_PIQ,E3659,7,3,0.32
P20334,PN_PIQ,E3659,7,3,0.51
P20335,PN_PIQ,E3659,7,3,0.17
P20336,PN_PIQ,E3660,7,3,0.3
P20337,PN_PIQ,E3660,7,3,0.71
P20338,PN_PIQ,E3660,7,3,0.26
P20339,PN_PIQ,E3660,7,3,0.14
P20340,PN_PIQ,E3660,7,3,0.09
P20341,MA_TO_CO_JA,E3661,7,3,0.64
P20342,MA_TO_CO_JA,E3661,7,3,0.94
P20343,MA_TO_CO_JA,E3662,7,3,0.61
P20344,MA_TO_CO_JA,E3662,7,3,1.92
P20345,MA_TO_CO_JA,E3662,7,3,1.17
P20346,MA_TO_CO_JA,E3662,7,3,0.32
P20347,MA_TO_CO_JA,E3662,7,3,0.27
P20348,MA_TO_CO_JA,E3662,7,3,2.29
P20349,MA_TO_CO_JA,E3662,7,3,2.44
P20350,MA_TO_CO_JA,E3662,7,3,0.43
P20351,MA_TO_CO_JA,E3662,7,3,0.65
P20352,MA_TO_CO_JA,E3662,7,3,0.5
P20353,MA_TO_CO_JA,E3662,7,3,0.6
P20354,PN_PIQ,E3663,7,3,0.44
P20355,PN_PIQ,E3663,7,3,0.38
P20356,PN_PIQ,E3663,7,3,1.92
P20357,PN_PIQ,E3663,7,3,0.26
P20358,BC_GTMG,E3663,7,3,0.21
P20359,PN_PIQ,E3663,7,3,0.43
P20360,MA_TO_CO_JA,E3664,7,3,0.41
P20361,MA_TO_CO_JA,E3664,7,3,0.47
P20362,MA_TO_CO_JA,E3664,7,3,0.8
P20364,MA_TO_CO_JA,E3664,7,3,0.36
P20367,MA_TO_CO_JA,E3664,7,3,0.24
P20368,MA_TO_CO_JA,E3664,7,3,0.65
P20370,MA_TO_CO_JA,E3664,7,3,0.55
P20371,MA_TO_CO_JA,E3664,7,3,0.3
P20372,MA_TO_CO_JA,E3664,7,3,0.33
P20373,MA_TO_CO_JA,E3664,7,3,0.37
P20374,MA_TO_CO_JA,E3664,7,3,0.2
P20375,MA_TO_CO_JA,E3664,7,3,0.17
P20376,MA_TO_CO_JA,E3664,7,3,0.29
P20377,MA_TO_CO_JA,E3664,7,3,0.13
P20378,MA_TO_CO_JA,E3664,7,3,0.5
P20379,MA_TO_CO_JA,E3664,7,3,1.09
P20380,MA_TO_CO_JA,E3664,7,3,0.56
P20381,MA_TO_CO_JA,E3664,7,3,0.66
P20382,MA_TO_CO_JA,E3664,7,3,0.81
P20383,MA_TO_CO_JA,E3664,7,3,1.05
P20384,MA_TO_CO_JA,E3664,7,3,0.9
P20385,MA_TO_CO_JA,E3664,7,3,0.47
P20386,MA_TO_CO_JA,E3664,7,3,0.66
P20387,MA_TO_CO_JA,E3664,7,3,0.78
P20388,MA_TO_CO_JA,E3664,7,3,0.84
P20389,MA_TO_CO_JA,E3664,7,3,0.24
P20390,MA_TO_CO_JA,E3664,7,3,0.19
P20391,MA_TO_CO_JA,E3664,7,3,1.03
P20392,MA_TO_CO_JA,E3664,7,3,0.84
P20393,MA_TO_CO_JA,E3664,7,3,0.91
P20394,MA_TO_CO_JA,E3664,7,3,0.52
P20395,MA_TO_CO_JA,E3664,7,3,0.24
P20396,MA_TO_CO_JA,E3664,7,3,0.38
P20398,MA_TO_CO_JA,E3664,7,3,1.39
P20399,MA_TO_CO_JA,E3664,7,3,0.8
P20400,MA_TO_CO_JA,E3664,7,3,0.38
P20401,MA_TO_CO_JA,E3664,7,3,0.65
P20402,MA_TO_CO_JA,E3664,7,3,0.43
P20403,MA_TO_CO_JA,E3664,7,3,0.36
P20404,MA_TO_CO_JA,E3664,7,3,3.17
P20405,MA_TO_CO_JA,E3664,7,3,0.68
P20406,MA_TO_CO_JA,E3664,7,3,1.07
P20407,MA_TO_CO_JA,E3664,7,3,0.49
P20408,MA_TO_CO_JA,E3664,7,3,0.43
P20409,MA_TO_CO_JA,E3664,7,3,0.7
P20410,MA_TO_CO_JA,E3664,7,3,0.25
P20411,MA_TO_CO_JA,E3664,7,3,0.19
P20412,MA_TO_CO_JA,E3664,7,3,0.4
P20415,MA_TO_CO_JA,E3664,7,3,0.99
P20416,MA_TO_CO_JA,E3664,7,3,0.59
P20418,MA_TO_CO_JA,E3664,7,3,0.98
P20420,MA_TO_CO_JA,E3664,7,3,0.22
P20421,MA_TO_CO_JA,E3664,7,3,0.47
P20422,MA_TO_CO_JA,E3664,7,3,0.42
P20423,MA_TO_CO_JA,E3664,7,3,0.48
P20424,MA_TO_CO_JA,E3664,7,3,0.35
P20425,MA_TO_CO_JA,E3664,7,3,0.08
P20426,MA_TO_CO_JA,E3664,7,3,0.24
P20427,MA_TO_CO_JA,E3664,7,3,0.1
P20428,MA_TO_CO_JA,E3664,7,3,0.6
P20429,MA_TO_CO_JA,E3664,7,3,0.89
P20430,MA_TO_CO_JA,E3664,7,3,0.27
P20431,MA_TO_CO_JA,E3664,7,3,1.41
P20432,MA_TO_CO_JA,E3664,7,3,0.49
P20433,MA_TO_CO_JA,E3664,7,3,0.23
P20434,MA_TO_CO_JA,E3664,7,3,0.22
P20436,MA_TO_CO_JA,E3664,7,3,0.23
P20438,MA_TO_CO_JA,E3664,7,3,0.41
P20439,MA_TO_CO_JA,E3664,7,3,0.58
P20440,MA_TO_CO_JA,E3664,7,3,0.58
P20442,MA_TO_CO_JA,E3664,7,3,0.67
P20444,MA_TO_CO_JA,E3664,7,3,0.57
P20446,MA_TO_CO_JA,E3664,7,3,1.35
P20447,MA_TO_CO_JA,E3664,7,3,0.56
P20448,MA_TO_CO_JA,E3664,7,3,0.47
P20449,MA_TO_CO_JA,E3664,7,3,0.46
P20450,MA_TO_CO_JA,E3664,7,3,0.67
P20452,MA_TO_CO_JA,E3664,7,3,0.53
P20453,MA_TO_CO_JA,E3664,7,3,0.45
P20454,MA_TO_CO_JA,E3664,7,3,1.24
P20456,MA_TO_CO_JA,E3664,7,3,0.79
P20458,MA_TO_CO_JA,E3664,7,3,0.73
P20460,MA_TO_CO_JA,E3664,7,3,0.35
P20461,MA_TO_CO_JA,E3664,7,3,0.29
P20465,MA_TO_CO_JA,E3664,7,3,0.18
P20466,MA_TO_CO_JA,E3664,7,3,1.5
P20467,MA_TO_CO_JA,E3664,7,3,0.57
P20468,MA_TO_CO_JA,E3664,7,3,0.65
P20469,MA_TO_CO_JA,E3664,7,3,0.92
P20470,MA_TO_CO_JA,E3664,7,3,0.37
P20475,MA_TO_CO_JA,E3664,7,3,0.32
P20476,BC_GTMG,E3665,3,2,2.73
P20477,BC_GTMG,E3665,3,2,0.44
P20478,BC_GTMG,E3665,3,2,1.44
P20479,BC_GTMG,E3665,3,2,2.91
P20480,BC_GTMG,E3665,3,2,1.25
P20481,MA_ROTA,E3666,3,2,1.54
P20482,MA_ROTA,E3666,3,2,0.17
P20490,MA_ROTA,E3668,3,2,1.37
P20494,MA_ROTA,E3668,3,2,5.51
P20496,IG_PLA,E3669,3,2,1.66
P20497,BC_GTMG,E3669,3,2,2.31
P20498,BC_GTMG,E3669,3,2,1.49
P20499,IG_PLA,E3669,3,2,0.25
P20500,IG_PLA,E3669,3,2,0.83
P20501,IG_PLA,E3669,2,2,0.89
P20502,BC_GTMG,E3670,3,2,0.27
P20503,BC_GTMG,E3670,3,2,1.9
P20504,BC_GTMG,E3670,3,2,1.41
P20505,BC_GTMG,E3670,3,2,0.12
P20506,BC_GTMG,E3670,3,2,0.99
P20507,BC_GTMG,E3670,3,2,1.06
P20508,BC_GTMG,E3670,3,2,0.73
P20509,BC_GTMG,E3670,3,2,0.95
P20510,BC_GTMG,E3670,3,2,1.09
P20511,BC_GTMG,E3670,3,2,0.31
P20512,BC_GTMG,E3670,3,2,0.52
P20513,BC_GTMG,E3670,3,2,0.11
P20514,MA_ROTA,E3671,3,2,2.42
P20515,MA_ROTA,E3671,3,2,3.88
P20516,MA_ROTA,E3671,3,2,0.67
P20517,MA_ROTA,E3671,3,2,1.09
P20519,MA_ROTA,E3671,3,2,1.28
P20520,MA_TO_CO_JA,E3672,7,3,0.62
P20521,MA_TO_CO_JA,E3672,7,3,0.12
P20522,MA_TO_CO_JA,E3672,7,3,0.22
P20523,MA_TO_CO_JA,E3673,7,3,0.65
P20524,MA_TO_CO_JA,E3673,7,3,0.41
P20525,MA_TO_CO_JA,E3673,7,3,1.14
P20526,MA_TO_CO_JA,E3673,7,3,0.29
P20527,MA_TO_CO_JA,E3673,7,3,0.46
P20528,PN_PIQ,E3674,3,2,0.56
P20529,PN_PIQ,E3674,3,2,1.44
P20530,PN_PIQ,E3674,3,2,2.15
P20531,PN_PIQ,E3674,3,2,1.5
P20532,PN_PIQ,E3674,3,2,1.39
P20533,PN_PIQ,E3674,3,2,0.64
P20534,PN_PIQ,E3674,3,2,0.68
P20535,PN_PIQ,E3674,3,2,3.3
P20536,PN_PIQ,E3674,3,2,1.64
P20538,PN_PIQ,E3674,3,2,1.27
P20539,MA_TO_CO_JA,E3675,7,3,1.14
P20540,MA_ROTA,E3676,3,2,0.41
P20541,MA_ROTA,E3676,3,2,0.58
P20542,MA_ROTA,E3676,3,2,0.28
P20543,MA_ROTA,E3676,3,2,0.65
P20544,MA_ROTA,E3676,3,2,0.55
P20545,MA_ROTA,E3676,3,2,0.26
P20546,MA_ROTA,E3676,3,2,1.93
P20547,MA_ROTA,E3676,3,2,0.55
P20548,MA_ROTA,E3676,3,2,0.35
P20549,MA_ROTA,E3676,3,2,0.64
P20550,MA_ROTA,E3676,3,2,0.7
P20551,MA_ROTA,E3676,3,2,0.72
P20552,MA_ROTA,E3676,3,2,1.3
P20553,MA_ROTA,E3677,4,1,0.25
P20554,MA_ROTA,E3677,4,1,0.96
P20555,MA_ROTA,E3677,4,1,1.34
P20556,MA_ROTA,E3677,4,1,0.27
P20557,MA_ROTA,E3677,4,1,1.89
P20558,MA_ROTA,E3677,4,1,0.26
P20559,MA_ROTA,E3677,4,1,0.92
P20560,MA_ROTA,E3677,4,1,0.51
P20562,MA_ROTA,E3677,4,1,0.59
P20564,MA_ROTA,E3678,2,2,0.58
P20565,MA_ROTA,E3678,2,2,0.67
P20566,MA_ROTA,E3678,2,2,0.55
P20567,MA_ROTA,E3678,2,2,0.32
P20568,MA_ROTA,E3678,2,2,0.45
P20569,MA_ROTA,E3678,2,2,1.67
P20570,MA_ROTA,E3678,2,2,1.28
P20571,MA_ROTA,E3678,2,2,0.53
P20572,BC_GTMG,E3679,2,2,0.94
P20573,BC_GTMG,E3679,2,2,0.46
P20574,BC_GTMG,E3679,2,2,1.17
P20575,BC_GTMG,E3679,2,2,0.68
P20576,BC_GTMG,E3679,2,2,0.23
P20577,MA_ROTA,E3680,2,2,0.83
P20578,MA_ROTA,E3680,2,2,1.41
P20579,MA_ROTA,E3680,2,2,0.88
P20580,MA_ROTA,E3680,2,2,1.02
P20581,MA_ROTA,E3680,2,2,0.32
P20582,MA_ROTA,E3680,2,2,0.3
P20583,MA_ROTA,E3680,2,2,0.18
P20584,MA_ROTA,E3680,2,2,0.37
P20585,MA_ROTA,E3680,2,2,0.05
P20586,MA_ROTA,E3680,2,2,0.65
P20587,MA_ROTA,E3680,2,2,0.11
P20588,MA_ROTA,E3681,2,2,1.82
P20589,IG_PLA,E3682,2,2,0.76
P20590,IG_PLA,E3682,2,2,0.08
P20591,IG_PLA,E3682,2,2,0.08
P20593,IG_PLA,E3682,2,2,0.86
P20594,MA_ROTA,E3682,2,2,0.34
P20595,MA_ROTA,E3682,2,2,0.2
P20596,MA_ROTA,E3683,3,2,2.33
P20597,MA_ROTA,E3683,3,2,0.2
P20598,MA_ROTA,E3683,3,2,1.78
P20599,MA_ROTA,E3683,3,2,1.05
P20600,MA_ROTA,E3683,3,2,1.55
P20601,MA_ROTA,E3684,3,2,4.23
P20602,BC_GTMG,E3685,2,2,0.57
P20603,BC_GTMG,E3685,2,2,0.35
P20604,BC_GTMG,E3685,2,2,0.01
P20605,BC_GTMG,E3685,2,2,0.11
P20606,BC_GTMG,E3685,2,2,0.11
P20607,BC_GTMG,E3685,2,2,0.19
P20608,MA_TO_CO_JA,E3686,3,2,0.79
P20609,MA_TO_CO_JA,E3686,3,2,0.54
P20610,MA_TO_CO_JA,E3686,3,2,0.1
P20611,MA_TO_CO_JA,E3687,3,2,1.04
P20613,MA_ROTA,E3688,3,2,0.89
P20614,MA_ROTA,E3688,3,2,0.7
P20616,MA_ROTA,E3689,3,2,1.08
P20617,MA_ROTA,E3689,3,2,0.87
P20618,MA_ROTA,E3689,3,2,1.76
P20620,MA_ROTA,E3689,3,2,0.27
P20621,MA_ROTA,E3689,3,2,1.29
P20622,MA_ROTA,E3689,3,2,2.74
P20623,MA_TO_CO_JA,E3690,4,1,0.6
P20624,BA_SINT,E3691,5,1,0.79
P20626,BA_SINT,E3691,5,1,0.53
P20627,BA_PER,E3691,5,1,0.14
P20628,BA_SINT,E3691,5,1,0.25
P20630,BA_PER,E3691,5,1,0.35
P20631,BA_SINT,E3691,5,1,0.31
P20632,BA_PER,E3691,5,1,0.46
P20633,BA_SINT,E3691,5,1,0.54
P20634,JA,E3691,5,1,0.12
P20636,JA,E3691,5,1,0.43
P20637,MA_ROTA,E3692,3,2,0.84
P20639,MA_ROTA,E3692,3,2,3.77
P20640,MA_ROTA,E3692,3,2,1.58
P20641,MA_ROTA,E3692,3,2,0.19
P20643,MA_ROTA,E3692,3,2,0.56
P20644,MA_ROTA,E3692,3,2,0.07
P20645,MA_ROTA,E3693,5,1,1.39
P20646,MA_ROTA,E3693,5,1,1.96
P20648,MA_ROTA,E3693,5,1,3.57
P20649,MA_ROTA,E3693,5,1,0.11
P20650,MA_ROTA,E3693,5,1,0.42
P20651,MA_ROTA,E3693,5,1,0.39
P20652,PN_PIQ,E3694,7,3,0.2
P20653,PN_PIQ,E3694,7,3,2.6
P20654,PN_PIQ,E3695,2,2,2.55
P20655,PN_PIQ,E3696,1,2,2.63
P20656,PN_PIQ,E3697,2,2,1.27
P20657,PN_PIQ,E3698,2,2,3.64
P20658,PN_PIQ,E3699,3,2,0.96
P20659,PN_PIQ,E3699,3,2,0.4
P20660,PN_PIQ,E3699,3,2,0.35
P20661,PN_PIQ,E3699,3,2,1.96
P20662,PN_PIQ,E3699,3,2,0.62
P20663,PN_PIQ,E3699,3,2,0.38
P20664,PN_PIQ,E3700,5,1,5.0
P20665,PN_PIQ,E3700,5,1,0.63
P20666,PN_PIQ,E3700,5,1,1.18
P20667,PN_PIQ,E3701,4,1,0.62
P20668,PN_PIQ,E3701,4,1,0.55
P20669,BC_GTMG,E3702,3,2,0.94
P20670,IG_PLA,E3702,3,2,0.49
P20671,IG_PLA,E3702,3,2,0.8
P20673,BC_GTMG,E3702,3,2,0.32
P20675,IG_PLA,E3702,3,2,1.74
P20676,BC_GTMG,E3702,3,2,0.17
P20677,BC_GTMG,E3702,3,2,0.73
P20678,BC_GTMG,E3703,2,2,1.55
P20679,IG_PLA,E3703,3,2,0.22
P20680,MA_TO_CO_JA,E3704,2,2,0.91
P20681,MA_TO_CO_JA,E3704,2,2,1.09
P20682,PN_PIQ,E3705,3,2,0.58
P20683,PN_PIQ,E3705,3,2,0.75
P20684,PN_PIQ,E3705,3,2,0.56
P20685,PN_PIQ,E3705,3,2,0.72
P20686,PN_PIQ,E3705,3,2,0.09
P20687,MA_TO_CO_JA,E3706,4,1,1.2
P20688,MA_TO_CO_JA,E3706,4,1,0.89
P20689,BC_GTMG,E3707,2,2,1.59
P20690,BC_GTMG,E3707,2,2,0.77
P20691,BC_GTMG,E3707,2,2,1.78
P20692,BC_GTMG,E3707,2,2,0.87
P20693,BC_GTMG,E3707,2,2,0.31
P20694,PN_PIQ,E3708,2,2,0.93
P20695,PN_PIQ,E3709,4,1,0.91
P20696,PN_PIQ,E3709,4,1,1.05
P20697,MA_TO_CO_JA,E3710,4,1,1.83
P20698,MA_TO_CO_JA,E3710,4,1,2.44
P20699,MA_ROTA,E3711,3,2,2.1
P20700,MA_TO_CO_JA,E3712,6,1,0.27
P20701,MA_TO_CO_JA,E3712,6,1,1.08
P20702,PN_PIQ,E3713,2,2,0.9
P20704,PN_PIQ,E3713,2,2,0.7
P20705,PN_PIQ,E3713,2,2,0.1
P20706,PN_PIQ,E3713,2,2,0.08
P20708,PN_PIQ,E3713,2,2,1.63
P20709,MA_TO_CO_JA,E3714,6,1,7.23
P20710,MA_ROTA,E3715,3,2,4.48
P20711,MA_ROTA,E3715,3,2,0.09
P20712,MA_ROTA,E3715,3,2,1.14
P20713,MA_ROTA,E3715,3,2,0.24
P20714,MA_ROTA,E3715,3,2,1.67
P20715,BC_GTMG,E3716,3,2,1.53
P20716,IG_PLA,E3716,3,2,0.37
P20717,MA_TO_CO_JA,E3717,3,2,0.68
P20720,IG_PLA,E3718,3,2,3.15
P20721,BC_GTMG,E3718,3,2,1.84
P20722,IG_PLA,E3718,3,2,0.35
P20723,IG_PLA,E3718,3,2,1.97
P20724,BC_GTMG,E3718,3,2,1.0
P20725,BC_GTMG,E3718,3,2,0.67
P20726,BC_GTMG,E3718,3,2,0.17
P20727,MA_TO_CO_JA,E3719,3,2,0.67
P20728,MA_TO_CO_JA,E3719,3,2,0.37
P20729,PN_PIQ,E3720,3,2,2.65
P20730,PN_PIQ,E3721,7,3,4.66
P20731,MA_TO_CO_JA,E3722,4,1,0.48
P20732,MA_ROTA,E3722,4,1,1.01
P20733,MA_TO_CO_JA,E3722,4,1,0.85
P20734,MA_TO_CO_JA,E3722,4,1,0.59
P20735,MA_TO_CO_JA,E3722,4,1,0.1
P20736,MA_TO_CO_JA,E3722,4,1,0.32
P20737,MA_TO_CO_JA,E3722,4,1,0.03
P20738,MA_TO_CO_JA,E3722,4,1,0.06
P20741,MA_TO_CO_JA,E3722,4,1,0.47
P20742,IG_PLA,E3723,1,2,0.14
P20743,BC_GTMG,E3723,1,2,1.19
P20744,BC_GTMG,E3723,1,2,0.73
P20745,IG_PLA,E3723,1,2,0.49
P20746,BC_GTMG,E3723,1,2,0.21
P20747,IG_PLA,E3723,1,2,0.46
P20748,IG_PLA,E3723,1,2,1.58
P20752,MA_ROTA,E3724,1,2,1.89
P20753,MA_ROTA,E3724,1,2,1.43
P20754,MA_ROTA,E3724,1,2,0.35
P20755,MA_ROTA,E3724,1,2,0.9
P20757,PN_PIQ,E3725,1,2,0.56
P20758,PN_PIQ,E3725,1,2,0.2
P20759,PN_PIQ,E3725,1,2,0.49
P20760,PN_PIQ,E3725,1,2,0.18
P20761,PN_PIQ,E3725,1,2,1.49
P20763,PN_PIQ,E3725,1,2,0.16
P20765,PN_PIQ,E3725,1,2,0.6
P20766,PN_PIQ,E3725,1,2,1.65
P20767,PN_PIQ,E3725,1,2,2.19
P20768,PN_PIQ,E3725,1,2,0.02
P20769,BC_GTMG,E3726,2,2,2.21
P20770,IG_PLA,E3726,2,2,1.02
P20771,MA_ROTA,E3727,3,2,0.87
P20772,PN_PIQ,E3728,2,2,1.75
P20773,PN_PIQ,E3728,2,2,0.2
P20774,PN_PIQ,E3728,2,2,0.38
P20775,PN_PIQ,E3729,7,3,2.73
P20776,PN_PIQ,E3729,7,3,0.56
P20777,PN_PIQ,E3729,7,3,2.07
P20778,MA_ROTA,E3730,3,2,0.38
P20779,BC_GTMG,E3731,3,2,0.47
P20780,IG_PLA,E3731,3,2,0.93
P20781,IG_PLA,E3731,3,2,2.45
P20782,BC_GTMG,E3731,3,2,1.5
P20783,PN_PIQ,E3732,4,1,1.79
P20784,PN_PIQ,E3732,4,1,1.94
P20785,PN_PIQ,E3733,1,2,1.59
P20786,PN_PIQ,E3733,1,2,1.65
P20787,PN_PIQ,E3734,2,2,2.14
P20788,PN_PIQ,E3735,2,2,2.42
P20789,PN_PIQ,E3735,1,2,0.27
P20790,PN_PIQ,E3735,1,2,0.45
P20791,PN_PIQ,E3735,1,2,0.47
P20792,MA_ROTA,E3736,3,2,0.09
P20793,MA_ROTA,E3736,3,2,0.45
P20794,MA_ROTA,E3736,3,2,0.04
P20795,MA_ROTA,E3736,3,2,0.36
P20796,MA_ROTA,E3736,3,2,0.34
P20797,MA_ROTA,E3736,3,2,0.09
P20798,MA_ROTA,E3736,3,2,0.04
P20800,MA_ROTA,E3736,3,2,0.05
P20801,MA_ROTA,E3736,3,2,0.22
P20802,MA_ROTA,E3736,3,2,0.21
P20803,MA_ROTA,E3736,3,2,0.35
P20804,MA_ROTA,E3736,3,2,0.29
P20805,MA_ROTA,E3736,3,2,0.05
P20806,MA_ROTA,E3736,3,2,0.1
P20807,MA_ROTA,E3736,3,2,0.2
P20808,MA_ROTA,E3737,5,1,1.43
P20809,MA_ROTA,E3737,5,1,0.69
P20810,MA_ROTA,E3737,5,1,0.66
P20811,MA_ROTA,E3737,5,1,0.69
P20812,MA_ROTA,E3737,5,1,0.52
P20813,BA_INT,E3737,5,1,0.76
P20814,BA_INT,E3737,5,1,0.58
P20815,JA,E3737,5,1,0.38
P20816,MA_TO_CO_JA,E3738,7,3,1.11
P20817,MA_TO_CO_JA,E3738,7,3,0.6
P20818,MA_TO_CO_JA,E3738,7,3,0.6
P20819,PN_PIQ,E3739,4,1,1.55
P20820,PN_PIQ,E3739,4,1,0.52
P20821,PN_PIQ,E3739,4,1,2.07
P20822,PN_PIQ,E3740,6,1,0.31
P20823,PN_PIQ,E3740,6,1,0.93
P20824,PN_PIQ,E3740,6,1,1.31
P20825,PN_PIQ,E3740,6,1,0.62
P20826,BC_BT,E3740,6,1,0.86
P20827,PN_PIQ,E3740,6,1,1.04
P20828,BC_GTMG,E3740,2,2,1.67
P20829,BC_GTMG,E3740,2,2,2.44
P20830,BC_GTMG,E3740,2,2,0.55
P20831,MA_TO_CO_JA,E3741,5,1,0.5
P20832,MA_TO_CO_JA,E3741,5,1,2.51
P20833,MA_ROTA,E3741,5,1,2.03
P20834,MA_TO_CO_JA,E3742,4,1,1.87
P20835,MA_TO_CO_JA,E3742,4,1,0.92
P20836,CS_BT_NIM,E3743,4,1,1.15
P20837,IG_TUT,E3743,4,1,0.32
P20838,MA_ROTA,E3744,4,1,0.73
P20839,MA_ROTA,E3744,4,1,0.85
P20840,MA_ROTA,E3744,4,1,0.6
P20841,MA_ROTA,E3744,4,1,0.16
P20842,MA_ROTA,E3744,4,1,4.03
P20844,MA_ROTA,E3744,4,1,2.69
P20845,MA_ROTA,E3744,4,1,3.16
P20846,MA_TO_CO_JA,E3745,4,1,1.0
P20847,MA_ROTA,E3746,4,1,0.34
P20848,MA_ROTA,E3746,4,1,4.37
P20849,MA_ROTA,E3746,4,1,0.36
P20850,MA_ROTA,E3746,4,1,3.31
P20851,MA_ROTA,E3747,3,2,0.26
P20852,MA_ROTA,E3747,3,2,0.5
P20853,MA_ROTA,E3747,3,2,0.45
P20854,MA_ROTA,E3747,3,2,1.03
P20856,MA_ROTA,E3748,3,2,0.28
P20857,PN_PIQ,E3749,3,2,0.85
P20858,BC_GTMG,E3749,3,2,0.35
P20859,BC_GTMG,E3749,3,2,1.05
P20860,BC_GTMG,E3749,3,2,0.65
P20861,BC_GTMG,E3749,3,2,0.08
P20862,BC_GTMG,E3750,2,2,0.98
P20863,BC_GTMG,E3750,2,2,0.66
P20864,BC_GTMG,E3750,2,2,0.86
P20865,BC_GTMG,E3750,2,2,0.74
P20866,BC_GTMG,E3750,2,2,0.48
P20867,BC_GTMG,E3750,2,2,0.93
P20868,BC_GTMG,E3750,2,2,0.22
P20869,BC_GTMG,E3750,2,2,0.83
P20870,BC_GTMG,E3750,2,2,0.24
P20871,PN_PIQ,E3751,2,2,0.36
P20872,PN_PIQ,E3751,2,2,0.39
P20873,PN_PIQ,E3751,2,2,0.2
P20874,PN_PIQ,E3752,1,2,0.34
P20875,PN_PIQ,E3752,2,2,1.32
P20876,PN_PIQ,E3752,1,2,1.65
P20880,MA_TO_CO_JA,E3754,7,3,1.06
P20881,MA_TO_CO_JA,E3754,7,3,0.34
P20882,BC_GTMG,E3755,2,2,0.49
P20883,BC_GTMG,E3755,2,2,0.2
P20884,BC_GTMG,E3755,2,2,0.72
P20885,BC_GTMG,E3755,2,2,0.9
P20886,BC_GTMG,E3755,2,2,0.23
P20887,MA_ROTA,E3756,3,2,1.02
P20888,MA_TO_CO_JA,E3756,3,2,0.67
P20889,MA_ROTA,E3756,3,2,0.99
P20890,MA_TO_CO_JA,E3756,3,2,0.13
P20891,MA_ROTA,E3757,2,2,1.59
P20892,MA_ROTA,E3757,2,2,0.74
P20893,PN_PIQ,E3758,2,2,0.73
P20894,PN_PIQ,E3758,2,2,1.57
P20895,MA_ROTA,E3759,2,2,0.64
P20896,MA_TO_CO_JA,E3760,4,1,2.79
P20897,MA_TO_CO_JA,E3760,4,1,1.3
P20898,MA_TO_CO_JA,E3760,4,1,1.43
P20899,MA_TO_CO_JA,E3760,4,1,0.88
P20900,IG_TUT,E3761,4,1,0.44
P20901,CS_BT_NIM,E3761,4,1,0.32
P20902,IG_TUT,E3761,4,1,0.13
P20903,MA_ROTA,E3762,3,2,0.27
P20904,MA_ROTA,E3762,3,2,2.46
P20905,MA_ROTA,E3762,3,2,0.18
P20906,MA_ROTA,E3762,3,2,1.27
P20907,MA_ROTA,E3762,3,2,0.57
P20908,MA_ROTA,E3762,3,2,1.09
P20909,MA_ROTA,E3762,3,2,0.86
P20910,MA_ROTA,E3762,3,2,0.77
P20911,MA_ROTA,E3762,3,2,0.12
P20912,MA_ROTA,E3762,3,2,1.71
P20913,MA_ROTA,E3762,3,2,1.01
P20914,MA_TO_CO_JA,E3763,4,1,1.55
P20915,PN_PIQ,E3764,3,2,1.6
P20917,PN_PIQ,E3764,3,2,5.39
P20918,PN_PIQ,E3764,3,2,1.12
P20919,PN_PIQ,E3764,3,2,2.17
P20920,PN_PIQ,E3764,3,2,4.16
P20921,PN_PIQ,E3764,3,2,8.79
P20922,MA_TO_CO_JA,E3765,4,1,0.4
P20924,MA_TO_CO_JA,E3765,4,1,0.22
P20925,MA_TO_CO_JA,E3765,4,1,0.08
P20926,MA_TO_CO_JA,E3765,4,1,0.41
P20927,MA_TO_CO_JA,E3765,4,1,0.17
P20928,MA_TO_CO_JA,E3765,4,1,0.62
P20929,BC_GTMG,E3766,3,2,2.02
P20930,IG_PLA,E3766,3,2,2.11
P20931,IG_PLA,E3766,3,2,0.33
P20932,IG_PLA,E3766,3,2,0.14
P20933,BC_GTMG,E3766,3,2,1.87
P20934,IG_PLA,E3766,3,2,0.68
P20935,IG_PLA,E3766,3,2,0.62
P20936,BC_GTMG,E3766,3,2,0.44
P20937,MA_TO_CO_JA,E3767,5,1,0.7
P20939,MA_TO_CO_JA,E3767,5,1,0.23
P20940,MA_TO_CO_JA,E3767,5,1,0.38
P20941,MA_TO_CO_JA,E3767,5,1,0.22
P20942,MA_TO_CO_JA,E3767,5,1,0.18
P20946,PN_PIQ,E3768,2,2,1.0
P20947,PN_PIQ,E3768,2,2,0.75
P20948,MA_ROTA,E3769,2,2,0.92
P20949,MA_ROTA,E3770,2,2,0.78
P20950,MA_ROTA,E3770,2,2,1.5
P20951,MA_ROTA,E3771,2,2,1.29
P20952,MA_ROTA,E3771,2,2,0.79
P20954,MA_ROTA,E3771,2,2,0.51
P20955,MA_ROTA,E3771,2,2,0.49
P20956,MA_TO_CO_JA,E3772,4,1,1.78
P20957,MA_TO_CO_JA,E3772,4,1,1.4
P20958,MA_TO_CO_JA,E3772,4,1,1.45
P20959,MA_TO_CO_JA,E3772,4,1,1.84
P20960,MA_ROTA,E3773,2,2,1.22
P20961,MA_ROTA,E3774,4,1,1.13
P20962,MA_ROTA,E3774,4,1,0.67
P20963,MA_ROTA,E3774,4,1,0.28
P20964,MA_ROTA,E3774,4,1,0.63
P20965,MA_ROTA,E3774,4,1,0.23
P20966,MA_ROTA,E3774,4,1,1.36
P20967,MA_ROTA,E3774,4,1,0.19
P20968,MA_ROTA,E3774,4,1,0.16
P20969,BC_GTMG,E3775,3,2,0.38
P20970,IG_PLA,E3775,3,2,1.33
P20971,IG_PLA,E3775,3,2,1.33
P20972,BC_GTMG,E3775,3,2,2.52
P20973,IG_PLA,E3775,3,2,1.03
P20974,IG_PLA,E3775,3,2,0.92
P20975,IG_PLA,E3775,3,2,0.16
P20976,BC_GTMG,E3775,3,2,2.05
P20977,IG_PLA,E3775,3,2,1.97
P20978,IG_PLA,E3775,3,2,0.36
P20979,IG_PLA,E3775,3,2,0.69
P20980,IG_PLA,E3775,3,2,0.27
P20981,IG_PLA,E3775,3,2,0.16
P20982,IG_PLA,E3775,3,2,0.26
P20983,MA_ROTA,E3776,3,2,0.25
P20984,MA_ROTA,E3776,3,2,0.86
P20986,MA_ROTA,E3776,3,2,0.51
P20987,MA_ROTA,E3776,3,2,0.46
P20988,MA_ROTA,E3776,3,2,1.35
P20989,MA_ROTA,E3776,3,2,1.54
P20990,MA_ROTA,E3776,3,2,1.06
P20992,IG_PLA,E3777,7,3,1.47
P20993,PN_PIQ,E3777,7,3,0.49
P20994,IG_PLA,E3777,7,3,0.39
P20995,PN_PIQ,E3777,7,3,0.88
P20996,IG_PLA,E3777,7,3,0.34
P20997,PN_PIQ,E3777,7,3,0.27
P20998,BC_GTMG,E3777,7,3,0.05
P20999,BC_GTMG,E3777,7,3,0.16
P21000,PN_PIQ,E3778,7,3,0.39
P21001,PN_PIQ,E3778,7,3,0.41
P21002,PN_PIQ,E3778,7,3,0.43
P21003,PN_PIQ,E3778,7,3,0.81
P21004,PN_PIQ,E3779,7,3,0.93
P21005,PN_PIQ,E3779,7,3,0.15
P21006,PN_PIQ,E3779,7,3,1.35
P21007,IG_PLA,E3780,7,3,0.55
P21008,PN_PIQ,E3780,7,3,0.38
P21009,PN_PIQ,E3780,7,3,0.39
P21010,IG_PLA,E3780,7,3,0.17
P21011,PN_PIQ,E3781,7,3,2.29
P21012,PN_PIQ,E3781,7,3,0.61
P21013,PN_PIQ,E3781,7,3,0.26
P21014,PN_PIQ,E3781,7,3,0.02
P21015,MA_TO_CO_JA,E3782,7,3,1.12
P21016,MA_TO_CO_JA,E3783,7,3,0.69
P21017,PN_PIQ,E3784,7,3,0.41
P21018,PN_PIQ,E3784,7,3,0.47
P21019,PN_PIQ,E3784,7,3,2.02
P21020,PN_PIQ,E3784,7,3,0.38
P21021,PN_PIQ,E3784,7,3,2.46
P21022,MA_TO_CO_JA,E3785,4,1,0.28
P21023,MA_TO_CO_JA,E3786,7,3,1.04
P21024,MA_TO_CO_JA,E3786,7,3,1.9
P21025,MA_TO_CO_JA,E3786,7,3,1.45
P21026,MA_TO_CO_JA,E3786,7,3,0.26
P21027,MA_TO_CO_JA,E3786,7,3,0.3
P21028,MA_TO_CO_JA,E3786,7,3,0.92
P21029,MA_TO_CO_JA,E3786,7,3,0.32
P21030,MA_ROTA,E3787,3,2,0.56
P21031,MA_ROTA,E3787,3,2,0.79
P21033,MA_TO_CO_JA,E3789,7,3,0.92
P21034,MA_TO_CO_JA,E3790,6,1,1.72
P21035,MA_TO_CO_JA,E3790,6,1,0.3
P21036,MA_ROTA,E3791,5,1,3.0
P21037,MA_TO_CO_JA,E3792,7,3,1.02
P21038,PN_PIQ,E3793,7,3,0.21
P21039,PN_PIQ,E3793,7,3,0.35
P21040,IG_PLA,E3793,7,3,0.21
P21041,IG_PLA,E3793,7,3,0.42
P21042,PN_PIQ,E3793,7,3,0.8
P21043,IG_PLA,E3793,7,3,0.91
P21044,IG_PLA,E3793,7,3,0.23
P21045,IG_PLA,E3793,7,3,0.27
P21046,MA_TO_CO_JA,E3794,4,1,1.39
P21047,MA_TO_CO_JA,E3794,4,1,3.86
P21048,MA_TO_CO_JA,E3794,4,1,0.72
P21049,MA_TO_CO_JA,E3794,4,1,1.08
P21050,MA_TO_CO_JA,E3794,4,1,4.67
P21051,MA_TO_CO_JA,E3794,4,1,0.95
P21052,MA_TO_CO_JA,E3794,4,1,2.41
P21053,MA_TO_CO_JA,E3794,4,1,0.63
P21054,MA_TO_CO_JA,E3794,4,1,2.25
P21055,MA_TO_CO_JA,E3794,4,1,2.14
P21056,MA_TO_CO_JA,E3794,4,1,2.52
P21057,MA_TO_CO_JA,E3794,4,1,3.32
P21058,MA_TO_CO_JA,E3794,4,1,1.56
P21059,MA_TO_CO_JA,E3794,4,1,0.43
P21060,MA_TO_CO_JA,E3794,4,1,3.37
P21061,MA_TO_CO_JA,E3794,4,1,0.96
P21062,MA_TO_CO_JA,E3794,4,1,0.33
P21063,MA_TO_CO_JA,E3794,4,1,0.35
P21064,MA_TO_CO_JA,E3794,4,1,0.53
P21066,MA_TO_CO_JA,E3794,4,1,1.92
P21067,MA_TO_CO_JA,E3794,4,1,2.03
P21068,MA_TO_CO_JA,E3794,4,1,0.41
P21069,MA_TO_CO_JA,E3794,4,1,0.44
P21070,MA_TO_CO_JA,E3794,4,1,0.59
P21071,MA_TO_CO_JA,E3794,4,1,8.26
P21072,MA_TO_CO_JA,E3794,4,1,4.18
P21073,MA_TO_CO_JA,E3794,4,1,0.48
P21074,MA_TO_CO_JA,E3794,4,1,1.85
P21075,MA_TO_CO_JA,E3794,4,1,0.1
P21076,MA_TO_CO_JA,E3794,4,1,1.15
P21077,MA_TO_CO_JA,E3794,4,1,2.23
P21078,MA_TO_CO_JA,E3794,4,1,3.45
P21079,MA_TO_CO_JA,E3794,4,1,8.05
P21080,MA_TO_CO_JA,E3794,4,1,6.75
P21081,MA_TO_CO_JA,E3794,4,1,3.03
P21082,MA_TO_CO_JA,E3794,4,1,3.92
P21083,BC_BT,E3795,5,1,1.52
P21084,BC_BT,E3795,5,1,4.18
P21085,BC_BT,E3795,5,1,2.25
P21086,BC_BT,E3795,5,1,3.44
P21087,BC_BT,E3795,5,1,0.37
P21088,BC_BT,E3795,5,1,3.9
P21089,BC_BT,E3795,5,1,0.87
P21090,BC_BT,E3795,5,1,0.57
P21091,PN_PIQ,E3796,7,3,0.34
P21092,PN_PIQ,E3796,7,3,0.3
P21093,PN_PIQ,E3796,7,3,0.17
P21094,PN_PIQ,E3796,7,3,0.2
P21095,PN_PIQ,E3796,7,3,1.14
P21096,PN_PIQ,E3796,7,3,0.52
P21097,PN_PIQ,E3796,7,3,0.25
P21098,PN_PIQ,E3796,7,3,0.26
P21099,PN_PIQ,E3797,7,3,0.76
P21100,PN_PIQ,E3797,7,3,0.6
P21101,IG_PLA,E3797,7,3,0.15
P21102,IG_PLA,E3797,7,3,0.15
P21103,IG_PLA,E3797,7,3,0.4
P21104,MA_ROTA,E3798,3,2,3.03
P21105,MA_ROTA,E3798,3,2,0.05
P21106,MA_ROTA,E3798,3,2,5.02
P21107,MA_ROTA,E3798,3,2,2.12
P21108,MA_ROTA,E3798,3,2,0.52
P21109,IG_TUT,E3799,4,1,0.25
P21110,MA_ROTA,E3799,4,1,2.81
P21112,MA_TO_CO_JA,E3800,3,2,1.86
P21113,MA_TO_CO_JA,E3800,3,2,0.9
P21114,MA_TO_CO_JA,E3800,3,2,0.54
P21116,MA_ROTA,E3800,3,2,0.84
P21117,BC_GTMG,E3801,3,2,2.17
P21118,BC_GTMG,E3801,3,2,0.3
P21119,BC_GTMG,E3801,3,2,0.86
P21120,BC_GTMG,E3801,3,2,3.5
P21121,BC_GTMG,E3801,3,2,1.4
P21122,BC_GTMG,E3801,3,2,0.26
P21123,MA_TO_CO_JA,E3802,4,1,0.79
P21129,MA_TO_CO_JA,E3802,4,1,0.82
P21130,MA_TO_CO_JA,E3802,4,1,1.26
P21131,MA_TO_CO_JA,E3802,4,1,0.54
P21132,MA_TO_CO_JA,E3802,4,1,0.42
P21133,MA_ROTA,E3803,2,2,0.7
P21134,MA_ROTA,E3803,2,2,0.12
P21135,MA_ROTA,E3803,2,2,0.45
P21136,MA_TO_CO_JA,E3804,3,2,4.68
P21137,MA_ROTA,E3805,3,2,0.16
P21138,MA_ROTA,E3805,3,2,2.6
P21139,MA_ROTA,E3805,3,2,0.87
P21140,MA_ROTA,E3805,3,2,0.43
P21141,MA_TO_CO_JA,E3806,7,3,1.05
P21142,BA_INT,E3807,5,1,2.0
P21144,BA_INT,E3807,5,1,2.14
P21146,BA_INT,E3807,5,1,4.42
P21147,MA_ROTA,E3807,5,1,1.34
P21148,BA_INT,E3807,5,1,1.57
P21149,MA_ROTA,E3807,5,1,1.72
P21150,JA,E3807,5,1,2.12
P21151,MA_ROTA,E3808,3,2,0.11
P21152,MA_ROTA,E3808,3,2,1.29
P21153,MA_ROTA,E3808,3,2,1.17
P21154,MA_ROTA,E3808,3,2,0.2
P21157,MA_ROTA,E3809,5,1,1.0
P21158,MA_ROTA,E3809,5,1,1.28
P21160,MA_TO_CO_JA,E3810,6,1,0.5
P21161,MA_ROTA,E3811,5,1,0.59
P21162,MA_ROTA,E3811,5,1,1.01
P21165,MA_ROTA,E3811,5,1,0.62
P21166,PN_PIQ,E3812,4,1,1.75
P21167,MA_TO_CO_JA,E3813,7,3,1.53
P21168,IG_PLA,E3814,7,3,0.24
P21169,IG_PLA,E3814,7,3,0.38
P21170,IG_PLA,E3814,7,3,0.6
P21171,IG_PLA,E3814,7,3,0.35
P21172,PN_PIQ,E3814,7,3,0.9
P21173,PN_PIQ,E3814,7,3,0.4
P21174,IG_PLA,E3814,7,3,0.2
P21175,PN_PIQ,E3815,7,3,0.13
P21176,PN_PIQ,E3815,7,3,0.7
P21177,PN_PIQ,E3815,7,3,0.56
P21178,PN_PIQ,E3815,7,3,0.21
P21179,PN_PIQ,E3815,7,3,0.55
P21180,PN_PIQ,E3815,7,3,0.11
P21181,PN_PIQ,E3815,7,3,0.21
P21182,PN_PIQ,E3815,7,3,1.98
P21183,PN_PIQ,E3815,7,3,0.07
P21184,PN_PIQ,E3815,7,3,0.16
P21185,MA_TO_CO_JA,E3816,7,3,1.78
P21186,MA_TO_CO_JA,E3816,7,3,1.58
P21187,MA_TO_CO_JA,E3816,7,3,0.65
P21188,MA_TO_CO_JA,E3816,7,3,0.47
P21189,MA_TO_CO_JA,E3816,7,3,0.44
P21190,MA_TO_CO_JA,E3816,7,3,0.56
P21191,MA_TO_CO_JA,E3816,7,3,0.68
P21192,MA_TO_CO_JA,E3816,7,3,0.58
P21193,IG_PLA,E3817,7,3,0.17
P21194,IG_PLA,E3817,7,3,0.12
P21195,IG_PLA,E3817,7,3,1.44
P21196,PN_PIQ,E3817,7,3,0.57
P21197,PN_PIQ,E3817,7,3,0.71
P21198,MA_TO_CO_JA,E3818,7,3,1.07
P21199,PN_PIQ,E3819,2,2,0.41
P21200,PN_PIQ,E3819,2,2,1.1
P21201,PN_PIQ,E3819,2,2,0.38
P21202,PN_PIQ,E3819,2,2,0.4
P21203,PN_PIQ,E3820,1,2,0.5
P21204,PN_PIQ,E3820,1,2,0.36
P21205,PN_PIQ,E3820,1,2,0.91
P21206,PN_PIQ,E3820,1,2,0.45
P21207,PN_PIQ,E3821,2,2,8.58
P21208,PN_PIQ,E3822,1,2,0.24
P21209,PN_PIQ,E3822,1,2,0.23
P21210,PN_PIQ,E3822,1,2,1.88
P21211,BA_INT,E3823,5,1,0.48
P21212,JA,E3823,5,1,0.5
P21213,MA_TO_CO_JA,E3823,5,1,0.48
P21215,BA_INT,E3823,5,1,1.31
P21216,MA_TO_CO_JA,E3823,5,1,0.63
P21217,MA_TO_CO_JA,E3823,5,1,0.91
P21218,JA,E3823,5,1,0.13
P21219,MA_TO_CO_JA,E3823,5,1,0.6
P21220,BA_INT,E3823,5,1,1.3
P21221,JA,E3823,5,1,0.1
P21222,MA_ROTA,E3824,6,1,0.93
P21223,MA_ROTA,E3825,2,2,1.63
P21224,PN_PIQ,E3826,2,2,1.35
P21225,MA_ROTA,E3827,2,2,1.19
P21226,MA_ROTA,E3827,2,2,1.14
P21227,CS_BT_NIM,E3828,4,1,1.38
P21228,IG_TUT,E3828,4,1,0.3
P21229,MA_TO_CO_JA,E3829,4,1,1.98
P21230,MA_TO_CO_JA,E3830,4,1,2.35
P21231,MA_TO_CO_JA,E3830,4,1,0.12
P21232,MA_TO_CO_JA,E3831,4,1,0.43
P21233,MA_TO_CO_JA,E3831,4,1,1.97
P21234,MA_TO_CO_JA,E3831,4,1,0.22
P21235,MA_TO_CO_JA,E3831,4,1,0.92
P21236,MA_TO_CO_JA,E3831,4,1,0.73
P21237,IG_TUT,E3832,4,1,0.76
P21238,CS_BT_NIM,E3832,4,1,0.63
P21239,IG_TUT,E3832,4,1,0.4
P21240,CS_BT_NIM,E3833,4,1,0.7
P21241,CS_BT_NIM,E3833,4,1,1.42
P21242,IG_TUT,E3833,4,1,0.28
P21243,IG_TUT,E3833,4,1,0.18
P21244,IG_TUT,E3833,4,1,0.29
P21245,IG_TUT,E3833,4,1,0.17
P21246,IG_TUT,E3833,4,1,0.85
P21247,IG_TUT,E3833,4,1,0.85
P21248,PN_PIQ,E3834,4,1,1.32
P21249,PN_PIQ,E3834,4,1,0.97
P21250,PN_PIQ,E3834,4,1,0.26
P21251,MA_TO_CO_JA,E3835,4,1,2.05
P21252,PN_PIQ,E3836,2,2,0.63
P21253,PN_PIQ,E3837,1,2,1.74
P21254,PN_PIQ,E3837,1,2,1.05
P21255,PN_PIQ,E3837,1,2,0.26
P21256,PN_PIQ,E3837,1,2,0.25
P21257,PN_PIQ,E3837,1,2,1.95
P21258,PN_PIQ,E3837,1,2,0.73
P21259,PN_PIQ,E3837,1,2,0.75
P21260,PN_PIQ,E3837,1,2,2.01
P21261,PN_PIQ,E3838,2,2,1.24
P21263,PN_PIQ,E3840,2,2,1.27
P21264,PN_PIQ,E3840,2,2,0.81
P21265,PN_PIQ,E3841,2,2,0.66
P21266,PN_PIQ,E3842,1,2,0.63
P21267,PN_PIQ,E3842,1,2,0.55
P21268,BC_GTMG,E3843,2,2,0.53
P21269,PN_PIQ,E3843,2,2,0.4
P21270,PN_PIQ,E3843,2,2,1.36
P21271,PN_PIQ,E3844,2,2,2.55
P21272,PN_PIQ,E3844,2,2,0.05
P21273,PN_PIQ,E3845,2,2,3.61
P21274,PN_PIQ,E3845,2,2,1.05
P21275,PN_PIQ,E3846,2,2,1.31
P21276,PN_PIQ,E3847,2,2,1.1
P21277,PN_PIQ,E3848,2,2,1.59
P21278,PN_PIQ,E3848,2,2,3.58
P21279,MA_ROTA,E3849,2,2,1.5
P21280,MA_ROTA,E3849,2,2,1.0
P21282,IG_TUT,E3850,4,1,3.25
P21283,IG_TUT,E3850,4,1,1.45
P21284,IG_TUT,E3850,4,1,0.5
P21285,AN_PA,E3850,4,1,0.56
P21286,BC_BT,E3850,4,1,1.52
P21287,IG_TUT,E3850,4,1,1.96
P21288,MA_ROTA,E3851,2,2,0.95
P21289,MA_ROTA,E3851,2,2,0.63
P21290,MA_ROTA,E3851,2,2,0.68
P21291,MA_ROTA,E3852,2,2,2.35
P21294,MA_TO_CO_JA,E3853,5,1,0.11
P21295,MA_TO_CO_JA,E3853,5,1,0.73
P21296,MA_ROTA,E3854,2,2,0.9
P21297,MA_ROTA,E3854,2,2,1.08
P21298,MA_ROTA,E3854,2,2,0.76
P21299,MA_ROTA,E3854,2,2,1.17
P21301,PN_PIQ,E3855,2,2,1.08
P21302,PN_PIQ,E3855,2,2,0.41
P21303,PN_PIQ,E3855,2,2,2.04
P21304,PN_PIQ,E3856,3,2,2.26
P21305,MA_ROTA,E3857,5,1,1.77
P21306,MA_ROTA,E3857,5,1,1.21
P21307,MA_ROTA,E3858,2,2,0.17
P21308,MA_ROTA,E3858,2,2,0.25
P21309,MA_ROTA,E3858,2,2,0.12
P21310,MA_ROTA,E3859,2,2,0.97
P21311,MA_ROTA,E3859,2,2,0.99
P21312,MA_ROTA,E3859,2,2,0.91
P21313,MA_ROTA,E3860,2,2,0.86
P21314,MA_ROTA,E3860,2,2,1.05
P21315,MA_ROTA,E3860,2,2,0.78
P21316,MA_ROTA,E3860,2,2,0.91
P21317,MA_ROTA,E3860,2,2,0.39
P21318,MA_ROTA,E3860,2,2,0.75
P21319,PN_PIQ,E3861,7,3,0.06
P21320,PN_PIQ,E3861,7,3,0.4
P21321,PN_PIQ,E3861,7,3,0.52
P21322,PN_PIQ,E3861,7,3,0.34
P21323,PN_PIQ,E3861,7,3,1.75
P21324,PN_PIQ,E3861,7,3,0.6
P21325,MA_ROTA,E3862,2,2,0.38
P21326,MA_ROTA,E3862,2,2,0.45
P21327,MA_TO_CO_JA,E3863,1,2,0.3
P21329,MA_ROTA,E3864,2,2,1.59
P21330,MA_ROTA,E3864,2,2,0.33
P21331,MA_TO_CO_JA,E3865,2,2,2.15
P21332,MA_TO_CO_JA,E3865,2,2,0.57
P21333,MA_TO_CO_JA,E3865,2,2,0.48
P21334,MA_ROTA,E3866,2,2,1.62
P21335,MA_ROTA,E3867,2,2,0.62
P21336,MA_ROTA,E3867,2,2,0.21
P21337,PN_PIQ,E3868,2,2,0.34
P21338,PN_PIQ,E3868,2,2,0.09
P21339,PN_PIQ,E3868,2,2,0.06
P21342,PN_PIQ,E3868,2,2,0.13
P21343,BC_GTMG,E3869,2,2,0.21
P21344,BC_GTMG,E3869,2,2,0.24
P21345,BC_GTMG,E3869,2,2,0.58
P21346,BC_GTMG,E3869,2,2,0.66
P21347,BC_GTMG,E3870,1,2,1.46
P21348,IG_PLA,E3870,2,2,1.03
P21349,IG_PLA,E3870,2,2,0.6
P21350,MA_TO_CO_JA,E3871,3,2,1.22
P21351,MA_TO_CO_JA,E3871,3,2,0.66
P21352,PN_PIQ,E3872,2,2,1.9
P21353,BC_GTMG,E3873,2,2,1.03
P21354,BC_GTMG,E3873,2,2,1.49
P21355,BC_GTMG,E3873,2,2,0.59
P21356,MA_ROTA,E3874,2,2,2.3
P21357,MA_ROTA,E3875,2,2,0.25
P21359,IG_PLA,E3876,3,2,0.18
P21360,BC_GTMG,E3876,3,2,0.16
P21361,BC_GTMG,E3876,3,2,1.21
P21362,BC_GTMG,E3876,3,2,0.26
P21363,BC_GTMG,E3876,3,2,0.17
P21364,BC_GTMG,E3876,3,2,0.42
P21365,BC_GTMG,E3876,3,2,0.21
P21366,IG_PLA,E3876,3,2,1.96
P21367,IG_PLA,E3876,3,2,1.22
P21368,IG_PLA,E3876,3,2,0.6
P21369,BC_GTMG,E3876,3,2,0.11
P21370,PN_PIQ,E3877,7,3,1.25
P21371,PN_PIQ,E3877,7,3,2.2
P21372,PN_PIQ,E3877,7,3,0.73
P21373,MA_TO_CO_JA,E3878,7,3,0.58
P21374,MA_TO_CO_JA,E3878,7,3,0.5
P21375,MA_TO_CO_JA,E3879,7,3,0.51
P21376,MA_TO_CO_JA,E3879,7,3,0.13
P21377,MA_TO_CO_JA,E3880,7,3,0.31
P21378,PN_PIQ,E3881,3,2,0.51
P21379,PN_PIQ,E3881,3,2,0.48
P21380,PN_PIQ,E3881,3,2,1.91
P21381,PN_PIQ,E3881,3,2,1.51
P21382,PN_PIQ,E3881,3,2,1.29
P21383,MA_ROTA,E3882,2,2,1.46
P21384,MA_ROTA,E3882,2,2,0.63
P21385,MA_ROTA,E3882,2,2,0.22
P21386,PN_PIQ,E3883,7,3,0.4
P21387,IG_PLA,E3883,7,3,0.14
P21388,PN_PIQ,E3883,7,3,0.24
P21389,IG_PLA,E3883,7,3,0.3
P21390,IG_PLA,E3883,7,3,0.76
P21391,PN_PIQ,E3884,7,3,0.77
P21392,PN_PIQ,E3884,7,3,0.21
P21393,PN_PIQ,E3884,7,3,1.1
P21394,PN_PIQ,E3884,7,3,0.85
P21395,MA_TO_CO_JA,E3885,6,1,1.09
P21397,MA_TO_CO_JA,E3886,4,1,0.51
P21398,MA_TO_CO_JA,E3886,4,1,0.98
P21402,MA_TO_CO_JA,E3886,4,1,0.91
P21403,MA_TO_CO_JA,E3886,4,1,0.27
P21404,MA_TO_CO_JA,E3886,4,1,0.71
P21405,MA_TO_CO_JA,E3886,4,1,0.5
P21407,MA_TO_CO_JA,E3886,4,1,0.56
P21408,MA_TO_CO_JA,E3886,4,1,0.48
P21410,PN_PIQ,E3887,3,2,0.51
P21411,PN_PIQ,E3887,3,2,1.06
P21412,PN_PIQ,E3887,3,2,2.17
P21413,MA_ROTA,E3888,3,2,2.55
P21414,MA_ROTA,E3888,3,2,1.5
P21415,MA_ROTA,E3888,3,2,3.22
P21417,PN_PIQ,E3889,3,2,0.65
P21418,PN_PIQ,E3889,3,2,0.66
P21419,PN_PIQ,E3889,3,2,0.96
P21421,MA_TO_CO_JA,E3890,3,2,1.04
P21422,MA_ROTA,E3891,3,2,0.48
P21423,MA_ROTA,E3891,3,2,0.39
P21424,MA_ROTA,E3891,3,2,0.45
P21425,IG_PLA,E3892,3,2,0.06
P21426,BC_GTMG,E3892,3,2,0.91
P21427,BC_GTMG,E3892,3,2,0.89
P21428,IG_PLA,E3892,3,2,4.86
P21429,BC_GTMG,E3892,3,2,1.12
P21430,MA_ROTA,E3893,5,1,1.98
P21431,MA_ROTA,E3893,5,1,1.79
P21432,MA_ROTA,E3893,5,1,0.52
P21433,MA_ROTA,E3893,5,1,2.11
P21434,MA_ROTA,E3893,5,1,2.19
P21435,MA_ROTA,E3893,5,1,2.7
P21436,MA_ROTA,E3893,5,1,0.71
P21437,MA_ROTA,E3893,5,1,1.53
P21438,MA_ROTA,E3893,5,1,1.7
P21441,MA_ROTA,E3894,2,2,0.16
P21442,MA_ROTA,E3895,2,2,0.08
P21443,PN_PIQ,E3896,2,2,1.38
P21444,PN_PIQ,E3897,7,3,0.57
P21445,PN_PIQ,E3897,7,3,1.03
P21446,PN_PIQ,E3897,7,3,0.75
P21447,PN_PIQ,E3897,7,3,0.15
P21448,PN_PIQ,E3897,7,3,0.39
P21449,PN_PIQ,E3897,7,3,2.39
P21450,PN_PIQ,E3897,7,3,1.24
P21451,PN_PIQ,E3897,7,3,0.94
P21452,PN_PIQ,E3897,7,3,1.45
P21453,PN_PIQ,E3897,7,3,1.59
P21454,PN_PIQ,E3897,7,3,0.12
P21455,PN_PIQ,E3897,7,3,3.49
P21456,PN_PIQ,E3897,7,3,0.3
P21458,MA_ROTA,E3898,6,1,0.78
P21459,IG_TUT,E3898,6,1,0.17
P21460,MA_TO_CO_JA,E3899,4,1,0.96
P21461,PN_PIQ,E3900,1,2,1.07
P21462,PN_PIQ,E3901,1,2,2.0
P21463,IG_PLA,E3902,1,2,3.55
P21465,BC_GTMG,E3902,1,2,1.89
P21466,BC_GTMG,E3902,1,2,1.31
P21467,IG_PLA,E3902,1,2,0.71
P21468,BC_GTMG,E3902,1,2,1.35
P21469,IG_PLA,E3903,2,2,1.13
P21470,BC_GTMG,E3903,2,2,0.89
P21471,IG_PLA,E3903,2,2,0.4
P21472,BC_GTMG,E3903,2,2,1.2
P21473,PN_PIQ,E3904,3,2,0.12
P21474,MA_ROTA,E3905,3,2,0.76
P21475,PN_PIQ,E3906,1,2,0.2
P21476,PN_PIQ,E3906,1,2,0.14
P21477,PN_PIQ,E3906,1,2,1.09
P21478,IG_PLA,E3907,2,2,0.54
P21479,BC_GTMG,E3907,2,2,1.18
P21480,PN_PIQ,E3908,7,3,0.02
P21483,MA_TO_CO_JA,E3909,5,1,0.04
P21484,MA_TO_CO_JA,E3909,5,1,0.04
P21486,MA_TO_CO_JA,E3909,5,1,0.39
P21487,PN_PIQ,E3910,4,1,1.27
P21488,PN_PIQ,E3911,2,2,1.13
P21489,PN_PIQ,E3911,2,2,0.21
P21490,PN_PIQ,E3912,2,2,0.42
P21491,PN_PIQ,E3913,7,3,1.42
P21492,PN_PIQ,E3913,7,3,0.24
P21493,PN_PIQ,E3913,7,3,0.3
P21494,PN_PIQ,E3913,7,3,0.53
P21495,PN_PIQ,E3913,7,3,0.6
P21496,PN_PIQ,E3913,7,3,0.22
P21497,PN_PIQ,E3913,7,3,0.37
P21498,PN_PIQ,E3913,7,3,0.66
P21499,PN_PIQ,E3913,7,3,0.73
P21500,PN_PIQ,E3913,7,3,2.38
P21501,PN_PIQ,E3913,7,3,0.95
P21502,PN_PIQ,E3913,7,3,0.83
P21503,PN_PIQ,E3913,7,3,2.0
P21504,PN_PIQ,E3913,7,3,1.99
P21505,PN_PIQ,E3913,7,3,2.88
P21506,PN_PIQ,E3914,2,2,2.98
P21507,PN_PIQ,E3914,2,2,1.29
P21508,PN_PIQ,E3915,4,1,1.54
P21509,PN_PIQ,E3915,4,1,1.65
P21510,PN_PIQ,E3915,4,1,1.1
P21511,PN_PIQ,E3915,4,1,1.09
P21512,PN_PIQ,E3915,4,1,1.42
P21513,PN_PIQ,E3915,4,1,1.57
P21514,PN_PIQ,E3916,5,1,4.23
P21515,PN_PIQ,E3916,5,1,2.03
P21516,MA_ROTA,E3917,3,2,0.84
P21517,MA_ROTA,E3917,3,2,0.7
P21518,MA_ROTA,E3917,3,2,0.68
P21519,MA_ROTA,E3917,3,2,0.59
P21520,MA_ROTA,E3917,3,2,0.68
P21521,MA_ROTA,E3917,3,2,0.7
P21522,MA_ROTA,E3917,3,2,1.07
P21523,MA_ROTA,E3917,3,2,0.11
P21525,MA_ROTA,E3918,5,1,0.92
P21526,MA_ROTA,E3918,5,1,1.27
P21528,MA_ROTA,E3918,5,1,1.0
P21529,MA_ROTA,E3918,5,1,0.6
P21530,MA_ROTA,E3918,5,1,0.24
P21531,MA_ROTA,E3918,5,1,0.87
P21536,JA,E3920,5,1,0.28
P21537,BA_INT,E3920,5,1,0.36
P21539,BA_INT,E3920,5,1,0.44
P21540,MA_TO_CO_JA,E3920,5,1,0.11
P21541,BA_INT,E3920,5,1,0.55
P21542,MA_TO_CO_JA,E3920,5,1,0.4
P21543,MA_TO_CO_JA,E3920,5,1,0.14
P21545,MA_TO_CO_JA,E3920,5,1,0.36
P21546,BA_INT,E3920,5,1,0.37
P21547,BA_INT,E3920,5,1,0.44
P21548,BA_INT,E3920,5,1,0.21
P21549,JA,E3920,5,1,0.39
P21551,MA_TO_CO_JA,E3920,5,1,0.3
P21552,MA_TO_CO_JA,E3920,5,1,0.8
P21553,MA_TO_CO_JA,E3920,5,1,0.26
P21554,BA_PER,E3921,5,1,0.64
P21555,BA_PER,E3921,5,1,0.9
P21556,BA_PER,E3921,5,1,0.98
P21557,BA_PER,E3921,5,1,0.47
P21558,BA_SINT,E3921,5,1,0.88
P21559,JA,E3921,5,1,0.36
P21560,BA_INT,E3921,5,1,0.1
P21561,BA_INT,E3921,5,1,0.33
P21563,BA_INT,E3921,5,1,0.76
P21567,BA_PER,E3921,5,1,0.42
P21568,BA_SINT,E3921,5,1,0.36
P21569,PN_PIQ,E3922,7,3,0.41
P21570,IG_PLA,E3922,7,3,2.22
P21571,PN_PIQ,E3922,7,3,0.6
P21572,PN_PIQ,E3922,7,3,0.55
P21573,IG_PLA,E3922,7,3,0.15
P21574,PN_PIQ,E3922,7,3,0.54
P21575,PN_PIQ,E3923,7,3,0.48
P21576,PN_PIQ,E3923,7,3,0.84
P21577,PN_PIQ,E3923,7,3,2.1
P21578,PN_PIQ,E3923,7,3,0.29
P21579,PN_PIQ,E3924,7,3,0.77
P21580,MA_TO_CO_JA,E3925,7,3,0.45
P21581,MA_TO_CO_JA,E3925,7,3,1.07
P21582,MA_TO_CO_JA,E3925,7,3,0.23
P21583,PN_PIQ,E3926,7,3,0.7
P21584,PN_PIQ,E3926,7,3,1.19
P21585,PN_PIQ,E3926,7,3,0.27
P21586,PN_PIQ,E3927,7,3,0.82
P21587,PN_PIQ,E3927,7,3,0.7
P21588,PN_PIQ,E3927,7,3,1.31
P21589,BC_GTMG,E3927,7,3,0.16
P21590,MA_TO_CO_JA,E3928,7,3,0.17
P21591,MA_TO_CO_JA,E3928,7,3,0.63
P21592,MA_TO_CO_JA,E3929,7,3,1.19
P21593,PN_PIQ,E3930,7,3,0.25
P21594,PN_PIQ,E3930,7,3,0.24
P21595,PN_PIQ,E3930,7,3,0.16
P21596,PN_PIQ,E3930,7,3,1.69
P21597,PN_PIQ,E3930,7,3,0.14
P21598,PN_PIQ,E3930,7,3,0.46
P21599,PN_PIQ,E3931,7,3,0.21
P21600,PN_PIQ,E3931,7,3,0.58
P21601,PN_PIQ,E3931,7,3,0.54
P21602,PN_PIQ,E3931,7,3,2.17
P21603,PN_PIQ,E3931,7,3,0.44
P21604,MA_TO_CO_JA,E3932,7,3,0.47
P21605,MA_TO_CO_JA,E3932,7,3,0.56
P21606,MA_ROTA,E3933,2,2,1.68
P21607,MA_ROTA,E3933,2,2,0.22
P21608,MA_ROTA,E3934,2,2,0.1
P21609,MA_ROTA,E3934,1,2,2.69
P21611,MA_ROTA,E3934,1,2,1.04
P21612,MA_ROTA,E3934,1,2,1.71
P21613,MA_ROTA,E3934,1,2,0.91
P21614,MA_ROTA,E3934,2,2,0.52
P21615,MA_ROTA,E3934,1,2,2.45
P21616,MA_TO_CO_JA,E3934,2,2,0.07
P21617,MA_ROTA,E3934,2,2,1.3
P21618,MA_TO_CO_JA,E3934,2,2,0.07
P21619,PN_PIQ,E3935,7,3,0.3
P21620,PN_PIQ,E3935,7,3,0.54
P21621,IG_PLA,E3935,7,3,0.44
P21622,IG_PLA,E3935,7,3,0.23
P21623,MA_ROTA,E3936,2,2,2.0
P21624,PN_PIQ,E3937,7,3,0.89
P21625,IG_PLA,E3937,7,3,0.4
P21626,PN_PIQ,E3937,7,3,0.64
P21627,IG_PLA,E3937,7,3,0.15
P21628,PN_PIQ,E3938,7,3,0.54
P21629,BC_GTMG,E3938,7,3,0.25
P21630,PN_PIQ,E3938,7,3,0.63
P21631,PN_PIQ,E3938,7,3,0.21
P21633,PN_PIQ,E3938,7,3,1.48
P21634,PN_PIQ,E3939,7,3,0.44
P21635,PN_PIQ,E3939,7,3,0.37
P21636,IG_PLA,E3939,7,3,0.36
P21637,IG_PLA,E3939,7,3,1.25
P21638,IG_PLA,E3939,7,3,0.46
P21640,PN_PIQ,E3940,2,2,0.38
P21641,PN_PIQ,E3940,2,2,0.18
P21642,PN_PIQ,E3940,2,2,2.2
P21643,MA_ROTA,E3941,2,2,0.67
P21644,BC_GTMG,E3942,2,2,0.51
P21645,BC_GTMG,E3942,2,2,3.12
P21646,IG_PLA,E3942,2,2,1.26
P21647,BC_GTMG,E3942,2,2,1.8
P21648,IG_PLA,E3942,2,2,0.2
P21649,PN_PIQ,E3943,7,3,0.29
P21650,PN_PIQ,E3943,7,3,0.46
P21651,PN_PIQ,E3943,7,3,0.46
P21652,PN_PIQ,E3943,7,3,0.42
P21653,PN_PIQ,E3943,7,3,0.28
P21654,PN_PIQ,E3943,7,3,2.16
P21655,PN_PIQ,E3943,7,3,0.11
P21656,PN_PIQ,E3943,7,3,0.41
P21657,MA_TO_CO_JA,E3944,3,2,0.4
P21658,IG_PLA,E3945,3,2,1.34
P21659,BC_GTMG,E3945,3,2,1.62
P21660,IG_PLA,E3945,3,2,0.01
P21661,BC_GTMG,E3945,3,2,0.98
P21662,IG_PLA,E3945,3,2,0.4
P21663,BC_GTMG,E3945,3,2,1.69
P21664,IG_PLA,E3945,3,2,2.26
P21666,MA_ROTA,E3946,3,2,0.68
P21668,MA_ROTA,E3946,3,2,0.91
P21669,BC_GTMG,E3947,2,2,1.97
P21670,BC_GTMG,E3947,2,2,0.93
P21671,BC_GTMG,E3947,2,2,0.55
P21672,BC_GTMG,E3947,2,2,0.5
P21673,BC_GTMG,E3947,2,2,0.78
P21674,BC_GTMG,E3947,2,2,0.69
P21675,BC_GTMG,E3947,2,2,0.55
P21676,BC_GTMG,E3947,2,2,1.12
P21677,BC_GTMG,E3947,2,2,0.73
P21678,BC_GTMG,E3947,2,2,0.74
P21679,BC_GTMG,E3948,3,2,0.41
P21680,BC_GTMG,E3948,3,2,1.01
P21681,IG_PLA,E3948,3,2,3.26
P21682,BC_GTMG,E3948,3,2,1.52
P21683,IG_PLA,E3948,3,2,1.18
P21684,BC_GTMG,E3948,3,2,0.87
P21685,IG_PLA,E3948,3,2,1.11
P21686,MA_TO_CO_JA,E3949,7,3,0.42
P21687,MA_TO_CO_JA,E3949,7,3,0.35
P21688,MA_TO_CO_JA,E3949,7,3,0.14
P21689,MA_ROTA,E3950,4,1,0.75
P21690,MA_ROTA,E3950,4,1,0.47
P21691,MA_TO_CO_JA,E3951,4,1,1.97
P21692,MA_TO_CO_JA,E3951,4,1,1.92
P21693,MA_ROTA,E3952,1,2,0.94
P21694,MA_ROTA,E3952,1,2,0.86
P21695,MA_ROTA,E3952,1,2,0.16
P21696,MA_ROTA,E3952,1,2,0.28
P21697,MA_ROTA,E3952,1,2,0.88
P21698,MA_TO_CO_JA,E3953,3,2,0.3
P21699,MA_TO_CO_JA,E3953,3,2,1.2
P21700,MA_TO_CO_JA,E3953,3,2,0.77
P21701,MA_TO_CO_JA,E3953,3,2,0.48
P21702,BC_GTMG,E3954,3,2,0.71
P21703,IG_PLA,E3954,3,2,1.18
P21704,IG_PLA,E3954,3,2,1.23
P21705,BC_GTMG,E3954,3,2,1.02
P21706,BC_GTMG,E3954,3,2,0.77
P21707,BC_GTMG,E3954,3,2,0.82
P21708,IG_PLA,E3954,3,2,0.87
P21709,IG_PLA,E3954,3,2,1.2
P21712,IG_PLA,E3956,3,2,3.48
P21713,IG_PLA,E3956,3,2,1.27
P21714,IG_PLA,E3956,3,2,3.68
P21717,IG_PLA,E3956,3,2,0.33
P21718,IG_PLA,E3956,3,2,0.49
P21720,IG_PLA,E3956,3,2,2.46
P21721,BC_GTMG,E3956,3,2,0.22
P21722,IG_PLA,E3956,3,2,0.72
P21723,IG_PLA,E3956,3,2,4.91
P21725,BC_GTMG,E3956,3,2,0.35
P21727,IG_PLA,E3956,3,2,0.77
P21728,IG_PLA,E3956,3,2,0.8
P21729,BC_GTMG,E3956,3,2,0.99
P21730,IG_PLA,E3956,3,2,0.7
P21731,IG_PLA,E3956,3,2,0.69
P21732,IG_PLA,E3956,3,2,3.95
P21733,BC_GTMG,E3956,3,2,3.6
P21734,IG_PLA,E3957,3,2,2.93
P21735,IG_PLA,E3957,3,2,1.57
P21736,BC_GTMG,E3957,3,2,1.68
P21738,IG_PLA,E3957,3,2,0.45
P21739,BC_GTMG,E3957,3,2,1.73
P21740,MA_ROTA,E3958,4,1,3.2
P21741,MA_ROTA,E3958,4,1,0.11
P21742,MA_ROTA,E3958,4,1,0.15
P21743,MA_ROTA,E3958,4,1,0.3
P21744,MA_ROTA,E3958,4,1,0.1
P21746,MA_ROTA,E3958,4,1,0.88
P21747,MA_ROTA,E3958,4,1,0.1
P21748,MA_ROTA,E3958,4,1,3.18
P21750,MA_ROTA,E3959,3,2,1.92
P21751,MA_ROTA,E3959,3,2,5.21
P21753,MA_ROTA,E3959,3,2,0.51
P21754,BC_GTMG,E3960,3,2,1.25
P21755,BC_GTMG,E3960,3,2,0.8
P21756,BC_GTMG,E3960,3,2,0.79
P21757,BC_GTMG,E3960,3,2,1.03
P21758,BC_GTMG,E3960,3,2,1.92
P21759,BC_GTMG,E3960,3,2,2.09
P21760,BC_GTMG,E3960,3,2,1.47
P21761,BC_GTMG,E3960,3,2,0.11
P21762,PN_PIQ,E3961,2,2,0.25
P21763,MA_ROTA,E3962,4,1,1.51
P21765,MA_ROTA,E3962,4,1,0.21
P21766,MA_ROTA,E3962,4,1,1.23
P21767,MA_ROTA,E3962,4,1,2.37
P21768,MA_ROTA,E3962,4,1,0.66
P21769,MA_ROTA,E3962,4,1,0.97
P21770,MA_ROTA,E3963,3,2,0.4
P21771,MA_ROTA,E3963,3,2,0.1
P21772,MA_ROTA,E3963,3,2,0.17
P21773,MA_ROTA,E3963,3,2,0.61
P21774,MA_ROTA,E3963,3,2,0.07
P21775,MA_ROTA,E3963,3,2,0.31
P21776,MA_ROTA,E3963,3,2,0.01
P21777,MA_ROTA,E3963,3,2,0.07
P21778,MA_ROTA,E3963,3,2,0.14
P21779,MA_ROTA,E3963,3,2,0.02
P21780,MA_ROTA,E3963,3,2,1.11
P21781,PN_PIQ,E3964,2,2,0.91
P21782,PN_PIQ,E3964,2,2,1.21
P21783,PN_PIQ,E3964,2,2,1.01
P21785,MA_TO_CO_JA,E3965,4,1,0.33
P21786,MA_TO_CO_JA,E3965,4,1,0.66
P21787,MA_TO_CO_JA,E3965,4,1,0.58
P21788,MA_TO_CO_JA,E3965,4,1,0.22
P21789,MA_TO_CO_JA,E3965,4,1,0.58
P21790,MA_TO_CO_JA,E3965,4,1,0.55
P21791,MA_TO_CO_JA,E3965,4,1,0.4
P21792,MA_TO_CO_JA,E3966,4,1,1.28
P21794,MA_ROTA,E3967,2,2,2.15
P21796,MA_ROTA,E3968,2,2,0.42
P21797,MA_ROTA,E3968,2,2,0.08
P21798,MA_ROTA,E3968,2,2,1.55
P21799,MA_TO_CO_JA,E3969,4,1,0.25
P21800,MA_TO_CO_JA,E3969,4,1,0.88
P21801,PN_PIQ,E3970,2,2,0.89
P21802,IG_PLA,E3970,2,2,0.45
P21803,IG_TUT,E3971,6,1,0.22
P21804,IG_TUT,E3971,6,1,0.21
P21805,IG_TUT,E3971,6,1,0.19
P21806,IG_TUT,E3971,6,1,0.21
P21807,MA_ROTA,E3971,6,1,0.59
P21808,IG_TUT,E3971,6,1,0.42
P21810,MA_TO_CO_JA,E3971,6,1,0.5
P21811,PN_PIQ,E3972,3,2,3.48
P21812,PN_PIQ,E3972,3,2,2.93
P21813,PN_PIQ,E3972,3,2,0.66
P21814,PN_PIQ,E3972,3,2,0.39
P21815,PN_PIQ,E3972,3,2,1.48
P21816,PN_PIQ,E3972,3,2,0.12
P21817,BC_GTMG,E3973,3,2,1.05
P21818,BC_GTMG,E3973,3,2,1.73
P21819,BC_GTMG,E3973,3,2,0.44
P21820,BC_GTMG,E3973,3,2,1.51
P21821,BC_GTMG,E3973,3,2,1.7
P21822,BC_GTMG,E3973,3,2,3.13
P21823,MA_TO_CO_JA,E3974,4,1,0.5
P21824,PN_PIQ,E3975,4,1,1.51
P21825,IG_TUT,E3975,4,1,0.81
P21826,IG_TUT,E3975,4,1,1.89
P21827,IG_TUT,E3975,4,1,0.11
P21829,IG_TUT,E3975,4,1,0.38
P21830,PN_PIQ,E3976,2,2,0.49
P21831,PN_PIQ,E3976,2,2,1.04
P21832,PN_PIQ,E3976,2,2,1.0
P21833,PN_PIQ,E3976,2,2,1.82
P21834,IG_TUT,E3977,4,1,1.83
P21836,AN_PA,E3977,4,1,0.85
P21837,IG_TUT,E3977,4,1,0.91
P21838,IG_TUT,E3977,4,1,0.28
P21839,IG_TUT,E3977,4,1,0.92
P21840,AN_PA,E3977,4,1,8.38
P21841,PN_PIQ,E3978,2,2,0.61
P21842,PN_PIQ,E3978,2,2,0.23
P21843,PN_PIQ,E3978,2,2,0.54
P21844,PN_PIQ,E3979,7,3,1.38
P21845,PN_PIQ,E3979,7,3,1.35
P21846,PN_PIQ,E3979,7,3,0.78
P21847,PN_PIQ,E3979,7,3,0.43
P21848,PN_PIQ,E3980,2,2,1.33
P21849,IG_PLA,E3981,3,2,0.74
P21850,IG_PLA,E3981,3,2,0.49
P21851,BC_BT,E3981,5,1,0.21
P21852,MA_ROTA,E3981,3,2,0.7
P21853,MA_ROTA,E3981,3,2,0.48
P21854,IG_PLA,E3981,3,2,1.46
P21855,MA_ROTA,E3982,6,1,0.54
P21856,MA_TO_CO_JA,E3982,6,1,0.32
P21857,IG_TUT,E3982,6,1,0.65
P21858,MA_TO_CO_JA,E3982,6,1,0.32
P21859,IG_TUT,E3982,6,1,0.22
P21860,MA_ROTA,E3982,6,1,0.38
P21861,IG_TUT,E3982,6,1,0.52
P21862,IG_TUT,E3982,6,1,0.08
P21863,IG_TUT,E3982,6,1,0.05
P21864,MA_ROTA,E3982,6,1,0.8
P21866,IG_TUT,E3982,6,1,1.14
P21867,MA_TO_CO_JA,E3982,6,1,0.25
P21868,IG_TUT,E3982,6,1,0.25
P21869,IG_TUT,E3982,6,1,1.6
P21870,IG_TUT,E3982,6,1,0.4
P21871,MA_TO_CO_JA,E3982,6,1,0.38
P21872,IG_TUT,E3982,6,1,0.33
P21873,MA_TO_CO_JA,E3983,3,2,0.2
P21874,MA_TO_CO_JA,E3983,3,2,0.85
P21875,MA_TO_CO_JA,E3983,3,2,0.58
P21876,MA_ROTA,E3983,3,2,0.47
P21877,MA_TO_CO_JA,E3983,3,2,0.16
P21878,MA_ROTA,E3983,3,2,0.11
P21879,MA_ROTA,E3983,3,2,0.13
P21880,MA_TO_CO_JA,E3983,3,2,0.44
P21881,MA_ROTA,E3984,4,1,3.0
P21882,IG_TUT,E3984,4,1,0.18
P21883,IG_TUT,E3984,4,1,0.12
P21884,IG_TUT,E3984,4,1,0.78
P21885,IG_TUT,E3984,4,1,1.0
P21886,MA_ROTA,E3984,4,1,2.0
P21887,BC_BT,E3985,5,1,0.17
P21888,BC_BT,E3985,5,1,0.46
P21889,BC_BT,E3985,5,1,0.67
P21890,BC_BT,E3985,5,1,0.13
P21893,PN_PIQ,E3986,2,2,0.08
P21894,PN_PIQ,E3986,2,2,0.18
P21895,PN_PIQ,E3986,2,2,0.08
P21896,PN_PIQ,E3986,2,2,1.12
P21897,PN_PIQ,E3986,2,2,0.55
P21898,BC_GTMG,E3986,2,2,1.01
P21899,MA_ROTA,E3987,4,1,0.36
P21900,MA_ROTA,E3987,4,1,0.97
P21901,MA_ROTA,E3987,4,1,1.12
P21902,MA_ROTA,E3987,4,1,0.72
P21903,PN_PIQ,E3988,2,2,0.43
P21904,PN_PIQ,E3988,2,2,0.39
P21905,PN_PIQ,E3988,2,2,0.19
P21906,PN_PIQ,E3988,2,2,4.63
P21907,PN_PIQ,E3988,2,2,0.27
P21908,PN_PIQ,E3988,2,2,0.68
P21910,PN_PIQ,E3989,2,2,0.65
P21911,PN_PIQ,E3989,2,2,0.8
P21912,PN_PIQ,E3989,2,2,0.55
P21913,PN_PIQ,E3989,2,2,0.21
P21914,PN_PIQ,E3989,2,2,0.51
P21915,PN_PIQ,E3989,2,2,7.36
P21916,PN_PIQ,E3989,2,2,1.27
P21917,MA_TO_CO_JA,E3990,7,3,2.09
P21918,MA_TO_CO_JA,E3990,7,3,0.44
P21919,MA_TO_CO_JA,E3990,7,3,0.86
P21920,MA_TO_CO_JA,E3991,7,3,0.58
P21921,MA_TO_CO_JA,E3991,7,3,0.61
P21922,MA_TO_CO_JA,E3991,7,3,0.1
P21923,MA_TO_CO_JA,E3991,7,3,0.27
P21924,MA_ROTA,E3992,1,2,0.78
P21925,PN_PIQ,E3993,2,2,0.84
P21926,PN_PIQ,E3993,2,2,0.83
P21927,PN_PIQ,E3993,2,2,0.79
P21928,MA_ROTA,E3994,2,2,1.71
P21929,MA_ROTA,E3994,2,2,1.74
P21930,MA_ROTA,E3994,2,2,3.03
P21931,MA_ROTA,E3994,2,2,0.85
P21932,MA_TO_CO_JA,E3995,4,1,0.59
P21933,MA_TO_CO_JA,E3995,4,1,0.36
P21934,MA_TO_CO_JA,E3995,4,1,0.35
P21935,MA_TO_CO_JA,E3995,4,1,1.81
P21936,MA_ROTA,E3996,5,1,0.14
P21939,MA_ROTA,E3996,5,1,0.06
P21941,MA_ROTA,E3996,5,1,0.59
P21942,MA_ROTA,E3996,5,1,0.11
P21944,MA_ROTA,E3997,2,2,1.03
P21945,MA_ROTA,E3997,2,2,0.71
P21948,MA_ROTA,E3997,2,2,1.03
P21949,MA_ROTA,E3997,2,2,0.76
P21950,MA_ROTA,E3997,2,2,2.12
P21952,MA_ROTA,E3997,2,2,0.98
P21953,MA_ROTA,E3997,2,2,0.56
P21954,MA_ROTA,E3997,2,2,1.17
P21955,MA_ROTA,E3997,2,2,0.88
P21956,MA_ROTA,E3997,2,2,0.58
P21958,MA_ROTA,E3997,2,2,1.41
P21963,MA_ROTA,E3997,2,2,0.68
P21964,MA_ROTA,E3997,2,2,1.02
P21968,MA_ROTA,E3997,2,2,1.0
P21969,MA_ROTA,E3997,2,2,0.32
P21970,MA_ROTA,E3997,2,2,0.19
P21971,MA_ROTA,E3997,2,2,0.5
P21972,MA_ROTA,E3997,2,2,0.11
P21973,MA_ROTA,E3997,2,2,0.39
P21974,MA_ROTA,E3997,2,2,0.15
P21977,MA_ROTA,E3997,2,2,0.06
P21982,MA_ROTA,E3997,2,2,0.82
P21983,MA_ROTA,E3997,2,2,0.25
P21984,MA_ROTA,E3997,2,2,0.57
P21985,BC_GTMG,E3998,2,2,1.5
P21986,BC_GTMG,E3998,2,2,0.96
P21987,BC_GTMG,E3998,2,2,0.2
P21988,BC_GTMG,E3998,2,2,0.78
P21989,BC_GTMG,E3998,2,2,0.04
P21990,PN_PIQ,E3999,1,2,0.37
P21991,PN_PIQ,E3999,1,2,0.11
P21992,BC_GTMG,E3999,1,2,0.03
P21993,PN_PIQ,E3999,1,2,0.66
P21994,MA_ROTA,E4000,4,1,0.67
P21995,MA_TO_CO_JA,E4001,5,1,0.69
P21996,PN_PIQ,E4002,2,2,3.1
P21997,MA_TO_CO_JA,E4003,6,1,0.72
P21998,PN_PIQ,E4004,1,2,0.44
P21999,PN_PIQ,E4004,1,2,0.73
P22000,PN_PIQ,E4004,1,2,0.8
P22001,PN_PIQ,E4004,1,2,0.12
P22002,PN_PIQ,E4004,1,2,0.22
P22003,PN_PIQ,E4005,2,2,0.81
P22004,IG_PLA,E4006,2,2,0.51
P22005,BC_GTMG,E4006,2,2,1.04
P22006,MA_ROTA,E4007,3,2,6.42
P22008,PN_PIQ,E4008,3,2,0.19
P22009,IG_PLA,E4008,3,2,0.28
P22010,BC_GTMG,E4008,3,2,0.11
P22011,MA_TO_CO_JA,E4009,7,3,1.01
P22012,MA_TO_CO_JA,E4009,7,3,0.8
P22013,IG_PLA,E4010,7,3,1.03
P22014,PN_PIQ,E4010,7,3,0.38
P22015,PN_PIQ,E4010,7,3,0.39
P22016,PN_PIQ,E4010,7,3,0.84
P22017,IG_PLA,E4010,7,3,1.12
P22018,IG_PLA,E4010,7,3,0.17
P22019,PN_PIQ,E4010,7,3,0.1
P22020,IG_PLA,E4010,7,3,0.14
P22021,IG_PLA,E4010,7,3,0.37
P22022,PN_PIQ,E4011,7,3,0.56
P22023,PN_PIQ,E4011,7,3,0.19
P22024,PN_PIQ,E4011,7,3,0.71
P22025,PN_PIQ,E4011,7,3,0.33
P22026,PN_PIQ,E4011,7,3,0.26
P22027,MA_TO_CO_JA,E4012,7,3,0.74
P22028,PN_PIQ,E4013,4,1,1.39
P22029,PN_PIQ,E4013,4,1,1.22
P22030,PN_PIQ,E4013,4,1,1.54
P22031,PN_PIQ,E4014,1,2,2.68
P22032,PN_PIQ,E4014,1,2,1.99
P22033,PN_PIQ,E4014,1,2,2.06
P22034,PN_PIQ,E4015,2,2,0.73
P22039,MA_ROTA,E4017,2,2,1.5
P22040,PN_PIQ,E4018,2,2,0.19
P22041,PN_PIQ,E4019,2,2,0.68
P22042,MA_ROTA,E4020,6,1,1.49
P22043,MA_ROTA,E4020,6,1,1.85
P22044,MA_ROTA,E4021,1,2,0.02
P22045,PN_PIQ,E4022,2,2,0.9
P22046,PN_PIQ,E4022,2,2,2.23
P22047,MA_TO_CO_JA,E4023,4,1,2.05
P22048,MA_TO_CO_JA,E4023,4,1,3.31
P22049,IG_PLA,E4024,7,3,0.24
P22050,PN_PIQ,E4024,7,3,0.19
P22051,BC_GTMG,E4024,7,3,0.21
P22052,IG_PLA,E4024,7,3,0.32
P22053,IG_PLA,E4024,7,3,0.3
P22054,PN_PIQ,E4024,7,3,0.21
P22055,IG_PLA,E4024,7,3,0.31
P22056,IG_PLA,E4025,2,2,0.36
P22057,PN_PIQ,E4025,2,2,0.11
P22058,PN_PIQ,E4025,2,2,0.4
P22059,PN_PIQ,E4025,2,2,0.1
P22060,IG_PLA,E4025,2,2,0.23
P22061,IG_PLA,E4025,2,2,0.28
P22062,PN_PIQ,E4026,3,2,3.98
P22063,PN_PIQ,E4026,3,2,4.95
P22064,PN_PIQ,E4027,3,2,0.29
P22065,PN_PIQ,E4027,3,2,1.46
P22066,PN_PIQ,E4028,2,2,1.39
P22067,PN_PIQ,E4028,3,2,0.2
P22068,PN_PIQ,E4029,2,2,2.39
P22069,PN_PIQ,E4029,2,2,3.12
P22070,MA_TO_CO_JA,E4030,7,3,0.42
P22071,MA_TO_CO_JA,E4030,7,3,0.57
P22072,MA_TO_CO_JA,E4030,7,3,0.15
P22073,MA_TO_CO_JA,E4030,7,3,0.38
P22074,MA_TO_CO_JA,E4030,7,3,0.27
P22075,MA_TO_CO_JA,E4030,7,3,0.68
P22076,MA_TO_CO_JA,E4030,7,3,0.93
P22077,MA_ROTA,E4030,7,3,0.47
P22078,MA_TO_CO_JA,E4030,7,3,0.99
P22079,MA_TO_CO_JA,E4030,7,3,1.14
P22080,PN_PIQ,E4031,4,1,1.47
P22081,PN_PIQ,E4032,7,3,0.86
P22082,PN_PIQ,E4032,7,3,0.62
P22083,IG_PLA,E4033,7,3,0.23
P22084,PN_PIQ,E4033,7,3,0.28
P22085,IG_PLA,E4033,7,3,0.6
P22086,PN_PIQ,E4033,7,3,0.17
P22087,IG_PLA,E4034,7,3,1.11
P22088,IG_PLA,E4034,7,3,0.59
P22089,PN_PIQ,E4034,7,3,1.09
P22090,PN_PIQ,E4034,7,3,0.08
P22091,IG_PLA,E4034,7,3,0.43
P22092,MA_ROTA,E4035,6,1,1.21
P22093,MA_TO_CO_JA,E4035,6,1,0.75
P22094,MA_TO_CO_JA,E4035,6,1,5.17
P22095,MA_ROTA,E4036,2,2,0.82
P22096,MA_ROTA,E4037,4,1,0.45
P22097,PN_PIQ,E4038,7,3,1.26
P22098,MA_ROTA,E4039,7,3,0.82
P22099,MA_TO_CO_JA,E4039,7,3,0.69
P22100,MA_TO_CO_JA,E4039,7,3,0.22
P22101,MA_TO_CO_JA,E4039,7,3,0.34
P22102,MA_TO_CO_JA,E4039,7,3,2.43
P22103,MA_TO_CO_JA,E4039,7,3,0.37
P22105,BA_PER,E4040,5,1,0.09
P22106,JA,E4040,5,1,0.41
P22107,BA_SINT,E4040,5,1,0.34
P22109,MA_ROTA,E4040,5,1,0.2
P22112,BA_SINT,E4040,5,1,1.32
P22113,PN_PIQ,E4041,2,2,0.4
P22114,PN_PIQ,E4041,2,2,0.42
P22115,PN_PIQ,E4041,2,2,0.54
P22116,PN_PIQ,E4042,4,1,1.2
P22117,PN_PIQ,E4042,4,1,0.93
P22118,PN_PIQ,E4042,4,1,0.61
P22119,PN_PIQ,E4042,4,1,0.28
P22120,PN_PIQ,E4042,4,1,0.32
P22121,PN_PIQ,E4042,4,1,0.26
P22122,PN_PIQ,E4042,4,1,0.08
P22123,PN_PIQ,E4042,4,1,2.41
P22124,MA_ROTA,E4043,3,2,2.21
P22126,PN_PIQ,E4044,2,2,0.53
P22127,PN_PIQ,E4045,3,2,0.99
P22128,PN_PIQ,E4045,2,2,0.93
P22129,PN_PIQ,E4045,2,2,0.62
P22130,PN_PIQ,E4045,2,2,0.04
P22131,PN_PIQ,E4046,7,3,0.5
P22132,PN_PIQ,E4047,2,2,0.95
P22133,PN_PIQ,E4047,2,2,0.33
P22135,MA_TO_CO_JA,E4048,5,1,4.71
P22140,MA_ROTA,E4049,1,2,0.95
P22141,MA_ROTA,E4049,1,2,1.93
P22142,PN_PIQ,E4050,4,1,2.03
P22143,PN_PIQ,E4050,4,1,0.77
P22144,PN_PIQ,E4050,4,1,0.01
P22145,PN_PIQ,E4051,3,2,0.26
P22146,MA_TO_CO_JA,E4052,4,1,2.15
P22147,MA_ROTA,E4053,1,2,1.85
P22149,MA_TO_CO_JA,E4054,6,1,2.27
P22150,MA_ROTA,E4054,6,1,0.52
P22152,MA_TO_CO_JA,E4054,5,1,2.03
P22153,MA_TO_CO_JA,E4054,5,1,1.5
P22156,MA_ROTA,E4054,6,1,1.27
P22157,AN_PA,E4055,4,1,1.87
P22158,AN_PA,E4055,4,1,1.02
P22159,AN_PA,E4055,4,1,2.38
P22160,AN_PA,E4055,4,1,3.07
P22161,AN_PA,E4055,4,1,1.04
P22162,AN_PA,E4055,4,1,3.26
P22163,IG_TUT,E4055,4,1,0.15
P22164,AN_PA,E4055,4,1,0.13
P22165,AN_PA,E4055,4,1,0.37
P22166,AN_PA,E4055,4,1,0.77
P22167,IG_TUT,E4055,4,1,1.46
P22168,IG_TUT,E4055,4,1,0.76
P22170,IG_TUT,E4055,4,1,0.38
P22171,IG_TUT,E4055,4,1,1.63
P22172,AN_PA,E4055,4,1,0.57
P22173,MA_ROTA,E4056,2,2,0.91
P22174,MA_ROTA,E4056,2,2,0.9
P22175,MA_ROTA,E4056,2,2,1.85
P22176,MA_ROTA,E4057,5,1,0.57
P22177,BA_INT,E4057,5,1,0.7
P22178,MA_ROTA,E4057,5,1,0.98
P22179,JA,E4057,5,1,0.6
P22180,MA_ROTA,E4057,5,1,1.36
P22181,JA,E4057,5,1,0.96
P22183,BA_INT,E4057,5,1,0.68
P22184,BA_INT,E4057,5,1,1.3
P22185,BA_INT,E4057,5,1,1.7
P22186,BA_INT,E4057,5,1,1.29
P22187,BA_INT,E4057,5,1,1.32
P22188,MA_ROTA,E4057,5,1,1.65
P22189,MA_ROTA,E4057,5,1,0.95
P22191,MA_ROTA,E4057,5,1,1.79
P22192,MA_ROTA,E4057,5,1,1.74
P22193,IG_TUT,E4058,4,1,1.01
P22194,BC_BT,E4058,4,1,0.68
P22195,IG_TUT,E4058,4,1,0.23
P22196,IG_TUT,E4058,4,1,0.37
P22197,BC_BT,E4058,4,1,0.99
P22198,MA_ROTA,E4059,7,3,0.69
P22199,MA_ROTA,E4059,7,3,0.6
P22200,MA_ROTA,E4059,7,3,0.47
P22202,MA_ROTA,E4059,7,3,1.39
P22203,MA_TO_CO_JA,E4060,4,1,1.26
P22205,CS_BT_NIM,E4061,4,1,0.79
P22206,IG_TUT,E4061,4,1,1.8
P22207,IG_TUT,E4061,4,1,0.1
P22208,CS_BT_NIM,E4061,4,1,0.15
P22209,CS_BT_NIM,E4061,4,1,0.21
P22210,CS_BT_NIM,E4061,4,1,0.33
P22211,IG_TUT,E4061,4,1,0.73
P22212,BC_BT,E4061,4,1,0.31
P22213,MA_ROTA,E4062,2,2,0.48
P22214,MA_ROTA,E4062,2,2,0.55
P22215,MA_ROTA,E4062,2,2,0.48
P22216,MA_ROTA,E4063,2,2,0.47
P22218,MA_ROTA,E4063,2,2,0.41
P22220,MA_ROTA,E4064,1,2,2.71
P22221,MA_ROTA,E4064,1,2,1.09
P22222,MA_ROTA,E4064,1,2,1.14
P22223,MA_ROTA,E4064,1,2,0.97
P22224,MA_ROTA,E4064,1,2,2.02
P22225,MA_ROTA,E4065,3,2,2.7
P22227,MA_ROTA,E4066,1,2,1.66
P22228,MA_ROTA,E4067,3,2,0.54
P22229,MA_ROTA,E4068,3,2,1.09
P22230,IG_PLA,E4069,3,2,0.68
P22231,BC_GTMG,E4069,3,2,1.52
P22232,IG_PLA,E4069,3,2,0.1
P22233,IG_PLA,E4069,3,2,0.49
P22234,IG_PLA,E4069,3,2,0.96
P22235,IG_PLA,E4069,3,2,0.16
P22236,IG_PLA,E4069,3,2,1.67
P22237,IG_PLA,E4069,3,2,0.08
P22238,BC_GTMG,E4069,3,2,1.31
P22239,IG_PLA,E4069,3,2,0.03
P22240,IG_PLA,E4069,3,2,0.32
P22241,IG_PLA,E4069,3,2,0.84
P22243,BC_GTMG,E4070,3,2,0.7
P22244,BC_GTMG,E4070,3,2,0.32
P22245,IG_PLA,E4070,3,2,0.14
P22246,BC_GTMG,E4070,3,2,0.68
P22247,IG_PLA,E4070,3,2,0.55
P22248,IG_PLA,E4070,3,2,0.74
P22249,IG_PLA,E4070,3,2,0.41
P22250,BC_GTMG,E4070,3,2,0.39
P22251,IG_PLA,E4070,3,2,1.2
P22252,BC_GTMG,E4070,3,2,0.11
P22253,IG_PLA,E4070,3,2,0.43
P22254,MA_ROTA,E4071,3,2,0.43
P22255,MA_ROTA,E4071,3,2,0.5
P22256,MA_ROTA,E4071,3,2,0.86
P22257,MA_ROTA,E4071,3,2,0.11
P22260,MA_ROTA,E4071,3,2,1.46
P22261,MA_ROTA,E4071,3,2,1.97
P22262,MA_ROTA,E4071,3,2,2.1
P22264,MA_ROTA,E4071,3,2,0.15
P22266,MA_ROTA,E4071,3,2,0.59
P22267,MA_ROTA,E4071,3,2,0.25
P22268,BC_GTMG,E4072,1,2,1.94
P22269,BC_GTMG,E4072,1,2,1.29
P22270,IG_PLA,E4072,1,2,0.55
P22271,IG_PLA,E4072,1,2,0.54
P22272,BC_BT,E4073,4,1,0.8
P22273,BC_BT,E4073,4,1,0.53
P22274,BC_BT,E4073,4,1,1.37
P22276,BC_BT,E4073,4,1,0.3
P22278,BC_BT,E4073,4,1,0.67
P22279,BC_BT,E4073,4,1,0.18
P22280,BC_BT,E4073,4,1,1.07
P22281,BC_BT,E4073,4,1,0.22
P22282,BC_BT,E4073,4,1,1.0
P22283,BC_BT,E4073,4,1,0.19
P22284,BC_BT,E4073,4,1,1.73
P22286,PN_PIQ,E4073,4,1,0.08
P22287,BC_BT,E4073,4,1,0.98
P22289,BC_BT,E4073,4,1,0.41
P22290,BC_BT,E4073,4,1,0.79
P22291,IG_TUT,E4074,4,1,3.68
P22292,IG_TUT,E4074,4,1,0.75
P22293,IG_TUT,E4074,4,1,0.57
P22294,CS_BT_NIM,E4074,4,1,2.99
P22295,PN_PIQ,E4075,7,3,2.09
P22296,PN_PIQ,E4075,7,3,1.11
P22297,MA_TO_CO_JA,E4076,7,3,1.13
P22299,MA_ROTA,E4077,5,1,0.72
P22300,MA_ROTA,E4077,5,1,0.58
P22301,MA_ROTA,E4078,3,2,3.77
P22302,MA_ROTA,E4078,3,2,0.12
P22305,MA_ROTA,E4079,3,2,0.12
P22306,MA_ROTA,E4079,3,2,0.73
P22307,MA_ROTA,E4080,2,2,0.54
P22308,MA_TO_CO_JA,E4081,7,3,0.78
P22309,MA_TO_CO_JA,E4081,7,3,3.06
P22310,MA_TO_CO_JA,E4081,7,3,0.97
P22311,MA_TO_CO_JA,E4081,7,3,0.87
P22312,MA_TO_CO_JA,E4081,7,3,1.48
P22313,MA_TO_CO_JA,E4081,7,3,2.73
P22314,MA_TO_CO_JA,E4081,7,3,0.83
P22315,MA_TO_CO_JA,E4081,7,3,1.18
P22316,MA_TO_CO_JA,E4082,6,1,0.86
P22317,MA_TO_CO_JA,E4082,6,1,0.49
P22318,MA_TO_CO_JA,E4082,6,1,0.89
P22319,MA_TO_CO_JA,E4082,6,1,0.47
P22321,MA_TO_CO_JA,E4082,6,1,2.83
P22322,MA_TO_CO_JA,E4082,6,1,0.43
P22323,MA_ROTA,E4082,6,1,0.56
P22325,MA_ROTA,E4083,2,2,0.86
P22326,MA_ROTA,E4083,2,2,0.04
P22327,MA_ROTA,E4083,2,2,0.65
P22328,MA_ROTA,E4083,2,2,0.25
P22329,MA_ROTA,E4083,2,2,0.04
P22330,MA_ROTA,E4083,2,2,0.26
P22331,MA_ROTA,E4083,2,2,0.05
P22332,MA_ROTA,E4083,2,2,0.16
P22335,MA_ROTA,E4083,2,2,0.1
P22337,PN_PIQ,E4084,2,2,0.3
P22338,MA_ROTA,E4085,3,2,1.25
P22339,MA_TO_CO_JA,E4086,4,1,1.08
P22340,MA_TO_CO_JA,E4086,4,1,0.62
P22341,MA_TO_CO_JA,E4086,4,1,0.69
P22342,PN_PIQ,E4087,2,2,1.39
P22343,PN_PIQ,E4087,2,2,0.86
P22344,BC_GTMG,E4088,3,2,1.1
P22345,BC_GTMG,E4088,3,2,1.4
P22346,MA_ROTA,E4089,4,1,1.0
P22347,PN_PIQ,E4090,4,1,0.66
P22348,PN_PIQ,E4091,4,1,1.12
P22349,PN_PIQ,E4092,5,1,0.13
P22350,PN_PIQ,E4092,5,1,0.59
P22351,PN_PIQ,E4092,5,1,0.56
P22352,PN_PIQ,E4092,5,1,0.93
P22353,PN_PIQ,E4092,5,1,0.56
P22354,PN_PIQ,E4092,5,1,0.52
P22355,PN_PIQ,E4093,7,3,1.49
P22356,IG_PLA,E4093,7,3,0.58
P22357,PN_PIQ,E4093,7,3,1.08
P22358,IG_PLA,E4093,7,3,0.21
P22359,MA_TO_CO_JA,E4094,4,1,0.19
P22360,MA_TO_CO_JA,E4094,4,1,0.25
P22361,MA_TO_CO_JA,E4094,4,1,1.13
P22362,MA_TO_CO_JA,E4094,4,1,0.42
P22363,MA_TO_CO_JA,E4094,4,1,0.52
P22364,MA_TO_CO_JA,E4094,4,1,0.43
P22365,MA_TO_CO_JA,E4094,4,1,2.16
P22366,MA_TO_CO_JA,E4094,4,1,3.11
P22367,MA_TO_CO_JA,E4094,4,1,0.58
P22368,MA_ROTA,E4095,2,2,0.91
P22369,MA_TO_CO_JA,E4096,3,2,0.64
P22370,MA_TO_CO_JA,E4096,3,2,0.67
P22371,MA_TO_CO_JA,E4096,3,2,0.73
P22372,MA_TO_CO_JA,E4096,3,2,0.53
P22373,PN_PIQ,E4097,2,2,0.7
P22374,PN_PIQ,E4097,2,2,0.37
P22375,PN_PIQ,E4097,2,2,0.7
P22376,PN_PIQ,E4097,2,2,1.25
P22377,PN_PIQ,E4097,2,2,0.58
P22378,BC_BT,E4098,5,1,0.43
P22379,BC_BT,E4098,5,1,0.05
P22380,MA_ROTA,E4098,5,1,1.91
P22381,BC_BT,E4098,5,1,0.45
P22382,BC_BT,E4098,5,1,0.15
P22383,BC_BT,E4098,5,1,0.48
P22385,PN_PIQ,E4099,7,3,1.21
P22386,PN_PIQ,E4099,7,3,0.19
P22387,PN_PIQ,E4100,2,2,2.02
P22388,MA_TO_CO_JA,E4101,6,1,0.89
P22389,MA_TO_CO_JA,E4101,6,1,0.76
P22390,MA_TO_CO_JA,E4101,6,1,0.53
P22391,PN_PIQ,E4102,1,2,1.87
P22392,PN_PIQ,E4103,2,2,1.35
P22393,BC_GTMG,E4104,3,2,0.73
P22394,BC_GTMG,E4104,1,2,0.77
P22395,IG_PLA,E4104,3,2,2.54
P22396,IG_PLA,E4104,3,2,1.04
P22397,BC_GTMG,E4104,3,2,0.68
P22398,IG_PLA,E4104,3,2,0.24
P22399,BC_GTMG,E4104,1,2,0.75
P22400,MA_ROTA,E4105,2,2,1.11
P22401,IG_PLA,E4105,2,2,0.53
P22402,MA_ROTA,E4105,2,2,0.58
P22403,MA_ROTA,E4105,2,2,0.18
P22404,IG_PLA,E4105,2,2,0.06
P22405,MA_ROTA,E4105,2,2,0.08
P22406,MA_ROTA,E4106,5,1,0.3
P22407,MA_ROTA,E4106,5,1,0.3
P22408,MA_ROTA,E4106,5,1,0.37
P22409,MA_ROTA,E4106,5,1,0.65
P22410,MA_ROTA,E4106,5,1,0.66
P22411,MA_ROTA,E4106,5,1,0.35
P22413,MA_ROTA,E4106,5,1,0.26
P22414,MA_ROTA,E4106,5,1,0.06
P22415,MA_ROTA,E4106,5,1,0.08
P22416,MA_ROTA,E4106,5,1,0.26
P22417,IG_TUT,E4107,4,1,3.48
P22418,BC_BT,E4107,4,1,0.63
P22419,BC_BT,E4107,4,1,0.8
P22420,BC_BT,E4107,4,1,0.67
P22421,IG_TUT,E4107,4,1,2.77
P22422,BC_BT,E4107,4,1,1.03
P22423,BC_BT,E4107,4,1,0.41
P22425,IG_PLA,E4108,3,2,1.12
P22426,IG_PLA,E4108,3,2,0.65
P22427,IG_PLA,E4108,3,2,0.2
P22429,IG_PLA,E4108,3,2,1.49
P22430,IG_PLA,E4108,3,2,0.09
P22432,MA_ROTA,E4109,2,2,4.05
P22433,MA_ROTA,E4110,2,2,0.26
P22434,MA_ROTA,E4110,2,2,0.32
P22435,PN_PIQ,E4111,2,2,3.42
P22436,PN_PIQ,E4111,2,2,1.07
P22437,PN_PIQ,E4111,2,2,2.19
P22438,PN_PIQ,E4111,2,2,0.99
P22439,PN_PIQ,E4111,2,2,0.7
P22440,PN_PIQ,E4111,2,2,1.44
P22441,PN_PIQ,E4111,2,2,2.0
P22442,PN_PIQ,E4111,2,2,0.38
P22443,PN_PIQ,E4111,2,2,0.71
P22444,PN_PIQ,E4112,1,2,3.88
P22445,PN_PIQ,E4112,1,2,0.41
P22446,PN_PIQ,E4112,1,2,0.14
P22447,PN_PIQ,E4112,1,2,0.13
P22448,PN_PIQ,E4113,1,2,0.78
P22450,PN_PIQ,E4113,1,2,0.76
P22451,PN_PIQ,E4113,1,2,0.43
P22452,BA_PER,E4114,5,1,1.88
P22453,BA_INT,E4114,5,1,2.36
P22454,BA_INT,E4114,5,1,0.54
P22455,BA_INT,E4114,5,1,3.87
P22456,BA_PER,E4114,5,1,0.37
P22458,BA_INT,E4114,5,1,0.88
P22459,BA_PER,E4114,5,1,1.38
P22460,BA_SINT,E4114,5,1,1.47
P22462,BA_SINT,E4114,5,1,0.14
P22463,JA,E4114,5,1,0.99
P22464,BA_INT,E4114,5,1,0.72
P22465,BA_SINT,E4114,5,1,0.34
P22467,JA,E4114,5,1,1.2
P22470,MA_TO_CO_JA,E4114,5,1,1.65
P22471,BA_SINT,E4114,5,1,0.72
P22472,BA_SINT,E4114,5,1,5.08
P22473,PN_PIQ,E4115,4,1,5.85
P22474,PN_PIQ,E4115,4,1,0.24
P22475,PN_PIQ,E4116,2,2,2.36
P22476,PN_PIQ,E4116,2,2,2.21
P22477,PN_PIQ,E4117,2,2,0.75
P22478,PN_PIQ,E4117,2,2,2.56
P22479,PN_PIQ,E4118,1,2,6.01
P22481,MA_ROTA,E4119,5,1,0.42
P22484,MA_ROTA,E4119,5,1,0.42
P22485,MA_ROTA,E4119,5,1,0.13
P22491,MA_ROTA,E4119,5,1,0.52
P22495,MA_ROTA,E4120,5,1,0.4
P22496,BA_PER,E4120,5,1,0.5
P22498,BA_PER,E4120,5,1,0.64
P22500,MA_ROTA,E4120,5,1,0.71
P22503,MA_ROTA,E4120,5,1,0.7
P22504,MA_ROTA,E4120,5,1,0.44
P22505,MA_ROTA,E4120,5,1,0.94
P22506,MA_ROTA,E4120,5,1,0.71
P22507,MA_ROTA,E4120,5,1,0.24
P22508,MA_ROTA,E4120,5,1,0.39
P22509,MA_ROTA,E4120,5,1,1.15
P22511,BA_INT,E4121,5,1,0.42
P22512,JA,E4121,5,1,0.28
P22513,MA_ROTA,E4121,5,1,1.1
P22514,MA_ROTA,E4121,5,1,0.31
P22515,MA_ROTA,E4121,5,1,0.31
P22516,MA_ROTA,E4121,5,1,0.37
P22517,BA_INT,E4121,5,1,0.28
P22518,MA_TO_CO_JA,E4122,4,1,2.37
P22519,PN_PIQ,E4123,3,2,0.58
P22520,PN_PIQ,E4124,3,2,0.18
P22521,BC_GTMG,E4125,3,2,0.37
P22522,BC_GTMG,E4125,3,2,2.55
P22523,BC_GTMG,E4125,3,2,0.77
P22524,BC_GTMG,E4125,3,2,1.06
P22525,IG_PLA,E4126,3,2,1.64
P22526,MA_ROTA,E4126,3,2,0.5
P22527,MA_ROTA,E4126,3,2,0.76
P22528,PN_PIQ,E4127,3,2,0.93
P22529,PN_PIQ,E4127,3,2,0.19
P22530,AG,E4128,6,1,0.57
P22531,AG,E4128,6,1,1.97
P22532,AG,E4128,6,1,2.09
P22533,MA_ROTA,E4128,6,1,2.22
P22534,AG,E4128,6,1,1.51
P22535,MA_ROTA,E4128,6,1,2.22
P22536,MA_ROTA,E4128,6,1,0.85
P22537,MA_ROTA,E4128,6,1,1.04
P22538,MA_ROTA,E4128,6,1,2.18
P22539,MA_ROTA,E4128,6,1,1.04
P22540,MA_ROTA,E4128,6,1,0.28
P22541,MA_ROTA,E4128,6,1,0.32
P22542,MA_ROTA,E4129,5,1,0.71
P22543,MA_ROTA,E4129,5,1,0.22
P22544,MA_ROTA,E4129,5,1,0.53
P22545,MA_ROTA,E4129,5,1,0.51
P22546,MA_ROTA,E4130,3,2,3.47
P22547,MA_ROTA,E4130,3,2,0.64
P22548,MA_ROTA,E4130,3,2,0.52
P22549,MA_ROTA,E4130,3,2,0.27
P22550,MA_ROTA,E4130,3,2,0.61
P22551,PN_PIQ,E4131,7,3,0.15
P22552,PN_PIQ,E4131,7,3,0.12
P22553,PN_PIQ,E4131,7,3,1.2
P22554,PN_PIQ,E4131,7,3,0.1
P22555,PN_PIQ,E4131,7,3,0.82
P22557,MA_TO_CO_JA,E4132,6,1,0.04
P22560,MA_TO_CO_JA,E4132,6,1,0.34
P22562,MA_ROTA,E4132,6,1,1.5
P22563,MA_TO_CO_JA,E4132,6,1,0.7
P22564,MA_ROTA,E4132,6,1,0.5
P22565,MA_ROTA,E4132,6,1,1.03
P22566,MA_ROTA,E4132,6,1,0.19
P22567,MA_ROTA,E4132,6,1,0.28
P22568,MA_TO_CO_JA,E4132,6,1,0.27
P22569,MA_ROTA,E4132,6,1,1.39
P22570,MA_TO_CO_JA,E4132,6,1,0.3
P22571,MA_TO_CO_JA,E4132,6,1,0.51
P22572,MA_TO_CO_JA,E4132,6,1,0.74
P22573,MA_TO_CO_JA,E4132,6,1,0.38
P22574,MA_TO_CO_JA,E4132,6,1,0.76
P22578,MA_TO_CO_JA,E4132,6,1,0.28
P22582,MA_TO_CO_JA,E4132,6,1,0.9
P22583,MA_TO_CO_JA,E4132,6,1,0.72
P22584,MA_TO_CO_JA,E4132,6,1,0.98
P22585,MA_TO_CO_JA,E4132,6,1,0.76
P22586,MA_TO_CO_JA,E4132,6,1,0.7
P22588,MA_TO_CO_JA,E4132,6,1,0.47
P22589,MA_TO_CO_JA,E4132,6,1,0.26
P22590,MA_ROTA,E4132,6,1,0.49
P22591,MA_TO_CO_JA,E4132,6,1,0.82
P22592,MA_TO_CO_JA,E4132,6,1,0.18
P22593,MA_ROTA,E4132,6,1,0.66
P22594,MA_ROTA,E4132,6,1,0.59
P22595,MA_TO_CO_JA,E4132,6,1,0.46
P22596,MA_TO_CO_JA,E4132,6,1,0.07
P22597,MA_TO_CO_JA,E4132,6,1,0.51
P22598,MA_TO_CO_JA,E4132,6,1,0.33
P22599,MA_TO_CO_JA,E4132,6,1,0.62
P22600,PN_PIQ,E4133,2,2,0.34
P22601,PN_PIQ,E4133,2,2,0.88
P22602,MA_ROTA,E4134,4,1,2.2
P22603,MA_ROTA,E4134,4,1,2.67
P22604,MA_TO_CO_JA,E4135,6,1,3.01
P22605,MA_TO_CO_JA,E4135,6,1,1.63
P22606,MA_ROTA,E4136,3,2,5.26
P22608,MA_ROTA,E4136,3,2,2.19
P22609,MA_ROTA,E4136,3,2,0.26
P22610,MA_ROTA,E4136,3,2,1.44
P22611,PN_PIQ,E4137,3,2,0.12
P22612,PN_PIQ,E4137,3,2,0.35
P22613,PN_PIQ,E4137,3,2,0.81
P22614,MA_TO_CO_JA,E4138,3,2,2.68
P22615,MA_ROTA,E4139,3,2,1.06
P22616,MA_ROTA,E4139,3,2,1.38
P22617,MA_ROTA,E4139,3,2,0.74
P22619,MA_ROTA,E4140,5,1,0.14
P22620,MA_ROTA,E4140,5,1,0.25
P22621,MA_ROTA,E4140,5,1,1.27
P22622,MA_ROTA,E4140,5,1,0.18
P22625,MA_ROTA,E4140,5,1,0.76
P22626,PN_PIQ,E4141,7,3,2.08
P22627,PN_PIQ,E4141,7,3,1.4
P22628,PN_PIQ,E4141,7,3,3.14
P22629,PN_PIQ,E4141,7,3,1.02
P22630,MA_TO_CO_JA,E4142,3,2,0.67
P22632,MA_TO_CO_JA,E4142,3,2,0.12
P22635,MA_TO_CO_JA,E4142,3,2,3.33
P22637,MA_TO_CO_JA,E4142,3,2,0.6
P22638,MA_ROTA,E4142,3,2,5.39
P22639,MA_ROTA,E4142,3,2,1.97
P22640,MA_ROTA,E4142,3,2,0.4
P22641,MA_TO_CO_JA,E4143,7,3,0.57
P22642,MA_TO_CO_JA,E4143,7,3,0.17
P22643,MA_TO_CO_JA,E4143,7,3,0.81
P22644,PN_PIQ,E4144,2,2,1.99
P22645,PN_PIQ,E4144,2,2,2.06
P22646,MA_TO_CO_JA,E4145,4,1,0.73
P22647,MA_TO_CO_JA,E4145,4,1,0.64
P22648,MA_TO_CO_JA,E4146,4,1,9.32
P22649,MA_TO_CO_JA,E4146,4,1,1.99
P22650,PN_PIQ,E4147,2,2,1.32
P22651,PN_PIQ,E4148,1,2,0.7
P22652,PN_PIQ,E4149,2,2,3.83
P22653,PN_PIQ,E4149,2,2,0.69
P22654,MA_TO_CO_JA,E4150,7,3,0.41
P22655,PN_PIQ,E4151,7,3,2.1
P22656,PN_PIQ,E4151,7,3,0.7
P22657,PN_PIQ,E4151,7,3,1.75
P22658,PN_PIQ,E4152,7,3,0.72
P22659,PN_PIQ,E4152,7,3,1.68
P22660,PN_PIQ,E4152,7,3,0.9
P22661,PN_PIQ,E4153,7,3,0.64
P22662,IG_PLA,E4153,7,3,0.67
P22663,IG_PLA,E4153,7,3,0.39
P22664,PN_PIQ,E4153,7,3,0.62
P22665,IG_PLA,E4153,7,3,0.66
P22666,PN_PIQ,E4153,7,3,0.4
P22667,MA_TO_CO_JA,E4154,7,3,0.43
P22668,MA_TO_CO_JA,E4154,7,3,0.7
P22669,MA_TO_CO_JA,E4154,7,3,0.96
P22670,MA_TO_CO_JA,E4154,7,3,0.28
P22671,MA_TO_CO_JA,E4154,7,3,0.13
P22672,PN_PIQ,E4155,3,2,1.61
P22673,PN_PIQ,E4155,3,2,1.98
P22674,PN_PIQ,E4155,3,2,0.42
P22675,PN_PIQ,E4155,3,2,2.71
P22676,PN_PIQ,E4155,3,2,0.63
P22677,PN_PIQ,E4155,3,2,0.67
P22678,PN_PIQ,E4155,3,2,10.49
P22679,PN_PIQ,E4155,3,2,0.42
P22682,PN_PIQ,E4155,3,2,0.6
P22685,PN_PIQ,E4155,3,2,0.85
P22686,PN_PIQ,E4155,3,2,2.01
P22687,PN_PIQ,E4155,3,2,1.49
P22688,PN_PIQ,E4155,3,2,2.67
P22689,PN_PIQ,E4155,3,2,0.56
P22690,PN_PIQ,E4156,2,2,0.36
P22691,IG_TUT,E4157,4,1,1.11
P22692,CS_BT_NIM,E4157,4,1,0.17
P22693,IG_TUT,E4157,4,1,0.12
P22694,BC_BT,E4157,4,1,0.59
P22695,IG_TUT,E4157,4,1,0.24
P22696,MA_ROTA,E4158,4,1,1.72
P22697,MA_TO_CO_JA,E4158,4,1,0.08
P22698,MA_ROTA,E4158,4,1,1.46
P22699,MA_TO_CO_JA,E4158,4,1,0.08
P22700,MA_TO_CO_JA,E4158,4,1,1.92
P22701,MA_TO_CO_JA,E4158,4,1,0.06
P22702,MA_TO_CO_JA,E4158,4,1,0.15
P22703,MA_ROTA,E4158,4,1,0.09
P22704,MA_ROTA,E4158,4,1,0.54
P22706,MA_ROTA,E4158,4,1,1.42
P22707,MA_ROTA,E4158,4,1,1.14
P22708,PN_PIQ,E4159,1,2,0.45
P22709,PN_PIQ,E4160,7,3,0.57
P22710,PN_PIQ,E4160,7,3,1.31
P22711,MA_TO_CO_JA,E4161,4,1,1.81
P22712,MA_TO_CO_JA,E4161,4,1,0.49
P22713,MA_TO_CO_JA,E4161,4,1,0.91
P22714,MA_TO_CO_JA,E4161,4,1,0.66
P22715,MA_ROTA,E4162,1,2,0.28
P22716,MA_ROTA,E4162,1,2,0.67
P22717,MA_ROTA,E4162,1,2,0.53
P22718,MA_ROTA,E4162,1,2,0.44
P22719,MA_ROTA,E4162,1,2,1.22
P22720,MA_ROTA,E4162,1,2,0.06
P22721,MA_ROTA,E4162,1,2,0.02
P22722,PN_PIQ,E4163,1,2,1.3
P22724,PN_PIQ,E4163,1,2,0.34
P22725,PN_PIQ,E4163,1,2,0.57
P22726,PN_PIQ,E4163,1,2,1.16
P22728,PN_PIQ,E4163,1,2,1.66
P22729,PN_PIQ,E4163,1,2,1.1
P22730,PN_PIQ,E4163,1,2,0.72
P22733,PN_PIQ,E4163,1,2,0.14
P22734,PN_PIQ,E4163,1,2,0.27
P22735,PN_PIQ,E4164,7,3,1.98
P22736,PN_PIQ,E4165,2,2,4.76
P22737,BC_GTMG,E4166,3,2,1.01
P22738,IG_PLA,E4166,3,2,2.42
P22739,IG_PLA,E4166,3,2,1.79
P22740,BC_GTMG,E4166,3,2,2.8
P22741,IG_PLA,E4166,3,2,1.31
P22742,MA_TO_CO_JA,E4167,7,3,0.39
P22743,MA_TO_CO_JA,E4167,7,3,0.45
P22745,MA_ROTA,E4168,5,1,0.43
P22746,MA_ROTA,E4168,5,1,0.66
P22747,IG_PLA,E4169,2,2,4.41
P22748,BC_GTMG,E4169,2,2,2.5
P22749,PN_PIQ,E4170,4,1,1.45
P22750,PN_PIQ,E4170,4,1,0.21
P22751,PN_PIQ,E4170,4,1,1.31
P22752,PN_PIQ,E4170,4,1,0.3
P22753,PN_PIQ,E4170,4,1,2.2
P22754,PN_PIQ,E4170,4,1,0.17
P22755,PN_PIQ,E4170,4,1,0.2
P22756,PN_PIQ,E4170,4,1,1.03
P22757,PN_PIQ,E4170,4,1,0.97
P22758,PN_PIQ,E4170,4,1,0.95
P22759,MA_ROTA,E4171,3,2,1.13
P22760,MA_ROTA,E4172,2,2,1.18
P22762,MA_ROTA,E4173,3,2,4.31
P22763,MA_ROTA,E4173,3,2,1.33
P22764,MA_ROTA,E4173,3,2,0.34
P22768,MA_ROTA,E4173,3,2,0.74
P22770,BC_GTMG,E4174,3,2,0.29
P22771,IG_PLA,E4174,3,2,0.19
P22772,IG_PLA,E4174,3,2,1.0
P22773,BC_GTMG,E4174,3,2,1.98
P22774,IG_PLA,E4174,3,2,1.59
P22775,IG_PLA,E4174,3,2,1.26
P22776,BC_GTMG,E4174,3,2,1.31
P22777,BC_GTMG,E4174,3,2,0.44
P22778,IG_PLA,E4174,3,2,0.75
P22779,IG_PLA,E4174,3,2,0.79
P22780,MA_TO_CO_JA,E4175,3,2,1.18
P22782,PN_PIQ,E4176,3,2,0.82
P22783,PN_PIQ,E4176,3,2,0.47
P22784,PN_PIQ,E4176,3,2,0.57
P22786,JA,E4177,5,1,1.29
P22787,BA_INT,E4177,5,1,0.49
P22788,BA_INT,E4177,5,1,2.09
P22789,BA_INT,E4177,5,1,0.82
P22791,BA_INT,E4177,5,1,0.53
P22792,BA_INT,E4177,5,1,1.65
P22793,BA_INT,E4177,5,1,1.76
P22795,JA,E4177,5,1,0.85
P22796,JA,E4177,5,1,0.55
P22798,BA_INT,E4177,5,1,1.34
P22799,BA_INT,E4177,5,1,1.88
P22800,BA_INT,E4177,5,1,2.15
P22801,MA_TO_CO_JA,E4178,4,1,2.94
P22802,IG_PLA,E4179,7,3,0.82
P22803,PN_PIQ,E4179,7,3,0.35
P22804,BC_GTMG,E4179,7,3,0.24
P22805,MA_TO_CO_JA,E4180,4,1,0.57
P22807,MA_TO_CO_JA,E4180,4,1,0.69
P22808,MA_TO_CO_JA,E4180,4,1,0.14
P22809,MA_TO_CO_JA,E4180,4,1,0.67
P22810,MA_TO_CO_JA,E4180,4,1,0.58
P22812,MA_TO_CO_JA,E4180,4,1,0.24
P22813,PN_PIQ,E4181,7,3,1.15
P22814,IG_PLA,E4181,7,3,0.1
P22815,BC_GTMG,E4182,3,2,0.23
P22816,BC_GTMG,E4182,3,2,0.34
P22817,BC_GTMG,E4182,3,2,0.38
P22818,BC_GTMG,E4182,3,2,0.45
P22819,IG_PLA,E4182,3,2,2.28
P22820,PN_PIQ,E4183,7,3,0.97
P22821,PN_PIQ,E4183,7,3,2.24
P22822,PN_PIQ,E4183,7,3,0.66
P22823,PN_PIQ,E4183,7,3,1.04
P22824,PN_PIQ,E4183,7,3,0.28
P22825,MA_TO_CO_JA,E4184,7,3,0.43
P22826,MA_TO_CO_JA,E4184,7,3,0.57
P22827,MA_TO_CO_JA,E4184,7,3,0.25
P22828,MA_TO_CO_JA,E4184,7,3,0.2
P22829,MA_TO_CO_JA,E4184,7,3,1.29
P22830,MA_TO_CO_JA,E4184,7,3,0.32
P22831,PN_PIQ,E4185,7,3,0.34
P22832,PN_PIQ,E4185,7,3,0.35
P22833,MA_TO_CO_JA,E4186,7,3,0.69
P22834,MA_TO_CO_JA,E4186,7,3,0.19
P22835,MA_TO_CO_JA,E4186,7,3,0.39
P22836,MA_TO_CO_JA,E4187,7,3,0.18
P22837,MA_ROTA,E4188,2,2,0.79
P22838,MA_ROTA,E4188,2,2,0.37
P22839,MA_ROTA,E4188,2,2,0.2
P22840,MA_TO_CO_JA,E4189,7,3,0.93
P22841,MA_ROTA,E4190,4,1,2.39
P22842,MA_ROTA,E4190,4,1,2.56
P22843,MA_ROTA,E4190,4,1,1.52
P22844,MA_ROTA,E4190,4,1,2.03
P22845,MA_TO_CO_JA,E4191,4,1,1.06
P22846,MA_ROTA,E4192,6,1,1.55
P22847,MA_ROTA,E4193,3,2,1.51
P22848,IG_PLA,E4194,3,2,1.0
P22849,IG_PLA,E4194,3,2,0.38
P22850,IG_PLA,E4194,3,2,0.07
P22851,IG_PLA,E4194,3,2,0.28
P22852,IG_PLA,E4194,3,2,0.1
P22853,IG_PLA,E4194,3,2,0.07
P22854,BC_GTMG,E4194,3,2,1.0
P22855,MA_TO_CO_JA,E4195,3,2,1.36
P22856,BC_BT,E4196,4,1,0.48
P22857,BC_BT,E4196,4,1,1.12
P22858,BC_BT,E4196,4,1,0.78
P22859,BC_BT,E4196,4,1,0.51
P22860,MA_ROTA,E4197,3,2,6.54
P22861,MA_ROTA,E4197,3,2,2.98
P22862,MA_ROTA,E4197,3,2,4.53
P22863,MA_ROTA,E4197,3,2,2.61
P22864,MA_ROTA,E4197,3,2,1.25
P22865,PN_PIQ,E4198,7,3,0.18
P22866,PN_PIQ,E4198,7,3,0.57
P22867,PN_PIQ,E4198,7,3,0.84
P22868,PN_PIQ,E4198,7,3,0.74
P22869,PN_PIQ,E4198,7,3,0.04
P22870,PN_PIQ,E4199,7,3,1.01
P22871,PN_PIQ,E4199,7,3,1.46
P22872,PN_PIQ,E4199,7,3,0.25
P22873,PN_PIQ,E4199,7,3,0.26
P22874,PN_PIQ,E4199,7,3,0.26
P22875,IG_PLA,E4200,7,3,0.62
P22876,PN_PIQ,E4200,7,3,0.61
P22877,IG_PLA,E4200,7,3,0.38
P22878,MA_TO_CO_JA,E4201,4,1,0.55
P22879,MA_TO_CO_JA,E4201,4,1,0.98
P22880,MA_TO_CO_JA,E4201,4,1,0.51
P22881,IG_TUT,E4202,4,1,0.62
P22882,CS_BT_NIM,E4202,4,1,1.25
P22883,BC_GTMG,E4203,3,2,1.03
P22884,BC_GTMG,E4203,3,2,0.55
P22885,BC_GTMG,E4203,3,2,1.34
P22886,BC_GTMG,E4203,3,2,0.82
P22887,BC_GTMG,E4203,3,2,0.44
P22888,MA_ROTA,E4204,2,2,1.4
P22889,MA_ROTA,E4204,2,2,0.86
P22890,MA_ROTA,E4204,2,2,1.12
P22891,MA_ROTA,E4204,2,2,0.43
P22892,MA_ROTA,E4204,2,2,0.52
P22893,MA_ROTA,E4204,2,2,0.28
P22894,MA_ROTA,E4204,2,2,0.2
P22895,PN_PIQ,E4205,7,3,1.89
P22896,MA_TO_CO_JA,E4206,7,3,2.92
P22897,MA_TO_CO_JA,E4206,7,3,3.16
P22898,MA_TO_CO_JA,E4206,7,3,3.61
P22899,MA_TO_CO_JA,E4206,7,3,1.75
P22900,MA_TO_CO_JA,E4207,4,1,3.2
P22901,MA_TO_CO_JA,E4207,4,1,1.97
P22902,MA_TO_CO_JA,E4207,4,1,0.22
P22903,MA_TO_CO_JA,E4207,4,1,0.27
P22904,MA_TO_CO_JA,E4207,4,1,0.7
P22907,MA_TO_CO_JA,E4207,4,1,0.95
P22908,MA_TO_CO_JA,E4207,4,1,0.42
P22909,PN_PIQ,E4208,2,2,0.22
P22910,PN_PIQ,E4208,2,2,1.36
P22911,PN_PIQ,E4209,1,2,1.18
P22912,IG_PLA,E4210,3,2,0.92
P22913,BC_GTMG,E4210,3,2,0.17
P22914,IG_PLA,E4210,3,2,0.6
P22915,BC_GTMG,E4210,3,2,0.41
P22916,BC_GTMG,E4210,3,2,0.33
P22917,BC_GTMG,E4210,3,2,0.16
P22918,BC_GTMG,E4210,3,2,1.52
P22919,IG_PLA,E4210,3,2,0.31
P22920,IG_PLA,E4210,3,2,0.79
P22921,IG_PLA,E4210,3,2,1.95
P22923,PN_PIQ,E4211,1,2,3.56
P22924,PN_PIQ,E4211,1,2,0.26
P22925,MA_TO_CO_JA,E4212,3,2,0.4
P22926,MA_TO_CO_JA,E4212,3,2,1.45
P22927,BA_INT,E4213,4,1,0.65
P22928,IG_TUT,E4213,4,1,0.07
P22929,JA,E4213,4,1,0.1
P22930,JA,E4213,4,1,0.11
P22931,IG_TUT,E4213,4,1,1.1
P22933,IG_TUT,E4213,4,1,0.24
P22934,IG_TUT,E4213,4,1,0.04
P22936,BC_GTMG,E4215,3,2,0.67
P22937,BC_GTMG,E4215,3,2,0.9
P22938,BC_GTMG,E4215,3,2,1.12
P22939,BC_GTMG,E4215,3,2,2.79
P22940,BC_GTMG,E4215,3,2,1.3
P22941,BC_GTMG,E4215,3,2,0.22
P22942,BC_GTMG,E4215,3,2,0.78
P22943,BC_GTMG,E4215,3,2,0.45
P22944,IG_PLA,E4216,3,2,0.5
P22945,BC_GTMG,E4216,3,2,3.11
P22946,BC_GTMG,E4216,3,2,0.08
P22948,IG_PLA,E4216,3,2,0.12
P22949,IG_PLA,E4216,3,2,0.14
P22950,IG_PLA,E4216,3,2,0.12
P22951,IG_PLA,E4216,3,2,1.39
P22952,IG_PLA,E4216,3,2,0.71
P22953,IG_PLA,E4216,3,2,1.45
P22954,BC_GTMG,E4216,3,2,2.79
P22955,IG_PLA,E4216,3,2,0.47
P22956,IG_PLA,E4216,3,2,0.31
P22957,IG_PLA,E4216,3,2,1.22
P22958,IG_PLA,E4216,3,2,0.37
P22961,MA_TO_CO_JA,E4217,6,1,0.52
P22963,MA_TO_CO_JA,E4218,4,1,1.43
P22964,MA_TO_CO_JA,E4218,4,1,0.94
P22965,MA_TO_CO_JA,E4218,4,1,0.51
P22966,MA_ROTA,E4219,3,2,1.33
P22967,MA_ROTA,E4219,3,2,2.24
P22969,MA_ROTA,E4219,3,2,1.77
P22970,MA_TO_CO_JA,E4220,4,1,1.17
P22971,PN_PIQ,E4221,2,2,1.22
P22972,PN_PIQ,E4222,4,1,0.52
P22973,PN_PIQ,E4222,7,3,0.59
P22974,CS_BT_NIM,E4223,4,1,1.05
P22975,IG_TUT,E4223,4,1,0.34
P22978,PN_PIQ,E4225,2,2,0.71
P22979,PN_PIQ,E4226,2,2,3.33
P22980,MA_ROTA,E4227,1,2,0.42
P22981,PN_PIQ,E4228,2,2,1.44
P22982,MA_TO_CO_JA,E4229,5,1,1.37
P22983,MA_ROTA,E4230,3,2,0.8
P22984,MA_ROTA,E4230,3,2,3.2
P22985,MA_ROTA,E4230,3,2,1.45
P22986,MA_ROTA,E4230,3,2,0.38
P22987,MA_ROTA,E4230,3,2,0.31
P22988,MA_ROTA,E4230,3,2,1.27
P22989,MA_ROTA,E4231,4,1,2.56
P22990,MA_ROTA,E4231,4,1,4.05
P22992,MA_ROTA,E4232,2,2,1.11
P22993,MA_ROTA,E4232,2,2,0.53
P22994,MA_ROTA,E4232,2,2,0.31
P22995,MA_ROTA,E4232,2,2,0.39
P22997,PN_PIQ,E4233,1,2,0.8
P22998,PN_PIQ,E4233,1,2,2.22
P22999,MA_TO_CO_JA,E4234,6,1,0.15
P23000,MA_ROTA,E4235,2,2,1.05
P23001,BC_GTMG,E4236,2,2,0.86
P23002,BC_GTMG,E4236,2,2,0.26
P23003,IG_PLA,E4236,2,2,0.93
P23004,IG_PLA,E4236,2,2,0.34
P23005,BC_GTMG,E4236,2,2,0.57
P23006,IG_PLA,E4236,2,2,0.23
P23009,PN_PIQ,E4237,3,2,0.99
P23010,PN_PIQ,E4238,2,2,0.56
P23011,PN_PIQ,E4238,2,2,0.35
P23012,MA_TO_CO_JA,E4239,4,1,0.51
P23013,MA_TO_CO_JA,E4239,4,1,0.54
P23014,MA_ROTA,E4239,4,1,0.76
P23016,MA_TO_CO_JA,E4239,4,1,0.54
P23017,MA_TO_CO_JA,E4239,4,1,0.34
P23018,MA_TO_CO_JA,E4239,4,1,0.24
P23019,MA_TO_CO_JA,E4239,4,1,0.32
P23020,MA_TO_CO_JA,E4239,4,1,0.77
P23021,BC_GTMG,E4240,2,2,0.4
P23022,IG_PLA,E4240,2,2,1.11
P23023,IG_PLA,E4240,2,2,0.55
P23025,IG_PLA,E4240,2,2,0.42
P23027,BC_GTMG,E4240,2,2,1.07
P23028,IG_PLA,E4240,2,2,0.48
P23029,IG_PLA,E4240,2,2,1.63
P23030,IG_PLA,E4240,2,2,0.5
P23031,IG_PLA,E4240,2,2,1.63
P23032,MA_ROTA,E4241,2,2,0.93
P23033,MA_ROTA,E4241,2,2,1.8
P23034,MA_ROTA,E4241,2,2,9.01
P23035,MA_ROTA,E4241,2,2,27.8
P23036,MA_ROTA,E4241,2,2,0.99
P23037,MA_ROTA,E4241,2,2,2.55
P23038,PN_PIQ,E4242,2,2,3.78
P23039,PN_PIQ,E4243,4,1,3.18
P23040,MA_ROTA,E4244,4,1,0.29
P23041,MA_ROTA,E4244,4,1,0.23
P23042,MA_ROTA,E4244,4,1,0.32
P23044,MA_ROTA,E4244,4,1,0.2
P23045,MA_ROTA,E4244,4,1,0.61
P23046,MA_ROTA,E4244,4,1,0.32
P23047,MA_ROTA,E4244,4,1,0.13
P23049,MA_ROTA,E4244,4,1,0.74
P23050,MA_ROTA,E4244,4,1,0.66
P23051,MA_ROTA,E4244,4,1,0.92
P23053,MA_ROTA,E4244,4,1,0.5
P23054,MA_ROTA,E4244,4,1,0.79
P23055,MA_ROTA,E4244,4,1,0.8
P23056,MA_TO_CO_JA,E4245,6,1,0.37
P23057,MA_TO_CO_JA,E4245,6,1,0.25
P23060,MA_TO_CO_JA,E4245,6,1,0.46
P23063,MA_TO_CO_JA,E4246,4,1,0.25
P23064,MA_TO_CO_JA,E4246,4,1,0.06
P23065,MA_TO_CO_JA,E4246,4,1,0.15
P23066,MA_TO_CO_JA,E4246,4,1,0.5
P23067,MA_TO_CO_JA,E4247,4,1,0.63
P23068,MA_TO_CO_JA,E4247,4,1,0.35
P23070,AG,E4248,6,1,0.41
P23071,AG,E4248,6,1,0.46
P23072,PN_PIQ,E4249,4,1,1.88
P23073,MA_TO_CO_JA,E4250,3,2,1.31
P23074,MA_ROTA,E4250,3,2,0.33
P23076,MA_ROTA,E4250,3,2,0.36
P23077,MA_ROTA,E4250,3,2,1.05
P23079,MA_ROTA,E4250,3,2,0.18
P23081,BA_INT,E4251,5,1,1.37
P23082,JA,E4251,5,1,0.35
P23084,MA_TO_CO_JA,E4251,5,1,1.49
P23085,BA_SINT,E4251,5,1,1.66
P23087,MA_TO_CO_JA,E4252,4,1,0.42
P23088,MA_TO_CO_JA,E4252,4,1,0.39
P23089,MA_TO_CO_JA,E4252,4,1,0.22
P23090,MA_ROTA,E4253,5,1,1.12
P23091,MA_ROTA,E4253,5,1,0.49
P23092,MA_ROTA,E4253,5,1,0.27
P23093,MA_ROTA,E4253,5,1,1.14
P23094,PN_PIQ,E4254,1,2,1.02
P23095,PN_PIQ,E4255,4,1,2.69
P23096,PN_PIQ,E4255,4,1,1.12
P23097,PN_PIQ,E4255,4,1,3.3
P23098,PN_PIQ,E4255,4,1,0.08
P23100,BA_INT,E4256,5,1,0.39
P23102,BA_INT,E4256,5,1,0.36
P23103,BA_INT,E4256,5,1,0.79
P23104,BA_INT,E4256,5,1,4.21
P23105,BA_INT,E4256,5,1,0.26
P23106,BA_INT,E4256,5,1,0.33
P23107,BA_INT,E4256,5,1,0.65
P23108,BA_INT,E4256,5,1,0.6
P23109,JA,E4256,5,1,1.55
P23110,BA_INT,E4256,5,1,0.85
P23111,JA,E4256,5,1,1.03
P23112,BA_INT,E4256,5,1,1.4
P23114,PN_PIQ,E4257,3,2,0.93
P23115,PN_PIQ,E4257,3,2,0.09
P23116,PN_PIQ,E4257,3,2,0.07
P23117,PN_PIQ,E4257,3,2,0.57
P23118,PN_PIQ,E4257,3,2,1.35
P23119,BC_GTMG,E4258,3,2,1.84
P23120,BC_GTMG,E4258,3,2,0.65
P23121,BC_GTMG,E4258,3,2,1.58
P23122,BC_GTMG,E4258,3,2,1.62
P23123,BC_GTMG,E4258,3,2,0.86
P23124,BC_GTMG,E4258,3,2,0.37
P23125,BC_GTMG,E4258,3,2,5.91
P23126,PN_PIQ,E4259,2,2,0.81
P23127,PN_PIQ,E4260,4,1,0.59
P23128,PN_PIQ,E4260,4,1,0.24
P23129,IG_PLA,E4261,7,3,0.52
P23130,IG_PLA,E4261,7,3,0.09
P23131,PN_PIQ,E4261,7,3,0.25
P23132,IG_PLA,E4261,7,3,0.23
P23133,PN_PIQ,E4261,7,3,0.45
P23134,PN_PIQ,E4262,7,3,0.64
P23135,PN_PIQ,E4262,7,3,0.22
P23136,PN_PIQ,E4262,7,3,0.23
P23137,PN_PIQ,E4263,2,2,0.29
P23138,PN_PIQ,E4264,2,2,1.3
P23139,PN_PIQ,E4265,1,2,1.95
P23140,PN_PIQ,E4265,1,2,1.37
P23141,PN_PIQ,E4265,1,2,1.01
P23142,PN_PIQ,E4265,1,2,1.59
P23143,PN_PIQ,E4266,1,2,1.07
P23144,MA_ROTA,E4267,3,2,0.33
P23145,MA_ROTA,E4267,3,2,0.21
P23146,MA_TO_CO_JA,E4267,3,2,2.67
P23149,PN_PIQ,E4268,2,2,1.14
P23150,PN_PIQ,E4268,2,2,1.05
P23151,MA_TO_CO_JA,E4269,4,1,1.92
P23152,MA_TO_CO_JA,E4270,4,1,3.1
P23153,MA_TO_CO_JA,E4270,4,1,0.5
P23154,MA_TO_CO_JA,E4270,4,1,1.45
P23155,MA_TO_CO_JA,E4270,4,1,2.42
P23156,BC_GTMG,E4271,3,2,2.52
P23157,IG_PLA,E4271,3,2,1.23
P23158,MA_ROTA,E4272,2,2,0.87
P23159,MA_ROTA,E4273,2,2,0.46
P23160,MA_ROTA,E4273,2,2,0.66
P23161,MA_ROTA,E4273,2,2,0.17
P23162,PN_PIQ,E4274,2,2,0.41
P23163,PN_PIQ,E4274,2,2,0.42
P23164,PN_PIQ,E4274,2,2,0.49
P23165,PN_PIQ,E4274,2,2,0.91
P23166,PN_PIQ,E4274,2,2,2.7
P23167,PN_PIQ,E4274,2,2,0.52
P23168,AN_PA,E4275,4,1,1.33
P23169,IG_TUT,E4275,4,1,0.84
P23170,AN_PA,E4275,4,1,0.16
P23171,AN_PA,E4275,4,1,1.17
P23172,IG_TUT,E4275,4,1,0.15
P23173,AN_PA,E4275,4,1,1.74
P23174,MA_ROTA,E4275,4,1,11.18
P23175,IG_TUT,E4275,4,1,2.04
P23176,MA_TO_CO_JA,E4276,5,1,1.28
P23177,MA_ROTA,E4277,3,2,0.9
P23178,MA_ROTA,E4277,3,2,0.8
P23179,MA_ROTA,E4278,2,2,1.4
P23180,MA_ROTA,E4278,2,2,1.67
P23182,MA_ROTA,E4279,5,1,0.56
P23186,MA_ROTA,E4279,5,1,0.52
P23188,MA_ROTA,E4279,5,1,0.49
P23190,MA_TO_CO_JA,E4279,5,1,1.36
P23191,MA_ROTA,E4279,5,1,0.16
P23193,MA_ROTA,E4279,5,1,0.49
P23197,MA_ROTA,E4279,5,1,0.13
P23201,MA_ROTA,E4280,3,2,0.62
P23202,MA_ROTA,E4280,3,2,2.33
P23203,MA_TO_CO_JA,E4281,4,1,8.82
P23204,MA_TO_CO_JA,E4281,4,1,4.91
P23205,MA_TO_CO_JA,E4281,4,1,0.8
P23206,MA_TO_CO_JA,E4281,4,1,4.04
P23207,MA_TO_CO_JA,E4281,4,1,2.13
P23208,MA_TO_CO_JA,E4281,4,1,2.11
P23209,MA_TO_CO_JA,E4281,4,1,0.62
P23210,MA_TO_CO_JA,E4281,4,1,0.48
P23211,MA_TO_CO_JA,E4281,4,1,3.03
P23212,MA_TO_CO_JA,E4281,4,1,1.5
P23213,MA_ROTA,E4282,3,2,1.02
P23214,MA_ROTA,E4282,3,2,0.81
P23215,MA_TO_CO_JA,E4283,7,3,0.71
P23216,MA_TO_CO_JA,E4283,7,3,0.58
P23217,MA_TO_CO_JA,E4284,7,3,1.19
P23218,MA_TO_CO_JA,E4284,7,3,5.54
P23219,MA_TO_CO_JA,E4284,7,3,4.87
P23220,MA_TO_CO_JA,E4284,7,3,3.72
P23221,MA_TO_CO_JA,E4284,7,3,0.34
P23222,MA_TO_CO_JA,E4284,7,3,0.53
P23223,PN_PIQ,E4285,7,3,0.19
P23224,PN_PIQ,E4285,7,3,0.3
P23225,PN_PIQ,E4285,7,3,1.0
P23226,PN_PIQ,E4285,7,3,0.27
P23227,PN_PIQ,E4285,7,3,0.46
P23228,PN_PIQ,E4285,7,3,0.23
P23229,BC_GTMG,E4286,2,2,0.31
P23230,IG_PLA,E4286,2,2,0.52
P23232,IG_PLA,E4286,2,2,0.43
P23233,IG_PLA,E4286,2,2,1.03
P23235,IG_PLA,E4286,2,2,0.26
P23236,IG_PLA,E4286,2,2,0.47
P23238,BC_GTMG,E4286,2,2,0.97
P23239,IG_PLA,E4286,2,2,1.67
P23240,BC_GTMG,E4286,2,2,0.52
P23241,IG_PLA,E4287,3,2,4.42
P23242,BC_GTMG,E4287,3,2,2.09
P23243,IG_PLA,E4287,3,2,0.48
P23244,BC_GTMG,E4287,3,2,2.1
P23245,IG_PLA,E4287,3,2,0.09
P23246,IG_PLA,E4287,3,2,0.09
P23247,IG_TUT,E4288,4,1,1.33
P23248,IG_TUT,E4288,4,1,0.74
P23249,BC_BT,E4288,4,1,1.59
P23250,MA_TO_CO_JA,E4289,7,3,3.99
P23251,MA_TO_CO_JA,E4289,7,3,1.46
P23252,MA_TO_CO_JA,E4289,7,3,1.4
P23253,MA_ROTA,E4290,3,2,1.34
P23255,MA_ROTA,E4290,3,2,3.19
P23256,MA_ROTA,E4290,3,2,1.77
P23257,MA_ROTA,E4290,3,2,1.01
P23258,MA_ROTA,E4290,3,2,1.35
P23259,MA_TO_CO_JA,E4291,7,3,0.3
P23260,IG_PLA,E4292,7,3,0.41
P23261,IG_PLA,E4292,7,3,1.44
P23262,IG_PLA,E4292,7,3,1.03
P23263,IG_PLA,E4292,7,3,0.07
P23264,PN_PIQ,E4292,7,3,1.8
P23265,IG_PLA,E4292,7,3,0.51
P23266,PN_PIQ,E4292,7,3,0.65
P23267,IG_PLA,E4292,7,3,0.77
P23268,IG_PLA,E4292,7,3,0.16
P23269,MA_TO_CO_JA,E4293,7,3,1.17
P23270,MA_TO_CO_JA,E4293,7,3,1.06
P23271,MA_TO_CO_JA,E4293,7,3,0.33
P23274,MA_TO_CO_JA,E4294,3,2,0.98
P23275,MA_TO_CO_JA,E4294,3,2,1.48
P23276,MA_TO_CO_JA,E4294,3,2,0.22
P23279,MA_TO_CO_JA,E4295,7,3,0.3
P23280,MA_TO_CO_JA,E4295,7,3,0.27
P23281,MA_TO_CO_JA,E4295,7,3,0.29
P23282,PN_PIQ,E4296,2,2,1.67
P23283,PN_PIQ,E4296,2,2,1.1
P23284,PN_PIQ,E4296,2,2,1.52
P23285,PN_PIQ,E4296,2,2,0.63
P23286,PN_PIQ,E4296,2,2,3.58
P23287,PN_PIQ,E4296,2,2,0.38
P23288,PN_PIQ,E4296,2,2,0.72
P23289,MA_TO_CO_JA,E4297,4,1,0.74
P23290,MA_TO_CO_JA,E4298,4,1,0.99
P23291,BA_INT,E4299,5,1,1.08
P23292,BA_INT,E4299,5,1,0.56
P23293,BA_INT,E4299,5,1,0.57
P23294,BA_INT,E4299,5,1,1.07
P23295,BA_INT,E4299,5,1,0.47
P23296,BA_INT,E4299,5,1,0.47
P23298,BA_INT,E4299,5,1,0.88
P23299,JA,E4299,5,1,2.12
P23300,BA_INT,E4299,5,1,0.53
P23301,BA_INT,E4299,5,1,0.72
P23302,JA,E4299,5,1,0.68
P23303,JA,E4299,5,1,0.55
P23304,BA_INT,E4299,5,1,0.73
P23305,BA_INT,E4299,5,1,0.75
P23306,BA_INT,E4299,5,1,0.97
P23307,BA_INT,E4299,5,1,1.36
P23308,BA_INT,E4299,5,1,1.04
P23309,BA_INT,E4299,5,1,0.95
P23310,BA_INT,E4299,5,1,1.07
P23311,BA_INT,E4299,5,1,1.1
P23312,MA_TO_CO_JA,E4300,4,1,1.12
P23313,MA_TO_CO_JA,E4300,4,1,1.89
P23314,MA_TO_CO_JA,E4300,4,1,0.2
P23315,MA_TO_CO_JA,E4300,4,1,0.48
P23319,MA_TO_CO_JA,E4300,4,1,1.77
P23320,MA_TO_CO_JA,E4301,7,3,0.65
P23321,MA_TO_CO_JA,E4301,7,3,0.41
P23322,PN_PIQ,E4302,7,3,0.19
P23323,PN_PIQ,E4302,7,3,0.27
P23324,PN_PIQ,E4302,7,3,0.94
P23325,PN_PIQ,E4302,7,3,0.43
P23326,PN_PIQ,E4303,7,3,0.51
P23327,PN_PIQ,E4303,7,3,0.47
P23328,PN_PIQ,E4303,7,3,2.14
P23329,MA_TO_CO_JA,E4304,7,3,0.86
P23330,MA_TO_CO_JA,E4304,7,3,0.46
P23333,MA_TO_CO_JA,E4305,6,1,0.16
P23334,MA_TO_CO_JA,E4305,6,1,0.12
P23335,MA_TO_CO_JA,E4306,7,3,0.98
P23336,MA_ROTA,E4306,7,3,3.19
P23337,MA_ROTA,E4306,7,3,0.35
P23338,MA_TO_CO_JA,E4306,7,3,1.82
P23339,MA_TO_CO_JA,E4306,7,3,1.91
P23340,MA_ROTA,E4306,7,3,4.81
P23341,MA_TO_CO_JA,E4307,7,3,1.91
P23342,MA_TO_CO_JA,E4308,7,3,0.52
P23343,PN_PIQ,E4309,7,3,0.23
P23344,PN_PIQ,E4309,7,3,0.22
P23345,PN_PIQ,E4309,7,3,0.35
P23346,PN_PIQ,E4309,7,3,0.22
P23347,PN_PIQ,E4309,7,3,0.96
P23348,MA_ROTA,E4310,2,2,0.24
P23349,MA_ROTA,E4310,2,2,0.22
P23350,MA_ROTA,E4310,2,2,0.68
P23351,MA_ROTA,E4310,2,2,0.51
P23352,MA_ROTA,E4311,5,1,0.3
P23354,MA_ROTA,E4311,5,1,0.75
P23355,MA_ROTA,E4311,5,1,0.21
P23358,PN_PIQ,E4312,7,3,1.34
P23359,IG_PLA,E4312,7,3,1.77
P23360,PN_PIQ,E4312,7,3,2.42
P23361,IG_PLA,E4312,7,3,0.47
P23362,PN_PIQ,E4312,7,3,1.05
P23363,MA_ROTA,E4313,2,2,1.73
P23364,MA_ROTA,E4313,2,2,0.95
P23365,MA_TO_CO_JA,E4314,7,3,1.69
P23366,MA_TO_CO_JA,E4315,7,3,0.43
P23367,PN_PIQ,E4316,3,2,0.41
P23368,BC_GTMG,E4316,3,2,0.35
P23369,PN_PIQ,E4316,3,2,0.22
P23370,BC_GTMG,E4316,3,2,0.16
P23371,BC_GTMG,E4316,3,2,0.63
P23372,BC_GTMG,E4316,3,2,0.64
P23373,BC_GTMG,E4316,3,2,1.57
P23374,PN_PIQ,E4316,3,2,0.39
P23375,PN_PIQ,E4316,3,2,1.2
P23376,BC_GTMG,E4316,3,2,0.6
P23377,BC_GTMG,E4316,3,2,0.89
P23378,MA_ROTA,E4317,4,1,1.26
P23383,MA_ROTA,E4317,4,1,0.8
P23384,BC_GTMG,E4318,2,2,6.82
P23385,IG_PLA,E4318,2,2,1.93
P23386,IG_PLA,E4318,2,2,1.42
P23387,IG_PLA,E4318,2,2,1.19
P23388,IG_PLA,E4318,2,2,4.5
P23389,IG_PLA,E4318,2,2,1.32
P23390,BC_GTMG,E4318,2,2,2.89
P23391,IG_PLA,E4318,2,2,1.78
P23392,IG_PLA,E4318,2,2,3.49
P23393,IG_PLA,E4318,2,2,3.87
P23394,IG_PLA,E4318,2,2,4.71
P23395,IG_PLA,E4318,2,2,4.27
P23396,IG_PLA,E4318,2,2,3.76
P23397,BC_GTMG,E4318,2,2,6.71
P23398,IG_PLA,E4318,2,2,2.13
P23399,IG_PLA,E4318,2,2,0.67
P23400,BC_GTMG,E4318,2,2,20.02
P23401,BC_GTMG,E4318,2,2,1.29
P23402,IG_PLA,E4318,2,2,7.13
P23403,IG_PLA,E4318,2,2,8.41
P23404,IG_PLA,E4318,2,2,0.61
P23405,BC_GTMG,E4318,2,2,2.04
P23406,BC_GTMG,E4318,2,2,2.35
P23407,IG_PLA,E4318,2,2,0.81
P23408,IG_PLA,E4318,2,2,3.17
P23409,IG_PLA,E4319,7,3,0.25
P23410,IG_PLA,E4319,7,3,0.55
P23411,PN_PIQ,E4319,7,3,0.2
P23412,IG_PLA,E4319,7,3,0.39
P23413,PN_PIQ,E4319,7,3,0.57
P23414,IG_PLA,E4319,7,3,0.09
P23415,PN_PIQ,E4319,7,3,0.2
P23416,PN_PIQ,E4319,7,3,0.65
P23417,IG_PLA,E4319,7,3,0.32
P23418,IG_PLA,E4319,7,3,0.24
P23419,IG_PLA,E4319,7,3,0.35
P23420,IG_PLA,E4319,7,3,0.35
P23423,AN_PA,E4321,4,1,4.01
P23424,AN_PA,E4321,4,1,1.85
P23426,IG_TUT,E4321,4,1,1.47
P23427,AN_PA,E4321,4,1,1.33
P23428,IG_TUT,E4321,4,1,0.25
P23429,AN_PA,E4321,4,1,0.16
P23430,AN_PA,E4321,4,1,0.58
P23431,AN_PA,E4321,4,1,1.29
P23432,PN_PIQ,E4322,1,2,1.07
P23433,MA_TO_CO_JA,E4323,4,1,0.47
P23434,MA_TO_CO_JA,E4323,4,1,0.46
P23435,IG_TUT,E4324,4,1,1.19
P23436,CS_BT_NIM,E4324,4,1,0.22
P23437,CS_BT_NIM,E4324,4,1,0.73
P23438,IG_TUT,E4324,4,1,0.48
P23439,MA_TO_CO_JA,E4325,6,1,0.08
P23440,MA_TO_CO_JA,E4325,6,1,0.07
P23441,MA_TO_CO_JA,E4325,6,1,0.01
P23442,MA_TO_CO_JA,E4325,6,1,0.11
P23443,MA_TO_CO_JA,E4325,6,1,0.2
P23444,MA_TO_CO_JA,E4325,6,1,0.09
P23446,MA_TO_CO_JA,E4326,4,1,2.28
P23447,MA_TO_CO_JA,E4326,4,1,1.05
P23450,MA_TO_CO_JA,E4326,4,1,1.95
P23452,MA_TO_CO_JA,E4326,4,1,1.19
P23453,MA_TO_CO_JA,E4326,4,1,1.89
P23454,MA_TO_CO_JA,E4326,4,1,1.92
P23455,MA_TO_CO_JA,E4326,4,1,1.04
P23456,MA_TO_CO_JA,E4326,4,1,1.44
P23457,MA_TO_CO_JA,E4326,4,1,1.1
P23459,MA_TO_CO_JA,E4326,4,1,0.84
P23461,MA_TO_CO_JA,E4327,4,1,2.49
P23462,MA_TO_CO_JA,E4327,4,1,4.29
P23463,MA_TO_CO_JA,E4327,4,1,0.53
P23464,MA_TO_CO_JA,E4328,4,1,2.68
P23465,MA_TO_CO_JA,E4328,4,1,0.5
P23470,MA_TO_CO_JA,E4330,2,2,0.63
P23471,PN_PIQ,E4331,7,3,3.95
P23472,PN_PIQ,E4332,2,2,0.53
P23473,IG_PLA,E4333,1,2,3.23
P23474,BC_GTMG,E4333,1,2,1.0
P23475,IG_PLA,E4333,1,2,0.37
P23476,BC_GTMG,E4333,1,2,0.15
P23477,BC_GTMG,E4333,1,2,0.15
P23478,BC_GTMG,E4333,1,2,0.57
P23479,MA_ROTA,E4334,4,1,0.31
P23480,MA_ROTA,E4334,4,1,3.07
P23481,MA_ROTA,E4334,4,1,1.09
P23482,MA_ROTA,E4334,4,1,1.19
P23483,MA_ROTA,E4334,4,1,0.41
P23484,MA_ROTA,E4334,4,1,0.32
P23485,MA_ROTA,E4334,4,1,0.33
P23487,PN_PIQ,E4335,7,3,0.64
P23488,PN_PIQ,E4335,7,3,2.05
P23489,PN_PIQ,E4335,7,3,0.61
P23490,BC_GTMG,E4335,7,3,0.42
P23491,PN_PIQ,E4335,7,3,0.86
P23492,PN_PIQ,E4335,7,3,0.2
P23493,PN_PIQ,E4336,2,2,0.21
P23495,MA_ROTA,E4337,2,2,1.75
P23497,MA_TO_CO_JA,E4339,4,1,4.08
P23498,MA_ROTA,E4339,4,1,0.9
P23499,BC_GTMG,E4340,3,2,0.65
P23500,BC_GTMG,E4340,3,2,0.71
P23501,MA_TO_CO_JA,E4341,4,1,1.2
P23502,MA_TO_CO_JA,E4341,4,1,0.29
P23503,MA_TO_CO_JA,E4341,4,1,0.63
P23504,MA_ROTA,E4342,1,2,0.24
P23505,IG_PLA,E4342,1,2,0.11
P23506,MA_ROTA,E4342,1,2,0.35
P23507,IG_PLA,E4342,1,2,0.18
P23508,PN_PIQ,E4343,1,2,0.44
P23509,PN_PIQ,E4343,1,2,4.01
P23510,PN_PIQ,E4343,1,2,1.03
P23511,PN_PIQ,E4343,1,2,0.06
P23512,MA_ROTA,E4344,4,1,3.6
P23513,MA_ROTA,E4344,4,1,0.83
P23514,MA_ROTA,E4344,4,1,1.5
P23517,PN_PIQ,E4345,2,2,0.92
P23518,PN_PIQ,E4346,7,3,1.08
P23519,PN_PIQ,E4346,7,3,1.59
P23520,IG_PLA,E4347,3,2,0.36
P23521,BC_GTMG,E4347,3,2,1.05
P23522,BC_GTMG,E4347,3,2,0.7
P23523,IG_PLA,E4347,3,2,0.84
P23524,IG_PLA,E4347,3,2,0.66
P23526,MA_ROTA,E4348,3,2,1.4
P23527,MA_ROTA,E4348,3,2,0.22
P23531,MA_TO_CO_JA,E4349,6,1,0.22
P23532,MA_TO_CO_JA,E4349,6,1,1.7
P23540,MA_TO_CO_JA,E4349,6,1,0.62
P23541,MA_TO_CO_JA,E4349,6,1,1.04
P23542,MA_TO_CO_JA,E4349,6,1,0.81
P23543,MA_TO_CO_JA,E4349,6,1,0.47
P23545,MA_TO_CO_JA,E4349,6,1,0.77
P23546,MA_TO_CO_JA,E4349,6,1,0.96
P23548,MA_TO_CO_JA,E4349,6,1,0.38
P23550,MA_TO_CO_JA,E4349,6,1,19.65
P23553,MA_TO_CO_JA,E4349,6,1,3.68
P23554,MA_TO_CO_JA,E4349,6,1,1.2
P23558,PN_PIQ,E4350,1,2,0.21
P23559,PN_PIQ,E4350,1,2,0.29
P23560,PN_PIQ,E4350,1,2,0.19
P23561,BC_GTMG,E4351,2,2,0.19
P23562,BC_GTMG,E4351,2,2,0.57
P23563,BC_GTMG,E4351,2,2,0.92
P23564,MA_TO_CO_JA,E4352,6,1,8.88
P23565,PN_PIQ,E4353,2,2,2.22
P23566,PN_PIQ,E4354,5,1,0.38
P23567,PN_PIQ,E4354,5,1,0.87
P23568,PN_PIQ,E4354,5,1,0.65
P23569,PN_PIQ,E4354,5,1,0.6
P23570,PN_PIQ,E4354,5,1,0.24
P23571,PN_PIQ,E4354,5,1,0.32
P23573,PN_PIQ,E4354,5,1,0.17
P23575,MA_TO_CO_JA,E4355,2,2,0.26
P23576,MA_ROTA,E4356,2,2,0.94
P23577,MA_TO_CO_JA,E4357,6,1,1.18
P23578,IG_PLA,E4358,2,2,1.6
P23579,BC_GTMG,E4358,2,2,0.93
P23580,BC_GTMG,E4358,2,2,0.29
P23581,MA_TO_CO_JA,E4359,5,1,0.94
P23582,MA_TO_CO_JA,E4359,5,1,0.12
P23583,MA_TO_CO_JA,E4359,5,1,0.07
P23584,MA_ROTA,E4360,3,2,1.01
P23585,MA_TO_CO_JA,E4360,3,2,0.51
P23586,MA_ROTA,E4361,5,1,0.86
P23587,MA_ROTA,E4361,5,1,0.7
P23588,MA_ROTA,E4361,5,1,1.26
P23589,MA_ROTA,E4361,5,1,0.69
P23590,MA_ROTA,E4361,5,1,2.64
P23591,MA_TO_CO_JA,E4362,5,1,2.72
P23592,PN_PIQ,E4363,2,2,0.4
P23593,PN_PIQ,E4363,2,2,0.12
P23594,PN_PIQ,E4363,2,2,0.87
P23595,BC_GTMG,E4364,3,2,1.01
P23596,BC_GTMG,E4364,3,2,1.0
P23597,IG_TUT,E4365,4,1,0.61
P23598,CS_BT_NIM,E4365,4,1,0.98
P23599,CS_BT_NIM,E4365,4,1,1.11
P23600,IG_TUT,E4365,4,1,0.23
P23603,MA_TO_CO_JA,E4366,5,1,0.31
P23604,MA_TO_CO_JA,E4366,5,1,0.2
P23605,MA_TO_CO_JA,E4366,5,1,0.53
P23606,MA_TO_CO_JA,E4366,5,1,0.46
P23608,MA_TO_CO_JA,E4366,5,1,1.02
P23609,MA_ROTA,E4367,2,2,1.89
P23611,MA_ROTA,E4367,2,2,0.14
P23612,MA_ROTA,E4367,2,2,0.55
P23613,MA_ROTA,E4367,2,2,0.25
P23616,PN_PIQ,E4368,2,2,1.17
P23617,PN_PIQ,E4368,2,2,0.11
P23618,PN_PIQ,E4368,2,2,1.25
P23620,PN_PIQ,E4368,2,2,0.46
P23621,PN_PIQ,E4369,7,3,0.48
P23622,PN_PIQ,E4369,7,3,0.34
P23623,PN_PIQ,E4369,7,3,0.16
P23624,PN_PIQ,E4370,3,2,0.71
P23625,PN_PIQ,E4370,3,2,0.79
P23626,PN_PIQ,E4370,3,2,2.53
P23627,MA_TO_CO_JA,E4371,4,1,0.6
P23628,MA_TO_CO_JA,E4371,4,1,1.21
P23630,MA_TO_CO_JA,E4372,1,2,0.77
P23631,MA_ROTA,E4373,2,2,0.52
P23632,MA_ROTA,E4373,2,2,0.57
P23633,MA_ROTA,E4373,2,2,0.38
P23634,BC_GTMG,E4374,2,2,1.3
P23635,BC_GTMG,E4374,2,2,0.45
P23636,BC_GTMG,E4374,2,2,0.74
P23637,PN_PIQ,E4375,7,3,0.93
P23638,IG_PLA,E4375,7,3,0.45
P23639,MA_TO_CO_JA,E4376,7,3,0.43
P23640,MA_TO_CO_JA,E4376,7,3,0.31
P23641,MA_TO_CO_JA,E4376,7,3,0.31
P23642,MA_TO_CO_JA,E4377,7,3,0.84
P23643,PN_PIQ,E4378,7,3,0.84
P23644,PN_PIQ,E4378,7,3,0.43
P23645,PN_PIQ,E4378,7,3,0.11
P23646,PN_PIQ,E4378,7,3,0.41
P23647,PN_PIQ,E4379,7,3,1.47
P23648,PN_PIQ,E4379,7,3,0.75
P23649,PN_PIQ,E4380,2,2,2.01
P23650,PN_PIQ,E4381,2,2,0.13
P23651,PN_PIQ,E4381,2,2,0.66
P23652,PN_PIQ,E4381,2,2,0.43
P23654,MA_ROTA,E4383,2,2,0.88
P23655,MA_ROTA,E4384,2,2,0.91
P23657,PN_PIQ,E4385,2,2,0.53
P23658,PN_PIQ,E4385,2,2,0.34
P23659,PN_PIQ,E4385,2,2,2.95
P23660,MA_TO_CO_JA,E4386,7,3,0.16
P23661,MA_TO_CO_JA,E4386,7,3,0.37
P23662,MA_ROTA,E4386,7,3,1.08
P23663,BC_BT,E4387,4,1,0.71
P23664,IG_TUT,E4387,4,1,0.95
P23665,BC_BT,E4387,4,1,0.71
P23666,IG_TUT,E4387,4,1,0.25
P23667,IG_TUT,E4387,4,1,0.07
P23668,IG_TUT,E4387,4,1,0.24
P23669,BC_BT,E4387,4,1,1.02
P23670,IG_TUT,E4387,4,1,0.55
P23671,IG_TUT,E4387,4,1,0.39
P23672,IG_TUT,E4387,4,1,0.22
P23673,IG_TUT,E4387,4,1,0.14
P23674,IG_TUT,E4387,4,1,0.98
P23676,IG_TUT,E4387,4,1,1.03
P23678,IG_TUT,E4387,4,1,0.12
P23679,BC_GTMG,E4388,3,2,0.38
P23680,BC_GTMG,E4388,3,2,1.29
P23681,BC_GTMG,E4388,3,2,1.72
P23682,IG_PLA,E4388,3,2,1.45
P23683,BC_GTMG,E4388,3,2,1.08
P23684,BC_GTMG,E4388,3,2,0.2
P23685,IG_PLA,E4388,3,2,1.59
P23686,BC_GTMG,E4388,3,2,0.58
P23687,IG_PLA,E4388,3,2,1.74
P23688,IG_PLA,E4388,3,2,0.95
P23689,IG_PLA,E4388,3,2,0.6
P23690,IG_PLA,E4388,3,2,0.61
P23691,BC_GTMG,E4389,3,2,3.5
P23692,IG_PLA,E4389,3,2,2.91
P23693,IG_PLA,E4389,3,2,3.12
P23694,MA_TO_CO_JA,E4390,7,3,1.09
P23697,MA_TO_CO_JA,E4391,6,1,1.08
P23698,MA_TO_CO_JA,E4392,4,1,0.56
P23699,MA_TO_CO_JA,E4392,4,1,0.28
P23700,MA_ROTA,E4393,2,2,0.47
P23701,MA_ROTA,E4393,2,2,1.16
P23702,MA_ROTA,E4393,2,2,0.47
P23703,MA_TO_CO_JA,E4394,7,3,0.84
P23704,MA_TO_CO_JA,E4394,7,3,0.4
P23705,PN_PIQ,E4395,7,3,1.55
P23706,PN_PIQ,E4395,7,3,1.4
P23707,PN_PIQ,E4395,7,3,0.53
P23708,PN_PIQ,E4395,7,3,4.79
P23709,PN_PIQ,E4395,7,3,1.29
P23710,PN_PIQ,E4395,7,3,0.86
P23711,PN_PIQ,E4395,7,3,0.45
P23712,MA_TO_CO_JA,E4396,7,3,0.2
P23713,PN_PIQ,E4397,7,3,0.59
P23714,PN_PIQ,E4397,7,3,0.41
P23715,PN_PIQ,E4397,7,3,2.28
P23716,MA_TO_CO_JA,E4398,7,3,10.27
P23717,MA_TO_CO_JA,E4399,7,3,0.56
P23718,MA_TO_CO_JA,E4400,4,1,3.08
P23719,MA_ROTA,E4401,2,2,1.51
P23720,MA_ROTA,E4401,2,2,0.88
P23721,MA_ROTA,E4402,3,2,2.04
P23723,MA_ROTA,E4402,3,2,3.0
P23724,MA_ROTA,E4403,3,2,1.8
P23726,MA_ROTA,E4403,3,2,0.94
P23728,MA_TO_CO_JA,E4404,7,3,0.45
P23729,MA_ROTA,E4404,7,3,0.17
P23730,MA_TO_CO_JA,E4404,7,3,0.6
P23731,MA_TO_CO_JA,E4404,7,3,0.19
P23732,MA_ROTA,E4404,7,3,0.06
P23733,MA_TO_CO_JA,E4404,7,3,0.15
P23734,MA_TO_CO_JA,E4404,7,3,0.91
P23735,MA_ROTA,E4404,7,3,0.26
P23736,IG_PLA,E4405,3,2,0.23
P23737,IG_PLA,E4405,3,2,1.08
P23738,BC_GTMG,E4405,3,2,1.8
P23739,IG_PLA,E4405,3,2,1.72
P23740,IG_PLA,E4405,3,2,0.23
P23741,IG_PLA,E4405,3,2,0.48
P23742,IG_PLA,E4405,3,2,1.98
P23743,IG_PLA,E4405,3,2,0.35
P23744,IG_PLA,E4405,3,2,0.27
P23745,IG_PLA,E4405,3,2,0.36
P23746,BC_GTMG,E4405,3,2,1.87
P23747,MA_TO_CO_JA,E4406,3,2,1.79
P23748,MA_ROTA,E4407,4,1,0.96
P23749,MA_ROTA,E4407,4,1,0.81
P23750,MA_ROTA,E4407,4,1,1.17
P23751,MA_ROTA,E4407,4,1,2.25
P23755,MA_ROTA,E4407,4,1,0.18
P23756,BC_GTMG,E4408,3,2,0.1
P23757,BC_GTMG,E4408,3,2,0.64
P23758,IG_PLA,E4408,3,2,0.96
P23759,IG_PLA,E4408,3,2,2.34
P23760,IG_PLA,E4408,3,2,0.48
P23761,BC_GTMG,E4408,3,2,2.3
P23762,BC_GTMG,E4408,3,2,0.51
P23763,IG_PLA,E4408,3,2,0.14
P23766,MA_ROTA,E4410,2,2,0.38
P23767,MA_ROTA,E4410,2,2,0.33
P23769,MA_ROTA,E4410,2,2,0.49
P23770,MA_ROTA,E4410,2,2,0.48
P23771,MA_TO_CO_JA,E4411,7,3,0.36
P23772,MA_TO_CO_JA,E4412,7,3,0.59
P23773,MA_TO_CO_JA,E4412,7,3,0.51
P23774,MA_TO_CO_JA,E4412,7,3,0.42
P23775,MA_TO_CO_JA,E4412,7,3,0.46
P23776,MA_TO_CO_JA,E4413,7,3,0.81
P23777,MA_TO_CO_JA,E4413,7,3,1.43
P23778,MA_TO_CO_JA,E4414,7,3,0.32
P23779,MA_TO_CO_JA,E4414,7,3,0.9
P23780,MA_TO_CO_JA,E4415,7,3,1.07
P23782,AN_PA,E4416,4,1,3.75
P23783,AN_PA,E4416,4,1,2.53
P23784,IG_TUT,E4416,4,1,3.27
P23785,MA_TO_CO_JA,E4417,4,1,1.3
P23786,MA_TO_CO_JA,E4417,4,1,0.56
P23787,MA_TO_CO_JA,E4417,4,1,1.23
P23788,MA_TO_CO_JA,E4417,4,1,0.8
P23789,MA_TO_CO_JA,E4417,4,1,0.32
P23790,MA_TO_CO_JA,E4418,4,1,1.08
P23791,MA_TO_CO_JA,E4419,4,1,0.8
P23792,BA_PER,E4420,6,1,4.93
P23793,IG_TUT,E4420,6,1,3.7
P23795,IG_PLA,E4421,1,2,1.25
P23796,BC_GTMG,E4421,1,2,1.79
P23797,BC_GTMG,E4421,1,2,2.47
P23798,BC_GTMG,E4421,1,2,0.75
P23799,IG_PLA,E4421,1,2,2.34
P23800,IG_PLA,E4421,1,2,1.08
P23801,IG_PLA,E4421,1,2,0.1
P23802,PN_PIQ,E4422,3,2,0.75
P23803,PN_PIQ,E4422,3,2,0.46
P23804,PN_PIQ,E4422,3,2,0.96
P23805,PN_PIQ,E4423,7,3,0.27
P23806,BC_GTMG,E4423,7,3,0.18
P23807,PN_PIQ,E4423,7,3,0.4
P23808,IG_PLA,E4423,7,3,0.37
P23809,IG_PLA,E4423,7,3,0.41
P23810,IG_PLA,E4423,7,3,0.17
P23811,IG_PLA,E4423,7,3,0.26
P23812,BC_GTMG,E4424,2,2,1.35
P23813,IG_PLA,E4424,2,2,0.42
P23814,IG_PLA,E4424,2,2,0.76
P23815,MA_TO_CO_JA,E4425,7,3,1.33
P23816,MA_TO_CO_JA,E4425,7,3,0.27
P23817,IG_PLA,E4426,1,2,0.37
P23818,BC_GTMG,E4426,1,2,0.39
P23819,IG_PLA,E4426,1,2,0.17
P23820,BC_GTMG,E4426,1,2,0.22
P23821,IG_PLA,E4426,1,2,0.34
P23822,IG_PLA,E4426,1,2,0.44
P23824,IG_PLA,E4426,1,2,0.85
P23826,BC_GTMG,E4426,1,2,0.28
P23827,BC_GTMG,E4426,1,2,0.3
P23828,PN_PIQ,E4427,2,2,0.15
P23829,PN_PIQ,E4427,2,2,0.41
P23830,PN_PIQ,E4427,2,2,0.53
P23831,PN_PIQ,E4427,2,2,0.1
P23832,PN_PIQ,E4427,2,2,0.8
P23833,PN_PIQ,E4427,2,2,0.43
P23834,PN_PIQ,E4427,2,2,0.18
P23835,PN_PIQ,E4427,2,2,0.25
P23836,PN_PIQ,E4428,7,3,0.91
P23837,IG_PLA,E4428,7,3,0.41
P23838,MA_TO_CO_JA,E4429,7,3,0.26
P23839,MA_TO_CO_JA,E4429,7,3,1.42
P23840,MA_TO_CO_JA,E4429,7,3,0.83
P23841,PN_PIQ,E4430,4,1,1.71
P23842,PN_PIQ,E4430,4,1,1.88
P23843,MA_TO_CO_JA,E4431,4,1,2.99
P23844,MA_TO_CO_JA,E4431,4,1,0.6
P23845,MA_TO_CO_JA,E4431,4,1,0.94
P23846,MA_TO_CO_JA,E4432,7,3,0.69
P23847,MA_TO_CO_JA,E4432,7,3,0.28
P23849,BA_SINT,E4433,5,1,0.6
P23851,BA_SINT,E4433,5,1,2.35
P23852,BA_SINT,E4433,5,1,1.58
P23854,JA,E4433,5,1,1.09
P23855,BA_SINT,E4433,5,1,0.57
P23857,PN_PIQ,E4434,2,2,1.32
P23858,IG_PLA,E4435,3,2,0.73
P23859,PN_PIQ,E4435,3,2,0.4
P23860,MA_ROTA,E4436,3,2,3.64
P23861,MA_TO_CO_JA,E4436,1,2,1.99
P23862,MA_TO_CO_JA,E4436,1,2,0.23
P23863,MA_TO_CO_JA,E4437,7,3,0.28
P23864,MA_TO_CO_JA,E4437,7,3,0.36
P23865,PN_PIQ,E4438,4,1,1.45
P23866,MA_TO_CO_JA,E4439,4,1,0.22
P23867,MA_TO_CO_JA,E4439,4,1,0.52
P23868,MA_TO_CO_JA,E4439,4,1,0.89
P23869,PN_PIQ,E4440,7,3,0.36
P23870,PN_PIQ,E4440,7,3,0.32
P23871,IG_PLA,E4440,7,3,0.15
P23872,IG_PLA,E4440,7,3,0.79
P23873,PN_PIQ,E4441,7,3,0.45
P23874,PN_PIQ,E4441,7,3,0.55
P23875,PN_PIQ,E4441,7,3,1.6
P23876,PN_PIQ,E4441,7,3,0.28
P23877,MA_TO_CO_JA,E4442,4,1,2.58
P23878,MA_TO_CO_JA,E4442,4,1,1.54
P23879,MA_TO_CO_JA,E4442,4,1,0.24
P23880,MA_TO_CO_JA,E4442,4,1,0.19
P23881,MA_TO_CO_JA,E4442,4,1,2.49
P23882,PN_PIQ,E4443,2,2,0.91
P23883,PN_PIQ,E4443,2,2,0.29
P23884,PN_PIQ,E4443,2,2,0.71
P23885,PN_PIQ,E4443,2,2,0.15
P23886,PN_PIQ,E4443,2,2,0.15
P23887,PN_PIQ,E4443,2,2,0.42
P23888,MA_ROTA,E4444,3,2,1.2
P23889,MA_ROTA,E4444,3,2,0.74
P23890,MA_ROTA,E4444,3,2,2.94
P23892,MA_ROTA,E4444,3,2,2.93
P23893,MA_ROTA,E4444,3,2,1.66
P23894,MA_ROTA,E4444,3,2,0.31
P23896,MA_ROTA,E4446,3,2,0.83
P23897,MA_ROTA,E4446,3,2,0.91
P23898,MA_ROTA,E4446,3,2,0.33
P23899,MA_ROTA,E4446,3,2,0.74
P23900,MA_ROTA,E4446,3,2,0.75
P23901,MA_ROTA,E4446,3,2,0.56
P23902,MA_ROTA,E4446,3,2,0.54
P23903,MA_ROTA,E4446,3,2,0.73
P23906,IG_PLA,E4447,3,2,1.74
P23907,IG_PLA,E4447,3,2,0.2
P23908,BC_GTMG,E4447,3,2,0.61
P23910,BC_GTMG,E4447,3,2,0.65
P23912,BC_GTMG,E4448,1,2,1.19
P23913,BC_GTMG,E4448,1,2,0.55
P23914,BC_GTMG,E4448,1,2,0.2
P23915,BC_GTMG,E4448,1,2,1.68
P23916,BC_GTMG,E4448,1,2,0.27
P23917,PN_PIQ,E4448,2,2,0.3
P23918,PN_PIQ,E4448,2,2,0.28
P23919,PN_PIQ,E4449,3,2,1.3
P23920,PN_PIQ,E4450,3,2,0.09
P23921,PN_PIQ,E4450,3,2,0.38
P23922,PN_PIQ,E4450,3,2,1.45
P23923,MA_TO_CO_JA,E4451,7,3,0.52
P23924,MA_TO_CO_JA,E4451,7,3,0.53
P23925,MA_TO_CO_JA,E4451,7,3,0.26
P23926,PN_PIQ,E4452,7,3,1.79
P23927,PN_PIQ,E4453,2,2,0.7
P23928,PN_PIQ,E4453,2,2,0.85
P23929,PN_PIQ,E4453,2,2,0.43
P23930,PN_PIQ,E4454,2,2,1.9
P23931,MA_TO_CO_JA,E4455,6,1,1.15
P23932,MA_TO_CO_JA,E4455,6,1,0.54
P23933,MA_TO_CO_JA,E4455,6,1,0.52
P23934,MA_ROTA,E4456,3,2,1.86
P23935,MA_ROTA,E4457,2,2,0.28
P23936,MA_ROTA,E4457,2,2,0.28
P23937,MA_ROTA,E4457,2,2,0.19
P23938,MA_ROTA,E4457,2,2,0.18
P23939,MA_TO_CO_JA,E4458,4,1,1.17
P23940,MA_TO_CO_JA,E4458,4,1,1.61
P23941,MA_ROTA,E4458,4,1,2.44
P23942,PN_PIQ,E4459,4,1,0.58
P23943,PN_PIQ,E4459,4,1,1.05
P23944,PN_PIQ,E4459,4,1,1.07
P23945,PN_PIQ,E4459,4,1,0.57
P23946,PN_PIQ,E4459,4,1,0.38
P23947,PN_PIQ,E4459,4,1,0.16
P23948,PN_PIQ,E4459,4,1,0.1
P23949,PN_PIQ,E4460,2,2,0.34
P23950,PN_PIQ,E4460,2,2,1.01
P23951,PN_PIQ,E4460,2,2,0.21
P23952,PN_PIQ,E4460,2,2,0.68
P23953,PN_PIQ,E4460,2,2,0.15
P23954,PN_PIQ,E4461,7,3,3.29
P23955,PN_PIQ,E4461,7,3,1.3
P23956,PN_PIQ,E4461,7,3,1.7
P23957,PN_PIQ,E4461,7,3,1.47
P23958,PN_PIQ,E4461,7,3,0.46
P23959,PN_PIQ,E4461,7,3,0.27
P23961,MA_TO_CO_JA,E4462,4,1,3.49
P23963,MA_TO_CO_JA,E4463,7,3,0.23
P23964,IG_PLA,E4464,3,2,0.47
P23965,IG_PLA,E4464,3,2,0.5
P23966,IG_PLA,E4464,3,2,0.38
P23967,BC_GTMG,E4464,3,2,0.71
P23968,MA_TO_CO_JA,E4465,4,1,1.75
P23969,MA_TO_CO_JA,E4466,7,3,1.02
P23971,MA_ROTA,E4467,5,1,0.66
P23972,MA_ROTA,E4467,5,1,0.95
P23973,BA_INT,E4467,5,1,0.91
P23974,JA,E4467,5,1,0.68
P23975,MA_TO_CO_JA,E4468,4,1,0.7
P23976,PN_PIQ,E4469,2,2,1.31
P23977,PN_PIQ,E4469,2,2,2.44
P23978,PN_PIQ,E4469,2,2,0.32
P23979,PN_PIQ,E4469,2,2,1.22
P23980,MA_ROTA,E4470,4,1,0.59
P23981,MA_ROTA,E4470,4,1,0.73
P23985,MA_ROTA,E4470,4,1,0.61
P23986,MA_ROTA,E4470,4,1,0.43
P23987,MA_ROTA,E4470,4,1,0.07
P23988,MA_ROTA,E4470,4,1,0.23
P23989,MA_ROTA,E4470,4,1,0.13
P23990,MA_ROTA,E4470,4,1,0.66
P23991,MA_ROTA,E4470,4,1,0.06
P23992,MA_ROTA,E4470,4,1,0.19
P23993,MA_ROTA,E4470,4,1,0.08
P23994,BC_GTMG,E4471,2,2,1.09
P23995,IG_PLA,E4471,2,2,0.55
P23996,PN_PIQ,E4472,4,1,2.16
P23997,PN_PIQ,E4472,4,1,2.16
P23998,PN_PIQ,E4472,4,1,0.69
P23999,PN_PIQ,E4472,4,1,1.24
P24000,PN_PIQ,E4472,4,1,1.75
P24001,PN_PIQ,E4472,4,1,2.56
P24002,PN_PIQ,E4472,4,1,4.24
P24003,PN_PIQ,E4472,4,1,7.29
P24004,PN_PIQ,E4472,4,1,0.64
P24005,MA_TO_CO_JA,E4473,6,1,1.55
P24007,MA_TO_CO_JA,E4473,6,1,0.79
P24008,MA_TO_CO_JA,E4473,5,1,0.68
P24010,BC_BT,E4474,4,1,0.71
P24012,BC_BT,E4474,4,1,0.32
P24013,BC_GTMG,E4475,3,2,0.67
P24014,BC_GTMG,E4475,3,2,0.89
P24015,BC_GTMG,E4475,3,2,0.5
P24016,BC_GTMG,E4475,3,2,3.0
P24017,BC_GTMG,E4475,3,2,1.75
P24018,BC_GTMG,E4475,3,2,0.92
P24019,BC_GTMG,E4475,3,2,0.59
P24020,MA_TO_CO_JA,E4476,4,1,1.02
P24021,MA_TO_CO_JA,E4476,4,1,0.55
P24022,MA_TO_CO_JA,E4476,4,1,0.25
P24023,BC_BT,E4477,5,1,0.32
P24025,BC_BT,E4477,5,1,0.34
P24026,BC_BT,E4477,5,1,0.02
P24027,BC_BT,E4477,5,1,0.15
P24028,BC_BT,E4477,5,1,1.12
P24029,BC_BT,E4477,5,1,2.02
P24030,BC_BT,E4477,5,1,1.66
P24032,BC_BT,E4477,5,1,1.27
P24033,BC_BT,E4477,5,1,0.39
P24037,MA_ROTA,E4478,3,2,0.74
P24039,MA_ROTA,E4478,3,2,0.17
P24040,MA_ROTA,E4478,3,2,0.25
P24041,MA_ROTA,E4479,3,2,1.39
P24042,MA_ROTA,E4479,3,2,0.38
P24043,MA_ROTA,E4479,3,2,0.24
P24044,MA_ROTA,E4479,3,2,1.77
P24045,MA_ROTA,E4479,3,2,0.43
P24046,MA_ROTA,E4479,3,2,0.26
P24047,MA_ROTA,E4479,3,2,2.47
P24048,PN_PIQ,E4480,4,1,0.87
P24049,PN_PIQ,E4480,4,1,1.28
P24050,PN_PIQ,E4480,4,1,2.92
P24051,PN_PIQ,E4480,4,1,1.53
P24052,IG_PLA,E4481,3,2,1.17
P24053,IG_PLA,E4481,3,2,1.72
P24057,IG_PLA,E4481,3,2,0.72
P24058,BC_GTMG,E4481,3,2,1.14
P24059,IG_PLA,E4481,3,2,1.24
P24060,IG_PLA,E4481,3,2,1.38
P24061,IG_PLA,E4481,3,2,0.15
P24062,BC_GTMG,E4481,3,2,0.75
P24063,IG_PLA,E4481,3,2,0.13
P24064,IG_PLA,E4481,3,2,0.41
P24065,MA_TO_CO_JA,E4482,7,3,0.78
P24066,MA_TO_CO_JA,E4483,7,3,1.25
P24067,MA_TO_CO_JA,E4483,7,3,0.83
P24068,MA_ROTA,E4484,2,2,0.94
P24069,MA_TO_CO_JA,E4485,7,3,0.99
P24070,MA_TO_CO_JA,E4486,4,1,2.26
P24071,MA_TO_CO_JA,E4486,4,1,1.51
P24072,MA_TO_CO_JA,E4486,4,1,0.99
P24073,PN_PIQ,E4487,2,2,0.94
P24074,IG_PLA,E4487,2,2,0.06
P24075,IG_PLA,E4487,2,2,0.34
P24076,MA_ROTA,E4488,2,2,1.01
P24077,MA_ROTA,E4488,2,2,5.63
P24078,MA_ROTA,E4488,2,2,2.41
P24079,MA_ROTA,E4488,2,2,0.27
P24080,MA_ROTA,E4488,2,2,0.93
P24081,MA_ROTA,E4488,2,2,1.21
P24082,MA_ROTA,E4488,2,2,0.62
P24083,MA_ROTA,E4488,3,2,6.43
P24084,MA_ROTA,E4489,3,2,1.81
P24085,MA_ROTA,E4489,3,2,1.42
P24087,MA_ROTA,E4489,3,2,0.55
P24088,MA_ROTA,E4489,3,2,0.81
P24089,MA_ROTA,E4489,3,2,0.52
P24090,MA_ROTA,E4489,3,2,1.04
P24091,IG_TUT,E4490,4,1,2.67
P24092,IG_TUT,E4490,4,1,1.37
P24093,BC_BT,E4490,4,1,4.23
P24094,IG_TUT,E4490,4,1,1.51
P24095,IG_PLA,E4491,3,2,0.29
P24096,IG_PLA,E4491,3,2,0.24
P24097,IG_PLA,E4491,3,2,0.57
P24098,PN_PIQ,E4491,3,2,0.58
P24099,MA_TO_CO_JA,E4492,7,3,0.22
P24100,MA_TO_CO_JA,E4492,7,3,0.62
P24101,MA_ROTA,E4492,7,3,0.1
P24102,MA_TO_CO_JA,E4492,7,3,0.61
P24103,MA_TO_CO_JA,E4492,7,3,0.19
P24104,MA_TO_CO_JA,E4492,7,3,0.16
P24105,PN_PIQ,E4493,7,3,1.32
P24106,PN_PIQ,E4493,7,3,0.58
P24107,BC_GTMG,E4493,7,3,0.16
P24108,PN_PIQ,E4493,7,3,0.61
P24109,PN_PIQ,E4493,7,3,0.96
P24110,BC_GTMG,E4493,7,3,0.31
P24111,PN_PIQ,E4493,7,3,0.48
P24112,PN_PIQ,E4494,7,3,0.42
P24113,PN_PIQ,E4494,7,3,0.53
P24114,MA_ROTA,E4495,3,2,0.45
P24115,IG_PLA,E4495,3,2,0.19
P24116,MA_ROTA,E4496,2,2,8.26
P24117,IG_PLA,E4497,3,2,1.22
P24118,IG_PLA,E4497,3,2,0.3
P24119,IG_PLA,E4497,3,2,0.22
P24120,MA_ROTA,E4497,3,2,2.86
P24121,MA_ROTA,E4498,2,2,0.81
P24122,MA_ROTA,E4498,2,2,0.58
P24123,MA_ROTA,E4498,2,2,4.59
P24124,MA_ROTA,E4498,2,2,3.89
P24125,MA_ROTA,E4498,2,2,0.37
P24126,BC_GTMG,E4499,3,2,1.8
P24127,BC_GTMG,E4499,3,2,0.65
P24128,BC_GTMG,E4499,3,2,3.54
P24129,IG_PLA,E4499,3,2,4.96
P24130,IG_PLA,E4499,3,2,0.96
P24131,IG_PLA,E4499,3,2,0.94
P24132,IG_PLA,E4499,3,2,1.36
P24133,IG_PLA,E4499,3,2,0.23
P24135,JA,E4501,3,2,0.27
P24139,BC_GTMG,E4502,2,2,1.12
P24140,IG_PLA,E4502,2,2,1.65
P24141,IG_PLA,E4502,2,2,0.98
P24142,IG_PLA,E4502,2,2,0.74
P24143,BC_GTMG,E4502,2,2,0.7
P24144,IG_PLA,E4502,2,2,0.37
P24145,BC_GTMG,E4502,2,2,0.87
P24146,MA_ROTA,E4503,4,1,0.64
P24147,MA_ROTA,E4504,3,2,0.27
P24148,MA_ROTA,E4504,3,2,0.29
P24149,MA_ROTA,E4504,3,2,1.55
P24153,MA_ROTA,E4504,3,2,1.53
P24154,MA_ROTA,E4504,3,2,1.07
P24157,MA_ROTA,E4504,3,2,0.45
P24158,MA_ROTA,E4504,3,2,0.21
P24159,MA_ROTA,E4504,3,2,0.46
P24161,MA_ROTA,E4505,3,2,0.72
P24162,MA_ROTA,E4505,3,2,0.56
P24163,MA_TO_CO_JA,E4506,4,1,2.3
P24164,VE_BTGT,E4507,5,1,0.67
P24165,MA_ROTA,E4507,5,1,2.64
P24166,MA_TO_CO_JA,E4508,4,1,0.17
P24170,MA_TO_CO_JA,E4508,4,1,0.14
P24171,MA_TO_CO_JA,E4508,4,1,0.88
P24172,MA_ROTA,E4509,2,2,1.06
P24173,PN_PIQ,E4510,2,2,0.05
P24174,PN_PIQ,E4510,2,2,0.46
P24175,PN_PIQ,E4510,2,2,0.09
P24176,PN_PIQ,E4510,2,2,0.78
P24177,PN_PIQ,E4510,2,2,0.49
P24178,MA_TO_CO_JA,E4511,3,2,2.55
P24179,MA_ROTA,E4511,3,2,3.33
P24180,MA_ROTA,E4511,3,2,3.03
P24181,MA_TO_CO_JA,E4512,7,3,6.47
P24182,MA_TO_CO_JA,E4512,7,3,3.58
P24183,MA_TO_CO_JA,E4512,7,3,1.07
P24184,MA_TO_CO_JA,E4512,7,3,3.23
P24185,MA_TO_CO_JA,E4512,7,3,0.75
P24186,AN_PA,E4513,4,1,0.44
P24187,AN_PA,E4513,4,1,0.72
P24188,AN_PA,E4513,4,1,0.68
P24189,AN_PA,E4513,4,1,0.16
P24190,AN_PA,E4513,4,1,0.24
P24191,AN_PA,E4513,4,1,1.02
P24192,AN_PA,E4513,4,1,0.75
P24193,IG_TUT,E4513,4,1,2.19
P24194,AN_PA,E4513,4,1,0.19
P24195,AN_PA,E4513,4,1,0.87
P24196,AN_PA,E4513,4,1,0.26
P24197,AN_PA,E4513,4,1,0.58
P24199,AN_PA,E4513,4,1,0.6
P24201,BC_GTMG,E4514,1,2,1.61
P24202,BC_GTMG,E4514,1,2,2.29
P24203,PN_PIQ,E4515,2,2,0.3
P24204,PN_PIQ,E4515,2,2,0.35
P24205,PN_PIQ,E4515,2,2,5.68
P24206,PN_PIQ,E4515,2,2,1.12
P24207,PN_PIQ,E4515,2,2,0.51
P24208,PN_PIQ,E4515,2,2,0.45
P24209,BC_GTMG,E4516,3,2,0.44
P24210,BC_GTMG,E4516,3,2,0.64
P24211,IG_PLA,E4516,3,2,1.67
P24212,BC_GTMG,E4516,3,2,0.4
P24213,BC_GTMG,E4516,3,2,0.14
P24214,IG_PLA,E4516,3,2,1.64
P24215,BC_GTMG,E4516,3,2,1.16
P24216,IG_PLA,E4516,3,2,1.99
P24217,PN_PIQ,E4517,2,2,1.04
P24218,PN_PIQ,E4517,2,2,4.01
P24219,PN_PIQ,E4517,2,2,0.58
P24220,PN_PIQ,E4517,2,2,1.68
P24221,PN_PIQ,E4517,2,2,0.53
P24223,MA_ROTA,E4518,2,2,1.52
P24224,PN_PIQ,E4519,6,1,8.21
P24225,PN_PIQ,E4519,6,1,2.63
P24227,PN_PIQ,E4520,1,2,0.1
P24228,MA_ROTA,E4521,3,2,0.04
P24229,MA_ROTA,E4521,3,2,0.01
P24231,MA_TO_CO_JA,E4521,6,1,0.03
P24233,PN_PIQ,E4522,7,3,0.3
P24234,PN_PIQ,E4522,7,3,0.36
P24235,MA_TO_CO_JA,E4523,7,3,0.25
P24236,MA_TO_CO_JA,E4523,7,3,0.63
P24237,MA_TO_CO_JA,E4523,7,3,0.18
P24238,MA_ROTA,E4524,7,3,0.91
P24239,IG_PLA,E4524,7,3,0.15
P24240,MA_TO_CO_JA,E4525,7,3,0.59
P24241,MA_ROTA,E4526,2,2,0.78
P24242,MA_TO_CO_JA,E4527,4,1,0.64
P24243,MA_TO_CO_JA,E4527,4,1,1.12
P24244,MA_TO_CO_JA,E4527,4,1,0.46
P24245,MA_TO_CO_JA,E4527,4,1,0.27
P24246,MA_ROTA,E4528,5,1,1.83
P24247,MA_ROTA,E4529,2,2,1.67
P24248,BC_BT,E4530,4,1,1.64
P24249,IG_TUT,E4530,4,1,0.39
P24250,BC_BT,E4530,4,1,1.35
P24251,IG_TUT,E4530,4,1,0.34
P24252,IG_TUT,E4530,4,1,2.11
P24253,IG_TUT,E4530,4,1,0.78
P24254,IG_TUT,E4530,4,1,0.7
P24255,IG_TUT,E4530,4,1,0.84
P24256,MA_TO_CO_JA,E4531,4,1,0.15
P24259,PN_PIQ,E4532,1,2,0.19
P24260,PN_PIQ,E4532,1,2,0.21
P24261,PN_PIQ,E4532,1,2,2.39
P24262,MA_ROTA,E4533,2,2,1.08
P24263,BC_GTMG,E4534,2,2,1.01
P24264,IG_PLA,E4534,2,2,1.19
P24265,BC_GTMG,E4534,2,2,1.5
P24266,IG_PLA,E4534,2,2,0.61
P24267,IG_PLA,E4534,2,2,0.51
P24268,PN_PIQ,E4535,2,2,1.1
P24269,IG_PLA,E4536,1,2,3.3
P24270,BC_GTMG,E4536,1,2,0.42
P24271,BC_GTMG,E4536,1,2,0.31
P24272,IG_PLA,E4536,1,2,1.5
P24273,BC_GTMG,E4536,1,2,1.75
P24274,MA_ROTA,E4537,5,1,0.46
P24275,MA_ROTA,E4537,5,1,0.33
P24277,MA_TO_CO_JA,E4538,7,3,1.63
P24278,MA_TO_CO_JA,E4538,7,3,0.98
P24279,MA_TO_CO_JA,E4538,7,3,1.35
P24280,PN_PIQ,E4539,2,2,0.37
P24281,PN_PIQ,E4539,2,2,0.8
P24282,PN_PIQ,E4539,2,2,0.2
P24283,PN_PIQ,E4539,2,2,0.57
P24284,PN_PIQ,E4539,2,2,0.61
P24285,PN_PIQ,E4540,7,3,1.09
P24286,PN_PIQ,E4540,7,3,1.78
P24287,PN_PIQ,E4541,7,3,0.33
P24288,PN_PIQ,E4541,7,3,0.84
P24289,PN_PIQ,E4541,7,3,1.16
P24290,PN_PIQ,E4541,7,3,0.91
P24291,PN_PIQ,E4541,7,3,0.33
P24292,PN_PIQ,E4542,2,2,2.64
P24293,PN_PIQ,E4543,2,2,0.46
P24294,PN_PIQ,E4543,2,2,2.69
P24295,PN_PIQ,E4544,2,2,1.86
P24296,PN_PIQ,E4544,2,2,0.99
P24297,MA_ROTA,E4545,2,2,0.58
P24298,PN_PIQ,E4546,2,2,2.5
P24299,BC_GTMG,E4547,3,2,1.7
P24300,IG_PLA,E4547,3,2,0.36
P24301,IG_PLA,E4547,3,2,1.09
P24302,MA_ROTA,E4548,2,2,1.39
P24303,MA_ROTA,E4548,2,2,1.73
P24304,MA_ROTA,E4549,4,1,4.8
P24305,MA_ROTA,E4549,4,1,2.39
P24306,PN_PIQ,E4550,4,1,0.81
P24307,PN_PIQ,E4550,4,1,0.84
P24308,PN_PIQ,E4550,4,1,0.27
P24309,PN_PIQ,E4551,4,1,0.69
P24310,PN_PIQ,E4551,4,1,1.44
P24311,PN_PIQ,E4551,4,1,1.61
P24312,MA_TO_CO_JA,E4552,7,3,0.16
P24313,MA_TO_CO_JA,E4552,7,3,0.44
P24314,MA_TO_CO_JA,E4552,7,3,0.09
P24315,PN_PIQ,E4553,7,3,0.64
P24316,PN_PIQ,E4553,7,3,1.6
P24317,PN_PIQ,E4553,7,3,1.77
P24318,PN_PIQ,E4553,7,3,0.56
P24319,PN_PIQ,E4553,7,3,0.79
P24322,MA_TO_CO_JA,E4555,4,1,0.28
P24323,MA_TO_CO_JA,E4555,4,1,1.06
P24325,BC_GTMG,E4557,3,2,0.15
P24326,PN_PIQ,E4557,3,2,1.19
P24327,BC_GTMG,E4557,3,2,0.82
P24328,PN_PIQ,E4558,1,2,0.25
P24329,IG_PLA,E4559,3,2,1.82
P24330,MA_ROTA,E4559,3,2,1.62
P24331,PN_PIQ,E4560,7,3,0.68
P24332,PN_PIQ,E4560,7,3,0.08
P24333,PN_PIQ,E4560,7,3,0.35
P24334,PN_PIQ,E4560,7,3,0.91
P24335,PN_PIQ,E4560,7,3,1.82
P24336,PN_PIQ,E4560,7,3,0.19
P24337,PN_PIQ,E4560,7,3,0.13
P24338,PN_PIQ,E4561,1,2,1.94
P24339,PN_PIQ,E4561,1,2,1.54
P24340,PN_PIQ,E4562,7,3,1.62
P24341,PN_PIQ,E4563,1,2,9.88
P24342,PN_PIQ,E4564,3,2,3.37
P24343,PN_PIQ,E4565,2,2,3.81
P24344,MA_ROTA,E4566,3,2,0.72
P24345,MA_ROTA,E4566,3,2,0.26
P24346,MA_ROTA,E4566,3,2,0.29
P24347,MA_ROTA,E4566,3,2,0.61
P24348,MA_ROTA,E4566,3,2,0.15
P24349,MA_ROTA,E4566,3,2,0.85
P24350,MA_ROTA,E4566,3,2,0.44
P24351,MA_ROTA,E4566,3,2,0.58
P24352,MA_ROTA,E4566,3,2,0.26
P24353,MA_ROTA,E4566,3,2,0.37
P24354,MA_ROTA,E4566,3,2,1.23
P24355,MA_ROTA,E4566,3,2,0.43
P24356,MA_ROTA,E4566,3,2,1.63
P24357,MA_ROTA,E4566,3,2,1.37
P24358,PN_PIQ,E4567,7,3,0.6
P24359,PN_PIQ,E4567,7,3,0.7
P24360,PN_PIQ,E4567,7,3,0.95
P24361,MA_ROTA,E4568,5,1,0.97
P24362,MA_ROTA,E4568,5,1,0.74
P24363,MA_ROTA,E4568,5,1,0.24
P24364,MA_ROTA,E4568,5,1,0.66
P24366,BA_IRR,E4569,3,2,4.0
P24367,JA,E4569,3,2,3.84
P24369,BA_IRR,E4569,3,2,3.42
P24370,BA_IRR,E4569,3,2,2.77
P24371,MA_ROTA,E4570,3,2,0.6
P24374,MA_ROTA,E4570,3,2,0.69
P24377,MA_ROTA,E4570,3,2,1.65
P24378,MA_ROTA,E4570,3,2,1.11
P24379,MA_ROTA,E4570,3,2,1.22
P24380,MA_ROTA,E4570,3,2,0.33
P24383,MA_ROTA,E4570,3,2,0.19
P24384,MA_ROTA,E4571,5,1,0.25
P24385,MA_ROTA,E4571,5,1,0.3
P24386,IG_TUT,E4571,4,1,0.5
P24387,MA_TO_CO_JA,E4572,3,2,0.93
P24389,MA_ROTA,E4573,3,2,1.61
P24391,MA_ROTA,E4573,3,2,0.45
P24392,MA_ROTA,E4573,3,2,0.69
P24393,MA_ROTA,E4573,3,2,1.19
P24394,MA_ROTA,E4573,3,2,0.34
P24395,MA_ROTA,E4573,3,2,1.17
P24396,MA_ROTA,E4573,3,2,1.31
P24397,MA_ROTA,E4573,3,2,0.9
P24400,MA_ROTA,E4573,3,2,0.11
P24402,MA_ROTA,E4574,3,2,2.28
P24403,MA_ROTA,E4575,4,1,1.92
P24404,MA_TO_CO_JA,E4576,7,3,1.0
P24405,MA_TO_CO_JA,E4577,6,1,0.25
P24407,MA_TO_CO_JA,E4577,6,1,0.1
P24409,MA_ROTA,E4577,6,1,0.86
P24410,PN_PIQ,E4578,7,3,1.5
P24411,IG_PLA,E4578,7,3,0.56
P24412,IG_PLA,E4578,7,3,0.53
P24413,IG_PLA,E4578,7,3,0.23
P24414,PN_PIQ,E4578,7,3,1.4
P24415,BC_GTMG,E4579,3,2,2.13
P24417,IG_PLA,E4579,3,2,0.12
P24418,IG_PLA,E4579,3,2,1.62
P24419,IG_PLA,E4579,3,2,0.67
P24420,BC_GTMG,E4579,3,2,1.41
P24421,IG_PLA,E4579,3,2,0.82
P24422,MA_TO_CO_JA,E4580,4,1,4.84
P24423,MA_TO_CO_JA,E4580,4,1,1.89
P24424,MA_TO_CO_JA,E4580,4,1,0.3
P24425,MA_TO_CO_JA,E4580,4,1,0.75
P24426,MA_TO_CO_JA,E4581,7,3,0.7
P24427,MA_TO_CO_JA,E4581,7,3,0.45
P24428,MA_ROTA,E4582,3,2,2.48
P24430,MA_TO_CO_JA,E4583,4,1,1.47
P24431,MA_TO_CO_JA,E4584,7,3,0.51
P24432,MA_TO_CO_JA,E4584,7,3,0.15
P24433,MA_ROTA,E4585,3,2,2.23
P24434,MA_TO_CO_JA,E4586,4,1,0.44
P24435,MA_TO_CO_JA,E4586,4,1,1.06
P24436,MA_TO_CO_JA,E4586,4,1,0.13
P24437,MA_TO_CO_JA,E4586,4,1,0.51
P24438,MA_TO_CO_JA,E4587,4,1,1.0
P24439,MA_TO_CO_JA,E4587,4,1,0.69
P24441,MA_ROTA,E4588,3,2,0.58
P24442,MA_ROTA,E4588,3,2,1.91
P24443,MA_ROTA,E4588,3,2,1.53
P24444,MA_ROTA,E4588,3,2,0.55
P24445,MA_ROTA,E4588,3,2,1.68
P24446,MA_ROTA,E4588,3,2,1.17
P24447,MA_TO_CO_JA,E4589,6,1,0.8
P24448,MA_TO_CO_JA,E4589,6,1,1.04
P24449,MA_TO_CO_JA,E4589,6,1,0.9
P24450,MA_ROTA,E4589,6,1,0.92
P24451,MA_ROTA,E4589,6,1,0.71
P24452,MA_TO_CO_JA,E4589,6,1,1.14
P24453,MA_TO_CO_JA,E4589,6,1,0.49
P24454,MA_TO_CO_JA,E4590,7,3,1.67
P24455,MA_TO_CO_JA,E4590,7,3,0.75
P24456,MA_TO_CO_JA,E4590,7,3,0.3
P24457,MA_TO_CO_JA,E4590,7,3,0.34
P24458,MA_TO_CO_JA,E4590,7,3,0.29
P24460,IG_PLA,E4591,1,2,0.92
P24461,IG_PLA,E4591,1,2,0.83
P24462,BC_GTMG,E4591,1,2,0.27
P24463,IG_PLA,E4591,1,2,1.15
P24464,IG_PLA,E4591,1,2,0.03
P24465,IG_PLA,E4591,1,2,0.69
P24466,BC_GTMG,E4591,1,2,0.13
P24467,IG_PLA,E4591,1,2,0.82
P24468,IG_PLA,E4591,1,2,0.07
P24469,BC_GTMG,E4591,1,2,0.02
P24470,BC_GTMG,E4591,1,2,0.65
P24471,BC_GTMG,E4591,1,2,0.88
P24472,IG_PLA,E4591,1,2,0.06
P24473,BC_GTMG,E4591,1,2,0.08
P24474,BC_GTMG,E4591,1,2,0.22
P24475,IG_PLA,E4592,7,3,0.47
P24476,PN_PIQ,E4592,7,3,0.16
P24477,PN_PIQ,E4592,7,3,0.26
P24478,IG_PLA,E4592,7,3,0.3
P24481,MA_ROTA,E4593,2,2,0.2
P24482,BC_GTMG,E4594,2,2,0.8
P24483,BC_GTMG,E4594,2,2,1.09
P24484,BC_GTMG,E4594,2,2,0.28
P24485,BC_GTMG,E4594,2,2,0.44
P24486,MA_ROTA,E4595,3,2,2.75
P24491,MA_ROTA,E4596,3,2,0.14
P24492,MA_ROTA,E4596,3,2,1.25
P24493,MA_ROTA,E4596,3,2,1.26
P24495,MA_ROTA,E4596,3,2,0.44
P24497,MA_ROTA,E4596,3,2,0.66
P24498,MA_ROTA,E4596,3,2,0.86
P24500,MA_ROTA,E4596,3,2,0.56
P24501,MA_ROTA,E4596,3,2,1.18
P24502,MA_ROTA,E4596,3,2,0.32
P24504,MA_TO_CO_JA,E4597,7,3,0.74
P24505,BC_GTMG,E4598,2,2,0.75
P24506,IG_PLA,E4598,2,2,0.42
P24507,IG_PLA,E4598,2,2,0.23
P24508,BC_GTMG,E4598,2,2,0.16
P24509,IG_PLA,E4598,2,2,0.43
P24510,BC_GTMG,E4598,2,2,0.4
P24511,IG_PLA,E4598,2,2,0.8
P24512,PN_PIQ,E4599,7,3,0.98
P24513,IG_PLA,E4599,7,3,0.38
P24514,PN_PIQ,E4600,7,3,0.76
P24516,PN_PIQ,E4600,7,3,0.36
P24517,PN_PIQ,E4601,7,3,1.02
P24518,PN_PIQ,E4601,7,3,1.75
P24519,MA_TO_CO_JA,E4602,7,3,0.33
P24520,MA_TO_CO_JA,E4602,7,3,0.18
P24521,MA_TO_CO_JA,E4602,7,3,0.56
P24522,MA_TO_CO_JA,E4602,7,3,0.27
P24523,PN_PIQ,E4603,4,1,0.17
P24524,PN_PIQ,E4603,4,1,0.19
P24525,PN_PIQ,E4603,4,1,0.51
P24526,IG_PLA,E4604,3,2,0.87
P24527,BC_GTMG,E4604,3,2,0.29
P24528,IG_PLA,E4604,3,2,0.82
P24529,IG_PLA,E4604,3,2,0.68
P24530,IG_PLA,E4604,3,2,0.1
P24531,IG_PLA,E4604,3,2,0.68
P24532,BC_GTMG,E4604,3,2,1.6
P24533,IG_PLA,E4604,3,2,0.41
P24534,IG_PLA,E4604,3,2,0.1
P24535,PN_PIQ,E4605,5,1,1.28
P24536,PN_PIQ,E4605,5,1,0.73
P24537,MA_ROTA,E4606,2,2,2.22
P24538,MA_ROTA,E4606,2,2,2.64
P24539,MA_ROTA,E4606,2,2,3.21
P24540,MA_TO_CO_JA,E4607,5,1,0.49
P24541,MA_TO_CO_JA,E4607,5,1,1.01
P24542,MA_ROTA,E4607,5,1,1.85
P24543,MA_ROTA,E4607,5,1,2.45
P24544,MA_ROTA,E4607,5,1,2.03
P24545,MA_ROTA,E4607,5,1,2.85
P24546,MA_TO_CO_JA,E4607,5,1,0.56
P24547,MA_TO_CO_JA,E4607,5,1,0.47
P24548,MA_TO_CO_JA,E4607,5,1,0.7
P24549,MA_TO_CO_JA,E4607,5,1,0.88
P24552,MA_TO_CO_JA,E4607,5,1,0.16
P24553,MA_TO_CO_JA,E4607,5,1,0.96
P24554,MA_ROTA,E4608,3,2,1.75
P24555,AN_PA,E4609,4,1,0.67
P24556,AN_PA,E4609,4,1,0.73
P24557,AN_PA,E4609,4,1,1.02
P24558,IG_TUT,E4609,4,1,0.97
P24559,IG_TUT,E4609,4,1,0.66
P24560,AN_PA,E4609,4,1,0.71
P24561,IG_TUT,E4609,4,1,1.07
P24562,AN_PA,E4609,4,1,0.18
P24563,AN_PA,E4609,4,1,0.84
P24564,AN_PA,E4609,4,1,0.08
P24565,AN_PA,E4609,4,1,0.15
P24566,AN_PA,E4609,4,1,0.39
P24567,AN_PA,E4609,4,1,1.75
P24568,AN_PA,E4609,4,1,0.8
P24569,IG_TUT,E4609,4,1,0.7
P24570,AN_PA,E4609,4,1,0.78
P24571,AN_PA,E4609,4,1,0.48
P24572,AN_PA,E4609,4,1,0.15
P24573,AN_PA,E4609,4,1,1.28
P24575,AN_PA,E4609,4,1,0.24
P24576,PN_PIQ,E4610,2,2,2.12
P24577,PN_PIQ,E4610,2,2,1.43
P24578,PN_PIQ,E4610,2,2,1.42
P24579,MA_ROTA,E4611,3,2,0.5
P24580,MA_ROTA,E4611,3,2,2.34
P24581,MA_ROTA,E4611,3,2,0.1
P24582,MA_ROTA,E4611,3,2,2.67
P24583,MA_ROTA,E4611,3,2,0.16
P24584,MA_ROTA,E4611,3,2,0.49
P24585,MA_ROTA,E4611,3,2,1.3
P24586,MA_ROTA,E4611,3,2,0.54
P24587,MA_ROTA,E4611,3,2,0.81
P24588,MA_ROTA,E4611,3,2,0.08
P24589,MA_ROTA,E4611,3,2,0.82
P24590,MA_ROTA,E4611,3,2,1.81
P24592,MA_ROTA,E4611,3,2,1.23
P24593,MA_ROTA,E4611,3,2,1.03
P24595,MA_TO_CO_JA,E4612,4,1,0.94
P24596,MA_ROTA,E4613,4,1,6.55
P24597,MA_ROTA,E4613,4,1,0.9
P24598,MA_ROTA,E4613,4,1,0.45
P24600,PN_PIQ,E4615,3,2,1.17
P24603,PN_PIQ,E4617,6,1,0.54
P24604,PN_PIQ,E4617,6,1,0.44
P24605,PN_PIQ,E4617,6,1,1.12
P24606,PN_PIQ,E4617,6,1,1.22
P24607,PN_PIQ,E4617,6,1,1.11
P24608,PN_PIQ,E4617,6,1,0.25
P24609,MA_TO_CO_JA,E4618,4,1,0.55
P24610,MA_TO_CO_JA,E4618,4,1,0.29
P24611,MA_TO_CO_JA,E4618,4,1,0.16
P24612,MA_TO_CO_JA,E4618,4,1,1.27
P24613,MA_ROTA,E4619,3,2,2.41
P24614,MA_ROTA,E4619,3,2,2.49
P24615,MA_ROTA,E4619,3,2,10.58
P24616,MA_ROTA,E4619,3,2,3.31
P24617,PN_PIQ,E4620,5,1,2.96
P24618,MA_ROTA,E4621,2,2,0.73
P24619,MA_ROTA,E4621,2,2,2.36
P24620,MA_TO_CO_JA,E4621,4,1,4.75
P24621,MA_TO_CO_JA,E4621,4,1,1.23
P24623,MA_TO_CO_JA,E4623,7,3,0.68
P24624,PN_PIQ,E4624,7,3,1.0
P24625,PN_PIQ,E4624,7,3,0.23
P24626,PN_PIQ,E4624,7,3,0.5
P24627,PN_PIQ,E4624,7,3,0.51
P24629,PN_PIQ,E4624,7,3,3.51
P24630,MA_ROTA,E4625,2,2,1.34
P24631,MA_ROTA,E4625,2,2,0.44
P24633,PN_PIQ,E4627,7,3,0.5
P24634,PN_PIQ,E4627,7,3,0.1
P24635,PN_PIQ,E4627,7,3,3.19
P24636,PN_PIQ,E4627,7,3,0.72
P24637,PN_PIQ,E4627,7,3,1.61
P24638,PN_PIQ,E4627,7,3,1.17
P24639,MA_ROTA,E4628,2,2,1.52
P24640,MA_ROTA,E4628,2,2,0.34
P24641,MA_ROTA,E4628,2,2,0.77
P24642,PN_PIQ,E4629,2,2,0.82
P24643,PN_PIQ,E4629,2,2,0.47
P24644,PN_PIQ,E4629,2,2,0.11
P24645,PN_PIQ,E4629,2,2,0.49
P24646,PN_PIQ,E4629,2,2,0.26
P24647,PN_PIQ,E4629,2,2,0.27
P24649,PN_PIQ,E4629,2,2,0.58
P24650,PN_PIQ,E4629,2,2,0.6
P24651,PN_PIQ,E4629,2,2,1.27
P24652,MA_TO_CO_JA,E4630,4,1,0.46
P24653,MA_TO_CO_JA,E4630,4,1,0.52
P24654,MA_TO_CO_JA,E4631,4,1,0.56
P24655,MA_TO_CO_JA,E4631,4,1,0.5
P24656,MA_ROTA,E4631,4,1,0.51
P24657,MA_TO_CO_JA,E4631,4,1,0.49
P24658,MA_ROTA,E4632,1,2,5.0
P24661,BC_GTMG,E4633,2,2,1.38
P24662,BC_GTMG,E4633,2,2,0.5
P24663,BC_GTMG,E4633,2,2,2.04
P24664,BC_GTMG,E4633,2,2,0.99
P24665,BC_GTMG,E4633,2,2,0.6
P24666,BC_GTMG,E4633,2,2,1.24
P24667,MA_ROTA,E4634,4,1,0.55
P24668,MA_ROTA,E4634,4,1,0.51
P24670,MA_ROTA,E4634,5,1,0.83
P24671,MA_ROTA,E4634,5,1,0.65
P24673,MA_ROTA,E4634,5,1,0.56
P24674,MA_ROTA,E4634,5,1,0.82
P24675,MA_ROTA,E4634,5,1,1.08
P24677,MA_ROTA,E4634,4,1,0.19
P24678,MA_ROTA,E4634,5,1,0.35
P24679,MA_ROTA,E4634,4,1,1.5
P24680,MA_ROTA,E4634,4,1,1.25
P24681,MA_ROTA,E4634,4,1,1.07
P24682,MA_ROTA,E4634,4,1,1.82
P24683,MA_ROTA,E4634,4,1,0.27
P24684,MA_ROTA,E4634,4,1,0.45
P24685,MA_ROTA,E4634,4,1,0.79
P24686,MA_ROTA,E4634,4,1,0.75
P24687,MA_TO_CO_JA,E4635,4,1,4.53
P24688,MA_TO_CO_JA,E4635,4,1,0.25
P24689,MA_TO_CO_JA,E4635,4,1,0.63
P24690,MA_TO_CO_JA,E4635,4,1,1.46
P24691,MA_TO_CO_JA,E4635,4,1,0.64
P24692,MA_TO_CO_JA,E4635,4,1,0.92
P24693,MA_TO_CO_JA,E4635,4,1,1.63
P24694,MA_TO_CO_JA,E4635,4,1,4.56
P24696,BC_GTMG,E4636,1,2,0.59
P24697,BC_GTMG,E4636,1,2,1.71
P24698,BC_GTMG,E4636,1,2,2.44
P24699,BC_GTMG,E4636,1,2,0.5
P24700,BC_GTMG,E4636,1,2,2.8
P24701,BC_GTMG,E4636,1,2,0.09
P24702,BA_INT,E4637,5,1,1.99
P24703,JA,E4637,5,1,0.46
P24704,MA_TO_CO_JA,E4637,5,1,2.74
P24705,BA_INT,E4637,5,1,4.1
P24707,BA_SINT,E4637,5,1,1.94
P24708,JA,E4637,5,1,0.3
P24709,BA_INT,E4637,5,1,1.27
P24710,BA_INT,E4637,5,1,0.3
P24711,BA_INT,E4637,5,1,0.38
P24712,BA_SINT,E4637,5,1,3.04
P24713,MA_TO_CO_JA,E4637,5,1,1.69
P24714,BA_INT,E4637,5,1,2.82
P24715,BA_INT,E4637,5,1,0.8
P24716,MA_ROTA,E4637,5,1,1.85
P24717,BA_INT,E4637,5,1,0.38
P24718,MA_ROTA,E4637,5,1,1.12
P24719,MA_ROTA,E4637,5,1,2.82
P24720,BA_INT,E4637,5,1,0.23
P24721,MA_ROTA,E4637,5,1,3.29
P24723,MA_ROTA,E4637,5,1,0.82
P24726,JA,E4637,5,1,1.47
P24727,BA_INT,E4637,5,1,1.53
P24728,JA,E4637,5,1,0.76
P24729,BA_IRR,E4637,3,2,0.54
P24730,PN_PIQ,E4638,7,3,1.32
P24731,PN_PIQ,E4638,7,3,5.39
P24732,PN_PIQ,E4638,7,3,0.53
P24733,PN_PIQ,E4638,7,3,0.43
P24734,PN_PIQ,E4638,7,3,0.48
