This is pdfTeX, Version 3.141592653-2.6-1.40.28 (MiKTeX 25.12) (preloaded format=pdflatex 2026.8.9)  30 AUG 2026 21:44
entering extended mode
 restricted \write18 enabled.
 %&-line parsing enabled.
**./memoire.tex
(memoire.tex
LaTeX2e <2025-11-01>
L3 programming layer <2025-12-24>
(C:\Users\Clément\AppData\Local\Programs\MiKTeX\tex/latex/base\report.cls
Document Class: report 2025/01/22 v1.4n Standard LaTeX document class
(C:\Users\Clément\AppData\Local\Programs\MiKTeX\tex/latex/base\size12.clo
File: size12.clo 2025/01/22 v1.4n Standard LaTeX file (size option)
)
\c@part=\count275
\c@chapter=\count276
\c@section=\count277
\c@subsection=\count278
\c@subsubsection=\count279
\c@paragraph=\count280
\c@subparagraph=\count281
\c@figure=\count282
\c@table=\count283
\abovecaptionskip=\skip49
\belowcaptionskip=\skip50
\bibindent=\dimen148
)
(preambule.tex
(C:\Users\Clément\AppData\Local\Programs\MiKTeX\tex/latex/base\fontenc.sty
Package: fontenc 2025/07/18 v2.1d Standard LaTeX package
)
(C:\Users\Clément\AppData\Local\Programs\MiKTeX\tex/latex/base\inputenc.sty
Package: inputenc 2024/02/08 v1.3d Input encoding file
\inpenc@prehook=\toks17
\inpenc@posthook=\toks18
)
(C:\Users\Clément\AppData\Local\Programs\MiKTeX\tex/generic/babel\babel.sty
Package: babel 2025/12/11 v25.17 The multilingual framework for LuaLaTeX, pdfLa
TeX and XeLaTeX
\babel@savecnt=\count284
LaTeX Encoding Info:    Redeclaring text command \ij (encoding OT1) on input li
ne 2068.
LaTeX Encoding Info:    Redeclaring text command \IJ (encoding OT1) on input li
ne 2070.
LaTeX Encoding Info:    Redeclaring text command \ij (encoding T1) on input lin
e 2072.
LaTeX Encoding Info:    Redeclaring text command \IJ (encoding T1) on input lin
e 2073.
LaTeX Encoding Info:    Ignoring declaration for text command \ij (encoding ?) 
on input line 2074.
LaTeX Encoding Info:    Ignoring declaration for text command \IJ (encoding ?) 
on input line 2076.
LaTeX Encoding Info:    Ignoring declaration for text command \SS (encoding ?) 
on input line 2101.
\U@D=\dimen149
\l@unhyphenated=\language79

(C:\Users\Clément\AppData\Local\Programs\MiKTeX\tex/generic/babel\txtbabel.def
)
\bbl@readstream=\read2
\bbl@dirlevel=\count285
Package babel Info: Configuration files are deprecated, as
(babel)             they can break document portability.
(babel)             Reported on input line 4196.

*************************************
* Local config file bblopts.cfg used
*
(C:\Users\Clément\AppData\Local\Programs\MiKTeX\tex/latex/arabi\bblopts.cfg
File: bblopts.cfg 2005/09/08 v0.1 add Arabic and Farsi to "declared" options of
 babel
)
(C:\Users\Clément\AppData\Local\Programs\MiKTeX\tex/generic/babel/locale/en\ba
bel-english.tex)
(C:\Users\Clément\AppData\Local\Programs\MiKTeX\tex/generic/babel/locale/fr\ba
bel-french.tex)
Package babel Info: Importing font and identification data for english
(babel)             from babel-en.ini. Reported on input line 4320.

(C:\Users\Clément\AppData\Local\Programs\MiKTeX\tex/latex/babel-english\englis
h.ldf
Language: english 2017/06/06 v3.3r English support from the babel system
Package babel Info: Hyphen rules for 'canadian' set to \l@english
(babel)             (\language0). Reported on input line 102.
Package babel Info: Hyphen rules for 'australian' set to \l@ukenglish
(babel)             (\language73). Reported on input line 105.
Package babel Info: Hyphen rules for 'newzealand' set to \l@ukenglish
(babel)             (\language73). Reported on input line 108.
)
Package babel Info: Importing font and identification data for french
(babel)             from babel-fr.ini. Reported on input line 4320.

(C:\Users\Clément\AppData\Local\Programs\MiKTeX\tex/generic/babel-french\frenc
h.ldf
Language: french 2026-06-06 v4.1a French support from the babel system

(C:\Users\Clément\AppData\Local\Programs\MiKTeX\tex/generic/babel-french\frenc
h3.ldf
Language: french 2026-06-06 v3.7f French support from the babel system
\FB@stdchar=\count286
Package babel Info: Making : an active character on input line 266.
Package babel Info: Making ; an active character on input line 267.
Package babel Info: Making ! an active character on input line 268.
Package babel Info: Making ? an active character on input line 269.
\FBguill@level=\count287
\FBold@everypar=\toks19
\FB@Mht=\dimen150
\mc@charclass=\count288
\mc@charfam=\count289
\mc@charslot=\count290
\std@mcc=\count291
\dec@mcc=\count292
\listindentFB=\dimen151
\descindentFB=\dimen152
\labelwidthFB=\dimen153
\labelfullwidthFB=\dimen154
\FB@pardim=\dimen155
\parindentFFN=\dimen156
\FBfnindent=\dimen157
)))
(C:\Users\Clément\AppData\Local\Programs\MiKTeX\tex/latex/carlisle\scalefnt.st
y)
(C:\Users\Clément\AppData\Local\Programs\MiKTeX\tex/latex/csquotes\csquotes.st
y
Package: csquotes 2026-05-19 v5.2p context-sensitive quotations (JAW)

(C:\Users\Clément\AppData\Local\Programs\MiKTeX\tex/latex/etoolbox\etoolbox.st
y
Package: etoolbox 2025/10/02 v2.5m e-TeX tools for LaTeX (JAW)
\etb@tempcnta=\count293
)
(C:\Users\Clément\AppData\Local\Programs\MiKTeX\tex/latex/graphics\keyval.sty
Package: keyval 2022/05/29 v1.15 key=value parser (DPC)
\KV@toks@=\toks20
)
\csq@reset=\count294
\csq@gtype=\count295
\csq@glevel=\count296
\csq@qlevel=\count297
\csq@maxlvl=\count298
\csq@tshold=\count299
\csq@ltx@everypar=\toks21

(C:\Users\Clément\AppData\Local\Programs\MiKTeX\tex/latex/csquotes\csquotes.de
f
File: csquotes.def 2026-05-19 v5.2p csquotes generic definitions (JAW)
)
Package csquotes Info: Trying to load configuration file 'csquotes.cfg'...
Package csquotes Info: ... configuration file loaded successfully.

(C:\Users\Clément\AppData\Local\Programs\MiKTeX\tex/latex/csquotes\csquotes.cf
g
File: csquotes.cfg 
))
(C:\Users\Clément\AppData\Local\Programs\MiKTeX\tex/latex/newtx\newtxtext.sty
Package: newtxtext 2024/04/01 v1.744(Michael Sharpe) latex and unicode latex su
pport for TeXGyreTermesX

`newtxtext' v1.744, 2024/04/01 Text macros taking advantage of TeXGyre Termes a
nd its extensions (msharpe)
(C:\Users\Clément\AppData\Local\Programs\MiKTeX\tex/latex/xpatch\xpatch.sty
(C:\Users\Clément\AppData\Local\Programs\MiKTeX\tex/latex/l3kernel\expl3.sty
Package: expl3 2025-12-24 L3 programming layer (loader) 

(C:\Users\Clément\AppData\Local\Programs\MiKTeX\tex/latex/l3backend\l3backend-
pdftex.def
File: l3backend-pdftex.def 2025-10-09 L3 backend support: PDF output (pdfTeX)
\l__color_backend_stack_int=\count300
))
Package: xpatch 2020/03/25 v0.3a Extending etoolbox patching commands

(C:\Users\Clément\AppData\Local\Programs\MiKTeX\tex/latex/l3packages/xparse\xp
arse.sty
Package: xparse 2025-10-09 L3 Experimental document command parser
))
(C:\Users\Clément\AppData\Local\Programs\MiKTeX\tex/latex/xcolor\xcolor.sty
Package: xcolor 2024/09/29 v3.02 LaTeX color extensions (UK)

(C:\Users\Clément\AppData\Local\Programs\MiKTeX\tex/latex/graphics-cfg\color.c
fg
File: color.cfg 2016/01/02 v1.6 sample color configuration
)
Package xcolor Info: Driver file: pdftex.def on input line 274.

(C:\Users\Clément\AppData\Local\Programs\MiKTeX\tex/latex/graphics-def\pdftex.
def
File: pdftex.def 2025/09/29 v1.2d Graphics/color driver for pdftex
)
(C:\Users\Clément\AppData\Local\Programs\MiKTeX\tex/latex/graphics\mathcolor.l
tx)
Package xcolor Info: Model `cmy' substituted by `cmy0' on input line 1349.
Package xcolor Info: Model `hsb' substituted by `rgb' on input line 1353.
Package xcolor Info: Model `RGB' extended on input line 1365.
Package xcolor Info: Model `HTML' substituted by `rgb' on input line 1367.
Package xcolor Info: Model `Hsb' substituted by `hsb' on input line 1368.
Package xcolor Info: Model `tHsb' substituted by `hsb' on input line 1369.
Package xcolor Info: Model `HSB' substituted by `hsb' on input line 1370.
Package xcolor Info: Model `Gray' substituted by `gray' on input line 1371.
Package xcolor Info: Model `wave' substituted by `hsb' on input line 1372.
)
(C:\Users\Clément\AppData\Local\Programs\MiKTeX\tex/generic/iftex\iftex.sty
Package: iftex 2024/12/12 v1.0g TeX engine tests
)
(C:\Users\Clément\AppData\Local\Programs\MiKTeX\tex/latex/xkeyval\xkeyval.sty
Package: xkeyval 2022/06/16 v2.9 package option processing (HA)

(C:\Users\Clément\AppData\Local\Programs\MiKTeX\tex/generic/xkeyval\xkeyval.te
x
(C:\Users\Clément\AppData\Local\Programs\MiKTeX\tex/generic/xkeyval\xkvutils.t
ex
\XKV@toks=\toks22
\XKV@tempa@toks=\toks23
)
\XKV@depth=\count301
File: xkeyval.tex 2014/12/03 v2.7a key=value parser (HA)
))
(C:\Users\Clément\AppData\Local\Programs\MiKTeX\tex/latex/base\textcomp.sty
Package: textcomp 2024/04/24 v2.1b Standard LaTeX package
)
(C:\Users\Clément\AppData\Local\Programs\MiKTeX\tex/latex/xstring\xstring.sty
(C:\Users\Clément\AppData\Local\Programs\MiKTeX\tex/generic/xstring\xstring.te
x
\xs_counta=\count302
\xs_countb=\count303
)
Package: xstring 2023/08/22 v1.86 String manipulations (CT)
) (C:\Users\Clément\AppData\Local\Programs\MiKTeX\tex/latex/base\ifthen.sty
Package: ifthen 2024/03/16 v1.1e Standard LaTeX ifthen package (DPC)
)
LaTeX Font Info:    Setting ntxLF sub-encoding to TS1/0 on input line 24.
LaTeX Font Info:    Setting ntxTLF sub-encoding to TS1/0 on input line 24.
LaTeX Font Info:    Setting ntxOsF sub-encoding to TS1/0 on input line 24.
LaTeX Font Info:    Setting ntxTOsF sub-encoding to TS1/0 on input line 24.
(C:\Users\Clément\AppData\Local\Programs\MiKTeX\tex/generic/binhex\binhex.tex)
\ntx@tmpcnta=\count304
\ntx@cnt=\count305

(C:\Users\Clément\AppData\Local\Programs\MiKTeX\tex/latex/fontaxes\fontaxes.st
y
Package: fontaxes 2026-01-02 v2.0.2 Font selection axes (deprecated)
Applying: [2024-11-01] Use figureversions if present on input line 74.

(C:\Users\Clément\AppData\Local\Programs\MiKTeX\tex/latex/figureversions\figur
eversions.sty
Package: figureversions 2025-04-29 v1.0.1 Figure versions
)
Already applied: [0000-00-00] Fall back to v1 on input line 76.
)
\tx@sixem=\dimen158
\tx@y=\dimen159
\tx@x=\dimen160
\tx@tmpdima=\dimen161
\tx@tmpdimb=\dimen162
\tx@tmpdimc=\dimen163
\tx@tmpdimd=\dimen164
\tx@tmpdime=\dimen165
\tx@tmpdimf=\dimen166
\tx@dimA=\dimen167
\tx@dimAA=\dimen168
\tx@dimB=\dimen169
\tx@dimBB=\dimen170
\tx@dimC=\dimen171
LaTeX Info: Redefining \oldstylenums on input line 902.
)
(C:\Users\Clément\AppData\Local\Programs\MiKTeX\tex/latex/newtx\newtxmath.sty
Package: newtxmath 2024/09/22 v1.754

`newtxmath' v1.754, 2024/09/22 Math macros based originally on txfonts (msharpe
)
(C:\Users\Clément\AppData\Local\Programs\MiKTeX\tex/latex/amsmath\amsmath.sty
Package: amsmath 2025/07/09 v2.17z AMS math features
\@mathmargin=\skip51

For additional information on amsmath, use the `?' option.
(C:\Users\Clément\AppData\Local\Programs\MiKTeX\tex/latex/amsmath\amstext.sty
Package: amstext 2024/11/17 v2.01 AMS text

(C:\Users\Clément\AppData\Local\Programs\MiKTeX\tex/latex/amsmath\amsgen.sty
File: amsgen.sty 1999/11/30 v2.0 generic functions
\@emptytoks=\toks24
\ex@=\dimen172
)) (C:\Users\Clément\AppData\Local\Programs\MiKTeX\tex/latex/amsmath\amsbsy.st
y
Package: amsbsy 1999/11/29 v1.2d Bold Symbols
\pmbraise@=\dimen173
) (C:\Users\Clément\AppData\Local\Programs\MiKTeX\tex/latex/amsmath\amsopn.sty
Package: amsopn 2022/04/08 v2.04 operator names
)
\inf@bad=\count306
LaTeX Info: Redefining \frac on input line 233.
\uproot@=\count307
\leftroot@=\count308
LaTeX Info: Redefining \overline on input line 398.
LaTeX Info: Redefining \colon on input line 409.
\classnum@=\count309
\DOTSCASE@=\count310
LaTeX Info: Redefining \ldots on input line 495.
LaTeX Info: Redefining \dots on input line 498.
LaTeX Info: Redefining \cdots on input line 619.
\Mathstrutbox@=\box53
\strutbox@=\box54
LaTeX Info: Redefining \big on input line 721.
LaTeX Info: Redefining \Big on input line 722.
LaTeX Info: Redefining \bigg on input line 723.
LaTeX Info: Redefining \Bigg on input line 724.
\big@size=\dimen174
LaTeX Font Info:    Redeclaring font encoding OML on input line 742.
LaTeX Font Info:    Redeclaring font encoding OMS on input line 743.
\macc@depth=\count311
LaTeX Info: Redefining \bmod on input line 904.
LaTeX Info: Redefining \pmod on input line 909.
LaTeX Info: Redefining \smash on input line 939.
LaTeX Info: Redefining \relbar on input line 969.
LaTeX Info: Redefining \Relbar on input line 970.
\c@MaxMatrixCols=\count312
\dotsspace@=\muskip17
\c@parentequation=\count313
\dspbrk@lvl=\count314
\tag@help=\toks25
\row@=\count315
\column@=\count316
\maxfields@=\count317
\andhelp@=\toks26
\eqnshift@=\dimen175
\alignsep@=\dimen176
\tagshift@=\dimen177
\tagwidth@=\dimen178
\totwidth@=\dimen179
\lineht@=\dimen180
\@envbody=\toks27
\multlinegap=\skip52
\multlinetaggap=\skip53
\mathdisplay@stack=\toks28
LaTeX Info: Redefining \[ on input line 2950.
LaTeX Info: Redefining \] on input line 2951.
)
(C:\Users\Clément\AppData\Local\Programs\MiKTeX\tex/latex/oberdiek\centernot.s
ty
Package: centernot 2016/05/16 v1.4 Centers the not symbol horizontally (HO)
)
\tx@cntz=\count318

(C:\Users\Clément\AppData\Local\Programs\MiKTeX\tex/generic/binhex\binhex.tex)
\tx@Isdigit=\count319
\tx@IsAlNum=\count320
\tx@tA=\toks29
\tx@tB=\toks30
\tx@su=\read3
amsthm NOT loaded
LaTeX Font Info:    Redeclaring symbol font `operators' on input line 402.
LaTeX Font Info:    Overwriting symbol font `operators' in version `normal'
(Font)                  OT1/cmr/m/n --> OT1/minntx/m/n on input line 402.
LaTeX Font Info:    Overwriting symbol font `operators' in version `bold'
(Font)                  OT1/cmr/bx/n --> OT1/minntx/m/n on input line 402.
LaTeX Font Info:    Overwriting symbol font `operators' in version `bold'
(Font)                  OT1/minntx/m/n --> OT1/minntx/b/n on input line 403.
LaTeX Font Info:    Redeclaring math alphabet \mathsf on input line 410.
LaTeX Font Info:    Overwriting math alphabet `\mathsf' in version `normal'
(Font)                  OT1/cmss/m/n --> OT1/qhv/m/n on input line 410.
LaTeX Font Info:    Overwriting math alphabet `\mathsf' in version `bold'
(Font)                  OT1/cmss/bx/n --> OT1/qhv/m/n on input line 410.
LaTeX Font Info:    Overwriting math alphabet `\mathsf' in version `bold'
(Font)                  OT1/qhv/m/n --> OT1/qhv/b/n on input line 412.
LaTeX Font Info:    Redeclaring math alphabet \mathit on input line 419.
LaTeX Font Info:    Overwriting math alphabet `\mathit' in version `normal'
(Font)                  OT1/cmr/m/it --> OT1/minntx/m/it on input line 419.
LaTeX Font Info:    Overwriting math alphabet `\mathit' in version `bold'
(Font)                  OT1/cmr/bx/it --> OT1/minntx/m/it on input line 419.
LaTeX Font Info:    Redeclaring math alphabet \mathtt on input line 420.
LaTeX Font Info:    Overwriting math alphabet `\mathtt' in version `normal'
(Font)                  OT1/cmtt/m/n --> T1/ntxtt/m/n on input line 420.
LaTeX Font Info:    Overwriting math alphabet `\mathtt' in version `bold'
(Font)                  OT1/cmtt/m/n --> T1/ntxtt/m/n on input line 420.
LaTeX Font Info:    Redeclaring math alphabet \mathbf on input line 422.
LaTeX Font Info:    Overwriting math alphabet `\mathbf' in version `normal'
(Font)                  OT1/cmr/bx/n --> OT1/minntx/b/n on input line 422.
LaTeX Font Info:    Overwriting math alphabet `\mathbf' in version `bold'
(Font)                  OT1/cmr/bx/n --> OT1/minntx/b/n on input line 422.
LaTeX Font Info:    Overwriting math alphabet `\mathit' in version `bold'
(Font)                  OT1/minntx/m/it --> OT1/minntx/b/it on input line 423.
LaTeX Font Info:    Overwriting math alphabet `\mathtt' in version `bold'
(Font)                  T1/ntxtt/m/n --> T1/ntxtt/b/n on input line 426.
LaTeX Font Info:    Redeclaring symbol font `letters' on input line 534.
LaTeX Font Info:    Overwriting symbol font `letters' in version `normal'
(Font)                  OML/cmm/m/it --> OML/ntxmi/m/it on input line 534.
LaTeX Font Info:    Overwriting symbol font `letters' in version `bold'
(Font)                  OML/cmm/b/it --> OML/ntxmi/m/it on input line 534.
LaTeX Font Info:    Overwriting symbol font `letters' in version `bold'
(Font)                  OML/ntxmi/m/it --> OML/ntxmi/b/it on input line 535.
\symlettersA=\mathgroup4
LaTeX Font Info:    Overwriting symbol font `lettersA' in version `bold'
(Font)                  U/ntxmia/m/it --> U/ntxmia/b/it on input line 582.
Now handling font encoding LMS ...
... no UTF-8 mapping file for font encoding LMS
LaTeX Font Info:    Redeclaring symbol font `symbols' on input line 604.
LaTeX Font Info:    Encoding `OMS' has changed to `LMS' for symbol font
(Font)              `symbols' in the math version `normal' on input line 604.
LaTeX Font Info:    Overwriting symbol font `symbols' in version `normal'
(Font)                  OMS/cmsy/m/n --> LMS/ntxsy/m/n on input line 604.
LaTeX Font Info:    Encoding `OMS' has changed to `LMS' for symbol font
(Font)              `symbols' in the math version `bold' on input line 604.
LaTeX Font Info:    Overwriting symbol font `symbols' in version `bold'
(Font)                  OMS/cmsy/b/n --> LMS/ntxsy/m/n on input line 604.
LaTeX Font Info:    Overwriting symbol font `symbols' in version `bold'
(Font)                  LMS/ntxsy/m/n --> LMS/ntxsy/b/n on input line 605.
\symAMSm=\mathgroup5
LaTeX Font Info:    Overwriting symbol font `AMSm' in version `bold'
(Font)                  U/ntxsym/m/n --> U/ntxsym/b/n on input line 630.
\symsymbolsC=\mathgroup6
LaTeX Font Info:    Overwriting symbol font `symbolsC' in version `bold'
(Font)                  U/ntxsyc/m/n --> U/ntxsyc/b/n on input line 651.
Now handling font encoding LMX ...
... no UTF-8 mapping file for font encoding LMX
LaTeX Font Info:    Redeclaring symbol font `largesymbols' on input line 664.
LaTeX Font Info:    Encoding `OMX' has changed to `LMX' for symbol font
(Font)              `largesymbols' in the math version `normal' on input line 6
64.
LaTeX Font Info:    Overwriting symbol font `largesymbols' in version `normal'
(Font)                  OMX/cmex/m/n --> LMX/ntxexx/m/n on input line 664.
LaTeX Font Info:    Encoding `OMX' has changed to `LMX' for symbol font
(Font)              `largesymbols' in the math version `bold' on input line 664
.
LaTeX Font Info:    Overwriting symbol font `largesymbols' in version `bold'
(Font)                  OMX/cmex/m/n --> LMX/ntxexx/m/n on input line 664.
LaTeX Font Info:    Overwriting symbol font `largesymbols' in version `bold'
(Font)                  LMX/ntxexx/m/n --> LMX/ntxexx/b/n on input line 665.
\symlargesymbolsTXA=\mathgroup7
LaTeX Font Info:    Overwriting symbol font `largesymbolsTXA' in version `bold'

(Font)                  U/ntxexa/m/n --> U/ntxexa/b/n on input line 679.
\tx@sbptoks=\toks31
LaTeX Font Info:    Redeclaring math delimiter \lfloor on input line 902.
LaTeX Font Info:    Redeclaring math delimiter \rfloor on input line 903.
LaTeX Font Info:    Redeclaring math delimiter \lceil on input line 904.
LaTeX Font Info:    Redeclaring math delimiter \rceil on input line 905.
LaTeX Font Info:    Redeclaring math delimiter \lbrace on input line 910.
LaTeX Font Info:    Redeclaring math delimiter \rbrace on input line 911.
LaTeX Font Info:    Redeclaring math delimiter \langle on input line 913.
LaTeX Font Info:    Redeclaring math delimiter \rangle on input line 915.
LaTeX Font Info:    Redeclaring math delimiter \arrowvert on input line 919.
LaTeX Font Info:    Redeclaring math delimiter \vert on input line 920.
LaTeX Font Info:    Redeclaring math symbol \hbar on input line 966.
LaTeX Font Info:    Redeclaring math accent \dot on input line 991.
LaTeX Font Info:    Redeclaring math accent \ddot on input line 992.
LaTeX Font Info:    Redeclaring math accent \vec on input line 2057.
LaTeX Info: Redefining \Bbbk on input line 2847.
LaTeX Info: Redefining \not on input line 2995.
)
(C:\Users\Clément\AppData\Local\Programs\MiKTeX\tex/latex/microtype\microtype.
sty
Package: microtype 2026/03/01 v3.2d Micro-typographical refinements (RS)
\MT@toks=\toks32
\MT@tempbox=\box55
\MT@count=\count321
LaTeX Info: Redefining \noprotrusionifhmode on input line 1084.
LaTeX Info: Redefining \leftprotrusion on input line 1085.
\MT@prot@toks=\toks33
LaTeX Info: Redefining \rightprotrusion on input line 1104.
LaTeX Info: Redefining \textls on input line 1449.
\MT@outer@kern=\dimen181
LaTeX Info: Redefining \microtypecontext on input line 2053.
LaTeX Info: Redefining \textmicrotypecontext on input line 2070.
\MT@listname@count=\count322

(C:\Users\Clément\AppData\Local\Programs\MiKTeX\tex/latex/microtype\microtype-
pdftex.def
File: microtype-pdftex.def 2026/03/01 v3.2d Definitions specific to pdftex (RS)

LaTeX Info: Redefining \lsstyle on input line 944.
LaTeX Info: Redefining \lslig on input line 944.
\MT@outer@space=\skip54
)
Package microtype Info: Loading configuration file microtype.cfg.

(C:\Users\Clément\AppData\Local\Programs\MiKTeX\tex/latex/microtype\microtype.
cfg
File: microtype.cfg 2026/03/01 v3.2d microtype main configuration file (RS)
)
LaTeX Info: Redefining \microtypesetup on input line 3065.
)
(C:\Users\Clément\AppData\Local\Programs\MiKTeX\tex/latex/geometry\geometry.st
y
Package: geometry 2026/03/07 v6.0 Page Geometry
 (C:\Users\Clément\AppData\Local\Programs\MiKTeX\tex/generic/iftex\ifvtex.sty
Package: ifvtex 2019/10/25 v1.7 ifvtex legacy package. Use iftex instead.
)
\Gm@cnth=\count323
\Gm@cntv=\count324
\c@Gm@tempcnt=\count325
\Gm@bindingoffset=\dimen182
\Gm@wd@mp=\dimen183
\Gm@odd@mp=\dimen184
\Gm@even@mp=\dimen185
\Gm@layoutwidth=\dimen186
\Gm@layoutheight=\dimen187
\Gm@layouthoffset=\dimen188
\Gm@layoutvoffset=\dimen189
\Gm@dimlist=\toks34

(C:\Users\Clément\AppData\Local\Programs\MiKTeX\tex/latex/geometry\geometry.cf
g))
(C:\Users\Clément\AppData\Local\Programs\MiKTeX\tex/latex/setspace\setspace.st
y
Package: setspace 2022/12/04 v6.7b set line spacing
)
(C:\Users\Clément\AppData\Local\Programs\MiKTeX\tex/latex/fancyhdr\fancyhdr.st
y
Package: fancyhdr 2025/02/07 v5.2 Extensive control of page headers and footers

\f@nch@headwidth=\skip55
\f@nch@offset@elh=\skip56
\f@nch@offset@erh=\skip57
\f@nch@offset@olh=\skip58
\f@nch@offset@orh=\skip59
\f@nch@offset@elf=\skip60
\f@nch@offset@erf=\skip61
\f@nch@offset@olf=\skip62
\f@nch@offset@orf=\skip63
\f@nch@height=\skip64
\f@nch@footalignment=\skip65
\f@nch@widthL=\skip66
\f@nch@widthC=\skip67
\f@nch@widthR=\skip68
\@temptokenb=\toks35
)
(C:\Users\Clément\AppData\Local\Programs\MiKTeX\tex/latex/graphics\graphicx.st
y
Package: graphicx 2024/12/31 v1.2e Enhanced LaTeX Graphics (DPC,SPQR)

(C:\Users\Clément\AppData\Local\Programs\MiKTeX\tex/latex/graphics\graphics.st
y
Package: graphics 2024/08/06 v1.4g Standard LaTeX Graphics (DPC,SPQR)
 (C:\Users\Clément\AppData\Local\Programs\MiKTeX\tex/latex/graphics\trig.sty
Package: trig 2023/12/02 v1.11 sin cos tan (DPC)
)
(C:\Users\Clément\AppData\Local\Programs\MiKTeX\tex/latex/graphics-cfg\graphic
s.cfg
File: graphics.cfg 2016/06/04 v1.11 sample graphics configuration
)
Package graphics Info: Driver file: pdftex.def on input line 106.
)
\Gin@req@height=\dimen190
\Gin@req@width=\dimen191
)
(C:\Users\Clément\AppData\Local\Programs\MiKTeX\tex/latex/booktabs\booktabs.st
y
Package: booktabs 2020/01/12 v1.61803398 Publication quality tables
\heavyrulewidth=\dimen192
\lightrulewidth=\dimen193
\cmidrulewidth=\dimen194
\belowrulesep=\dimen195
\belowbottomsep=\dimen196
\aboverulesep=\dimen197
\abovetopsep=\dimen198
\cmidrulesep=\dimen199
\cmidrulekern=\dimen256
\defaultaddspace=\dimen257
\@cmidla=\count326
\@cmidlb=\count327
\@aboverulesep=\dimen258
\@belowrulesep=\dimen259
\@thisruleclass=\count328
\@lastruleclass=\count329
\@thisrulewidth=\dimen260
)
(C:\Users\Clément\AppData\Local\Programs\MiKTeX\tex/latex/tools\tabularx.sty
Package: tabularx 2023/12/11 v2.12a `tabularx' package (DPC)

(C:\Users\Clément\AppData\Local\Programs\MiKTeX\tex/latex/tools\array.sty
Package: array 2025/09/25 v2.6n Tabular extension package (FMi)
\col@sep=\dimen261
\ar@mcellbox=\box56
\extrarowheight=\dimen262
\NC@list=\toks36
\extratabsurround=\skip69
\backup@length=\skip70
\ar@cellbox=\box57
)
\TX@col@width=\dimen263
\TX@old@table=\dimen264
\TX@old@col=\dimen265
\TX@target=\dimen266
\TX@delta=\dimen267
\TX@cols=\count330
\TX@ftn=\toks37
)
(C:\Users\Clément\AppData\Local\Programs\MiKTeX\tex/latex/multirow\multirow.st
y
Package: multirow 2024/11/12 v2.9 Span multiple rows of a table
\multirow@colwidth=\skip71
\multirow@cntb=\count331
\multirow@dima=\skip72
\bigstrutjot=\dimen268
)
(C:\Users\Clément\AppData\Local\Programs\MiKTeX\tex/latex/tools\longtable.sty
Package: longtable 2025-10-13 v4.24 Multi-page Table package (DPC)
\LTleft=\skip73
\LTright=\skip74
\LTpre=\skip75
\LTpost=\skip76
\LTchunksize=\count332
\LTcapwidth=\dimen269
\LT@head=\box58
\LT@firsthead=\box59
\LT@foot=\box60
\LT@lastfoot=\box61
\LT@gbox=\box62
\LT@cols=\count333
\LT@rows=\count334
\c@LT@tables=\count335
\c@LT@chunks=\count336
\LT@p@ftn=\toks38
) (C:\Users\Clément\AppData\Local\Programs\MiKTeX\tex/latex/caption\caption.st
y
Package: caption 2023/08/05 v3.6o Customizing captions (AR)

(C:\Users\Clément\AppData\Local\Programs\MiKTeX\tex/latex/caption\caption3.sty
Package: caption3 2023/07/31 v2.4d caption3 kernel (AR)
\caption@tempdima=\dimen270
\captionmargin=\dimen271
\caption@leftmargin=\dimen272
\caption@rightmargin=\dimen273
\caption@width=\dimen274
\caption@indent=\dimen275
\caption@parindent=\dimen276
\caption@hangindent=\dimen277
Package caption Info: Standard document class detected.
Package caption Info: french babel package is loaded.
)
\c@caption@flags=\count337
\c@continuedfloat=\count338
Package caption Info: longtable package is loaded.

(C:\Users\Clément\AppData\Local\Programs\MiKTeX\tex/latex/caption\ltcaption.st
y
Package: ltcaption 2021/01/08 v1.4c longtable captions (AR)
)) (C:\Users\Clément\AppData\Local\Programs\MiKTeX\tex/latex/float\float.sty
Package: float 2001/11/08 v1.3d Float enhancements (AL)
\c@float@type=\count339
\float@exts=\toks39
\float@box=\box63
\@float@everytoks=\toks40
\@floatcapt=\box64
)
(C:\Users\Clément\AppData\Local\Programs\MiKTeX\tex/latex/amsfonts\amssymb.sty
Package: amssymb 2013/01/14 v3.01 AMS font symbols

(C:\Users\Clément\AppData\Local\Programs\MiKTeX\tex/latex/amsfonts\amsfonts.st
y
Package: amsfonts 2013/01/14 v3.01 Basic AMSFonts support
\symAMSa=\mathgroup8
\symAMSb=\mathgroup9
LaTeX Font Info:    Redeclaring math delimiter \ulcorner on input line 74.
LaTeX Font Info:    Redeclaring math delimiter \urcorner on input line 75.
LaTeX Font Info:    Redeclaring math delimiter \llcorner on input line 76.
LaTeX Font Info:    Redeclaring math delimiter \lrcorner on input line 77.
LaTeX Font Info:    Redeclaring math symbol \square on input line 141.
LaTeX Font Info:    Redeclaring math symbol \lozenge on input line 142.
)
LaTeX Font Info:    Redeclaring math symbol \boxdot on input line 44.
LaTeX Font Info:    Redeclaring math symbol \boxplus on input line 45.
LaTeX Font Info:    Redeclaring math symbol \boxtimes on input line 46.
LaTeX Font Info:    Redeclaring math symbol \blacksquare on input line 48.
LaTeX Font Info:    Redeclaring math symbol \centerdot on input line 49.
LaTeX Font Info:    Redeclaring math symbol \blacklozenge on input line 51.
LaTeX Font Info:    Redeclaring math symbol \circlearrowright on input line 52.

LaTeX Font Info:    Redeclaring math symbol \circlearrowleft on input line 53.
LaTeX Font Info:    Redeclaring math symbol \leftrightharpoons on input line 56
.
LaTeX Font Info:    Redeclaring math symbol \boxminus on input line 57.
LaTeX Font Info:    Redeclaring math symbol \Vdash on input line 58.
LaTeX Font Info:    Redeclaring math symbol \Vvdash on input line 59.
LaTeX Font Info:    Redeclaring math symbol \vDash on input line 60.
LaTeX Font Info:    Redeclaring math symbol \twoheadrightarrow on input line 61
.
LaTeX Font Info:    Redeclaring math symbol \twoheadleftarrow on input line 62.

LaTeX Font Info:    Redeclaring math symbol \leftleftarrows on input line 63.
LaTeX Font Info:    Redeclaring math symbol \rightrightarrows on input line 64.

LaTeX Font Info:    Redeclaring math symbol \upuparrows on input line 65.
LaTeX Font Info:    Redeclaring math symbol \downdownarrows on input line 66.
LaTeX Font Info:    Redeclaring math symbol \upharpoonright on input line 67.
LaTeX Font Info:    Redeclaring math symbol \downharpoonright on input line 69.

LaTeX Font Info:    Redeclaring math symbol \upharpoonleft on input line 70.
LaTeX Font Info:    Redeclaring math symbol \downharpoonleft on input line 71.
LaTeX Font Info:    Redeclaring math symbol \rightarrowtail on input line 72.
LaTeX Font Info:    Redeclaring math symbol \leftarrowtail on input line 73.
LaTeX Font Info:    Redeclaring math symbol \leftrightarrows on input line 74.
LaTeX Font Info:    Redeclaring math symbol \rightleftarrows on input line 75.
LaTeX Font Info:    Redeclaring math symbol \Lsh on input line 76.
LaTeX Font Info:    Redeclaring math symbol \Rsh on input line 77.
LaTeX Font Info:    Redeclaring math symbol \leftrightsquigarrow on input line 
79.
LaTeX Font Info:    Redeclaring math symbol \looparrowleft on input line 80.
LaTeX Font Info:    Redeclaring math symbol \looparrowright on input line 81.
LaTeX Font Info:    Redeclaring math symbol \circeq on input line 82.
LaTeX Font Info:    Redeclaring math symbol \succsim on input line 83.
LaTeX Font Info:    Redeclaring math symbol \gtrsim on input line 84.
LaTeX Font Info:    Redeclaring math symbol \gtrapprox on input line 85.
LaTeX Font Info:    Redeclaring math symbol \multimap on input line 86.
LaTeX Font Info:    Redeclaring math symbol \therefore on input line 87.
LaTeX Font Info:    Redeclaring math symbol \because on input line 88.
LaTeX Font Info:    Redeclaring math symbol \doteqdot on input line 89.
LaTeX Font Info:    Redeclaring math symbol \triangleq on input line 91.
LaTeX Font Info:    Redeclaring math symbol \precsim on input line 92.
LaTeX Font Info:    Redeclaring math symbol \lesssim on input line 93.
LaTeX Font Info:    Redeclaring math symbol \lessapprox on input line 94.
LaTeX Font Info:    Redeclaring math symbol \eqslantless on input line 95.
LaTeX Font Info:    Redeclaring math symbol \eqslantgtr on input line 96.
LaTeX Font Info:    Redeclaring math symbol \curlyeqprec on input line 97.
LaTeX Font Info:    Redeclaring math symbol \curlyeqsucc on input line 98.
LaTeX Font Info:    Redeclaring math symbol \preccurlyeq on input line 99.
LaTeX Font Info:    Redeclaring math symbol \leqq on input line 100.
LaTeX Font Info:    Redeclaring math symbol \leqslant on input line 101.
LaTeX Font Info:    Redeclaring math symbol \lessgtr on input line 102.
LaTeX Font Info:    Redeclaring math symbol \backprime on input line 103.
LaTeX Font Info:    Redeclaring math symbol \risingdotseq on input line 104.
LaTeX Font Info:    Redeclaring math symbol \fallingdotseq on input line 105.
LaTeX Font Info:    Redeclaring math symbol \succcurlyeq on input line 106.
LaTeX Font Info:    Redeclaring math symbol \geqq on input line 107.
LaTeX Font Info:    Redeclaring math symbol \geqslant on input line 108.
LaTeX Font Info:    Redeclaring math symbol \gtrless on input line 109.
LaTeX Font Info:    Redeclaring math symbol \bigstar on input line 117.
LaTeX Font Info:    Redeclaring math symbol \between on input line 118.
LaTeX Font Info:    Redeclaring math symbol \blacktriangledown on input line 11
9.
LaTeX Font Info:    Redeclaring math symbol \blacktriangleright on input line 1
20.
LaTeX Font Info:    Redeclaring math symbol \blacktriangleleft on input line 12
1.
LaTeX Font Info:    Redeclaring math symbol \vartriangle on input line 122.
LaTeX Font Info:    Redeclaring math symbol \blacktriangle on input line 123.
LaTeX Font Info:    Redeclaring math symbol \triangledown on input line 124.
LaTeX Font Info:    Redeclaring math symbol \eqcirc on input line 125.
LaTeX Font Info:    Redeclaring math symbol \lesseqgtr on input line 126.
LaTeX Font Info:    Redeclaring math symbol \gtreqless on input line 127.
LaTeX Font Info:    Redeclaring math symbol \lesseqqgtr on input line 128.
LaTeX Font Info:    Redeclaring math symbol \gtreqqless on input line 129.
LaTeX Font Info:    Redeclaring math symbol \Rrightarrow on input line 130.
LaTeX Font Info:    Redeclaring math symbol \Lleftarrow on input line 131.
LaTeX Font Info:    Redeclaring math symbol \veebar on input line 132.
LaTeX Font Info:    Redeclaring math symbol \barwedge on input line 133.
LaTeX Font Info:    Redeclaring math symbol \doublebarwedge on input line 134.
LaTeX Font Info:    Redeclaring math symbol \measuredangle on input line 137.
LaTeX Font Info:    Redeclaring math symbol \sphericalangle on input line 138.
LaTeX Font Info:    Redeclaring math symbol \varpropto on input line 139.
LaTeX Font Info:    Redeclaring math symbol \smallsmile on input line 140.
LaTeX Font Info:    Redeclaring math symbol \smallfrown on input line 141.
LaTeX Font Info:    Redeclaring math symbol \Subset on input line 142.
LaTeX Font Info:    Redeclaring math symbol \Supset on input line 143.
LaTeX Font Info:    Redeclaring math symbol \Cup on input line 144.
LaTeX Font Info:    Redeclaring math symbol \Cap on input line 146.
LaTeX Font Info:    Redeclaring math symbol \curlywedge on input line 148.
LaTeX Font Info:    Redeclaring math symbol \curlyvee on input line 149.
LaTeX Font Info:    Redeclaring math symbol \leftthreetimes on input line 150.
LaTeX Font Info:    Redeclaring math symbol \rightthreetimes on input line 151.

LaTeX Font Info:    Redeclaring math symbol \subseteqq on input line 152.
LaTeX Font Info:    Redeclaring math symbol \supseteqq on input line 153.
LaTeX Font Info:    Redeclaring math symbol \bumpeq on input line 154.
LaTeX Font Info:    Redeclaring math symbol \Bumpeq on input line 155.
LaTeX Font Info:    Redeclaring math symbol \lll on input line 156.
LaTeX Font Info:    Redeclaring math symbol \ggg on input line 158.
LaTeX Font Info:    Redeclaring math symbol \circledS on input line 160.
LaTeX Font Info:    Redeclaring math symbol \pitchfork on input line 161.
LaTeX Font Info:    Redeclaring math symbol \dotplus on input line 162.
LaTeX Font Info:    Redeclaring math symbol \backsim on input line 163.
LaTeX Font Info:    Redeclaring math symbol \backsimeq on input line 164.
LaTeX Font Info:    Redeclaring math symbol \complement on input line 165.
LaTeX Font Info:    Redeclaring math symbol \intercal on input line 166.
LaTeX Font Info:    Redeclaring math symbol \circledcirc on input line 167.
LaTeX Font Info:    Redeclaring math symbol \circledast on input line 168.
LaTeX Font Info:    Redeclaring math symbol \circleddash on input line 169.
LaTeX Font Info:    Redeclaring math symbol \lvertneqq on input line 171.
LaTeX Font Info:    Redeclaring math symbol \gvertneqq on input line 172.
LaTeX Font Info:    Redeclaring math symbol \nleq on input line 173.
LaTeX Font Info:    Redeclaring math symbol \ngeq on input line 174.
LaTeX Font Info:    Redeclaring math symbol \nless on input line 175.
LaTeX Font Info:    Redeclaring math symbol \ngtr on input line 176.
LaTeX Font Info:    Redeclaring math symbol \nprec on input line 177.
LaTeX Font Info:    Redeclaring math symbol \nsucc on input line 178.
LaTeX Font Info:    Redeclaring math symbol \lneqq on input line 179.
LaTeX Font Info:    Redeclaring math symbol \gneqq on input line 180.
LaTeX Font Info:    Redeclaring math symbol \nleqslant on input line 181.
LaTeX Font Info:    Redeclaring math symbol \ngeqslant on input line 182.
LaTeX Font Info:    Redeclaring math symbol \lneq on input line 183.
LaTeX Font Info:    Redeclaring math symbol \gneq on input line 184.
LaTeX Font Info:    Redeclaring math symbol \npreceq on input line 185.
LaTeX Font Info:    Redeclaring math symbol \nsucceq on input line 186.
LaTeX Font Info:    Redeclaring math symbol \precnsim on input line 187.
LaTeX Font Info:    Redeclaring math symbol \succnsim on input line 188.
LaTeX Font Info:    Redeclaring math symbol \lnsim on input line 189.
LaTeX Font Info:    Redeclaring math symbol \gnsim on input line 190.
LaTeX Font Info:    Redeclaring math symbol \nleqq on input line 191.
LaTeX Font Info:    Redeclaring math symbol \ngeqq on input line 192.
LaTeX Font Info:    Redeclaring math symbol \precneqq on input line 193.
LaTeX Font Info:    Redeclaring math symbol \succneqq on input line 194.
LaTeX Font Info:    Redeclaring math symbol \precnapprox on input line 195.
LaTeX Font Info:    Redeclaring math symbol \succnapprox on input line 196.
LaTeX Font Info:    Redeclaring math symbol \lnapprox on input line 197.
LaTeX Font Info:    Redeclaring math symbol \gnapprox on input line 198.
LaTeX Font Info:    Redeclaring math symbol \nsim on input line 199.
LaTeX Font Info:    Redeclaring math symbol \ncong on input line 200.
LaTeX Font Info:    Redeclaring math symbol \diagup on input line 201.
LaTeX Font Info:    Redeclaring math symbol \diagdown on input line 202.
LaTeX Font Info:    Redeclaring math symbol \varsubsetneq on input line 203.
LaTeX Font Info:    Redeclaring math symbol \varsupsetneq on input line 204.
LaTeX Font Info:    Redeclaring math symbol \nsubseteqq on input line 205.
LaTeX Font Info:    Redeclaring math symbol \nsupseteqq on input line 206.
LaTeX Font Info:    Redeclaring math symbol \subsetneqq on input line 207.
LaTeX Font Info:    Redeclaring math symbol \supsetneqq on input line 208.
LaTeX Font Info:    Redeclaring math symbol \varsubsetneqq on input line 209.
LaTeX Font Info:    Redeclaring math symbol \varsupsetneqq on input line 210.
LaTeX Font Info:    Redeclaring math symbol \subsetneq on input line 211.
LaTeX Font Info:    Redeclaring math symbol \supsetneq on input line 212.
LaTeX Font Info:    Redeclaring math symbol \nsubseteq on input line 213.
LaTeX Font Info:    Redeclaring math symbol \nsupseteq on input line 214.
LaTeX Font Info:    Redeclaring math symbol \nparallel on input line 215.
LaTeX Font Info:    Redeclaring math symbol \nmid on input line 216.
LaTeX Font Info:    Redeclaring math symbol \nshortmid on input line 217.
LaTeX Font Info:    Redeclaring math symbol \nshortparallel on input line 218.
LaTeX Font Info:    Redeclaring math symbol \nvdash on input line 219.
LaTeX Font Info:    Redeclaring math symbol \nVdash on input line 220.
LaTeX Font Info:    Redeclaring math symbol \nvDash on input line 221.
LaTeX Font Info:    Redeclaring math symbol \nVDash on input line 222.
LaTeX Font Info:    Redeclaring math symbol \ntrianglerighteq on input line 223
.
LaTeX Font Info:    Redeclaring math symbol \ntrianglelefteq on input line 224.

LaTeX Font Info:    Redeclaring math symbol \ntriangleleft on input line 225.
LaTeX Font Info:    Redeclaring math symbol \ntriangleright on input line 226.
LaTeX Font Info:    Redeclaring math symbol \nleftarrow on input line 227.
LaTeX Font Info:    Redeclaring math symbol \nrightarrow on input line 228.
LaTeX Font Info:    Redeclaring math symbol \nLeftarrow on input line 229.
LaTeX Font Info:    Redeclaring math symbol \nRightarrow on input line 230.
LaTeX Font Info:    Redeclaring math symbol \nLeftrightarrow on input line 231.

LaTeX Font Info:    Redeclaring math symbol \nleftrightarrow on input line 232.

LaTeX Font Info:    Redeclaring math symbol \divideontimes on input line 233.
LaTeX Font Info:    Redeclaring math symbol \varnothing on input line 234.
LaTeX Font Info:    Redeclaring math symbol \nexists on input line 235.
LaTeX Font Info:    Redeclaring math symbol \Finv on input line 236.
LaTeX Font Info:    Redeclaring math symbol \Game on input line 237.
LaTeX Font Info:    Redeclaring math symbol \eth on input line 240.
LaTeX Font Info:    Redeclaring math symbol \eqsim on input line 241.
LaTeX Font Info:    Redeclaring math symbol \beth on input line 242.
LaTeX Font Info:    Redeclaring math symbol \gimel on input line 243.
LaTeX Font Info:    Redeclaring math symbol \daleth on input line 244.
LaTeX Font Info:    Redeclaring math symbol \lessdot on input line 245.
LaTeX Font Info:    Redeclaring math symbol \gtrdot on input line 246.
LaTeX Font Info:    Redeclaring math symbol \ltimes on input line 247.
LaTeX Font Info:    Redeclaring math symbol \rtimes on input line 248.
LaTeX Font Info:    Redeclaring math symbol \shortmid on input line 249.
LaTeX Font Info:    Redeclaring math symbol \shortparallel on input line 250.
LaTeX Font Info:    Redeclaring math symbol \smallsetminus on input line 251.
LaTeX Font Info:    Redeclaring math symbol \thicksim on input line 252.
LaTeX Font Info:    Redeclaring math symbol \thickapprox on input line 253.
LaTeX Font Info:    Redeclaring math symbol \approxeq on input line 254.
LaTeX Font Info:    Redeclaring math symbol \succapprox on input line 255.
LaTeX Font Info:    Redeclaring math symbol \precapprox on input line 256.
LaTeX Font Info:    Redeclaring math symbol \curvearrowleft on input line 257.
LaTeX Font Info:    Redeclaring math symbol \curvearrowright on input line 258.

LaTeX Font Info:    Redeclaring math symbol \digamma on input line 259.
LaTeX Font Info:    Redeclaring math symbol \varkappa on input line 260.
LaTeX Font Info:    Redeclaring math symbol \hslash on input line 262.
LaTeX Font Info:    Redeclaring math symbol \backepsilon on input line 265.
)
(C:\Users\Clément\AppData\Local\Programs\MiKTeX\tex/latex/mathtools\mathtools.
sty
Package: mathtools 2024/10/04 v1.31 mathematical typesetting tools
 (C:\Users\Clément\AppData\Local\Programs\MiKTeX\tex/latex/tools\calc.sty
Package: calc 2025/03/01 v4.3b Infix arithmetic (KKT,FJ)
\calc@Acount=\count340
\calc@Bcount=\count341
\calc@Adimen=\dimen278
\calc@Bdimen=\dimen279
\calc@Askip=\skip77
\calc@Bskip=\skip78
LaTeX Info: Redefining \setlength on input line 86.
LaTeX Info: Redefining \addtolength on input line 87.
\calc@Ccount=\count342
\calc@Cskip=\skip79
)
(C:\Users\Clément\AppData\Local\Programs\MiKTeX\tex/latex/mathtools\mhsetup.st
y
Package: mhsetup 2021/03/18 v1.4 programming setup (MH)
)
\g_MT_multlinerow_int=\count343
\l_MT_multwidth_dim=\dimen280
\origjot=\skip80
\l_MT_shortvdotswithinadjustabove_dim=\dimen281
\l_MT_shortvdotswithinadjustbelow_dim=\dimen282
\l_MT_above_intertext_sep=\dimen283
\l_MT_below_intertext_sep=\dimen284
\l_MT_above_shortintertext_sep=\dimen285
\l_MT_below_shortintertext_sep=\dimen286
\xmathstrut@box=\box65
\xmathstrut@dim=\dimen287
)
(C:\Users\Clément\AppData\Local\Programs\MiKTeX\tex/latex/siunitx\siunitx.sty
Package: siunitx 2026-05-15 v3.5.5 A comprehensive (SI) units package
\l__siunitx_number_uncert_offset_int=\count344
\l__siunitx_number_exponent_fixed_int=\count345
\l__siunitx_number_min_decimal_int=\count346
\l__siunitx_number_min_integer_int=\count347
\l__siunitx_number_round_precision_int=\count348
\l__siunitx_number_lower_threshold_int=\count349
\l__siunitx_number_upper_threshold_int=\count350
\l__siunitx_number_group_first_int=\count351
\l__siunitx_number_group_size_int=\count352
\l__siunitx_number_group_min_int=\count353
\l__siunitx_number_group_minimum_int=\count354
\l__siunitx_compound_count_int=\count355

(C:\Users\Clément\AppData\Local\Programs\MiKTeX\tex/latex/translations\transla
tions.sty
Package: translations 2022/02/05 v1.12 internationalization of LaTeX2e packages
 (CN)

(C:\Users\Clément\AppData\Local\Programs\MiKTeX\tex/generic/pdftexcmds\pdftexc
mds.sty
Package: pdftexcmds 2020-06-27 v0.33 Utility functions of pdfTeX for LuaTeX (HO
)

(C:\Users\Clément\AppData\Local\Programs\MiKTeX\tex/generic/infwarerr\infwarer
r.sty
Package: infwarerr 2019/12/03 v1.5 Providing info/warning/error messages (HO)
)
(C:\Users\Clément\AppData\Local\Programs\MiKTeX\tex/generic/ltxcmds\ltxcmds.st
y
Package: ltxcmds 2023-12-04 v1.26 LaTeX kernel commands for general use (HO)
)
Package pdftexcmds Info: \pdf@primitive is available.
Package pdftexcmds Info: \pdf@ifprimitive is available.
Package pdftexcmds Info: \pdfdraftmode found.
))
\l__siunitx_table_tmp_box=\box66
\l__siunitx_table_tmp_dim=\dimen288
\l__siunitx_table_column_width_dim=\dimen289
\l__siunitx_table_integer_box=\box67
\l__siunitx_table_decimal_box=\box68
\l__siunitx_table_uncert_box=\box69
\l__siunitx_table_before_box=\box70
\l__siunitx_table_after_box=\box71
\l__siunitx_table_before_dim=\dimen290
\l__siunitx_table_carry_dim=\dimen291
\l__siunitx_unit_tmp_int=\count356
\l__siunitx_unit_position_int=\count357
\l__siunitx_unit_total_int=\count358
\l__siunitx_sexagesimal_tmp_dim=\dimen292
\l__siunitx_sexagesimal_marker_box=\box72
\l__siunitx_sexagesimal_unit_box=\box73
)

Package siunitx Info: Option "detect-all" has been deprecated in this release.
(siunitx)             
(siunitx)             Use "mode = match, propagate-math-font = true,
(siunitx)             reset-math-version = false, reset-text-family = false,
(siunitx)             reset-text-series = false, reset-text-shape = false,
(siunitx)             text-family-to-math = true, text-series-to-math = true"
(siunitx)             as a replacement.


(C:\Users\Clément\AppData\Local\Programs\MiKTeX\tex/latex/eurosym\eurosym.sty
Package: eurosym 1998/08/06 v1.1 European currency symbol ``Euro''
\@eurobox=\box74
)
(C:\Users\Clément\AppData\Local\Programs\MiKTeX\tex/latex/enumitem\enumitem.st
y
Package: enumitem 2025/02/06 v3.11 Customized lists
\labelindent=\skip81
\enit@outerparindent=\dimen293
\enit@toks=\toks41
\enit@inbox=\box75
\enit@count@id=\count359
\enitdp@description=\count360
)
(C:\Users\Clément\AppData\Local\Programs\MiKTeX\tex/latex/pgf/frontendlayer\ti
kz.sty
(C:\Users\Clément\AppData\Local\Programs\MiKTeX\tex/latex/pgf/basiclayer\pgf.s
ty
(C:\Users\Clément\AppData\Local\Programs\MiKTeX\tex/latex/pgf/utilities\pgfrcs
.sty
(C:\Users\Clément\AppData\Local\Programs\MiKTeX\tex/generic/pgf/utilities\pgfu
til-common.tex
\pgfutil@everybye=\toks42
\pgfutil@tempdima=\dimen294
\pgfutil@tempdimb=\dimen295
)
(C:\Users\Clément\AppData\Local\Programs\MiKTeX\tex/generic/pgf/utilities\pgfu
til-latex.def
\pgfutil@abb=\box76
)
(C:\Users\Clément\AppData\Local\Programs\MiKTeX\tex/generic/pgf/utilities\pgfr
cs.code.tex
(C:\Users\Clément\AppData\Local\Programs\MiKTeX\tex/generic/pgf\pgf.revision.t
ex)
Package: pgfrcs 2025-08-29 v3.1.11a (3.1.11a)
))
Package: pgf 2025-08-29 v3.1.11a (3.1.11a)

(C:\Users\Clément\AppData\Local\Programs\MiKTeX\tex/latex/pgf/basiclayer\pgfco
re.sty
(C:\Users\Clément\AppData\Local\Programs\MiKTeX\tex/latex/pgf/systemlayer\pgfs
ys.sty
(C:\Users\Clément\AppData\Local\Programs\MiKTeX\tex/generic/pgf/systemlayer\pg
fsys.code.tex
Package: pgfsys 2025-08-29 v3.1.11a (3.1.11a)

(C:\Users\Clément\AppData\Local\Programs\MiKTeX\tex/generic/pgf/utilities\pgfk
eys.code.tex
\pgfkeys@pathtoks=\toks43
\pgfkeys@temptoks=\toks44

(C:\Users\Clément\AppData\Local\Programs\MiKTeX\tex/generic/pgf/utilities\pgfk
eyslibraryfiltered.code.tex
\pgfkeys@tmptoks=\toks45
))
\pgf@x=\dimen296
\pgf@y=\dimen297
\pgf@xa=\dimen298
\pgf@ya=\dimen299
\pgf@xb=\dimen300
\pgf@yb=\dimen301
\pgf@xc=\dimen302
\pgf@yc=\dimen303
\pgf@xd=\dimen304
\pgf@yd=\dimen305
\w@pgf@writea=\write3
\r@pgf@reada=\read4
\c@pgf@counta=\count361
\c@pgf@countb=\count362
\c@pgf@countc=\count363
\c@pgf@countd=\count364
\t@pgf@toka=\toks46
\t@pgf@tokb=\toks47
\t@pgf@tokc=\toks48
\pgf@sys@id@count=\count365

(C:\Users\Clément\AppData\Local\Programs\MiKTeX\tex/generic/pgf/systemlayer\pg
f.cfg
File: pgf.cfg 2025-08-29 v3.1.11a (3.1.11a)
)
Driver file for pgf: pgfsys-pdftex.def

(C:\Users\Clément\AppData\Local\Programs\MiKTeX\tex/generic/pgf/systemlayer\pg
fsys-pdftex.def
File: pgfsys-pdftex.def 2025-08-29 v3.1.11a (3.1.11a)

(C:\Users\Clément\AppData\Local\Programs\MiKTeX\tex/generic/pgf/systemlayer\pg
fsys-common-pdf.def
File: pgfsys-common-pdf.def 2025-08-29 v3.1.11a (3.1.11a)
)))
(C:\Users\Clément\AppData\Local\Programs\MiKTeX\tex/generic/pgf/systemlayer\pg
fsyssoftpath.code.tex
File: pgfsyssoftpath.code.tex 2025-08-29 v3.1.11a (3.1.11a)
\pgfsyssoftpath@smallbuffer@items=\count366
\pgfsyssoftpath@bigbuffer@items=\count367
)
(C:\Users\Clément\AppData\Local\Programs\MiKTeX\tex/generic/pgf/systemlayer\pg
fsysprotocol.code.tex
File: pgfsysprotocol.code.tex 2025-08-29 v3.1.11a (3.1.11a)
))
(C:\Users\Clément\AppData\Local\Programs\MiKTeX\tex/generic/pgf/basiclayer\pgf
core.code.tex
Package: pgfcore 2025-08-29 v3.1.11a (3.1.11a)

(C:\Users\Clément\AppData\Local\Programs\MiKTeX\tex/generic/pgf/math\pgfmath.c
ode.tex
(C:\Users\Clément\AppData\Local\Programs\MiKTeX\tex/generic/pgf/math\pgfmathut
il.code.tex)
(C:\Users\Clément\AppData\Local\Programs\MiKTeX\tex/generic/pgf/math\pgfmathpa
rser.code.tex
\pgfmath@dimen=\dimen306
\pgfmath@count=\count368
\pgfmath@box=\box77
\pgfmath@toks=\toks49
\pgfmath@stack@operand=\toks50
\pgfmath@stack@operation=\toks51
)
(C:\Users\Clément\AppData\Local\Programs\MiKTeX\tex/generic/pgf/math\pgfmathfu
nctions.code.tex)
(C:\Users\Clément\AppData\Local\Programs\MiKTeX\tex/generic/pgf/math\pgfmathfu
nctions.basic.code.tex)
(C:\Users\Clément\AppData\Local\Programs\MiKTeX\tex/generic/pgf/math\pgfmathfu
nctions.trigonometric.code.tex)
(C:\Users\Clément\AppData\Local\Programs\MiKTeX\tex/generic/pgf/math\pgfmathfu
nctions.random.code.tex)
(C:\Users\Clément\AppData\Local\Programs\MiKTeX\tex/generic/pgf/math\pgfmathfu
nctions.comparison.code.tex)
(C:\Users\Clément\AppData\Local\Programs\MiKTeX\tex/generic/pgf/math\pgfmathfu
nctions.base.code.tex)
(C:\Users\Clément\AppData\Local\Programs\MiKTeX\tex/generic/pgf/math\pgfmathfu
nctions.round.code.tex)
(C:\Users\Clément\AppData\Local\Programs\MiKTeX\tex/generic/pgf/math\pgfmathfu
nctions.misc.code.tex)
(C:\Users\Clément\AppData\Local\Programs\MiKTeX\tex/generic/pgf/math\pgfmathfu
nctions.integerarithmetics.code.tex)
(C:\Users\Clément\AppData\Local\Programs\MiKTeX\tex/generic/pgf/math\pgfmathca
lc.code.tex)
(C:\Users\Clément\AppData\Local\Programs\MiKTeX\tex/generic/pgf/math\pgfmathfl
oat.code.tex
\c@pgfmathroundto@lastzeros=\count369
))
(C:\Users\Clément\AppData\Local\Programs\MiKTeX\tex/generic/pgf/math\pgfint.co
de.tex)
(C:\Users\Clément\AppData\Local\Programs\MiKTeX\tex/generic/pgf/basiclayer\pgf
corepoints.code.tex
File: pgfcorepoints.code.tex 2025-08-29 v3.1.11a (3.1.11a)
\pgf@picminx=\dimen307
\pgf@picmaxx=\dimen308
\pgf@picminy=\dimen309
\pgf@picmaxy=\dimen310
\pgf@pathminx=\dimen311
\pgf@pathmaxx=\dimen312
\pgf@pathminy=\dimen313
\pgf@pathmaxy=\dimen314
\pgf@xx=\dimen315
\pgf@xy=\dimen316
\pgf@yx=\dimen317
\pgf@yy=\dimen318
\pgf@zx=\dimen319
\pgf@zy=\dimen320
)
(C:\Users\Clément\AppData\Local\Programs\MiKTeX\tex/generic/pgf/basiclayer\pgf
corepathconstruct.code.tex
File: pgfcorepathconstruct.code.tex 2025-08-29 v3.1.11a (3.1.11a)
\pgf@path@lastx=\dimen321
\pgf@path@lasty=\dimen322
)
(C:\Users\Clément\AppData\Local\Programs\MiKTeX\tex/generic/pgf/basiclayer\pgf
corepathusage.code.tex
File: pgfcorepathusage.code.tex 2025-08-29 v3.1.11a (3.1.11a)
\pgf@shorten@end@additional=\dimen323
\pgf@shorten@start@additional=\dimen324
)
(C:\Users\Clément\AppData\Local\Programs\MiKTeX\tex/generic/pgf/basiclayer\pgf
corescopes.code.tex
File: pgfcorescopes.code.tex 2025-08-29 v3.1.11a (3.1.11a)
\pgfpic=\box78
\pgf@hbox=\box79
\pgf@layerbox@main=\box80
\pgf@picture@serial@count=\count370
)
(C:\Users\Clément\AppData\Local\Programs\MiKTeX\tex/generic/pgf/basiclayer\pgf
coregraphicstate.code.tex
File: pgfcoregraphicstate.code.tex 2025-08-29 v3.1.11a (3.1.11a)
\pgflinewidth=\dimen325
)
(C:\Users\Clément\AppData\Local\Programs\MiKTeX\tex/generic/pgf/basiclayer\pgf
coretransformations.code.tex
File: pgfcoretransformations.code.tex 2025-08-29 v3.1.11a (3.1.11a)
\pgf@pt@x=\dimen326
\pgf@pt@y=\dimen327
\pgf@pt@temp=\dimen328
)
(C:\Users\Clément\AppData\Local\Programs\MiKTeX\tex/generic/pgf/basiclayer\pgf
corequick.code.tex
File: pgfcorequick.code.tex 2025-08-29 v3.1.11a (3.1.11a)
)
(C:\Users\Clément\AppData\Local\Programs\MiKTeX\tex/generic/pgf/basiclayer\pgf
coreobjects.code.tex
File: pgfcoreobjects.code.tex 2025-08-29 v3.1.11a (3.1.11a)
)
(C:\Users\Clément\AppData\Local\Programs\MiKTeX\tex/generic/pgf/basiclayer\pgf
corepathprocessing.code.tex
File: pgfcorepathprocessing.code.tex 2025-08-29 v3.1.11a (3.1.11a)
)
(C:\Users\Clément\AppData\Local\Programs\MiKTeX\tex/generic/pgf/basiclayer\pgf
corearrows.code.tex
File: pgfcorearrows.code.tex 2025-08-29 v3.1.11a (3.1.11a)
\pgfarrowsep=\dimen329
)
(C:\Users\Clément\AppData\Local\Programs\MiKTeX\tex/generic/pgf/basiclayer\pgf
coreshade.code.tex
File: pgfcoreshade.code.tex 2025-08-29 v3.1.11a (3.1.11a)
\pgf@max=\dimen330
\pgf@sys@shading@range@num=\count371
\pgf@shadingcount=\count372
)
(C:\Users\Clément\AppData\Local\Programs\MiKTeX\tex/generic/pgf/basiclayer\pgf
coreimage.code.tex
File: pgfcoreimage.code.tex 2025-08-29 v3.1.11a (3.1.11a)
)
(C:\Users\Clément\AppData\Local\Programs\MiKTeX\tex/generic/pgf/basiclayer\pgf
coreexternal.code.tex
File: pgfcoreexternal.code.tex 2025-08-29 v3.1.11a (3.1.11a)
\pgfexternal@startupbox=\box81
)
(C:\Users\Clément\AppData\Local\Programs\MiKTeX\tex/generic/pgf/basiclayer\pgf
corelayers.code.tex
File: pgfcorelayers.code.tex 2025-08-29 v3.1.11a (3.1.11a)
)
(C:\Users\Clément\AppData\Local\Programs\MiKTeX\tex/generic/pgf/basiclayer\pgf
coretransparency.code.tex
File: pgfcoretransparency.code.tex 2025-08-29 v3.1.11a (3.1.11a)
)
(C:\Users\Clément\AppData\Local\Programs\MiKTeX\tex/generic/pgf/basiclayer\pgf
corepatterns.code.tex
File: pgfcorepatterns.code.tex 2025-08-29 v3.1.11a (3.1.11a)
)
(C:\Users\Clément\AppData\Local\Programs\MiKTeX\tex/generic/pgf/basiclayer\pgf
corerdf.code.tex
File: pgfcorerdf.code.tex 2025-08-29 v3.1.11a (3.1.11a)
)))
(C:\Users\Clément\AppData\Local\Programs\MiKTeX\tex/generic/pgf/modules\pgfmod
uleshapes.code.tex
File: pgfmoduleshapes.code.tex 2025-08-29 v3.1.11a (3.1.11a)
\pgfnodeparttextbox=\box82
)
(C:\Users\Clément\AppData\Local\Programs\MiKTeX\tex/generic/pgf/modules\pgfmod
uleplot.code.tex
File: pgfmoduleplot.code.tex 2025-08-29 v3.1.11a (3.1.11a)
)
(C:\Users\Clément\AppData\Local\Programs\MiKTeX\tex/latex/pgf/compatibility\pg
fcomp-version-0-65.sty
Package: pgfcomp-version-0-65 2025-08-29 v3.1.11a (3.1.11a)
\pgf@nodesepstart=\dimen331
\pgf@nodesepend=\dimen332
)
(C:\Users\Clément\AppData\Local\Programs\MiKTeX\tex/latex/pgf/compatibility\pg
fcomp-version-1-18.sty
Package: pgfcomp-version-1-18 2025-08-29 v3.1.11a (3.1.11a)
))
(C:\Users\Clément\AppData\Local\Programs\MiKTeX\tex/latex/pgf/utilities\pgffor
.sty
(C:\Users\Clément\AppData\Local\Programs\MiKTeX\tex/latex/pgf/utilities\pgfkey
s.sty
(C:\Users\Clément\AppData\Local\Programs\MiKTeX\tex/generic/pgf/utilities\pgfk
eys.code.tex))
(C:\Users\Clément\AppData\Local\Programs\MiKTeX\tex/latex/pgf/math\pgfmath.sty

(C:\Users\Clément\AppData\Local\Programs\MiKTeX\tex/generic/pgf/math\pgfmath.c
ode.tex))
(C:\Users\Clément\AppData\Local\Programs\MiKTeX\tex/generic/pgf/utilities\pgff
or.code.tex
Package: pgffor 2025-08-29 v3.1.11a (3.1.11a)
\pgffor@iter=\dimen333
\pgffor@skip=\dimen334
\pgffor@stack=\toks52
\pgffor@toks=\toks53
))
(C:\Users\Clément\AppData\Local\Programs\MiKTeX\tex/generic/pgf/frontendlayer/
tikz\tikz.code.tex
Package: tikz 2025-08-29 v3.1.11a (3.1.11a)

(C:\Users\Clément\AppData\Local\Programs\MiKTeX\tex/generic/pgf/libraries\pgfl
ibraryplothandlers.code.tex
File: pgflibraryplothandlers.code.tex 2025-08-29 v3.1.11a (3.1.11a)
\pgf@plot@mark@count=\count373
\pgfplotmarksize=\dimen335
)
\tikz@lastx=\dimen336
\tikz@lasty=\dimen337
\tikz@lastxsaved=\dimen338
\tikz@lastysaved=\dimen339
\tikz@lastmovetox=\dimen340
\tikz@lastmovetoy=\dimen341
\tikzleveldistance=\dimen342
\tikzsiblingdistance=\dimen343
\tikz@figbox=\box83
\tikz@figbox@bg=\box84
\tikz@tempbox=\box85
\tikz@tempbox@bg=\box86
\tikztreelevel=\count374
\tikznumberofchildren=\count375
\tikznumberofcurrentchild=\count376
\tikz@fig@count=\count377

(C:\Users\Clément\AppData\Local\Programs\MiKTeX\tex/generic/pgf/modules\pgfmod
ulematrix.code.tex
File: pgfmodulematrix.code.tex 2025-08-29 v3.1.11a (3.1.11a)
\pgfmatrixcurrentrow=\count378
\pgfmatrixcurrentcolumn=\count379
\pgf@matrix@numberofcolumns=\count380
)
\tikz@expandcount=\count381

(C:\Users\Clément\AppData\Local\Programs\MiKTeX\tex/generic/pgf/frontendlayer/
tikz/libraries\tikzlibrarytopaths.code.tex
File: tikzlibrarytopaths.code.tex 2025-08-29 v3.1.11a (3.1.11a)
)))
(C:\Users\Clément\AppData\Local\Programs\MiKTeX\tex/generic/pgf/libraries\pgfl
ibraryarrows.meta.code.tex
File: pgflibraryarrows.meta.code.tex 2025-08-29 v3.1.11a (3.1.11a)
\pgfarrowinset=\dimen344
\pgfarrowlength=\dimen345
\pgfarrowwidth=\dimen346
\pgfarrowlinewidth=\dimen347
)
(C:\Users\Clément\AppData\Local\Programs\MiKTeX\tex/generic/pgf/frontendlayer/
tikz/libraries\tikzlibrarypositioning.code.tex
File: tikzlibrarypositioning.code.tex 2025-08-29 v3.1.11a (3.1.11a)
)
(C:\Users\Clément\AppData\Local\Programs\MiKTeX\tex/latex/tcolorbox\tcolorbox.
sty
Package: tcolorbox 2025/11/28 version 6.9.0 text color boxes

(C:\Users\Clément\AppData\Local\Programs\MiKTeX\tex/latex/tools\verbatim.sty
Package: verbatim 2024-01-22 v1.5x LaTeX2e package for verbatim enhancements
\every@verbatim=\toks54
\verbatim@line=\toks55
\verbatim@in@stream=\read5
)
(C:\Users\Clément\AppData\Local\Programs\MiKTeX\tex/latex/environ\environ.sty
Package: environ 2014/05/04 v0.3 A new way to define environments

(C:\Users\Clément\AppData\Local\Programs\MiKTeX\tex/latex/trimspaces\trimspace
s.sty
Package: trimspaces 2009/09/17 v1.1 Trim spaces around a token list
))
\tcb@titlebox=\box87
\tcb@upperbox=\box88
\tcb@lowerbox=\box89
\tcb@phantombox=\box90
\c@tcbbreakpart=\count382
\c@tcblayer=\count383
\c@tcolorbox@number=\count384
\l__tcobox_tmpa_box=\box91
\l__tcobox_tmpa_dim=\dimen348
\tcb@temp=\box92
\tcb@temp=\box93
\tcb@temp=\box94
\tcb@temp=\box95

(C:\Users\Clément\AppData\Local\Programs\MiKTeX\tex/latex/tcolorbox\tcbraster.
code.tex
Library (tcolorbox): 'tcbraster.code.tex' version '6.9.0'
\c@tcbrastercolumn=\count385
\c@tcbrasterrow=\count386
\c@tcbrasternum=\count387
\c@tcbraster=\count388
)
(C:\Users\Clément\AppData\Local\Programs\MiKTeX\tex/latex/tcolorbox\tcbskins.c
ode.tex
Library (tcolorbox): 'tcbskins.code.tex' version '6.9.0'

(C:\Users\Clément\AppData\Local\Programs\MiKTeX\tex/latex/tikzfill\tikzfill.im
age.sty
Package: tikzfill.image 2026/04/23 v1.2.0 Image filling library for TikZ

(C:\Users\Clément\AppData\Local\Programs\MiKTeX\tex/latex/tikzfill\tikzlibrary
fill.image.code.tex
File: tikzlibraryfill.image.code.tex 2026/04/23 v1.2.0 Image filling library
\l__tikzfill_tmpa_dim=\dimen349
\l__tikzfill_tmpb_dim=\dimen350
\l__tikzfill_img_box=\box96
))
(C:\Users\Clément\AppData\Local\Programs\MiKTeX\tex/latex/tcolorbox\tcbskinsji
gsaw.code.tex
Library (tcolorbox): 'tcbskinsjigsaw.code.tex' version '6.9.0'
))
(C:\Users\Clément\AppData\Local\Programs\MiKTeX\tex/latex/tcolorbox\tcbbreakab
le.code.tex
Library (tcolorbox): 'tcbbreakable.code.tex' version '6.9.0'
(C:\Users\Clément\AppData\Local\Programs\MiKTeX\tex/latex/pdfcol\pdfcol.sty
Package: pdfcol 2022-09-21 v1.7 Handle new color stacks for pdfTeX (HO)
)
Package pdfcol Info: New color stack `tcb@breakable' = 1 on input line 23.
\tcb@testbox=\box97
\tcb@totalupperbox=\box98
\tcb@totallowerbox=\box99
)
(C:\Users\Clément\AppData\Local\Programs\MiKTeX\tex/latex/tcolorbox\tcbhooks.c
ode.tex
Library (tcolorbox): 'tcbhooks.code.tex' version '6.9.0'
)
(C:\Users\Clément\AppData\Local\Programs\MiKTeX\tex/latex/tcolorbox\tcbtheorem
s.code.tex
Library (tcolorbox): 'tcbtheorems.code.tex' version '6.9.0'
)
(C:\Users\Clément\AppData\Local\Programs\MiKTeX\tex/latex/tcolorbox\tcbfitting
.code.tex
Library (tcolorbox): 'tcbfitting.code.tex' version '6.9.0'
\tcbfitdim=\dimen351
\tcb@lowerfitdim=\dimen352
\tcb@upperfitdim=\dimen353
\tcb@cur@hbadness=\count389
)
(C:\Users\Clément\AppData\Local\Programs\MiKTeX\tex/latex/tcolorbox\tcblisting
sutf8.code.tex
Library (tcolorbox): 'tcblistingsutf8.code.tex' version '6.9.0'

(C:\Users\Clément\AppData\Local\Programs\MiKTeX\tex/latex/tcolorbox\tcblisting
s.code.tex
Library (tcolorbox): 'tcblistings.code.tex' version '6.9.0'

(C:\Users\Clément\AppData\Local\Programs\MiKTeX\tex/latex/listings\listings.st
y
\lst@mode=\count390
\lst@gtempboxa=\box100
\lst@token=\toks56
\lst@length=\count391
\lst@currlwidth=\dimen354
\lst@column=\count392
\lst@pos=\count393
\lst@lostspace=\dimen355
\lst@width=\dimen356
\lst@newlines=\count394
\lst@lineno=\count395
\lst@maxwidth=\dimen357

(C:\Users\Clément\AppData\Local\Programs\MiKTeX\tex/latex/listings\lstpatch.st
y
File: lstpatch.sty 2025/11/14 1.11b (Carsten Heinz)
)
(C:\Users\Clément\AppData\Local\Programs\MiKTeX\tex/latex/listings\lstmisc.sty
File: lstmisc.sty 2025/11/14 1.11b (Carsten Heinz)
\c@lstnumber=\count396
\lst@skipnumbers=\count397
\lst@framebox=\box101
)
(C:\Users\Clément\AppData\Local\Programs\MiKTeX\tex/latex/listings\listings.cf
g
File: listings.cfg 2025/11/14 1.11b listings configuration
))
Package: listings 2025/11/14 1.11b (Carsten Heinz)

==> First Aid for listings.sty no longer applied!
    Expected:
        2024/09/23 1.10c (Carsten Heinz)
    but found:
        2025/11/14 1.11b (Carsten Heinz)
    so I'm assuming it got fixed.

(C:\Users\Clément\AppData\Local\Programs\MiKTeX\tex/latex/tcolorbox\tcblisting
score.code.tex
Library (tcolorbox): 'tcblistingscore.code.tex' version '6.9.0'

(C:\Users\Clément\AppData\Local\Programs\MiKTeX\tex/latex/tcolorbox\tcbprocess
ing.code.tex
Library (tcolorbox): 'tcbprocessing.code.tex' version '6.9.0'
)
\c@tcblisting=\count398
))
(C:\Users\Clément\AppData\Local\Programs\MiKTeX\tex/latex/listingsutf8\listing
sutf8.sty
Package: listingsutf8 2019-12-10 v1.5 Allow UTF-8 in listings input (HO)

(C:\Users\Clément\AppData\Local\Programs\MiKTeX\tex/generic/stringenc\stringen
c.sty
Package: stringenc 2019/11/29 v1.12 Convert strings between diff. encodings (HO
)

(C:\Users\Clément\AppData\Local\Programs\MiKTeX\tex/generic/pdfescape\pdfescap
e.sty
Package: pdfescape 2019/12/09 v1.15 Implements pdfTeX's escape features (HO)
))))
(C:\Users\Clément\AppData\Local\Programs\MiKTeX\tex/latex/tcolorbox\tcbexterna
l.code.tex
Library (tcolorbox): 'tcbexternal.code.tex' version '6.9.0'
)
(C:\Users\Clément\AppData\Local\Programs\MiKTeX\tex/latex/tcolorbox\tcbmagazin
e.code.tex
Library (tcolorbox): 'tcbmagazine.code.tex' version '6.9.0'
)
(C:\Users\Clément\AppData\Local\Programs\MiKTeX\tex/latex/tcolorbox\tcbvignett
e.code.tex
Library (tcolorbox): 'tcbvignette.code.tex' version '6.9.0'

(C:\Users\Clément\AppData\Local\Programs\MiKTeX\tex/generic/pgf/frontendlayer/
tikz/libraries\tikzlibraryfadings.code.tex
File: tikzlibraryfadings.code.tex 2025-08-29 v3.1.11a (3.1.11a)

(C:\Users\Clément\AppData\Local\Programs\MiKTeX\tex/generic/pgf/libraries\pgfl
ibraryfadings.code.tex
File: pgflibraryfadings.code.tex 2025-08-29 v3.1.11a (3.1.11a)
)))
(C:\Users\Clément\AppData\Local\Programs\MiKTeX\tex/latex/tcolorbox\tcbposter.
code.tex
Library (tcolorbox): 'tcbposter.code.tex' version '6.9.0'
))
\poubellequestion=\box102

(C:\Users\Clément\AppData\Local\Programs\MiKTeX\tex/latex/biblatex\biblatex.st
y
Package: biblatex 2025/07/10 v3.21 programmable bibliographies (PK/MW)

(C:\Users\Clément\AppData\Local\Programs\MiKTeX\tex/latex/kvoptions\kvoptions.
sty
Package: kvoptions 2022-06-15 v3.15 Key value format for package options (HO)

(C:\Users\Clément\AppData\Local\Programs\MiKTeX\tex/latex/kvsetkeys\kvsetkeys.
sty
Package: kvsetkeys 2022-10-05 v1.19 Key value parser (HO)
))
(C:\Users\Clément\AppData\Local\Programs\MiKTeX\tex/latex/logreq\logreq.sty
Package: logreq 2010/08/04 v1.0 xml request logger
\lrq@indent=\count399

(C:\Users\Clément\AppData\Local\Programs\MiKTeX\tex/latex/logreq\logreq.def
File: logreq.def 2010/08/04 v1.0 logreq spec v1.0
))
(C:\Users\Clément\AppData\Local\Programs\MiKTeX\tex/latex/url\url.sty
\Urlmuskip=\muskip18
Package: url 2013/09/16  ver 3.4  Verb mode for urls, etc.
)
\c@tabx@nest=\count400
\c@listtotal=\count401
\c@listcount=\count402
\c@liststart=\count403
\c@liststop=\count404
\c@citecount=\count405
\c@citetotal=\count406
\c@multicitecount=\count407
\c@multicitetotal=\count408
\c@instcount=\count409
\c@maxnames=\count410
\c@minnames=\count411
\c@maxitems=\count412
\c@minitems=\count413
\c@citecounter=\count414
\c@maxcitecounter=\count415
\c@savedcitecounter=\count416
\c@uniquelist=\count417
\c@uniquename=\count418
\c@refsection=\count419
\c@refsegment=\count420
\c@maxextratitle=\count421
\c@maxextratitleyear=\count422
\c@maxextraname=\count423
\c@maxextradate=\count424
\c@maxextraalpha=\count425
\c@abbrvpenalty=\count426
\c@highnamepenalty=\count427
\c@lownamepenalty=\count428
\c@maxparens=\count429
\c@parenlevel=\count430
\blx@tempcnta=\count431
\blx@tempcntb=\count432
\blx@tempcntc=\count433
\c@blx@maxsection=\count434
\blx@maxsegment@0=\count435
\blx@notetype=\count436
\blx@parenlevel@text=\count437
\blx@parenlevel@foot=\count438
\blx@sectionciteorder@0=\count439
\blx@sectionciteorderinternal@0=\count440
\blx@entrysetcounter=\count441
\blx@biblioinstance=\count442
\labelnumberwidth=\skip82
\labelalphawidth=\skip83
\biblabelsep=\skip84
\bibitemsep=\skip85
\bibnamesep=\skip86
\bibinitsep=\skip87
\bibparsep=\skip88
\bibhang=\skip89
\blx@bcfin=\read6
\blx@bcfout=\write4
\blx@langwohyphens=\language80
\c@mincomprange=\count443
\c@maxcomprange=\count444
\c@mincompwidth=\count445
Package biblatex Info: Trying to load biblatex default data model...
Package biblatex Info: ... file 'blx-dm.def' found.

(C:\Users\Clément\AppData\Local\Programs\MiKTeX\tex/latex/biblatex\blx-dm.def
File: blx-dm.def 2025/07/10 v3.21 biblatex datamodel (PK/MW)
)
Package biblatex Info: Trying to load biblatex style data model...
Package biblatex Info: ... file 'authoryear.dbx' not found.
Package biblatex Info: Trying to load biblatex custom data model...
Package biblatex Info: ... file 'biblatex-dm.cfg' not found.
\c@afterword=\count446
\c@savedafterword=\count447
\c@annotator=\count448
\c@savedannotator=\count449
\c@author=\count450
\c@savedauthor=\count451
\c@bookauthor=\count452
\c@savedbookauthor=\count453
\c@commentator=\count454
\c@savedcommentator=\count455
\c@editor=\count456
\c@savededitor=\count457
\c@editora=\count458
\c@savededitora=\count459
\c@editorb=\count460
\c@savededitorb=\count461
\c@editorc=\count462
\c@savededitorc=\count463
\c@foreword=\count464
\c@savedforeword=\count465
\c@holder=\count466
\c@savedholder=\count467
\c@introduction=\count468
\c@savedintroduction=\count469
\c@namea=\count470
\c@savednamea=\count471
\c@nameb=\count472
\c@savednameb=\count473
\c@namec=\count474
\c@savednamec=\count475
\c@translator=\count476
\c@savedtranslator=\count477
\c@shortauthor=\count478
\c@savedshortauthor=\count479
\c@shorteditor=\count480
\c@savedshorteditor=\count481
\c@labelname=\count482
\c@savedlabelname=\count483
\c@institution=\count484
\c@savedinstitution=\count485
\c@lista=\count486
\c@savedlista=\count487
\c@listb=\count488
\c@savedlistb=\count489
\c@listc=\count490
\c@savedlistc=\count491
\c@listd=\count492
\c@savedlistd=\count493
\c@liste=\count494
\c@savedliste=\count495
\c@listf=\count496
\c@savedlistf=\count497
\c@location=\count498
\c@savedlocation=\count499
\c@organization=\count500
\c@savedorganization=\count501
\c@origlocation=\count502
\c@savedoriglocation=\count503
\c@origpublisher=\count504
\c@savedorigpublisher=\count505
\c@publisher=\count506
\c@savedpublisher=\count507
\c@language=\count508
\c@savedlanguage=\count509
\c@origlanguage=\count510
\c@savedoriglanguage=\count511
\c@pageref=\count512
\c@savedpageref=\count513
\shorthandwidth=\skip90
\shortjournalwidth=\skip91
\shortserieswidth=\skip92
\shorttitlewidth=\skip93
\shortauthorwidth=\skip94
\shorteditorwidth=\skip95
\locallabelnumberwidth=\skip96
\locallabelalphawidth=\skip97
\localshorthandwidth=\skip98
\localshortjournalwidth=\skip99
\localshortserieswidth=\skip100
\localshorttitlewidth=\skip101
\localshortauthorwidth=\skip102
\localshorteditorwidth=\skip103
Package biblatex Info: Trying to load compatibility code...
Package biblatex Info: ... file 'blx-compat.def' found.

(C:\Users\Clément\AppData\Local\Programs\MiKTeX\tex/latex/biblatex\blx-compat.
def
File: blx-compat.def 2025/07/10 v3.21 biblatex compatibility (PK/MW)
)
Package biblatex Info: Trying to load generic definitions...
Package biblatex Info: ... file 'biblatex.def' found.

(C:\Users\Clément\AppData\Local\Programs\MiKTeX\tex/latex/biblatex\biblatex.de
f
File: biblatex.def 2025/07/10 v3.21 biblatex compatibility (PK/MW)
\c@textcitecount=\count514
\c@textcitetotal=\count515
\c@textcitemaxnames=\count516
\c@biburlbigbreakpenalty=\count517
\c@biburlbreakpenalty=\count518
\c@biburlnumpenalty=\count519
\c@biburlucpenalty=\count520
\c@biburllcpenalty=\count521
\biburlbigskip=\muskip19
\biburlnumskip=\muskip20
\biburlucskip=\muskip21
\biburllcskip=\muskip22
\c@smartand=\count522
)
Package biblatex Info: Trying to load bibliography style 'authoryear'...
Package biblatex Info: ... file 'authoryear.bbx' found.

(C:\Users\Clément\AppData\Local\Programs\MiKTeX\tex/latex/biblatex/bbx\authory
ear.bbx
File: authoryear.bbx 2025/07/10 v3.21 biblatex bibliography style (PK/MW)
Package biblatex Info: Trying to load bibliography style 'standard'...
Package biblatex Info: ... file 'standard.bbx' found.

(C:\Users\Clément\AppData\Local\Programs\MiKTeX\tex/latex/biblatex/bbx\standar
d.bbx
File: standard.bbx 2025/07/10 v3.21 biblatex bibliography style (PK/MW)
\c@bbx:relatedcount=\count523
\c@bbx:relatedtotal=\count524
))
Package biblatex Info: Trying to load citation style 'authoryear'...
Package biblatex Info: ... file 'authoryear.cbx' found.

(C:\Users\Clément\AppData\Local\Programs\MiKTeX\tex/latex/biblatex/cbx\authory
ear.cbx
File: authoryear.cbx 2025/07/10 v3.21 biblatex citation style (PK/MW)
Package biblatex Info: Redefining '\cite'.
Package biblatex Info: Redefining '\parencite'.
Package biblatex Info: Redefining '\footcite'.
Package biblatex Info: Redefining '\footcitetext'.
Package biblatex Info: Redefining '\smartcite'.
Package biblatex Info: Redefining '\textcite'.
Package biblatex Info: Redefining '\textcites'.
)
Package biblatex Info: Trying to load configuration file...
Package biblatex Info: ... file 'biblatex.cfg' found.

(C:\Users\Clément\AppData\Local\Programs\MiKTeX\tex/latex/biblatex\biblatex.cf
g
File: biblatex.cfg 
)
Package biblatex Info: Input encoding 'utf8' detected.
Package biblatex Info: Document encoding is UTF8 ....
Package biblatex Info: ... and expl3
(biblatex)             2025-12-24 L3 programming layer (loader) 
(biblatex)             is new enough (at least 2020/04/06),
(biblatex)             setting 'casechanger=expl3'.

(C:\Users\Clément\AppData\Local\Programs\MiKTeX\tex/latex/biblatex\blx-case-ex
pl3.sty
Package: blx-case-expl3 2025/07/10 v3.21 expl3 case changing code for biblatex
))
(C:\Users\Clément\AppData\Local\Programs\MiKTeX\tex/latex/hyperref\hyperref.st
y
Package: hyperref 2025-07-12 v7.01o Hypertext links for LaTeX

(C:\Users\Clément\AppData\Local\Programs\MiKTeX\tex/generic/kvdefinekeys\kvdef
inekeys.sty
Package: kvdefinekeys 2019-12-19 v1.6 Define keys (HO)
)
(C:\Users\Clément\AppData\Local\Programs\MiKTeX\tex/latex/hycolor\hycolor.sty
Package: hycolor 2020-01-27 v1.10 Color options for hyperref/bookmark (HO)
)
(C:\Users\Clément\AppData\Local\Programs\MiKTeX\tex/latex/hyperref\nameref.sty
Package: nameref 2025-06-21 v2.57 Cross-referencing by name of section

(C:\Users\Clément\AppData\Local\Programs\MiKTeX\tex/latex/refcount\refcount.st
y
Package: refcount 2019/12/15 v3.6 Data extraction from label references (HO)
)
(C:\Users\Clément\AppData\Local\Programs\MiKTeX\tex/generic/gettitlestring\get
titlestring.sty
Package: gettitlestring 2019/12/15 v1.6 Cleanup title references (HO)
)
\c@section@level=\count525
)
\@linkdim=\dimen358
\Hy@linkcounter=\count526
\Hy@pagecounter=\count527

(C:\Users\Clément\AppData\Local\Programs\MiKTeX\tex/latex/hyperref\pd1enc.def
File: pd1enc.def 2025-07-12 v7.01o Hyperref: PDFDocEncoding definition (HO)
Now handling font encoding PD1 ...
... no UTF-8 mapping file for font encoding PD1
)
(C:\Users\Clément\AppData\Local\Programs\MiKTeX\tex/generic/intcalc\intcalc.st
y
Package: intcalc 2019/12/15 v1.3 Expandable calculations with integers (HO)
)
\Hy@SavedSpaceFactor=\count528

(C:\Users\Clément\AppData\Local\Programs\MiKTeX\tex/latex/hyperref\puenc.def
File: puenc.def 2025-07-12 v7.01o Hyperref: PDF Unicode definition (HO)
Now handling font encoding PU ...
... no UTF-8 mapping file for font encoding PU
)
Package hyperref Info: Option `breaklinks' set `true' on input line 4066.
Package hyperref Info: Hyper figures OFF on input line 4195.
Package hyperref Info: Link nesting OFF on input line 4200.
Package hyperref Info: Hyper index ON on input line 4203.
Package hyperref Info: Plain pages OFF on input line 4210.
Package hyperref Info: Backreferencing OFF on input line 4215.
Package hyperref Info: Implicit mode ON; LaTeX internals redefined.
Package hyperref Info: Bookmarks ON on input line 4462.
\c@Hy@tempcnt=\count529
LaTeX Info: Redefining \url on input line 4801.
\XeTeXLinkMargin=\dimen359

(C:\Users\Clément\AppData\Local\Programs\MiKTeX\tex/generic/bitset\bitset.sty
Package: bitset 2019/12/09 v1.3 Handle bit-vector datatype (HO)

(C:\Users\Clément\AppData\Local\Programs\MiKTeX\tex/generic/bigintcalc\bigintc
alc.sty
Package: bigintcalc 2019/12/15 v1.5 Expandable calculations on big integers (HO
)
))
\Fld@menulength=\count530
\Field@Width=\dimen360
\Fld@charsize=\dimen361
Package hyperref Info: Hyper figures OFF on input line 6078.
Package hyperref Info: Link nesting OFF on input line 6083.
Package hyperref Info: Hyper index ON on input line 6086.
Package hyperref Info: backreferencing OFF on input line 6093.
Package hyperref Info: Link coloring OFF on input line 6098.
Package hyperref Info: Link coloring with OCG OFF on input line 6103.
Package hyperref Info: PDF/A mode OFF on input line 6108.
\Hy@abspage=\count531
\c@Item=\count532
\c@Hfootnote=\count533
)
Package hyperref Info: Driver (autodetected): hpdftex.

(C:\Users\Clément\AppData\Local\Programs\MiKTeX\tex/latex/hyperref\hpdftex.def
File: hpdftex.def 2025-07-12 v7.01o Hyperref driver for pdfTeX
\Fld@listcount=\count534
\c@bookmark@seq@number=\count535

(C:\Users\Clément\AppData\Local\Programs\MiKTeX\tex/latex/rerunfilecheck\rerun
filecheck.sty
Package: rerunfilecheck 2025-06-21 v1.11 Rerun checks for auxiliary files (HO)

(C:\Users\Clément\AppData\Local\Programs\MiKTeX\tex/generic/uniquecounter\uniq
uecounter.sty
Package: uniquecounter 2019/12/15 v1.4 Provide unlimited unique counter (HO)
)
Package uniquecounter Info: New unique counter `rerunfilecheck' on input line 2
84.
)
\Hy@SectionHShift=\skip104
)
(C:\Users\Clément\AppData\Local\Programs\MiKTeX\tex/latex/glossaries/base\glos
saries.sty
Package: glossaries 2026/04/21 v5.1 (NLCT)

(C:\Users\Clément\AppData\Local\Programs\MiKTeX\tex/latex/mfirstuc\mfirstuc.st
y
Package: mfirstuc 2025/04/03 v2.09 (NLCT)
\@glsmfirst=\toks57
\@glsmrest=\toks58
) (C:\Users\Clément\AppData\Local\Programs\MiKTeX\tex/latex/xfor\xfor.sty
Package: xfor 2009/02/05 v1.05 (NLCT)
)
(C:\Users\Clément\AppData\Local\Programs\MiKTeX\tex/latex/tracklang\tracklang.
sty
Package: tracklang 2026/05/24 v1.6.8 (NLCT) Track Languages

(C:\Users\Clément\AppData\Local\Programs\MiKTeX\tex/generic/tracklang\tracklan
g.tex)
Package tracklang Info: Tracking dialect `english' (language `english') on inpu
t line 264.
Package tracklang Info: Tracking dialect `french' (language `french') on input 
line 264.
Package tracklang Info: Tracking dialect `french' (language `french') on input 
line 264.
Package tracklang Info: Tracking dialect `english' (language `english') on inpu
t line 264.
)
(C:\Users\Clément\AppData\Local\Programs\MiKTeX\tex/latex/translator\translato
r.sty
Package: translator 2021-05-31 v1.12d Easy translation of strings in LaTeX
)
(C:\Users\Clément\AppData\Local\Programs\MiKTeX\tex/latex/glossaries-english\g
lossaries-english.ldf
File: glossaries-english.ldf 2014/11/23 v1.0
)
(C:\Users\Clément\AppData\Local\Programs\MiKTeX\tex/latex/glossaries-french\gl
ossaries-french.ldf
File: glossaries-french.ldf 2016/12/12 v1.1
)
(C:\Users\Clément\AppData\Local\Programs\MiKTeX\tex/latex/datatool\datatool-ba
se.sty
Package: datatool-base 2025/12/04 v3.4.3 (NLCT)
\l__datatool_tmpa_int=\count536
\l__datatool_tmpb_int=\count537
\l__datatool_tmpc_int=\count538
\l__datatool_tmpd_int=\count539
\l__datatool_count_int=\count540
\l__datatool_tmp_datatype_int=\count541
\l__datatool_tmpa_dim=\dimen362
\l__datatool_tmpb_dim=\dimen363

(C:\Users\Clément\AppData\Local\Programs\MiKTeX\tex/latex/datatool\datatool-l3
fp.def
File: datatool-l3fp.def 2025/12/04 v3.4.3 (NLCT)
)
\@dtl@toks=\toks59
\@dtl@tmpcount=\count542
\dtl@tmplength=\skip105
\l__datatool_measure_box=\box103
\dtl@sortresult=\count543

(C:\Users\Clément\AppData\Local\Programs\MiKTeX\tex/latex/datatool\datatool-ut
f8.ldf
File: datatool-utf8.ldf 2025/12/04 v3.4.3 (NLCT)
)
\@dtl@datatype=\count544
\c_datatool_unknown_int=\count545
\l__datatool_year_int=\count546
\l__datatool_month_int=\count547
\l__datatool_day_int=\count548
\l__datatool_hour_int=\count549
\l__datatool_minute_int=\count550
\l__datatool_second_int=\count551
\l__datatool_tzhour_int=\count552
\l__datatool_tzminute_int=\count553
\l__datatool_julian_int=\count554
\l__datatool_local_julian_int=\count555
\l__datatool_prefix_int=\count556
\l__datatool_suffix_int=\count557
\@dtl@foreach@level=\count558


Package tracklang Warning: No `datatool' support for dialect `english'  on inpu
t line 9924.


Package tracklang Warning: No `datatool' support for dialect `french'  on input
 line 9924.

\dtl@codeA=\count559
\dtl@codeB=\count560
)
\gls@level=\count561
\@gls@tmpb=\toks60
\gls@tmplen=\skip106
\l__glossaries_tmpa_dim=\dimen364
\l__glossaries_tmpb_dim=\dimen365
\glskeylisttok=\toks61
\glslabeltok=\toks62
\glsshorttok=\toks63
\glslongtok=\toks64

(C:\Users\Clément\AppData\Local\Programs\MiKTeX\tex/latex/glossaries/styles\gl
ossary-hypernav.sty
Package: glossary-hypernav 2026/04/21 v5.1 (NLCT)
)
(C:\Users\Clément\AppData\Local\Programs\MiKTeX\tex/latex/glossaries/styles\gl
ossary-list.sty
Package: glossary-list 2026/04/21 v5.1 (NLCT)
\glslistdottedwidth=\skip107
)
(C:\Users\Clément\AppData\Local\Programs\MiKTeX\tex/latex/glossaries/styles\gl
ossary-long.sty
Package: glossary-long 2026/04/21 v5.1 (NLCT)
\glsdescwidth=\skip108
\glspagelistwidth=\skip109
)
(C:\Users\Clément\AppData\Local\Programs\MiKTeX\tex/latex/glossaries/styles\gl
ossary-super.sty
Package: glossary-super 2026/04/21 v5.1 (NLCT)

(C:\Users\Clément\AppData\Local\Programs\MiKTeX\tex/latex/supertabular\superta
bular.sty
Package: supertabular 2025/06/26 v4.2d the supertabular environment
\c@tracingst=\count562
\ST@wd=\dimen366
\ST@rightskip=\skip110
\ST@leftskip=\skip111
\ST@parfillskip=\skip112
\ST@pageleft=\dimen367
\ST@headht=\dimen368
\ST@tailht=\dimen369
\ST@pagesofar=\dimen370
\ST@pboxht=\dimen371
\ST@rowht=\dimen372
\ST@prevht=\dimen373
\ST@toadd=\dimen374
\ST@dimen=\dimen375
\ST@pbox=\box104
))
(C:\Users\Clément\AppData\Local\Programs\MiKTeX\tex/latex/glossaries/styles\gl
ossary-tree.sty
Package: glossary-tree 2026/04/21 v5.1 (NLCT)
\l__glossaries_tree_max_known_level_int=\count563
\l__glossaries_tree_offset_dim=\dimen376
\l__glossaries_tree_namewidth_dim=\dimen377
\l__glossaries_tree_symbolwidth_dim=\dimen378
\l__glossaries_tree_prenamesym_width_dim=\dimen379
\l__glossaries_tree_presubnamesym_width_dim=\dimen380
\l__glossaries_tree_namewidth_padding_dim=\dimen381
\l__glossaries_tree_symbolwidth_padding_dim=\dimen382
\l__glossaries_tree_namesymbolwidth_dim=\dimen383
\l__glossaries_tree_namesymbolwidth_padding_dim=\dimen384
\l__glossaries_tree_level_int=\count564
\glstreeindent=\skip113
))
(C:\Users\Clément\AppData\Local\Programs\MiKTeX\tex/latex/titlesec\titlesec.st
y
Package: titlesec 2025/01/04 v2.17 Sectioning titles
\ttl@box=\box105
\beforetitleunit=\skip114
\aftertitleunit=\skip115
\ttl@plus=\dimen385
\ttl@minus=\dimen386
\ttl@toksa=\toks65
\titlewidth=\dimen387
\titlewidthlast=\dimen388
\titlewidthfirst=\dimen389
)) (chiffres.tex) (acronymes.tex)
Package french3.ldf Info: Setting StandardItemizeEnv=true for
(french3.ldf)             compatibility with enumitem package,
(french3.ldf)             reported on input line 14.
Package french3.ldf Info: Setting StandardEnumerateEnv=true for
(french3.ldf)             compatibility with enumitem package,
(french3.ldf)             reported on input line 14.
Package csquotes Info: Checking for multilingual support...
Package csquotes Info: ... found 'babel' package.
Package csquotes Info: Adjusting default style.
Package csquotes Info: Redefining alias 'default' -> 'french'.
LaTeX Font Info:    Trying to load font information for T1+ntxtlf on input line
 14.

(C:\Users\Clément\AppData\Local\Programs\MiKTeX\tex/latex/newtx\t1ntxtlf.fd
File: t1ntxtlf.fd 2021/05/24 v1.1 font definition file for T1/ntx/tlf
)
LaTeX Font Info:    Font shape `T1/ntxtlf/m/n' will be
(Font)              scaled to size 12.0pt on input line 14.

(memoire.aux
Package babel Info: 'french' activates 'french' shorthands.
(babel)             Reported on input line 14.
\g__glossaries_gls_ref_acronym_int=\count565
)
\openout1 = `memoire.aux'.

LaTeX Font Info:    Checking defaults for OML/ntxmi/m/it on input line 14.
LaTeX Font Info:    Trying to load font information for OML+ntxmi on input line
 14.

(C:\Users\Clément\AppData\Local\Programs\MiKTeX\tex/latex/newtx\omlntxmi.fd
File: omlntxmi.fd 2015/08/25 Fontinst v1.933 font definitions for OML/ntxmi.
)
LaTeX Font Info:    ... okay on input line 14.
LaTeX Font Info:    Checking defaults for OMS/cmsy/m/n on input line 14.
LaTeX Font Info:    ... okay on input line 14.
LaTeX Font Info:    Checking defaults for OT1/cmr/m/n on input line 14.
LaTeX Font Info:    ... okay on input line 14.
LaTeX Font Info:    Checking defaults for T1/cmr/m/n on input line 14.
LaTeX Font Info:    ... okay on input line 14.
LaTeX Font Info:    Checking defaults for TS1/cmr/m/n on input line 14.
LaTeX Font Info:    ... okay on input line 14.
LaTeX Font Info:    Checking defaults for OMX/cmex/m/n on input line 14.
LaTeX Font Info:    ... okay on input line 14.
LaTeX Font Info:    Checking defaults for U/ntxexa/m/n on input line 14.
LaTeX Font Info:    Trying to load font information for U+ntxexa on input line 
14.

(C:\Users\Clément\AppData\Local\Programs\MiKTeX\tex/latex/newtx\untxexa.fd
File: untxexa.fd 2012/04/16 Fontinst v1.933 font definitions for U/ntxexa.
)
LaTeX Font Info:    ... okay on input line 14.
LaTeX Font Info:    Checking defaults for LMS/ntxsy/m/n on input line 14.
LaTeX Font Info:    Trying to load font information for LMS+ntxsy on input line
 14.

(C:\Users\Clément\AppData\Local\Programs\MiKTeX\tex/latex/newtx\lmsntxsy.fd
File: lmsntxsy.fd 2016/07/02 Fontinst v1.933 font definitions for LMS/ntxsy.
)
LaTeX Font Info:    ... okay on input line 14.
LaTeX Font Info:    Checking defaults for LMX/ntxexx/m/n on input line 14.
LaTeX Font Info:    Trying to load font information for LMX+ntxexx on input lin
e 14.

(C:\Users\Clément\AppData\Local\Programs\MiKTeX\tex/latex/newtx\lmxntxexx.fd
File: lmxntxexx.fd 2016/07/03 Fontinst v1.933 font definitions for LMX/ntxexx.
)
LaTeX Font Info:    ... okay on input line 14.
LaTeX Font Info:    Checking defaults for PD1/pdf/m/n on input line 14.
LaTeX Font Info:    ... okay on input line 14.
LaTeX Font Info:    Checking defaults for PU/pdf/m/n on input line 14.
LaTeX Font Info:    ... okay on input line 14.
LaTeX Info: Redefining \degres on input line 14.

(C:\Users\Clément\AppData\Local\Programs\MiKTeX\tex/context/base/mkii\supp-pdf
.mkii
[Loading MPS to PDF converter (version 2006.09.02).]
\scratchcounter=\count566
\scratchdimen=\dimen390
\scratchbox=\box106
\nofMPsegments=\count567
\nofMParguments=\count568
\everyMPshowfont=\toks66
\MPscratchCnt=\count569
\MPscratchDim=\dimen391
\MPnumerator=\count570
\makeMPintoPDFobject=\count571
\everyMPtoPDFconversion=\toks67
)
(C:\Users\Clément\AppData\Local\Programs\MiKTeX\tex/latex/epstopdf-pkg\epstopd
f-base.sty
Package: epstopdf-base 2020-01-24 v2.11 Base part for package epstopdf
Package epstopdf-base Info: Redefining graphics rule for `.eps' on input line 4
85.

(C:\Users\Clément\AppData\Local\Programs\MiKTeX\tex/latex/00miktex\epstopdf-sy
s.cfg
File: epstopdf-sys.cfg 2021/03/18 v2.0 Configuration of epstopdf for MiKTeX
))
\c@mv@tabular=\count572
\c@mv@boldtabular=\count573
LaTeX Info: Command `\dddot' is already robust on input line 14.
LaTeX Info: Command `\ddddot' is already robust on input line 14.
LaTeX Info: Redefining \microtypecontext on input line 14.
Package microtype Info: Applying patch `item' on input line 14.
Package microtype Info: Applying patch `toc' on input line 14.
Package microtype Info: Applying patch `eqnum' on input line 14.
Package microtype Info: Applying patch `footnote' on input line 14.
Package microtype Info: Applying patch `verbatim' on input line 14.
LaTeX Info: Redefining \microtypesetup on input line 14.
Package microtype Info: Generating PDF output.
Package microtype Info: Character protrusion enabled (level 2).
Package microtype Info: Using default protrusion set `alltext'.
Package microtype Info: Automatic font expansion enabled (level 2),
(microtype)             stretch: 20, shrink: 20, step: 1, non-selected.
Package microtype Info: Using default expansion set `alltext-nott'.
Package microtype Info: Patching command `\showhyphens'.
Package microtype Info: No adjustment of tracking.
Package microtype Info: No adjustment of interword spacing.
Package microtype Info: No adjustment of character kerning.

(C:\Users\Clément\AppData\Local\Programs\MiKTeX\tex/latex/microtype\mt-ptm.cfg
File: mt-ptm.cfg 2006/04/20 v1.7 microtype config. file: Times (RS)
)
*geometry* driver: auto-detecting
*geometry* detected driver: pdftex
*geometry* verbose mode - [ preamble ] result:
* driver: pdftex
* paper: a4paper
* layout: <same size as paper>
* layoutoffset:(h,v)=(0.0pt,0.0pt)
* modes: 
* h-part:(L,W,R)=(85.35826pt, 426.79135pt, 85.35826pt)
* v-part:(T,H,B)=(71.13188pt, 702.78308pt, 71.13188pt)
* \paperwidth=597.50787pt
* \paperheight=845.04684pt
* \textwidth=426.79135pt
* \textheight=702.78308pt
* \oddsidemargin=13.08827pt
* \evensidemargin=13.08827pt
* \topmargin=-38.1381pt
* \headheight=12.0pt
* \headsep=25.0pt
* \topskip=12.0pt
* \footskip=30.0pt
* \marginparwidth=35.0pt
* \marginparsep=10.0pt
* \columnsep=10.0pt
* \skip\footins=10.8pt plus 4.0pt minus 2.0pt
* \hoffset=0.0pt
* \voffset=0.0pt
* \mag=1000
* \@twocolumnfalse
* \@twosidefalse
* \@mparswitchfalse
* \@reversemarginfalse
* (1in=72.27pt=25.4mm, 1cm=28.453pt)

Package caption Info: Begin \AtBeginDocument code.
Package caption Info: float package is loaded.
Package caption Info: hyperref package is loaded.
Package caption Info: listings package is loaded.
Package caption Info: supertabular package is loaded.
Package caption Info: End \AtBeginDocument code.

(C:\Users\Clément\AppData\Local\Programs\MiKTeX\tex/latex/translations/dicts\t
ranslations-basic-dictionary-french.trsl
File: translations-basic-dictionary-french.trsl (french translation file `trans
lations-basic-dictionary')
)
Package translations Info: loading dictionary `translations-basic-dictionary' f
or `french'. on input line 14.

(C:\Users\Clément\AppData\Local\Programs\MiKTeX\tex/latex/translations/dicts\t
ranslations-basic-dictionary-english.trsl
File: translations-basic-dictionary-english.trsl (english translation file `tra
nslations-basic-dictionary')
)
Package translations Info: loading dictionary `translations-basic-dictionary' f
or `english'. on input line 14.
\c@lstlisting=\count574
Package biblatex Info: Trying to load language 'french'...
Package biblatex Info: ... file 'french.lbx' found.

(C:\Users\Clément\AppData\Local\Programs\MiKTeX\tex/latex/biblatex/lbx\french.
lbx
File: french.lbx 2025/07/10 v3.21 biblatex localization (PK/MW)
)
Package biblatex Info: Trying to load language 'english'...
Package biblatex Info: ... file 'english.lbx' found.

(C:\Users\Clément\AppData\Local\Programs\MiKTeX\tex/latex/biblatex/lbx\english
.lbx
File: english.lbx 2025/07/10 v3.21 biblatex localization (PK/MW)
)
Package biblatex Info: Input encoding 'utf8' detected.
Package biblatex Info: Automatic encoding selection.
(biblatex)             Assuming data encoding 'utf8'.
\openout4 = `memoire.bcf'.

Package biblatex Info: Trying to load bibliographic data...
Package biblatex Info: ... file 'memoire.bbl' found.
 (memoire.bbl)
Package biblatex Info: Reference section=0 on input line 14.
Package biblatex Info: Reference segment=0 on input line 14.
Package hyperref Info: Link coloring OFF on input line 14.
 (memoire.out) (memoire.out)
\@outlinefile=\write5
\openout5 = `memoire.out'.

 (liminaires/garde.tex
LaTeX Font Info:    Font shape `T1/ntxtlf/m/n' will be
(Font)              scaled to size 10.0pt on input line 14.
LaTeX Font Info:    Trying to load font information for T1+ntxtt on input line 
14.

(C:\Users\Clément\AppData\Local\Programs\MiKTeX\tex/latex/newtx\t1ntxtt.fd
File: t1ntxtt.fd 2012/04/20 v3.1
)
LaTeX Font Info:    Font shape `T1/ntxtt/m/n' will be
(Font)              scaled to size 10.0pt on input line 14.
Package microtype Info: Loading generic protrusion settings for font family
(microtype)             `ntxtt' (encoding: T1).
(microtype)             For optimal results, create family-specific settings.
(microtype)             See the microtype manual for details.
LaTeX Font Info:    Trying to load font information for OT1+minntx on input lin
e 14.

(C:\Users\Clément\AppData\Local\Programs\MiKTeX\tex/latex/newtx\ot1minntx.fd
File: ot1minntx.fd 2023/09/09 v1.1 font definition file for OT1/minntx
)
LaTeX Font Info:    Font shape `OT1/minntx/m/n' will be
(Font)              scaled to size 12.0pt on input line 14.
Package microtype Info: Loading generic protrusion settings for font family
(microtype)             `minntx' (encoding: OT1).
(microtype)             For optimal results, create family-specific settings.
(microtype)             See the microtype manual for details.
LaTeX Font Info:    Font shape `OT1/minntx/m/n' will be
(Font)              scaled to size 8.8pt on input line 14.
LaTeX Font Info:    Font shape `OT1/minntx/m/n' will be
(Font)              scaled to size 6.6pt on input line 14.
LaTeX Font Info:    Font shape `OML/ntxmi/m/it' will be
(Font)              scaled to size 12.0pt on input line 14.
LaTeX Font Info:    Font shape `OML/ntxmi/m/it' will be
(Font)              scaled to size 8.8pt on input line 14.
LaTeX Font Info:    Font shape `OML/ntxmi/m/it' will be
(Font)              scaled to size 6.6pt on input line 14.
LaTeX Font Info:    Font shape `LMS/ntxsy/m/n' will be
(Font)              scaled to size 12.0pt on input line 14.
LaTeX Font Info:    Font shape `LMS/ntxsy/m/n' will be
(Font)              scaled to size 8.8pt on input line 14.
LaTeX Font Info:    Font shape `LMS/ntxsy/m/n' will be
(Font)              scaled to size 6.6pt on input line 14.
LaTeX Font Info:    Font shape `LMX/ntxexx/m/n' will be
(Font)              scaled to size 12.0pt on input line 14.
LaTeX Font Info:    Font shape `LMX/ntxexx/m/n' will be
(Font)              scaled to size 8.8pt on input line 14.
LaTeX Font Info:    Font shape `LMX/ntxexx/m/n' will be
(Font)              scaled to size 6.6pt on input line 14.
LaTeX Font Info:    Trying to load font information for U+ntxmia on input line 
14.

(C:\Users\Clément\AppData\Local\Programs\MiKTeX\tex/latex/newtx\untxmia.fd
File: untxmia.fd 2024/04/09 Fontinst v1.933 font definitions for U/ntxmia.
)
LaTeX Font Info:    Font shape `U/ntxmia/m/it' will be
(Font)              scaled to size 12.0pt on input line 14.
LaTeX Font Info:    Font shape `U/ntxmia/m/it' will be
(Font)              scaled to size 8.8pt on input line 14.
LaTeX Font Info:    Font shape `U/ntxmia/m/it' will be
(Font)              scaled to size 6.6pt on input line 14.
LaTeX Font Info:    Trying to load font information for U+ntxsym on input line 
14.

(C:\Users\Clément\AppData\Local\Programs\MiKTeX\tex/latex/newtx\untxsym.fd
File: untxsym.fd 2023/08/16 Fontinst v1.933 font definitions for U/ntxsym.
)
LaTeX Font Info:    Font shape `U/ntxsym/m/n' will be
(Font)              scaled to size 12.0pt on input line 14.
LaTeX Font Info:    Font shape `U/ntxsym/m/n' will be
(Font)              scaled to size 8.8pt on input line 14.
LaTeX Font Info:    Font shape `U/ntxsym/m/n' will be
(Font)              scaled to size 6.6pt on input line 14.
LaTeX Font Info:    Trying to load font information for U+ntxsyc on input line 
14.

(C:\Users\Clément\AppData\Local\Programs\MiKTeX\tex/latex/newtx\untxsyc.fd
File: untxsyc.fd 2012/04/12 Fontinst v1.933 font definitions for U/ntxsyc.
)
LaTeX Font Info:    Font shape `U/ntxsyc/m/n' will be
(Font)              scaled to size 12.0pt on input line 14.
LaTeX Font Info:    Font shape `U/ntxsyc/m/n' will be
(Font)              scaled to size 8.8pt on input line 14.
LaTeX Font Info:    Font shape `U/ntxsyc/m/n' will be
(Font)              scaled to size 6.6pt on input line 14.
LaTeX Font Info:    Font shape `U/ntxexa/m/n' will be
(Font)              scaled to size 12.0pt on input line 14.
LaTeX Font Info:    Font shape `U/ntxexa/m/n' will be
(Font)              scaled to size 8.8pt on input line 14.
LaTeX Font Info:    Font shape `U/ntxexa/m/n' will be
(Font)              scaled to size 6.6pt on input line 14.
LaTeX Font Info:    Trying to load font information for U+msa on input line 14.


(C:\Users\Clément\AppData\Local\Programs\MiKTeX\tex/latex/amsfonts\umsa.fd
File: umsa.fd 2013/01/14 v3.01 AMS symbols A
)
(C:\Users\Clément\AppData\Local\Programs\MiKTeX\tex/latex/microtype\mt-msa.cfg
File: mt-msa.cfg 2006/02/04 v1.1 microtype config. file: AMS symbols (a) (RS)
)
LaTeX Font Info:    Trying to load font information for U+msb on input line 14.

 (C:\Users\Clément\AppData\Local\Programs\MiKTeX\tex/latex/amsfonts\umsb.fd
File: umsb.fd 2013/01/14 v3.01 AMS symbols B
)
(C:\Users\Clément\AppData\Local\Programs\MiKTeX\tex/latex/microtype\mt-msb.cfg
File: mt-msb.cfg 2005/06/01 v1.0 microtype config. file: AMS symbols (b) (RS)
)
LaTeX Font Info:    Font shape `T1/ntxtlf/m/n' will be
(Font)              scaled to size 14.4pt on input line 26.
LaTeX Font Info:    Font shape `T1/ntxtlf/m/sc' will be
(Font)              scaled to size 14.4pt on input line 26.
Package microtype Info: Character `029' is missing
(microtype)             in font `T1/ntxtlf/m/sc/14.4'.
(microtype)             Ignoring protrusion settings for this character.
LaTeX Font Info:    Font shape `T1/ntxtlf/m/n' will be
(Font)              scaled to size 20.74pt on input line 34.
LaTeX Font Info:    Font shape `T1/ntxtlf/b/n' will be
(Font)              scaled to size 20.74pt on input line 34.
LaTeX Font Info:    Font shape `T1/ntxtlf/b/n' will be
(Font)              scaled to size 14.4pt on input line 47.
 [1

{C:/Users/Clément/AppData/Local/MiKTeX/fonts/map/pdftex/pdftex.map}{C:/Users/C
lément/AppData/Local/Programs/MiKTeX/fonts/enc/dvips/newtx/ntx-ec-tlf.enc}{C:/
Users/Clément/AppData/Local/Programs/MiKTeX/fonts/enc/dvips/newtx/ntx-ec-tlf-p
c.enc}]) (liminaires/remerciements.tex
LaTeX Font Info:    Font shape `T1/ntxtlf/m/n' will be
(Font)              scaled to size 17.28pt on input line 1.
LaTeX Font Info:    Font shape `T1/ntxtlf/b/n' will be
(Font)              scaled to size 17.28pt on input line 1.
) (liminaires/resume-fr.tex
Package babel Info: 'french' activates 'french' shorthands.
(babel)             Reported on input line 48.

pdfTeX warning (ext4): destination with the same identifier (name{page.i}) has 
been already used, duplicate ignored
<to be read again> 
                   \relax 
l.48 
      [1]
LaTeX Font Info:    Font shape `T1/ntxtlf/b/n' will be
(Font)              scaled to size 12.0pt on input line 59.
LaTeX Font Info:    Trying to load font information for TS1+ntxtlf on input lin
e 59.

(C:\Users\Clément\AppData\Local\Programs\MiKTeX\tex/latex/newtx\ts1ntxtlf.fd
File: ts1ntxtlf.fd 2015/01/18 v1.0 fd file for TS1/ntxtlf
)
LaTeX Font Info:    Font shape `TS1/ntxtlf/m/n' will be
(Font)              scaled to size 12.0pt on input line 59.
) (liminaires/resume-en.tex [2{C:/Users/Clément/AppData/Local/Programs/MiKTeX/
fonts/enc/dvips/tex-gyre/q-ts1.enc}]) (memoire.toc [3] [4])
\tf@toc=\write6
\openout6 = `memoire.toc'.



Package glossaries Info: Preparing to sort glossary `acronym' (total number of
(glossaries)             referenced entries: 22)

[5] [6

] (chapitres/00-introduction.tex
LaTeX Font Info:    Font shape `T1/ntxtlf/m/sc' will be
(Font)              scaled to size 12.0pt on input line 10.
Package microtype Info: Character `029' is missing
(microtype)             in font `T1/ntxtlf/m/sc/12'.
(microtype)             Ignoring protrusion settings for this character.

ATTENTE : Q5
LaTeX Font Info:    Font shape `T1/ntxtlf/m/n' will be
(Font)              scaled to size 8.0pt on input line 38.
LaTeX Font Info:    Trying to load font information for T1+qhv on input line 38
.
(C:\Users\Clément\AppData\Local\Programs\MiKTeX\tex/latex/tex-gyre\t1qhv.fd
File: t1qhv.fd 2009/09/25 v1.2 font definition file for T1/qhv
)
LaTeX Font Info:    Font shape `T1/qhv/m/n' will be
(Font)              scaled to size 7.52002pt on input line 38.
Package microtype Info: Loading generic protrusion settings for font family
(microtype)             `qhv' (encoding: T1).
(microtype)             For optimal results, create family-specific settings.
(microtype)             See the microtype manual for details.
LaTeX Font Info:    Font shape `T1/qhv/b/n' will be
(Font)              scaled to size 7.52002pt on input line 38.

ATTENTE : Q6
ATTENTE : Q2
ATTENTE : Q10
[1

{C:/Users/Clément/AppData/Local/Programs/MiKTeX/fonts/enc/dvips/tex-gyre/q-ec.
enc}] [2]) (chapitres/01-terrain-et-objet.tex
Chapitre 1.
LaTeX Font Info:    Font shape `T1/ntxtlf/b/n' will be
(Font)              scaled to size 10.0pt on input line 11.
LaTeX Font Info:    Font shape `TS1/ntxtlf/m/n' will be
(Font)              scaled to size 10.0pt on input line 11.
[3]
LaTeX Font Info:    Font shape `T1/ntxtt/m/n' will be
(Font)              scaled to size 12.0pt on input line 94.
LaTeX Font Info:    Font shape `T1/ntxtlf/m/n' will be
(Font)              scaled to size 10.95pt on input line 104.
LaTeX Font Info:    Font shape `T1/ntxtlf/m/it' will be
(Font)              scaled to size 10.95pt on input line 104.
LaTeX Font Info:    Font shape `T1/ntxtlf/b/it' will be
(Font)              scaled to size 10.95pt on input line 104.
LaTeX Font Info:    Font shape `TS1/ntxtlf/b/it' will be
(Font)              scaled to size 10.95pt on input line 104.
 [4]) (chapitres/02-porter.tex
Chapitre 2.
[5{C:/Users/Clément/AppData/Local/Programs/MiKTeX/fonts/enc/dvips/newtx/ntx-ot
1-tlf.enc}] [6] [7]
LaTeX Font Info:    Font shape `T1/ntxtlf/b/n' will be
(Font)              scaled to size 10.95pt on input line 190.
 [8]) (chapitres/03-calibrer.tex
Chapitre 3.
[9]
LaTeX Font Info:    Font shape `T1/ntxtlf/m/n' will be
(Font)              scaled to size 8.8pt on input line 80.
LaTeX Font Info:    Font shape `T1/ntxtlf/m/n' will be
(Font)              scaled to size 6.6pt on input line 80.


LaTeX Warning: `h' float specifier changed to `ht'.

[10] [11]
LaTeX Font Info:    Font shape `T1/ntxtlf/m/sc' will be
(Font)              scaled to size 10.95pt on input line 233.
Package microtype Info: Character `029' is missing
(microtype)             in font `T1/ntxtlf/m/sc/10.95'.
(microtype)             Ignoring protrusion settings for this character.


LaTeX Warning: `h' float specifier changed to `ht'.

<figures/calibration-observe-simule.pdf, id=630, 434.99513pt x 266.3073pt>
File: figures/calibration-observe-simule.pdf Graphic file (type pdf)
<use figures/calibration-observe-simule.pdf>
Package pdftex.def Info: figures/calibration-observe-simule.pdf  used on input 
line 264.
(pdftex.def)             Requested size: 375.57846pt x 229.94221pt.

LaTeX Warning: `h' float specifier changed to `ht'.

(tables/rendements.tex)

LaTeX Warning: `h' float specifier changed to `ht'.

[12] [13 <./figures/calibration-observe-simule.pdf>] [14] [15] [16])
(chapitres/04-explorer.tex
Chapitre 4.
[17]
LaTeX Font Info:    Font shape `OT1/minntx/m/n' will be
(Font)              scaled to size 6.0pt on input line 73.
LaTeX Font Info:    Font shape `OT1/minntx/m/n' will be
(Font)              scaled to size 5.5pt on input line 73.
LaTeX Font Info:    Font shape `OML/ntxmi/m/it' will be
(Font)              scaled to size 6.0pt on input line 73.
LaTeX Font Info:    Font shape `OML/ntxmi/m/it' will be
(Font)              scaled to size 5.5pt on input line 73.
LaTeX Font Info:    Font shape `LMS/ntxsy/m/n' will be
(Font)              scaled to size 6.0pt on input line 73.
LaTeX Font Info:    Font shape `LMS/ntxsy/m/n' will be
(Font)              scaled to size 5.5pt on input line 73.
LaTeX Font Info:    Font shape `LMX/ntxexx/m/n' will be
(Font)              scaled to size 6.0pt on input line 73.
LaTeX Font Info:    Font shape `LMX/ntxexx/m/n' will be
(Font)              scaled to size 5.5pt on input line 73.
LaTeX Font Info:    Font shape `U/ntxmia/m/it' will be
(Font)              scaled to size 6.0pt on input line 73.
LaTeX Font Info:    Font shape `U/ntxmia/m/it' will be
(Font)              scaled to size 5.5pt on input line 73.
LaTeX Font Info:    Font shape `U/ntxsym/m/n' will be
(Font)              scaled to size 6.0pt on input line 73.
LaTeX Font Info:    Font shape `U/ntxsym/m/n' will be
(Font)              scaled to size 5.5pt on input line 73.
LaTeX Font Info:    Font shape `U/ntxsyc/m/n' will be
(Font)              scaled to size 6.0pt on input line 73.
LaTeX Font Info:    Font shape `U/ntxsyc/m/n' will be
(Font)              scaled to size 5.5pt on input line 73.
LaTeX Font Info:    Font shape `U/ntxexa/m/n' will be
(Font)              scaled to size 6.0pt on input line 73.
LaTeX Font Info:    Font shape `U/ntxexa/m/n' will be
(Font)              scaled to size 5.5pt on input line 73.
LaTeX Font Info:    Font shape `T1/ntxtlf/b/n' will be
(Font)              scaled to size 8.0pt on input line 73.
 [18]
LaTeX Info: Symbol \textminus not provided by
            font family ntxtlf in TS1 encoding.
            Default family used instead on input line 181.

(C:\Users\Clément\AppData\Local\Programs\MiKTeX\tex/latex/microtype\mt-cmr.cfg
File: mt-cmr.cfg 2013/05/19 v2.2 microtype config. file: Computer Modern Roman 
(RS)
)
LaTeX Info: Symbol \textminus not provided by
            font family ntxtlf in TS1 encoding.
            Default family used instead on input line 182.
LaTeX Info: Symbol \textminus not provided by
            font family ntxtlf in TS1 encoding.
            Default family used instead on input line 194.
LaTeX Info: Symbol \textminus not provided by
            font family ntxtlf in TS1 encoding.
            Default family used instead on input line 195.
LaTeX Info: Symbol \textminus not provided by
            font family ntxtlf in TS1 encoding.
            Default family used instead on input line 237.
LaTeX Info: Symbol \textminus not provided by
            font family ntxtlf in TS1 encoding.
            Default family used instead on input line 237.
LaTeX Info: Symbol \textminus not provided by
            font family ntxtlf in TS1 encoding.
            Default family used instead on input line 237.
LaTeX Info: Symbol \textminus not provided by
            font family ntxtlf in TS1 encoding.
            Default family used instead on input line 237.
LaTeX Info: Symbol \textminus not provided by
            font family ntxtlf in TS1 encoding.
            Default family used instead on input line 237.
LaTeX Info: Symbol \textminus not provided by
            font family ntxtlf in TS1 encoding.
            Default family used instead on input line 237.


LaTeX Warning: `h' float specifier changed to `ht'.

[19]
LaTeX Info: Symbol \textminus not provided by
            font family ntxtlf in TS1 encoding.
            Default family used instead on input line 307.
 (tables/front-subvQuatre.tex
LaTeX Font Info:    Font shape `U/eurosym/b/n' in size <10.95> not available
(Font)              Font shape `U/eurosym/bx/n' tried instead on input line 4.
)

LaTeX Warning: `h' float specifier changed to `ht'.

LaTeX Info: Symbol \textminus not provided by
            font family ntxtlf in TS1 encoding.
            Default family used instead on input line 337.
LaTeX Info: Symbol \textminus not provided by
            font family ntxtlf in TS1 encoding.
            Default family used instead on input line 338.
[20]
LaTeX Info: Symbol \textminus not provided by
            font family ntxtlf in TS1 encoding.
            Default family used instead on input line 345.
LaTeX Info: Symbol \textminus not provided by
            font family ntxtlf in TS1 encoding.
            Default family used instead on input line 346.
) (chapitres/05-discussion.tex
Chapitre 5.
LaTeX Info: Symbol \textminus not provided by
            font family ntxtlf in TS1 encoding.
            Default family used instead on input line 28.
LaTeX Info: Symbol \textminus not provided by
            font family ntxtlf in TS1 encoding.
            Default family used instead on input line 29.
LaTeX Info: Symbol \textminus not provided by
            font family ntxtlf in TS1 encoding.
            Default family used instead on input line 29.
LaTeX Info: Symbol \textminus not provided by
            font family ntxtlf in TS1 encoding.
            Default family used instead on input line 30.
[21]
LaTeX Info: Symbol \textminus not provided by
            font family ntxtlf in TS1 encoding.
            Default family used instead on input line 39.
LaTeX Info: Symbol \textminus not provided by
            font family ntxtlf in TS1 encoding.
            Default family used instead on input line 39.
 [22] [23] [24]) (chapitres/06-conclusion.tex [25]
ATTENTE : Q11
ATTENTE : Q8 (bloc)
)

===== PAGES DU COEUR : 26 / 30 =====

[26] [27

] (annexes/A-formulation.tex
Annexe A.

Underfull \hbox (badness 2809) in paragraph at lines 63--63
[]|\T1/ntxtlf/m/n/10.95 (+20) coefficient d'aver-sion au risque, d�-duit du typ
e d'ex-ploi-ta-tion
 []


Underfull \hbox (badness 3128) in paragraph at lines 63--63
\T1/ntxtt/m/n/10.95 TYPE_EXPL \T1/ntxtlf/m/n/10.95 (+20) lui-m�me d�-duit du gr
oupe de cultures do-mi-nant
 []

[28] [29] [30]) (annexes/B-portage-gams.tex
Annexe B.

Overfull \hbox (1.09224pt too wide) in paragraph at lines 75--75
[]|\T1/ntxtt/m/n/8 Eq_AN_AGRO_MAX_Expl\T1/ntxtlf/m/n/8 (-20) , 
 []

[31] [32]
LaTeX Font Info:    Trying to load font information for T1+txtt on input line 8
6.

(C:\Users\Clément\AppData\Local\Programs\MiKTeX\tex/latex/txfonts\t1txtt.fd
File: t1txtt.fd 2000/12/15 v3.1
)
LaTeX Font Info:    Font shape `T1/ntxtt/b/n' in size <12> not available
(Font)              Font shape `T1/txtt/bx/n' tried instead on input line 86.
Package microtype Info: Loading generic protrusion settings for font family
(microtype)             `txtt' (encoding: T1).
(microtype)             For optimal results, create family-specific settings.
(microtype)             See the microtype manual for details.

ATTENTE : Q14
[33]) (annexes/C-scenarios.tex
Annexe C.
[34]
LaTeX Info: Symbol \textminus not provided by
            font family ntxtlf in TS1 encoding.
            Default family used instead on input line 69.

Underfull \hbox (badness 1728) in paragraph at lines 69--69
[]|\T1/ntxtlf/m/n/8 (+20) P8 tran-si-tion agro�-co-lo-
 []

LaTeX Info: Symbol \textminus not provided by
            font family ntxtlf in TS1 encoding.
            Default family used instead on input line 69.
[35]) (annexes/D-resultats.tex
Annexe D.
[36]
Overfull \hbox (10.01851pt too wide) in paragraph at lines 26--55
 [][] 
 []

[37] (tables/realloc-budget.tex
LaTeX Info: Symbol \textminus not provided by
            font family ntxtlf in TS1 encoding.
            Default family used instead on input line 12.
LaTeX Info: Symbol \textminus not provided by
            font family ntxtlf in TS1 encoding.
            Default family used instead on input line 13.
LaTeX Info: Symbol \textminus not provided by
            font family ntxtlf in TS1 encoding.
            Default family used instead on input line 14.
LaTeX Info: Symbol \textminus not provided by
            font family ntxtlf in TS1 encoding.
            Default family used instead on input line 15.
) (tables/front-azoteRef.tex)
(tables/front-azoteHuit.tex) [38] [39]) (annexes/E-calibration.tex
Annexe E.
[40] [41] [42]) (annexes/F-chronologie.tex
Annexe F.

Underfull \hbox (badness 10000) in paragraph at lines 38--38
[]|\T1/ntxtlf/m/n/10.95 (+20) r��criture en Py-
 []


Underfull \hbox (badness 2310) in paragraph at lines 38--38
\T1/ntxtlf/m/n/10.95 (+20) layages de seuil, trois
 []


Underfull \hbox (badness 2865) in paragraph at lines 38--38
[]|\T1/ntxtlf/m/n/10.95 (+20) plus au-cune r�-so-lu-tion
 []

[43] [44]) [45] (memoire.aux)
 ***********
LaTeX2e <2025-11-01>
L3 programming layer <2020/03/25>
 ***********
Package rerunfilecheck Info: File `memoire.out' has not changed.
(rerunfilecheck)             Checksum: 1AD8E86BA74C2A25AD635C2A07DDB095;12284.
Package logreq Info: Writing requests to 'memoire.run.xml'.
\openout1 = `memoire.run.xml'.

 ) 
Here is how much of TeX's memory you used:
 60181 strings out of 467871
 1266420 string characters out of 5416925
 2144356 words of memory out of 5000000
 87592 multiletter control sequences out of 15000+600000
 770736 words of font info for 376 fonts, out of 8000000 for 9000
 1141 hyphenation exceptions out of 8191
 91i,15n,120p,2515b,3043s stack positions out of 10000i,1000n,20000p,200000b,200000s
 <C:\Users\Clément\AppData\Local\MiKTeX\fonts/pk/ljfour/jknappen/ec/dpi600\t
crm0600.pk> <C:\Users\Clément\AppData\Local\MiKTeX\fonts/pk/ljfour/jknappen/ec
/dpi600\tcrm0900.pk> <C:\Users\Clément\AppData\Local\MiKTeX\fonts/pk/ljfour/jk
nappen/ec/dpi600\tcrm1095.pk> <C:\Users\Clément\AppData\Local\MiKTeX\fonts/pk/
ljfour/jknappen/ec/dpi600\tcrm1200.pk><C:/Users/Clément/AppData/Local/Programs
/MiKTeX/fonts/type1/public/newtx/NewTXMI.pfb><C:/Users/Clément/AppData/Local/P
rograms/MiKTeX/fonts/type1/public/newtx/NewTXMI7.pfb><C:/Users/Clément/AppData
/Local/Programs/MiKTeX/fonts/type1/public/eurosym/feybr10.pfb><C:/Users/Clémen
t/AppData/Local/Programs/MiKTeX/fonts/type1/public/eurosym/feymr10.pfb><C:/User
s/Clément/AppData/Local/Programs/MiKTeX/fonts/type1/public/amsfonts/symbols/ms
am10.pfb><C:/Users/Clément/AppData/Local/Programs/MiKTeX/fonts/type1/public/te
x-gyre/qhvb.pfb><C:/Users/Clément/AppData/Local/Programs/MiKTeX/fonts/type1/pu
blic/tex-gyre/qtmbi.pfb><C:/Users/Clément/AppData/Local/Programs/MiKTeX/fonts/
type1/public/tex-gyre/qtmr.pfb><C:/Users/Clément/AppData/Local/Programs/MiKTeX
/fonts/type1/public/txfonts/t1xbtt.pfb><C:/Users/Clément/AppData/Local/Program
s/MiKTeX/fonts/type1/public/txfonts/t1xtt.pfb><C:/Users/Clément/AppData/Local/
Programs/MiKTeX/fonts/type1/public/newtx/txexs.pfb><C:/Users/Clément/AppData/L
ocal/Programs/MiKTeX/fonts/type1/public/newtx/txmiaX.pfb><C:/Users/Clément/App
Data/Local/Programs/MiKTeX/fonts/type1/public/newtx/txsys.pfb><C:/Users/Clémen
t/AppData/Local/Programs/MiKTeX/fonts/type1/public/newtx/ztmb.pfb><C:/Users/Cl�
�ment/AppData/Local/Programs/MiKTeX/fonts/type1/public/newtx/ztmbi.pfb><C:/User
s/Clément/AppData/Local/Programs/MiKTeX/fonts/type1/public/newtx/ztmr.pfb><C:/
Users/Clément/AppData/Local/Programs/MiKTeX/fonts/type1/public/newtx/ztmri.pfb
>
Output written on memoire.pdf (52 pages, 662806 bytes).
PDF statistics:
 1187 PDF objects out of 1200 (max. 8388607)
 195 named destinations out of 1000 (max. 500000)
 70786 words of extra memory for PDF output out of 74296 (max. 10000000)

