farm,observed_ha,simulated_ha,abs_deviation_ha,pad_pct,within_threshold
E1,8.34,8.34,0.0,0.0,True
E10,9.700000000000001,9.610000000000001,7.47,77.0103092783505,False
E100,14.169999999999998,14.169999999999998,28.339999999999996,200.0,False
E1000,7.7700000000000005,7.7700000000000005,0.0,0.0,True
E1001,1.46,1.46,0.0,0.0,True
E1002,12.41,12.41,3.240000000000001,26.10797743755037,False
E1003,4.92,4.92,2.72,55.28455284552846,False
E1004,2.98,2.9800000000000004,4.94,165.77181208053693,False
E1005,6.4,6.4,1.1799999999999995,18.43749999999999,True
E1006,5.03,5.03,0.0,0.0,True
E1007,5.83,5.83,4.34,74.44253859348198,False
E1008,6.199999999999999,6.199999999999999,0.0,0.0,True
E1009,1.9300000000000002,1.9300000000000002,1.02,52.84974093264248,False
E101,11.11,11.11,8.16,73.44734473447345,False
E1010,5.67,5.67,8.32,146.73721340388008,False
E1011,2.7800000000000002,2.7800000000000002,5.5600000000000005,199.99999999999997,False
E1012,910.99,910.99,19.279999999999987,2.1163788845102567,True
E1013,5.43,5.43,0.5199999999999998,9.576427255985264,True
E1014,0.28,0.28,0.0,0.0,True
E1015,11.54,11.54,1.8599999999999999,16.11785095320624,True
E1016,5.9,5.9,1.3599999999999999,23.050847457627118,False
E1017,8.159999999999998,8.16,3.4800000000000004,42.64705882352943,False
E1018,6.73,6.7299999999999995,4.9,72.80832095096582,False
E1019,10.53,10.530000000000001,3.079999999999999,29.24976258309591,False
E102,2.13,2.13,0.0,0.0,True
E1020,13.29,13.29,14.34,107.90067720090295,False
E1021,3.13,3.13,0.0,0.0,True
E1022,1.61,1.61,0.0,0.0,True
E1023,6.3500000000000005,6.3500000000000005,0.0,0.0,True
E1024,6.86,6.859999999999999,7.86,114.57725947521865,False
E1025,2.63,2.63,0.0,0.0,True
E1026,7.03,7.03,6.300000000000001,89.6159317211949,False
E1027,17.04,17.04,11.959999999999999,70.18779342723005,False
E1028,2.72,2.7199999999999998,2.6599999999999997,97.7941176470588,False
E1029,7.08,7.08,0.0,0.0,True
E103,4.3100000000000005,4.3100000000000005,2.1000000000000005,48.72389791183296,False
E1030,0.85,0.85,0.0,0.0,True
E1031,8.92,8.92,2.5999999999999996,29.14798206278026,False
E1032,2.02,2.02,0.0,0.0,True
E1033,2.73,2.73,0.0,0.0,True
E1034,7.86,7.86,0.0,0.0,True
E1035,7.72,7.720000000000001,6.64,86.01036269430053,False
E1036,206.32000000000002,206.32,29.560000000000016,14.32725862737496,True
E1037,6.4,6.4,0.0,0.0,True
E1038,6.68,6.680000000000001,0.23999999999999921,3.5928143712574734,True
E1039,7.65,7.65,0.0,0.0,True
E104,12.66,12.659999999999998,6.92,54.66034755134281,False
E1040,6.65,6.65,1.24,18.64661654135338,True
E1041,11.64,11.64,22.88,196.5635738831615,False
E1042,11.29,11.290000000000001,1.5799999999999992,13.994685562444635,True
E1043,7.79,7.79,2.1999999999999997,28.241335044929393,False
E1044,2.14,2.14,0.0,0.0,True
E1045,6.58,6.58,0.7,10.638297872340425,True
E1046,0.98,0.98,0.0,0.0,True
E1047,9.68,9.68,0.92,9.50413223140496,True
E1048,7.56,7.56,5.86,77.51322751322752,False
E1049,1.9300000000000002,1.9300000000000002,0.0,0.0,True
E105,14.18,14.18,12.600000000000001,88.85754583921018,False
E1050,7.779999999999999,7.779999999999999,9.979999999999999,128.2776349614396,False
E1051,1.3399999999999999,1.3399999999999999,0.0,0.0,True
E1052,2.2600000000000002,2.2600000000000002,1.3200000000000003,58.407079646017706,False
E1053,15.950000000000001,15.95,1.7799999999999996,11.159874608150467,True
E1054,68.12,68.12,117.66,172.72460364063417,False
E1055,21.98,18.85,4.09,18.607825295723384,True
E1056,2.73,2.73,0.0,0.0,True
E1057,8.06,8.06,16.12,200.0,False
E1058,7.6499999999999995,7.65,5.1000000000000005,66.66666666666669,False
E1059,3.2899999999999996,3.29,2.2200000000000006,67.47720364741645,False
E106,7.8100000000000005,7.81,5.539999999999999,70.93469910371317,False
E1060,13.61,13.61,1.1800000000000002,8.670095518001471,True
E1061,3.3699999999999997,3.3699999999999997,0.7599999999999998,22.551928783382785,False
E1062,3.85,3.85,0.0,0.0,True
E1063,1.56,1.56,0.0,0.0,True
E1064,3.93,3.93,0.0,0.0,True
E1065,8.71,8.71,7.100000000000001,81.5154994259472,False
E1066,2.58,2.5799999999999996,0.7200000000000003,27.906976744186057,False
E1067,7.37,7.37,3.3399999999999994,45.31886024423337,False
E1068,9.46,9.46,9.7,102.53699788583508,False
E1069,2.66,2.66,0.0,0.0,True
E107,5.06,5.06,0.5800000000000001,11.462450592885379,True
E1070,7.85,7.85,0.0,0.0,True
E1071,3.32,3.32,1.7599999999999998,53.012048192771076,False
E1072,3.45,3.45,2.42,70.14492753623188,False
E1073,7.53,7.53,0.9000000000000002,11.952191235059765,True
E1074,1.9900000000000002,1.9900000000000002,0.76,38.19095477386934,False
E1075,4.2700000000000005,4.2700000000000005,0.1400000000000003,3.2786885245901702,True
E1076,1.78,1.78,1.96,110.11235955056179,False
E1077,3.97,3.97,1.2800000000000002,32.24181360201512,False
E1078,3.48,3.48,2.58,74.13793103448276,False
E1079,10.19,10.19,6.380000000000001,62.61040235525026,False
E108,6.65,6.65,4.06,61.052631578947356,False
E1080,3.0,3.0,1.9999999999999996,66.66666666666664,False
E1081,3.08,3.08,2.16,70.12987012987013,False
E1082,7.6899999999999995,7.6899999999999995,2.8000000000000003,36.4109232769831,False
E1083,8.579999999999998,8.58,1.4400000000000008,16.783216783216798,True
E1084,3.2800000000000002,3.28,1.9999999999999998,60.97560975609755,False
E1085,5.48,5.48,4.300000000000001,78.46715328467154,False
E1086,1.53,1.53,0.0,0.0,True
E1087,7.1899999999999995,7.1899999999999995,0.39999999999999997,5.563282336578582,True
E1088,3.0,3.0,0.7600000000000001,25.33333333333334,False
E1089,5.55,5.55,4.38,78.91891891891892,False
E109,9.02,9.02,6.340000000000001,70.28824833702885,False
E1090,1.45,1.45,0.0,0.0,True
E1091,4.029999999999999,4.03,1.62,40.198511166253105,False
E1092,4.9399999999999995,4.9399999999999995,3.7,74.89878542510122,False
E1093,8.01,8.01,9.76,121.84769038701623,False
E1094,1.59,1.59,0.6000000000000001,37.735849056603776,False
E1095,1.85,1.85,0.0,0.0,True
E1096,6.29,6.29,0.0,0.0,True
E1097,2.4699999999999998,2.4699999999999998,1.4399999999999997,58.2995951417004,False
E1098,4.53,4.53,2.7800000000000002,61.36865342163355,False
E1099,1.77,1.77,0.0,0.0,True
E11,11.48,11.48,0.0,0.0,True
E110,8.92,8.920000000000002,2.16,24.2152466367713,False
E1100,13.0,13.0,0.0,0.0,True
E1101,2.42,2.42,1.98,81.81818181818183,False
E1102,2.09,2.09,1.5799999999999998,75.5980861244019,False
E1103,4.28,4.279999999999999,1.8999999999999997,44.392523364485974,False
E1104,2.44,2.44,0.0,0.0,True
E1105,2.46,2.4600000000000004,2.1800000000000006,88.61788617886181,False
E1106,2.36,2.36,0.0,0.0,True
E1107,3.13,3.1300000000000003,2.0600000000000005,65.81469648562302,False
E1108,2.25,2.25,4.5,200.0,False
E1109,9.89,9.89,4.420000000000002,44.69160768452984,False
E111,4.1,4.1,2.38,58.04878048780488,False
E1110,3.83,3.83,3.0600000000000005,79.89556135770236,False
E1111,1.18,1.18,0.37999999999999995,32.20338983050847,False
E1112,56.41,56.410000000000004,10.119999999999994,17.940081545825198,True
E1113,1.22,1.22,1.5,122.95081967213115,False
E1114,1.31,1.31,0.6599999999999999,50.381679389312964,False
E1115,2.1,2.1,0.0,0.0,True
E1116,3.64,3.64,1.92,52.747252747252745,False
E1117,1.0,1.0,0.0,0.0,True
E1118,5.9399999999999995,5.9399999999999995,4.119999999999999,69.36026936026936,False
E1119,6.4399999999999995,6.4399999999999995,3.84,59.62732919254659,False
E112,10.069999999999999,10.07,11.940000000000001,118.57000993048663,False
E1120,6.5,6.5,4.0600000000000005,62.46153846153847,False
E1121,3.74,3.74,2.38,63.63636363636363,False
E1122,5.68,5.68,11.36,200.0,False
E1123,4.46,4.46,0.0,0.0,True
E1124,2.6,2.6,1.4200000000000002,54.61538461538463,False
E1125,5.8100000000000005,5.81,2.1999999999999997,37.865748709122194,False
E1126,0.67,0.67,0.0,0.0,True
E1127,2.18,2.18,4.36,200.0,False
E1128,6.109999999999999,6.109999999999999,0.0,0.0,True
E1129,11.77,11.77,23.54,200.0,False
E113,6.88,6.880000000000001,5.119999999999999,74.41860465116278,False
E1130,1.53,1.53,0.0,0.0,True
E1131,6.970000000000001,6.970000000000001,9.860000000000001,141.46341463414635,False
E1132,17.73,17.73,5.380000000000002,30.34404963338974,False
E1133,3.1399999999999997,3.14,6.28,200.00000000000003,False
E1134,16.05,16.049999999999997,32.1,200.0,False
E1135,6.220000000000001,6.220000000000001,0.38,6.109324758842443,True
E1136,7.42,7.42,2.5199999999999996,33.96226415094339,False
E1137,22.42,22.42,27.080000000000005,120.78501338090992,False
E1138,4.27,4.27,0.3599999999999997,8.43091334894613,True
E1139,5.539999999999999,5.54,2.7399999999999993,49.458483754512635,False
E114,14.17,14.17,4.300000000000001,30.34580098800283,False
E1140,2.91,2.91,0.0,0.0,True
E1141,1.64,1.64,3.28,200.0,False
E1142,15.280000000000001,15.280000000000001,0.0,0.0,True
E1143,2.2399999999999998,2.2399999999999998,1.6599999999999997,74.10714285714285,False
E1144,15.29,15.290000000000001,17.48,114.3230869849575,False
E1145,4.279999999999999,4.279999999999999,0.0,0.0,True
E1146,5.49,5.49,3.78,68.85245901639344,False
E1147,0.61,0.61,0.0,0.0,True
E1148,3.53,3.5300000000000002,0.56,15.864022662889521,True
E1149,4.16,4.16,0.84,20.19230769230769,False
E115,9.57,9.57,6.720000000000001,70.21943573667713,False
E1150,8.25,8.25,0.0,0.0,True
E1151,5.79,5.79,4.0,69.08462867012089,False
E1152,2.1799999999999997,2.18,0.8799999999999997,40.36697247706421,False
E1153,0.96,0.96,0.0,0.0,True
E1154,4.15,4.15,1.3800000000000003,33.25301204819277,False
E1155,0.75,0.75,1.5,200.0,False
E1156,1.1600000000000001,1.1600000000000001,0.0,0.0,True
E1157,5.52,5.52,0.0,0.0,True
E1158,2.2199999999999998,2.2199999999999998,0.0,0.0,True
E1159,3.6399999999999997,3.6399999999999997,2.3599999999999994,64.83516483516483,False
E116,12.879999999999999,12.88,8.92,69.25465838509318,False
E1160,22.75,22.75,17.84,78.41758241758242,False
E1161,2.93,2.93,2.72,92.83276450511944,False
E1162,1.67,1.6700000000000002,3.34,200.0,False
E1163,2.71,2.71,1.3399999999999999,49.44649446494465,False
E1164,3.0100000000000002,3.01,1.84,61.129568106312284,False
E1165,2.18,2.18,0.0,0.0,True
E1166,7.17,7.170000000000001,2.1600000000000006,30.12552301255231,False
E1167,3.3,3.3,0.41999999999999993,12.727272727272727,True
E1168,3.7,3.7,1.84,49.729729729729726,False
E1169,7.91,7.68,8.35,105.56257901390644,False
E117,10.99,10.99,6.380000000000001,58.05277525022749,False
E1170,1.23,1.23,0.54,43.90243902439025,False
E1171,1.02,1.02,0.060000000000000026,5.882352941176473,True
E1172,4.63,4.63,3.1799999999999997,68.68250539956803,False
E1173,1.95,1.95,0.0,0.0,True
E1174,3.24,3.24,2.66,82.09876543209876,False
E1175,2.58,2.58,1.46,56.58914728682171,False
E1176,1.2,1.2,1.04,86.66666666666667,False
E1177,2.7399999999999998,2.7399999999999998,0.0,0.0,True
E1178,0.88,0.88,0.74,84.0909090909091,False
E1179,4.39,4.39,0.0,0.0,True
E118,3.08,3.08,0.29999999999999993,9.740259740259738,True
E1180,1.54,1.54,0.0,0.0,True
E1181,7.239999999999999,5.57,7.01,96.8232044198895,False
E1182,0.7,0.7,0.49999999999999994,71.42857142857142,False
E1183,4.800000000000001,4.800000000000001,0.0,0.0,True
E1184,15.42,15.42,0.33999999999999997,2.204928664072633,True
E1185,6.89,6.890000000000001,2.2999999999999994,33.381712626995636,False
E1186,3.4000000000000004,3.4000000000000004,0.4,11.76470588235294,True
E1187,2.68,2.68,0.7,26.119402985074625,False
E1188,1.14,1.14,0.0,0.0,True
E1189,10.940000000000001,10.94,7.380000000000001,67.45886654478977,False
E119,7.7700000000000005,7.7700000000000005,0.0,0.0,True
E1190,6.140000000000001,6.140000000000001,0.0,0.0,True
E1191,14.21,14.21,6.780000000000001,47.71287825475018,False
E1192,3.14,3.14,1.58,50.318471337579616,False
E1193,4.529999999999999,4.529999999999999,2.38,52.53863134657838,False
E1194,2.77,2.77,0.0,0.0,True
E1195,1.17,1.17,0.0,0.0,True
E1196,1.19,1.19,0.0,0.0,True
E1197,10.340000000000002,10.34,0.7599999999999988,7.350096711798826,True
E1198,5.01,5.01,2.76,55.08982035928144,False
E1199,6.34,6.34,7.0,110.41009463722398,False
E12,3.79,3.79,0.0,0.0,True
E120,6.54,6.54,4.74,72.47706422018348,False
E1200,4.7299999999999995,4.7299999999999995,7.0,147.99154334038056,False
E1201,6.38,6.38,0.16,2.5078369905956115,True
E1202,1.32,1.32,0.0,0.0,True
E1203,1.9100000000000001,1.91,3.34,174.86910994764398,False
E1204,6.359999999999999,6.359999999999999,5.44,85.53459119496856,False
E1205,0.21,0.21,0.0,0.0,True
E1206,6.9,6.9,0.0,0.0,True
E1207,3.16,3.16,0.0,0.0,True
E1209,1.85,1.85,0.0,0.0,True
E121,5.77,5.77,1.3799999999999992,23.916811091854406,False
E1210,1.8499999999999999,1.8499999999999999,0.0,0.0,True
E1211,1.56,1.56,0.0,0.0,True
E1212,3.55,3.55,0.0,0.0,True
E1213,5.13,5.13,2.2399999999999998,43.66471734892787,False
E1214,1.57,1.57,0.0,0.0,True
E1215,0.84,0.84,0.0,0.0,True
E1216,19.119999999999997,19.12,29.439999999999998,153.97489539748955,False
E1217,55.35,55.35,14.659999999999997,26.485998193315258,False
E1218,1.6,1.6,0.0,0.0,True
E1219,3.6,3.6,0.0,0.0,True
E122,7.01,7.01,1.76,25.106990014265335,False
E1220,19.62,19.619999999999997,38.78,197.65545361875635,False
E1221,8.78,8.78,0.0,0.0,True
E1222,1.78,1.78,0.0,0.0,True
E1223,9.559999999999999,9.559999999999999,17.72,185.35564853556488,False
E1224,1.41,1.41,0.0,0.0,True
E1225,1.8399999999999999,1.8399999999999999,0.0,0.0,True
E1226,1.26,1.26,0.0,0.0,True
E1227,9.979999999999999,9.979999999999999,1.9,19.038076152304612,True
E1228,7.319999999999999,7.319999999999999,12.159999999999998,166.12021857923494,False
E1229,1.89,1.89,0.0,0.0,True
E123,187.6,187.6,87.74000000000001,46.769722814498934,False
E1230,1.25,1.25,0.0,0.0,True
E1231,3.64,3.6399999999999997,1.76,48.35164835164835,False
E1232,21.419999999999998,21.42,13.879999999999997,64.79925303454715,False
E1233,8.06,8.06,0.0,0.0,True
E1234,1.28,1.28,0.0,0.0,True
E1235,2.38,2.38,0.0,0.0,True
E1236,2.07,2.0700000000000003,1.3400000000000003,64.73429951690824,False
E1237,7.91,7.91,3.5400000000000005,44.7534766118837,False
E1238,2.7800000000000002,2.7800000000000002,0.8399999999999999,30.21582733812949,False
E1239,1.96,1.96,0.0,0.0,True
E124,3.4800000000000004,3.4800000000000004,0.8599999999999999,24.712643678160912,False
E1240,2.2199999999999998,2.2199999999999998,0.8799999999999999,39.63963963963964,False
E1241,0.55,0.55,0.0,0.0,True
E1242,3.72,3.72,0.0,0.0,True
E1243,10.940000000000001,10.94,6.439999999999999,58.86654478976232,False
E1244,3.04,3.04,0.0,0.0,True
E1245,2.1,2.1,0.0,0.0,True
E1246,5.65,5.65,0.0,0.0,True
E1247,5.94,5.94,3.9200000000000004,65.993265993266,False
E1248,1.12,1.12,0.0,0.0,True
E1249,4.4,2.75,7.15,162.5,False
E125,13.629999999999999,13.629999999999999,7.959999999999999,58.40058694057226,False
E1250,2.98,2.98,2.26,75.83892617449663,False
E1251,3.04,3.04,0.0,0.0,True
E1252,2.2,2.2,0.0,0.0,True
E1253,1.74,1.74,0.21999999999999986,12.643678160919531,True
E1254,5.9399999999999995,5.9399999999999995,0.0,0.0,True
E1255,6.34,6.34,2.3600000000000003,37.22397476340694,False
E1256,6.18,6.18,1.2599999999999996,20.3883495145631,False
E1257,1.52,1.52,1.98,130.26315789473685,False
E1258,7.16,7.16,0.6400000000000003,8.938547486033523,True
E1259,1.42,1.42,0.0,0.0,True
E126,4.0,4.0,0.0,0.0,True
E1260,4.22,4.220000000000001,0.72,17.061611374407583,True
E1261,15.11,14.469999999999999,5.3999999999999995,35.7379219060225,False
E1262,1.13,1.13,0.0,0.0,True
E1263,13.41,13.41,4.059999999999999,30.27591349739,False
E1264,2.86,2.86,2.38,83.21678321678323,False
E1265,6.31,6.31,0.0,0.0,True
E1266,6.04,6.040000000000001,7.220000000000001,119.53642384105962,False
E1267,7.61,7.61,1.8399999999999996,24.17871222076215,False
E1268,1.22,1.22,0.0,0.0,True
E1269,2.84,2.84,0.0,0.0,True
E127,1.87,1.87,1.2200000000000002,65.24064171122996,False
E1270,2.27,2.27,0.0,0.0,True
E1271,12.100000000000001,12.1,8.059999999999999,66.61157024793387,False
E1272,2.19,2.19,1.42,64.84018264840182,False
E1273,19.87,19.87,0.0,0.0,True
E1274,7.53,7.53,1.5600000000000005,20.717131474103592,False
E1276,1.04,1.04,0.0,0.0,True
E1277,7.89,7.890000000000001,3.0800000000000005,39.03675538656528,False
E1278,6.13,6.13,0.0,0.0,True
E1279,4.0,4.0,5.22,130.5,False
E128,0.8,0.7999999999999999,0.68,85.0,False
E1280,2.57,2.57,0.0,0.0,True
E1281,1.78,1.78,0.0,0.0,True
E1282,3.1900000000000004,3.19,1.24,38.87147335423197,False
E1283,1.43,1.43,0.0,0.0,True
E1284,6.760000000000001,6.760000000000001,3.76,55.62130177514792,False
E1285,1.79,1.79,0.0,0.0,True
E1286,1.58,1.58,0.41999999999999993,26.582278481012654,False
E1287,1.01,1.01,0.0,0.0,True
E1288,3.8,3.8,0.0,0.0,True
E1289,2.29,2.29,4.58,200.0,False
E129,5.77,5.7700000000000005,3.78,65.51126516464471,False
E1290,1.46,1.46,0.0,0.0,True
E1291,6.49,6.49,0.0,0.0,True
E1292,1.3,1.3,0.0,0.0,True
E1293,0.47,0.47,0.0,0.0,True
E1294,2.05,2.05,0.92,44.87804878048781,False
E1295,3.5,3.5,1.3199999999999996,37.71428571428571,False
E1296,3.42,3.42,0.0,0.0,True
E1297,0.44,0.44,0.0,0.0,True
E1298,0.69,0.69,0.0,0.0,True
E1299,1.21,1.21,0.52,42.97520661157025,False
E13,8.39,8.39,8.5,101.31108462455303,False
E130,3.25,3.25,1.58,48.61538461538461,False
E1300,1.6,1.6,1.3800000000000001,86.25,False
E1301,7.78,7.78,1.5800000000000005,20.30848329048844,False
E1302,5.4,5.4,3.66,67.77777777777777,False
E1303,14.63,14.63,0.6200000000000006,4.2378673957621364,True
E1304,7.67,7.67,1.7799999999999998,23.207301173402865,False
E1305,9.870000000000001,9.870000000000001,0.0,0.0,True
E1306,7.77,7.77,0.0,0.0,True
E1307,1.4,1.4,0.0,0.0,True
E1308,0.69,0.69,0.0,0.0,True
E1309,1.54,1.54,0.0,0.0,True
E131,8.1,8.1,7.860000000000001,97.03703703703705,False
E1310,0.67,0.67,0.0,0.0,True
E1311,1.4100000000000001,1.4100000000000001,0.0,0.0,True
E1312,1.52,1.52,0.8400000000000001,55.26315789473685,False
E1313,0.9,0.9,0.0,0.0,True
E1314,6.6899999999999995,6.69,5.44,81.3153961136024,False
E1315,0.85,0.85,0.0,0.0,True
E1316,3.25,3.25,1.38,42.46153846153846,False
E1317,1.44,1.44,0.0,0.0,True
E1318,1.12,1.12,0.0,0.0,True
E1319,5.01,5.01,2.4800000000000004,49.50099800399203,False
E132,6.17,6.17,4.199999999999999,68.07131280388978,False
E1320,1.88,1.88,0.0,0.0,True
E1321,4.67,4.67,1.84,39.400428265524624,False
E1322,0.79,0.79,0.0,0.0,True
E1323,1.1,1.1,0.0,0.0,True
E1324,5.609999999999999,5.609999999999999,6.24,111.22994652406419,False
E1325,2.0,2.0,0.0,0.0,True
E1326,2.14,2.14,0.0,0.0,True
E1327,4.05,3.8699999999999997,0.27999999999999997,6.91358024691358,True
E1328,1.1,1.1,0.0,0.0,True
E1329,6.510000000000001,6.510000000000001,4.0600000000000005,62.365591397849464,False
E133,16.12,16.12,0.4399999999999996,2.7295285359801467,True
E1330,1.47,1.47,0.0,0.0,True
E1331,2.0700000000000003,2.0700000000000003,0.0,0.0,True
E1332,2.97,2.97,0.0,0.0,True
E1333,15.36,15.360000000000001,2.299999999999998,14.973958333333321,True
E1334,16.23,16.23,13.78,84.90449784349968,False
E1335,13.21,13.21,1.5999999999999999,12.112036336109007,True
E1336,16.39,16.39,12.459999999999999,76.02196461256864,False
E1337,9.43,9.43,0.0,0.0,True
E1338,7.51,7.4,3.690000000000001,49.13448735019974,False
E1339,6.34,6.34,0.08000000000000004,1.261829652996846,True
E134,6.2700000000000005,6.27,4.08,65.07177033492823,False
E1340,7.54,7.54,0.0,0.0,True
E1341,6.8,6.8,0.0,0.0,True
E1342,3.72,3.72,7.44,200.0,False
E1343,8.18,8.18,0.6,7.334963325183375,True
E1344,7.13,7.13,0.32,4.488078541374474,True
E1345,7.1,7.1,0.45999999999999996,6.47887323943662,True
E1346,7.95,7.949999999999999,3.0200000000000005,37.987421383647806,False
E1347,14.44,14.440000000000001,3.4800000000000018,24.099722991689763,False
E1348,6.6000000000000005,6.6000000000000005,2.56,38.78787878787878,False
E1349,10.27,10.27,6.18,60.175267770204485,False
E135,7.31,7.3100000000000005,3.6000000000000005,49.24760601915186,False
E1350,9.91,9.91,5.74,57.921291624621595,False
E1351,5.8500000000000005,5.8500000000000005,0.0,0.0,True
E1352,3.0399999999999996,3.0399999999999996,0.06,1.9736842105263162,True
E1353,7.9,7.9,1.8200000000000005,23.03797468354431,False
E1354,1.17,1.17,0.0,0.0,True
E1355,8.059999999999999,8.06,5.76,71.46401985111663,False
E1356,1.85,1.85,0.96,51.89189189189189,False
E1357,2.14,2.14,0.54,25.233644859813083,False
E1358,2.42,2.42,1.0,41.32231404958678,False
E1359,8.43,8.43,2.96,35.11269276393832,False
E136,9.35,9.35,6.92,74.01069518716578,False
E1360,1.9100000000000001,1.9100000000000001,0.0,0.0,True
E1361,1.66,1.66,0.0,0.0,True
E1362,4.93,4.93,0.0,0.0,True
E1363,2.55,2.55,0.19999999999999973,7.84313725490195,True
E1364,2.3,2.3000000000000003,0.48,20.869565217391305,False
E1365,1.77,1.77,1.2000000000000002,67.79661016949153,False
E1366,3.09,3.09,1.4600000000000002,47.24919093851134,False
E1367,0.89,0.89,0.0,0.0,True
E1368,0.89,0.89,0.0,0.0,True
E1369,1.4100000000000001,1.4100000000000001,0.6,42.5531914893617,False
E137,6.49,6.49,5.84,89.98459167950693,False
E1370,4.109999999999999,4.109999999999999,0.0,0.0,True
E1371,19.29,19.290000000000003,4.2399999999999975,21.9803006739243,False
E1372,1.79,1.79,0.0,0.0,True
E1373,7.43,7.43,0.0,0.0,True
E1374,11.9,11.9,0.0,0.0,True
E1375,8.510000000000002,8.51,5.88,69.09518213866039,False
E1376,1.35,1.35,0.0,0.0,True
E1377,5.93,5.93,3.84,64.75548060708263,False
E1378,6.72,6.720000000000001,1.3799999999999994,20.535714285714278,False
E1379,1.25,1.25,0.6200000000000001,49.60000000000001,False
E138,7.889999999999999,7.890000000000001,5.42,68.69455006337137,False
E1380,4.85,4.85,0.0,0.0,True
E1381,12.31,12.31,1.1400000000000001,9.260763606823721,True
E1382,2.7399999999999998,2.7399999999999998,5.4799999999999995,200.00000000000003,False
E1383,1.96,1.96,0.0,0.0,True
E1384,1.12,1.12,0.6400000000000001,57.14285714285715,False
E1385,8.559999999999999,8.56,1.8799999999999994,21.962616822429904,False
E1386,7.8100000000000005,7.8100000000000005,0.0,0.0,True
E1387,1.31,1.31,0.0,0.0,True
E1388,8.709999999999999,8.709999999999999,2.0,22.962112514351322,False
E1389,6.72,6.720000000000001,3.060000000000001,45.535714285714306,False
E139,6.220000000000001,6.220000000000001,2.02,32.475884244372985,False
E1390,8.35,8.350000000000001,16.7,200.0,False
E1391,1.96,1.96,1.0,51.02040816326531,False
E1392,0.9800000000000001,0.9800000000000001,0.22,22.448979591836732,False
E1393,2.44,2.44,1.1600000000000001,47.54098360655738,False
E1394,5.609999999999999,5.609999999999999,2.3399999999999994,41.71122994652406,False
E1395,3.96,3.96,1.28,32.323232323232325,False
E1396,1.24,1.24,1.46,117.74193548387098,False
E1397,0.61,0.61,0.0,0.0,True
E1398,2.0900000000000003,2.0900000000000003,2.02,96.65071770334927,False
E1399,1.22,1.22,0.0,0.0,True
E14,1.44,1.44,0.0,0.0,True
E140,0.7000000000000001,0.7000000000000001,0.0,0.0,True
E1400,1.88,1.88,1.2000000000000002,63.82978723404256,False
E1401,5.3,5.300000000000001,4.720000000000001,89.05660377358492,False
E1402,0.8700000000000001,0.8700000000000001,0.0,0.0,True
E1403,7.7,7.699999999999999,4.58,59.480519480519476,False
E1404,2.1399999999999997,2.14,1.62,75.70093457943926,False
E1405,1.58,1.58,1.7200000000000002,108.8607594936709,False
E1406,3.15,3.15,2.38,75.55555555555556,False
E1407,0.55,0.55,0.0,0.0,True
E1408,1.92,1.92,0.0,0.0,True
E1409,1.72,1.72,0.0,0.0,True
E141,7.9399999999999995,7.94,0.4799999999999993,6.045340050377825,True
E1410,1.31,1.31,0.0,0.0,True
E1411,5.21,5.21,1.8599999999999994,35.70057581573895,False
E1412,7.98,7.98,0.0,0.0,True
E1413,2.7199999999999998,2.7199999999999998,1.5599999999999998,57.35294117647058,False
E1414,0.52,0.52,0.0,0.0,True
E1415,0.83,0.83,0.0,0.0,True
E1416,2.41,2.41,0.0,0.0,True
E1417,7.760000000000001,7.760000000000001,4.360000000000001,56.185567010309285,False
E1418,10.0,10.0,0.0,0.0,True
E1419,5.2700000000000005,5.2700000000000005,2.2399999999999998,42.504743833017066,False
E142,0.88,0.88,0.0,0.0,True
E1420,1.9600000000000002,1.96,0.8800000000000001,44.89795918367347,False
E1421,13.120000000000001,13.120000000000001,24.0,182.92682926829266,False
E1422,6.41,6.41,4.74,73.94695787831513,False
E1423,3.34,3.34,1.92,57.485029940119766,False
E1424,8.05,8.05,0.9800000000000002,12.173913043478262,True
E1425,2.51,2.51,2.0199999999999996,80.47808764940237,False
E1426,8.66,8.659999999999998,0.7000000000000014,8.083140877598169,True
E1427,7.24,7.24,0.0,0.0,True
E1428,9.93,9.93,3.4999999999999996,35.246727089627385,False
E1429,6.6000000000000005,6.6,1.7800000000000002,26.969696969696972,False
E143,11.62,11.62,1.440000000000001,12.392426850258186,True
E1430,7.550000000000001,7.55,6.039999999999999,79.99999999999997,False
E1431,1.06,1.06,0.0,0.0,True
E1432,1.71,1.71,0.0,0.0,True
E1433,2.27,2.27,0.0,0.0,True
E1434,2.43,2.4300000000000006,1.0400000000000003,42.79835390946503,False
E1435,0.86,0.86,0.0,0.0,True
E1436,1.3599999999999999,1.3599999999999999,2.7199999999999998,200.00000000000003,False
E1437,0.85,0.85,0.0,0.0,True
E1438,7.45,7.449999999999999,2.740000000000001,36.7785234899329,False
E1439,1.6,1.6,0.0,0.0,True
E144,6.720000000000001,6.720000000000001,2.98,44.34523809523809,False
E1440,13.370000000000001,13.370000000000001,6.140000000000001,45.92370979805534,False
E1441,2.3,2.3,0.0,0.0,True
E1442,3.12,3.1199999999999997,1.68,53.84615384615385,False
E1443,1.1,1.1,0.0,0.0,True
E1444,2.41,2.41,3.58,148.54771784232364,False
E1446,4.050000000000001,4.050000000000001,3.1600000000000006,78.0246913580247,False
E1447,4.3500000000000005,4.3500000000000005,0.0,0.0,True
E1448,0.7,0.7,0.0,0.0,True
E1449,1.48,1.48,1.5,101.35135135135135,False
E145,2.32,2.32,1.2799999999999998,55.172413793103445,False
E1450,2.36,2.36,0.0,0.0,True
E1451,3.9699999999999998,3.9699999999999998,3.6,90.68010075566751,False
E1452,7.3,7.3,0.0,0.0,True
E1453,1.88,1.88,2.6,138.29787234042553,False
E1454,0.58,0.58,0.0,0.0,True
E1455,0.8500000000000001,0.8500000000000001,0.0,0.0,True
E1456,6.3100000000000005,6.3100000000000005,3.4199999999999995,54.19968304278921,False
E1457,3.6999999999999997,3.7,0.15999999999999964,4.324324324324315,True
E1458,1.89,1.89,1.3599999999999999,71.95767195767196,False
E1459,0.81,0.81,0.0,0.0,True
E146,11.530000000000001,11.530000000000001,0.1,0.8673026886383347,True
E1460,2.84,2.84,2.1399999999999997,75.35211267605634,False
E1461,3.12,3.1199999999999997,2.8199999999999994,90.38461538461536,False
E1462,3.8899999999999997,3.8899999999999997,0.0,0.0,True
E1463,1.53,1.53,0.16,10.457516339869281,True
E1464,3.11,3.11,1.2199999999999998,39.22829581993568,False
E1465,1.44,1.44,0.0,0.0,True
E1466,9.92,9.92,1.2000000000000002,12.096774193548388,True
E1467,1.9200000000000002,1.9200000000000002,0.66,34.375,False
E1468,16.279999999999998,16.28,21.74,133.53808353808355,False
E1469,7.33,7.33,4.42,60.30013642564802,False
E147,7.1,7.1,5.26,74.08450704225352,False
E1470,1.5699999999999998,1.57,1.52,96.81528662420384,False
E1472,3.23,3.23,2.5,77.39938080495357,False
E1473,4.29,4.29,0.0,0.0,True
E1474,2.05,2.05,0.13999999999999985,6.82926829268292,True
E1475,4.27,4.27,0.74,17.330210772833727,True
E1476,7.26,7.260000000000001,4.579999999999999,63.085399449035805,False
E1477,0.84,0.84,0.0,0.0,True
E1478,7.05,7.05,7.8,110.63829787234043,False
E1479,6.34,6.34,1.84,29.022082018927446,False
E148,21.119999999999997,21.12,24.36,115.34090909090911,False
E1480,1.83,1.83,0.5800000000000001,31.693989071038253,False
E1481,0.65,0.65,0.0,0.0,True
E1482,1.78,1.78,0.0,0.0,True
E1483,7.54,7.54,6.74,89.38992042440319,False
E1484,2.94,2.94,0.0,0.0,True
E1485,111.61999999999999,111.62,5.179999999999995,4.640745386131514,True
E1486,62.25,62.25,1.519999999999998,2.441767068273089,True
E1487,27.79,27.79,0.9200000000000008,3.310543360921198,True
E1488,11.04,11.04,9.96,90.21739130434784,False
E1489,3.2399999999999998,3.2399999999999998,0.26,8.024691358024691,True
E149,1.48,1.48,0.7999999999999999,54.054054054054056,False
E1490,4.569999999999999,4.569999999999999,0.5999999999999999,13.129102844638949,True
E1491,0.62,0.62,0.0,0.0,True
E1492,1.26,1.26,0.0,0.0,True
E1493,6.98,6.9799999999999995,4.68,67.0487106017192,False
E1494,11.479999999999999,11.479999999999999,0.9,7.839721254355402,True
E1495,7.09,7.09,0.5,7.052186177715092,True
E1496,4.0,4.0,4.7,117.5,False
E1497,3.8400000000000003,3.84,0.7200000000000004,18.75000000000001,True
E1498,9.07,9.07,0.0,0.0,True
E1499,1.09,1.09,0.0,0.0,True
E15,3.01,3.0100000000000002,2.08,69.1029900332226,False
E150,16.6,16.6,6.300000000000001,37.95180722891567,False
E1500,3.1,3.1,0.0,0.0,True
E1501,7.26,7.26,6.9799999999999995,96.14325068870524,False
E1502,9.92,9.92,0.0,0.0,True
E1503,2.5,2.5000000000000004,1.2000000000000004,48.000000000000014,False
E1504,1.3900000000000001,1.3900000000000001,2.7800000000000002,199.99999999999997,False
E1505,1.98,1.98,0.0,0.0,True
E1506,0.8799999999999999,0.8799999999999999,0.0,0.0,True
E1507,9.690000000000001,9.689999999999998,0.40000000000000135,4.1279669762642035,True
E1508,1.92,1.92,0.0,0.0,True
E1509,4.699999999999999,4.7,2.9000000000000004,61.70212765957449,False
E151,7.04,7.04,6.5,92.32954545454545,False
E1510,5.42,5.42,5.799999999999999,107.01107011070108,False
E1511,9.049999999999999,9.049999999999999,0.0,0.0,True
E1512,3.57,3.57,0.0,0.0,True
E1513,6.5600000000000005,6.56,2.04,31.097560975609753,False
E1514,5.71,5.71,0.6199999999999997,10.858143607705774,True
E1515,14.950000000000001,14.95,8.639999999999999,57.79264214046822,False
E1516,1.0499999999999998,1.0499999999999998,0.0,0.0,True
E1517,12.4,12.4,1.8799999999999994,15.16129032258064,True
E1518,18.11,18.11,5.62,31.032578685808947,False
E1519,1.93,1.93,0.0,0.0,True
E152,2.21,2.21,1.46,66.0633484162896,False
E1520,5.77,5.7700000000000005,0.3999999999999993,6.932409012131704,True
E1521,1.55,1.55,1.8,116.12903225806451,False
E1522,1.1199999999999999,1.1199999999999999,0.0,0.0,True
E1523,2.62,2.62,0.0,0.0,True
E1524,4.12,4.12,1.96,47.57281553398058,False
E1525,12.51,12.51,0.38,3.037569944044764,True
E1527,2.51,2.51,0.0,0.0,True
E1528,0.94,0.94,0.0,0.0,True
E1529,4.84,4.84,0.0,0.0,True
E153,6.53,6.53,3.0,45.94180704441041,False
E1530,2.13,2.13,0.0,0.0,True
E1531,181.54,181.54,4.240000000000005,2.3355734273438387,True
E1532,1.0,1.0,0.0,0.0,True
E1533,0.41,0.41,0.0,0.0,True
E1534,1.9100000000000001,1.91,1.6000000000000003,83.76963350785341,False
E1535,4.61,4.61,1.6800000000000002,36.442516268980484,False
E1536,5.65,5.65,0.0,0.0,True
E1537,1.0,1.0,0.0,0.0,True
E1538,6.31,6.3100000000000005,1.2599999999999993,19.968304278922336,True
E1539,0.98,0.98,0.0,0.0,True
E154,2.83,2.8299999999999996,1.02,36.042402826855124,False
E1540,1.01,1.0100000000000002,0.31999999999999995,31.68316831683168,False
E1541,10.91,10.91,15.74,144.2713107241063,False
E1542,4.52,4.52,8.52,188.49557522123897,False
E1543,2.66,2.66,1.7200000000000002,64.66165413533835,False
E1544,0.58,0.58,0.0,0.0,True
E1545,1.13,1.13,0.0,0.0,True
E1546,2.0700000000000003,2.0700000000000003,0.0,0.0,True
E1547,0.64,0.64,0.0,0.0,True
E1548,2.38,2.38,0.0,0.0,True
E1549,2.1799999999999997,2.1799999999999997,0.0,0.0,True
E155,7.83,7.829999999999999,2.8999999999999995,37.03703703703703,False
E1550,1.71,1.71,0.14000000000000007,8.18713450292398,True
E1551,9.51,9.51,10.24,107.67613038906414,False
E1552,7.53,7.530000000000001,9.100000000000001,120.8499335989376,False
E1553,4.61,4.61,0.0,0.0,True
E1554,2.97,2.9699999999999998,5.9399999999999995,200.0,False
E1555,7.01,7.01,0.0,0.0,True
E1556,3.53,3.5300000000000002,1.8600000000000008,52.69121813031164,False
E1557,9.77,9.43,4.68,47.90174002047083,False
E1558,6.94,6.9399999999999995,10.479999999999999,151.00864553314116,False
E1559,2.59,2.59,0.0,0.0,True
E156,11.440000000000001,11.44,7.960000000000001,69.58041958041959,False
E1560,6.7,6.699999999999999,0.7400000000000002,11.04477611940299,True
E1561,2.21,2.21,0.0,0.0,True
E1562,0.98,0.98,0.0,0.0,True
E1563,2.45,2.45,1.3599999999999999,55.51020408163265,False
E1564,8.33,8.33,16.66,200.0,False
E1566,1.37,1.37,1.5,109.4890510948905,False
E1567,14.64,14.64,16.78,114.6174863387978,False
E1568,9.39,9.39,0.0,0.0,True
E1569,21.61,21.61,10.799999999999999,49.976862563627954,False
E157,2.9,2.9,0.7800000000000001,26.896551724137936,False
E1570,1.2,1.2,0.0,0.0,True
E1571,2.32,2.32,0.0,0.0,True
E1572,12.46,12.46,0.3599999999999997,2.889245585874797,True
E1573,11.53,10.14,5.6899999999999995,49.349522983521254,False
E1574,1.37,1.37,2.74,199.99999999999997,False
E1575,6.449999999999999,6.449999999999999,0.0,0.0,True
E1576,6.63,6.630000000000001,5.240000000000001,79.0346907993967,False
E1577,4.79,4.79,2.3600000000000003,49.26931106471817,False
E1578,5.78,5.78,0.0,0.0,True
E1579,5.630000000000001,5.63,6.02,106.92717584369449,False
E158,1.79,1.79,1.1400000000000001,63.68715083798883,False
E1580,2.92,2.92,0.8400000000000001,28.76712328767124,False
E1581,1.67,1.67,0.8200000000000001,49.10179640718563,False
E1582,5.18,5.18,3.82,73.74517374517374,False
E1583,0.97,0.97,0.0,0.0,True
E1584,2.19,2.1900000000000004,1.7800000000000002,81.2785388127854,False
E1585,7.7299999999999995,7.7299999999999995,0.6399999999999999,8.279430789133247,True
E1586,1.21,1.21,0.11999999999999994,9.917355371900822,True
E1587,3.27,3.27,2.5,76.4525993883792,False
E1588,3.88,3.88,2.4400000000000004,62.88659793814434,False
E1589,11.03,11.030000000000001,4.06,36.80870353581142,False
E159,9.84,9.84,5.639999999999999,57.317073170731696,False
E1590,0.58,0.58,0.0,0.0,True
E1591,4.23,4.23,8.46,200.0,False
E1592,12.31,12.309999999999999,7.579999999999999,61.57595450852964,False
E1593,2.42,2.42,0.0,0.0,True
E1594,2.52,2.52,0.0,0.0,True
E1595,1.83,1.83,1.06,57.92349726775956,False
E1596,1.62,1.62,0.0,0.0,True
E1597,1.43,1.43,0.0,0.0,True
E1598,0.97,0.97,0.0,0.0,True
E1599,2.1900000000000004,2.1900000000000004,3.64,166.2100456621004,False
E16,7.199999999999999,7.199999999999999,3.68,51.111111111111114,False
E160,12.290000000000001,12.290000000000001,7.6000000000000005,61.838893409275826,False
E1600,0.5800000000000001,0.5800000000000001,0.0,0.0,True
E1601,2.95,2.95,0.0,0.0,True
E1602,6.27,6.27,1.02,16.267942583732058,True
E1603,6.2700000000000005,6.27,8.82,140.66985645933013,False
E1604,1.87,1.8699999999999999,0.78,41.711229946524064,False
E1605,5.35,5.35,2.88,53.831775700934585,False
E1606,1.65,1.65,0.06000000000000005,3.63636363636364,True
E1607,2.63,2.63,1.54,58.55513307984791,False
E1608,9.47,9.36,2.230000000000001,23.548046462513206,False
E1609,1.6400000000000001,1.6400000000000001,1.84,112.1951219512195,False
E161,3.22,3.22,2.24,69.56521739130436,False
E1610,1.06,1.06,0.0,0.0,True
E1611,0.23,0.23,0.0,0.0,True
E1612,2.45,2.45,0.0,0.0,True
E1613,4.57,4.57,5.18,113.34792122538292,False
E1614,6.98,6.98,3.6999999999999997,53.00859598853868,False
E1615,3.28,3.28,0.0,0.0,True
E1616,16.78,16.78,10.26,61.14421930870083,False
E1617,4.27,4.27,2.86,66.97892271662764,False
E1618,2.49,2.49,0.0,0.0,True
E1619,1.72,1.72,1.8,104.65116279069768,False
E162,11.629999999999999,11.629999999999999,0.38,3.267411865864145,True
E1620,4.05,4.05,2.48,61.23456790123457,False
E1621,4.59,4.59,0.7799999999999996,16.993464052287575,True
E1622,2.0300000000000002,2.0300000000000002,0.0,0.0,True
E1623,0.5900000000000001,0.5900000000000001,0.0,0.0,True
E1624,1.79,1.79,1.2,67.0391061452514,False
E1625,3.7699999999999996,3.7699999999999996,0.0,0.0,True
E1626,2.8400000000000003,2.8400000000000003,0.0,0.0,True
E1627,1.81,1.81,0.0,0.0,True
E1628,4.1,4.1,2.08,50.73170731707317,False
E1629,0.55,0.55,1.1,200.0,False
E163,7.56,7.5600000000000005,1.2800000000000005,16.93121693121694,True
E1630,0.51,0.51,0.0,0.0,True
E1631,2.34,2.34,0.0,0.0,True
E1632,0.9,0.9,0.060000000000000026,6.66666666666667,True
E1633,8.75,8.75,4.42,50.51428571428571,False
E1634,3.18,3.18,1.2000000000000002,37.735849056603776,False
E1635,2.49,2.49,1.1800000000000002,47.389558232931726,False
E1636,0.23,0.23,0.0,0.0,True
E1637,2.54,2.54,0.2599999999999999,10.236220472440941,True
E1638,2.67,2.67,0.0,0.0,True
E1639,2.37,2.37,0.23999999999999966,10.126582278480997,True
E164,3.0700000000000003,3.0700000000000003,1.6999999999999997,55.37459283387621,False
E1640,0.61,0.61,0.0,0.0,True
E1641,2.5,2.4999999999999996,1.5599999999999996,62.39999999999999,False
E1642,1.95,1.95,1.5,76.92307692307692,False
E1643,1.57,1.57,0.0,0.0,True
E1644,0.88,0.88,0.08000000000000007,9.090909090909099,True
E1645,2.14,2.1399999999999997,0.9599999999999999,44.85981308411214,False
E1646,1.3800000000000001,1.3800000000000001,0.48000000000000004,34.78260869565218,False
E1647,3.88,3.88,3.7,95.36082474226805,False
E1648,2.97,2.97,0.0,0.0,True
E1649,6.12,6.12,4.9399999999999995,80.718954248366,False
E165,13.05,13.05,14.280000000000001,109.42528735632183,False
E1650,1.66,1.66,0.0,0.0,True
E1651,0.47,0.47,0.0,0.0,True
E1652,2.7199999999999998,2.7199999999999998,0.0,0.0,True
E1653,5.2,5.2,0.0,0.0,True
E1654,1.26,1.26,0.0,0.0,True
E1655,1.29,1.29,0.0,0.0,True
E1656,0.95,0.95,0.0,0.0,True
E1657,0.81,0.81,0.29999999999999993,37.037037037037024,False
E1658,1.1800000000000002,1.18,0.18000000000000008,15.254237288135597,True
E1659,2.3899999999999997,2.39,1.4800000000000002,61.92468619246864,False
E166,1.6500000000000001,1.6500000000000001,2.7199999999999998,164.84848484848484,False
E1660,1.56,1.56,0.15999999999999992,10.256410256410252,True
E1661,0.87,0.87,0.06000000000000005,6.896551724137937,True
E1662,6.129999999999999,6.13,1.5999999999999992,26.101141924959208,False
E1663,3.0300000000000002,3.0300000000000002,2.12,69.96699669966996,False
E1664,1.4,1.4,0.0,0.0,True
E1665,75.02,75.02,2.4799999999999938,3.305785123966934,True
E1666,3.69,3.69,0.12,3.252032520325203,True
E1667,2.04,2.04,0.64,31.372549019607842,False
E1668,1.51,1.51,0.0,0.0,True
E1669,4.43,4.43,2.4399999999999995,55.07900677200902,False
E167,7.15,7.15,0.0,0.0,True
E1670,4.74,4.74,0.0,0.0,True
E1671,5.09,5.09,0.0,0.0,True
E1672,1.57,1.57,0.0,0.0,True
E1673,4.38,4.38,0.09999999999999983,2.2831050228310463,True
E1674,2.1500000000000004,2.15,2.2199999999999998,103.25581395348834,False
E1675,2.02,2.02,0.0,0.0,True
E1676,7.879999999999999,7.879999999999999,3.9599999999999995,50.253807106598984,False
E1677,7.790000000000001,7.79,4.34,55.71245186136071,False
E1678,10.850000000000001,10.850000000000001,8.74,80.55299539170505,False
E1679,2.12,2.12,0.0,0.0,True
E168,4.9,4.9,2.8600000000000003,58.36734693877552,False
E1680,15.44,15.440000000000001,4.280000000000001,27.72020725388602,False
E1681,2.1,2.1,0.20000000000000018,9.523809523809533,True
E1682,4.54,4.54,0.0,0.0,True
E1683,3.09,3.0900000000000003,6.18,200.0,False
E1684,2.0300000000000002,2.0300000000000002,0.0,0.0,True
E1685,12.12,12.12,24.24,200.0,False
E1686,1.1099999999999999,1.1099999999999999,2.2199999999999998,200.0,False
E1687,2.83,2.83,2.04,72.08480565371025,False
E1688,2.33,2.33,0.0,0.0,True
E1689,3.1,3.1,0.0,0.0,True
E169,7.5,7.5,1.44,19.2,True
E1690,3.43,3.43,1.7400000000000002,50.72886297376094,False
E1691,8.75,8.75,0.0,0.0,True
E1692,2.94,2.94,2.3,78.23129251700679,False
E1693,1.16,1.16,0.0,0.0,True
E1694,2.17,2.17,0.88,40.55299539170507,False
E1695,0.8600000000000001,0.8600000000000001,0.0,0.0,True
E1696,0.73,0.73,0.0,0.0,True
E1697,7.02,7.02,0.0,0.0,True
E1698,0.71,0.71,0.0,0.0,True
E1699,15.129999999999999,15.13,17.400000000000002,115.0033046926636,False
E17,1.04,1.04,0.0,0.0,True
E170,2.23,2.23,0.0,0.0,True
E1700,54.5,54.5,2.5600000000000014,4.69724770642202,True
E1701,27.07,27.07,16.299999999999997,60.214259327669,False
E1702,3.5700000000000003,3.57,0.3400000000000004,9.523809523809534,True
E1703,2.13,2.13,0.6799999999999999,31.924882629107984,False
E1704,2.12,2.12,0.8600000000000001,40.56603773584906,False
E1705,4.720000000000001,4.720000000000001,0.0,0.0,True
E1706,1.73,1.73,0.0,0.0,True
E1707,3.25,3.25,1.58,48.61538461538461,False
E1708,1.9900000000000002,1.99,0.18000000000000005,9.045226130653267,True
E1709,1.3800000000000001,1.3800000000000001,0.0,0.0,True
E171,9.23,9.23,3.3800000000000003,36.61971830985916,False
E1710,0.61,0.61,0.0,0.0,True
E1711,5.03,5.03,3.6799999999999997,73.1610337972167,False
E1712,2.99,2.99,2.62,87.62541806020066,False
E1713,1.28,1.28,0.0,0.0,True
E1714,1.32,1.32,1.34,101.51515151515152,False
E1715,17.85,17.85,1.7799999999999983,9.971988795518197,True
E1716,2.26,2.26,1.24,54.86725663716815,False
E1717,1.5899999999999999,1.59,0.7,44.02515723270441,False
E1718,3.9299999999999997,3.9299999999999997,1.8399999999999999,46.81933842239186,False
E1719,3.3,3.3,1.88,56.969696969696976,False
E172,9.08,9.08,2.98,32.819383259911895,False
E1720,0.74,0.74,0.0,0.0,True
E1721,3.9899999999999998,3.99,2.4600000000000004,61.654135338345874,False
E1722,5.0600000000000005,5.06,2.1999999999999997,43.478260869565204,False
E1723,1.3599999999999999,1.3599999999999999,0.0,0.0,True
E1724,0.58,0.58,0.0,0.0,True
E1725,1.09,1.09,0.0,0.0,True
E1726,1.54,1.54,1.04,67.53246753246754,False
E1727,2.91,2.91,2.3200000000000003,79.72508591065292,False
E1728,0.67,0.67,0.0,0.0,True
E1729,1.95,1.9500000000000002,0.7599999999999999,38.97435897435897,False
E173,6.02,6.0200000000000005,10.28,170.76411960132893,False
E1730,1.38,1.38,0.0,0.0,True
E1731,1.94,1.94,0.7599999999999999,39.17525773195876,False
E1732,3.2700000000000005,3.27,1.64,50.15290519877675,False
E1733,4.38,4.38,0.0,0.0,True
E1734,0.91,0.91,0.0,0.0,True
E1735,1.7000000000000002,1.7000000000000002,0.24,14.117647058823527,True
E1736,0.99,0.99,0.04,4.040404040404041,True
E1737,1.24,1.24,0.0,0.0,True
E1738,1.71,1.71,0.0,0.0,True
E1739,0.99,0.99,0.0,0.0,True
E174,9.37,9.37,0.0,0.0,True
E1740,1.05,1.0500000000000003,0.33999999999999997,32.38095238095238,False
E1741,2.14,2.14,0.0,0.0,True
E1742,4.1,4.1,2.6599999999999997,64.8780487804878,False
E1743,2.77,2.77,0.0,0.0,True
E1744,2.18,2.18,0.0,0.0,True
E1745,1.7199999999999998,1.72,0.17999999999999985,10.465116279069761,True
E1746,5.15,5.15,3.3400000000000003,64.85436893203884,False
E1747,2.62,2.62,2.1800000000000006,83.20610687022902,False
E1748,1.9099999999999997,1.8299999999999998,1.56,81.67539267015708,False
E1749,5.2,5.2,3.2,61.53846153846153,False
E175,6.83,6.83,2.58,37.774524158125914,False
E1750,1.49,1.49,0.72,48.32214765100671,False
E1751,1.59,1.59,0.0,0.0,True
E1752,2.57,2.57,0.41999999999999993,16.342412451361866,True
E1753,5.26,5.260000000000001,1.8800000000000001,35.741444866920155,False
E1754,0.56,0.56,0.0,0.0,True
E1755,2.85,2.85,2.62,91.9298245614035,False
E1756,2.95,2.95,1.0600000000000003,35.93220338983052,False
E1757,5.26,5.26,3.6399999999999997,69.20152091254752,False
E1758,8.379999999999999,8.379999999999999,1.0999999999999999,13.126491646778042,True
E1759,13.8,13.8,0.0,0.0,True
E176,7.369999999999999,7.369999999999999,2.18,29.579375848032573,False
E1760,0.44,0.44,0.0,0.0,True
E1761,0.73,0.73,0.0,0.0,True
E1762,1.15,1.15,0.0,0.0,True
E1763,1.51,1.5100000000000002,0.24000000000000005,15.89403973509934,True
E1764,1.01,1.01,2.02,200.0,False
E1765,2.8200000000000003,2.8200000000000003,2.0600000000000005,73.04964539007094,False
E1766,5.08,5.08,2.4000000000000004,47.244094488188985,False
E1767,5.7700000000000005,5.7700000000000005,9.08,157.36568457538993,False
E1768,6.39,6.39,0.0,0.0,True
E1769,3.3000000000000003,3.3,1.4600000000000004,44.24242424242425,False
E177,9.09,9.09,4.179999999999999,45.98459845984597,False
E1770,0.76,0.76,0.0,0.0,True
E1771,1.93,1.93,0.0,0.0,True
E1772,1.76,1.76,1.42,80.68181818181819,False
E1773,2.0,2.0,0.0,0.0,True
E1774,2.02,2.02,0.0,0.0,True
E1775,13.120000000000001,13.120000000000001,25.84,196.9512195121951,False
E1776,1.6,1.6,1.6199999999999999,101.25,False
E1777,2.31,2.3100000000000005,0.5599999999999998,24.242424242424235,False
E1778,6.05,6.05,1.0999999999999999,18.18181818181818,True
E1779,9.059999999999999,9.059999999999999,0.21999999999999942,2.428256070640171,True
E178,2.58,2.58,0.6000000000000001,23.255813953488374,False
E1780,6.52,6.5200000000000005,4.06,62.26993865030674,False
E1781,1.33,1.33,0.0,0.0,True
E1782,10.66,10.66,0.0,0.0,True
E1783,7.33,7.27,5.1,69.57708049113232,False
E1784,1.48,1.25,0.8300000000000001,56.08108108108108,False
E1785,2.65,2.65,0.0,0.0,True
E1786,3.68,3.68,4.32,117.39130434782608,False
E1787,9.45,9.45,0.0,0.0,True
E1788,11.650000000000002,11.65,3.0200000000000005,25.92274678111588,False
E1789,2.6,2.6,5.2,200.0,False
E179,2.76,2.76,1.9,68.84057971014494,False
E1790,4.540000000000001,4.54,3.2,70.48458149779734,False
E1791,3.83,3.83,1.6400000000000001,42.819843342036556,False
E1792,7.4799999999999995,7.4799999999999995,0.9199999999999999,12.299465240641712,True
E1793,1.79,1.79,0.0,0.0,True
E1794,11.21,11.21,1.3399999999999999,11.953612845673504,True
E1795,6.590000000000001,6.590000000000001,13.180000000000001,200.0,False
E1796,2.28,2.2800000000000002,0.78,34.21052631578948,False
E1797,5.61,5.61,1.2399999999999998,22.103386809269157,False
E1798,1.23,1.23,0.39999999999999997,32.520325203252035,False
E1799,2.3099999999999996,2.31,1.04,45.02164502164503,False
E18,2.11,2.11,1.2999999999999998,61.61137440758293,False
E180,6.33,6.33,5.34,84.36018957345972,False
E1800,5.84,5.84,3.9399999999999995,67.46575342465752,False
E1801,3.87,3.87,0.0,0.0,True
E1802,0.89,0.89,0.0,0.0,True
E1803,0.87,0.87,0.0,0.0,True
E1804,2.94,2.9399999999999995,2.0999999999999996,71.42857142857142,False
E1805,7.800000000000001,7.800000000000001,5.720000000000001,73.33333333333334,False
E1806,21.66,19.56,30.34,140.07386888273314,False
E1807,0.5,0.5,0.0,0.0,True
E1808,3.86,3.86,0.13999999999999985,3.626943005181343,True
E1809,2.94,2.94,0.0,0.0,True
E181,4.27,4.2700000000000005,0.9399999999999997,22.014051522248238,False
E1810,7.91,7.909999999999999,6.199999999999999,78.38179519595447,False
E1811,5.78,5.78,7.539999999999999,130.44982698961934,False
E1812,2.1,2.1,0.0,0.0,True
E1813,7.07,7.07,0.92,13.012729844413013,True
E1814,1.67,1.67,0.0,0.0,True
E1815,5.38,5.38,3.4399999999999995,63.94052044609664,False
E1816,10.96,10.96,4.84,44.160583941605836,False
E1817,3.68,3.68,0.0,0.0,True
E1818,3.8400000000000003,3.84,2.44,63.541666666666664,False
E1819,1.6400000000000001,1.6400000000000001,0.0,0.0,True
E182,7.08,7.079999999999999,0.4600000000000005,6.497175141242945,True
E1820,1.61,1.61,0.0,0.0,True
E1821,1.06,1.06,0.0,0.0,True
E1822,31.28,31.28,60.08,192.07161125319692,False
E1823,10.430000000000001,10.04,1.6100000000000014,15.436241610738266,True
E1824,3.72,3.7199999999999998,4.7,126.34408602150538,False
E1825,0.54,0.54,0.0,0.0,True
E1826,6.3100000000000005,6.31,1.5800000000000007,25.03961965134708,False
E1827,5.72,5.72,11.44,200.0,False
E1828,35.220000000000006,35.220000000000006,4.5600000000000005,12.947189097103918,True
E1829,1.6400000000000001,1.64,1.16,70.73170731707316,False
E183,2.17,2.17,0.0,0.0,True
E1830,3.14,3.14,0.84,26.751592356687897,False
E1831,3.3,3.3,0.0,0.0,True
E1832,3.3000000000000003,3.3000000000000003,0.0,0.0,True
E1833,0.41,0.41,0.0,0.0,True
E1834,8.129999999999999,8.129999999999999,0.0,0.0,True
E1835,6.800000000000001,6.800000000000001,3.06,44.99999999999999,False
E1836,2.7,2.7,0.08000000000000002,2.9629629629629632,True
E1837,4.5600000000000005,4.5600000000000005,2.88,63.157894736842096,False
E1838,3.46,3.46,2.0,57.80346820809249,False
E1839,1.33,1.33,0.0,0.0,True
E184,8.030000000000001,8.030000000000001,3.0999999999999996,38.60523038605229,False
E1840,0.87,0.87,0.0,0.0,True
E1841,2.12,2.12,0.9199999999999999,43.39622641509434,False
E1842,2.79,2.79,1.5600000000000003,55.91397849462366,False
E1843,1.39,1.39,2.78,200.0,False
E1844,1.19,1.19,1.46,122.6890756302521,False
E1845,2.46,2.46,1.6,65.04065040650407,False
E1846,1.29,1.29,0.060000000000000026,4.6511627906976765,True
E1847,3.5199999999999996,3.5199999999999996,0.0,0.0,True
E1848,2.37,2.37,0.2400000000000001,10.126582278481017,True
E1849,2.87,2.87,1.22,42.508710801393725,False
E185,9.790000000000001,8.8,3.71,37.89581205311542,False
E1850,0.94,0.94,0.0,0.0,True
E1851,19.97,19.97,27.48,137.60640961442164,False
E1852,1.3,1.3,0.44,33.84615384615385,False
E1853,1.52,1.52,0.5599999999999999,36.84210526315789,False
E1854,0.76,0.76,1.52,200.0,False
E1855,0.56,0.56,0.0,0.0,True
E1856,6.72,6.720000000000001,3.1199999999999997,46.42857142857142,False
E1857,7.08,7.08,6.32,89.26553672316385,False
E1858,3.01,3.0100000000000002,1.78,59.13621262458472,False
E1859,1.37,1.37,0.5999999999999999,43.79562043795619,False
E186,12.030000000000001,12.03,1.2799999999999991,10.64006650041562,True
E1860,3.81,3.81,4.66,122.30971128608924,False
E1861,2.84,2.84,1.3200000000000003,46.47887323943663,False
E1862,2.63,2.6300000000000003,1.3400000000000003,50.95057034220534,False
E1863,4.56,4.56,1.64,35.96491228070176,False
E1864,5.85,5.85,4.779999999999999,81.7094017094017,False
E1865,1.9100000000000001,1.84,1.17,61.2565445026178,False
E1866,1.06,1.06,0.0,0.0,True
E1867,0.5,0.5,0.0,0.0,True
E1868,2.0,2.0,0.0,0.0,True
E1869,4.76,4.760000000000001,3.540000000000001,74.36974789915969,False
E187,8.86,8.86,6.299999999999999,71.1060948081264,False
E1870,4.209999999999999,4.21,3.3800000000000003,80.28503562945372,False
E1871,2.9000000000000004,2.01,1.6500000000000004,56.896551724137936,False
E1872,1.05,1.05,0.0,0.0,True
E1873,2.37,2.37,0.0,0.0,True
E1874,2.8600000000000003,2.8600000000000003,0.0,0.0,True
E1875,2.17,2.17,0.0,0.0,True
E1876,1.56,1.56,0.0,0.0,True
E1877,1.12,1.12,0.0,0.0,True
E1878,6.83,6.83,3.0,43.92386530014641,False
E1879,2.55,2.55,0.0,0.0,True
E188,0.5800000000000001,0.5800000000000001,0.0,0.0,True
E1880,0.98,0.98,0.0,0.0,True
E1881,3.48,3.48,0.0,0.0,True
E1882,1.91,1.9100000000000001,1.06,55.497382198952884,False
E1883,2.52,2.52,1.46,57.93650793650794,False
E1884,2.13,2.13,1.2400000000000002,58.21596244131457,False
E1885,0.76,0.76,0.0,0.0,True
E1886,2.56,2.56,0.8599999999999999,33.59374999999999,False
E1887,0.78,0.78,0.0,0.0,True
E1888,1.59,1.59,0.46,28.930817610062892,False
E1889,2.34,2.3400000000000003,0.23999999999999966,10.256410256410241,True
E189,16.099999999999998,16.1,18.86,117.14285714285715,False
E1890,1.56,1.56,1.06,67.94871794871794,False
E1891,0.57,0.57,0.0,0.0,True
E1892,2.04,2.04,0.72,35.294117647058826,False
E1893,1.3,1.3,0.8200000000000001,63.07692307692307,False
E1894,2.15,2.15,1.58,73.48837209302326,False
E1895,1.93,1.93,0.0,0.0,True
E1896,0.97,0.97,0.0,0.0,True
E1897,1.43,1.43,0.0,0.0,True
E1898,0.6699999999999999,0.6699999999999999,0.6799999999999999,101.49253731343285,False
E1899,1.45,1.45,0.0,0.0,True
E19,7.6000000000000005,7.6000000000000005,0.6400000000000003,8.42105263157895,True
E190,2.35,2.35,1.06,45.1063829787234,False
E1900,3.58,3.58,2.2200000000000006,62.01117318435756,False
E1901,3.9099999999999997,3.91,2.64,67.51918158567776,False
E1902,1.37,1.37,0.0,0.0,True
E1903,2.41,2.4099999999999997,0.1800000000000003,7.468879668049804,True
E1904,6.390000000000001,6.39,1.9400000000000006,30.35993740219093,False
E1905,1.35,1.35,0.78,57.77777777777777,False
E1906,2.66,2.66,1.6800000000000002,63.15789473684211,False
E1907,2.13,2.13,1.7599999999999998,82.62910798122064,False
E1908,2.19,2.19,0.0,0.0,True
E1909,2.09,2.09,1.6199999999999997,77.51196172248802,False
E191,5.48,5.48,0.0,0.0,True
E1910,0.7,0.7,0.0,0.0,True
E1911,0.93,0.9299999999999999,0.2599999999999999,27.956989247311814,False
E1912,3.6799999999999997,3.6799999999999997,0.0,0.0,True
E1913,1.86,1.86,0.0,0.0,True
E1914,4.38,4.38,0.0,0.0,True
E1915,5.08,5.08,2.1,41.338582677165356,False
E1916,4.12,4.12,3.3,80.09708737864078,False
E1917,3.5,3.5,1.08,30.857142857142858,False
E1918,2.8899999999999997,2.89,0.9999999999999998,34.60207612456747,False
E1919,1.07,1.07,0.0,0.0,True
E192,5.33,5.33,3.6999999999999993,69.41838649155721,False
E1920,4.0,4.0,2.04,51.0,False
E1921,3.11,3.11,1.38,44.37299035369775,False
E1922,1.44,1.44,0.64,44.44444444444444,False
E1923,2.87,2.87,0.2599999999999999,9.059233449477349,True
E1924,0.32,0.32,0.0,0.0,True
E1925,2.16,2.16,1.54,71.29629629629629,False
E1926,6.140000000000001,6.14,3.06,49.837133550488595,False
E1927,0.97,0.97,0.0,0.0,True
E1928,4.22,4.22,2.44,57.81990521327015,False
E1929,1.15,1.15,0.0,0.0,True
E193,3.62,3.62,0.7000000000000002,19.33701657458564,True
E1930,1.7400000000000002,1.7400000000000002,0.8000000000000002,45.97701149425288,False
E1931,1.06,1.06,1.4000000000000001,132.0754716981132,False
E1932,0.95,0.95,0.0,0.0,True
E1933,3.39,3.39,0.0,0.0,True
E1934,1.34,1.34,0.0,0.0,True
E1935,3.09,3.09,1.68,54.368932038834956,False
E1936,6.85,6.85,5.9399999999999995,86.71532846715328,False
E1937,0.75,0.75,0.0,0.0,True
E1938,5.8100000000000005,5.8100000000000005,4.540000000000001,78.14113597246129,False
E1939,2.4899999999999998,2.4899999999999998,0.0,0.0,True
E194,2.23,2.23,4.46,200.0,False
E1940,3.16,3.16,2.66,84.17721518987341,False
E1941,2.3200000000000003,2.32,1.1,47.41379310344828,False
E1942,0.69,0.69,0.0,0.0,True
E1943,5.220000000000001,5.22,2.48,47.5095785440613,False
E1944,1.83,1.83,1.2600000000000002,68.85245901639345,False
E1945,14.81,14.809999999999999,0.9799999999999993,6.617150573936525,True
E1946,1.06,1.06,0.44,41.50943396226415,False
E1947,2.7100000000000004,2.71,1.06,39.11439114391143,False
E1948,0.93,0.93,0.0,0.0,True
E1949,1.49,1.49,0.0,0.0,True
E195,7.640000000000001,7.640000000000001,2.4600000000000004,32.19895287958116,False
E1950,1.88,1.88,0.0,0.0,True
E1951,4.3,4.3,8.6,200.0,False
E1952,3.05,3.05,0.29999999999999993,9.83606557377049,True
E1953,1.91,1.91,0.0,0.0,True
E1954,22.55,22.549999999999997,16.66,73.88026607538802,False
E1955,1.6500000000000001,1.6500000000000001,0.0,0.0,True
E1956,2.7800000000000002,2.7800000000000002,5.5600000000000005,199.99999999999997,False
E1957,3.7600000000000002,3.7600000000000002,0.0,0.0,True
E1958,1.19,1.19,2.38,200.0,False
E1959,0.5,0.5,0.0,0.0,True
E196,10.459999999999999,10.459999999999999,1.5800000000000003,15.105162523900578,True
E1960,6.279999999999999,6.279999999999999,1.42,22.61146496815287,False
E1961,2.33,2.11,2.0,85.83690987124463,False
E1962,5.74,5.74,0.0,0.0,True
E1963,1.4,1.4,0.0,0.0,True
E1964,1.16,1.16,0.0,0.0,True
E1965,1.2,1.2,0.0,0.0,True
E1966,2.1,2.1,0.0,0.0,True
E1967,11.36,11.36,8.86,77.99295774647888,False
E1968,4.87,4.87,0.3600000000000003,7.392197125256679,True
E1969,2.8000000000000003,2.8000000000000003,0.40000000000000013,14.28571428571429,True
E197,7.36,7.36,1.6400000000000006,22.28260869565218,False
E1970,29.53,28.320000000000004,8.990000000000002,30.443616661022695,False
E1971,7.7700000000000005,7.77,5.12,65.8944658944659,False
E1972,1.06,1.06,0.0,0.0,True
E1973,1.1,1.1,0.0,0.0,True
E1974,0.56,0.56,0.9400000000000001,167.85714285714283,False
E1975,3.0199999999999996,3.02,0.29999999999999966,9.933774834437076,True
E1976,2.05,2.05,0.0,0.0,True
E1977,4.71,4.71,7.4399999999999995,157.96178343949046,False
E1978,1.53,1.53,1.1,71.89542483660132,False
E1979,1.2499999999999998,1.25,0.3999999999999998,31.99999999999999,False
E198,3.23,3.23,1.98,61.30030959752322,False
E1980,2.83,2.83,0.0,0.0,True
E1981,4.239999999999999,4.24,0.31999999999999973,7.5471698113207495,True
E1982,0.91,0.91,0.0,0.0,True
E1983,5.84,5.84,0.0,0.0,True
E1984,11.67,11.67,13.1,112.25364181662383,False
E1985,3.4399999999999995,3.4399999999999995,2.48,72.09302325581396,False
E1986,2.66,2.66,0.0,0.0,True
E1987,0.51,0.51,0.0,0.0,True
E1988,3.08,3.08,1.0600000000000005,34.41558441558443,False
E1989,2.56,2.56,0.0,0.0,True
E199,6.43,6.43,0.0,0.0,True
E1990,3.5,3.5,0.0,0.0,True
E1991,9.19,9.190000000000001,9.940000000000001,108.16104461371057,False
E1992,0.45,0.45,0.0,0.0,True
E1993,6.58,6.58,2.1999999999999993,33.43465045592704,False
E1994,1.9,1.9,0.0,0.0,True
E1995,1.97,1.97,0.14000000000000007,7.106598984771577,True
E1996,2.63,2.63,1.98,75.2851711026616,False
E1997,1.1300000000000001,1.13,1.42,125.66371681415927,False
E1998,2.28,2.28,0.9999999999999998,43.85964912280701,False
E1999,1.03,1.03,2.06,200.0,False
E2,1.24,1.24,0.0,0.0,True
E20,11.6,11.6,6.82,58.793103448275865,False
E200,9.21,9.21,18.42,200.0,False
E2000,1.34,1.34,0.0,0.0,True
E2001,3.04,3.0399999999999996,0.9599999999999999,31.578947368421048,False
E2002,5.3,5.3,1.58,29.81132075471698,False
E2003,0.6699999999999999,0.67,0.46,68.65671641791046,False
E2004,4.6899999999999995,4.6899999999999995,0.09999999999999983,2.1321961620469048,True
E2005,1.85,1.85,0.0,0.0,True
E2006,0.63,0.63,0.0,0.0,True
E2007,1.88,1.88,2.26,120.2127659574468,False
E2008,3.9,3.9,0.44000000000000017,11.282051282051286,True
E2009,1.46,1.46,0.8599999999999998,58.90410958904108,False
E201,2.38,2.38,1.08,45.378151260504204,False
E2010,5.46,5.46,2.66,48.717948717948715,False
E2011,1.12,1.12,0.5400000000000001,48.21428571428572,False
E2012,2.06,2.06,0.0,0.0,True
E2013,5.2700000000000005,5.2700000000000005,0.46,8.72865275142315,True
E2014,1.5,1.5,1.14,75.99999999999999,False
E2015,2.1100000000000003,2.1100000000000003,1.6800000000000002,79.62085308056872,False
E2016,1.47,1.4700000000000002,0.72,48.97959183673469,False
E2017,2.29,2.29,1.2200000000000002,53.27510917030568,False
E2018,2.84,2.84,0.9400000000000002,33.09859154929578,False
E2019,0.95,0.95,0.0,0.0,True
E202,3.18,3.1799999999999997,1.34,42.13836477987421,False
E2020,0.39,0.39,0.0,0.0,True
E2021,8.27,8.27,0.2599999999999999,3.143893591293832,True
E2022,1.15,1.15,0.0,0.0,True
E2023,2.17,2.17,0.0,0.0,True
E2024,1.9,1.9,0.64,33.68421052631579,False
E2025,9.0,9.0,2.880000000000001,32.00000000000001,False
E2026,0.22,0.22,0.0,0.0,True
E2027,1.76,1.7600000000000002,0.19999999999999987,11.363636363636356,True
E2028,1.82,1.82,0.0,0.0,True
E2029,5.03,5.029999999999999,7.9399999999999995,157.85288270377734,False
E203,9.46,9.459999999999999,6.539999999999999,69.13319238900633,False
E2030,3.35,3.35,1.3399999999999999,40.0,False
E2031,1.9,1.9,2.04,107.36842105263159,False
E2032,3.21,3.21,1.42,44.23676012461059,False
E2033,5.25,5.25,3.16,60.19047619047619,False
E2034,1.37,1.37,0.0,0.0,True
E2035,0.84,0.84,0.41999999999999993,49.99999999999999,False
E2036,3.3200000000000003,3.3200000000000003,1.64,49.39759036144578,False
E2037,8.29,8.29,6.34,76.4776839565742,False
E2038,3.74,3.74,5.94,158.8235294117647,False
E2039,2.2800000000000002,2.2800000000000002,0.0,0.0,True
E204,3.07,3.0700000000000003,1.9200000000000004,62.540716612377864,False
E2040,2.72,2.72,0.0,0.0,True
E2041,1.77,1.77,0.0,0.0,True
E2042,0.99,0.99,0.0,0.0,True
E2043,3.8600000000000003,3.8600000000000003,0.0,0.0,True
E2044,2.42,2.42,4.140000000000001,171.07438016528928,False
E2045,8.639999999999999,8.64,1.3799999999999994,15.972222222222218,True
E2046,0.67,0.67,0.0,0.0,True
E2047,2.17,2.17,0.7799999999999999,35.94470046082949,False
E2048,2.3600000000000003,2.3600000000000003,1.7000000000000002,72.03389830508475,False
E2049,7.99,7.99,15.98,200.0,False
E205,1.36,1.36,0.56,41.1764705882353,False
E2050,2.1,2.1,0.0,0.0,True
E2051,5.2299999999999995,5.23,0.7800000000000006,14.913957934990451,True
E2052,1.4900000000000002,1.4900000000000002,0.0,0.0,True
E2053,0.31,0.31,0.0,0.0,True
E2054,9.129999999999999,9.129999999999999,1.88,20.591456736035052,False
E2055,1.17,1.17,0.0,0.0,True
E2056,0.9400000000000001,0.9400000000000001,0.0,0.0,True
E2057,1.4500000000000002,1.4500000000000002,0.0,0.0,True
E2058,1.17,1.17,0.0,0.0,True
E2059,1.13,1.13,0.0,0.0,True
E206,7.31,7.3100000000000005,10.52,143.9124487004104,False
E2060,1.39,1.39,0.0,0.0,True
E2061,2.06,2.06,0.7000000000000002,33.98058252427185,False
E2062,7.38,7.38,1.4800000000000002,20.054200542005425,False
E2063,3.63,3.63,0.0,0.0,True
E2064,1.63,1.63,1.4,85.88957055214725,False
E2065,1.81,1.81,1.3000000000000003,71.82320441988952,False
E2066,12.29,12.29,14.219999999999999,115.70382424735558,False
E2067,1.08,1.08,0.7600000000000001,70.37037037037038,False
E2068,3.46,3.46,6.92,200.0,False
E2069,2.8,2.8000000000000003,1.7200000000000002,61.428571428571445,False
E207,8.67,8.67,0.0,0.0,True
E2070,1.8,1.8,1.1400000000000001,63.33333333333334,False
E2071,3.3099999999999996,3.3100000000000005,1.3399999999999999,40.48338368580061,False
E2072,3.4299999999999997,3.43,2.12,61.80758017492712,False
E2073,3.63,3.63,2.0599999999999996,56.74931129476583,False
E2074,2.08,2.08,1.1,52.88461538461539,False
E2075,1.6,1.6,0.0,0.0,True
E2076,1.34,1.34,0.0,0.0,True
E2077,1.1099999999999999,1.1099999999999999,0.0,0.0,True
E2078,3.91,3.91,0.0,0.0,True
E2079,3.74,3.74,2.7600000000000002,73.79679144385027,False
E208,1.83,1.8299999999999998,0.6199999999999999,33.87978142076502,False
E2080,8.75,8.75,1.9200000000000002,21.942857142857147,False
E2081,4.33,4.33,0.0,0.0,True
E2082,7.95,7.95,2.700000000000001,33.96226415094341,False
E2083,11.94,11.94,6.76,56.616415410385265,False
E2084,0.59,0.59,0.0,0.0,True
E2085,0.29,0.29,0.0,0.0,True
E2086,1.29,1.29,0.0,0.0,True
E2087,2.45,2.45,2.2800000000000002,93.06122448979592,False
E2088,2.37,2.37,0.0,0.0,True
E2089,5.0600000000000005,5.06,2.7,53.3596837944664,False
E209,2.62,2.62,0.0,0.0,True
E2090,1.4,1.4,0.03999999999999998,2.857142857142856,True
E2091,2.73,2.73,0.0,0.0,True
E2092,3.62,3.62,2.26,62.43093922651933,False
E2093,3.1,3.1,0.6,19.35483870967742,True
E2094,1.67,1.67,0.0,0.0,True
E2095,1.63,1.63,0.0,0.0,True
E2096,4.0,4.0,0.0,0.0,True
E2097,3.15,3.15,1.92,60.952380952380956,False
E2098,8.85,8.85,5.0600000000000005,57.17514124293786,False
E2099,4.07,4.07,2.3199999999999994,57.002457002456985,False
E21,10.14,10.14,8.38,82.64299802761342,False
E210,1.55,1.55,0.5799999999999998,37.419354838709666,False
E2100,3.3000000000000003,3.3,6.6,199.99999999999997,False
E2101,3.55,3.55,4.18,117.74647887323944,False
E2102,3.08,3.08,4.0600000000000005,131.81818181818184,False
E2103,3.1700000000000004,3.17,0.14000000000000035,4.41640378548897,True
E2104,0.8,0.8,0.0,0.0,True
E2105,1.4,1.4000000000000001,2.52,180.0,False
E2106,0.17,0.17,0.0,0.0,True
E2107,2.28,2.28,4.14,181.57894736842104,False
E2108,1.31,1.31,0.0,0.0,True
E2109,4.59,4.59,0.0,0.0,True
E211,6.79,6.790000000000001,6.4,94.25625920471282,False
E2110,4.16,4.16,8.32,200.0,False
E2111,2.42,2.42,1.5399999999999998,63.636363636363626,False
E2112,0.99,0.99,0.0,0.0,True
E2113,5.859999999999999,5.859999999999999,3.3400000000000003,56.99658703071674,False
E2114,10.76,10.34,7.84,72.86245353159852,False
E2115,1.21,1.21,1.6,132.2314049586777,False
E2116,1.92,1.92,0.0,0.0,True
E2117,3.7899999999999996,3.79,1.34,35.35620052770449,False
E2118,1.44,1.44,0.0,0.0,True
E2119,1.05,1.05,0.8200000000000001,78.09523809523809,False
E212,3.74,3.7399999999999998,2.5599999999999996,68.44919786096256,False
E2120,3.8999999999999995,3.9,2.44,62.56410256410257,False
E2121,6.47,6.47,0.0,0.0,True
E2122,3.45,3.45,0.0,0.0,True
E2123,0.56,0.56,0.0,0.0,True
E2124,0.5900000000000001,0.5900000000000001,0.0,0.0,True
E2125,2.03,2.03,0.0,0.0,True
E2126,2.28,2.28,1.2799999999999998,56.14035087719298,False
E2127,0.55,0.55,0.0,0.0,True
E2128,1.78,1.78,0.0,0.0,True
E2129,18.85,18.85,24.84,131.77718832891244,False
E213,1.25,1.25,0.0,0.0,True
E2130,3.6599999999999997,3.66,5.14,140.43715846994536,False
E2131,1.6600000000000001,1.6600000000000001,0.0,0.0,True
E2132,0.42,0.42,0.0,0.0,True
E2134,0.22,0.22,0.0,0.0,True
E2135,4.0,4.0,2.0999999999999996,52.49999999999999,False
E2136,5.78,5.78,3.0,51.90311418685121,False
E2137,2.23,2.23,0.0,0.0,True
E2138,1.4200000000000002,1.4200000000000002,1.9000000000000001,133.80281690140845,False
E2139,0.96,0.96,0.0,0.0,True
E214,3.28,3.2800000000000002,6.04,184.14634146341464,False
E2140,0.84,0.84,0.0,0.0,True
E2141,2.16,2.16,0.0,0.0,True
E2142,2.46,2.46,0.0,0.0,True
E2143,2.21,2.21,0.21999999999999975,9.954751131221709,True
E2144,0.5800000000000001,0.58,0.66,113.79310344827584,False
E2145,2.5700000000000003,2.57,0.26,10.116731517509727,True
E2146,2.91,2.91,5.82,200.0,False
E2147,0.97,0.97,0.0,0.0,True
E2148,0.32,0.32,0.0,0.0,True
E2149,1.69,1.69,1.3199999999999998,78.10650887573964,False
E215,8.55,8.549999999999999,4.039999999999999,47.25146198830408,False
E2150,1.11,1.11,0.0,0.0,True
E2151,2.8299999999999996,2.8299999999999996,0.8399999999999999,29.68197879858657,False
E2152,1.33,1.33,0.0,0.0,True
E2153,2.19,2.19,0.0,0.0,True
E2154,0.2,0.2,0.0,0.0,True
E2155,2.26,2.26,4.52,200.0,False
E2156,1.14,1.14,0.37999999999999995,33.33333333333333,False
E2157,2.41,2.41,0.0,0.0,True
E2158,0.5,0.5,0.0,0.0,True
E2159,2.92,2.92,0.3200000000000002,10.958904109589046,True
E216,5.109999999999999,5.050000000000001,3.2800000000000002,64.18786692759296,False
E2160,0.65,0.65,0.0,0.0,True
E2161,2.14,2.14,1.08,50.467289719626166,False
E2162,2.69,2.69,1.0,37.17472118959108,False
E2163,2.0,2.0,4.0,200.0,False
E2164,7.05,7.050000000000001,10.24,145.24822695035462,False
E2165,6.470000000000001,6.47,5.219999999999999,80.68006182380213,False
E2166,5.77,5.77,2.7399999999999993,47.48700173310225,False
E2167,1.05,1.05,0.76,72.38095238095238,False
E2168,2.1399999999999997,2.1399999999999997,0.0,0.0,True
E2169,2.3499999999999996,2.35,0.2599999999999999,11.06382978723404,True
E217,0.84,0.84,0.42,50.0,False
E2170,0.79,0.79,0.84,106.32911392405063,False
E2171,1.9,1.9,0.0,0.0,True
E2172,3.12,3.12,1.5999999999999999,51.28205128205128,False
E2173,1.1700000000000002,1.1700000000000002,0.1,8.547008547008545,True
E2174,2.9699999999999998,2.97,1.0199999999999998,34.34343434343434,False
E2175,2.79,2.79,0.0,0.0,True
E2176,6.79,6.79,0.0,0.0,True
E2177,1.05,1.05,0.0,0.0,True
E2178,1.44,1.4400000000000002,0.17999999999999985,12.499999999999991,True
E2179,2.5,2.5,2.3400000000000003,93.60000000000001,False
E218,9.55,9.549999999999999,5.719999999999999,59.89528795811517,False
E2180,6.97,6.970000000000001,8.82,126.54232424677188,False
E2181,9.27,9.270000000000001,7.340000000000001,79.18015102481124,False
E2182,0.94,0.94,0.0,0.0,True
E2183,2.0,2.0,0.0,0.0,True
E2184,0.75,0.75,0.0,0.0,True
E2185,1.69,1.69,0.0,0.0,True
E2186,1.8499999999999999,1.8499999999999999,3.42,184.86486486486487,False
E2187,2.14,2.14,0.0,0.0,True
E2188,0.74,0.74,0.24,32.432432432432435,False
E2189,1.8399999999999999,1.84,3.68,200.00000000000003,False
E219,7.13,7.130000000000001,3.9200000000000004,54.978962131837314,False
E2190,1.24,1.24,0.0,0.0,True
E2191,9.06,9.06,16.5,182.11920529801324,False
E2192,5.71,5.71,1.08,18.914185639229423,True
E2193,7.76,7.76,1.42,18.298969072164947,True
E2194,1.31,1.31,0.0,0.0,True
E2195,2.35,2.35,0.0,0.0,True
E2196,1.61,1.61,0.0,0.0,True
E2197,17.67,17.67,20.94,118.50594227504243,False
E2198,1.79,1.79,0.0,0.0,True
E2199,1.8800000000000001,1.8800000000000001,0.0,0.0,True
E22,1.4,1.4,1.2,85.71428571428572,False
E220,5.23,5.23,3.4800000000000004,66.53919694072658,False
E2200,2.74,2.74,0.0,0.0,True
E2201,4.74,4.739999999999999,3.5199999999999996,74.26160337552741,False
E2202,1.51,1.51,0.0,0.0,True
E2203,3.36,3.36,0.8600000000000001,25.595238095238102,False
E2204,1.4100000000000001,1.4100000000000001,0.0,0.0,True
E2205,4.04,4.04,0.0,0.0,True
E2206,1.58,1.58,0.44000000000000006,27.848101265822788,False
E2207,0.91,0.91,0.3400000000000001,37.36263736263737,False
E2208,1.14,1.14,0.0,0.0,True
E2209,5.07,5.07,7.9399999999999995,156.60749506903352,False
E221,8.270000000000001,8.27,5.08,61.426844014510266,False
E2210,1.25,1.25,0.0,0.0,True
E2211,3.21,3.21,1.08,33.64485981308411,False
E2212,2.49,2.49,0.0,0.0,True
E2213,1.69,1.69,0.0,0.0,True
E2214,1.39,1.39,0.0,0.0,True
E2215,2.59,2.59,0.0,0.0,True
E2217,8.09,8.09,2.38,29.419035846724352,False
E2218,0.63,0.63,0.0,0.0,True
E2219,1.88,1.88,0.0,0.0,True
E222,1.3599999999999999,1.3599999999999999,0.76,55.88235294117648,False
E2220,4.5,4.5,0.0,0.0,True
E2221,3.95,3.95,0.0,0.0,True
E2222,1.52,1.52,0.4,26.31578947368421,False
E2223,2.3899999999999997,2.39,1.6599999999999997,69.4560669456067,False
E2224,3.47,3.47,2.0,57.63688760806916,False
E2225,1.5,1.5,0.0,0.0,True
E2226,0.38,0.38,0.0,0.0,True
E2227,3.3,3.3,0.0,0.0,True
E2228,1.7000000000000002,1.7000000000000002,0.0,0.0,True
E2229,4.109999999999999,4.109999999999999,0.36,8.759124087591243,True
E223,3.04,3.04,0.0,0.0,True
E2230,2.69,2.69,0.0,0.0,True
E2231,1.4500000000000002,1.4500000000000002,0.24,16.551724137931032,True
E2232,9.51,9.51,2.7199999999999993,28.60147213459516,False
E2233,1.83,1.83,0.0,0.0,True
E2234,2.3,2.3000000000000003,0.23999999999999966,10.434782608695638,True
E2235,1.2600000000000002,1.26,0.84,66.66666666666666,False
E2236,1.76,1.7600000000000002,0.7000000000000001,39.77272727272727,False
E2237,1.76,1.76,1.1,62.50000000000001,False
E2238,2.34,2.34,0.0,0.0,True
E224,0.59,0.59,0.0,0.0,True
E2240,0.08,0.08,0.0,0.0,True
E2241,11.890000000000002,11.89,4.5600000000000005,38.35155592935239,False
E2242,3.55,3.55,0.0,0.0,True
E2243,2.8499999999999996,2.8499999999999996,0.0,0.0,True
E2244,2.95,2.95,0.0,0.0,True
E2245,5.62,5.620000000000001,2.6000000000000005,46.26334519572955,False
E2246,2.27,2.27,0.7599999999999999,33.48017621145374,False
E2247,3.09,3.09,0.0,0.0,True
E2248,4.09,4.09,2.24,54.767726161369204,False
E2249,4.3,4.3,0.0,0.0,True
E225,37.0,37.0,8.38,22.648648648648653,False
E2250,4.17,4.17,0.31999999999999984,7.67386091127098,True
E2251,3.13,3.13,1.0199999999999998,32.587859424920126,False
E2252,6.59,6.59,3.2800000000000002,49.77238239757208,False
E2253,4.81,4.81,1.1600000000000001,24.11642411642412,False
E2254,4.01,4.01,8.02,200.0,False
E2255,2.09,2.09,0.0,0.0,True
E2256,1.52,1.52,0.0,0.0,True
E2257,1.9699999999999998,1.9699999999999998,0.0,0.0,True
E2258,1.3599999999999999,1.3599999999999999,2.7199999999999998,200.00000000000003,False
E2259,4.1,4.1,1.0599999999999998,25.853658536585364,False
E226,4.41,4.41,0.58,13.15192743764172,True
E2260,14.23,14.23,28.46,200.0,False
E2261,0.78,0.78,0.8600000000000001,110.25641025641028,False
E2262,18.060000000000002,18.06,36.120000000000005,200.0,False
E2263,16.57,16.57,33.14,200.0,False
E2264,2.21,2.21,0.0,0.0,True
E2265,0.87,0.87,0.0,0.0,True
E2266,2.24,2.24,0.0,0.0,True
E2267,0.11,0.11,0.0,0.0,True
E2268,4.83,4.83,3.160000000000001,65.42443064182197,False
E2269,14.05,14.05,2.1599999999999997,15.373665480427043,True
E227,2.67,2.67,0.0,0.0,True
E2270,1.12,1.12,0.0,0.0,True
E2271,13.75,13.75,16.44,119.56363636363638,False
E2272,0.5,0.5,0.0,0.0,True
E2273,1.25,1.25,1.04,83.2,False
E2274,2.23,2.23,2.96,132.7354260089686,False
E2275,0.9500000000000001,0.9500000000000001,0.0,0.0,True
E2276,3.45,3.4499999999999997,2.2399999999999998,64.92753623188405,False
E2277,2.5300000000000002,2.5300000000000002,0.68,26.877470355731223,False
E2278,5.75,5.75,2.3200000000000003,40.34782608695652,False
E2279,3.13,3.13,0.0,0.0,True
E228,3.68,3.68,2.8,76.08695652173913,False
E2280,6.91,6.91,4.220000000000001,61.07091172214183,False
E2281,2.7800000000000002,2.7800000000000002,1.8200000000000003,65.46762589928058,False
E2282,1.14,1.14,1.4,122.80701754385966,False
E2283,0.9,0.9,1.8,200.0,False
E2284,16.11,16.11,17.72,109.99379267535693,False
E2285,2.57,2.57,1.1400000000000001,44.357976653696504,False
E2286,0.56,0.56,0.0,0.0,True
E2287,3.61,3.61,3.42,94.73684210526316,False
E2288,3.69,3.69,0.0,0.0,True
E2289,2.95,2.95,2.66,90.16949152542372,False
E229,9.040000000000001,9.040000000000001,2.5999999999999996,28.761061946902647,False
E2290,12.83,12.83,0.2600000000000008,2.0265003897116194,True
E2291,10.049999999999999,10.05,6.08,60.497512437810954,False
E2292,2.06,2.06,4.12,200.0,False
E2293,2.93,2.93,0.0,0.0,True
E2294,6.5600000000000005,6.5600000000000005,1.2599999999999998,19.207317073170724,True
E2295,1.27,1.27,1.04,81.88976377952756,False
E2296,2.91,2.91,5.82,200.0,False
E2297,3.7299999999999995,3.7299999999999995,2.34,62.73458445040215,False
E2298,13.989999999999998,13.99,0.9200000000000002,6.57612580414582,True
E2299,2.34,2.34,0.6600000000000001,28.20512820512821,False
E23,1.62,1.6199999999999999,1.1799999999999997,72.83950617283948,False
E230,1.44,1.44,0.0,0.0,True
E2300,2.79,2.79,0.0,0.0,True
E2301,0.93,0.93,0.0,0.0,True
E2302,14.29,14.29,28.58,200.0,False
E2303,16.1,16.099999999999998,0.6600000000000019,4.099378881987589,True
E2304,2.34,2.34,0.0,0.0,True
E2305,4.6899999999999995,4.6899999999999995,0.0,0.0,True
E2306,6.52,6.52,0.0,0.0,True
E2307,4.13,4.13,0.0,0.0,True
E2308,2.01,2.01,0.0,0.0,True
E2309,0.6799999999999999,0.6799999999999999,0.0,0.0,True
E231,2.07,2.07,0.0,0.0,True
E2310,0.7,0.7,0.64,91.42857142857143,False
E2311,6.04,6.04,9.76,161.58940397350995,False
E2312,4.6899999999999995,4.6899999999999995,0.0,0.0,True
E2313,6.75,6.75,10.16,150.5185185185185,False
E2314,2.14,2.14,0.0,0.0,True
E2315,1.71,1.71,1.2799999999999998,74.85380116959064,False
E2316,5.369999999999999,5.37,3.84,71.50837988826817,False
E2317,7.56,7.5600000000000005,1.9,25.132275132275133,False
E2318,18.33,18.33,1.1199999999999994,6.110201854882703,True
E2319,5.35,5.35,0.0,0.0,True
E232,0.41,0.41,0.0,0.0,True
E2320,1.88,1.88,0.54,28.72340425531915,False
E2321,1.56,0.98,2.54,162.82051282051282,False
E2322,2.2,2.2,0.0,0.0,True
E2323,4.1,4.1,2.9200000000000004,71.21951219512196,False
E2324,27.14,27.14,5.740000000000001,21.149594694178337,False
E2325,3.28,3.28,2.3,70.12195121951218,False
E2326,12.120000000000001,12.119999999999997,2.679999999999999,22.112211221122102,False
E2327,5.109999999999999,5.109999999999999,0.8599999999999997,16.829745596868882,True
E2328,2.5500000000000003,2.55,1.8199999999999998,71.37254901960783,False
E2329,0.84,0.84,0.0,0.0,True
E233,9.120000000000001,9.12,7.4399999999999995,81.57894736842104,False
E2330,2.8800000000000003,2.88,0.9400000000000003,32.63888888888889,False
E2331,1.7300000000000002,1.7300000000000002,0.54,31.213872832369937,False
E2332,7.5200000000000005,7.5200000000000005,6.88,91.48936170212765,False
E2333,1.33,1.33,0.5,37.59398496240601,False
E2334,1.37,1.37,1.7200000000000002,125.54744525547446,False
E2335,2.08,2.08,4.16,200.0,False
E2336,6.34,6.34,2.76,43.53312302839117,False
E2337,3.66,3.6599999999999997,1.1599999999999997,31.693989071038242,False
E2338,6.35,6.35,3.86,60.787401574803155,False
E2339,2.42,2.42,0.0,0.0,True
E234,6.94,6.89,0.6500000000000007,9.365994236311248,True
E2340,7.75,7.75,2.24,28.903225806451616,False
E2341,6.96,6.96,5.859999999999999,84.19540229885058,False
E2342,6.279999999999999,6.28,6.779999999999999,107.96178343949043,False
E2343,3.41,3.41,1.72,50.43988269794721,False
E2344,1.83,1.83,2.46,134.4262295081967,False
E2345,1.95,1.9500000000000002,0.6799999999999998,34.87179487179487,False
E2346,8.600000000000001,8.6,9.24,107.44186046511626,False
E2347,2.2199999999999998,2.2199999999999998,0.0,0.0,True
E2348,2.74,2.74,4.12,150.36496350364962,False
E2349,1.48,1.48,2.96,200.0,False
E235,11.62,11.620000000000001,16.82,144.75043029259896,False
E2350,2.05,2.05,0.0,0.0,True
E2351,3.05,3.05,1.1399999999999997,37.37704918032786,False
E2352,2.58,2.58,0.0,0.0,True
E2353,1.68,1.68,0.0,0.0,True
E2354,1.05,1.05,0.0,0.0,True
E2355,4.62,4.62,2.1400000000000006,46.32034632034633,False
E2356,0.63,0.63,0.0,0.0,True
E2357,0.8800000000000001,0.8800000000000001,0.0,0.0,True
E2358,1.1099999999999999,1.1099999999999999,0.0,0.0,True
E2359,2.01,2.01,0.0,0.0,True
E236,1.81,1.81,1.06,58.56353591160221,False
E2360,0.76,0.76,0.0,0.0,True
E2361,0.86,0.86,0.0,0.0,True
E2362,4.55,4.55,0.0,0.0,True
E2363,2.33,2.33,0.0,0.0,True
E2364,4.76,4.76,9.52,200.0,False
E2365,2.34,2.34,2.16,92.3076923076923,False
E2366,1.08,1.08,0.4400000000000001,40.740740740740755,False
E2367,3.14,3.14,0.0,0.0,True
E2368,1.59,1.59,0.6200000000000001,38.99371069182391,False
E2369,1.6800000000000002,1.6800000000000002,0.0,0.0,True
E237,7.1,7.1,1.7399999999999998,24.507042253521124,False
E2370,2.19,2.19,0.0,0.0,True
E2371,2.84,2.84,0.0,0.0,True
E2372,0.79,0.79,0.0,0.0,True
E2373,1.5699999999999998,1.5699999999999998,0.7,44.5859872611465,False
E2374,1.03,1.03,0.0,0.0,True
E2375,1.69,1.69,0.0,0.0,True
E2376,2.74,2.74,1.86,67.88321167883211,False
E2377,0.69,0.69,0.6399999999999999,92.7536231884058,False
E2378,0.9,0.9,0.0,0.0,True
E2379,1.51,1.51,0.18000000000000008,11.920529801324507,True
E238,0.96,0.96,0.0,0.0,True
E2380,0.93,0.93,0.0,0.0,True
E2381,0.6299999999999999,0.63,0.11999999999999994,19.047619047619044,True
E2382,2.08,2.08,0.0,0.0,True
E2383,1.74,1.74,0.96,55.17241379310345,False
E2384,2.6900000000000004,2.69,1.44,53.53159851301115,False
E2385,2.8,2.8,1.3600000000000003,48.571428571428584,False
E2386,2.06,2.06,1.0,48.543689320388346,False
E2387,5.35,5.35,2.2999999999999994,42.99065420560747,False
E2388,1.08,1.08,0.56,51.851851851851855,False
E2389,2.8699999999999997,2.87,3.8999999999999995,135.8885017421603,False
E239,2.51,2.51,1.2200000000000002,48.605577689243034,False
E2390,10.280000000000001,10.280000000000001,5.860000000000001,57.00389105058366,False
E2391,1.1800000000000002,1.1800000000000002,0.32000000000000006,27.118644067796613,False
E2392,1.99,1.99,0.0,0.0,True
E2393,1.6,1.6,0.0,0.0,True
E2394,3.25,3.25,0.0,0.0,True
E2395,1.73,1.73,0.6200000000000001,35.83815028901735,False
E2396,4.59,4.59,3.2800000000000002,71.45969498910675,False
E2397,0.8200000000000001,0.8200000000000001,0.28,34.146341463414636,False
E2398,1.32,1.32,0.0,0.0,True
E2399,0.37,0.37,0.0,0.0,True
E24,2.37,2.37,1.54,64.9789029535865,False
E240,1.11,1.11,2.22,200.0,False
E2400,1.07,1.07,0.0,0.0,True
E2401,0.84,0.84,0.1,11.904761904761905,True
E2402,0.9299999999999999,0.9299999999999999,0.0,0.0,True
E2403,1.4800000000000002,1.48,2.34,158.1081081081081,False
E2404,0.63,0.63,0.0,0.0,True
E2405,0.53,0.53,0.0,0.0,True
E2406,10.270000000000001,10.27,0.4399999999999985,4.284323271665029,True
E2407,9.47,9.47,5.140000000000001,54.2766631467793,False
E2408,0.6400000000000001,0.6400000000000001,0.14,21.875,False
E2409,2.5700000000000003,2.5700000000000003,0.0,0.0,True
E241,1.81,1.81,0.0,0.0,True
E2410,2.1799999999999997,2.18,0.7799999999999999,35.77981651376147,False
E2411,3.4000000000000004,3.4,1.5999999999999999,47.05882352941176,False
E2412,1.51,1.51,0.14,9.271523178807948,True
E2413,0.99,0.99,0.6199999999999999,62.626262626262616,False
E2414,3.7,3.6999999999999997,3.4799999999999995,94.05405405405403,False
E2415,1.6400000000000001,1.6400000000000001,0.0,0.0,True
E2416,1.1,1.1,0.8800000000000001,80.0,False
E2417,1.4300000000000002,1.4300000000000002,0.4,27.97202797202797,False
E2418,4.33,4.33,8.66,200.0,False
E2419,1.54,1.54,1.06,68.83116883116882,False
E242,1.67,1.67,2.16,129.34131736526948,False
E2420,0.63,0.63,0.0,0.0,True
E2421,1.87,1.8699999999999999,1.0399999999999998,55.61497326203207,False
E2422,1.3,1.3,0.0,0.0,True
E2423,7.41,7.41,5.5,74.22402159244264,False
E2424,2.29,2.29,1.2799999999999998,55.895196506550214,False
E2425,2.1399999999999997,2.1399999999999997,0.7399999999999999,34.57943925233645,False
E2426,1.03,1.03,0.0,0.0,True
E2427,2.0,2.0,0.0,0.0,True
E2428,0.69,0.69,0.0,0.0,True
E2429,7.35,7.35,1.34,18.231292517006803,True
E243,3.51,3.51,0.0,0.0,True
E2430,0.84,0.84,0.0,0.0,True
E2431,0.8600000000000001,0.86,0.10000000000000005,11.62790697674419,True
E2432,1.06,1.06,0.0,0.0,True
E2433,1.8199999999999998,1.82,0.0799999999999998,4.395604395604384,True
E2434,1.37,1.37,0.0,0.0,True
E2435,2.33,2.33,1.94,83.2618025751073,False
E2436,1.18,1.18,0.0,0.0,True
E2437,2.94,2.94,5.88,200.0,False
E2438,0.6,0.6,0.0,0.0,True
E2439,6.77,6.77,0.7599999999999999,11.22599704579025,True
E244,3.88,3.88,2.84,73.19587628865979,False
E2440,3.12,3.12,0.0,0.0,True
E2441,3.23,3.23,0.0,0.0,True
E2442,0.68,0.68,0.0,0.0,True
E2443,2.67,2.6700000000000004,1.86,69.66292134831461,False
E2444,1.1,1.1,0.10000000000000005,9.090909090909095,True
E2445,1.31,1.31,0.08,6.106870229007633,True
E2446,1.6400000000000001,1.6400000000000001,3.2800000000000002,199.99999999999997,False
E2447,0.2,0.2,0.0,0.0,True
E2448,0.77,0.77,0.0,0.0,True
E2449,1.24,1.24,0.64,51.612903225806456,False
E245,23.130000000000003,23.13,7.339999999999999,31.733679204496315,False
E2450,3.23,3.23,1.1400000000000001,35.294117647058826,False
E2451,1.8,1.8,1.12,62.22222222222223,False
E2452,1.8100000000000003,1.81,0.4400000000000002,24.309392265193377,False
E2453,1.7100000000000002,1.7100000000000002,0.0,0.0,True
E2454,3.21,3.21,1.38,42.99065420560748,False
E2455,1.46,1.46,0.6600000000000001,45.2054794520548,False
E2456,0.62,0.62,0.0,0.0,True
E2457,0.85,0.85,0.5799999999999998,68.23529411764704,False
E2458,1.19,1.19,1.5,126.05042016806723,False
E2459,5.24,5.24,8.32,158.77862595419847,False
E246,5.95,5.95,0.0,0.0,True
E2460,34.21,34.21,68.42,200.0,False
E2461,3.79,3.79,3.84,101.31926121372031,False
E2462,4.130000000000001,4.13,3.28,79.4188861985472,False
E2463,1.27,1.27,0.0,0.0,True
E2464,0.9,0.9,0.0,0.0,True
E2465,2.05,2.05,0.0,0.0,True
E2466,0.76,0.76,0.0,0.0,True
E2467,2.73,2.73,0.0,0.0,True
E2468,2.75,2.75,2.2199999999999998,80.72727272727272,False
E2469,2.69,2.69,0.52,19.33085501858736,True
E247,3.9699999999999998,3.97,0.2799999999999997,7.052896725440799,True
E2470,0.94,0.94,0.0,0.0,True
E2471,11.41,11.41,0.3,2.629272567922875,True
E2472,10.239999999999998,10.24,12.62,123.24218750000001,False
E2473,3.7199999999999998,3.7199999999999998,6.34,170.43010752688173,False
E2474,9.969999999999999,9.969999999999999,5.16,51.755265797392184,False
E2475,0.63,0.63,0.0,0.0,True
E2476,2.01,2.01,2.42,120.39800995024876,False
E2477,0.65,0.65,0.0,0.0,True
E2478,0.76,0.76,0.0,0.0,True
E2479,1.3599999999999999,1.3599999999999999,1.08,79.41176470588236,False
E248,5.22,5.22,0.0,0.0,True
E2480,7.06,7.0600000000000005,5.8999999999999995,83.56940509915015,False
E2481,4.11,4.11,0.8599999999999997,20.924574209245733,False
E2482,1.02,1.02,0.0,0.0,True
E2483,1.48,1.48,0.0,0.0,True
E2484,3.21,3.21,2.1399999999999997,66.66666666666666,False
E2485,3.01,3.01,1.58,52.49169435215947,False
E2486,2.87,2.87,0.6600000000000001,22.996515679442513,False
E2487,3.3,3.3,0.0,0.0,True
E2488,1.88,1.8800000000000001,0.58,30.851063829787233,False
E2489,2.5199999999999996,2.5199999999999996,1.46,57.936507936507944,False
E249,2.02,2.02,1.3599999999999999,67.32673267326733,False
E2490,3.4699999999999998,3.47,2.74,78.96253602305477,False
E2491,1.08,1.08,0.21999999999999997,20.370370370370367,False
E2492,7.48,7.48,2.119999999999999,28.3422459893048,False
E2493,1.19,1.19,0.14000000000000007,11.764705882352947,True
E2494,0.98,0.98,0.0,0.0,True
E2495,2.5,2.5,0.6799999999999999,27.2,False
E2496,2.87,2.87,0.6200000000000002,21.602787456446,False
E2497,4.48,4.48,2.96,66.07142857142857,False
E2498,4.36,4.36,3.24,74.31192660550458,False
E2499,1.0,1.0,0.0,0.0,True
E25,3.6399999999999997,3.6399999999999997,1.6399999999999997,45.05494505494505,False
E250,3.14,3.14,1.2999999999999998,41.40127388535031,False
E2500,3.08,3.08,1.6,51.94805194805195,False
E2501,8.0,8.0,6.28,78.5,False
E2502,0.43000000000000005,0.43,0.78,181.39534883720927,False
E2503,1.21,1.2099999999999997,0.7199999999999999,59.504132231404945,False
E2504,4.7,4.7,6.34,134.89361702127658,False
E2505,1.42,1.42,0.0,0.0,True
E2506,1.03,1.03,0.94,91.26213592233009,False
E2507,5.76,5.76,1.0600000000000003,18.402777777777782,True
E2509,1.07,1.07,0.10000000000000009,9.345794392523372,True
E251,3.38,3.38,1.24,36.68639053254438,False
E2510,0.66,0.66,0.0,0.0,True
E2511,6.47,6.47,3.900000000000001,60.27820710973726,False
E2512,0.46,0.46,0.0,0.0,True
E2513,3.6799999999999997,3.6799999999999997,2.8599999999999994,77.71739130434781,False
E2514,2.45,2.45,1.02,41.63265306122449,False
E2515,1.3199999999999998,1.32,0.36,27.272727272727277,False
E2516,3.01,3.01,2.5,83.05647840531562,False
E2517,1.22,1.22,0.0,0.0,True
E2518,4.529999999999999,4.07,6.76,149.22737306843268,False
E2519,0.6,0.6,0.0,0.0,True
E252,2.14,2.14,2.74,128.0373831775701,False
E2520,3.55,3.55,0.0,0.0,True
E2521,9.129999999999999,9.129999999999999,2.0200000000000005,22.12486308871852,False
E2522,2.4699999999999998,2.4699999999999998,1.5799999999999998,63.967611336032384,False
E2523,1.1400000000000001,1.1400000000000001,0.0,0.0,True
E2524,9.46,9.459999999999999,11.419999999999998,120.71881606765324,False
E2525,4.31,4.31,8.62,200.0,False
E2526,1.95,1.9500000000000002,0.8800000000000001,45.12820512820514,False
E2527,1.18,1.18,0.0,0.0,True
E2528,3.83,3.83,2.34,61.09660574412533,False
E2529,1.04,1.04,0.0,0.0,True
E253,3.04,3.04,3.7800000000000002,124.34210526315789,False
E2530,3.5900000000000003,3.59,2.98,83.00835654596099,False
E2531,2.63,2.63,0.56,21.292775665399244,False
E2532,0.51,0.51,0.0,0.0,True
E2533,0.51,0.51,0.0,0.0,True
E2534,0.81,0.81,0.0,0.0,True
E2535,1.08,1.08,0.0,0.0,True
E2536,0.37,0.37,0.0,0.0,True
E2537,0.78,0.78,0.0,0.0,True
E2538,0.52,0.52,0.0,0.0,True
E2539,0.45,0.45,0.0,0.0,True
E254,2.9699999999999998,2.9699999999999998,0.0,0.0,True
E2540,5.42,5.42,0.2400000000000001,4.428044280442807,True
E2541,7.62,7.62,7.1,93.1758530183727,False
E2542,2.13,2.13,1.46,68.54460093896714,False
E2543,1.38,1.38,0.0,0.0,True
E2544,0.77,0.77,0.52,67.53246753246754,False
E2545,2.93,2.93,0.0,0.0,True
E2546,2.47,2.47,0.0,0.0,True
E2547,2.88,2.88,3.54,122.91666666666667,False
E2548,1.12,1.12,0.0,0.0,True
E2549,1.44,1.44,2.88,200.0,False
E255,13.4,13.399999999999999,15.02,112.08955223880596,False
E2550,1.98,1.98,2.0,101.01010101010101,False
E2551,5.06,5.06,3.0999999999999996,61.264822134387344,False
E2552,1.2,1.2,0.0,0.0,True
E2553,2.2199999999999998,2.2199999999999998,0.0,0.0,True
E2554,2.01,2.01,0.0,0.0,True
E2555,6.83,6.83,0.74,10.834553440702782,True
E2556,0.44,0.44,0.0,0.0,True
E2557,0.76,0.76,0.0,0.0,True
E2558,1.1099999999999999,1.1099999999999999,0.41999999999999993,37.83783783783784,False
E2559,1.12,1.12,0.92,82.14285714285714,False
E256,11.620000000000001,11.620000000000001,5.819999999999999,50.08605851979345,False
E2560,2.4899999999999998,2.49,0.07999999999999957,3.212851405622473,True
E2561,0.98,0.98,0.28000000000000014,28.571428571428587,False
E2562,1.46,1.46,1.02,69.86301369863014,False
E2563,0.82,0.82,0.30000000000000004,36.585365853658544,False
E2564,8.81,8.81,6.5600000000000005,74.46083995459705,False
E2565,1.1099999999999999,1.1099999999999999,0.0,0.0,True
E2566,1.62,1.62,0.12000000000000005,7.40740740740741,True
E2567,1.52,1.52,0.0,0.0,True
E2568,1.52,1.52,0.6799999999999999,44.73684210526316,False
E2569,1.51,1.51,0.2000000000000001,13.245033112582789,True
E257,11.66,9.979999999999999,3.9399999999999995,33.79073756432246,False
E2570,0.96,0.96,0.0,0.0,True
E2571,2.75,2.75,1.3000000000000003,47.27272727272728,False
E2572,1.66,1.66,2.28,137.34939759036143,False
E2573,1.83,1.8299999999999998,2.0,109.2896174863388,False
E2574,2.89,2.89,1.62,56.055363321799305,False
E2575,1.8599999999999999,1.86,3.72,200.0,False
E2576,2.5,2.5,1.08,43.2,False
E2577,1.7000000000000002,1.7000000000000002,0.0,0.0,True
E2578,3.66,3.66,0.0,0.0,True
E2579,1.5,1.5,1.06,70.66666666666667,False
E258,11.55,11.55,5.279999999999999,45.7142857142857,False
E2580,3.48,3.4799999999999995,2.42,69.54022988505747,False
E2581,2.37,2.37,0.0,0.0,True
E2582,1.77,1.77,0.0,0.0,True
E2583,2.29,2.29,1.6400000000000001,71.61572052401746,False
E2584,1.81,1.81,0.0,0.0,True
E2585,4.16,4.16,1.78,42.78846153846154,False
E2586,1.44,1.44,0.0,0.0,True
E2587,2.0,2.0,0.0,0.0,True
E2588,3.2800000000000002,3.2800000000000002,1.2400000000000002,37.804878048780495,False
E2589,0.95,0.95,0.0,0.0,True
E259,8.33,8.33,4.78,57.382953181272505,False
E2590,1.33,1.33,0.0,0.0,True
E2591,21.67,21.669999999999998,33.88,156.34517766497464,False
E2592,147.82,147.82,102.1,69.07049113787039,False
E2593,3.02,3.02,0.0,0.0,True
E2594,2.0,2.0,0.45999999999999996,23.0,False
E2595,1.11,1.1099999999999999,0.5199999999999998,46.84684684684682,False
E2596,1.25,1.25,0.0,0.0,True
E2597,0.8700000000000001,0.8700000000000001,0.10000000000000003,11.494252873563221,True
E2598,0.43,0.43,0.0,0.0,True
E2599,1.2,1.2,0.0,0.0,True
E26,0.9,0.9,0.0,0.0,True
E260,7.3,7.3,5.779999999999999,79.1780821917808,False
E2600,0.56,0.56,0.0,0.0,True
E2601,2.73,2.73,0.0,0.0,True
E2602,0.69,0.69,0.0,0.0,True
E2603,6.0600000000000005,6.0600000000000005,2.08,34.32343234323432,False
E2604,5.02,5.02,0.0,0.0,True
E2605,5.16,5.16,0.0,0.0,True
E2607,3.0700000000000003,3.0700000000000003,2.0600000000000005,67.10097719869708,False
E2608,16.06,15.66,11.02,68.61768368617685,False
E2609,1.85,1.85,0.0,0.0,True
E261,18.6,18.6,6.74,36.236559139784944,False
E2610,2.03,2.03,0.0,0.0,True
E2611,2.47,2.47,2.9400000000000004,119.02834008097167,False
E2612,2.29,2.29,4.580000000000001,200.00000000000006,False
E2613,0.83,0.83,1.66,200.0,False
E2614,1.0,1.0,0.0,0.0,True
E2615,2.58,2.58,3.18,123.25581395348837,False
E2616,8.04,8.04,0.0,0.0,True
E2617,9.959999999999999,9.96,8.4,84.33734939759037,False
E2618,0.62,0.62,0.0,0.0,True
E2619,3.0999999999999996,3.0999999999999996,2.1399999999999997,69.03225806451613,False
E262,1.06,1.06,0.36000000000000004,33.962264150943405,False
E2620,3.1399999999999997,3.1399999999999997,0.0,0.0,True
E2621,0.84,0.84,0.0,0.0,True
E2622,6.6,6.6,2.0399999999999996,30.909090909090907,False
E2623,2.09,2.09,4.18,200.0,False
E2624,1.54,1.54,0.28000000000000014,18.18181818181819,True
E2625,0.49,0.49,0.28,57.14285714285715,False
E2626,8.559999999999999,8.56,6.240000000000001,72.89719626168227,False
E2627,4.93,4.93,3.32,67.34279918864098,False
E2628,7.24,7.24,0.0,0.0,True
E2629,7.83,7.830000000000001,4.84,61.81353767560664,False
E263,9.01,9.01,5.799999999999999,64.37291897891231,False
E2630,2.1500000000000004,2.1500000000000004,0.0,0.0,True
E2631,3.21,3.2100000000000004,1.4,43.613707165109034,False
E2632,12.600000000000001,12.600000000000001,0.0,0.0,True
E2633,3.0100000000000002,3.0100000000000002,1.7,56.478405315614616,False
E2634,0.56,0.56,0.0,0.0,True
E2635,6.41,6.41,4.5,70.20280811232449,False
E2636,2.51,2.5100000000000002,0.9200000000000002,36.65338645418328,False
E2637,2.1100000000000003,2.1100000000000003,1.0200000000000002,48.341232227488156,False
E2638,0.6699999999999999,0.6699999999999999,0.0,0.0,True
E2639,10.24,10.24,4.34,42.3828125,False
E264,6.28,5.790000000000001,9.99,159.0764331210191,False
E2640,0.78,0.78,0.0,0.0,True
E2641,3.83,3.83,1.4800000000000002,38.64229765013056,False
E2642,3.7,3.7,1.04,28.108108108108105,False
E2643,0.6,0.6,1.2,200.0,False
E2644,1.53,1.53,0.18000000000000008,11.764705882352946,True
E2645,1.44,1.44,0.0,0.0,True
E2646,1.12,1.12,0.0,0.0,True
E2647,1.94,1.94,1.9599999999999997,101.03092783505153,False
E2648,1.99,1.99,0.0,0.0,True
E2649,1.4200000000000002,1.42,0.38000000000000006,26.760563380281692,False
E265,7.1899999999999995,7.1899999999999995,5.059999999999999,70.37552155771904,False
E2650,2.31,2.31,0.0,0.0,True
E2651,1.62,1.62,0.0,0.0,True
E2652,6.16,6.16,8.120000000000001,131.81818181818184,False
E2653,1.07,1.07,0.0,0.0,True
E2654,2.8800000000000003,2.88,3.1000000000000005,107.6388888888889,False
E2655,0.83,0.83,0.0,0.0,True
E2656,0.85,0.85,0.0,0.0,True
E2657,1.4700000000000002,1.4700000000000002,0.0,0.0,True
E2658,4.0600000000000005,4.0600000000000005,4.62,113.79310344827584,False
E2659,6.57,6.57,2.8000000000000003,42.6179604261796,False
E266,2.5900000000000003,2.59,5.18,199.99999999999997,False
E2660,1.72,1.72,0.0,0.0,True
E2661,1.19,1.19,1.0,84.03361344537815,False
E2662,1.47,1.4700000000000002,0.44,29.931972789115648,False
E2663,9.01,9.010000000000002,8.02,89.01220865704772,False
E2664,1.94,1.94,1.0599999999999998,54.63917525773195,False
E2665,7.0200000000000005,6.49,0.8899999999999999,12.678062678062675,True
E2666,1.6400000000000001,1.6400000000000001,0.1600000000000001,9.756097560975613,True
E2667,1.22,1.22,0.0,0.0,True
E2668,5.29,5.29,0.0,0.0,True
E2669,4.82,4.82,0.9800000000000002,20.331950207468882,False
E267,7.0,7.0,7.46,106.57142857142857,False
E2670,1.2,1.2,0.0,0.0,True
E2671,7.05,7.05,3.3399999999999994,47.37588652482269,False
E2672,0.7999999999999999,0.7999999999999999,1.5999999999999999,200.00000000000003,False
E2673,0.99,0.99,0.0,0.0,True
E2674,4.1,4.1,0.0,0.0,True
E2675,4.68,4.68,1.04,22.222222222222225,False
E2676,0.53,0.53,0.0,0.0,True
E2677,1.64,1.64,0.0,0.0,True
E2678,1.27,1.27,0.0,0.0,True
E2679,5.16,5.16,0.56,10.852713178294575,True
E268,5.0600000000000005,5.0600000000000005,1.0199999999999998,20.158102766798415,False
E2680,1.7100000000000002,1.71,1.0599999999999998,61.98830409356724,False
E2681,1.05,1.05,0.0,0.0,True
E2682,0.9199999999999999,0.9199999999999999,0.0,0.0,True
E2683,0.39,0.39,0.0,0.0,True
E2684,0.8,0.8,0.0,0.0,True
E2685,0.64,0.64,0.0,0.0,True
E2686,2.24,2.24,3.0000000000000004,133.92857142857144,False
E2687,1.48,1.48,0.28,18.918918918918923,True
E2688,3.5300000000000002,3.5300000000000002,4.0600000000000005,115.01416430594902,False
E2689,2.9800000000000004,2.98,0.2199999999999998,7.382550335570463,True
E269,15.62,15.620000000000001,8.24,52.752880921895006,False
E2690,1.02,1.02,0.31999999999999995,31.37254901960784,False
E2691,3.55,3.55,1.8799999999999997,52.95774647887323,False
E2692,4.140000000000001,4.140000000000001,3.0000000000000004,72.46376811594203,False
E2693,6.18,6.18,1.2599999999999998,20.388349514563103,False
E2694,2.57,2.57,0.7599999999999998,29.571984435797656,False
E2695,1.39,1.39,0.0,0.0,True
E2696,7.65,7.65,9.2,120.26143790849672,False
E2697,2.5,2.5,0.0,0.0,True
E2698,4.5,4.5,0.7599999999999999,16.888888888888886,True
E2699,6.16,6.159999999999999,0.7000000000000005,11.363636363636372,True
E27,4.23,4.23,2.1000000000000005,49.64539007092199,False
E270,1.25,1.25,0.0,0.0,True
E2700,1.7,1.7,3.4,200.0,False
E2701,0.52,0.52,0.0,0.0,True
E2702,0.32,0.32,0.0,0.0,True
E2703,1.02,1.02,0.0,0.0,True
E2704,0.95,0.95,0.0,0.0,True
E2705,1.67,1.67,2.36,141.31736526946108,False
E2706,8.32,8.32,0.0,0.0,True
E2707,5.18,5.18,2.16,41.698841698841704,False
E2708,2.7300000000000004,2.73,2.7800000000000002,101.83150183150181,False
E2709,1.55,1.55,3.1,200.0,False
E271,3.18,3.1799999999999997,0.8599999999999999,27.0440251572327,False
E2710,2.41,2.41,0.0,0.0,True
E2711,1.06,1.06,0.0,0.0,True
E2712,11.379999999999999,11.379999999999999,13.68,120.21089630931459,False
E2713,4.220000000000001,4.220000000000001,0.0,0.0,True
E2714,3.2300000000000004,3.2300000000000004,1.0200000000000002,31.57894736842106,False
E2715,12.43,12.43,10.379999999999999,83.5076427996782,False
E2716,2.89,2.8899999999999997,0.5600000000000003,19.377162629757795,True
E2717,0.28,0.28,0.56,200.0,False
E2718,1.62,1.62,1.7600000000000002,108.64197530864199,False
E2719,11.86,11.860000000000001,1.919999999999999,16.18887015177065,True
E272,7.9,7.9,0.5199999999999998,6.582278481012655,True
E2720,0.65,0.65,0.0,0.0,True
E2721,1.71,1.7100000000000002,0.5599999999999998,32.7485380116959,False
E2722,7.12,7.119999999999999,13.54,190.1685393258427,False
E2723,1.5499999999999998,1.5499999999999998,1.32,85.16129032258065,False
E2724,4.26,4.26,2.5,58.68544600938967,False
E2725,2.87,2.87,1.88,65.50522648083623,False
E2726,1.68,1.6800000000000002,0.58,34.52380952380952,False
E2727,2.34,2.34,1.2599999999999998,53.84615384615384,False
E2728,3.6200000000000006,3.6200000000000006,1.3400000000000003,37.01657458563536,False
E2729,0.61,0.61,0.0,0.0,True
E2730,1.04,1.04,0.0,0.0,True
E2731,0.44,0.44,0.040000000000000036,9.090909090909099,True
E2732,0.7,0.7,0.0,0.0,True
E2733,7.710000000000001,7.71,6.299999999999999,81.71206225680932,False
E2734,4.58,4.58,0.0,0.0,True
E2735,0.35,0.35,0.0,0.0,True
E2736,1.1,1.1,0.0,0.0,True
E2737,2.18,2.18,0.0,0.0,True
E2738,16.169999999999998,16.17,9.339999999999998,57.761286332714896,False
E2739,1.1,1.1,0.0,0.0,True
E274,8.59,8.59,13.86,161.35040745052387,False
E2740,0.84,0.84,0.0,0.0,True
E2741,0.94,0.94,0.0,0.0,True
E2742,7.61,7.61,4.640000000000001,60.97240473061761,False
E2743,21.35,21.35,0.0,0.0,True
E2744,2.8600000000000003,2.8600000000000003,0.0,0.0,True
E2745,3.66,3.66,2.3,62.8415300546448,False
E2746,0.41,0.41,0.0,0.0,True
E2747,1.55,1.55,0.0,0.0,True
E2748,1.9500000000000002,1.9500000000000002,0.0,0.0,True
E2749,3.48,3.48,2.16,62.06896551724138,False
E275,6.52,6.52,6.02,92.33128834355828,False
E2750,5.05,5.05,0.9599999999999993,19.009900990098995,True
E2751,7.31,7.3100000000000005,4.42,60.46511627906977,False
E2752,0.17,0.17,0.0,0.0,True
E2753,3.6,3.6,3.96,110.0,False
E2754,0.9299999999999999,0.9299999999999999,1.5,161.29032258064518,False
E2755,0.75,0.75,0.0,0.0,True
E2756,1.12,1.12,0.4,35.71428571428571,False
E2757,2.0599999999999996,2.06,0.96,46.60194174757282,False
E2758,1.44,1.44,0.0,0.0,True
E2759,4.05,4.05,3.2199999999999998,79.50617283950618,False
E276,4.72,4.720000000000001,9.440000000000001,200.00000000000003,False
E2760,1.3199999999999998,1.3199999999999998,0.0,0.0,True
E2761,3.17,3.17,3.5,110.41009463722398,False
E2762,7.2,7.2,0.0,0.0,True
E2763,1.01,1.01,0.0,0.0,True
E2764,2.39,2.39,0.0,0.0,True
E2765,1.0,1.0,0.36,36.0,False
E2766,24.179999999999996,24.179999999999996,1.7600000000000007,7.278742762613734,True
E2767,1.15,1.15,0.6599999999999999,57.39130434782608,False
E2768,4.23,4.2299999999999995,2.3599999999999994,55.79196217494088,False
E2769,0.62,0.62,0.9,145.16129032258064,False
E277,13.530000000000001,13.530000000000001,4.779999999999999,35.32889874353288,False
E2770,0.97,0.97,0.0,0.0,True
E2771,4.8100000000000005,4.8100000000000005,5.74,119.33471933471932,False
E2772,1.74,1.74,0.2000000000000001,11.494252873563225,True
E2773,3.16,3.16,0.0,0.0,True
E2774,1.6,1.6,0.76,47.5,False
E2775,3.29,3.2899999999999996,4.64,141.03343465045592,False
E2776,1.3599999999999999,1.3599999999999999,0.82,60.294117647058826,False
E2777,3.32,3.32,0.0,0.0,True
E2778,0.53,0.53,0.0,0.0,True
E2779,4.35,4.35,0.0,0.0,True
E278,19.29,18.509999999999998,20.8,107.82789009849664,False
E2780,1.68,1.68,0.10000000000000005,5.952380952380956,True
E2781,1.1,1.1,0.5599999999999998,50.90909090909089,False
E2782,1.03,1.03,0.0,0.0,True
E2783,4.35,4.35,1.68,38.62068965517242,False
E2784,9.58,9.58,3.0599999999999996,31.941544885177446,False
E2785,1.46,1.46,0.0,0.0,True
E2786,6.700000000000001,6.4,9.120000000000001,136.11940298507463,False
E2787,3.67,3.67,0.0,0.0,True
E2788,1.2,1.2,0.0,0.0,True
E2789,6.58,6.58,6.699999999999999,101.82370820668692,False
E279,2.2199999999999998,2.2199999999999998,0.0,0.0,True
E2790,2.48,2.48,4.96,200.0,False
E2791,4.11,4.109999999999999,0.4599999999999995,11.192214111922128,True
E2792,1.82,1.82,0.0,0.0,True
E2793,1.54,1.54,0.0,0.0,True
E2794,3.99,3.99,0.0,0.0,True
E2795,1.07,1.07,0.0,0.0,True
E2796,1.1,1.1,0.0,0.0,True
E2797,2.83,2.83,1.38,48.763250883392224,False
E2798,5.15,5.15,0.8800000000000004,17.087378640776706,True
E2799,1.5899999999999999,1.5899999999999999,0.6199999999999999,38.99371069182389,False
E28,1.55,1.55,1.56,100.64516129032258,False
E280,0.43000000000000005,0.43000000000000005,0.0,0.0,True
E2800,8.66,8.66,7.340000000000001,84.75750577367207,False
E2801,1.1600000000000001,1.1600000000000001,0.0,0.0,True
E2802,0.93,0.93,0.0,0.0,True
E2803,0.96,0.96,0.0,0.0,True
E2804,2.9,2.9,0.0,0.0,True
E2805,4.14,4.14,0.0,0.0,True
E2806,0.6,0.6,0.84,140.0,False
E2807,0.66,0.6599999999999999,0.2000000000000001,30.30303030303032,False
E2808,3.48,3.48,0.4199999999999999,12.068965517241375,True
E2809,0.8400000000000001,0.8400000000000001,0.6200000000000001,73.80952380952382,False
E281,5.319999999999999,5.319999999999999,2.1799999999999997,40.97744360902256,False
E2810,0.4,0.4,0.0,0.0,True
E2811,1.6300000000000001,1.63,0.6400000000000001,39.2638036809816,False
E2812,1.83,1.83,0.0,0.0,True
E2815,6.82,6.819999999999999,4.2,61.583577712609966,False
E2816,1.5899999999999999,1.59,0.8200000000000001,51.572327044025165,False
E2817,7.92,7.92,5.640000000000001,71.21212121212122,False
E2818,0.22000000000000003,0.22000000000000003,0.0,0.0,True
E2819,10.129999999999999,10.129999999999999,1.259999999999999,12.438302073050336,True
E282,23.81,23.81,0.7599999999999991,3.191936161276771,True
E2820,4.98,4.98,6.36,127.71084337349396,False
E2821,22.31,22.310000000000002,39.38,176.5127745405648,False
E2822,3.3200000000000003,3.3200000000000003,1.0200000000000002,30.722891566265066,False
E2823,3.24,3.24,2.78,85.80246913580247,False
E2824,2.31,2.3099999999999996,0.78,33.76623376623377,False
E2825,0.55,0.55,1.1,200.0,False
E2826,3.79,3.79,2.84,74.93403693931398,False
E2827,6.9399999999999995,6.94,5.5200000000000005,79.53890489913545,False
E2828,2.44,2.44,1.2399999999999998,50.81967213114753,False
E2829,1.22,1.22,0.52,42.622950819672134,False
E283,2.13,2.13,1.3399999999999999,62.91079812206573,False
E2830,2.45,2.45,2.04,83.26530612244898,False
E2831,2.17,2.17,0.0,0.0,True
E2832,0.45,0.45,0.0,0.0,True
E2833,0.44,0.44,0.0,0.0,True
E2834,8.61,8.61,17.22,200.0,False
E2835,2.89,2.89,5.78,200.0,False
E2836,6.54,6.54,0.0,0.0,True
E2837,2.18,2.1799999999999997,0.8799999999999999,40.36697247706421,False
E2838,1.9100000000000001,1.91,0.5200000000000002,27.225130890052366,False
E2839,33.82,33.82,56.08,165.81904198698996,False
E284,6.39,6.390000000000001,6.92,108.29420970266041,False
E2840,0.8,0.8,0.6400000000000001,80.00000000000001,False
E2841,3.0199999999999996,3.02,1.3200000000000003,43.708609271523194,False
E2842,2.85,2.85,0.0,0.0,True
E2843,8.2,8.2,4.359999999999999,53.170731707317074,False
E2844,3.25,3.25,1.5200000000000002,46.76923076923078,False
E2845,1.17,1.17,0.0,0.0,True
E2846,0.51,0.51,0.0,0.0,True
E2847,0.49,0.49,0.98,200.0,False
E2848,2.21,2.21,0.0,0.0,True
E2849,1.83,1.83,0.0,0.0,True
E285,9.489999999999998,9.49,7.0200000000000005,73.97260273972604,False
E2850,3.29,3.29,1.0199999999999998,31.003039513677805,False
E2851,0.85,0.85,0.0,0.0,True
E2852,3.85,3.85,3.94,102.33766233766234,False
E2853,6.8,6.800000000000001,5.0600000000000005,74.41176470588236,False
E2854,1.47,1.4700000000000002,0.68,46.25850340136054,False
E2855,2.7300000000000004,2.73,0.26,9.523809523809522,True
E2856,1.2,1.2,0.0,0.0,True
E2857,2.24,2.24,2.7200000000000006,121.42857142857144,False
E2858,1.66,1.66,0.0,0.0,True
E2859,2.5300000000000002,2.5300000000000002,1.78,70.35573122529644,False
E286,13.2,13.2,0.0,0.0,True
E2860,1.28,1.28,0.0,0.0,True
E2861,3.18,3.1799999999999997,1.52,47.79874213836478,False
E2862,2.29,2.29,0.0,0.0,True
E2863,3.04,3.04,0.0,0.0,True
E2864,2.89,2.89,2.0999999999999996,72.66435986159168,False
E2865,0.49,0.49,0.0,0.0,True
E2866,0.47,0.47,0.0,0.0,True
E2867,3.42,3.4200000000000004,0.8400000000000003,24.56140350877194,False
E2868,2.05,2.05,0.0,0.0,True
E2869,3.3,3.3,1.6799999999999997,50.90909090909091,False
E287,14.809999999999999,14.809999999999999,5.34,36.056718433490886,False
E2870,1.47,1.47,0.0,0.0,True
E2871,0.63,0.63,0.0,0.0,True
E2872,1.79,1.79,1.9,106.14525139664805,False
E2873,3.2699999999999996,3.27,1.14,34.862385321100916,False
E2874,1.9900000000000002,1.9900000000000002,0.0,0.0,True
E2875,4.4399999999999995,4.4399999999999995,5.859999999999999,131.981981981982,False
E2876,0.73,0.73,0.0,0.0,True
E2877,0.9099999999999999,0.9099999999999999,0.54,59.34065934065934,False
E2878,5.97,5.970000000000001,7.66,128.30820770519264,False
E2879,0.46,0.46,0.0,0.0,True
E288,10.660000000000002,10.66,21.32,199.99999999999997,False
E2880,0.83,0.83,0.0,0.0,True
E2881,2.7,2.7,1.1599999999999997,42.96296296296295,False
E2882,2.35,2.3499999999999996,1.76,74.8936170212766,False
E2883,2.42,2.42,1.48,61.15702479338843,False
E2884,0.43,0.43,0.0,0.0,True
E2885,1.17,1.17,0.0,0.0,True
E2886,1.77,1.77,0.0,0.0,True
E2887,3.61,3.6100000000000003,6.3,174.5152354570637,False
E2888,0.88,0.88,0.0,0.0,True
E2889,0.47,0.47,0.0,0.0,True
E289,21.700000000000003,21.7,13.92,64.14746543778801,False
E2890,0.99,0.99,0.54,54.54545454545455,False
E2891,10.690000000000001,10.69,5.9,55.191768007483624,False
E2892,0.14,0.14,0.0,0.0,True
E2893,0.96,0.96,0.0,0.0,True
E2894,1.01,1.01,0.0,0.0,True
E2895,2.11,2.11,1.3399999999999999,63.50710900473934,False
E2896,2.86,2.86,1.7199999999999998,60.13986013986013,False
E2897,8.89,8.89,1.2000000000000002,13.498312710911136,True
E2898,1.51,1.51,0.0,0.0,True
E2899,0.74,0.74,0.0,0.0,True
E29,2.24,2.2399999999999998,1.5599999999999998,69.64285714285712,False
E290,2.95,2.95,1.7000000000000002,57.6271186440678,False
E2900,0.7,0.7,0.26,37.142857142857146,False
E2901,1.09,1.09,0.4000000000000001,36.697247706422026,False
E2902,1.26,1.26,0.0,0.0,True
E2903,7.15,7.1499999999999995,3.38,47.27272727272727,False
E2904,0.86,0.86,0.0,0.0,True
E2905,3.32,3.3200000000000003,2.58,77.71084337349399,False
E2906,0.78,0.78,0.0,0.0,True
E2907,2.87,2.87,0.62,21.60278745644599,False
E2908,2.31,2.31,0.6200000000000001,26.839826839826845,False
E2909,1.42,1.42,0.0,0.0,True
E291,5.1,5.1,0.7999999999999994,15.686274509803912,True
E2910,0.46,0.46,0.0,0.0,True
E2911,7.9399999999999995,7.94,8.74,110.07556675062973,False
E2912,1.46,1.46,0.9,61.64383561643836,False
E2913,1.2000000000000002,1.2000000000000002,0.0,0.0,True
E2914,1.22,1.22,0.0,0.0,True
E2915,2.33,2.33,0.0,0.0,True
E2916,1.03,1.03,0.0,0.0,True
E2917,2.46,2.46,0.0,0.0,True
E2918,2.6900000000000004,2.69,0.8400000000000001,31.226765799256505,False
E2919,5.8100000000000005,5.8100000000000005,9.64,165.92082616179,False
E292,2.8499999999999996,2.8499999999999996,2.26,79.29824561403508,False
E2920,15.82,15.82,8.54,53.98230088495574,False
E2921,0.65,0.65,0.0,0.0,True
E2922,1.93,1.93,0.0,0.0,True
E2923,0.72,0.72,0.24,33.333333333333336,False
E2924,1.8,1.8,1.08,60.0,False
E2925,2.52,2.52,0.54,21.428571428571427,False
E2926,0.38,0.38,0.0,0.0,True
E2927,0.42,0.42,0.0,0.0,True
E2928,0.7500000000000001,0.75,0.31999999999999995,42.66666666666666,False
E2929,0.36000000000000004,0.36,0.32,88.88888888888887,False
E293,5.21,5.21,2.9799999999999995,57.19769673704413,False
E2930,5.66,5.660000000000001,2.12,37.455830388692576,False
E2931,0.59,0.59,0.0,0.0,True
E2932,3.16,3.16,0.0,0.0,True
E2933,1.0699999999999998,1.0699999999999998,0.1399999999999999,13.084112149532702,True
E2934,3.8600000000000003,3.86,1.6599999999999997,43.00518134715025,False
E2935,3.2,3.2,1.88,58.75,False
E2936,3.63,3.63,4.779999999999999,131.68044077134985,False
E2937,0.75,0.75,0.0,0.0,True
E2938,0.66,0.66,0.0,0.0,True
E2939,2.4299999999999997,2.4299999999999997,3.2399999999999998,133.33333333333334,False
E294,3.6100000000000003,3.6100000000000003,2.4800000000000004,68.69806094182826,False
E2940,2.8099999999999996,2.8099999999999996,0.0,0.0,True
E2941,1.4000000000000001,1.4000000000000001,2.8,199.99999999999997,False
E2942,3.61,3.6100000000000003,1.56,43.21329639889197,False
E2943,3.76,3.76,0.96,25.531914893617024,False
E2944,1.08,1.08,0.0,0.0,True
E2945,1.35,1.35,0.0,0.0,True
E2946,1.51,1.48,1.7699999999999998,117.2185430463576,False
E2947,1.85,1.85,1.54,83.24324324324324,False
E2948,3.62,3.62,7.24,200.0,False
E2949,1.08,1.08,0.0,0.0,True
E295,3.6,3.6,0.96,26.666666666666664,False
E2950,4.59,4.59,3.78,82.3529411764706,False
E2951,0.91,0.91,0.0,0.0,True
E2952,0.79,0.79,0.0,0.0,True
E2953,7.68,7.68,15.36,200.0,False
E2954,5.95,5.95,1.9000000000000001,31.932773109243698,False
E2955,4.51,4.51,1.0199999999999996,22.61640798226163,False
E2956,4.37,4.37,2.0600000000000005,47.13958810068651,False
E2957,4.25,4.25,0.0,0.0,True
E2958,2.48,2.48,0.0,0.0,True
E2959,2.71,2.71,2.1399999999999997,78.96678966789666,False
E296,8.780000000000001,8.780000000000001,6.6,75.17084282460135,False
E2960,2.1,1.76,3.86,183.8095238095238,False
E2961,2.02,2.02,0.0,0.0,True
E2962,1.12,1.12,0.0,0.0,True
E2963,6.63,6.63,0.0,0.0,True
E2964,0.5,0.5,0.0,0.0,True
E2965,10.07,10.07,0.0,0.0,True
E2966,1.97,1.97,0.0,0.0,True
E2967,0.9199999999999999,0.92,0.09999999999999992,10.869565217391298,True
E2968,12.180000000000001,12.18,16.020000000000003,131.5270935960591,False
E2969,6.54,6.54,0.0,0.0,True
E297,1.74,1.7399999999999998,0.68,39.08045977011494,False
E2970,4.52,4.52,2.4400000000000004,53.98230088495576,False
E2971,1.5500000000000003,1.55,0.5600000000000003,36.12903225806453,False
E2972,3.6,3.6,0.7800000000000001,21.66666666666667,False
E2973,1.01,1.01,0.0,0.0,True
E2974,4.59,4.59,0.0,0.0,True
E2975,0.16,0.16,0.0,0.0,True
E2976,1.95,1.95,0.0,0.0,True
E2977,2.5100000000000002,2.5100000000000002,0.0,0.0,True
E2978,10.54,10.540000000000001,7.98,75.71157495256168,False
E2979,2.55,2.55,0.0,0.0,True
E298,5.95,5.95,10.24,172.10084033613444,False
E2980,10.84,10.84,1.5000000000000013,13.837638376383778,True
E2981,3.77,3.77,4.36,115.64986737400532,False
E2982,1.0,1.0,0.0,0.0,True
E2983,2.91,2.91,0.0,0.0,True
E2984,1.7199999999999998,1.6899999999999997,3.4099999999999993,198.25581395348837,False
E2985,1.47,1.47,0.0,0.0,True
E2986,8.3,8.3,4.66,56.14457831325301,False
E2987,1.28,1.28,0.0,0.0,True
E2988,1.12,1.12,0.0,0.0,True
E2989,5.13,5.13,1.2999999999999998,25.341130604288495,False
E299,1.83,1.83,1.3000000000000003,71.03825136612024,False
E2990,9.580000000000002,9.58,16.92,176.6179540709812,False
E2991,1.69,1.69,0.9000000000000001,53.254437869822496,False
E2992,0.55,0.55,0.0,0.0,True
E2993,2.46,2.46,1.2,48.78048780487805,False
E2994,2.24,2.24,2.34,104.46428571428571,False
E2995,1.86,1.86,0.0,0.0,True
E2996,1.88,1.88,0.0,0.0,True
E2997,0.45,0.45,0.0,0.0,True
E2998,1.27,1.27,0.0,0.0,True
E2999,20.58,20.58,0.0,0.0,True
E3,3.07,3.07,2.6799999999999997,87.29641693811075,False
E30,11.26,11.26,7.300000000000001,64.83126110124336,False
E300,5.96,5.96,4.5200000000000005,75.83892617449665,False
E3000,11.030000000000001,11.030000000000001,5.500000000000001,49.864007252946514,False
E3001,1.61,1.61,3.22,200.0,False
E3002,1.3599999999999999,1.3599999999999999,0.0,0.0,True
E3003,1.21,1.21,0.30000000000000004,24.79338842975207,False
E3004,1.45,1.45,1.14,78.62068965517241,False
E3005,0.77,0.77,0.0,0.0,True
E3006,3.3899999999999997,3.3899999999999997,3.96,116.81415929203541,False
E3007,3.1799999999999997,3.1799999999999997,0.0,0.0,True
E3008,1.65,1.65,0.0,0.0,True
E3009,2.7600000000000002,2.7600000000000002,0.9199999999999999,33.33333333333333,False
E301,5.960000000000001,5.96,9.3,156.04026845637583,False
E3010,7.72,7.72,5.9399999999999995,76.94300518134715,False
E3011,1.37,1.3699999999999999,1.52,110.94890510948905,False
E3012,1.02,1.02,0.40000000000000013,39.215686274509814,False
E3013,0.31000000000000005,0.31000000000000005,0.060000000000000026,19.354838709677423,True
E3014,15.63,15.63,31.26,200.0,False
E3015,39.06,39.06,78.12,200.0,False
E3016,0.73,0.5599999999999999,1.29,176.7123287671233,False
E3017,1.4100000000000001,1.4100000000000001,0.0,0.0,True
E3018,0.91,0.91,0.0,0.0,True
E3019,1.78,1.78,0.52,29.213483146067414,False
E302,2.31,2.31,0.0,0.0,True
E3020,4.64,4.64,2.7399999999999998,59.05172413793104,False
E3021,1.26,1.26,0.0,0.0,True
E3022,2.3800000000000003,2.38,4.76,199.99999999999997,False
E3023,2.01,2.01,4.02,200.0,False
E3024,0.25,0.25,0.0,0.0,True
E3025,1.42,1.42,0.0,0.0,True
E3026,3.14,3.1399999999999997,1.5600000000000003,49.68152866242039,False
E3027,0.7000000000000001,0.7000000000000001,0.24,34.285714285714285,False
E3028,0.69,0.69,1.38,200.00000000000003,False
E3029,2.73,2.73,0.9199999999999999,33.6996336996337,False
E303,1.7,1.7000000000000002,0.32000000000000006,18.82352941176471,True
E3030,3.2399999999999998,3.24,6.48,200.00000000000003,False
E3031,1.15,1.15,0.0,0.0,True
E3032,9.5,9.5,8.16,85.89473684210526,False
E3033,1.03,1.03,0.0,0.0,True
E3034,0.43,0.43,0.0,0.0,True
E3035,3.04,3.04,0.0,0.0,True
E3036,1.0,1.0,0.0,0.0,True
E3037,18.71,18.71,37.42,200.0,False
E3038,3.8600000000000003,3.8600000000000003,2.08,53.88601036269429,False
E3039,2.5700000000000003,2.5700000000000003,1.4600000000000002,56.80933852140078,False
E304,3.9,3.9,0.0,0.0,True
E3040,5.3100000000000005,5.0600000000000005,6.7700000000000005,127.49529190207156,False
E3041,2.96,2.96,0.0,0.0,True
E3042,0.21000000000000002,0.21000000000000002,0.0,0.0,True
E3043,1.8900000000000001,1.8900000000000001,0.0,0.0,True
E3044,3.3400000000000003,3.3400000000000003,6.680000000000001,200.00000000000003,False
E3045,1.28,1.28,0.0,0.0,True
E3046,1.9700000000000002,1.9700000000000002,1.3800000000000003,70.0507614213198,False
E3047,1.9300000000000002,1.9300000000000002,0.21999999999999997,11.398963730569946,True
E3048,1.97,1.97,0.0,0.0,True
E3049,4.25,4.25,2.5599999999999996,60.23529411764705,False
E305,20.97,20.71,5.600000000000001,26.704816404387227,False
E3050,1.46,1.46,0.8600000000000001,58.904109589041106,False
E3051,4.07,4.07,3.2600000000000002,80.0982800982801,False
E3052,0.21,0.21,0.0,0.0,True
E3053,1.09,1.09,1.2000000000000002,110.09174311926606,False
E3054,3.83,3.3699999999999997,3.98,103.91644908616188,False
E3055,2.5999999999999996,2.6,1.9200000000000002,73.84615384615387,False
E3056,0.96,0.96,0.0,0.0,True
E3057,6.17,6.17,1.4600000000000004,23.662884927066454,False
E3058,0.37,0.37,0.0,0.0,True
E3059,1.4300000000000002,1.4300000000000002,0.05999999999999997,4.195804195804193,True
E306,7.72,7.72,2.94,38.082901554404145,False
E3060,0.54,0.54,0.0,0.0,True
E3061,0.58,0.58,1.16,200.0,False
E3062,3.27,3.27,1.58,48.318042813455655,False
E3063,0.31,0.31,0.0,0.0,True
E3064,3.17,3.17,0.9799999999999995,30.914826498422702,False
E3065,1.4100000000000001,1.4100000000000001,0.54,38.29787234042553,False
E3066,3.27,3.27,0.09999999999999964,3.058103975535157,True
E3067,9.27,9.27,1.4799999999999995,15.96548004314994,True
E3068,11.99,11.99,13.620000000000001,113.59466221851542,False
E3069,0.33999999999999997,0.33999999999999997,0.0,0.0,True
E307,8.53,8.53,10.02,117.46776084407973,False
E3070,5.75,5.75,5.48,95.30434782608695,False
E3071,1.35,1.3499999999999999,0.4000000000000002,29.629629629629644,False
E3072,1.32,1.32,0.6000000000000001,45.45454545454546,False
E3073,2.12,2.12,0.0,0.0,True
E3074,7.85,7.85,0.0,0.0,True
E3075,5.93,5.93,0.0,0.0,True
E3076,3.84,3.84,1.8999999999999997,49.479166666666664,False
E3077,8.38,8.38,12.26,146.30071599045345,False
E3078,1.1,1.1,1.84,167.27272727272725,False
E3079,4.74,4.74,1.8800000000000001,39.66244725738397,False
E308,2.6,2.6,3.22,123.84615384615384,False
E3080,10.45,10.450000000000001,16.560000000000002,158.46889952153114,False
E3081,1.26,1.26,0.0,0.0,True
E3082,1.86,1.86,0.0,0.0,True
E3083,0.75,0.75,0.0,0.0,True
E3084,8.34,8.34,0.0,0.0,True
E3085,7.459999999999999,7.46,7.619999999999999,102.14477211796246,False
E3086,2.15,2.15,0.8200000000000001,38.139534883720934,False
E3087,6.2299999999999995,6.2299999999999995,4.4399999999999995,71.26805778491172,False
E3088,0.45,0.45,0.0,0.0,True
E3089,1.1400000000000001,1.1400000000000001,0.0,0.0,True
E309,1.31,1.31,0.7200000000000001,54.96183206106871,False
E3090,1.17,1.17,0.29999999999999993,25.641025641025635,False
E3091,0.8,0.8,0.0,0.0,True
E3092,2.98,2.9799999999999995,1.92,64.42953020134229,False
E3093,0.8,0.8,0.0,0.0,True
E3094,0.79,0.79,0.0,0.0,True
E3095,3.07,3.07,0.0,0.0,True
E3096,19.67,19.669999999999998,0.4400000000000024,2.236908998474847,True
E3097,0.65,0.65,0.30000000000000004,46.15384615384616,False
E3098,1.87,1.87,1.54,82.35294117647058,False
E3099,0.91,0.91,0.0,0.0,True
E31,0.47000000000000003,0.47000000000000003,0.0,0.0,True
E310,3.13,3.13,1.38,44.08945686900959,False
E3100,2.07,2.07,0.6799999999999999,32.850241545893724,False
E3101,2.7600000000000002,2.7600000000000002,1.9000000000000001,68.84057971014492,False
E3102,2.8200000000000003,2.8200000000000003,1.54,54.609929078014176,False
E3103,3.33,2.46,5.79,173.87387387387386,False
E3104,0.91,0.91,0.0,0.0,True
E3105,0.77,0.77,0.0,0.0,True
E3106,4.4399999999999995,4.44,2.8600000000000008,64.41441441441444,False
E3107,0.7400000000000001,0.74,1.48,199.99999999999997,False
E3108,3.31,3.3099999999999996,1.7400000000000002,52.56797583081572,False
E3109,3.85,3.8500000000000005,6.4799999999999995,168.3116883116883,False
E311,9.379999999999999,9.379999999999999,4.32,46.055437100213226,False
E3110,0.93,0.93,0.30000000000000004,32.25806451612903,False
E3111,1.9400000000000002,1.9400000000000002,0.56,28.8659793814433,False
E3112,2.17,2.17,2.46,113.36405529953917,False
E3114,0.86,0.86,0.0,0.0,True
E3115,1.14,1.14,0.0,0.0,True
E3116,0.87,0.87,0.0,0.0,True
E3117,3.9800000000000004,3.98,2.6399999999999997,66.33165829145726,False
E3118,1.4,1.4,0.0,0.0,True
E3119,1.24,1.24,1.0,80.64516129032258,False
E312,1.23,1.23,0.0,0.0,True
E3120,10.19,10.190000000000001,10.76,105.5937193326791,False
E3121,6.37,6.37,1.64,25.74568288854003,False
E3122,57.510000000000005,57.51,6.259999999999996,10.885063467223084,True
E3123,21.919999999999998,21.919999999999998,0.66,3.010948905109489,True
E3124,4.859999999999999,4.86,9.72,200.00000000000006,False
E3125,3.51,3.51,7.02,200.0,False
E3126,4.12,4.12,5.62,136.40776699029126,False
E3127,7.52,7.52,0.0,0.0,True
E3128,30.14,30.14,17.14,56.86794956867949,False
E3129,3.9,3.9,0.0,0.0,True
E313,5.73,5.7299999999999995,1.4400000000000004,25.130890052356023,False
E3130,2.18,2.18,3.0,137.61467889908255,False
E3131,1.99,1.9900000000000002,1.7399999999999998,87.43718592964822,False
E3132,1.24,1.24,0.0,0.0,True
E3133,1.62,1.62,0.0,0.0,True
E3134,0.19,0.19,0.0,0.0,True
E3135,0.23,0.23,0.0,0.0,True
E3136,2.2199999999999998,2.2199999999999998,0.39999999999999997,18.01801801801802,True
E3137,4.1,4.1,2.32,56.58536585365854,False
E3138,0.8,0.8,0.0,0.0,True
E3139,2.45,2.45,0.0,0.0,True
E314,7.63,7.63,3.0399999999999996,39.842726081258185,False
E3140,5.34,5.34,1.92,35.95505617977528,False
E3141,1.04,1.04,0.24,23.076923076923077,False
E3142,6.48,6.4799999999999995,5.28,81.48148148148148,False
E3143,3.71,3.71,3.5,94.33962264150944,False
E3144,2.56,2.56,0.16,6.25,True
E3145,1.41,1.41,0.0,0.0,True
E3146,1.32,1.32,0.0,0.0,True
E3147,3.61,3.61,0.0,0.0,True
E3148,6.369999999999999,6.37,1.3599999999999999,21.350078492935637,False
E3149,9.55,9.55,4.1,42.93193717277486,False
E315,6.32,6.32,3.14,49.68354430379747,False
E3150,2.3899999999999997,2.3899999999999997,0.7999999999999999,33.47280334728034,False
E3151,0.19,0.19,0.0,0.0,True
E3152,4.960000000000001,4.96,8.940000000000001,180.24193548387095,False
E3153,1.1,1.1,0.0,0.0,True
E3154,3.78,3.78,0.38,10.052910052910054,True
E3155,1.9,1.9,0.54,28.42105263157895,False
E3156,0.15,0.15,0.0,0.0,True
E3157,1.35,1.35,0.0,0.0,True
E3158,2.61,2.61,0.0,0.0,True
E3159,1.46,1.46,0.0,0.0,True
E316,3.81,3.81,0.21999999999999986,5.774278215223093,True
E3160,3.61,3.61,1.68,46.53739612188366,False
E3161,3.94,3.94,2.5,63.45177664974619,False
E3162,0.33,0.33,0.0,0.0,True
E3163,0.45,0.45,0.0,0.0,True
E3164,3.83,3.83,2.62,68.40731070496084,False
E3165,2.87,2.87,2.1399999999999997,74.56445993031357,False
E3166,1.55,1.55,0.22000000000000008,14.193548387096778,True
E3167,2.42,2.42,0.0,0.0,True
E3168,78.89,77.61,12.520000000000007,15.87019901128154,True
E3169,7.15,7.15,2.3800000000000003,33.28671328671329,False
E317,10.1,10.1,6.4799999999999995,64.15841584158416,False
E3170,2.25,2.25,1.06,47.111111111111114,False
E3171,1.44,1.44,0.0,0.0,True
E3172,39.75,39.75,7.159999999999998,18.012578616352197,True
E3173,1.18,1.18,0.0,0.0,True
E3174,4.9399999999999995,4.9399999999999995,2.3,46.558704453441294,False
E3175,1.2999999999999998,1.2999999999999998,0.0,0.0,True
E3176,2.74,2.74,0.0,0.0,True
E3177,3.57,3.57,0.0,0.0,True
E3178,0.9299999999999999,0.9299999999999999,0.0,0.0,True
E3179,0.96,0.96,0.0,0.0,True
E318,12.879999999999999,12.879999999999999,4.079999999999999,31.67701863354037,False
E3180,0.14,0.14,0.0,0.0,True
E3181,1.02,1.02,0.0,0.0,True
E3182,0.56,0.56,0.0,0.0,True
E3183,0.44,0.44,0.0,0.0,True
E3184,0.79,0.79,0.0,0.0,True
E3185,1.76,1.76,0.0,0.0,True
E3186,2.8500000000000005,2.85,0.9400000000000002,32.98245614035088,False
E3187,7.24,7.24,0.0,0.0,True
E3188,2.62,2.62,1.62,61.83206106870229,False
E3189,3.41,3.41,2.24,65.6891495601173,False
E319,0.9,0.9,0.0,0.0,True
E3190,0.68,0.68,0.24,35.29411764705882,False
E3191,2.49,2.4899999999999998,0.48000000000000026,19.27710843373495,True
E3192,0.28,0.28,0.0,0.0,True
E3193,7.02,7.02,3.22,45.86894586894587,False
E3194,1.4600000000000002,1.4600000000000002,0.4799999999999999,32.87671232876711,False
E3195,7.76,7.6899999999999995,0.35000000000000003,4.510309278350515,True
E3197,11.84,11.84,3.4999999999999996,29.560810810810807,False
E3198,6.88,6.88,0.0,0.0,True
E3199,2.3400000000000003,2.3400000000000003,0.28000000000000014,11.96581196581197,True
E32,1.3,1.3,0.6000000000000001,46.15384615384616,False
E320,3.98,3.98,0.0,0.0,True
E3200,1.5699999999999998,1.5699999999999998,0.0,0.0,True
E3201,62.44,62.44,97.88,156.7584881486227,False
E3202,4.3100000000000005,4.3100000000000005,4.9399999999999995,114.61716937354986,False
E3203,0.24,0.24,0.48,200.0,False
E3204,3.42,3.42,2.26,66.08187134502923,False
E3205,13.61,13.610000000000001,11.06,81.26377663482734,False
E3206,8.55,8.55,8.84,103.39181286549707,False
E3207,0.9,0.9,0.30000000000000004,33.333333333333336,False
E3208,18.35,18.349999999999998,35.04,190.95367847411444,False
E3209,2.91,2.91,0.7599999999999999,26.1168384879725,False
E321,7.930000000000001,7.93,6.08,76.67087011349305,False
E3210,11.219999999999999,11.219999999999999,13.239999999999998,118.00356506238859,False
E3211,6.72,6.72,2.6800000000000006,39.880952380952394,False
E3212,3.45,3.45,3.0000000000000004,86.95652173913045,False
E3213,7.890000000000001,7.890000000000001,0.5600000000000003,7.097591888466416,True
E3214,1.6800000000000002,1.6800000000000002,0.0,0.0,True
E3215,5.470000000000001,5.47,6.32,115.53930530164533,False
E3216,1.1500000000000001,1.1500000000000001,0.36000000000000004,31.30434782608696,False
E3217,3.17,3.17,2.08,65.61514195583597,False
E3218,4.15,4.15,1.74,41.92771084337349,False
E3219,1.09,1.09,0.0,0.0,True
E322,7.18,7.18,2.2599999999999993,31.476323119777152,False
E3220,1.1400000000000001,1.1400000000000001,0.0,0.0,True
E3221,4.0,4.0,8.0,200.0,False
E3222,11.85,11.85,9.780000000000001,82.53164556962027,False
E3223,0.75,0.75,0.0,0.0,True
E3224,0.56,0.56,0.0,0.0,True
E3225,3.4299999999999997,3.43,3.54,103.2069970845481,False
E3226,1.06,1.06,0.8600000000000001,81.13207547169812,False
E3227,1.86,1.86,0.6000000000000001,32.25806451612903,False
E3228,1.66,1.6600000000000001,0.62,37.34939759036145,False
E3229,0.45999999999999996,0.45999999999999996,0.0,0.0,True
E323,10.21,10.21,4.24,41.5279138099902,False
E3230,1.8,1.8,0.0,0.0,True
E3231,0.32,0.32,0.54,168.75,False
E3232,0.64,0.64,0.0,0.0,True
E3233,1.79,1.79,0.0,0.0,True
E3234,2.26,2.26,0.52,23.008849557522126,False
E3235,0.95,0.95,1.8399999999999999,193.6842105263158,False
E3236,4.49,4.489999999999999,6.119999999999999,136.30289532293983,False
E3237,8.780000000000001,8.780000000000001,10.440000000000001,118.90660592255126,False
E3238,1.29,1.29,0.0,0.0,True
E3239,0.43,0.43,0.0,0.0,True
E324,1.8199999999999998,1.8199999999999998,0.0,0.0,True
E3240,0.67,0.67,0.54,80.59701492537313,False
E3241,5.16,5.16,3.26,63.178294573643406,False
E3242,2.81,2.81,0.0,0.0,True
E3243,3.73,3.73,0.0,0.0,True
E3244,4.12,4.12,4.88,118.44660194174757,False
E3245,2.76,2.76,0.0,0.0,True
E3246,2.31,2.31,0.0,0.0,True
E3247,1.03,1.03,2.06,200.0,False
E3248,5.01,5.01,0.0,0.0,True
E3249,0.5700000000000001,0.5700000000000001,0.0,0.0,True
E325,4.85,4.85,5.680000000000001,117.11340206185571,False
E3250,6.510000000000001,6.51,0.7999999999999995,12.28878648233486,True
E3251,0.77,0.77,0.0,0.0,True
E3252,1.93,1.93,0.98,50.77720207253886,False
E3253,1.25,1.25,0.0,0.0,True
E3254,23.03,23.03,15.68,68.08510638297872,False
E3255,8.19,8.190000000000001,2.5399999999999996,31.013431013431013,False
E3256,0.9299999999999999,0.9299999999999999,0.0,0.0,True
E3257,1.35,1.35,0.0,0.0,True
E3258,1.29,1.29,0.0,0.0,True
E3259,3.02,3.02,0.3200000000000002,10.59602649006623,True
E326,8.95,8.95,1.4600000000000004,16.312849162011176,True
E3260,0.33,0.33,0.0,0.0,True
E3261,2.4499999999999997,2.45,0.82,33.46938775510205,False
E3262,0.54,0.54,0.0,0.0,True
E3263,0.67,0.67,0.0,0.0,True
E3264,2.66,2.66,1.4,52.63157894736842,False
E3265,9.04,9.04,2.079999999999999,23.008849557522115,False
E3266,4.01,4.01,0.0,0.0,True
E3267,4.1899999999999995,4.19,8.38,200.00000000000006,False
E3268,3.29,3.29,6.58,200.0,False
E3269,7.35,7.35,5.22,71.02040816326532,False
E327,5.77,5.77,1.68,29.11611785095321,False
E3270,1.25,1.25,0.0,0.0,True
E3271,0.52,0.52,0.0,0.0,True
E3272,0.8,0.8,0.0,0.0,True
E3273,1.17,1.17,0.96,82.05128205128206,False
E3274,0.7799999999999999,0.7799999999999999,0.15999999999999998,20.51282051282051,False
E3275,1.45,1.45,1.92,132.41379310344828,False
E3276,4.79,4.79,0.0,0.0,True
E3277,4.37,4.37,6.58,150.5720823798627,False
E3278,5.25,5.25,2.8200000000000003,53.714285714285715,False
E3279,5.300000000000001,5.3,3.6399999999999997,68.67924528301884,False
E328,3.55,3.55,0.0,0.0,True
E3280,1.19,1.19,0.17999999999999994,15.126050420168061,True
E3281,2.1500000000000004,2.1500000000000004,1.1400000000000003,53.02325581395349,False
E3282,7.09,7.09,2.9799999999999995,42.031029619181936,False
E3283,3.88,3.88,4.02,103.6082474226804,False
E3284,2.49,2.49,0.3,12.048192771084336,True
E3285,1.95,1.9500000000000002,1.4800000000000002,75.89743589743591,False
E3286,6.9,6.9,4.08,59.130434782608695,False
E3287,3.61,3.61,0.2599999999999999,7.202216066481991,True
E3288,1.07,1.07,0.0,0.0,True
E3289,0.54,0.54,0.0,0.0,True
E329,12.51,12.51,0.5599999999999994,4.4764188649080685,True
E3290,4.33,4.33,0.0,0.0,True
E3291,0.6,0.6,0.0,0.0,True
E3292,1.7599999999999998,1.7599999999999998,0.0,0.0,True
E3293,12.92,12.92,25.84,200.0,False
E3294,1.03,1.03,0.74,71.84466019417475,False
E3295,3.1799999999999997,3.1799999999999997,0.5999999999999999,18.867924528301884,True
E3296,0.37,0.37,0.0,0.0,True
E3297,1.07,1.07,0.54,50.467289719626166,False
E3298,1.56,1.56,0.0,0.0,True
E3299,39.22,39.22,78.44,200.0,False
E33,23.060000000000002,23.060000000000002,29.660000000000004,128.62098872506505,False
E330,3.78,3.78,3.26,86.24338624338625,False
E3300,58.339999999999996,58.34,116.68,200.0,False
E3301,3.83,3.83,0.0,0.0,True
E3302,1.83,1.83,0.0,0.0,True
E3303,4.37,4.37,0.0,0.0,True
E3304,3.1100000000000003,3.1100000000000003,1.6,51.446945337620576,False
E3305,0.82,0.82,0.0,0.0,True
E3306,1.2000000000000002,1.2000000000000002,1.86,154.99999999999997,False
E3308,4.04,4.04,8.08,200.0,False
E3309,3.3,3.3000000000000003,1.86,56.36363636363637,False
E331,4.19,4.19,0.0,0.0,True
E3310,0.18,0.18,0.0,0.0,True
E3311,1.36,1.36,0.0,0.0,True
E3312,3.69,3.69,1.2400000000000002,33.60433604336044,False
E3313,2.16,2.16,0.0,0.0,True
E3314,1.62,1.62,0.0,0.0,True
E3315,1.27,1.27,0.0,0.0,True
E3316,0.89,0.89,0.0,0.0,True
E3317,6.84,6.84,0.0,0.0,True
E3318,3.48,3.48,6.96,200.0,False
E3319,5.8500000000000005,5.85,2.7199999999999998,46.495726495726494,False
E332,6.460000000000001,6.46,2.04,31.578947368421048,False
E3320,1.11,1.11,0.0,0.0,True
E3321,4.18,4.18,3.4599999999999995,82.77511961722487,False
E3322,8.399999999999999,8.4,5.5200000000000005,65.71428571428572,False
E3323,4.5200000000000005,4.5200000000000005,9.040000000000001,200.0,False
E3324,1.23,1.23,0.3,24.390243902439025,False
E3325,1.7999999999999998,1.8,1.2800000000000002,71.11111111111113,False
E3326,7.1,7.1,12.12,170.70422535211267,False
E3327,1.9900000000000002,1.9900000000000002,0.0,0.0,True
E3328,14.21,14.209999999999999,10.68,75.15833919774806,False
E3329,7.8,7.8,0.0,0.0,True
E333,6.890000000000001,6.89,0.08000000000000093,1.161103047895514,True
E3330,2.81,2.81,0.0,0.0,True
E3331,13.160000000000002,13.16,3.939999999999998,29.939209726443753,False
E3332,2.13,2.13,1.58,74.17840375586854,False
E3333,1.81,1.81,0.0,0.0,True
E3334,9.8,9.8,19.6,200.0,False
E3335,3.2699999999999996,3.2699999999999996,6.539999999999999,200.0,False
E3336,0.7899999999999999,0.7899999999999999,0.0,0.0,True
E3338,6.97,6.97,2.84,40.74605451936873,False
E3339,4.13,4.13,3.08,74.57627118644068,False
E334,5.18,4.96,6.0,115.83011583011583,False
E3340,4.03,4.03,1.2600000000000002,31.26550868486353,False
E3341,2.71,2.71,1.52,56.08856088560886,False
E3342,0.23,0.23,0.0,0.0,True
E3343,4.73,4.73,0.45999999999999996,9.725158562367865,True
E3344,6.49,6.49,7.380000000000001,113.71340523882898,False
E3345,1.6400000000000001,1.6400000000000001,0.0,0.0,True
E3346,0.96,0.96,0.3599999999999999,37.499999999999986,False
E3347,1.73,1.73,0.0,0.0,True
E3348,2.17,2.17,0.0,0.0,True
E3349,10.12,10.120000000000001,7.960000000000001,78.65612648221345,False
E335,5.359999999999999,5.359999999999999,4.579999999999999,85.44776119402985,False
E3350,2.51,2.51,0.2400000000000002,9.561752988047818,True
E3351,8.459999999999999,8.46,2.3399999999999994,27.659574468085104,False
E3352,1.17,1.17,0.0,0.0,True
E3353,0.6699999999999999,0.6699999999999999,0.0,0.0,True
E3354,1.3,1.3,0.18000000000000008,13.846153846153852,True
E3355,1.01,1.01,0.0,0.0,True
E3356,12.57,12.57,6.379999999999999,50.75576770087509,False
E3357,1.15,1.15,0.0,0.0,True
E3358,8.3,8.3,3.6,43.373493975903614,False
E3359,1.5,1.5,1.02,68.0,False
E336,3.1799999999999997,3.1799999999999997,2.2799999999999994,71.69811320754715,False
E3360,14.990000000000002,14.99,2.7399999999999993,18.278852568378912,True
E3361,2.59,2.59,0.92,35.521235521235525,False
E3362,1.03,1.03,0.0,0.0,True
E3363,3.97,3.97,0.96,24.181360201511335,False
E3364,2.83,2.83,1.4800000000000002,52.296819787985875,False
E3365,0.30000000000000004,0.30000000000000004,0.0,0.0,True
E3366,3.11,3.11,0.0,0.0,True
E3367,10.450000000000001,10.45,6.860000000000001,65.64593301435407,False
E3368,2.8,2.8,0.0,0.0,True
E3369,0.53,0.53,0.0,0.0,True
E337,10.31,10.31,0.9199999999999999,8.923375363724539,True
E3370,4.53,4.53,1.8200000000000003,40.17660044150111,False
E3371,0.79,0.79,0.0,0.0,True
E3372,3.84,3.84,2.46,64.0625,False
E3373,2.2,2.2,0.0,0.0,True
E3374,0.67,0.67,0.0,0.0,True
E3375,1.9400000000000002,1.94,1.3599999999999999,70.10309278350515,False
E3376,5.23,5.23,4.82,92.1606118546845,False
E3377,12.010000000000002,12.010000000000002,1.5,12.489592006661114,True
E3378,1.1800000000000002,1.18,0.3200000000000002,27.11864406779662,False
E3379,11.98,11.98,5.02,41.903171953255416,False
E338,8.05,8.05,5.980000000000001,74.28571428571429,False
E3380,18.88,18.880000000000003,3.02,15.995762711864408,True
E3381,11.27,11.27,3.38,29.991126885536826,False
E3382,8.39,8.39,2.7800000000000007,33.134684147795,False
E3383,1.18,1.18,1.76,149.15254237288136,False
E3384,0.66,0.66,0.0,0.0,True
E3385,2.88,2.88,2.92,101.38888888888889,False
E3386,0.97,0.97,0.0,0.0,True
E3387,1.3900000000000001,1.3900000000000001,0.6400000000000001,46.043165467625904,False
E3388,3.79,3.79,0.0,0.0,True
E339,4.6,4.6,2.4799999999999995,53.91304347826086,False
E3390,3.0,3.0,0.0,0.0,True
E3391,6.34,6.340000000000001,1.1199999999999997,17.665615141955833,True
E3392,2.68,2.68,2.16,80.59701492537313,False
E3393,3.09,3.09,0.6799999999999999,22.006472491909385,False
E3394,6.44,5.24,8.14,126.3975155279503,False
E3395,1.5699999999999998,1.5699999999999998,1.7,108.28025477707007,False
E3396,5.08,5.08,1.9600000000000004,38.58267716535433,False
E3397,0.74,0.74,0.0,0.0,True
E3398,4.17,4.17,2.78,66.66666666666667,False
E3399,25.53,25.53,51.06,200.0,False
E34,1.99,1.99,1.56,78.39195979899498,False
E340,20.810000000000002,20.810000000000002,12.6,60.54781355117731,False
E3400,8.15,8.149999999999999,2.14,26.25766871165644,False
E3401,6.449999999999999,6.449999999999999,0.5999999999999999,9.302325581395348,True
E3402,0.5,0.5,0.36,72.0,False
E3403,2.04,2.04,0.3200000000000002,15.686274509803928,True
E3404,2.8600000000000003,2.8600000000000003,2.08,72.72727272727272,False
E3405,4.33,4.33,8.44,194.919168591224,False
E3406,3.21,3.21,1.0999999999999999,34.26791277258567,False
E3407,1.93,1.93,0.0,0.0,True
E3408,2.25,2.25,0.14,6.222222222222223,True
E3409,1.08,1.08,0.0,0.0,True
E341,6.640000000000001,6.64,0.900000000000001,13.554216867469894,True
E3410,0.9,0.9,0.0,0.0,True
E3411,5.35,5.35,0.0,0.0,True
E3413,1.56,1.56,0.0,0.0,True
E3414,2.44,2.44,0.0,0.0,True
E3415,2.61,2.61,2.12,81.22605363984675,False
E3416,9.719999999999999,9.72,9.32,95.88477366255145,False
E3417,2.59,2.59,0.0,0.0,True
E3418,1.73,1.73,0.42,24.277456647398843,False
E342,2.23,2.23,0.0,0.0,True
E3420,9.379999999999999,9.379999999999999,0.0,0.0,True
E3421,6.42,6.42,6.540000000000001,101.86915887850469,False
E3422,31.51,31.509999999999998,57.0,180.89495398286257,False
E3423,3.25,3.25,0.29999999999999993,9.230769230769228,True
E3424,9.75,9.75,5.26,53.94871794871795,False
E3425,3.4099999999999997,3.41,2.8000000000000003,82.11143695014664,False
E3426,2.78,2.78,0.04,1.4388489208633095,True
E3427,4.5200000000000005,4.5200000000000005,0.8200000000000001,18.14159292035398,True
E3428,1.15,1.15,0.0,0.0,True
E3429,6.130000000000001,6.130000000000001,3.7800000000000007,61.663947797716155,False
E343,1.26,1.26,0.0,0.0,True
E3430,4.87,4.87,7.220000000000001,148.2546201232033,False
E3431,2.37,2.37,1.0600000000000003,44.725738396624486,False
E3432,5.43,5.43,1.8599999999999999,34.25414364640884,False
E3433,4.02,4.02,3.02,75.12437810945275,False
E3434,1.33,1.33,0.0,0.0,True
E3435,3.17,3.17,0.9800000000000002,30.91482649842272,False
E3436,1.62,1.62,0.0,0.0,True
E3437,1.6600000000000001,1.66,0.94,56.62650602409638,False
E3438,2.31,2.31,0.0,0.0,True
E3439,13.45,13.45,9.84,73.15985130111524,False
E344,11.18,11.18,5.619999999999999,50.268336314847936,False
E3440,0.46,0.46,0.0,0.0,True
E3441,2.32,2.32,0.0,0.0,True
E3442,2.7600000000000002,2.76,0.8400000000000003,30.43478260869566,False
E3443,2.17,2.17,0.0,0.0,True
E3444,1.19,1.19,1.5999999999999999,134.45378151260505,False
E3445,2.11,2.11,0.0,0.0,True
E3446,6.42,6.42,4.140000000000001,64.48598130841123,False
E3447,1.88,1.8800000000000001,0.72,38.297872340425535,False
E3448,1.29,1.29,0.0,0.0,True
E3449,1.54,1.54,0.3800000000000001,24.675324675324685,False
E345,2.9,2.9,0.0,0.0,True
E3450,2.3899999999999997,2.39,3.84,160.66945606694563,False
E3451,1.95,1.9500000000000002,2.96,151.7948717948718,False
E3452,3.46,3.46,1.54,44.50867052023121,False
E3453,2.3,2.3,1.0799999999999996,46.95652173913042,False
E3454,2.9699999999999998,2.9699999999999998,1.2799999999999998,43.09764309764309,False
E3455,0.7,0.7,1.4,200.0,False
E3456,0.97,0.97,0.43999999999999995,45.360824742268036,False
E3457,1.67,1.67,0.0,0.0,True
E3458,1.51,1.51,0.6200000000000001,41.059602649006635,False
E3459,2.5700000000000003,2.57,5.140000000000001,199.99999999999997,False
E346,1.46,1.46,0.0,0.0,True
E3460,0.43,0.43,0.0,0.0,True
E3461,3.17,3.17,0.41999999999999993,13.249211356466875,True
E3462,7.36,7.359999999999999,1.8000000000000005,24.45652173913044,False
E3463,2.88,2.88,1.9799999999999998,68.74999999999999,False
E3464,1.76,1.76,0.34,19.318181818181817,True
E3465,1.4,1.4,0.9199999999999999,65.71428571428572,False
E3466,5.930000000000001,5.93,1.2399999999999993,20.910623946037084,False
E3467,3.5500000000000003,3.55,1.5400000000000003,43.38028169014085,False
E3468,2.32,2.32,0.0,0.0,True
E3469,2.8,2.8000000000000003,2.6400000000000006,94.2857142857143,False
E347,4.05,4.05,0.0,0.0,True
E3470,17.36,17.36,6.659999999999999,38.36405529953917,False
E3471,2.52,2.52,0.9400000000000001,37.301587301587304,False
E3472,1.98,1.98,1.5200000000000002,76.76767676767679,False
E3473,1.51,1.5099999999999998,0.36,23.841059602649008,False
E3474,1.9100000000000001,1.9100000000000001,0.7800000000000001,40.83769633507854,False
E3475,2.26,2.26,1.46,64.60176991150443,False
E3476,3.01,3.01,2.38,79.06976744186048,False
E3477,2.27,2.27,0.9199999999999999,40.52863436123348,False
E3478,2.23,2.23,0.0,0.0,True
E3479,2.8,2.8,2.0,71.42857142857143,False
E348,1.35,1.35,0.0,0.0,True
E3480,3.04,3.04,1.6799999999999997,55.263157894736835,False
E3481,7.75,7.75,0.36000000000000015,4.645161290322583,True
E3482,2.3,2.3,1.8999999999999997,82.6086956521739,False
E3483,7.47,7.47,4.9399999999999995,66.13119143239625,False
E3484,10.52,9.81,5.17,49.144486692015214,False
E3485,13.079999999999998,13.079999999999998,5.039999999999999,38.532110091743114,False
E3486,1.28,1.28,0.0,0.0,True
E3487,5.140000000000001,5.140000000000001,5.74,111.67315175097275,False
E3488,1.81,1.81,0.6399999999999998,35.359116022099435,False
E3489,1.72,1.72,0.0,0.0,True
E349,13.95,13.95,0.0,0.0,True
E3490,1.3499999999999999,1.3499999999999999,0.0,0.0,True
E3491,0.5,0.5,0.0,0.0,True
E3492,1.5399999999999998,1.54,0.2599999999999999,16.883116883116877,True
E3493,1.44,1.4400000000000002,0.17999999999999985,12.499999999999991,True
E3494,8.299999999999999,8.21,9.25,111.44578313253014,False
E3495,1.6400000000000001,1.6400000000000001,0.0,0.0,True
E3496,3.88,3.88,7.76,200.0,False
E3497,4.01,4.01,0.0,0.0,True
E3498,4.6,4.6,0.0,0.0,True
E3499,5.67,5.67,2.3000000000000003,40.564373897707235,False
E35,0.5,0.5,0.0,0.0,True
E350,8.96,8.96,5.82,64.95535714285714,False
E3500,2.56,2.56,0.0,0.0,True
E3501,39.35,39.35,78.7,200.0,False
E3502,27.37,27.37,51.9,189.62367555717938,False
E3503,250.68,250.67999999999998,5.320000000000025,2.12222754108825,True
E3504,1.2,1.2,0.0,0.0,True
E3505,4.0,4.0,4.38,109.5,False
E3507,5.970000000000001,5.970000000000001,0.0,0.0,True
E3508,4.98,4.98,0.0,0.0,True
E3509,0.01,0.01,0.0,0.0,True
E351,2.42,2.42,2.0,82.64462809917356,False
E3510,0.13,0.13,0.0,0.0,True
E3511,0.57,0.57,0.0,0.0,True
E3512,1.86,1.86,0.0,0.0,True
E3513,1.53,1.53,1.1,71.89542483660132,False
E3515,43.55,43.55,87.1,200.0,False
E3516,90.6,90.6,181.2,200.0,False
E3517,2.01,2.01,0.0,0.0,True
E3518,0.35,0.35,0.0,0.0,True
E3519,32.52,32.52,65.04,200.0,False
E352,12.84,12.84,2.04,15.88785046728972,True
E3520,46.93,46.93,77.58000000000001,165.31003622416367,False
E3521,1.4900000000000002,1.49,0.9800000000000001,65.77181208053692,False
E3522,2.91,2.91,2.18,74.91408934707904,False
E3523,7.54,7.540000000000001,6.44,85.41114058355437,False
E3524,3.1599999999999997,3.1599999999999997,0.0,0.0,True
E3525,1.54,1.54,0.0,0.0,True
E3526,5.82,5.82,2.8000000000000003,48.10996563573883,False
E3527,9.68,9.68,4.66,48.1404958677686,False
E3528,7.79,7.79,0.5000000000000001,6.418485237483956,True
E3529,0.26,0.26,0.0,0.0,True
E353,3.6300000000000003,3.6300000000000003,0.66,18.18181818181818,True
E3530,1.45,1.45,0.0,0.0,True
E3531,1.63,1.63,0.0,0.0,True
E3532,7.27,7.27,0.0,0.0,True
E3533,2.71,2.71,0.0,0.0,True
E3534,2.64,2.64,2.16,81.81818181818181,False
E3535,6.55,6.55,0.0,0.0,True
E3536,6.24,6.24,11.64,186.53846153846152,False
E3537,2.0,2.0,1.2600000000000002,63.000000000000014,False
E3538,10.56,10.56,2.1999999999999997,20.83333333333333,False
E3539,0.82,0.82,0.0,0.0,True
E354,2.25,2.25,0.0,0.0,True
E3540,5.670000000000001,5.670000000000001,0.12,2.1164021164021163,True
E3541,12.18,12.18,10.3,84.5648604269294,False
E3542,66.14,66.14,2.6200000000000023,3.9612942243725464,True
E3543,98.47,97.51,2.3999999999999937,2.4372905453437532,True
E3544,73.19,72.6,3.1500000000000012,4.303866648449244,True
E3545,6.140000000000001,6.140000000000001,7.46,121.49837133550487,False
E3546,0.43,0.43,0.0,0.0,True
E3547,2.45,2.45,0.6600000000000001,26.938775510204085,False
E3548,1.58,1.58,0.0,0.0,True
E3549,7.48,7.48,4.32,57.75401069518716,False
E355,8.08,8.08,14.06,174.009900990099,False
E3550,10.37,10.370000000000001,11.04,106.46094503375122,False
E3551,2.17,2.17,0.64,29.493087557603687,False
E3552,8.06,8.06,4.24,52.605459057071954,False
E3553,5.5,5.5,11.0,200.0,False
E3554,1.51,1.51,0.0,0.0,True
E3555,2.27,2.27,4.54,200.0,False
E3556,2.06,2.06,0.0,0.0,True
E3557,6.66,6.66,13.32,200.0,False
E3558,10.09,10.09,4.52,44.796828543111985,False
E3559,3.7699999999999996,3.77,1.2399999999999998,32.89124668435013,False
E356,6.72,6.72,3.94,58.63095238095238,False
E3560,4.03,4.03,1.3600000000000003,33.7468982630273,False
E3561,4.45,4.45,0.0,0.0,True
E3562,9.24,9.24,0.0,0.0,True
E3563,2.4000000000000004,2.4,1.52,63.33333333333332,False
E3564,3.58,3.58,3.56,99.44134078212291,False
E3565,2.35,2.35,0.0,0.0,True
E3566,0.29,0.29,0.0,0.0,True
E3567,1.9300000000000002,1.9300000000000002,2.1800000000000006,112.95336787564769,False
E3568,2.52,2.52,0.54,21.428571428571427,False
E3569,4.51,4.51,0.0,0.0,True
E357,4.51,4.51,0.6799999999999999,15.077605321507761,True
E3570,7.46,7.46,4.859999999999999,65.14745308310991,False
E3571,0.77,0.77,0.0,0.0,True
E3572,1.73,1.73,0.0,0.0,True
E3573,1.15,1.15,0.0,0.0,True
E3574,0.78,0.78,0.0,0.0,True
E3575,1.52,1.52,0.0,0.0,True
E3576,1.01,1.01,2.02,200.0,False
E3577,0.91,0.91,0.0,0.0,True
E3578,1.8699999999999999,1.8699999999999999,3.7399999999999998,200.0,False
E3579,0.22,0.22,0.0,0.0,True
E358,15.899999999999999,15.899999999999999,13.459999999999997,84.65408805031446,False
E3580,1.63,1.63,3.26,200.0,False
E3581,13.32,13.32,6.620000000000001,49.69969969969971,False
E3582,2.0500000000000003,2.05,4.1,199.99999999999994,False
E3583,1.7400000000000002,1.74,1.1,63.2183908045977,False
E3584,1.12,1.12,0.0,0.0,True
E3585,2.96,2.96,0.9199999999999999,31.08108108108108,False
E3586,9.32,9.32,13.92,149.35622317596565,False
E3587,1.31,1.31,0.0,0.0,True
E3588,2.48,2.48,2.3,92.74193548387096,False
E3589,1.21,1.21,0.0,0.0,True
E359,4.359999999999999,4.359999999999999,0.0,0.0,True
E3590,7.800000000000001,7.8,5.120000000000001,65.64102564102565,False
E3591,2.05,2.05,0.0,0.0,True
E3592,0.88,0.88,0.14,15.909090909090912,True
E3593,1.3599999999999999,1.3599999999999999,0.0,0.0,True
E3594,2.98,2.98,5.96,200.0,False
E3595,2.12,2.12,3.4,160.37735849056602,False
E3596,10.2,10.2,1.5199999999999998,14.901960784313724,True
E3597,5.8,5.8,1.1799999999999997,20.344827586206893,False
E3598,0.3,0.3,0.0,0.0,True
E3599,1.53,1.53,0.0,0.0,True
E36,5.68,5.680000000000001,8.88,156.3380281690141,False
E360,11.579999999999998,11.579999999999998,15.719999999999999,135.7512953367876,False
E3600,3.8000000000000003,3.8000000000000003,0.9000000000000001,23.68421052631579,False
E3601,3.04,3.04,3.96,130.26315789473685,False
E3602,5.52,5.52,0.0,0.0,True
E3603,1.16,1.16,0.0,0.0,True
E3604,3.13,3.13,0.0,0.0,True
E3605,9.35,9.35,6.459999999999999,69.09090909090908,False
E3606,3.05,3.05,0.14000000000000012,4.590163934426234,True
E3607,2.54,2.54,0.0,0.0,True
E3608,0.93,0.93,0.0,0.0,True
E3609,1.35,1.35,0.0,0.0,True
E361,7.48,7.48,0.0,0.0,True
E3610,4.83,4.83,3.6399999999999997,75.3623188405797,False
E3611,0.64,0.64,0.0,0.0,True
E3612,2.68,2.68,0.5,18.656716417910445,True
E3613,9.870000000000001,9.870000000000001,7.94,80.44579533941236,False
E3614,2.62,2.62,0.0,0.0,True
E3615,2.49,2.49,0.0,0.0,True
E3616,1.51,1.51,0.0,0.0,True
E3617,4.7700000000000005,4.7700000000000005,4.500000000000001,94.33962264150945,False
E3618,4.56,4.56,0.0,0.0,True
E3619,3.5199999999999996,3.52,3.8599999999999994,109.6590909090909,False
E362,10.11,10.11,6.06,59.940652818991104,False
E3620,1.51,1.51,0.0,0.0,True
E3621,8.51,8.51,3.8799999999999994,45.59341950646298,False
E3622,0.06,0.06,0.0,0.0,True
E3623,1.61,1.61,0.0,0.0,True
E3624,12.52,12.52,25.04,200.0,False
E3625,4.96,4.96,9.92,200.0,False
E3626,1.0999999999999999,1.0999999999999999,1.9,172.72727272727275,False
E3627,7.84,7.84,11.0,140.3061224489796,False
E3628,1.44,1.44,0.0,0.0,True
E3629,2.0,2.0,0.0,0.0,True
E363,6.03,6.03,12.06,200.0,False
E3630,0.98,0.98,0.0,0.0,True
E3631,0.93,0.93,0.0,0.0,True
E3632,1.11,1.11,2.22,200.0,False
E3633,10.35,10.35,6.840000000000001,66.08695652173914,False
E3634,1.8399999999999999,1.8399999999999999,0.0,0.0,True
E3636,2.0700000000000003,2.0700000000000003,4.140000000000001,200.0,False
E3637,4.68,4.68,4.22,90.17094017094017,False
E3638,7.49,7.49,1.0,13.35113484646195,True
E3639,2.2199999999999998,2.2199999999999998,1.5999999999999999,72.07207207207207,False
E364,24.5,24.5,49.0,200.0,False
E3640,4.1000000000000005,4.1,1.3600000000000003,33.170731707317074,False
E3641,0.89,0.89,0.0,0.0,True
E3642,1.67,1.67,0.0,0.0,True
E3643,1.99,1.99,0.0,0.0,True
E3644,2.8200000000000003,2.8200000000000003,0.0,0.0,True
E3645,4.43,4.430000000000001,3.4400000000000004,77.65237020316029,False
E3646,0.84,0.84,0.0,0.0,True
E3647,1.39,1.39,0.0,0.0,True
E3648,0.98,0.98,0.30000000000000004,30.612244897959187,False
E3649,0.69,0.69,0.0,0.0,True
E365,3.12,3.12,6.24,200.0,False
E3650,1.77,1.77,0.8999999999999997,50.84745762711863,False
E3651,0.66,0.66,0.0,0.0,True
E3652,1.9300000000000002,1.9300000000000002,0.0,0.0,True
E3653,7.0600000000000005,7.0600000000000005,3.6799999999999997,52.12464589235127,False
E3654,2.65,2.6500000000000004,1.5600000000000003,58.8679245283019,False
E3655,1.68,1.6800000000000002,2.56,152.38095238095238,False
E3656,2.1500000000000004,2.1500000000000004,1.7000000000000004,79.06976744186046,False
E3657,1.4100000000000001,1.41,0.7399999999999999,52.482269503546085,False
E3658,3.13,3.13,2.0199999999999996,64.53674121405749,False
E3659,1.07,1.07,0.6799999999999999,63.55140186915887,False
E366,1.2,1.2,2.4,200.0,False
E3660,1.5,1.5,0.98,65.33333333333333,False
E3661,1.58,1.58,0.0,0.0,True
E3662,11.2,11.2,1.18,10.535714285714286,True
E3663,3.6399999999999997,3.6399999999999997,3.4399999999999995,94.5054945054945,False
E3664,53.8,53.800000000000004,3.240000000000002,6.022304832713759,True
E3665,8.77,8.77,5.459999999999999,62.25769669327251,False
E3666,1.71,1.71,0.0,0.0,True
E3668,6.88,6.88,13.76,200.0,False
E3669,7.43,5.6899999999999995,9.68,130.28263795423956,False
E367,13.69,13.69,27.38,200.0,False
E3670,9.46,9.46,6.740000000000001,71.24735729386893,False
E3671,9.34,9.34,0.0,0.0,True
E3672,0.96,0.96,0.0,0.0,True
E3673,2.95,2.95,0.0,0.0,True
E3674,14.57,14.57,11.379999999999999,78.10569663692519,False
E3675,1.14,1.14,0.0,0.0,True
E3676,8.92,8.66,13.12,147.08520179372198,False
E3677,6.99,6.99,6.66,95.27896995708154,False
E3678,6.05,6.05,10.559999999999999,174.5454545454545,False
E3679,3.48,3.48,3.26,93.67816091954023,False
E368,2.86,2.86,5.72,200.0,False
E3680,6.12,6.12,11.0,179.73856209150327,False
E3681,1.82,1.82,0.0,0.0,True
E3682,2.3200000000000003,2.3200000000000003,4.640000000000001,200.0,False
E3683,6.91,6.91,0.4000000000000002,5.788712011577427,True
E3684,4.23,4.23,0.0,0.0,True
E3685,1.3399999999999999,1.3399999999999999,0.94,70.1492537313433,False
E3686,1.4300000000000002,1.4300000000000002,0.0,0.0,True
E3687,1.04,1.04,0.0,0.0,True
E3688,1.5899999999999999,1.5899999999999999,1.4,88.05031446540882,False
E3689,8.01,8.01,5.48,68.41448189762797,False
E369,6.7700000000000005,6.7700000000000005,13.540000000000001,200.0,False
E3690,0.6,0.6,0.0,0.0,True
E3691,4.24,4.24,8.48,200.0,False
E3692,7.01,7.01,0.38,5.4208273894436525,True
E3693,7.84,7.84,6.699999999999999,85.45918367346937,False
E3694,2.8000000000000003,2.8000000000000003,0.4,14.285714285714285,True
E3695,2.55,2.55,0.0,0.0,True
E3696,2.63,2.63,0.0,0.0,True
E3697,1.27,1.27,0.0,0.0,True
E3698,3.64,3.64,0.0,0.0,True
E3699,4.67,4.67,3.22,68.95074946466809,False
E37,2.0300000000000002,2.0300000000000002,1.4600000000000002,71.92118226600985,False
E370,3.1099999999999994,3.11,1.58,50.80385852090033,False
E3700,6.8100000000000005,6.8100000000000005,3.62,53.157121879588836,False
E3701,1.17,1.17,0.0,0.0,True
E3702,5.19,5.19,10.379999999999999,199.99999999999997,False
E3703,1.77,1.77,0.0,0.0,True
E3704,2.0,2.0,0.0,0.0,True
E3705,2.7,2.6999999999999997,0.1800000000000003,6.666666666666677,True
E3706,2.09,2.09,0.0,0.0,True
E3707,5.32,5.319999999999999,4.1,77.06766917293231,False
E3708,0.93,0.93,0.0,0.0,True
E3709,1.96,1.96,0.0,0.0,True
E371,3.2199999999999998,3.22,6.0600000000000005,188.19875776397518,False
E3710,4.27,4.27,0.0,0.0,True
E3711,2.1,2.1,0.0,0.0,True
E3712,1.35,1.35,0.0,0.0,True
E3713,3.41,3.41,0.36000000000000015,10.55718475073314,True
E3714,7.23,7.23,0.0,0.0,True
E3715,7.62,7.62,0.6599999999999999,8.661417322834644,True
E3716,1.9,1.9,3.8,200.0,False
E3717,0.68,0.68,0.0,0.0,True
E3718,9.15,9.15,7.28,79.56284153005464,False
E3719,1.04,1.04,0.0,0.0,True
E372,4.08,4.08,5.58,136.76470588235293,False
E3720,2.65,2.65,0.0,0.0,True
E3721,4.66,4.66,0.0,0.0,True
E3722,3.91,3.9099999999999997,7.819999999999999,199.99999999999997,False
E3723,4.8,4.8,3.1399999999999997,65.41666666666666,False
E3724,4.57,4.569999999999999,3.5599999999999996,77.89934354485776,False
E3725,7.539999999999999,7.54,5.880000000000001,77.98408488063663,False
E3726,3.23,3.23,0.0,0.0,True
E3727,0.87,0.87,0.0,0.0,True
E3728,2.33,2.33,1.1600000000000001,49.785407725321896,False
E3729,5.359999999999999,5.359999999999999,1.12,20.895522388059707,False
E373,12.990000000000002,12.99,25.98,199.99999999999997,False
E3730,0.38,0.38,0.0,0.0,True
E3731,5.3500000000000005,5.3500000000000005,0.0,0.0,True
E3732,3.73,3.73,0.0,0.0,True
E3733,3.24,3.24,0.0,0.0,True
E3734,2.14,2.14,0.0,0.0,True
E3735,3.61,3.6100000000000003,0.9399999999999997,26.038781163434898,False
E3736,2.88,2.88,4.96,172.22222222222223,False
E3737,5.709999999999999,5.71,11.42,200.00000000000003,False
E3738,2.31,2.31,0.0,0.0,True
E3739,4.14,4.14,3.0999999999999996,74.87922705314008,False
E374,6.63,6.63,13.26,200.0,False
E3740,9.73,9.73,11.24,115.51901336073998,False
E3741,5.039999999999999,5.039999999999999,4.059999999999999,80.55555555555554,False
E3742,2.79,2.79,0.0,0.0,True
E3743,1.47,1.47,2.94,200.0,False
E3744,12.22,12.22,0.32,2.6186579378068737,True
E3745,1.0,1.0,0.0,0.0,True
E3746,8.379999999999999,8.379999999999999,0.0,0.0,True
E3747,2.24,2.24,0.0,0.0,True
E3748,0.28,0.28,0.0,0.0,True
E3749,2.9800000000000004,2.9800000000000004,2.1000000000000005,70.46979865771813,False
E375,21.33,21.33,42.66,200.00000000000003,False
E3750,5.9399999999999995,5.94,7.0200000000000005,118.18181818181819,False
E3751,0.95,0.95,0.0,0.0,True
E3752,3.31,3.3099999999999996,0.6800000000000004,20.54380664652569,False
E3754,1.4000000000000001,1.4000000000000001,0.0,0.0,True
E3755,2.54,2.54,1.5,59.05511811023622,False
E3756,2.81,2.81,0.2599999999999999,9.252669039145903,True
E3757,2.33,2.33,0.0,0.0,True
E3758,2.3,2.3,0.0,0.0,True
E3759,0.64,0.64,1.28,200.0,False
E376,3.44,3.44,2.4000000000000004,69.76744186046513,False
E3760,6.4,6.4,0.0,0.0,True
E3761,0.89,0.89,0.64,71.91011235955057,False
E3762,10.31,10.309999999999999,10.26,99.51503394762366,False
E3763,1.55,1.55,0.0,0.0,True
E3764,23.23,23.23,18.32,78.86353852776581,False
E3765,1.9,1.9,0.5000000000000001,26.31578947368422,False
E3766,8.21,8.21,4.9,59.68331303288672,False
E3767,1.71,1.71,2.98,174.26900584795322,False
E3768,1.75,1.75,0.0,0.0,True
E3769,0.92,0.92,0.0,0.0,True
E377,5.86,5.86,11.72,200.0,False
E3770,2.2800000000000002,2.2800000000000002,0.0,0.0,True
E3771,3.08,3.08,5.140000000000001,166.88311688311688,False
E3772,6.47,6.47,0.0,0.0,True
E3773,1.22,1.22,0.0,0.0,True
E3774,4.65,4.6499999999999995,0.3200000000000001,6.88172043010753,True
E3775,13.43,13.43,5.120000000000001,38.12360387192853,False
E3776,6.03,6.03,7.199999999999999,119.40298507462684,False
E3777,4.05,4.050000000000001,5.800000000000001,143.2098765432099,False
E3778,2.04,2.04,0.8599999999999999,42.15686274509803,False
E3779,2.43,2.43,1.8600000000000003,76.54320987654322,False
E378,4.51,4.51,0.0,0.0,True
E3780,1.4900000000000002,1.4900000000000002,0.6600000000000001,44.29530201342282,False
E3781,3.18,3.1799999999999997,1.7799999999999998,55.974842767295584,False
E3782,1.12,1.12,0.0,0.0,True
E3783,0.69,0.69,0.0,0.0,True
E3784,5.74,5.739999999999999,1.5800000000000007,27.526132404181197,False
E3785,0.28,0.28,0.0,0.0,True
E3786,6.1899999999999995,6.19,0.6399999999999995,10.339256865912754,True
E3787,1.35,1.35,1.12,82.96296296296296,False
E3789,0.92,0.92,0.0,0.0,True
E379,2.23,2.23,2.52,113.00448430493273,False
E3790,2.02,2.02,0.0,0.0,True
E3791,3.0,3.0,0.0,0.0,True
E3792,1.02,1.02,0.0,0.0,True
E3793,3.4000000000000004,3.3999999999999995,1.8399999999999999,54.11764705882352,False
E3794,82.31,82.31,4.0200000000000085,4.88397521564817,True
E3795,17.099999999999998,17.099999999999998,26.4,154.3859649122807,False
E3796,3.1799999999999997,3.1799999999999997,1.94,61.00628930817611,False
E3797,2.06,2.06,0.7999999999999999,38.83495145631068,False
E3798,10.739999999999998,10.739999999999998,1.04,9.68342644320298,True
E3799,3.06,3.06,6.12,200.0,False
E38,2.26,2.26,3.0,132.7433628318584,False
E380,17.38,17.38,6.0,34.52243958573073,False
E3800,4.140000000000001,4.140000000000001,0.7199999999999999,17.391304347826082,True
E3801,8.49,8.49,8.26,97.2909305064782,False
E3802,3.83,3.83,0.0,0.0,True
E3803,1.27,1.27,0.0,0.0,True
E3804,4.68,4.68,0.0,0.0,True
E3805,4.0600000000000005,4.06,0.3200000000000006,7.881773399014793,True
E3806,1.05,1.05,0.0,0.0,True
E3807,18.060000000000002,18.06,36.120000000000005,200.0,False
E3808,2.77,2.77,0.0,0.0,True
E3809,2.2800000000000002,2.2800000000000002,4.5600000000000005,200.0,False
E381,3.4899999999999998,3.4899999999999998,0.37999999999999995,10.888252148997134,True
E3810,0.5,0.5,1.0,200.0,False
E3811,2.2199999999999998,2.2199999999999998,4.4399999999999995,200.0,False
E3812,1.75,1.75,0.0,0.0,True
E3813,1.53,1.53,0.0,0.0,True
E3814,3.0700000000000003,3.07,1.5599999999999998,50.81433224755699,False
E3815,4.68,4.68,3.24,69.23076923076924,False
E3816,6.74,6.74,0.8800000000000003,13.05637982195846,True
E3817,3.01,3.01,4.88,162.12624584717608,False
E3818,1.07,1.07,0.0,0.0,True
E3819,2.29,2.29,2.96,129.25764192139738,False
E382,3.29,3.29,0.0,0.0,True
E3820,2.22,2.22,1.1,49.54954954954955,False
E3821,8.58,8.58,0.0,0.0,True
E3822,2.3499999999999996,2.3499999999999996,0.94,40.00000000000001,False
E3823,6.95,6.95,13.9,200.0,False
E3824,0.93,0.93,1.86,200.0,False
E3825,1.63,1.63,0.0,0.0,True
E3826,1.35,1.35,0.0,0.0,True
E3827,2.33,2.33,0.0,0.0,True
E3828,1.68,1.68,3.36,200.0,False
E3829,1.98,1.98,0.0,0.0,True
E383,9.32,9.32,18.64,200.0,False
E3830,2.47,2.47,0.0,0.0,True
E3831,4.27,4.27,0.0,0.0,True
E3832,1.79,1.79,0.7200000000000001,40.22346368715085,False
E3833,4.74,4.74,0.9000000000000001,18.9873417721519,True
E3834,2.55,2.55,1.9399999999999997,76.07843137254902,False
E3835,2.05,2.05,0.0,0.0,True
E3836,0.63,0.63,0.0,0.0,True
E3837,8.74,8.74,1.9800000000000002,22.654462242562932,False
E3838,1.24,1.24,0.0,0.0,True
E384,0.75,0.75,0.0,0.0,True
E3840,2.08,2.08,0.0,0.0,True
E3841,0.66,0.66,0.0,0.0,True
E3842,1.1800000000000002,1.1800000000000002,0.0,0.0,True
E3843,2.29,2.29,1.8599999999999999,81.22270742358079,False
E3844,2.5999999999999996,2.5999999999999996,0.1,3.8461538461538467,True
E3845,4.66,4.66,0.0,0.0,True
E3846,1.31,1.31,0.0,0.0,True
E3847,1.1,1.1,0.0,0.0,True
E3848,5.17,5.17,0.0,0.0,True
E3849,2.5,2.5,0.0,0.0,True
E385,6.44,6.44,12.88,200.0,False
E3850,9.24,9.24,12.540000000000001,135.71428571428572,False
E3851,2.26,2.26,0.0,0.0,True
E3852,2.35,2.35,0.0,0.0,True
E3853,0.84,0.84,0.0,0.0,True
E3854,3.91,3.91,0.0,0.0,True
E3855,3.5300000000000002,3.5300000000000002,7.0600000000000005,200.0,False
E3856,2.26,2.26,0.0,0.0,True
E3857,2.98,2.98,0.0,0.0,True
E3858,0.54,0.54,0.0,0.0,True
E3859,2.87,2.87,1.8200000000000003,63.41463414634147,False
E386,0.38,0.38,0.0,0.0,True
E3860,4.74,4.739999999999999,3.84,81.01265822784809,False
E3861,3.67,3.67,2.0,54.49591280653951,False
E3862,0.8300000000000001,0.8300000000000001,0.0,0.0,True
E3863,0.3,0.3,0.0,0.0,True
E3864,1.9200000000000002,1.9200000000000002,0.6600000000000001,34.37500000000001,False
E3865,3.1999999999999997,3.1999999999999997,0.0,0.0,True
E3866,1.62,1.62,0.0,0.0,True
E3867,0.83,0.83,0.8200000000000001,98.79518072289157,False
E3868,0.62,0.6200000000000001,0.38,61.29032258064516,False
E3869,1.69,1.69,0.8999999999999997,53.25443786982247,False
E387,3.06,3.06,6.12,200.0,False
E3870,3.0900000000000003,3.09,2.0600000000000005,66.66666666666669,False
E3871,1.88,1.88,0.0,0.0,True
E3872,1.9,1.9,0.0,0.0,True
E3873,3.1100000000000003,3.11,2.0600000000000005,66.23794212218651,False
E3874,2.3,2.3,0.0,0.0,True
E3875,0.25,0.25,0.0,0.0,True
E3876,6.5,6.5,3.6599999999999997,56.3076923076923,False
E3877,4.18,4.18,0.0,0.0,True
E3878,1.08,1.08,1.1600000000000001,107.40740740740742,False
E3879,0.64,0.64,0.0,0.0,True
E388,6.23,6.23,12.46,200.0,False
E3880,0.31,0.31,0.0,0.0,True
E3881,5.7,5.7,1.9800000000000002,34.736842105263165,False
E3882,2.31,2.31,0.0,0.0,True
E3883,1.8399999999999999,1.84,0.3199999999999999,17.391304347826082,True
E3884,2.93,2.93,3.24,110.580204778157,False
E3885,1.09,1.09,0.0,0.0,True
E3886,4.92,4.41,9.33,189.6341463414634,False
E3887,3.7399999999999998,3.74,2.1200000000000006,56.68449197860964,False
E3888,7.27,7.27,0.0,0.0,True
E3889,2.27,2.27,0.0,0.0,True
E389,3.6,3.6,7.2,200.0,False
E3890,1.04,1.04,0.0,0.0,True
E3891,1.32,1.32,0.0,0.0,True
E3892,7.84,7.78,1.8800000000000001,23.979591836734695,False
E3893,15.23,14.52,9.030000000000001,59.29087327642811,False
E3894,0.16,0.16,0.0,0.0,True
E3895,0.08,0.08,0.0,0.0,True
E3896,1.38,1.38,0.0,0.0,True
E3897,14.41,14.41,11.68,81.05482303955586,False
E3898,0.9500000000000001,0.9500000000000001,1.9000000000000001,200.0,False
E3899,0.96,0.96,0.0,0.0,True
E39,4.07,4.07,0.0,0.0,True
E390,4.29,4.29,8.58,200.0,False
E3900,1.07,1.07,0.0,0.0,True
E3901,2.0,2.0,0.0,0.0,True
E3902,8.809999999999999,8.81,1.419999999999999,16.118047673098744,True
E3903,3.62,3.6199999999999997,6.4399999999999995,177.90055248618785,False
E3904,0.12,0.12,0.0,0.0,True
E3905,0.76,0.76,0.0,0.0,True
E3906,1.4300000000000002,1.43,0.4000000000000002,27.972027972027984,False
E3907,1.72,1.72,0.0,0.0,True
E3908,0.02,0.02,0.0,0.0,True
E3909,0.47,0.47000000000000003,0.08000000000000004,17.021276595744688,True
E391,11.149999999999999,11.149999999999999,22.299999999999997,199.99999999999997,False
E3910,1.27,1.27,0.0,0.0,True
E3911,1.3399999999999999,1.3399999999999999,0.41999999999999993,31.34328358208955,False
E3912,0.42,0.42,0.0,0.0,True
E3913,16.099999999999998,16.1,5.98,37.142857142857146,False
E3914,4.27,4.27,2.5799999999999996,60.4215456674473,False
E3915,8.37,8.370000000000001,5.5,65.71087216248507,False
E3916,6.26,6.26,0.0,0.0,True
E3917,5.37,5.37,1.4,26.070763500931097,False
E3918,4.9,4.9,9.8,200.0,False
E3919,6.37,6.37,12.74,200.0,False
E392,13.790000000000001,13.79,10.88,78.89775199419869,False
E3920,5.41,5.41,6.98,129.02033271719037,False
E3921,8.26,8.26,16.52,200.0,False
E3922,4.470000000000001,4.470000000000001,4.58,102.46085011185681,False
E3923,3.71,3.71,2.6399999999999997,71.15902964959567,False
E3924,0.77,0.77,0.0,0.0,True
E3925,1.75,1.75,0.0,0.0,True
E3926,2.16,2.16,1.4,64.81481481481481,False
E3927,2.99,2.99,3.36,112.37458193979933,False
E3928,0.8,0.8,0.0,0.0,True
E3929,1.19,1.19,0.0,0.0,True
E393,1.25,1.25,0.54,43.2,False
E3930,2.94,2.94,2.2199999999999998,75.51020408163265,False
E3931,3.94,3.94,1.2999999999999998,32.99492385786802,False
E3932,1.03,1.03,0.0,0.0,True
E3933,1.9,1.9,0.0,0.0,True
E3934,10.86,10.860000000000001,3.3400000000000016,30.755064456721932,False
E3935,1.51,1.51,0.0,0.0,True
E3936,2.0,2.0,0.0,0.0,True
E3937,2.08,2.08,0.0,0.0,True
E3938,3.1100000000000003,3.11,3.26,104.82315112540192,False
E3939,2.88,2.88,1.7999999999999998,62.49999999999999,False
E394,1.83,1.83,0.52,28.415300546448087,False
E3940,2.7600000000000002,2.7600000000000002,1.12,40.57971014492754,False
E3941,0.67,0.67,0.0,0.0,True
E3942,6.89,6.89,2.52,36.574746008708274,False
E3943,4.59,4.59,3.3799999999999994,73.6383442265795,False
E3944,0.4,0.4,0.0,0.0,True
E3945,8.3,8.299999999999999,4.0600000000000005,48.915662650602414,False
E3946,1.59,1.59,1.82,114.46540880503144,False
E3947,8.56,8.56,9.260000000000002,108.17757009345794,False
E3948,9.36,9.36,12.12,129.4871794871795,False
E3949,0.9099999999999999,0.9099999999999999,0.0,0.0,True
E395,7.42,7.42,2.0600000000000005,27.762803234501355,False
E3950,1.22,1.22,0.0,0.0,True
E3951,3.8899999999999997,3.8899999999999997,0.0,0.0,True
E3952,3.12,3.12,0.0,0.0,True
E3953,2.75,2.75,0.0,0.0,True
E3954,7.799999999999999,7.8,10.06,128.97435897435898,False
E3956,29.41,29.41,26.020000000000003,88.47330839850393,False
E3957,8.36,8.36,3.3599999999999994,40.19138755980861,False
E3958,8.02,7.91,1.2500000000000004,15.58603491271821,True
E3959,7.64,7.64,1.0199999999999998,13.350785340314134,True
E396,3.37,3.37,3.0399999999999996,90.20771513353114,False
E3960,9.46,9.459999999999999,8.58,90.69767441860465,False
E3961,0.25,0.25,0.0,0.0,True
E3962,6.95,6.95,1.3200000000000003,18.992805755395686,True
E3963,3.0100000000000002,3.0100000000000002,2.3800000000000003,79.06976744186046,False
E3964,3.13,3.13,1.82,58.146964856230035,False
E3965,3.3200000000000003,3.3200000000000003,0.0,0.0,True
E3966,1.28,1.28,0.0,0.0,True
E3967,2.15,2.15,0.0,0.0,True
E3968,2.05,2.05,3.1,151.21951219512195,False
E3969,1.13,1.13,0.0,0.0,True
E397,4.7,4.7,1.1599999999999997,24.68085106382978,False
E3970,1.34,1.34,0.0,0.0,True
E3971,2.34,2.34,4.68,200.0,False
E3972,9.06,9.06,5.300000000000001,58.49889624724063,False
E3973,9.559999999999999,9.559999999999999,6.3199999999999985,66.10878661087865,False
E3974,0.5,0.5,0.0,0.0,True
E3975,4.7,3.8899999999999997,3.83,81.48936170212765,False
E3976,4.35,4.3500000000000005,0.9799999999999993,22.528735632183892,False
E3977,16.11,16.11,9.54,59.21787709497206,False
E3978,1.38,1.38,0.7599999999999999,55.07246376811594,False
E3979,3.9400000000000004,3.94,1.9000000000000001,48.223350253807105,False
E398,5.48,5.48,4.540000000000001,82.84671532846717,False
E3980,1.33,1.33,0.0,0.0,True
E3981,4.08,4.08,5.8,142.15686274509804,False
E3982,8.23,8.23,16.46,200.0,False
E3983,2.94,2.94,0.22,7.482993197278912,True
E3984,7.08,7.08,14.16,200.0,False
E3985,1.4300000000000002,1.4300000000000002,1.9400000000000002,135.66433566433568,False
E3986,3.02,3.02,2.4000000000000004,79.4701986754967,False
E3987,3.17,3.17,0.0,0.0,True
E3988,6.590000000000001,6.59,1.6399999999999995,24.88619119878603,False
E3989,11.350000000000001,11.35,7.98,70.30837004405285,False
E399,2.63,2.63,1.36,51.71102661596959,False
E3990,3.3899999999999997,3.3899999999999997,0.0,0.0,True
E3991,1.56,1.56,0.2000000000000001,12.820512820512826,True
E3992,0.78,0.78,0.0,0.0,True
E3993,2.46,2.46,0.0,0.0,True
E3994,7.329999999999999,7.329999999999999,0.0,0.0,True
E3995,3.11,3.11,0.0,0.0,True
E3996,0.9,0.9,1.58,175.55555555555554,False
E3997,17.29,17.29,11.739999999999998,67.90052053209946,False
E3998,3.48,3.48,3.56,102.29885057471265,False
E3999,1.17,1.17,1.02,87.17948717948718,False
E4,1.46,1.46,0.0,0.0,True
E40,12.77,12.77,5.120000000000001,40.09397024275647,False
E400,11.58,11.58,6.0,51.81347150259067,False
E4000,0.67,0.67,0.0,0.0,True
E4001,0.69,0.69,0.0,0.0,True
E4002,3.1,3.1,0.0,0.0,True
E4003,0.72,0.72,0.0,0.0,True
E4004,2.31,2.31,0.68,29.437229437229437,False
E4005,0.81,0.81,0.0,0.0,True
E4006,1.55,1.55,0.0,0.0,True
E4007,6.42,6.42,0.0,0.0,True
E4008,0.5800000000000001,0.5800000000000001,1.1600000000000001,200.0,False
E4009,1.81,1.81,0.0,0.0,True
E401,6.68,6.68,0.0,0.0,True
E4010,4.54,4.54,1.6799999999999997,37.004405286343605,False
E4011,2.05,2.0500000000000003,1.4000000000000004,68.29268292682929,False
E4012,0.74,0.74,0.0,0.0,True
E4013,4.15,4.1499999999999995,8.299999999999999,199.99999999999994,False
E4014,6.73,6.73,0.0,0.0,True
E4015,0.73,0.73,0.0,0.0,True
E4017,1.5,1.5,0.0,0.0,True
E4018,0.19,0.19,0.0,0.0,True
E4019,0.68,0.68,0.0,0.0,True
E402,2.27,2.27,0.7800000000000001,34.36123348017622,False
E4020,3.34,3.34,6.68,200.0,False
E4021,0.02,0.02,0.0,0.0,True
E4022,3.13,3.13,1.7999999999999998,57.507987220447276,False
E4023,5.359999999999999,5.359999999999999,0.0,0.0,True
E4024,1.7799999999999998,1.7799999999999998,3.1799999999999997,178.65168539325845,False
E4025,1.48,1.4800000000000002,0.5400000000000001,36.4864864864865,False
E4026,8.93,8.93,0.0,0.0,True
E4027,1.75,1.75,0.5800000000000001,33.142857142857146,False
E4028,1.5899999999999999,1.5899999999999999,0.39999999999999997,25.157232704402517,False
E4029,5.51,5.51,0.0,0.0,True
E403,9.0,9.0,0.8200000000000001,9.11111111111111,True
E4030,6.0,6.0,4.78,79.66666666666667,False
E4031,1.47,1.47,0.0,0.0,True
E4032,1.48,1.48,0.48,32.432432432432435,False
E4033,1.28,1.28,0.45999999999999996,35.9375,False
E4034,3.3,3.3,1.38,41.81818181818182,False
E4035,7.13,7.13,2.42,33.94109396914446,False
E4036,0.82,0.82,0.0,0.0,True
E4037,0.45,0.45,0.0,0.0,True
E4038,1.26,1.26,0.0,0.0,True
E4039,4.87,4.870000000000001,3.7600000000000002,77.20739219712526,False
E404,2.6399999999999997,2.64,2.8600000000000003,108.33333333333337,False
E4040,3.3000000000000003,3.3000000000000003,6.6000000000000005,199.99999999999997,False
E4041,1.36,1.36,0.0,0.0,True
E4042,6.090000000000001,6.09,4.4,72.2495894909688,False
E4043,2.21,2.21,0.0,0.0,True
E4044,0.53,0.53,0.0,0.0,True
E4045,2.58,2.58,0.08000000000000004,3.100775193798451,True
E4046,0.5,0.5,0.0,0.0,True
E4047,1.28,1.28,0.0,0.0,True
E4048,4.71,4.71,0.0,0.0,True
E4049,2.88,2.88,0.0,0.0,True
E405,1.51,1.51,1.1,72.8476821192053,False
E4050,2.8099999999999996,2.8099999999999996,0.01999999999999979,0.7117437722419855,True
E4051,0.26,0.26,0.0,0.0,True
E4052,2.15,2.15,0.0,0.0,True
E4053,1.85,1.85,0.0,0.0,True
E4054,7.59,7.59,3.58,47.16732542819499,False
E4055,19.78,19.78,14.16,71.58746208291203,False
E4056,3.66,3.66,7.32,200.0,False
E4057,18.439999999999998,18.44,36.88,200.00000000000006,False
E4058,3.2800000000000002,3.28,1.1999999999999997,36.58536585365852,False
E4059,3.15,3.15,0.0,0.0,True
E406,4.31,4.3100000000000005,1.0599999999999996,24.593967517401385,False
E4060,1.26,1.26,0.0,0.0,True
E4061,4.42,4.42,7.08,160.18099547511312,False
E4062,1.51,1.51,0.0,0.0,True
E4063,0.8799999999999999,0.8799999999999999,0.94,106.81818181818183,False
E4064,7.93,7.93,2.1799999999999997,27.490542244640604,False
E4065,2.7,2.7,0.0,0.0,True
E4066,1.66,1.66,0.0,0.0,True
E4067,0.54,0.54,0.0,0.0,True
E4068,1.09,1.09,0.0,0.0,True
E4069,8.16,8.16,6.640000000000001,81.37254901960785,False
E407,7.67,7.67,0.8800000000000004,11.473272490221648,True
E4070,5.67,5.67,9.16,161.5520282186949,False
E4071,8.42,8.42,6.4,76.00950118764845,False
E4072,4.32,4.32,1.08,25.0,False
E4073,10.32,10.32,11.48,111.24031007751938,False
E4074,7.99,7.99,1.5,18.773466833541928,True
E4075,3.2,3.2,0.0,0.0,True
E4076,1.13,1.13,0.0,0.0,True
E4077,1.2999999999999998,1.2999999999999998,0.0,0.0,True
E4078,3.89,3.89,0.24,6.169665809768637,True
E4079,0.85,0.85,0.0,0.0,True
E408,12.26,12.26,9.46,77.1615008156607,False
E4080,0.54,0.54,0.0,0.0,True
E4081,11.9,11.899999999999999,1.5600000000000012,13.109243697479,True
E4082,6.53,6.53,2.1000000000000005,32.1592649310873,False
E4083,2.41,2.41,4.04,167.63485477178423,False
E4084,0.3,0.3,0.0,0.0,True
E4085,1.25,1.25,0.0,0.0,True
E4086,2.39,2.39,2.16,90.37656903765689,False
E4087,2.25,2.25,0.0,0.0,True
E4088,2.5,2.5,0.5999999999999996,23.999999999999986,False
E4089,1.0,1.0,2.0,200.0,False
E409,3.21,3.21,2.38,74.14330218068535,False
E4090,0.66,0.66,0.0,0.0,True
E4091,1.12,1.12,0.0,0.0,True
E4092,3.29,3.29,1.12,34.04255319148937,False
E4093,3.3600000000000003,3.3600000000000003,1.4000000000000004,41.66666666666667,False
E4094,8.79,8.79,0.0,0.0,True
E4095,0.91,0.91,0.0,0.0,True
E4096,2.5700000000000003,2.5700000000000003,1.2800000000000002,49.80544747081713,False
E4097,3.5999999999999996,3.6,1.4000000000000001,38.88888888888889,False
E4098,3.4699999999999998,3.4699999999999998,6.9399999999999995,200.00000000000003,False
E4099,1.4,1.4,0.37999999999999995,27.14285714285714,False
E41,2.57,2.57,0.0,0.0,True
E410,4.34,4.34,0.0,0.0,True
E4100,2.02,2.02,0.0,0.0,True
E4101,2.18,2.18,0.0,0.0,True
E4102,1.87,1.87,0.0,0.0,True
E4103,1.35,1.35,0.0,0.0,True
E4104,6.75,6.75,3.5199999999999996,52.14814814814814,False
E4105,2.54,2.2800000000000002,4.82,189.76377952755905,False
E4106,3.29,3.29,6.58,200.0,False
E4107,9.790000000000001,9.790000000000001,18.76,191.62410623084781,False
E4108,3.55,3.5500000000000003,2.24,63.09859154929578,False
E4109,4.05,4.05,0.0,0.0,True
E411,13.96,13.96,14.96,107.16332378223495,False
E4110,0.5800000000000001,0.5800000000000001,0.0,0.0,True
E4111,12.9,12.9,8.3,64.34108527131784,False
E4112,4.56,4.5600000000000005,1.3600000000000003,29.82456140350878,False
E4113,1.97,1.97,2.42,122.84263959390863,False
E4114,24.59,24.59,49.18,200.0,False
E4115,6.09,6.09,0.4800000000000002,7.881773399014782,True
E4116,4.57,4.57,0.0,0.0,True
E4117,3.31,3.31,0.0,0.0,True
E4118,6.01,6.01,0.0,0.0,True
E4119,4.57,4.57,9.14,200.0,False
E412,6.34,6.34,0.0,0.0,True
E4120,6.82,6.82,13.64,200.0,False
E4121,3.0700000000000003,3.0700000000000003,6.140000000000001,199.99999999999997,False
E4122,2.37,2.37,0.0,0.0,True
E4123,0.58,0.58,0.0,0.0,True
E4124,0.18,0.18,0.0,0.0,True
E4125,4.75,4.75,3.66,77.05263157894737,False
E4126,2.9,2.9,3.28,113.10344827586208,False
E4127,1.12,1.12,2.24,200.0,False
E4128,16.29,16.29,12.279999999999998,75.38367096378146,False
E4129,1.97,1.97,3.94,200.0,False
E413,9.540000000000001,9.54,2.7799999999999985,29.140461215932895,False
E4130,5.51,5.51,0.5399999999999996,9.800362976406527,True
E4131,2.3899999999999997,2.39,1.6400000000000001,68.6192468619247,False
E4132,18.73,18.73,24.36,130.05872931126535,False
E4133,1.22,1.22,0.0,0.0,True
E4134,4.87,4.87,0.0,0.0,True
E4135,4.64,4.64,0.0,0.0,True
E4136,9.149999999999999,6.96,16.11,176.06557377049182,False
E4137,1.28,1.28,0.94,73.4375,False
E4138,2.68,2.68,0.0,0.0,True
E4139,3.1799999999999997,3.1799999999999997,0.0,0.0,True
E414,5.05,5.05,10.1,200.0,False
E4140,2.6,2.46,4.779999999999999,183.8461538461538,False
E4141,7.640000000000001,7.640000000000001,2.0400000000000005,26.70157068062828,False
E4142,12.479999999999999,12.479999999999999,0.23999999999999921,1.9230769230769171,True
E4143,1.55,1.55,0.0,0.0,True
E4144,4.05,4.05,0.0,0.0,True
E4145,1.37,1.37,0.0,0.0,True
E4146,11.31,11.31,0.0,0.0,True
E4147,1.32,1.32,0.0,0.0,True
E4148,0.7,0.7,0.0,0.0,True
E4149,4.52,4.52,9.04,200.0,False
E415,16.36,15.45,15.95,97.49388753056235,False
E4150,0.41,0.41,0.0,0.0,True
E4151,4.55,4.55,1.3999999999999997,30.769230769230763,False
E4152,3.3,3.3,1.8000000000000003,54.545454545454554,False
E4153,3.3800000000000003,3.38,1.3000000000000003,38.46153846153847,False
E4154,2.5,2.5,0.2599999999999999,10.399999999999995,True
E4155,27.110000000000003,27.11,20.56,75.83917373662854,False
E4156,0.36,0.36,0.0,0.0,True
E4157,2.23,2.23,0.23999999999999988,10.762331838565018,True
E4158,8.66,8.52,1.8599999999999992,21.478060046189366,False
E4159,0.45,0.45,0.0,0.0,True
E416,11.870000000000001,11.870000000000001,0.0,0.0,True
E4160,1.88,1.88,0.0,0.0,True
E4161,3.87,3.87,0.0,0.0,True
E4162,3.2199999999999998,3.2199999999999998,4.22,131.055900621118,False
E4163,7.26,7.26,1.42,19.55922865013774,True
E4164,1.98,1.98,0.0,0.0,True
E4165,4.76,4.76,0.0,0.0,True
E4166,9.33,9.329999999999998,3.579999999999999,38.370846730975344,False
E4167,0.8400000000000001,0.8400000000000001,0.0,0.0,True
E4168,1.09,1.09,1.32,121.10091743119266,False
E4169,6.91,6.91,3.8200000000000003,55.2821997105644,False
E417,2.8099999999999996,2.81,0.6999999999999996,24.91103202846974,False
E4170,8.790000000000001,8.79,8.62,98.06598407280998,False
E4171,1.13,1.13,0.0,0.0,True
E4172,1.18,1.18,0.0,0.0,True
E4173,6.72,6.72,2.66,39.583333333333336,False
E4174,9.6,9.600000000000001,5.94,61.875,False
E4175,1.18,1.18,0.0,0.0,True
E4176,1.8599999999999999,1.8599999999999999,0.6999999999999998,37.63440860215053,False
E4177,16.95,16.95,6.16,36.34218289085546,False
E4178,2.94,2.94,0.0,0.0,True
E4179,1.41,1.41,2.82,200.0,False
E418,3.45,3.45,0.0,0.0,True
E4180,2.8899999999999997,2.89,2.72,94.11764705882354,False
E4181,1.25,1.25,0.0,0.0,True
E4182,3.68,3.6799999999999997,7.359999999999999,200.0,False
E4183,5.19,5.19,2.6400000000000006,50.867052023121396,False
E4184,3.06,3.06,0.4000000000000002,13.071895424836608,True
E4185,0.69,0.69,0.0,0.0,True
E4186,1.27,1.27,0.0,0.0,True
E4187,0.18,0.18,0.0,0.0,True
E4188,1.36,1.36,0.0,0.0,True
E4189,0.93,0.93,0.0,0.0,True
E419,1.7400000000000002,1.74,2.14,122.98850574712642,False
E4190,8.5,8.5,0.0,0.0,True
E4191,1.06,1.06,0.0,0.0,True
E4192,1.55,1.55,3.1,200.0,False
E4193,1.51,1.51,0.0,0.0,True
E4194,2.9,2.9,2.76,95.17241379310344,False
E4195,1.36,1.36,0.0,0.0,True
E4196,2.89,2.89,5.78,200.0,False
E4197,17.91,17.91,0.0,0.0,True
E4198,2.37,2.37,1.5799999999999998,66.66666666666666,False
E4199,3.24,3.24,2.04,62.96296296296296,False
E42,3.2199999999999998,3.2199999999999998,0.0,0.0,True
E420,3.9699999999999998,3.9699999999999998,0.0,0.0,True
E4200,1.6099999999999999,1.6099999999999999,0.0,0.0,True
E4201,2.04,2.04,0.0,0.0,True
E4202,1.87,1.87,0.0,0.0,True
E4203,4.18,4.18,2.06,49.282296650717704,False
E4204,4.81,4.81,7.8999999999999995,164.24116424116426,False
E4205,1.89,1.89,0.0,0.0,True
E4206,11.44,11.44,0.0,0.0,True
E4207,7.73,7.73,2.38,30.78913324708926,False
E4208,1.58,1.58,0.44,27.848101265822784,False
E4209,1.18,1.18,0.0,0.0,True
E421,7.52,7.52,3.1200000000000006,41.48936170212767,False
E4210,7.16,7.159999999999999,7.08,98.88268156424581,False
E4211,3.8200000000000003,3.8200000000000003,0.5200000000000002,13.612565445026183,True
E4212,1.85,1.85,0.0,0.0,True
E4213,2.5,2.5,3.02,120.8,False
E4215,8.23,8.23,10.88,132.19927095990278,False
E4216,12.78,12.78,25.56,200.0,False
E4217,0.52,0.52,0.0,0.0,True
E4218,2.88,2.88,5.76,200.0,False
E4219,5.34,5.34,0.0,0.0,True
E422,0.77,0.77,0.0,0.0,True
E4220,1.17,1.17,0.0,0.0,True
E4221,1.22,1.22,0.0,0.0,True
E4222,1.1099999999999999,1.1099999999999999,0.0,0.0,True
E4223,1.3900000000000001,1.3900000000000001,2.7800000000000002,199.99999999999997,False
E4225,0.71,0.71,0.0,0.0,True
E4226,3.33,3.33,0.0,0.0,True
E4227,0.42,0.42,0.0,0.0,True
E4228,1.44,1.44,0.0,0.0,True
E4229,1.37,1.37,0.0,0.0,True
E423,3.22,3.2199999999999998,2.08,64.59627329192546,False
E4230,7.41,7.1000000000000005,5.750000000000001,77.5978407557355,False
E4231,6.609999999999999,6.609999999999999,0.0,0.0,True
E4232,2.34,2.3400000000000003,1.0600000000000003,45.299145299145316,False
E4233,3.0200000000000005,3.0200000000000005,0.0,0.0,True
E4234,0.15,0.15,0.0,0.0,True
E4235,1.05,1.05,0.0,0.0,True
E4236,3.19,3.19,3.52,110.3448275862069,False
E4237,0.99,0.99,0.0,0.0,True
E4238,0.91,0.91,0.0,0.0,True
E4239,4.0200000000000005,4.0200000000000005,6.880000000000001,171.14427860696517,False
E424,2.98,2.98,0.5999999999999999,20.134228187919458,False
E4240,7.79,7.79,6.86,88.06161745827984,False
E4241,43.08,43.080000000000005,23.480000000000004,54.50324976787373,False
E4242,3.78,3.78,0.0,0.0,True
E4243,3.18,3.18,0.0,0.0,True
E4244,6.51,6.51,5.9399999999999995,91.24423963133641,False
E4245,1.08,1.08,2.16,200.0,False
E4246,0.96,0.96,1.8,187.5,False
E4247,0.98,0.98,0.0,0.0,True
E4248,0.87,0.87,1.74,200.0,False
E4249,1.88,1.88,0.0,0.0,True
E425,10.61,10.61,2.84,26.767200754005657,False
E4250,3.23,3.23,0.36000000000000015,11.145510835913317,True
E4251,5.4399999999999995,5.44,10.879999999999999,200.00000000000003,False
E4252,1.03,1.03,0.8400000000000001,81.55339805825244,False
E4253,3.02,3.02,6.04,200.0,False
E4254,1.02,1.02,0.0,0.0,True
E4255,7.1899999999999995,7.1899999999999995,2.24,31.15438108484006,False
E4256,12.42,12.42,20.02,161.19162640901772,False
E4257,3.01,3.0100000000000002,2.1800000000000006,72.42524916943523,False
E4258,12.83,12.830000000000002,11.82,92.1278254091972,False
E4259,0.81,0.81,0.0,0.0,True
E426,3.16,3.16,2.1000000000000005,66.45569620253166,False
E4260,0.83,0.83,0.0,0.0,True
E4261,1.54,1.54,0.6400000000000001,41.558441558441565,False
E4262,1.09,1.09,0.38,34.862385321100916,False
E4263,0.29,0.29,0.0,0.0,True
E4264,1.3,1.3,0.0,0.0,True
E4265,5.92,5.92,2.0199999999999996,34.121621621621614,False
E4266,1.07,1.07,0.0,0.0,True
E4267,3.21,3.21,5.34,166.3551401869159,False
E4268,2.19,2.19,0.0,0.0,True
E4269,1.92,1.92,0.0,0.0,True
E427,0.95,0.95,0.0,0.0,True
E4270,7.47,7.47,0.0,0.0,True
E4271,3.75,3.75,0.0,0.0,True
E4272,0.87,0.87,0.0,0.0,True
E4273,1.29,1.29,0.0,0.0,True
E4274,5.45,5.45,3.7,67.88990825688073,False
E4275,18.61,7.43,26.04,139.92477162815692,False
E4276,1.28,1.28,0.0,0.0,True
E4277,1.7000000000000002,1.7000000000000002,1.6,94.11764705882352,False
E4278,3.07,3.07,0.0,0.0,True
E4279,3.71,3.7100000000000004,2.2800000000000002,61.45552560646901,False
E428,48.28,48.28,18.519999999999996,38.35956917978458,False
E4280,2.95,2.95,0.0,0.0,True
E4281,28.44,28.44,0.9600000000000004,3.375527426160339,True
E4282,1.83,1.83,0.0,0.0,True
E4283,1.29,1.29,0.0,0.0,True
E4284,16.19,16.19,1.740000000000001,10.747374922791852,True
E4285,2.45,2.45,1.54,62.857142857142854,False
E4286,6.18,6.18,2.9599999999999995,47.89644012944983,False
E4287,9.27,9.27,1.3199999999999998,14.239482200647247,True
E4288,3.66,3.66,1.18,32.240437158469945,False
E4289,6.85,6.85,0.0,0.0,True
E429,2.0700000000000003,2.0700000000000003,0.0,0.0,True
E4290,8.66,8.66,0.0,0.0,True
E4291,0.3,0.3,0.0,0.0,True
E4292,6.84,6.84,2.1599999999999997,31.578947368421048,False
E4293,2.56,2.56,0.0,0.0,True
E4294,2.68,2.68,0.0,0.0,True
E4295,0.86,0.86,0.0,0.0,True
E4296,9.6,9.6,7.140000000000001,74.375,False
E4297,0.74,0.74,0.0,0.0,True
E4298,0.99,0.99,0.0,0.0,True
E4299,18.9,18.9,37.8,200.0,False
E43,4.99,4.99,3.7400000000000007,74.94989979959921,False
E430,5.470000000000001,5.470000000000001,3.08,56.3071297989031,False
E4300,5.46,5.46,0.0,0.0,True
E4301,1.06,1.06,0.0,0.0,True
E4302,1.83,1.8299999999999998,1.2399999999999998,67.75956284153004,False
E4303,3.12,3.12,1.96,62.82051282051282,False
E4304,1.32,1.32,0.0,0.0,True
E4305,0.28,0.28,0.0,0.0,True
E4306,13.059999999999999,13.059999999999999,9.419999999999998,72.12863705972434,False
E4307,1.91,1.91,0.0,0.0,True
E4308,0.52,0.52,0.0,0.0,True
E4309,1.98,1.9799999999999998,1.14,57.57575757575757,False
E431,2.0,2.0,0.62,31.0,False
E4310,1.65,1.65,0.0,0.0,True
E4311,1.26,1.26,2.52,200.0,False
E4312,7.05,7.05,2.16,30.638297872340427,False
E4313,2.6799999999999997,2.6799999999999997,0.0,0.0,True
E4314,1.69,1.69,0.0,0.0,True
E4315,0.43,0.43,0.86,200.0,False
E4316,7.06,7.0600000000000005,8.42,119.26345609065156,False
E4317,2.06,2.06,0.0,0.0,True
E4318,97.28999999999999,97.29,17.359999999999992,17.843560489258913,True
E4319,4.16,4.16,1.2199999999999998,29.32692307692307,False
E432,4.07,4.069999999999999,2.8799999999999994,70.76167076167074,False
E4321,11.86,11.860000000000001,1.6599999999999997,13.99662731871838,True
E4322,1.07,1.07,0.0,0.0,True
E4323,0.9299999999999999,0.9299999999999999,0.0,0.0,True
E4324,2.62,2.62,1.9,72.51908396946564,False
E4325,0.56,0.56,0.34,60.71428571428571,False
E4326,14.7,14.7,4.120000000000001,28.02721088435375,False
E4327,7.3100000000000005,7.3100000000000005,0.0,0.0,True
E4328,3.18,3.18,1.0,31.446540880503143,False
E433,2.8,2.8,0.5199999999999998,18.571428571428566,True
E4330,0.63,0.63,0.0,0.0,True
E4331,3.95,3.95,0.0,0.0,True
E4332,0.53,0.53,0.0,0.0,True
E4333,5.47,5.470000000000001,4.4799999999999995,81.90127970749542,False
E4334,6.72,6.720000000000001,1.2999999999999998,19.34523809523809,True
E4335,4.779999999999999,4.779999999999999,6.22,130.12552301255232,False
E4336,0.21,0.21,0.0,0.0,True
E4337,1.75,1.75,0.0,0.0,True
E4339,4.98,4.98,0.0,0.0,True
E434,2.56,2.56,0.6799999999999999,26.5625,False
E4340,1.3599999999999999,1.3599999999999999,0.11999999999999988,8.8235294117647,True
E4341,2.12,2.12,0.0,0.0,True
E4342,0.8799999999999999,0.88,1.54,175.00000000000003,False
E4343,5.54,5.54,3.0599999999999996,55.23465703971118,False
E4344,5.93,5.93,0.0,0.0,True
E4345,0.92,0.92,0.0,0.0,True
E4346,2.67,2.67,2.16,80.89887640449439,False
E4347,3.61,3.61,1.4000000000000004,38.78116343490306,False
E4348,1.6199999999999999,1.6199999999999999,0.0,0.0,True
E4349,31.5,31.499999999999996,63.0,200.0,False
E435,11.01,11.01,14.02,127.338782924614,False
E4350,0.69,0.69,0.0,0.0,True
E4351,1.6800000000000002,1.68,3.3600000000000003,200.00000000000003,False
E4352,8.88,8.88,0.0,0.0,True
E4353,2.22,2.22,0.0,0.0,True
E4354,3.23,3.23,3.42,105.88235294117648,False
E4355,0.26,0.26,0.0,0.0,True
E4356,0.94,0.94,0.0,0.0,True
E4357,1.18,1.18,0.0,0.0,True
E4358,2.8200000000000003,2.8200000000000003,5.640000000000001,199.99999999999997,False
E4359,1.13,1.13,2.26,200.0,False
E436,1.7400000000000002,1.74,3.48,199.99999999999997,False
E4360,1.52,1.52,0.0,0.0,True
E4361,6.15,6.15,6.66,108.29268292682926,False
E4362,2.72,2.72,5.44,199.99999999999997,False
E4363,1.3900000000000001,1.3900000000000001,2.7800000000000002,199.99999999999997,False
E4364,2.01,2.01,0.020000000000000018,0.9950248756218916,True
E4365,2.93,2.93,0.0,0.0,True
E4366,2.52,2.52,3.0,119.04761904761905,False
E4367,2.83,2.83,0.78,27.56183745583039,False
E4368,2.9899999999999998,2.99,1.1400000000000001,38.12709030100335,False
E4369,0.98,0.98,1.96,200.0,False
E437,6.79,6.79,2.5999999999999996,38.29160530191457,False
E4370,4.029999999999999,4.029999999999999,0.0,0.0,True
E4371,1.81,1.81,0.0,0.0,True
E4372,0.77,0.77,1.54,200.0,False
E4373,1.47,1.47,1.04,70.74829931972789,False
E4374,2.49,2.49,3.5,140.56224899598394,False
E4375,1.3800000000000001,1.3800000000000001,2.7600000000000002,199.99999999999997,False
E4376,1.05,1.05,0.0,0.0,True
E4377,0.84,0.84,0.0,0.0,True
E4378,1.79,1.7899999999999998,1.08,60.33519553072625,False
E4379,2.2199999999999998,2.2199999999999998,0.0,0.0,True
E438,1.4000000000000001,1.4000000000000001,2.24,160.0,False
E4380,2.01,2.01,0.0,0.0,True
E4381,1.22,1.22,0.8599999999999999,70.49180327868851,False
E4383,0.88,0.88,0.0,0.0,True
E4384,0.91,0.91,0.0,0.0,True
E4385,3.8200000000000003,3.8200000000000003,1.7400000000000004,45.549738219895296,False
E4386,1.6099999999999999,1.61,1.06,65.83850931677019,False
E4387,7.38,7.38,14.76,200.0,False
E4388,12.19,12.19,7.620000000000001,62.510254306808875,False
E4389,9.530000000000001,9.530000000000001,0.7599999999999998,7.974816369359912,True
E439,1.1600000000000001,1.1600000000000001,0.0,0.0,True
E4390,1.09,1.09,0.0,0.0,True
E4391,1.08,1.08,0.0,0.0,True
E4392,0.8400000000000001,0.8400000000000001,0.0,0.0,True
E4393,2.0999999999999996,2.0999999999999996,0.0,0.0,True
E4394,1.24,1.24,0.0,0.0,True
E4395,10.870000000000001,10.870000000000001,7.62,70.1011959521619,False
E4396,0.2,0.2,0.0,0.0,True
E4397,3.28,3.28,0.8200000000000001,25.0,False
E4398,10.27,10.27,0.0,0.0,True
E4399,0.56,0.56,0.0,0.0,True
E44,3.31,3.31,1.38,41.69184290030211,False
E440,8.25,8.25,4.619999999999999,55.99999999999999,False
E4400,3.08,3.08,0.0,0.0,True
E4401,2.39,2.39,0.0,0.0,True
E4402,5.04,5.04,6.0,119.04761904761905,False
E4403,2.74,2.74,0.0,0.0,True
E4404,2.79,2.79,1.3599999999999999,48.74551971326165,False
E4405,10.37,10.370000000000001,9.22,88.91031822565094,False
E4406,1.79,1.79,0.0,0.0,True
E4407,5.37,5.37,4.5,83.79888268156425,False
E4408,7.470000000000001,7.47,1.5000000000000004,20.080321285140567,False
E441,3.25,3.25,1.6600000000000001,51.07692307692308,False
E4410,1.6800000000000002,1.6800000000000002,1.6400000000000001,97.6190476190476,False
E4411,0.36,0.36,0.0,0.0,True
E4412,1.98,1.98,0.0,0.0,True
E4413,2.24,2.24,0.0,0.0,True
E4414,1.22,1.22,0.0,0.0,True
E4415,1.07,1.07,0.0,0.0,True
E4416,9.549999999999999,9.55,5.059999999999999,52.98429319371727,False
E4417,4.21,4.21,1.5999999999999999,38.00475059382423,False
E4418,1.08,1.08,0.0,0.0,True
E4419,0.8,0.8,0.0,0.0,True
E442,2.63,2.63,1.4399999999999997,54.75285171102661,False
E4420,18.08,18.08,36.16,200.0,False
E4421,9.78,9.78,7.039999999999999,71.98364008179958,False
E4422,2.17,2.17,1.5,69.12442396313364,False
E4423,2.06,2.06,3.58,173.7864077669903,False
E4424,2.5300000000000002,2.5300000000000002,1.1800000000000002,46.6403162055336,False
E4425,1.6,1.6,0.0,0.0,True
E4426,3.75,3.75,1.1600000000000004,30.933333333333344,False
E4427,2.85,2.85,1.2199999999999998,42.80701754385964,False
E4428,1.32,1.32,2.64,200.0,False
E4429,2.51,2.51,0.0,0.0,True
E443,17.14,17.14,34.28,200.0,False
E4430,3.59,3.59,0.0,0.0,True
E4431,4.53,4.53,0.0,0.0,True
E4432,0.97,0.97,0.0,0.0,True
E4433,7.23,7.23,14.46,200.0,False
E4434,1.32,1.32,0.0,0.0,True
E4435,1.13,1.13,1.46,129.20353982300887,False
E4436,5.86,5.86,0.4600000000000004,7.849829351535843,True
E4437,0.64,0.64,0.0,0.0,True
E4438,1.45,1.45,0.0,0.0,True
E4439,1.63,1.63,0.0,0.0,True
E444,14.75,14.24,2.2499999999999996,15.25423728813559,True
E4440,1.6199999999999999,1.62,0.64,39.50617283950618,False
E4441,2.8800000000000003,2.88,1.4599999999999995,50.69444444444442,False
E4442,7.040000000000001,7.04,0.8600000000000002,12.215909090909092,True
E4443,2.63,2.63,0.8400000000000001,31.939163498098868,False
E4444,9.78,9.78,3.3199999999999994,33.94683026584867,False
E4446,5.39,5.390000000000001,1.080000000000001,20.037105751391486,False
E4447,3.2,3.2,1.3,40.625,False
E4448,4.470000000000001,4.47,2.62,58.61297539149887,False
E4449,1.3,1.3,0.0,0.0,True
E445,5.84,5.84,1.3599999999999999,23.28767123287671,False
E4450,1.92,1.9200000000000002,0.9400000000000001,48.958333333333336,False
E4451,1.31,1.31,0.0,0.0,True
E4452,1.79,1.79,0.0,0.0,True
E4453,1.9799999999999998,1.98,0.8600000000000001,43.43434343434345,False
E4454,1.9,1.9,0.0,0.0,True
E4455,2.21,2.21,0.0,0.0,True
E4456,1.86,1.86,0.0,0.0,True
E4457,0.93,0.93,0.9400000000000001,101.07526881720429,False
E4458,5.22,5.22,0.0,0.0,True
E4459,3.91,3.91,1.2800000000000002,32.736572890025585,False
E446,2.09,2.09,0.28,13.397129186602873,True
E4460,2.3899999999999997,2.3899999999999997,1.4,58.577405857740594,False
E4461,8.49,8.49,6.539999999999999,77.03180212014132,False
E4462,3.49,3.49,0.0,0.0,True
E4463,0.23,0.23,0.0,0.0,True
E4464,2.0599999999999996,2.06,4.12,200.00000000000003,False
E4465,1.75,1.75,0.0,0.0,True
E4466,1.02,1.02,0.0,0.0,True
E4467,3.61,3.61,7.22,200.0,False
E4468,0.7,0.7,1.4,200.0,False
E4469,5.29,5.29,0.6400000000000003,12.098298676748588,True
E447,0.05,0.05,0.0,0.0,True
E4470,3.78,3.78,4.32,114.28571428571429,False
E4471,1.6400000000000001,1.6400000000000001,0.0,0.0,True
E4472,22.729999999999997,22.729999999999997,2.66,11.702595688517379,True
E4473,3.02,3.02,3.32,109.93377483443709,False
E4474,1.03,1.03,2.06,200.0,False
E4475,8.32,8.32,7.8,93.75,False
E4476,1.82,1.82,1.1,60.439560439560445,False
E4477,9.370000000000001,9.370000000000001,18.740000000000002,200.0,False
E4478,1.16,1.16,0.0,0.0,True
E4479,6.9399999999999995,6.94,13.36,192.50720461095102,False
E448,4.279999999999999,4.28,2.5600000000000005,59.813084112149554,False
E4480,6.6,6.6000000000000005,13.2,200.0,False
E4481,8.81,8.809999999999999,17.62,200.0,False
E4482,0.78,0.78,0.0,0.0,True
E4483,2.08,2.08,0.0,0.0,True
E4484,0.94,0.94,0.0,0.0,True
E4485,0.99,0.99,0.0,0.0,True
E4486,4.76,4.76,0.0,0.0,True
E4487,1.34,1.3399999999999999,0.12000000000000005,8.955223880597018,True
E4488,18.509999999999998,17.3,16.89,91.24797406807133,False
E4489,6.15,6.15,0.0,0.0,True
E449,5.7,5.7,0.5999999999999999,10.526315789473681,True
E4490,9.780000000000001,9.780000000000001,16.540000000000003,169.120654396728,False
E4491,1.68,1.6799999999999997,0.56,33.333333333333336,False
E4492,1.9000000000000001,1.74,0.54,28.421052631578945,False
E4493,4.42,4.42,5.64,127.60180995475113,False
E4494,0.95,0.95,0.0,0.0,True
E4495,0.64,0.64,0.38,59.375,False
E4496,8.26,8.26,0.0,0.0,True
E4497,4.6,4.6,9.2,200.0,False
E4498,10.24,10.24,3.5199999999999996,34.37499999999999,False
E4499,14.44,14.440000000000001,11.88,82.27146814404432,False
E45,7.92,7.92,1.7999999999999994,22.72727272727272,False
E450,2.35,2.35,0.0,0.0,True
E4501,2.1,2.1,3.9400000000000004,187.61904761904765,False
E4502,6.43,6.43,2.4800000000000004,38.569206842923805,False
E4503,0.64,0.64,0.0,0.0,True
E4504,5.83,5.83,2.4400000000000004,41.85248713550601,False
E4505,1.28,1.28,0.0,0.0,True
E4506,2.3,2.3,0.0,0.0,True
E4507,3.31,3.31,1.3399999999999999,40.483383685800604,False
E4508,1.19,1.19,0.0,0.0,True
E4509,1.06,1.06,0.0,0.0,True
E451,9.3,9.299999999999999,6.5,69.89247311827957,False
E4510,1.87,1.87,1.2000000000000002,64.1711229946524,False
E4511,8.91,8.91,6.0600000000000005,68.01346801346801,False
E4512,15.1,15.1,1.5,9.933774834437086,True
E4513,10.04,10.04,4.079999999999999,40.63745019920319,False
E4514,3.9000000000000004,3.9000000000000004,1.3599999999999999,34.87179487179487,False
E4515,8.41,8.41,3.740000000000001,44.47086801426874,False
E4516,8.08,8.08,0.3999999999999997,4.950495049504947,True
E4517,7.84,7.84,2.22,28.316326530612248,False
E4518,1.52,1.52,0.0,0.0,True
E4519,10.84,10.84,0.0,0.0,True
E452,2.58,2.58,2.58,100.0,False
E4520,0.1,0.1,0.0,0.0,True
E4521,0.08,0.08,0.0,0.0,True
E4522,0.6599999999999999,0.6599999999999999,0.0,0.0,True
E4523,1.06,1.06,0.0,0.0,True
E4524,1.06,1.06,2.12,200.0,False
E4525,0.59,0.59,0.0,0.0,True
E4526,0.78,0.78,0.0,0.0,True
E4527,2.49,2.49,3.7,148.59437751004015,False
E4528,1.83,1.83,0.0,0.0,True
E4529,1.67,1.67,0.0,0.0,True
E453,9.65,9.65,1.18,12.227979274611398,True
E4530,8.15,8.15,5.0,61.349693251533736,False
E4531,0.15,0.15,0.3,200.0,False
E4532,2.79,2.79,0.7999999999999999,28.67383512544803,False
E4533,1.08,1.08,0.0,0.0,True
E4534,4.82,4.819999999999999,9.639999999999999,199.99999999999997,False
E4535,1.1,1.1,0.0,0.0,True
E4536,7.279999999999999,7.28,1.46,20.05494505494506,False
E4537,0.79,0.46,1.25,158.2278481012658,False
E4538,3.96,3.96,2.7,68.18181818181819,False
E4539,2.55,2.5500000000000003,0.7399999999999997,29.019607843137244,False
E454,2.08,2.08,0.0,0.0,True
E4540,2.87,2.87,2.18,75.95818815331012,False
E4541,3.5700000000000003,3.57,1.82,50.98039215686274,False
E4542,2.64,2.64,0.0,0.0,True
E4543,3.15,3.15,0.9199999999999999,29.206349206349206,False
E4544,2.85,2.85,0.0,0.0,True
E4545,0.58,0.58,1.16,200.0,False
E4546,2.5,2.5,0.0,0.0,True
E4547,3.1500000000000004,3.15,2.18,69.2063492063492,False
E4548,3.12,3.12,0.0,0.0,True
E4549,7.1899999999999995,7.1899999999999995,0.0,0.0,True
E455,1.28,1.28,0.0,0.0,True
E4550,1.92,1.92,3.84,200.0,False
E4551,3.74,3.7399999999999998,1.3799999999999997,36.89839572192513,False
E4552,0.6900000000000001,0.6900000000000001,0.0,0.0,True
E4553,5.36,5.36,3.54,66.04477611940298,False
E4555,1.34,1.34,0.0,0.0,True
E4557,2.16,2.1599999999999997,2.6799999999999997,124.07407407407406,False
E4558,0.25,0.25,0.0,0.0,True
E4559,3.4400000000000004,3.4400000000000004,3.6400000000000006,105.81395348837209,False
E456,2.41,2.41,1.08,44.81327800829875,False
E4560,4.16,4.16,2.8600000000000003,68.75000000000001,False
E4561,3.48,3.48,0.0,0.0,True
E4562,1.62,1.62,0.0,0.0,True
E4563,9.88,9.88,0.0,0.0,True
E4564,3.37,3.37,0.0,0.0,True
E4565,3.81,3.81,0.0,0.0,True
E4566,9.190000000000001,9.19,14.72,160.17410228509246,False
E4567,2.25,2.25,1.2000000000000002,53.33333333333334,False
E4568,2.61,2.61,0.0,0.0,True
E4569,27.270000000000003,27.27,54.54,199.99999999999997,False
E457,2.75,2.75,1.38,50.18181818181818,False
E4570,5.79,5.79,0.3800000000000004,6.563039723661492,True
E4571,1.05,1.05,1.6,152.38095238095238,False
E4572,0.93,0.93,0.0,0.0,True
E4573,7.7700000000000005,6.87,4.64,59.71685971685971,False
E4574,2.28,2.28,0.0,0.0,True
E4575,1.92,1.92,0.0,0.0,True
E4576,1.0,1.0,0.0,0.0,True
E4577,1.21,1.21,1.92,158.67768595041323,False
E4578,4.22,4.22,1.4800000000000002,35.071090047393376,False
E4579,6.77,6.77,1.4599999999999995,21.565731166912844,False
E458,1.9700000000000002,1.97,1.3199999999999998,67.00507614213195,False
E4580,7.779999999999999,7.779999999999999,0.0,0.0,True
E4581,1.15,1.15,0.0,0.0,True
E4582,2.48,2.48,0.0,0.0,True
E4583,1.47,1.47,0.0,0.0,True
E4584,0.66,0.66,0.0,0.0,True
E4585,2.23,2.23,0.0,0.0,True
E4586,2.1399999999999997,2.14,0.8799999999999997,41.1214953271028,False
E4587,1.69,1.69,0.0,0.0,True
E4588,7.42,7.42,0.0,0.0,True
E4589,6.0,6.0,3.26,54.333333333333336,False
E459,0.28,0.28,0.0,0.0,True
E4590,3.35,3.35,0.0,0.0,True
E4591,6.82,6.819999999999999,5.179999999999999,75.95307917888562,False
E4592,1.19,1.19,0.28,23.529411764705888,False
E4593,0.2,0.2,0.0,0.0,True
E4594,2.6100000000000003,2.61,1.5999999999999999,61.302681992337156,False
E4595,2.75,2.75,0.0,0.0,True
E4596,6.670000000000001,6.67,1.72,25.78710644677661,False
E4597,0.74,0.74,0.0,0.0,True
E4598,3.1900000000000004,3.19,1.5999999999999999,50.15673981191222,False
E4599,1.3599999999999999,1.3599999999999999,0.0,0.0,True
E46,7.0,7.0,0.2599999999999999,3.7142857142857126,True
E460,12.080000000000002,12.080000000000002,2.9200000000000004,24.17218543046358,False
E4600,1.12,1.12,0.7200000000000001,64.28571428571429,False
E4601,2.77,2.77,2.04,73.64620938628158,False
E4602,1.34,1.34,0.0,0.0,True
E4603,0.87,0.87,1.74,200.0,False
E4604,5.550000000000001,5.550000000000001,2.1000000000000005,37.837837837837846,False
E4605,2.01,2.01,0.0,0.0,True
E4606,8.07,8.07,0.0,0.0,True
E4607,14.41,14.41,4.059999999999999,28.17487855655794,False
E4608,1.75,1.75,0.0,0.0,True
E4609,14.45,14.45,2.839999999999999,19.653979238754317,True
E461,2.05,2.05,2.0,97.5609756097561,False
E4610,4.97,4.97,2.84,57.142857142857146,False
E4611,13.879999999999999,13.88,5.260000000000001,37.896253602305485,False
E4612,0.94,0.94,0.0,0.0,True
E4613,7.8999999999999995,7.8999999999999995,0.0,0.0,True
E4615,1.17,1.17,0.0,0.0,True
E4617,4.68,4.68,9.36,200.0,False
E4618,2.27,2.27,0.0,0.0,True
E4619,18.79,18.79,37.58,200.0,False
E462,3.37,3.37,1.76,52.225519287833826,False
E4620,2.96,2.96,0.0,0.0,True
E4621,9.07,9.07,16.68,183.90297684674752,False
E4623,0.68,0.68,0.0,0.0,True
E4624,5.75,5.75,4.4799999999999995,77.91304347826086,False
E4625,1.78,1.78,0.0,0.0,True
E4627,7.289999999999999,7.289999999999999,1.2,16.460905349794242,True
E4628,2.63,2.63,0.0,0.0,True
E4629,4.869999999999999,4.869999999999999,3.759999999999999,77.20739219712524,False
E463,4.34,4.34,1.5199999999999996,35.02304147465436,False
E4630,0.98,0.98,0.0,0.0,True
E4631,2.06,2.06,3.14,152.4271844660194,False
E4632,5.0,5.0,0.0,0.0,True
E4633,6.75,6.75,9.42,139.55555555555554,False
E4634,13.44,13.44,18.7,139.13690476190476,False
E4635,14.62,14.62,0.5,3.4199726402188784,True
E4636,8.129999999999999,8.129999999999999,5.0600000000000005,62.238622386223874,False
E4637,37.85,37.85,47.900000000000006,126.55217965653898,False
E4638,8.15,8.15,5.520000000000001,67.73006134969326,False
E464,2.84,2.84,0.0,0.0,True
E465,2.6799999999999997,2.6799999999999997,0.5800000000000001,21.641791044776124,False
E466,8.8,8.8,0.0,0.0,True
E467,3.4,3.4,0.0,0.0,True
E468,6.96,6.960000000000001,1.6399999999999995,23.56321839080459,False
E469,2.2,2.2,4.4,200.0,False
E47,3.88,3.88,0.0,0.0,True
E470,0.72,0.72,0.0,0.0,True
E471,5.4399999999999995,5.4399999999999995,0.0,0.0,True
E473,3.0300000000000002,3.0300000000000002,0.0,0.0,True
E474,2.61,2.61,0.0,0.0,True
E475,28.67,28.67,32.7,114.05650505755146,False
E476,1.95,1.95,0.0,0.0,True
E477,3.58,3.58,0.32,8.938547486033519,True
E478,3.51,3.51,0.5599999999999998,15.954415954415952,True
E479,5.6000000000000005,5.6000000000000005,0.0,0.0,True
E48,14.399999999999999,14.4,0.7799999999999996,5.416666666666664,True
E480,4.2,4.2,0.7599999999999999,18.09523809523809,True
E481,1.54,1.54,0.0,0.0,True
E482,6.9799999999999995,6.98,2.1399999999999997,30.659025787965614,False
E483,26.1,26.099999999999998,2.400000000000003,9.195402298850587,True
E484,2.5700000000000003,2.5700000000000003,1.6000000000000003,62.25680933852141,False
E485,3.0700000000000003,3.0700000000000003,4.88,158.957654723127,False
E486,9.88,9.88,19.76,200.0,False
E487,1.42,1.42,0.0,0.0,True
E488,6.8,6.8,2.5,36.76470588235294,False
E489,1.19,1.19,0.41999999999999993,35.29411764705882,False
E49,9.36,9.36,4.239999999999999,45.299145299145295,False
E490,20.38,20.38,40.76,200.0,False
E491,1.27,1.27,0.0,0.0,True
E492,0.81,0.81,0.6200000000000001,76.54320987654322,False
E494,0.98,0.98,1.96,200.0,False
E495,2.4699999999999998,2.4699999999999998,0.0,0.0,True
E496,5.43,5.43,2.5,46.04051565377532,False
E497,8.51,8.51,7.56,88.83666274970624,False
E498,8.03,8.03,10.68,133.00124533001247,False
E499,1.58,1.58,0.2600000000000001,16.45569620253165,True
E5,6.09,6.09,3.04,49.917898193760266,False
E50,2.6100000000000003,2.61,0.2200000000000003,8.42911877394637,True
E500,1.46,1.46,0.0,0.0,True
E501,2.98,2.98,0.0,0.0,True
E502,4.5,4.5,2.06,45.77777777777778,False
E503,8.98,8.98,17.96,200.0,False
E504,5.04,5.04,10.08,200.0,False
E505,12.78,12.78,5.34,41.78403755868545,False
E506,3.35,3.35,0.0,0.0,True
E507,1.65,1.65,1.1600000000000001,70.30303030303031,False
E508,11.53,11.530000000000001,3.919999999999999,33.99826539462271,False
E509,3.45,3.45,0.0,0.0,True
E51,1.02,1.02,0.0,0.0,True
E510,13.44,13.44,15.82,117.70833333333334,False
E511,2.8,2.8,5.6,200.0,False
E512,9.41,9.41,5.859999999999999,62.274176408076514,False
E513,0.83,0.83,0.0,0.0,True
E514,1.64,1.64,0.43999999999999995,26.829268292682926,False
E515,2.07,2.07,1.2999999999999998,62.801932367149746,False
E516,25.199999999999996,25.2,45.28,179.68253968253973,False
E517,1.04,1.04,0.0,0.0,True
E518,2.02,2.02,1.2200000000000002,60.3960396039604,False
E519,9.99,9.990000000000002,3.9800000000000004,39.83983983983985,False
E52,2.0,1.9999999999999998,1.16,57.99999999999999,False
E520,2.7199999999999998,2.7199999999999998,3.26,119.8529411764706,False
E521,2.65,2.65,1.7600000000000002,66.41509433962266,False
E522,2.53,2.53,1.3,51.38339920948617,False
E523,9.229999999999999,9.229999999999999,0.88,9.534127843987001,True
E524,4.34,4.34,8.68,200.0,False
E525,2.49,2.49,0.0,0.0,True
E526,1.74,1.74,0.0,0.0,True
E527,1.08,1.08,0.0,0.0,True
E528,2.37,2.37,1.46,61.60337552742616,False
E529,3.21,3.21,2.6,80.9968847352025,False
E53,6.4399999999999995,6.4399999999999995,0.0,0.0,True
E530,3.53,3.53,7.06,200.0,False
E531,5.73,5.7299999999999995,5.119999999999999,89.35427574171028,False
E532,6.46,6.46,1.08,16.71826625386997,True
E533,2.0100000000000002,2.0100000000000002,0.0,0.0,True
E534,3.13,3.13,0.0,0.0,True
E535,2.01,2.01,0.0,0.0,True
E536,7.13,7.13,4.16,58.345021037868165,False
E537,8.84,8.84,0.0,0.0,True
E538,7.51,7.51,7.1,94.54061251664447,False
E539,7.41,7.41,5.4,72.8744939271255,False
E54,4.09,4.09,1.28,31.295843520782398,False
E540,1.1300000000000001,1.1300000000000001,0.46,40.70796460176991,False
E541,2.45,2.4499999999999997,1.72,70.20408163265306,False
E542,4.34,4.34,7.46,171.889400921659,False
E543,6.3999999999999995,6.3999999999999995,1.52,23.750000000000004,False
E544,5.34,5.34,0.0,0.0,True
E545,1.73,1.73,0.0,0.0,True
E546,4.16,4.16,0.0,0.0,True
E547,3.01,3.0100000000000002,1.9000000000000004,63.12292358803988,False
E548,3.1999999999999997,3.1999999999999997,1.38,43.12500000000001,False
E549,5.45,5.45,5.800000000000001,106.42201834862387,False
E55,6.75,6.75,4.16,61.629629629629626,False
E550,5.08,5.08,0.0,0.0,True
E551,3.63,3.63,0.0,0.0,True
E552,3.41,3.41,3.8600000000000003,113.19648093841643,False
E553,2.73,2.73,0.0,0.0,True
E554,2.08,2.08,0.0,0.0,True
E555,4.92,4.92,2.8600000000000003,58.13008130081302,False
E556,3.41,3.41,0.5,14.662756598240469,True
E557,7.35,7.35,1.32,17.95918367346939,True
E558,0.66,0.66,0.0,0.0,True
E559,1.28,1.28,0.68,53.125,False
E56,1.5499999999999998,1.5499999999999998,1.42,91.61290322580646,False
E560,2.39,2.3899999999999997,0.6000000000000003,25.10460251046026,False
E561,1.9899999999999998,1.99,1.16,58.29145728643216,False
E562,0.93,0.93,0.0,0.0,True
E563,0.37,0.37,0.0,0.0,True
E564,3.22,3.2199999999999998,6.44,200.0,False
E565,7.02,7.02,3.2,45.58404558404559,False
E566,69.42999999999999,69.43,0.8599999999999925,1.2386576407892738,True
E567,1.58,1.58,0.0,0.0,True
E568,1.74,1.7399999999999998,0.3400000000000002,19.540229885057485,True
E569,1.54,1.54,0.0,0.0,True
E57,11.44,11.44,13.379999999999999,116.95804195804196,False
E570,8.68,8.68,0.0,0.0,True
E571,24.43,24.43,8.44,34.547687269750305,False
E572,6.02,6.02,0.0,0.0,True
E573,2.61,2.61,1.96,75.09578544061303,False
E574,1.29,1.29,0.3799999999999999,29.45736434108526,False
E575,20.200000000000003,20.2,7.559999999999998,37.425742574257406,False
E576,3.45,3.45,1.06,30.724637681159418,False
E577,3.5,3.5,3.54,101.14285714285714,False
E578,4.05,4.05,0.0,0.0,True
E579,2.83,2.83,1.56,55.12367491166078,False
E58,2.8600000000000003,2.86,3.1399999999999997,109.79020979020976,False
E580,4.43,4.43,5.88,132.7313769751693,False
E581,2.12,2.12,0.9599999999999999,45.28301886792452,False
E582,1.0599999999999998,1.0599999999999998,0.0,0.0,True
E583,2.2399999999999998,2.24,0.8199999999999996,36.60714285714284,False
E584,5.27,5.27,3.12,59.20303605313094,False
E585,2.7199999999999998,2.7199999999999998,0.8999999999999998,33.088235294117645,False
E586,8.1,8.1,2.2,27.160493827160497,False
E587,17.4,17.4,33.019999999999996,189.77011494252872,False
E588,6.9799999999999995,6.9799999999999995,3.44,49.28366762177651,False
E589,2.69,2.69,1.58,58.7360594795539,False
E59,2.88,2.8800000000000003,1.6800000000000002,58.33333333333334,False
E590,10.47,10.47,6.580000000000001,62.846227316141366,False
E591,1.58,1.58,0.0,0.0,True
E592,9.209999999999999,9.209999999999999,1.4999999999999996,16.28664495114006,True
E593,9.260000000000002,9.26,17.0,183.58531317494598,False
E594,6.42,6.42,3.5,54.517133956386296,False
E595,4.92,4.92,2.42,49.1869918699187,False
E596,4.45,4.45,0.0,0.0,True
E597,2.04,2.04,1.5,73.52941176470588,False
E598,1.45,1.45,0.0,0.0,True
E599,8.0,8.0,0.8200000000000003,10.250000000000004,True
E6,9.15,9.15,5.82,63.60655737704918,False
E60,2.35,2.3499999999999996,2.78,118.29787234042553,False
E600,5.83,5.83,2.38,40.82332761578044,False
E601,1.4,1.4,0.0,0.0,True
E602,13.89,13.89,11.38,81.92944564434845,False
E603,1.85,1.85,0.0,0.0,True
E604,3.2299999999999995,3.2299999999999995,0.0,0.0,True
E605,9.68,9.68,5.5600000000000005,57.43801652892562,False
E606,1.44,1.44,0.0,0.0,True
E607,0.58,0.58,0.0,0.0,True
E608,0.8899999999999999,0.8899999999999999,0.0,0.0,True
E609,2.53,2.5300000000000002,1.0400000000000005,41.10671936758895,False
E61,3.3899999999999997,3.3899999999999997,2.1799999999999997,64.30678466076697,False
E610,0.86,0.86,0.0,0.0,True
E611,1.49,1.49,0.0,0.0,True
E612,10.850000000000001,10.85,5.279999999999999,48.663594470046064,False
E613,1.61,1.61,0.37999999999999995,23.602484472049685,False
E614,2.05,2.05,0.0,0.0,True
E615,2.7,2.7,1.5600000000000003,57.777777777777786,False
E616,1.69,1.69,0.12000000000000005,7.100591715976335,True
E617,1.1600000000000001,1.1600000000000001,0.0,0.0,True
E618,5.78,5.78,3.74,64.70588235294117,False
E619,2.89,2.89,1.7000000000000002,58.82352941176471,False
E62,10.91,10.91,3.7800000000000002,34.647112740604946,False
E620,3.6,3.6,1.3399999999999999,37.22222222222222,False
E621,1.78,1.78,0.7600000000000002,42.69662921348316,False
E622,4.43,4.43,3.2199999999999993,72.68623024830698,False
E623,1.45,1.45,0.0,0.0,True
E624,2.88,2.88,2.2199999999999998,77.08333333333333,False
E625,2.42,2.42,0.5599999999999998,23.14049586776859,False
E626,4.28,4.279999999999999,1.0200000000000002,23.831775700934585,False
E627,0.76,0.76,0.0,0.0,True
E628,2.93,2.93,5.86,200.0,False
E629,8.68,8.68,0.44000000000000067,5.0691244239631414,True
E63,9.33,9.329999999999998,6.58,70.52518756698821,False
E630,2.17,2.17,0.0,0.0,True
E631,2.62,2.62,0.0,0.0,True
E632,3.88,3.88,2.76,71.1340206185567,False
E634,4.69,4.69,0.0,0.0,True
E635,6.390000000000001,6.390000000000001,1.46,22.848200312989043,False
E636,7.220000000000001,7.22,5.279999999999999,73.13019390581715,False
E637,1.88,1.88,1.4,74.46808510638299,False
E638,1.18,1.18,0.96,81.35593220338984,False
E639,5.18,5.180000000000001,3.0400000000000005,58.687258687258705,False
E64,7.99,7.99,5.9399999999999995,74.34292866082603,False
E640,9.49,9.49,3.84,40.463645943097994,False
E641,2.67,2.67,0.0,0.0,True
E642,0.72,0.72,0.0,0.0,True
E643,6.56,6.56,0.0,0.0,True
E644,2.8,2.8000000000000003,2.8400000000000003,101.42857142857146,False
E645,8.48,8.48,2.04,24.056603773584904,False
E646,2.7800000000000002,2.7800000000000002,5.5600000000000005,199.99999999999997,False
E647,10.15,10.15,20.3,200.0,False
E648,2.24,2.24,1.9200000000000004,85.71428571428572,False
E649,17.75,17.75,6.900000000000001,38.87323943661973,False
E65,3.8499999999999996,3.85,2.7,70.12987012987014,False
E650,8.94,8.940000000000001,17.200000000000003,192.39373601789714,False
E651,5.73,5.73,11.46,199.99999999999997,False
E652,1.8399999999999999,1.8399999999999999,1.6999999999999997,92.39130434782608,False
E653,3.7199999999999998,3.7199999999999998,7.4399999999999995,200.0,False
E654,4.1899999999999995,4.1899999999999995,8.379999999999999,200.0,False
E655,11.39,11.39,10.18,89.3766461808604,False
E656,2.74,2.74,0.0,0.0,True
E657,2.04,2.04,4.08,200.0,False
E658,2.1,2.1,0.5800000000000001,27.61904761904762,False
E659,5.289999999999999,5.29,10.58,200.00000000000003,False
E66,4.370000000000001,4.37,1.6400000000000008,37.528604118993144,False
E660,1.4500000000000002,1.4500000000000002,0.0,0.0,True
E661,2.04,2.04,4.08,200.0,False
E662,2.69,2.69,5.38,200.0,False
E663,7.859999999999999,7.86,1.8199999999999992,23.15521628498727,False
E664,0.7,0.7,1.4,200.0,False
E665,3.64,3.6400000000000006,6.76,185.7142857142857,False
E666,0.25,0.25,0.0,0.0,True
E667,0.73,0.73,0.0,0.0,True
E668,3.86,3.86,0.2400000000000001,6.217616580310883,True
E669,1.58,1.58,3.16,200.0,False
E67,1.49,1.49,0.0,0.0,True
E670,4.03,4.03,8.06,200.0,False
E671,16.009999999999998,16.009999999999998,32.019999999999996,200.0,False
E672,2.2199999999999998,2.2199999999999998,2.7199999999999998,122.52252252252254,False
E673,5.2,5.2,10.4,200.0,False
E674,1.1400000000000001,1.1400000000000001,2.2800000000000002,200.0,False
E675,7.909999999999999,7.909999999999999,15.819999999999999,200.0,False
E676,7.88,7.880000000000001,0.7199999999999998,9.137055837563448,True
E677,4.859999999999999,4.859999999999999,2.62,53.909465020576135,False
E678,2.7399999999999998,2.7399999999999998,1.6800000000000002,61.3138686131387,False
E679,7.25,7.25,14.5,200.0,False
E68,3.59,3.59,2.0,55.71030640668524,False
E680,5.19,5.19,2.6400000000000006,50.867052023121396,False
E681,5.56,5.5600000000000005,2.999999999999999,53.95683453237408,False
E682,1.63,1.63,0.0,0.0,True
E683,11.74,11.74,23.48,200.0,False
E684,19.67,19.67,39.34,200.0,False
E685,3.66,3.66,7.32,200.0,False
E686,3.54,3.54,1.8400000000000003,51.97740112994351,False
E687,3.9699999999999998,3.9699999999999998,7.9399999999999995,200.0,False
E688,2.66,2.6599999999999997,1.6199999999999997,60.90225563909773,False
E689,2.81,2.81,0.0,0.0,True
E69,2.08,2.08,1.48,71.15384615384615,False
E690,3.6399999999999997,3.6399999999999997,2.38,65.38461538461539,False
E691,1.42,1.42,0.45999999999999996,32.3943661971831,False
E692,4.74,4.74,9.48,200.0,False
E693,4.36,4.359999999999999,8.719999999999999,199.99999999999997,False
E694,46.910000000000004,46.910000000000004,93.82,199.99999999999997,False
E695,49.05,49.05,98.1,200.0,False
E696,4.62,4.62,0.0,0.0,True
E697,242.39000000000001,242.39,484.78,200.0,False
E698,3.34,3.34,3.5599999999999996,106.58682634730538,False
E699,16.24,16.240000000000002,8.299999999999999,51.10837438423645,False
E7,14.77,14.77,15.5,104.9424509140149,False
E70,7.760000000000001,6.800000000000001,7.0600000000000005,90.97938144329896,False
E700,6.83,6.83,13.36,195.60761346998535,False
E701,9.23,9.23,5.42,58.72156013001083,False
E702,10.989999999999998,10.989999999999998,9.879999999999999,89.89990900818927,False
E703,10.41,10.41,0.640000000000001,6.147934678194054,True
E704,16.54,16.54,11.66,70.49576783555018,False
E705,10.030000000000001,10.030000000000001,0.0,0.0,True
E706,19.86,19.86,39.72,200.0,False
E707,26.099999999999998,26.099999999999998,52.199999999999996,200.00000000000003,False
E708,23.7,23.700000000000003,47.400000000000006,200.00000000000006,False
E709,1.0299999999999998,1.03,1.46,141.747572815534,False
E71,4.66,4.66,2.12,45.493562231759654,False
E710,145.28,145.28,7.819999999999997,5.3827092511013195,True
E711,66.14,66.14,132.28,200.0,False
E712,4.78,4.78,2.8000000000000003,58.57740585774058,False
E713,2.51,2.51,5.02,200.0,False
E714,6.95,6.95,13.9,200.0,False
E715,1.3399999999999999,1.3399999999999999,2.6799999999999997,200.00000000000003,False
E716,8.29,8.29,16.58,200.0,False
E717,3.08,3.08,0.0,0.0,True
E718,3.59,3.59,7.18,200.0,False
E719,3.22,3.22,6.44,200.0,False
E72,6.18,6.18,0.0,0.0,True
E720,15.49,15.489999999999998,30.979999999999997,199.99999999999997,False
E721,1.53,1.53,0.0,0.0,True
E722,11.89,11.89,23.78,200.0,False
E723,16.080000000000002,16.080000000000002,32.160000000000004,200.0,False
E724,2.67,2.67,5.34,200.0,False
E725,8.02,8.02,0.0,0.0,True
E726,23.490000000000002,23.49,17.34,73.81864623243933,False
E727,0.81,0.81,1.22,150.61728395061726,False
E728,7.53,7.53,15.06,200.0,False
E729,9.92,9.92,19.84,200.0,False
E73,0.77,0.77,0.0,0.0,True
E730,1.89,1.89,3.78,200.0,False
E731,10.6,10.6,21.2,200.0,False
E732,49.17,49.169999999999995,98.34,200.0,False
E733,15.72,15.72,31.44,200.0,False
E734,2.48,2.48,0.0,0.0,True
E735,2.95,2.49,4.42,149.83050847457625,False
E736,1.43,1.43,2.86,200.0,False
E737,14.5,14.5,29.0,200.0,False
E738,7.630000000000001,7.63,3.9399999999999995,51.638269986893825,False
E739,2.29,2.29,4.58,200.0,False
E74,9.049999999999999,9.05,4.9399999999999995,54.585635359116026,False
E740,3.05,3.05,6.1,200.0,False
E741,4.39,4.39,0.0,0.0,True
E742,15.18,15.18,30.36,200.0,False
E743,8.37,8.370000000000001,5.96,71.20669056152927,False
E744,9.64,9.64,7.94,82.36514522821577,False
E745,7.71,7.71,3.0,38.91050583657587,False
E746,47.53999999999999,47.54,93.25999999999999,196.1716449305848,False
E747,10.76,10.760000000000002,11.520000000000001,107.06319702602232,False
E748,1.8199999999999998,1.8199999999999998,0.0,0.0,True
E749,19.470000000000002,19.470000000000002,5.88,30.200308166409858,False
E75,2.3200000000000003,2.3200000000000003,0.9600000000000002,41.37931034482759,False
E750,1.57,1.57,0.0,0.0,True
E751,7.28,7.28,8.56,117.58241758241758,False
E752,9.719999999999999,9.72,10.719999999999999,110.28806584362141,False
E753,1.2,1.2000000000000002,2.4000000000000004,200.00000000000003,False
E754,3.12,3.12,1.84,58.97435897435897,False
E755,3.08,3.08,6.16,200.0,False
E756,3.88,3.88,0.040000000000000036,1.0309278350515474,True
E757,7.47,7.47,0.7799999999999997,10.441767068273089,True
E758,1.61,1.61,0.0,0.0,True
E759,4.97,4.97,9.94,200.0,False
E76,2.59,2.59,0.54,20.849420849420852,False
E760,3.94,3.94,2.8200000000000003,71.57360406091371,False
E761,3.51,3.51,0.08000000000000004,2.27920227920228,True
E762,3.81,3.81,0.0,0.0,True
E763,8.43,8.43,2.66,31.55397390272835,False
E764,2.82,2.82,4.92,174.468085106383,False
E765,8.11,7.88,0.8499999999999996,10.480887792848332,True
E766,6.920000000000001,6.920000000000001,0.3,4.3352601156069355,True
E767,6.67,6.669999999999999,1.2400000000000002,18.590704647676166,True
E768,16.11,16.11,10.500000000000002,65.17690875232776,False
E769,1.52,1.52,0.52,34.21052631578947,False
E77,6.77,6.77,0.9000000000000001,13.293943870014774,True
E770,6.87,6.87,0.0,0.0,True
E771,4.49,4.49,3.22,71.71492204899776,False
E772,4.04,4.04,2.8599999999999994,70.79207920792078,False
E773,1.74,1.74,0.2799999999999998,16.091954022988492,True
E774,9.79,9.79,2.6399999999999997,26.966292134831455,False
E775,1.0699999999999998,1.0699999999999998,0.4999999999999999,46.72897196261682,False
E776,0.66,0.66,0.19999999999999996,30.303030303030297,False
E777,4.57,4.569999999999999,1.7799999999999994,38.94967177242887,False
E778,0.77,0.77,0.0,0.0,True
E779,1.31,1.31,0.6000000000000001,45.80152671755726,False
E78,1.08,1.08,0.0,0.0,True
E780,1.67,1.67,0.0,0.0,True
E781,2.74,2.74,1.84,67.15328467153284,False
E782,1.5,1.5,0.6600000000000001,44.00000000000001,False
E783,7.84,7.84,15.68,200.0,False
E784,6.489999999999999,6.49,5.46,84.12942989214177,False
E785,8.99,8.99,14.98,166.62958843159066,False
E786,14.22,14.22,22.46,157.94655414908578,False
E787,10.23,10.23,20.46,200.0,False
E788,3.27,3.27,0.0,0.0,True
E789,2.5300000000000002,2.5300000000000002,0.0,0.0,True
E79,14.91,14.91,2.14,14.352783366867873,True
E790,1.73,1.73,0.0,0.0,True
E791,2.93,2.93,0.0,0.0,True
E792,3.21,3.21,0.0,0.0,True
E793,1.73,1.73,0.0,0.0,True
E794,7.699999999999999,7.7,6.74,87.53246753246754,False
E795,20.91,20.91,5.720000000000001,27.355332376853184,False
E796,16.36,16.36,11.119999999999997,67.97066014669926,False
E797,18.64,18.64,32.16,172.53218884120167,False
E798,0.93,0.93,0.0,0.0,True
E799,3.55,3.55,0.0,0.0,True
E8,1.59,1.59,0.0,0.0,True
E80,10.26,10.26,6.4399999999999995,62.76803118908382,False
E800,3.1399999999999997,3.14,3.4000000000000004,108.2802547770701,False
E801,2.02,2.02,4.04,200.0,False
E802,13.13,13.13,26.020000000000003,198.17212490479818,False
E803,1.51,1.51,0.0,0.0,True
E804,2.95,2.9499999999999997,1.34,45.42372881355932,False
E805,3.61,3.6100000000000003,1.22,33.795013850415515,False
E806,7.66,7.66,2.1400000000000006,27.937336814621418,False
E807,9.6,9.6,6.139999999999999,63.95833333333332,False
E808,3.2,3.2,2.0200000000000005,63.125000000000014,False
E809,8.629999999999999,8.629999999999999,0.8399999999999999,9.733487833140208,True
E81,9.51,9.51,7.32,76.97160883280758,False
E810,12.75,12.75,4.859999999999999,38.11764705882352,False
E811,3.02,3.02,1.2600000000000002,41.72185430463577,False
E812,3.4899999999999998,3.4899999999999998,0.6600000000000001,18.911174785100293,True
E813,3.06,3.06,0.0,0.0,True
E814,2.42,2.42,0.6399999999999999,26.446280991735534,False
E815,2.65,2.65,1.2999999999999998,49.0566037735849,False
E816,1.69,1.69,2.1399999999999997,126.62721893491123,False
E817,2.82,2.82,1.08,38.297872340425535,False
E818,2.21,2.21,0.0,0.0,True
E819,1.38,1.38,0.0,0.0,True
E82,10.79,10.79,11.659999999999998,108.06302131603336,False
E820,6.4399999999999995,6.44,3.7000000000000006,57.45341614906834,False
E821,7.12,7.12,8.8,123.59550561797754,False
E822,5.880000000000001,5.88,6.660000000000001,113.26530612244899,False
E823,0.48,0.48,0.0,0.0,True
E824,3.9400000000000004,3.94,7.1,180.20304568527916,False
E825,1.29,1.29,0.0,0.0,True
E826,1.9,1.9,1.04,54.73684210526316,False
E827,5.52,5.5200000000000005,4.120000000000001,74.63768115942031,False
E828,4.04,4.04,0.0,0.0,True
E829,1.16,1.16,0.0,0.0,True
E83,1.83,1.83,1.7800000000000002,97.26775956284155,False
E830,3.33,3.33,6.66,200.0,False
E831,15.17,15.17,0.5399999999999996,3.559657218193801,True
E832,1.38,1.38,0.0,0.0,True
E833,5.279999999999999,5.279999999999999,4.34,82.1969696969697,False
E834,1.62,1.62,0.6199999999999999,38.271604938271594,False
E835,2.43,2.43,1.8200000000000003,74.8971193415638,False
E836,0.67,0.67,0.0,0.0,True
E837,1.8,1.8,0.0,0.0,True
E838,3.1399999999999997,3.1399999999999997,0.9999999999999999,31.84713375796178,False
E839,7.46,7.459999999999999,0.20000000000000054,2.6809651474530902,True
E84,4.57,4.57,2.4800000000000004,54.26695842450767,False
E840,1.79,1.79,0.21999999999999997,12.290502793296087,True
E841,1.97,1.9700000000000002,0.7399999999999999,37.56345177664974,False
E842,5.34,5.34,7.8999999999999995,147.94007490636704,False
E843,8.100000000000001,8.100000000000001,4.98,61.48148148148148,False
E844,1.2500000000000002,1.25,0.82,65.6,False
E845,6.3100000000000005,6.3100000000000005,12.620000000000001,199.99999999999997,False
E846,2.9699999999999998,2.9699999999999998,5.9399999999999995,200.00000000000003,False
E847,1.73,1.73,2.02,116.76300578034682,False
E848,3.75,3.75,1.4,37.333333333333336,False
E849,8.95,8.950000000000001,1.7999999999999985,20.111731843575406,False
E85,2.41,2.41,0.8799999999999999,36.514522821576755,False
E850,5.67,5.67,7.66,135.09700176366843,False
E851,2.7199999999999998,2.7199999999999998,0.0,0.0,True
E852,4.04,4.04,0.5200000000000002,12.871287128712876,True
E853,3.95,3.95,3.2800000000000002,83.0379746835443,False
E854,4.9399999999999995,4.9399999999999995,5.66,114.57489878542512,False
E855,5.77,5.77,11.54,200.00000000000003,False
E856,7.16,7.16,0.0,0.0,True
E857,10.65,9.81,1.2600000000000007,11.830985915492963,True
E858,17.14,17.14,26.8,156.35939323220535,False
E859,2.59,2.59,1.06,40.92664092664093,False
E86,3.68,3.68,0.0,0.0,True
E860,5.56,5.5600000000000005,11.120000000000001,200.0,False
E861,2.58,2.58,1.92,74.4186046511628,False
E862,8.02,8.02,6.259999999999999,78.05486284289276,False
E863,3.21,3.21,0.5,15.576323987538942,True
E864,2.48,2.48,0.0,0.0,True
E865,9.27,9.27,2.8,30.204962243797198,False
E866,3.06,3.0600000000000005,2.2200000000000006,72.54901960784315,False
E867,16.93,16.93,12.919999999999998,76.31423508564677,False
E868,3.17,3.17,6.34,200.0,False
E869,15.43,15.43,0.1400000000000003,0.9073233959818554,True
E87,2.88,2.88,0.0,0.0,True
E870,10.66,10.66,0.0,0.0,True
E871,9.190000000000001,9.19,9.08,98.80304678998911,False
E872,1.56,1.56,1.06,67.94871794871794,False
E873,1.47,1.47,2.94,200.0,False
E874,2.01,2.01,0.0,0.0,True
E875,5.069999999999999,5.069999999999999,4.02,79.28994082840237,False
E876,1.11,1.11,0.0,0.0,True
E877,1.51,1.51,0.10000000000000005,6.622516556291394,True
E878,2.1,2.1,0.0,0.0,True
E879,6.859999999999999,6.86,2.12,30.90379008746356,False
E88,1.8900000000000001,1.8900000000000001,1.2200000000000002,64.55026455026456,False
E880,2.7600000000000002,2.76,0.5399999999999997,19.565217391304337,True
E881,1.2,1.2,0.56,46.66666666666667,False
E882,4.21,4.21,0.0,0.0,True
E883,12.09,12.09,3.88,32.09263854425145,False
E884,9.07,9.07,1.5400000000000014,16.97905181918414,True
E885,5.5200000000000005,5.52,3.6199999999999997,65.57971014492752,False
E886,5.74,5.739999999999999,7.0,121.95121951219512,False
E887,1.42,1.42,0.34,23.943661971830988,False
E888,2.2399999999999998,2.24,1.5199999999999998,67.85714285714285,False
E889,5.09,5.09,4.640000000000001,91.15913555992142,False
E89,3.8,3.8,1.4799999999999998,38.94736842105262,False
E890,6.35,6.3500000000000005,8.02,126.2992125984252,False
E891,2.17,2.17,0.0,0.0,True
E892,1.05,1.05,2.1,200.0,False
E893,1.52,1.52,0.17999999999999997,11.842105263157892,True
E894,1.9300000000000002,1.9300000000000002,0.9200000000000002,47.668393782383426,False
E895,2.3499999999999996,2.35,1.4000000000000001,59.57446808510639,False
E896,1.33,1.33,0.0,0.0,True
E897,1.41,1.41,2.82,200.0,False
E898,2.91,2.91,0.0,0.0,True
E899,1.3,1.3,0.28,21.53846153846154,False
E9,17.75,17.75,12.360000000000003,69.63380281690142,False
E90,1.01,1.01,0.0,0.0,True
E900,7.27,7.27,0.0,0.0,True
E901,4.25,4.25,0.0,0.0,True
E902,4.57,4.57,3.5800000000000005,78.33698030634574,False
E903,4.6,4.6,1.3200000000000003,28.69565217391305,False
E904,0.79,0.79,0.0,0.0,True
E905,2.6799999999999997,2.68,1.4400000000000002,53.731343283582106,False
E906,1.97,1.97,0.0,0.0,True
E907,2.44,2.44,0.0,0.0,True
E908,5.13,5.13,10.26,200.0,False
E909,2.12,2.12,0.0,0.0,True
E91,11.350000000000001,11.350000000000001,3.740000000000001,32.95154185022027,False
E910,3.37,3.37,6.74,200.0,False
E911,4.52,4.5200000000000005,2.8200000000000007,62.38938053097347,False
E912,7.200000000000001,7.200000000000001,1.4,19.444444444444443,True
E913,3.97,3.97,0.0,0.0,True
E914,4.93,4.930000000000001,2.3,46.65314401622718,False
E915,5.25,5.25,0.0,0.0,True
E916,2.52,2.52,0.0,0.0,True
E917,4.9,4.9,2.42,49.38775510204081,False
E918,12.610000000000001,12.61,2.9399999999999986,23.3148295003965,False
E919,1.87,1.87,1.06,56.68449197860962,False
E92,15.7,15.700000000000001,12.9,82.16560509554141,False
E920,2.63,2.63,1.88,71.48288973384031,False
E921,2.34,2.34,1.54,65.81196581196582,False
E923,0.37,0.37,0.0,0.0,True
E924,7.3100000000000005,7.31,1.0799999999999992,14.774281805745542,True
E925,8.08,8.08,6.1,75.4950495049505,False
E926,2.09,2.09,0.0,0.0,True
E927,2.81,2.81,0.0,0.0,True
E928,2.75,2.75,1.56,56.72727272727273,False
E929,1.54,1.54,0.0,0.0,True
E93,3.9200000000000004,3.92,1.52,38.77551020408163,False
E930,9.11,9.110000000000001,7.220000000000001,79.25356750823273,False
E931,7.53,7.53,2.1400000000000006,28.41965471447544,False
E932,1.85,1.85,0.6799999999999999,36.75675675675676,False
E933,8.33,8.33,4.48,53.781512605042025,False
E934,12.77,12.77,1.6400000000000001,12.84259984338293,True
E935,2.95,2.9499999999999997,0.9,30.508474576271183,False
E936,6.8100000000000005,6.8100000000000005,3.96,58.14977973568281,False
E937,2.73,2.7299999999999995,2.08,76.19047619047619,False
E938,2.3,2.3,0.0,0.0,True
E939,2.54,2.54,1.3,51.181102362204726,False
E94,7.5200000000000005,7.5200000000000005,0.6400000000000003,8.510638297872344,True
E940,6.05,6.05,3.54,58.51239669421488,False
E941,0.53,0.53,0.0,0.0,True
E942,8.83,8.83,3.0599999999999996,34.65458663646658,False
E943,7.74,7.74,9.1,117.57105943152455,False
E944,7.130000000000001,7.130000000000001,3.5,49.0883590462833,False
E945,1.8599999999999999,1.8599999999999999,0.0,0.0,True
E946,4.4,4.4,0.0,0.0,True
E947,2.59,2.59,0.0,0.0,True
E949,10.32,10.32,8.920000000000002,86.4341085271318,False
E95,13.92,13.92,17.14,123.13218390804597,False
E950,9.25,9.25,4.640000000000001,50.16216216216217,False
E951,0.77,0.77,0.21999999999999997,28.571428571428566,False
E952,2.1300000000000003,2.13,0.3400000000000004,15.962441314554008,True
E953,10.26,10.26,4.58,44.63937621832359,False
E954,9.89,9.89,5.58,56.4206268958544,False
E955,2.71,2.71,0.0,0.0,True
E956,1.3599999999999999,1.3599999999999999,0.0,0.0,True
E957,3.54,3.54,1.2000000000000002,33.898305084745765,False
E958,2.2,2.2,4.4,200.0,False
E959,5.84,5.840000000000001,1.3999999999999992,23.972602739726014,False
E96,8.74,8.74,4.9,56.06407322654463,False
E960,8.83,8.83,4.5,50.962627406568515,False
E961,0.11,0.11,0.0,0.0,True
E962,3.02,3.02,0.6799999999999999,22.516556291390728,False
E963,1.37,1.37,0.0,0.0,True
E964,2.4800000000000004,2.4800000000000004,2.22,89.51612903225806,False
E965,0.79,0.79,0.0,0.0,True
E966,3.94,3.94,0.0,0.0,True
E967,1.35,1.35,1.28,94.81481481481481,False
E968,3.35,3.35,1.38,41.19402985074627,False
E969,4.15,4.15,0.45999999999999996,11.08433734939759,True
E97,10.33,10.33,6.599999999999999,63.89157792836398,False
E970,2.0300000000000002,2.0300000000000002,0.4400000000000002,21.674876847290648,False
E971,1.0,1.0,0.3400000000000001,34.00000000000001,False
E972,5.42,5.42,10.84,200.0,False
E973,4.38,4.38,4.92,112.32876712328768,False
E974,7.890000000000001,7.890000000000001,10.16,128.77059569074777,False
E975,3.5,3.5,1.2999999999999998,37.14285714285713,False
E976,2.96,2.96,2.8600000000000003,96.62162162162164,False
E977,4.65,4.65,2.4200000000000004,52.043010752688176,False
E978,2.22,2.22,0.6600000000000001,29.729729729729733,False
E979,8.72,8.719999999999999,6.579999999999999,75.45871559633025,False
E98,7.859999999999999,7.86,1.34,17.048346055979646,True
E980,2.7,2.7,1.5,55.55555555555555,False
E981,6.02,6.02,0.9400000000000006,15.614617940199347,True
E982,3.52,3.52,0.0,0.0,True
E983,12.48,12.48,14.36,115.06410256410255,False
E984,1.28,1.28,2.56,200.0,False
E985,8.05,8.05,0.0,0.0,True
E986,5.12,5.12,0.0,0.0,True
E987,2.86,2.8600000000000003,5.72,200.0,False
E988,6.410000000000001,6.41,3.1999999999999997,49.92199687987519,False
E989,4.26,4.26,0.0,0.0,True
E99,3.44,3.44,1.12,32.55813953488373,False
E990,13.76,13.76,4.879999999999999,35.46511627906976,False
E991,6.98,6.9799999999999995,6.38,91.40401146131805,False
E992,1.8399999999999999,1.8399999999999999,2.44,132.60869565217394,False
E993,0.9299999999999999,0.9299999999999999,0.05999999999999994,6.451612903225801,True
E994,74.38,74.38,148.76,200.0,False
E995,2.1799999999999997,2.1799999999999997,4.359999999999999,200.0,False
E996,7.65,7.65,0.0,0.0,True
E997,11.57,11.57,2.059999999999999,17.80466724286948,True
E998,8.239999999999998,8.239999999999998,2.0800000000000005,25.242718446601952,False
E999,0.6799999999999999,0.6799999999999999,0.0,0.0,True
