farm,etp
E1,8.578730553827008
E10,9.977660236465464
E100,14.575612943372743
E1000,5.453988799004357
E1001,1.0248164281269447
E1002,13.55727442439328
E1003,4.43031113876789
E1004,3.0653018046048537
E1005,6.583198506533915
E1006,5.173982576228998
E1007,4.092246421904169
E1008,6.377473553204729
E1009,1.3547230864965774
E101,7.798431860609832
E1010,3.979937772246422
E1011,1.9513627878033604
E1012,937.0668761667704
E1013,8.357604231487244
E1014,0.1965401369010579
E1015,8.747118855009335
E1016,4.706565028002489
E1017,5.727741132545114
E1018,6.922644679527069
E1019,7.391313005600498
E102,1.4951088985687615
E1020,13.67042314872433
E1021,2.1970379589296827
E1022,1.6560858742999378
E1023,6.531767268201619
E1024,4.815233354075918
E1025,1.846073428749222
E1026,4.934561294337274
E1027,17.527766023646546
E1028,2.7572370877411325
E1029,4.9696577473553205
E103,4.433372744243933
E1030,0.5966397013067828
E1031,9.175332918481644
E1032,2.0476540136901056
E1033,1.9162663347853144
E1034,8.084990665836964
E1035,7.940983198506534
E1036,144.8220037336652
E1037,4.4923459863098945
E1038,6.871213441194773
E1039,5.369757311761046
E104,13.608705662725576
E1040,4.667828251400124
E1041,11.973192283758555
E1042,7.924779091474798
E1043,8.012986932171748
E1044,1.502128189172371
E1045,4.61869321717486
E1046,0.6878904791537026
E1047,9.957087741132545
E1048,5.306583696328563
E1049,1.9852457996266335
E105,14.585899191039204
E1050,5.461008089607965
E1051,1.1581829495955196
E1052,1.5863596764156815
E1053,18.453528313627878
E1054,69.55504667081519
E1055,19.26380833851898
E1056,1.9162663347853144
E1057,8.80502800248911
E1058,7.86897946484132
E1059,2.30934660858743
E106,8.93874922215308
E1060,11.673509645301804
E1061,2.3655009334163033
E1062,2.702426882389546
E1063,1.6046546359676417
E1064,2.7585812072184193
E1065,7.273571873055383
E1066,3.38417548226509
E1067,7.580964530180461
E1068,9.730790292470443
E1069,1.8671313005600498
E107,3.5517610454262605
E1070,5.510143123833229
E1071,2.3304044803982578
E1072,2.421655258245177
E1073,7.745544492843808
E1074,1.8640136901057873
E1075,4.392227753578096
E1076,1.830952084629745
E1077,2.995743621655258
E1078,2.442713130056005
E1079,10.481686372121967
E108,6.840354698195395
E1080,2.105787181082763
E1081,2.1619415059116363
E1082,7.910124455507156
E1083,8.825600497822029
E1084,2.302327317983821
E1085,3.8465712507778473
E1086,1.073951462352209
E1087,7.395812072184194
E1088,2.105787181082763
E1089,5.708867454884879
E109,9.278195395146236
E1090,1.4915059116365899
E1091,2.8287741132545117
E1092,3.4675295581829495
E1093,8.239284380833853
E1094,1.1160672059738643
E1095,1.9029558182949597
E1096,6.470049782202863
E1097,1.7337647790914748
E1098,4.659670192906036
E1099,1.8206658369632855
E11,11.80861232109521
E110,9.175332918481644
E1100,13.372121966397014
E1101,1.698668326073429
E1102,2.1498257622899817
E1103,4.402514001244555
E1104,1.712706907280647
E1105,1.7267454884878657
E1106,1.6565525824517735
E1107,2.1970379589296827
E1108,2.314405724953329
E1109,10.17309894212819
E111,3.6358431860609826
E1110,3.6782762912258864
E1111,1.2137772246421903
E1112,51.693360298693214
E1113,1.2549222153080273
E1114,1.3474984443061608
E1115,2.160112009956441
E1116,3.744194150591164
E1117,0.701929060360921
E1118,4.169458618543871
E1119,4.520423148724331
E112,10.358251400124455
E1120,4.562538892345986
E1121,2.625214685749844
E1122,3.9869570628500313
E1123,4.058419415059116
E1124,2.6515556938394527
E1125,4.078207840696951
E1126,0.6891785936527691
E1127,2.2424019912881143
E1128,6.284897324206596
E1129,10.682520224019914
E113,7.498674548848786
E1130,1.0739514623522093
E1131,8.002700684505289
E1132,18.237517112632233
E1133,2.9783260734287493
E1134,16.841742377100186
E1135,6.398046048537648
E1136,7.420043559427505
E1137,23.833235843186063
E1138,4.392227753578096
E1139,5.69858120721842
E114,14.575612943372743
E1140,2.04261356565028
E1141,1.1511636589919105
E1142,14.956185438705663
E1143,2.2706658369632855
E1144,15.727672682016179
E1145,3.004256378344742
E1146,5.647149968886123
E1147,0.4281767268201617
E1148,2.477809583074051
E1149,2.920024891101431
E115,9.843939016801492
E1150,5.790914747977598
E1151,5.9557373988799
E1152,1.5302053515868077
E1153,0.9731425015556938
E1154,2.9130056004978218
E1155,0.5264467952706907
E1156,0.8142377100186683
E1157,5.678008711885501
E1158,1.5582825140012444
E1159,2.555021779713752
E116,13.248686994399502
E1160,23.401213441194773
E1161,2.5695644057249534
E1162,1.7178033602986933
E1163,2.7875731176104543
E1164,3.096160547604232
E1165,2.2424019912881143
E1166,7.375239576851276
E1167,2.8782825140012447
E1168,3.8059116365899195
E1169,8.136421904169259
E117,11.304586185438707
E1170,1.2652084629744866
E1171,1.0491972619788426
E1172,4.7625326695706285
E1173,2.005818294959552
E1174,2.274250155569384
E1175,1.810976975731176
E1176,1.2343497199751088
E1177,1.9232856253889237
E1178,0.9051897946484131
E1179,4.5156627255756066
E118,3.168164281269446
E1180,1.584082140634723
E1181,7.44724331051649
E1182,0.7200373366521468
E1183,4.937398879900436
E1184,13.287031736154326
E1185,6.394629744866211
E1186,3.4973242065961423
E1187,2.7567143746110765
E1188,1.1726322339763533
E1189,10.1162538892346
E119,7.99241443683883
E1190,6.315756067205974
E1191,14.61675793403858
E1192,3.2298817672682016
E1193,4.659670192906036
E1194,2.84929060360921
E1195,1.2034909769757312
E1196,1.2240634723086496
E1197,10.635980087118856
E1198,3.516664592408214
E1199,6.521481020535159
E12,3.898487865588052
E120,6.974075917859365
E1200,3.320124455507156
E1201,4.478307405102676
E1202,0.9265463596764157
E1203,1.340684505289359
E1204,5.0033167392657125
E1205,0.1474051026757934
E1206,7.097510889856875
E1207,2.21809583074051
E1209,1.298568761667704
E121,5.935164903546982
E1210,1.2985687616677035
E1211,1.0950093341630367
E1212,2.4918481642812695
E1213,5.27684505289359
E1214,1.6149408836341008
E1215,0.5896204107031736
E1216,13.420883634100809
E1217,55.16369010578718
E1218,1.1230864965774734
E1219,3.703049159925327
E122,7.210659614187927
E1220,13.77184816428127
E1221,9.031325451151213
E1222,1.830952084629745
E1223,6.7104418170504045
E1224,0.9897199751088985
E1225,1.2915494710640947
E1226,0.8844306160547606
E1227,7.005252022401992
E1228,10.16281269446173
E1229,1.3266459240821407
E123,192.97000622277534
E1230,0.8774113254511512
E1231,2.555021779713752
E1232,21.036720597386434
E1233,5.657548226509023
E1234,0.8984691972619788
E1235,1.6705911636589919
E1236,1.4529931549471065
E1237,5.552258867454885
E1238,1.9513627878033604
E1239,1.3757809583074052
E124,2.442713130056005
E1240,1.5582825140012444
E1241,0.38606098319850657
E1242,2.611176104542626
E1243,11.25315494710641
E1244,3.127019290603609
E1245,1.474051026757934
E1246,5.811729931549472
E1247,7.303235843186061
E1248,1.1090479153702553
E1249,3.088487865588052
E125,14.020155569383945
E1250,2.0917485998755447
E1251,2.1338643434971996
E1252,1.5442439327940263
E1253,1.2213565650280025
E1254,4.16945861854387
E1255,7.817548226509023
E1256,4.337921593030492
E1257,1.0669321717485998
E1258,5.025812072184194
E1259,0.9967392657125078
E126,4.114499066583696
E1260,3.994499066583696
E1261,10.606148102053517
E1262,0.7931798382078407
E1263,9.412868699439949
E1264,2.0075171126322338
E1265,4.429172370877411
E1266,6.212893590541382
E1267,7.827834474175482
E1268,0.8563534536403237
E1269,2.921294337274424
E127,1.3126073428749223
E1270,2.3349782202862475
E1271,12.44635967641568
E1272,2.961636589919104
E1273,20.43877411325451
E1274,7.745544492843808
E1276,1.069769757311761
E1277,8.702165525824519
E1278,4.3028251400124455
E1279,2.807716241443684
E128,0.5615432482887368
E1280,1.803957685127567
E1281,1.2494337274424392
E1282,2.239153702551338
E1283,1.0037585563161169
E1284,4.745040448039825
E1285,1.2564530180460487
E1286,1.62522713130056
E1287,1.0389110143123832
E1288,3.9087741132545113
E1289,1.607417548226509
E129,5.935164903546982
E1290,1.0248164281269447
E1291,4.555519601742377
E1292,0.9125077784691973
E1293,0.32990665836963284
E1294,1.438954573739888
E1295,2.4567517112632236
E1296,2.4005973864343497
E1297,0.3088487865588052
E1298,0.48433105164903545
E1299,0.8493341630367145
E13,8.630161792159303
E130,2.281269446172993
E1300,1.2915494710640947
E1301,5.461008089607965
E1302,3.790416925948973
E1303,15.04878033602987
E1304,5.383795892968264
E1305,6.928039825762291
E1306,5.453988799004356
E1307,0.9827006845052894
E1308,0.7097510889856876
E1309,1.0809707529558181
E131,8.331860609831985
E1310,0.47029247044181705
E1311,0.9897199751088985
E1312,1.0669321717486
E1313,0.6317361543248289
E1314,4.695905413814561
E1315,0.5966397013067828
E1316,2.281269446172993
E1317,1.0107778469197264
E1318,0.7861605476042316
E1319,3.5166645924082145
E132,6.3466148102053515
E1320,1.3196266334785316
E1321,3.2780087118855006
E1322,0.5545239576851275
E1323,0.7721219663970131
E1324,3.9378220286247667
E1325,1.403858120721842
E1326,1.502128189172371
E1327,2.8428126944617302
E1328,1.1314872433105165
E1329,7.066652146857499
E133,16.581431238332296
E1330,1.5120784069695083
E1331,1.8025575606720599
E1332,5.009663970130678
E1333,15.799676415681395
E1334,16.694579962663347
E1335,13.588133167392657
E1336,16.859159925326693
E1337,8.556496577473554
E1338,7.724971997510889
E1339,6.521481020535158
E134,6.449477286869944
E1340,7.232221530802738
E1341,6.618948350964529
E1342,3.8264841319228373
E1343,8.41415059116366
E1344,8.445009334163036
E1345,7.303235843186061
E1346,8.177566894835097
E1347,14.853341630367144
E1348,5.743497199751088
E1349,18.978126944617298
E135,7.519247044181705
E1350,10.193671437461107
E1351,6.0174548848786555
E1352,3.1270192906036085
E1353,8.1261356565028
E1354,0.8212570006222776
E1355,8.290715619166148
E1356,1.9029558182949597
E1357,2.2012570006222774
E1358,2.4892719352831363
E1359,8.671306782825141
E136,9.268077162414436
E1360,1.9646733042937152
E1361,1.707517112632234
E1362,5.071120099564406
E1363,2.6229931549471064
E1364,2.3658369632856253
E1365,1.8206658369632858
E1366,3.1784505289359055
E1367,0.9154760423148725
E1368,0.9154760423148725
E1369,1.4503609209707529
E137,6.675774735532048
E1370,4.227647790914748
E1371,25.218500311138765
E1372,1.841238332296204
E1373,7.642682016179215
E1374,12.240634723086497
E1375,8.753596764156814
E1376,2.046963285625389
E1377,5.942930927193529
E1378,6.91235843186061
E1379,1.2857809583074051
E138,8.11584940883634
E1380,4.988830118232732
E1381,11.705152457996267
E1382,2.818431860609832
E1383,2.016104542626011
E1384,1.152059738643435
E1385,8.80502800248911
E1386,8.033559427504667
E1387,0.9195270690728065
E1388,8.959321717485999
E1389,6.91235843186061
E139,4.365998755444928
E1390,7.1268574984443065
E1391,1.3757809583074052
E1392,0.6878904791537026
E1393,1.712706907280647
E1394,3.9378220286247667
E1395,2.779639079029247
E1396,0.8703920348475419
E1397,0.42817672682016183
E1398,1.4670317361543248
E1399,0.8563534536403234
E14,1.0107778469197262
E140,0.4913503422526447
E1400,1.3196266334785314
E1401,3.7202240199128815
E1402,0.6106782825140014
E1403,5.404853764779092
E1404,1.502128189172371
E1405,1.109047915370255
E1406,2.211076540136901
E1407,0.5657436216552583
E1408,1.347703795892968
E1409,1.207317983820784
E141,8.167280647168637
E1410,1.3474984443061604
E1411,5.359135034225264
E1412,5.727741132545114
E1413,1.9092470441817049
E1414,0.36500311138767894
E1415,0.5826011200995644
E1416,1.9236029869321718
E1417,7.982128189172371
E1418,9.704729309271935
E1419,5.420852520224019
E142,0.9051897946484132
E1420,1.3757809583074052
E1421,13.194996888612321
E1422,6.593484754200373
E1423,3.435606720597386
E1424,6.078500311138768
E1425,2.5818481642812694
E1426,8.091151213441195
E1427,6.470423148724331
E1428,10.214243932794027
E1429,6.788923459863098
E143,11.952619788425638
E1430,7.7661169881767265
E1431,1.0903422526446793
E1432,1.7589483509645303
E1433,2.3349782202862475
E1434,2.499558182949596
E1435,0.8846172993154947
E1436,1.3989296826384567
E1437,0.8743310516490355
E1438,8.218711885500934
E1439,1.1230864965774736
E144,6.91235843186061
E1440,11.851344119477288
E1441,2.3658369632856253
E1442,3.209309271935283
E1443,1.1314872433105165
E1444,2.478985687616677
E1446,4.165930304915993
E1447,3.732918481642813
E1448,0.4913503422526446
E1449,1.5223646546359677
E145,1.6284754200373366
E1450,1.6565525824517735
E1451,6.727205973864344
E1452,7.508960796515246
E1453,1.3196266334785316
E1454,0.5966023646546359
E1455,0.8743310516490355
E1456,6.490622277535781
E1457,2.597137523335408
E1458,1.3266459240821407
E1459,0.568562538892346
E146,11.94233354075918
E1460,1.9934785314250156
E1461,2.1900186683260734
E1462,2.7305040448039826
E1463,1.073951462352209
E1464,3.199023024268824
E1465,1.0107778469197264
E1466,6.963136278780336
E1467,1.9749595519601744
E1468,16.746011200995643
E1469,7.539819539514624
E147,4.983696328562538
E1470,1.1020286247666458
E1472,3.3224579962663348
E1473,3.011275668948351
E1474,1.438954573739888
E1475,2.9972370877411323
E1476,7.467815805849409
E1477,0.5896204107031736
E1478,7.251804604853764
E1479,4.450230242688239
E148,21.724555071561916
E1480,1.2845301804604856
E1481,0.45625388923459864
E1482,1.830952084629745
E1483,5.972072184194151
E1484,3.0241568139390167
E1485,88.27459863098942
E1486,60.604853764779094
E1487,19.506608587429994
E1488,11.541169881767269
E1489,3.7872993154947108
E149,1.038855009334163
E1490,3.207815805849408
E1491,0.435196017423771
E1492,1.2960672059738645
E1493,7.179800871188551
E1494,11.808612321095207
E1495,6.160192906036093
E1496,2.807716241443684
E1497,5.6364903546981955
E1498,7.696148102053517
E1499,1.1212009956440574
E15,2.112806471686372
E150,17.07517112632234
E1500,2.1759800871188553
E1501,5.096004978220286
E1502,6.963136278780336
E1503,2.5715619166148103
E1504,1.4297884256378346
E1505,2.03667703795893
E1506,0.9051897946484131
E1507,9.967373988799004
E1508,1.9749595519601744
E1509,4.834536403235843
E151,9.021039203484754
E1510,3.8044555071561916
E1511,9.309054138145612
E1512,3.672190416925949
E1513,6.747778469197262
E1514,4.694075917859365
E1515,13.6889234598631
E1516,0.7370255133789669
E1517,8.703920348475421
E1518,16.632283758556316
E1519,1.9852457996266335
E152,2.273260734287492
E1520,4.75579340385812
E1521,1.5943683883011823
E1522,1.1520597386434348
E1523,2.694996888612321
E1524,4.237934038581208
E1525,12.86809583074051
E1526,2.1498257622899812
E1527,1.7618419415059114
E1528,0.9669072806471686
E1529,3.851443683883012
E153,6.716919726197884
E1530,1.4951088985687615
E1531,129.72487243310516
E1532,0.701929060360921
E1533,0.2877909147479776
E1534,1.340684505289359
E1535,4.74196017423771
E1536,3.9658991910392034
E1537,0.701929060360921
E1538,4.429172370877411
E1539,0.6878904791537026
E154,1.9864592408214061
E1540,0.7089483509645301
E1541,7.658046048537647
E1542,3.1727193528313626
E1543,1.8671313005600498
E1544,0.40711885500933415
E1545,0.7931798382078407
E1546,1.4529931549471065
E1547,0.4492345986309894
E1548,2.4481269446172993
E1549,1.5302053515868077
E155,8.054131922837586
E1550,1.3126073428749223
E1551,9.782221530802737
E1552,7.745544492843808
E1553,3.2358929682638458
E1554,3.0550155569383945
E1555,7.210659614187928
E1556,3.631045426260112
E1557,10.800560049782202
E1558,7.488388301182328
E1559,2.664138145612944
E156,12.559508400746733
E1560,6.8917859365276914
E1561,2.273260734287492
E1562,1.0080522713130056
E1563,2.0268201617921595
E1564,8.568444306160549
E1566,1.4092159303049159
E1567,14.336228998133167
E1568,6.591113876789048
E1569,22.228581207218422
E157,2.035594275046671
E1570,1.2343497199751088
E1571,1.6284754200373366
E1572,12.816664592408214
E1573,11.860043559427504
E1574,2.088108276291226
E1575,6.634629744866211
E1576,8.01298693217175
E1577,3.3622401991288116
E1578,4.057149968886123
E1579,3.9518606098319853
E158,1.2564530180460485
E1580,2.0496328562538895
E1581,1.172221530802738
E1582,6.418618543870566
E1583,0.6808711885500932
E1584,1.537224642190417
E1585,5.42591163658992
E1586,0.8493341630367145
E1587,2.2953080273802113
E1588,2.7234847542003737
E1589,7.742277535780959
E159,10.121667703795893
E1590,0.40711885500933415
E1591,4.3510827629122595
E1592,8.640746733042937
E1593,1.698668326073429
E1594,2.592134411947729
E1595,1.2845301804604852
E1596,1.137125077784692
E1597,1.0037585563161169
E1598,0.6808711885500934
E1599,1.537224642190417
E16,7.406098319850653
E160,12.641798382078406
E1600,0.40711885500933415
E1601,2.070690728064717
E1602,4.401095208462974
E1603,4.401095208462975
E1604,1.3126073428749223
E1605,3.7553204729309266
E1606,1.1581829495955196
E1607,1.846073428749222
E1608,9.355575606720597
E1609,1.1511636589919105
E161,2.260211574362166
E1610,0.7440448039825762
E1611,0.16144368388301183
E1612,1.7197261978842564
E1613,3.207815805849409
E1614,4.8994648413192285
E1615,2.3023273179838206
E1616,17.26032358431861
E1617,2.9972370877411323
E1618,1.7478033602986933
E1619,1.207317983820784
E162,10.705127566894834
E1620,2.84281269446173
E1621,3.2218543870566276
E1622,1.4249159925326698
E1623,0.4141381456129434
E1624,1.2564530180460485
E1625,2.6462725575606716
E1626,1.9934785314250159
E1627,1.2704915992532668
E1628,2.877909147479776
E1629,0.3860609831985065
E163,6.5578282514001245
E1630,0.35798382078406965
E1631,1.6425140012445552
E1632,0.6317361543248289
E1633,9.000466708151835
E1634,2.2321344119477287
E1635,1.747803360298693
E1636,0.16144368388301183
E1637,1.7828998133167393
E1638,1.8741505911636591
E1639,1.6635718730553828
E164,2.1549222153080274
E1640,0.42817672682016183
E1641,1.7548226509023024
E1642,1.368761667703796
E1643,1.102028624766646
E1644,0.6176975731176104
E1645,1.5021281891723706
E1646,0.9686621032980709
E1647,3.9910640945861853
E1648,2.0847293092719354
E1649,4.295805849408836
E165,13.639564405724952
E1650,1.1652022401991289
E1651,0.32990665836963284
E1652,1.9092470441817049
E1653,5.348848786558805
E1654,0.8844306160547606
E1655,0.9054884878655881
E1656,0.6668326073428749
E1657,0.568562538892346
E1658,0.8282762912258868
E1659,1.6776104542626011
E166,1.1581829495955196
E1660,1.0950093341630367
E1661,0.6106782825140012
E1662,4.3028251400124455
E1663,2.1268450528935907
E1664,0.9827006845052894
E1665,67.28815183571874
E1666,2.590118232731798
E1667,1.4319352831362786
E1668,1.0599128811449907
E1669,6.7580647168637205
E167,5.0187927815805855
E1670,4.87568139390168
E1671,6.984362165525825
E1672,1.102028624766646
E1673,4.230952084629745
E1674,2.211543248288737
E1675,1.4178967019290603
E1676,8.105563161169881
E1677,8.208425637834475
E1678,11.160578718108276
E1679,1.4880896079651524
E168,4.916116988176727
E1680,10.837784691972619
E1681,1.474051026757934
E1682,4.669956440572496
E1683,3.1784505289359055
E1684,1.7287429993777226
E1685,9.494001244555072
E1686,1.1417734909769757
E1687,1.9864592408214066
E1688,2.808145612943373
E1689,3.1887367766023647
E169,5.264467952706907
E1690,2.407616677037959
E1691,9.000466708151835
E1692,2.0636714374611076
E1693,0.8142377100186683
E1694,1.5231860609831986
E1695,0.8717734909769758
E1696,0.7399937772246422
E1697,7.478102053515868
E1698,0.4983696328562539
E1699,17.73349097697573
E17,1.069769757311761
E170,2.293833229620411
E1700,38.25513378967019
E1701,39.8489234598631
E1702,2.505886745488488
E1703,2.1909707529558182
E1704,1.4880896079651524
E1705,4.855108898568761
E1706,1.7795208462974488
E1707,2.281269446172993
E1708,1.3968388301182328
E1709,0.968662103298071
E171,9.49420659614188
E1710,0.42817672682016183
E1711,3.5307031736154326
E1712,2.098767890479154
E1713,0.8984691972619789
E1714,1.3577846919726198
E1715,18.360952084629744
E1716,1.5863596764156813
E1717,1.1160672059738643
E1718,2.7585812072184193
E1719,2.316365899191039
E172,6.373515868077162
E1720,0.5194275046670815
E1721,2.800696950840075
E1722,3.5517610454262605
E1723,0.9546235220908524
E1724,0.40711885500933415
E1725,0.7651026757934039
E1726,1.0809707529558183
E1727,2.04261356565028
E1728,0.47029247044181705
E1729,1.3687616677037961
E173,4.225612943372744
E1730,0.9686621032980709
E1731,1.3617423771001869
E1732,2.2953080273802113
E1733,3.074449284380834
E1734,0.7861605476042316
E1735,1.1932794026135656
E1736,0.6949097697573118
E1737,0.870392034847542
E1738,1.2002986932171749
E1739,0.6949097697573118
E174,9.638214063472308
E1740,0.737025513378967
E1741,1.502128189172371
E1742,2.877909147479776
E1743,1.944343497199751
E1744,1.5302053515868077
E1745,1.207317983820784
E1746,3.6149346608587427
E1747,1.8390541381456127
E1748,1.340684505289359
E1749,3.650031113876789
E175,7.0255071561916616
E1750,1.0458742999377724
E1751,1.1160672059738643
E1752,1.803957685127567
E1753,3.692146857498444
E1754,0.3930802738021158
E1755,2.302327317983821
E1756,2.070690728064717
E1757,4.79417548226509
E1758,6.436689483509645
E1759,9.68662103298071
E176,7.580964530180461
E1760,0.3088487865588052
E1761,0.5124082140634723
E1762,0.807218419415059
E1763,1.0599128811449907
E1764,0.7089483509645303
E1765,1.979439950217797
E1766,3.9709023024268824
E1767,4.050130678282514
E1768,6.572912258867455
E1769,2.316365899191039
E177,9.35019912881145
E1770,0.5334660858742999
E1771,1.3547230864965774
E1772,1.235395146235221
E1773,1.403858120721842
E1774,2.0778220286247664
E1775,15.239719975108898
E1776,1.1230864965774736
E1777,2.376123210952085
E1778,5.648195395146235
E1779,9.31934038581207
E178,2.702426882389546
E1780,4.576577473553205
E1781,0.9335656502800249
E1782,8.591611698817673
E1783,7.539819539514625
E1784,1.038855009334163
E1785,2.7258556316116986
E1786,3.7853391412570008
E1787,6.633229620410703
E1788,8.17747355320473
E1789,2.1157747355320473
E179,1.937324206596142
E1790,4.669956440572496
E1791,2.6883883011823273
E1792,5.250429371499689
E1793,1.841238332296204
E1794,11.53088363410081
E1795,6.77863721219664
E1796,1.6003982576228997
E1797,5.7705849408836345
E1798,0.8633727442439328
E1799,1.6214561294337275
E18,1.4810703173615432
E180,6.974075917859365
E1800,4.099265712507779
E1801,3.980777846919726
E1802,0.6247168637212197
E1803,0.6106782825140012
E1804,2.0636714374611076
E1805,5.475046670815185
E1806,22.280012445550717
E1807,0.514312383322962
E1808,3.970491599253267
E1809,2.0636714374611076
E181,3.6289732420659617
E1810,7.0093217174859985
E1811,5.445606720597387
E1812,1.474051026757934
E1813,7.272377100186683
E1814,1.717803360298693
E1815,3.776378344741755
E1816,11.273727442439329
E1817,3.7853391412570008
E1818,2.6954075917859366
E1819,1.1511636589919105
E182,7.282663347853142
E1820,1.6560858742999378
E1821,1.074511512134412
E1822,29.226608587429997
E1823,14.668189172370877
E1824,3.8264841319228373
E1825,0.555457373988799
E1826,6.490622277535781
E1827,5.928276291225886
E1828,24.721941505911637
E1829,1.1511636589919103
E183,1.5231860609831986
E1830,2.204057249533292
E1831,2.3163658991910396
E1832,2.600591163658992
E1833,0.2877909147479776
E1834,7.513310516490354
E1835,6.994648413192285
E1836,1.8952084629744865
E1837,3.2007965152458
E1838,3.5590416925948976
E1839,0.9335656502800249
E184,8.25985687616677
E1840,0.6106782825140012
E1841,1.4880896079651522
E1842,1.9583820784069694
E1843,1.4297884256378346
E1844,0.8352955818294959
E1845,1.7267454884878657
E1846,0.9054884878655881
E1847,2.4707902924704417
E1848,1.6635718730553828
E1849,2.0145364032358435
E185,10.070236465463596
E1850,0.6598133167392657
E1851,20.541636589919108
E1852,0.9125077784691973
E1853,1.0669321717485998
E1854,0.5334660858742999
E1855,0.3930802738021158
E1856,4.716963285625389
E1857,4.9696577473553205
E1858,2.112806471686372
E1859,0.9616428126944618
E186,12.374355942750467
E1860,3.8621593030491597
E1861,2.9212943372744244
E1862,1.8460734287492224
E1863,3.2007965152458
E1864,6.0174548848786555
E1865,1.964673304293715
E1866,0.7440448039825762
E1867,0.3509645301804605
E1868,2.057249533291848
E1869,3.341182327317984
E187,6.21909147479776
E1870,2.9551213441194766
E1871,2.035594275046671
E1872,0.737025513378967
E1873,2.43784069695084
E1874,2.0075171126322338
E1875,1.5231860609831986
E1876,1.0950093341630367
E1877,0.7861605476042316
E1878,7.025507156191662
E1879,2.6229931549471064
E188,0.40711885500933415
E1880,0.6878904791537026
E1881,2.4427131300560045
E1882,1.964673304293715
E1883,1.7688612321095207
E1884,1.495108898568762
E1885,0.5334660858742999
E1886,1.7969383945239576
E1887,0.5475046670815183
E1888,1.1160672059738643
E1889,1.6425140012445552
E189,11.301057871810826
E1890,1.0950093341630367
E1891,0.400099564405725
E1892,1.4319352831362786
E1893,0.9125077784691973
E1894,1.5091474797759803
E1895,1.5231860609831984
E1896,0.6808711885500932
E1897,1.0037585563161169
E1898,0.6891785936527691
E1899,1.0177971375233354
E19,7.8175482265090235
E190,1.6495332918481644
E1900,2.5129060360920974
E1901,2.7445426260112007
E1902,0.9616428126944618
E1903,2.168960796515246
E1904,4.485326695706285
E1905,0.9476042314872433
E1906,1.8671313005600498
E1907,1.4951088985687615
E1908,2.2526882389545735
E1909,1.4670317361543248
E191,5.636863721219664
E1910,0.4913503422526446
E1911,0.9566210329807093
E1912,2.952265090230242
E1913,1.305588052271313
E1914,4.505376477909147
E1915,5.104536403235843
E1916,4.237934038581207
E1917,3.600186683260734
E1918,3.137305538270068
E1919,0.7510640945861855
E192,3.7412818917237085
E1920,6.198033602986932
E1921,2.182999377722464
E1922,1.0107778469197264
E1923,2.014536403235843
E1924,0.2246172993154947
E1925,1.5161667703795894
E1926,4.309844430616055
E1927,0.6808711885500934
E1928,2.9621406347230863
E1929,0.8072184194150591
E193,2.540983198506534
E1930,1.2213565650280025
E1931,0.7440448039825762
E1932,0.6668326073428749
E1933,2.3795395146235223
E1934,0.9405849408836341
E1935,2.168960796515246
E1936,7.04607965152458
E1937,0.5264467952706907
E1938,4.078207840696951
E1939,2.2476477909147476
E194,1.565301804604854
E1940,2.2672308649657746
E1941,2.3864094586185436
E1942,1.1417734909769757
E1943,3.664069695084008
E1944,1.2845301804604856
E1945,14.890902302426882
E1946,0.7440448039825762
E1947,1.9022277535780958
E1948,0.6527940261356565
E1949,1.1674611076540138
E195,5.362738021157436
E1950,1.3196266334785314
E1951,4.423086496577473
E1952,2.140883634100809
E1953,1.964673304293715
E1954,15.828500311138766
E1955,1.1581829495955196
E1956,2.859576851275669
E1957,3.0476228998133172
E1958,0.9137025513378967
E1959,0.3509645301804605
E196,10.759415059116366
E1960,4.408114499066584
E1961,1.635494710640946
E1962,7.3546670815183575
E1963,0.9827006845052892
E1964,0.8142377100186683
E1965,0.8423148724331051
E1966,1.474051026757934
E1967,7.9739141257000625
E1968,5.00940261356565
E1969,1.9654013690105787
E197,7.5706782825140015
E1970,21.123266957062853
E1971,7.992414436838831
E1972,0.7440448039825762
E1973,0.7721219663970131
E1974,0.3930802738021158
E1975,2.1198257622899814
E1976,1.438954573739888
E1977,3.3060858742999377
E1978,1.0739514623522093
E1979,0.8774113254511511
E198,3.3224579962663348
E1980,1.9864592408214061
E1981,2.9761792159303044
E1982,0.638755444928438
E1983,6.007168637212197
E1984,8.191512134411946
E1985,3.538469197261979
E1986,2.7361418792781578
E1987,0.35798382078406965
E1988,3.168164281269446
E1989,2.3163845675171126
E199,6.614057249533292
E1990,3.600186683260734
E1991,7.31531425015557
E1992,0.31586807716241444
E1993,4.61869321717486
E1994,1.9543870566272556
E1995,2.0263907902924703
E1996,1.846073428749222
E1997,0.7931798382078407
E1998,1.6003982576228997
E1999,0.7229869321717487
E2,1.2754947106409458
E20,8.142377100186684
E200,9.473634100808962
E2000,0.9405849408836341
E2001,2.1338643434971996
E2002,3.720224019912881
E2003,0.47029247044181705
E2004,3.292047293092719
E2005,1.6354947106409456
E2006,0.4422153080273802
E2007,1.3196266334785314
E2008,2.737523335407592
E2009,1.0248164281269445
E201,1.6705911636589919
E2010,3.8325326695706288
E2011,1.6663721219663967
E2012,1.4459738643434972
E2013,5.420852520224019
E2014,1.0528935905413814
E2015,1.4810703173615432
E2016,1.0318357187305538
E2017,1.607417548226509
E2018,1.9934785314250156
E2019,0.9771935283136278
E202,2.2321344119477287
E2020,0.2737523335407592
E2021,8.506726820161791
E2022,0.8072184194150591
E2023,1.5231860609831984
E2024,1.3336652146857497
E2025,6.317361543248289
E2026,0.2262974486621033
E2027,1.2353951462352208
E2028,1.872097075295582
E2029,3.5307031736154326
E203,9.730790292470441
E2030,2.351462352209085
E2031,1.3336652146857497
E2032,2.253192283758556
E2033,3.685127566894835
E2034,0.9616428126944618
E2035,0.5896204107031736
E2036,2.3304044803982578
E2037,8.52729931549471
E2038,2.6252146857498446
E2039,1.6003982576229
E204,2.154922215308027
E2040,1.9092470441817049
E2041,1.2424144368388301
E2042,0.6949097697573118
E2043,2.7094461729931547
E2044,1.6986683260734285
E2045,8.887317983820783
E2046,0.47029247044181705
E2047,1.5231860609831984
E2048,1.6565525824517735
E2049,5.948176726820162
E205,0.9546235220908524
E2050,2.160112009956441
E2051,5.379707529558183
E2052,1.0458742999377724
E2053,0.31887367766023644
E2054,9.391344119477287
E2055,0.8212570006222776
E2056,0.6598133167392658
E2057,1.0177971375233354
E2058,1.2034909769757314
E2059,0.7931798382078408
E206,7.519247044181705
E2060,0.9756813939016802
E2061,1.4459738643434974
E2062,7.591250777846919
E2063,3.733907902924704
E2064,1.676658369632856
E2065,1.270491599253267
E2066,12.641798382078406
E2067,0.7580833851897946
E2068,3.5590416925948976
E2069,1.9654013690105787
E207,9.843939016801492
E2070,1.8515245799626634
E2071,2.3233851897946485
E2072,3.5281829495955197
E2073,2.548002489110143
E2074,1.4600124455507155
E2075,1.1230864965774736
E2076,0.9405849408836341
E2077,0.7791412570006222
E2078,3.378332296204107
E2079,2.6252146857498446
E208,1.882383322962041
E2080,6.141879278158059
E2081,4.453945239576851
E2082,8.177566894835097
E2083,12.919527069072805
E2084,0.4141381456129434
E2085,0.29830118232731795
E2086,1.326925948973242
E2087,1.7197261978842564
E2088,2.43784069695084
E2089,3.5517610454262605
E209,2.6949968886123217
E2090,0.9827006845052894
E2091,1.9162663347853144
E2092,2.540983198506534
E2093,2.1759800871188553
E2094,1.7178033602986933
E2095,1.676658369632856
E2096,3.101742377100187
E2097,2.211076540136901
E2098,9.103329184816427
E2099,3.0398008711885502
E21,7.117560672059739
E210,1.0879900435594276
E2100,3.394461729931549
E2101,3.6516179215930302
E2102,2.1619415059116367
E2103,2.22511512134412
E2104,0.5615432482887368
E2105,0.9827006845052894
E2106,0.11932794026135658
E2107,1.6003982576229
E2108,1.1449471064094585
E2109,4.721387678904791
E211,4.766098319850654
E2110,4.279079029247044
E2111,1.698668326073429
E2112,1.0183385189794647
E2113,4.113304293714997
E2114,10.457081518357187
E2115,1.2446359676415681
E2116,1.347703795892968
E2117,2.6603111387678906
E2118,1.0107778469197262
E2119,0.737025513378967
E212,2.6252146857498446
E2120,4.011636589919104
E2121,4.541481020535159
E2122,2.4216552582451776
E2123,0.3930802738021157
E2124,0.4141381456129434
E2125,1.4249159925326693
E2126,1.6003982576229
E2127,0.38606098319850657
E2128,1.2494337274424392
E2129,19.389576851275667
E213,0.8774113254511512
E2130,2.5690603609209703
E2131,1.1652022401991289
E2132,0.4320224019912881
E2134,0.1544243932794026
E2135,2.807716241443684
E2136,4.057149968886123
E2137,1.565301804604854
E2138,1.3071001866832608
E2139,0.673851897946484
E214,2.302327317983821
E2140,0.5896204107031736
E2141,2.221829495955196
E2142,1.7267454884878657
E2143,1.5512632233976353
E2144,0.40711885500933415
E2145,2.3528064716863724
E2146,2.9932980709396393
E2147,0.9977660236465463
E2148,0.2246172993154947
E2149,1.1862601120099563
E215,8.79474175482265
E2150,0.7791412570006224
E2151,1.9864592408214066
E2152,0.9335656502800248
E2153,1.537224642190417
E2154,0.20572495332918483
E2155,1.5863596764156813
E2156,0.80019912881145
E2157,1.6916490354698195
E2158,0.3509645301804605
E2159,2.049632856253889
E216,6.048313627878033
E2160,0.45625388923459864
E2161,1.502128189172371
E2162,1.8881891723708772
E2163,1.403858120721842
E2164,7.251804604853764
E2165,6.655202240199129
E2166,5.9351649035469825
E2167,0.737025513378967
E2168,1.502128189172371
E2169,1.6495332918481644
E217,0.5896204107031736
E2170,1.2353951462352208
E2171,1.3336652146857497
E2172,2.1900186683260734
E2173,1.2034909769757312
E2174,2.084729309271935
E2175,2.8698630989421288
E2176,6.984362165525825
E2177,0.737025513378967
E2178,1.0107778469197262
E2179,1.7548226509023024
E218,7.435220908525203
E2180,7.16951462352209
E2181,6.506882389545738
E2182,0.6598133167392657
E2183,1.403858120721842
E2184,0.5264467952706907
E2185,1.1862601120099565
E2186,1.2985687616677035
E2187,1.502128189172371
E2188,0.5194275046670815
E2189,1.2915494710640947
E219,7.334094586185438
E2190,0.870392034847542
E2191,6.359477286869944
E2192,4.008014934660859
E2193,5.4469695084007475
E2194,0.9195270690728065
E2195,1.6495332918481644
E2196,1.130105787181083
E2197,18.175799626633477
E2198,1.2564530180460487
E2199,1.3196266334785314
E22,1.440074673304294
E220,3.671088985687617
E2200,2.6387492221530806
E2201,3.3271437461107656
E2202,1.0599128811449907
E2203,2.3584816428126945
E2204,0.9897199751088985
E2205,2.8357934038581214
E2206,1.109047915370255
E2207,0.638755444928438
E2208,0.8001991288114498
E2209,5.215127566894835
E221,6.18718730553827
E2210,0.8774113254511512
E2211,2.2531922837585565
E2212,1.747803360298693
E2213,1.7383758556316116
E2214,0.9756813939016801
E2215,1.8179962663347853
E2216,4.3238830118232725
E2217,8.321574362165526
E2218,0.6247168637212197
E2219,1.9338145612943374
E222,1.3989296826384567
E2220,3.1586807716241445
E2221,3.3345364032358433
E2222,1.5635096453018045
E2223,2.4584131922837584
E2224,2.435693839452396
E2225,1.0528935905413814
E2226,1.6495332918481642
E2227,2.316365899191039
E2228,1.542843808338519
E2229,4.227647790914747
E223,3.127019290603609
E2230,1.8881891723708775
E2231,1.0177971375233354
E2232,9.782221530802738
E2233,1.2845301804604856
E2234,2.3658369632856253
E2235,0.8844306160547604
E2236,1.2353951462352208
E2237,1.2353951462352208
E2238,1.6425140012445552
E2239,1.800093341630367
E224,0.6068886123210951
E2240,0.08228998133167394
E2241,12.230348475420039
E2242,2.491848164281269
E2243,2.0004978220286245
E2244,3.0344430616054763
E2245,5.134013690105787
E2246,2.3349782202862475
E2247,3.178450528935905
E2248,2.870889856876167
E2249,3.7696950840074672
E225,38.05911636589919
E2250,4.289365276913504
E2251,2.2656440572495335
E2252,6.77863721219664
E2253,3.3762787803360297
E2254,4.124785314250156
E2255,2.1498257622899812
E2256,1.0669321717486
E2257,2.0263907902924703
E2258,1.3786185438705663
E2259,4.2173615432482885
E226,3.0955071561916614
E2260,10.914996888612322
E2261,0.8023273179838207
E2262,18.335208462974485
E2263,17.04431238332296
E2264,1.5512632233976353
E2265,0.6106782825140012
E2266,2.30411947728687
E2267,0.11314872433105165
E2268,4.968257622899813
E2269,16.69457996266335
E227,2.7464281269446174
E2270,0.7861605476042314
E2271,14.143590541381457
E2272,0.5068450528935905
E2273,0.8774113254511512
E2274,1.565301804604854
E2275,0.6668326073428749
E2276,2.4216552582451776
E2277,1.7758805227131302
E2278,5.914592408214063
E2279,2.1970379589296827
E228,3.7853391412570008
E2280,4.850329807093964
E2281,2.859576851275669
E2282,1.1726322339763535
E2283,0.9257622899813317
E2284,16.571144990665836
E2285,2.261331673926571
E2286,0.3930802738021158
E2287,5.505289359054138
E2288,3.7956253889234595
E2289,2.505196017423771
E229,9.298767890479155
E2290,9.005749844430616
E2291,10.337678904791536
E2292,1.4459738643434972
E2293,3.0138705662725576
E2294,6.747778469197262
E2295,0.8914499066583697
E2296,2.04261356565028
E2297,3.8367703795892965
E2298,14.39046048537648
E2299,1.6425140012445552
E23,1.6663721219663967
E230,1.0107778469197262
E2300,1.9583820784069694
E2301,0.6527940261356565
E2302,14.9150591163659
E2303,16.56085874299938
E2304,1.6425140012445552
E2305,3.292047293092719
E2306,6.706633478531424
E2307,4.248220286247666
E2308,1.410877411325451
E2309,0.4773117610454262
E231,1.4529931549471065
E2310,0.4913503422526447
E2311,5.370634723086497
E2312,4.41261356565028
E2313,6.943217174859988
E2314,2.2012570006222774
E2315,1.7589483509645303
E2316,5.523714996888613
E2317,7.776403235843186
E2318,18.688077162414437
E2319,5.503142501555693
E232,0.4217361543248288
E2320,1.3196266334785314
E2321,1.0950093341630367
E2322,2.262974486621033
E2323,4.2173615432482885
E2324,22.92169881767268
E2325,3.373889234598631
E2326,12.234978220286248
E2327,3.586857498444306
E2328,1.7899191039203486
E2329,0.5896204107031736
E233,9.75136278780336
E2330,2.0215556938394523
E2331,1.2143372744243932
E2332,7.509838207840698
E2333,1.3680709396390789
E2334,0.9616428126944618
E2335,2.139539514623522
E2336,6.521481020535159
E2337,3.764766645924082
E2338,6.531767268201618
E2339,2.4892719352831363
E234,7.138655880522713
E2340,7.605942750466708
E2341,4.88542626011201
E2342,4.408114499066584
E2343,2.393578095830741
E2344,1.2845301804604852
E2345,1.368761667703796
E2346,6.03658991910392
E2347,1.5582825140012444
E2348,1.9232856253889232
E2349,1.5223646546359675
E235,13.094393279402613
E2350,2.1086807716241442
E2351,3.137305538270068
E2352,2.653851897946484
E2353,1.1792408214063472
E2354,1.0800560049782204
E2355,3.592476664592408
E2356,0.4422153080273802
E2357,0.6176975731176105
E2358,0.7791412570006222
E2359,1.410877411325451
E236,1.270491599253267
E2360,0.5334660858742999
E2361,0.8846172993154947
E2362,3.19377722464219
E2363,2.396695706285003
E2364,3.3411823273179833
E2365,1.6425140012445552
E2366,0.7580833851897947
E2367,2.204057249533292
E2368,1.1160672059738643
E2369,1.1792408214063472
E237,7.3032358431860604
E2370,2.252688238954574
E2371,2.4567517112632236
E2372,0.5545239576851275
E2373,1.102028624766646
E2374,0.7229869321717487
E2375,1.1862601120099563
E2376,1.9232856253889237
E2377,0.48433105164903545
E2378,0.9257622899813317
E2379,1.0599128811449907
E238,0.673851897946484
E2380,0.9566210329807096
E2381,0.4422153080273802
E2382,1.7873615432482888
E2383,1.7898070939639081
E2384,2.466440572495333
E2385,2.035594275046671
E2386,1.4459738643434972
E2387,5.503142501555693
E2388,1.1109147479775983
E2389,2.452308649657747
E239,1.7618419415059114
E2390,10.5742626011201
E2391,1.2137772246421903
E2392,1.3968388301182326
E2393,1.6457996266334787
E2394,2.281269446172993
E2395,1.2143372744243932
E2396,3.2218543870566267
E2397,0.8434723086496579
E2398,1.3577846919726198
E2399,0.25971375233354077
E24,1.6635718730553826
E240,1.141773490976976
E2400,0.7510640945861855
E2401,0.8640448039825762
E2402,0.6527940261356565
E2403,1.5223646546359677
E2404,0.4422153080273802
E2405,0.3720224019912881
E2406,10.563976353453638
E2407,9.7410765401369
E2408,0.6583198506533915
E2409,1.803957685127567
E241,1.8618108276291228
E2410,1.5302053515868077
E2411,2.386558805227131
E2412,1.5532233976353451
E2413,1.018338518979465
E2414,3.8059116365899186
E2415,1.1511636589919105
E2416,1.1314872433105165
E2417,1.003758556316117
E2418,4.453945239576852
E2419,1.0809707529558183
E242,1.1722215308027382
E2420,0.4422153080273803
E2421,1.312607342874922
E2422,1.3372121966397013
E2423,5.201294337274424
E2424,1.607417548226509
E2425,1.502128189172371
E2426,1.0594835096453017
E2427,1.403858120721842
E2428,0.5823397635345363
E2429,7.560392034847542
E243,3.6104729309271932
E2430,0.8640448039825762
E2431,0.6036589919103921
E2432,1.0903422526446795
E2433,1.872097075295582
E2434,0.9616428126944618
E2435,1.635494710640946
E2436,1.2137772246421903
E2437,2.3838332296204103
E2438,0.42115743621655255
E2439,6.963789670192906
E244,2.7234847542003737
E2440,2.1900186683260734
E2441,3.3224579962663348
E2442,0.6994648413192285
E2443,1.8741505911636591
E2444,0.772121966397013
E2445,0.9195270690728063
E2446,1.1511636589919105
E2447,0.1403858120721842
E2448,0.5404853764779092
E2449,0.870392034847542
E245,24.85288114499067
E2450,2.2672308649657746
E2451,1.2634723086496578
E2452,1.270491599253267
E2453,1.2002986932171749
E2454,3.3018855009334165
E2455,1.0248164281269447
E2456,0.435196017423771
E2457,0.5966397013067829
E2458,0.835295581829496
E2459,5.873447417548226
E246,7.292949595519602
E2460,35.18925326695707
E2461,2.6603111387678906
E2462,2.8989670192906036
E2463,0.8914499066583697
E2464,0.9257622899813317
E2465,2.1086807716241447
E2466,0.7817548226509022
E2467,2.808145612943373
E2468,1.9303049159925323
E2469,2.7670006222775356
E247,4.083640323584318
E2470,0.9669072806471686
E2471,11.687604231487244
E2472,11.279234598630989
E2473,2.611176104542626
E2474,6.998232731798382
E2475,0.6480336029869322
E2476,2.0675357809583073
E2477,0.6686060983198506
E2478,0.5334660858742999
E2479,1.3989296826384567
E248,5.369421281891723
E2480,6.425749844430616
E2481,3.897685127566895
E2482,1.0491972619788426
E2483,1.038855009334163
E2484,3.301885500933417
E2485,2.112806471686372
E2486,2.014536403235843
E2487,2.316365899191039
E2488,1.3196266334785314
E2489,1.7688612321095205
E249,1.4178967019290603
E2490,3.5693279402613567
E2491,0.7580833851897947
E2492,6.37752955818295
E2493,0.8352955818294959
E2494,1.0080522713130056
E2495,1.7548226509023024
E2496,2.952153080273802
E2497,3.1446421904169264
E2498,3.935955196017424
E2499,0.701929060360921
E25,2.845780958307405
E250,3.2298817672682016
E2500,3.3018855009334165
E2501,8.228998133167392
E2502,0.30182949595519604
E2503,0.8493341630367143
E2504,3.2990665836963284
E2505,0.9967392657125079
E2506,1.059483509645302
E2507,5.924878655880523
E2509,1.1006285003111387
E251,2.372520224019913
E2510,0.46327317983820787
E2511,6.840354698195395
E2512,0.32288736776602367
E2513,2.5830989421281894
E2514,2.520130678282514
E2515,0.9265463596764157
E2516,3.0961605476042315
E2517,0.8563534536403237
E2518,3.179738643434972
E2519,0.42115743621655255
E252,1.502128189172371
E2520,3.6516179215930302
E2521,9.391344119477287
E2522,1.7337647790914748
E2523,0.80019912881145
E2524,9.730790292470441
E2525,3.025314250155569
E2526,1.368761667703796
E2527,1.2137772246421903
E2528,2.6883883011823273
E2529,0.7300062227753578
E253,3.127019290603609
E2530,3.692762912258867
E2531,1.8460734287492224
E2532,0.5245986309894213
E2533,0.35798382078406965
E2534,0.8331860609831986
E2535,0.7580833851897947
E2536,0.25971375233354077
E2537,0.5475046670815183
E2538,0.3650031113876789
E2539,0.31586807716241444
E254,2.084729309271935
E2540,5.575146235220909
E2541,7.85869321717486
E2542,1.495108898568762
E2543,1.4195021779713752
E2544,0.62542626011201
E2545,3.0138705662725576
E2546,2.540703173615433
E2547,2.9624393279402614
E2548,0.7861605476042316
E2549,1.2459987554449283
E255,13.344604853764778
E2550,1.9059987554449285
E2551,7.560392034847542
E2552,0.8423148724331051
E2553,2.2835469819539513
E2554,2.0675357809583073
E2555,5.346291225886746
E2556,0.3088487865588052
E2557,0.5334660858742999
E2558,0.7791412570006222
E2559,0.7861605476042316
E256,8.310840074673305
E2560,1.7478033602986933
E2561,0.8708400746733044
E2562,1.0248164281269447
E2563,0.6668326073428749
E2564,6.1839950217797135
E2565,0.7791412570006222
E2566,1.137125077784692
E2567,1.5635096453018045
E2568,1.5635096453018045
E2569,1.0599128811449907
E257,11.993764779091475
E2570,0.6738518979464841
E2571,1.9303049159925327
E2572,1.1652022401991289
E2573,1.2845301804604852
E2574,2.0285749844430616
E2575,1.305588052271313
E2576,1.7548226509023024
E2577,1.723273179838208
E2578,3.764766645924082
E2579,1.3697884256378345
E258,11.880616054760422
E2580,2.442713130056005
E2581,2.104611076540137
E2582,1.2424144368388301
E2583,1.607417548226509
E2584,1.270491599253267
E2585,4.279079029247044
E2586,1.4812196639701305
E2587,2.057249533291848
E2588,2.302327317983821
E2589,0.6668326073428749
E259,8.568444306160547
E2590,0.9335656502800249
E2591,38.24417548226509
E2592,116.73700062227752
E2593,3.106446795270691
E2594,1.403858120721842
E2595,0.7791412570006222
E2596,1.2857809583074051
E2597,0.6106782825140014
E2598,0.30182949595519604
E2599,0.8423148724331051
E26,0.9257622899813317
E260,7.479558182949595
E2600,0.5760298693217175
E2601,1.9162663347853144
E2602,0.7097510889856876
E2603,6.2334660858743005
E2604,3.5236838830118233
E2605,5.230640945861854
E2607,2.154922215308028
E2608,16.51971375233354
E2609,1.9029558182949593
E261,13.05588052271313
E2610,2.0881082762912255
E2611,3.2426322339763534
E2612,1.607417548226509
E2613,0.5826011200995644
E2614,0.701929060360921
E2615,2.653851897946484
E2616,5.643509645301804
E2617,10.245102675793403
E2618,0.6377473553204729
E2619,3.188736776602364
E262,0.7440448039825761
E2620,3.744194150591164
E2621,0.8640448039825762
E2622,6.788923459863098
E2623,1.4670317361543248
E2624,1.584082140634723
E2625,0.3439452395768513
E2626,6.008512756689484
E2627,3.46051026757934
E2628,7.44724331051649
E2629,6.0612881144990665
E263,8.63411947728687
E2630,2.2115432482887365
E2631,2.2531922837585565
E2632,12.960672059738645
E2633,3.0961605476042315
E2634,0.5760298693217175
E2635,5.956428126944617
E2636,2.5818481642812694
E2637,2.1703982576229
E2638,0.47029247044181705
E2639,10.533117610454264
E264,7.704399502177971
E2640,0.8023273179838208
E2641,3.939632856253889
E2642,2.597137523335407
E2643,0.42115743621655255
E2644,1.073951462352209
E2645,1.0107778469197264
E2646,0.7861605476042316
E2647,1.9955320472930926
E2648,2.046963285625389
E2649,0.9967392657125079
E265,7.395812072184194
E2650,1.6214561294337275
E2651,1.137125077784692
E2652,4.3238830118232725
E2653,0.7510640945861855
E2654,2.0215556938394523
E2655,0.5826011200995644
E2656,0.5966397013067828
E2657,1.5120784069695083
E2658,3.9115930304915993
E2659,6.7580647168637205
E266,1.8179962663347853
E2660,1.2073179838207841
E2661,0.8352955818294959
E2662,1.5120784069695083
E2663,9.267909147479777
E2664,1.9955320472930926
E2665,7.2209458618543865
E2666,1.1511636589919105
E2667,1.2549222153080273
E2668,3.713204729309272
E2669,3.383298070939639
E267,7.200373366521468
E2670,0.8423148724331051
E2671,7.251804604853764
E2672,1.5161667703795894
E2673,1.018338518979465
E2674,2.8779091474797753
E2675,7.796975731176104
E2676,0.5451711263223398
E2677,1.6869446172993152
E2678,1.3063534536403236
E2679,3.621953951462352
E268,3.5517610454262605
E2680,1.2002986932171749
E2681,1.0800560049782204
E2682,0.6457747355320473
E2683,0.2737523335407592
E2684,0.5615432482887368
E2685,0.4492345986309894
E2686,1.5723210952084632
E2687,1.038855009334163
E2688,2.6883883011823273
E2689,2.0917485998755447
E269,16.53
E2690,0.7159676415681393
E2691,2.4918481642812695
E2692,2.905986309894213
E2693,4.337921593030492
E2694,2.643565650280024
E2695,0.9756813939016801
E2696,7.86897946484132
E2697,2.5715619166148103
E2698,3.1586807716241445
E2699,4.438226509023024
E27,2.969159925326696
E270,0.8774113254511512
E2700,1.748662103298071
E2701,0.5348848786558805
E2702,0.32915992532669575
E2703,1.0491972619788426
E2704,0.9771935283136278
E2705,1.7178033602986933
E2706,5.840049782202862
E2707,3.6359925326695706
E2708,1.9162663347853144
E2709,1.1500622277535781
E271,2.2321344119477287
E2710,2.4789856876166767
E2711,0.7440448039825762
E2712,7.98795270690728
E2713,2.9621406347230863
E2714,3.322457996266335
E2715,9.767137523335407
E2716,2.9727255756067206
E2717,0.1965401369010579
E2718,1.137125077784692
E2719,8.324878655880523
E272,5.98954573739888
E2720,0.45625388923459864
E2721,1.7589483509645303
E2722,7.170261356565028
E2723,1.0879900435594276
E2724,2.990217797137523
E2725,2.0145364032358435
E2726,1.1792408214063472
E2727,1.6425140012445552
E2728,3.7236216552582455
E2729,1.3266459240821407
E2730,0.7300062227753578
E2731,0.45259489732420655
E2732,0.7200373366521468
E2733,7.930696950840074
E2734,4.711101431238332
E2735,0.2456751711263223
E2736,1.1314872433105165
E2737,1.7033540759178594
E2738,16.63286247666459
E2739,1.1314872433105165
E274,8.835886745488487
E2740,0.8640448039825762
E2741,0.6598133167392657
E2742,7.827834474175482
E2743,21.961138767890482
E2744,2.0075171126322338
E2745,3.764766645924082
E2746,0.2877909147479776
E2747,1.0879900435594276
E2748,1.368761667703796
E2749,2.8568512756689484
E275,6.706633478531424
E2750,3.5447417548226507
E2751,7.519247044181705
E2752,0.11932794026135658
E2753,2.5269446172993155
E2754,2.5281207218419417
E2755,0.5264467952706907
E2756,0.7861605476042316
E2757,1.4459738643434972
E2758,1.4812196639701307
E2759,2.84281269446173
E276,4.855108898568761
E2760,0.9265463596764157
E2761,2.22511512134412
E2762,5.053889234598631
E2763,1.0389110143123832
E2764,2.190522713130056
E2765,1.028624766645924
E2766,24.872146857498446
E2767,1.1829184816428127
E2768,2.969159925326696
E2769,0.435196017423771
E277,9.49710018668326
E2770,0.6808711885500934
E2771,4.947685127566895
E2772,1.2213565650280023
E2773,3.25045426260112
E2774,1.1230864965774736
E2775,2.30934660858743
E2776,1.3989296826384567
E2777,2.3304044803982578
E2778,0.3720224019912881
E2779,3.0533914125700057
E278,19.842171748599878
E2780,1.1792408214063472
E2781,0.772121966397013
E2782,0.7229869321717487
E2783,3.053391412570006
E2784,6.724480398257623
E2785,1.0248164281269447
E2786,6.8917859365276914
E2787,3.422221530802738
E2788,0.8423148724331051
E2789,6.370566272557561
E279,2.2835469819539513
E2790,1.949869321717486
E2791,4.227647790914748
E2792,1.872097075295582
E2793,2.941082762912259
E2794,2.800696950840075
E2795,1.1006285003111387
E2796,1.1314872433105165
E2797,2.281269446172993
E2798,5.29741754822651
E2799,1.1160672059738643
E28,1.5943683883011823
E280,0.4423086496577474
E2800,8.907890479153703
E2801,0.8142377100186683
E2802,0.6527940261356565
E2803,0.9874797759800871
E2804,2.035594275046671
E2805,2.905986309894213
E2806,0.6171748599875544
E2807,0.6788923459863099
E2808,2.442713130056005
E2809,0.5896204107031736
E281,5.4722837585563155
E2810,0.2807716241443684
E2811,1.144144368388301
E2812,1.8823833229620412
E2813,0.6583198506533915
E2814,0.2246172993154947
E2815,4.787156191661481
E2816,1.1160672059738643
E2817,7.018319850653392
E2818,0.2262974486621033
E2819,9.217728686994398
E282,23.94924082140635
E2820,3.4956067205973866
E2821,15.660037336652147
E2822,3.2484194150591166
E2823,2.274250155569384
E2824,2.3761232109520845
E2825,0.3860609831985065
E2826,2.6603111387678906
E2827,4.871387678904791
E2828,2.307293092719353
E2829,0.8563534536403237
E283,2.1909707529558182
E2830,1.7197261978842564
E2831,2.232115743621655
E2832,0.46288114499066585
E2833,0.3088487865588052
E2834,10.008518979464842
E2835,2.9727255756067206
E2836,6.727205973864343
E2837,1.5302053515868077
E2838,1.964673304293715
E2839,30.352047293092717
E284,4.485326695706285
E2840,0.5615432482887367
E2841,2.6980771624144366
E2842,2.9315805849408836
E2843,8.434723086496577
E2844,3.3430304915992535
E2845,0.8212570006222774
E2846,0.5245986309894213
E2847,0.5040261356565028
E2848,2.273260734287492
E2849,1.2845301804604856
E285,6.6613067828251395
E2850,2.30934660858743
E2851,0.8743310516490355
E2852,3.960205351586808
E2853,6.994648413192284
E2854,1.0318357187305538
E2855,2.808145612943373
E2856,1.2564530180460485
E2857,1.5723210952084632
E2858,1.1652022401991289
E2859,1.7758805227131302
E286,9.265463596764157
E2860,0.8984691972619788
E2861,2.2321344119477287
E2862,1.607417548226509
E2863,2.1338643434971996
E2864,2.0285749844430616
E2865,0.3439452395768513
E2866,0.32990665836963284
E2867,2.5830989421281894
E2868,1.438954573739888
E2869,2.316365899191039
E287,15.233932794026133
E2870,1.3781331673926571
E2871,0.4422153080273802
E2872,1.2564530180460487
E2873,2.2953080273802113
E2874,1.3968388301182328
E2875,3.116565028002489
E2876,0.5124082140634724
E2877,1.2424144368388301
E2878,4.330902302426883
E2879,0.32288736776602367
E288,11.6337461107654
E2880,0.5826011200995644
E2881,1.8952084629744868
E2882,1.6495332918481642
E2883,1.698668326073429
E2884,0.30182949595519604
E2885,0.8212570006222776
E2886,1.2424144368388301
E2887,2.533963907902925
E2888,0.6176975731176104
E2889,0.32990665836963284
E289,21.30513378967019
E2890,0.6949097697573118
E2891,10.995998755444928
E2892,0.09827006845052895
E2893,0.9874797759800872
E2894,1.0389110143123832
E2895,2.1703982576229
E2896,2.5890354698195392
E2897,9.144474175482266
E2898,1.5532233976353456
E2899,0.7611823273179839
E29,1.5723210952084627
E290,2.070690728064717
E2900,0.7200373366521468
E2901,1.1212009956440572
E2902,1.6972308649657748
E2903,7.354667081518357
E2904,1.6497199751088985
E2905,3.415034225264468
E2906,0.8023273179838208
E2907,2.0145364032358435
E2908,2.3761232109520845
E2909,1.460647168637212
E291,5.245986309894213
E2910,0.4731673926571251
E2911,5.573316739265712
E2912,1.0248164281269447
E2913,0.8423148724331052
E2914,0.8563534536403234
E2915,1.6354947106409456
E2916,0.7229869321717486
E2917,1.7267454884878657
E2918,1.8881891723708772
E2919,4.078207840696951
E292,2.000497822028625
E2920,15.310752955818296
E2921,0.45625388923459864
E2922,1.3547230864965774
E2923,0.5053889234598631
E2924,1.2634723086496578
E2925,1.7688612321095207
E2926,0.26673304293714994
E2927,0.2948102053515868
E2928,0.5264467952706907
E2929,0.2526944617299316
E293,3.6570504044803984
E2930,5.82201617921593
E2931,0.6068886123210951
E2932,2.8290168014934665
E2933,1.1006285003111387
E2934,2.7094461729931547
E2935,2.2461729931549472
E2936,2.548002489110143
E2937,0.5264467952706907
E2938,0.46327317983820787
E2939,1.7056876166770378
E294,2.533963907902925
E2940,2.890435594275047
E2941,0.9827006845052894
E2942,2.533963907902925
E2943,2.6392532669570627
E2944,0.7580833851897947
E2945,0.9476042314872434
E2946,1.5532233976353456
E2947,1.9029558182949597
E2948,3.669558182949596
E2949,0.7580833851897947
E295,3.703049159925327
E2950,3.2218543870566276
E2951,0.936048537647791
E2952,0.8126135656502801
E2953,7.8998382078406975
E2954,6.120317361543249
E2955,3.9759054138145613
E2956,3.0674299937772243
E2957,3.182482887367766
E2958,2.550989421281892
E2959,2.787573117610454
E296,9.031325451151213
E2960,2.160112009956441
E2961,1.4178967019290603
E2962,0.7861605476042316
E2963,4.653789670192905
E2964,0.5068450528935905
E2965,10.358251400124455
E2966,1.3828002489110143
E2967,0.6457747355320473
E2968,12.528649657747357
E2969,6.727205973864344
E297,1.3651026757934037
E2970,3.172719352831363
E2971,1.0879900435594276
E2972,2.5269446172993155
E2973,1.0389110143123832
E2974,4.721387678904792
E2975,0.11230864965774735
E2976,2.005818294959552
E2977,2.5818481642812694
E2978,10.913708774113253
E2979,2.0806782825140013
E298,6.120317361543249
E2980,11.150292470441817
E2981,3.8779153702551334
E2982,1.028624766645924
E2983,2.993298070939639
E2984,1.7692345986309894
E2985,1.5120784069695083
E2986,8.537585563161171
E2987,0.8984691972619788
E2988,1.152059738643435
E2989,5.129831985065339
E299,1.882383322962041
E2990,8.367815805849409
E2991,1.1862601120099563
E2992,0.3860609831985065
E2993,2.5304169259489733
E2994,2.6949968886123217
E2995,1.305588052271313
E2996,1.3196266334785314
E2997,0.31586807716241444
E2998,0.8914499066583697
E2999,14.445700062227752
E3,2.1549222153080274
E30,7.903721219663971
E300,4.1834971997510895
E3000,7.742277535780959
E3001,1.130105787181083
E3002,0.9546235220908524
E3003,0.8493341630367145
E3004,1.0177971375233354
E3005,0.7920410703173615
E3006,2.3795395146235223
E3007,3.2710267579340386
E3008,1.2561916614810205
E3009,2.8390043559427505
E301,4.1834971997510895
E3010,7.54241443683883
E3011,1.4092159303049159
E3012,1.0491972619788426
E3013,0.2175980087118855
E3014,13.528189172370878
E3015,33.493310516490354
E3016,0.7508960796515246
E3017,1.4503609209707529
E3018,0.936048537647791
E3019,1.830952084629745
E302,2.3761232109520845
E3020,3.256950840074673
E3021,0.8844306160547604
E3022,3.3430304915992535
E3023,1.410877411325451
E3024,0.17548226509023024
E3025,0.9967392657125078
E3026,3.2298817672682016
E3027,0.4913503422526447
E3028,0.48433105164903545
E3029,1.9162663347853144
E303,1.3958307405102675
E3030,2.274250155569384
E3031,0.807218419415059
E3032,9.771935283136278
E3033,0.7229869321717487
E3034,0.30182949595519604
E3035,3.12701929060361
E3036,1.013690105787181
E3037,14.521549471064093
E3038,2.7094461729931547
E3039,2.6435656502800255
E304,4.011636589919104
E3040,5.461997510889857
E3041,2.077710018668326
E3042,0.18007467330429372
E3043,1.9441008089607965
E3044,3.435606720597386
E3045,0.8984691972619789
E3046,1.3828002489110143
E3047,1.3547230864965774
E3048,1.3828002489110143
E3049,4.371655258245178
E305,21.119719975108897
E3050,1.5017921593030492
E3051,4.186502800248911
E3052,0.1474051026757934
E3053,0.7651026757934039
E3054,3.939632856253889
E3055,2.6744243932794025
E3056,0.9874797759800871
E3057,6.3466148102053515
E3058,0.3805911636589919
E3059,1.4709334163036714
E306,5.418892345986309
E3060,0.37904169259489734
E3061,1.584082140634723
E3062,3.3636029869321713
E3063,0.2175980087118855
E3064,2.22511512134412
E3065,1.1890043559427506
E3066,2.295308027380212
E3067,9.535351586807716
E3068,10.983957685127567
E3069,0.3497324206596142
E307,8.774169259489733
E3070,5.914592408214063
E3071,0.9476042314872433
E3072,1.3577846919726198
E3073,1.4880896079651524
E3074,8.074704418170503
E3075,6.09974486621033
E3076,3.9499191039203487
E3077,7.23795270690728
E3078,0.7721219663970131
E3079,3.3271437461107656
E308,2.6744243932794025
E3080,10.749128811449905
E3081,0.8844306160547606
E3082,1.305588052271313
E3083,0.5264467952706907
E3084,8.578730553827006
E3085,7.673540759178595
E3086,1.50914747977598
E3087,4.422153080273802
E3088,0.31586807716241444
E3089,0.80019912881145
E309,0.9195270690728063
E3090,0.8212570006222776
E3091,0.5615432482887368
E3092,2.0917485998755447
E3093,0.5615432482887368
E3094,0.5545239576851275
E3095,2.1549222153080274
E3096,20.23304915992533
E3097,0.6686060983198506
E3098,1.3126073428749223
E3099,0.638755444928438
E31,0.3299066583696329
E310,2.1970379589296827
E3100,1.4529931549471065
E3101,2.7115930304915996
E3102,1.979439950217797
E3103,3.425320472930927
E3104,0.638755444928438
E3105,0.5404853764779092
E3106,3.116565028002489
E3107,0.5194275046670815
E3108,2.3233851897946485
E3109,2.702426882389546
E311,6.584094586185438
E3110,0.6527940261356565
E3111,1.3617423771001869
E3112,1.5231860609831986
E3114,0.6036589919103921
E3115,0.80019912881145
E3116,0.6106782825140012
E3117,2.7936776602364657
E3118,0.9827006845052894
E3119,1.2754947106409458
E312,1.2652084629744866
E3120,10.481686372121967
E3121,6.204212818917237
E3122,59.156210329807095
E3123,22.547454884878658
E3124,3.4113752333540757
E3125,3.586857498444306
E3126,2.8919477286869943
E3127,5.2785065339141255
E3128,31.00275046670815
E3129,2.737523335407592
E313,4.022053515868077
E3130,2.2424019912881143
E3131,1.3968388301182328
E3132,1.275494710640946
E3133,1.137125077784692
E3134,0.19543870566272556
E3135,0.16144368388301183
E3136,1.5582825140012444
E3137,2.877909147479776
E3138,0.5615432482887368
E3139,1.7197261978842564
E314,6.593895457373988
E3140,5.492856253889234
E3141,0.7300062227753578
E3142,6.665488487865589
E3143,3.8161978842563786
E3144,1.823074051026758
E3145,1.4503609209707529
E3146,0.9265463596764157
E3147,3.713335407591786
E3148,6.552339763534537
E3149,9.823366521468575
E315,4.949103920348476
E3150,2.187255756067206
E3151,0.13336652146857497
E3152,5.101978842563783
E3153,1.1314872433105165
E3154,2.6532918481642813
E3155,1.9543870566272556
E3156,0.10528935905413814
E3157,0.9476042314872434
E3158,1.8320348475420036
E3159,1.5017921593030492
E316,2.674349719975109
E3160,4.011636589919104
E3161,2.7656004978220285
E3162,0.23163658991910394
E3163,0.31586807716241444
E3164,3.939632856253889
E3165,2.952153080273802
E3166,1.0879900435594276
E3167,1.6986683260734285
E3168,65.61029869321717
E3169,7.3546670815183575
E317,10.389110143123833
E3170,1.5793403858120723
E3171,1.0107778469197262
E3172,40.887834474175484
E3173,1.2137772246421903
E3174,4.006577473553205
E3175,0.9125077784691973
E3176,1.9232856253889237
E3177,3.672190416925949
E3178,0.6527940261356565
E3179,0.673851897946484
E318,9.040846297448661
E3180,0.09827006845052895
E3181,0.7159676415681393
E3182,0.3930802738021158
E3183,0.3088487865588052
E3184,0.5545239576851275
E3185,1.8103795892968264
E3186,2.000497822028625
E3187,5.081966397013067
E3188,1.839054138145613
E3189,2.3935780958307404
E319,0.6317361543248289
E3190,0.47731176104542633
E3191,1.747803360298693
E3192,0.1965401369010579
E3193,4.927542003733665
E3194,1.0248164281269447
E3195,7.9821281891723705
E3197,12.178917237087742
E3198,7.076938394523958
E3199,1.6425140012445552
E32,1.3372121966397013
E320,4.093926571250778
E3200,1.102028624766646
E3201,58.25027380211574
E3202,3.0253142501555694
E3203,0.168462974486621
E3204,2.4005973864343497
E3205,13.699023024268826
E3206,6.001493466085874
E3207,0.6317361543248289
E3208,18.604107031736152
E3209,2.9932980709396393
E321,7.770354698195396
E3210,11.204673304293715
E3211,6.974075917859365
E3212,4.690323584318606
E3213,8.115849408836342
E3214,1.7280896079651524
E3215,5.626577473553205
E3216,1.1731176104542627
E3217,2.22511512134412
E3218,2.9130056004978218
E3219,1.1212009956440574
E322,5.039850653391412
E3220,0.80019912881145
E3221,4.114499066583696
E3222,12.1892034847542
E3223,0.7714685749844431
E3224,0.3930802738021158
E3225,3.5281829495955197
E3226,1.0903422526446795
E3227,1.305588052271313
E3228,1.707517112632234
E3229,0.473167392657125
E323,10.502258867454886
E3230,1.2634723086496578
E3231,0.2246172993154947
E3232,0.44923459863098947
E3233,1.2564530180460485
E3234,1.5863596764156815
E3235,0.9771935283136278
E3236,3.1516614810205352
E3237,7.91684505289359
E3238,1.326925948973242
E3239,0.30182949595519604
E324,1.277510889856876
E3240,0.47029247044181705
E3241,3.621953951462352
E3242,2.6356129433727444
E3243,3.7810640945861853
E3244,4.237934038581208
E3245,2.8390043559427505
E3246,2.376123210952085
E3247,0.7229869321717486
E3248,5.153410080896079
E3249,0.5863161169881768
E325,3.4043559427504664
E3250,5.5627131300560055
E3251,0.5404853764779091
E3252,1.3547230864965774
E3253,0.8774113254511512
E3254,23.689228375855635
E3255,5.974219041692595
E3256,0.6527940261356565
E3257,0.9476042314872433
E3258,0.9054884878655881
E3259,2.1198257622899814
E326,6.282265090230243
E3260,0.23163658991910394
E3261,1.7197261978842564
E3262,0.8423148724331052
E3263,0.47029247044181705
E3264,1.8671313005600498
E3265,9.298767890479153
E3266,4.124785314250156
E3267,4.309937772246422
E3268,5.134331051649035
E3269,13.494418170504044
E327,4.517305538270069
E3270,1.2857809583074051
E3271,0.36500311138767894
E3272,0.8228998133167393
E3273,0.8212570006222774
E3274,0.5475046670815183
E3275,1.0177971375233354
E3276,4.927112632233976
E3277,3.0674299937772243
E3278,4.19477286869944
E3279,3.720224019912881
E328,3.2824517734909766
E3280,0.835295581829496
E3281,1.50914747977598
E3282,4.97667703795893
E3283,2.723484754200373
E3284,1.7478033602986933
E3285,2.129253266957063
E3286,6.123957685127566
E3287,3.713335407591786
E3288,1.1006285003111387
E3289,0.37904169259489734
E329,12.86809583074051
E3290,3.0393528313627876
E3291,0.42115743621655255
E3292,1.2353951462352208
E3293,13.289831985065339
E3294,1.059483509645302
E3295,2.8887927815805847
E3296,0.25971375233354077
E3297,1.1006285003111387
E3298,1.6046546359676415
E3299,27.52965774735532
E33,16.18648413192284
E330,2.6532918481642813
E3300,59.138680771624145
E3301,3.939632856253889
E3302,1.8823833229620412
E3303,4.495090230242688
E3304,3.199023024268824
E3305,0.8434723086496576
E3306,1.2343497199751088
E3308,2.8357934038581205
E3309,2.316365899191039
E331,2.9410827629122593
E3310,0.12634723086496577
E3311,0.9546235220908527
E3312,2.590118232731798
E3313,1.5161667703795894
E3314,1.6663721219663972
E3315,0.8914499066583697
E3316,0.6247168637212196
E3317,4.8011947728686994
E3318,3.5796141879278163
E3319,5.537212196639701
E332,4.534461729931549
E3320,1.141773490976976
E3321,4.299651524579963
E3322,8.640448039825763
E3323,3.172719352831363
E3324,0.8633727442439328
E3325,1.2634723086496578
E3326,7.3032358431860604
E3327,1.612457996266335
E3328,15.069352831362789
E3329,8.023273179838208
E333,7.0872246421904155
E3330,2.890435594275047
E3331,13.53670192906036
E3332,2.1909707529558182
E3333,1.8618108276291228
E3334,7.556210329807094
E3335,2.2953080273802113
E3336,0.81261356565028
E3338,4.892445550715619
E3339,4.248220286247666
E334,5.328276291225886
E3340,4.145357809583074
E3341,1.9022277535780958
E3342,0.16144368388301183
E3343,4.865395146235221
E3344,9.039502177971375
E3345,1.1511636589919105
E3346,0.673851897946484
E3347,1.7795208462974488
E3348,1.5231860609831986
E3349,7.103522090852521
E335,5.513428749222153
E3350,1.7618419415059114
E3351,8.702165525824519
E3352,1.2034909769757312
E3353,0.47029247044181705
E3354,0.9125077784691973
E3355,0.7089483509645301
E3356,12.929813316739265
E3357,0.8072184194150591
E3358,5.8260112009956435
E3359,1.5429371499688862
E336,2.2321344119477287
E3360,15.419085252022402
E3361,2.664138145612943
E3362,0.7229869321717487
E3363,2.786658369632856
E3364,1.9864592408214061
E3365,0.2105787181082763
E3366,3.199023024268824
E3367,10.396297448662102
E3368,1.9654013690105787
E3369,0.5966397013067828
E337,7.236888612321096
E3370,3.179738643434972
E3371,0.5545239576851276
E3372,2.695407591785936
E3373,1.544243932794026
E3374,0.6891785936527691
E3375,1.9955320472930929
E3376,3.6710889856876165
E3377,13.845289359054137
E3378,0.8282762912258868
E3379,12.32292470441817
E338,5.650528935905413
E3380,19.420435594275045
E3381,11.592601120099562
E3382,8.630161792159303
E3383,0.8282762912258868
E3384,0.46327317983820787
E3385,2.9624393279402614
E3386,0.6808711885500932
E3387,0.9756813939016802
E3388,3.898487865588052
E339,3.2288736776602365
E3390,2.7324268823895452
E3391,4.45023024268824
E3392,1.8811698817672682
E3393,3.1784505289359055
E3394,6.624343497199751
E3395,1.6149408836341008
E3396,5.2254138145612945
E3397,0.7611823273179839
E3398,4.289365276913504
E3399,31.17511512134412
E34,1.3968388301182326
E340,21.40568139390168
E3400,8.383291848164282
E3401,4.52744243932794
E3402,0.3509645301804605
E3403,2.098394523957685
E3404,2.9418668326073427
E3405,4.453945239576851
E3406,2.5602862476664594
E3407,1.9852457996266335
E3408,1.5793403858120723
E3409,0.7580833851897947
E341,5.536353453640324
E3410,0.6317361543248289
E3411,4.460983198506534
E3412,1.0599128811449907
E3413,1.6046546359676415
E3414,1.712706907280647
E3415,1.8320348475420036
E3416,9.998232731798382
E3417,2.664138145612943
E3418,1.7795208462974488
E3419,2.6673304293714994
E342,1.565301804604854
E3420,9.648500311138768
E3421,15.316222775357812
E3422,22.594779091474795
E3423,3.692762912258867
E3424,10.02909147479776
E3425,3.5076104542626014
E3426,1.9513627878033601
E3427,3.1727193528313626
E3428,0.807218419415059
E3429,4.3028251400124455
E343,0.8844306160547604
E3430,3.418394523957685
E3431,1.6635718730553826
E3432,3.811474797759801
E3433,2.8217548226509024
E3434,0.9335656502800249
E3435,2.22511512134412
E3436,1.137125077784692
E3437,1.1652022401991289
E3438,1.6214561294337273
E3439,12.747106409458617
E344,9.023671437461108
E3440,0.4731673926571251
E3441,1.6284754200373366
E3442,1.937324206596142
E3443,2.232115743621655
E3444,0.8352955818294959
E3445,1.8044990665836962
E3446,4.506384567517112
E3447,1.3196266334785314
E3448,0.905488487865588
E3449,1.0809707529558181
E345,2.9830118232731797
E3450,1.6776104542626011
E3451,1.368761667703796
E3452,2.4286745488487864
E3453,1.6144368388301182
E3454,2.084729309271935
E3455,0.4913503422526447
E3456,1.0037585563161169
E3457,1.172221530802738
E3458,1.0599128811449907
E3459,2.9200248911014315
E346,1.2077660236465464
E3460,0.30182949595519604
E3461,2.2251151213441194
E3462,5.166197884256379
E3463,2.0215556938394523
E3464,1.235395146235221
E3465,0.9827006845052894
E3466,6.09974486621033
E3467,2.4918481642812695
E3468,1.6284754200373366
E3469,1.9654013690105787
E347,4.165930304915992
E3470,18.525532047293094
E3471,1.7688612321095207
E3472,1.3898195395146236
E3473,1.0599128811449905
E3474,1.340684505289359
E3475,1.5863596764156813
E3476,2.112806471686372
E3477,1.5933789670192906
E3478,2.293833229620411
E3479,1.9654013690105787
E348,1.3886434349719976
E3480,2.1338643434972
E3481,7.971841941505912
E3482,2.3658369632856253
E3483,7.6838270068450525
E3484,10.821132545115121
E3485,13.442912258867457
E3486,0.8984691972619788
E3487,3.607915370255134
E3488,1.270491599253267
E3489,1.207317983820784
E349,9.791910392034847
E3490,0.9476042314872433
E3491,0.3509645301804605
E3492,1.0809707529558181
E3493,1.0107778469197262
E3494,6.120821406347231
E3495,1.1511636589919105
E3496,2.7234847542003737
E3497,2.814735532047293
E3498,4.731673926571251
E3499,5.832302426882389
E35,0.514312383322962
E350,9.21647790914748
E3500,2.633279402613566
E3501,40.476384567517115
E3502,19.211798382078406
E3503,256.3201866832607
E3504,0.8423148724331051
E3505,4.114499066583696
E3507,4.190516490354698
E3508,5.122551337896702
E3509,0.00701929060360921
E351,1.698668326073429
E3510,0.09125077784691972
E3511,0.4000995644057249
E3512,1.740784069695084
E3513,1.0739514623522093
E3515,44.79660858742999
E3516,96.2132296204107
E3517,2.0675357809583073
E3518,0.3600186683260734
E3519,28.238606098319853
E352,13.207542003733662
E3520,56.252893590541376
E3521,1.0458742999377724
E3522,2.993298070939639
E3523,5.720516490354699
E3524,2.21809583074051
E3525,1.584082140634723
E3526,5.986596141879279
E3527,9.51604853764779
E3528,8.012986932171748
E3529,0.18250155569383947
E353,4.001350342252644
E3530,1.4915059116365899
E3531,1.676658369632856
E3532,7.478102053515868
E3533,2.7875731176104543
E3534,2.7155693839452395
E3535,4.597635345364032
E3536,4.912551337896702
E3537,2.057249533291848
E3538,9.82338518979465
E3539,0.5755818294959552
E354,1.5793403858120723
E3540,5.832302426882389
E3541,12.528649657747357
E3542,68.03324206596142
E3543,98.38762289981332
E3544,51.37418792781581
E3545,6.315756067205974
E3546,0.30182949595519604
E3547,1.7197261978842564
E3548,1.62522713130056
E3549,5.250429371499688
E355,8.311288114499067
E3550,10.666838830118234
E3551,2.232115743621655
E3552,8.290715619166148
E3553,7.714088363410082
E3554,1.5532233976353456
E3555,1.5933789670192906
E3556,2.118967019290604
E3557,4.674847542003733
E3558,8.137691350342253
E3559,3.8779153702551334
E356,6.91235843186061
E3560,2.8287741132545117
E3561,3.1235843186060985
E3562,9.50449284380834
E3563,2.4686994399502176
E3564,3.6331922837585564
E3565,1.6495332918481644
E3566,0.2939701306782825
E3567,1.9852457996266335
E3568,2.554499066583696
E3569,4.639097697573117
E357,3.165700062227754
E3570,7.673540759178593
E3571,0.7920410703173615
E3572,1.7795208462974488
E3573,1.1829184816428127
E3574,0.8023273179838208
E3575,1.0669321717485998
E3576,0.8633727442439328
E3577,4.762532669570629
E3578,1.8956004978220287
E3579,0.2262974486621033
E358,16.355133789670194
E3580,1.6523148724331052
E3581,13.701281891723708
E3582,1.438954573739888
E3583,1.2213565650280027
E3584,0.7861605476042316
E3585,3.0447293092719354
E3586,7.040348475420037
E3587,1.3474984443061608
E3588,2.550989421281892
E3589,1.2446359676415681
E359,4.484803982576229
E3590,7.543030491599253
E3591,2.1086807716241447
E3592,0.9051897946484131
E3593,0.9546235220908524
E3594,2.3879215930304913
E3595,2.1806845052893595
E3596,10.491972619788426
E3597,5.966023646546359
E3598,0.21057871810827627
E3599,1.5737958929682638
E36,5.842588674548849
E360,11.9114747977598
E3600,3.9087741132545117
E3601,2.1338643434971996
E3602,5.678008711885501
E3603,1.1932047293092718
E3604,3.219595519601742
E3605,9.61764156813939
E3606,3.137305538270068
E3607,2.6127069072806473
E3608,2.1498257622899817
E3609,1.3886434349719976
E361,7.694113254511511
E3610,4.968257622899813
E3611,0.44923459863098947
E3612,2.7567143746110765
E3613,9.544872433105166
E3614,2.6949968886123217
E3615,1.747803360298693
E3616,1.0599128811449907
E3617,4.906540136901057
E3618,4.690528935905413
E3619,2.4707902924704417
E362,12.148058494088364
E3620,1.5532233976353456
E3621,8.753596764156814
E3622,0.06171748599875544
E3623,1.656085874299938
E3624,13.38240821406347
E3625,7.087224642190417
E3626,0.772121966397013
E3627,5.503123833229621
E3628,1.4812196639701305
E3629,2.057249533291848
E363,6.984362165525824
E3630,0.6878904791537026
E3631,0.6527940261356565
E3632,0.7791412570006224
E3633,10.443714996888612
E3634,1.8926695706285004
E3636,1.4529931549471065
E3637,4.813963907902924
E3638,6.541978842563784
E3639,1.5582825140012444
E364,26.888251400124453
E3640,3.0463721219663973
E3641,0.6247168637212197
E3642,1.172221530802738
E3643,1.3968388301182328
E3644,1.979439950217797
E3645,3.10954573739888
E3646,0.5896204107031736
E3647,0.9756813939016801
E3648,0.6878904791537026
E3649,0.48433105164903545
E365,2.1900186683260734
E3650,1.2424144368388301
E3651,0.46327317983820787
E3652,1.3547230864965774
E3653,4.955619166148102
E3654,1.8601120099564405
E3655,1.1792408214063472
E3656,1.50914747977598
E3657,0.9897199751088985
E3658,2.1970379589296827
E3659,0.7510640945861855
E366,0.8423148724331051
E3660,1.0528935905413814
E3661,1.109047915370255
E3662,7.861605476042315
E3663,2.555021779713752
E3664,37.76378344741755
E3665,9.021039203484754
E3666,1.7589483509645303
E3668,7.076938394523958
E3669,7.642682016179217
E367,9.609408836341007
E3670,9.730790292470441
E3671,9.607355320472932
E3672,0.6738518979464841
E3673,2.070690728064717
E3674,14.987062850031114
E3675,0.8001991288114498
E3676,9.175332918481644
E3677,7.694113254511511
E3678,6.22317983820784
E3679,3.5796141879278163
E368,3.1904355942750464
E3680,6.295183571873055
E3681,1.872097075295582
E3682,2.386409458618544
E3683,7.1077971375233355
E3684,4.3510827629122595
E3685,1.3783571873055382
E3686,1.0037585563161169
E3687,0.7300062227753579
E3688,2.180684505289359
E3689,8.239284380833853
E369,4.7520597386434345
E3690,0.42115743621655255
E3691,4.752115743621656
E3692,7.210659614187928
E3693,8.064418170504045
E3694,1.9654013690105787
E3695,2.6229931549471064
E3696,1.846073428749222
E3697,1.3063534536403236
E3698,3.744194150591164
E3699,4.486782825140012
E37,1.4249159925326698
E370,2.182999377722464
E3700,7.004934660858743
E3701,0.8212570006222777
E3702,5.338562538892345
E3703,1.8206658369632855
E3704,1.403858120721842
E3705,1.8952084629744865
E3706,1.4670317361543248
E3707,5.4722837585563155
E3708,0.9566210329807096
E3709,2.016104542626011
E371,8.474467952706906
E3710,2.9972370877411327
E3711,2.160112009956441
E3712,0.9476042314872433
E3713,4.3407965152458
E3714,7.32897946484132
E3715,7.838120721841942
E3716,1.9543870566272559
E3717,0.9813378967019292
E3718,9.411916614810204
E3719,0.7300062227753578
E372,2.863870566272557
E3720,2.7258556316116986
E3721,3.270989421281892
E3722,3.1727193528313626
E3723,5.245986309894214
E3724,5.534001244555071
E3725,7.755830740510267
E3726,3.322457996266335
E3727,0.8949035469819538
E3728,2.2725513378967017
E3729,3.7623397635345364
E373,14.100429371499688
E3730,0.3908774113254511
E3731,5.199315494710641
E3732,3.251985065339141
E3733,2.274250155569384
E3734,2.2012570006222774
E3735,2.8345239576851275
E3736,2.9624393279402614
E3737,5.873447417548226
E3738,1.6214561294337275
E3739,2.905986309894213
E374,6.819782202862476
E3740,8.352171748599876
E3741,4.170597386434349
E3742,1.9583820784069694
E3743,1.0318357187305538
E3744,12.569794648413191
E3745,0.701929060360921
E3746,8.619875544492844
E3747,2.30411947728687
E3748,0.28801493466085876
E3749,2.7876104542626012
E375,20.54994399502178
E3750,6.110031113876789
E3751,0.9118543870566272
E3752,2.754623522090853
E3754,0.9827006845052894
E3755,2.6127069072806473
E3756,2.6290790292470443
E3757,2.396695706285003
E3758,2.3658369632856253
E3759,0.6583198506533915
E376,2.414635967641568
E3760,4.4923459863098945
E3761,0.6247168637212196
E3762,10.605121344119478
E3763,1.0879900435594276
E3764,22.535899191039206
E3765,1.3336652146857497
E3766,8.445009334163036
E3767,1.4178967019290603
E3768,1.2283758556316118
E3769,0.9463347853142502
E377,4.113304293714997
E3770,2.345264467952707
E3771,3.168164281269446
E3772,4.541481020535159
E3773,1.2549222153080273
E3774,4.783105164903548
E3775,13.177373988799005
E3776,6.202607342874923
E3777,2.84281269446173
E3778,1.4319352831362786
E3779,1.7056876166770378
E378,3.165700062227754
E3780,1.0458742999377724
E3781,2.2321344119477287
E3782,0.7861605476042316
E3783,0.48433105164903545
E3784,4.029072806471686
E3785,0.1965401369010579
E3786,4.3449408836341
E3787,1.3886434349719976
E3789,0.6457747355320473
E379,1.565301804604854
E3790,1.4178967019290603
E3791,3.0858742999377724
E3792,0.7159676415681393
E3793,2.386558805227131
E3794,58.04953329184817
E3795,17.5894835096453
E3796,2.2321344119477287
E3797,1.4459738643434972
E3798,11.047429993777223
E3799,2.147902924704418
E38,2.3246919726197883
E380,17.617934038581208
E3800,3.1804107031736155
E3801,8.733024268823895
E3802,2.6883883011823273
E3803,1.3063534536403236
E3804,3.2850280024891103
E3805,4.176216552582451
E3806,0.737025513378967
E3807,18.57696328562539
E3808,2.8492906036092096
E3809,1.6003982576229
E381,2.555021779713752
E3810,0.3509645301804605
E3811,3.898487865588052
E3812,1.2283758556316118
E3813,1.073951462352209
E3814,2.1549222153080274
E3815,3.2850280024891103
E3816,4.7310018668326075
E3817,2.112806471686372
E3818,0.7510640945861855
E3819,2.355550715619166
E382,3.3350404480398255
E3820,1.5582825140012444
E3821,8.825600497822029
E3822,1.6495332918481642
E3823,4.878406969508401
E3824,0.6527940261356565
E3825,1.676658369632856
E3826,1.3886434349719976
E3827,2.396695706285003
E3828,1.1792408214063472
E3829,1.3898195395146236
E383,9.447591785936527
E3830,1.733764779091475
E3831,2.9972370877411323
E3832,1.2564530180460485
E3833,3.327143746110765
E3834,1.7899191039203486
E3835,1.4389545737398877
E3836,0.6480336029869322
E3837,6.1348599875544485
E3838,1.2754947106409458
E384,0.7602675793403858
E3840,2.139539514623522
E3841,0.6788923459863099
E3842,0.8282762912258868
E3843,1.7805662725575608
E3844,2.674424393279402
E3845,4.793391412570006
E3846,0.9195270690728065
E3847,1.1314872433105165
E3848,3.6289732420659617
E3849,2.5715619166148103
E385,7.560392034847543
E3850,9.50449284380834
E3851,2.3246919726197888
E3852,2.417268201617922
E3853,0.5896204107031736
E3854,4.021922837585563
E3855,3.631045426260112
E3856,2.3246919726197883
E3857,3.0653018046048537
E3858,0.555457373988799
E3859,2.952153080273802
E386,0.3852022401991288
E3860,4.87568139390168
E3861,2.57607965152458
E3862,0.853758556316117
E3863,0.21057871810827627
E3864,1.9749595519601744
E3865,2.246172993154947
E3866,1.6663721219663972
E3867,0.8537585563161169
E3868,0.9051897946484132
E3869,1.7383758556316116
E387,3.1475917859365277
E3870,3.1784505289359055
E3871,1.3196266334785316
E3872,1.9543870566272556
E3873,3.199023024268824
E3874,2.3658369632856253
E3875,0.257156191661481
E3876,6.686060983198507
E3877,2.9340634723086496
E3878,0.7580833851897947
E3879,0.4492345986309894
E388,7.217473553204729
E3880,0.2175980087118855
E3881,5.863161169881767
E3882,2.376123210952085
E3883,1.2915494710640947
E3884,2.0566521468574983
E3885,0.7651026757934039
E3886,3.4534909769757314
E3887,3.8470566272557556
E3888,7.478102053515869
E3889,2.3349782202862475
E389,3.6492843808338518
E3890,0.9616428126944618
E3891,1.3577846919726198
E3892,8.064418170504045
E3893,15.665955196017423
E3894,0.16457996266334787
E3895,0.08228998133167394
E3896,1.4195021779713752
E3897,10.262202862476665
E3898,0.666832607342875
E3899,0.673851897946484
E39,4.186502800248911
E390,4.824250155569384
E3900,1.1006285003111387
E3901,1.403858120721842
E3902,9.062184194150591
E3903,3.723621655258245
E3904,0.12343497199751088
E3905,0.5334660858742999
E3906,1.3598568761667706
E3907,1.7692345986309894
E3908,0.01403858120721842
E3909,0.5826011200995644
E391,15.388226509023024
E3910,0.8914499066583697
E3911,1.3097510889856876
E3912,0.2948102053515868
E3913,11.301057871810826
E3914,4.392227753578095
E3915,5.8751462352209085
E3916,6.439191039203485
E3917,5.523714996888613
E3918,5.040261356565028
E3919,6.552339763534537
E392,14.184735532047295
E3920,4.461487243310517
E3921,6.072283758556316
E3922,3.1376228998133167
E3923,2.6041568139390168
E3924,0.5404853764779092
E3925,1.2283758556316118
E3926,1.5161667703795894
E3927,2.0987678904791536
E3928,0.5615432482887368
E3929,0.8352955818294959
E393,0.8774113254511512
E3930,2.0636714374611076
E3931,2.7656004978220285
E3932,0.7229869321717487
E3933,1.9543870566272556
E3934,11.577722464219043
E3935,1.0599128811449907
E3936,2.057249533291848
E3937,1.4600124455507155
E3938,2.3584816428126945
E3939,2.0215556938394523
E394,1.2845301804604856
E3940,2.839004355942751
E3941,0.6891785936527691
E3942,7.087224642190417
E3943,3.2218543870566276
E3944,0.2807716241443684
E3945,8.53758556316117
E3946,1.6355133789670195
E3947,8.80502800248911
E3948,9.62792781580585
E3949,0.638755444928438
E395,7.632395768512757
E3950,1.2549222153080273
E3951,2.7305040448039826
E3952,3.2093092719352834
E3953,1.9303049159925327
E3954,8.023273179838208
E3956,28.88626633478531
E3957,8.599303049159925
E3958,8.249570628500312
E3959,8.074704418170503
E396,3.466465463596764
E3960,9.730790292470441
E3961,0.257156191661481
E3962,7.148942128189173
E3963,3.096160547604232
E3964,2.1970379589296827
E3965,2.3304044803982578
E3966,1.2002986932171749
E3967,2.2115432482887365
E3968,2.1086807716241442
E3969,0.7931798382078407
E397,3.612694461729932
E3970,0.9405849408836341
E3971,1.810976975731176
E3972,9.319340385812072
E3973,9.833652769135034
E3974,0.3509645301804605
E3975,3.299066583696329
E3976,3.9746733042937152
E3977,15.973291848164282
E3978,0.968662103298071
E3979,2.7656004978220285
E398,3.8465712507778473
E3980,1.368070939639079
E3981,3.651207218419415
E3982,5.77687616677038
E3983,2.2956253889234595
E3984,5.263683883011823
E3985,1.5737958929682636
E3986,2.4497884256378346
E3987,3.2607405102675795
E3988,6.265724953329184
E3989,11.674891101431237
E399,1.8460734287492224
E3990,2.3795395146235223
E3991,1.0950093341630367
E3992,0.5475046670815183
E3993,2.5304169259489733
E3994,7.539819539514622
E3995,2.182999377722464
E3996,0.9257622899813317
E3997,21.35425015556938
E3998,3.5796141879278163
E3999,0.8212570006222776
E4,1.5017921593030492
E40,8.96363410080896
E400,8.128338518979465
E4000,0.6891785936527691
E4001,0.48433105164903545
E4002,2.1759800871188553
E4003,0.5053889234598631
E4004,2.3369197261978845
E4005,0.568562538892346
E4006,1.5943683883011823
E4007,6.603771001866833
E4008,0.40711885500933415
E4009,1.270491599253267
E401,6.394237710018667
E4010,3.186757934038581
E4011,1.438954573739888
E4012,0.5194275046670815
E4013,2.9130056004978218
E4014,4.723982576228998
E4015,0.7508960796515246
E4017,1.5429371499688862
E4018,0.19543870566272556
E4019,0.6994648413192285
E402,1.5933789670192906
E4020,2.3444430616054763
E4021,0.020572495332918484
E4022,3.2195955196017425
E4023,3.7623397635345364
E4024,1.2494337274424392
E4025,1.038855009334163
E4026,9.185619166148102
E4027,1.800093341630367
E4028,1.635513378967019
E4029,5.667722464219042
E403,9.257622899813317
E4030,4.211574362165526
E4031,1.5120784069695083
E4032,1.038855009334163
E4033,0.8984691972619788
E4034,2.316365899191039
E4035,5.6158058494088365
E4036,0.8434723086496576
E4037,0.46288114499066585
E4038,0.8844306160547604
E4039,3.418394523957685
E404,1.8530927193528315
E4040,2.3817050404480398
E4041,1.3989296826384567
E4042,4.274747977598009
E4043,4.3407965152458
E4044,0.5451711263223398
E4045,2.330423148724331
E4046,0.3509645301804605
E4047,1.316639701306783
E4048,3.3060858742999377
E4049,9.422202862476665
E405,1.5532233976353451
E4050,2.890435594275046
E4051,0.18250155569383947
E4052,1.50914747977598
E4053,1.9029558182949597
E4054,7.693907902924705
E4055,13.884156813939017
E4056,3.7647666459240825
E4057,18.96784069695084
E4058,2.302327317983821
E4059,2.9130056004978218
E406,4.433372744243933
E4060,0.8844306160547604
E4061,3.1025264467952707
E4062,1.5532233976353451
E4063,0.9051897946484131
E4064,8.156994399502178
E4065,2.777286869943995
E4066,1.707517112632234
E4067,0.555457373988799
E4068,1.1212009956440574
E4069,8.39357809583074
E407,5.383795892968264
E4070,5.935164903546982
E4071,8.66102053515868
E4072,4.443658991910392
E4073,10.589271935283136
E4074,5.608413192283759
E4075,2.2461729931549472
E4076,0.7931798382078407
E4077,1.337212196639701
E4078,4.001350342252644
E4079,2.016104542626011
E408,9.147965152457996
E4080,0.555457373988799
E4081,8.35295581829496
E4082,6.619396390790293
E4083,2.478985687616677
E4084,0.3085874299937772
E4085,1.2857809583074051
E4086,1.6776104542626011
E4087,2.3144057249533287
E4088,2.5715619166148103
E4089,0.701929060360921
E409,2.880448039825762
E4090,0.6788923459863099
E4091,0.7861605476042316
E4092,2.3093466085874303
E4093,2.3584816428126945
E4094,6.169956440572495
E4095,0.936048537647791
E4096,1.803957685127567
E4097,3.703049159925327
E4098,2.4356938394523957
E4099,0.9827006845052892
E41,1.803957685127567
E410,4.46423148724331
E4100,1.4178967019290603
E4101,1.5302053515868077
E4102,1.3126073428749223
E4103,1.3886434349719976
E4104,6.943217174859988
E4105,2.6127069072806473
E4106,3.38417548226509
E4107,10.070236465463598
E4108,3.853590541381456
E4109,4.165930304915992
E411,15.763235843186061
E4110,0.596602364654636
E4111,13.269259489732422
E4112,3.2007965152458
E4113,2.0263907902924703
E4114,17.260435594275048
E4115,4.274747977598008
E4116,4.700815183571873
E4117,3.4047479775980087
E4118,4.218593652769135
E4119,5.400280024891101
E412,4.450230242688239
E4120,7.486260112009957
E4121,3.157878033602987
E4122,1.6635718730553828
E4123,0.5966023646546359
E4124,0.1851524579962663
E4125,4.885967641568139
E4126,2.9830118232731797
E4127,1.152059738643435
E4128,16.513011823273178
E4129,2.0263907902924703
E413,12.285924082140635
E4130,5.667722464219042
E4131,1.6776104542626011
E4132,21.936253889234596
E4133,1.2549222153080275
E4134,5.00940261356565
E4135,3.256950840074673
E4136,12.374355942750464
E4137,0.8984691972619789
E4138,1.8811698817672682
E4139,3.2710267579340386
E414,3.5447417548226507
E4140,2.6744243932794025
E4141,5.362738021157436
E4142,11.295233354075917
E4143,1.0879900435594276
E4144,4.165930304915992
E4145,0.9616428126944616
E4146,7.938817672682016
E4147,1.3577846919726198
E4148,0.4913503422526446
E4149,4.649383945239577
E415,16.285986309894213
E4150,0.2877909147479776
E4151,3.19377722464219
E4152,2.316365899191039
E4153,2.372520224019913
E4154,1.7548226509023024
E4155,27.886017423771
E4156,0.3703049159925326
E4157,1.797255756067206
E4158,8.159757311761044
E4159,0.31586807716241444
E416,8.331897946484132
E4160,1.3196266334785314
E4161,2.7164654635967644
E4162,3.3121717485998756
E4163,7.467815805849409
E4164,1.3898195395146236
E4165,4.896253889234599
E4166,9.597069072806471
E4167,0.5896204107031736
E4168,0.9055818294959552
E4169,7.1077971375233355
E417,2.890435594275047
E4170,6.169956440572496
E4171,1.1623459863098942
E4172,1.2137772246421903
E4173,7.44724331051649
E4174,9.874797759800872
E4175,0.8282762912258868
E4176,1.9132420659614187
E4177,17.21772246421904
E4178,2.0636714374611076
E4179,0.9897199751088984
E418,3.5487554449284384
E4180,2.2602115743621654
E4181,0.8774113254511511
E4182,3.7853391412570008
E4183,3.6430118232731803
E4184,2.147902924704418
E4185,0.48433105164903545
E4186,0.8914499066583697
E4187,0.12634723086496577
E4188,1.3989296826384567
E4189,0.6527940261356565
E419,1.7898070939639081
E4190,8.743310516490356
E4191,0.7440448039825762
E4192,1.0879900435594276
E4193,1.5532233976353456
E4194,2.9830118232731797
E4195,0.9546235220908527
E4196,2.9727255756067206
E4197,18.4226695706285
E4198,1.6635718730553826
E4199,2.274250155569384
E42,3.3121717485998756
E420,3.5217237087741133
E4200,1.1301057871810827
E4201,1.4319352831362786
E4202,1.3126073428749223
E4203,4.2996515245799625
E4204,4.581785936527692
E4205,1.3266459240821407
E4206,8.030068450528935
E4207,5.797934038581207
E4208,1.6252271313005602
E4209,0.8282762912258868
E421,7.735258245177349
E4210,7.364953329184816
E4211,2.681369010578718
E4212,1.298568761667704
E4213,1.7548226509023024
E4214,0.9154760423148725
E4215,8.465581829495955
E4216,13.14582451773491
E4217,1.6219041692594898
E4218,2.0215556938394523
E4219,5.492856253889235
E422,0.5404853764779092
E4220,0.8212570006222776
E4221,1.2549222153080273
E4222,0.7791412570006222
E4223,0.9756813939016802
E4225,0.730323584318606
E4226,3.425320472930927
E4227,0.4320224019912881
E4228,1.4812196639701305
E4229,1.388755444928438
E423,3.3121717485998756
E4230,7.622109520846297
E4231,7.035793403858121
E4232,2.4069819539514627
E4233,2.1198257622899814
E4234,0.15205351586807717
E4235,1.0800560049782204
E4236,3.672190416925949
E4237,1.018338518979465
E4238,0.936048537647791
E4239,3.2499315494710643
E424,2.0917485998755447
E4240,9.35019912881145
E4241,44.31315494710641
E4242,3.8882016179215926
E4243,2.2321344119477287
E4244,7.838120721841942
E4245,1.172221530802738
E4246,0.6738518979464841
E4247,0.6878904791537026
E4248,0.8819103920348476
E4249,1.3196266334785314
E425,10.913708774113255
E4250,3.799676415681394
E4251,4.588954573739888
E4252,0.7229869321717486
E4253,3.1064467952706902
E4254,0.7159676415681393
E4255,5.046869943995022
E4256,12.775519601742378
E4257,3.096160547604232
E4258,13.197255756067205
E4259,0.8331860609831986
E426,3.2504542626011204
E4260,0.5826011200995644
E4261,1.0809707529558183
E4262,0.7651026757934039
E4263,0.29830118232731795
E4264,0.9125077784691973
E4265,4.155420037336652
E4266,0.7510640945861855
E4267,2.253192283758556
E4268,2.2526882389545735
E4269,1.347703795892968
E427,0.9771935283136278
E4270,5.24341008089608
E4271,3.4555071561916613
E4272,0.8949035469819538
E4273,1.3269259489732423
E4274,5.6060049782202865
E4275,13.062899813316738
E4276,1.2975233354075917
E4277,1.7486621032980711
E4278,3.1578780336029864
E4279,3.371891723708774
E428,49.662003733665216
E4280,3.0344430616054763
E4281,19.962862476664593
E4282,1.882383322962041
E4283,0.905488487865588
E4284,11.36423148724331
E4285,1.7197261978842564
E4286,5.6251026757934035
E4287,9.535351586807717
E4288,3.0885065339141256
E4289,4.808214063472309
E429,2.129253266957063
E4290,8.907890479153702
E4291,0.21057871810827627
E4292,4.8011947728686994
E4293,1.7969383945239579
E4294,1.8811698817672682
E4295,0.603658991910392
E4296,6.738518979464842
E4297,0.5194275046670815
E4298,0.6949097697573118
E4299,16.80784069695084
E43,3.502626011200995
E430,3.8395519601742376
E4300,3.8325326695706288
E4301,0.7440448039825762
E4302,1.2845301804604856
E4303,2.1900186683260734
E4304,0.9265463596764157
E4305,1.8811698817672684
E4306,9.167193528313629
E4307,1.340684505289359
E4308,0.36500311138767894
E4309,1.3898195395146233
E431,1.403858120721842
E4310,1.6972308649657748
E4311,1.7280896079651524
E4312,4.948599875544493
E4313,2.7567143746110765
E4314,1.1862601120099563
E4315,0.30182949595519604
E4316,6.536826384567517
E4317,2.118967019290604
E4318,100.07490354698196
E4319,2.920024891101431
E432,4.186502800248911
E4321,8.324878655880523
E4322,0.7510640945861855
E4323,0.6527940261356565
E4324,1.8390541381456127
E4325,0.3930802738021158
E4326,10.318357187305537
E4327,5.131101431238332
E4328,4.408114499066584
E4329,0.44923459863098947
E433,2.880149346608587
E4330,0.4422153080273802
E4331,2.7726197884256383
E4332,0.5451711263223398
E4333,5.626577473553205
E4334,7.5706782825140015
E4335,3.3552209085252023
E4336,0.21601120099564405
E4337,1.800093341630367
E4339,3.789632856253889
E434,2.633279402613566
E4340,1.3989296826384567
E4341,1.4880896079651522
E4342,0.8692532669570627
E4343,3.8886869943995017
E4344,6.09974486621033
E4345,0.9463347853142502
E4346,1.8741505911636591
E4347,3.713335407591786
E4348,2.1498257622899812
E4349,34.307361543248284
E435,8.79326695706285
E4350,0.7508960796515246
E4351,1.7280896079651524
E4352,6.233130056004979
E4353,1.5582825140012448
E4354,2.2672308649657746
E4355,0.18250155569383947
E4356,0.9669072806471686
E4357,1.1961543248288735
E4358,2.9007218419415057
E4359,0.7931798382078407
E436,1.2213565650280023
E4360,1.396894835096453
E4361,6.326042314872433
E4362,1.9092470441817053
E4363,1.4297884256378346
E4364,2.0675357809583073
E4365,2.0566521468574983
E4366,2.2531922837585565
E4367,2.911008089607965
E4368,2.0987678904791536
E4369,0.6878904791537026
E437,6.984362165525825
E4370,3.086863721219664
E4371,1.2704915992532668
E4372,1.6308276291225887
E4373,1.5120784069695083
E4374,2.561275668948351
E4375,0.9686621032980709
E4376,0.737025513378967
E4377,0.5896204107031736
E4378,1.2564530180460485
E4379,1.5582825140012444
E438,1.440074673304294
E4380,1.410877411325451
E4381,0.8563534536403237
E4383,0.9051897946484132
E4384,0.936048537647791
E4385,2.681369010578719
E4386,1.1301057871810827
E4387,7.591250777846919
E4388,12.538935905413814
E4389,9.802794026135656
E439,1.0723273179838209
E4390,0.7651026757934039
E4391,0.7580833851897947
E4392,0.5896204107031737
E4393,2.1601120099564404
E4394,0.870392034847542
E4395,7.629968886123211
E4396,0.1403858120721842
E4397,2.3023273179838206
E4398,7.2088114499066585
E4399,0.3930802738021158
E44,2.3233851897946485
E440,5.790914747977598
E4400,2.1619415059116367
E4401,2.4584131922837584
E4402,12.086341008089608
E4403,2.818431860609832
E4404,1.9583820784069694
E4405,10.666838830118234
E4406,1.2564530180460487
E4407,5.523714996888613
E4408,7.6838270068450525
E441,2.281269446172993
E4410,3.0035843186060984
E4411,0.25269446172993154
E4412,1.3898195395146236
E4413,1.5723210952084632
E4414,0.8563534536403237
E4415,0.7510640945861855
E4416,9.823366521468575
E4417,2.9551213441194775
E4418,0.7580833851897947
E4419,0.5615432482887368
E442,1.846073428749222
E4420,12.69087741132545
E4421,10.059950217797137
E4422,1.5231860609831984
E4423,1.4459738643434974
E4424,2.2169197261978844
E4425,1.1230864965774736
E4426,3.0210018668326075
E4427,2.9315805849408836
E4428,0.9265463596764157
E4429,1.7618419415059114
E443,18.29923459863099
E4430,3.134113254511512
E4431,3.179738643434972
E4432,0.6808711885500932
E4433,5.496104542626011
E4434,1.3577846919726198
E4435,0.7931798382078407
E4436,5.302476664592408
E4437,0.44923459863098947
E4438,1.4915059116365899
E4439,1.144144368388301
E444,15.604237710018669
E4440,1.137125077784692
E4441,2.0215556938394528
E4442,4.941580584940884
E4443,2.70528313627878
E4444,10.059950217797137
E4446,7.303235843186061
E4447,3.2915992532669573
E4448,4.4084691972619785
E4449,1.3372121966397013
E445,4.847398879900435
E4450,1.9749595519601741
E4451,0.9195270690728065
E4452,1.2564530180460487
E4453,2.0366770379589294
E4454,1.9543870566272556
E4455,2.2402551337896703
E4456,1.913242065961419
E4457,0.9566210329807093
E4458,4.461207218419415
E4459,4.021922837585563
E446,2.1498257622899812
E4460,2.4584131922837584
E4461,5.959377722464219
E4462,2.597137523335408
E4463,0.16144368388301183
E4464,2.1189670192906034
E4465,1.2283758556316118
E4466,0.7159676415681393
E4467,3.713335407591786
E4468,0.4913503422526446
E4469,5.441425015556938
E447,0.05143123833229621
E4470,4.021922837585563
E4471,1.6869446172993154
E4472,15.954847542003733
E4473,2.1198257622899814
E4474,1.316639701306783
E4475,8.558158058494088
E4476,1.277510889856876
E4477,9.63821406347231
E4478,1.193204729309272
E4479,7.138655880522713
E448,3.9092034847542005
E4480,4.632731798382078
E4481,9.062184194150591
E4482,0.5475046670815183
E4483,1.4600124455507155
E4484,0.9669072806471686
E4485,0.6949097697573118
E4486,3.3411823273179837
E4487,1.0712632233976354
E4488,19.039844430616053
E4489,6.326042314872433
E449,4.389763534536404
E4490,8.694362165525824
E4491,1.273982576228998
E4492,1.33366521468575
E4493,3.1025264467952707
E4494,0.6668326073428749
E4495,0.6583198506533915
E4496,8.496440572495333
E4497,3.2288736776602365
E4498,10.533117610454264
E4499,14.853341630367144
E45,8.14670815183572
E450,1.6495332918481644
E4501,2.1601120099564404
E4502,6.6140572495332925
E4503,0.6583198506533915
E4504,8.1026695706285
E4505,1.316639701306783
E4506,1.614436838830118
E4507,2.3233851897946485
E4508,0.835295581829496
E4509,1.0903422526446795
E451,9.566210329807094
E4510,1.923528313627878
E4511,8.331972619788425
E4512,10.599128811449907
E4513,10.082370877411325
E4514,4.011636589919104
E4515,6.0502364654635965
E4516,7.7755071561916616
E4517,7.326085874299938
E4518,1.5635096453018045
E4519,7.608911014312383
E452,1.810976975731176
E4520,0.0701929060360921
E4521,0.05942128189172371
E4522,0.46327317983820787
E4523,0.7440448039825762
E4524,0.7440448039825762
E4525,0.4141381456129434
E4526,0.8023273179838208
E4527,1.7478033602986933
E4528,1.8823833229620412
E4529,1.717803360298693
E453,6.773615432482888
E4530,7.625357809583074
E4531,2.4707902924704417
E4532,1.9583820784069694
E4533,1.110914747977598
E4534,4.957971375233354
E4535,1.1314872433105165
E4536,7.488388301182328
E4537,0.81261356565028
E4538,2.779639079029247
E4539,1.7899191039203486
E454,4.042495332918482
E4540,2.014536403235843
E4541,2.505886745488488
E4542,2.7155693839452395
E4543,2.2110765401369012
E4544,2.000497822028625
E4545,0.5966023646546359
E4546,1.7548226509023024
E4547,2.8840696950840075
E4548,3.209309271935283
E4549,7.395812072184194
E455,1.316639701306783
E4550,1.3477037958929683
E4551,2.6252146857498446
E4552,0.4843310516490355
E4553,3.7623397635345364
E4555,0.9405849408836341
E4557,1.833061605476042
E4558,0.17548226509023024
E4559,3.538469197261979
E456,2.4332482887367766
E4560,2.920024891101431
E4561,2.4427131300560054
E4562,1.137125077784692
E4563,10.162812694461731
E4564,3.4664654635967644
E4565,3.919060360920971
E4566,9.453061605476043
E4567,1.5793403858120723
E4568,2.6847106409458616
E4569,28.050597386434347
E457,1.9303049159925327
E4570,7.3032358431860604
E4571,0.9167081518357187
E4572,0.6527940261356565
E4573,8.084990665836964
E4574,2.3452644679527066
E4575,1.9749595519601741
E4576,0.701929060360921
E4577,0.8493341630367145
E4578,2.9621406347230863
E4579,6.963789670192906
E458,1.3828002489110143
E4580,5.461008089607965
E4581,0.807218419415059
E4582,2.5509894212818915
E4583,1.0318357187305538
E4584,0.46327317983820787
E4585,2.293833229620411
E4586,1.502128189172371
E4587,1.1862601120099563
E4588,7.632395768512757
E4589,4.5358058494088365
E459,0.1965401369010579
E4590,2.351462352209085
E4591,7.015220908525202
E4592,0.8352955818294959
E4593,0.20572495332918483
E4594,2.6847106409458616
E4595,7.745544492843808
E4596,6.860927193528314
E4597,0.5194275046670815
E4598,3.2813130056004978
E4599,0.9546235220908524
E46,7.200373366521468
E460,12.425787181082764
E4600,0.7861605476042314
E4601,1.944343497199751
E4602,0.9405849408836341
E4603,0.6106782825140012
E4604,4.947666459240821
E4605,2.0675357809583077
E4606,8.301001866832607
E4607,13.1138643434972
E4608,1.800093341630367
E4609,10.142874922215308
E461,2.1086807716241442
E4610,5.112265090230243
E4611,14.277311761045427
E4612,0.6598133167392657
E4613,8.1261356565028
E4615,1.2034909769757312
E4617,4.744069695084008
E4618,1.5933789670192906
E4619,19.327859365276915
E462,2.3655009334163037
E4620,2.077710018668326
E4621,7.3759863098942136
E4623,0.47731176104542633
E4624,4.036092097075295
E4625,1.830952084629745
E4627,5.117062850031115
E4628,2.70528313627878
E4629,4.486689483509645
E463,3.046372121966397
E4630,0.6878904791537026
E4631,1.4459738643434974
E4632,8.01298693217175
E4633,6.943217174859988
E4634,15.028207840696952
E4635,10.262202862476665
E4636,8.362719352831363
E4637,38.37623522090853
E4638,5.720721841941506
E464,1.9934785314250156
E465,1.8811698817672682
E466,9.051897946484132
E467,2.785127566894835
E468,4.885426260112011
E469,1.544243932794026
E47,2.723484754200373
E470,0.5053889234598631
E471,4.403279402613565
E472,5.266558805227132
E473,2.1268450528935907
E474,1.8320348475420036
E475,31.05418170504045
E476,1.368761667703796
E477,3.682476664592408
E478,2.463771001866833
E479,3.9308027380211574
E48,14.812196639701307
E480,2.948102053515868
E481,1.0809707529558183
E482,6.830236465463596
E483,18.320348475420037
E484,5.139408836341008
E485,3.282787803360299
E486,7.791412570006222
E487,1.460647168637212
E488,6.749682638456751
E489,1.2062912258867453
E49,6.570056004978221
E490,19.57719352831363
E491,0.8914499066583697
E492,0.568562538892346
E494,1.0080522713130056
E495,2.5407031736154324
E496,4.308052271313006
E497,8.41056627255756
E498,8.25985687616677
E499,1.62522713130056
E5,6.264324828873678
E50,1.8320348475420036
E500,1.5017921593030492
E501,3.0653018046048537
E502,4.628811449906658
E503,12.762993154947107
E504,3.5377224642190415
E505,13.14582451773491
E506,2.351462352209085
E507,1.6972308649657746
E508,11.200118232731798
E509,2.4216552582451776
E51,0.7159676415681393
E510,9.433926571250778
E511,1.9654013690105787
E512,9.679359054138144
E513,0.853758556316117
E514,1.1511636589919105
E515,1.7829558182949596
E516,18.594100808960796
E517,0.7300062227753579
E518,1.4178967019290603
E519,10.275961418792782
E52,1.403858120721842
E520,2.7978593652769135
E521,1.8601120099564405
E522,2.602420659614188
E523,6.4788052271313
E524,4.088531425015557
E525,1.7478033602986933
E526,1.7898070939639081
E527,1.110914747977598
E528,2.43784069695084
E529,3.3018855009334165
E53,6.356453018046048
E530,2.664866210329807
E531,4.022053515868078
E532,6.6449159925326695
E533,2.0675357809583077
E534,3.219595519601742
E535,2.0675357809583073
E536,7.334094586185438
E537,9.093042937149969
E538,7.724971997510889
E539,7.622109520846297
E54,4.639097697573117
E540,0.7931798382078408
E541,1.7197261978842566
E542,3.0463721219663973
E543,6.25976975731176
E544,4.640180460485376
E545,1.2143372744243932
E546,2.9200248911014315
E547,3.0961605476042315
E548,3.2915992532669573
E549,5.6060049782202865
E55,6.943217174859988
E550,3.5657996266334786
E551,3.34514001244555
E552,3.5076104542626014
E553,2.8081456129433726
E554,2.139539514623522
E555,5.0608338518979465
E556,2.3935780958307404
E557,7.560392034847542
E558,0.6788923459863099
E559,0.8984691972619788
E56,1.2742065961418791
E560,1.6776104542626011
E561,1.5242501555693841
E562,0.9566210329807096
E563,0.3805911636589919
E564,2.4216552582451776
E565,7.2209458618543865
E566,63.808674548848785
E567,1.109047915370255
E568,1.7898070939639077
E569,1.584082140634723
E57,8.030068450528935
E570,8.92846297448662
E571,22.3981269446173
E572,4.225612943372744
E573,1.8320348475420036
E574,0.9054884878655881
E575,14.178967019290605
E576,2.421655258245177
E577,2.4567517112632236
E578,2.84281269446173
E579,1.9864592408214061
E58,2.9418668326073427
E580,3.10954573739888
E581,1.4880896079651522
E582,0.7440448039825761
E583,1.5723210952084632
E584,3.6991661481020532
E585,1.9092470441817049
E586,8.331860609831985
E587,17.89807093963908
E588,7.179800871188551
E589,2.6265214685749845
E59,2.1228313627878035
E590,13.762999377722464
E591,1.62522713130056
E592,9.473634100808962
E593,9.525065339141257
E594,7.190087118855009
E595,5.0608338518979465
E596,3.564623522090853
E597,2.098394523957685
E598,1.0177971375233354
E599,5.615432482887368
E6,9.411916614810204
E60,1.6495332918481644
E600,5.996882389545737
E601,1.0905102675793403
E602,14.287598008711884
E603,1.9029558182949597
E604,2.2672308649657746
E605,9.957087741132545
E606,1.0107778469197262
E607,0.40711885500933415
E608,0.6247168637212197
E609,2.602420659614188
E61,2.3795395146235223
E610,0.6036589919103921
E611,1.5326509023024268
E612,11.160578718108276
E613,1.5548102053515869
E614,1.438954573739888
E615,1.8952084629744865
E616,1.1862601120099563
E617,0.8142377100186683
E618,4.057149968886123
E619,2.0285749844430616
E62,7.658046048537647
E620,2.5269446172993155
E621,1.2494337274424392
E622,3.10954573739888
E623,1.0177971375233354
E624,2.0215556938394528
E625,1.698668326073429
E626,3.004256378344742
E627,0.5334660858742999
E628,3.0138705662725576
E629,8.92846297448662
E63,9.597069072806471
E630,1.5231860609831984
E631,2.1788176726820163
E632,3.9910640945861853
E634,4.824250155569384
E635,5.877050404480398
E636,7.426670815183572
E637,1.3196266334785314
E638,0.8282762912258868
E639,5.328276291225888
E64,5.608413192283759
E640,9.761649035469821
E641,2.7464281269446174
E642,0.5053889234598631
E643,6.747778469197261
E644,2.2234909769757314
E645,8.722738021157436
E646,3.631045426260112
E647,10.44054138145613
E648,3.065301804604854
E649,18.258089607965154
E65,2.702426882389546
E650,11.345731176104543
E651,6.140889856876167
E652,1.865189794648413
E653,3.7709271935283133
E654,4.20212818917237
E655,10.267131300560049
E656,2.818431860609832
E657,2.098394523957685
E658,1.474051026757934
E659,5.441425015556938
E66,3.0674299937772243
E660,1.49150591163659
E661,2.098394523957685
E662,11.096266334785314
E663,8.084990665836964
E664,0.4913503422526446
E665,2.555021779713752
E666,0.257156191661481
E667,0.7508960796515246
E668,3.970491599253267
E669,2.2706658369632855
E67,1.0458742999377724
E670,6.027741132545115
E671,16.468282514001245
E672,1.5582825140012444
E673,4.988008711885501
E674,3.233671437461108
E675,8.546975731176104
E676,8.105563161169883
E677,3.4113752333540757
E678,2.818431860609832
E679,7.45752955818295
E68,3.179850653391412
E680,5.129551960174237
E681,7.015220908525202
E682,1.144144368388301
E683,9.104019912881144
E684,19.837747355320474
E685,3.764766645924082
E686,4.145357809583074
E687,3.17869321717486
E688,1.8671313005600498
E689,1.9724206596141878
E69,1.4600124455507155
E690,2.555021779713752
E691,0.9967392657125078
E692,4.87568139390168
E693,4.484803982576229
E694,45.36153080273802
E695,50.45404480398257
E696,3.48457373988799
E697,238.61482887367768
E698,2.344443061605476
E699,16.704866210329808
E7,18.391810827629122
E70,8.176633478531425
E700,5.614107031736155
E701,6.4788052271313
E702,8.844567517112631
E703,10.707983820784069
E704,16.64428749222153
E705,10.317106409458619
E706,20.456359676415683
E707,24.066104542626007
E708,18.481549471064096
E709,0.7229869321717486
E71,3.2709894212818913
E710,116.27572495332919
E711,71.84953329184816
E712,3.3552209085252023
E713,1.7618419415059114
E714,7.148942128189173
E715,1.3783571873055382
E716,12.621281891723708
E717,3.1221655258245176
E718,2.5199253266957062
E719,3.264082140634723
E72,4.337921593030492
E720,16.339247044181704
E721,1.4108774113254512
E722,14.195021779713754
E723,16.540286247666458
E724,2.7464281269446174
E725,8.249570628500312
E726,16.488313627878036
E727,0.8331860609831986
E728,7.745544492843808
E729,12.086341008089608
E73,0.5404853764779092
E730,2.6883883011823273
E731,10.903422526446795
E732,56.88446172993155
E733,19.615874299937772
E734,2.5509894212818915
E735,2.070690728064717
E736,1.748662103298071
E737,10.177971375233355
E738,7.749296826384568
E739,2.7052831362787804
E74,9.309054138145612
E740,3.137305538270068
E741,4.5156627255756066
E742,10.655283136278781
E743,8.609589296826385
E744,6.766596141879278
E745,7.930696950840074
E746,48.05467952706907
E747,11.705749844430615
E748,1.277510889856876
E749,14.046907280647167
E75,1.6284754200373366
E750,1.102028624766646
E751,5.110043559427504
E752,9.998232731798382
E753,1.234349719975109
E754,2.1900186683260734
E755,2.1619415059116363
E756,2.7234847542003737
E757,5.24341008089608
E758,1.130105787181083
E759,3.4885874299937774
E76,1.8179962663347853
E760,2.7656004978220285
E761,3.025687616677038
E762,3.919060360920971
E763,8.671306782825141
E764,8.537585563161171
E765,8.342146857498443
E766,7.118083385189795
E767,6.860927193528314
E768,15.522134411947729
E769,1.5635096453018045
E77,6.744903546981954
E770,4.822252644679527
E771,3.151661481020535
E772,2.8357934038581205
E773,1.2213565650280025
E774,6.871885500933415
E775,0.7510640945861855
E776,0.46327317983820787
E777,3.207815805849409
E778,0.5404853764779092
E779,0.9195270690728065
E78,0.7580833851897948
E780,1.172221530802738
E781,1.9232856253889237
E782,1.0528935905413814
E783,8.907890479153702
E784,6.675774735532048
E785,9.247336652146856
E786,12.235930304915993
E787,10.33008089607965
E788,3.363602986932172
E789,2.285525824517735
E79,11.272980709396391
E790,1.2143372744243932
E791,2.0566521468574983
E792,3.3018855009334165
E793,1.2143372744243932
E794,5.404853764779092
E795,21.50854387056627
E796,19.708450528935906
E797,19.173565650280025
E798,0.9566210329807096
E799,3.6516179215930302
E8,1.6355133789670193
E80,10.55369010578718
E800,6.747778469197262
E801,2.0778220286247664
E802,13.505843186060982
E803,1.0599128811449907
E804,2.070690728064717
E805,2.533963907902925
E806,5.376776602364655
E807,9.87479775980087
E808,2.2461729931549472
E809,8.877031736154324
E81,6.675345364032359
E810,13.114965774735532
E811,3.106446795270691
E812,2.7176228998133163
E813,2.651014312383323
E814,1.698668326073429
E815,2.7258556316116986
E816,1.53582451773491
E817,2.9007218419415057
E818,2.273260734287492
E819,1.4195021779713752
E82,14.174449284380835
E820,5.402501555693839
E821,7.32380833851898
E822,4.467106409458618
E823,0.49373988799004354
E824,2.7656004978220285
E825,0.9054884878655881
E826,1.3336652146857497
E827,3.874648413192284
E828,2.8357934038581205
E829,0.8142377100186683
E83,1.2845301804604852
E830,2.68372121966397
E831,15.604237710018669
E832,0.968662103298071
E833,3.706185438705663
E834,1.137125077784692
E835,1.7056876166770378
E836,0.47029247044181705
E837,1.2634723086496578
E838,2.204057249533292
E839,7.114891101431238
E84,4.700815183571873
E840,1.2564530180460485
E841,1.3828002489110143
E842,4.764642190416926
E843,6.3912881144990665
E844,0.8774113254511512
E845,6.490622277535781
E846,3.0550155569383945
E847,1.4388052271313005
E848,3.857342874922216
E849,9.206191661481022
E85,1.6916490354698195
E850,3.979937772246422
E851,1.9092470441817049
E852,2.8357934038581205
E853,2.7726197884256383
E854,4.666782825140012
E855,5.935164903546982
E856,5.025812072184195
E857,7.475544492843809
E858,14.64789670192906
E859,1.8179962663347853
E86,2.5830989421281894
E860,5.719153702551338
E861,1.810976975731176
E862,8.249570628500312
E863,3.3018855009334165
E864,1.740784069695084
E865,6.506882389545738
E866,3.1475917859365277
E867,17.414617299315495
E868,3.2607405102675795
E869,13.78736154324829
E87,2.217573117610454
E870,7.482563783447417
E871,9.453061605476043
E872,1.6046546359676415
E873,1.0318357187305538
E874,2.0675357809583073
E875,5.215127566894835
E876,1.141773490976976
E877,1.0599128811449907
E878,1.8824206596141881
E879,7.056365899191039
E88,1.9441008089607965
E880,1.9373242065961418
E881,0.8423148724331051
E882,2.9551213441194775
E883,8.486322339763534
E884,9.329626633478531
E885,3.874648413192284
E886,4.029072806471686
E887,0.9967392657125078
E888,1.5723210952084632
E889,3.5728189172370874
E89,2.6673304293714994
E890,4.457249533291848
E891,2.232115743621655
E892,1.0800560049782204
E893,1.0669321717485998
E894,1.3547230864965774
E895,2.064436838830118
E896,1.368070939639079
E897,1.4503609209707529
E898,2.9932980709396393
E899,0.9125077784691973
E9,18.258089607965154
E90,1.0389110143123832
E900,7.478102053515868
E901,2.983198506533914
E902,4.700815183571873
E903,4.731673926571251
E904,0.5545239576851275
E905,2.7567143746110765
E906,1.3828002489110143
E907,1.7127069072806473
E908,5.2768450528935915
E909,1.850721841941506
E91,11.674891101431237
E910,3.466465463596764
E911,3.1727193528313626
E912,7.406098319850654
E913,4.083640323584318
E914,3.46051026757934
E915,5.400280024891101
E916,2.592134411947729
E917,3.4394523957685132
E918,12.970958307405104
E919,1.3126073428749223
E92,16.149408836341006
E920,1.846073428749222
E921,2.4069819539514623
E922,1.028624766645924
E923,0.25971375233354077
E924,5.131101431238332
E925,5.671586807716241
E926,1.467031736154325
E927,2.890435594275047
E928,1.930304915992533
E929,1.0809707529558181
E93,2.7515619166148104
E930,9.370771624144368
E931,5.285525824517735
E932,1.9029558182949597
E933,8.568444306160547
E934,13.135538270068452
E935,2.070690728064717
E936,4.780136901057872
E937,1.9162663347853144
E938,2.3658369632856253
E939,2.6127069072806473
E94,7.735258245177349
E940,6.850640945861854
E941,0.3720224019912881
E942,6.198033602986932
E943,5.432930927193528
E944,5.004754200373367
E945,1.305588052271313
E946,3.405382700684505
E947,1.8179962663347853
E949,7.243907902924705
E95,9.77085252022402
E950,9.514779091474798
E951,0.5404853764779091
E952,1.831605476042315
E953,8.057734909769756
E954,7.7000124455507155
E955,2.7875731176104543
E956,0.9546235220908524
E957,3.641331673926571
E958,2.262974486621033
E959,6.007168637212197
E96,8.990180460485377
E960,9.08275668948351
E961,0.0772121966397013
E962,2.1198257622899814
E963,0.9616428126944618
E964,1.740784069695084
E965,0.5545239576851275
E966,3.7130180460485374
E967,0.9476042314872434
E968,2.9525824517734907
E969,2.9130056004978218
E97,10.625693839452394
E970,1.4249159925326698
E971,1.028624766645924
E972,3.8044555071561916
E973,3.074449284380834
E974,5.538220286247666
E975,2.4567517112632236
E976,2.077710018668326
E977,3.2639701306782825
E978,1.5582825140012444
E979,8.969607965152457
E98,7.493671437461107
E980,1.8952084629744865
E981,4.225612943372744
E982,2.470790292470442
E983,13.747429993777224
E984,0.8984691972619788
E985,8.28042937149969
E986,3.5938767890479157
E987,2.0075171126322338
E988,5.825749844430617
E989,4.3819415059116364
E99,3.538469197261979
E990,14.153876789047915
E991,4.8994648413192285
E992,1.8926695706285004
E993,0.9566210329807093
E994,104.48770379589297
E995,1.5302053515868075
E996,5.369757311761046
E997,11.901188550093341
E998,8.475868077162414
E999,0.6893092719352831
