plot,crop,farm,region,island,surface_ha
P1,PN_PIQ,E1,3,2,3.68
P2,MA_ROTA,E1,3,2,3.3
P3,MA_ROTA,E1,3,2,1.36
P4,MA_ROTA,E2,2,2,1.24
P5,PN_PIQ,E3,2,2,0.77
P6,PN_PIQ,E3,2,2,0.21
P7,PN_PIQ,E3,2,2,0.57
P8,PN_PIQ,E3,2,2,1.52
P10,MA_ROTA,E4,2,2,0.86
P11,MA_ROTA,E4,2,2,0.6
P12,PN_PIQ,E5,3,2,0.6
P14,MA_ROTA,E5,3,2,1.46
P16,MA_ROTA,E5,3,2,1.46
P17,MA_ROTA,E5,3,2,2.12
P18,PN_PIQ,E5,3,2,0.45
P19,MA_ROTA,E6,1,2,0.76
P20,MA_ROTA,E6,1,2,0.48
P22,MA_ROTA,E6,1,2,0.43
P23,MA_ROTA,E6,1,2,3.59
P24,MA_ROTA,E6,1,2,2.15
P25,PN_PIQ,E6,1,2,0.84
P26,MA_ROTA,E6,1,2,0.9
P27,PN_PIQ,E7,3,2,1.96
P28,MA_ROTA,E7,3,2,1.3
P29,MA_ROTA,E7,3,2,0.44
P30,PN_PIQ,E7,3,2,0.64
P31,PN_PIQ,E7,3,2,0.85
P32,PN_PIQ,E7,3,2,0.49
P33,MA_ROTA,E7,3,2,0.67
P34,PN_PIQ,E7,3,2,0.52
P37,MA_ROTA,E7,3,2,0.24
P38,MA_ROTA,E7,3,2,1.17
P39,MA_ROTA,E7,3,2,3.2
P41,MA_ROTA,E7,3,2,3.61
P42,PN_PIQ,E7,3,2,1.32
P43,PN_PIQ,E7,3,2,0.46
P44,PN_PIQ,E7,3,2,1.01
P47,PN_PIQ,E8,2,2,1.59
P48,MA_ROTA,E9,1,2,4.34
P49,PN_PIQ,E9,1,2,0.86
P50,PN_PIQ,E9,1,2,3.43
P51,MA_ROTA,E9,1,2,1.47
P52,PN_PIQ,E9,1,2,4.36
P53,MA_ROTA,E9,1,2,3.29
P54,MA_ROTA,E10,3,2,0.47
P56,PN_PIQ,E10,3,2,0.05
P57,MA_ROTA,E10,3,2,1.43
P58,MA_ROTA,E10,3,2,0.7
P59,ME,E10,3,2,0.18
P60,PN_PIQ,E10,3,2,4.19
P61,PN_PIQ,E10,3,2,0.54
P62,PN_PIQ,E10,3,2,0.04
P63,PN_PIQ,E10,3,2,0.46
P64,MA_ROTA,E10,3,2,0.68
P65,PN_PIQ,E10,3,2,0.96
P66,MA_ROTA,E11,3,2,2.02
P67,MA_ROTA,E11,3,2,0.3
P68,MA_ROTA,E11,3,2,1.25
P69,PN_PIQ,E11,3,2,4.17
P70,PN_PIQ,E11,3,2,0.28
P71,MA_ROTA,E11,3,2,0.39
P72,MA_ROTA,E11,3,2,3.07
P74,MA_ROTA,E12,3,2,1.79
P75,MA_ROTA,E12,3,2,0.9
P77,MA_ROTA,E12,3,2,1.1
P78,PN_PIQ,E13,3,2,1.3
P79,MA_ROTA,E13,3,2,0.98
P80,MA_ROTA,E13,3,2,1.97
P81,MA_ROTA,E13,3,2,2.62
P84,MA_ROTA,E13,3,2,1.52
P86,PN_PIQ,E14,7,3,0.19
P87,PN_PIQ,E14,7,3,0.28
P88,PN_PIQ,E14,7,3,0.27
P89,PN_PIQ,E14,7,3,0.7
P90,PN_PIQ,E15,7,3,0.45
P91,PN_PIQ,E15,7,3,0.43
P92,PN_PIQ,E15,7,3,1.48
P93,PN_PIQ,E15,7,3,0.16
P94,PN_PIQ,E15,7,3,0.49
P95,MA_ROTA,E16,1,2,2.78
P96,PN_PIQ,E16,1,2,0.45
P97,MA_ROTA,E16,1,2,0.44
P98,MA_ROTA,E16,1,2,0.78
P99,MA_ROTA,E16,1,2,1.69
P100,PN_PIQ,E16,1,2,0.87
P101,MA_ROTA,E16,1,2,0.19
P103,PN_PIQ,E17,2,2,1.04
P105,PN_PIQ,E18,7,3,0.65
P106,PN_PIQ,E18,7,3,1.46
P107,ME,E19,3,2,1.35
P108,MA_ROTA,E19,3,2,1.81
P109,PN_PIQ,E19,3,2,1.77
P110,PN_PIQ,E19,3,2,1.35
P111,MA_ROTA,E19,3,2,0.61
P112,MA_ROTA,E19,3,2,0.5
P113,MA_ROTA,E19,3,2,0.21
P114,PN_PIQ,E20,7,3,3.31
P115,PN_PIQ,E20,7,3,1.29
P116,PN_PIQ,E20,7,3,0.96
P117,PN_PIQ,E20,7,3,0.42
P118,PN_PIQ,E20,7,3,2.3
P119,PN_PIQ,E20,7,3,2.4
P120,PN_PIQ,E20,7,3,0.92
P121,PN_PIQ,E21,7,3,2.36
P122,PN_PIQ,E21,7,3,0.87
P123,PN_PIQ,E21,7,3,0.15
P124,PN_PIQ,E21,7,3,0.18
P125,PN_PIQ,E21,7,3,0.49
P126,PN_PIQ,E21,7,3,0.41
P127,PN_PIQ,E21,7,3,0.06
P128,PN_PIQ,E21,7,3,0.09
P129,PN_PIQ,E21,7,3,2.48
P130,PN_PIQ,E21,7,3,1.26
P131,PN_PIQ,E21,7,3,1.02
P132,PN_PIQ,E21,7,3,0.15
P133,PN_PIQ,E21,7,3,0.27
P134,PN_PIQ,E21,7,3,0.35
P135,MA_ROTA,E22,2,2,0.08
P136,MA_ROTA,E22,2,2,0.8
P137,MA_ROTA,E22,2,2,0.42
P138,MA_ROTA,E22,2,2,0.1
P139,PN_PIQ,E23,1,2,0.59
P140,MA_ROTA,E23,1,2,0.31
P141,PN_PIQ,E23,1,2,0.72
P142,PN_PIQ,E24,7,3,0.64
P143,PN_PIQ,E24,7,3,0.13
P144,PN_PIQ,E24,7,3,0.11
P145,PN_PIQ,E24,7,3,1.14
P146,PN_PIQ,E24,7,3,0.35
P147,PN_PIQ,E25,2,2,0.41
P148,PN_PIQ,E25,2,2,0.99
P149,ME,E25,2,2,0.47
P150,PN_PIQ,E25,2,2,0.24
P151,PN_PIQ,E25,2,2,0.2
P152,PN_PIQ,E25,2,2,0.42
P153,PN_PIQ,E25,2,2,0.45
P154,PN_PIQ,E25,2,2,0.25
P155,PN_PIQ,E25,2,2,0.21
P156,PN_PIQ,E26,1,2,0.9
P157,PN_PIQ,E27,7,3,0.34
P158,PN_PIQ,E27,7,3,0.5
P159,PN_PIQ,E27,7,3,0.21
P160,PN_PIQ,E27,7,3,3.18
P162,MA_ROTA,E28,2,2,0.78
P165,PN_PIQ,E28,2,2,0.45
P166,PN_PIQ,E28,2,2,0.32
P167,PN_PIQ,E29,7,3,0.45
P168,PN_PIQ,E29,7,3,1.46
P169,PN_PIQ,E29,7,3,0.33
P170,PN_PIQ,E30,7,3,0.32
P171,PN_PIQ,E30,7,3,0.67
P172,PN_PIQ,E30,7,3,0.4
P173,PN_PIQ,E30,7,3,0.17
P174,PN_PIQ,E30,7,3,0.61
P175,PN_PIQ,E30,7,3,3.13
P176,PN_PIQ,E30,7,3,0.24
P177,PN_PIQ,E30,7,3,0.29
P178,PN_PIQ,E30,7,3,1.95
P179,PN_PIQ,E30,7,3,0.49
P180,PN_PIQ,E30,7,3,2.1
P181,PN_PIQ,E30,7,3,0.43
P182,PN_PIQ,E30,7,3,0.46
P183,PN_PIQ,E31,7,3,0.27
P184,PN_PIQ,E31,7,3,0.2
P185,MA_ROTA,E32,2,2,0.8
P186,MA_ROTA,E32,2,2,0.5
P187,PN_PIQ,E33,7,3,0.29
P188,PN_PIQ,E33,7,3,0.59
P189,PN_PIQ,E33,7,3,0.8
P190,PN_PIQ,E33,7,3,1.31
P191,PN_PIQ,E33,7,3,0.5
P192,PN_PIQ,E33,7,3,0.82
P193,PN_PIQ,E33,7,3,1.49
P194,PN_PIQ,E33,7,3,1.1
P195,PN_PIQ,E33,7,3,1.25
P196,PN_PIQ,E33,7,3,4.23
P197,PN_PIQ,E33,7,3,1.0
P198,PN_PIQ,E33,7,3,0.61
P199,PN_PIQ,E33,7,3,3.68
P200,PN_PIQ,E33,7,3,0.94
P201,PN_PIQ,E33,7,3,1.27
P202,PN_PIQ,E33,7,3,3.18
P203,PN_PIQ,E34,7,3,0.44
P204,PN_PIQ,E34,7,3,0.34
P205,PN_PIQ,E34,7,3,0.57
P206,PN_PIQ,E34,7,3,0.64
P207,MA_ROTA,E35,2,2,0.5
P208,PN_PIQ,E36,2,2,0.23
P209,MA_ROTA,E36,2,2,0.51
P210,MA_ROTA,E36,2,2,0.51
P211,MA_ROTA,E36,2,2,0.63
P212,PN_PIQ,E36,2,2,0.31
P213,PN_PIQ,E36,2,2,0.28
P214,PN_PIQ,E36,2,2,0.15
P215,MA_ROTA,E36,2,2,0.61
P216,PN_PIQ,E36,2,2,0.54
P217,MA_ROTA,E36,2,2,0.34
P218,MA_ROTA,E36,2,2,0.31
P219,MA_ROTA,E36,2,2,0.73
P220,PN_PIQ,E36,2,2,0.53
P221,PN_PIQ,E37,7,3,0.73
P222,PN_PIQ,E37,7,3,1.3
P223,PN_PIQ,E38,2,2,0.36
P224,PN_PIQ,E38,2,2,0.56
P225,MA_ROTA,E38,2,2,0.2
P226,MA_ROTA,E38,2,2,0.12
P227,MA_ROTA,E38,2,2,0.71
P228,MA_ROTA,E38,2,2,0.31
P229,MA_ROTA,E39,3,2,4.07
P230,PN_PIQ,E40,7,3,0.23
P231,PN_PIQ,E40,7,3,0.64
P232,PN_PIQ,E40,7,3,5.72
P233,PN_PIQ,E40,7,3,3.52
P234,PN_PIQ,E40,7,3,0.29
P235,PN_PIQ,E40,7,3,0.44
P236,PN_PIQ,E40,7,3,0.16
P237,PN_PIQ,E40,7,3,0.97
P238,PN_PIQ,E40,7,3,0.62
P239,PN_PIQ,E40,7,3,0.18
P240,PN_PIQ,E41,2,2,2.57
P241,MA_ROTA,E42,2,2,1.27
P242,PN_PIQ,E42,2,2,0.6
P243,PN_PIQ,E42,2,2,0.6
P244,PN_PIQ,E42,2,2,0.75
P245,PN_PIQ,E43,7,3,0.38
P246,PN_PIQ,E43,7,3,0.6
P247,PN_PIQ,E43,7,3,0.5
P248,PN_PIQ,E43,7,3,0.09
P249,PN_PIQ,E43,7,3,2.03
P250,PN_PIQ,E43,7,3,0.5
P251,PN_PIQ,E43,7,3,0.61
P252,PN_PIQ,E43,7,3,0.28
P253,PN_PIQ,E44,7,3,0.86
P254,PN_PIQ,E44,7,3,1.19
P255,PN_PIQ,E44,7,3,0.22
P256,PN_PIQ,E44,7,3,0.39
P257,PN_PIQ,E44,7,3,0.65
P258,PN_PIQ,E45,3,2,0.54
P259,MA_ROTA,E45,3,2,2.79
P260,MA_ROTA,E45,3,2,3.5
P261,PN_PIQ,E45,3,2,0.36
P262,MA_ROTA,E45,3,2,0.73
P263,MA_ROTA,E46,3,2,2.31
P264,PN_PIQ,E46,3,2,1.09
P265,PN_PIQ,E46,3,2,0.84
P266,MA_ROTA,E46,3,2,1.5
P267,MA_ROTA,E46,3,2,0.99
P268,MA_ROTA,E46,3,2,0.14
P269,MA_ROTA,E46,3,2,0.13
P270,PN_PIQ,E47,2,2,1.1
P271,PN_PIQ,E47,2,2,2.78
P273,MA_ROTA,E48,3,2,0.29
P274,MA_ROTA,E48,3,2,2.02
P276,PN_PIQ,E48,3,2,0.46
P277,PN_PIQ,E48,3,2,1.47
P279,MA_ROTA,E48,3,2,0.88
P280,PN_PIQ,E48,3,2,1.16
P281,MA_ROTA,E48,3,2,0.63
P282,MA_ROTA,E48,3,2,0.1
P283,MA_ROTA,E48,3,2,1.19
P284,MA_ROTA,E48,3,2,1.23
P285,MA_ROTA,E48,3,2,2.47
P286,MA_ROTA,E48,3,2,2.5
P287,PN_PIQ,E49,7,3,1.04
P288,PN_PIQ,E49,7,3,1.08
P289,PN_PIQ,E49,7,3,0.5
P290,PN_PIQ,E49,7,3,6.74
P291,PN_PIQ,E50,2,2,0.41
P292,PN_PIQ,E50,2,2,0.11
P293,PN_PIQ,E50,2,2,1.61
P294,PN_PIQ,E50,2,2,0.48
P295,PN_PIQ,E51,7,3,0.58
P296,PN_PIQ,E51,7,3,0.44
P297,PN_PIQ,E52,7,3,0.58
P298,PN_PIQ,E52,7,3,0.99
P299,PN_PIQ,E52,7,3,0.43
P300,MA_ROTA,E53,3,2,2.31
P301,PN_PIQ,E53,3,2,1.96
P302,PN_PIQ,E53,3,2,0.82
P304,PN_PIQ,E53,3,2,1.35
P305,MA_ROTA,E54,3,2,0.42
P306,MA_ROTA,E54,3,2,0.82
P307,PN_PIQ,E54,3,2,0.15
P308,MA_ROTA,E54,3,2,2.63
P309,MA_ROTA,E54,3,2,0.49
P310,MA_ROTA,E55,3,2,1.81
P311,MA_ROTA,E55,3,2,0.27
P312,MA_ROTA,E55,3,2,0.22
P313,MA_ROTA,E55,3,2,3.04
P314,MA_ROTA,E55,3,2,1.41
P315,MA_ROTA,E56,3,2,0.57
P316,PN_PIQ,E56,3,2,0.84
P317,PN_PIQ,E56,3,2,0.11
P318,PN_PIQ,E56,3,2,0.03
P319,PN_PIQ,E57,7,3,1.27
P320,PN_PIQ,E57,7,3,0.7
P321,PN_PIQ,E57,7,3,1.17
P322,PN_PIQ,E57,7,3,1.04
P323,PN_PIQ,E57,7,3,0.54
P324,PN_PIQ,E57,7,3,0.11
P325,PN_PIQ,E57,7,3,0.71
P326,PN_PIQ,E57,7,3,0.4
P327,PN_PIQ,E57,7,3,0.72
P328,PN_PIQ,E57,7,3,0.13
P329,PN_PIQ,E57,7,3,0.27
P330,PN_PIQ,E57,7,3,0.67
P331,PN_PIQ,E57,7,3,0.24
P332,PN_PIQ,E57,7,3,0.21
P333,PN_PIQ,E57,7,3,0.18
P334,PN_PIQ,E57,7,3,1.05
P335,PN_PIQ,E57,7,3,0.43
P336,PN_PIQ,E57,7,3,0.45
P337,PN_PIQ,E57,7,3,1.15
P338,MA_ROTA,E58,2,2,1.46
P339,MA_ROTA,E58,2,2,0.81
P340,MA_ROTA,E58,2,2,0.11
P341,PN_PIQ,E58,2,2,0.48
P342,MA_ROTA,E59,2,2,0.04
P343,PN_PIQ,E59,2,2,0.76
P344,PN_PIQ,E59,2,2,0.23
P345,PN_PIQ,E59,2,2,0.04
P346,PN_PIQ,E59,2,2,1.81
P347,PN_PIQ,E60,7,3,0.7
P348,PN_PIQ,E60,7,3,0.29
P349,PN_PIQ,E60,7,3,0.96
P350,PN_PIQ,E60,7,3,0.4
P351,PN_PIQ,E61,7,3,0.43
P352,PN_PIQ,E61,7,3,0.42
P353,PN_PIQ,E61,7,3,0.47
P354,PN_PIQ,E61,7,3,0.71
P355,PN_PIQ,E61,7,3,0.7
P356,PN_PIQ,E61,7,3,0.66
P357,PN_PIQ,E62,7,3,0.81
P358,PN_PIQ,E62,7,3,1.08
P359,PN_PIQ,E62,7,3,0.95
P360,PN_PIQ,E62,7,3,0.78
P361,PN_PIQ,E62,7,3,0.37
P362,PN_PIQ,E62,7,3,0.98
P363,PN_PIQ,E62,7,3,1.08
P364,PN_PIQ,E62,7,3,1.83
P365,PN_PIQ,E62,7,3,3.03
P366,PN_PIQ,E63,4,1,0.48
P367,MA_ROTA,E63,4,1,0.52
P368,MA_ROTA,E63,4,1,1.25
P369,PN_PIQ,E63,4,1,0.24
P370,MA_ROTA,E63,4,1,0.2
P371,PN_PIQ,E63,4,1,1.07
P372,PN_PIQ,E63,4,1,1.77
P373,MA_ROTA,E63,4,1,2.28
P374,PN_PIQ,E63,4,1,0.36
P375,PN_PIQ,E63,4,1,1.16
P376,PN_PIQ,E64,7,3,1.08
P377,PN_PIQ,E64,7,3,0.93
P378,PN_PIQ,E64,7,3,0.55
P379,PN_PIQ,E64,7,3,0.41
P380,PN_PIQ,E64,7,3,0.2
P381,PN_PIQ,E64,7,3,4.82
P382,PN_PIQ,E65,7,3,0.58
P383,PN_PIQ,E65,7,3,1.19
P384,PN_PIQ,E65,7,3,0.41
P385,PN_PIQ,E65,7,3,0.36
P386,PN_PIQ,E65,7,3,0.39
P387,PN_PIQ,E65,7,3,0.54
P388,PN_PIQ,E65,7,3,0.38
P389,PN_PIQ,E66,7,3,0.59
P390,PN_PIQ,E66,7,3,0.93
P391,PN_PIQ,E66,7,3,0.56
P392,PN_PIQ,E66,7,3,0.23
P393,PN_PIQ,E66,7,3,0.82
P394,PN_PIQ,E66,7,3,1.24
P395,PN_PIQ,E67,7,3,1.0
P396,PN_PIQ,E67,7,3,0.33
P397,PN_PIQ,E67,7,3,0.16
P398,MA_ROTA,E68,2,2,0.63
P399,MA_ROTA,E68,2,2,1.39
P400,PN_PIQ,E68,2,2,1.0
P401,PN_PIQ,E68,2,2,0.57
P402,PN_PIQ,E69,7,3,0.31
P403,PN_PIQ,E69,7,3,0.35
P404,PN_PIQ,E69,7,3,0.88
P405,PN_PIQ,E69,7,3,0.22
P407,PN_PIQ,E69,7,3,0.12
P408,PN_PIQ,E69,7,3,0.07
P409,PN_PIQ,E69,7,3,0.13
P410,ME,E70,2,2,2.45
P411,PN_PIQ,E70,2,2,0.6
P412,PN_PIQ,E70,2,2,0.79
P413,MA_ROTA,E70,2,2,1.02
P414,MA_ROTA,E70,2,2,0.37
P415,MA_ROTA,E70,2,2,0.44
P416,PN_PIQ,E70,2,2,0.27
P417,PN_PIQ,E70,2,2,0.53
P418,PN_PIQ,E70,2,2,0.16
P419,MA_ROTA,E70,2,2,0.59
P420,PN_PIQ,E70,2,2,0.23
P421,PN_PIQ,E70,2,2,0.75
P422,PN_PIQ,E71,7,3,0.87
P423,PN_PIQ,E71,7,3,0.54
P424,PN_PIQ,E71,7,3,0.56
P425,PN_PIQ,E71,7,3,0.21
P426,PN_PIQ,E71,7,3,0.29
P427,PN_PIQ,E71,7,3,0.26
P428,PN_PIQ,E71,7,3,0.35
P429,PN_PIQ,E71,7,3,0.38
P430,PN_PIQ,E71,7,3,0.21
P431,PN_PIQ,E71,7,3,0.31
P432,PN_PIQ,E71,7,3,0.18
P433,PN_PIQ,E71,7,3,0.07
P434,PN_PIQ,E71,7,3,0.16
P435,PN_PIQ,E71,7,3,0.27
P436,PN_PIQ,E72,7,3,0.58
P437,PN_PIQ,E72,7,3,0.48
P438,PN_PIQ,E72,7,3,1.08
P439,PN_PIQ,E72,7,3,1.4
P440,PN_PIQ,E72,7,3,1.16
P441,PN_PIQ,E72,7,3,1.48
P442,PN_PIQ,E73,4,1,0.77
P443,MA_ROTA,E74,1,2,1.42
P444,PN_PIQ,E74,1,2,0.59
P445,PN_PIQ,E74,1,2,3.19
P446,MA_ROTA,E74,1,2,2.21
P447,MA_ROTA,E74,1,2,1.64
P448,PN_PIQ,E75,7,3,1.03
P449,PN_PIQ,E75,7,3,0.13
P450,PN_PIQ,E75,7,3,0.31
P451,PN_PIQ,E75,7,3,0.61
P452,PN_PIQ,E75,7,3,0.24
P453,PN_PIQ,E76,7,3,2.32
P454,PN_PIQ,E76,7,3,0.27
P455,PN_PIQ,E77,4,1,0.67
P456,MA_ROTA,E77,4,1,1.0
P457,PN_PIQ,E77,4,1,0.45
P458,MA_ROTA,E77,4,1,3.13
P459,PN_PIQ,E77,4,1,0.56
P462,PN_PIQ,E77,4,1,0.96
P464,PN_PIQ,E78,7,3,0.53
P465,PN_PIQ,E78,7,3,0.55
P466,PN_PIQ,E79,4,1,4.74
P467,PN_PIQ,E79,4,1,0.65
P468,PN_PIQ,E79,4,1,1.78
P469,PN_PIQ,E79,4,1,0.55
P470,PN_PIQ,E79,4,1,0.52
P471,PN_PIQ,E79,4,1,6.67
P472,PN_PIQ,E79,4,1,0.61
P473,PN_PIQ,E79,4,1,0.54
P474,MA_ROTA,E80,1,2,3.08
P475,MA_ROTA,E80,1,2,2.9
P476,PN_PIQ,E80,1,2,0.58
P477,PN_PIQ,E80,1,2,0.48
P478,MA_ROTA,E80,1,2,1.39
P479,MA_ROTA,E80,1,2,0.44
P480,MA_ROTA,E80,1,2,1.39
P481,PN_PIQ,E81,7,3,0.59
P482,PN_PIQ,E81,7,3,2.5
P483,PN_PIQ,E81,7,3,0.19
P484,PN_PIQ,E81,7,3,0.06
P485,PN_PIQ,E81,7,3,0.14
P486,PN_PIQ,E81,7,3,0.21
P487,PN_PIQ,E81,7,3,0.55
P488,PN_PIQ,E81,7,3,0.32
P489,PN_PIQ,E81,7,3,0.78
P490,PN_PIQ,E81,7,3,0.62
P491,PN_PIQ,E81,7,3,2.57
P492,PN_PIQ,E81,7,3,0.98
P493,PN_PIQ,E82,1,2,2.95
P494,MA_ROTA,E82,1,2,1.64
P495,PN_PIQ,E82,1,2,4.14
P496,PN_PIQ,E82,1,2,1.35
P497,MA_ROTA,E82,1,2,2.01
P498,MA_ROTA,E82,1,2,1.03
P499,MA_ROTA,E82,1,2,0.66
P501,PN_PIQ,E83,4,1,0.94
P502,PN_PIQ,E83,4,1,0.89
P503,PN_PIQ,E84,2,2,0.46
P504,PN_PIQ,E84,2,2,0.75
P505,MA_ROTA,E84,2,2,1.1
P506,MA_ROTA,E84,2,2,1.02
P507,MA_ROTA,E84,2,2,1.24
P508,PN_PIQ,E85,7,3,0.44
P509,PN_PIQ,E85,7,3,0.79
P510,PN_PIQ,E85,7,3,0.38
P511,PN_PIQ,E85,7,3,0.8
P512,PN_PIQ,E86,7,3,0.52
P513,PN_PIQ,E86,7,3,1.37
P514,PN_PIQ,E86,7,3,0.3
P515,PN_PIQ,E86,7,3,1.49
P516,PN_PIQ,E87,2,2,1.39
P517,PN_PIQ,E87,2,2,0.6
P518,PN_PIQ,E87,2,2,0.89
P519,MA_ROTA,E88,2,2,0.79
P520,ME,E88,2,2,0.11
P521,PN_PIQ,E88,2,2,0.49
P522,PN_PIQ,E88,2,2,0.5
P523,PN_PIQ,E89,7,3,0.99
P524,PN_PIQ,E89,7,3,1.21
P525,PN_PIQ,E89,7,3,0.53
P526,PN_PIQ,E89,7,3,0.47
P527,PN_PIQ,E89,7,3,0.13
P528,PN_PIQ,E89,7,3,0.26
P529,PN_PIQ,E89,7,3,0.21
P530,MA_ROTA,E90,2,2,1.01
P531,MA_ROTA,E91,5,1,1.87
P532,PN_PIQ,E91,5,1,9.48
P533,MA_ROTA,E92,3,2,0.64
P534,ME,E92,3,2,1.22
P535,MA_ROTA,E92,3,2,0.11
P536,MA_ROTA,E92,3,2,2.84
P537,PN_PIQ,E92,3,2,3.71
P538,MA_ROTA,E92,3,2,5.42
P539,MA_ROTA,E92,3,2,0.12
P540,MA_ROTA,E92,3,2,1.64
P541,PN_PIQ,E93,7,3,0.33
P542,PN_PIQ,E93,7,3,0.51
P543,PN_PIQ,E93,7,3,0.43
P544,PN_PIQ,E93,7,3,0.28
P545,PN_PIQ,E93,7,3,0.91
P546,PN_PIQ,E93,7,3,0.12
P547,PN_PIQ,E93,7,3,0.69
P548,PN_PIQ,E93,7,3,0.33
P549,PN_PIQ,E93,7,3,0.32
P550,MA_ROTA,E94,3,2,5.78
P551,MA_ROTA,E94,3,2,0.71
P552,MA_ROTA,E94,3,2,1.03
P553,PN_PIQ,E95,7,3,0.48
P554,PN_PIQ,E95,7,3,2.67
P555,PN_PIQ,E95,7,3,0.27
P556,PN_PIQ,E95,7,3,1.3
P557,PN_PIQ,E95,7,3,0.51
P558,PN_PIQ,E95,7,3,1.04
P560,PN_PIQ,E95,7,3,0.88
P561,PN_PIQ,E95,7,3,0.57
P562,PN_PIQ,E95,7,3,1.92
P563,PN_PIQ,E95,7,3,0.76
P564,PN_PIQ,E95,7,3,1.34
P565,PN_PIQ,E95,7,3,0.95
P566,PN_PIQ,E95,7,3,1.23
P567,MA_ROTA,E96,4,1,1.54
P568,MA_ROTA,E96,4,1,0.38
P569,MA_ROTA,E96,4,1,0.94
P570,MA_ROTA,E96,4,1,1.93
P571,MA_ROTA,E96,4,1,0.79
P572,PN_PIQ,E96,4,1,0.26
P573,MA_ROTA,E96,4,1,0.66
P574,MA_ROTA,E96,4,1,1.32
P575,PN_PIQ,E96,4,1,0.58
P576,MA_ROTA,E96,4,1,0.34
P577,MA_ROTA,E97,3,2,1.24
P578,PN_PIQ,E97,3,2,2.13
P579,MA_ROTA,E97,3,2,0.38
P580,PN_PIQ,E97,3,2,1.4
P581,MA_ROTA,E97,3,2,0.41
P582,MA_ROTA,E97,3,2,0.47
P583,PN_PIQ,E97,3,2,0.18
P584,MA_ROTA,E97,3,2,1.39
P585,MA_ROTA,E97,3,2,0.4
P586,MA_ROTA,E97,3,2,0.06
P587,MA_ROTA,E97,3,2,0.07
P589,PN_PIQ,E97,3,2,0.54
P590,MA_ROTA,E97,3,2,1.66
P591,MA_ROTA,E98,4,1,1.91
P592,PN_PIQ,E98,4,1,1.81
P593,PN_PIQ,E98,4,1,1.07
P594,PN_PIQ,E98,4,1,0.15
P596,MA_ROTA,E98,4,1,0.52
P598,MA_ROTA,E98,4,1,0.16
P599,MA_ROTA,E98,4,1,2.24
P600,PN_PIQ,E99,3,2,0.56
P601,MA_ROTA,E99,3,2,1.14
P602,MA_ROTA,E99,3,2,1.57
P603,MA_ROTA,E99,3,2,0.17
P604,MA_ROTA,E100,2,2,0.97
P605,PN_PIQ,E100,3,2,10.04
P606,MA_ROTA,E100,2,2,1.42
P607,PN_PIQ,E100,2,2,1.74
P608,PN_PIQ,E101,4,1,4.81
P609,PN_PIQ,E101,4,1,0.89
P610,PN_PIQ,E101,4,1,0.79
P611,PN_PIQ,E101,4,1,0.72
P612,PN_PIQ,E101,4,1,1.5
P613,PN_PIQ,E101,4,1,0.44
P614,PN_PIQ,E101,4,1,0.78
P615,PN_PIQ,E101,4,1,1.18
P616,PN_PIQ,E102,2,2,2.13
P617,MA_ROTA,E103,2,2,0.8
P618,MA_ROTA,E103,2,2,0.68
P619,PN_PIQ,E103,2,2,0.58
P620,MA_ROTA,E103,2,2,0.41
P621,PN_PIQ,E103,2,2,0.61
P622,PN_PIQ,E103,2,2,0.59
P623,MA_ROTA,E103,2,2,0.64
P624,MA_ROTA,E104,3,2,0.57
P625,PN_PIQ,E104,3,2,0.55
P627,MA_ROTA,E104,3,2,0.38
P629,MA_ROTA,E104,3,2,2.97
P630,PN_PIQ,E104,3,2,1.03
P631,MA_ROTA,E104,3,2,0.73
P632,PN_PIQ,E104,3,2,0.53
P633,MA_ROTA,E104,3,2,1.25
P634,PN_PIQ,E104,3,2,1.68
P636,MA_ROTA,E104,3,2,1.51
P637,MA_ROTA,E104,3,2,0.47
P638,PN_PIQ,E104,3,2,1.56
P639,MA_ROTA,E105,4,1,1.19
P640,MA_ROTA,E105,4,1,3.59
P641,MA_ROTA,E105,4,1,1.04
P643,MA_ROTA,E105,4,1,0.58
P644,PN_PIQ,E105,4,1,1.77
P645,MA_ROTA,E105,4,1,1.89
P646,PN_PIQ,E105,4,1,0.16
P647,MA_ROTA,E105,4,1,0.34
P648,MA_ROTA,E105,4,1,0.39
P649,MA_ROTA,E105,4,1,1.53
P650,MA_ROTA,E105,4,1,0.19
P651,PN_PIQ,E105,4,1,0.58
P652,MA_ROTA,E105,4,1,0.37
P654,PN_PIQ,E105,4,1,0.56
P655,MA_ROTA,E106,3,2,1.94
P656,MA_ROTA,E106,3,2,1.79
P657,MA_ROTA,E106,3,2,0.04
P658,MA_ROTA,E106,3,2,0.33
P659,MA_ROTA,E106,3,2,0.67
P660,MA_ROTA,E106,3,2,3.04
P661,MA_ROTA,E106,3,2,0.88
P662,PN_PIQ,E107,3,2,0.15
P663,PN_PIQ,E107,3,2,0.14
P665,PN_PIQ,E107,3,2,3.27
P666,PN_PIQ,E107,3,2,1.5
P667,MA_ROTA,E108,3,2,1.07
P669,PN_PIQ,E108,3,2,1.96
P670,PN_PIQ,E108,3,2,2.03
P671,PN_PIQ,E108,3,2,1.59
P672,PN_PIQ,E109,3,2,0.6
P673,PN_PIQ,E109,3,2,2.4
P674,MA_ROTA,E109,3,2,1.54
P675,MA_ROTA,E109,3,2,1.48
P676,MA_ROTA,E109,3,2,2.85
P677,PN_PIQ,E109,3,2,0.15
P678,PN_PIQ,E110,3,2,0.15
P679,PN_PIQ,E110,3,2,1.87
P680,MA_ROTA,E110,3,2,1.33
P681,ME,E110,3,2,1.21
P682,MA_ROTA,E110,3,2,0.3
P683,MA_ROTA,E110,3,2,1.52
P684,MA_ROTA,E110,3,2,1.76
P685,PN_PIQ,E110,3,2,0.28
P686,MA_ROTA,E110,3,2,0.5
P687,MA_ROTA,E111,1,2,1.13
P688,PN_PIQ,E111,2,2,1.78
P689,MA_ROTA,E111,1,2,1.19
P690,PN_PIQ,E112,1,2,0.29
P691,PN_PIQ,E112,1,2,3.36
P692,MA_ROTA,E112,1,2,3.56
P693,PN_PIQ,E112,1,2,2.09
P694,MA_ROTA,E112,1,2,0.3
P695,PN_PIQ,E112,1,2,0.22
P696,MA_ROTA,E112,1,2,0.25
P697,PN_PIQ,E113,3,2,0.28
P698,MA_ROTA,E113,3,2,0.36
P699,PN_PIQ,E113,3,2,1.92
P700,PN_PIQ,E113,3,2,0.56
P701,PN_PIQ,E113,3,2,0.79
P702,PN_PIQ,E113,3,2,1.44
P703,MA_ROTA,E113,3,2,0.77
P704,MA_ROTA,E113,3,2,0.41
P705,MA_ROTA,E113,3,2,0.76
P706,MA_ROTA,E114,3,2,0.33
P707,MA_ROTA,E114,3,2,0.74
P709,PN_PIQ,E114,3,2,1.08
P710,MA_ROTA,E114,3,2,1.88
P712,PN_PIQ,E114,3,2,3.3
P714,PN_PIQ,E114,3,2,5.02
P715,MA_ROTA,E114,3,2,0.17
P716,MA_ROTA,E114,3,2,0.44
P717,MA_ROTA,E114,3,2,1.21
P718,PN_PIQ,E115,2,2,2.08
P719,MA_ROTA,E115,2,2,0.82
P721,PN_PIQ,E115,2,2,1.16
P722,MA_ROTA,E115,2,2,0.6
P723,MA_ROTA,E115,2,2,0.82
P725,MA_ROTA,E115,2,2,0.6
P726,ME,E115,2,2,1.38
P727,MA_ROTA,E115,2,2,1.32
P728,PN_PIQ,E115,2,2,0.79
P729,MA_ROTA,E116,2,2,0.12
P730,MA_ROTA,E116,2,2,1.99
P731,PN_PIQ,E116,2,2,0.58
P732,ME,E116,2,2,0.32
P733,PN_PIQ,E116,2,2,0.28
P734,PN_PIQ,E116,2,2,0.75
P736,PN_PIQ,E116,2,2,1.68
P737,MA_ROTA,E116,2,2,2.85
P738,MA_ROTA,E116,2,2,0.06
P739,MA_ROTA,E116,2,2,0.47
P741,MA_ROTA,E116,2,2,0.78
P742,ME,E116,2,2,0.98
P743,PN_PIQ,E116,2,2,0.16
P744,MA_ROTA,E116,2,2,0.16
P745,MA_ROTA,E116,2,2,0.25
P746,MA_ROTA,E116,2,2,0.44
P747,PN_PIQ,E116,2,2,1.01
P748,PN_PIQ,E117,3,2,0.87
P749,PN_PIQ,E117,3,2,1.15
P750,PN_PIQ,E117,3,2,0.31
P751,MA_ROTA,E117,3,2,3.69
P752,MA_ROTA,E117,3,2,0.2
P753,PN_PIQ,E117,3,2,0.87
P754,PN_PIQ,E117,3,2,2.12
P755,ME,E117,3,2,1.78
P756,MA_ROTA,E118,1,2,1.02
P757,PN_PIQ,E118,1,2,0.15
P758,PN_PIQ,E118,1,2,0.05
P759,PN_PIQ,E118,1,2,0.14
P760,MA_ROTA,E118,1,2,0.82
P761,PN_PIQ,E118,1,2,0.53
P762,MA_ROTA,E118,1,2,0.37
P763,MA_ROTA,E119,3,2,2.27
P764,MA_ROTA,E119,3,2,3.85
P765,MA_ROTA,E119,3,2,1.57
P766,PN_PIQ,E119,3,2,0.08
P768,PN_PIQ,E120,3,2,0.17
P769,MA_ROTA,E120,3,2,0.93
P770,MA_ROTA,E120,3,2,0.12
P771,MA_ROTA,E120,3,2,0.14
P772,PN_PIQ,E120,3,2,0.27
P773,MA_ROTA,E120,3,2,0.24
P774,MA_ROTA,E120,3,2,0.06
P775,MA_ROTA,E120,3,2,0.66
P776,PN_PIQ,E120,3,2,0.23
P777,PN_PIQ,E120,3,2,0.14
P778,MA_ROTA,E120,3,2,3.65
P779,MA_ROTA,E120,3,2,0.17
P780,PN_PIQ,E121,2,2,2.53
P781,PN_PIQ,E121,2,2,0.45
P782,MA_ROTA,E121,2,2,0.41
P783,PN_PIQ,E121,2,2,2.14
P784,PN_PIQ,E121,2,2,0.24
P785,PN_PIQ,E122,2,2,4.8
P786,PN_PIQ,E122,2,2,0.58
P787,MA_ROTA,E122,3,2,1.33
P788,MA_ROTA,E122,2,2,0.3
P789,MA_ROTA,E123,3,2,8.3
P790,MA_ROTA,E123,3,2,3.25
P791,PN_PIQ,E123,3,2,3.75
P792,MA_ROTA,E123,3,2,7.48
P793,MA_ROTA,E123,3,2,0.22
P794,MA_ROTA,E123,3,2,11.11
P795,PN_PIQ,E123,3,2,12.55
P796,MA_ROTA,E123,3,2,4.1
P797,MA_ROTA,E123,3,2,0.94
P799,MA_ROTA,E123,3,2,5.26
P800,MA_ROTA,E123,3,2,8.5
P801,MA_ROTA,E123,3,2,10.16
P802,PN_PIQ,E123,3,2,1.35
P803,MA_ROTA,E123,3,2,3.07
P804,MA_ROTA,E123,3,2,3.28
P805,PN_PIQ,E123,3,2,15.93
P806,PN_PIQ,E123,3,2,1.77
P807,MA_ROTA,E123,3,2,0.43
P808,PN_PIQ,E123,3,2,0.52
P809,MA_ROTA,E123,3,2,1.3
P810,PN_PIQ,E123,3,2,1.16
P811,MA_ROTA,E123,3,2,3.28
P812,MA_ROTA,E123,3,2,1.32
P813,PN_PIQ,E123,3,2,0.48
P814,ME,E123,3,2,1.81
P815,PN_PIQ,E123,3,2,0.28
P817,PN_PIQ,E123,3,2,1.05
P818,PN_PIQ,E123,3,2,3.96
P819,MA_ROTA,E123,3,2,1.4
P820,MA_ROTA,E123,3,2,0.87
P821,PN_PIQ,E123,3,2,1.83
P822,PN_PIQ,E123,3,2,0.56
P823,MA_ROTA,E123,3,2,3.39
P824,PN_PIQ,E123,3,2,1.62
P826,MA_ROTA,E123,3,2,1.46
P827,MA_ROTA,E123,3,2,1.67
P828,PN_PIQ,E123,3,2,0.52
P829,MA_ROTA,E123,3,2,0.13
P830,MA_ROTA,E123,3,2,0.3
P831,PN_PIQ,E123,3,2,0.58
P832,MA_ROTA,E123,3,2,11.75
P833,PN_PIQ,E123,3,2,0.81
P834,MA_ROTA,E123,3,2,3.72
P835,MA_ROTA,E123,3,2,0.6
P836,MA_ROTA,E123,3,2,0.33
P837,PN_PIQ,E123,3,2,4.33
P838,MA_ROTA,E123,3,2,3.38
P840,PN_PIQ,E123,3,2,31.74
P841,PN_PIQ,E124,2,2,1.79
P843,PN_PIQ,E124,2,2,0.67
P844,PN_PIQ,E124,2,2,0.43
P845,PN_PIQ,E124,2,2,0.19
P847,PN_PIQ,E124,2,2,0.28
P848,PN_PIQ,E124,2,2,0.12
P849,MA_ROTA,E125,3,2,0.74
P850,MA_ROTA,E125,3,2,0.21
P851,MA_ROTA,E125,3,2,0.59
P852,MA_ROTA,E125,3,2,0.5
P853,MA_ROTA,E125,3,2,0.94
P854,MA_ROTA,E125,3,2,0.35
P855,PN_PIQ,E125,3,2,0.72
P856,MA_ROTA,E125,3,2,2.4
P857,MA_ROTA,E125,3,2,0.24
P858,PN_PIQ,E125,3,2,0.45
P859,PN_PIQ,E125,3,2,0.59
P860,PN_PIQ,E125,3,2,1.13
P861,MA_ROTA,E125,3,2,3.98
P862,MA_ROTA,E125,3,2,0.37
P863,PN_PIQ,E125,3,2,0.42
P864,PN_PIQ,E126,2,2,2.2
P865,MA_ROTA,E126,2,2,1.8
P866,PN_PIQ,E127,7,3,0.37
P867,PN_PIQ,E127,7,3,0.41
P868,PN_PIQ,E127,7,3,0.32
P869,PN_PIQ,E127,7,3,0.53
P870,PN_PIQ,E127,7,3,0.24
P871,PN_PIQ,E128,2,2,0.09
P872,PN_PIQ,E128,2,2,0.08
P873,PN_PIQ,E128,2,2,0.16
P874,PN_PIQ,E128,2,2,0.37
P875,PN_PIQ,E128,2,2,0.1
P876,MA_ROTA,E129,1,2,1.22
P877,MA_ROTA,E129,1,2,1.7
P878,MA_ROTA,E129,1,2,0.28
P879,PN_PIQ,E129,1,2,0.65
P880,MA_ROTA,E129,1,2,0.19
P881,MA_ROTA,E129,1,2,1.73
P882,PN_PIQ,E130,4,1,0.89
P883,PN_PIQ,E130,4,1,0.61
P884,PN_PIQ,E130,4,1,1.41
P885,PN_PIQ,E130,4,1,0.34
P886,MA_ROTA,E131,2,2,1.69
P887,PN_PIQ,E131,2,2,0.84
P888,MA_ROTA,E131,2,2,1.55
P889,PN_PIQ,E131,2,2,1.18
P890,PN_PIQ,E131,2,2,1.55
P891,PN_PIQ,E131,2,2,1.07
P892,MA_ROTA,E131,2,2,0.22
P893,MA_ROTA,E132,3,2,0.91
P894,MA_ROTA,E132,3,2,0.7
P896,PN_PIQ,E132,3,2,1.19
P897,ME,E132,3,2,1.52
P898,MA_ROTA,E132,3,2,0.67
P899,PN_PIQ,E132,3,2,0.43
P900,PN_PIQ,E132,3,2,0.75
P901,PN_PIQ,E133,3,2,2.07
P903,PN_PIQ,E133,3,2,1.51
P904,MA_ROTA,E133,3,2,1.03
P905,PN_PIQ,E133,3,2,2.09
P907,MA_ROTA,E133,3,2,0.2
P908,MA_ROTA,E133,3,2,1.49
P909,MA_ROTA,E133,3,2,1.02
P910,PN_PIQ,E133,3,2,1.38
P911,MA_ROTA,E133,3,2,2.83
P912,MA_ROTA,E133,3,2,2.5
P914,PN_PIQ,E134,1,2,1.44
P915,MA_ROTA,E134,1,2,2.46
P917,MA_ROTA,E134,1,2,0.6
P918,MA_ROTA,E134,1,2,0.74
P919,MA_ROTA,E134,1,2,1.03
P920,MA_ROTA,E135,3,2,1.19
P921,MA_ROTA,E135,3,2,0.89
P922,PN_PIQ,E135,3,2,0.42
P923,MA_ROTA,E135,3,2,0.09
P924,ME,E135,3,2,0.25
P925,PN_PIQ,E135,3,2,0.08
P926,PN_PIQ,E135,3,2,1.35
P927,PN_PIQ,E135,3,2,0.49
P929,PN_PIQ,E135,3,2,0.45
P930,MA_ROTA,E135,3,2,0.67
P931,ME,E135,3,2,0.24
P932,MA_ROTA,E135,3,2,1.19
P933,PN_PIQ,E136,1,2,0.08
P934,MA_ROTA,E136,1,2,1.29
P935,PN_PIQ,E136,1,2,1.61
P936,PN_PIQ,E136,1,2,0.39
P937,MA_ROTA,E136,1,2,0.38
P938,MA_ROTA,E136,1,2,0.57
P939,MA_ROTA,E136,1,2,1.01
P940,MA_ROTA,E136,1,2,1.31
P941,PN_PIQ,E136,1,2,0.28
P942,MA_ROTA,E136,1,2,0.13
P943,PN_PIQ,E136,1,2,0.59
P944,PN_PIQ,E136,3,2,1.07
P946,MA_ROTA,E136,1,2,0.51
P947,MA_ROTA,E136,1,2,0.13
P948,MA_ROTA,E137,3,2,2.06
P949,MA_ROTA,E137,3,2,0.41
P950,MA_ROTA,E137,3,2,0.55
P951,MA_ROTA,E137,3,2,0.55
P953,MA_ROTA,E137,3,2,1.4
P954,PN_PIQ,E137,3,2,1.02
P955,MA_ROTA,E137,3,2,0.5
P957,MA_ROTA,E138,1,2,3.03
P958,PN_PIQ,E138,1,2,0.94
P959,MA_ROTA,E138,1,2,1.31
P960,PN_PIQ,E138,1,2,0.84
P961,MA_ROTA,E138,1,2,1.77
P962,PN_PIQ,E139,4,1,3.55
P963,PN_PIQ,E139,4,1,0.56
P964,PN_PIQ,E139,4,1,0.81
P966,PN_PIQ,E139,4,1,1.1
P967,PN_PIQ,E139,4,1,0.2
P968,PN_PIQ,E140,7,3,0.28
P969,PN_PIQ,E140,7,3,0.27
P970,PN_PIQ,E140,7,3,0.15
P971,PN_PIQ,E141,1,2,2.41
P972,PN_PIQ,E141,1,2,1.42
P973,ME,E141,1,2,0.23
P974,PN_PIQ,E141,1,2,0.64
P975,PN_PIQ,E141,1,2,0.41
P976,MA_ROTA,E141,1,2,0.76
P977,PN_PIQ,E141,1,2,1.07
P978,MA_ROTA,E141,1,2,0.76
P979,PN_PIQ,E141,1,2,0.15
P980,MA_ROTA,E141,1,2,0.09
P981,MA_ROTA,E142,3,2,0.88
P982,PN_PIQ,E143,3,2,1.09
P983,MA_ROTA,E143,3,2,3.3
P984,ME,E143,3,2,3.74
P985,PN_PIQ,E143,3,2,0.75
P986,MA_ROTA,E143,3,2,0.67
P987,MA_ROTA,E143,3,2,0.27
P988,MA_ROTA,E143,3,2,0.34
P989,MA_ROTA,E143,3,2,0.67
P990,PN_PIQ,E143,3,2,0.29
P991,MA_ROTA,E143,3,2,0.5
P992,MA_ROTA,E144,3,2,1.94
P993,MA_ROTA,E144,3,2,0.99
P994,PN_PIQ,E144,3,2,1.06
P995,MA_ROTA,E144,3,2,0.11
P996,MA_ROTA,E144,3,2,0.06
P997,MA_ROTA,E144,3,2,0.78
P998,MA_ROTA,E144,3,2,0.4
P999,MA_ROTA,E144,3,2,0.36
P1000,MA_ROTA,E144,3,2,0.56
P1001,PN_PIQ,E144,3,2,0.46
P1002,PN_PIQ,E145,2,2,0.19
P1003,PN_PIQ,E145,2,2,1.68
P1004,PN_PIQ,E145,2,2,0.45
P1006,MA_ROTA,E146,3,2,0.9
P1007,MA_ROTA,E146,3,2,0.86
P1008,MA_ROTA,E146,3,2,0.99
P1009,PN_PIQ,E146,3,2,0.65
P1010,MA_ROTA,E146,3,2,0.55
P1011,PN_PIQ,E146,3,2,1.07
P1012,MA_ROTA,E146,3,2,0.72
P1013,MA_ROTA,E146,3,2,0.08
P1014,PN_PIQ,E146,3,2,1.09
P1015,PN_PIQ,E146,3,2,2.33
P1017,MA_ROTA,E146,3,2,1.66
P1019,PN_PIQ,E146,3,2,0.05
P1021,MA_ROTA,E146,3,2,0.66
P1022,PN_PIQ,E147,7,3,0.72
P1023,PN_PIQ,E147,7,3,0.54
P1024,PN_PIQ,E147,7,3,3.85
P1025,PN_PIQ,E147,7,3,0.08
P1026,PN_PIQ,E147,7,3,1.91
P1027,MA_ROTA,E148,3,2,2.31
P1028,MA_ROTA,E148,3,2,2.61
P1029,MA_ROTA,E148,3,2,0.67
P1030,MA_ROTA,E148,3,2,0.96
P1031,MA_ROTA,E148,3,2,1.23
P1032,MA_ROTA,E148,3,2,0.55
P1033,MA_ROTA,E148,3,2,1.12
P1034,MA_ROTA,E148,3,2,4.44
P1035,MA_ROTA,E148,3,2,0.26
P1036,MA_ROTA,E148,3,2,0.3
P1037,MA_ROTA,E148,3,2,1.9
P1038,MA_ROTA,E148,3,2,1.96
P1039,MA_ROTA,E148,3,2,2.49
P1040,PN_PIQ,E148,3,2,0.32
P1041,PN_PIQ,E149,7,3,0.4
P1042,PN_PIQ,E149,7,3,0.37
P1043,PN_PIQ,E149,7,3,0.71
P1044,MA_ROTA,E150,3,2,4.33
P1045,MA_ROTA,E150,3,2,1.42
P1046,MA_ROTA,E150,3,2,0.86
P1047,MA_ROTA,E150,3,2,0.17
P1048,PN_PIQ,E150,3,2,0.53
P1049,PN_PIQ,E150,3,2,3.2
P1050,MA_ROTA,E150,3,2,0.96
P1051,MA_ROTA,E150,3,2,1.1
P1052,MA_ROTA,E150,3,2,0.1
P1053,PN_PIQ,E150,3,2,2.24
P1054,MA_ROTA,E150,3,2,1.6
P1055,PN_PIQ,E150,3,2,0.09
P1056,PN_PIQ,E151,3,2,0.66
P1057,MA_ROTA,E151,3,2,0.97
P1058,MA_ROTA,E151,3,2,1.19
P1059,PN_PIQ,E151,3,2,1.04
P1060,MA_ROTA,E151,3,2,0.7
P1062,MA_ROTA,E151,3,2,1.35
P1063,ME,E151,3,2,0.28
P1064,MA_ROTA,E151,3,2,0.48
P1065,PN_PIQ,E151,3,2,1.56
P1066,PN_PIQ,E151,3,2,0.54
P1067,MA_ROTA,E152,3,2,0.13
P1068,PN_PIQ,E152,3,2,0.14
P1069,MA_ROTA,E152,3,2,0.33
P1070,MA_ROTA,E152,3,2,0.36
P1071,MA_ROTA,E152,3,2,0.33
P1072,PN_PIQ,E152,3,2,0.92
P1073,MA_ROTA,E153,3,2,1.03
P1074,MA_ROTA,E153,3,2,0.36
P1075,PN_PIQ,E153,3,2,0.11
P1076,PN_PIQ,E153,3,2,0.15
P1077,MA_ROTA,E153,3,2,0.25
P1078,MA_ROTA,E153,3,2,1.11
P1079,PN_PIQ,E153,3,2,1.15
P1080,PN_PIQ,E153,3,2,1.18
P1081,PN_PIQ,E153,3,2,0.98
P1082,PN_PIQ,E153,3,2,0.07
P1083,PN_PIQ,E153,3,2,0.07
P1084,MA_ROTA,E153,3,2,0.07
P1085,PN_PIQ,E154,3,2,2.32
P1088,PN_PIQ,E154,3,2,0.51
P1089,MA_ROTA,E155,3,2,0.34
P1090,PN_PIQ,E155,3,2,2.24
P1091,MA_ROTA,E155,3,2,0.16
P1092,MA_ROTA,E155,3,2,0.39
P1093,MA_ROTA,E155,3,2,0.06
P1094,MA_ROTA,E155,3,2,2.01
P1095,MA_ROTA,E155,3,2,0.48
P1096,MA_ROTA,E155,3,2,0.11
P1097,MA_ROTA,E155,3,2,0.4
P1098,PN_PIQ,E155,3,2,0.61
P1099,MA_ROTA,E155,3,2,0.21
P1100,MA_ROTA,E155,3,2,0.82
P1101,MA_ROTA,E156,3,2,1.52
P1102,PN_PIQ,E156,3,2,0.49
P1103,PN_PIQ,E156,3,2,1.16
P1104,MA_ROTA,E156,3,2,0.77
P1105,MA_ROTA,E156,3,2,1.02
P1106,PN_PIQ,E156,3,2,0.23
P1107,PN_PIQ,E156,3,2,0.75
P1108,PN_PIQ,E156,3,2,2.7
P1109,MA_ROTA,E156,3,2,0.82
P1110,MA_ROTA,E156,3,2,1.28
P1111,PN_PIQ,E156,3,2,1.47
P1112,PN_PIQ,E157,7,3,0.39
P1113,PN_PIQ,E157,7,3,2.51
P1114,PN_PIQ,E158,7,3,0.57
P1115,PN_PIQ,E158,7,3,1.22
P1116,PN_PIQ,E159,3,2,1.0
P1117,MA_ROTA,E159,3,2,2.66
P1119,PN_PIQ,E159,3,2,0.06
P1120,MA_ROTA,E159,3,2,1.71
P1124,MA_ROTA,E159,3,2,3.76
P1125,PN_PIQ,E159,3,2,0.65
P1126,MA_ROTA,E160,3,2,3.0
P1127,MA_ROTA,E160,3,2,0.73
P1128,MA_ROTA,E160,3,2,1.4
P1129,PN_PIQ,E160,3,2,0.29
P1130,MA_ROTA,E160,3,2,1.34
P1131,MA_ROTA,E160,3,2,0.4
P1132,PN_PIQ,E160,3,2,1.15
P1133,MA_ROTA,E160,3,2,0.62
P1135,MA_ROTA,E160,3,2,2.0
P1136,MA_ROTA,E160,3,2,1.36
P1137,PN_PIQ,E161,2,2,1.12
P1138,PN_PIQ,E161,2,2,2.1
P1139,PN_PIQ,E162,3,2,1.87
P1140,MA_ROTA,E162,3,2,0.41
P1141,MA_ROTA,E162,3,2,1.97
P1143,MA_ROTA,E162,3,2,1.31
P1144,MA_ROTA,E162,3,2,0.65
P1145,PN_PIQ,E162,3,2,0.15
P1146,MA_ROTA,E162,3,2,0.04
P1147,MA_ROTA,E162,3,2,1.76
P1148,MA_ROTA,E162,3,2,0.5
P1149,MA_ROTA,E162,3,2,0.9
P1150,MA_ROTA,E162,3,2,0.09
P1151,PN_PIQ,E162,3,2,1.98
P1152,PN_PIQ,E163,1,2,0.83
P1153,PN_PIQ,E163,1,2,1.01
P1154,PN_PIQ,E163,1,2,0.19
P1155,PN_PIQ,E163,1,2,0.15
P1156,PN_PIQ,E163,1,2,0.5
P1157,MA_ROTA,E163,1,2,0.72
P1158,PN_PIQ,E163,1,2,0.45
P1159,PN_PIQ,E163,1,2,0.51
P1160,MA_ROTA,E163,1,2,1.14
P1161,MA_ROTA,E163,1,2,0.53
P1162,MA_ROTA,E163,1,2,0.17
P1163,MA_ROTA,E163,1,2,1.08
P1164,PN_PIQ,E163,1,2,0.06
P1165,PN_PIQ,E163,1,2,0.22
P1166,PN_PIQ,E164,7,3,0.82
P1167,PN_PIQ,E164,7,3,0.48
P1168,PN_PIQ,E164,7,3,0.63
P1169,PN_PIQ,E164,7,3,0.88
P1170,PN_PIQ,E164,7,3,0.26
P1171,PN_PIQ,E165,3,2,2.48
P1172,MA_ROTA,E165,3,2,0.8
P1173,PN_PIQ,E165,3,2,0.32
P1174,MA_ROTA,E165,3,2,1.6
P1175,MA_ROTA,E165,3,2,0.17
P1176,PN_PIQ,E165,3,2,1.24
P1177,PN_PIQ,E165,3,2,1.22
P1178,PN_PIQ,E165,3,2,0.28
P1179,PN_PIQ,E165,3,2,4.81
P1183,MA_ROTA,E165,3,2,0.3
P1184,MA_ROTA,E165,3,2,0.04
P1185,PN_PIQ,E166,1,2,0.12
P1186,PN_PIQ,E166,1,2,0.17
P1187,PN_PIQ,E166,1,2,0.23
P1188,PN_PIQ,E166,1,2,0.54
P1189,PN_PIQ,E166,1,2,0.2
P1191,PN_PIQ,E166,1,2,0.22
P1192,PN_PIQ,E166,1,2,0.11
P1193,PN_PIQ,E166,1,2,0.06
P1194,PN_PIQ,E167,4,1,3.47
P1195,PN_PIQ,E167,4,1,3.68
P1196,MA_ROTA,E168,2,2,0.25
P1197,PN_PIQ,E168,2,2,0.56
P1198,PN_PIQ,E168,2,2,0.19
P1199,MA_ROTA,E168,2,2,0.36
P1200,PN_PIQ,E168,2,2,0.31
P1201,MA_ROTA,E168,2,2,1.02
P1202,PN_PIQ,E168,2,2,0.17
P1203,PN_PIQ,E168,2,2,0.15
P1204,PN_PIQ,E168,2,2,0.63
P1205,MA_ROTA,E168,2,2,0.68
P1206,PN_PIQ,E168,2,2,0.02
P1207,MA_ROTA,E168,2,2,0.17
P1208,MA_ROTA,E168,2,2,0.39
P1209,PN_PIQ,E169,7,3,0.19
P1210,PN_PIQ,E169,7,3,0.62
P1211,PN_PIQ,E169,7,3,1.22
P1212,PN_PIQ,E169,7,3,0.65
P1213,PN_PIQ,E169,7,3,0.25
P1214,PN_PIQ,E169,7,3,0.63
P1215,PN_PIQ,E169,7,3,0.31
P1216,PN_PIQ,E169,7,3,0.61
P1217,PN_PIQ,E169,7,3,0.72
P1218,PN_PIQ,E169,7,3,1.87
P1219,PN_PIQ,E169,7,3,0.43
P1220,PN_PIQ,E170,3,2,2.23
P1222,MA_ROTA,E171,3,2,1.0
P1223,PN_PIQ,E171,3,2,0.49
P1224,PN_PIQ,E171,3,2,2.51
P1225,MA_ROTA,E171,3,2,1.14
P1226,MA_ROTA,E171,3,2,2.4
P1227,MA_ROTA,E171,3,2,1.69
P1230,PN_PIQ,E172,4,1,2.28
P1232,PN_PIQ,E172,4,1,0.87
P1233,PN_PIQ,E172,4,1,1.34
P1234,PN_PIQ,E172,4,1,1.08
P1235,PN_PIQ,E172,4,1,1.55
P1237,PN_PIQ,E172,4,1,1.82
P1238,PN_PIQ,E172,4,1,0.14
P1239,PN_PIQ,E173,7,3,0.47
P1240,PN_PIQ,E173,7,3,0.1
P1241,PN_PIQ,E173,7,3,0.21
P1242,PN_PIQ,E173,7,3,0.42
P1243,PN_PIQ,E173,7,3,0.11
P1244,PN_PIQ,E173,7,3,1.24
P1245,PN_PIQ,E173,7,3,1.69
P1246,PN_PIQ,E173,7,3,0.22
P1247,PN_PIQ,E173,7,3,0.15
P1248,PN_PIQ,E173,7,3,0.13
P1249,PN_PIQ,E173,7,3,0.97
P1250,PN_PIQ,E173,7,3,0.31
P1251,MA_ROTA,E174,3,2,9.37
P1254,MA_ROTA,E175,3,2,1.29
P1255,ME,E175,3,2,0.09
P1257,MA_ROTA,E175,3,2,2.13
P1258,MA_ROTA,E175,3,2,1.08
P1259,PN_PIQ,E175,3,2,0.49
P1260,MA_ROTA,E175,3,2,0.55
P1261,PN_PIQ,E175,3,2,0.05
P1262,PN_PIQ,E175,3,2,0.91
P1263,MA_ROTA,E175,3,2,0.24
P1264,MA_ROTA,E176,1,2,0.8
P1265,MA_ROTA,E176,3,2,3.2
P1266,MA_ROTA,E176,1,2,0.78
P1267,MA_ROTA,E176,3,2,2.28
P1268,PN_PIQ,E176,3,2,0.31
P1269,PN_PIQ,E177,3,2,4.22
P1270,MA_ROTA,E177,3,2,3.44
P1271,MA_ROTA,E177,3,2,0.12
P1272,MA_ROTA,E177,3,2,1.31
P1274,PN_PIQ,E178,4,1,1.1
P1275,PN_PIQ,E178,4,1,0.36
P1276,PN_PIQ,E178,4,1,0.35
P1277,PN_PIQ,E178,4,1,1.18
P1278,PN_PIQ,E178,4,1,0.3
P1279,PN_PIQ,E178,4,1,0.3
P1280,PN_PIQ,E178,4,1,0.26
P1281,PN_PIQ,E179,7,3,0.52
P1282,PN_PIQ,E179,7,3,0.6
P1283,PN_PIQ,E179,7,3,0.32
P1284,PN_PIQ,E179,7,3,0.89
P1285,PN_PIQ,E179,7,3,0.43
P1286,MA_ROTA,E180,1,2,2.19
P1290,PN_PIQ,E180,1,2,2.8
P1291,PN_PIQ,E180,1,2,0.45
P1292,PN_PIQ,E180,1,2,0.48
P1293,MA_ROTA,E180,1,2,0.86
P1294,PN_PIQ,E181,7,3,2.1
P1295,PN_PIQ,E181,7,3,0.9
P1296,PN_PIQ,E181,7,3,0.56
P1297,PN_PIQ,E181,7,3,0.47
P1298,PN_PIQ,E181,7,3,0.35
P1299,PN_PIQ,E181,7,3,0.79
P1300,MA_ROTA,E182,3,2,1.46
P1301,PN_PIQ,E182,3,2,0.14
P1302,MA_ROTA,E182,3,2,0.13
P1303,MA_ROTA,E182,3,2,1.79
P1304,MA_ROTA,E182,3,2,0.25
P1305,PN_PIQ,E182,3,2,0.47
P1307,MA_ROTA,E182,3,2,0.36
P1308,MA_ROTA,E182,3,2,2.48
P1309,PN_PIQ,E183,7,3,0.43
P1310,PN_PIQ,E183,7,3,1.74
P1311,MA_ROTA,E184,3,2,0.4
P1312,PN_PIQ,E184,3,2,0.14
P1313,MA_ROTA,E184,3,2,0.84
P1314,MA_ROTA,E184,3,2,0.7
P1315,MA_ROTA,E184,3,2,1.3
P1316,MA_ROTA,E184,3,2,0.07
P1317,PN_PIQ,E184,3,2,0.29
P1318,PN_PIQ,E184,3,2,0.28
P1319,MA_ROTA,E184,3,2,1.02
P1320,PN_PIQ,E184,3,2,0.65
P1321,MA_ROTA,E184,3,2,0.45
P1322,MA_ROTA,E184,3,2,0.22
P1323,MA_ROTA,E184,3,2,1.67
P1324,MA_ROTA,E185,3,2,1.34
P1325,PN_PIQ,E185,3,2,1.83
P1326,PN_PIQ,E185,3,2,0.99
P1327,MA_ROTA,E185,3,2,0.63
P1329,MA_ROTA,E185,3,2,2.19
P1330,PN_PIQ,E185,3,2,0.54
P1331,PN_PIQ,E185,3,2,0.91
P1332,MA_ROTA,E185,3,2,0.3
P1334,PN_PIQ,E185,3,2,1.06
P1335,PN_PIQ,E186,3,2,1.35
P1336,PN_PIQ,E186,3,2,1.12
P1337,MA_ROTA,E186,3,2,2.15
P1338,MA_ROTA,E186,3,2,0.93
P1339,MA_ROTA,E186,3,2,1.71
P1340,MA_ROTA,E186,3,2,1.2
P1341,MA_ROTA,E186,3,2,0.21
P1342,MA_ROTA,E186,3,2,0.86
P1343,MA_ROTA,E186,3,2,1.03
P1344,MA_ROTA,E186,3,2,0.18
P1345,MA_ROTA,E186,3,2,0.19
P1346,PN_PIQ,E186,3,2,0.64
P1347,PN_PIQ,E186,3,2,0.46
P1348,PN_PIQ,E187,7,3,0.32
P1349,PN_PIQ,E187,7,3,3.1
P1350,PN_PIQ,E187,7,3,0.47
P1351,PN_PIQ,E187,7,3,0.84
P1352,PN_PIQ,E187,7,3,2.61
P1353,PN_PIQ,E187,7,3,0.3
P1354,PN_PIQ,E187,7,3,0.47
P1356,PN_PIQ,E187,7,3,0.29
P1357,PN_PIQ,E187,7,3,0.46
P1358,PN_PIQ,E188,7,3,0.45
P1359,PN_PIQ,E188,7,3,0.13
P1360,PN_PIQ,E189,7,3,0.37
P1361,PN_PIQ,E189,7,3,1.75
P1362,PN_PIQ,E189,7,3,0.23
P1363,PN_PIQ,E189,7,3,0.8
P1364,PN_PIQ,E189,7,3,2.34
P1365,PN_PIQ,E189,7,3,0.68
P1366,PN_PIQ,E189,7,3,0.41
P1367,PN_PIQ,E189,7,3,0.37
P1368,PN_PIQ,E189,7,3,1.14
P1369,PN_PIQ,E189,7,3,0.74
P1371,PN_PIQ,E189,7,3,3.21
P1372,PN_PIQ,E189,7,3,0.43
P1373,PN_PIQ,E189,7,3,0.45
P1374,PN_PIQ,E189,7,3,0.7
P1376,PN_PIQ,E189,7,3,0.86
P1377,PN_PIQ,E189,7,3,0.34
P1378,PN_PIQ,E189,7,3,0.24
P1379,PN_PIQ,E189,7,3,0.17
P1380,PN_PIQ,E189,7,3,0.3
P1381,PN_PIQ,E189,7,3,0.32
P1382,PN_PIQ,E189,7,3,0.25
P1383,PN_PIQ,E190,7,3,0.34
P1384,PN_PIQ,E190,7,3,0.19
P1385,PN_PIQ,E190,7,3,1.82
P1386,ME,E191,3,2,1.23
P1387,MA_ROTA,E191,3,2,1.79
P1390,MA_ROTA,E191,3,2,2.46
P1392,PN_PIQ,E192,7,3,1.56
P1393,PN_PIQ,E192,7,3,0.96
P1394,PN_PIQ,E192,7,3,0.29
P1395,PN_PIQ,E192,7,3,0.26
P1396,PN_PIQ,E192,7,3,1.35
P1397,PN_PIQ,E192,7,3,0.29
P1398,PN_PIQ,E192,7,3,0.62
P1399,PN_PIQ,E193,7,3,0.22
P1400,PN_PIQ,E193,7,3,0.23
P1401,PN_PIQ,E193,7,3,0.2
P1402,PN_PIQ,E193,7,3,0.46
P1403,PN_PIQ,E193,7,3,0.48
P1404,PN_PIQ,E193,7,3,1.11
P1405,PN_PIQ,E193,7,3,0.39
P1406,PN_PIQ,E193,7,3,0.04
P1407,PN_PIQ,E193,7,3,0.28
P1408,PN_PIQ,E193,7,3,0.21
P1409,PN_PIQ,E194,7,3,1.61
P1410,PN_PIQ,E194,7,3,0.44
P1411,PN_PIQ,E194,7,3,0.18
P1412,PN_PIQ,E195,4,1,2.44
P1413,PN_PIQ,E195,4,1,1.6
P1414,PN_PIQ,E195,4,1,2.05
P1415,PN_PIQ,E195,4,1,1.05
P1416,PN_PIQ,E195,4,1,0.32
P1417,PN_PIQ,E195,4,1,0.18
P1418,MA_ROTA,E196,1,2,2.17
P1419,MA_ROTA,E196,1,2,0.1
P1420,MA_ROTA,E196,1,2,1.72
P1421,MA_ROTA,E196,1,2,1.39
P1422,PN_PIQ,E196,1,2,3.36
P1423,MA_ROTA,E196,1,2,1.03
P1424,PN_PIQ,E196,1,2,0.69
P1425,MA_ROTA,E197,3,2,1.4
P1426,MA_ROTA,E197,3,2,0.51
P1427,MA_ROTA,E197,3,2,0.12
P1428,MA_ROTA,E197,3,2,0.1
P1429,MA_ROTA,E197,3,2,2.63
P1430,MA_ROTA,E197,3,2,0.11
P1431,PN_PIQ,E197,3,2,0.1
P1432,MA_ROTA,E197,3,2,0.68
P1433,MA_ROTA,E197,3,2,1.34
P1434,MA_ROTA,E197,3,2,0.37
P1435,PN_PIQ,E198,2,2,0.75
P1436,MA_ROTA,E198,2,2,0.99
P1437,MA_ROTA,E198,2,2,1.49
P1438,MA_ROTA,E199,3,2,2.63
P1439,MA_ROTA,E199,3,2,1.23
P1440,PN_PIQ,E199,3,2,2.57
P1441,MA_ROTA,E200,4,1,2.66
P1442,MA_ROTA,E200,4,1,2.6
P1443,PN_PIQ,E200,4,1,0.49
P1444,MA_ROTA,E200,4,1,0.22
P1445,PN_PIQ,E200,4,1,0.75
P1446,PN_PIQ,E200,4,1,0.14
P1447,PN_PIQ,E200,4,1,0.58
P1448,MA_ROTA,E200,4,1,0.76
P1449,PN_PIQ,E200,4,1,0.29
P1450,MA_ROTA,E200,4,1,0.26
P1452,PN_PIQ,E200,4,1,0.46
P1453,PN_PIQ,E201,7,3,0.4
P1454,PN_PIQ,E201,7,3,0.09
P1455,PN_PIQ,E201,7,3,0.09
P1456,PN_PIQ,E201,7,3,0.49
P1457,PN_PIQ,E201,7,3,0.35
P1458,PN_PIQ,E201,7,3,0.24
P1459,PN_PIQ,E201,7,3,0.72
P1460,PN_PIQ,E202,7,3,0.4
P1461,PN_PIQ,E202,7,3,0.84
P1462,PN_PIQ,E202,7,3,0.18
P1463,PN_PIQ,E202,7,3,0.56
P1464,PN_PIQ,E202,7,3,0.25
P1465,PN_PIQ,E202,7,3,0.73
P1466,PN_PIQ,E202,7,3,0.22
P1467,ME,E203,3,2,0.96
P1468,MA_ROTA,E203,3,2,0.7
P1469,MA_ROTA,E203,3,2,0.07
P1470,PN_PIQ,E203,3,2,1.77
P1471,PN_PIQ,E203,3,2,0.15
P1472,MA_ROTA,E203,3,2,1.96
P1473,PN_PIQ,E203,3,2,2.14
P1474,PN_PIQ,E203,3,2,1.47
P1475,MA_ROTA,E203,3,2,0.24
P1476,PN_PIQ,E204,7,3,0.51
P1477,PN_PIQ,E204,7,3,2.11
P1478,PN_PIQ,E204,7,3,0.15
P1479,PN_PIQ,E204,7,3,0.3
P1480,PN_PIQ,E205,7,3,0.69
P1481,PN_PIQ,E205,7,3,0.28
P1482,PN_PIQ,E205,7,3,0.32
P1483,PN_PIQ,E205,7,3,0.07
P1484,MA_ROTA,E206,1,2,0.4
P1485,MA_ROTA,E206,1,2,0.44
P1486,MA_ROTA,E206,1,2,0.24
P1487,MA_ROTA,E206,1,2,0.2
P1488,MA_ROTA,E206,1,2,3.0
P1489,MA_ROTA,E206,1,2,0.06
P1490,PN_PIQ,E206,1,2,0.18
P1491,MA_ROTA,E206,1,2,1.69
P1492,MA_ROTA,E206,1,2,1.1
P1494,MA_ROTA,E207,3,2,0.71
P1495,MA_ROTA,E207,3,2,0.9
P1496,MA_ROTA,E207,3,2,2.42
P1497,MA_ROTA,E207,3,2,3.08
P1498,PN_PIQ,E207,3,2,1.09
P1499,MA_ROTA,E207,3,2,1.37
P1500,MA_ROTA,E208,2,2,0.31
P1501,PN_PIQ,E208,2,2,0.46
P1502,PN_PIQ,E208,2,2,0.1
P1503,PN_PIQ,E208,2,2,0.23
P1504,PN_PIQ,E208,2,2,0.16
P1505,MA_ROTA,E208,2,2,0.57
P1506,PN_PIQ,E209,2,2,1.61
P1507,MA_ROTA,E209,2,2,1.01
P1508,PN_PIQ,E210,7,3,0.34
P1509,PN_PIQ,E210,7,3,0.44
P1510,PN_PIQ,E210,7,3,0.23
P1511,PN_PIQ,E210,7,3,0.25
P1512,PN_PIQ,E210,7,3,0.29
P1513,PN_PIQ,E211,7,3,0.89
P1514,PN_PIQ,E211,7,3,0.48
P1515,PN_PIQ,E211,7,3,0.19
P1516,PN_PIQ,E211,7,3,0.35
P1517,PN_PIQ,E211,7,3,0.1
P1518,PN_PIQ,E211,7,3,0.53
P1519,PN_PIQ,E211,7,3,2.47
P1520,PN_PIQ,E211,7,3,0.19
P1521,PN_PIQ,E211,7,3,0.27
P1522,PN_PIQ,E211,7,3,1.12
P1523,PN_PIQ,E211,7,3,0.2
P1524,PN_PIQ,E212,7,3,0.58
P1525,PN_PIQ,E212,7,3,0.7
P1526,PN_PIQ,E212,7,3,0.71
P1527,PN_PIQ,E212,7,3,0.31
P1528,PN_PIQ,E212,7,3,1.1
P1529,PN_PIQ,E212,7,3,0.34
P1530,PN_PIQ,E213,7,3,1.25
P1531,PN_PIQ,E214,7,3,0.98
P1532,PN_PIQ,E214,7,3,0.13
P1533,PN_PIQ,E214,7,3,0.29
P1534,PN_PIQ,E214,7,3,0.35
P1535,PN_PIQ,E214,7,3,0.76
P1536,PN_PIQ,E214,7,3,0.26
P1537,PN_PIQ,E214,7,3,0.51
P1538,MA_ROTA,E215,1,2,0.22
P1539,MA_ROTA,E215,1,2,0.65
P1540,PN_PIQ,E215,1,2,0.56
P1541,MA_ROTA,E215,1,2,0.42
P1542,MA_ROTA,E215,1,2,0.57
P1543,PN_PIQ,E215,1,2,2.95
P1544,MA_ROTA,E215,1,2,0.86
P1545,MA_ROTA,E215,1,2,1.91
P1546,PN_PIQ,E215,1,2,0.3
P1547,MA_ROTA,E215,1,2,0.11
P1548,MA_ROTA,E216,2,2,0.77
P1549,PN_PIQ,E216,2,2,0.87
P1550,MA_ROTA,E216,2,2,0.35
P1551,PN_PIQ,E216,2,2,0.61
P1553,MA_ROTA,E216,2,2,0.85
P1554,MA_ROTA,E216,2,2,1.0
P1555,PN_PIQ,E216,2,2,0.61
P1556,MA_ROTA,E216,2,2,0.06
P1557,MA_ROTA,E216,2,2,0.59
P1559,MA_ROTA,E216,2,2,0.17
P1560,PN_PIQ,E217,7,3,0.63
P1561,PN_PIQ,E217,7,3,0.21
P1562,PN_PIQ,E218,4,1,2.3
P1563,PN_PIQ,E218,4,1,1.04
P1564,PN_PIQ,E218,4,1,0.5
P1566,PN_PIQ,E218,4,1,0.39
P1567,PN_PIQ,E218,4,1,0.26
P1568,MA_ROTA,E218,4,1,1.31
P1569,MA_ROTA,E218,4,1,0.93
P1570,PN_PIQ,E218,4,1,0.59
P1571,PN_PIQ,E218,4,1,2.23
P1572,MA_ROTA,E219,3,2,0.02
P1573,MA_ROTA,E219,3,2,1.84
P1574,MA_ROTA,E219,3,2,1.44
P1575,MA_ROTA,E219,3,2,0.02
P1576,PN_PIQ,E219,3,2,1.44
P1577,MA_ROTA,E219,3,2,0.52
P1578,MA_ROTA,E219,3,2,0.68
P1579,PN_PIQ,E219,3,2,0.53
P1580,PN_PIQ,E219,3,2,0.64
P1581,PN_PIQ,E220,7,3,0.98
P1582,PN_PIQ,E220,7,3,0.76
P1583,PN_PIQ,E220,7,3,3.49
P1584,PN_PIQ,E221,4,1,3.65
P1585,PN_PIQ,E221,4,1,2.08
P1586,PN_PIQ,E221,4,1,1.28
P1587,PN_PIQ,E221,4,1,0.28
P1588,MA_ROTA,E221,4,1,0.68
P1589,MA_ROTA,E221,4,1,0.21
P1590,PN_PIQ,E221,4,1,0.09
P1591,PN_PIQ,E222,2,2,0.04
P1592,MA_ROTA,E222,2,2,0.41
P1593,MA_ROTA,E222,2,2,0.17
P1594,MA_ROTA,E222,2,2,0.19
P1595,PN_PIQ,E222,2,2,0.55
P1596,MA_ROTA,E223,3,2,3.04
P1597,PN_PIQ,E224,3,2,0.59
P1598,MA_ROTA,E225,2,2,2.45
P1599,MA_ROTA,E225,2,2,32.81
P1600,PN_PIQ,E225,2,2,1.74
P1601,PN_PIQ,E226,7,3,0.32
P1602,PN_PIQ,E226,7,3,0.93
P1603,PN_PIQ,E226,7,3,1.17
P1604,PN_PIQ,E226,7,3,0.18
P1605,PN_PIQ,E226,7,3,0.92
P1606,PN_PIQ,E226,7,3,0.29
P1607,PN_PIQ,E226,7,3,0.6
P1609,MA_ROTA,E227,3,2,2.67
P1611,MA_ROTA,E228,2,2,0.25
P1612,MA_ROTA,E228,2,2,0.13
P1613,MA_ROTA,E228,2,2,0.55
P1614,MA_ROTA,E228,2,2,1.6
P1615,MA_ROTA,E228,2,2,0.72
P1616,MA_ROTA,E228,2,2,0.43
P1617,PN_PIQ,E229,3,2,5.45
P1618,MA_ROTA,E229,3,2,0.41
P1619,PN_PIQ,E229,3,2,0.53
P1620,PN_PIQ,E229,3,2,0.89
P1621,MA_ROTA,E229,3,2,1.03
P1622,PN_PIQ,E229,3,2,0.32
P1623,MA_ROTA,E229,3,2,0.41
P1624,PN_PIQ,E230,7,3,1.25
P1625,PN_PIQ,E230,7,3,0.19
P1626,PN_PIQ,E231,2,2,2.07
P1627,MA_ROTA,E232,2,2,0.41
P1628,MA_ROTA,E233,2,2,0.36
P1629,MA_ROTA,E233,2,2,0.96
P1630,MA_ROTA,E233,2,2,1.1
P1631,PN_PIQ,E233,2,2,0.19
P1632,PN_PIQ,E233,2,2,0.32
P1633,MA_ROTA,E233,2,2,0.08
P1634,MA_ROTA,E233,2,2,0.09
P1635,MA_ROTA,E233,2,2,0.39
P1636,MA_ROTA,E233,2,2,0.67
P1637,MA_ROTA,E233,2,2,5.32
P1638,MA_ROTA,E234,3,2,1.53
P1639,MA_ROTA,E234,3,2,1.5
P1640,MA_ROTA,E234,3,2,1.73
P1641,MA_ROTA,E234,3,2,0.05
P1642,MA_ROTA,E234,3,2,0.3
P1643,PN_PIQ,E234,3,2,1.83
P1644,PN_PIQ,E235,1,2,1.22
P1645,PN_PIQ,E235,1,2,1.4
P1646,MA_ROTA,E235,1,2,1.0
P1647,MA_ROTA,E235,1,2,1.11
P1648,PN_PIQ,E235,1,2,2.11
P1649,PN_PIQ,E235,1,2,0.98
P1650,MA_ROTA,E235,1,2,0.12
P1651,MA_ROTA,E235,1,2,0.68
P1652,PN_PIQ,E235,1,2,1.05
P1653,MA_ROTA,E235,1,2,1.23
P1654,MA_ROTA,E235,1,2,1.2
P1655,MA_ROTA,E235,1,2,0.19
P1656,MA_ROTA,E235,1,2,0.12
P1657,PN_PIQ,E235,1,2,0.32
P1658,PN_PIQ,E236,7,3,0.53
P1659,PN_PIQ,E236,7,3,0.78
P1660,PN_PIQ,E236,7,3,0.5
P1661,MA_ROTA,E237,3,2,2.15
P1662,MA_ROTA,E237,3,2,1.95
P1663,MA_ROTA,E237,3,2,0.03
P1664,ME,E237,3,2,0.93
P1665,MA_ROTA,E237,3,2,0.37
P1666,PN_PIQ,E237,3,2,0.09
P1667,PN_PIQ,E237,3,2,1.58
P1668,PN_PIQ,E238,7,3,0.96
P1669,PN_PIQ,E239,7,3,0.71
P1670,PN_PIQ,E239,7,3,0.95
P1671,PN_PIQ,E239,7,3,0.25
P1672,PN_PIQ,E239,7,3,0.6
P1673,PN_PIQ,E240,2,2,1.11
P1674,MA_ROTA,E241,2,2,1.81
P1675,PN_PIQ,E242,7,3,0.98
P1676,PN_PIQ,E242,7,3,0.33
P1677,PN_PIQ,E242,7,3,0.26
P1678,PN_PIQ,E242,7,3,0.1
P1679,MA_ROTA,E243,2,2,3.51
P1680,PN_PIQ,E244,2,2,1.42
P1681,PN_PIQ,E244,2,2,2.46
P1682,PN_PIQ,E245,3,2,0.23
P1684,MA_ROTA,E245,3,2,1.43
P1686,PN_PIQ,E245,3,2,0.39
P1687,MA_ROTA,E245,3,2,0.96
P1688,PN_PIQ,E245,3,2,2.41
P1689,MA_ROTA,E245,3,2,0.15
P1690,MA_ROTA,E245,3,2,0.43
P1691,PN_PIQ,E245,3,2,0.79
P1692,PN_PIQ,E245,3,2,0.49
P1693,PN_PIQ,E245,3,2,1.27
P1694,MA_ROTA,E245,3,2,1.32
P1696,MA_ROTA,E245,3,2,0.66
P1697,ME,E245,3,2,1.31
P1698,MA_ROTA,E245,3,2,0.34
P1699,ME,E245,3,2,0.69
P1700,MA_ROTA,E245,3,2,0.68
P1701,MA_ROTA,E245,3,2,2.67
P1702,PN_PIQ,E245,3,2,0.54
P1703,MA_ROTA,E245,3,2,0.79
P1704,PN_PIQ,E245,3,2,0.32
P1705,MA_ROTA,E245,3,2,0.38
P1706,MA_ROTA,E245,3,2,0.13
P1707,MA_ROTA,E245,3,2,0.37
P1708,PN_PIQ,E245,3,2,1.19
P1709,PN_PIQ,E245,3,2,0.46
P1710,MA_ROTA,E245,3,2,0.57
P1711,PN_PIQ,E245,3,2,1.8
P1713,PN_PIQ,E245,3,2,0.4
P1715,ME,E245,3,2,1.69
P1716,MA_ROTA,E246,3,2,1.75
P1717,MA_ROTA,E246,3,2,1.79
P1718,PN_PIQ,E246,3,2,1.82
P1719,MA_ROTA,E246,3,2,1.14
P1720,MA_ROTA,E246,3,2,0.59
P1721,PN_PIQ,E247,3,2,0.14
P1722,MA_ROTA,E247,3,2,1.24
P1723,PN_PIQ,E247,3,2,1.38
P1724,MA_ROTA,E247,3,2,1.21
P1725,MA_ROTA,E248,1,2,1.99
P1726,MA_ROTA,E248,1,2,0.67
P1727,MA_ROTA,E248,1,2,0.83
P1728,MA_ROTA,E248,1,2,0.48
P1729,MA_ROTA,E248,1,2,1.25
P1730,PN_PIQ,E249,7,3,0.29
P1731,PN_PIQ,E249,7,3,0.97
P1732,PN_PIQ,E249,7,3,0.08
P1733,PN_PIQ,E249,7,3,0.38
P1734,PN_PIQ,E249,7,3,0.3
P1735,MA_ROTA,E250,2,2,0.65
P1736,MA_ROTA,E250,2,2,2.49
P1737,PN_PIQ,E251,7,3,0.78
P1738,PN_PIQ,E251,7,3,0.62
P1739,PN_PIQ,E251,7,3,0.74
P1740,PN_PIQ,E251,7,3,0.55
P1741,PN_PIQ,E251,7,3,0.69
P1742,PN_PIQ,E252,7,3,0.5
P1743,PN_PIQ,E252,7,3,0.54
P1744,PN_PIQ,E252,7,3,0.13
P1745,PN_PIQ,E252,7,3,0.2
P1746,PN_PIQ,E252,7,3,0.77
P1747,MA_ROTA,E253,2,2,0.66
P1748,MA_ROTA,E253,2,2,1.15
P1749,PN_PIQ,E253,2,2,0.75
P1750,MA_ROTA,E253,2,2,0.48
P1751,PN_PIQ,E254,2,2,1.56
P1752,PN_PIQ,E254,2,2,0.69
P1753,PN_PIQ,E254,2,2,0.72
P1754,PN_PIQ,E255,4,1,0.58
P1755,MA_ROTA,E255,4,1,0.65
P1756,MA_ROTA,E255,4,1,2.98
P1757,PN_PIQ,E255,4,1,1.35
P1759,MA_ROTA,E255,4,1,1.33
P1761,PN_PIQ,E255,4,1,1.69
P1762,PN_PIQ,E255,4,1,0.36
P1763,MA_ROTA,E255,4,1,0.21
P1764,MA_ROTA,E255,4,1,0.32
P1765,MA_ROTA,E255,4,1,0.72
P1766,MA_ROTA,E255,4,1,0.31
P1767,MA_ROTA,E255,4,1,0.91
P1768,MA_ROTA,E255,4,1,0.25
P1769,MA_ROTA,E255,4,1,0.42
P1770,MA_ROTA,E255,4,1,0.73
P1771,MA_ROTA,E255,4,1,0.11
P1772,PN_PIQ,E255,4,1,0.59
P1773,PN_PIQ,E256,7,3,2.2
P1774,PN_PIQ,E256,7,3,1.22
P1775,PN_PIQ,E256,7,3,0.45
P1776,PN_PIQ,E256,7,3,1.03
P1777,PN_PIQ,E256,7,3,0.74
P1778,PN_PIQ,E256,7,3,0.24
P1779,PN_PIQ,E256,7,3,0.22
P1780,PN_PIQ,E256,7,3,1.01
P1781,PN_PIQ,E256,7,3,0.43
P1782,PN_PIQ,E256,7,3,0.28
P1783,PN_PIQ,E256,7,3,2.2
P1784,PN_PIQ,E256,7,3,0.14
P1785,PN_PIQ,E256,7,3,0.38
P1786,PN_PIQ,E256,7,3,0.77
P1787,PN_PIQ,E256,7,3,0.53
P1788,PN_PIQ,E257,4,1,1.96
P1789,PN_PIQ,E257,4,1,1.68
P1790,PN_PIQ,E257,4,1,1.13
P1791,MA_ROTA,E257,4,1,2.19
P1792,PN_PIQ,E257,4,1,1.95
P1793,MA_ROTA,E257,4,1,0.37
P1794,MA_ROTA,E257,4,1,2.38
P1795,MA_ROTA,E258,2,2,0.56
P1796,MA_ROTA,E258,2,2,0.48
P1797,MA_ROTA,E258,2,2,3.81
P1798,MA_ROTA,E258,2,2,5.1
P1799,MA_ROTA,E258,2,2,0.9
P1800,MA_ROTA,E258,2,2,0.7
P1801,MA_ROTA,E259,1,2,0.22
P1802,MA_ROTA,E259,1,2,1.49
P1803,MA_ROTA,E259,1,2,2.17
P1804,MA_ROTA,E259,1,2,1.75
P1805,MA_ROTA,E259,1,2,1.67
P1806,MA_ROTA,E259,1,2,1.03
P1807,PN_PIQ,E260,1,2,0.72
P1809,MA_ROTA,E260,1,2,2.17
P1810,PN_PIQ,E260,1,2,0.09
P1811,PN_PIQ,E260,1,2,4.32
P1812,PN_PIQ,E261,4,1,0.98
P1813,PN_PIQ,E261,4,1,0.71
P1814,PN_PIQ,E261,4,1,1.57
P1815,PN_PIQ,E261,4,1,0.38
P1816,PN_PIQ,E261,4,1,0.56
P1817,PN_PIQ,E261,4,1,1.22
P1818,PN_PIQ,E261,4,1,1.14
P1819,PN_PIQ,E261,4,1,0.9
P1820,PN_PIQ,E261,4,1,0.32
P1821,PN_PIQ,E261,4,1,0.43
P1822,PN_PIQ,E261,4,1,0.1
P1823,PN_PIQ,E261,4,1,1.96
P1824,PN_PIQ,E261,4,1,1.72
P1825,PN_PIQ,E261,4,1,0.54
P1826,PN_PIQ,E261,4,1,1.28
P1827,PN_PIQ,E261,4,1,1.1
P1828,PN_PIQ,E261,4,1,0.85
P1829,PN_PIQ,E261,4,1,0.74
P1830,PN_PIQ,E261,4,1,1.49
P1831,PN_PIQ,E261,4,1,0.61
P1832,PN_PIQ,E262,6,1,0.38
P1833,PN_PIQ,E262,6,1,0.18
P1834,PN_PIQ,E262,6,1,0.5
P1835,MA_ROTA,E263,3,2,1.7
P1836,PN_PIQ,E263,3,2,4.41
P1837,PN_PIQ,E263,3,2,1.94
P1838,MA_ROTA,E263,3,2,0.96
P1839,PN_PIQ,E264,3,2,1.13
P1840,MA_ROTA,E264,3,2,1.04
P1841,PN_PIQ,E264,3,2,0.49
P1842,MA_ROTA,E264,3,2,2.94
P1845,MA_ROTA,E264,3,2,0.68
P1846,MA_ROTA,E264,3,2,1.21
P1848,PN_PIQ,E265,3,2,2.92
P1849,MA_ROTA,E265,3,2,0.44
P1850,PN_PIQ,E265,3,2,0.26
P1851,MA_ROTA,E265,3,2,0.47
P1852,PN_PIQ,E265,3,2,0.59
P1853,MA_ROTA,E265,3,2,0.94
P1854,MA_ROTA,E265,3,2,0.09
P1857,MA_ROTA,E265,3,2,1.48
P1858,PN_PIQ,E266,7,3,0.61
P1859,PN_PIQ,E266,7,3,0.2
P1860,PN_PIQ,E266,7,3,0.41
P1861,PN_PIQ,E266,7,3,1.09
P1862,PN_PIQ,E266,7,3,0.28
P1863,MA_ROTA,E267,4,1,0.35
P1864,PN_PIQ,E267,4,1,0.81
P1865,MA_ROTA,E267,4,1,0.13
P1866,MA_ROTA,E267,4,1,2.05
P1867,MA_ROTA,E267,4,1,0.55
P1868,PN_PIQ,E267,4,1,0.28
P1869,MA_ROTA,E267,4,1,0.11
P1870,MA_ROTA,E267,4,1,0.21
P1871,PN_PIQ,E267,4,1,2.51
P1872,PN_PIQ,E268,2,2,1.37
P1873,PN_PIQ,E268,2,2,1.33
P1874,PN_PIQ,E268,2,2,1.85
P1875,PN_PIQ,E268,2,2,0.32
P1876,PN_PIQ,E268,2,2,0.19
P1877,MA_ROTA,E269,3,2,2.09
P1878,MA_ROTA,E269,3,2,0.73
P1880,MA_ROTA,E269,3,2,2.58
P1881,MA_ROTA,E269,3,2,0.19
P1882,MA_ROTA,E269,3,2,0.57
P1883,MA_ROTA,E269,3,2,0.63
P1884,MA_ROTA,E269,3,2,0.51
P1885,MA_ROTA,E269,3,2,0.72
P1886,PN_PIQ,E269,3,2,0.54
P1889,MA_ROTA,E269,3,2,0.93
P1890,PN_PIQ,E269,3,2,0.59
P1891,MA_ROTA,E269,3,2,1.04
P1892,MA_ROTA,E269,3,2,1.09
P1894,MA_ROTA,E269,3,2,0.93
P1895,PN_PIQ,E269,3,2,0.42
P1896,MA_ROTA,E269,3,2,0.74
P1897,PN_PIQ,E269,3,2,0.45
P1898,PN_PIQ,E269,3,2,0.69
P1899,MA_ROTA,E269,3,2,0.44
P1900,MA_ROTA,E269,3,2,0.19
P1901,PN_PIQ,E270,7,3,1.25
P1902,PN_PIQ,E271,7,3,1.93
P1903,PN_PIQ,E271,7,3,0.43
P1904,PN_PIQ,E271,7,3,0.63
P1905,PN_PIQ,E271,7,3,0.19
P1906,PN_PIQ,E272,4,1,0.87
P1907,PN_PIQ,E272,4,1,2.02
P1908,PN_PIQ,E272,4,1,0.26
P1909,PN_PIQ,E272,4,1,1.87
P1910,PN_PIQ,E272,4,1,0.42
P1911,PN_PIQ,E272,4,1,1.1
P1913,MA_ROTA,E272,4,1,0.31
P1914,MA_ROTA,E272,4,1,0.55
P1915,MA_ROTA,E272,4,1,0.5
P1918,MA_ROTA,E274,3,2,0.24
P1919,MA_ROTA,E274,3,2,0.68
P1920,PN_PIQ,E274,3,2,1.32
P1921,MA_ROTA,E274,3,2,0.78
P1922,PN_PIQ,E274,3,2,0.46
P1923,MA_ROTA,E274,3,2,0.64
P1924,MA_ROTA,E274,3,2,1.11
P1925,MA_ROTA,E274,3,2,1.18
P1926,PN_PIQ,E274,3,2,0.16
P1927,MA_ROTA,E274,3,2,2.02
P1928,MA_ROTA,E275,1,2,1.88
P1929,MA_ROTA,E275,1,2,1.21
P1930,MA_ROTA,E275,1,2,1.21
P1931,MA_ROTA,E275,1,2,1.13
P1932,PN_PIQ,E275,1,2,1.09
P1936,MA_ROTA,E276,2,2,0.95
P1937,MA_ROTA,E276,2,2,3.08
P1938,PN_PIQ,E276,2,2,0.69
P1939,PN_PIQ,E277,7,3,1.8
P1940,PN_PIQ,E277,7,3,0.64
P1941,PN_PIQ,E277,7,3,1.48
P1942,PN_PIQ,E277,7,3,0.49
P1943,PN_PIQ,E277,7,3,2.54
P1944,PN_PIQ,E277,7,3,0.1
P1945,PN_PIQ,E277,7,3,1.66
P1946,PN_PIQ,E277,7,3,0.35
P1947,PN_PIQ,E277,7,3,0.46
P1948,PN_PIQ,E277,7,3,2.39
P1949,PN_PIQ,E277,7,3,1.62
P1950,PN_PIQ,E278,4,1,5.09
P1951,MA_ROTA,E278,4,1,0.78
P1952,MA_ROTA,E278,4,1,0.22
P1953,PN_PIQ,E278,4,1,0.36
P1954,MA_ROTA,E278,4,1,0.84
P1955,MA_ROTA,E278,4,1,0.52
P1956,PN_PIQ,E278,4,1,0.15
P1957,PN_PIQ,E278,4,1,1.38
P1958,PN_PIQ,E278,4,1,0.23
P1959,MA_ROTA,E278,4,1,2.06
P1960,PN_PIQ,E278,4,1,0.59
P1961,MA_ROTA,E278,4,1,1.49
P1962,MA_ROTA,E278,4,1,0.91
P1963,PN_PIQ,E278,4,1,0.9
P1964,MA_ROTA,E278,4,1,0.94
P1965,MA_ROTA,E278,4,1,2.83
P1966,MA_ROTA,E279,2,2,0.81
P1967,MA_ROTA,E279,2,2,0.57
P1968,MA_ROTA,E279,2,2,0.84
P1969,MA_ROTA,E280,2,2,0.28
P1970,MA_ROTA,E280,2,2,0.1
P1971,PN_PIQ,E280,2,2,0.05
P1972,MA_ROTA,E281,2,2,1.09
P1973,MA_ROTA,E281,2,2,0.17
P1974,PN_PIQ,E281,2,2,4.06
P1975,PN_PIQ,E282,3,2,2.25
P1976,PN_PIQ,E282,3,2,2.54
P1977,MA_ROTA,E282,3,2,0.33
P1978,MA_ROTA,E282,3,2,0.43
P1979,MA_ROTA,E282,3,2,0.34
P1980,MA_ROTA,E282,3,2,0.75
P1981,MA_ROTA,E282,3,2,0.57
P1982,MA_ROTA,E282,3,2,0.09
P1983,MA_ROTA,E282,3,2,0.38
P1984,PN_PIQ,E282,3,2,0.88
P1985,MA_ROTA,E282,3,2,2.09
P1986,MA_ROTA,E282,3,2,0.7
P1987,PN_PIQ,E282,3,2,0.86
P1988,MA_ROTA,E282,3,2,0.21
P1989,MA_ROTA,E282,3,2,0.19
P1990,MA_ROTA,E282,3,2,3.47
P1991,PN_PIQ,E282,3,2,0.54
P1992,MA_ROTA,E282,3,2,0.86
P1993,MA_ROTA,E282,3,2,0.25
P1994,MA_ROTA,E282,3,2,2.04
P1995,MA_ROTA,E282,3,2,1.29
P1996,PN_PIQ,E282,3,2,0.8
P1998,MA_ROTA,E282,3,2,0.93
P2000,MA_ROTA,E282,3,2,1.02
P2001,MA_ROTA,E283,2,2,0.35
P2002,MA_ROTA,E283,2,2,0.52
P2003,PN_PIQ,E283,2,2,0.59
P2004,MA_ROTA,E283,2,2,0.63
P2005,MA_ROTA,E283,2,2,0.04
P2006,PN_PIQ,E284,7,3,0.63
P2007,PN_PIQ,E284,7,3,0.52
P2008,PN_PIQ,E284,7,3,0.84
P2009,PN_PIQ,E284,7,3,0.11
P2010,PN_PIQ,E284,7,3,1.19
P2011,PN_PIQ,E284,7,3,1.26
P2012,PN_PIQ,E284,7,3,1.84
P2013,PN_PIQ,E285,7,3,2.05
P2014,PN_PIQ,E285,7,3,1.82
P2015,PN_PIQ,E285,7,3,0.96
P2016,PN_PIQ,E285,7,3,0.65
P2017,PN_PIQ,E285,7,3,2.11
P2019,PN_PIQ,E285,7,3,0.99
P2020,PN_PIQ,E285,7,3,0.91
P2021,PN_PIQ,E286,4,1,9.51
P2022,PN_PIQ,E286,4,1,3.69
P2023,MA_ROTA,E287,3,2,1.78
P2024,MA_ROTA,E287,3,2,2.76
P2025,MA_ROTA,E287,3,2,0.19
P2026,MA_ROTA,E287,3,2,3.84
P2027,MA_ROTA,E287,3,2,1.19
P2028,MA_ROTA,E287,3,2,3.88
P2029,MA_ROTA,E287,3,2,1.17
P2030,MA_ROTA,E288,3,2,0.34
P2031,MA_ROTA,E288,3,2,1.1
P2032,MA_ROTA,E288,3,2,0.65
P2033,MA_ROTA,E288,3,2,0.93
P2034,PN_PIQ,E288,3,2,0.55
P2035,MA_ROTA,E288,3,2,0.31
P2036,PN_PIQ,E288,3,2,0.56
P2037,MA_ROTA,E288,3,2,0.87
P2038,PN_PIQ,E288,3,2,0.92
P2039,MA_ROTA,E288,3,2,0.82
P2040,PN_PIQ,E288,3,2,0.42
P2041,MA_ROTA,E288,3,2,0.97
P2042,PN_PIQ,E288,3,2,0.34
P2043,MA_ROTA,E288,3,2,0.78
P2044,MA_ROTA,E288,3,2,0.8
P2046,MA_ROTA,E288,3,2,0.12
P2047,MA_ROTA,E288,3,2,0.83
P2048,MA_ROTA,E289,2,2,2.94
P2049,PN_PIQ,E289,2,2,1.85
P2050,MA_ROTA,E289,3,2,2.01
P2051,MA_ROTA,E289,3,2,1.01
P2052,MA_ROTA,E289,3,2,1.0
P2053,MA_ROTA,E289,3,2,1.03
P2054,MA_ROTA,E289,3,2,1.0
P2055,PN_PIQ,E289,2,2,0.73
P2056,PN_PIQ,E289,3,2,0.98
P2057,PN_PIQ,E289,2,2,1.15
P2058,ME,E289,2,2,0.32
P2059,PN_PIQ,E289,2,2,1.62
P2060,MA_ROTA,E289,2,2,1.11
P2061,MA_ROTA,E289,2,2,0.86
P2062,MA_ROTA,E289,2,2,2.53
P2063,MA_ROTA,E289,2,2,1.03
P2064,PN_PIQ,E289,2,2,0.53
P2065,PN_PIQ,E290,7,3,0.85
P2066,PN_PIQ,E290,7,3,2.1
P2067,MA_ROTA,E291,2,2,2.79
P2068,MA_ROTA,E291,2,2,0.95
P2069,MA_ROTA,E291,2,2,0.96
P2070,MA_ROTA,E291,2,2,0.4
P2071,PN_PIQ,E292,7,3,1.72
P2072,PN_PIQ,E292,7,3,1.13
P2073,PN_PIQ,E293,7,3,0.69
P2074,PN_PIQ,E293,7,3,0.28
P2075,PN_PIQ,E293,7,3,2.37
P2076,PN_PIQ,E293,7,3,0.52
P2077,PN_PIQ,E293,7,3,0.44
P2078,PN_PIQ,E293,7,3,0.91
P2079,PN_PIQ,E294,7,3,2.37
P2080,PN_PIQ,E294,7,3,0.67
P2081,PN_PIQ,E294,7,3,0.57
P2082,MA_ROTA,E295,2,2,0.48
P2083,MA_ROTA,E295,2,2,3.12
P2084,MA_ROTA,E296,3,2,2.06
P2085,MA_ROTA,E296,3,2,2.17
P2086,MA_ROTA,E296,3,2,2.15
P2087,MA_ROTA,E296,3,2,1.11
P2088,MA_ROTA,E296,3,2,0.18
P2089,MA_ROTA,E296,3,2,0.97
P2090,MA_ROTA,E296,3,2,0.14
P2091,MA_ROTA,E297,3,2,0.44
P2092,PN_PIQ,E297,3,2,0.82
P2093,PN_PIQ,E297,3,2,0.48
P2095,PN_PIQ,E298,3,2,5.12
P2096,PN_PIQ,E298,3,2,0.83
P2097,MA_ROTA,E299,3,2,0.65
P2098,PN_PIQ,E299,3,2,1.18
P2099,PN_PIQ,E300,7,3,2.26
P2100,PN_PIQ,E300,7,3,1.06
P2101,PN_PIQ,E300,7,3,1.33
P2102,PN_PIQ,E300,7,3,0.42
P2103,PN_PIQ,E300,7,3,0.38
P2104,PN_PIQ,E300,7,3,0.51
P2105,PN_PIQ,E301,7,3,0.21
P2106,PN_PIQ,E301,7,3,0.26
P2107,PN_PIQ,E301,7,3,0.26
P2108,PN_PIQ,E301,7,3,0.37
P2109,PN_PIQ,E301,7,3,0.52
P2110,PN_PIQ,E301,7,3,1.26
P2111,PN_PIQ,E301,7,3,1.7
P2112,PN_PIQ,E301,7,3,0.85
P2113,PN_PIQ,E301,7,3,0.53
P2114,PN_PIQ,E302,2,2,0.96
P2115,MA_ROTA,E302,2,2,0.89
P2116,MA_ROTA,E302,2,2,0.46
P2117,MA_ROTA,E303,2,2,0.1
P2118,MA_ROTA,E303,2,2,0.52
P2119,PN_PIQ,E303,2,2,0.3
P2120,PN_PIQ,E303,2,2,0.42
P2121,PN_PIQ,E303,2,2,0.36
P2122,MA_ROTA,E304,2,2,3.9
P2123,MA_ROTA,E305,3,2,0.62
P2124,MA_ROTA,E305,3,2,0.26
P2125,MA_ROTA,E305,3,2,1.0
P2126,PN_PIQ,E305,3,2,1.12
P2127,PN_PIQ,E305,3,2,2.3
P2128,MA_ROTA,E305,3,2,0.33
P2129,PN_PIQ,E305,3,2,3.05
P2130,MA_ROTA,E305,3,2,2.17
P2131,PN_PIQ,E305,3,2,0.53
P2132,MA_ROTA,E305,3,2,0.21
P2133,PN_PIQ,E305,3,2,0.29
P2134,MA_ROTA,E305,3,2,2.14
P2135,PN_PIQ,E305,3,2,0.4
P2136,PN_PIQ,E305,3,2,2.16
P2137,MA_ROTA,E305,3,2,1.21
P2138,PN_PIQ,E305,3,2,0.27
P2139,MA_ROTA,E305,3,2,0.62
P2140,PN_PIQ,E305,3,2,1.04
P2141,MA_ROTA,E305,3,2,1.81
P2142,MA_ROTA,E305,3,2,0.44
P2143,PN_PIQ,E305,3,2,1.16
P2144,PN_PIQ,E306,7,3,3.56
P2145,PN_PIQ,E306,7,3,0.51
P2146,PN_PIQ,E306,7,3,0.22
P2147,PN_PIQ,E306,7,3,2.69
P2148,PN_PIQ,E306,7,3,0.54
P2149,PN_PIQ,E306,7,3,0.2
P2150,MA_ROTA,E307,1,2,0.81
P2151,ME,E307,1,2,0.65
P2152,MA_ROTA,E307,1,2,3.23
P2153,PN_PIQ,E307,1,2,0.29
P2154,MA_ROTA,E307,1,2,2.67
P2155,MA_ROTA,E307,1,2,0.88
P2156,PN_PIQ,E308,3,2,1.05
P2158,MA_ROTA,E308,3,2,0.72
P2159,PN_PIQ,E308,3,2,0.27
P2160,PN_PIQ,E308,3,2,0.56
P2161,PN_PIQ,E309,7,3,0.36
P2162,PN_PIQ,E309,7,3,0.95
P2163,PN_PIQ,E310,7,3,0.42
P2164,PN_PIQ,E310,7,3,0.77
P2165,PN_PIQ,E310,7,3,0.21
P2166,PN_PIQ,E310,7,3,0.86
P2167,PN_PIQ,E310,7,3,0.39
P2168,PN_PIQ,E310,7,3,0.48
P2169,PN_PIQ,E311,4,1,3.54
P2170,PN_PIQ,E311,4,1,2.07
P2171,PN_PIQ,E311,4,1,0.34
P2172,PN_PIQ,E311,4,1,1.53
P2173,PN_PIQ,E311,4,1,0.29
P2174,PN_PIQ,E311,4,1,1.61
P2176,PN_PIQ,E312,2,2,1.23
P2177,PN_PIQ,E313,2,2,0.72
P2178,PN_PIQ,E313,2,2,0.47
P2179,PN_PIQ,E313,2,2,3.93
P2180,PN_PIQ,E313,2,2,0.61
P2181,PN_PIQ,E314,2,2,0.59
P2182,MA_ROTA,E314,2,2,1.44
P2183,MA_ROTA,E314,2,2,1.11
P2184,PN_PIQ,E314,2,2,0.3
P2185,MA_ROTA,E314,2,2,0.65
P2186,PN_PIQ,E314,2,2,1.13
P2187,PN_PIQ,E314,2,2,1.03
P2188,PN_PIQ,E314,2,2,1.38
P2189,PN_PIQ,E315,3,2,0.9
P2190,PN_PIQ,E315,3,2,0.92
P2191,PN_PIQ,E315,3,2,0.74
P2192,PN_PIQ,E315,3,2,0.45
P2193,PN_PIQ,E315,3,2,2.19
P2194,PN_PIQ,E315,3,2,1.12
P2195,PN_PIQ,E316,7,3,0.76
P2196,PN_PIQ,E316,7,3,0.83
P2197,PN_PIQ,E316,7,3,0.75
P2198,PN_PIQ,E316,7,3,0.68
P2199,PN_PIQ,E316,7,3,0.79
P2200,MA_ROTA,E317,2,2,1.31
P2201,MA_ROTA,E317,2,2,0.83
P2202,MA_ROTA,E317,2,2,0.11
P2203,MA_ROTA,E317,2,2,1.7
P2204,MA_ROTA,E317,2,2,0.25
P2205,PN_PIQ,E317,2,2,0.53
P2206,PN_PIQ,E317,2,2,0.97
P2207,MA_ROTA,E317,2,2,0.86
P2208,MA_ROTA,E317,2,2,1.6
P2209,MA_ROTA,E317,2,2,0.19
P2210,MA_ROTA,E317,2,2,0.84
P2211,MA_ROTA,E317,2,2,0.17
P2212,MA_ROTA,E317,2,2,0.37
P2213,MA_ROTA,E317,2,2,0.37
P2214,PN_PIQ,E318,7,3,5.37
P2215,PN_PIQ,E318,7,3,1.22
P2216,PN_PIQ,E318,7,3,0.36
P2217,PN_PIQ,E318,7,3,0.52
P2218,PN_PIQ,E318,7,3,1.4
P2219,PN_PIQ,E318,7,3,1.7
P2220,PN_PIQ,E318,7,3,0.46
P2221,PN_PIQ,E318,7,3,0.4
P2222,PN_PIQ,E318,7,3,1.45
P2223,PN_PIQ,E319,7,3,0.62
P2224,PN_PIQ,E319,7,3,0.28
P2225,PN_PIQ,E320,2,2,3.98
P2226,PN_PIQ,E321,7,3,1.12
P2227,PN_PIQ,E321,7,3,1.27
P2228,PN_PIQ,E321,7,3,0.96
P2229,PN_PIQ,E321,7,3,1.85
P2230,PN_PIQ,E321,7,3,1.07
P2231,PN_PIQ,E321,7,3,0.81
P2232,PN_PIQ,E321,7,3,1.12
P2233,PN_PIQ,E321,7,3,0.8
P2234,PN_PIQ,E321,7,3,1.07
P2235,PN_PIQ,E321,7,3,1.0
P2236,PN_PIQ,E322,3,2,0.41
P2237,PN_PIQ,E322,3,2,0.57
P2238,PN_PIQ,E322,3,2,0.56
P2240,PN_PIQ,E322,3,2,2.36
P2241,PN_PIQ,E322,3,2,3.28
P2242,PN_PIQ,E323,2,2,1.13
P2243,PN_PIQ,E323,2,2,1.38
P2244,MA_ROTA,E323,2,2,3.56
P2245,PN_PIQ,E323,2,2,0.64
P2246,PN_PIQ,E323,2,2,0.99
P2247,PN_PIQ,E323,2,2,2.51
P2248,PN_PIQ,E324,7,3,0.97
P2249,PN_PIQ,E324,7,3,0.85
P2250,PN_PIQ,E325,7,3,1.49
P2251,PN_PIQ,E325,7,3,0.74
P2252,PN_PIQ,E325,7,3,0.24
P2253,PN_PIQ,E325,7,3,1.9
P2254,PN_PIQ,E325,7,3,0.09
P2255,PN_PIQ,E325,7,3,0.11
P2256,PN_PIQ,E325,7,3,0.28
P2257,PN_PIQ,E326,4,1,4.01
P2258,PN_PIQ,E326,4,1,0.47
P2259,PN_PIQ,E326,4,1,0.24
P2260,PN_PIQ,E326,4,1,0.49
P2261,PN_PIQ,E326,4,1,0.14
P2262,PN_PIQ,E326,4,1,1.74
P2264,PN_PIQ,E326,4,1,0.7
P2265,PN_PIQ,E326,4,1,1.16
P2266,PN_PIQ,E327,2,2,1.02
P2267,MA_ROTA,E327,2,2,0.84
P2268,PN_PIQ,E327,2,2,0.41
P2269,PN_PIQ,E327,2,2,1.79
P2270,PN_PIQ,E327,2,2,0.52
P2271,PN_PIQ,E327,2,2,0.6
P2272,MA_ROTA,E327,2,2,0.59
P2273,MA_ROTA,E328,3,2,1.01
P2274,MA_ROTA,E328,3,2,1.41
P2275,PN_PIQ,E328,3,2,1.13
P2276,MA_ROTA,E329,1,2,0.76
P2277,MA_ROTA,E329,1,2,1.71
P2278,MA_ROTA,E329,1,2,2.2
P2279,MA_ROTA,E329,1,2,1.5
P2280,MA_ROTA,E329,1,2,0.96
P2281,MA_ROTA,E329,1,2,1.79
P2282,PN_PIQ,E329,1,2,0.28
P2283,MA_ROTA,E329,1,2,1.04
P2284,PN_PIQ,E329,1,2,2.27
P2285,PN_PIQ,E330,7,3,0.73
P2286,PN_PIQ,E330,7,3,2.15
P2287,PN_PIQ,E330,7,3,0.4
P2288,PN_PIQ,E330,7,3,0.27
P2289,PN_PIQ,E330,7,3,0.23
P2290,PN_PIQ,E331,7,3,4.19
P2291,PN_PIQ,E332,1,2,0.09
P2292,PN_PIQ,E332,1,2,1.54
P2293,PN_PIQ,E332,1,2,0.59
P2294,PN_PIQ,E332,1,2,1.02
P2295,PN_PIQ,E332,1,2,3.17
P2296,PN_PIQ,E332,1,2,0.05
P2297,PN_PIQ,E333,3,2,2.41
P2298,MA_ROTA,E333,3,2,1.19
P2299,PN_PIQ,E333,3,2,0.16
P2300,MA_ROTA,E333,3,2,1.94
P2302,ME,E333,3,2,0.04
P2303,PN_PIQ,E333,3,2,1.15
P2305,MA_ROTA,E334,3,2,0.24
P2306,MA_ROTA,E334,3,2,0.71
P2307,PN_PIQ,E334,3,2,1.15
P2308,MA_ROTA,E334,3,2,0.44
P2309,MA_ROTA,E334,3,2,0.24
P2310,MA_ROTA,E334,3,2,0.22
P2311,MA_ROTA,E334,3,2,0.44
P2312,MA_ROTA,E334,3,2,0.5
P2313,MA_ROTA,E334,3,2,0.55
P2315,PN_PIQ,E334,3,2,0.28
P2316,MA_ROTA,E334,3,2,0.41
P2318,PN_PIQ,E335,2,2,1.38
P2319,MA_ROTA,E335,2,2,0.41
P2320,PN_PIQ,E335,2,2,0.25
P2321,PN_PIQ,E335,2,2,0.58
P2322,PN_PIQ,E335,2,2,0.27
P2323,PN_PIQ,E335,2,2,0.69
P2324,PN_PIQ,E335,2,2,0.15
P2325,PN_PIQ,E335,2,2,1.63
P2326,PN_PIQ,E336,7,3,2.04
P2327,PN_PIQ,E336,7,3,0.3
P2328,PN_PIQ,E336,7,3,0.11
P2329,PN_PIQ,E336,7,3,0.14
P2330,PN_PIQ,E336,7,3,0.59
P2331,PN_PIQ,E337,4,1,1.82
P2332,PN_PIQ,E337,4,1,0.86
P2333,PN_PIQ,E337,4,1,3.0
P2334,PN_PIQ,E337,4,1,1.26
P2335,PN_PIQ,E337,4,1,0.77
P2336,PN_PIQ,E337,4,1,0.46
P2337,PN_PIQ,E337,4,1,0.86
P2338,PN_PIQ,E337,4,1,1.28
P2339,PN_PIQ,E338,7,3,1.11
P2340,PN_PIQ,E338,7,3,0.48
P2341,PN_PIQ,E338,7,3,1.89
P2342,PN_PIQ,E338,7,3,3.17
P2343,PN_PIQ,E338,7,3,1.4
P2344,PN_PIQ,E339,7,3,1.93
P2345,PN_PIQ,E339,7,3,0.16
P2346,PN_PIQ,E339,7,3,0.63
P2347,PN_PIQ,E339,7,3,0.45
P2348,PN_PIQ,E339,7,3,0.85
P2349,PN_PIQ,E339,7,3,0.58
P2350,MA_ROTA,E340,3,2,1.48
P2351,PN_PIQ,E340,3,2,0.58
P2352,MA_ROTA,E340,3,2,0.65
P2353,MA_ROTA,E340,3,2,4.78
P2354,MA_ROTA,E340,3,2,0.27
P2355,PN_PIQ,E340,3,2,1.58
P2356,MA_ROTA,E340,3,2,4.47
P2357,MA_ROTA,E340,3,2,1.09
P2358,MA_ROTA,E340,3,2,0.41
P2359,MA_ROTA,E340,3,2,1.03
P2360,MA_ROTA,E340,3,2,0.96
P2361,MA_ROTA,E340,3,2,3.08
P2362,MA_ROTA,E340,3,2,0.43
P2363,PN_PIQ,E341,4,1,0.54
P2364,PN_PIQ,E341,4,1,0.92
P2365,PN_PIQ,E341,4,1,0.05
P2366,MA_ROTA,E341,4,1,0.22
P2367,PN_PIQ,E341,4,1,0.48
P2368,AG,E341,4,1,0.37
P2369,AG,E341,4,1,0.23
P2370,PN_PIQ,E341,4,1,0.63
P2371,PN_PIQ,E341,4,1,0.46
P2372,PN_PIQ,E341,4,1,0.03
P2373,PN_PIQ,E341,4,1,0.98
P2374,PN_PIQ,E341,4,1,0.73
P2375,MA_ROTA,E341,4,1,1.0
P2376,PN_PIQ,E342,4,1,2.23
P2377,PN_PIQ,E343,4,1,1.26
P2378,PN_PIQ,E344,4,1,2.76
P2379,PN_PIQ,E344,4,1,3.6
P2380,PN_PIQ,E344,4,1,1.36
P2381,PN_PIQ,E344,4,1,0.16
P2382,PN_PIQ,E344,4,1,2.26
P2383,PN_PIQ,E344,4,1,0.32
P2384,PN_PIQ,E344,4,1,0.37
P2385,PN_PIQ,E344,4,1,0.35
P2387,MA_ROTA,E345,2,2,2.9
P2388,MA_ROTA,E346,2,2,0.56
P2389,PN_PIQ,E346,2,2,0.9
P2391,PN_PIQ,E347,3,2,4.05
P2392,PN_PIQ,E348,3,2,1.35
P2393,PN_PIQ,E349,2,2,13.95
P2394,MA_ROTA,E350,3,2,2.77
P2395,PN_PIQ,E350,3,2,0.14
P2396,PN_PIQ,E350,3,2,0.71
P2397,MA_ROTA,E350,3,2,5.34
P2398,PN_PIQ,E351,7,3,1.0
P2399,PN_PIQ,E351,7,3,1.42
P2400,MA_ROTA,E352,1,2,0.77
P2401,PN_PIQ,E352,1,2,0.71
P2402,MA_ROTA,E352,1,2,11.11
P2403,MA_ROTA,E352,1,2,0.25
P2404,MA_ROTA,E353,1,2,1.04
P2405,PN_PIQ,E353,1,2,0.9
P2406,MA_ROTA,E353,1,2,0.26
P2407,MA_ROTA,E353,1,2,0.1
P2408,MA_ROTA,E353,1,2,1.36
P2409,PN_PIQ,E353,1,2,0.23
P2410,PN_PIQ,E354,3,2,1.42
P2411,PN_PIQ,E354,3,2,0.83
P2412,MA_ROTA,E355,3,2,1.05
P2413,MA_ROTA,E355,3,2,1.3
P2414,MA_ROTA,E355,3,2,0.17
P2415,MA_ROTA,E355,3,2,0.49
P2416,MA_ROTA,E355,3,2,0.17
P2417,PN_PIQ,E355,3,2,0.15
P2418,MA_ROTA,E355,3,2,2.09
P2419,MA_ROTA,E355,3,2,2.66
P2420,MA_ROTA,E356,3,2,0.12
P2421,MA_ROTA,E356,3,2,2.02
P2422,MA_ROTA,E356,3,2,0.94
P2423,MA_ROTA,E356,3,2,0.86
P2425,MA_ROTA,E356,3,2,0.35
P2426,MA_ROTA,E356,3,2,1.56
P2427,MA_ROTA,E356,3,2,0.82
P2428,PN_PIQ,E356,3,2,0.05
P2429,PN_PIQ,E357,2,2,4.17
P2430,PN_PIQ,E357,2,2,0.34
P2431,PN_PIQ,E358,3,2,0.14
P2432,MA_ROTA,E358,3,2,1.81
P2433,MA_ROTA,E358,3,2,0.24
P2434,MA_ROTA,E358,3,2,0.77
P2435,MA_ROTA,E358,3,2,0.1
P2436,PN_PIQ,E358,3,2,2.9
P2438,MA_ROTA,E358,3,2,1.7
P2439,MA_ROTA,E358,3,2,3.32
P2440,MA_ROTA,E358,3,2,3.8
P2441,PN_PIQ,E358,3,2,1.12
P2442,MA_ROTA,E359,3,2,1.71
P2443,MA_ROTA,E359,3,2,1.69
P2444,MA_ROTA,E359,3,2,0.96
P2445,MA_ROTA,E360,4,1,0.12
P2446,PN_PIQ,E360,4,1,0.15
P2447,PN_PIQ,E360,4,1,0.61
P2448,MA_ROTA,E360,4,1,1.89
P2449,PN_PIQ,E360,4,1,1.07
P2450,MA_ROTA,E360,4,1,3.26
P2452,PN_PIQ,E360,4,1,0.49
P2456,PN_PIQ,E360,4,1,1.15
P2457,MA_ROTA,E360,4,1,2.75
P2458,PN_PIQ,E360,4,1,0.09
P2460,PN_PIQ,E361,3,2,1.74
P2461,MA_ROTA,E361,3,2,1.17
P2462,MA_ROTA,E361,3,2,1.47
P2463,PN_PIQ,E361,3,2,0.54
P2464,PN_PIQ,E361,3,2,0.53
P2465,PN_PIQ,E361,3,2,0.79
P2466,MA_ROTA,E361,3,2,1.24
P2467,MA_ROTA,E362,3,2,1.2
P2468,MA_ROTA,E362,3,2,1.23
P2469,PN_PIQ,E362,3,2,1.47
P2470,PN_PIQ,E362,3,2,0.5
P2471,MA_ROTA,E362,3,2,1.14
P2472,PN_PIQ,E362,3,2,5.61
P2473,MA_ROTA,E362,3,2,0.66
P2474,MA_ROTA,E363,3,2,1.08
P2475,PN_PIQ,E363,3,2,1.08
P2476,MA_ROTA,E363,3,2,0.41
P2477,MA_ROTA,E363,3,2,0.72
P2478,PN_PIQ,E363,3,2,0.76
P2480,PN_PIQ,E363,3,2,2.24
P2482,MA_ROTA,E363,3,2,0.5
P2483,MA_ROTA,E364,5,1,0.56
P2485,MA_ROTA,E364,5,1,0.95
P2486,MA_ROTA,E364,5,1,0.99
P2487,MA_ROTA,E364,5,1,1.02
P2488,MA_ROTA,E364,5,1,1.1
P2489,MA_ROTA,E364,5,1,2.33
P2490,MA_ROTA,E364,5,1,1.4
P2491,MA_ROTA,E364,5,1,3.6
P2492,MA_ROTA,E364,5,1,0.56
P2494,MA_ROTA,E364,5,1,0.46
P2495,MA_ROTA,E364,5,1,0.81
P2496,MA_ROTA,E364,5,1,1.24
P2497,MA_ROTA,E364,5,1,1.32
P2499,MA_ROTA,E364,5,1,0.99
P2500,MA_ROTA,E364,5,1,0.68
P2501,MA_ROTA,E364,5,1,0.77
P2502,MA_ROTA,E364,5,1,0.42
P2503,MA_ROTA,E364,5,1,1.0
P2504,MA_ROTA,E364,5,1,1.18
P2505,MA_ROTA,E364,5,1,0.34
P2506,MA_ROTA,E364,5,1,1.07
P2507,MA_ROTA,E364,5,1,0.39
P2508,MA_ROTA,E364,5,1,0.97
P2509,MA_ROTA,E364,5,1,0.47
P2510,MA_ROTA,E364,5,1,0.46
P2511,MA_ROTA,E364,5,1,0.6
P2512,MA_ROTA,E364,5,1,0.2
P2515,MA_ROTA,E364,5,1,0.26
P2516,BC_BT,E365,5,1,0.25
P2517,AN_PA,E365,5,1,0.16
P2518,AN_PA,E365,5,1,0.27
P2519,AN_PA,E365,5,1,1.15
P2523,AN_PA,E365,5,1,0.86
P2524,AN_PA,E365,5,1,0.43
P2525,AG,E366,5,1,1.2
P2526,AN_PA,E367,5,1,0.61
P2527,AN_PA,E367,5,1,1.8
P2528,AG,E367,5,1,0.8
P2529,AN_PA,E367,5,1,0.06
P2530,AN_PA,E367,5,1,0.23
P2531,BC_BT,E367,5,1,0.14
P2532,BC_BT,E367,5,1,0.29
P2533,AN_PA,E367,5,1,0.16
P2534,AN_PA,E367,5,1,0.18
P2535,AN_PA,E367,5,1,1.11
P2536,AN_PA,E367,5,1,1.66
P2537,AN_PA,E367,5,1,0.47
P2538,AN_PA,E367,5,1,0.62
P2539,AN_PA,E367,5,1,1.26
P2540,AN_PA,E367,5,1,1.3
P2541,AG,E367,5,1,1.16
P2542,AN_PA,E367,5,1,0.41
P2543,BC_BT,E367,5,1,1.43
P2545,AG,E368,5,1,1.39
P2547,MA_ROTA,E368,5,1,1.15
P2549,IG_PLA,E368,5,1,1.08
P2551,IG_PLA,E368,5,1,0.39
P2554,IG_PLA,E369,5,1,0.56
P2555,AN_PA,E369,5,1,0.78
P2556,AG,E369,5,1,0.46
P2557,IG_PLA,E369,5,1,0.92
P2558,AN_PA,E369,5,1,0.15
P2560,IG_PLA,E369,5,1,0.96
P2561,BC_BT,E369,5,1,0.97
P2562,AG,E369,5,1,0.54
P2563,AN_PA,E369,5,1,0.44
P2564,AG,E369,5,1,0.48
P2565,AG,E369,5,1,0.3
P2567,AN_PA,E369,5,1,0.21
P2568,AG,E370,6,1,0.02
P2569,AN_PA,E370,6,1,0.55
P2570,AG,E370,6,1,0.01
P2573,AN_PA,E370,6,1,0.04
P2575,MA_PAI_NON_NI,E370,6,1,0.01
P2576,AN_PA,E370,6,1,0.32
P2577,IG_PLA,E370,6,1,0.01
P2578,IG_PLA,E370,6,1,0.08
P2579,IG_PLA,E370,6,1,0.13
P2580,AN_PA,E370,6,1,1.02
P2581,AN_PA,E370,6,1,0.06
P2582,IG_PLA,E370,6,1,0.24
P2583,AN_PA,E370,6,1,0.58
P2584,IG_PLA,E370,6,1,0.04
P2586,AG,E371,5,1,1.05
P2588,MA_ROTA,E371,5,1,0.89
P2589,MA_ROTA,E371,5,1,0.9
P2590,AN_PA,E371,5,1,0.6
P2592,IG_PLA,E371,5,1,0.9
P2593,AN_PA,E371,5,1,0.27
P2594,IG_PLA,E371,5,1,0.69
P2595,AN_PA,E371,5,1,0.29
P2596,PN_PIQ,E371,5,1,1.66
P2597,IG_PLA,E371,5,1,0.95
P2600,IG_PLA,E371,5,1,0.51
P2601,AN_PA,E371,5,1,0.21
P2602,AN_PA,E371,5,1,0.19
P2604,AN_PA,E371,5,1,0.97
P2606,IG_PLA,E371,5,1,0.4
P2607,AG,E371,5,1,0.12
P2608,AG,E371,5,1,0.33
P2609,BC_BT,E371,5,1,0.31
P2610,IG_PLA,E372,6,1,1.29
P2611,BC_BT,E372,6,1,1.5
P2612,IG_PLA,E372,6,1,0.26
P2613,PN_PIQ,E372,6,1,0.61
P2614,IG_PLA,E372,6,1,0.42
P2615,TH,E373,6,1,1.53
P2616,TH,E373,6,1,1.25
P2617,TH,E373,6,1,1.62
P2618,AN_PA,E373,6,1,0.92
P2619,AN_PA,E373,6,1,2.68
P2620,TH,E373,6,1,1.12
P2621,TH,E373,6,1,3.32
P2622,TH,E373,6,1,1.47
P2623,MA_ROTA,E374,5,1,0.29
P2624,MA_ROTA,E374,5,1,0.74
P2626,MA_ROTA,E374,5,1,0.76
P2627,MA_ROTA,E374,5,1,0.36
P2628,MA_ROTA,E374,5,1,0.39
P2629,MA_ROTA,E374,5,1,1.14
P2631,MA_ROTA,E374,5,1,0.55
P2632,MA_ROTA,E374,5,1,0.39
P2633,MA_ROTA,E374,5,1,0.73
P2634,MA_ROTA,E374,5,1,0.19
P2635,MA_ROTA,E374,5,1,0.68
P2636,MA_ROTA,E374,5,1,0.31
P2637,MA_ROTA,E374,5,1,0.1
P2638,TH,E375,6,1,0.92
P2640,AN_PA,E375,6,1,0.84
P2641,TH,E375,6,1,0.96
P2643,TH,E375,6,1,1.02
P2644,TH,E375,6,1,1.12
P2645,AN_PA,E375,6,1,1.44
P2646,TH,E375,6,1,0.5
P2647,TH,E375,6,1,0.55
P2648,TH,E375,6,1,1.37
P2649,AN_PA,E375,6,1,0.86
P2650,AN_PA,E375,6,1,1.31
P2651,AN_PA,E375,6,1,0.84
P2652,AN_PA,E375,6,1,0.66
P2653,PN_PIQ,E375,4,1,6.17
P2654,TH,E375,6,1,0.56
P2655,AN_PA,E375,6,1,0.86
P2656,TH,E375,6,1,1.15
P2657,AN_PA,E375,6,1,1.04
P2658,PN_PIQ,E376,6,1,0.32
P2661,AN_PA,E376,6,1,0.16
P2662,AN_PA,E376,6,1,0.72
P2663,PN_PIQ,E376,6,1,1.66
P2664,AN_PA,E376,6,1,0.41
P2665,AN_PA,E376,6,1,0.17
P2666,AG,E377,5,1,0.64
P2667,AN_PA,E377,5,1,0.67
P2668,AG,E377,5,1,0.17
P2669,AG,E377,5,1,0.44
P2670,AN_PA,E377,5,1,0.03
P2671,BC_BT,E377,5,1,0.47
P2672,AG,E377,5,1,0.21
P2673,AG,E377,5,1,0.81
P2674,BC_BT,E377,5,1,0.33
P2675,IG_PLA,E377,5,1,0.1
P2676,AN_PA,E377,5,1,0.09
P2677,AN_PA,E377,5,1,0.19
P2678,AN_PA,E377,5,1,0.79
P2679,AN_PA,E377,5,1,0.27
P2680,BC_BT,E377,5,1,0.32
P2682,AN_PA,E377,5,1,0.33
P2683,IG_PLA,E378,6,1,2.71
P2684,AN_PA,E378,6,1,1.8
P2685,AN_PA,E379,5,1,0.57
P2686,AN_PA,E379,5,1,0.13
P2687,AG,E379,5,1,0.97
P2688,AN_PA,E379,5,1,0.56
P2689,TH,E380,6,1,3.0
P2690,AN_PA,E380,6,1,6.78
P2691,TH,E380,6,1,7.6
P2692,AN_PA,E381,5,1,0.95
P2693,BC_BT,E381,5,1,0.19
P2697,IG_PLA,E381,5,1,0.15
P2698,IG_PLA,E381,5,1,0.45
P2699,IG_PLA,E381,5,1,1.4
P2700,AN_PA,E381,5,1,0.5
P2701,TH,E382,6,1,0.76
P2702,TH,E382,6,1,0.34
P2703,TH,E382,6,1,1.04
P2704,TH,E382,6,1,0.57
P2705,TH,E382,6,1,0.35
P2706,TH,E382,6,1,0.23
P2707,AN_PA,E383,6,1,0.28
P2708,TH,E383,6,1,2.58
P2709,TH,E383,6,1,1.31
P2710,TH,E383,6,1,0.63
P2711,AN_PA,E383,6,1,1.21
P2712,AN_PA,E383,6,1,0.42
P2713,TH,E383,6,1,0.46
P2714,TH,E383,6,1,1.4
P2715,AN_PA,E383,6,1,0.32
P2716,AN_PA,E383,6,1,0.71
P2718,TH,E384,6,1,0.75
P2720,MA_ROTA,E385,5,1,0.77
P2721,MA_ROTA,E385,5,1,0.45
P2722,MA_ROTA,E385,5,1,0.19
P2723,MA_ROTA,E385,5,1,0.15
P2724,MA_ROTA,E385,5,1,0.25
P2725,MA_ROTA,E385,5,1,0.38
P2726,MA_ROTA,E385,5,1,1.1
P2727,MA_ROTA,E385,5,1,0.39
P2728,MA_ROTA,E385,5,1,0.63
P2730,MA_ROTA,E385,5,1,0.93
P2731,MA_ROTA,E385,5,1,0.66
P2732,MA_ROTA,E385,5,1,0.59
P2733,MA_ROTA,E385,5,1,0.86
P2734,TH,E386,6,1,0.31
P2738,TH,E386,6,1,0.07
P2739,MA_ROTA,E387,5,1,0.61
P2740,MA_ROTA,E387,5,1,0.95
P2742,MA_ROTA,E387,5,1,1.5
P2744,TH,E388,6,1,0.18
P2745,AN_PA,E388,6,1,1.56
P2746,AN_PA,E388,6,1,2.35
P2747,TH,E388,6,1,1.19
P2748,TH,E388,6,1,0.62
P2749,AN_PA,E388,6,1,0.89
P2750,TH,E388,6,1,0.33
P2751,TH,E389,6,1,1.53
P2752,TH,E389,6,1,1.08
P2753,AN_PA,E389,6,1,0.99
P2754,MA_ROTA,E390,5,1,0.8
P2758,MA_ROTA,E390,5,1,0.08
P2759,MA_ROTA,E390,5,1,0.49
P2760,MA_ROTA,E390,5,1,0.13
P2761,MA_ROTA,E390,5,1,0.87
P2762,MA_ROTA,E390,5,1,0.8
P2763,MA_ROTA,E390,5,1,0.4
P2765,MA_ROTA,E390,5,1,0.72
P2766,MA_ROTA,E390,5,1,0.4
P2768,MA_ROTA,E391,5,1,2.27
P2769,MA_ROTA,E391,5,1,0.94
P2770,MA_ROTA,E391,5,1,0.91
P2771,MA_ROTA,E391,5,1,0.61
P2772,MA_ROTA,E391,5,1,0.89
P2773,MA_ROTA,E391,5,1,0.09
P2774,MA_ROTA,E391,5,1,0.07
P2775,MA_ROTA,E391,5,1,0.31
P2776,MA_ROTA,E391,5,1,0.82
P2777,MA_ROTA,E391,5,1,0.83
P2778,MA_ROTA,E391,5,1,1.23
P2779,MA_ROTA,E391,5,1,1.23
P2780,MA_ROTA,E391,5,1,0.66
P2781,MA_ROTA,E391,5,1,0.68
P2782,MA_ROTA,E391,5,1,1.13
P2783,MA_ROTA,E391,5,1,2.29
P2784,PN_PIQ,E392,3,2,0.08
P2785,MA_ROTA,E392,3,2,0.26
P2786,MA_ROTA,E392,3,2,1.56
P2787,PN_PIQ,E392,3,2,2.24
P2788,MA_ROTA,E392,3,2,1.56
P2789,PN_PIQ,E392,3,2,1.07
P2790,MA_ROTA,E392,3,2,0.68
P2791,PN_PIQ,E392,3,2,1.35
P2792,MA_ROTA,E392,3,2,0.37
P2793,MA_ROTA,E392,3,2,0.27
P2794,MA_ROTA,E392,3,2,2.4
P2795,PN_PIQ,E392,3,2,0.77
P2796,PN_PIQ,E392,3,2,1.18
P2797,PN_PIQ,E393,7,3,0.76
P2798,PN_PIQ,E393,7,3,0.49
P2799,PN_PIQ,E394,7,3,1.57
P2800,PN_PIQ,E394,7,3,0.26
P2801,MA_ROTA,E395,3,2,1.03
P2803,MA_ROTA,E395,3,2,3.78
P2804,MA_ROTA,E395,3,2,1.82
P2805,PN_PIQ,E395,3,2,0.79
P2806,PN_PIQ,E396,2,2,0.35
P2807,PN_PIQ,E396,2,2,0.14
P2808,PN_PIQ,E396,2,2,0.18
P2809,PN_PIQ,E396,2,2,0.28
P2810,MA_ROTA,E396,2,2,0.41
P2811,PN_PIQ,E396,2,2,0.37
P2812,PN_PIQ,E396,2,2,0.14
P2813,MA_ROTA,E396,2,2,0.7
P2814,MA_ROTA,E396,2,2,0.41
P2815,MA_ROTA,E396,2,2,0.39
P2816,PN_PIQ,E397,2,2,1.28
P2817,PN_PIQ,E397,2,2,2.32
P2818,MA_ROTA,E397,2,2,0.44
P2819,MA_ROTA,E397,2,2,0.52
P2820,PN_PIQ,E397,2,2,0.14
P2821,PN_PIQ,E398,7,3,0.61
P2822,PN_PIQ,E398,7,3,0.66
P2823,PN_PIQ,E398,7,3,1.09
P2824,PN_PIQ,E398,7,3,0.57
P2825,PN_PIQ,E398,7,3,0.81
P2826,PN_PIQ,E398,7,3,1.74
P2827,PN_PIQ,E399,7,3,1.06
P2828,PN_PIQ,E399,7,3,0.38
P2829,PN_PIQ,E399,7,3,0.51
P2830,PN_PIQ,E399,7,3,0.68
P2831,PN_PIQ,E400,7,3,0.41
P2832,PN_PIQ,E400,7,3,0.7
P2833,PN_PIQ,E400,7,3,1.53
P2834,PN_PIQ,E400,7,3,0.18
P2835,PN_PIQ,E400,7,3,0.79
P2836,PN_PIQ,E400,7,3,4.71
P2837,PN_PIQ,E400,7,3,0.52
P2838,PN_PIQ,E400,7,3,0.12
P2839,PN_PIQ,E400,7,3,1.55
P2840,PN_PIQ,E400,7,3,1.07
P2841,MA_ROTA,E401,2,2,2.0
P2842,PN_PIQ,E401,3,2,1.46
P2843,ME,E401,3,2,1.73
P2844,MA_ROTA,E401,3,2,1.49
P2845,PN_PIQ,E402,2,2,0.47
P2846,PN_PIQ,E402,2,2,0.39
P2847,PN_PIQ,E402,2,2,0.51
P2848,PN_PIQ,E402,2,2,0.55
P2849,PN_PIQ,E402,2,2,0.35
P2850,MA_ROTA,E403,1,2,1.88
P2851,MA_ROTA,E403,3,2,0.41
P2852,MA_ROTA,E403,1,2,1.66
P2853,PN_PIQ,E403,1,2,1.25
P2854,MA_ROTA,E403,1,2,3.0
P2855,MA_ROTA,E403,1,2,0.8
P2856,PN_PIQ,E404,7,3,0.32
P2857,PN_PIQ,E404,7,3,0.2
P2858,PN_PIQ,E404,7,3,0.09
P2859,PN_PIQ,E404,7,3,0.16
P2860,PN_PIQ,E404,7,3,0.45
P2861,PN_PIQ,E404,7,3,1.21
P2862,PN_PIQ,E404,7,3,0.21
P2863,MA_ROTA,E405,2,2,0.55
P2864,PN_PIQ,E405,2,2,0.29
P2865,MA_ROTA,E405,2,2,0.67
P2866,PN_PIQ,E406,1,2,1.4
P2867,MA_ROTA,E406,1,2,2.04
P2868,PN_PIQ,E406,2,2,0.87
P2869,PN_PIQ,E407,4,1,2.91
P2870,PN_PIQ,E407,4,1,3.15
P2871,PN_PIQ,E407,4,1,0.57
P2872,PN_PIQ,E407,4,1,0.03
P2873,PN_PIQ,E407,4,1,1.01
P2874,PN_PIQ,E408,3,2,0.5
P2875,PN_PIQ,E408,3,2,2.86
P2876,PN_PIQ,E408,3,2,0.42
P2877,PN_PIQ,E408,3,2,0.44
P2878,PN_PIQ,E408,3,2,1.14
P2879,PN_PIQ,E408,3,2,0.8
P2880,PN_PIQ,E408,3,2,1.85
P2881,PN_PIQ,E408,3,2,0.59
P2882,PN_PIQ,E408,3,2,0.51
P2884,MA_ROTA,E408,3,2,1.66
P2885,PN_PIQ,E408,3,2,0.39
P2886,PN_PIQ,E408,3,2,1.1
P2888,PN_PIQ,E409,2,2,0.87
P2889,PN_PIQ,E409,2,2,0.1
P2890,PN_PIQ,E409,2,2,0.32
P2891,PN_PIQ,E409,2,2,0.2
P2892,MA_ROTA,E409,2,2,1.72
P2893,MA_ROTA,E410,1,2,0.65
P2894,MA_ROTA,E410,1,2,0.74
P2895,PN_PIQ,E410,1,2,0.54
P2896,MA_ROTA,E410,1,2,0.34
P2897,PN_PIQ,E410,1,2,2.07
P2898,MA_ROTA,E411,5,1,3.44
P2899,MA_ROTA,E411,5,1,4.69
P2901,PN_PIQ,E411,5,1,0.95
P2902,PN_PIQ,E411,5,1,0.44
P2904,MA_ROTA,E411,5,1,1.79
P2905,PN_PIQ,E411,6,1,6.53
P2906,PN_PIQ,E412,7,3,6.34
P2907,TH,E413,6,1,2.36
P2908,TH,E413,6,1,2.58
P2910,TH,E413,6,1,1.14
P2911,TH,E413,6,1,0.42
P2912,TH,E413,6,1,0.03
P2913,TH,E413,6,1,1.77
P2914,TH,E413,6,1,0.44
P2915,TH,E413,6,1,1.49
P2916,TH,E413,6,1,1.39
P2917,TH,E413,6,1,0.5
P2918,AG,E414,5,1,0.51
P2919,IG_PLA,E414,5,1,0.34
P2920,AN_PA,E414,5,1,0.17
P2921,AN_PA,E414,5,1,0.31
P2922,BC_BT,E414,5,1,0.41
P2923,AG,E414,5,1,0.66
P2924,IG_PLA,E414,5,1,0.55
P2925,BC_BT,E414,5,1,0.42
P2926,AG,E414,5,1,1.68
P2927,PN_PIQ,E415,3,2,0.24
P2928,MA_ROTA,E415,3,2,0.35
P2929,MA_ROTA,E415,3,2,0.12
P2930,MA_ROTA,E415,3,2,1.91
P2931,MA_ROTA,E415,3,2,1.64
P2932,MA_ROTA,E415,3,2,0.43
P2933,MA_ROTA,E415,3,2,2.5
P2934,MA_ROTA,E415,3,2,1.7
P2935,MA_ROTA,E415,3,2,0.17
P2936,MA_ROTA,E415,3,2,1.6
P2937,MA_ROTA,E415,3,2,0.74
P2939,PN_PIQ,E415,3,2,1.42
P2940,MA_ROTA,E415,3,2,0.91
P2941,PN_PIQ,E415,3,2,0.71
P2942,MA_ROTA,E415,3,2,1.92
P2943,IG_PLA,E416,4,1,6.15
P2944,BC_BT,E416,4,1,1.84
P2945,AG,E416,4,1,1.38
P2946,MA_PAI_NON_NI,E416,4,1,2.5
P2947,PN_PIQ,E417,2,2,0.54
P2948,MA_ROTA,E417,2,2,0.08
P2949,PN_PIQ,E417,2,2,0.27
P2950,MA_ROTA,E417,2,2,0.73
P2953,MA_ROTA,E417,2,2,0.18
P2954,MA_ROTA,E417,2,2,1.01
P2956,PN_PIQ,E418,2,2,3.45
P2957,PN_PIQ,E419,2,2,0.18
P2958,MA_ROTA,E419,2,2,0.07
P2959,MA_ROTA,E419,2,2,0.67
P2960,MA_ROTA,E419,2,2,0.34
P2961,MA_ROTA,E419,2,2,0.08
P2962,MA_ROTA,E419,2,2,0.4
P2963,MA_ROTA,E420,2,2,1.05
P2964,PN_PIQ,E420,2,2,1.72
P2965,MA_ROTA,E420,2,2,1.2
P2966,PN_PIQ,E421,3,2,1.16
P2967,MA_ROTA,E421,3,2,1.56
P2968,PN_PIQ,E421,3,2,2.36
P2969,PN_PIQ,E421,3,2,2.44
P2971,PN_PIQ,E422,2,2,0.77
P2972,MA_ROTA,E423,2,2,0.88
P2973,PN_PIQ,E423,2,2,0.23
P2974,MA_ROTA,E423,2,2,0.48
P2975,MA_ROTA,E423,2,2,0.99
P2976,PN_PIQ,E423,2,2,0.16
P2977,MA_ROTA,E423,2,2,0.48
P2978,PN_PIQ,E424,3,2,1.07
P2980,PN_PIQ,E424,3,2,0.63
P2981,PN_PIQ,E424,3,2,0.3
P2982,PN_PIQ,E424,3,2,0.98
P2983,MA_ROTA,E425,3,2,2.13
P2984,MA_ROTA,E425,3,2,0.2
P2985,MA_ROTA,E425,3,2,1.01
P2986,PN_PIQ,E425,3,2,1.16
P2987,MA_ROTA,E425,3,2,0.14
P2988,MA_ROTA,E425,3,2,2.64
P2989,PN_PIQ,E425,3,2,0.16
P2990,PN_PIQ,E425,3,2,1.41
P2991,MA_ROTA,E425,3,2,0.07
P2992,MA_ROTA,E425,3,2,0.62
P2993,PN_PIQ,E425,3,2,0.15
P2994,PN_PIQ,E425,3,2,0.92
P2995,MA_ROTA,E426,2,2,0.26
P2996,PN_PIQ,E426,2,2,0.27
P2997,PN_PIQ,E426,2,2,0.16
P2998,MA_ROTA,E426,2,2,1.49
P2999,MA_ROTA,E426,2,2,0.78
P3000,MA_ROTA,E426,2,2,0.2
P3001,MA_ROTA,E427,3,2,0.95
P3002,MA_ROTA,E428,2,2,12.27
P3003,MA_ROTA,E428,2,2,4.49
P3004,MA_ROTA,E428,2,2,5.74
P3005,MA_ROTA,E428,2,2,11.55
P3006,MA_ROTA,E428,2,2,4.97
P3007,MA_ROTA,E428,2,2,4.37
P3008,MA_ROTA,E428,2,2,4.89
P3009,PN_PIQ,E429,2,2,0.46
P3010,PN_PIQ,E429,2,2,1.61
P3011,PN_PIQ,E430,7,3,0.44
P3012,PN_PIQ,E430,7,3,0.25
P3013,PN_PIQ,E430,7,3,0.12
P3014,PN_PIQ,E430,7,3,0.37
P3015,PN_PIQ,E430,7,3,0.77
P3016,PN_PIQ,E430,7,3,0.2
P3017,PN_PIQ,E430,7,3,1.21
P3018,PN_PIQ,E430,7,3,0.68
P3019,PN_PIQ,E430,7,3,0.08
P3020,PN_PIQ,E430,7,3,0.86
P3021,PN_PIQ,E430,7,3,0.49
P3022,PN_PIQ,E431,7,3,0.49
P3023,PN_PIQ,E431,7,3,0.4
P3024,PN_PIQ,E431,7,3,0.37
P3025,PN_PIQ,E431,7,3,0.34
P3026,PN_PIQ,E431,7,3,0.21
P3027,PN_PIQ,E431,7,3,0.19
P3028,PN_PIQ,E432,1,2,0.28
P3029,MA_ROTA,E432,3,2,0.46
P3030,PN_PIQ,E432,3,2,0.27
P3031,MA_ROTA,E432,3,2,2.07
P3032,PN_PIQ,E432,3,2,0.42
P3033,PN_PIQ,E432,3,2,0.15
P3034,MA_ROTA,E432,3,2,0.28
P3035,PN_PIQ,E432,1,2,0.14
P3036,MA_ROTA,E433,2,2,0.26
P3037,MA_ROTA,E433,2,2,1.01
P3038,MA_ROTA,E433,2,2,1.53
P3039,MA_ROTA,E434,1,2,0.9
P3040,MA_ROTA,E434,1,2,1.32
P3041,PN_PIQ,E434,1,2,0.27
P3042,MA_ROTA,E434,1,2,0.07
P3043,PN_PIQ,E435,4,1,1.34
P3044,PN_PIQ,E435,4,1,1.68
P3045,PN_PIQ,E435,4,1,1.63
P3046,PN_PIQ,E435,4,1,0.98
P3047,PN_PIQ,E435,4,1,2.12
P3048,MA_ROTA,E435,4,1,3.26
P3049,BC_BT,E436,5,1,0.42
P3050,AN_PA,E436,5,1,0.23
P3051,IG_PLA,E436,5,1,0.16
P3052,AN_PA,E436,5,1,0.93
P3053,MA_ROTA,E437,2,2,1.3
P3056,PN_PIQ,E437,2,2,5.49
P3057,MA_ROTA,E438,2,2,0.52
P3058,MA_ROTA,E438,2,2,0.11
P3060,MA_ROTA,E438,2,2,0.28
P3061,PN_PIQ,E438,2,2,0.23
P3062,MA_ROTA,E438,2,2,0.26
P3063,AG,E439,4,1,0.37
P3064,MA_ROTA,E439,2,2,0.24
P3065,MA_ROTA,E439,5,1,0.55
P3066,PN_PIQ,E440,7,3,0.62
P3067,PN_PIQ,E440,7,3,3.29
P3068,PN_PIQ,E440,7,3,0.37
P3069,PN_PIQ,E440,7,3,0.05
P3070,PN_PIQ,E440,7,3,0.47
P3071,PN_PIQ,E440,7,3,0.26
P3072,PN_PIQ,E440,7,3,0.6
P3073,PN_PIQ,E440,7,3,0.09
P3074,PN_PIQ,E440,7,3,0.69
P3075,PN_PIQ,E440,7,3,0.3
P3076,PN_PIQ,E440,7,3,0.36
P3077,PN_PIQ,E440,7,3,0.11
P3078,PN_PIQ,E440,7,3,1.04
P3079,PN_PIQ,E441,7,3,0.28
P3080,PN_PIQ,E441,7,3,0.41
P3081,PN_PIQ,E441,7,3,0.14
P3082,PN_PIQ,E441,7,3,0.96
P3083,PN_PIQ,E441,7,3,1.46
P3084,PN_PIQ,E442,7,3,0.69
P3085,PN_PIQ,E442,7,3,0.62
P3086,PN_PIQ,E442,7,3,0.6
P3087,PN_PIQ,E442,7,3,0.72
P3088,MA_ROTA,E443,3,2,0.65
P3089,MA_ROTA,E443,3,2,0.94
P3090,PN_PIQ,E443,3,2,1.18
P3093,PN_PIQ,E443,3,2,0.14
P3094,MA_ROTA,E443,3,2,0.55
P3095,MA_ROTA,E443,3,2,0.43
P3096,MA_ROTA,E443,3,2,0.66
P3097,PN_PIQ,E443,3,2,0.59
P3098,MA_ROTA,E443,3,2,1.64
P3099,MA_ROTA,E443,3,2,1.44
P3100,MA_ROTA,E443,3,2,1.5
P3101,MA_ROTA,E443,3,2,0.78
P3102,PN_PIQ,E443,3,2,1.84
P3103,MA_ROTA,E443,3,2,0.6
P3104,MA_ROTA,E443,3,2,0.62
P3105,PN_PIQ,E443,3,2,1.47
P3106,ME,E443,3,2,1.09
P3107,MA_ROTA,E443,3,2,0.51
P3108,MA_ROTA,E443,3,2,0.85
P3109,MA_ROTA,E443,3,2,0.31
P3110,PN_PIQ,E444,3,2,0.79
P3111,PN_PIQ,E444,3,2,2.37
P3112,MA_ROTA,E444,3,2,0.81
P3113,MA_ROTA,E444,3,2,0.34
P3114,PN_PIQ,E444,3,2,0.43
P3115,MA_ROTA,E444,3,2,0.52
P3116,MA_ROTA,E444,3,2,0.51
P3117,MA_ROTA,E444,3,2,3.18
P3118,MA_ROTA,E444,3,2,0.6
P3119,MA_ROTA,E444,3,2,0.17
P3121,MA_ROTA,E444,3,2,0.06
P3122,PN_PIQ,E444,3,2,0.42
P3124,PN_PIQ,E444,3,2,2.41
P3125,PN_PIQ,E444,3,2,0.87
P3126,MA_ROTA,E444,3,2,1.69
P3127,PN_PIQ,E445,2,2,0.28
P3128,PN_PIQ,E445,2,2,0.54
P3129,MA_ROTA,E445,2,2,1.93
P3130,PN_PIQ,E445,2,2,1.86
P3131,PN_PIQ,E445,2,2,0.37
P3132,MA_ROTA,E445,2,2,0.36
P3133,PN_PIQ,E445,2,2,0.04
P3134,PN_PIQ,E445,2,2,0.46
P3135,MA_ROTA,E446,2,2,0.13
P3136,MA_ROTA,E446,2,2,1.82
P3137,PN_PIQ,E446,2,2,0.14
P3138,MA_ROTA,E447,5,1,0.05
P3139,MA_ROTA,E448,3,2,0.96
P3140,PN_PIQ,E448,3,2,0.53
P3141,MA_ROTA,E448,3,2,1.81
P3142,PN_PIQ,E448,3,2,0.98
P3143,PN_PIQ,E449,2,2,1.59
P3144,MA_ROTA,E449,2,2,1.19
P3145,PN_PIQ,E449,2,2,1.0
P3146,PN_PIQ,E449,2,2,1.62
P3147,PN_PIQ,E449,2,2,0.3
P3148,PN_PIQ,E450,2,2,0.82
P3149,PN_PIQ,E450,2,2,1.09
P3150,PN_PIQ,E450,2,2,0.44
P3151,MA_ROTA,E451,3,2,0.72
P3152,PN_PIQ,E451,3,2,0.48
P3153,MA_ROTA,E451,3,2,1.4
P3154,PN_PIQ,E451,3,2,1.27
P3155,PN_PIQ,E451,3,2,0.08
P3156,MA_ROTA,E451,3,2,1.66
P3157,MA_ROTA,E451,3,2,1.51
P3158,MA_ROTA,E451,3,2,1.25
P3159,PN_PIQ,E451,3,2,0.46
P3160,MA_ROTA,E451,3,2,0.47
P3161,AN_PA,E452,5,1,0.27
P3162,AN_PA,E452,5,1,0.57
P3163,AN_PA,E452,5,1,0.25
P3164,AN_PA,E452,5,1,0.2
P3165,BC_BT,E452,5,1,1.29
P3166,BC_BT,E453,6,1,9.06
P3167,PN_PIQ,E453,6,1,0.59
P3168,MA_ROTA,E454,2,2,1.17
P3169,MA_ROTA,E454,2,2,0.68
P3170,PN_PIQ,E454,2,2,0.58
P3171,MA_ROTA,E454,2,2,1.5
P3173,PN_PIQ,E455,2,2,1.28
P3174,MA_ROTA,E456,3,2,0.82
P3175,MA_ROTA,E456,3,2,0.55
P3176,MA_ROTA,E456,3,2,0.4
P3177,PN_PIQ,E456,3,2,0.23
P3178,PN_PIQ,E456,3,2,0.27
P3179,PN_PIQ,E456,3,2,0.14
P3180,PN_PIQ,E457,1,2,0.69
P3181,PN_PIQ,E457,1,2,1.67
P3182,PN_PIQ,E457,1,2,0.39
P3183,PN_PIQ,E458,1,2,0.66
P3184,PN_PIQ,E458,1,2,1.26
P3185,PN_PIQ,E458,1,2,0.05
P3186,PN_PIQ,E459,1,2,0.28
P3187,MA_ROTA,E460,2,2,1.31
P3188,MA_ROTA,E460,2,2,4.53
P3189,PN_PIQ,E460,2,2,0.54
P3190,PN_PIQ,E460,2,2,1.09
P3191,MA_ROTA,E460,2,2,0.37
P3192,MA_ROTA,E460,2,2,0.3
P3193,MA_ROTA,E460,2,2,3.64
P3194,MA_ROTA,E460,2,2,0.3
P3195,MA_ROTA,E461,2,2,1.0
P3196,MA_ROTA,E461,2,2,0.58
P3197,MA_ROTA,E461,2,2,0.47
P3198,PN_PIQ,E462,7,3,0.44
P3199,PN_PIQ,E462,7,3,0.28
P3200,PN_PIQ,E462,7,3,0.6
P3201,PN_PIQ,E462,7,3,0.46
P3202,PN_PIQ,E462,7,3,0.58
P3203,PN_PIQ,E462,7,3,0.58
P3204,PN_PIQ,E462,7,3,0.43
P3205,PN_PIQ,E463,7,3,3.34
P3206,PN_PIQ,E463,7,3,0.24
P3207,PN_PIQ,E463,7,3,0.48
P3208,PN_PIQ,E463,7,3,0.28
P3209,PN_PIQ,E464,2,2,2.84
P3210,PN_PIQ,E465,7,3,1.73
P3211,PN_PIQ,E465,7,3,0.38
P3212,PN_PIQ,E465,7,3,0.29
P3213,PN_PIQ,E465,7,3,0.28
P3214,MA_ROTA,E466,1,2,8.8
P3216,PN_PIQ,E467,4,1,1.22
P3217,PN_PIQ,E467,7,3,1.3
P3218,PN_PIQ,E467,7,3,0.88
P3219,PN_PIQ,E468,7,3,0.59
P3220,PN_PIQ,E468,7,3,1.12
P3221,PN_PIQ,E468,7,3,1.28
P3222,PN_PIQ,E468,7,3,0.52
P3223,PN_PIQ,E468,7,3,1.55
P3224,PN_PIQ,E468,7,3,0.55
P3225,PN_PIQ,E468,7,3,1.35
P3226,PN_PIQ,E469,7,3,0.61
P3227,PN_PIQ,E469,7,3,0.41
P3228,PN_PIQ,E469,7,3,0.31
P3229,PN_PIQ,E469,7,3,0.21
P3230,PN_PIQ,E469,7,3,0.66
P3231,PN_PIQ,E470,7,3,0.72
P3232,PN_PIQ,E471,3,2,1.28
P3233,PN_PIQ,E471,3,2,0.63
P3234,PN_PIQ,E471,3,2,0.93
P3236,MA_ROTA,E471,3,2,1.44
P3237,MA_ROTA,E471,3,2,0.35
P3238,PN_PIQ,E471,3,2,0.29
P3239,PN_PIQ,E471,3,2,0.52
P3241,MA_ROTA,E472,3,2,0.28
P3242,MA_ROTA,E472,3,2,2.05
P3243,MA_ROTA,E472,3,2,1.79
P3244,PN_PIQ,E472,3,2,0.8
P3245,MA_ROTA,E472,3,2,0.2
P3247,PN_PIQ,E473,7,3,0.69
P3248,PN_PIQ,E473,7,3,1.6
P3249,PN_PIQ,E473,7,3,0.74
P3250,PN_PIQ,E474,7,3,1.19
P3251,PN_PIQ,E474,7,3,0.31
P3252,PN_PIQ,E474,7,3,0.91
P3253,PN_PIQ,E474,7,3,0.2
P3254,MA_ROTA,E475,4,1,0.04
P3255,MA_ROTA,E475,4,1,0.43
P3256,PN_PIQ,E475,4,1,0.3
P3257,PN_PIQ,E475,4,1,5.87
P3258,PN_PIQ,E475,4,1,0.53
P3259,MA_ROTA,E475,4,1,0.55
P3260,MA_ROTA,E475,4,1,0.02
P3261,MA_ROTA,E475,4,1,0.11
P3262,PN_PIQ,E475,4,1,0.29
P3263,MA_ROTA,E475,4,1,0.33
P3264,MA_ROTA,E475,4,1,0.03
P3265,PN_PIQ,E475,4,1,0.09
P3266,PN_PIQ,E475,4,1,0.56
P3267,PN_PIQ,E475,4,1,0.59
P3268,PN_PIQ,E475,4,1,0.54
P3269,PN_PIQ,E475,4,1,0.56
P3270,MA_ROTA,E475,4,1,0.4
P3271,MA_ROTA,E475,4,1,1.88
P3272,PN_PIQ,E475,4,1,1.06
P3273,MA_ROTA,E475,4,1,2.38
P3274,PN_PIQ,E475,4,1,0.53
P3275,PN_PIQ,E475,4,1,0.46
P3276,PN_PIQ,E475,4,1,0.53
P3277,PN_PIQ,E475,4,1,0.54
P3278,PN_PIQ,E475,4,1,0.48
P3280,MA_ROTA,E475,4,1,11.09
P3281,PN_PIQ,E476,4,1,1.95
P3282,PN_PIQ,E477,2,2,0.16
P3283,PN_PIQ,E477,2,2,3.42
P3284,PN_PIQ,E478,4,1,0.28
P3285,PN_PIQ,E478,4,1,3.23
P3286,PN_PIQ,E479,1,2,4.11
P3287,PN_PIQ,E479,2,2,1.49
P3288,PN_PIQ,E480,2,2,1.36
P3289,PN_PIQ,E480,2,2,0.38
P3290,PN_PIQ,E480,2,2,2.46
P3291,PN_PIQ,E481,3,2,1.54
P3292,MA_ROTA,E482,2,2,1.23
P3293,PN_PIQ,E482,2,2,1.07
P3294,MA_ROTA,E482,2,2,2.38
P3295,PN_PIQ,E482,2,2,2.3
P3296,AN_PA,E483,6,1,2.26
P3297,AG,E483,6,1,1.56
P3298,AG,E483,6,1,0.74
P3299,AN_PA,E483,6,1,2.61
P3300,AN_PA,E483,6,1,5.64
P3301,PN_PIQ,E483,6,1,1.64
P3302,AN_PA,E483,6,1,1.72
P3303,IG_PLA,E483,6,1,1.32
P3304,MA_PAI_NON_NI,E483,6,1,0.46
P3305,AN_PA,E483,6,1,1.21
P3306,AG,E483,6,1,0.84
P3307,AN_PA,E483,6,1,1.5
P3308,AN_PA,E483,6,1,1.27
P3309,AN_PA,E483,6,1,3.33
P3310,AN_PA,E484,6,1,1.19
P3311,TH,E484,6,1,1.21
P3312,TH,E484,6,1,0.56
P3313,TH,E484,6,1,0.28
P3314,AN_PA,E484,6,1,1.03
P3315,AN_PA,E484,6,1,0.8
P3316,MA_ROTA,E485,5,1,0.31
P3318,MA_ROTA,E485,5,1,0.47
P3319,AN_PA,E485,5,1,0.42
P3320,TH,E485,5,1,0.22
P3321,AN_PA,E485,5,1,0.23
P3322,AN_PA,E485,5,1,0.15
P3323,AN_PA,E485,5,1,0.12
P3325,TH,E485,5,1,0.07
P3327,TH,E485,5,1,0.14
P3328,TH,E485,5,1,0.27
P3329,TH,E485,5,1,0.24
P3330,AN_PA,E485,5,1,0.27
P3331,AN_PA,E485,5,1,0.4
P3332,AG,E486,5,1,1.0
P3333,AN_PA,E486,5,1,0.57
P3334,AG,E486,5,1,0.52
P3335,IG_PLA,E486,5,1,0.27
P3336,AN_PA,E486,5,1,0.65
P3337,IG_PLA,E486,5,1,1.3
P3338,AN_PA,E486,5,1,0.87
P3339,AN_PA,E486,5,1,1.47
P3340,AG,E486,5,1,0.89
P3341,AN_PA,E486,5,1,1.0
P3343,IG_PLA,E486,5,1,0.65
P3344,AN_PA,E486,5,1,0.7
P3345,AG,E486,5,1,1.21
P3346,MA_ROTA,E487,2,2,1.42
P3347,TH,E488,6,1,1.23
P3348,TH,E488,6,1,0.78
P3349,TH,E488,6,1,0.81
P3350,TH,E488,6,1,2.27
P3351,AN_PA,E488,6,1,0.46
P3352,TH,E488,6,1,0.34
P3353,TH,E488,6,1,0.91
P3354,AN_PA,E489,6,1,0.21
P3355,TH,E489,6,1,0.21
P3356,TH,E489,6,1,0.77
P3357,TH,E490,5,1,0.1
P3358,AN_PA,E490,5,1,0.28
P3360,AN_PA,E490,5,1,0.52
P3361,TH,E490,5,1,0.01
P3362,AN_PA,E490,5,1,0.67
P3363,AN_PA,E490,5,1,1.21
P3364,TH,E490,5,1,0.65
P3365,TH,E490,5,1,0.23
P3366,PN_PIQ,E490,5,1,0.23
P3367,PN_PIQ,E490,5,1,1.02
P3368,TH,E490,5,1,0.64
P3369,AN_PA,E490,5,1,1.59
P3371,IG_PLA,E490,6,1,1.66
P3372,AN_PA,E490,6,1,1.81
P3373,TH,E490,5,1,3.99
P3374,TH,E490,5,1,1.4
P3375,AN_PA,E490,5,1,0.1
P3376,AN_PA,E490,5,1,3.63
P3377,TH,E490,5,1,0.12
P3378,TH,E490,5,1,0.12
P3379,AN_PA,E490,5,1,0.11
P3380,TH,E490,5,1,0.1
P3381,TH,E490,5,1,0.02
P3382,TH,E490,5,1,0.17
P3383,PN_PIQ,E491,2,2,1.27
P3384,PN_PIQ,E492,3,2,0.26
P3385,PN_PIQ,E492,3,2,0.24
P3386,PN_PIQ,E492,3,2,0.31
P3391,MA_ROTA,E494,5,1,0.3
P3392,MA_ROTA,E494,5,1,0.22
P3393,MA_ROTA,E494,5,1,0.24
P3394,MA_ROTA,E494,5,1,0.22
P3395,MA_ROTA,E495,2,2,1.46
P3396,MA_ROTA,E495,2,2,1.01
P3397,PN_PIQ,E496,2,2,0.16
P3398,PN_PIQ,E496,2,2,0.06
P3399,MA_ROTA,E496,2,2,1.52
P3400,PN_PIQ,E496,2,2,0.66
P3401,PN_PIQ,E496,2,2,0.55
P3402,PN_PIQ,E496,2,2,0.32
P3403,PN_PIQ,E496,2,2,0.93
P3404,PN_PIQ,E496,2,2,0.22
P3405,PN_PIQ,E496,2,2,0.12
P3406,PN_PIQ,E496,2,2,0.24
P3407,PN_PIQ,E496,2,2,0.65
P3408,MA_ROTA,E497,2,2,0.5
P3409,PN_PIQ,E497,2,2,0.15
P3410,PN_PIQ,E497,2,2,1.34
P3411,MA_ROTA,E497,2,2,1.46
P3412,MA_ROTA,E497,2,2,0.83
P3413,PN_PIQ,E497,2,2,0.54
P3414,MA_ROTA,E497,2,2,2.76
P3415,PN_PIQ,E497,2,2,0.42
P3416,PN_PIQ,E497,2,2,0.36
P3417,PN_PIQ,E497,2,2,0.15
P3419,PN_PIQ,E498,1,2,0.16
P3420,PN_PIQ,E498,1,2,0.49
P3421,MA_ROTA,E498,1,2,0.17
P3422,PN_PIQ,E498,1,2,0.09
P3423,MA_ROTA,E498,1,2,0.84
P3425,MA_ROTA,E498,1,2,1.03
P3426,MA_ROTA,E498,1,2,0.39
P3427,ME,E498,1,2,0.83
P3428,MA_ROTA,E498,1,2,0.48
P3429,MA_ROTA,E498,1,2,1.69
P3430,MA_ROTA,E498,1,2,0.5
P3431,MA_ROTA,E498,1,2,0.34
P3432,MA_ROTA,E498,1,2,0.41
P3433,PN_PIQ,E498,1,2,0.61
P3434,MA_ROTA,E499,2,2,1.45
P3435,MA_ROTA,E499,2,2,0.13
P3436,MA_ROTA,E500,3,2,1.46
P3437,MA_ROTA,E501,2,2,2.98
P3438,MA_ROTA,E502,2,2,0.93
P3439,MA_ROTA,E502,2,2,1.8
P3440,MA_ROTA,E502,2,2,0.31
P3441,MA_ROTA,E502,2,2,0.38
P3443,MA_ROTA,E502,2,2,0.65
P3445,PN_PIQ,E502,2,2,0.08
P3447,MA_ROTA,E502,2,2,0.35
P3449,MA_ROTA,E503,5,1,1.06
P3450,MA_ROTA,E503,5,1,1.09
P3451,MA_ROTA,E503,5,1,1.59
P3453,MA_ROTA,E503,5,1,0.84
P3454,MA_ROTA,E503,5,1,0.37
P3455,MA_ROTA,E503,5,1,0.48
P3456,MA_ROTA,E503,5,1,0.39
P3457,AN_PA,E503,5,1,0.37
P3458,AG,E503,5,1,0.97
P3459,MA_ROTA,E503,5,1,0.77
P3460,AN_PA,E503,5,1,0.79
P3461,AN_PA,E503,5,1,0.35
P3462,AN_PA,E503,5,1,0.34
P3463,AN_PA,E503,5,1,0.35
P3464,AN_PA,E503,5,1,0.93
P3465,MA_ROTA,E503,5,1,0.54
P3466,MA_ROTA,E503,5,1,0.22
P3467,MA_ROTA,E503,5,1,0.59
P3468,MA_ROTA,E503,5,1,0.52
P3469,MA_ROTA,E503,5,1,0.39
P3470,MA_ROTA,E503,5,1,0.44
P3471,MA_ROTA,E503,5,1,0.32
P3472,IG_PLA,E504,5,1,0.97
P3474,AG,E504,5,1,0.39
P3478,AN_PA,E504,5,1,1.47
P3479,IG_PLA,E504,5,1,0.85
P3480,AN_PA,E504,5,1,0.85
P3481,IG_PLA,E504,5,1,0.51
P3482,MA_ROTA,E505,3,2,1.34
P3483,MA_ROTA,E505,3,2,2.18
P3484,PN_PIQ,E505,3,2,0.54
P3485,MA_ROTA,E505,3,2,0.37
P3486,MA_ROTA,E505,3,2,0.04
P3487,MA_ROTA,E505,3,2,0.34
P3488,MA_ROTA,E505,3,2,0.4
P3489,MA_ROTA,E505,3,2,0.3
P3490,PN_PIQ,E505,3,2,0.28
P3491,MA_ROTA,E505,3,2,3.33
P3492,MA_ROTA,E505,3,2,2.86
P3493,MA_ROTA,E505,3,2,0.8
P3495,PN_PIQ,E506,4,1,2.69
P3496,PN_PIQ,E506,4,1,0.66
P3497,MA_ROTA,E507,2,2,0.1
P3498,MA_ROTA,E507,2,2,0.22
P3499,MA_ROTA,E507,2,2,0.86
P3500,PN_PIQ,E507,2,2,0.26
P3501,MA_ROTA,E507,2,2,0.21
P3502,PN_PIQ,E508,1,2,1.24
P3503,PN_PIQ,E508,1,2,0.78
P3504,MA_ROTA,E508,1,2,4.56
P3505,MA_ROTA,E508,1,2,4.23
P3506,MA_ROTA,E508,1,2,0.72
P3507,PN_PIQ,E509,1,2,2.33
P3508,PN_PIQ,E509,1,2,1.12
P3509,PN_PIQ,E510,4,1,0.41
P3510,PN_PIQ,E510,4,1,2.3
P3511,PN_PIQ,E510,4,1,1.99
P3512,PN_PIQ,E510,4,1,0.66
P3513,PN_PIQ,E510,4,1,0.25
P3514,PN_PIQ,E510,4,1,0.51
P3515,PN_PIQ,E510,4,1,0.48
P3516,PN_PIQ,E510,4,1,2.16
P3517,PN_PIQ,E510,4,1,1.98
P3518,PN_PIQ,E510,4,1,0.5
P3519,PN_PIQ,E510,4,1,1.15
P3520,PN_PIQ,E510,4,1,1.05
P3522,PN_PIQ,E511,6,1,0.38
P3525,BC_BT,E511,6,1,0.31
P3526,IG_PLA,E511,6,1,0.18
P3527,AG,E511,6,1,0.37
P3528,IG_PLA,E511,6,1,0.27
P3529,BC_BT,E511,6,1,0.06
P3530,IG_PLA,E511,6,1,0.24
P3532,IG_PLA,E511,6,1,0.13
P3533,AG,E511,6,1,0.12
P3534,PN_PIQ,E511,6,1,0.22
P3535,BC_BT,E511,6,1,0.24
P3536,BC_BT,E511,6,1,0.28
P3537,MA_ROTA,E512,3,2,1.19
P3538,MA_ROTA,E512,3,2,1.73
P3539,MA_ROTA,E512,3,2,1.01
P3540,MA_ROTA,E512,3,2,1.0
P3541,PN_PIQ,E512,3,2,4.48
P3542,MA_ROTA,E513,2,2,0.83
P3543,PN_PIQ,E514,2,2,1.42
P3544,PN_PIQ,E514,2,2,0.1
P3545,PN_PIQ,E514,2,2,0.12
P3546,MA_ROTA,E515,2,2,0.65
P3547,MA_ROTA,E515,2,2,0.36
P3548,PN_PIQ,E515,2,2,0.85
P3549,PN_PIQ,E515,2,2,0.21
P3550,PN_PIQ,E516,4,1,2.51
P3552,PN_PIQ,E516,4,1,1.55
P3554,PN_PIQ,E516,4,1,2.51
P3555,PN_PIQ,E516,4,1,1.92
P3556,PN_PIQ,E516,4,1,1.6
P3557,PN_PIQ,E516,4,1,1.91
P3558,PN_PIQ,E516,4,1,0.88
P3559,PN_PIQ,E516,4,1,0.77
P3560,PN_PIQ,E516,4,1,0.67
P3561,PN_PIQ,E516,4,1,0.87
P3562,PN_PIQ,E516,4,1,0.51
P3563,PN_PIQ,E516,4,1,0.68
P3564,PN_PIQ,E516,4,1,0.66
P3565,PN_PIQ,E516,4,1,1.19
P3566,PN_PIQ,E516,4,1,0.85
P3568,PN_PIQ,E516,4,1,0.67
P3570,PN_PIQ,E516,4,1,1.61
P3571,PN_PIQ,E516,4,1,1.18
P3572,PN_PIQ,E516,4,1,1.01
P3573,PN_PIQ,E516,4,1,0.41
P3574,PN_PIQ,E516,4,1,1.0
P3575,PN_PIQ,E516,4,1,0.41
P3577,PN_PIQ,E516,4,1,1.12
P3578,PN_PIQ,E517,7,3,1.04
P3579,PN_PIQ,E518,2,2,0.5
P3580,PN_PIQ,E518,2,2,1.11
P3581,PN_PIQ,E518,2,2,0.41
P3582,MA_ROTA,E519,3,2,0.24
P3583,MA_ROTA,E519,3,2,0.63
P3584,ME,E519,3,2,0.08
P3585,PN_PIQ,E519,3,2,0.45
P3586,PN_PIQ,E519,3,2,1.12
P3587,MA_ROTA,E519,3,2,0.47
P3588,PN_PIQ,E519,3,2,0.28
P3589,PN_PIQ,E519,3,2,1.59
P3590,MA_ROTA,E519,3,2,1.31
P3591,PN_PIQ,E519,3,2,0.75
P3592,MA_ROTA,E519,3,2,0.44
P3593,PN_PIQ,E519,3,2,0.49
P3594,MA_ROTA,E519,3,2,0.84
P3595,MA_ROTA,E519,3,2,0.66
P3596,PN_PIQ,E519,3,2,0.64
P3597,PN_PIQ,E520,3,2,1.63
P3598,MA_ROTA,E520,3,2,0.91
P3599,PN_PIQ,E520,3,2,0.18
P3600,PN_PIQ,E521,7,3,0.41
P3601,PN_PIQ,E521,7,3,0.29
P3602,PN_PIQ,E521,7,3,0.18
P3603,PN_PIQ,E521,7,3,0.45
P3604,PN_PIQ,E521,7,3,1.0
P3605,PN_PIQ,E521,7,3,0.32
P3606,MA_ROTA,E522,2,2,0.65
P3607,MA_ROTA,E522,2,2,1.88
P3608,PN_PIQ,E523,7,3,5.09
P3609,PN_PIQ,E523,7,3,0.36
P3610,PN_PIQ,E523,7,3,0.87
P3611,PN_PIQ,E523,7,3,0.08
P3612,PN_PIQ,E523,7,3,1.39
P3613,PN_PIQ,E523,7,3,1.44
P3614,MA_ROTA,E524,5,1,0.33
P3615,MA_ROTA,E524,5,1,0.38
P3616,AG,E524,5,1,0.33
P3617,MA_ROTA,E524,5,1,0.33
P3618,MA_ROTA,E524,5,1,0.16
P3619,IG_PLA,E524,5,1,0.82
P3620,MA_ROTA,E524,5,1,0.8
P3621,MA_ROTA,E524,5,1,0.41
P3622,MA_ROTA,E524,5,1,0.18
P3623,MA_ROTA,E524,5,1,0.6
P3624,PN_PIQ,E525,6,1,2.49
P3625,MA_ROTA,E526,2,2,0.84
P3626,MA_ROTA,E526,2,2,0.9
P3627,MA_ROTA,E527,2,2,1.08
P3628,ME,E528,2,2,0.21
P3629,MA_ROTA,E528,2,2,0.2
P3630,MA_ROTA,E528,2,2,0.73
P3631,PN_PIQ,E528,2,2,1.23
P3632,MA_ROTA,E529,2,2,0.41
P3633,MA_ROTA,E529,2,2,0.51
P3634,MA_ROTA,E529,2,2,0.34
P3635,MA_ROTA,E529,2,2,0.65
P3636,PN_PIQ,E529,2,2,1.3
P3638,AN_PA,E530,5,1,0.25
P3639,TH,E530,5,1,0.35
P3641,AG,E530,5,1,0.95
P3642,BC_BT,E530,5,1,0.9
P3643,IG_PLA,E530,5,1,0.6
P3644,BC_BT,E530,5,1,0.48
P3645,PN_PIQ,E531,6,1,0.82
P3646,PN_PIQ,E531,6,1,0.47
P3647,PN_PIQ,E531,6,1,0.41
P3648,IG_PLA,E531,6,1,1.61
P3649,IG_PLA,E531,6,1,0.65
P3650,IG_PLA,E531,6,1,0.5
P3651,AN_PA,E531,6,1,0.48
P3652,AN_PA,E531,6,1,0.5
P3653,AN_PA,E531,6,1,0.29
P3654,MA_ROTA,E532,4,1,0.83
P3655,MA_ROTA,E532,4,1,0.74
P3656,MA_ROTA,E532,4,1,0.19
P3657,MA_ROTA,E532,4,1,0.19
P3658,MA_ROTA,E532,4,1,0.35
P3659,PN_PIQ,E532,4,1,1.13
P3660,PN_PIQ,E532,4,1,2.29
P3661,MA_ROTA,E532,4,1,0.74
P3662,PN_PIQ,E533,2,2,1.61
P3663,ME,E533,2,2,0.4
P3664,MA_ROTA,E534,2,2,3.13
P3665,MA_ROTA,E535,2,2,2.01
P3666,PN_PIQ,E536,3,2,0.99
P3667,MA_ROTA,E536,3,2,1.03
P3668,MA_ROTA,E536,3,2,1.05
P3669,MA_ROTA,E536,3,2,2.84
P3670,PN_PIQ,E536,3,2,1.22
P3671,MA_ROTA,E537,3,2,8.84
P3672,MA_ROTA,E538,2,2,0.25
P3673,MA_ROTA,E538,2,2,0.7
P3674,MA_ROTA,E538,2,2,1.17
P3675,MA_ROTA,E538,2,2,1.9
P3676,MA_ROTA,E538,2,2,1.52
P3679,PN_PIQ,E538,2,2,0.23
P3680,MA_ROTA,E538,2,2,0.74
P3681,MA_ROTA,E538,2,2,1.0
P3682,MA_ROTA,E539,2,2,0.19
P3683,PN_PIQ,E539,2,2,1.53
P3684,MA_ROTA,E539,2,2,0.63
P3685,MA_ROTA,E539,2,2,1.01
P3686,MA_ROTA,E539,2,2,0.71
P3687,MA_ROTA,E539,2,2,2.17
P3688,MA_ROTA,E539,2,2,0.57
P3689,MA_ROTA,E539,2,2,0.6
P3690,PN_PIQ,E540,7,3,0.54
P3691,PN_PIQ,E540,7,3,0.28
P3692,PN_PIQ,E540,7,3,0.31
P3693,PN_PIQ,E541,7,3,1.29
P3694,PN_PIQ,E541,7,3,0.05
P3695,PN_PIQ,E541,7,3,0.17
P3696,PN_PIQ,E541,7,3,0.45
P3697,PN_PIQ,E541,7,3,0.25
P3698,PN_PIQ,E541,7,3,0.24
P3699,PN_PIQ,E542,7,3,1.42
P3700,PN_PIQ,E542,7,3,2.31
P3701,PN_PIQ,E542,7,3,0.61
P3702,PN_PIQ,E543,2,2,0.61
P3703,MA_ROTA,E543,2,2,1.04
P3704,MA_ROTA,E543,2,2,3.34
P3706,PN_PIQ,E543,2,2,0.19
P3707,PN_PIQ,E543,2,2,0.19
P3708,PN_PIQ,E543,2,2,0.39
P3709,PN_PIQ,E543,2,2,0.22
P3710,PN_PIQ,E543,2,2,0.15
P3711,PN_PIQ,E543,2,2,0.27
P3712,MA_ROTA,E544,2,2,2.73
P3713,PN_PIQ,E544,2,2,2.61
P3714,PN_PIQ,E545,7,3,0.99
P3715,PN_PIQ,E545,7,3,0.74
P3716,PN_PIQ,E546,2,2,4.16
P3717,MA_ROTA,E547,2,2,0.6
P3718,MA_ROTA,E547,2,2,0.86
P3719,MA_ROTA,E547,2,2,1.55
P3720,PN_PIQ,E548,2,2,0.58
P3721,PN_PIQ,E548,2,2,0.22
P3722,PN_PIQ,E548,2,2,0.53
P3723,MA_ROTA,E548,2,2,1.18
P3724,PN_PIQ,E548,2,2,0.69
P3725,MA_ROTA,E549,1,2,1.3
P3726,MA_ROTA,E549,1,2,1.25
P3727,MA_ROTA,E549,1,2,0.11
P3728,MA_ROTA,E549,1,2,1.53
P3729,MA_ROTA,E549,3,2,1.26
P3730,PN_PIQ,E550,1,2,1.95
P3731,PN_PIQ,E550,1,2,3.13
P3732,PN_PIQ,E551,1,2,1.19
P3733,MA_ROTA,E551,3,2,2.44
P3734,MA_ROTA,E552,2,2,0.67
P3735,MA_ROTA,E552,2,2,1.26
P3736,MA_ROTA,E552,2,2,1.48
P3737,MA_ROTA,E553,2,2,2.73
P3738,MA_ROTA,E554,2,2,2.08
P3739,MA_ROTA,E555,3,2,0.94
P3740,PN_PIQ,E555,3,2,0.58
P3741,MA_ROTA,E555,3,2,0.28
P3742,MA_ROTA,E555,3,2,0.39
P3743,ME,E555,3,2,1.05
P3744,MA_ROTA,E555,3,2,1.29
P3745,MA_ROTA,E555,3,2,0.39
P3746,PN_PIQ,E556,2,2,3.16
P3747,PN_PIQ,E556,2,2,0.25
P3748,PN_PIQ,E557,2,2,3.11
P3749,PN_PIQ,E557,2,2,2.51
P3750,MA_ROTA,E557,2,2,0.66
P3751,MA_ROTA,E557,2,2,1.07
P3752,MA_ROTA,E558,2,2,0.66
P3753,PN_PIQ,E559,2,2,0.26
P3754,PN_PIQ,E559,2,2,0.08
P3755,PN_PIQ,E559,2,2,0.6
P3756,PN_PIQ,E559,2,2,0.34
P3757,PN_PIQ,E560,2,2,1.55
P3758,PN_PIQ,E560,2,2,0.54
P3759,PN_PIQ,E560,2,2,0.3
P3760,PN_PIQ,E561,2,2,0.19
P3761,PN_PIQ,E561,2,2,1.41
P3762,MA_ROTA,E561,2,2,0.39
P3763,PN_PIQ,E562,2,2,0.93
P3764,MA_ROTA,E563,2,2,0.37
P3766,AN_PA,E564,5,1,0.53
P3768,AN_PA,E564,5,1,0.5
P3769,AN_PA,E564,5,1,0.28
P3770,IG_PLA,E564,5,1,0.41
P3771,AG,E564,5,1,0.49
P3773,IG_PLA,E564,5,1,0.56
P3774,BC_BT,E564,5,1,0.45
P3775,IG_PLA,E564,5,1,0.23
P3776,MA_ROTA,E565,1,2,0.72
P3777,MA_ROTA,E565,1,2,1.43
P3778,MA_ROTA,E565,1,2,1.6
P3779,MA_ROTA,E565,1,2,1.63
P3780,MA_ROTA,E565,1,2,1.64
P3781,PN_PIQ,E566,3,2,5.31
P3783,MA_ROTA,E566,3,2,3.49
P3784,MA_ROTA,E566,3,2,2.04
P3785,MA_ROTA,E566,3,2,2.09
P3786,PN_PIQ,E566,3,2,2.14
P3787,PN_PIQ,E566,3,2,2.45
P3788,PN_PIQ,E566,3,2,5.07
P3789,MA_ROTA,E566,3,2,2.97
P3790,PN_PIQ,E566,3,2,2.27
P3791,PN_PIQ,E566,3,2,5.26
P3792,MA_ROTA,E566,3,2,2.15
P3793,PN_PIQ,E566,3,2,2.44
P3794,PN_PIQ,E566,3,2,6.41
P3795,PN_PIQ,E566,3,2,5.58
P3796,PN_PIQ,E566,3,2,1.62
P3797,MA_ROTA,E566,3,2,0.72
P3798,MA_ROTA,E566,3,2,6.64
P3800,PN_PIQ,E566,3,2,4.39
P3801,MA_ROTA,E566,3,2,2.82
P3802,MA_ROTA,E566,3,2,0.43
P3803,MA_ROTA,E566,3,2,1.01
P3804,MA_ROTA,E566,3,2,1.6
P3805,PN_PIQ,E566,3,2,0.53
P3806,PN_PIQ,E567,4,1,1.58
P3807,MA_ROTA,E568,1,2,0.17
P3808,PN_PIQ,E568,3,2,0.75
P3809,MA_ROTA,E568,1,2,0.82
P3811,MA_ROTA,E569,4,1,1.54
P3812,MA_ROTA,E570,3,2,2.17
P3813,MA_ROTA,E570,3,2,3.5
P3814,PN_PIQ,E570,3,2,3.01
P3815,PN_PIQ,E571,3,2,3.58
P3816,MA_ROTA,E571,3,2,4.07
P3817,PN_PIQ,E571,3,2,1.06
P3818,PN_PIQ,E571,3,2,1.55
P3819,PN_PIQ,E571,3,2,1.43
P3820,MA_ROTA,E571,3,2,2.09
P3821,MA_ROTA,E571,3,2,0.61
P3822,MA_ROTA,E571,3,2,1.42
P3823,MA_ROTA,E571,3,2,0.25
P3824,MA_ROTA,E571,3,2,3.62
P3825,MA_ROTA,E571,3,2,4.01
P3826,PN_PIQ,E571,3,2,0.43
P3827,PN_PIQ,E571,3,2,0.31
P3828,AN_PA,E572,6,1,1.13
P3829,AN_PA,E572,6,1,1.61
P3830,AN_PA,E572,6,1,1.19
P3831,AN_PA,E572,6,1,1.14
P3833,AG,E572,6,1,0.95
P3834,PN_PIQ,E573,7,3,0.77
P3835,PN_PIQ,E573,7,3,1.63
P3836,PN_PIQ,E573,7,3,0.21
P3837,PN_PIQ,E574,7,3,0.74
P3838,PN_PIQ,E574,7,3,0.55
P3839,PN_PIQ,E575,7,3,1.97
P3840,PN_PIQ,E575,7,3,3.33
P3841,PN_PIQ,E575,7,3,2.43
P3842,PN_PIQ,E575,7,3,5.48
P3843,PN_PIQ,E575,7,3,3.78
P3844,PN_PIQ,E575,7,3,1.44
P3845,PN_PIQ,E575,7,3,1.77
P3846,PN_PIQ,E576,7,3,0.44
P3847,PN_PIQ,E576,7,3,1.03
P3848,PN_PIQ,E576,7,3,0.83
P3849,PN_PIQ,E576,7,3,0.16
P3850,PN_PIQ,E576,7,3,0.46
P3851,PN_PIQ,E576,7,3,0.53
P3852,PN_PIQ,E577,7,3,1.61
P3853,PN_PIQ,E577,7,3,0.16
P3854,PN_PIQ,E577,7,3,1.73
P3855,PN_PIQ,E578,7,3,0.72
P3856,PN_PIQ,E578,7,3,1.12
P3857,PN_PIQ,E578,7,3,1.33
P3858,PN_PIQ,E578,7,3,0.88
P3859,PN_PIQ,E579,7,3,0.07
P3860,PN_PIQ,E579,7,3,1.03
P3861,PN_PIQ,E579,7,3,0.74
P3862,PN_PIQ,E579,7,3,0.99
P3863,PN_PIQ,E580,7,3,0.25
P3864,PN_PIQ,E580,7,3,1.56
P3865,PN_PIQ,E580,7,3,0.85
P3866,PN_PIQ,E580,7,3,0.2
P3867,PN_PIQ,E580,7,3,0.1
P3868,PN_PIQ,E580,7,3,0.08
P3869,PN_PIQ,E580,7,3,1.39
P3870,PN_PIQ,E581,7,3,0.33
P3871,PN_PIQ,E581,7,3,0.35
P3872,PN_PIQ,E581,7,3,0.3
P3873,PN_PIQ,E581,7,3,0.67
P3874,PN_PIQ,E581,7,3,0.47
P3875,PN_PIQ,E582,7,3,0.41
P3876,PN_PIQ,E582,7,3,0.57
P3877,PN_PIQ,E582,7,3,0.08
P3878,PN_PIQ,E583,7,3,0.41
P3879,PN_PIQ,E583,7,3,0.9
P3880,PN_PIQ,E583,7,3,0.46
P3881,PN_PIQ,E583,7,3,0.47
P3882,PN_PIQ,E584,7,3,0.36
P3883,PN_PIQ,E584,7,3,0.83
P3884,PN_PIQ,E584,7,3,1.75
P3885,PN_PIQ,E584,7,3,1.09
P3886,PN_PIQ,E584,7,3,1.24
P3887,PN_PIQ,E585,7,3,0.6
P3888,PN_PIQ,E585,7,3,0.36
P3889,PN_PIQ,E585,7,3,0.51
P3890,PN_PIQ,E585,7,3,0.37
P3891,PN_PIQ,E585,7,3,0.37
P3892,PN_PIQ,E585,7,3,0.51
P3893,MA_ROTA,E586,1,2,0.41
P3894,MA_ROTA,E586,1,2,0.19
P3895,PN_PIQ,E586,1,2,1.13
P3896,MA_ROTA,E586,1,2,0.41
P3897,MA_ROTA,E586,1,2,2.53
P3898,MA_ROTA,E586,1,2,0.5
P3900,PN_PIQ,E586,1,2,2.57
P3901,PN_PIQ,E586,1,2,0.36
P3902,PN_PIQ,E587,4,1,0.48
P3903,MA_ROTA,E587,4,1,1.55
P3904,MA_ROTA,E587,4,1,0.89
P3905,MA_ROTA,E587,4,1,0.8
P3906,PN_PIQ,E587,4,1,2.07
P3907,MA_ROTA,E587,4,1,0.85
P3908,MA_ROTA,E587,4,1,0.83
P3909,MA_ROTA,E587,4,1,0.2
P3911,MA_ROTA,E587,4,1,1.11
P3912,MA_ROTA,E587,4,1,2.34
P3913,PN_PIQ,E587,4,1,0.59
P3914,MA_ROTA,E587,4,1,2.02
P3915,PN_PIQ,E587,4,1,0.7
P3917,MA_ROTA,E587,4,1,1.42
P3918,MA_ROTA,E587,4,1,0.6
P3919,MA_ROTA,E587,4,1,0.95
P3922,MA_ROTA,E588,1,2,1.26
P3923,MA_ROTA,E588,1,2,1.0
P3924,MA_ROTA,E588,1,2,1.1
P3926,MA_ROTA,E588,1,2,1.72
P3927,PN_PIQ,E588,1,2,0.64
P3928,MA_ROTA,E588,1,2,0.03
P3929,MA_ROTA,E588,1,2,0.71
P3930,MA_ROTA,E588,1,2,0.52
P3931,PN_PIQ,E589,3,2,0.28
P3932,MA_ROTA,E589,3,2,1.19
P3933,PN_PIQ,E589,2,2,0.43
P3934,MA_ROTA,E589,3,2,0.54
P3935,MA_ROTA,E589,3,2,0.25
P3936,PN_PIQ,E590,3,2,0.56
P3937,PN_PIQ,E590,3,2,0.58
P3938,PN_PIQ,E590,3,2,0.27
P3939,PN_PIQ,E590,3,2,1.22
P3940,MA_ROTA,E590,3,2,0.11
P3942,MA_ROTA,E590,3,2,0.78
P3943,MA_ROTA,E590,3,2,0.92
P3944,MA_ROTA,E590,3,2,2.82
P3945,MA_ROTA,E590,3,2,1.44
P3946,MA_ROTA,E590,3,2,0.11
P3947,MA_ROTA,E590,3,2,1.82
P3948,MA_ROTA,E590,3,2,0.09
P3949,MA_ROTA,E590,3,2,2.66
P3950,PN_PIQ,E591,3,2,0.38
P3952,MA_ROTA,E591,3,2,1.2
P3953,MA_ROTA,E592,3,2,1.48
P3954,MA_ROTA,E592,3,2,1.67
P3955,MA_ROTA,E592,3,2,0.9
P3956,PN_PIQ,E592,3,2,0.42
P3957,MA_ROTA,E592,3,2,0.51
P3958,MA_ROTA,E592,3,2,0.1
P3959,ME,E592,3,2,2.31
P3960,MA_ROTA,E592,3,2,1.43
P3961,MA_ROTA,E592,3,2,0.39
P3962,MA_ROTA,E593,3,2,0.76
P3963,MA_ROTA,E593,3,2,0.34
P3964,PN_PIQ,E593,3,2,1.62
P3965,MA_ROTA,E593,3,2,4.17
P3966,PN_PIQ,E593,3,2,2.37
P3967,MA_ROTA,E594,3,2,1.64
P3968,MA_ROTA,E594,3,2,1.19
P3969,MA_ROTA,E594,3,2,0.11
P3970,PN_PIQ,E594,3,2,1.27
P3971,MA_ROTA,E594,3,2,1.2
P3972,MA_ROTA,E594,3,2,1.01
P3973,MA_ROTA,E594,3,2,0.57
P3974,MA_ROTA,E595,2,2,1.43
P3975,MA_ROTA,E595,2,2,0.74
P3976,MA_ROTA,E595,2,2,0.77
P3977,PN_PIQ,E595,2,2,0.48
P3978,MA_ROTA,E595,2,2,0.47
P3979,MA_ROTA,E595,2,2,0.33
P3980,MA_ROTA,E595,2,2,0.7
P3981,PN_PIQ,E596,2,2,3.1
P3982,PN_PIQ,E596,3,2,1.35
P3983,MA_ROTA,E597,1,2,0.6
P3984,PN_PIQ,E597,3,2,0.69
P3985,PN_PIQ,E597,3,2,0.75
P3986,PN_PIQ,E598,4,1,1.45
P3987,PN_PIQ,E599,4,1,0.95
P3988,PN_PIQ,E599,4,1,0.63
P3989,PN_PIQ,E599,4,1,2.44
P3990,PN_PIQ,E599,4,1,0.49
P3991,PN_PIQ,E599,4,1,2.3
P3992,PN_PIQ,E599,4,1,0.78
P3993,PN_PIQ,E599,4,1,0.07
P3994,PN_PIQ,E599,4,1,0.34
P3995,PN_PIQ,E600,2,2,0.45
P3996,PN_PIQ,E600,2,2,0.16
P3998,MA_ROTA,E600,2,2,0.84
P3999,PN_PIQ,E600,2,2,0.14
P4000,PN_PIQ,E600,2,2,0.18
P4001,MA_ROTA,E600,2,2,0.1
P4002,MA_ROTA,E600,2,2,0.35
P4003,MA_ROTA,E600,2,2,1.07
P4004,MA_ROTA,E600,2,2,0.47
P4005,MA_ROTA,E600,2,2,0.74
P4006,MA_ROTA,E600,2,2,0.21
P4007,MA_ROTA,E600,2,2,0.12
P4008,MA_ROTA,E600,2,2,0.43
P4009,MA_ROTA,E600,2,2,0.57
P4010,PN_PIQ,E601,3,2,0.62
P4011,PN_PIQ,E601,3,2,0.2
P4012,MA_ROTA,E601,3,2,0.33
P4013,PN_PIQ,E601,3,2,0.25
P4014,MA_ROTA,E602,3,2,0.15
P4015,PN_PIQ,E602,3,2,1.84
P4016,MA_ROTA,E602,3,2,0.55
P4017,MA_ROTA,E602,3,2,0.74
P4018,MA_ROTA,E602,3,2,0.72
P4019,PN_PIQ,E602,3,2,0.59
P4020,MA_ROTA,E602,3,2,0.2
P4021,MA_ROTA,E602,3,2,1.44
P4022,MA_ROTA,E602,3,2,0.7
P4023,PN_PIQ,E602,3,2,1.28
P4024,MA_ROTA,E602,3,2,4.3
P4025,MA_ROTA,E602,3,2,0.21
P4026,PN_PIQ,E602,3,2,0.59
P4027,PN_PIQ,E602,3,2,0.58
P4029,MA_ROTA,E603,2,2,1.85
P4030,PN_PIQ,E604,1,2,2.05
P4031,PN_PIQ,E604,1,2,1.18
P4032,PN_PIQ,E605,3,2,2.36
P4033,MA_ROTA,E605,3,2,0.82
P4034,PN_PIQ,E605,3,2,1.22
P4035,MA_ROTA,E605,3,2,1.3
P4036,PN_PIQ,E605,3,2,1.13
P4037,MA_ROTA,E605,3,2,0.04
P4038,PN_PIQ,E605,3,2,1.55
P4039,MA_ROTA,E605,3,2,1.26
P4040,PN_PIQ,E606,2,2,1.44
P4041,PN_PIQ,E607,2,2,0.58
P4042,PN_PIQ,E608,2,2,0.31
P4043,PN_PIQ,E608,2,2,0.58
P4044,MA_ROTA,E609,2,2,0.52
P4045,MA_ROTA,E609,2,2,0.26
P4046,PN_PIQ,E609,2,2,0.32
P4047,PN_PIQ,E609,2,2,1.43
P4048,PN_PIQ,E610,2,2,0.86
P4049,MA_ROTA,E611,2,2,1.49
P4050,MA_ROTA,E612,2,2,0.5
P4051,MA_ROTA,E612,2,2,2.4
P4052,MA_ROTA,E612,2,2,0.17
P4053,PN_PIQ,E612,2,2,0.61
P4054,ME,E612,2,2,0.75
P4055,MA_ROTA,E612,2,2,1.29
P4056,MA_ROTA,E612,2,2,0.49
P4057,MA_ROTA,E612,2,2,0.84
P4058,PN_PIQ,E612,2,2,0.56
P4059,MA_ROTA,E612,2,2,1.49
P4060,MA_ROTA,E612,2,2,1.75
P4061,PN_PIQ,E613,2,2,1.11
P4062,PN_PIQ,E613,2,2,0.31
P4064,MA_ROTA,E613,2,2,0.19
P4065,PN_PIQ,E614,7,3,1.0
P4066,PN_PIQ,E614,7,3,0.34
P4067,PN_PIQ,E614,7,3,0.71
P4068,PN_PIQ,E615,7,3,0.37
P4069,PN_PIQ,E615,7,3,0.51
P4070,PN_PIQ,E615,7,3,0.23
P4071,PN_PIQ,E615,7,3,0.41
P4072,PN_PIQ,E615,7,3,0.68
P4073,PN_PIQ,E615,7,3,0.5
P4074,PN_PIQ,E616,7,3,1.63
P4075,PN_PIQ,E616,7,3,0.06
P4076,PN_PIQ,E617,7,3,0.49
P4077,PN_PIQ,E617,7,3,0.67
P4078,PN_PIQ,E618,7,3,0.76
P4079,PN_PIQ,E618,7,3,0.45
P4080,PN_PIQ,E618,7,3,0.21
P4081,PN_PIQ,E618,7,3,0.6
P4082,PN_PIQ,E618,7,3,1.07
P4083,PN_PIQ,E618,7,3,1.43
P4084,PN_PIQ,E618,7,3,0.46
P4085,PN_PIQ,E618,7,3,0.36
P4086,PN_PIQ,E618,7,3,0.44
P4087,PN_PIQ,E619,7,3,0.16
P4088,PN_PIQ,E619,7,3,0.18
P4089,PN_PIQ,E619,7,3,0.33
P4090,PN_PIQ,E619,7,3,0.52
P4091,PN_PIQ,E619,7,3,0.81
P4092,PN_PIQ,E619,7,3,0.89
P4093,PN_PIQ,E620,7,3,0.65
P4094,PN_PIQ,E620,7,3,0.36
P4095,PN_PIQ,E620,7,3,0.77
P4096,PN_PIQ,E620,7,3,0.25
P4097,PN_PIQ,E620,7,3,0.51
P4098,PN_PIQ,E620,7,3,0.38
P4099,PN_PIQ,E620,7,3,0.4
P4100,PN_PIQ,E620,7,3,0.28
P4101,PN_PIQ,E621,7,3,0.7
P4102,PN_PIQ,E621,7,3,1.08
P4103,PN_PIQ,E622,7,3,0.63
P4104,PN_PIQ,E622,7,3,1.55
P4105,PN_PIQ,E622,7,3,0.51
P4106,PN_PIQ,E622,7,3,0.98
P4107,PN_PIQ,E622,7,3,0.76
P4108,PN_PIQ,E623,7,3,1.45
P4109,PN_PIQ,E624,7,3,1.11
P4110,PN_PIQ,E624,7,3,1.77
P4111,PN_PIQ,E625,7,3,0.51
P4112,PN_PIQ,E625,7,3,0.25
P4113,PN_PIQ,E625,7,3,1.07
P4114,PN_PIQ,E625,7,3,0.31
P4115,PN_PIQ,E625,7,3,0.28
P4116,PN_PIQ,E626,7,3,0.59
P4117,PN_PIQ,E626,7,3,0.78
P4118,PN_PIQ,E626,7,3,0.98
P4119,PN_PIQ,E626,7,3,0.51
P4120,PN_PIQ,E626,7,3,1.42
P4121,PN_PIQ,E627,7,3,0.76
P4122,MA_ROTA,E628,3,2,0.12
P4123,PN_PIQ,E628,3,2,0.81
P4124,MA_ROTA,E628,3,2,0.46
P4126,MA_ROTA,E628,3,2,0.72
P4130,MA_ROTA,E628,3,2,0.82
P4132,PN_PIQ,E629,3,2,1.15
P4133,MA_ROTA,E629,3,2,1.0
P4134,MA_ROTA,E629,3,2,0.19
P4135,MA_ROTA,E629,3,2,2.38
P4136,MA_ROTA,E629,3,2,1.56
P4137,PN_PIQ,E629,3,2,1.22
P4138,MA_ROTA,E629,3,2,0.09
P4140,MA_ROTA,E629,3,2,0.78
P4141,MA_ROTA,E629,3,2,0.11
P4142,MA_ROTA,E629,3,2,0.2
P4143,PN_PIQ,E630,2,2,2.17
P4145,MA_ROTA,E631,2,2,1.04
P4146,PN_PIQ,E631,2,2,1.09
P4147,PN_PIQ,E631,2,2,0.49
P4148,MA_ROTA,E632,2,2,0.4
P4149,MA_ROTA,E632,2,2,0.39
P4150,MA_ROTA,E632,2,2,2.5
P4151,MA_ROTA,E632,2,2,0.59
P4153,MA_ROTA,E634,3,2,4.69
P4155,MA_ROTA,E635,3,2,1.04
P4156,MA_ROTA,E635,3,2,1.01
P4157,MA_ROTA,E635,3,2,0.73
P4158,PN_PIQ,E635,3,2,1.22
P4159,MA_ROTA,E635,3,2,0.51
P4160,MA_ROTA,E635,3,2,0.73
P4161,MA_ROTA,E635,3,2,0.24
P4162,PN_PIQ,E635,3,2,0.91
P4164,MA_ROTA,E636,3,2,0.96
P4165,MA_ROTA,E636,3,2,2.64
P4166,MA_ROTA,E636,3,2,2.93
P4168,PN_PIQ,E636,3,2,0.69
P4169,PN_PIQ,E637,1,2,0.1
P4170,PN_PIQ,E637,1,2,0.74
P4171,PN_PIQ,E637,1,2,0.31
P4172,PN_PIQ,E637,1,2,0.17
P4173,PN_PIQ,E637,1,2,0.12
P4174,PN_PIQ,E637,1,2,0.44
P4175,PN_PIQ,E638,2,2,0.48
P4176,PN_PIQ,E638,2,2,0.7
P4177,MA_ROTA,E639,1,2,0.39
P4178,MA_ROTA,E639,1,2,1.13
P4179,MA_ROTA,E639,1,2,0.89
P4180,MA_ROTA,E639,1,2,0.39
P4181,MA_ROTA,E639,1,2,0.12
P4182,MA_ROTA,E639,1,2,0.83
P4183,MA_ROTA,E639,2,2,1.07
P4184,MA_ROTA,E639,1,2,0.36
P4185,PN_PIQ,E640,3,2,1.83
P4186,MA_ROTA,E640,3,2,1.63
P4187,PN_PIQ,E640,3,2,0.75
P4188,PN_PIQ,E640,3,2,1.11
P4189,MA_ROTA,E640,3,2,0.91
P4190,PN_PIQ,E640,3,2,0.61
P4191,MA_ROTA,E640,3,2,0.52
P4192,PN_PIQ,E640,3,2,0.29
P4193,PN_PIQ,E640,3,2,1.18
P4195,MA_ROTA,E640,3,2,0.66
P4196,PN_PIQ,E641,3,2,1.05
P4197,MA_ROTA,E641,3,2,0.45
P4198,MA_ROTA,E641,3,2,1.17
P4199,PN_PIQ,E642,4,1,0.72
P4200,PN_PIQ,E643,2,2,6.56
P4201,PN_PIQ,E644,1,2,0.08
P4202,PN_PIQ,E644,1,2,0.36
P4203,PN_PIQ,E644,4,1,0.57
P4204,PN_PIQ,E644,4,1,0.27
P4205,PN_PIQ,E644,4,1,0.45
P4206,PN_PIQ,E644,4,1,0.28
P4208,MA_ROTA,E644,4,1,0.55
P4209,MA_ROTA,E644,4,1,0.24
P4210,PN_PIQ,E645,3,2,0.97
P4211,PN_PIQ,E645,3,2,2.95
P4212,MA_ROTA,E645,3,2,0.67
P4213,ME,E645,3,2,1.31
P4214,MA_ROTA,E645,3,2,1.24
P4215,PN_PIQ,E645,3,2,0.39
P4216,MA_ROTA,E645,3,2,0.95
P4217,MA_ROTA,E646,5,1,0.75
P4218,MA_ROTA,E646,5,1,0.52
P4219,MA_ROTA,E646,5,1,0.33
P4220,PN_PIQ,E646,5,1,0.09
P4221,MA_ROTA,E646,5,1,0.7
P4222,MA_ROTA,E646,5,1,0.03
P4224,MA_ROTA,E646,5,1,0.97
P4225,PN_PIQ,E646,5,1,0.14
P4226,MA_ROTA,E647,5,1,0.42
P4227,MA_ROTA,E647,5,1,0.37
P4228,MA_ROTA,E647,5,1,0.11
P4229,MA_ROTA,E647,5,1,0.05
P4230,MA_ROTA,E647,5,1,0.27
P4231,MA_ROTA,E647,5,1,0.32
P4232,MA_ROTA,E647,5,1,0.66
P4233,MA_ROTA,E647,5,1,0.22
P4234,MA_ROTA,E647,5,1,0.61
P4235,MA_ROTA,E647,5,1,0.14
P4236,MA_ROTA,E647,5,1,0.32
P4237,MA_ROTA,E647,5,1,0.22
P4238,MA_ROTA,E647,5,1,0.18
P4239,MA_ROTA,E647,5,1,0.5
P4240,MA_ROTA,E647,5,1,0.06
P4241,MA_ROTA,E647,5,1,0.26
P4242,MA_ROTA,E647,5,1,0.31
P4243,MA_ROTA,E647,5,1,0.04
P4244,MA_ROTA,E647,5,1,0.28
P4245,MA_ROTA,E647,5,1,0.36
P4246,MA_ROTA,E647,5,1,0.17
P4247,MA_ROTA,E647,5,1,0.28
P4248,MA_ROTA,E647,5,1,0.31
P4249,MA_ROTA,E647,5,1,0.2
P4250,MA_ROTA,E647,5,1,0.37
P4251,MA_ROTA,E647,5,1,0.08
P4252,MA_ROTA,E647,5,1,0.6
P4253,MA_ROTA,E647,5,1,0.1
P4254,MA_ROTA,E647,5,1,0.67
P4255,MA_ROTA,E647,5,1,0.08
P4256,MA_ROTA,E647,5,1,0.34
P4257,MA_ROTA,E647,5,1,0.24
P4258,MA_ROTA,E647,5,1,0.33
P4259,MA_ROTA,E647,5,1,0.24
P4260,MA_ROTA,E647,5,1,0.44
P4261,MA_ROTA,E648,5,1,0.26
P4262,MA_ROTA,E648,5,1,0.25
P4263,MA_ROTA,E648,5,1,0.22
P4264,MA_ROTA,E648,5,1,0.2
P4265,MA_ROTA,E648,5,1,0.22
P4266,MA_ROTA,E648,5,1,0.29
P4267,MA_ROTA,E648,5,1,0.28
P4268,MA_ROTA,E648,5,1,0.74
P4269,MA_ROTA,E648,5,1,0.29
P4270,MA_ROTA,E648,5,1,0.23
P4272,MA_ROTA,E649,3,2,2.7
P4273,MA_ROTA,E649,3,2,0.6
P4274,MA_ROTA,E649,3,2,1.82
P4275,MA_ROTA,E649,3,2,0.8
P4276,MA_ROTA,E649,3,2,1.19
P4277,MA_ROTA,E649,3,2,2.36
P4278,MA_ROTA,E649,3,2,1.85
P4279,PN_PIQ,E649,3,2,1.18
P4280,PN_PIQ,E649,3,2,2.6
P4281,MA_ROTA,E649,3,2,0.97
P4282,PN_PIQ,E649,3,2,1.68
P4283,MA_ROTA,E650,5,1,0.51
P4284,MA_ROTA,E650,5,1,1.69
P4285,MA_ROTA,E650,5,1,0.75
P4286,MA_ROTA,E650,5,1,0.34
P4287,MA_ROTA,E650,5,1,0.04
P4288,MA_ROTA,E650,5,1,0.46
P4289,MA_ROTA,E650,5,1,0.84
P4290,MA_ROTA,E650,5,1,0.99
P4291,MA_ROTA,E650,5,1,0.44
P4292,MA_ROTA,E650,5,1,0.64
P4293,MA_ROTA,E650,5,1,1.18
P4294,MA_ROTA,E650,5,1,0.27
P4296,PN_PIQ,E650,5,1,1.08
P4297,MA_ROTA,E650,5,1,0.84
P4299,MA_ROTA,E650,5,1,0.58
P4300,MA_ROTA,E650,5,1,0.38
P4301,MA_ROTA,E651,5,1,0.91
P4302,MA_ROTA,E651,5,1,0.24
P4303,MA_ROTA,E651,5,1,0.26
P4304,MA_ROTA,E651,5,1,0.54
P4305,MA_ROTA,E651,5,1,1.36
P4306,MA_ROTA,E651,5,1,1.11
P4307,MA_ROTA,E651,5,1,0.79
P4308,MA_ROTA,E651,5,1,0.76
P4309,PN_PIQ,E652,6,1,0.99
P4310,PN_PIQ,E652,6,1,0.85
P4311,AN_PA,E653,5,1,0.26
P4312,TH,E653,5,1,2.34
P4314,AN_PA,E653,5,1,0.54
P4315,AN_PA,E653,5,1,0.58
P4316,MA_ROTA,E654,5,1,0.13
P4317,MA_ROTA,E654,5,1,1.13
P4318,MA_ROTA,E654,5,1,1.08
P4320,MA_ROTA,E654,5,1,0.31
P4321,MA_ROTA,E654,5,1,0.69
P4322,MA_ROTA,E654,5,1,0.14
P4323,IG_PLA,E654,5,1,0.33
P4324,MA_ROTA,E654,5,1,0.38
P4325,MA_ROTA,E655,5,1,0.46
P4326,MA_ROTA,E655,5,1,0.6
P4327,MA_ROTA,E655,5,1,0.49
P4328,MA_ROTA,E655,5,1,0.37
P4329,MA_ROTA,E655,5,1,0.71
P4330,MA_ROTA,E655,5,1,0.05
P4331,AG,E655,4,1,0.63
P4332,IG_PLA,E655,4,1,0.7
P4333,IG_PLA,E655,4,1,1.05
P4334,IG_PLA,E655,4,1,1.7
P4335,IG_PLA,E655,4,1,0.83
P4336,AG,E655,4,1,0.69
P4337,MA_ROTA,E655,5,1,0.27
P4338,MA_ROTA,E655,5,1,0.37
P4339,MA_ROTA,E655,5,1,0.57
P4340,MA_ROTA,E655,5,1,0.66
P4341,MA_ROTA,E655,5,1,0.8
P4342,MA_ROTA,E655,5,1,0.53
P4344,MA_ROTA,E655,5,1,0.28
P4345,MA_ROTA,E656,5,1,2.74
P4346,MA_ROTA,E657,5,1,0.31
P4348,MA_ROTA,E657,5,1,0.24
P4349,MA_ROTA,E657,5,1,0.42
P4350,MA_ROTA,E657,5,1,0.64
P4351,MA_ROTA,E657,5,1,0.43
P4352,AN_PA,E658,5,1,0.13
P4353,AN_PA,E658,5,1,0.27
P4354,AN_PA,E658,5,1,0.26
P4355,AN_PA,E658,5,1,0.29
P4356,AN_PA,E658,5,1,0.65
P4357,PN_PIQ,E658,5,1,0.5
P4360,MA_ROTA,E659,5,1,0.37
P4361,MA_ROTA,E659,5,1,0.43
P4362,MA_ROTA,E659,5,1,0.6
P4363,MA_ROTA,E659,5,1,0.58
P4364,MA_ROTA,E659,5,1,0.06
P4365,MA_ROTA,E659,5,1,0.67
P4366,MA_ROTA,E659,5,1,0.32
P4367,MA_ROTA,E659,5,1,0.53
P4368,MA_ROTA,E659,5,1,0.34
P4369,MA_ROTA,E659,5,1,0.41
P4370,MA_ROTA,E659,5,1,0.4
P4371,MA_ROTA,E659,5,1,0.58
P4374,PN_PIQ,E660,3,2,0.81
P4375,PN_PIQ,E660,3,2,0.64
P4376,MA_ROTA,E661,5,1,0.65
P4377,MA_ROTA,E661,5,1,0.95
P4378,MA_ROTA,E661,5,1,0.44
P4379,IG_PLA,E662,5,1,0.82
P4380,IG_PLA,E662,5,1,2.99
P4381,AN_PA,E662,5,1,0.35
P4382,AN_PA,E662,5,1,0.75
P4383,IG_PLA,E662,5,1,0.82
P4384,AN_PA,E662,5,1,0.93
P4385,AN_PA,E662,5,1,0.94
P4386,IG_PLA,E662,5,1,1.95
P4387,IG_PLA,E662,5,1,1.08
P4388,AN_PA,E662,5,1,1.49
P4389,TH,E662,5,1,1.17
P4390,TH,E662,5,1,1.01
P4391,AN_PA,E662,5,1,0.54
P4392,PN_PIQ,E663,3,2,0.69
P4393,MA_ROTA,E663,3,2,2.13
P4394,PN_PIQ,E663,3,2,0.55
P4395,MA_ROTA,E663,3,2,1.55
P4397,MA_ROTA,E663,3,2,1.22
P4398,PN_PIQ,E663,3,2,0.54
P4399,PN_PIQ,E663,3,2,1.18
P4400,AG,E664,5,1,0.7
P4401,BC_BT,E665,4,1,1.08
P4402,BC_BT,E665,4,1,0.63
P4403,AG,E665,4,1,0.26
P4404,IG_PLA,E665,4,1,0.99
P4405,IG_PLA,E665,4,1,0.68
P4408,MA_ROTA,E666,5,1,0.25
P4411,MA_ROTA,E667,5,1,0.73
P4412,MA_ROTA,E668,5,1,1.38
P4413,MA_ROTA,E668,5,1,0.96
P4414,MA_ROTA,E668,5,1,0.12
P4415,MA_ROTA,E668,5,1,1.4
P4416,TH,E669,6,1,0.87
P4417,TH,E669,6,1,0.66
P4418,TH,E669,6,1,0.12
P4420,TH,E669,6,1,0.59
P4421,PN_PIQ,E670,3,2,1.36
P4423,MA_ROTA,E670,3,2,0.99
P4424,MA_ROTA,E670,3,2,1.3
P4425,MA_ROTA,E670,3,2,0.47
P4426,MA_ROTA,E670,3,2,0.48
P4427,MA_ROTA,E670,3,2,0.73
P4429,PN_PIQ,E670,3,2,0.53
P4430,MA_ROTA,E671,5,1,1.3
P4431,MA_ROTA,E671,5,1,1.33
P4432,MA_ROTA,E671,5,1,0.87
P4433,MA_ROTA,E671,5,1,2.04
P4434,MA_ROTA,E671,5,1,2.48
P4435,MA_ROTA,E671,5,1,1.83
P4436,MA_ROTA,E671,5,1,0.94
P4437,MA_ROTA,E671,5,1,2.07
P4438,MA_ROTA,E671,5,1,1.7
P4439,MA_ROTA,E671,5,1,1.45
P4440,AN_PA,E672,5,1,0.63
P4441,AN_PA,E672,5,1,0.84
P4442,AN_PA,E672,5,1,0.23
P4443,AN_PA,E672,5,1,0.52
P4446,IG_PLA,E673,5,1,1.03
P4447,TH,E673,5,1,1.19
P4448,MA_ROTA,E673,5,1,2.54
P4449,TH,E673,5,1,0.44
P4450,AN_PA,E674,6,1,0.19
P4451,TH,E674,6,1,0.23
P4452,TH,E674,6,1,0.23
P4453,AN_PA,E674,6,1,0.49
P4455,AN_PA,E674,6,1,0.6
P4458,TH,E674,6,1,1.45
P4460,PN_PIQ,E675,3,2,1.28
P4461,MA_ROTA,E675,3,2,0.55
P4462,PN_PIQ,E675,3,2,0.29
P4463,MA_ROTA,E675,3,2,1.04
P4464,MA_ROTA,E675,3,2,0.72
P4465,PN_PIQ,E675,3,2,0.73
P4467,MA_ROTA,E675,3,2,1.66
P4468,MA_ROTA,E675,3,2,0.68
P4469,MA_ROTA,E675,3,2,0.24
P4470,PN_PIQ,E675,3,2,1.64
P4471,MA_ROTA,E676,3,2,1.0
P4472,MA_ROTA,E676,3,2,0.06
P4473,MA_ROTA,E676,3,2,0.36
P4474,MA_ROTA,E676,3,2,2.99
P4475,MA_ROTA,E676,3,2,0.68
P4476,MA_ROTA,E676,3,2,1.7
P4477,MA_ROTA,E676,3,2,0.35
P4479,MA_ROTA,E676,3,2,0.26
P4480,MA_ROTA,E676,3,2,0.48
P4481,IG_PLA,E677,5,1,0.3
P4482,AN_PA,E677,5,1,3.55
P4483,AN_PA,E677,5,1,0.06
P4484,AN_PA,E677,5,1,0.02
P4485,IG_PLA,E677,5,1,0.93
P4486,MA_ROTA,E678,2,2,0.61
P4487,PN_PIQ,E678,2,2,0.03
P4488,MA_ROTA,E678,2,2,0.51
P4489,MA_ROTA,E678,2,2,0.51
P4490,MA_ROTA,E678,2,2,0.37
P4491,MA_ROTA,E678,2,2,0.48
P4492,PN_PIQ,E678,2,2,0.23
P4494,MA_ROTA,E679,3,2,1.25
P4495,MA_ROTA,E679,3,2,0.98
P4496,PN_PIQ,E679,3,2,5.02
P4497,PN_PIQ,E680,3,2,0.43
P4498,MA_ROTA,E680,3,2,1.32
P4499,MA_ROTA,E680,3,2,2.07
P4500,PN_PIQ,E680,3,2,0.11
P4501,PN_PIQ,E680,3,2,0.81
P4502,PN_PIQ,E680,3,2,0.99
P4506,MA_ROTA,E681,3,2,2.21
P4507,PN_PIQ,E681,3,2,1.45
P4508,MA_ROTA,E681,3,2,0.57
P4509,MA_ROTA,E681,3,2,0.4
P4510,MA_ROTA,E681,3,2,0.75
P4512,MA_ROTA,E681,3,2,0.51
P4514,MA_ROTA,E681,3,2,0.73
P4515,MA_ROTA,E681,3,2,0.2
P4516,PN_PIQ,E682,3,2,1.63
P4517,BC_BT,E683,5,1,0.58
P4518,IG_PLA,E683,5,1,0.33
P4519,IG_PLA,E683,5,1,0.08
P4520,AG,E683,5,1,0.49
P4521,AG,E683,5,1,0.54
P4522,IG_PLA,E683,5,1,1.08
P4523,BC_BT,E683,5,1,0.51
P4524,IG_PLA,E683,5,1,1.21
P4525,AG,E683,5,1,1.65
P4526,AG,E683,5,1,0.51
P4527,AG,E683,5,1,0.53
P4528,IG_PLA,E683,5,1,0.72
P4529,AG,E683,5,1,1.23
P4530,AG,E683,5,1,0.36
P4531,MA_PAI_NON_NI,E683,5,1,0.33
P4533,AG,E683,5,1,1.2
P4534,IG_PLA,E683,5,1,0.97
P4535,AG,E683,5,1,0.65
P4536,MA_ROTA,E684,5,1,0.83
P4537,MA_ROTA,E684,5,1,0.76
P4538,PN_PIQ,E684,5,1,1.16
P4539,MA_ROTA,E684,5,1,0.8
P4540,MA_ROTA,E684,5,1,1.33
P4541,MA_ROTA,E684,5,1,0.76
P4542,MA_ROTA,E684,5,1,0.81
P4543,PN_PIQ,E684,5,1,0.45
P4544,MA_ROTA,E684,5,1,0.6
P4545,MA_ROTA,E684,5,1,0.64
P4546,MA_ROTA,E684,5,1,0.87
P4547,MA_ROTA,E684,5,1,1.03
P4548,MA_ROTA,E684,5,1,0.71
P4549,MA_ROTA,E684,5,1,0.61
P4550,AN_PA,E684,5,1,1.21
P4551,MA_ROTA,E684,5,1,0.72
P4552,MA_ROTA,E684,5,1,1.68
P4553,MA_ROTA,E684,5,1,1.36
P4554,MA_ROTA,E684,5,1,1.25
P4555,MA_ROTA,E684,5,1,0.74
P4556,MA_ROTA,E684,5,1,1.35
P4557,MA_ROTA,E685,5,1,0.99
P4558,MA_ROTA,E685,5,1,0.23
P4559,MA_ROTA,E685,5,1,0.75
P4560,MA_ROTA,E685,5,1,0.37
P4561,MA_ROTA,E685,5,1,1.32
P4562,MA_ROTA,E686,5,1,0.44
P4563,MA_ROTA,E686,5,1,0.55
P4564,MA_ROTA,E686,5,1,0.49
P4565,MA_ROTA,E686,5,1,0.1
P4566,MA_ROTA,E686,5,1,0.61
P4567,MA_ROTA,E686,5,1,0.92
P4568,MA_ROTA,E686,5,1,0.4
P4572,MA_ROTA,E686,5,1,0.32
P4573,MA_ROTA,E686,5,1,0.2
P4574,AN_PA,E687,5,1,0.17
P4575,AN_PA,E687,5,1,0.32
P4576,AG,E687,5,1,0.31
P4579,AN_PA,E687,5,1,0.28
P4580,AN_PA,E687,5,1,0.1
P4581,AN_PA,E687,5,1,0.77
P4582,AG,E687,5,1,0.25
P4584,IG_PLA,E687,5,1,0.25
P4585,MA_ROTA,E687,5,1,1.2
P4586,BC_BT,E687,5,1,0.32
P4587,PN_PIQ,E688,7,3,0.81
P4588,PN_PIQ,E688,7,3,0.65
P4589,PN_PIQ,E688,7,3,1.2
P4590,PN_PIQ,E689,7,3,0.89
P4591,PN_PIQ,E689,7,3,0.77
P4592,PN_PIQ,E689,7,3,1.15
P4593,PN_PIQ,E690,7,3,0.65
P4594,PN_PIQ,E690,7,3,0.7
P4595,PN_PIQ,E690,7,3,0.43
P4596,PN_PIQ,E690,7,3,1.19
P4597,PN_PIQ,E690,7,3,0.49
P4598,PN_PIQ,E690,7,3,0.11
P4599,PN_PIQ,E690,7,3,0.07
P4600,PN_PIQ,E691,6,1,1.19
P4602,PN_PIQ,E691,6,1,0.23
P4604,MA_ROTA,E692,5,1,0.61
P4605,MA_ROTA,E692,5,1,0.55
P4606,MA_ROTA,E692,5,1,0.61
P4607,MA_ROTA,E692,5,1,0.7
P4608,MA_ROTA,E692,5,1,0.81
P4609,MA_ROTA,E692,5,1,0.65
P4610,MA_ROTA,E692,5,1,0.81
P4611,MA_ROTA,E693,5,1,0.23
P4612,MA_ROTA,E693,5,1,0.73
P4613,MA_ROTA,E693,5,1,0.82
P4614,MA_ROTA,E693,5,1,0.77
P4615,MA_ROTA,E693,5,1,0.47
P4616,MA_ROTA,E693,5,1,0.24
P4617,MA_ROTA,E693,5,1,0.28
P4618,MA_ROTA,E693,5,1,0.24
P4619,MA_ROTA,E693,5,1,0.22
P4620,MA_ROTA,E693,5,1,0.36
P4621,MA_ROTA,E694,5,1,2.41
P4622,MA_ROTA,E694,5,1,2.6
P4623,MA_ROTA,E694,5,1,1.61
P4624,MA_ROTA,E694,5,1,1.39
P4625,MA_ROTA,E694,5,1,1.83
P4626,MA_ROTA,E694,5,1,2.46
P4627,MA_ROTA,E694,5,1,3.06
P4629,MA_ROTA,E694,5,1,3.51
P4630,MA_ROTA,E694,5,1,3.08
P4631,MA_ROTA,E694,5,1,2.32
P4632,MA_ROTA,E694,5,1,2.31
P4633,MA_ROTA,E694,5,1,1.66
P4634,AN_PA,E694,5,1,0.57
P4635,AN_PA,E694,5,1,0.64
P4636,AN_PA,E694,5,1,0.85
P4637,MA_ROTA,E694,5,1,2.33
P4638,AN_PA,E694,5,1,0.64
P4639,AN_PA,E694,5,1,0.37
P4640,AN_PA,E694,5,1,1.54
P4641,AN_PA,E694,5,1,0.74
P4642,AN_PA,E694,5,1,0.68
P4643,AN_PA,E694,5,1,0.77
P4644,AN_PA,E694,5,1,1.2
P4646,AN_PA,E694,5,1,0.85
P4647,MA_ROTA,E694,5,1,2.36
P4648,MA_ROTA,E694,5,1,2.85
P4649,MA_ROTA,E694,5,1,2.28
P4650,MA_ROTA,E695,5,1,0.94
P4652,MA_ROTA,E695,5,1,0.9
P4653,MA_ROTA,E695,5,1,2.46
P4654,MA_ROTA,E695,5,1,1.69
P4655,MA_ROTA,E695,5,1,0.35
P4656,MA_ROTA,E695,5,1,1.52
P4657,MA_ROTA,E695,5,1,1.28
P4658,MA_ROTA,E695,5,1,1.35
P4659,MA_ROTA,E695,5,1,0.88
P4660,MA_ROTA,E695,5,1,1.61
P4661,MA_ROTA,E695,5,1,0.78
P4662,MA_ROTA,E695,5,1,1.27
P4663,MA_ROTA,E695,5,1,2.7
P4664,MA_ROTA,E695,5,1,0.88
P4665,MA_ROTA,E695,5,1,1.77
P4666,MA_ROTA,E695,5,1,0.75
P4667,MA_ROTA,E695,5,1,2.28
P4668,MA_ROTA,E695,5,1,1.5
P4669,MA_ROTA,E695,5,1,3.12
P4670,MA_ROTA,E695,5,1,2.61
P4671,MA_ROTA,E695,5,1,2.26
P4672,MA_ROTA,E695,5,1,2.83
P4673,MA_ROTA,E695,5,1,0.39
P4674,MA_ROTA,E695,5,1,1.49
P4675,MA_ROTA,E695,5,1,3.3
P4676,MA_ROTA,E695,5,1,1.27
P4677,MA_ROTA,E695,5,1,2.27
P4678,MA_ROTA,E695,5,1,3.04
P4679,MA_ROTA,E695,5,1,1.56
P4680,AN_PA,E696,5,1,3.51
P4681,IG_PLA,E696,5,1,0.2
P4682,AG,E696,5,1,0.24
P4683,IG_PLA,E696,5,1,0.23
P4684,MA_ROTA,E696,5,1,0.06
P4685,IG_PLA,E696,5,1,0.33
P4686,MA_ROTA,E696,5,1,0.19
P4687,MA_ROTA,E696,5,1,0.06
P4688,MA_ROTA,E697,5,1,2.17
P4689,MA_ROTA,E697,5,1,1.51
P4690,MA_ROTA,E697,5,1,1.11
P4691,MA_ROTA,E697,5,1,1.02
P4692,MA_ROTA,E697,5,1,1.68
P4693,MA_ROTA,E697,5,1,1.61
P4694,MA_ROTA,E697,5,1,1.05
P4695,MA_ROTA,E697,5,1,2.16
P4696,MA_ROTA,E697,5,1,1.64
P4697,MA_ROTA,E697,5,1,1.26
P4698,MA_ROTA,E697,5,1,3.08
P4699,AN_PA,E697,5,1,1.09
P4700,MA_ROTA,E697,5,1,3.07
P4701,MA_ROTA,E697,5,1,0.53
P4702,MA_ROTA,E697,5,1,2.39
P4703,MA_ROTA,E697,5,1,2.18
P4704,MA_ROTA,E697,5,1,1.92
P4705,MA_ROTA,E697,5,1,2.82
P4706,MA_ROTA,E697,5,1,1.78
P4707,MA_ROTA,E697,5,1,1.64
P4708,MA_ROTA,E697,5,1,1.46
P4709,MA_ROTA,E697,5,1,1.17
P4710,MA_ROTA,E697,5,1,1.91
P4711,MA_ROTA,E697,5,1,1.94
P4712,MA_ROTA,E697,5,1,3.56
P4713,MA_ROTA,E697,5,1,0.87
P4714,MA_ROTA,E697,5,1,0.42
P4715,MA_ROTA,E697,5,1,0.32
P4716,MA_ROTA,E697,5,1,0.59
P4717,MA_ROTA,E697,5,1,1.68
P4718,MA_ROTA,E697,5,1,1.26
P4719,MA_ROTA,E697,5,1,1.26
P4720,MA_ROTA,E697,5,1,1.97
P4721,MA_ROTA,E697,5,1,1.43
P4722,MA_ROTA,E697,5,1,2.68
P4723,MA_ROTA,E697,5,1,2.78
P4724,MA_ROTA,E697,5,1,0.79
P4725,MA_ROTA,E697,5,1,2.08
P4726,MA_ROTA,E697,5,1,1.2
P4727,MA_ROTA,E697,5,1,1.08
P4728,MA_ROTA,E697,5,1,0.68
P4729,MA_ROTA,E697,5,1,1.93
P4730,MA_ROTA,E697,5,1,2.4
P4731,MA_ROTA,E697,5,1,1.15
P4732,MA_ROTA,E697,5,1,0.92
P4733,MA_ROTA,E697,5,1,0.31
P4734,MA_ROTA,E697,5,1,0.21
P4735,MA_ROTA,E697,5,1,1.05
P4736,AN_PA,E697,5,1,1.43
P4737,MA_ROTA,E697,5,1,0.51
P4738,MA_ROTA,E697,5,1,0.52
P4739,AN_PA,E697,5,1,0.69
P4740,MA_ROTA,E697,5,1,0.74
P4741,MA_ROTA,E697,5,1,1.02
P4742,MA_ROTA,E697,5,1,4.67
P4743,MA_ROTA,E697,5,1,2.46
P4744,AN_PA,E697,5,1,1.49
P4745,AN_PA,E697,5,1,2.43
P4746,AN_PA,E697,5,1,2.15
P4747,AN_PA,E697,5,1,1.41
P4748,AN_PA,E697,5,1,1.38
P4749,AN_PA,E697,5,1,0.28
P4750,AN_PA,E697,5,1,1.93
P4751,AN_PA,E697,5,1,2.63
P4752,MA_ROTA,E697,5,1,1.02
P4753,AN_PA,E697,5,1,1.12
P4754,MA_ROTA,E697,5,1,1.49
P4755,MA_ROTA,E697,5,1,0.49
P4756,MA_ROTA,E697,5,1,0.72
P4757,AN_PA,E697,5,1,0.33
P4758,MA_ROTA,E697,5,1,0.86
P4759,IG_PLA,E697,5,1,0.77
P4760,AN_PA,E697,5,1,0.84
P4761,AN_PA,E697,5,1,1.06
P4762,AN_PA,E697,5,1,0.12
P4763,AN_PA,E697,5,1,0.49
P4764,AN_PA,E697,5,1,3.05
P4765,AN_PA,E697,5,1,1.17
P4766,AN_PA,E697,5,1,1.84
P4767,MA_ROTA,E697,5,1,0.43
P4768,MA_ROTA,E697,5,1,0.54
P4769,MA_ROTA,E697,5,1,0.61
P4770,AN_PA,E697,5,1,0.48
P4771,AN_PA,E697,5,1,0.58
P4772,AN_PA,E697,5,1,0.82
P4773,AN_PA,E697,5,1,0.69
P4774,AN_PA,E697,5,1,0.76
P4775,AN_PA,E697,5,1,0.8
P4776,MA_ROTA,E697,5,1,1.01
P4777,MA_ROTA,E697,5,1,0.69
P4778,MA_ROTA,E697,5,1,1.55
P4779,MA_ROTA,E697,5,1,1.31
P4780,MA_ROTA,E697,5,1,2.08
P4781,MA_ROTA,E697,5,1,0.53
P4782,AN_PA,E697,5,1,1.67
P4783,MA_ROTA,E697,5,1,0.15
P4784,MA_ROTA,E697,5,1,0.33
P4785,MA_ROTA,E697,5,1,1.23
P4786,MA_ROTA,E697,5,1,1.31
P4787,MA_ROTA,E697,5,1,0.84
P4788,MA_ROTA,E697,5,1,0.92
P4789,MA_ROTA,E697,5,1,0.36
P4790,MA_ROTA,E697,5,1,0.65
P4791,MA_ROTA,E697,5,1,0.62
P4792,MA_ROTA,E697,5,1,1.33
P4793,MA_ROTA,E697,5,1,1.39
P4794,MA_ROTA,E697,5,1,1.87
P4795,MA_ROTA,E697,5,1,1.4
P4796,MA_ROTA,E697,5,1,1.39
P4797,MA_ROTA,E697,5,1,0.74
P4798,MA_ROTA,E697,5,1,1.43
P4799,MA_ROTA,E697,5,1,2.0
P4800,MA_ROTA,E697,5,1,1.19
P4801,MA_ROTA,E697,5,1,2.13
P4802,MA_ROTA,E697,5,1,1.5
P4803,MA_ROTA,E697,5,1,1.02
P4804,MA_ROTA,E697,5,1,1.67
P4805,MA_ROTA,E697,5,1,1.07
P4806,AN_PA,E697,5,1,2.82
P4807,MA_ROTA,E697,5,1,0.19
P4808,MA_ROTA,E697,5,1,1.87
P4809,MA_ROTA,E697,5,1,0.66
P4810,MA_ROTA,E697,5,1,1.39
P4811,MA_ROTA,E697,5,1,2.2
P4812,MA_ROTA,E697,5,1,1.39
P4813,MA_ROTA,E697,5,1,1.1
P4814,MA_ROTA,E697,5,1,1.55
P4815,MA_ROTA,E697,5,1,1.97
P4816,MA_ROTA,E697,5,1,1.28
P4817,MA_ROTA,E697,5,1,0.47
P4818,MA_ROTA,E697,5,1,2.04
P4819,MA_ROTA,E697,5,1,0.44
P4820,MA_ROTA,E697,5,1,1.18
P4821,MA_ROTA,E697,5,1,1.11
P4822,MA_ROTA,E697,5,1,1.3
P4823,MA_ROTA,E697,5,1,0.87
P4824,MA_ROTA,E697,5,1,1.62
P4825,MA_ROTA,E697,5,1,2.04
P4826,MA_ROTA,E697,5,1,0.91
P4827,MA_ROTA,E697,5,1,1.47
P4828,MA_ROTA,E697,5,1,1.55
P4829,MA_ROTA,E697,5,1,1.23
P4830,MA_ROTA,E697,5,1,1.58
P4831,MA_ROTA,E697,5,1,1.84
P4832,MA_ROTA,E697,5,1,3.15
P4833,MA_ROTA,E697,5,1,2.57
P4834,MA_ROTA,E697,5,1,2.39
P4835,MA_ROTA,E697,5,1,2.48
P4836,MA_ROTA,E697,5,1,3.14
P4837,MA_ROTA,E697,5,1,2.46
P4838,MA_ROTA,E697,5,1,1.26
P4839,MA_ROTA,E697,5,1,1.7
P4840,MA_ROTA,E697,5,1,1.98
P4841,MA_ROTA,E697,5,1,1.43
P4842,MA_ROTA,E697,5,1,0.6
P4843,MA_ROTA,E697,5,1,1.14
P4844,MA_ROTA,E697,5,1,1.81
P4845,MA_ROTA,E697,5,1,0.92
P4846,MA_ROTA,E697,5,1,1.75
P4847,MA_ROTA,E697,5,1,1.11
P4848,MA_ROTA,E697,5,1,1.71
P4849,MA_ROTA,E697,5,1,0.55
P4850,MA_ROTA,E697,5,1,0.72
P4851,MA_ROTA,E697,5,1,0.87
P4852,MA_ROTA,E697,5,1,2.15
P4853,MA_ROTA,E697,5,1,0.98
P4854,MA_ROTA,E697,5,1,1.62
P4855,MA_ROTA,E697,5,1,1.66
P4856,MA_ROTA,E697,5,1,3.35
P4857,MA_ROTA,E697,5,1,1.75
P4858,MA_ROTA,E697,5,1,1.2
P4859,MA_ROTA,E697,5,1,1.22
P4860,MA_ROTA,E697,5,1,1.65
P4861,MA_ROTA,E697,5,1,1.11
P4862,PN_PIQ,E698,7,3,0.63
P4863,PN_PIQ,E698,7,3,1.18
P4864,PN_PIQ,E698,7,3,0.78
P4865,PN_PIQ,E698,7,3,0.58
P4866,PN_PIQ,E698,7,3,0.17
P4867,MA_ROTA,E699,3,2,0.65
P4868,MA_ROTA,E699,3,2,2.37
P4869,MA_ROTA,E699,3,2,0.25
P4870,MA_ROTA,E699,3,2,0.46
P4871,MA_ROTA,E699,3,2,4.18
P4872,MA_ROTA,E699,3,2,0.22
P4873,PN_PIQ,E699,3,2,3.51
P4874,MA_ROTA,E699,3,2,1.54
P4875,MA_ROTA,E699,3,2,0.67
P4876,PN_PIQ,E699,3,2,1.61
P4877,MA_ROTA,E699,2,2,0.78
P4878,PN_PIQ,E700,5,1,0.16
P4879,TH,E700,5,1,0.23
P4880,AN_PA,E700,5,1,0.66
P4881,PN_PIQ,E700,5,1,0.27
P4882,PN_PIQ,E700,5,1,0.12
P4883,AG,E700,5,1,0.05
P4884,AN_PA,E700,5,1,1.02
P4885,PN_PIQ,E700,5,1,0.43
P4886,AG,E700,5,1,0.51
P4887,IG_PLA,E700,5,1,0.61
P4888,TH,E700,5,1,0.5
P4889,AN_PA,E700,5,1,0.49
P4890,AN_PA,E700,5,1,0.6
P4891,TH,E700,5,1,0.27
P4892,AN_PA,E700,5,1,0.24
P4893,TH,E700,5,1,0.15
P4894,TH,E700,5,1,0.15
P4895,PN_PIQ,E700,5,1,0.37
P4896,AN_PA,E701,5,1,0.92
P4897,AG,E701,5,1,1.21
P4898,AN_PA,E701,5,1,0.43
P4899,IG_PLA,E701,5,1,1.1
P4900,AG,E701,5,1,3.75
P4901,AG,E701,5,1,0.35
P4902,AN_PA,E701,5,1,1.18
P4903,IG_PLA,E701,5,1,0.29
P4904,AN_PA,E702,5,1,1.18
P4905,AN_PA,E702,5,1,1.48
P4906,MA_ROTA,E702,5,1,0.2
P4907,AN_PA,E702,5,1,0.99
P4908,AN_PA,E702,5,1,1.07
P4909,AN_PA,E702,5,1,1.5
P4910,AN_PA,E702,5,1,1.31
P4911,MA_ROTA,E702,5,1,0.6
P4912,MA_ROTA,E702,5,1,0.61
P4913,MA_ROTA,E702,5,1,2.05
P4914,MA_ROTA,E703,3,2,0.25
P4915,MA_ROTA,E703,3,2,3.23
P4916,MA_ROTA,E703,3,2,0.96
P4917,MA_ROTA,E703,3,2,0.78
P4918,MA_ROTA,E703,3,2,1.1
P4919,MA_ROTA,E703,3,2,0.3
P4920,MA_ROTA,E703,3,2,0.03
P4921,PN_PIQ,E703,3,2,0.45
P4922,MA_ROTA,E703,3,2,0.71
P4923,MA_ROTA,E703,2,2,1.03
P4924,MA_ROTA,E703,3,2,0.97
P4925,PN_PIQ,E703,3,2,0.32
P4926,PN_PIQ,E703,3,2,0.28
P4927,MA_ROTA,E704,3,2,0.31
P4928,PN_PIQ,E704,3,2,0.53
P4929,PN_PIQ,E704,3,2,0.4
P4931,MA_ROTA,E704,3,2,0.1
P4932,PN_PIQ,E704,3,2,0.73
P4933,PN_PIQ,E704,3,2,0.09
P4934,MA_ROTA,E704,3,2,0.17
P4935,PN_PIQ,E704,3,2,0.35
P4936,MA_ROTA,E704,3,2,0.96
P4937,MA_ROTA,E704,3,2,0.33
P4938,MA_ROTA,E704,3,2,1.14
P4939,PN_PIQ,E704,3,2,0.14
P4940,PN_PIQ,E704,3,2,0.32
P4941,PN_PIQ,E704,3,2,0.58
P4942,PN_PIQ,E704,3,2,0.54
P4943,PN_PIQ,E704,3,2,1.16
P4944,MA_ROTA,E704,3,2,1.55
P4945,MA_ROTA,E704,3,2,1.89
P4946,PN_PIQ,E704,3,2,1.47
P4947,MA_ROTA,E704,3,2,1.02
P4948,MA_ROTA,E704,3,2,0.21
P4951,PN_PIQ,E704,3,2,2.55
P4952,PN_PIQ,E705,3,2,4.74
P4954,PN_PIQ,E705,3,2,1.16
P4955,MA_ROTA,E705,3,2,0.77
P4957,MA_ROTA,E705,3,2,2.02
P4958,PN_PIQ,E705,3,2,1.34
P4959,MA_ROTA,E706,5,1,0.67
P4960,AN_PA,E706,5,1,1.18
P4961,MA_ROTA,E706,5,1,0.36
P4962,MA_ROTA,E706,5,1,0.73
P4963,MA_ROTA,E706,5,1,0.3
P4964,MA_ROTA,E706,5,1,0.38
P4965,AN_PA,E706,5,1,1.16
P4966,MA_ROTA,E706,5,1,0.84
P4967,MA_ROTA,E706,5,1,0.76
P4968,MA_ROTA,E706,5,1,0.43
P4969,MA_ROTA,E706,5,1,0.86
P4970,MA_ROTA,E706,5,1,0.77
P4971,AN_PA,E706,5,1,1.29
P4972,MA_ROTA,E706,5,1,1.13
P4973,MA_ROTA,E706,5,1,1.57
P4974,MA_ROTA,E706,5,1,0.97
P4975,MA_ROTA,E706,5,1,0.64
P4976,MA_ROTA,E706,5,1,0.4
P4977,MA_ROTA,E706,5,1,0.62
P4978,MA_ROTA,E706,5,1,0.33
P4979,MA_ROTA,E706,5,1,1.52
P4980,MA_ROTA,E706,5,1,0.34
P4981,MA_ROTA,E706,5,1,0.89
P4982,MA_ROTA,E706,5,1,2.15
P4983,MA_ROTA,E706,5,1,0.75
P4984,AG,E707,6,1,4.77
P4985,TH,E707,6,1,18.43
P4986,PN_PIQ,E707,6,1,1.89
P4987,PN_PIQ,E707,6,1,1.01
P4988,AN_PA,E708,5,1,2.46
P4989,MA_ROTA,E708,5,1,0.8
P4990,AN_PA,E708,5,1,2.6
P4991,AN_PA,E708,5,1,2.77
P4993,AN_PA,E708,5,1,4.94
P4994,MA_ROTA,E708,5,1,0.88
P4995,AN_PA,E708,5,1,1.39
P4998,MA_ROTA,E708,5,1,2.47
P4999,MA_ROTA,E708,5,1,1.5
P5000,AN_PA,E708,5,1,1.75
P5001,AN_PA,E708,5,1,2.14
P5002,PN_PIQ,E709,4,1,0.36
P5003,PN_PIQ,E709,4,1,0.3
P5004,PN_PIQ,E709,4,1,0.37
P5005,MA_ROTA,E710,5,1,1.7
P5006,MA_ROTA,E710,5,1,1.08
P5007,MA_ROTA,E710,5,1,1.05
P5008,PN_PIQ,E710,6,1,3.49
P5009,MA_ROTA,E710,5,1,1.51
P5010,MA_ROTA,E710,5,1,1.55
P5011,MA_ROTA,E710,5,1,2.21
P5012,MA_ROTA,E710,5,1,2.02
P5013,PN_PIQ,E710,6,1,7.0
P5014,PN_PIQ,E710,6,1,1.76
P5015,MA_ROTA,E710,5,1,9.7
P5016,MA_ROTA,E710,5,1,4.75
P5017,MA_ROTA,E710,5,1,1.69
P5018,PN_PIQ,E710,6,1,1.91
P5019,AN_PA,E710,6,1,2.76
P5020,AN_PA,E710,6,1,1.12
P5021,MA_ROTA,E710,5,1,5.83
P5022,PN_PIQ,E710,6,1,2.65
P5025,MA_ROTA,E710,5,1,2.34
P5026,PN_PIQ,E710,6,1,2.94
P5027,PN_PIQ,E710,6,1,5.75
P5028,MA_ROTA,E710,5,1,1.54
P5029,AN_PA,E710,6,1,6.65
P5030,PN_PIQ,E710,6,1,4.4
P5031,PN_PIQ,E710,6,1,2.58
P5032,PN_PIQ,E710,6,1,1.68
P5033,PN_PIQ,E710,6,1,2.32
P5034,PN_PIQ,E710,6,1,4.6
P5035,PN_PIQ,E710,6,1,3.06
P5036,PN_PIQ,E710,6,1,1.94
P5037,PN_PIQ,E710,6,1,1.07
P5038,PN_PIQ,E710,6,1,1.09
P5040,PN_PIQ,E710,6,1,1.23
P5041,PN_PIQ,E710,6,1,0.66
P5042,PN_PIQ,E710,6,1,3.01
P5043,PN_PIQ,E710,6,1,2.13
P5044,PN_PIQ,E710,6,1,4.04
P5045,PN_PIQ,E710,6,1,0.96
P5046,PN_PIQ,E710,6,1,1.74
P5047,PN_PIQ,E710,6,1,2.5
P5048,PN_PIQ,E710,6,1,2.14
P5049,PN_PIQ,E710,6,1,3.17
P5050,MA_ROTA,E710,5,1,2.43
P5051,PN_PIQ,E710,6,1,0.88
P5052,PN_PIQ,E710,6,1,4.17
P5053,PN_PIQ,E710,6,1,1.12
P5054,PN_PIQ,E710,6,1,2.69
P5055,PN_PIQ,E710,6,1,0.35
P5056,PN_PIQ,E710,6,1,1.12
P5057,PN_PIQ,E710,6,1,1.9
P5058,PN_PIQ,E710,6,1,1.44
P5059,PN_PIQ,E710,6,1,1.62
P5060,PN_PIQ,E710,6,1,1.21
P5061,MA_ROTA,E710,5,1,1.79
P5062,MA_ROTA,E710,5,1,1.33
P5063,PN_PIQ,E710,6,1,4.66
P5064,MA_ROTA,E710,5,1,1.25
P5065,MA_ROTA,E711,5,1,1.17
P5066,MA_ROTA,E711,5,1,1.01
P5067,MA_ROTA,E711,5,1,1.22
P5068,MA_ROTA,E711,5,1,0.4
P5069,MA_ROTA,E711,5,1,0.8
P5070,MA_ROTA,E711,5,1,1.16
P5071,MA_ROTA,E711,5,1,1.32
P5072,MA_ROTA,E711,5,1,2.77
P5073,MA_ROTA,E711,5,1,0.8
P5074,MA_ROTA,E711,5,1,1.17
P5075,MA_ROTA,E711,5,1,1.14
P5076,MA_ROTA,E711,5,1,1.32
P5077,MA_ROTA,E711,5,1,2.01
P5078,MA_ROTA,E711,5,1,1.44
P5079,MA_ROTA,E711,5,1,2.83
P5080,MA_ROTA,E711,5,1,2.23
P5081,MA_ROTA,E711,5,1,1.64
P5082,MA_ROTA,E711,5,1,2.43
P5083,MA_ROTA,E711,5,1,2.36
P5084,MA_ROTA,E711,5,1,1.4
P5085,MA_ROTA,E711,5,1,1.36
P5086,MA_ROTA,E711,5,1,1.12
P5087,MA_ROTA,E711,5,1,1.37
P5088,MA_ROTA,E711,5,1,1.47
P5089,MA_ROTA,E711,5,1,3.58
P5090,MA_ROTA,E711,5,1,2.42
P5091,MA_ROTA,E711,5,1,0.89
P5092,MA_ROTA,E711,5,1,0.58
P5093,MA_ROTA,E711,5,1,2.2
P5094,MA_ROTA,E711,5,1,1.72
P5095,MA_ROTA,E711,5,1,1.67
P5096,AN_PA,E711,5,1,1.77
P5097,AN_PA,E711,5,1,1.25
P5098,MA_ROTA,E711,5,1,1.73
P5099,MA_ROTA,E711,5,1,2.54
P5100,MA_ROTA,E711,5,1,2.22
P5101,AN_PA,E711,5,1,0.86
P5102,MA_ROTA,E711,5,1,1.12
P5103,MA_ROTA,E711,5,1,1.14
P5104,MA_ROTA,E711,5,1,0.97
P5114,MA_ROTA,E711,5,1,1.19
P5126,MA_ROTA,E711,5,1,2.01
P5138,MA_ROTA,E711,5,1,1.48
P5141,PN_PIQ,E711,4,1,0.66
P5142,PN_PIQ,E711,4,1,0.34
P5143,MA_ROTA,E711,5,1,1.48
P5144,MA_ROTA,E711,5,1,1.64
P5145,AN_PA,E712,5,1,0.9
P5146,AN_PA,E712,5,1,0.78
P5147,AN_PA,E712,5,1,2.48
P5148,PN_PIQ,E712,5,1,0.62
P5151,IG_PLA,E713,6,1,0.67
P5152,BC_BT,E713,6,1,0.75
P5153,AG,E713,6,1,0.38
P5154,AG,E713,6,1,0.05
P5155,AN_PA,E713,5,1,0.31
P5157,AN_PA,E713,5,1,0.35
P5158,MA_ROTA,E714,5,1,0.05
P5159,MA_ROTA,E714,5,1,0.36
P5160,MA_ROTA,E714,5,1,0.47
P5161,MA_ROTA,E714,5,1,0.84
P5164,MA_ROTA,E714,5,1,0.44
P5165,MA_ROTA,E714,5,1,0.09
P5166,MA_ROTA,E714,5,1,0.17
P5167,MA_ROTA,E714,5,1,0.31
P5168,MA_ROTA,E714,5,1,0.65
P5169,MA_ROTA,E714,5,1,0.82
P5170,MA_ROTA,E714,5,1,0.42
P5171,MA_ROTA,E714,5,1,0.51
P5172,MA_ROTA,E714,5,1,0.53
P5173,MA_ROTA,E714,5,1,0.13
P5174,MA_ROTA,E714,5,1,0.54
P5175,MA_ROTA,E714,5,1,0.58
P5176,MA_ROTA,E714,5,1,0.04
P5177,MA_ROTA,E715,5,1,0.83
P5179,MA_ROTA,E715,5,1,0.51
P5180,IG_PLA,E716,4,1,1.68
P5181,AN_PA,E716,5,1,0.03
P5182,MA_ROTA,E716,5,1,2.28
P5183,MA_ROTA,E716,5,1,3.36
P5184,AG,E716,5,1,1.59
P5186,AN_PA,E716,5,1,1.26
P5187,AN_PA,E716,5,1,0.8
P5188,MA_ROTA,E716,5,1,0.12
P5189,AG,E716,5,1,0.23
P5190,AN_PA,E716,5,1,0.5
P5191,AN_PA,E716,5,1,0.61
P5193,IG_PLA,E716,4,1,0.71
P5194,BC_BT,E716,4,1,1.35
P5195,AG,E716,4,1,0.78
P5196,TH,E717,6,1,0.92
P5197,TH,E717,6,1,1.23
P5198,TH,E717,6,1,0.93
P5199,AN_PA,E718,5,1,1.0
P5201,AN_PA,E718,5,1,0.84
P5205,AN_PA,E718,5,1,0.95
P5206,AN_PA,E718,5,1,0.8
P5208,TH,E719,5,1,0.66
P5209,TH,E719,5,1,0.46
P5210,AN_PA,E719,5,1,0.76
P5211,TH,E719,5,1,0.69
P5212,AN_PA,E719,5,1,0.39
P5213,AN_PA,E719,5,1,0.26
P5215,MA_ROTA,E720,5,1,2.01
P5216,IG_PLA,E720,5,1,0.69
P5217,BC_BT,E720,5,1,0.41
P5218,MA_ROTA,E720,5,1,1.32
P5219,MA_ROTA,E720,5,1,0.33
P5220,MA_ROTA,E720,5,1,0.34
P5221,MA_ROTA,E720,5,1,1.9
P5222,MA_ROTA,E720,5,1,1.29
P5223,MA_ROTA,E720,5,1,0.77
P5224,MA_ROTA,E720,5,1,0.71
P5225,MA_ROTA,E720,5,1,0.21
P5226,MA_ROTA,E720,5,1,0.84
P5227,IG_PLA,E720,5,1,0.58
P5228,IG_PLA,E720,5,1,0.79
P5229,MA_ROTA,E720,5,1,0.72
P5230,MA_ROTA,E720,5,1,1.24
P5231,AG,E720,5,1,0.76
P5232,BC_BT,E720,5,1,0.8
P5233,MA_ROTA,E720,5,1,0.97
P5234,IG_PLA,E720,5,1,0.71
P5235,AN_PA,E721,4,1,1.22
P5236,AN_PA,E721,4,1,0.21
P5237,IG_PLA,E721,4,1,0.27
P5239,AN_PA,E721,5,1,0.31
P5241,MA_ROTA,E722,5,1,1.17
P5243,MA_ROTA,E722,5,1,0.98
P5244,MA_ROTA,E722,5,1,1.91
P5245,MA_ROTA,E722,5,1,0.5
P5246,MA_ROTA,E722,5,1,0.79
P5247,MA_ROTA,E722,5,1,0.2
P5248,MA_ROTA,E722,5,1,0.98
P5249,MA_ROTA,E722,5,1,0.53
P5250,MA_ROTA,E722,5,1,1.49
P5251,MA_ROTA,E722,5,1,1.26
P5252,MA_ROTA,E722,5,1,2.15
P5254,MA_ROTA,E722,5,1,0.08
P5255,MA_ROTA,E722,5,1,1.76
P5256,MA_ROTA,E723,5,1,0.6
P5257,MA_ROTA,E723,5,1,1.54
P5258,MA_ROTA,E723,5,1,2.05
P5259,MA_ROTA,E723,5,1,0.97
P5260,MA_ROTA,E723,5,1,2.04
P5261,MA_ROTA,E723,5,1,0.9
P5262,MA_ROTA,E723,5,1,1.18
P5263,MA_ROTA,E723,5,1,0.6
P5264,MA_ROTA,E723,5,1,1.71
P5265,MA_ROTA,E723,5,1,3.0
P5266,MA_ROTA,E723,5,1,0.5
P5267,MA_ROTA,E723,5,1,0.99
P5268,MA_ROTA,E724,5,1,0.27
P5269,MA_ROTA,E724,5,1,0.67
P5270,MA_ROTA,E724,5,1,0.62
P5274,MA_ROTA,E724,5,1,0.25
P5275,MA_ROTA,E724,5,1,0.54
P5276,MA_ROTA,E724,5,1,0.32
P5277,MA_ROTA,E725,5,1,0.65
P5278,MA_ROTA,E725,5,1,0.41
P5279,MA_ROTA,E725,5,1,1.6
P5280,MA_ROTA,E725,5,1,1.25
P5281,MA_ROTA,E725,5,1,0.79
P5282,MA_ROTA,E725,5,1,1.42
P5283,MA_ROTA,E725,5,1,1.21
P5284,MA_ROTA,E725,5,1,0.29
P5285,MA_ROTA,E725,5,1,0.4
P5286,PN_PIQ,E726,4,1,0.31
P5287,PN_PIQ,E726,4,1,0.56
P5288,PN_PIQ,E726,4,1,0.34
P5289,PN_PIQ,E726,4,1,1.33
P5290,PN_PIQ,E726,4,1,0.68
P5291,PN_PIQ,E726,4,1,1.05
P5292,PN_PIQ,E726,4,1,0.32
P5295,AG,E726,4,1,1.14
P5298,AG,E726,4,1,1.06
P5299,PN_PIQ,E726,4,1,0.62
P5300,AG,E726,4,1,1.08
P5301,AG,E726,4,1,1.87
P5302,BC_BT,E726,4,1,0.79
P5303,IG_PLA,E726,4,1,0.52
P5304,PN_PIQ,E726,4,1,0.35
P5305,PN_PIQ,E726,4,1,0.47
P5306,IG_PLA,E726,4,1,1.25
P5307,AG,E726,4,1,1.64
P5308,IG_PLA,E726,4,1,0.51
P5309,PN_PIQ,E726,4,1,0.87
P5310,PN_PIQ,E726,4,1,2.94
P5311,PN_PIQ,E726,4,1,0.31
P5312,PN_PIQ,E726,4,1,1.67
P5314,PN_PIQ,E726,4,1,0.87
P5315,PN_PIQ,E726,4,1,0.94
P5316,PN_PIQ,E727,3,2,0.15
P5317,MA_ROTA,E727,3,2,0.46
P5318,MA_ROTA,E727,3,2,0.2
P5320,MA_ROTA,E728,5,1,0.33
P5322,MA_ROTA,E728,5,1,1.2
P5324,MA_ROTA,E728,5,1,0.74
P5325,MA_ROTA,E728,5,1,0.44
P5326,MA_ROTA,E728,5,1,0.52
P5327,MA_ROTA,E728,5,1,0.55
P5328,MA_ROTA,E728,5,1,1.72
P5329,MA_ROTA,E728,5,1,0.22
P5330,MA_ROTA,E728,5,1,0.45
P5331,MA_ROTA,E728,5,1,0.39
P5332,MA_ROTA,E728,5,1,0.61
P5334,MA_ROTA,E728,5,1,0.36
P5335,MA_ROTA,E729,3,2,1.31
P5336,MA_ROTA,E729,3,2,1.13
P5337,MA_ROTA,E729,3,2,0.2
P5338,MA_ROTA,E729,3,2,1.7
P5339,MA_ROTA,E729,3,2,1.25
P5342,MA_ROTA,E729,3,2,0.39
P5343,MA_ROTA,E729,3,2,0.78
P5344,PN_PIQ,E729,3,2,0.81
P5345,MA_ROTA,E729,3,2,0.9
P5346,MA_ROTA,E729,3,2,2.35
P5347,MA_ROTA,E729,3,2,0.93
P5348,AG,E730,5,1,0.41
P5349,BC_BT,E730,5,1,0.25
P5350,IG_PLA,E730,5,1,0.78
P5351,BC_BT,E730,5,1,0.29
P5352,IG_PLA,E730,5,1,0.21
P5353,AN_PA,E730,5,1,1.89
P5358,MA_ROTA,E731,1,2,0.1
P5359,MA_ROTA,E731,1,2,0.38
P5360,MA_ROTA,E731,1,2,0.31
P5362,MA_ROTA,E731,1,2,0.33
P5363,MA_ROTA,E731,1,2,2.78
P5364,MA_ROTA,E731,1,2,0.99
P5365,MA_ROTA,E731,1,2,0.8
P5366,MA_ROTA,E731,1,2,0.33
P5367,PN_PIQ,E731,1,2,0.46
P5368,PN_PIQ,E731,1,2,0.69
P5369,MA_ROTA,E731,1,2,0.42
P5370,PN_PIQ,E731,1,2,0.3
P5372,PN_PIQ,E731,1,2,0.29
P5373,PN_PIQ,E731,1,2,0.16
P5375,MA_ROTA,E731,1,2,0.04
P5376,PN_PIQ,E731,1,2,0.05
P5377,PN_PIQ,E731,1,2,0.02
P5378,PN_PIQ,E731,1,2,0.9
P5379,MA_ROTA,E731,1,2,0.1
P5385,MA_ROTA,E731,1,2,0.67
P5386,PN_PIQ,E731,1,2,0.48
P5387,MA_ROTA,E732,5,1,2.64
P5388,MA_ROTA,E732,5,1,2.42
P5389,MA_ROTA,E732,5,1,2.1
P5390,MA_ROTA,E732,5,1,1.64
P5391,MA_ROTA,E732,5,1,2.31
P5392,MA_ROTA,E732,5,1,1.9
P5393,MA_ROTA,E732,5,1,1.49
P5394,MA_ROTA,E732,5,1,0.15
P5395,AG,E732,5,1,1.3
P5396,MA_ROTA,E732,5,1,0.46
P5397,AN_PA,E732,5,1,1.11
P5398,MA_ROTA,E732,5,1,0.11
P5399,MA_ROTA,E732,5,1,2.71
P5400,MA_ROTA,E732,5,1,2.41
P5401,MA_ROTA,E732,5,1,4.51
P5402,MA_ROTA,E732,5,1,1.8
P5404,MA_ROTA,E732,5,1,1.29
P5405,MA_ROTA,E732,5,1,0.91
P5406,AN_PA,E732,5,1,0.33
P5407,MA_ROTA,E732,5,1,1.89
P5408,MA_ROTA,E732,5,1,1.39
P5409,MA_ROTA,E732,5,1,1.52
P5410,MA_ROTA,E732,5,1,1.89
P5411,MA_ROTA,E732,5,1,1.95
P5412,MA_ROTA,E732,5,1,2.62
P5413,MA_ROTA,E732,5,1,0.67
P5414,MA_ROTA,E732,5,1,1.3
P5415,AN_PA,E732,5,1,0.21
P5416,MA_ROTA,E732,5,1,2.34
P5417,MA_ROTA,E732,5,1,1.88
P5418,MA_ROTA,E732,5,1,1.14
P5419,MA_ROTA,E732,5,1,3.54
P5420,MA_ROTA,E732,5,1,1.51
P5421,AN_PA,E732,5,1,1.17
P5422,MA_ROTA,E733,2,2,3.35
P5425,MA_ROTA,E733,2,2,6.76
P5427,PN_PIQ,E733,2,2,1.18
P5429,PN_PIQ,E733,2,2,1.06
P5433,MA_ROTA,E733,2,2,1.02
P5435,MA_ROTA,E733,2,2,0.95
P5436,PN_PIQ,E733,2,2,0.29
P5439,MA_ROTA,E733,2,2,1.76
P5442,MA_ROTA,E733,2,2,2.7
P5445,MA_ROTA,E734,2,2,0.75
P5446,MA_ROTA,E734,2,2,0.24
P5447,PN_PIQ,E734,2,2,0.53
P5449,MA_ROTA,E734,2,2,0.96
P5451,IG_PLA,E735,4,1,0.58
P5452,AG,E735,4,1,0.51
P5453,BC_BT,E735,4,1,0.35
P5454,IG_PLA,E735,4,1,1.05
P5455,AG,E735,4,1,0.46
P5456,MA_ROTA,E736,5,1,1.02
P5457,MA_ROTA,E736,5,1,0.41
P5458,MA_ROTA,E736,5,1,0.27
P5460,IG_PLA,E737,5,1,0.99
P5461,AN_PA,E737,5,1,0.41
P5462,AN_PA,E737,5,1,0.24
P5463,AN_PA,E737,5,1,0.62
P5464,AN_PA,E737,5,1,0.9
P5465,AN_PA,E737,5,1,0.62
P5466,AN_PA,E737,5,1,0.75
P5467,IG_PLA,E737,5,1,0.23
P5468,AN_PA,E737,5,1,1.27
P5469,AN_PA,E737,5,1,0.33
P5470,IG_PLA,E737,5,1,1.74
P5471,AG,E737,5,1,0.87
P5472,AG,E737,5,1,2.81
P5473,AN_PA,E737,5,1,0.21
P5475,IG_PLA,E737,5,1,1.55
P5477,AN_PA,E737,5,1,0.25
P5478,AN_PA,E737,5,1,0.35
P5479,BC_BT,E737,5,1,0.36
P5480,AN_PA,E738,6,1,1.43
P5481,AN_PA,E738,6,1,0.37
P5483,BC_BT,E738,6,1,1.0
P5484,AN_PA,E738,6,1,0.5
P5485,AN_PA,E738,6,1,0.59
P5486,AN_PA,E738,6,1,0.15
P5487,AN_PA,E738,6,1,0.44
P5488,AN_PA,E738,6,1,1.01
P5489,AG,E738,6,1,0.34
P5490,AN_PA,E738,6,1,0.45
P5491,IG_PLA,E738,6,1,0.97
P5492,AN_PA,E738,6,1,1.62
P5493,AN_PA,E738,6,1,0.97
P5494,AN_PA,E738,6,1,1.2
P5495,MA_ROTA,E739,5,1,0.5
P5496,MA_ROTA,E739,5,1,0.27
P5497,MA_ROTA,E739,5,1,0.18
P5498,MA_ROTA,E739,5,1,0.13
P5499,MA_ROTA,E739,5,1,0.36
P5501,MA_ROTA,E739,5,1,0.18
P5502,MA_ROTA,E739,5,1,0.18
P5503,MA_ROTA,E739,5,1,0.19
P5504,MA_ROTA,E739,5,1,0.22
P5505,MA_ROTA,E739,5,1,0.13
P5506,MA_ROTA,E739,5,1,0.15
P5507,MA_ROTA,E739,5,1,0.14
P5508,MA_ROTA,E740,5,1,0.77
P5509,MA_ROTA,E740,5,1,0.68
P5510,MA_ROTA,E740,5,1,0.94
P5511,MA_ROTA,E740,5,1,0.27
P5512,MA_ROTA,E740,5,1,0.22
P5513,MA_ROTA,E740,5,1,0.09
P5514,MA_ROTA,E740,5,1,0.08
P5515,MA_ROTA,E741,5,1,0.54
P5518,MA_ROTA,E741,5,1,0.88
P5520,MA_ROTA,E741,5,1,0.84
P5522,MA_ROTA,E741,5,1,0.77
P5523,MA_ROTA,E741,5,1,0.74
P5524,MA_ROTA,E741,5,1,0.62
P5528,AN_PA,E742,5,1,1.58
P5529,AN_PA,E742,5,1,0.67
P5530,AG,E742,5,1,1.0
P5531,AN_PA,E742,5,1,0.85
P5532,IG_PLA,E742,5,1,0.34
P5533,AG,E742,5,1,0.55
P5534,BC_BT,E742,5,1,0.19
P5535,AN_PA,E742,5,1,1.14
P5536,AN_PA,E742,5,1,1.93
P5537,AN_PA,E742,5,1,1.75
P5538,AN_PA,E742,5,1,1.33
P5539,BC_BT,E742,5,1,1.5
P5540,IG_PLA,E742,5,1,0.7
P5541,AN_PA,E742,5,1,1.65
P5542,MA_ROTA,E743,2,2,3.06
P5543,MA_ROTA,E743,2,2,0.7
P5544,MA_ROTA,E743,2,2,0.96
P5545,PN_PIQ,E743,2,2,1.47
P5546,MA_ROTA,E743,2,2,0.73
P5547,PN_PIQ,E743,2,2,0.59
P5548,MA_ROTA,E743,2,2,0.86
P5549,PN_PIQ,E744,4,1,2.08
P5550,PN_PIQ,E744,4,1,0.15
P5551,PN_PIQ,E744,4,1,2.22
P5552,PN_PIQ,E744,4,1,1.33
P5553,PN_PIQ,E744,4,1,1.0
P5554,PN_PIQ,E744,4,1,1.37
P5555,PN_PIQ,E744,4,1,0.99
P5556,PN_PIQ,E744,4,1,0.5
P5557,MA_ROTA,E745,3,2,0.68
P5558,MA_ROTA,E745,3,2,1.58
P5559,MA_ROTA,E745,3,2,0.35
P5560,PN_PIQ,E745,3,2,0.28
P5561,MA_ROTA,E745,3,2,0.54
P5562,MA_ROTA,E745,3,2,1.68
P5563,MA_ROTA,E745,3,2,1.69
P5564,MA_ROTA,E745,3,2,0.91
P5565,MA_ROTA,E746,5,1,1.11
P5567,MA_ROTA,E746,5,1,1.07
P5569,MA_ROTA,E746,5,1,2.59
P5570,MA_ROTA,E746,5,1,3.09
P5573,MA_ROTA,E746,5,1,5.71
P5574,MA_ROTA,E746,5,1,2.76
P5575,MA_ROTA,E746,5,1,2.17
P5576,MA_ROTA,E746,5,1,1.95
P5577,MA_ROTA,E746,5,1,0.36
P5578,MA_ROTA,E746,5,1,4.56
P5579,MA_ROTA,E746,5,1,0.25
P5580,MA_ROTA,E746,5,1,0.55
P5581,MA_ROTA,E746,5,1,3.19
P5582,MA_ROTA,E746,5,1,3.55
P5584,AN_PA,E746,5,1,2.59
P5585,MA_ROTA,E746,5,1,2.52
P5586,MA_ROTA,E746,5,1,2.63
P5587,MA_ROTA,E746,5,1,6.89
P5588,MA_ROTA,E747,5,1,0.43
P5589,MA_ROTA,E747,5,1,0.21
P5590,MA_ROTA,E747,5,1,0.17
P5591,MA_ROTA,E747,5,1,0.22
P5594,PN_PIQ,E747,4,1,0.59
P5595,MA_ROTA,E747,4,1,0.51
P5596,PN_PIQ,E747,4,1,0.75
P5597,PN_PIQ,E747,4,1,1.35
P5598,MA_ROTA,E747,4,1,0.93
P5599,MA_ROTA,E747,4,1,0.44
P5600,MA_ROTA,E747,4,1,0.95
P5601,MA_ROTA,E747,5,1,0.42
P5602,MA_ROTA,E747,4,1,0.52
P5603,MA_ROTA,E747,4,1,0.42
P5604,PN_PIQ,E747,4,1,0.53
P5605,MA_ROTA,E747,4,1,0.38
P5606,PN_PIQ,E747,4,1,0.23
P5607,MA_ROTA,E747,5,1,0.06
P5608,MA_ROTA,E747,4,1,0.51
P5609,MA_ROTA,E747,5,1,0.26
P5610,MA_ROTA,E747,5,1,0.5
P5611,MA_ROTA,E747,5,1,0.31
P5613,MA_ROTA,E747,5,1,0.22
P5614,MA_ROTA,E747,5,1,0.47
P5616,PN_PIQ,E748,6,1,1.23
P5617,PN_PIQ,E748,6,1,0.59
P5618,AN_PA,E749,6,1,2.13
P5619,PN_PIQ,E749,6,1,0.46
P5620,AN_PA,E749,6,1,1.03
P5621,PN_PIQ,E749,6,1,0.29
P5622,PN_PIQ,E749,6,1,0.37
P5623,PN_PIQ,E749,6,1,2.07
P5624,PN_PIQ,E749,6,1,1.16
P5625,PN_PIQ,E749,6,1,0.45
P5626,PN_PIQ,E749,6,1,0.42
P5627,PN_PIQ,E749,6,1,1.42
P5628,AN_PA,E749,6,1,1.1
P5629,TH,E749,6,1,1.22
P5630,PN_PIQ,E749,6,1,0.29
P5631,AN_PA,E749,6,1,0.33
P5632,AN_PA,E749,6,1,1.23
P5633,AN_PA,E749,6,1,2.92
P5634,AN_PA,E749,6,1,0.93
P5635,AN_PA,E749,6,1,1.65
P5636,PN_PIQ,E750,4,1,0.33
P5637,PN_PIQ,E750,4,1,1.24
P5638,PN_PIQ,E751,4,1,0.05
P5639,PN_PIQ,E751,4,1,0.06
P5640,PN_PIQ,E751,4,1,0.27
P5641,PN_PIQ,E751,4,1,0.3
P5642,PN_PIQ,E751,4,1,0.14
P5643,PN_PIQ,E751,4,1,0.9
P5644,PN_PIQ,E751,4,1,0.55
P5645,PN_PIQ,E751,4,1,0.23
P5646,PN_PIQ,E751,4,1,0.55
P5647,PN_PIQ,E751,4,1,2.24
P5648,PN_PIQ,E751,4,1,1.16
P5649,PN_PIQ,E751,4,1,0.24
P5651,PN_PIQ,E751,4,1,0.52
P5652,PN_PIQ,E751,4,1,0.07
P5653,MA_ROTA,E752,4,1,1.94
P5654,PN_PIQ,E752,4,1,1.12
P5655,MA_ROTA,E752,4,1,0.74
P5657,MA_ROTA,E752,4,1,0.52
P5658,MA_ROTA,E752,4,1,0.54
P5659,MA_ROTA,E752,4,1,3.33
P5660,PN_PIQ,E752,4,1,0.27
P5661,PN_PIQ,E752,4,1,0.7
P5662,MA_ROTA,E752,4,1,0.33
P5663,PN_PIQ,E752,4,1,0.23
P5664,MA_ROTA,E753,5,1,0.47
P5665,MA_ROTA,E753,5,1,0.39
P5666,MA_ROTA,E753,5,1,0.34
P5668,PN_PIQ,E754,4,1,1.38
P5669,PN_PIQ,E754,4,1,0.3
P5671,PN_PIQ,E754,4,1,0.92
P5672,PN_PIQ,E754,4,1,0.52
P5674,PN_PIQ,E755,4,1,1.39
P5675,PN_PIQ,E755,4,1,0.61
P5676,PN_PIQ,E755,4,1,1.08
P5677,PN_PIQ,E756,4,1,0.9
P5678,PN_PIQ,E756,4,1,0.88
P5679,PN_PIQ,E756,4,1,2.1
P5680,PN_PIQ,E757,4,1,3.4
P5681,PN_PIQ,E757,4,1,3.68
P5682,PN_PIQ,E757,4,1,0.18
P5683,PN_PIQ,E757,4,1,0.21
P5684,PN_PIQ,E758,4,1,0.55
P5685,PN_PIQ,E758,4,1,1.06
P5686,PN_PIQ,E759,4,1,4.97
P5687,PN_PIQ,E760,4,1,0.67
P5688,PN_PIQ,E760,4,1,0.74
P5689,PN_PIQ,E760,4,1,2.53
P5690,MA_ROTA,E761,3,2,1.02
P5691,PN_PIQ,E761,3,2,0.72
P5693,PN_PIQ,E761,3,2,0.52
P5694,PN_PIQ,E761,3,2,0.01
P5695,MA_ROTA,E761,3,2,0.7
P5698,PN_PIQ,E761,3,2,0.51
P5699,PN_PIQ,E761,3,2,0.03
P5700,MA_ROTA,E762,3,2,0.61
P5701,MA_ROTA,E762,3,2,1.85
P5702,ME,E762,3,2,0.67
P5703,PN_PIQ,E762,3,2,0.68
P5704,MA_ROTA,E763,3,2,1.33
P5705,MA_ROTA,E763,3,2,2.66
P5707,ME,E763,3,2,2.23
P5708,MA_ROTA,E763,3,2,1.3
P5709,PN_PIQ,E763,3,2,0.91
P5710,MA_ROTA,E764,1,2,3.12
P5711,MA_ROTA,E764,1,2,0.84
P5712,PN_PIQ,E764,1,2,0.36
P5713,MA_ROTA,E764,1,2,1.33
P5714,PN_PIQ,E764,1,2,0.29
P5715,PN_PIQ,E764,1,2,2.36
P5716,MA_ROTA,E765,3,2,0.22
P5717,MA_ROTA,E765,3,2,1.25
P5718,MA_ROTA,E765,3,2,0.89
P5719,PN_PIQ,E765,3,2,0.87
P5720,PN_PIQ,E765,3,2,1.42
P5721,MA_ROTA,E765,3,2,0.86
P5722,PN_PIQ,E765,3,2,0.23
P5723,MA_ROTA,E765,2,2,0.45
P5724,MA_ROTA,E765,3,2,0.09
P5725,MA_ROTA,E765,3,2,0.52
P5726,MA_ROTA,E765,3,2,1.31
P5727,MA_ROTA,E766,3,2,2.65
P5728,MA_ROTA,E766,3,2,0.55
P5729,PN_PIQ,E766,3,2,0.15
P5731,MA_ROTA,E766,3,2,2.88
P5732,MA_ROTA,E766,3,2,0.39
P5734,MA_ROTA,E766,3,2,0.3
P5735,PN_PIQ,E767,3,2,1.18
P5736,PN_PIQ,E767,3,2,2.23
P5737,MA_ROTA,E767,3,2,1.31
P5738,PN_PIQ,E767,3,2,0.53
P5739,PN_PIQ,E767,3,2,0.86
P5740,MA_ROTA,E767,3,2,0.47
P5741,MA_ROTA,E767,3,2,0.09
P5742,MA_ROTA,E768,3,2,0.7
P5743,MA_ROTA,E768,3,2,0.13
P5744,MA_ROTA,E768,3,2,1.44
P5745,MA_ROTA,E768,3,2,1.42
P5747,MA_ROTA,E768,3,2,0.38
P5748,PN_PIQ,E768,3,2,1.62
P5749,MA_ROTA,E768,3,2,0.34
P5751,PN_PIQ,E768,3,2,0.85
P5752,MA_ROTA,E768,3,2,0.6
P5754,PN_PIQ,E768,3,2,0.41
P5755,MA_ROTA,E768,3,2,0.33
P5756,MA_ROTA,E768,3,2,1.55
P5757,PN_PIQ,E768,3,2,0.28
P5758,MA_ROTA,E768,3,2,0.68
P5759,MA_ROTA,E768,3,2,1.0
P5760,PN_PIQ,E768,3,2,0.46
P5761,PN_PIQ,E768,3,2,4.25
P5763,MA_ROTA,E769,3,2,0.71
P5764,MA_ROTA,E769,3,2,0.26
P5765,MA_ROTA,E769,3,2,0.55
P5766,PN_PIQ,E770,7,3,3.48
P5767,PN_PIQ,E770,7,3,1.5
P5768,PN_PIQ,E770,7,3,1.89
P5769,PN_PIQ,E771,7,3,0.43
P5770,PN_PIQ,E771,7,3,0.65
P5771,PN_PIQ,E771,7,3,0.53
P5772,PN_PIQ,E771,7,3,2.88
P5774,PN_PIQ,E772,7,3,0.43
P5775,PN_PIQ,E772,7,3,0.47
P5776,PN_PIQ,E772,7,3,1.11
P5777,PN_PIQ,E772,7,3,0.42
P5778,PN_PIQ,E772,7,3,0.86
P5779,PN_PIQ,E772,7,3,0.53
P5780,PN_PIQ,E772,7,3,0.22
P5781,PN_PIQ,E773,7,3,0.94
P5782,PN_PIQ,E773,7,3,0.8
P5783,PN_PIQ,E774,7,3,0.36
P5784,PN_PIQ,E774,7,3,0.38
P5785,PN_PIQ,E774,7,3,8.19
P5786,PN_PIQ,E774,7,3,0.24
P5787,PN_PIQ,E774,7,3,0.28
P5788,PN_PIQ,E774,7,3,0.34
P5789,PN_PIQ,E775,7,3,0.41
P5790,PN_PIQ,E775,7,3,0.15
P5791,PN_PIQ,E775,7,3,0.26
P5792,PN_PIQ,E775,7,3,0.25
P5793,PN_PIQ,E776,7,3,0.38
P5794,PN_PIQ,E776,7,3,0.28
P5795,PN_PIQ,E777,7,3,0.26
P5796,PN_PIQ,E777,7,3,1.23
P5797,PN_PIQ,E777,7,3,0.22
P5798,PN_PIQ,E777,7,3,0.3
P5799,PN_PIQ,E777,7,3,1.26
P5800,PN_PIQ,E777,7,3,0.93
P5801,PN_PIQ,E777,7,3,0.37
P5802,PN_PIQ,E778,7,3,0.49
P5803,PN_PIQ,E778,7,3,0.28
P5804,PN_PIQ,E779,7,3,0.3
P5805,PN_PIQ,E779,7,3,0.75
P5806,PN_PIQ,E779,7,3,0.26
P5807,PN_PIQ,E780,7,3,0.78
P5808,PN_PIQ,E780,7,3,0.89
P5809,PN_PIQ,E781,7,3,0.62
P5810,PN_PIQ,E781,7,3,1.82
P5811,PN_PIQ,E781,7,3,0.3
P5812,PN_PIQ,E782,7,3,0.33
P5813,PN_PIQ,E782,7,3,1.17
P5814,MA_ROTA,E783,5,1,0.81
P5815,MA_ROTA,E783,5,1,0.61
P5816,MA_ROTA,E783,5,1,0.47
P5817,MA_ROTA,E783,5,1,0.39
P5818,MA_ROTA,E783,5,1,0.82
P5820,MA_ROTA,E783,5,1,0.66
P5821,MA_ROTA,E783,5,1,0.61
P5822,MA_ROTA,E783,5,1,0.87
P5823,MA_ROTA,E783,5,1,1.2
P5824,MA_ROTA,E783,5,1,1.21
P5825,MA_ROTA,E783,5,1,0.68
P5826,MA_ROTA,E783,5,1,0.33
P5827,MA_ROTA,E784,3,2,0.97
P5830,MA_ROTA,E784,3,2,0.64
P5831,MA_ROTA,E784,3,2,0.89
P5832,MA_ROTA,E784,3,2,0.89
P5833,MA_ROTA,E784,3,2,0.31
P5836,MA_ROTA,E784,3,2,2.79
P5837,MA_ROTA,E785,3,2,0.08
P5838,PN_PIQ,E785,3,2,0.97
P5839,MA_ROTA,E785,3,2,0.04
P5840,PN_PIQ,E785,3,2,1.07
P5841,MA_ROTA,E785,3,2,0.11
P5843,MA_ROTA,E785,3,2,1.14
P5844,MA_ROTA,E785,3,2,0.7
P5846,MA_ROTA,E785,3,2,0.99
P5847,MA_ROTA,E785,3,2,1.3
P5848,PN_PIQ,E785,3,2,1.16
P5849,PN_PIQ,E785,3,2,0.8
P5850,MA_ROTA,E785,3,2,0.63
P5851,AN_PA,E786,5,1,0.82
P5852,AN_PA,E786,5,1,0.96
P5853,TH,E786,5,1,0.63
P5854,IG_PLA,E786,5,1,2.12
P5856,AN_PA,E786,5,1,0.36
P5857,AN_PA,E786,5,1,0.22
P5858,AN_PA,E786,5,1,0.8
P5859,AN_PA,E786,5,1,1.32
P5860,TH,E786,5,1,0.48
P5861,AN_PA,E786,5,1,0.22
P5863,AN_PA,E786,5,1,0.57
P5864,AN_PA,E786,5,1,0.21
P5865,AN_PA,E786,5,1,0.26
P5866,AN_PA,E786,5,1,0.66
P5867,AN_PA,E786,5,1,0.45
P5868,IG_PLA,E786,5,1,1.07
P5870,MA_ROTA,E786,5,1,0.29
P5871,MA_ROTA,E786,5,1,0.54
P5872,MA_ROTA,E786,5,1,1.05
P5874,AG,E786,5,1,0.36
P5875,AN_PA,E786,5,1,1.49
P5878,AN_PA,E786,5,1,0.3
P5880,AG,E787,5,1,0.59
P5881,PN_PIQ,E787,5,1,0.53
P5882,MA_ROTA,E787,5,1,1.03
P5883,MA_ROTA,E787,5,1,0.2
P5884,MA_ROTA,E787,5,1,1.3
P5885,MA_ROTA,E787,5,1,0.59
P5886,PN_PIQ,E787,5,1,1.5
P5887,MA_ROTA,E787,5,1,0.34
P5888,PN_PIQ,E787,5,1,0.18
P5889,MA_ROTA,E787,5,1,1.07
P5890,MA_ROTA,E787,5,1,0.72
P5891,MA_ROTA,E787,5,1,0.47
P5892,MA_ROTA,E787,5,1,1.71
P5893,PN_PIQ,E788,2,2,3.27
P5894,MA_ROTA,E789,2,2,1.56
P5895,PN_PIQ,E789,2,2,0.97
P5896,PN_PIQ,E790,2,2,0.61
P5897,PN_PIQ,E790,2,2,0.52
P5899,PN_PIQ,E790,2,2,0.6
P5900,PN_PIQ,E791,2,2,2.93
P5902,MA_ROTA,E792,2,2,3.21
P5903,PN_PIQ,E793,1,2,1.73
P5904,PN_PIQ,E794,1,2,0.81
P5905,PN_PIQ,E794,1,2,0.77
P5906,PN_PIQ,E794,1,2,0.66
P5910,PN_PIQ,E794,1,2,3.75
P5911,PN_PIQ,E794,1,2,0.57
P5912,PN_PIQ,E794,1,2,0.58
P5913,PN_PIQ,E794,1,2,0.56
P5914,PN_PIQ,E795,2,2,1.74
P5915,MA_ROTA,E795,2,2,6.61
P5916,PN_PIQ,E795,2,2,4.22
P5917,ME,E795,2,2,2.86
P5918,MA_ROTA,E795,2,2,5.48
P5919,MA_ROTA,E796,2,2,0.77
P5920,MA_ROTA,E796,2,2,1.43
P5921,MA_ROTA,E796,2,2,2.8
P5922,PN_PIQ,E796,2,2,0.69
P5923,PN_PIQ,E796,2,2,0.27
P5925,PN_PIQ,E796,2,2,0.87
P5926,PN_PIQ,E796,2,2,0.69
P5927,MA_ROTA,E796,2,2,0.26
P5928,MA_ROTA,E796,2,2,0.25
P5930,MA_ROTA,E796,2,2,0.51
P5931,MA_ROTA,E796,2,2,0.62
P5932,MA_ROTA,E796,2,2,1.24
P5933,MA_ROTA,E796,2,2,0.42
P5934,MA_ROTA,E796,2,2,1.48
P5935,MA_ROTA,E796,2,2,0.88
P5938,MA_ROTA,E796,2,2,0.43
P5940,MA_ROTA,E796,2,2,0.1
P5941,PN_PIQ,E796,2,2,1.09
P5942,MA_ROTA,E796,2,2,1.02
P5943,MA_ROTA,E796,2,2,2.42
P5944,MA_ROTA,E796,2,2,0.92
P5945,PN_PIQ,E797,2,2,1.12
P5946,MA_ROTA,E797,2,2,3.3
P5947,MA_ROTA,E797,2,2,0.7
P5949,MA_ROTA,E797,2,2,1.53
P5950,PN_PIQ,E797,2,2,0.68
P5952,MA_ROTA,E797,2,2,0.26
P5953,MA_ROTA,E797,2,2,0.38
P5955,MA_ROTA,E797,2,2,1.21
P5956,MA_ROTA,E797,2,2,1.26
P5957,PN_PIQ,E797,2,2,0.49
P5959,MA_ROTA,E797,2,2,1.39
P5961,PN_PIQ,E797,2,2,0.42
P5965,PN_PIQ,E797,2,2,1.51
P5966,MA_ROTA,E797,2,2,1.04
P5968,PN_PIQ,E797,2,2,0.46
P5971,MA_ROTA,E797,2,2,0.37
P5972,PN_PIQ,E797,2,2,0.92
P5973,MA_ROTA,E797,2,2,1.6
P5974,MA_ROTA,E798,2,2,0.93
P5975,MA_ROTA,E799,2,2,3.55
P5976,MA_ROTA,E800,2,2,1.29
P5977,MA_ROTA,E800,2,2,2.13
P5978,MA_ROTA,E800,2,2,1.7
P5979,PN_PIQ,E800,2,2,0.8
P5980,PN_PIQ,E800,2,2,0.64
P5981,MA_ROTA,E801,5,1,0.38
P5982,MA_ROTA,E801,5,1,0.31
P5983,MA_ROTA,E801,5,1,0.44
P5985,MA_ROTA,E801,5,1,0.38
P5988,MA_ROTA,E801,5,1,0.51
P5989,PN_PIQ,E802,1,2,1.07
P5990,PN_PIQ,E802,1,2,1.12
P5991,MA_ROTA,E802,1,2,2.78
P5992,MA_ROTA,E802,1,2,2.52
P5993,MA_ROTA,E802,1,2,2.1
P5994,PN_PIQ,E802,1,2,1.22
P5995,MA_ROTA,E802,1,2,2.2
P5996,MA_ROTA,E802,1,2,0.12
P5997,PN_PIQ,E803,7,3,0.55
P5998,PN_PIQ,E803,7,3,0.96
P5999,PN_PIQ,E804,7,3,0.47
P6000,PN_PIQ,E804,7,3,1.1
P6001,PN_PIQ,E804,7,3,0.95
P6002,PN_PIQ,E804,7,3,0.43
P6003,PN_PIQ,E805,7,3,0.31
P6004,PN_PIQ,E805,7,3,0.14
P6005,PN_PIQ,E805,7,3,0.74
P6006,PN_PIQ,E805,7,3,0.65
P6007,PN_PIQ,E805,7,3,1.06
P6008,PN_PIQ,E805,7,3,0.26
P6009,PN_PIQ,E805,7,3,0.45
P6010,PN_PIQ,E806,7,3,1.04
P6011,PN_PIQ,E806,7,3,2.02
P6012,PN_PIQ,E806,7,3,1.07
P6013,PN_PIQ,E806,7,3,3.53
P6014,MA_ROTA,E807,2,2,0.81
P6015,PN_PIQ,E807,2,2,0.29
P6016,MA_ROTA,E807,2,2,0.83
P6017,MA_ROTA,E807,2,2,0.35
P6018,MA_ROTA,E807,2,2,0.51
P6019,MA_ROTA,E807,2,2,1.04
P6020,MA_ROTA,E807,2,2,1.28
P6021,MA_ROTA,E807,2,2,0.11
P6022,MA_ROTA,E807,2,2,4.38
P6023,PN_PIQ,E808,1,2,0.41
P6024,PN_PIQ,E808,1,2,2.19
P6025,PN_PIQ,E808,1,2,0.6
P6026,PN_PIQ,E809,1,2,2.61
P6027,PN_PIQ,E809,1,2,1.83
P6028,MA_ROTA,E809,1,2,1.2
P6029,MA_ROTA,E809,1,2,0.94
P6030,MA_ROTA,E809,1,2,0.42
P6031,PN_PIQ,E809,3,2,0.45
P6032,PN_PIQ,E809,3,2,1.18
P6033,MA_ROTA,E810,1,2,1.2
P6034,MA_ROTA,E810,1,2,1.21
P6035,MA_ROTA,E810,1,2,5.16
P6036,MA_ROTA,E810,1,2,0.7
P6037,PN_PIQ,E810,1,2,4.48
P6038,MA_ROTA,E811,2,2,0.67
P6039,PN_PIQ,E811,1,2,0.23
P6040,MA_ROTA,E811,1,2,0.38
P6041,MA_ROTA,E811,1,2,0.63
P6042,MA_ROTA,E811,2,2,0.05
P6043,MA_ROTA,E811,2,2,0.86
P6044,MA_ROTA,E811,1,2,0.2
P6045,PN_PIQ,E812,2,2,2.34
P6046,MA_ROTA,E812,2,2,0.82
P6047,PN_PIQ,E812,2,2,0.33
P6048,PN_PIQ,E813,2,2,0.93
P6049,MA_ROTA,E813,2,2,1.54
P6050,PN_PIQ,E813,2,2,0.59
P6051,PN_PIQ,E814,2,2,0.32
P6052,PN_PIQ,E814,2,2,1.57
P6053,PN_PIQ,E814,2,2,0.53
P6054,MA_ROTA,E815,2,2,0.47
P6055,PN_PIQ,E815,2,2,0.74
P6056,MA_ROTA,E815,2,2,0.26
P6057,MA_ROTA,E815,2,2,1.18
P6058,PN_PIQ,E816,2,2,0.62
P6059,MA_ROTA,E816,2,2,0.44
P6060,PN_PIQ,E816,2,2,0.29
P6061,MA_ROTA,E816,2,2,0.34
P6062,MA_ROTA,E817,2,2,1.14
P6063,MA_ROTA,E817,2,2,1.68
P6064,MA_ROTA,E818,2,2,0.85
P6065,MA_ROTA,E818,2,2,1.36
P6066,MA_ROTA,E819,2,2,0.56
P6067,MA_ROTA,E819,2,2,0.82
P6068,MA_ROTA,E820,1,2,0.63
P6069,PN_PIQ,E820,1,2,1.85
P6070,PN_PIQ,E820,1,2,1.43
P6071,PN_PIQ,E820,1,2,0.64
P6072,PN_PIQ,E820,1,2,1.89
P6073,PN_PIQ,E821,2,2,2.29
P6074,MA_ROTA,E821,2,2,0.57
P6075,ME,E821,2,2,1.08
P6076,MA_ROTA,E821,2,2,0.07
P6077,PN_PIQ,E821,2,2,0.53
P6078,PN_PIQ,E821,2,2,2.29
P6079,MA_ROTA,E821,2,2,0.29
P6080,PN_PIQ,E822,2,2,0.66
P6081,PN_PIQ,E822,2,2,1.61
P6082,PN_PIQ,E822,2,2,0.94
P6083,PN_PIQ,E822,2,2,1.09
P6084,PN_PIQ,E822,2,2,0.54
P6085,MA_ROTA,E822,2,2,1.04
P6086,MA_ROTA,E823,2,2,0.48
P6087,PN_PIQ,E824,7,3,0.77
P6088,PN_PIQ,E824,7,3,0.39
P6089,PN_PIQ,E824,7,3,0.58
P6090,PN_PIQ,E824,7,3,0.68
P6091,PN_PIQ,E824,7,3,0.3
P6092,PN_PIQ,E824,7,3,0.39
P6093,PN_PIQ,E824,7,3,0.45
P6094,PN_PIQ,E824,7,3,0.38
P6095,PN_PIQ,E825,7,3,0.29
P6096,PN_PIQ,E825,7,3,0.32
P6097,PN_PIQ,E825,7,3,0.68
P6098,PN_PIQ,E826,7,3,0.69
P6099,PN_PIQ,E826,7,3,0.5
P6100,PN_PIQ,E826,7,3,0.71
P6101,PN_PIQ,E827,7,3,0.73
P6102,PN_PIQ,E827,7,3,0.17
P6103,PN_PIQ,E827,7,3,0.45
P6104,PN_PIQ,E827,7,3,0.25
P6105,PN_PIQ,E827,7,3,1.05
P6106,PN_PIQ,E827,7,3,2.24
P6107,PN_PIQ,E827,7,3,0.35
P6108,PN_PIQ,E827,7,3,0.28
P6109,PN_PIQ,E828,7,3,0.77
P6110,PN_PIQ,E828,7,3,0.41
P6111,PN_PIQ,E828,7,3,0.33
P6112,PN_PIQ,E828,7,3,0.94
P6113,PN_PIQ,E828,7,3,0.35
P6114,PN_PIQ,E828,7,3,0.68
P6115,PN_PIQ,E828,7,3,0.38
P6116,PN_PIQ,E828,7,3,0.18
P6117,PN_PIQ,E829,7,3,0.83
P6118,PN_PIQ,E829,7,3,0.33
P6119,AN_PA,E830,5,1,1.07
P6120,MA_ROTA,E830,5,1,0.96
P6121,MA_ROTA,E830,5,1,0.1
P6122,AN_PA,E830,5,1,1.2
P6123,PN_PIQ,E831,3,2,1.04
P6124,MA_ROTA,E831,3,2,1.0
P6125,MA_ROTA,E831,3,2,0.67
P6126,MA_ROTA,E831,3,2,0.33
P6127,MA_ROTA,E831,3,2,0.63
P6128,PN_PIQ,E831,3,2,0.87
P6129,MA_ROTA,E831,3,2,0.93
P6130,PN_PIQ,E831,3,2,0.27
P6131,PN_PIQ,E831,3,2,1.35
P6132,MA_ROTA,E831,3,2,0.97
P6133,MA_ROTA,E831,3,2,1.14
P6134,MA_ROTA,E831,3,2,0.66
P6135,MA_ROTA,E831,3,2,0.86
P6136,MA_ROTA,E831,3,2,2.31
P6137,PN_PIQ,E831,3,2,2.14
P6138,PN_PIQ,E832,7,3,0.98
P6139,PN_PIQ,E832,7,3,0.4
P6140,PN_PIQ,E833,7,3,2.36
P6141,PN_PIQ,E833,7,3,0.64
P6142,PN_PIQ,E833,7,3,1.05
P6143,PN_PIQ,E833,7,3,0.48
P6144,PN_PIQ,E833,7,3,0.75
P6145,PN_PIQ,E834,7,3,0.63
P6146,PN_PIQ,E834,7,3,0.68
P6148,PN_PIQ,E834,7,3,0.31
P6149,PN_PIQ,E835,7,3,0.91
P6151,PN_PIQ,E835,7,3,1.07
P6152,PN_PIQ,E835,7,3,0.45
P6153,PN_PIQ,E836,7,3,0.67
P6154,PN_PIQ,E837,7,3,0.39
P6155,PN_PIQ,E837,7,3,1.01
P6156,PN_PIQ,E837,7,3,0.4
P6157,PN_PIQ,E838,7,3,1.0
P6158,PN_PIQ,E838,7,3,0.5
P6159,PN_PIQ,E838,7,3,0.82
P6160,PN_PIQ,E838,7,3,0.82
P6161,PN_PIQ,E839,1,2,1.13
P6162,PN_PIQ,E839,7,3,1.05
P6163,MA_ROTA,E839,1,2,0.47
P6164,MA_ROTA,E839,1,2,0.84
P6165,MA_ROTA,E839,1,2,0.42
P6166,MA_ROTA,E839,1,2,0.1
P6168,PN_PIQ,E839,7,3,0.66
P6171,PN_PIQ,E839,1,2,1.27
P6172,MA_ROTA,E839,1,2,0.41
P6173,MA_ROTA,E839,1,2,1.11
P6174,PN_PIQ,E840,7,3,0.95
P6175,PN_PIQ,E840,7,3,0.84
P6176,PN_PIQ,E841,7,3,0.12
P6177,PN_PIQ,E841,7,3,0.25
P6178,PN_PIQ,E841,7,3,0.4
P6179,PN_PIQ,E841,7,3,1.07
P6180,PN_PIQ,E841,7,3,0.13
P6181,AN_PA,E842,5,1,0.63
P6182,TH,E842,5,1,0.12
P6183,AN_PA,E842,5,1,0.4
P6184,AN_PA,E842,5,1,0.69
P6185,TH,E842,5,1,1.64
P6187,TH,E842,5,1,0.38
P6188,AN_PA,E842,5,1,0.36
P6189,TH,E842,5,1,0.25
P6190,AN_PA,E842,5,1,0.26
P6191,AN_PA,E842,5,1,0.42
P6193,TH,E842,5,1,0.19
P6197,IG_PLA,E843,4,1,1.16
P6198,MA_ROTA,E843,5,1,0.66
P6199,MA_ROTA,E843,5,1,0.38
P6200,AG,E843,4,1,0.77
P6201,IG_PLA,E843,4,1,0.55
P6202,IG_PLA,E843,4,1,0.95
P6203,AG,E843,4,1,0.61
P6204,IG_PLA,E843,4,1,1.33
P6205,IG_PLA,E843,4,1,0.57
P6206,MA_ROTA,E843,5,1,0.44
P6207,MA_ROTA,E843,5,1,0.68
P6208,AG,E844,5,1,0.44
P6209,BC_BT,E844,5,1,0.4
P6210,AN_PA,E844,5,1,0.3
P6214,PN_PIQ,E844,5,1,0.11
P6215,MA_ROTA,E845,5,1,0.68
P6216,MA_ROTA,E845,5,1,1.42
P6218,MA_ROTA,E845,5,1,1.14
P6219,MA_ROTA,E845,5,1,1.61
P6221,MA_ROTA,E845,5,1,1.46
P6223,MA_ROTA,E846,5,1,0.19
P6226,MA_ROTA,E846,5,1,0.57
P6232,MA_ROTA,E846,5,1,0.39
P6233,MA_ROTA,E846,5,1,0.88
P6234,MA_ROTA,E846,5,1,0.94
P6235,AN_PA,E847,5,1,0.72
P6237,AN_PA,E847,5,1,1.01
P6239,MA_ROTA,E848,2,2,0.22
P6240,MA_ROTA,E848,2,2,0.48
P6241,MA_ROTA,E848,2,2,2.92
P6242,MA_ROTA,E848,2,2,0.13
P6243,MA_ROTA,E849,3,2,1.25
P6244,MA_ROTA,E849,3,2,0.8
P6245,MA_ROTA,E849,3,2,0.7
P6246,MA_ROTA,E849,3,2,0.2
P6247,MA_ROTA,E849,3,2,6.0
P6248,BC_BT,E850,6,1,0.97
P6249,AN_PA,E850,6,1,0.24
P6250,AN_PA,E850,6,1,0.68
P6251,BC_BT,E850,6,1,0.12
P6252,AN_PA,E850,6,1,0.3
P6253,AN_PA,E850,6,1,0.29
P6254,AN_PA,E850,6,1,0.51
P6255,AN_PA,E850,6,1,0.49
P6256,IG_PLA,E850,6,1,0.52
P6257,AN_PA,E850,6,1,0.65
P6258,AN_PA,E850,6,1,0.18
P6259,AG,E850,6,1,0.64
P6260,AN_PA,E850,6,1,0.08
P6261,PN_PIQ,E851,7,3,1.15
P6262,PN_PIQ,E851,7,3,0.76
P6263,PN_PIQ,E851,7,3,0.81
P6264,PN_PIQ,E852,7,3,1.89
P6265,PN_PIQ,E852,7,3,0.72
P6266,PN_PIQ,E852,7,3,0.12
P6267,PN_PIQ,E852,7,3,0.23
P6268,PN_PIQ,E852,7,3,0.14
P6269,PN_PIQ,E852,7,3,0.72
P6270,PN_PIQ,E852,7,3,0.22
P6271,PN_PIQ,E853,7,3,1.23
P6272,PN_PIQ,E853,7,3,1.19
P6273,PN_PIQ,E853,7,3,0.41
P6274,PN_PIQ,E853,7,3,1.12
P6275,IG_PLA,E854,5,1,0.51
P6276,IG_PLA,E854,5,1,0.45
P6277,AG,E854,5,1,0.71
P6278,AG,E854,5,1,0.46
P6280,MA_ROTA,E854,5,1,1.2
P6283,BC_BT,E854,5,1,0.91
P6285,IG_PLA,E854,5,1,0.4
P6287,AG,E854,5,1,0.31
P6288,BC_BT,E854,5,1,0.18
P6289,IG_PLA,E854,5,1,0.43
P6290,AG,E854,5,1,0.53
P6291,MA_ROTA,E855,5,1,0.52
P6292,MA_ROTA,E855,5,1,0.63
P6293,MA_ROTA,E855,5,1,0.94
P6294,MA_ROTA,E855,5,1,0.59
P6295,MA_ROTA,E855,5,1,0.27
P6296,MA_ROTA,E855,5,1,0.58
P6297,MA_ROTA,E855,5,1,0.79
P6298,MA_ROTA,E855,5,1,0.93
P6299,MA_ROTA,E855,5,1,0.52
P6300,PN_PIQ,E856,3,2,0.89
P6301,PN_PIQ,E856,3,2,1.22
P6302,PN_PIQ,E856,3,2,1.94
P6303,PN_PIQ,E856,3,2,1.39
P6304,PN_PIQ,E856,3,2,0.75
P6305,PN_PIQ,E856,3,2,0.97
P6307,PN_PIQ,E857,4,1,1.69
P6308,PN_PIQ,E857,4,1,1.93
P6309,PN_PIQ,E857,4,1,0.21
P6310,PN_PIQ,E857,4,1,1.97
P6311,PN_PIQ,E857,4,1,0.3
P6312,PN_PIQ,E857,4,1,1.5
P6313,PN_PIQ,E857,4,1,1.16
P6314,PN_PIQ,E857,4,1,1.35
P6315,PN_PIQ,E857,4,1,0.54
P6317,MA_ROTA,E858,5,1,1.13
P6318,MA_ROTA,E858,5,1,0.42
P6319,AG,E858,5,1,0.64
P6320,AG,E858,5,1,1.23
P6321,AN_PA,E858,4,1,2.06
P6322,AN_PA,E858,4,1,1.04
P6323,MA_ROTA,E858,5,1,0.78
P6324,MA_ROTA,E858,5,1,2.18
P6325,MA_ROTA,E858,5,1,0.33
P6326,MA_ROTA,E858,5,1,1.75
P6327,MA_ROTA,E858,5,1,1.42
P6328,AN_PA,E858,5,1,0.73
P6329,IG_PLA,E858,5,1,0.7
P6330,IG_PLA,E858,5,1,1.05
P6331,AG,E858,5,1,1.68
P6332,PN_PIQ,E859,4,1,1.03
P6334,PN_PIQ,E859,4,1,1.56
P6335,MA_ROTA,E860,5,1,0.48
P6336,MA_ROTA,E860,5,1,0.77
P6337,MA_ROTA,E860,5,1,0.5
P6338,MA_ROTA,E860,5,1,0.67
P6339,MA_ROTA,E860,5,1,0.68
P6340,MA_ROTA,E860,5,1,0.57
P6341,MA_ROTA,E860,5,1,0.91
P6342,MA_ROTA,E860,5,1,0.55
P6343,MA_ROTA,E860,5,1,0.43
P6344,PN_PIQ,E861,2,2,0.6
P6345,PN_PIQ,E861,2,2,1.02
P6346,PN_PIQ,E861,2,2,0.6
P6347,PN_PIQ,E861,2,2,0.23
P6348,PN_PIQ,E861,2,2,0.13
P6349,MA_ROTA,E862,2,2,3.13
P6350,MA_ROTA,E862,2,2,0.57
P6351,PN_PIQ,E862,2,2,0.49
P6352,PN_PIQ,E862,2,2,3.83
P6353,MA_ROTA,E863,3,2,1.08
P6354,MA_ROTA,E863,3,2,0.25
P6355,MA_ROTA,E863,3,2,1.88
P6356,PN_PIQ,E864,7,3,2.48
P6357,PN_PIQ,E865,2,2,2.1
P6358,PN_PIQ,E865,2,2,1.37
P6359,PN_PIQ,E865,2,2,0.03
P6360,PN_PIQ,E865,2,2,1.02
P6361,PN_PIQ,E865,2,2,4.75
P6362,MA_ROTA,E866,2,2,1.11
P6363,MA_ROTA,E866,2,2,0.24
P6364,MA_ROTA,E866,2,2,0.82
P6365,MA_ROTA,E866,2,2,0.24
P6366,MA_ROTA,E866,2,2,0.65
P6367,MA_ROTA,E867,4,1,0.5
P6368,MA_ROTA,E867,4,1,0.83
P6369,PN_PIQ,E867,4,1,0.87
P6370,PN_PIQ,E867,4,1,4.41
P6371,PN_PIQ,E867,4,1,0.39
P6372,MA_ROTA,E867,4,1,0.82
P6373,MA_ROTA,E867,4,1,0.82
P6374,MA_ROTA,E867,4,1,0.71
P6375,MA_ROTA,E867,4,1,1.82
P6376,MA_ROTA,E867,4,1,1.0
P6377,MA_ROTA,E867,4,1,4.76
P6378,MA_ROTA,E868,1,2,1.65
P6381,MA_ROTA,E868,1,2,1.52
P6382,PN_PIQ,E869,4,1,0.85
P6383,PN_PIQ,E869,4,1,1.38
P6384,PN_PIQ,E869,4,1,0.07
P6385,PN_PIQ,E869,4,1,1.4
P6386,MA_ROTA,E869,4,1,2.02
P6387,PN_PIQ,E869,4,1,0.54
P6388,PN_PIQ,E869,4,1,1.43
P6389,MA_ROTA,E869,4,1,1.48
P6390,MA_ROTA,E869,4,1,1.57
P6391,PN_PIQ,E869,4,1,0.7
P6392,MA_ROTA,E869,4,1,1.71
P6394,PN_PIQ,E869,4,1,1.46
P6395,MA_ROTA,E869,4,1,0.82
P6397,AG,E870,4,1,3.01
P6398,AG,E870,4,1,2.25
P6399,IG_PLA,E870,4,1,2.16
P6400,IG_PLA,E870,4,1,1.02
P6401,IG_PLA,E870,4,1,1.18
P6402,BC_BT,E870,4,1,0.39
P6403,MA_PAI_NON_NI,E870,4,1,0.65
P6404,MA_ROTA,E871,1,2,0.05
P6405,MA_ROTA,E871,1,2,0.4
P6406,MA_ROTA,E871,1,2,0.05
P6407,PN_PIQ,E871,1,2,0.08
P6408,PN_PIQ,E871,1,2,0.09
P6409,MA_ROTA,E871,1,2,0.47
P6410,MA_ROTA,E871,1,2,1.1
P6411,PN_PIQ,E871,1,2,3.53
P6412,MA_ROTA,E871,1,2,0.88
P6413,MA_ROTA,E871,1,2,0.21
P6414,PN_PIQ,E871,1,2,1.12
P6415,MA_ROTA,E871,1,2,0.82
P6416,PN_PIQ,E871,1,2,0.39
P6417,PN_PIQ,E872,2,2,0.45
P6418,MA_ROTA,E872,2,2,0.33
P6419,MA_ROTA,E872,2,2,0.49
P6420,PN_PIQ,E872,2,2,0.29
P6421,PN_PIQ,E873,1,2,1.25
P6422,PN_PIQ,E873,1,2,0.22
P6423,PN_PIQ,E874,2,2,2.01
P6424,MA_ROTA,E875,3,2,1.39
P6425,PN_PIQ,E875,3,2,1.16
P6428,MA_ROTA,E875,3,2,1.04
P6429,MA_ROTA,E875,3,2,0.5
P6431,MA_ROTA,E875,3,2,0.51
P6432,MA_ROTA,E875,3,2,0.47
P6433,MA_ROTA,E876,1,2,0.43
P6434,PN_PIQ,E876,1,2,0.34
P6435,MA_ROTA,E876,3,2,0.34
P6436,PN_PIQ,E877,3,2,0.05
P6437,PN_PIQ,E877,3,2,1.46
P6438,PN_PIQ,E878,2,2,0.85
P6439,MA_ROTA,E878,2,2,1.25
P6440,MA_ROTA,E879,4,1,2.48
P6441,PN_PIQ,E879,4,1,2.26
P6442,PN_PIQ,E879,4,1,0.45
P6443,MA_ROTA,E879,4,1,0.63
P6444,MA_ROTA,E879,4,1,0.43
P6445,PN_PIQ,E879,4,1,0.61
P6446,PN_PIQ,E880,4,1,1.32
P6447,PN_PIQ,E880,4,1,0.15
P6448,PN_PIQ,E880,4,1,0.7
P6449,PN_PIQ,E880,4,1,0.12
P6450,PN_PIQ,E880,4,1,0.47
P6451,PN_PIQ,E881,3,2,0.28
P6452,PN_PIQ,E881,3,2,0.5
P6453,PN_PIQ,E881,3,2,0.42
P6454,PN_PIQ,E882,1,2,0.79
P6455,PN_PIQ,E882,1,2,1.59
P6456,PN_PIQ,E882,1,2,0.65
P6457,PN_PIQ,E882,1,2,0.45
P6458,PN_PIQ,E882,2,2,0.73
P6459,PN_PIQ,E883,4,1,0.14
P6460,PN_PIQ,E883,4,1,2.67
P6461,PN_PIQ,E883,4,1,1.05
P6462,PN_PIQ,E883,4,1,1.8
P6463,PN_PIQ,E883,4,1,3.37
P6464,PN_PIQ,E883,4,1,0.49
P6465,PN_PIQ,E883,4,1,1.76
P6466,PN_PIQ,E883,4,1,0.81
P6467,MA_ROTA,E884,3,2,2.69
P6468,MA_ROTA,E884,3,2,0.65
P6469,MA_ROTA,E884,3,2,0.57
P6470,PN_PIQ,E884,3,2,1.47
P6471,MA_ROTA,E884,3,2,1.34
P6472,MA_ROTA,E884,3,2,1.98
P6473,PN_PIQ,E884,3,2,0.37
P6474,PN_PIQ,E885,7,3,2.24
P6475,PN_PIQ,E885,7,3,0.37
P6476,PN_PIQ,E885,7,3,1.81
P6477,PN_PIQ,E885,7,3,1.1
P6478,PN_PIQ,E886,7,3,1.4
P6479,PN_PIQ,E886,7,3,1.46
P6480,PN_PIQ,E886,7,3,0.35
P6481,PN_PIQ,E886,7,3,1.59
P6482,PN_PIQ,E886,7,3,0.84
P6483,PN_PIQ,E886,7,3,0.1
P6484,PN_PIQ,E887,1,2,0.35
P6485,PN_PIQ,E887,1,2,0.63
P6486,PN_PIQ,E887,1,2,0.03
P6487,PN_PIQ,E887,1,2,0.17
P6488,PN_PIQ,E887,1,2,0.24
P6489,PN_PIQ,E888,1,2,0.57
P6490,PN_PIQ,E888,1,2,0.11
P6491,PN_PIQ,E888,1,2,0.02
P6492,PN_PIQ,E888,1,2,0.06
P6493,PN_PIQ,E888,2,2,1.48
P6494,PN_PIQ,E889,7,3,0.4
P6495,PN_PIQ,E889,7,3,2.77
P6496,PN_PIQ,E889,7,3,0.96
P6497,PN_PIQ,E889,7,3,0.67
P6498,PN_PIQ,E889,7,3,0.29
P6499,PN_PIQ,E890,4,1,1.64
P6500,PN_PIQ,E890,4,1,2.37
P6501,PN_PIQ,E890,4,1,0.78
P6502,PN_PIQ,E890,4,1,1.56
P6503,MA_ROTA,E891,3,2,1.68
P6504,PN_PIQ,E891,2,2,0.49
P6505,PN_PIQ,E892,3,2,1.05
P6507,PN_PIQ,E893,7,3,0.7
P6508,PN_PIQ,E893,7,3,0.73
P6509,PN_PIQ,E893,7,3,0.09
P6510,PN_PIQ,E894,7,3,1.06
P6511,PN_PIQ,E894,7,3,0.6
P6512,PN_PIQ,E894,7,3,0.27
P6513,PN_PIQ,E895,4,1,0.7
P6514,PN_PIQ,E895,4,1,1.08
P6515,MA_ROTA,E895,4,1,0.57
P6516,MA_ROTA,E896,3,2,1.04
P6518,PN_PIQ,E896,3,2,0.29
P6522,MA_ROTA,E897,3,2,1.41
P6524,MA_ROTA,E898,3,2,2.91
P6525,PN_PIQ,E899,7,3,0.34
P6526,PN_PIQ,E899,7,3,0.36
P6527,PN_PIQ,E899,7,3,0.23
P6528,PN_PIQ,E899,7,3,0.37
P6529,MA_ROTA,E900,3,2,7.27
P6531,PN_PIQ,E901,2,2,1.7
P6532,PN_PIQ,E901,4,1,2.55
P6533,MA_ROTA,E902,1,2,0.33
P6534,MA_ROTA,E902,1,2,2.78
P6535,MA_ROTA,E902,1,2,1.46
P6536,PN_PIQ,E903,3,2,1.17
P6537,MA_ROTA,E903,3,2,0.31
P6538,MA_ROTA,E903,3,2,2.46
P6539,MA_ROTA,E903,3,2,0.66
P6540,PN_PIQ,E904,7,3,0.61
P6541,PN_PIQ,E904,7,3,0.18
P6542,MA_ROTA,E905,2,2,0.72
P6543,MA_ROTA,E905,2,2,1.55
P6544,PN_PIQ,E905,2,2,0.41
P6545,PN_PIQ,E906,2,2,1.97
P6546,PN_PIQ,E907,7,3,0.55
P6547,PN_PIQ,E907,7,3,1.89
P6548,MA_ROTA,E908,5,1,0.84
P6549,MA_ROTA,E908,5,1,1.09
P6551,MA_ROTA,E908,5,1,0.58
P6553,MA_ROTA,E908,5,1,0.64
P6555,MA_ROTA,E908,5,1,0.37
P6556,MA_ROTA,E908,5,1,0.45
P6557,MA_ROTA,E908,5,1,0.53
P6558,MA_ROTA,E908,5,1,0.5
P6559,MA_ROTA,E908,5,1,0.13
P6560,PN_PIQ,E909,1,2,1.01
P6561,MA_ROTA,E909,1,2,1.11
P6562,MA_ROTA,E910,5,1,0.22
P6563,MA_ROTA,E910,5,1,0.59
P6564,MA_ROTA,E910,5,1,0.28
P6565,MA_ROTA,E910,5,1,0.29
P6566,MA_ROTA,E910,5,1,0.36
P6568,MA_ROTA,E910,5,1,0.7
P6570,MA_ROTA,E910,5,1,0.29
P6571,MA_ROTA,E910,5,1,0.64
P6573,PN_PIQ,E911,7,3,0.2
P6574,PN_PIQ,E911,7,3,3.11
P6575,PN_PIQ,E911,7,3,0.28
P6576,PN_PIQ,E911,7,3,0.38
P6577,PN_PIQ,E911,7,3,0.55
P6578,PN_PIQ,E912,3,2,2.72
P6579,MA_ROTA,E912,3,2,0.7
P6581,MA_ROTA,E912,3,2,0.2
P6582,MA_ROTA,E912,3,2,1.79
P6584,MA_ROTA,E912,3,2,1.79
P6585,MA_ROTA,E913,3,2,0.83
P6586,MA_ROTA,E913,3,2,3.14
P6587,PN_PIQ,E914,2,2,1.61
P6588,PN_PIQ,E914,2,2,1.15
P6589,PN_PIQ,E914,2,2,2.06
P6590,PN_PIQ,E914,2,2,0.11
P6591,PN_PIQ,E915,2,2,5.25
P6592,MA_ROTA,E916,2,2,2.52
P6593,PN_PIQ,E917,7,3,0.53
P6594,PN_PIQ,E917,7,3,0.98
P6595,PN_PIQ,E917,7,3,0.3
P6596,PN_PIQ,E917,7,3,0.34
P6597,PN_PIQ,E917,7,3,0.66
P6598,PN_PIQ,E917,7,3,0.25
P6599,PN_PIQ,E917,7,3,1.04
P6600,PN_PIQ,E917,7,3,0.8
P6602,PN_PIQ,E918,1,2,1.47
P6603,MA_ROTA,E918,1,2,2.89
P6605,PN_PIQ,E918,1,2,0.61
P6606,MA_ROTA,E918,1,2,1.21
P6608,MA_ROTA,E918,1,2,3.82
P6609,PN_PIQ,E918,1,2,2.61
P6610,PN_PIQ,E919,7,3,0.53
P6611,PN_PIQ,E919,7,3,0.33
P6612,PN_PIQ,E919,7,3,1.01
P6613,PN_PIQ,E920,2,2,0.23
P6614,PN_PIQ,E920,2,2,1.69
P6615,PN_PIQ,E920,2,2,0.28
P6616,PN_PIQ,E920,2,2,0.23
P6617,PN_PIQ,E920,2,2,0.2
P6618,PN_PIQ,E921,2,2,0.23
P6619,MA_ROTA,E921,2,2,0.22
P6620,PN_PIQ,E921,2,2,0.76
P6621,PN_PIQ,E921,2,2,0.54
P6622,MA_ROTA,E921,2,2,0.59
P6623,MA_ROTA,E922,2,2,1.0
P6624,PN_PIQ,E923,7,3,0.37
P6625,PN_PIQ,E924,4,1,1.78
P6626,PN_PIQ,E924,4,1,0.84
P6627,PN_PIQ,E924,4,1,0.16
P6628,PN_PIQ,E924,4,1,0.96
P6629,PN_PIQ,E924,4,1,0.7
P6630,PN_PIQ,E924,4,1,0.86
P6631,PN_PIQ,E924,4,1,0.96
P6632,PN_PIQ,E924,4,1,0.75
P6633,PN_PIQ,E924,4,1,0.3
P6634,PN_PIQ,E925,7,3,2.83
P6635,PN_PIQ,E925,7,3,0.56
P6636,PN_PIQ,E925,7,3,0.39
P6637,PN_PIQ,E925,7,3,2.45
P6638,PN_PIQ,E925,7,3,0.28
P6639,PN_PIQ,E925,7,3,0.43
P6640,PN_PIQ,E925,7,3,0.46
P6641,PN_PIQ,E925,7,3,0.24
P6642,PN_PIQ,E925,7,3,0.44
P6643,PN_PIQ,E926,2,2,0.8
P6644,PN_PIQ,E926,2,2,1.29
P6645,MA_ROTA,E927,1,2,2.81
P6646,PN_PIQ,E928,7,3,0.78
P6647,PN_PIQ,E928,7,3,1.36
P6648,PN_PIQ,E928,7,3,0.61
P6649,PN_PIQ,E929,4,1,0.52
P6650,PN_PIQ,E929,4,1,1.02
P6651,MA_ROTA,E930,3,2,1.47
P6652,MA_ROTA,E930,3,2,1.04
P6653,MA_ROTA,E930,3,2,0.66
P6654,PN_PIQ,E930,3,2,1.47
P6655,PN_PIQ,E930,3,2,0.59
P6656,MA_ROTA,E930,3,2,0.38
P6657,MA_ROTA,E930,3,2,1.01
P6658,MA_ROTA,E930,3,2,1.95
P6659,PN_PIQ,E930,3,2,0.54
P6660,PN_PIQ,E931,4,1,1.07
P6661,PN_PIQ,E931,4,1,6.46
P6662,MA_ROTA,E932,4,1,0.66
P6663,MA_ROTA,E932,4,1,0.44
P6664,MA_ROTA,E932,4,1,0.17
P6665,PN_PIQ,E932,4,1,0.46
P6666,MA_ROTA,E932,4,1,0.12
P6667,PN_PIQ,E933,3,2,0.16
P6668,PN_PIQ,E933,3,2,0.41
P6669,MA_ROTA,E933,3,2,0.83
P6670,MA_ROTA,E933,3,2,3.13
P6671,MA_ROTA,E933,3,2,0.5
P6672,MA_ROTA,E933,3,2,1.72
P6673,MA_ROTA,E933,3,2,0.13
P6674,PN_PIQ,E933,3,2,1.45
P6675,PN_PIQ,E934,3,2,2.11
P6676,MA_ROTA,E934,3,2,0.64
P6677,MA_ROTA,E934,3,2,2.97
P6678,MA_ROTA,E934,3,2,1.26
P6679,MA_ROTA,E934,3,2,0.18
P6680,MA_ROTA,E934,3,2,2.62
P6681,MA_ROTA,E934,3,2,0.4
P6682,MA_ROTA,E934,3,2,2.59
P6683,PN_PIQ,E935,7,3,0.35
P6684,PN_PIQ,E935,7,3,0.62
P6685,PN_PIQ,E935,7,3,0.35
P6686,PN_PIQ,E935,7,3,0.84
P6687,PN_PIQ,E935,7,3,0.37
P6688,PN_PIQ,E935,7,3,0.42
P6689,PN_PIQ,E936,7,3,0.62
P6690,PN_PIQ,E936,7,3,0.91
P6691,PN_PIQ,E936,7,3,0.63
P6692,PN_PIQ,E936,7,3,0.32
P6693,PN_PIQ,E936,7,3,0.89
P6694,PN_PIQ,E936,7,3,1.66
P6695,PN_PIQ,E936,7,3,0.42
P6696,PN_PIQ,E936,7,3,0.87
P6697,PN_PIQ,E936,7,3,0.33
P6698,PN_PIQ,E936,7,3,0.16
P6699,PN_PIQ,E937,7,3,0.28
P6700,PN_PIQ,E937,7,3,1.43
P6701,PN_PIQ,E937,7,3,0.45
P6702,PN_PIQ,E937,7,3,0.26
P6703,PN_PIQ,E937,7,3,0.31
P6704,MA_ROTA,E938,2,2,2.3
P6705,PN_PIQ,E939,2,2,0.49
P6706,MA_ROTA,E939,2,2,0.65
P6707,MA_ROTA,E939,2,2,1.4
P6708,PN_PIQ,E940,2,2,0.61
P6709,MA_ROTA,E940,2,2,0.24
P6710,MA_ROTA,E940,2,2,2.13
P6711,MA_ROTA,E940,2,2,1.14
P6712,MA_ROTA,E940,2,2,0.57
P6713,MA_ROTA,E940,2,2,0.63
P6714,MA_ROTA,E940,2,2,1.02
P6715,PN_PIQ,E940,2,2,0.32
P6718,AG,E941,5,1,0.53
P6719,PN_PIQ,E942,4,1,0.26
P6720,PN_PIQ,E942,4,1,3.24
P6721,PN_PIQ,E942,4,1,1.03
P6722,PN_PIQ,E942,4,1,0.58
P6723,PN_PIQ,E942,4,1,0.27
P6724,PN_PIQ,E942,4,1,0.51
P6725,PN_PIQ,E942,4,1,0.53
P6726,PN_PIQ,E942,4,1,0.44
P6727,PN_PIQ,E942,4,1,1.09
P6728,PN_PIQ,E942,4,1,0.28
P6729,PN_PIQ,E942,4,1,0.23
P6730,PN_PIQ,E942,4,1,0.37
P6731,PN_PIQ,E943,4,1,2.09
P6732,PN_PIQ,E943,4,1,1.56
P6733,PN_PIQ,E943,4,1,0.83
P6734,PN_PIQ,E943,4,1,0.61
P6735,PN_PIQ,E943,4,1,0.55
P6736,PN_PIQ,E943,4,1,0.48
P6737,PN_PIQ,E943,4,1,0.92
P6738,PN_PIQ,E943,4,1,0.54
P6739,PN_PIQ,E943,4,1,0.16
P6740,PN_PIQ,E944,4,1,0.08
P6741,PN_PIQ,E944,4,1,2.59
P6742,PN_PIQ,E944,4,1,0.35
P6743,PN_PIQ,E944,4,1,2.48
P6745,PN_PIQ,E944,4,1,0.14
P6746,PN_PIQ,E944,4,1,0.87
P6747,PN_PIQ,E944,4,1,0.33
P6748,PN_PIQ,E944,4,1,0.09
P6749,PN_PIQ,E944,4,1,0.2
P6750,PN_PIQ,E945,7,3,0.41
P6751,PN_PIQ,E945,7,3,1.45
P6752,MA_ROTA,E946,4,1,0.97
P6753,PN_PIQ,E946,4,1,3.43
P6754,PN_PIQ,E947,4,1,0.85
P6755,PN_PIQ,E947,4,1,0.19
P6756,PN_PIQ,E947,4,1,1.55
P6758,PN_PIQ,E949,4,1,0.27
P6759,PN_PIQ,E949,4,1,0.83
P6760,PN_PIQ,E949,4,1,0.4
P6761,PN_PIQ,E949,4,1,0.27
P6762,PN_PIQ,E949,4,1,0.45
P6763,PN_PIQ,E949,4,1,0.42
P6764,PN_PIQ,E949,4,1,0.74
P6765,PN_PIQ,E949,4,1,0.5
P6766,PN_PIQ,E949,4,1,0.52
P6768,PN_PIQ,E949,4,1,0.81
P6769,PN_PIQ,E949,4,1,0.45
P6770,PN_PIQ,E949,4,1,1.56
P6771,PN_PIQ,E949,4,1,1.0
P6772,PN_PIQ,E949,4,1,0.66
P6773,PN_PIQ,E949,4,1,0.44
P6774,PN_PIQ,E949,4,1,0.56
P6775,PN_PIQ,E949,4,1,0.44
P6776,MA_ROTA,E950,1,2,4.84
P6777,MA_ROTA,E950,1,2,1.85
P6778,ME,E950,1,2,0.43
P6779,MA_ROTA,E950,1,2,1.66
P6780,MA_ROTA,E950,1,2,0.47
P6781,PN_PIQ,E951,7,3,0.44
P6783,PN_PIQ,E951,7,3,0.33
P6784,MA_ROTA,E952,2,2,0.93
P6785,PN_PIQ,E952,2,2,1.03
P6786,ME,E952,2,2,0.1
P6787,PN_PIQ,E952,2,2,0.07
P6788,PN_PIQ,E953,2,2,0.94
P6789,PN_PIQ,E953,1,2,1.13
P6790,MA_ROTA,E953,1,2,1.49
P6791,PN_PIQ,E953,2,2,0.45
P6792,PN_PIQ,E953,2,2,1.28
P6793,PN_PIQ,E953,2,2,1.91
P6794,PN_PIQ,E953,2,2,0.49
P6795,PN_PIQ,E953,2,2,1.07
P6796,PN_PIQ,E953,2,2,0.77
P6797,PN_PIQ,E953,2,2,0.73
P6798,PN_PIQ,E954,2,2,1.88
P6799,PN_PIQ,E954,2,2,1.36
P6800,PN_PIQ,E954,2,2,0.71
P6801,PN_PIQ,E954,2,2,1.46
P6802,PN_PIQ,E954,2,2,0.72
P6803,PN_PIQ,E954,2,2,0.55
P6804,PN_PIQ,E954,2,2,2.32
P6805,PN_PIQ,E954,2,2,0.89
P6806,MA_ROTA,E955,2,2,2.71
P6807,PN_PIQ,E956,2,2,0.38
P6808,PN_PIQ,E956,2,2,0.98
P6809,MA_ROTA,E957,2,2,0.6
P6810,PN_PIQ,E957,2,2,2.94
P6812,MA_ROTA,E958,3,2,2.2
P6813,MA_ROTA,E959,2,2,2.99
P6814,MA_ROTA,E959,2,2,0.7
P6815,MA_ROTA,E959,2,2,2.15
P6816,MA_ROTA,E960,2,2,0.22
P6817,PN_PIQ,E960,2,2,0.87
P6818,MA_ROTA,E960,2,2,0.19
P6819,MA_ROTA,E960,2,2,0.2
P6820,MA_ROTA,E960,2,2,1.92
P6821,MA_ROTA,E960,2,2,0.72
P6822,MA_ROTA,E960,2,2,1.27
P6823,PN_PIQ,E960,2,2,0.54
P6824,PN_PIQ,E960,2,2,0.59
P6825,MA_ROTA,E960,2,2,0.42
P6826,PN_PIQ,E960,2,2,1.05
P6827,PN_PIQ,E960,2,2,0.14
P6828,PN_PIQ,E960,2,2,0.19
P6829,MA_ROTA,E960,2,2,0.51
P6830,PN_PIQ,E961,7,3,0.11
P6831,PN_PIQ,E962,7,3,0.63
P6832,PN_PIQ,E962,7,3,0.39
P6833,PN_PIQ,E962,7,3,0.29
P6834,PN_PIQ,E962,7,3,0.6
P6835,PN_PIQ,E962,7,3,0.33
P6836,PN_PIQ,E962,7,3,0.78
P6837,PN_PIQ,E963,7,3,1.37
P6838,PN_PIQ,E964,7,3,1.37
P6839,PN_PIQ,E964,7,3,0.87
P6840,PN_PIQ,E964,7,3,0.17
P6841,PN_PIQ,E964,7,3,0.07
P6842,PN_PIQ,E965,2,2,0.79
P6843,PN_PIQ,E966,2,2,1.04
P6844,PN_PIQ,E966,1,2,0.69
P6845,MA_ROTA,E966,1,2,2.21
P6846,PN_PIQ,E967,7,3,0.12
P6847,PN_PIQ,E967,7,3,0.71
P6848,PN_PIQ,E967,7,3,0.52
P6849,PN_PIQ,E968,3,2,1.51
P6850,PN_PIQ,E968,1,2,1.15
P6851,MA_ROTA,E968,3,2,0.38
P6852,ME,E968,1,2,0.31
P6853,PN_PIQ,E969,4,1,1.07
P6855,PN_PIQ,E969,4,1,1.06
P6856,PN_PIQ,E969,4,1,0.53
P6857,PN_PIQ,E969,4,1,0.75
P6858,PN_PIQ,E969,4,1,0.51
P6859,PN_PIQ,E969,4,1,0.23
P6860,PN_PIQ,E970,7,3,1.37
P6861,PN_PIQ,E970,7,3,0.18
P6862,PN_PIQ,E970,7,3,0.35
P6863,PN_PIQ,E970,7,3,0.13
P6864,MA_ROTA,E971,1,2,0.83
P6865,MA_ROTA,E971,1,2,0.17
P6866,PN_PIQ,E972,6,1,4.13
P6867,PN_PIQ,E972,6,1,1.29
P6868,PN_PIQ,E973,7,3,1.06
P6869,PN_PIQ,E973,7,3,0.31
P6870,PN_PIQ,E973,7,3,1.43
P6871,PN_PIQ,E973,7,3,0.14
P6872,PN_PIQ,E973,7,3,0.48
P6873,PN_PIQ,E973,7,3,0.19
P6875,PN_PIQ,E973,7,3,0.16
P6876,PN_PIQ,E973,7,3,0.22
P6877,PN_PIQ,E973,7,3,0.39
P6878,PN_PIQ,E974,7,3,0.07
P6879,PN_PIQ,E974,7,3,1.32
P6880,PN_PIQ,E974,7,3,0.15
P6881,PN_PIQ,E974,7,3,0.36
P6882,PN_PIQ,E974,7,3,0.36
P6883,PN_PIQ,E974,7,3,0.35
P6884,PN_PIQ,E974,7,3,0.43
P6885,PN_PIQ,E974,7,3,1.06
P6886,PN_PIQ,E974,7,3,1.65
P6887,PN_PIQ,E974,7,3,0.27
P6888,PN_PIQ,E974,7,3,0.73
P6889,PN_PIQ,E974,7,3,0.29
P6890,PN_PIQ,E974,7,3,0.85
P6891,PN_PIQ,E975,7,3,1.49
P6892,PN_PIQ,E975,7,3,0.44
P6893,PN_PIQ,E975,7,3,0.4
P6894,PN_PIQ,E975,7,3,0.4
P6895,PN_PIQ,E975,7,3,0.33
P6896,PN_PIQ,E975,7,3,0.44
P6897,PN_PIQ,E976,7,3,0.72
P6898,PN_PIQ,E976,7,3,0.71
P6899,PN_PIQ,E976,7,3,0.06
P6900,PN_PIQ,E976,7,3,0.32
P6901,PN_PIQ,E976,7,3,0.25
P6902,PN_PIQ,E976,7,3,0.34
P6903,PN_PIQ,E976,7,3,0.56
P6904,PN_PIQ,E977,7,3,0.59
P6905,PN_PIQ,E977,7,3,0.6
P6906,PN_PIQ,E977,7,3,2.85
P6907,PN_PIQ,E977,7,3,0.61
P6908,PN_PIQ,E978,7,3,0.68
P6909,PN_PIQ,E978,7,3,0.43
P6910,PN_PIQ,E978,7,3,0.76
P6911,PN_PIQ,E978,7,3,0.35
P6912,MA_ROTA,E979,3,2,0.82
P6913,MA_ROTA,E979,3,2,0.21
P6914,PN_PIQ,E979,3,2,0.79
P6915,PN_PIQ,E979,3,2,0.96
P6916,PN_PIQ,E979,3,2,0.29
P6917,MA_ROTA,E979,3,2,0.83
P6919,PN_PIQ,E979,3,2,1.75
P6920,MA_ROTA,E979,3,2,2.89
P6921,PN_PIQ,E979,3,2,0.18
P6922,PN_PIQ,E980,7,3,1.32
P6923,PN_PIQ,E980,7,3,0.63
P6924,PN_PIQ,E980,7,3,0.75
P6925,PN_PIQ,E981,7,3,1.05
P6926,PN_PIQ,E981,7,3,0.47
P6927,PN_PIQ,E981,7,3,0.78
P6928,PN_PIQ,E981,7,3,0.69
P6931,PN_PIQ,E981,7,3,0.47
P6932,PN_PIQ,E981,7,3,0.84
P6933,PN_PIQ,E981,7,3,1.72
P6934,PN_PIQ,E982,2,2,2.08
P6935,PN_PIQ,E982,2,2,1.44
P6938,PN_PIQ,E983,6,1,0.9
P6941,PN_PIQ,E983,6,1,0.57
P6942,PN_PIQ,E983,6,1,0.16
P6944,PN_PIQ,E983,6,1,1.85
P6945,PN_PIQ,E983,6,1,0.35
P6946,AN_PA,E983,6,1,0.21
P6947,PN_PIQ,E983,6,1,0.26
P6948,PN_PIQ,E983,6,1,4.92
P6949,PN_PIQ,E983,6,1,1.49
P6950,PN_PIQ,E983,6,1,0.16
P6951,PN_PIQ,E983,6,1,0.31
P6952,PN_PIQ,E983,6,1,0.83
P6953,PN_PIQ,E983,6,1,1.0
P6954,PN_PIQ,E983,6,1,0.89
P6955,PN_PIQ,E983,6,1,0.8
P6956,PN_PIQ,E983,6,1,0.36
P6957,PN_PIQ,E983,6,1,0.71
P6959,PN_PIQ,E983,6,1,1.63
P6960,AG,E984,6,1,1.28
P6961,MA_ROTA,E985,3,2,1.95
P6962,PN_PIQ,E985,3,2,2.14
P6963,MA_ROTA,E985,3,2,1.94
P6964,PN_PIQ,E985,3,2,1.05
P6965,MA_ROTA,E985,3,2,0.97
P6966,AG,E986,6,1,4.88
P6967,IG_PLA,E986,6,1,0.24
P6968,PN_PIQ,E987,6,1,1.52
P6969,PN_PIQ,E987,6,1,0.15
P6970,PN_PIQ,E987,6,1,0.61
P6971,PN_PIQ,E987,6,1,0.45
P6972,PN_PIQ,E987,6,1,0.13
P6973,MA_ROTA,E988,1,2,1.86
P6974,MA_ROTA,E988,1,2,2.2
P6975,PN_PIQ,E988,1,2,0.18
P6976,PN_PIQ,E988,1,2,0.39
P6977,PN_PIQ,E988,1,2,0.11
P6978,PN_PIQ,E988,1,2,1.67
P6979,MA_ROTA,E989,4,1,0.66
P6980,MA_ROTA,E989,4,1,0.37
P6983,MA_ROTA,E989,4,1,0.38
P6984,MA_ROTA,E989,4,1,0.71
P6985,PN_PIQ,E989,4,1,0.42
P6986,MA_ROTA,E989,4,1,1.72
P6987,MA_ROTA,E990,1,2,0.71
P6988,MA_ROTA,E990,1,2,0.17
P6990,MA_ROTA,E990,1,2,6.02
P6991,MA_ROTA,E990,1,2,1.51
P6992,MA_ROTA,E990,1,2,4.59
P6993,MA_ROTA,E990,1,2,0.76
P6994,PN_PIQ,E991,4,1,0.15
P6995,PN_PIQ,E991,4,1,1.16
P6996,PN_PIQ,E991,4,1,0.85
P6997,PN_PIQ,E991,4,1,0.43
P6998,PN_PIQ,E991,4,1,0.95
P6999,PN_PIQ,E991,4,1,0.03
P7000,PN_PIQ,E991,4,1,1.5
P7001,PN_PIQ,E991,4,1,1.11
P7002,PN_PIQ,E991,4,1,0.05
P7003,PN_PIQ,E991,4,1,0.75
P7004,MA_ROTA,E992,4,1,0.41
P7005,MA_ROTA,E992,4,1,0.62
P7006,PN_PIQ,E992,4,1,0.81
P7007,PN_PIQ,E993,4,1,0.48
P7008,PN_PIQ,E993,4,1,0.45
P7009,PN_PIQ,E994,3,2,3.05
P7010,MA_ROTA,E994,3,2,2.99
P7011,MA_ROTA,E994,3,2,3.01
P7012,PN_PIQ,E994,3,2,2.11
P7013,MA_ROTA,E994,3,2,1.53
P7014,MA_ROTA,E994,3,2,1.45
P7015,PN_PIQ,E994,3,2,1.05
P7016,MA_ROTA,E994,3,2,1.29
P7017,MA_ROTA,E994,3,2,1.03
P7018,PN_PIQ,E994,3,2,1.45
P7019,MA_ROTA,E994,3,2,1.88
P7020,PN_PIQ,E994,3,2,1.65
P7021,PN_PIQ,E994,3,2,1.27
P7022,PN_PIQ,E994,3,2,1.42
P7023,MA_ROTA,E994,3,2,0.89
P7024,MA_ROTA,E994,3,2,1.89
P7025,MA_ROTA,E994,3,2,1.39
P7026,PN_PIQ,E994,3,2,1.61
P7027,MA_ROTA,E994,3,2,1.87
P7028,ME,E994,3,2,1.9
P7029,PN_PIQ,E994,3,2,1.13
P7030,PN_PIQ,E994,3,2,1.65
P7031,MA_ROTA,E994,3,2,1.29
P7032,MA_ROTA,E994,3,2,1.38
P7033,MA_ROTA,E994,3,2,1.19
P7034,MA_ROTA,E994,3,2,0.9
P7035,MA_ROTA,E994,3,2,1.16
P7036,MA_ROTA,E994,3,2,1.51
P7037,MA_ROTA,E994,3,2,2.05
P7038,MA_ROTA,E994,3,2,1.64
P7039,MA_ROTA,E994,3,2,1.95
P7040,MA_ROTA,E994,3,2,0.17
P7041,MA_ROTA,E994,3,2,1.21
P7042,MA_ROTA,E994,3,2,1.92
P7043,MA_ROTA,E994,3,2,2.16
P7044,MA_ROTA,E994,3,2,1.44
P7045,MA_ROTA,E994,3,2,1.63
P7046,MA_ROTA,E994,3,2,1.11
P7047,MA_ROTA,E994,3,2,0.91
P7048,MA_ROTA,E994,3,2,1.72
P7049,PN_PIQ,E994,3,2,1.84
P7050,MA_ROTA,E994,3,2,1.51
P7051,MA_ROTA,E994,3,2,0.78
P7052,PN_PIQ,E994,3,2,1.09
P7053,PN_PIQ,E994,3,2,1.3
P7054,MA_ROTA,E994,3,2,1.44
P7055,ME,E994,3,2,3.75
P7056,MA_ROTA,E994,3,2,2.72
P7057,PN_PIQ,E994,3,2,1.45
P7058,MA_ROTA,E994,3,2,1.25
P7059,MA_ROTA,E994,3,2,3.01
P7060,PN_PIQ,E994,3,2,2.44
P7061,MA_ROTA,E994,3,2,1.82
P7062,MA_ROTA,E994,3,2,2.35
P7063,MA_ROTA,E994,3,2,0.86
P7064,MA_ROTA,E994,3,2,1.68
P7065,PN_PIQ,E994,3,2,1.83
P7066,MA_ROTA,E994,3,2,1.67
P7067,MA_ROTA,E994,3,2,0.85
P7068,PN_PIQ,E994,3,2,1.65
P7069,MA_ROTA,E994,3,2,0.44
P7070,MA_ROTA,E994,3,2,3.0
P7071,AN_PA,E995,5,1,0.07
P7072,AN_PA,E995,5,1,0.06
P7073,AG,E995,5,1,2.05
P7074,PN_PIQ,E996,4,1,6.9
P7075,PN_PIQ,E996,4,1,0.36
P7076,PN_PIQ,E996,4,1,0.39
P7077,MA_ROTA,E997,4,1,0.71
P7078,PN_PIQ,E997,4,1,0.39
P7079,MA_ROTA,E997,4,1,0.66
P7080,MA_ROTA,E997,4,1,0.2
P7081,PN_PIQ,E997,4,1,1.35
P7082,MA_ROTA,E997,4,1,0.05
P7083,PN_PIQ,E997,4,1,1.17
P7084,MA_ROTA,E997,4,1,3.82
P7085,MA_ROTA,E997,4,1,0.82
P7086,PN_PIQ,E997,4,1,2.4
P7087,PN_PIQ,E998,4,1,0.75
P7088,MA_ROTA,E998,4,1,1.63
P7089,MA_ROTA,E998,4,1,1.65
P7090,PN_PIQ,E998,4,1,0.61
P7091,MA_ROTA,E998,4,1,0.57
P7092,MA_ROTA,E998,4,1,1.04
P7093,MA_ROTA,E998,4,1,0.35
P7094,MA_ROTA,E998,4,1,0.52
P7095,PN_PIQ,E998,4,1,1.12
P7096,TH,E999,6,1,0.43
P7097,TH,E999,6,1,0.25
P7098,PN_PIQ,E1000,4,1,1.12
P7099,PN_PIQ,E1000,4,1,6.65
P7100,PN_PIQ,E1001,4,1,0.81
P7101,PN_PIQ,E1001,4,1,0.65
P7102,PN_PIQ,E1002,1,2,0.64
P7103,PN_PIQ,E1002,1,2,0.49
P7104,MA_ROTA,E1002,1,2,1.97
P7105,MA_ROTA,E1002,1,2,0.44
P7106,MA_ROTA,E1002,1,2,0.5
P7107,PN_PIQ,E1002,1,2,0.23
P7108,MA_ROTA,E1002,1,2,0.21
P7110,PN_PIQ,E1002,1,2,0.29
P7111,MA_ROTA,E1002,1,2,0.07
P7112,MA_ROTA,E1002,1,2,0.1
P7113,MA_ROTA,E1002,1,2,0.37
P7114,MA_ROTA,E1002,1,2,0.55
P7115,MA_ROTA,E1002,1,2,0.42
P7116,MA_ROTA,E1002,1,2,0.47
P7117,PN_PIQ,E1002,1,2,0.46
P7118,MA_ROTA,E1002,1,2,0.52
P7119,MA_ROTA,E1002,1,2,1.67
P7120,PN_PIQ,E1002,1,2,0.16
P7121,PN_PIQ,E1002,1,2,0.48
P7122,PN_PIQ,E1002,1,2,1.17
P7123,PN_PIQ,E1002,1,2,0.32
P7124,MA_ROTA,E1002,1,2,0.42
P7125,MA_ROTA,E1002,1,2,0.35
P7127,MA_ROTA,E1002,1,2,0.88
P7128,PN_PIQ,E1003,2,2,0.51
P7129,PN_PIQ,E1003,2,2,0.89
P7130,PN_PIQ,E1003,2,2,0.53
P7131,MA_ROTA,E1003,2,2,0.93
P7132,MA_ROTA,E1003,2,2,0.74
P7133,MA_ROTA,E1003,2,2,1.32
P7134,ME,E1004,2,2,0.42
P7135,MA_ROTA,E1004,2,2,0.51
P7136,MA_ROTA,E1004,2,2,0.1
P7137,PN_PIQ,E1004,2,2,0.36
P7138,PN_PIQ,E1004,2,2,0.05
P7139,ME,E1004,2,2,0.98
P7140,MA_ROTA,E1004,2,2,0.33
P7141,PN_PIQ,E1004,2,2,0.18
P7142,PN_PIQ,E1004,2,2,0.05
P7143,PN_PIQ,E1005,2,2,0.91
P7144,MA_ROTA,E1005,2,2,0.6
P7145,PN_PIQ,E1005,2,2,0.16
P7146,MA_ROTA,E1005,2,2,0.32
P7147,MA_ROTA,E1005,2,2,1.56
P7148,MA_ROTA,E1005,2,2,1.26
P7149,MA_ROTA,E1005,2,2,0.67
P7150,PN_PIQ,E1005,2,2,0.92
P7152,MA_ROTA,E1006,4,1,2.02
P7154,MA_ROTA,E1006,4,1,1.26
P7157,MA_ROTA,E1006,4,1,0.83
P7158,PN_PIQ,E1006,4,1,0.92
P7159,PN_PIQ,E1007,4,1,1.12
P7160,PN_PIQ,E1007,4,1,0.22
P7161,PN_PIQ,E1007,4,1,0.18
P7162,PN_PIQ,E1007,4,1,1.17
P7163,PN_PIQ,E1007,4,1,0.64
P7164,PN_PIQ,E1007,4,1,1.36
P7165,PN_PIQ,E1007,4,1,0.54
P7166,PN_PIQ,E1007,4,1,0.6
P7167,MA_ROTA,E1008,1,2,1.64
P7168,MA_ROTA,E1008,1,2,2.34
P7169,MA_ROTA,E1008,2,2,0.2
P7170,MA_ROTA,E1008,2,2,0.81
P7172,PN_PIQ,E1008,2,2,0.32
P7173,MA_ROTA,E1008,2,2,0.89
P7175,PN_PIQ,E1009,2,2,1.1
P7176,PN_PIQ,E1009,2,2,0.51
P7177,PN_PIQ,E1009,2,2,0.32
P7178,PN_PIQ,E1010,4,1,0.31
P7179,PN_PIQ,E1010,4,1,1.28
P7180,PN_PIQ,E1010,4,1,0.97
P7181,PN_PIQ,E1010,4,1,0.42
P7182,PN_PIQ,E1010,4,1,0.13
P7183,PN_PIQ,E1010,4,1,0.37
P7184,PN_PIQ,E1010,4,1,0.32
P7185,PN_PIQ,E1010,4,1,0.22
P7187,PN_PIQ,E1010,4,1,0.14
P7189,PN_PIQ,E1010,4,1,1.51
P7190,AG,E1011,6,1,2.16
P7191,AN_PA,E1011,6,1,0.62
P7193,MA_ROTA,E1012,2,2,1.37
P7194,MA_ROTA,E1012,2,2,3.2
P7195,MA_ROTA,E1012,2,2,10.38
P7196,MA_ROTA,E1012,2,2,6.1
P7197,PN_PIQ,E1012,2,2,6.45
P7198,PN_PIQ,E1012,2,2,17.28
P7199,MA_ROTA,E1012,2,2,2.88
P7200,PN_PIQ,E1012,2,2,5.22
P7201,PN_PIQ,E1012,2,2,8.39
P7202,MA_ROTA,E1012,2,2,12.5
P7203,MA_ROTA,E1012,2,2,9.87
P7204,PN_PIQ,E1012,2,2,12.42
P7205,PN_PIQ,E1012,2,2,6.56
P7206,PN_PIQ,E1012,2,2,5.47
P7207,MA_ROTA,E1012,2,2,18.05
P7208,MA_ROTA,E1012,2,2,6.93
P7209,MA_ROTA,E1012,2,2,8.84
P7210,MA_ROTA,E1012,2,2,4.34
P7211,MA_ROTA,E1012,2,2,4.6
P7212,MA_ROTA,E1012,2,2,5.17
P7213,PN_PIQ,E1012,2,2,9.07
P7214,PN_PIQ,E1012,2,2,7.88
P7215,PN_PIQ,E1012,2,2,6.49
P7216,PN_PIQ,E1012,2,2,8.68
P7217,MA_ROTA,E1012,2,2,9.92
P7218,MA_ROTA,E1012,2,2,4.02
P7219,MA_ROTA,E1012,2,2,11.74
P7220,MA_ROTA,E1012,2,2,5.83
P7221,ME,E1012,2,2,7.24
P7222,MA_ROTA,E1012,2,2,5.15
P7223,MA_ROTA,E1012,2,2,6.62
P7224,MA_ROTA,E1012,2,2,10.13
P7225,MA_ROTA,E1012,2,2,3.09
P7226,MA_ROTA,E1012,2,2,5.38
P7227,MA_ROTA,E1012,2,2,1.35
P7228,MA_ROTA,E1012,2,2,8.83
P7229,MA_ROTA,E1012,2,2,10.99
P7230,MA_ROTA,E1012,2,2,6.58
P7231,MA_ROTA,E1012,2,2,11.52
P7232,MA_ROTA,E1012,2,2,9.1
P7233,MA_ROTA,E1012,2,2,9.06
P7234,MA_ROTA,E1012,2,2,8.17
P7235,MA_ROTA,E1012,2,2,6.0
P7236,MA_ROTA,E1012,2,2,8.73
P7237,PN_PIQ,E1012,2,2,6.22
P7238,PN_PIQ,E1012,2,2,10.18
P7239,MA_ROTA,E1012,2,2,6.2
P7240,MA_ROTA,E1012,2,2,4.65
P7241,PN_PIQ,E1012,2,2,6.33
P7242,MA_ROTA,E1012,2,2,15.12
P7243,MA_ROTA,E1012,2,2,17.01
P7244,MA_ROTA,E1012,2,2,12.82
P7245,MA_ROTA,E1012,2,2,3.14
P7246,MA_ROTA,E1012,2,2,28.21
P7247,MA_ROTA,E1012,2,2,7.98
P7248,MA_ROTA,E1012,2,2,12.9
P7249,MA_ROTA,E1012,2,2,15.8
P7250,PN_PIQ,E1012,2,2,10.22
P7251,MA_ROTA,E1012,2,2,14.86
P7252,MA_ROTA,E1012,2,2,13.52
P7253,MA_ROTA,E1012,2,2,23.28
P7254,PN_PIQ,E1012,2,2,24.78
P7255,MA_ROTA,E1012,2,2,7.27
P7256,MA_ROTA,E1012,2,2,15.59
P7257,MA_ROTA,E1012,2,2,7.64
P7258,MA_ROTA,E1012,2,2,4.49
P7259,MA_ROTA,E1012,2,2,5.18
P7260,MA_ROTA,E1012,2,2,12.27
P7261,MA_ROTA,E1012,2,2,8.76
P7262,MA_ROTA,E1012,2,2,7.81
P7263,MA_ROTA,E1012,2,2,20.39
P7264,MA_ROTA,E1012,2,2,2.7
P7265,MA_ROTA,E1012,2,2,14.47
P7266,PN_PIQ,E1012,2,2,3.82
P7267,PN_PIQ,E1012,2,2,11.85
P7268,MA_ROTA,E1012,2,2,17.46
P7269,PN_PIQ,E1012,2,2,4.77
P7270,PN_PIQ,E1012,2,2,40.88
P7271,MA_ROTA,E1012,2,2,10.93
P7272,MA_ROTA,E1012,2,2,8.55
P7273,MA_ROTA,E1012,2,2,7.76
P7274,PN_PIQ,E1012,2,2,4.11
P7275,MA_ROTA,E1012,2,2,5.33
P7276,PN_PIQ,E1012,2,2,4.28
P7277,MA_ROTA,E1012,2,2,2.63
P7278,PN_PIQ,E1012,2,2,4.05
P7279,MA_ROTA,E1012,2,2,3.43
P7280,MA_ROTA,E1012,2,2,6.19
P7281,MA_ROTA,E1012,2,2,21.95
P7282,MA_ROTA,E1012,2,2,3.75
P7283,MA_ROTA,E1012,2,2,11.89
P7284,MA_ROTA,E1012,2,2,12.66
P7285,PN_PIQ,E1012,2,2,9.19
P7286,MA_ROTA,E1012,2,2,12.27
P7287,ME,E1012,2,2,8.93
P7288,PN_PIQ,E1012,2,2,12.19
P7289,MA_ROTA,E1012,2,2,3.07
P7290,MA_ROTA,E1012,2,2,1.67
P7291,MA_ROTA,E1013,4,1,0.4
P7292,PN_PIQ,E1013,4,1,0.54
P7293,MA_ROTA,E1013,4,1,0.26
P7294,AG,E1013,4,1,1.4
P7295,MA_ROTA,E1013,5,1,3.42
P7296,PN_PIQ,E1013,4,1,0.59
P7297,IG_PLA,E1013,4,1,0.85
P7298,IG_PLA,E1013,4,1,1.39
P7299,MA_ROTA,E1013,5,1,0.79
P7302,PN_PIQ,E1014,4,1,0.28
P7303,PN_PIQ,E1015,3,2,0.53
P7304,PN_PIQ,E1015,3,2,1.72
P7305,PN_PIQ,E1015,3,2,0.7
P7306,PN_PIQ,E1015,3,2,3.3
P7307,PN_PIQ,E1015,3,2,2.11
P7308,PN_PIQ,E1015,3,2,0.8
P7310,PN_PIQ,E1015,3,2,0.23
P7311,PN_PIQ,E1015,3,2,0.7
P7312,PN_PIQ,E1015,3,2,1.28
P7313,PN_PIQ,E1015,3,2,0.17
P7314,MA_ROTA,E1016,1,2,1.73
P7315,PN_PIQ,E1016,2,2,1.33
P7316,PN_PIQ,E1016,2,2,0.81
P7317,PN_PIQ,E1016,2,2,1.01
P7318,PN_PIQ,E1016,2,2,0.49
P7319,PN_PIQ,E1016,2,2,0.05
P7320,PN_PIQ,E1016,2,2,0.48
P7321,PN_PIQ,E1017,4,1,0.7
P7322,PN_PIQ,E1017,4,1,3.53
P7323,PN_PIQ,E1017,4,1,0.29
P7324,PN_PIQ,E1017,4,1,0.27
P7325,PN_PIQ,E1017,4,1,1.7
P7326,PN_PIQ,E1017,4,1,0.49
P7327,PN_PIQ,E1017,4,1,0.38
P7328,PN_PIQ,E1017,4,1,0.37
P7329,PN_PIQ,E1017,4,1,0.25
P7330,PN_PIQ,E1017,4,1,0.18
P7331,MA_ROTA,E1018,4,1,0.33
P7332,MA_ROTA,E1018,4,1,0.31
P7333,MA_ROTA,E1018,4,1,1.67
P7334,PN_PIQ,E1018,4,1,1.8
P7335,MA_ROTA,E1018,4,1,0.22
P7336,PN_PIQ,E1018,4,1,0.28
P7337,MA_ROTA,E1018,4,1,1.53
P7338,PN_PIQ,E1018,4,1,0.14
P7339,MA_ROTA,E1018,4,1,0.26
P7340,MA_ROTA,E1018,4,1,0.19
P7341,PN_PIQ,E1019,4,1,6.42
P7342,PN_PIQ,E1019,4,1,1.09
P7343,PN_PIQ,E1019,4,1,1.54
P7344,PN_PIQ,E1019,4,1,1.48
P7346,PN_PIQ,E1020,4,1,0.54
P7347,MA_ROTA,E1020,4,1,1.7
P7348,MA_ROTA,E1020,4,1,2.28
P7349,PN_PIQ,E1020,4,1,3.45
P7350,MA_ROTA,E1020,4,1,0.26
P7351,MA_ROTA,E1020,4,1,0.02
P7352,MA_ROTA,E1020,4,1,1.21
P7353,MA_ROTA,E1020,4,1,1.1
P7354,MA_ROTA,E1020,4,1,0.35
P7355,MA_ROTA,E1020,4,1,0.51
P7356,MA_ROTA,E1020,4,1,0.2
P7357,PN_PIQ,E1020,4,1,0.3
P7358,MA_ROTA,E1020,4,1,1.37
P7359,PN_PIQ,E1021,4,1,3.13
P7360,MA_ROTA,E1022,3,2,0.25
P7365,MA_ROTA,E1022,3,2,0.45
P7366,MA_ROTA,E1022,3,2,0.91
P7367,PN_PIQ,E1023,4,1,0.58
P7368,MA_ROTA,E1023,4,1,5.73
P7370,MA_ROTA,E1023,4,1,0.04
P7371,PN_PIQ,E1024,4,1,1.25
P7372,PN_PIQ,E1024,4,1,1.42
P7374,PN_PIQ,E1024,4,1,3.29
P7375,PN_PIQ,E1024,4,1,0.26
P7376,PN_PIQ,E1024,4,1,0.64
P7377,PN_PIQ,E1025,4,1,2.63
P7378,PN_PIQ,E1026,4,1,3.18
P7379,PN_PIQ,E1026,4,1,2.89
P7381,PN_PIQ,E1026,4,1,0.31
P7382,PN_PIQ,E1026,4,1,0.39
P7383,PN_PIQ,E1026,4,1,0.26
P7384,MA_ROTA,E1027,3,2,2.71
P7385,PN_PIQ,E1027,3,2,4.24
P7386,MA_ROTA,E1027,3,2,0.31
P7387,PN_PIQ,E1027,3,2,1.09
P7388,MA_ROTA,E1027,3,2,1.56
P7389,MA_ROTA,E1027,3,2,2.02
P7390,MA_ROTA,E1027,3,2,0.8
P7391,MA_ROTA,E1027,3,2,1.05
P7392,MA_ROTA,E1027,3,2,0.9
P7393,MA_ROTA,E1027,3,2,1.29
P7394,MA_ROTA,E1027,3,2,0.6
P7395,MA_ROTA,E1027,3,2,0.47
P7396,AN_PA,E1028,6,1,0.79
P7397,AN_PA,E1028,6,1,0.6
P7398,TH,E1028,6,1,0.34
P7399,TH,E1028,6,1,0.99
P7400,PN_PIQ,E1029,4,1,4.47
P7401,PN_PIQ,E1029,4,1,2.61
P7402,PN_PIQ,E1030,4,1,0.85
P7403,MA_ROTA,E1031,4,1,0.22
P7404,MA_ROTA,E1031,4,1,5.62
P7405,MA_ROTA,E1031,4,1,0.07
P7406,MA_ROTA,E1031,4,1,1.02
P7407,PN_PIQ,E1031,4,1,0.09
P7408,MA_ROTA,E1031,4,1,0.62
P7410,PN_PIQ,E1031,4,1,0.56
P7411,MA_ROTA,E1031,4,1,0.42
P7412,PN_PIQ,E1031,4,1,0.3
P7413,TH,E1032,6,1,0.76
P7414,TH,E1032,6,1,0.74
P7415,TH,E1032,6,1,0.52
P7416,PN_PIQ,E1033,4,1,1.29
P7417,PN_PIQ,E1033,4,1,0.55
P7418,PN_PIQ,E1033,4,1,0.89
P7419,MA_ROTA,E1034,4,1,7.86
P7420,MA_ROTA,E1035,3,2,0.34
P7421,MA_ROTA,E1035,3,2,0.2
P7422,MA_ROTA,E1035,3,2,1.53
P7423,MA_ROTA,E1035,3,2,1.09
P7424,MA_ROTA,E1035,3,2,1.31
P7425,PN_PIQ,E1035,3,2,0.23
P7426,MA_ROTA,E1035,3,2,1.39
P7427,MA_ROTA,E1035,3,2,0.13
P7428,MA_ROTA,E1035,3,2,1.5
P7429,PN_PIQ,E1036,4,1,5.83
P7430,PN_PIQ,E1036,4,1,7.25
P7431,PN_PIQ,E1036,4,1,4.47
P7433,PN_PIQ,E1036,4,1,4.67
P7434,PN_PIQ,E1036,4,1,0.74
P7435,PN_PIQ,E1036,4,1,5.5
P7437,PN_PIQ,E1036,4,1,0.51
P7438,PN_PIQ,E1036,4,1,0.92
P7439,PN_PIQ,E1036,4,1,2.72
P7440,PN_PIQ,E1036,4,1,1.93
P7441,PN_PIQ,E1036,4,1,4.6
P7442,PN_PIQ,E1036,4,1,10.49
P7444,PN_PIQ,E1036,4,1,4.95
P7445,PN_PIQ,E1036,4,1,3.36
P7446,PN_PIQ,E1036,4,1,5.94
P7447,PN_PIQ,E1036,4,1,1.79
P7448,PN_PIQ,E1036,4,1,1.05
P7449,PN_PIQ,E1036,4,1,2.47
P7450,PN_PIQ,E1036,4,1,5.78
P7451,PN_PIQ,E1036,4,1,10.02
P7452,PN_PIQ,E1036,4,1,1.75
P7453,PN_PIQ,E1036,4,1,0.97
P7454,PN_PIQ,E1036,4,1,0.56
P7455,PN_PIQ,E1036,4,1,3.56
P7456,PN_PIQ,E1036,4,1,6.88
P7457,PN_PIQ,E1036,4,1,10.94
P7458,PN_PIQ,E1036,4,1,1.33
P7459,PN_PIQ,E1036,4,1,6.72
P7460,PN_PIQ,E1036,4,1,2.28
P7461,PN_PIQ,E1036,4,1,0.46
P7462,PN_PIQ,E1036,4,1,7.55
P7463,PN_PIQ,E1036,4,1,2.51
P7464,PN_PIQ,E1036,4,1,1.97
P7465,PN_PIQ,E1036,4,1,2.36
P7466,PN_PIQ,E1036,4,1,1.74
P7467,PN_PIQ,E1036,4,1,6.01
P7468,PN_PIQ,E1036,4,1,13.63
P7469,PN_PIQ,E1036,4,1,2.42
P7470,PN_PIQ,E1036,4,1,12.62
P7471,PN_PIQ,E1036,4,1,1.15
P7472,PN_PIQ,E1036,4,1,3.86
P7473,PN_PIQ,E1036,4,1,1.5
P7474,PN_PIQ,E1036,4,1,7.1
P7475,PN_PIQ,E1036,4,1,1.26
P7476,PN_PIQ,E1036,4,1,0.64
P7477,PN_PIQ,E1036,4,1,0.24
P7478,PN_PIQ,E1036,4,1,0.71
P7479,PN_PIQ,E1036,4,1,0.45
P7480,PN_PIQ,E1036,4,1,2.14
P7484,PN_PIQ,E1036,4,1,2.93
P7485,PN_PIQ,E1036,4,1,0.3
P7486,PN_PIQ,E1036,4,1,0.17
P7488,PN_PIQ,E1036,4,1,2.56
P7490,PN_PIQ,E1036,4,1,2.82
P7492,PN_PIQ,E1036,4,1,2.59
P7493,PN_PIQ,E1036,4,1,4.32
P7494,PN_PIQ,E1036,4,1,0.33
P7495,PN_PIQ,E1037,4,1,2.62
P7496,PN_PIQ,E1037,4,1,3.78
P7497,PN_PIQ,E1038,1,2,2.12
P7499,MA_ROTA,E1038,1,2,0.12
P7501,PN_PIQ,E1038,1,2,1.62
P7502,MA_ROTA,E1038,1,2,2.82
P7503,PN_PIQ,E1039,4,1,3.5
P7504,PN_PIQ,E1039,4,1,1.25
P7506,PN_PIQ,E1039,4,1,0.83
P7507,PN_PIQ,E1039,4,1,2.07
P7508,PN_PIQ,E1040,4,1,5.86
P7509,PN_PIQ,E1040,4,1,0.62
P7511,PN_PIQ,E1040,4,1,0.17
P7512,MA_ROTA,E1041,3,2,0.35
P7513,MA_ROTA,E1041,2,2,1.4
P7514,MA_ROTA,E1041,3,2,1.14
P7515,MA_ROTA,E1041,2,2,0.2
P7516,MA_ROTA,E1041,3,2,0.12
P7517,MA_ROTA,E1041,2,2,1.21
P7518,MA_ROTA,E1041,2,2,0.87
P7519,MA_ROTA,E1041,2,2,0.2
P7520,PN_PIQ,E1041,2,2,0.64
P7521,PN_PIQ,E1041,3,2,1.61
P7522,MA_ROTA,E1041,3,2,1.72
P7523,MA_ROTA,E1041,3,2,1.88
P7524,MA_ROTA,E1041,3,2,0.3
P7525,PN_PIQ,E1042,4,1,5.9
P7526,PN_PIQ,E1042,4,1,1.51
P7527,PN_PIQ,E1042,4,1,0.87
P7528,PN_PIQ,E1042,4,1,0.17
P7529,PN_PIQ,E1042,4,1,2.05
P7530,PN_PIQ,E1042,4,1,0.79
P7531,MA_ROTA,E1043,1,2,0.52
P7532,MA_ROTA,E1043,1,2,0.97
P7533,MA_ROTA,E1043,1,2,0.65
P7534,MA_ROTA,E1043,1,2,0.85
P7535,PN_PIQ,E1043,1,2,0.7
P7536,MA_ROTA,E1043,1,2,0.25
P7537,MA_ROTA,E1043,1,2,1.43
P7538,MA_ROTA,E1043,1,2,1.5
P7539,MA_ROTA,E1043,1,2,0.37
P7540,MA_ROTA,E1043,1,2,0.55
P7541,AG,E1044,5,1,2.14
P7542,PN_PIQ,E1045,4,1,1.9
P7543,PN_PIQ,E1045,4,1,1.75
P7544,PN_PIQ,E1045,4,1,0.43
P7545,PN_PIQ,E1045,4,1,0.97
P7546,PN_PIQ,E1045,4,1,1.03
P7547,PN_PIQ,E1045,4,1,0.15
P7549,PN_PIQ,E1045,4,1,0.35
P7551,PN_PIQ,E1046,4,1,0.98
P7552,PN_PIQ,E1047,4,1,0.92
P7553,MA_ROTA,E1047,4,1,1.9
P7554,MA_ROTA,E1047,4,1,1.24
P7555,MA_ROTA,E1047,4,1,1.66
P7556,PN_PIQ,E1047,4,1,0.46
P7557,PN_PIQ,E1047,4,1,3.5
P7558,PN_PIQ,E1048,4,1,3.78
P7559,PN_PIQ,E1048,4,1,0.54
P7560,PN_PIQ,E1048,4,1,0.21
P7561,PN_PIQ,E1048,4,1,0.43
P7562,PN_PIQ,E1048,4,1,2.13
P7563,PN_PIQ,E1048,4,1,0.16
P7564,PN_PIQ,E1048,4,1,0.31
P7565,PN_PIQ,E1049,2,2,0.79
P7566,PN_PIQ,E1049,2,2,0.54
P7567,MA_ROTA,E1049,2,2,0.6
P7568,PN_PIQ,E1050,4,1,0.54
P7569,PN_PIQ,E1050,4,1,2.05
P7570,PN_PIQ,E1050,4,1,0.22
P7571,PN_PIQ,E1050,4,1,0.21
P7572,PN_PIQ,E1050,4,1,1.47
P7573,PN_PIQ,E1050,4,1,0.21
P7574,PN_PIQ,E1050,4,1,0.47
P7575,PN_PIQ,E1050,4,1,0.8
P7576,PN_PIQ,E1050,4,1,0.94
P7577,PN_PIQ,E1050,4,1,0.45
P7578,PN_PIQ,E1050,4,1,0.11
P7579,PN_PIQ,E1050,4,1,0.31
P7580,PN_PIQ,E1051,4,1,0.83
P7581,PN_PIQ,E1051,4,1,0.31
P7582,PN_PIQ,E1051,4,1,0.51
P7583,PN_PIQ,E1052,4,1,0.66
P7584,PN_PIQ,E1052,4,1,1.6
P7585,MA_ROTA,E1053,3,2,1.94
P7586,PN_PIQ,E1053,1,2,0.28
P7587,MA_ROTA,E1053,3,2,0.63
P7588,MA_ROTA,E1053,3,2,0.91
P7589,MA_ROTA,E1053,3,2,0.29
P7590,PN_PIQ,E1053,3,2,0.16
P7591,PN_PIQ,E1053,1,2,0.32
P7592,PN_PIQ,E1053,1,2,1.27
P7593,MA_ROTA,E1053,1,2,0.38
P7594,ME,E1053,1,2,0.29
P7595,MA_ROTA,E1053,1,2,0.89
P7596,PN_PIQ,E1053,1,2,0.87
P7597,MA_ROTA,E1053,1,2,3.87
P7599,MA_ROTA,E1053,1,2,0.91
P7600,MA_ROTA,E1053,1,2,1.51
P7601,MA_ROTA,E1053,1,2,2.24
P7602,PN_PIQ,E1053,1,2,1.18
P7605,MA_ROTA,E1054,3,2,4.1
P7606,MA_ROTA,E1054,2,2,0.71
P7607,PN_PIQ,E1054,4,1,9.29
P7611,MA_ROTA,E1054,3,2,3.32
P7612,PN_PIQ,E1054,3,2,2.45
P7613,PN_PIQ,E1054,3,2,2.41
P7614,MA_ROTA,E1054,3,2,8.94
P7615,MA_ROTA,E1054,3,2,1.62
P7616,MA_ROTA,E1054,3,2,5.2
P7617,MA_ROTA,E1054,3,2,3.47
P7618,PN_PIQ,E1054,3,2,4.74
P7619,MA_ROTA,E1054,3,2,7.7
P7620,PN_PIQ,E1054,3,2,6.8
P7621,MA_ROTA,E1054,2,2,2.92
P7622,MA_ROTA,E1054,2,2,3.36
P7623,MA_ROTA,E1054,3,2,3.54
P7624,PN_PIQ,E1055,4,1,11.74
P7625,PN_PIQ,E1055,4,1,1.23
P7626,PN_PIQ,E1055,4,1,2.24
P7627,PN_PIQ,E1055,4,1,1.31
P7628,PN_PIQ,E1055,4,1,0.48
P7629,PN_PIQ,E1055,4,1,0.89
P7630,PN_PIQ,E1055,4,1,4.09
P7631,PN_PIQ,E1056,4,1,1.94
P7632,PN_PIQ,E1056,4,1,0.79
P7633,MA_ROTA,E1057,5,1,0.57
P7634,MA_ROTA,E1057,5,1,1.59
P7635,MA_ROTA,E1057,5,1,0.59
P7636,MA_ROTA,E1057,5,1,0.53
P7637,MA_ROTA,E1057,5,1,0.43
P7638,MA_ROTA,E1057,5,1,0.56
P7639,MA_ROTA,E1057,5,1,0.5
P7640,MA_ROTA,E1057,5,1,0.3
P7641,MA_ROTA,E1057,5,1,0.2
P7642,MA_ROTA,E1057,5,1,0.4
P7643,MA_ROTA,E1057,5,1,0.61
P7644,MA_ROTA,E1057,5,1,0.22
P7645,MA_ROTA,E1057,5,1,0.38
P7646,MA_ROTA,E1057,5,1,0.92
P7647,MA_ROTA,E1057,5,1,0.76
P7648,PN_PIQ,E1058,1,2,0.87
P7649,PN_PIQ,E1058,1,2,2.02
P7650,MA_ROTA,E1058,1,2,1.78
P7651,PN_PIQ,E1058,1,2,0.53
P7652,MA_ROTA,E1058,1,2,0.3
P7653,MA_ROTA,E1058,1,2,2.15
P7654,PN_PIQ,E1059,1,2,0.25
P7655,PN_PIQ,E1059,1,2,0.14
P7656,PN_PIQ,E1059,1,2,1.9
P7657,PN_PIQ,E1059,1,2,0.28
P7659,PN_PIQ,E1059,1,2,0.23
P7660,PN_PIQ,E1059,1,2,0.49
P7661,PN_PIQ,E1060,4,1,1.43
P7662,PN_PIQ,E1060,4,1,0.59
P7663,PN_PIQ,E1060,4,1,4.6
P7664,MA_ROTA,E1060,4,1,4.53
P7665,PN_PIQ,E1060,4,1,1.09
P7666,MA_ROTA,E1060,4,1,1.37
P7667,PN_PIQ,E1061,4,1,0.38
P7668,PN_PIQ,E1061,4,1,1.26
P7669,PN_PIQ,E1061,4,1,0.31
P7670,PN_PIQ,E1061,4,1,1.42
P7671,PN_PIQ,E1062,2,2,1.27
P7672,PN_PIQ,E1062,2,2,1.46
P7673,PN_PIQ,E1062,2,2,1.12
P7675,MA_ROTA,E1063,3,2,0.26
P7676,MA_ROTA,E1063,3,2,1.3
P7677,PN_PIQ,E1064,4,1,3.93
P7679,MA_ROTA,E1065,3,2,1.91
P7680,MA_ROTA,E1065,3,2,0.06
P7681,PN_PIQ,E1065,3,2,1.14
P7682,PN_PIQ,E1065,3,2,1.12
P7683,PN_PIQ,E1065,3,2,0.64
P7684,PN_PIQ,E1065,3,2,1.13
P7686,PN_PIQ,E1065,3,2,1.13
P7687,PN_PIQ,E1065,3,2,1.58
P7688,MA_ROTA,E1066,5,1,0.35
P7689,MA_ROTA,E1066,5,1,0.27
P7690,MA_ROTA,E1066,5,1,0.57
P7691,MA_ROTA,E1066,5,1,0.15
P7692,MA_ROTA,E1066,5,1,0.34
P7693,MA_ROTA,E1066,5,1,0.22
P7694,MA_ROTA,E1066,5,1,0.32
P7695,MA_ROTA,E1066,5,1,0.71
P7696,MA_ROTA,E1066,5,1,0.36
P7698,MA_ROTA,E1067,3,2,0.39
P7699,PN_PIQ,E1067,3,2,0.61
P7700,MA_ROTA,E1067,3,2,0.8
P7701,MA_ROTA,E1067,3,2,0.1
P7702,MA_ROTA,E1067,3,2,0.98
P7703,MA_ROTA,E1067,3,2,0.67
P7704,MA_ROTA,E1067,3,2,0.93
P7705,PN_PIQ,E1067,3,2,0.61
P7706,MA_ROTA,E1067,3,2,0.43
P7707,MA_ROTA,E1067,3,2,1.08
P7711,MA_ROTA,E1067,3,2,0.77
P7712,MA_ROTA,E1068,1,2,0.9
P7713,MA_ROTA,E1068,1,2,1.21
P7714,MA_ROTA,E1068,1,2,1.11
P7715,MA_ROTA,E1068,1,2,0.3
P7716,ME,E1068,1,2,1.83
P7717,MA_ROTA,E1068,1,2,1.37
P7718,MA_ROTA,E1068,1,2,1.07
P7719,MA_ROTA,E1068,1,2,0.6
P7720,PN_PIQ,E1068,1,2,1.07
P7721,PN_PIQ,E1069,4,1,1.76
P7722,PN_PIQ,E1069,4,1,0.9
P7723,AG,E1070,6,1,7.85
P7724,PN_PIQ,E1071,7,3,0.88
P7725,PN_PIQ,E1071,7,3,0.69
P7726,PN_PIQ,E1071,7,3,1.75
P7727,PN_PIQ,E1072,7,3,0.61
P7728,PN_PIQ,E1072,7,3,0.6
P7729,PN_PIQ,E1072,7,3,0.27
P7730,PN_PIQ,E1072,7,3,0.27
P7731,PN_PIQ,E1072,7,3,1.7
P7732,MA_ROTA,E1073,2,2,3.1
P7733,PN_PIQ,E1073,2,2,1.08
P7734,MA_ROTA,E1073,2,2,0.63
P7735,PN_PIQ,E1073,2,2,2.72
P7736,PN_PIQ,E1074,1,2,0.52
P7737,MA_ROTA,E1074,1,2,0.4
P7738,MA_ROTA,E1074,1,2,0.13
P7739,PN_PIQ,E1074,1,2,0.56
P7740,MA_ROTA,E1074,1,2,0.38
P7741,MA_ROTA,E1075,2,2,1.56
P7742,MA_ROTA,E1075,2,2,0.07
P7743,MA_ROTA,E1075,2,2,2.64
P7744,MA_ROTA,E1076,2,2,0.63
P7745,PN_PIQ,E1076,2,2,0.98
P7746,MA_ROTA,E1076,2,2,0.17
P7747,PN_PIQ,E1077,4,1,1.72
P7748,PN_PIQ,E1077,4,1,0.64
P7749,PN_PIQ,E1077,4,1,1.61
P7750,PN_PIQ,E1078,7,3,0.74
P7751,PN_PIQ,E1078,7,3,0.99
P7752,PN_PIQ,E1078,7,3,1.2
P7753,PN_PIQ,E1078,7,3,0.55
P7754,PN_PIQ,E1079,1,2,1.59
P7755,MA_ROTA,E1079,1,2,1.46
P7756,MA_ROTA,E1079,1,2,0.6
P7757,MA_ROTA,E1079,1,2,0.44
P7758,MA_ROTA,E1079,1,2,2.13
P7759,MA_ROTA,E1079,1,2,1.0
P7760,PN_PIQ,E1079,1,2,1.15
P7761,MA_ROTA,E1079,1,2,1.82
P7762,PN_PIQ,E1080,7,3,0.25
P7763,PN_PIQ,E1080,7,3,1.43
P7764,PN_PIQ,E1080,7,3,0.58
P7765,PN_PIQ,E1080,7,3,0.32
P7766,PN_PIQ,E1080,7,3,0.42
P7767,PN_PIQ,E1081,2,2,0.6
P7768,PN_PIQ,E1081,2,2,0.37
P7769,PN_PIQ,E1081,2,2,2.0
P7771,PN_PIQ,E1081,2,2,0.11
P7772,MA_ROTA,E1082,3,2,1.8
P7773,MA_ROTA,E1082,3,2,2.68
P7775,PN_PIQ,E1082,3,2,1.77
P7776,MA_ROTA,E1082,3,2,0.95
P7777,PN_PIQ,E1082,3,2,0.49
P7778,PN_PIQ,E1083,3,2,1.58
P7779,PN_PIQ,E1083,3,2,1.22
P7780,MA_ROTA,E1083,3,2,0.37
P7781,MA_ROTA,E1083,3,2,2.09
P7782,MA_ROTA,E1083,3,2,2.09
P7783,MA_ROTA,E1083,3,2,1.23
P7784,PN_PIQ,E1084,7,3,0.34
P7785,PN_PIQ,E1084,7,3,1.0
P7786,PN_PIQ,E1084,7,3,1.3
P7787,PN_PIQ,E1084,7,3,0.64
P7788,PN_PIQ,E1085,7,3,0.51
P7789,PN_PIQ,E1085,7,3,0.98
P7790,PN_PIQ,E1085,7,3,0.76
P7791,PN_PIQ,E1085,7,3,0.39
P7792,PN_PIQ,E1085,7,3,2.35
P7793,PN_PIQ,E1085,7,3,0.49
P7794,PN_PIQ,E1086,7,3,0.33
P7795,PN_PIQ,E1086,7,3,0.39
P7796,PN_PIQ,E1086,7,3,0.46
P7797,PN_PIQ,E1086,7,3,0.35
P7798,MA_ROTA,E1087,3,2,1.26
P7799,PN_PIQ,E1087,3,2,1.35
P7800,PN_PIQ,E1087,3,2,0.9
P7801,MA_ROTA,E1087,3,2,2.34
P7802,MA_ROTA,E1087,3,2,0.2
P7803,MA_ROTA,E1087,3,2,1.14
P7804,PN_PIQ,E1088,7,3,0.65
P7805,PN_PIQ,E1088,7,3,0.6
P7806,PN_PIQ,E1088,7,3,0.84
P7807,PN_PIQ,E1088,7,3,0.48
P7808,PN_PIQ,E1088,7,3,0.43
P7809,PN_PIQ,E1089,1,2,0.29
P7810,MA_ROTA,E1089,1,2,0.59
P7811,MA_ROTA,E1089,1,2,1.48
P7812,MA_ROTA,E1089,1,2,1.88
P7813,MA_ROTA,E1089,1,2,0.45
P7814,PN_PIQ,E1089,1,2,0.23
P7815,ME,E1089,1,2,0.63
P7816,PN_PIQ,E1090,2,2,1.45
P7817,PN_PIQ,E1091,7,3,2.71
P7818,PN_PIQ,E1091,7,3,0.16
P7819,PN_PIQ,E1091,7,3,0.51
P7820,PN_PIQ,E1091,7,3,0.18
P7821,PN_PIQ,E1091,7,3,0.29
P7822,PN_PIQ,E1091,7,3,0.18
P7823,PN_PIQ,E1092,7,3,2.53
P7824,PN_PIQ,E1092,7,3,0.74
P7825,PN_PIQ,E1092,7,3,0.56
P7826,PN_PIQ,E1092,7,3,1.11
P7827,MA_ROTA,E1093,3,2,0.51
P7828,MA_ROTA,E1093,3,2,1.35
P7829,MA_ROTA,E1093,3,2,0.19
P7830,MA_ROTA,E1093,3,2,1.34
P7831,ME,E1093,3,2,0.21
P7832,PN_PIQ,E1093,3,2,1.22
P7833,MA_ROTA,E1093,3,2,1.91
P7834,PN_PIQ,E1093,3,2,1.07
P7835,MA_ROTA,E1093,3,2,0.11
P7836,MA_ROTA,E1093,3,2,0.1
P7837,PN_PIQ,E1094,7,3,0.3
P7838,PN_PIQ,E1094,7,3,1.29
P7839,MA_ROTA,E1095,2,2,1.85
P7840,PN_PIQ,E1096,2,2,0.32
P7841,MA_ROTA,E1096,2,2,0.93
P7842,MA_ROTA,E1096,2,2,0.34
P7843,PN_PIQ,E1096,2,2,1.73
P7844,MA_ROTA,E1096,2,2,1.2
P7845,MA_ROTA,E1096,2,2,0.86
P7846,MA_ROTA,E1096,2,2,0.91
P7847,PN_PIQ,E1097,7,3,0.72
P7848,PN_PIQ,E1097,7,3,1.75
P7849,MA_ROTA,E1098,1,2,0.93
P7850,MA_ROTA,E1098,1,2,0.12
P7851,MA_ROTA,E1098,1,2,0.31
P7852,PN_PIQ,E1098,1,2,0.92
P7853,MA_ROTA,E1098,1,2,0.34
P7854,PN_PIQ,E1098,1,2,0.49
P7855,MA_ROTA,E1098,1,2,0.5
P7856,PN_PIQ,E1098,1,2,0.21
P7857,MA_ROTA,E1098,1,2,0.34
P7858,MA_ROTA,E1098,1,2,0.37
P7859,PN_PIQ,E1099,3,2,1.77
P7860,MA_ROTA,E1100,3,2,2.48
P7861,MA_ROTA,E1100,3,2,1.68
P7862,MA_ROTA,E1100,3,2,1.42
P7863,MA_ROTA,E1100,3,2,1.32
P7864,MA_ROTA,E1100,3,2,2.9
P7865,PN_PIQ,E1100,3,2,1.74
P7867,MA_ROTA,E1100,3,2,1.46
P7868,PN_PIQ,E1101,2,2,0.54
P7869,PN_PIQ,E1101,2,2,0.45
P7870,PN_PIQ,E1101,2,2,0.73
P7871,PN_PIQ,E1101,2,2,0.16
P7873,PN_PIQ,E1101,2,2,0.54
P7874,MA_ROTA,E1102,1,2,1.3
P7875,PN_PIQ,E1102,1,2,0.79
P7876,MA_ROTA,E1103,3,2,0.89
P7877,PN_PIQ,E1103,3,2,0.59
P7878,PN_PIQ,E1103,3,2,0.06
P7880,MA_ROTA,E1103,3,2,1.24
P7881,MA_ROTA,E1103,3,2,1.5
P7882,PN_PIQ,E1104,2,2,0.79
P7883,PN_PIQ,E1104,2,2,1.65
P7884,PN_PIQ,E1105,4,1,1.03
P7885,PN_PIQ,E1105,4,1,1.37
P7886,PN_PIQ,E1105,4,1,0.06
P7887,PN_PIQ,E1106,1,2,2.36
P7888,PN_PIQ,E1107,7,3,0.67
P7889,PN_PIQ,E1107,7,3,0.21
P7890,PN_PIQ,E1107,7,3,0.67
P7891,PN_PIQ,E1107,7,3,1.27
P7892,PN_PIQ,E1107,7,3,0.31
P7893,MA_ROTA,E1108,5,1,0.51
P7895,MA_ROTA,E1108,5,1,0.21
P7896,MA_ROTA,E1108,5,1,0.21
P7897,MA_ROTA,E1108,5,1,0.29
P7898,MA_ROTA,E1108,5,1,0.55
P7899,MA_ROTA,E1108,5,1,0.48
P7900,PN_PIQ,E1109,3,2,2.41
P7901,MA_ROTA,E1109,3,2,1.03
P7902,MA_ROTA,E1109,3,2,0.77
P7903,MA_ROTA,E1109,3,2,0.77
P7904,PN_PIQ,E1109,3,2,2.24
P7905,PN_PIQ,E1109,3,2,0.46
P7907,MA_ROTA,E1109,3,2,2.21
P7908,PN_PIQ,E1110,3,2,0.8
P7909,MA_ROTA,E1110,3,2,0.73
P7910,MA_ROTA,E1110,3,2,2.3
P7911,MA_ROTA,E1111,3,2,0.19
P7912,MA_ROTA,E1111,3,2,0.99
P7914,MA_ROTA,E1112,2,2,5.43
P7915,PN_PIQ,E1112,2,2,3.26
P7916,PN_PIQ,E1112,2,2,12.02
P7917,MA_ROTA,E1112,2,2,5.38
P7918,MA_ROTA,E1112,2,2,10.05
P7919,MA_ROTA,E1112,2,2,1.04
P7920,PN_PIQ,E1112,2,2,1.83
P7921,MA_ROTA,E1112,2,2,4.02
P7922,PN_PIQ,E1112,2,2,3.27
P7923,MA_ROTA,E1112,2,2,6.01
P7924,PN_PIQ,E1112,2,2,4.1
P7925,PN_PIQ,E1113,2,2,0.18
P7926,MA_ROTA,E1113,2,2,0.47
P7927,ME,E1113,2,2,0.57
P7928,MA_ROTA,E1114,2,2,0.74
P7929,MA_ROTA,E1114,2,2,0.05
P7930,MA_ROTA,E1114,2,2,0.06
P7931,PN_PIQ,E1114,2,2,0.46
P7932,PN_PIQ,E1115,2,2,1.59
P7933,MA_ROTA,E1115,2,2,0.51
P7934,MA_ROTA,E1116,2,2,0.96
P7935,MA_ROTA,E1116,2,2,1.75
P7936,MA_ROTA,E1116,2,2,0.4
P7937,PN_PIQ,E1116,2,2,0.53
P7938,PN_PIQ,E1117,2,2,1.0
P7939,PN_PIQ,E1118,7,3,0.18
P7940,PN_PIQ,E1118,7,3,0.5
P7941,PN_PIQ,E1118,7,3,0.82
P7942,PN_PIQ,E1118,7,3,3.88
P7943,PN_PIQ,E1118,7,3,0.56
P7944,PN_PIQ,E1119,7,3,1.92
P7945,PN_PIQ,E1119,7,3,1.13
P7946,PN_PIQ,E1119,7,3,1.98
P7947,PN_PIQ,E1119,7,3,0.79
P7948,PN_PIQ,E1119,7,3,0.62
P7949,PN_PIQ,E1120,7,3,1.56
P7950,PN_PIQ,E1120,7,3,1.8
P7951,PN_PIQ,E1120,7,3,0.2
P7952,PN_PIQ,E1120,7,3,0.29
P7953,PN_PIQ,E1120,7,3,0.62
P7954,PN_PIQ,E1120,7,3,2.03
P7955,PN_PIQ,E1121,7,3,0.96
P7956,PN_PIQ,E1121,7,3,1.59
P7957,PN_PIQ,E1121,7,3,0.43
P7958,PN_PIQ,E1121,7,3,0.76
P7959,PN_PIQ,E1122,7,3,2.93
P7960,PN_PIQ,E1122,7,3,0.97
P7961,PN_PIQ,E1122,7,3,1.78
P7962,PN_PIQ,E1123,2,2,1.62
P7963,MA_ROTA,E1123,2,2,2.84
P7964,MA_ROTA,E1124,1,2,1.04
P7965,PN_PIQ,E1124,1,2,0.64
P7966,PN_PIQ,E1124,1,2,0.07
P7967,PN_PIQ,E1124,1,2,0.5
P7968,MA_ROTA,E1124,1,2,0.35
P7969,PN_PIQ,E1125,7,3,0.37
P7970,PN_PIQ,E1125,7,3,0.56
P7971,PN_PIQ,E1125,7,3,0.52
P7972,PN_PIQ,E1125,7,3,0.57
P7973,PN_PIQ,E1125,7,3,2.86
P7974,PN_PIQ,E1125,7,3,0.72
P7975,PN_PIQ,E1125,7,3,0.21
P7977,MA_ROTA,E1126,4,1,0.67
P7978,MA_ROTA,E1127,2,2,0.82
P7979,MA_ROTA,E1127,2,2,0.55
P7980,ME,E1127,2,2,0.5
P7981,PN_PIQ,E1127,2,2,0.21
P7982,MA_ROTA,E1127,2,2,0.1
P7983,MA_ROTA,E1128,3,2,4.04
P7984,MA_ROTA,E1128,3,2,2.07
P7986,MA_ROTA,E1129,5,1,0.86
P7988,MA_ROTA,E1129,5,1,0.14
P7989,MA_ROTA,E1129,5,1,0.7
P7990,MA_ROTA,E1129,5,1,0.27
P7991,MA_ROTA,E1129,5,1,0.43
P7992,MA_ROTA,E1129,5,1,0.11
P7996,PN_PIQ,E1129,4,1,0.43
P7997,MA_ROTA,E1129,5,1,0.76
P7998,PN_PIQ,E1129,4,1,0.78
P7999,PN_PIQ,E1129,4,1,1.19
P8000,PN_PIQ,E1129,4,1,0.88
P8001,PN_PIQ,E1129,4,1,1.08
P8003,MA_ROTA,E1129,5,1,0.55
P8004,MA_ROTA,E1129,5,1,0.57
P8005,MA_ROTA,E1129,5,1,0.12
P8006,MA_ROTA,E1129,5,1,0.09
P8008,MA_ROTA,E1129,5,1,0.35
P8010,MA_ROTA,E1129,5,1,0.92
P8011,MA_ROTA,E1129,5,1,0.43
P8012,MA_ROTA,E1129,5,1,0.25
P8013,MA_ROTA,E1129,5,1,0.21
P8019,MA_ROTA,E1129,5,1,0.65
P8020,PN_PIQ,E1130,7,3,0.75
P8021,PN_PIQ,E1130,7,3,0.34
P8022,PN_PIQ,E1130,7,3,0.44
P8023,MA_ROTA,E1131,5,1,0.94
P8024,MA_ROTA,E1131,5,1,1.37
P8025,MA_ROTA,E1131,5,1,0.68
P8026,MA_ROTA,E1131,5,1,0.35
P8027,MA_ROTA,E1131,5,1,0.63
P8028,MA_ROTA,E1131,5,1,0.43
P8029,MA_ROTA,E1131,5,1,0.2
P8030,MA_ROTA,E1131,5,1,0.27
P8031,MA_ROTA,E1131,5,1,0.12
P8032,MA_ROTA,E1131,5,1,0.92
P8033,MA_ROTA,E1131,5,1,0.69
P8034,MA_ROTA,E1131,5,1,0.09
P8035,MA_ROTA,E1131,5,1,0.44
P8036,MA_ROTA,E1131,5,1,0.41
P8037,MA_ROTA,E1131,5,1,0.24
P8038,MA_ROTA,E1132,4,1,0.71
P8039,PN_PIQ,E1132,4,1,1.35
P8040,PN_PIQ,E1132,4,1,0.23
P8041,MA_ROTA,E1132,4,1,0.8
P8042,MA_ROTA,E1132,4,1,1.66
P8044,MA_ROTA,E1132,4,1,0.24
P8048,PN_PIQ,E1132,4,1,0.49
P8049,PN_PIQ,E1132,4,1,0.48
P8050,MA_ROTA,E1132,4,1,0.77
P8051,MA_ROTA,E1132,4,1,0.34
P8053,MA_ROTA,E1132,4,1,0.2
P8054,MA_ROTA,E1132,4,1,0.21
P8055,PN_PIQ,E1132,4,1,5.06
P8056,PN_PIQ,E1132,4,1,4.24
P8057,MA_ROTA,E1132,4,1,0.95
P8058,MA_ROTA,E1133,5,1,0.22
P8059,MA_ROTA,E1133,5,1,0.34
P8060,MA_ROTA,E1133,5,1,0.28
P8061,MA_ROTA,E1133,5,1,0.1
P8062,MA_ROTA,E1133,5,1,0.18
P8063,MA_ROTA,E1133,5,1,0.08
P8064,MA_ROTA,E1133,5,1,0.2
P8065,MA_ROTA,E1133,5,1,0.36
P8066,MA_ROTA,E1133,5,1,0.21
P8067,AN_PA,E1133,5,1,0.77
P8068,MA_ROTA,E1133,5,1,0.29
P8069,MA_ROTA,E1133,5,1,0.11
P8072,MA_ROTA,E1134,5,1,0.88
P8073,AN_PA,E1134,5,1,1.11
P8074,MA_ROTA,E1134,5,1,1.43
P8075,AN_PA,E1134,5,1,1.45
P8076,MA_ROTA,E1134,5,1,2.51
P8077,AN_PA,E1134,5,1,0.39
P8078,MA_ROTA,E1134,5,1,2.74
P8079,MA_ROTA,E1134,5,1,1.26
P8080,MA_ROTA,E1134,5,1,1.81
P8081,MA_ROTA,E1134,5,1,1.02
P8082,MA_ROTA,E1134,5,1,1.0
P8083,MA_ROTA,E1134,5,1,1.71
P8084,MA_ROTA,E1135,1,2,0.67
P8085,MA_ROTA,E1135,1,2,1.14
P8086,PN_PIQ,E1135,1,2,0.61
P8087,MA_ROTA,E1135,1,2,0.38
P8088,MA_ROTA,E1135,1,2,0.43
P8089,MA_ROTA,E1135,1,2,2.48
P8090,PN_PIQ,E1135,1,2,0.32
P8092,MA_ROTA,E1135,1,2,0.19
P8095,MA_ROTA,E1136,4,1,1.46
P8096,PN_PIQ,E1136,4,1,0.61
P8097,PN_PIQ,E1136,4,1,0.65
P8098,PN_PIQ,E1136,4,1,0.61
P8099,MA_ROTA,E1136,4,1,1.23
P8100,MA_ROTA,E1136,4,1,1.65
P8101,MA_ROTA,E1136,4,1,1.21
P8103,MA_ROTA,E1137,3,2,4.15
P8105,PN_PIQ,E1137,3,2,0.49
P8106,MA_ROTA,E1137,3,2,1.31
P8107,MA_ROTA,E1137,3,2,2.83
P8108,PN_PIQ,E1137,3,2,0.75
P8109,MA_ROTA,E1137,3,2,2.3
P8110,MA_ROTA,E1137,3,2,2.46
P8111,PN_PIQ,E1137,3,2,1.62
P8112,MA_ROTA,E1137,3,2,1.38
P8113,PN_PIQ,E1137,3,2,3.43
P8114,PN_PIQ,E1137,3,2,2.45
P8115,MA_ROTA,E1138,3,2,0.63
P8116,MA_ROTA,E1138,3,2,0.83
P8117,MA_ROTA,E1138,3,2,1.55
P8118,MA_ROTA,E1138,3,2,0.18
P8119,MA_ROTA,E1138,3,2,1.08
P8120,MA_ROTA,E1139,3,2,2.35
P8121,PN_PIQ,E1139,3,2,0.32
P8122,MA_ROTA,E1139,3,2,0.38
P8123,MA_ROTA,E1139,3,2,1.12
P8124,MA_ROTA,E1139,3,2,1.14
P8125,PN_PIQ,E1139,3,2,0.23
P8126,PN_PIQ,E1140,4,1,0.84
P8127,PN_PIQ,E1140,4,1,1.01
P8128,PN_PIQ,E1140,4,1,1.06
P8129,BC_BT,E1141,5,1,0.44
P8130,AN_PA,E1141,5,1,0.74
P8131,AN_PA,E1141,5,1,0.46
P8132,MA_ROTA,E1142,3,2,3.24
P8133,ME,E1142,3,2,3.59
P8134,MA_ROTA,E1142,3,2,4.23
P8136,PN_PIQ,E1142,3,2,2.33
P8138,MA_ROTA,E1142,3,2,0.52
P8139,MA_ROTA,E1142,3,2,1.37
P8140,AN_PA,E1143,5,1,1.13
P8141,TH,E1143,5,1,0.28
P8142,TH,E1143,5,1,0.83
P8143,MA_ROTA,E1144,2,2,0.73
P8144,PN_PIQ,E1144,2,2,0.61
P8145,PN_PIQ,E1144,2,2,0.98
P8147,PN_PIQ,E1144,2,2,1.87
P8149,MA_ROTA,E1144,2,2,2.52
P8152,MA_ROTA,E1144,2,2,1.42
P8153,MA_ROTA,E1144,2,2,0.74
P8154,MA_ROTA,E1144,2,2,0.78
P8155,PN_PIQ,E1144,2,2,0.53
P8156,PN_PIQ,E1144,2,2,1.13
P8159,MA_ROTA,E1144,2,2,0.41
P8161,ME,E1144,2,2,0.72
P8162,MA_ROTA,E1144,2,2,1.39
P8165,MA_ROTA,E1144,2,2,1.46
P8166,PN_PIQ,E1145,7,3,0.76
P8167,PN_PIQ,E1145,7,3,1.13
P8168,PN_PIQ,E1145,7,3,1.45
P8169,PN_PIQ,E1145,7,3,0.94
P8170,MA_ROTA,E1146,5,1,0.67
P8171,MA_ROTA,E1146,5,1,0.16
P8172,MA_ROTA,E1146,5,1,0.5
P8173,MA_ROTA,E1146,5,1,1.11
P8174,MA_ROTA,E1146,5,1,1.32
P8175,MA_ROTA,E1146,5,1,1.54
P8176,MA_ROTA,E1146,5,1,0.19
P8179,PN_PIQ,E1147,4,1,0.26
P8180,PN_PIQ,E1147,4,1,0.35
P8181,PN_PIQ,E1148,4,1,1.69
P8182,PN_PIQ,E1148,4,1,0.99
P8183,PN_PIQ,E1148,4,1,0.57
P8185,PN_PIQ,E1148,4,1,0.28
P8186,PN_PIQ,E1149,4,1,0.24
P8187,PN_PIQ,E1149,4,1,0.18
P8188,PN_PIQ,E1149,4,1,0.54
P8189,PN_PIQ,E1149,4,1,0.14
P8190,PN_PIQ,E1149,4,1,0.85
P8191,PN_PIQ,E1149,4,1,0.68
P8192,PN_PIQ,E1149,4,1,1.14
P8193,PN_PIQ,E1149,4,1,0.22
P8194,PN_PIQ,E1149,4,1,0.17
P8195,PN_PIQ,E1150,4,1,7.69
P8196,PN_PIQ,E1150,4,1,0.56
P8198,MA_ROTA,E1151,4,1,0.85
P8199,PN_PIQ,E1151,4,1,0.16
P8200,PN_PIQ,E1151,4,1,1.07
P8201,MA_ROTA,E1151,4,1,0.26
P8202,MA_ROTA,E1151,4,1,0.1
P8203,PN_PIQ,E1151,4,1,0.32
P8204,MA_ROTA,E1151,4,1,0.99
P8205,PN_PIQ,E1151,4,1,0.09
P8206,PN_PIQ,E1151,4,1,1.95
P8207,PN_PIQ,E1152,4,1,0.3
P8208,PN_PIQ,E1152,4,1,0.44
P8209,PN_PIQ,E1152,4,1,0.51
P8210,PN_PIQ,E1152,4,1,0.34
P8211,PN_PIQ,E1152,4,1,0.59
P8212,PN_PIQ,E1153,6,1,0.96
P8213,PN_PIQ,E1154,4,1,1.0
P8214,PN_PIQ,E1154,4,1,0.69
P8215,PN_PIQ,E1154,4,1,0.85
P8216,PN_PIQ,E1154,4,1,1.1
P8217,PN_PIQ,E1154,4,1,0.3
P8218,PN_PIQ,E1154,4,1,0.21
P8219,PN_PIQ,E1155,6,1,0.5
P8220,PN_PIQ,E1155,6,1,0.25
P8221,PN_PIQ,E1156,7,3,0.88
P8222,PN_PIQ,E1156,7,3,0.28
P8223,PN_PIQ,E1157,1,2,1.74
P8224,MA_ROTA,E1157,1,2,2.09
P8225,PN_PIQ,E1157,1,2,0.59
P8227,PN_PIQ,E1157,1,2,0.23
P8228,PN_PIQ,E1157,1,2,0.87
P8229,PN_PIQ,E1158,4,1,0.55
P8230,PN_PIQ,E1158,4,1,0.82
P8231,PN_PIQ,E1158,4,1,0.85
P8232,AG,E1159,6,1,1.18
P8233,AN_PA,E1159,6,1,0.88
P8234,AN_PA,E1159,6,1,0.41
P8235,AN_PA,E1159,6,1,0.88
P8236,AN_PA,E1159,6,1,0.29
P8237,MA_ROTA,E1160,2,2,2.49
P8238,MA_ROTA,E1160,2,2,3.7
P8239,MA_ROTA,E1160,2,2,3.83
P8240,MA_ROTA,E1160,2,2,3.89
P8241,MA_ROTA,E1160,2,2,1.26
P8243,MA_ROTA,E1160,2,2,7.58
P8244,MA_ROTA,E1161,3,2,0.58
P8245,MA_ROTA,E1161,3,2,0.99
P8247,PN_PIQ,E1161,3,2,1.36
P8248,MA_ROTA,E1162,2,2,0.19
P8249,MA_ROTA,E1162,2,2,0.5
P8250,MA_ROTA,E1162,2,2,0.65
P8251,MA_ROTA,E1162,2,2,0.33
P8252,MA_ROTA,E1163,2,2,0.67
P8253,MA_ROTA,E1163,2,2,2.04
P8254,MA_ROTA,E1164,1,2,0.25
P8255,PN_PIQ,E1164,1,2,0.28
P8256,MA_ROTA,E1164,1,2,1.11
P8257,PN_PIQ,E1164,1,2,0.3
P8258,MA_ROTA,E1164,1,2,0.24
P8259,PN_PIQ,E1164,1,2,0.54
P8260,PN_PIQ,E1164,1,2,0.29
P8261,MA_ROTA,E1165,2,2,1.28
P8262,MA_ROTA,E1165,2,2,0.9
P8263,PN_PIQ,E1166,1,2,1.27
P8264,MA_ROTA,E1166,1,2,1.77
P8265,MA_ROTA,E1166,1,2,0.33
P8266,PN_PIQ,E1166,1,2,0.4
P8267,PN_PIQ,E1166,1,2,0.75
P8268,PN_PIQ,E1166,1,2,1.61
P8269,MA_ROTA,E1166,1,2,1.04
P8270,PN_PIQ,E1167,1,2,0.21
P8271,PN_PIQ,E1167,1,2,1.37
P8273,MA_ROTA,E1167,1,2,0.83
P8274,MA_ROTA,E1167,1,2,0.89
P8275,MA_ROTA,E1168,2,2,0.39
P8276,PN_PIQ,E1168,2,2,0.53
P8277,ME,E1168,2,2,0.13
P8278,MA_ROTA,E1168,2,2,0.17
P8279,MA_ROTA,E1168,2,2,2.48
P8280,MA_ROTA,E1169,2,2,0.64
P8281,MA_ROTA,E1169,2,2,0.93
P8282,MA_ROTA,E1169,2,2,0.56
P8283,MA_ROTA,E1169,2,2,1.34
P8284,MA_ROTA,E1169,2,2,0.99
P8285,MA_ROTA,E1169,2,2,0.72
P8286,PN_PIQ,E1169,2,2,0.29
P8287,MA_ROTA,E1169,2,2,0.94
P8288,PN_PIQ,E1169,2,2,0.3
P8289,PN_PIQ,E1169,2,2,0.23
P8290,PN_PIQ,E1169,2,2,0.27
P8291,MA_ROTA,E1169,2,2,0.11
P8292,MA_ROTA,E1169,2,2,0.02
P8293,MA_ROTA,E1169,2,2,0.57
P8294,PN_PIQ,E1170,2,2,0.75
P8295,MA_ROTA,E1170,2,2,0.48
P8296,MA_ROTA,E1171,2,2,0.22
P8297,MA_ROTA,E1171,2,2,0.03
P8298,MA_ROTA,E1171,2,2,0.13
P8299,PN_PIQ,E1171,2,2,0.37
P8300,PN_PIQ,E1171,2,2,0.27
P8301,MA_ROTA,E1172,3,2,1.0
P8302,MA_ROTA,E1172,3,2,1.42
P8303,MA_ROTA,E1172,3,2,0.39
P8304,MA_ROTA,E1172,3,2,0.35
P8305,MA_ROTA,E1172,3,2,0.99
P8306,MA_ROTA,E1172,3,2,0.48
P8307,MA_ROTA,E1173,1,2,0.96
P8308,MA_ROTA,E1173,1,2,0.99
P8309,PN_PIQ,E1174,2,2,1.33
P8310,PN_PIQ,E1174,2,2,0.61
P8311,PN_PIQ,E1174,2,2,1.3
P8312,PN_PIQ,E1175,2,2,0.28
P8313,PN_PIQ,E1175,2,2,0.45
P8314,PN_PIQ,E1175,2,2,1.21
P8315,PN_PIQ,E1175,2,2,0.64
P8316,MA_ROTA,E1176,1,2,0.35
P8318,MA_ROTA,E1176,1,2,0.52
P8319,MA_ROTA,E1176,1,2,0.33
P8320,PN_PIQ,E1177,2,2,0.92
P8321,PN_PIQ,E1177,2,2,0.24
P8322,PN_PIQ,E1177,2,2,1.16
P8323,PN_PIQ,E1177,2,2,0.42
P8324,MA_ROTA,E1178,1,2,0.37
P8325,MA_ROTA,E1178,1,2,0.51
P8326,MA_ROTA,E1179,2,2,4.39
P8327,MA_ROTA,E1180,3,2,0.33
P8328,MA_ROTA,E1180,3,2,1.21
P8329,MA_ROTA,E1181,3,2,1.39
P8330,MA_ROTA,E1181,3,2,1.17
P8331,PN_PIQ,E1181,3,2,2.67
P8332,MA_ROTA,E1181,3,2,0.66
P8333,MA_ROTA,E1181,3,2,0.85
P8334,PN_PIQ,E1181,3,2,0.5
P8335,MA_ROTA,E1182,2,2,0.25
P8336,PN_PIQ,E1182,2,2,0.45
P8337,MA_ROTA,E1183,2,2,3.24
P8338,MA_ROTA,E1183,2,2,1.56
P8339,PN_PIQ,E1184,3,2,1.48
P8340,PN_PIQ,E1184,3,2,0.17
P8341,PN_PIQ,E1184,3,2,0.44
P8342,PN_PIQ,E1184,3,2,0.97
P8343,PN_PIQ,E1184,3,2,0.97
P8344,MA_ROTA,E1184,3,2,1.54
P8345,PN_PIQ,E1184,3,2,0.56
P8346,PN_PIQ,E1184,3,2,0.7
P8347,PN_PIQ,E1184,3,2,1.28
P8348,PN_PIQ,E1184,3,2,1.01
P8349,MA_ROTA,E1184,3,2,1.04
P8350,MA_ROTA,E1184,3,2,2.08
P8351,PN_PIQ,E1184,3,2,0.98
P8352,PN_PIQ,E1184,3,2,1.58
P8353,MA_ROTA,E1184,3,2,0.62
P8354,PN_PIQ,E1185,3,2,1.15
P8355,PN_PIQ,E1185,3,2,0.97
P8356,PN_PIQ,E1185,3,2,1.83
P8357,MA_ROTA,E1185,3,2,1.25
P8358,MA_ROTA,E1185,3,2,1.69
P8359,ME,E1186,2,2,1.25
P8360,MA_ROTA,E1186,2,2,0.67
P8361,MA_ROTA,E1186,2,2,0.2
P8362,PN_PIQ,E1186,2,2,1.28
P8363,MA_ROTA,E1187,2,2,2.33
P8364,MA_ROTA,E1187,2,2,0.35
P8365,MA_ROTA,E1188,2,2,1.14
P8366,PN_PIQ,E1189,2,2,0.33
P8367,PN_PIQ,E1189,3,2,1.61
P8368,PN_PIQ,E1189,2,2,1.63
P8372,PN_PIQ,E1189,3,2,0.49
P8373,MA_ROTA,E1189,3,2,1.93
P8374,MA_ROTA,E1189,1,2,0.24
P8376,MA_ROTA,E1189,1,2,1.49
P8378,MA_ROTA,E1189,3,2,1.55
P8379,PN_PIQ,E1189,1,2,0.15
P8380,PN_PIQ,E1189,2,2,0.83
P8382,PN_PIQ,E1189,2,2,0.69
P8383,PN_PIQ,E1190,2,2,0.42
P8384,PN_PIQ,E1190,2,2,0.2
P8386,MA_ROTA,E1190,2,2,0.8
P8387,PN_PIQ,E1190,2,2,0.79
P8389,MA_ROTA,E1190,2,2,0.86
P8390,MA_ROTA,E1190,2,2,0.65
P8391,MA_ROTA,E1190,2,2,0.73
P8393,MA_ROTA,E1190,2,2,0.78
P8394,MA_ROTA,E1190,2,2,0.91
P8395,MA_ROTA,E1191,3,2,2.15
P8396,MA_ROTA,E1191,3,2,1.24
P8397,MA_ROTA,E1191,3,2,1.21
P8398,MA_ROTA,E1191,3,2,3.47
P8399,MA_ROTA,E1191,3,2,1.39
P8401,MA_ROTA,E1191,3,2,4.75
P8402,PN_PIQ,E1192,1,2,0.49
P8403,PN_PIQ,E1192,1,2,0.3
P8404,MA_ROTA,E1192,1,2,2.35
P8405,PN_PIQ,E1193,2,2,2.03
P8406,MA_ROTA,E1193,2,2,1.19
P8407,MA_ROTA,E1193,2,2,0.91
P8408,PN_PIQ,E1193,2,2,0.4
P8409,MA_ROTA,E1194,2,2,2.77
P8410,MA_ROTA,E1195,2,2,0.62
P8411,ME,E1195,2,2,0.55
P8414,MA_ROTA,E1196,2,2,1.19
P8415,PN_PIQ,E1197,4,1,3.18
P8416,MA_ROTA,E1197,4,1,4.91
P8417,PN_PIQ,E1197,4,1,1.07
P8418,MA_ROTA,E1197,4,1,0.38
P8419,PN_PIQ,E1197,4,1,0.56
P8420,MA_ROTA,E1197,4,1,0.24
P8421,PN_PIQ,E1198,4,1,1.96
P8422,PN_PIQ,E1198,4,1,1.67
P8423,PN_PIQ,E1198,4,1,1.38
P8426,PN_PIQ,E1199,4,1,0.27
P8427,PN_PIQ,E1199,4,1,0.29
P8428,MA_ROTA,E1199,4,1,0.27
P8429,PN_PIQ,E1199,4,1,0.14
P8430,PN_PIQ,E1199,4,1,1.62
P8431,PN_PIQ,E1199,4,1,0.45
P8432,MA_ROTA,E1199,4,1,1.86
P8433,PN_PIQ,E1199,4,1,1.44
P8434,PN_PIQ,E1200,4,1,0.97
P8435,PN_PIQ,E1200,4,1,0.95
P8436,PN_PIQ,E1200,4,1,1.09
P8437,PN_PIQ,E1200,4,1,1.01
P8438,PN_PIQ,E1200,4,1,0.57
P8439,PN_PIQ,E1200,4,1,0.14
P8440,PN_PIQ,E1201,4,1,1.72
P8441,PN_PIQ,E1201,4,1,1.24
P8442,PN_PIQ,E1201,4,1,0.05
P8443,PN_PIQ,E1201,4,1,0.03
P8444,PN_PIQ,E1201,4,1,0.27
P8446,PN_PIQ,E1201,4,1,3.07
P8447,PN_PIQ,E1202,4,1,1.32
P8448,PN_PIQ,E1203,4,1,0.1
P8449,PN_PIQ,E1203,4,1,0.34
P8450,PN_PIQ,E1203,4,1,0.24
P8451,PN_PIQ,E1203,4,1,1.23
P8452,PN_PIQ,E1204,4,1,1.1
P8453,PN_PIQ,E1204,4,1,0.43
P8454,PN_PIQ,E1204,4,1,0.25
P8455,PN_PIQ,E1204,4,1,0.5
P8456,PN_PIQ,E1204,4,1,1.24
P8457,PN_PIQ,E1204,4,1,0.89
P8458,PN_PIQ,E1204,4,1,0.69
P8459,PN_PIQ,E1204,4,1,0.96
P8460,PN_PIQ,E1204,4,1,0.3
P8461,PN_PIQ,E1205,4,1,0.21
P8462,MA_ROTA,E1206,4,1,1.5
P8463,MA_ROTA,E1206,4,1,1.64
P8464,MA_ROTA,E1206,4,1,0.78
P8465,MA_ROTA,E1206,4,1,0.54
P8466,MA_ROTA,E1206,4,1,2.44
P8468,PN_PIQ,E1207,4,1,1.77
P8469,PN_PIQ,E1207,4,1,0.62
P8470,PN_PIQ,E1207,4,1,0.77
P8474,PN_PIQ,E1209,4,1,1.85
P8475,PN_PIQ,E1210,4,1,1.13
P8476,PN_PIQ,E1210,4,1,0.72
P8477,PN_PIQ,E1211,4,1,0.72
P8478,PN_PIQ,E1211,4,1,0.84
P8479,PN_PIQ,E1212,4,1,1.83
P8480,PN_PIQ,E1212,4,1,1.41
P8481,PN_PIQ,E1212,4,1,0.31
P8482,PN_PIQ,E1213,4,1,0.81
P8483,PN_PIQ,E1213,4,1,0.58
P8484,PN_PIQ,E1213,4,1,0.45
P8485,PN_PIQ,E1213,4,1,0.16
P8486,MA_ROTA,E1213,4,1,0.94
P8487,MA_ROTA,E1213,4,1,0.63
P8488,PN_PIQ,E1213,4,1,0.7
P8489,MA_ROTA,E1213,4,1,0.42
P8490,MA_ROTA,E1213,4,1,0.44
P8491,MA_ROTA,E1214,4,1,1.34
P8492,PN_PIQ,E1214,4,1,0.23
P8493,PN_PIQ,E1215,4,1,0.62
P8494,PN_PIQ,E1215,4,1,0.22
P8495,PN_PIQ,E1216,4,1,1.49
P8496,PN_PIQ,E1216,4,1,1.68
P8497,PN_PIQ,E1216,4,1,1.84
P8498,PN_PIQ,E1216,4,1,1.39
P8499,PN_PIQ,E1216,4,1,1.62
P8500,IG_PLA,E1216,4,1,0.84
P8501,PN_PIQ,E1216,4,1,1.94
P8502,PN_PIQ,E1216,4,1,1.13
P8503,PN_PIQ,E1216,4,1,1.91
P8504,PN_PIQ,E1216,4,1,0.16
P8505,PN_PIQ,E1216,4,1,1.28
P8506,IG_PLA,E1216,4,1,3.84
P8507,MA_ROTA,E1217,4,1,2.22
P8508,PN_PIQ,E1217,4,1,5.42
P8509,MA_ROTA,E1217,4,1,1.97
P8510,MA_ROTA,E1217,4,1,0.95
P8511,PN_PIQ,E1217,4,1,2.45
P8512,PN_PIQ,E1217,4,1,1.07
P8513,PN_PIQ,E1217,4,1,12.63
P8514,PN_PIQ,E1217,4,1,7.95
P8515,MA_ROTA,E1217,4,1,8.73
P8516,PN_PIQ,E1217,4,1,3.18
P8517,MA_ROTA,E1217,4,1,2.79
P8518,MA_ROTA,E1217,4,1,2.96
P8519,MA_ROTA,E1217,4,1,3.03
P8520,PN_PIQ,E1218,4,1,0.96
P8521,PN_PIQ,E1218,4,1,0.64
P8522,PN_PIQ,E1219,4,1,3.6
P8523,PN_PIQ,E1220,4,1,0.18
P8524,PN_PIQ,E1220,4,1,2.53
P8525,PN_PIQ,E1220,4,1,0.34
P8526,PN_PIQ,E1220,4,1,0.18
P8527,PN_PIQ,E1220,4,1,2.24
P8529,PN_PIQ,E1220,4,1,2.54
P8531,PN_PIQ,E1220,4,1,0.48
P8532,PN_PIQ,E1220,4,1,0.61
P8533,PN_PIQ,E1220,4,1,1.36
P8534,PN_PIQ,E1220,4,1,1.46
P8538,PN_PIQ,E1220,4,1,0.37
P8539,PN_PIQ,E1220,4,1,0.23
P8540,PN_PIQ,E1220,4,1,0.58
P8546,PN_PIQ,E1220,4,1,0.66
P8547,PN_PIQ,E1220,4,1,3.77
P8548,PN_PIQ,E1220,4,1,0.48
P8549,PN_PIQ,E1220,4,1,0.91
P8550,PN_PIQ,E1220,4,1,0.7
P8551,MA_ROTA,E1221,5,1,2.19
P8552,MA_ROTA,E1221,5,1,1.97
P8553,MA_ROTA,E1221,5,1,1.16
P8554,MA_ROTA,E1221,5,1,2.04
P8555,MA_ROTA,E1221,5,1,1.42
P8556,MA_ROTA,E1222,5,1,1.78
P8557,PN_PIQ,E1223,4,1,0.12
P8558,PN_PIQ,E1223,4,1,3.19
P8559,PN_PIQ,E1223,4,1,0.37
P8560,PN_PIQ,E1223,4,1,0.7
P8561,PN_PIQ,E1223,4,1,0.34
P8563,PN_PIQ,E1223,4,1,0.47
P8564,PN_PIQ,E1223,4,1,0.38
P8565,PN_PIQ,E1223,4,1,0.45
P8566,PN_PIQ,E1223,4,1,0.32
P8567,PN_PIQ,E1223,4,1,1.46
P8568,PN_PIQ,E1223,4,1,0.46
P8569,PN_PIQ,E1223,4,1,1.05
P8570,PN_PIQ,E1223,4,1,0.25
P8571,PN_PIQ,E1224,4,1,1.41
P8572,PN_PIQ,E1225,4,1,1.21
P8573,PN_PIQ,E1225,4,1,0.63
P8574,PN_PIQ,E1226,4,1,0.68
P8575,PN_PIQ,E1226,4,1,0.58
P8576,PN_PIQ,E1227,4,1,1.93
P8577,PN_PIQ,E1227,4,1,2.84
P8580,PN_PIQ,E1227,4,1,1.07
P8581,PN_PIQ,E1227,4,1,1.12
P8584,PN_PIQ,E1227,4,1,0.36
P8585,PN_PIQ,E1227,4,1,0.95
P8586,PN_PIQ,E1227,4,1,1.71
P8587,MA_ROTA,E1228,4,1,3.8
P8588,MA_ROTA,E1228,4,1,0.62
P8589,PN_PIQ,E1228,4,1,0.64
P8590,PN_PIQ,E1228,4,1,0.59
P8591,MA_ROTA,E1228,4,1,1.24
P8593,MA_ROTA,E1228,4,1,0.43
P8594,PN_PIQ,E1228,4,1,2.56
P8595,PN_PIQ,E1229,4,1,1.89
P8597,PN_PIQ,E1230,4,1,1.25
P8598,PN_PIQ,E1231,4,1,0.88
P8599,PN_PIQ,E1231,4,1,0.94
P8600,PN_PIQ,E1231,4,1,0.11
P8601,PN_PIQ,E1231,4,1,0.18
P8603,PN_PIQ,E1231,4,1,1.07
P8604,PN_PIQ,E1231,4,1,0.46
P8605,PN_PIQ,E1232,4,1,1.16
P8606,MA_ROTA,E1232,4,1,0.66
P8607,MA_ROTA,E1232,4,1,0.84
P8608,MA_ROTA,E1232,4,1,0.42
P8609,PN_PIQ,E1232,4,1,1.16
P8610,PN_PIQ,E1232,4,1,0.81
P8611,MA_ROTA,E1232,4,1,3.1
P8612,PN_PIQ,E1232,4,1,0.78
P8613,PN_PIQ,E1232,4,1,1.46
P8614,PN_PIQ,E1232,4,1,0.61
P8615,PN_PIQ,E1232,4,1,0.56
P8616,PN_PIQ,E1232,4,1,0.23
P8617,PN_PIQ,E1232,4,1,0.39
P8618,MA_ROTA,E1232,4,1,0.86
P8619,MA_ROTA,E1232,4,1,4.59
P8620,MA_ROTA,E1232,4,1,1.58
P8621,MA_ROTA,E1232,4,1,2.21
P8622,PN_PIQ,E1233,4,1,1.82
P8623,PN_PIQ,E1233,4,1,0.87
P8624,PN_PIQ,E1233,4,1,3.0
P8625,PN_PIQ,E1233,4,1,1.86
P8626,PN_PIQ,E1233,4,1,0.51
P8627,PN_PIQ,E1234,4,1,1.28
P8628,PN_PIQ,E1235,4,1,1.04
P8629,PN_PIQ,E1235,4,1,0.73
P8630,PN_PIQ,E1235,4,1,0.25
P8631,PN_PIQ,E1235,4,1,0.36
P8632,PN_PIQ,E1236,4,1,1.4
P8633,PN_PIQ,E1236,4,1,0.28
P8634,PN_PIQ,E1236,4,1,0.39
P8636,PN_PIQ,E1237,4,1,2.71
P8638,PN_PIQ,E1237,4,1,0.54
P8639,PN_PIQ,E1237,4,1,2.02
P8640,PN_PIQ,E1237,4,1,0.87
P8641,PN_PIQ,E1237,4,1,0.56
P8642,PN_PIQ,E1237,4,1,0.24
P8643,PN_PIQ,E1237,4,1,0.13
P8644,PN_PIQ,E1237,4,1,0.21
P8645,PN_PIQ,E1237,4,1,0.63
P8646,PN_PIQ,E1238,4,1,1.6
P8648,PN_PIQ,E1238,4,1,0.56
P8649,PN_PIQ,E1238,4,1,0.62
P8650,PN_PIQ,E1239,4,1,0.95
P8652,PN_PIQ,E1239,4,1,1.01
P8653,PN_PIQ,E1240,4,1,1.45
P8654,PN_PIQ,E1240,4,1,0.24
P8655,PN_PIQ,E1240,4,1,0.41
P8656,PN_PIQ,E1240,4,1,0.03
P8657,PN_PIQ,E1240,4,1,0.09
P8658,PN_PIQ,E1241,4,1,0.55
P8659,PN_PIQ,E1242,4,1,1.67
P8660,PN_PIQ,E1242,4,1,1.28
P8661,PN_PIQ,E1242,4,1,0.42
P8662,PN_PIQ,E1242,4,1,0.16
P8663,PN_PIQ,E1242,4,1,0.19
P8664,MA_ROTA,E1243,4,1,0.63
P8665,MA_ROTA,E1243,4,1,0.25
P8666,PN_PIQ,E1243,4,1,0.32
P8667,MA_ROTA,E1243,4,1,0.41
P8668,MA_ROTA,E1243,4,1,2.08
P8669,PN_PIQ,E1243,4,1,2.36
P8670,MA_ROTA,E1243,4,1,0.34
P8671,MA_ROTA,E1243,4,1,0.43
P8672,PN_PIQ,E1243,4,1,0.09
P8673,PN_PIQ,E1243,4,1,0.3
P8674,MA_ROTA,E1243,4,1,0.24
P8675,MA_ROTA,E1243,4,1,1.14
P8676,MA_ROTA,E1243,4,1,0.25
P8677,MA_ROTA,E1243,4,1,2.1
P8678,PN_PIQ,E1244,3,2,1.07
P8679,MA_ROTA,E1244,3,2,1.08
P8680,MA_ROTA,E1244,3,2,0.89
P8681,PN_PIQ,E1245,4,1,2.1
P8683,MA_ROTA,E1246,4,1,3.56
P8684,PN_PIQ,E1246,4,1,0.58
P8685,MA_ROTA,E1246,4,1,1.51
P8687,PN_PIQ,E1247,4,1,1.8
P8688,PN_PIQ,E1247,4,1,1.96
P8689,PN_PIQ,E1247,4,1,2.18
P8691,PN_PIQ,E1247,4,1,1.16
P8695,PN_PIQ,E1248,4,1,1.12
P8696,PN_PIQ,E1248,4,1,0.46
P8697,PN_PIQ,E1249,4,1,1.65
P8698,PN_PIQ,E1249,4,1,2.75
P8699,PN_PIQ,E1250,4,1,1.04
P8700,PN_PIQ,E1250,4,1,0.42
P8701,PN_PIQ,E1250,4,1,0.81
P8702,PN_PIQ,E1250,4,1,0.1
P8703,PN_PIQ,E1250,4,1,0.2
P8704,PN_PIQ,E1250,4,1,0.41
P8705,PN_PIQ,E1251,4,1,1.83
P8706,PN_PIQ,E1251,4,1,1.21
P8707,PN_PIQ,E1252,4,1,2.2
P8708,PN_PIQ,E1253,4,1,0.44
P8709,PN_PIQ,E1253,4,1,0.97
P8710,PN_PIQ,E1253,4,1,0.33
P8711,PN_PIQ,E1254,4,1,3.02
P8713,PN_PIQ,E1254,4,1,1.91
P8714,PN_PIQ,E1254,4,1,1.01
P8715,MA_ROTA,E1255,4,1,0.51
P8716,MA_ROTA,E1255,4,1,1.68
P8717,MA_ROTA,E1255,4,1,2.64
P8718,MA_ROTA,E1255,4,1,0.32
P8719,MA_ROTA,E1255,4,1,0.84
P8720,MA_ROTA,E1255,4,1,0.94
P8721,MA_ROTA,E1255,4,1,0.67
P8722,PN_PIQ,E1256,4,1,2.98
P8723,PN_PIQ,E1256,4,1,1.79
P8724,PN_PIQ,E1256,4,1,0.02
P8725,PN_PIQ,E1256,4,1,0.7
P8726,PN_PIQ,E1256,4,1,0.3
P8728,PN_PIQ,E1256,4,1,0.39
P8731,PN_PIQ,E1257,4,1,0.87
P8732,PN_PIQ,E1257,4,1,0.12
P8733,PN_PIQ,E1257,4,1,0.53
P8734,PN_PIQ,E1258,4,1,0.32
P8735,PN_PIQ,E1258,4,1,0.83
P8736,PN_PIQ,E1258,4,1,5.83
P8737,PN_PIQ,E1258,4,1,0.18
P8738,PN_PIQ,E1259,4,1,1.42
P8739,PN_PIQ,E1260,4,1,0.67
P8740,PN_PIQ,E1260,4,1,1.07
P8741,PN_PIQ,E1260,4,1,1.74
P8742,MA_ROTA,E1260,4,1,0.35
P8743,PN_PIQ,E1260,4,1,0.04
P8744,PN_PIQ,E1260,4,1,0.35
P8745,PN_PIQ,E1261,4,1,0.44
P8746,PN_PIQ,E1261,4,1,0.38
P8747,PN_PIQ,E1261,4,1,0.8
P8748,PN_PIQ,E1261,4,1,2.58
P8749,PN_PIQ,E1261,4,1,1.43
P8750,PN_PIQ,E1261,4,1,0.36
P8751,PN_PIQ,E1261,4,1,0.7
P8752,PN_PIQ,E1261,4,1,1.77
P8753,PN_PIQ,E1261,4,1,0.26
P8754,PN_PIQ,E1261,4,1,0.08
P8755,PN_PIQ,E1261,4,1,6.31
P8756,PN_PIQ,E1262,4,1,1.13
P8757,PN_PIQ,E1263,4,1,1.13
P8758,PN_PIQ,E1263,4,1,0.17
P8759,PN_PIQ,E1263,4,1,0.42
P8760,PN_PIQ,E1263,4,1,0.82
P8761,PN_PIQ,E1263,4,1,0.67
P8763,PN_PIQ,E1263,4,1,0.88
P8764,PN_PIQ,E1263,4,1,2.45
P8765,PN_PIQ,E1263,4,1,0.56
P8766,PN_PIQ,E1263,4,1,1.85
P8767,PN_PIQ,E1263,4,1,0.23
P8768,PN_PIQ,E1263,4,1,0.79
P8769,PN_PIQ,E1263,4,1,3.44
P8770,PN_PIQ,E1264,3,2,0.78
P8771,PN_PIQ,E1264,3,2,1.19
P8772,PN_PIQ,E1264,3,2,0.89
P8774,PN_PIQ,E1265,4,1,5.55
P8775,PN_PIQ,E1265,4,1,0.76
P8776,PN_PIQ,E1266,3,2,1.62
P8777,MA_ROTA,E1266,3,2,1.84
P8778,MA_ROTA,E1266,3,2,0.08
P8779,PN_PIQ,E1266,3,2,2.43
P8780,MA_ROTA,E1266,3,2,0.07
P8781,MA_ROTA,E1267,4,1,3.93
P8782,MA_ROTA,E1267,4,1,0.65
P8783,MA_ROTA,E1267,4,1,1.71
P8784,PN_PIQ,E1267,4,1,0.16
P8785,MA_ROTA,E1267,4,1,0.26
P8786,MA_ROTA,E1267,4,1,0.4
P8787,MA_ROTA,E1267,4,1,0.5
P8788,PN_PIQ,E1268,3,2,0.61
P8789,PN_PIQ,E1268,3,2,0.61
P8790,MA_ROTA,E1269,4,1,2.84
P8791,MA_ROTA,E1270,3,2,1.39
P8792,MA_ROTA,E1270,3,2,0.88
P8793,MA_ROTA,E1271,3,2,0.11
P8794,MA_ROTA,E1271,3,2,1.48
P8795,MA_ROTA,E1271,3,2,0.72
P8796,MA_ROTA,E1271,3,2,1.01
P8797,PN_PIQ,E1271,3,2,0.16
P8801,PN_PIQ,E1271,3,2,0.69
P8802,MA_ROTA,E1271,3,2,1.0
P8803,MA_ROTA,E1271,3,2,0.8
P8804,PN_PIQ,E1271,3,2,0.28
P8805,MA_ROTA,E1271,3,2,1.63
P8806,MA_ROTA,E1271,3,2,1.44
P8807,MA_ROTA,E1271,3,2,0.55
P8808,MA_ROTA,E1271,3,2,1.29
P8810,MA_ROTA,E1271,3,2,0.94
P8811,MA_ROTA,E1272,3,2,0.71
P8812,PN_PIQ,E1272,3,2,0.59
P8813,MA_ROTA,E1272,3,2,0.89
P8814,PN_PIQ,E1272,3,2,1.01
P8815,MA_ROTA,E1273,3,2,3.1
P8816,PN_PIQ,E1273,3,2,4.22
P8817,PN_PIQ,E1273,3,2,12.55
P8818,MA_ROTA,E1274,3,2,3.29
P8819,MA_ROTA,E1274,3,2,0.8
P8820,MA_ROTA,E1274,3,2,1.61
P8821,MA_ROTA,E1274,3,2,0.83
P8822,MA_ROTA,E1274,3,2,1.0
P8824,MA_ROTA,E1276,3,2,0.74
P8825,MA_ROTA,E1276,3,2,0.3
P8826,MA_ROTA,E1277,3,2,2.7
P8827,PN_PIQ,E1277,3,2,0.57
P8828,PN_PIQ,E1277,3,2,1.06
P8829,MA_ROTA,E1277,3,2,1.42
P8830,MA_ROTA,E1277,3,2,0.48
P8831,PN_PIQ,E1277,3,2,1.45
P8833,MA_ROTA,E1277,3,2,0.78
P8836,PN_PIQ,E1278,4,1,2.99
P8837,PN_PIQ,E1278,4,1,0.91
P8838,PN_PIQ,E1278,4,1,1.88
P8839,PN_PIQ,E1278,4,1,0.35
P8840,PN_PIQ,E1279,4,1,0.44
P8841,PN_PIQ,E1279,4,1,0.2
P8842,PN_PIQ,E1279,4,1,2.0
P8844,PN_PIQ,E1279,4,1,1.12
P8845,PN_PIQ,E1279,4,1,0.07
P8846,PN_PIQ,E1279,4,1,0.17
P8847,PN_PIQ,E1280,4,1,0.8
P8848,PN_PIQ,E1280,4,1,0.37
P8849,PN_PIQ,E1280,4,1,0.35
P8850,PN_PIQ,E1280,4,1,0.64
P8851,PN_PIQ,E1280,4,1,0.41
P8852,PN_PIQ,E1281,3,2,1.78
P8853,PN_PIQ,E1282,1,2,0.17
P8854,PN_PIQ,E1282,1,2,0.53
P8855,PN_PIQ,E1282,1,2,0.45
P8856,PN_PIQ,E1282,1,2,0.8
P8857,PN_PIQ,E1282,1,2,1.24
P8858,PN_PIQ,E1283,3,2,1.43
P8859,PN_PIQ,E1284,4,1,1.59
P8860,PN_PIQ,E1284,4,1,2.68
P8861,PN_PIQ,E1284,4,1,0.25
P8862,PN_PIQ,E1284,4,1,0.61
P8863,PN_PIQ,E1284,4,1,1.63
P8864,PN_PIQ,E1285,4,1,0.43
P8866,PN_PIQ,E1285,4,1,1.36
P8867,MA_ROTA,E1286,3,2,0.21
P8868,MA_ROTA,E1286,3,2,0.77
P8869,MA_ROTA,E1286,3,2,0.6
P8870,MA_ROTA,E1287,3,2,1.01
P8871,MA_ROTA,E1288,4,1,3.8
P8872,PN_PIQ,E1289,4,1,1.01
P8873,PN_PIQ,E1289,4,1,0.58
P8874,PN_PIQ,E1289,4,1,0.7
P8875,PN_PIQ,E1290,7,3,0.49
P8876,PN_PIQ,E1290,7,3,0.97
P8877,PN_PIQ,E1291,4,1,2.44
P8878,PN_PIQ,E1291,4,1,2.52
P8879,PN_PIQ,E1291,4,1,1.53
P8880,PN_PIQ,E1292,7,3,0.93
P8881,PN_PIQ,E1292,7,3,0.37
P8882,PN_PIQ,E1293,7,3,0.47
P8883,PN_PIQ,E1294,7,3,0.42
P8884,PN_PIQ,E1294,7,3,0.31
P8885,PN_PIQ,E1294,7,3,0.86
P8886,PN_PIQ,E1294,7,3,0.46
P8887,PN_PIQ,E1295,7,3,0.46
P8888,PN_PIQ,E1295,7,3,0.86
P8889,PN_PIQ,E1295,7,3,1.19
P8890,PN_PIQ,E1295,7,3,0.99
P8891,PN_PIQ,E1296,7,3,0.94
P8892,PN_PIQ,E1296,7,3,1.02
P8893,PN_PIQ,E1296,7,3,1.11
P8894,PN_PIQ,E1296,7,3,0.35
P8895,PN_PIQ,E1297,7,3,0.44
P8896,PN_PIQ,E1298,4,1,0.69
P8897,PN_PIQ,E1299,7,3,0.26
P8898,PN_PIQ,E1299,7,3,0.3
P8899,PN_PIQ,E1299,7,3,0.3
P8900,PN_PIQ,E1299,7,3,0.2
P8901,PN_PIQ,E1299,7,3,0.15
P8902,PN_PIQ,E1300,7,3,0.2
P8903,PN_PIQ,E1300,7,3,0.24
P8904,PN_PIQ,E1300,7,3,0.82
P8905,PN_PIQ,E1300,7,3,0.16
P8906,PN_PIQ,E1300,7,3,0.09
P8907,PN_PIQ,E1300,7,3,0.33
P8908,PN_PIQ,E1301,4,1,2.83
P8909,PN_PIQ,E1301,4,1,1.11
P8910,PN_PIQ,E1301,4,1,0.69
P8911,PN_PIQ,E1301,4,1,0.79
P8912,PN_PIQ,E1301,4,1,0.5
P8913,PN_PIQ,E1301,4,1,0.54
P8914,PN_PIQ,E1301,4,1,1.01
P8915,PN_PIQ,E1301,4,1,0.31
P8916,PN_PIQ,E1302,7,3,0.82
P8917,PN_PIQ,E1302,7,3,0.77
P8918,PN_PIQ,E1302,7,3,0.69
P8919,PN_PIQ,E1302,7,3,0.56
P8920,PN_PIQ,E1302,7,3,0.53
P8921,PN_PIQ,E1302,7,3,1.25
P8922,PN_PIQ,E1302,7,3,0.54
P8923,PN_PIQ,E1302,7,3,0.24
P8924,ME,E1303,3,2,0.56
P8925,MA_ROTA,E1303,3,2,0.2
P8927,MA_ROTA,E1303,3,2,1.4
P8928,MA_ROTA,E1303,3,2,0.11
P8929,MA_ROTA,E1303,3,2,2.42
P8930,PN_PIQ,E1303,3,2,0.41
P8931,MA_ROTA,E1303,3,2,0.62
P8933,PN_PIQ,E1303,3,2,0.81
P8934,MA_ROTA,E1303,3,2,4.72
P8935,MA_ROTA,E1303,3,2,2.87
P8936,MA_ROTA,E1303,3,2,0.51
P8937,PN_PIQ,E1304,7,3,0.89
P8938,PN_PIQ,E1304,7,3,1.13
P8939,PN_PIQ,E1304,7,3,2.21
P8940,PN_PIQ,E1304,7,3,1.33
P8941,PN_PIQ,E1304,7,3,1.44
P8942,PN_PIQ,E1304,7,3,0.67
P8943,PN_PIQ,E1305,4,1,0.4
P8944,PN_PIQ,E1305,4,1,0.78
P8945,PN_PIQ,E1305,4,1,3.08
P8946,PN_PIQ,E1305,4,1,0.48
P8947,PN_PIQ,E1305,4,1,0.27
P8948,PN_PIQ,E1305,4,1,2.9
P8949,PN_PIQ,E1305,4,1,0.65
P8950,PN_PIQ,E1305,4,1,0.69
P8951,PN_PIQ,E1305,4,1,0.62
P8952,PN_PIQ,E1306,4,1,5.52
P8953,PN_PIQ,E1306,4,1,2.09
P8955,PN_PIQ,E1306,4,1,0.16
P8956,PN_PIQ,E1307,7,3,0.88
P8957,PN_PIQ,E1307,7,3,0.52
P8958,PN_PIQ,E1308,4,1,0.69
P8960,PN_PIQ,E1309,7,3,0.72
P8961,PN_PIQ,E1309,7,3,0.47
P8962,PN_PIQ,E1309,7,3,0.35
P8963,PN_PIQ,E1310,7,3,0.67
P8964,PN_PIQ,E1311,7,3,0.65
P8965,PN_PIQ,E1311,7,3,0.76
P8966,PN_PIQ,E1312,7,3,0.28
P8967,PN_PIQ,E1312,7,3,0.52
P8968,PN_PIQ,E1312,7,3,0.55
P8969,PN_PIQ,E1312,7,3,0.17
P8970,PN_PIQ,E1313,7,3,0.9
P8971,PN_PIQ,E1314,7,3,0.92
P8972,PN_PIQ,E1314,7,3,0.44
P8973,PN_PIQ,E1314,7,3,1.02
P8974,PN_PIQ,E1314,7,3,2.03
P8975,PN_PIQ,E1314,7,3,0.49
P8976,PN_PIQ,E1314,7,3,0.35
P8977,PN_PIQ,E1314,7,3,0.73
P8978,PN_PIQ,E1314,7,3,0.19
P8979,PN_PIQ,E1314,7,3,0.52
P8980,PN_PIQ,E1315,7,3,0.85
P8981,PN_PIQ,E1316,7,3,0.2
P8982,PN_PIQ,E1316,7,3,0.38
P8983,PN_PIQ,E1316,7,3,0.64
P8984,PN_PIQ,E1316,7,3,0.38
P8985,PN_PIQ,E1316,7,3,0.63
P8986,PN_PIQ,E1316,7,3,1.02
P8987,PN_PIQ,E1317,7,3,0.66
P8988,PN_PIQ,E1317,7,3,0.28
P8989,PN_PIQ,E1317,7,3,0.36
P8990,PN_PIQ,E1317,7,3,0.14
P8991,PN_PIQ,E1318,7,3,0.37
P8992,PN_PIQ,E1318,7,3,0.22
P8993,PN_PIQ,E1318,7,3,0.53
P8994,PN_PIQ,E1319,7,3,0.66
P8995,PN_PIQ,E1319,7,3,0.37
P8996,PN_PIQ,E1319,7,3,1.3
P8997,PN_PIQ,E1319,7,3,1.52
P8998,PN_PIQ,E1319,7,3,0.61
P8999,PN_PIQ,E1319,7,3,0.29
P9000,PN_PIQ,E1319,7,3,0.15
P9001,PN_PIQ,E1319,7,3,0.11
P9002,PN_PIQ,E1320,7,3,0.41
P9003,PN_PIQ,E1320,7,3,1.05
P9004,PN_PIQ,E1320,7,3,0.42
P9005,PN_PIQ,E1321,7,3,0.7
P9006,PN_PIQ,E1321,7,3,1.2
P9007,PN_PIQ,E1321,7,3,0.22
P9008,PN_PIQ,E1321,7,3,0.51
P9009,PN_PIQ,E1321,7,3,0.41
P9010,PN_PIQ,E1321,7,3,1.63
P9011,PN_PIQ,E1322,7,3,0.79
P9012,PN_PIQ,E1323,7,3,0.77
P9013,PN_PIQ,E1323,7,3,0.33
P9014,PN_PIQ,E1324,7,3,0.67
P9015,PN_PIQ,E1324,7,3,0.66
P9016,PN_PIQ,E1324,7,3,0.85
P9017,PN_PIQ,E1324,7,3,1.64
P9018,PN_PIQ,E1324,7,3,0.95
P9019,PN_PIQ,E1324,7,3,0.07
P9020,PN_PIQ,E1324,7,3,0.28
P9021,PN_PIQ,E1324,7,3,0.49
P9022,PN_PIQ,E1325,7,3,0.99
P9023,PN_PIQ,E1325,7,3,1.01
P9024,PN_PIQ,E1326,7,3,0.54
P9025,PN_PIQ,E1326,7,3,0.52
P9026,PN_PIQ,E1326,7,3,1.08
P9027,PN_PIQ,E1327,7,3,0.65
P9028,PN_PIQ,E1327,7,3,0.71
P9029,PN_PIQ,E1327,7,3,0.18
P9030,PN_PIQ,E1327,7,3,0.05
P9031,PN_PIQ,E1327,7,3,0.8
P9032,PN_PIQ,E1327,7,3,0.23
P9033,PN_PIQ,E1327,7,3,0.26
P9034,PN_PIQ,E1327,7,3,0.65
P9035,PN_PIQ,E1327,7,3,0.3
P9036,PN_PIQ,E1327,7,3,0.22
P9037,MA_ROTA,E1328,1,2,1.1
P9038,PN_PIQ,E1329,1,2,0.69
P9039,PN_PIQ,E1329,1,2,0.81
P9040,MA_ROTA,E1329,1,2,1.02
P9041,PN_PIQ,E1329,1,2,0.36
P9042,MA_ROTA,E1329,1,2,1.34
P9043,MA_ROTA,E1329,1,2,0.2
P9044,MA_ROTA,E1329,1,2,0.83
P9045,PN_PIQ,E1329,1,2,1.62
P9046,PN_PIQ,E1330,1,2,1.47
P9047,PN_PIQ,E1331,1,2,1.0
P9049,PN_PIQ,E1331,3,2,1.07
P9050,MA_ROTA,E1332,2,2,0.32
P9051,PN_PIQ,E1332,2,2,0.44
P9052,MA_ROTA,E1332,2,2,0.74
P9053,MA_ROTA,E1332,2,2,1.25
P9054,MA_ROTA,E1332,2,2,0.38
P9055,MA_ROTA,E1332,2,2,1.6
P9056,PN_PIQ,E1332,2,2,0.28
P9057,PN_PIQ,E1333,3,2,1.16
P9058,MA_ROTA,E1333,3,2,1.8
P9059,PN_PIQ,E1333,3,2,1.61
P9060,MA_ROTA,E1333,3,2,1.02
P9061,MA_ROTA,E1333,3,2,0.87
P9062,MA_ROTA,E1333,3,2,1.4
P9063,MA_ROTA,E1333,3,2,2.17
P9064,MA_ROTA,E1333,3,2,1.01
P9065,PN_PIQ,E1333,3,2,0.32
P9066,MA_ROTA,E1333,3,2,1.32
P9067,MA_ROTA,E1333,3,2,1.85
P9068,MA_ROTA,E1333,3,2,0.83
P9070,PN_PIQ,E1334,2,2,0.04
P9071,MA_ROTA,E1334,2,2,0.18
P9072,PN_PIQ,E1334,2,2,1.18
P9073,MA_ROTA,E1334,2,2,0.38
P9074,MA_ROTA,E1334,2,2,0.88
P9075,MA_ROTA,E1334,2,2,0.19
P9076,MA_ROTA,E1334,2,2,0.53
P9077,MA_ROTA,E1334,2,2,1.37
P9079,MA_ROTA,E1334,2,2,0.48
P9080,MA_ROTA,E1334,2,2,0.17
P9081,PN_PIQ,E1334,2,2,2.32
P9082,MA_ROTA,E1334,2,2,0.49
P9083,MA_ROTA,E1334,2,2,0.7
P9084,MA_ROTA,E1334,2,2,0.51
P9085,MA_ROTA,E1334,2,2,1.72
P9086,MA_ROTA,E1334,2,2,0.26
P9087,PN_PIQ,E1334,2,2,0.54
P9088,PN_PIQ,E1334,2,2,0.58
P9089,PN_PIQ,E1334,2,2,0.53
P9090,MA_ROTA,E1334,2,2,0.28
P9091,PN_PIQ,E1334,2,2,0.56
P9092,MA_ROTA,E1334,2,2,0.83
P9093,PN_PIQ,E1334,2,2,0.32
P9094,PN_PIQ,E1334,2,2,0.56
P9096,PN_PIQ,E1334,2,2,0.63
P9097,MA_ROTA,E1335,3,2,1.14
P9098,MA_ROTA,E1335,3,2,1.02
P9099,PN_PIQ,E1335,3,2,0.98
P9100,MA_ROTA,E1335,3,2,3.29
P9101,MA_ROTA,E1335,3,2,0.8
P9102,MA_ROTA,E1335,3,2,2.82
P9103,PN_PIQ,E1335,3,2,0.54
P9104,MA_ROTA,E1335,3,2,2.62
P9105,MA_ROTA,E1336,2,2,1.17
P9106,MA_ROTA,E1336,2,2,0.6
P9107,MA_ROTA,E1336,1,2,2.55
P9108,PN_PIQ,E1336,1,2,0.58
P9109,MA_ROTA,E1336,1,2,1.95
P9110,MA_ROTA,E1336,1,2,2.01
P9111,MA_ROTA,E1336,1,2,0.68
P9113,MA_ROTA,E1336,1,2,1.83
P9114,PN_PIQ,E1336,2,2,1.15
P9115,MA_ROTA,E1336,2,2,0.4
P9116,MA_ROTA,E1336,2,2,0.7
P9117,MA_ROTA,E1336,2,2,1.72
P9118,PN_PIQ,E1336,2,2,0.41
P9119,MA_ROTA,E1336,2,2,0.3
P9120,MA_ROTA,E1336,2,2,0.01
P9121,MA_ROTA,E1336,2,2,0.33
P9122,PN_PIQ,E1337,3,2,0.79
P9123,PN_PIQ,E1337,3,2,1.18
P9124,MA_ROTA,E1337,3,2,1.66
P9125,MA_ROTA,E1337,3,2,0.43
P9126,MA_ROTA,E1337,3,2,1.14
P9127,PN_PIQ,E1337,3,2,1.53
P9128,MA_ROTA,E1337,3,2,2.7
P9129,MA_ROTA,E1338,1,2,0.86
P9130,MA_ROTA,E1338,1,2,1.69
P9131,MA_ROTA,E1338,1,2,0.4
P9132,PN_PIQ,E1338,1,2,0.49
P9133,PN_PIQ,E1338,1,2,0.27
P9134,MA_ROTA,E1338,1,2,0.11
P9135,MA_ROTA,E1338,1,2,2.46
P9136,MA_ROTA,E1338,1,2,0.6
P9137,MA_ROTA,E1338,1,2,0.63
P9138,MA_ROTA,E1339,3,2,0.35
P9139,PN_PIQ,E1339,3,2,0.15
P9140,PN_PIQ,E1339,3,2,0.58
P9141,MA_ROTA,E1339,3,2,0.37
P9142,MA_ROTA,E1339,3,2,0.82
P9143,MA_ROTA,E1339,3,2,0.04
P9144,PN_PIQ,E1339,3,2,0.82
P9145,PN_PIQ,E1339,3,2,0.61
P9146,MA_ROTA,E1339,3,2,0.94
P9147,MA_ROTA,E1339,3,2,1.2
P9148,PN_PIQ,E1339,3,2,0.27
P9149,PN_PIQ,E1339,3,2,0.19
P9150,PN_PIQ,E1340,3,2,1.52
P9151,PN_PIQ,E1340,3,2,1.06
P9152,PN_PIQ,E1340,3,2,0.73
P9153,PN_PIQ,E1340,3,2,1.63
P9154,PN_PIQ,E1340,3,2,2.27
P9155,PN_PIQ,E1340,3,2,2.6
P9156,PN_PIQ,E1341,3,2,2.07
P9157,PN_PIQ,E1341,3,2,1.15
P9158,MA_ROTA,E1341,3,2,1.94
P9159,ME,E1341,3,2,1.64
P9160,MA_ROTA,E1342,2,2,0.41
P9161,PN_PIQ,E1342,2,2,1.12
P9163,MA_ROTA,E1342,2,2,0.85
P9164,MA_ROTA,E1342,2,2,0.22
P9165,MA_ROTA,E1342,2,2,0.52
P9166,MA_ROTA,E1342,2,2,0.6
P9167,PN_PIQ,E1343,3,2,1.67
P9168,MA_ROTA,E1343,3,2,2.9
P9169,MA_ROTA,E1343,3,2,1.12
P9170,MA_ROTA,E1343,3,2,1.67
P9171,MA_ROTA,E1343,3,2,0.3
P9172,MA_ROTA,E1343,3,2,0.52
P9173,PN_PIQ,E1344,3,2,2.33
P9174,PN_PIQ,E1344,3,2,1.13
P9175,MA_ROTA,E1344,3,2,0.69
P9176,MA_ROTA,E1344,3,2,2.01
P9177,MA_ROTA,E1344,3,2,0.33
P9178,PN_PIQ,E1344,3,2,0.81
P9179,PN_PIQ,E1344,3,2,0.16
P9180,MA_ROTA,E1344,3,2,0.75
P9181,MA_ROTA,E1345,1,2,2.05
P9183,PN_PIQ,E1345,1,2,1.07
P9184,PN_PIQ,E1345,1,2,0.23
P9185,MA_ROTA,E1345,1,2,1.04
P9186,MA_ROTA,E1345,1,2,2.31
P9187,MA_ROTA,E1345,1,2,0.4
P9188,PN_PIQ,E1346,3,2,2.65
P9189,ME,E1346,3,2,1.65
P9190,MA_ROTA,E1346,3,2,1.3
P9191,PN_PIQ,E1346,3,2,0.45
P9192,MA_ROTA,E1346,3,2,0.42
P9195,MA_ROTA,E1346,3,2,1.25
P9196,PN_PIQ,E1346,3,2,0.23
P9197,MA_ROTA,E1347,1,2,0.37
P9198,MA_ROTA,E1347,1,2,3.09
P9199,PN_PIQ,E1347,1,2,1.09
P9202,PN_PIQ,E1347,1,2,2.61
P9203,MA_ROTA,E1347,1,2,0.44
P9204,MA_ROTA,E1347,1,2,0.21
P9205,MA_ROTA,E1347,1,2,1.3
P9206,PN_PIQ,E1347,1,2,0.53
P9207,PN_PIQ,E1347,1,2,0.49
P9208,MA_ROTA,E1347,1,2,2.21
P9209,MA_ROTA,E1347,1,2,2.1
P9210,MA_ROTA,E1348,1,2,1.81
P9211,PN_PIQ,E1348,2,2,0.23
P9212,PN_PIQ,E1348,2,2,1.05
P9213,PN_PIQ,E1348,2,2,1.13
P9214,PN_PIQ,E1348,2,2,0.79
P9216,MA_ROTA,E1348,1,2,1.59
P9217,PN_PIQ,E1349,3,2,1.18
P9219,PN_PIQ,E1349,3,2,4.77
P9220,MA_ROTA,E1349,3,2,2.41
P9221,MA_ROTA,E1349,3,2,1.91
P9222,MA_ROTA,E1349,3,2,0.92
P9223,MA_ROTA,E1349,3,2,1.93
P9224,MA_ROTA,E1349,3,2,5.33
P9225,MA_ROTA,E1350,2,2,0.55
P9226,MA_ROTA,E1350,2,2,1.97
P9227,MA_ROTA,E1350,2,2,0.35
P9228,MA_ROTA,E1350,3,2,1.45
P9229,MA_ROTA,E1350,3,2,5.59
P9230,PN_PIQ,E1351,2,2,5.36
P9231,PN_PIQ,E1351,2,2,0.49
P9232,MA_ROTA,E1352,1,2,1.64
P9233,PN_PIQ,E1352,1,2,0.03
P9234,MA_ROTA,E1352,1,2,0.71
P9235,MA_ROTA,E1352,1,2,0.66
P9236,MA_ROTA,E1353,1,2,1.29
P9238,MA_ROTA,E1353,1,2,3.33
P9239,PN_PIQ,E1353,1,2,1.8
P9240,MA_ROTA,E1353,1,2,0.47
P9241,MA_ROTA,E1353,1,2,0.44
P9242,MA_ROTA,E1353,1,2,0.57
P9243,PN_PIQ,E1354,3,2,1.17
P9244,MA_ROTA,E1355,2,2,1.5
P9245,PN_PIQ,E1355,2,2,2.43
P9246,PN_PIQ,E1355,2,2,1.74
P9247,MA_ROTA,E1355,2,2,1.01
P9248,PN_PIQ,E1355,2,2,1.38
P9249,PN_PIQ,E1356,2,2,0.45
P9250,MA_ROTA,E1356,2,2,0.48
P9251,PN_PIQ,E1356,2,2,0.46
P9252,ME,E1356,2,2,0.46
P9253,MA_ROTA,E1357,2,2,0.73
P9254,MA_ROTA,E1357,2,2,0.27
P9255,MA_ROTA,E1357,2,2,0.24
P9256,MA_ROTA,E1357,2,2,0.9
P9257,PN_PIQ,E1358,2,2,1.05
P9258,MA_ROTA,E1358,2,2,0.41
P9259,MA_ROTA,E1358,2,2,0.96
P9260,PN_PIQ,E1359,1,2,2.77
P9261,PN_PIQ,E1359,1,2,2.36
P9262,PN_PIQ,E1359,1,2,1.02
P9263,MA_ROTA,E1359,1,2,0.4
P9264,MA_ROTA,E1359,1,2,1.88
P9265,MA_ROTA,E1360,3,2,1.51
P9266,MA_ROTA,E1360,3,2,0.4
P9267,MA_ROTA,E1361,2,2,0.2
P9268,MA_ROTA,E1361,2,2,1.46
P9269,MA_ROTA,E1362,1,2,3.26
P9270,PN_PIQ,E1362,1,2,0.41
P9271,MA_ROTA,E1362,1,2,1.26
P9272,PN_PIQ,E1363,2,2,0.58
P9273,MA_ROTA,E1363,1,2,0.33
P9274,MA_ROTA,E1363,1,2,0.83
P9275,PN_PIQ,E1363,2,2,0.81
P9276,PN_PIQ,E1364,1,2,0.91
P9277,MA_ROTA,E1364,2,2,0.24
P9278,PN_PIQ,E1364,1,2,1.15
P9279,MA_ROTA,E1365,2,2,0.89
P9280,MA_ROTA,E1365,2,2,0.18
P9281,MA_ROTA,E1365,2,2,0.11
P9282,MA_ROTA,E1365,2,2,0.39
P9283,PN_PIQ,E1365,2,2,0.2
P9284,MA_ROTA,E1366,2,2,1.36
P9285,MA_ROTA,E1366,2,2,0.25
P9286,MA_ROTA,E1366,2,2,0.38
P9287,MA_ROTA,E1366,2,2,0.62
P9288,PN_PIQ,E1366,2,2,0.48
P9289,MA_ROTA,E1367,2,2,0.89
P9290,MA_ROTA,E1368,1,2,0.89
P9291,MA_ROTA,E1369,1,2,0.55
P9292,MA_ROTA,E1369,1,2,0.4
P9293,PN_PIQ,E1369,1,2,0.3
P9294,PN_PIQ,E1369,1,2,0.16
P9295,MA_ROTA,E1370,2,2,1.71
P9296,MA_ROTA,E1370,2,2,2.4
P9297,PN_PIQ,E1371,2,2,0.6
P9298,PN_PIQ,E1371,2,2,0.52
P9299,PN_PIQ,E1371,2,2,1.85
P9300,MA_ROTA,E1371,3,2,2.21
P9301,MA_ROTA,E1371,3,2,3.03
P9302,PN_PIQ,E1371,3,2,2.11
P9303,MA_ROTA,E1371,3,2,1.6
P9304,ME,E1371,3,2,1.57
P9305,MA_ROTA,E1371,1,2,11.97
P9306,PN_PIQ,E1372,2,2,1.12
P9307,MA_ROTA,E1372,2,2,0.67
P9309,MA_ROTA,E1373,1,2,2.55
P9310,PN_PIQ,E1373,1,2,0.28
P9311,PN_PIQ,E1373,1,2,2.76
P9312,MA_ROTA,E1373,1,2,0.38
P9313,MA_ROTA,E1373,1,2,1.46
P9314,MA_ROTA,E1374,3,2,1.52
P9315,MA_ROTA,E1374,3,2,2.08
P9316,PN_PIQ,E1374,3,2,0.61
P9317,MA_ROTA,E1374,3,2,5.2
P9318,MA_ROTA,E1374,3,2,0.91
P9319,MA_ROTA,E1374,3,2,1.58
P9320,MA_ROTA,E1375,2,2,1.51
P9321,PN_PIQ,E1375,2,2,4.48
P9322,MA_ROTA,E1375,2,2,0.26
P9324,MA_ROTA,E1375,2,2,1.17
P9325,MA_ROTA,E1375,2,2,1.09
P9326,PN_PIQ,E1376,2,2,1.35
P9327,PN_PIQ,E1376,2,2,0.64
P9328,MA_ROTA,E1377,2,2,1.57
P9329,PN_PIQ,E1377,2,2,0.48
P9330,MA_ROTA,E1377,2,2,0.35
P9331,MA_ROTA,E1377,2,2,3.02
P9332,MA_ROTA,E1377,2,2,0.51
P9333,MA_ROTA,E1378,2,2,1.48
P9334,MA_ROTA,E1378,2,2,2.23
P9335,MA_ROTA,E1378,2,2,2.22
P9336,PN_PIQ,E1378,2,2,0.79
P9337,MA_ROTA,E1379,2,2,0.94
P9338,MA_ROTA,E1379,2,2,0.31
P9339,MA_ROTA,E1380,2,2,2.62
P9340,PN_PIQ,E1380,2,2,2.23
P9341,MA_ROTA,E1381,3,2,2.98
P9342,MA_ROTA,E1381,3,2,2.25
P9343,PN_PIQ,E1381,3,2,1.77
P9344,MA_ROTA,E1381,3,2,0.76
P9345,MA_ROTA,E1381,3,2,1.05
P9346,PN_PIQ,E1381,3,2,0.42
P9347,PN_PIQ,E1381,3,2,0.71
P9348,PN_PIQ,E1381,3,2,1.23
P9349,MA_ROTA,E1381,3,2,0.57
P9350,PN_PIQ,E1381,3,2,0.57
P9351,MA_ROTA,E1382,2,2,0.38
P9352,PN_PIQ,E1382,2,2,2.36
P9353,PN_PIQ,E1383,1,2,1.83
P9354,MA_ROTA,E1383,1,2,0.13
P9355,MA_ROTA,E1384,2,2,0.8
P9356,PN_PIQ,E1384,2,2,0.32
P9357,MA_ROTA,E1385,3,2,1.82
P9358,MA_ROTA,E1385,3,2,1.49
P9359,PN_PIQ,E1385,3,2,0.58
P9360,MA_ROTA,E1385,3,2,2.09
P9361,MA_ROTA,E1385,3,2,0.71
P9362,PN_PIQ,E1385,3,2,0.94
P9363,MA_ROTA,E1385,3,2,0.93
P9364,PN_PIQ,E1386,3,2,1.47
P9366,PN_PIQ,E1386,3,2,1.05
P9367,MA_ROTA,E1386,3,2,2.5
P9368,MA_ROTA,E1386,1,2,1.24
P9371,MA_ROTA,E1386,1,2,1.55
P9372,PN_PIQ,E1387,2,2,0.5
P9373,PN_PIQ,E1387,7,3,0.81
P9375,MA_ROTA,E1388,3,2,7.3
P9378,PN_PIQ,E1388,3,2,0.41
P9379,MA_ROTA,E1388,3,2,1.0
P9382,MA_ROTA,E1389,2,2,0.76
P9383,PN_PIQ,E1389,2,2,0.98
P9384,PN_PIQ,E1389,2,2,0.79
P9385,MA_ROTA,E1389,2,2,0.8
P9386,MA_ROTA,E1389,2,2,1.2
P9387,PN_PIQ,E1389,2,2,1.45
P9388,ME,E1389,2,2,0.04
P9389,MA_ROTA,E1389,2,2,0.7
P9390,TH,E1390,6,1,0.43
P9392,AN_PA,E1390,6,1,0.35
P9393,TH,E1390,6,1,0.55
P9394,TH,E1390,6,1,0.57
P9395,TH,E1390,6,1,0.9
P9398,AN_PA,E1390,5,1,1.09
P9399,AN_PA,E1390,5,1,0.29
P9400,TH,E1390,6,1,0.4
P9402,TH,E1390,6,1,0.38
P9403,IG_PLA,E1390,5,1,0.35
P9405,AN_PA,E1390,5,1,0.24
P9406,AN_PA,E1390,5,1,1.75
P9407,AG,E1390,5,1,0.57
P9409,TH,E1390,6,1,0.31
P9410,TH,E1390,6,1,0.17
P9411,PN_PIQ,E1391,7,3,0.73
P9412,PN_PIQ,E1391,7,3,0.46
P9413,PN_PIQ,E1391,7,3,0.77
P9414,PN_PIQ,E1392,7,3,0.17
P9415,PN_PIQ,E1392,7,3,0.38
P9416,PN_PIQ,E1392,7,3,0.16
P9417,PN_PIQ,E1392,7,3,0.27
P9418,PN_PIQ,E1393,7,3,0.39
P9419,PN_PIQ,E1393,7,3,0.36
P9420,PN_PIQ,E1393,7,3,0.17
P9421,PN_PIQ,E1393,7,3,0.35
P9422,PN_PIQ,E1393,7,3,0.22
P9423,PN_PIQ,E1393,7,3,0.54
P9424,PN_PIQ,E1393,7,3,0.21
P9425,PN_PIQ,E1393,7,3,0.1
P9426,PN_PIQ,E1393,7,3,0.1
P9427,PN_PIQ,E1394,7,3,0.99
P9428,PN_PIQ,E1394,7,3,1.17
P9429,PN_PIQ,E1394,7,3,0.44
P9430,PN_PIQ,E1394,7,3,0.22
P9431,PN_PIQ,E1394,7,3,0.94
P9432,PN_PIQ,E1394,7,3,0.3
P9433,PN_PIQ,E1394,7,3,0.69
P9434,PN_PIQ,E1394,7,3,0.69
P9435,PN_PIQ,E1394,7,3,0.17
P9436,PN_PIQ,E1395,7,3,1.91
P9437,PN_PIQ,E1395,7,3,0.54
P9438,PN_PIQ,E1395,7,3,1.41
P9439,PN_PIQ,E1395,7,3,0.1
P9440,PN_PIQ,E1396,7,3,0.25
P9441,PN_PIQ,E1396,7,3,0.08
P9442,PN_PIQ,E1396,7,3,0.12
P9443,PN_PIQ,E1396,7,3,0.31
P9444,PN_PIQ,E1396,7,3,0.16
P9445,PN_PIQ,E1396,7,3,0.32
P9446,PN_PIQ,E1397,7,3,0.61
P9447,PN_PIQ,E1398,7,3,0.16
P9448,PN_PIQ,E1398,7,3,0.12
P9449,PN_PIQ,E1398,7,3,0.05
P9451,PN_PIQ,E1398,7,3,0.53
P9452,PN_PIQ,E1398,7,3,0.8
P9453,PN_PIQ,E1398,7,3,0.43
P9454,PN_PIQ,E1399,7,3,0.65
P9455,PN_PIQ,E1399,7,3,0.57
P9456,PN_PIQ,E1400,7,3,0.6
P9457,PN_PIQ,E1400,7,3,0.45
P9458,PN_PIQ,E1400,7,3,0.83
P9459,PN_PIQ,E1401,7,3,0.45
P9460,PN_PIQ,E1401,7,3,0.11
P9461,PN_PIQ,E1401,7,3,0.23
P9462,PN_PIQ,E1401,7,3,0.26
P9463,PN_PIQ,E1401,7,3,0.46
P9464,PN_PIQ,E1401,7,3,0.47
P9465,PN_PIQ,E1401,7,3,2.71
P9466,PN_PIQ,E1401,7,3,0.61
P9467,PN_PIQ,E1402,7,3,0.19
P9468,PN_PIQ,E1402,7,3,0.68
P9469,PN_PIQ,E1403,7,3,1.79
P9470,PN_PIQ,E1403,7,3,0.98
P9471,PN_PIQ,E1403,7,3,3.26
P9472,PN_PIQ,E1403,7,3,0.26
P9473,PN_PIQ,E1403,7,3,1.17
P9474,PN_PIQ,E1403,7,3,0.14
P9475,PN_PIQ,E1403,7,3,0.1
P9476,PN_PIQ,E1404,7,3,0.36
P9477,PN_PIQ,E1404,7,3,0.41
P9478,PN_PIQ,E1404,7,3,0.16
P9479,PN_PIQ,E1404,7,3,0.2
P9480,PN_PIQ,E1404,7,3,0.2
P9481,PN_PIQ,E1404,7,3,0.81
P9482,PN_PIQ,E1405,7,3,0.86
P9483,PN_PIQ,E1405,7,3,0.3
P9484,PN_PIQ,E1405,7,3,0.42
P9485,PN_PIQ,E1406,7,3,0.71
P9486,PN_PIQ,E1406,7,3,1.19
P9487,PN_PIQ,E1406,7,3,1.25
P9488,MA_ROTA,E1407,2,2,0.55
P9489,PN_PIQ,E1408,2,2,1.2
P9490,PN_PIQ,E1408,2,2,0.72
P9492,PN_PIQ,E1409,7,3,0.69
P9493,PN_PIQ,E1409,7,3,1.03
P9494,PN_PIQ,E1410,1,2,0.47
P9495,MA_ROTA,E1410,1,2,0.38
P9496,PN_PIQ,E1410,1,2,0.46
P9497,MA_ROTA,E1411,2,2,0.65
P9499,MA_ROTA,E1411,2,2,0.22
P9500,MA_ROTA,E1411,2,2,2.19
P9501,MA_ROTA,E1411,2,2,1.01
P9502,MA_ROTA,E1411,2,2,1.08
P9503,PN_PIQ,E1411,2,2,0.06
P9504,PN_PIQ,E1412,3,2,0.35
P9505,PN_PIQ,E1412,3,2,3.96
P9506,PN_PIQ,E1412,3,2,1.17
P9507,PN_PIQ,E1412,3,2,1.08
P9508,PN_PIQ,E1412,3,2,0.93
P9509,PN_PIQ,E1412,3,2,0.49
P9510,PN_PIQ,E1412,3,2,0.18
P9511,PN_PIQ,E1413,7,3,0.61
P9512,PN_PIQ,E1413,7,3,1.33
P9513,PN_PIQ,E1413,7,3,0.6
P9514,PN_PIQ,E1413,7,3,0.18
P9515,PN_PIQ,E1414,7,3,0.52
P9516,PN_PIQ,E1415,7,3,0.83
P9517,PN_PIQ,E1416,3,2,1.17
P9518,PN_PIQ,E1416,3,2,0.53
P9519,MA_ROTA,E1416,3,2,0.71
P9520,PN_PIQ,E1417,1,2,0.75
P9521,MA_ROTA,E1417,1,2,0.56
P9522,MA_ROTA,E1417,1,2,3.04
P9523,PN_PIQ,E1417,1,2,1.62
P9524,MA_ROTA,E1417,1,2,1.79
P9526,PN_PIQ,E1418,3,2,1.59
P9527,MA_ROTA,E1418,3,2,0.37
P9528,MA_ROTA,E1418,3,2,1.76
P9529,MA_ROTA,E1418,3,2,0.6
P9530,MA_ROTA,E1418,3,2,0.87
P9531,MA_ROTA,E1418,3,2,3.03
P9532,PN_PIQ,E1418,3,2,1.78
P9533,MA_ROTA,E1419,2,2,0.6
P9534,MA_ROTA,E1419,2,2,3.09
P9535,MA_ROTA,E1419,2,2,0.44
P9536,PN_PIQ,E1419,2,2,0.52
P9537,MA_ROTA,E1419,2,2,0.62
P9538,PN_PIQ,E1420,2,2,0.49
P9539,PN_PIQ,E1420,2,2,0.77
P9540,PN_PIQ,E1420,2,2,0.33
P9541,PN_PIQ,E1420,2,2,0.37
P9542,PN_PIQ,E1421,2,2,0.58
P9543,PN_PIQ,E1421,2,2,0.92
P9544,PN_PIQ,E1421,2,2,1.66
P9545,MA_ROTA,E1421,2,2,1.32
P9546,MA_ROTA,E1421,2,2,0.43
P9547,MA_ROTA,E1421,2,2,0.76
P9548,MA_ROTA,E1421,2,2,1.48
P9549,PN_PIQ,E1421,2,2,0.47
P9550,MA_ROTA,E1421,2,2,1.08
P9551,MA_ROTA,E1421,2,2,1.57
P9552,MA_ROTA,E1421,2,2,0.79
P9553,MA_ROTA,E1421,2,2,0.21
P9554,PN_PIQ,E1421,2,2,0.2
P9555,MA_ROTA,E1421,2,2,0.66
P9556,MA_ROTA,E1421,2,2,0.99
P9557,MA_ROTA,E1422,2,2,0.36
P9558,PN_PIQ,E1422,2,2,0.16
P9559,MA_ROTA,E1422,1,2,0.91
P9560,MA_ROTA,E1422,1,2,1.89
P9561,PN_PIQ,E1422,1,2,0.87
P9562,MA_ROTA,E1422,2,2,1.85
P9563,MA_ROTA,E1422,1,2,0.37
P9564,MA_ROTA,E1423,3,2,0.21
P9565,PN_PIQ,E1423,3,2,0.23
P9566,MA_ROTA,E1423,3,2,0.73
P9568,MA_ROTA,E1423,3,2,2.17
P9569,MA_ROTA,E1424,3,2,0.82
P9570,PN_PIQ,E1424,3,2,0.44
P9571,PN_PIQ,E1424,3,2,0.37
P9572,PN_PIQ,E1424,3,2,0.4
P9573,PN_PIQ,E1424,3,2,1.89
P9574,PN_PIQ,E1424,3,2,2.23
P9575,PN_PIQ,E1424,3,2,0.47
P9576,PN_PIQ,E1424,3,2,0.94
P9577,PN_PIQ,E1424,3,2,0.49
P9578,MA_ROTA,E1425,3,2,1.01
P9579,MA_ROTA,E1425,1,2,1.5
P9580,MA_ROTA,E1426,3,2,1.5
P9581,PN_PIQ,E1426,3,2,0.61
P9582,PN_PIQ,E1426,3,2,0.35
P9583,MA_ROTA,E1426,3,2,0.68
P9584,PN_PIQ,E1426,3,2,1.95
P9585,MA_ROTA,E1426,3,2,1.42
P9586,PN_PIQ,E1426,3,2,2.15
P9587,PN_PIQ,E1427,3,2,2.99
P9588,MA_ROTA,E1427,3,2,2.58
P9589,MA_ROTA,E1427,3,2,1.67
P9590,MA_ROTA,E1428,1,2,3.07
P9591,PN_PIQ,E1428,1,2,0.4
P9592,MA_ROTA,E1428,1,2,0.43
P9593,PN_PIQ,E1428,1,2,0.46
P9594,PN_PIQ,E1428,1,2,0.46
P9595,MA_ROTA,E1428,1,2,2.9
P9596,MA_ROTA,E1428,1,2,0.8
P9597,MA_ROTA,E1428,1,2,1.0
P9598,MA_ROTA,E1428,1,2,0.41
P9599,MA_ROTA,E1429,2,2,1.27
P9600,PN_PIQ,E1429,2,2,1.05
P9601,MA_ROTA,E1429,2,2,1.73
P9602,MA_ROTA,E1429,2,2,0.74
P9603,PN_PIQ,E1429,2,2,0.92
P9604,MA_ROTA,E1429,2,2,0.24
P9605,MA_ROTA,E1429,2,2,0.19
P9606,PN_PIQ,E1429,2,2,0.46
P9607,MA_ROTA,E1430,3,2,2.64
P9609,MA_ROTA,E1430,3,2,3.02
P9612,MA_ROTA,E1430,3,2,1.89
P9615,MA_ROTA,E1431,2,2,0.87
P9616,MA_ROTA,E1431,2,2,0.19
P9617,MA_ROTA,E1432,2,2,0.6
P9618,PN_PIQ,E1432,2,2,0.46
P9619,MA_ROTA,E1432,2,2,0.34
P9620,MA_ROTA,E1432,2,2,0.31
P9621,MA_ROTA,E1433,3,2,0.95
P9622,MA_ROTA,E1433,1,2,0.47
P9623,MA_ROTA,E1433,1,2,0.85
P9624,PN_PIQ,E1434,1,2,0.28
P9625,MA_ROTA,E1434,1,2,1.1
P9626,PN_PIQ,E1434,1,2,0.53
P9627,PN_PIQ,E1434,1,2,0.52
P9628,MA_ROTA,E1435,3,2,0.86
P9629,MA_ROTA,E1436,3,2,0.19
P9630,MA_ROTA,E1436,3,2,1.17
P9631,MA_ROTA,E1437,3,2,0.85
P9633,MA_ROTA,E1438,3,2,1.37
P9634,PN_PIQ,E1438,3,2,0.16
P9635,MA_ROTA,E1438,3,2,1.1
P9636,PN_PIQ,E1438,3,2,0.98
P9637,MA_ROTA,E1438,3,2,2.19
P9638,MA_ROTA,E1438,3,2,0.33
P9639,MA_ROTA,E1438,3,2,0.25
P9640,MA_ROTA,E1438,3,2,0.57
P9641,PN_PIQ,E1438,3,2,0.5
P9642,PN_PIQ,E1438,3,2,0.54
P9643,PN_PIQ,E1439,3,2,1.6
P9644,PN_PIQ,E1440,3,2,0.81
P9645,MA_ROTA,E1440,3,2,7.55
P9646,PN_PIQ,E1440,3,2,0.21
P9647,PN_PIQ,E1440,3,2,0.73
P9649,PN_PIQ,E1440,3,2,2.04
P9650,PN_PIQ,E1440,3,2,0.94
P9652,PN_PIQ,E1440,3,2,0.89
P9653,PN_PIQ,E1440,3,2,0.2
P9654,PN_PIQ,E1441,3,2,1.17
P9655,PN_PIQ,E1441,3,2,1.13
P9656,PN_PIQ,E1442,3,2,1.15
P9657,MA_ROTA,E1442,3,2,0.5
P9658,MA_ROTA,E1442,3,2,0.84
P9659,MA_ROTA,E1442,3,2,0.63
P9660,MA_ROTA,E1443,3,2,1.1
P9661,MA_ROTA,E1444,3,2,0.89
P9662,MA_ROTA,E1444,3,2,0.9
P9663,MA_ROTA,E1444,3,2,0.62
P9665,MA_ROTA,E1446,3,2,1.58
P9666,MA_ROTA,E1446,3,2,2.47
P9667,PN_PIQ,E1447,3,2,1.6
P9668,MA_ROTA,E1447,3,2,0.88
P9669,PN_PIQ,E1447,3,2,0.67
P9670,PN_PIQ,E1447,3,2,0.44
P9671,PN_PIQ,E1447,3,2,0.64
P9673,MA_ROTA,E1447,3,2,0.12
P9674,PN_PIQ,E1448,3,2,0.7
P9675,PN_PIQ,E1449,3,2,0.1
P9676,MA_ROTA,E1449,3,2,0.73
P9677,MA_ROTA,E1449,3,2,0.65
P9678,PN_PIQ,E1450,3,2,2.36
P9679,MA_ROTA,E1451,3,2,0.44
P9681,MA_ROTA,E1451,3,2,0.9
P9683,MA_ROTA,E1451,3,2,0.06
P9686,MA_ROTA,E1451,3,2,0.34
P9688,MA_ROTA,E1451,3,2,0.7
P9689,MA_ROTA,E1451,3,2,0.49
P9692,PN_PIQ,E1451,3,2,2.57
P9695,MA_ROTA,E1451,3,2,0.84
P9696,MA_ROTA,E1451,3,2,0.2
P9698,PN_PIQ,E1452,3,2,1.65
P9699,MA_ROTA,E1452,3,2,1.27
P9700,MA_ROTA,E1452,3,2,0.36
P9701,MA_ROTA,E1452,3,2,4.02
P9702,PN_PIQ,E1453,3,2,0.75
P9703,PN_PIQ,E1453,3,2,0.55
P9705,PN_PIQ,E1453,3,2,0.58
P9706,MA_ROTA,E1454,3,2,0.58
P9707,MA_ROTA,E1455,3,2,0.66
P9708,MA_ROTA,E1455,3,2,0.19
P9710,MA_ROTA,E1456,3,2,0.97
P9711,MA_ROTA,E1456,3,2,1.25
P9712,MA_ROTA,E1456,3,2,0.19
P9713,MA_ROTA,E1456,3,2,1.29
P9714,MA_ROTA,E1456,3,2,0.3
P9715,PN_PIQ,E1456,3,2,0.31
P9716,MA_ROTA,E1456,3,2,1.3
P9717,MA_ROTA,E1456,3,2,0.46
P9718,ME,E1456,3,2,0.24
P9719,PN_PIQ,E1457,7,3,0.29
P9720,PN_PIQ,E1457,7,3,0.38
P9721,PN_PIQ,E1457,7,3,0.53
P9722,PN_PIQ,E1457,7,3,0.08
P9723,PN_PIQ,E1457,7,3,0.25
P9724,PN_PIQ,E1457,7,3,0.62
P9725,PN_PIQ,E1457,7,3,0.85
P9726,PN_PIQ,E1457,7,3,0.7
P9727,PN_PIQ,E1458,7,3,0.49
P9728,PN_PIQ,E1458,7,3,1.21
P9729,PN_PIQ,E1458,7,3,0.19
P9730,PN_PIQ,E1459,7,3,0.81
P9731,PN_PIQ,E1460,7,3,0.46
P9732,PN_PIQ,E1460,7,3,0.3
P9733,PN_PIQ,E1460,7,3,0.67
P9734,PN_PIQ,E1460,7,3,0.31
P9735,PN_PIQ,E1460,7,3,0.58
P9736,PN_PIQ,E1460,7,3,0.52
P9737,PN_PIQ,E1461,7,3,0.15
P9738,PN_PIQ,E1461,7,3,0.47
P9739,PN_PIQ,E1461,7,3,0.43
P9740,PN_PIQ,E1461,7,3,0.97
P9741,PN_PIQ,E1461,7,3,0.31
P9742,PN_PIQ,E1461,7,3,0.79
P9743,PN_PIQ,E1462,7,3,1.74
P9744,PN_PIQ,E1462,7,3,2.15
P9747,PN_PIQ,E1463,4,1,1.03
P9748,PN_PIQ,E1463,4,1,0.42
P9749,PN_PIQ,E1463,4,1,0.08
P9750,MA_ROTA,E1464,3,2,1.63
P9751,PN_PIQ,E1464,3,2,0.87
P9752,PN_PIQ,E1464,3,2,0.61
P9753,PN_PIQ,E1465,7,3,0.88
P9754,PN_PIQ,E1465,7,3,0.56
P9755,PN_PIQ,E1466,4,1,2.62
P9756,PN_PIQ,E1466,4,1,2.32
P9757,PN_PIQ,E1466,4,1,0.17
P9758,PN_PIQ,E1466,4,1,0.49
P9759,PN_PIQ,E1466,4,1,1.64
P9760,PN_PIQ,E1466,4,1,0.6
P9761,PN_PIQ,E1466,4,1,2.08
P9763,PN_PIQ,E1467,4,1,1.59
P9764,MA_ROTA,E1467,4,1,0.33
P9767,MA_ROTA,E1468,3,2,0.21
P9768,ME,E1468,3,2,0.36
P9769,MA_ROTA,E1468,3,2,0.44
P9770,PN_PIQ,E1468,3,2,2.57
P9771,MA_ROTA,E1468,3,2,2.84
P9772,MA_ROTA,E1468,3,2,0.88
P9773,MA_ROTA,E1468,3,2,0.26
P9774,MA_ROTA,E1468,3,2,0.78
P9775,PN_PIQ,E1468,3,2,2.18
P9776,MA_ROTA,E1468,3,2,5.37
P9777,MA_ROTA,E1468,3,2,0.39
P9778,PN_PIQ,E1469,1,2,2.25
P9779,MA_ROTA,E1469,1,2,0.19
P9780,MA_ROTA,E1469,1,2,0.5
P9781,MA_ROTA,E1469,1,2,0.51
P9782,PN_PIQ,E1469,1,2,0.18
P9783,MA_ROTA,E1469,1,2,0.11
P9784,PN_PIQ,E1469,1,2,2.03
P9785,MA_ROTA,E1469,1,2,0.22
P9786,MA_ROTA,E1469,1,2,1.34
P9787,PN_PIQ,E1470,4,1,0.69
P9788,PN_PIQ,E1470,4,1,0.21
P9789,PN_PIQ,E1470,4,1,0.6
P9791,PN_PIQ,E1470,4,1,0.07
P9794,MA_ROTA,E1472,3,2,0.26
P9795,MA_ROTA,E1472,3,2,0.57
P9796,MA_ROTA,E1472,3,2,1.72
P9797,MA_ROTA,E1472,3,2,0.68
P9798,AG,E1473,4,1,4.29
P9799,PN_PIQ,E1474,4,1,0.69
P9800,PN_PIQ,E1474,4,1,1.29
P9803,PN_PIQ,E1474,4,1,0.07
P9804,PN_PIQ,E1475,3,2,0.67
P9805,PN_PIQ,E1475,3,2,1.42
P9806,PN_PIQ,E1475,3,2,0.71
P9807,PN_PIQ,E1475,3,2,0.34
P9808,PN_PIQ,E1475,3,2,1.13
P9809,MA_ROTA,E1476,3,2,0.74
P9810,MA_ROTA,E1476,3,2,0.29
P9811,PN_PIQ,E1476,3,2,0.69
P9812,MA_ROTA,E1476,3,2,3.56
P9813,MA_ROTA,E1476,3,2,0.05
P9814,MA_ROTA,E1476,3,2,0.44
P9815,MA_ROTA,E1476,3,2,0.49
P9816,MA_ROTA,E1476,3,2,0.08
P9817,MA_ROTA,E1476,3,2,0.24
P9818,PN_PIQ,E1476,3,2,0.14
P9819,PN_PIQ,E1476,3,2,0.14
P9820,MA_ROTA,E1476,3,2,0.4
P9821,PN_PIQ,E1477,4,1,0.84
P9822,MA_ROTA,E1478,3,2,1.7
P9824,MA_ROTA,E1478,3,2,0.45
P9825,PN_PIQ,E1478,3,2,0.53
P9826,MA_ROTA,E1478,3,2,0.47
P9827,MA_ROTA,E1478,3,2,2.9
P9828,MA_ROTA,E1478,3,2,1.0
P9829,PN_PIQ,E1479,4,1,1.2
P9831,PN_PIQ,E1479,4,1,1.64
P9832,PN_PIQ,E1479,4,1,0.32
P9833,PN_PIQ,E1479,4,1,0.92
P9834,PN_PIQ,E1479,4,1,2.26
P9835,PN_PIQ,E1480,7,3,0.25
P9836,PN_PIQ,E1480,7,3,0.81
P9837,PN_PIQ,E1480,7,3,0.77
P9838,PN_PIQ,E1481,7,3,0.65
P9839,PN_PIQ,E1482,3,2,1.78
P9843,PN_PIQ,E1483,3,2,1.27
P9845,PN_PIQ,E1483,3,2,1.29
P9846,PN_PIQ,E1483,3,2,3.96
P9847,PN_PIQ,E1483,3,2,0.21
P9849,PN_PIQ,E1483,3,2,0.61
P9850,PN_PIQ,E1483,3,2,0.2
P9851,PN_PIQ,E1484,3,2,1.15
P9852,MA_ROTA,E1484,3,2,0.83
P9853,MA_ROTA,E1484,3,2,0.96
P9854,PN_PIQ,E1485,4,1,0.57
P9856,PN_PIQ,E1485,4,1,5.32
P9858,PN_PIQ,E1485,4,1,2.38
P9859,PN_PIQ,E1485,4,1,5.09
P9860,PN_PIQ,E1485,4,1,5.13
P9861,PN_PIQ,E1485,4,1,2.96
P9863,PN_PIQ,E1485,4,1,5.45
P9864,PN_PIQ,E1485,4,1,4.67
P9865,PN_PIQ,E1485,4,1,9.0
P9866,PN_PIQ,E1485,4,1,1.54
P9868,PN_PIQ,E1485,4,1,2.18
P9869,PN_PIQ,E1485,4,1,0.43
P9870,PN_PIQ,E1485,4,1,6.94
P9871,PN_PIQ,E1485,4,1,0.9
P9873,PN_PIQ,E1485,4,1,3.46
P9874,PN_PIQ,E1485,4,1,2.18
P9875,PN_PIQ,E1485,4,1,3.99
P9877,PN_PIQ,E1485,4,1,1.94
P9878,PN_PIQ,E1485,4,1,2.23
P9879,PN_PIQ,E1485,4,1,6.86
P9889,PN_PIQ,E1485,4,1,1.2
P9890,PN_PIQ,E1485,4,1,4.6
P9891,PN_PIQ,E1485,4,1,1.35
P9898,PN_PIQ,E1485,4,1,1.64
P9899,PN_PIQ,E1485,4,1,4.94
P9901,PN_PIQ,E1485,4,1,6.19
P9903,PN_PIQ,E1485,4,1,1.11
P9905,PN_PIQ,E1485,4,1,0.75
P9906,PN_PIQ,E1485,4,1,0.65
P9913,PN_PIQ,E1485,4,1,1.02
P9915,PN_PIQ,E1485,4,1,1.16
P9916,PN_PIQ,E1485,4,1,0.3
P9917,PN_PIQ,E1485,4,1,0.79
P9919,PN_PIQ,E1485,4,1,1.1
P9920,PN_PIQ,E1485,4,1,1.12
P9922,PN_PIQ,E1485,4,1,0.47
P9927,PN_PIQ,E1485,4,1,1.19
P9929,PN_PIQ,E1485,4,1,1.84
P9930,PN_PIQ,E1485,4,1,0.8
P9931,PN_PIQ,E1485,4,1,0.52
P9932,PN_PIQ,E1485,4,1,3.06
P9933,PN_PIQ,E1485,4,1,0.48
P9935,PN_PIQ,E1485,4,1,0.96
P9937,PN_PIQ,E1485,4,1,1.7
P9938,PN_PIQ,E1485,4,1,0.85
P9941,PN_PIQ,E1485,4,1,8.53
P9942,PN_PIQ,E1485,4,1,0.46
P9943,PN_PIQ,E1485,4,1,0.98
P9945,PN_PIQ,E1485,4,1,0.49
P9946,PN_PIQ,E1485,4,1,0.31
P9947,PN_PIQ,E1485,4,1,1.25
P9948,PN_PIQ,E1485,4,1,0.73
P9950,MA_ROTA,E1486,5,1,1.16
P9951,BC_BT,E1486,4,1,2.76
P9954,BC_BT,E1486,4,1,0.4
P9955,IG_PLA,E1486,4,1,0.17
P9957,PN_PIQ,E1486,4,1,2.09
P9958,MA_ROTA,E1486,1,2,5.01
P9959,MA_ROTA,E1486,1,2,3.9
P9960,MA_ROTA,E1486,3,2,5.63
P9961,PN_PIQ,E1486,3,2,2.23
P9962,PN_PIQ,E1486,4,1,0.19
P9963,MA_ROTA,E1486,5,1,16.76
P9965,PN_PIQ,E1486,4,1,10.06
P9967,PN_PIQ,E1486,1,2,7.01
P9968,MA_PAI_NON_NI,E1486,4,1,3.89
P9969,AG,E1486,4,1,0.99
P9970,IG_PLA,E1487,4,1,1.1
P9971,MA_PAI_NON_NI,E1487,4,1,8.01
P9972,BC_BT,E1487,4,1,9.24
P9973,PN_PIQ,E1487,4,1,2.74
P9974,PN_PIQ,E1487,4,1,1.66
P9975,PN_PIQ,E1487,4,1,3.41
P9976,AG,E1487,4,1,0.46
P9977,IG_PLA,E1487,4,1,0.29
P9978,IG_PLA,E1487,4,1,0.88
P9979,PN_PIQ,E1488,3,2,1.0
P9980,MA_ROTA,E1488,3,2,1.14
P9981,MA_ROTA,E1488,3,2,0.94
P9982,MA_ROTA,E1488,3,2,0.18
P9983,MA_ROTA,E1488,3,2,2.69
P9984,MA_ROTA,E1488,3,2,2.4
P9985,MA_ROTA,E1488,3,2,0.62
P9986,MA_ROTA,E1488,3,2,1.02
P9987,MA_ROTA,E1488,3,2,1.23
P9988,MA_ROTA,E1489,2,2,0.68
P9989,PN_PIQ,E1489,2,2,0.75
P9990,PN_PIQ,E1489,4,1,0.28
P9991,PN_PIQ,E1489,4,1,0.13
P9992,PN_PIQ,E1489,4,1,0.35
P9993,PN_PIQ,E1489,4,1,1.49
P9994,PN_PIQ,E1489,4,1,0.18
P9995,PN_PIQ,E1489,4,1,0.4
P9996,PN_PIQ,E1489,4,1,0.47
P9997,PN_PIQ,E1490,2,2,4.27
P9998,PN_PIQ,E1490,2,2,0.3
P9999,PN_PIQ,E1491,4,1,0.62
P10000,MA_ROTA,E1492,2,2,1.26
P10001,PN_PIQ,E1493,1,2,0.14
P10002,PN_PIQ,E1493,1,2,1.07
P10003,PN_PIQ,E1493,1,2,1.06
P10004,MA_ROTA,E1493,1,2,1.23
P10005,MA_ROTA,E1493,1,2,0.22
P10006,MA_ROTA,E1493,1,2,0.47
P10007,MA_ROTA,E1493,1,2,0.24
P10008,MA_ROTA,E1493,1,2,0.17
P10009,MA_ROTA,E1493,1,2,2.07
P10010,MA_ROTA,E1493,1,2,0.1
P10011,PN_PIQ,E1493,1,2,0.21
P10012,PN_PIQ,E1494,2,2,3.16
P10013,PN_PIQ,E1494,2,2,1.07
P10014,PN_PIQ,E1494,2,2,1.42
P10015,PN_PIQ,E1494,2,2,2.07
P10016,MA_ROTA,E1494,2,2,2.2
P10017,MA_ROTA,E1494,2,2,1.11
P10018,PN_PIQ,E1494,2,2,0.45
P10019,MA_ROTA,E1495,3,2,1.89
P10020,PN_PIQ,E1495,3,2,2.18
P10022,PN_PIQ,E1495,3,2,0.77
P10024,MA_ROTA,E1495,3,2,1.04
P10025,MA_ROTA,E1495,3,2,0.22
P10026,PN_PIQ,E1495,3,2,0.96
P10027,PN_PIQ,E1495,3,2,0.25
P10028,PN_PIQ,E1496,3,2,0.79
P10029,PN_PIQ,E1496,3,2,0.16
P10030,PN_PIQ,E1496,3,2,1.0
P10031,PN_PIQ,E1496,1,2,1.65
P10034,PN_PIQ,E1496,3,2,0.4
P10035,PN_PIQ,E1497,3,2,0.33
P10036,PN_PIQ,E1497,3,2,0.67
P10037,PN_PIQ,E1497,3,2,0.48
P10038,PN_PIQ,E1497,3,2,0.51
P10039,PN_PIQ,E1497,3,2,0.15
P10040,PN_PIQ,E1497,3,2,0.68
P10043,PN_PIQ,E1497,3,2,3.51
P10044,PN_PIQ,E1497,3,2,0.64
P10045,PN_PIQ,E1497,3,2,0.9
P10046,PN_PIQ,E1497,3,2,0.16
P10047,PN_PIQ,E1498,3,2,3.99
P10048,PN_PIQ,E1498,3,2,1.76
P10049,MA_ROTA,E1498,3,2,1.85
P10050,PN_PIQ,E1498,3,2,0.46
P10051,PN_PIQ,E1498,3,2,1.01
P10053,PN_PIQ,E1499,2,2,1.09
P10054,PN_PIQ,E1500,4,1,1.34
P10055,PN_PIQ,E1500,4,1,1.76
P10056,PN_PIQ,E1501,4,1,0.54
P10057,PN_PIQ,E1501,4,1,0.7
P10058,PN_PIQ,E1501,4,1,0.64
P10059,PN_PIQ,E1501,4,1,1.5
P10060,PN_PIQ,E1501,4,1,0.61
P10061,PN_PIQ,E1501,4,1,0.87
P10062,PN_PIQ,E1501,4,1,2.27
P10063,PN_PIQ,E1501,4,1,0.13
P10064,PN_PIQ,E1502,4,1,2.14
P10065,PN_PIQ,E1502,4,1,1.69
P10066,PN_PIQ,E1502,4,1,3.3
P10067,PN_PIQ,E1502,4,1,0.63
P10068,PN_PIQ,E1502,4,1,0.44
P10069,PN_PIQ,E1502,4,1,0.92
P10070,PN_PIQ,E1502,4,1,0.55
P10071,PN_PIQ,E1502,4,1,0.25
P10072,PN_PIQ,E1503,2,2,0.29
P10073,MA_ROTA,E1503,2,2,1.72
P10074,PN_PIQ,E1503,2,2,0.27
P10075,PN_PIQ,E1503,2,2,0.18
P10076,MA_ROTA,E1503,2,2,0.04
P10077,MA_ROTA,E1504,2,2,0.34
P10078,MA_ROTA,E1504,2,2,0.41
P10079,MA_ROTA,E1504,2,2,0.64
P10080,MA_ROTA,E1505,2,2,1.98
P10081,MA_ROTA,E1506,2,2,0.29
P10082,PN_PIQ,E1506,2,2,0.59
P10083,MA_ROTA,E1507,4,1,3.13
P10084,MA_ROTA,E1507,4,1,0.65
P10085,MA_ROTA,E1507,4,1,0.2
P10086,MA_ROTA,E1507,4,1,3.28
P10087,MA_ROTA,E1507,4,1,2.13
P10088,PN_PIQ,E1507,4,1,0.18
P10089,MA_ROTA,E1507,4,1,0.12
P10090,MA_ROTA,E1508,2,2,0.35
P10091,MA_ROTA,E1508,2,2,0.92
P10092,MA_ROTA,E1508,2,2,0.65
P10093,ME,E1509,3,2,1.5
P10095,MA_ROTA,E1509,3,2,0.12
P10097,MA_ROTA,E1509,3,2,0.91
P10098,MA_ROTA,E1509,3,2,0.18
P10099,MA_ROTA,E1509,3,2,0.36
P10100,ME,E1509,3,2,1.63
P10101,PN_PIQ,E1510,4,1,1.52
P10102,PN_PIQ,E1510,4,1,0.6
P10103,PN_PIQ,E1510,4,1,0.29
P10104,PN_PIQ,E1510,4,1,1.0
P10106,PN_PIQ,E1510,4,1,2.01
P10108,PN_PIQ,E1511,4,1,2.27
P10109,MA_ROTA,E1511,4,1,2.53
P10110,MA_ROTA,E1511,4,1,2.53
P10111,PN_PIQ,E1511,4,1,0.96
P10115,MA_ROTA,E1511,4,1,0.76
P10116,PN_PIQ,E1512,3,2,1.35
P10117,MA_ROTA,E1512,3,2,1.65
P10118,MA_ROTA,E1512,3,2,0.57
P10119,PN_PIQ,E1513,3,2,2.27
P10120,PN_PIQ,E1513,3,2,1.06
P10121,PN_PIQ,E1513,3,2,0.18
P10122,PN_PIQ,E1513,3,2,0.56
P10123,MA_ROTA,E1513,3,2,1.02
P10124,PN_PIQ,E1513,3,2,1.47
P10125,MA_ROTA,E1514,4,1,0.31
P10127,PN_PIQ,E1514,4,1,2.04
P10128,PN_PIQ,E1514,4,1,1.12
P10129,PN_PIQ,E1514,4,1,0.79
P10130,PN_PIQ,E1514,4,1,0.45
P10131,MA_ROTA,E1514,4,1,1.0
P10132,PN_PIQ,E1515,4,1,0.39
P10133,PN_PIQ,E1515,4,1,0.97
P10134,MA_ROTA,E1515,4,1,0.99
P10135,MA_ROTA,E1515,4,1,1.48
P10136,PN_PIQ,E1515,4,1,1.07
P10137,PN_PIQ,E1515,4,1,2.25
P10138,PN_PIQ,E1515,4,1,0.88
P10139,PN_PIQ,E1515,4,1,0.78
P10140,MA_ROTA,E1515,4,1,1.76
P10141,PN_PIQ,E1515,4,1,1.35
P10142,PN_PIQ,E1515,4,1,0.64
P10143,PN_PIQ,E1515,4,1,0.32
P10144,MA_ROTA,E1515,4,1,1.71
P10145,PN_PIQ,E1515,4,1,0.36
P10146,PN_PIQ,E1516,4,1,0.48
P10147,PN_PIQ,E1516,4,1,0.57
P10148,PN_PIQ,E1517,4,1,0.16
P10149,PN_PIQ,E1517,4,1,0.38
P10150,PN_PIQ,E1517,4,1,0.34
P10151,PN_PIQ,E1517,4,1,0.5
P10152,PN_PIQ,E1517,4,1,0.19
P10153,PN_PIQ,E1517,4,1,0.34
P10154,PN_PIQ,E1517,4,1,2.67
P10155,PN_PIQ,E1517,4,1,0.99
P10156,PN_PIQ,E1517,4,1,2.57
P10157,PN_PIQ,E1517,4,1,2.89
P10158,PN_PIQ,E1517,4,1,0.43
P10159,PN_PIQ,E1517,4,1,0.23
P10162,PN_PIQ,E1517,4,1,0.28
P10163,PN_PIQ,E1517,4,1,0.43
P10164,PN_PIQ,E1518,3,2,0.15
P10165,ME,E1518,3,2,4.37
P10166,PN_PIQ,E1518,3,2,1.28
P10167,PN_PIQ,E1518,3,2,0.88
P10168,PN_PIQ,E1518,3,2,3.54
P10169,PN_PIQ,E1518,3,2,2.85
P10170,PN_PIQ,E1518,3,2,0.48
P10171,MA_ROTA,E1518,3,2,2.81
P10172,PN_PIQ,E1518,3,2,1.75
P10173,PN_PIQ,E1519,3,2,0.69
P10174,MA_ROTA,E1519,3,2,1.24
P10175,PN_PIQ,E1520,3,2,1.32
P10176,MA_ROTA,E1520,3,2,0.2
P10177,PN_PIQ,E1520,3,2,2.29
P10178,PN_PIQ,E1520,3,2,1.96
P10180,PN_PIQ,E1521,3,2,0.39
P10181,MA_ROTA,E1521,3,2,0.26
P10182,MA_ROTA,E1521,3,2,0.9
P10183,PN_PIQ,E1522,3,2,0.96
P10184,PN_PIQ,E1522,3,2,0.16
P10185,MA_ROTA,E1523,3,2,0.23
P10186,MA_ROTA,E1523,3,2,0.9
P10187,MA_ROTA,E1523,3,2,1.49
P10188,PN_PIQ,E1524,3,2,0.98
P10189,MA_ROTA,E1524,3,2,0.78
P10190,MA_ROTA,E1524,3,2,0.88
P10191,MA_ROTA,E1524,3,2,1.48
P10192,MA_ROTA,E1525,3,2,1.23
P10193,MA_ROTA,E1525,3,2,0.56
P10194,MA_ROTA,E1525,3,2,0.6
P10195,PN_PIQ,E1525,3,2,1.65
P10196,MA_ROTA,E1525,3,2,1.83
P10197,MA_ROTA,E1525,3,2,0.19
P10198,MA_ROTA,E1525,3,2,1.31
P10199,MA_ROTA,E1525,3,2,2.34
P10200,MA_ROTA,E1525,3,2,1.08
P10201,MA_ROTA,E1525,3,2,1.72
P10202,MA_ROTA,E1526,3,2,2.09
P10203,PN_PIQ,E1527,4,1,1.34
P10204,PN_PIQ,E1527,4,1,1.17
P10205,MA_ROTA,E1528,3,2,0.94
P10206,MA_ROTA,E1529,3,2,1.39
P10208,PN_PIQ,E1529,3,2,3.45
P10210,PN_PIQ,E1530,4,1,2.13
P10211,PN_PIQ,E1531,4,1,6.51
P10212,PN_PIQ,E1531,4,1,0.9
P10213,PN_PIQ,E1531,4,1,2.75
P10214,PN_PIQ,E1531,4,1,3.05
P10215,PN_PIQ,E1531,4,1,1.63
P10216,PN_PIQ,E1531,4,1,1.4
P10217,PN_PIQ,E1531,4,1,0.46
P10218,PN_PIQ,E1531,4,1,5.12
P10219,PN_PIQ,E1531,4,1,1.56
P10220,PN_PIQ,E1531,4,1,2.81
P10221,PN_PIQ,E1531,4,1,2.25
P10222,PN_PIQ,E1531,4,1,3.67
P10223,PN_PIQ,E1531,4,1,6.02
P10224,PN_PIQ,E1531,4,1,0.51
P10225,PN_PIQ,E1531,4,1,1.18
P10226,PN_PIQ,E1531,4,1,2.33
P10227,PN_PIQ,E1531,4,1,1.23
P10228,PN_PIQ,E1531,4,1,1.65
P10229,PN_PIQ,E1531,4,1,1.84
P10230,PN_PIQ,E1531,4,1,1.86
P10231,PN_PIQ,E1531,4,1,2.8
P10232,PN_PIQ,E1531,4,1,2.07
P10233,PN_PIQ,E1531,4,1,2.76
P10234,PN_PIQ,E1531,4,1,1.25
P10235,PN_PIQ,E1531,4,1,1.48
P10236,PN_PIQ,E1531,4,1,5.9
P10237,PN_PIQ,E1531,4,1,0.99
P10238,PN_PIQ,E1531,4,1,1.09
P10239,PN_PIQ,E1531,4,1,3.41
P10240,PN_PIQ,E1531,4,1,2.22
P10241,PN_PIQ,E1531,4,1,1.12
P10242,PN_PIQ,E1531,4,1,7.42
P10243,PN_PIQ,E1531,4,1,1.22
P10244,PN_PIQ,E1531,4,1,2.89
P10245,PN_PIQ,E1531,4,1,1.28
P10246,PN_PIQ,E1531,4,1,1.51
P10247,PN_PIQ,E1531,4,1,1.39
P10248,PN_PIQ,E1531,4,1,2.46
P10249,PN_PIQ,E1531,4,1,0.42
P10250,PN_PIQ,E1531,4,1,4.17
P10251,PN_PIQ,E1531,4,1,2.37
P10252,PN_PIQ,E1531,4,1,4.8
P10253,PN_PIQ,E1531,4,1,3.4
P10254,PN_PIQ,E1531,4,1,0.65
P10255,PN_PIQ,E1531,4,1,1.9
P10256,PN_PIQ,E1531,4,1,5.0
P10257,PN_PIQ,E1531,4,1,2.12
P10258,PN_PIQ,E1531,4,1,4.35
P10259,PN_PIQ,E1531,4,1,5.78
P10260,PN_PIQ,E1531,4,1,2.51
P10261,PN_PIQ,E1531,4,1,4.56
P10262,PN_PIQ,E1531,4,1,6.18
P10263,PN_PIQ,E1531,4,1,1.85
P10264,PN_PIQ,E1531,4,1,4.55
P10265,PN_PIQ,E1531,4,1,4.65
P10266,MA_ROTA,E1531,4,1,2.38
P10267,PN_PIQ,E1531,4,1,0.71
P10268,MA_ROTA,E1531,4,1,2.81
P10269,PN_PIQ,E1531,4,1,2.85
P10270,PN_PIQ,E1531,4,1,1.25
P10271,PN_PIQ,E1531,4,1,4.57
P10272,PN_PIQ,E1531,4,1,2.53
P10273,PN_PIQ,E1531,4,1,2.7
P10274,PN_PIQ,E1531,4,1,1.63
P10275,PN_PIQ,E1531,4,1,0.15
P10276,PN_PIQ,E1531,4,1,0.75
P10277,PN_PIQ,E1531,4,1,0.56
P10278,PN_PIQ,E1531,4,1,2.39
P10279,PN_PIQ,E1531,4,1,1.94
P10280,PN_PIQ,E1531,4,1,1.13
P10281,PN_PIQ,E1531,4,1,1.01
P10282,PN_PIQ,E1531,4,1,0.93
P10283,PN_PIQ,E1532,4,1,1.0
P10284,AG,E1533,4,1,0.3
P10286,BC_BT,E1533,4,1,0.11
P10287,PN_PIQ,E1534,4,1,0.85
P10288,PN_PIQ,E1534,4,1,0.26
P10290,PN_PIQ,E1534,4,1,0.8
P10291,PN_PIQ,E1535,4,1,0.28
P10292,PN_PIQ,E1535,4,1,0.23
P10293,PN_PIQ,E1535,4,1,0.72
P10294,MA_ROTA,E1535,4,1,0.12
P10297,MA_ROTA,E1535,4,1,0.57
P10298,MA_ROTA,E1535,4,1,2.69
P10299,PN_PIQ,E1536,4,1,0.62
P10300,PN_PIQ,E1536,4,1,1.78
P10301,PN_PIQ,E1536,4,1,2.9
P10303,PN_PIQ,E1536,4,1,0.35
P10307,PN_PIQ,E1537,4,1,0.72
P10308,PN_PIQ,E1537,4,1,0.28
P10309,PN_PIQ,E1538,4,1,2.8
P10310,PN_PIQ,E1538,4,1,2.01
P10312,PN_PIQ,E1538,4,1,0.39
P10313,PN_PIQ,E1538,4,1,0.23
P10314,PN_PIQ,E1538,4,1,0.25
P10315,PN_PIQ,E1538,4,1,0.63
P10316,PN_PIQ,E1539,4,1,0.98
P10317,PN_PIQ,E1540,4,1,0.64
P10318,PN_PIQ,E1540,4,1,0.14
P10319,PN_PIQ,E1540,4,1,0.05
P10320,PN_PIQ,E1540,4,1,0.16
P10321,PN_PIQ,E1540,4,1,0.02
P10322,PN_PIQ,E1541,4,1,0.43
P10323,PN_PIQ,E1541,4,1,0.23
P10324,PN_PIQ,E1541,4,1,0.64
P10326,PN_PIQ,E1541,4,1,3.55
P10327,PN_PIQ,E1541,4,1,0.55
P10328,PN_PIQ,E1541,4,1,1.58
P10329,PN_PIQ,E1541,4,1,0.68
P10330,PN_PIQ,E1541,4,1,0.28
P10331,PN_PIQ,E1541,4,1,1.71
P10332,PN_PIQ,E1541,4,1,0.07
P10333,PN_PIQ,E1541,4,1,0.58
P10334,PN_PIQ,E1541,4,1,0.61
P10335,PN_PIQ,E1542,4,1,0.72
P10336,PN_PIQ,E1542,4,1,1.2
P10337,PN_PIQ,E1542,4,1,0.72
P10338,PN_PIQ,E1542,4,1,0.6
P10340,PN_PIQ,E1542,4,1,0.6
P10341,PN_PIQ,E1542,4,1,0.26
P10344,PN_PIQ,E1542,4,1,0.42
P10345,PN_PIQ,E1543,4,1,1.8
P10346,PN_PIQ,E1543,4,1,0.32
P10347,PN_PIQ,E1543,4,1,0.54
P10348,PN_PIQ,E1544,4,1,0.58
P10349,PN_PIQ,E1545,4,1,1.13
P10350,PN_PIQ,E1546,4,1,1.36
P10351,PN_PIQ,E1546,4,1,0.71
P10352,PN_PIQ,E1547,4,1,0.64
P10353,MA_ROTA,E1548,4,1,2.38
P10354,PN_PIQ,E1549,4,1,0.77
P10355,PN_PIQ,E1549,4,1,1.41
P10356,PN_PIQ,E1550,4,1,0.16
P10357,PN_PIQ,E1550,4,1,0.44
P10358,PN_PIQ,E1550,4,1,0.37
P10359,PN_PIQ,E1550,4,1,0.9
P10360,MA_ROTA,E1551,3,2,0.43
P10361,MA_ROTA,E1551,3,2,0.5
P10363,PN_PIQ,E1551,3,2,1.18
P10364,MA_ROTA,E1551,3,2,0.76
P10365,PN_PIQ,E1551,3,2,0.32
P10366,PN_PIQ,E1551,3,2,1.11
P10368,MA_ROTA,E1551,3,2,0.9
P10369,MA_ROTA,E1551,3,2,1.67
P10371,MA_ROTA,E1551,3,2,2.64
P10373,MA_ROTA,E1552,4,1,2.98
P10374,MA_ROTA,E1552,4,1,0.8
P10375,PN_PIQ,E1552,4,1,0.59
P10376,PN_PIQ,E1552,4,1,3.16
P10377,PN_PIQ,E1553,3,2,0.43
P10378,PN_PIQ,E1553,3,2,1.16
P10379,PN_PIQ,E1553,3,2,1.33
P10380,PN_PIQ,E1553,3,2,0.74
P10381,PN_PIQ,E1553,3,2,0.17
P10382,PN_PIQ,E1553,3,2,0.78
P10383,MA_ROTA,E1554,3,2,0.91
P10384,MA_ROTA,E1554,3,2,1.24
P10385,MA_ROTA,E1554,3,2,0.82
P10386,MA_ROTA,E1555,3,2,1.68
P10387,PN_PIQ,E1555,3,2,0.6
P10388,MA_ROTA,E1555,3,2,1.85
P10390,PN_PIQ,E1555,3,2,0.32
P10391,PN_PIQ,E1555,3,2,1.59
P10392,MA_ROTA,E1555,3,2,0.97
P10393,PN_PIQ,E1556,3,2,0.93
P10394,PN_PIQ,E1556,3,2,1.38
P10396,PN_PIQ,E1556,3,2,1.22
P10397,PN_PIQ,E1557,3,2,1.9
P10398,PN_PIQ,E1557,3,2,1.61
P10399,ME,E1557,3,2,0.34
P10400,MA_ROTA,E1557,3,2,0.73
P10401,PN_PIQ,E1557,3,2,0.14
P10402,MA_ROTA,E1557,3,2,1.73
P10403,MA_ROTA,E1557,3,2,0.19
P10405,PN_PIQ,E1557,3,2,0.59
P10408,MA_ROTA,E1557,3,2,2.67
P10409,MA_ROTA,E1557,3,2,0.6
P10410,MA_ROTA,E1558,3,2,0.34
P10411,MA_ROTA,E1558,3,2,1.8
P10412,MA_ROTA,E1558,3,2,0.17
P10413,PN_PIQ,E1558,3,2,0.56
P10414,MA_ROTA,E1558,3,2,0.13
P10415,MA_ROTA,E1558,3,2,1.7
P10416,PN_PIQ,E1558,3,2,0.56
P10417,MA_ROTA,E1558,3,2,0.48
P10418,PN_PIQ,E1558,3,2,1.54
P10419,MA_ROTA,E1559,3,2,1.85
P10420,MA_ROTA,E1559,3,2,0.74
P10421,PN_PIQ,E1560,3,2,0.92
P10422,MA_ROTA,E1560,3,2,0.26
P10423,MA_ROTA,E1560,3,2,0.58
P10424,MA_ROTA,E1560,3,2,0.44
P10425,MA_ROTA,E1560,3,2,0.44
P10426,MA_ROTA,E1560,3,2,0.91
P10427,MA_ROTA,E1560,3,2,0.55
P10428,PN_PIQ,E1560,3,2,0.69
P10429,MA_ROTA,E1560,3,2,0.76
P10430,ME,E1560,3,2,0.92
P10431,MA_ROTA,E1560,3,2,0.23
P10432,MA_ROTA,E1561,3,2,0.95
P10433,MA_ROTA,E1561,3,2,0.88
P10434,PN_PIQ,E1561,3,2,0.38
P10437,PN_PIQ,E1562,3,2,0.98
P10438,PN_PIQ,E1563,3,2,0.52
P10439,PN_PIQ,E1563,3,2,0.99
P10440,MA_ROTA,E1563,3,2,0.68
P10441,MA_ROTA,E1563,3,2,0.26
P10442,PN_PIQ,E1564,3,2,6.69
P10444,MA_ROTA,E1564,3,2,1.64
P10446,MA_ROTA,E1566,3,2,0.62
P10447,ME,E1566,3,2,0.75
P10448,PN_PIQ,E1567,3,2,0.07
P10449,PN_PIQ,E1567,3,2,2.33
P10450,PN_PIQ,E1567,3,2,0.88
P10451,MA_ROTA,E1567,3,2,1.44
P10452,MA_ROTA,E1567,3,2,0.47
P10453,PN_PIQ,E1567,3,2,0.58
P10454,MA_ROTA,E1567,3,2,0.28
P10455,PN_PIQ,E1567,3,2,0.46
P10456,PN_PIQ,E1567,3,2,1.38
P10457,MA_ROTA,E1567,3,2,2.54
P10458,PN_PIQ,E1567,3,2,0.05
P10459,PN_PIQ,E1567,3,2,0.7
P10460,MA_ROTA,E1567,3,2,1.63
P10462,MA_ROTA,E1567,3,2,0.56
P10463,PN_PIQ,E1567,3,2,0.53
P10464,PN_PIQ,E1567,3,2,0.79
P10465,PN_PIQ,E1568,4,1,2.77
P10466,PN_PIQ,E1568,4,1,0.86
P10467,PN_PIQ,E1568,4,1,3.52
P10468,IG_PLA,E1568,4,1,1.8
P10469,BC_BT,E1568,4,1,0.44
P10470,MA_ROTA,E1569,3,2,0.97
P10471,MA_ROTA,E1569,2,2,1.5
P10472,MA_ROTA,E1569,3,2,1.4
P10473,MA_ROTA,E1569,3,2,1.57
P10475,MA_ROTA,E1569,3,2,3.83
P10476,MA_ROTA,E1569,2,2,1.69
P10477,PN_PIQ,E1569,2,2,1.45
P10478,MA_ROTA,E1569,2,2,1.34
P10479,PN_PIQ,E1569,2,2,3.54
P10481,MA_ROTA,E1569,2,2,2.06
P10482,MA_ROTA,E1569,2,2,0.82
P10483,MA_ROTA,E1569,3,2,1.44
P10484,MA_ROTA,E1570,2,2,1.2
P10485,PN_PIQ,E1571,4,1,2.32
P10486,MA_ROTA,E1572,2,2,0.89
P10487,MA_ROTA,E1572,2,2,2.17
P10488,MA_ROTA,E1572,2,2,2.81
P10489,PN_PIQ,E1572,2,2,0.18
P10490,PN_PIQ,E1572,2,2,2.79
P10491,MA_ROTA,E1572,2,2,3.62
P10492,PN_PIQ,E1573,3,2,0.29
P10493,MA_ROTA,E1573,3,2,0.35
P10494,MA_ROTA,E1573,3,2,1.17
P10495,PN_PIQ,E1573,3,2,1.63
P10496,MA_ROTA,E1573,3,2,1.01
P10498,ME,E1573,3,2,0.58
P10499,PN_PIQ,E1573,3,2,2.0
P10500,PN_PIQ,E1573,3,2,1.83
P10501,PN_PIQ,E1573,3,2,0.81
P10502,MA_ROTA,E1573,3,2,1.21
P10504,MA_ROTA,E1573,3,2,0.65
P10505,PN_PIQ,E1574,2,2,0.58
P10506,MA_ROTA,E1574,2,2,0.66
P10507,PN_PIQ,E1574,2,2,0.79
P10508,PN_PIQ,E1575,2,2,0.51
P10509,PN_PIQ,E1575,2,2,2.11
P10510,MA_ROTA,E1575,2,2,3.27
P10511,PN_PIQ,E1575,2,2,0.56
P10512,MA_ROTA,E1576,3,2,0.88
P10513,PN_PIQ,E1576,3,2,0.99
P10514,PN_PIQ,E1576,3,2,0.04
P10515,MA_ROTA,E1576,3,2,0.31
P10516,PN_PIQ,E1576,3,2,0.79
P10517,MA_ROTA,E1576,3,2,0.33
P10518,PN_PIQ,E1576,3,2,0.23
P10519,PN_PIQ,E1576,3,2,1.35
P10520,MA_ROTA,E1576,3,2,0.86
P10521,MA_ROTA,E1576,3,2,0.3
P10522,MA_ROTA,E1576,3,2,1.71
P10523,PN_PIQ,E1577,4,1,0.58
P10524,PN_PIQ,E1577,4,1,2.81
P10525,PN_PIQ,E1577,4,1,0.13
P10526,PN_PIQ,E1577,4,1,0.5
P10527,PN_PIQ,E1577,4,1,0.6
P10528,PN_PIQ,E1577,4,1,0.17
P10529,PN_PIQ,E1578,4,1,0.95
P10530,PN_PIQ,E1578,4,1,1.78
P10531,PN_PIQ,E1578,4,1,1.78
P10532,PN_PIQ,E1578,4,1,1.27
P10533,PN_PIQ,E1579,4,1,0.62
P10534,PN_PIQ,E1579,4,1,0.27
P10535,PN_PIQ,E1579,4,1,0.41
P10536,PN_PIQ,E1579,4,1,0.96
P10537,PN_PIQ,E1579,4,1,0.7
P10538,PN_PIQ,E1579,4,1,0.14
P10539,PN_PIQ,E1579,4,1,1.37
P10540,PN_PIQ,E1579,4,1,0.98
P10541,PN_PIQ,E1579,4,1,0.18
P10542,PN_PIQ,E1580,4,1,1.28
P10543,PN_PIQ,E1580,4,1,0.31
P10544,PN_PIQ,E1580,4,1,0.42
P10545,PN_PIQ,E1580,4,1,0.91
P10546,PN_PIQ,E1581,4,1,0.68
P10547,PN_PIQ,E1581,4,1,0.41
P10548,PN_PIQ,E1581,4,1,0.58
P10549,PN_PIQ,E1582,3,2,1.07
P10550,MA_ROTA,E1582,3,2,1.06
P10551,MA_ROTA,E1582,3,2,0.39
P10552,MA_ROTA,E1582,3,2,1.42
P10553,MA_ROTA,E1582,3,2,2.3
P10554,PN_PIQ,E1583,7,3,0.19
P10555,PN_PIQ,E1583,7,3,0.3
P10556,PN_PIQ,E1583,7,3,0.13
P10557,PN_PIQ,E1583,7,3,0.35
P10558,PN_PIQ,E1584,7,3,1.12
P10559,PN_PIQ,E1584,7,3,0.18
P10560,PN_PIQ,E1584,7,3,0.38
P10561,PN_PIQ,E1584,7,3,0.51
P10562,PN_PIQ,E1585,4,1,1.26
P10563,PN_PIQ,E1585,4,1,0.82
P10564,PN_PIQ,E1585,4,1,1.66
P10565,PN_PIQ,E1585,4,1,0.7
P10566,PN_PIQ,E1585,4,1,0.39
P10567,PN_PIQ,E1585,4,1,1.51
P10568,PN_PIQ,E1585,4,1,1.07
P10569,PN_PIQ,E1585,4,1,0.32
P10570,PN_PIQ,E1586,7,3,0.26
P10571,PN_PIQ,E1586,7,3,0.32
P10572,PN_PIQ,E1586,7,3,0.63
P10573,PN_PIQ,E1587,7,3,1.06
P10574,PN_PIQ,E1587,7,3,0.19
P10575,PN_PIQ,E1587,7,3,0.27
P10576,PN_PIQ,E1587,7,3,0.87
P10577,PN_PIQ,E1587,7,3,0.45
P10578,PN_PIQ,E1587,7,3,0.43
P10579,PN_PIQ,E1588,7,3,0.9
P10580,PN_PIQ,E1588,7,3,0.94
P10581,PN_PIQ,E1588,7,3,0.28
P10582,PN_PIQ,E1588,7,3,0.51
P10583,PN_PIQ,E1588,7,3,0.89
P10584,PN_PIQ,E1588,7,3,0.36
P10585,PN_PIQ,E1589,7,3,2.13
P10586,PN_PIQ,E1589,7,3,2.26
P10587,PN_PIQ,E1589,7,3,0.5
P10588,PN_PIQ,E1589,7,3,4.61
P10589,PN_PIQ,E1589,7,3,1.53
P10590,PN_PIQ,E1590,7,3,0.58
P10591,MA_ROTA,E1591,2,2,0.36
P10592,PN_PIQ,E1591,2,2,0.52
P10593,PN_PIQ,E1591,2,2,0.53
P10594,PN_PIQ,E1591,2,2,0.27
P10595,MA_ROTA,E1591,2,2,0.63
P10596,PN_PIQ,E1591,2,2,0.56
P10597,MA_ROTA,E1591,2,2,0.63
P10598,MA_ROTA,E1591,2,2,0.73
P10599,PN_PIQ,E1592,7,3,4.21
P10600,PN_PIQ,E1592,7,3,0.63
P10601,PN_PIQ,E1592,7,3,1.5
P10602,PN_PIQ,E1592,7,3,2.23
P10603,PN_PIQ,E1592,7,3,2.83
P10604,PN_PIQ,E1592,7,3,0.91
P10605,PN_PIQ,E1593,7,3,1.1
P10606,PN_PIQ,E1593,7,3,0.99
P10607,PN_PIQ,E1593,7,3,0.18
P10608,PN_PIQ,E1593,7,3,0.15
P10609,MA_ROTA,E1594,4,1,1.51
P10610,MA_ROTA,E1594,4,1,1.01
P10612,PN_PIQ,E1595,2,2,0.4
P10613,PN_PIQ,E1595,2,2,0.5
P10614,PN_PIQ,E1595,2,2,0.93
P10615,PN_PIQ,E1596,7,3,0.67
P10616,PN_PIQ,E1596,7,3,0.47
P10617,PN_PIQ,E1596,7,3,0.48
P10618,PN_PIQ,E1597,7,3,0.42
P10619,PN_PIQ,E1597,7,3,0.55
P10620,PN_PIQ,E1597,7,3,0.46
P10621,PN_PIQ,E1598,7,3,0.97
P10623,PN_PIQ,E1599,6,1,0.33
P10624,PN_PIQ,E1599,6,1,0.19
P10625,PN_PIQ,E1599,6,1,0.2
P10626,PN_PIQ,E1599,6,1,0.16
P10627,PN_PIQ,E1599,6,1,0.26
P10628,PN_PIQ,E1599,6,1,0.66
P10629,PN_PIQ,E1599,6,1,0.08
P10630,PN_PIQ,E1599,6,1,0.2
P10631,PN_PIQ,E1599,6,1,0.11
P10632,PN_PIQ,E1600,7,3,0.23
P10633,PN_PIQ,E1600,7,3,0.13
P10634,PN_PIQ,E1600,7,3,0.22
P10635,PN_PIQ,E1601,7,3,0.93
P10636,PN_PIQ,E1601,7,3,0.32
P10637,PN_PIQ,E1601,7,3,0.49
P10638,PN_PIQ,E1601,7,3,0.29
P10639,PN_PIQ,E1601,7,3,0.92
P10640,PN_PIQ,E1602,7,3,0.51
P10641,PN_PIQ,E1602,7,3,3.16
P10642,PN_PIQ,E1602,7,3,2.6
P10643,PN_PIQ,E1603,7,3,0.64
P10644,PN_PIQ,E1603,7,3,1.08
P10645,PN_PIQ,E1603,7,3,0.44
P10646,PN_PIQ,E1603,7,3,0.71
P10647,PN_PIQ,E1603,7,3,2.16
P10648,PN_PIQ,E1603,7,3,0.17
P10649,PN_PIQ,E1603,7,3,1.07
P10650,PN_PIQ,E1604,7,3,0.39
P10651,PN_PIQ,E1604,7,3,0.15
P10652,PN_PIQ,E1604,7,3,0.19
P10653,PN_PIQ,E1604,7,3,0.5
P10654,PN_PIQ,E1604,7,3,0.33
P10655,PN_PIQ,E1604,7,3,0.31
P10656,PN_PIQ,E1605,7,3,1.44
P10657,PN_PIQ,E1605,7,3,1.91
P10658,PN_PIQ,E1605,7,3,1.65
P10659,PN_PIQ,E1605,7,3,0.35
P10660,PN_PIQ,E1606,7,3,0.27
P10661,PN_PIQ,E1606,7,3,0.57
P10662,PN_PIQ,E1606,7,3,0.57
P10663,PN_PIQ,E1606,7,3,0.24
P10664,PN_PIQ,E1607,7,3,0.77
P10665,PN_PIQ,E1607,7,3,1.5
P10666,PN_PIQ,E1607,7,3,0.36
P10667,PN_PIQ,E1608,4,1,1.09
P10668,PN_PIQ,E1608,4,1,1.06
P10669,PN_PIQ,E1608,4,1,0.32
P10670,MA_ROTA,E1608,4,1,0.11
P10671,MA_ROTA,E1608,4,1,2.13
P10672,PN_PIQ,E1608,4,1,2.65
P10673,MA_ROTA,E1608,4,1,0.93
P10674,AG,E1608,4,1,1.18
P10676,PN_PIQ,E1609,7,3,0.36
P10677,PN_PIQ,E1609,7,3,0.4
P10678,PN_PIQ,E1609,7,3,0.49
P10679,PN_PIQ,E1609,7,3,0.39
P10680,PN_PIQ,E1610,7,3,0.32
P10681,PN_PIQ,E1610,7,3,0.45
P10682,PN_PIQ,E1610,7,3,0.29
P10683,PN_PIQ,E1611,7,3,0.23
P10684,PN_PIQ,E1612,7,3,1.14
P10685,PN_PIQ,E1612,7,3,1.31
P10686,PN_PIQ,E1613,7,3,0.5
P10687,PN_PIQ,E1613,7,3,0.39
P10688,PN_PIQ,E1613,7,3,0.09
P10689,PN_PIQ,E1613,7,3,0.11
P10690,PN_PIQ,E1613,7,3,0.21
P10691,PN_PIQ,E1613,7,3,0.1
P10692,PN_PIQ,E1613,7,3,0.79
P10693,PN_PIQ,E1613,7,3,0.32
P10694,PN_PIQ,E1613,7,3,0.67
P10695,PN_PIQ,E1613,7,3,0.31
P10696,PN_PIQ,E1613,7,3,0.21
P10697,PN_PIQ,E1613,7,3,0.87
P10698,PN_PIQ,E1614,7,3,1.29
P10699,PN_PIQ,E1614,7,3,0.56
P10700,PN_PIQ,E1614,7,3,0.58
P10701,PN_PIQ,E1614,7,3,0.84
P10702,PN_PIQ,E1614,7,3,2.68
P10703,PN_PIQ,E1614,7,3,1.03
P10704,PN_PIQ,E1615,7,3,1.99
P10705,PN_PIQ,E1615,7,3,0.57
P10706,PN_PIQ,E1615,7,3,0.72
P10707,MA_ROTA,E1616,1,2,0.22
P10708,MA_ROTA,E1616,1,2,0.86
P10709,MA_ROTA,E1616,1,2,1.82
P10710,MA_ROTA,E1616,1,2,1.97
P10711,MA_ROTA,E1616,1,2,0.96
P10712,MA_ROTA,E1616,1,2,1.54
P10713,MA_ROTA,E1616,1,2,0.44
P10714,PN_PIQ,E1616,3,2,8.97
P10715,PN_PIQ,E1617,7,3,0.17
P10716,PN_PIQ,E1617,7,3,0.44
P10717,PN_PIQ,E1617,7,3,0.63
P10718,PN_PIQ,E1617,7,3,0.45
P10719,PN_PIQ,E1617,7,3,0.41
P10720,PN_PIQ,E1617,7,3,0.18
P10721,PN_PIQ,E1617,7,3,0.76
P10722,PN_PIQ,E1617,7,3,1.23
P10723,PN_PIQ,E1618,4,1,0.92
P10724,PN_PIQ,E1618,4,1,1.57
P10725,PN_PIQ,E1619,4,1,0.82
P10726,PN_PIQ,E1619,4,1,0.9
P10727,PN_PIQ,E1620,4,1,0.64
P10728,PN_PIQ,E1620,4,1,0.21
P10729,PN_PIQ,E1620,4,1,0.47
P10730,PN_PIQ,E1620,4,1,0.56
P10731,PN_PIQ,E1620,4,1,1.5
P10732,PN_PIQ,E1620,4,1,0.6
P10733,PN_PIQ,E1620,4,1,0.07
P10734,PN_PIQ,E1621,7,3,0.45
P10735,PN_PIQ,E1621,7,3,0.72
P10736,PN_PIQ,E1621,7,3,0.88
P10737,PN_PIQ,E1621,7,3,0.35
P10738,PN_PIQ,E1621,7,3,0.94
P10739,PN_PIQ,E1621,7,3,0.67
P10740,PN_PIQ,E1621,7,3,0.58
P10741,PN_PIQ,E1622,7,3,0.54
P10742,PN_PIQ,E1622,7,3,0.53
P10743,PN_PIQ,E1622,7,3,0.57
P10744,PN_PIQ,E1622,7,3,0.17
P10745,PN_PIQ,E1622,7,3,0.22
P10746,PN_PIQ,E1623,7,3,0.34
P10747,PN_PIQ,E1623,7,3,0.25
P10748,PN_PIQ,E1624,7,3,0.19
P10749,PN_PIQ,E1624,7,3,0.82
P10750,PN_PIQ,E1624,7,3,0.41
P10751,PN_PIQ,E1624,7,3,0.37
P10752,PN_PIQ,E1625,4,1,2.3
P10753,PN_PIQ,E1625,4,1,1.47
P10754,PN_PIQ,E1626,4,1,2.22
P10755,PN_PIQ,E1626,4,1,0.62
P10756,PN_PIQ,E1627,7,3,0.79
P10758,PN_PIQ,E1627,7,3,1.02
P10759,PN_PIQ,E1628,7,3,0.83
P10760,PN_PIQ,E1628,7,3,0.13
P10761,PN_PIQ,E1628,7,3,0.08
P10762,PN_PIQ,E1628,7,3,0.3
P10763,PN_PIQ,E1628,7,3,0.18
P10764,PN_PIQ,E1628,7,3,0.91
P10765,PN_PIQ,E1628,7,3,0.36
P10766,PN_PIQ,E1628,7,3,0.7
P10767,PN_PIQ,E1628,7,3,0.61
P10768,PN_PIQ,E1629,7,3,0.12
P10769,PN_PIQ,E1629,7,3,0.43
P10770,PN_PIQ,E1630,7,3,0.51
P10771,PN_PIQ,E1631,7,3,1.01
P10772,PN_PIQ,E1631,7,3,1.33
P10773,PN_PIQ,E1632,7,3,0.18
P10774,PN_PIQ,E1632,7,3,0.2
P10775,PN_PIQ,E1632,7,3,0.1
P10776,PN_PIQ,E1632,7,3,0.03
P10777,PN_PIQ,E1632,7,3,0.16
P10778,PN_PIQ,E1632,7,3,0.15
P10779,PN_PIQ,E1632,7,3,0.08
P10780,PN_PIQ,E1633,3,2,1.86
P10781,MA_ROTA,E1633,3,2,2.82
P10782,MA_ROTA,E1633,3,2,3.28
P10783,MA_ROTA,E1633,3,2,0.28
P10785,MA_ROTA,E1633,3,2,0.51
P10786,PN_PIQ,E1634,7,3,0.6
P10787,PN_PIQ,E1634,4,1,2.58
P10788,PN_PIQ,E1635,7,3,0.27
P10789,PN_PIQ,E1635,7,3,0.88
P10790,PN_PIQ,E1635,7,3,0.32
P10791,PN_PIQ,E1635,7,3,1.02
P10792,PN_PIQ,E1636,7,3,0.23
P10793,PN_PIQ,E1637,7,3,0.05
P10795,PN_PIQ,E1637,7,3,0.13
P10796,PN_PIQ,E1637,7,3,0.29
P10797,PN_PIQ,E1637,7,3,0.9
P10798,PN_PIQ,E1637,7,3,0.29
P10799,PN_PIQ,E1637,7,3,0.32
P10800,PN_PIQ,E1637,7,3,0.56
P10801,PN_PIQ,E1638,7,3,1.73
P10802,PN_PIQ,E1638,7,3,0.94
P10803,PN_PIQ,E1639,7,3,0.88
P10804,PN_PIQ,E1639,7,3,0.81
P10805,PN_PIQ,E1639,7,3,0.28
P10806,PN_PIQ,E1639,7,3,0.4
P10807,PN_PIQ,E1640,7,3,0.61
P10808,PN_PIQ,E1641,7,3,0.07
P10809,PN_PIQ,E1641,7,3,0.71
P10810,PN_PIQ,E1641,7,3,1.72
P10811,PN_PIQ,E1642,7,3,0.75
P10812,PN_PIQ,E1642,7,3,0.35
P10813,PN_PIQ,E1642,7,3,0.39
P10814,PN_PIQ,E1642,7,3,0.22
P10815,PN_PIQ,E1642,7,3,0.24
P10816,PN_PIQ,E1643,7,3,0.52
P10817,PN_PIQ,E1643,7,3,1.05
P10818,PN_PIQ,E1644,7,3,0.42
P10819,PN_PIQ,E1644,7,3,0.46
P10820,PN_PIQ,E1645,7,3,1.15
P10821,PN_PIQ,E1645,7,3,0.67
P10822,PN_PIQ,E1645,7,3,0.32
P10823,PN_PIQ,E1646,7,3,0.19
P10824,PN_PIQ,E1646,7,3,0.29
P10825,PN_PIQ,E1646,7,3,0.24
P10826,PN_PIQ,E1646,7,3,0.27
P10827,PN_PIQ,E1646,7,3,0.33
P10828,PN_PIQ,E1646,7,3,0.06
P10829,MA_ROTA,E1647,2,2,1.11
P10830,PN_PIQ,E1647,1,2,0.03
P10831,MA_ROTA,E1647,2,2,1.01
P10832,MA_ROTA,E1647,1,2,0.51
P10833,PN_PIQ,E1647,1,2,1.22
P10834,PN_PIQ,E1648,7,3,2.97
P10835,PN_PIQ,E1649,7,3,0.48
P10836,PN_PIQ,E1649,7,3,0.56
P10837,PN_PIQ,E1649,7,3,0.22
P10838,PN_PIQ,E1649,7,3,0.86
P10839,PN_PIQ,E1649,7,3,2.02
P10840,PN_PIQ,E1649,7,3,0.3
P10841,PN_PIQ,E1649,7,3,1.11
P10842,PN_PIQ,E1649,7,3,0.57
P10843,PN_PIQ,E1650,7,3,1.66
P10844,PN_PIQ,E1651,6,1,0.47
P10845,PN_PIQ,E1652,7,3,0.81
P10846,PN_PIQ,E1652,7,3,1.91
P10847,PN_PIQ,E1653,3,2,1.07
P10848,MA_ROTA,E1653,3,2,0.25
P10849,MA_ROTA,E1653,3,2,0.3
P10850,MA_ROTA,E1653,3,2,0.64
P10851,PN_PIQ,E1653,3,2,0.29
P10852,MA_ROTA,E1653,3,2,0.62
P10853,MA_ROTA,E1653,3,2,1.12
P10854,ME,E1653,3,2,0.57
P10855,MA_ROTA,E1653,3,2,0.34
P10856,PN_PIQ,E1654,7,3,0.53
P10857,PN_PIQ,E1654,7,3,0.52
P10858,PN_PIQ,E1654,7,3,0.21
P10859,PN_PIQ,E1655,7,3,1.07
P10860,PN_PIQ,E1655,7,3,0.22
P10861,PN_PIQ,E1656,7,3,0.45
P10862,PN_PIQ,E1656,7,3,0.5
P10863,PN_PIQ,E1657,7,3,0.33
P10864,PN_PIQ,E1657,7,3,0.48
P10865,PN_PIQ,E1658,7,3,0.31
P10866,PN_PIQ,E1658,7,3,0.28
P10867,PN_PIQ,E1658,7,3,0.14
P10868,PN_PIQ,E1658,7,3,0.36
P10869,PN_PIQ,E1658,7,3,0.09
P10870,PN_PIQ,E1659,7,3,0.26
P10871,PN_PIQ,E1659,7,3,1.65
P10872,PN_PIQ,E1659,7,3,0.28
P10873,PN_PIQ,E1659,7,3,0.2
P10874,PN_PIQ,E1660,7,3,0.82
P10875,PN_PIQ,E1660,7,3,0.74
P10876,PN_PIQ,E1661,7,3,0.42
P10877,PN_PIQ,E1661,7,3,0.45
P10878,PN_PIQ,E1662,7,3,0.74
P10879,PN_PIQ,E1662,7,3,0.7
P10880,PN_PIQ,E1662,7,3,0.1
P10881,PN_PIQ,E1662,7,3,1.63
P10882,PN_PIQ,E1662,7,3,1.3
P10883,PN_PIQ,E1662,7,3,1.66
P10884,PN_PIQ,E1663,7,3,1.97
P10885,PN_PIQ,E1663,7,3,0.31
P10886,PN_PIQ,E1663,7,3,0.75
P10887,PN_PIQ,E1664,7,3,0.46
P10888,PN_PIQ,E1664,7,3,0.36
P10889,PN_PIQ,E1664,7,3,0.58
P10890,PN_PIQ,E1665,2,2,2.05
P10891,PN_PIQ,E1665,4,1,1.4
P10892,PN_PIQ,E1665,7,3,2.04
P10893,PN_PIQ,E1665,4,1,2.68
P10894,PN_PIQ,E1665,7,3,0.66
P10895,MA_ROTA,E1665,3,2,3.42
P10896,MA_ROTA,E1665,4,1,1.19
P10897,PN_PIQ,E1665,4,1,2.21
P10898,PN_PIQ,E1665,4,1,2.73
P10899,MA_ROTA,E1665,3,2,1.9
P10900,PN_PIQ,E1665,4,1,0.95
P10901,MA_ROTA,E1665,2,2,3.87
P10902,MA_ROTA,E1665,2,2,3.06
P10903,MA_ROTA,E1665,4,1,3.1
P10904,PN_PIQ,E1665,4,1,1.17
P10905,PN_PIQ,E1665,7,3,1.15
P10906,PN_PIQ,E1665,7,3,0.47
P10907,PN_PIQ,E1665,4,1,0.7
P10908,MA_ROTA,E1665,4,1,0.91
P10909,PN_PIQ,E1665,7,3,1.48
P10910,PN_PIQ,E1665,4,1,0.14
P10911,MA_ROTA,E1665,4,1,0.52
P10912,MA_ROTA,E1665,3,2,1.69
P10913,PN_PIQ,E1665,3,2,3.07
P10914,MA_ROTA,E1665,4,1,0.03
P10915,MA_ROTA,E1665,4,1,0.25
P10916,PN_PIQ,E1665,7,3,1.69
P10917,MA_ROTA,E1665,3,2,3.09
P10918,MA_ROTA,E1665,2,2,1.09
P10919,PN_PIQ,E1665,2,2,4.65
P10920,MA_ROTA,E1665,2,2,3.14
P10921,PN_PIQ,E1665,3,2,4.53
P10922,MA_ROTA,E1665,3,2,0.97
P10923,MA_ROTA,E1665,4,1,0.52
P10924,PN_PIQ,E1665,4,1,0.29
P10925,MA_ROTA,E1665,3,2,2.2
P10926,PN_PIQ,E1665,4,1,0.3
P10927,PN_PIQ,E1665,7,3,1.91
P10928,MA_ROTA,E1665,3,2,4.53
P10929,PN_PIQ,E1665,4,1,2.87
P10930,PN_PIQ,E1665,7,3,0.4
P10931,PN_PIQ,E1666,2,2,3.01
P10932,PN_PIQ,E1666,2,2,0.62
P10933,PN_PIQ,E1666,2,2,0.06
P10934,PN_PIQ,E1667,7,3,0.77
P10935,PN_PIQ,E1667,7,3,0.95
P10936,PN_PIQ,E1667,7,3,0.09
P10937,PN_PIQ,E1667,7,3,0.23
P10938,PN_PIQ,E1668,2,2,1.51
P10939,MA_ROTA,E1669,3,2,0.4
P10940,PN_PIQ,E1669,3,2,0.49
P10941,MA_ROTA,E1669,3,2,0.82
P10942,MA_ROTA,E1669,3,2,1.45
P10943,PN_PIQ,E1669,3,2,2.14
P10944,PN_PIQ,E1669,3,2,1.27
P10945,MA_ROTA,E1670,2,2,0.98
P10946,MA_ROTA,E1670,2,2,0.82
P10947,MA_ROTA,E1670,2,2,0.9
P10948,MA_ROTA,E1670,2,2,1.0
P10949,MA_ROTA,E1670,2,2,1.04
P10950,PN_PIQ,E1671,3,2,1.7
P10951,PN_PIQ,E1671,3,2,5.09
P10952,PN_PIQ,E1672,3,2,0.25
P10953,PN_PIQ,E1672,3,2,1.32
P10954,MA_ROTA,E1673,3,2,1.82
P10955,PN_PIQ,E1673,3,2,0.05
P10956,PN_PIQ,E1673,3,2,0.66
P10957,PN_PIQ,E1673,3,2,1.72
P10958,PN_PIQ,E1673,3,2,0.13
P10959,MA_ROTA,E1674,2,2,0.65
P10960,MA_ROTA,E1674,2,2,0.39
P10961,PN_PIQ,E1674,2,2,0.34
P10962,MA_ROTA,E1674,2,2,0.38
P10963,MA_ROTA,E1674,2,2,0.39
P10964,PN_PIQ,E1675,4,1,2.02
P10965,MA_ROTA,E1676,3,2,4.02
P10966,MA_ROTA,E1676,3,2,1.88
P10967,MA_ROTA,E1676,3,2,1.98
P10968,MA_ROTA,E1677,3,2,0.43
P10969,PN_PIQ,E1677,3,2,0.79
P10970,MA_ROTA,E1677,3,2,0.6
P10971,PN_PIQ,E1677,3,2,0.15
P10972,MA_ROTA,E1677,3,2,0.15
P10974,MA_ROTA,E1677,3,2,0.19
P10975,MA_ROTA,E1677,3,2,0.22
P10976,MA_ROTA,E1677,3,2,0.16
P10981,MA_ROTA,E1677,3,2,0.67
P10982,PN_PIQ,E1677,3,2,0.75
P10983,MA_ROTA,E1677,3,2,0.19
P10984,MA_ROTA,E1677,3,2,1.64
P10985,MA_ROTA,E1677,3,2,1.61
P10987,MA_ROTA,E1677,3,2,0.43
P10988,MA_ROTA,E1678,3,2,0.65
P10989,PN_PIQ,E1678,3,2,1.78
P10990,PN_PIQ,E1678,3,2,0.61
P10991,MA_ROTA,E1678,3,2,0.69
P10992,MA_ROTA,E1678,3,2,0.25
P10993,PN_PIQ,E1678,3,2,0.09
P10994,MA_ROTA,E1678,3,2,3.84
P10995,MA_ROTA,E1678,3,2,1.07
P10996,MA_ROTA,E1678,3,2,1.87
P10997,PN_PIQ,E1679,4,1,1.34
P10998,PN_PIQ,E1679,4,1,0.78
P11000,PN_PIQ,E1680,7,3,1.64
P11001,PN_PIQ,E1680,7,3,2.14
P11002,PN_PIQ,E1680,7,3,1.79
P11003,PN_PIQ,E1680,7,3,0.55
P11004,PN_PIQ,E1680,7,3,1.84
P11005,PN_PIQ,E1680,7,3,2.73
P11006,PN_PIQ,E1680,7,3,0.99
P11007,PN_PIQ,E1680,7,3,2.47
P11008,PN_PIQ,E1680,7,3,0.44
P11009,PN_PIQ,E1680,7,3,0.4
P11010,PN_PIQ,E1680,7,3,0.35
P11011,PN_PIQ,E1680,7,3,0.1
P11012,PN_PIQ,E1681,7,3,1.1
P11013,PN_PIQ,E1681,7,3,1.0
P11014,MA_ROTA,E1682,3,2,2.31
P11015,MA_ROTA,E1682,3,2,0.8
P11016,MA_ROTA,E1682,3,2,0.62
P11017,PN_PIQ,E1682,3,2,0.81
P11018,MA_ROTA,E1683,5,1,0.15
P11019,MA_ROTA,E1683,5,1,0.8
P11020,MA_ROTA,E1683,5,1,0.55
P11021,MA_ROTA,E1683,5,1,0.19
P11022,MA_ROTA,E1683,5,1,0.28
P11023,MA_ROTA,E1683,5,1,0.42
P11024,MA_ROTA,E1683,5,1,0.42
P11025,MA_ROTA,E1683,5,1,0.28
P11026,MA_ROTA,E1684,4,1,0.93
P11027,PN_PIQ,E1684,4,1,1.1
P11028,PN_PIQ,E1685,4,1,0.22
P11029,MA_ROTA,E1685,4,1,3.02
P11030,PN_PIQ,E1685,4,1,4.75
P11031,PN_PIQ,E1685,4,1,3.1
P11032,PN_PIQ,E1685,4,1,0.36
P11033,PN_PIQ,E1685,4,1,0.67
P11034,MA_ROTA,E1686,3,2,0.63
P11035,MA_ROTA,E1686,3,2,0.48
P11036,PN_PIQ,E1687,2,2,0.64
P11037,PN_PIQ,E1687,2,2,1.11
P11038,PN_PIQ,E1687,2,2,0.7
P11039,PN_PIQ,E1687,2,2,0.38
P11040,MA_ROTA,E1688,3,2,0.4
P11041,PN_PIQ,E1688,3,2,2.33
P11042,MA_ROTA,E1689,2,2,0.34
P11043,MA_ROTA,E1689,2,2,0.63
P11044,MA_ROTA,E1689,2,2,0.66
P11045,MA_ROTA,E1689,2,2,0.67
P11046,MA_ROTA,E1689,2,2,0.36
P11047,MA_ROTA,E1689,2,2,0.44
P11048,PN_PIQ,E1690,7,3,1.19
P11049,PN_PIQ,E1690,7,3,1.37
P11050,PN_PIQ,E1690,7,3,0.51
P11051,PN_PIQ,E1690,7,3,0.36
P11052,PN_PIQ,E1691,2,2,0.65
P11053,MA_ROTA,E1691,2,2,8.1
P11054,PN_PIQ,E1692,7,3,0.64
P11055,PN_PIQ,E1692,7,3,0.49
P11056,PN_PIQ,E1692,7,3,0.51
P11057,PN_PIQ,E1692,7,3,0.2
P11058,PN_PIQ,E1692,7,3,0.35
P11059,PN_PIQ,E1692,7,3,0.75
P11060,PN_PIQ,E1693,7,3,0.19
P11061,PN_PIQ,E1693,7,3,0.97
P11062,PN_PIQ,E1694,7,3,0.91
P11063,PN_PIQ,E1694,7,3,0.44
P11064,PN_PIQ,E1694,7,3,0.14
P11065,PN_PIQ,E1694,7,3,0.68
P11066,PN_PIQ,E1695,6,1,0.67
P11067,PN_PIQ,E1695,6,1,0.19
P11068,PN_PIQ,E1696,6,1,0.73
P11069,MA_ROTA,E1697,3,2,3.69
P11070,MA_ROTA,E1697,3,2,2.23
P11073,MA_ROTA,E1697,3,2,0.25
P11074,MA_ROTA,E1697,3,2,1.1
P11075,PN_PIQ,E1698,6,1,0.71
P11076,MA_ROTA,E1699,3,2,1.23
P11078,PN_PIQ,E1699,3,2,0.69
P11079,MA_ROTA,E1699,3,2,0.78
P11081,MA_ROTA,E1699,3,2,0.26
P11082,PN_PIQ,E1699,3,2,2.23
P11083,MA_ROTA,E1699,3,2,0.21
P11084,MA_ROTA,E1699,3,2,0.41
P11085,MA_ROTA,E1699,3,2,2.56
P11086,MA_ROTA,E1699,3,2,1.2
P11087,PN_PIQ,E1699,3,2,0.32
P11088,MA_ROTA,E1699,3,2,0.55
P11089,PN_PIQ,E1699,3,2,0.14
P11090,MA_ROTA,E1699,3,2,0.3
P11093,PN_PIQ,E1699,3,2,0.46
P11094,PN_PIQ,E1699,3,2,2.11
P11095,MA_ROTA,E1699,3,2,1.06
P11096,PN_PIQ,E1699,3,2,0.53
P11097,PN_PIQ,E1699,3,2,1.38
P11098,MA_ROTA,E1699,3,2,0.47
P11099,MA_ROTA,E1699,3,2,0.19
P11101,PN_PIQ,E1699,3,2,0.16
P11104,PN_PIQ,E1700,7,3,1.1
P11105,PN_PIQ,E1700,7,3,2.57
P11106,PN_PIQ,E1700,7,3,7.44
P11107,PN_PIQ,E1700,7,3,2.92
P11108,PN_PIQ,E1700,7,3,0.9
P11109,PN_PIQ,E1700,7,3,3.01
P11110,PN_PIQ,E1700,7,3,0.78
P11111,PN_PIQ,E1700,7,3,3.28
P11112,PN_PIQ,E1700,7,3,0.79
P11113,PN_PIQ,E1700,7,3,1.85
P11114,PN_PIQ,E1700,7,3,1.5
P11115,PN_PIQ,E1700,7,3,5.21
P11116,PN_PIQ,E1700,7,3,4.36
P11117,PN_PIQ,E1700,7,3,1.07
P11118,PN_PIQ,E1700,7,3,2.25
P11119,PN_PIQ,E1700,7,3,0.49
P11120,PN_PIQ,E1700,7,3,1.16
P11121,PN_PIQ,E1700,7,3,2.23
P11122,PN_PIQ,E1700,7,3,3.29
P11123,PN_PIQ,E1700,7,3,0.43
P11124,PN_PIQ,E1700,7,3,0.86
P11125,PN_PIQ,E1700,7,3,1.58
P11126,PN_PIQ,E1700,7,3,1.9
P11127,PN_PIQ,E1700,7,3,3.53
P11128,MA_ROTA,E1701,2,2,1.44
P11129,MA_ROTA,E1701,2,2,3.15
P11130,MA_ROTA,E1701,2,2,0.79
P11131,ME,E1701,2,2,10.23
P11132,MA_ROTA,E1701,3,2,2.67
P11133,MA_ROTA,E1701,3,2,2.87
P11134,MA_ROTA,E1701,2,2,1.52
P11135,PN_PIQ,E1701,2,2,0.48
P11136,PN_PIQ,E1701,2,2,1.09
P11137,MA_ROTA,E1701,2,2,1.37
P11142,PN_PIQ,E1701,2,2,9.67
P11143,MA_ROTA,E1701,2,2,2.85
P11144,MA_ROTA,E1701,2,2,0.61
P11145,PN_PIQ,E1702,7,3,0.65
P11146,PN_PIQ,E1702,7,3,0.84
P11147,PN_PIQ,E1702,7,3,0.42
P11148,PN_PIQ,E1702,7,3,0.64
P11149,PN_PIQ,E1702,7,3,0.17
P11150,PN_PIQ,E1702,7,3,0.46
P11151,PN_PIQ,E1702,7,3,0.39
P11152,MA_ROTA,E1703,3,2,0.72
P11153,MA_ROTA,E1703,3,2,0.24
P11154,MA_ROTA,E1703,3,2,0.34
P11155,PN_PIQ,E1703,3,2,0.27
P11156,MA_ROTA,E1703,3,2,0.36
P11157,MA_ROTA,E1703,3,2,0.2
P11158,MA_PAI_NON_NI,E1704,5,1,0.83
P11159,AN_PA,E1704,5,1,0.86
P11160,AG,E1704,5,1,0.08
P11161,AN_PA,E1704,5,1,0.35
P11162,PN_PIQ,E1705,2,2,2.24
P11163,MA_ROTA,E1705,2,2,2.48
P11164,MA_ROTA,E1706,4,1,1.23
P11165,MA_ROTA,E1706,4,1,0.5
P11166,PN_PIQ,E1707,7,3,0.91
P11167,PN_PIQ,E1707,7,3,0.96
P11168,PN_PIQ,E1707,7,3,0.14
P11169,PN_PIQ,E1707,7,3,0.32
P11170,PN_PIQ,E1707,7,3,0.43
P11171,PN_PIQ,E1707,7,3,0.17
P11172,PN_PIQ,E1707,7,3,0.16
P11173,PN_PIQ,E1707,7,3,0.16
P11174,PN_PIQ,E1708,7,3,0.66
P11175,PN_PIQ,E1708,7,3,0.71
P11176,PN_PIQ,E1708,7,3,0.62
P11177,PN_PIQ,E1709,7,3,1.05
P11178,PN_PIQ,E1709,7,3,0.19
P11179,PN_PIQ,E1709,7,3,0.14
P11180,PN_PIQ,E1710,7,3,0.61
P11181,PN_PIQ,E1711,7,3,1.11
P11182,PN_PIQ,E1711,7,3,0.73
P11183,PN_PIQ,E1711,7,3,2.74
P11184,PN_PIQ,E1711,7,3,0.45
P11185,PN_PIQ,E1712,7,3,1.09
P11186,PN_PIQ,E1712,7,3,0.22
P11187,PN_PIQ,E1712,7,3,0.93
P11188,PN_PIQ,E1712,7,3,0.75
P11189,PN_PIQ,E1713,7,3,0.83
P11190,PN_PIQ,E1713,7,3,0.45
P11193,MA_ROTA,E1714,3,2,0.65
P11196,MA_ROTA,E1714,3,2,0.67
P11200,PN_PIQ,E1715,3,2,2.41
P11201,MA_ROTA,E1715,3,2,0.22
P11202,MA_ROTA,E1715,3,2,1.29
P11203,PN_PIQ,E1715,3,2,0.56
P11204,MA_ROTA,E1715,3,2,0.94
P11205,PN_PIQ,E1715,3,2,1.38
P11206,MA_ROTA,E1715,3,2,1.11
P11207,MA_ROTA,E1715,3,2,1.88
P11208,MA_ROTA,E1715,3,2,1.34
P11209,MA_ROTA,E1715,3,2,0.72
P11210,PN_PIQ,E1715,3,2,2.45
P11211,MA_ROTA,E1715,3,2,3.55
P11212,PN_PIQ,E1716,7,3,0.62
P11213,PN_PIQ,E1716,7,3,0.72
P11214,PN_PIQ,E1716,7,3,0.51
P11215,PN_PIQ,E1716,7,3,0.41
P11216,PN_PIQ,E1717,7,3,0.35
P11217,PN_PIQ,E1717,7,3,0.35
P11218,PN_PIQ,E1717,7,3,0.45
P11219,PN_PIQ,E1717,7,3,0.44
P11220,PN_PIQ,E1718,7,3,0.6
P11221,PN_PIQ,E1718,7,3,0.19
P11222,PN_PIQ,E1718,7,3,0.65
P11223,PN_PIQ,E1718,7,3,0.54
P11224,PN_PIQ,E1718,7,3,0.48
P11225,PN_PIQ,E1718,7,3,0.35
P11226,PN_PIQ,E1718,7,3,0.41
P11227,PN_PIQ,E1718,7,3,0.33
P11228,PN_PIQ,E1718,7,3,0.38
P11229,PN_PIQ,E1719,7,3,0.92
P11230,PN_PIQ,E1719,7,3,0.73
P11231,PN_PIQ,E1719,7,3,0.94
P11232,PN_PIQ,E1719,7,3,0.71
P11233,PN_PIQ,E1720,7,3,0.46
P11234,PN_PIQ,E1720,7,3,0.28
P11235,PN_PIQ,E1721,7,3,0.77
P11236,PN_PIQ,E1721,7,3,0.86
P11237,PN_PIQ,E1721,7,3,0.65
P11238,PN_PIQ,E1721,7,3,1.25
P11239,PN_PIQ,E1721,7,3,0.46
P11240,PN_PIQ,E1722,7,3,0.56
P11241,PN_PIQ,E1722,7,3,0.48
P11242,PN_PIQ,E1722,7,3,0.54
P11244,PN_PIQ,E1722,7,3,0.38
P11245,PN_PIQ,E1722,7,3,2.01
P11246,PN_PIQ,E1722,7,3,0.54
P11247,PN_PIQ,E1722,7,3,0.55
P11248,PN_PIQ,E1723,7,3,0.59
P11249,PN_PIQ,E1723,7,3,0.39
P11250,PN_PIQ,E1723,7,3,0.38
P11251,PN_PIQ,E1724,7,3,0.58
P11252,PN_PIQ,E1725,7,3,1.09
P11253,PN_PIQ,E1726,7,3,0.21
P11254,PN_PIQ,E1726,7,3,0.21
P11255,PN_PIQ,E1726,7,3,0.74
P11256,PN_PIQ,E1726,7,3,0.28
P11257,PN_PIQ,E1726,7,3,0.1
P11258,PN_PIQ,E1727,7,3,0.34
P11259,PN_PIQ,E1727,7,3,0.44
P11260,PN_PIQ,E1727,7,3,0.38
P11261,PN_PIQ,E1727,7,3,1.63
P11262,PN_PIQ,E1727,7,3,0.12
P11263,PN_PIQ,E1728,7,3,0.67
P11264,PN_PIQ,E1729,7,3,0.48
P11265,PN_PIQ,E1729,7,3,0.98
P11266,PN_PIQ,E1729,7,3,0.39
P11267,PN_PIQ,E1729,7,3,0.1
P11268,PN_PIQ,E1730,7,3,1.38
P11269,PN_PIQ,E1731,7,3,0.98
P11270,PN_PIQ,E1731,7,3,0.58
P11271,PN_PIQ,E1731,7,3,0.38
P11272,PN_PIQ,E1732,7,3,0.51
P11273,PN_PIQ,E1732,7,3,0.31
P11274,PN_PIQ,E1732,7,3,1.2
P11275,PN_PIQ,E1732,7,3,0.25
P11276,PN_PIQ,E1732,7,3,0.74
P11277,PN_PIQ,E1732,7,3,0.26
P11278,PN_PIQ,E1733,1,2,1.25
P11279,PN_PIQ,E1733,1,2,2.09
P11280,PN_PIQ,E1733,1,2,1.04
P11281,PN_PIQ,E1734,7,3,0.91
P11282,PN_PIQ,E1734,7,3,0.21
P11283,PN_PIQ,E1735,7,3,0.79
P11284,PN_PIQ,E1735,7,3,0.91
P11285,PN_PIQ,E1736,7,3,0.61
P11286,PN_PIQ,E1736,7,3,0.36
P11287,PN_PIQ,E1736,7,3,0.02
P11288,PN_PIQ,E1737,7,3,0.15
P11289,PN_PIQ,E1737,7,3,1.09
P11290,PN_PIQ,E1738,7,3,0.82
P11291,PN_PIQ,E1738,7,3,0.89
P11292,PN_PIQ,E1739,7,3,0.99
P11293,PN_PIQ,E1740,7,3,0.21
P11294,PN_PIQ,E1740,7,3,0.11
P11295,PN_PIQ,E1740,7,3,0.17
P11296,PN_PIQ,E1740,7,3,0.28
P11297,PN_PIQ,E1740,7,3,0.28
P11298,PN_PIQ,E1741,7,3,0.91
P11299,PN_PIQ,E1741,7,3,1.23
P11300,PN_PIQ,E1742,7,3,1.33
P11301,PN_PIQ,E1742,7,3,2.77
P11302,PN_PIQ,E1743,7,3,1.34
P11303,PN_PIQ,E1743,7,3,0.44
P11304,PN_PIQ,E1743,7,3,0.71
P11305,PN_PIQ,E1743,7,3,0.28
P11306,PN_PIQ,E1744,7,3,0.79
P11307,PN_PIQ,E1744,7,3,0.71
P11308,PN_PIQ,E1744,7,3,0.68
P11309,PN_PIQ,E1745,7,3,0.7
P11310,PN_PIQ,E1745,7,3,0.09
P11311,PN_PIQ,E1745,7,3,0.78
P11312,PN_PIQ,E1745,7,3,0.15
P11313,PN_PIQ,E1746,7,3,0.52
P11314,PN_PIQ,E1746,7,3,0.48
P11315,PN_PIQ,E1746,7,3,1.78
P11316,PN_PIQ,E1746,7,3,0.46
P11317,PN_PIQ,E1746,7,3,1.7
P11318,PN_PIQ,E1746,7,3,0.21
P11319,PN_PIQ,E1747,7,3,1.09
P11320,PN_PIQ,E1747,7,3,0.57
P11321,PN_PIQ,E1747,7,3,0.96
P11322,PN_PIQ,E1748,7,3,0.49
P11323,PN_PIQ,E1748,7,3,0.74
P11324,PN_PIQ,E1748,7,3,0.6
P11325,PN_PIQ,E1748,7,3,0.08
P11326,PN_PIQ,E1749,7,3,0.95
P11327,PN_PIQ,E1749,7,3,0.65
P11328,PN_PIQ,E1749,7,3,2.21
P11329,PN_PIQ,E1749,7,3,0.46
P11330,PN_PIQ,E1749,7,3,0.93
P11331,PN_PIQ,E1750,7,3,0.22
P11332,PN_PIQ,E1750,7,3,0.54
P11333,PN_PIQ,E1750,7,3,0.36
P11334,PN_PIQ,E1750,7,3,0.37
P11335,PN_PIQ,E1751,2,2,1.59
P11336,PN_PIQ,E1752,7,3,0.42
P11337,PN_PIQ,E1752,7,3,0.68
P11338,PN_PIQ,E1752,7,3,0.85
P11339,PN_PIQ,E1752,7,3,0.21
P11340,PN_PIQ,E1752,7,3,0.41
P11341,PN_PIQ,E1753,7,3,0.28
P11342,PN_PIQ,E1753,7,3,0.3
P11343,PN_PIQ,E1753,7,3,1.15
P11344,PN_PIQ,E1753,7,3,0.36
P11345,PN_PIQ,E1753,7,3,0.57
P11346,PN_PIQ,E1753,7,3,0.93
P11347,PN_PIQ,E1753,7,3,1.67
P11348,PN_PIQ,E1754,7,3,0.56
P11349,PN_PIQ,E1755,7,3,0.43
P11350,PN_PIQ,E1755,7,3,1.1
P11351,PN_PIQ,E1755,7,3,1.31
P11352,PN_PIQ,E1755,7,3,0.44
P11353,PN_PIQ,E1756,7,3,2.42
P11354,PN_PIQ,E1756,7,3,0.53
P11355,PN_PIQ,E1757,7,3,0.69
P11356,PN_PIQ,E1757,7,3,1.17
P11357,PN_PIQ,E1757,7,3,0.41
P11358,PN_PIQ,E1757,7,3,0.73
P11359,PN_PIQ,E1757,7,3,0.84
P11360,PN_PIQ,E1757,7,3,1.06
P11361,PN_PIQ,E1757,7,3,0.5
P11362,PN_PIQ,E1757,7,3,0.33
P11363,PN_PIQ,E1757,7,3,0.79
P11364,PN_PIQ,E1757,7,3,0.31
P11365,PN_PIQ,E1758,7,3,0.58
P11366,PN_PIQ,E1758,7,3,1.03
P11367,PN_PIQ,E1758,7,3,0.74
P11368,PN_PIQ,E1758,7,3,0.79
P11369,PN_PIQ,E1758,7,3,0.75
P11370,PN_PIQ,E1758,7,3,1.58
P11371,PN_PIQ,E1758,7,3,0.95
P11372,PN_PIQ,E1758,7,3,1.63
P11373,PN_PIQ,E1758,7,3,1.12
P11374,PN_PIQ,E1759,7,3,4.94
P11375,PN_PIQ,E1759,7,3,3.21
P11376,PN_PIQ,E1759,7,3,3.41
P11377,PN_PIQ,E1759,7,3,2.24
P11378,PN_PIQ,E1760,7,3,0.44
P11379,PN_PIQ,E1761,7,3,0.41
P11380,PN_PIQ,E1761,7,3,0.32
P11381,PN_PIQ,E1762,7,3,1.15
P11382,PN_PIQ,E1763,7,3,0.93
P11383,PN_PIQ,E1763,7,3,0.12
P11384,PN_PIQ,E1763,7,3,0.46
P11385,PN_PIQ,E1764,6,1,0.2
P11386,AG,E1764,6,1,0.81
P11387,PN_PIQ,E1765,7,3,0.43
P11388,PN_PIQ,E1765,7,3,0.6
P11389,PN_PIQ,E1765,7,3,1.79
P11390,MA_ROTA,E1766,4,1,0.67
P11391,MA_ROTA,E1766,4,1,0.57
P11393,PN_PIQ,E1766,4,1,0.7
P11394,PN_PIQ,E1766,4,1,3.14
P11395,PN_PIQ,E1767,7,3,0.62
P11396,PN_PIQ,E1767,7,3,1.23
P11397,PN_PIQ,E1767,7,3,0.4
P11398,PN_PIQ,E1767,7,3,0.59
P11399,PN_PIQ,E1767,7,3,0.7
P11400,PN_PIQ,E1767,7,3,0.85
P11401,PN_PIQ,E1767,7,3,0.26
P11402,PN_PIQ,E1767,7,3,0.67
P11403,PN_PIQ,E1767,7,3,0.45
P11404,MA_ROTA,E1768,5,1,6.39
P11405,PN_PIQ,E1769,7,3,0.48
P11406,PN_PIQ,E1769,7,3,0.31
P11407,PN_PIQ,E1769,7,3,0.32
P11408,PN_PIQ,E1769,7,3,0.91
P11409,PN_PIQ,E1769,7,3,0.1
P11410,PN_PIQ,E1769,7,3,0.34
P11411,PN_PIQ,E1769,7,3,0.37
P11412,PN_PIQ,E1769,7,3,0.3
P11413,PN_PIQ,E1769,7,3,0.17
P11414,PN_PIQ,E1770,7,3,0.4
P11415,PN_PIQ,E1770,7,3,0.36
P11416,PN_PIQ,E1771,7,3,1.93
P11417,PN_PIQ,E1772,2,2,0.19
P11418,PN_PIQ,E1772,2,2,0.39
P11419,PN_PIQ,E1772,2,2,0.34
P11420,PN_PIQ,E1772,2,2,0.52
P11421,PN_PIQ,E1772,2,2,0.32
P11422,PN_PIQ,E1773,4,1,0.46
P11423,PN_PIQ,E1773,4,1,1.54
P11424,PN_PIQ,E1774,2,2,1.01
P11425,MA_ROTA,E1774,2,2,0.5
P11426,MA_ROTA,E1774,2,2,0.51
P11427,IG_PLA,E1775,5,1,0.3
P11429,TH,E1775,5,1,0.61
P11430,AN_PA,E1775,5,1,1.34
P11431,TH,E1775,5,1,1.02
P11432,AN_PA,E1775,5,1,1.08
P11433,TH,E1775,5,1,0.53
P11434,AN_PA,E1775,5,1,0.92
P11435,IG_PLA,E1775,5,1,0.96
P11436,AG,E1775,5,1,0.23
P11437,TH,E1775,5,1,0.62
P11438,AG,E1775,5,1,0.09
P11439,AG,E1775,5,1,0.4
P11440,AG,E1775,5,1,0.55
P11441,AN_PA,E1775,5,1,0.45
P11442,AN_PA,E1775,5,1,0.3
P11443,BC_BT,E1775,5,1,0.69
P11444,TH,E1775,5,1,0.64
P11445,TH,E1775,5,1,1.07
P11446,TH,E1775,5,1,0.61
P11447,IG_PLA,E1775,5,1,0.39
P11448,AG,E1775,5,1,0.2
P11449,AG,E1775,5,1,0.16
P11450,BC_BT,E1775,5,1,0.2
P11452,TH,E1775,5,1,0.39
P11453,TH,E1775,5,1,1.4
P11455,TH,E1775,5,1,0.77
P11456,TH,E1775,5,1,0.91
P11457,PN_PIQ,E1776,7,3,0.36
P11458,PN_PIQ,E1776,7,3,0.79
P11459,PN_PIQ,E1776,7,3,0.16
P11460,PN_PIQ,E1776,7,3,0.21
P11461,PN_PIQ,E1776,7,3,0.08
P11462,PN_PIQ,E1777,2,2,0.98
P11463,PN_PIQ,E1777,2,2,1.05
P11464,PN_PIQ,E1777,2,2,0.28
P11465,PN_PIQ,E1778,2,2,1.21
P11466,PN_PIQ,E1778,2,2,0.55
P11467,MA_ROTA,E1778,2,2,2.67
P11468,PN_PIQ,E1778,2,2,1.62
P11469,MA_ROTA,E1779,3,2,0.11
P11470,MA_ROTA,E1779,3,2,8.95
P11471,PN_PIQ,E1780,7,3,0.52
P11472,PN_PIQ,E1780,7,3,3.85
P11473,PN_PIQ,E1780,7,3,0.64
P11474,PN_PIQ,E1780,7,3,0.19
P11475,PN_PIQ,E1780,7,3,0.49
P11476,PN_PIQ,E1780,7,3,0.29
P11477,PN_PIQ,E1780,7,3,0.38
P11478,PN_PIQ,E1780,7,3,0.16
P11479,PN_PIQ,E1781,4,1,1.33
P11480,PN_PIQ,E1782,4,1,0.57
P11481,PN_PIQ,E1782,4,1,1.58
P11483,PN_PIQ,E1782,4,1,1.39
P11484,PN_PIQ,E1782,4,1,0.52
P11485,PN_PIQ,E1782,4,1,1.5
P11487,PN_PIQ,E1782,4,1,0.74
P11488,PN_PIQ,E1782,4,1,1.12
P11489,PN_PIQ,E1782,4,1,1.87
P11490,PN_PIQ,E1782,4,1,2.52
P11491,PN_PIQ,E1782,4,1,0.43
P11492,PN_PIQ,E1783,2,2,1.89
P11493,MA_ROTA,E1783,2,2,1.85
P11494,MA_ROTA,E1783,2,2,2.52
P11495,PN_PIQ,E1783,2,2,0.06
P11496,MA_ROTA,E1783,2,2,0.68
P11497,PN_PIQ,E1783,2,2,0.15
P11498,PN_PIQ,E1783,2,2,0.18
P11499,PN_PIQ,E1784,7,3,0.23
P11500,PN_PIQ,E1784,7,3,0.26
P11501,PN_PIQ,E1784,7,3,0.23
P11502,PN_PIQ,E1784,7,3,0.69
P11503,PN_PIQ,E1784,7,3,0.07
P11504,PN_PIQ,E1785,2,2,2.65
P11505,MA_ROTA,E1786,3,2,1.1
P11506,MA_ROTA,E1786,3,2,1.52
P11507,PN_PIQ,E1786,3,2,1.06
P11508,PN_PIQ,E1787,7,3,3.29
P11509,PN_PIQ,E1787,7,3,6.16
P11510,PN_PIQ,E1788,7,3,2.33
P11511,PN_PIQ,E1788,7,3,0.98
P11512,PN_PIQ,E1788,7,3,1.12
P11513,PN_PIQ,E1788,7,3,2.72
P11514,PN_PIQ,E1788,7,3,1.18
P11515,PN_PIQ,E1788,7,3,1.11
P11516,PN_PIQ,E1788,7,3,0.31
P11517,PN_PIQ,E1788,7,3,1.42
P11518,PN_PIQ,E1788,7,3,0.48
P11519,MA_ROTA,E1789,3,2,0.89
P11520,PN_PIQ,E1789,3,2,1.02
P11521,PN_PIQ,E1789,3,2,0.69
P11522,PN_PIQ,E1790,1,2,0.28
P11523,PN_PIQ,E1790,1,2,1.05
P11527,MA_ROTA,E1790,1,2,0.15
P11528,MA_ROTA,E1790,1,2,1.1
P11532,MA_ROTA,E1790,1,2,0.06
P11534,MA_ROTA,E1790,1,2,1.26
P11535,MA_ROTA,E1790,1,2,0.64
P11536,PN_PIQ,E1791,7,3,0.2
P11537,PN_PIQ,E1791,7,3,0.42
P11538,PN_PIQ,E1791,7,3,0.7
P11539,PN_PIQ,E1791,7,3,0.2
P11540,PN_PIQ,E1791,7,3,2.31
P11541,PN_PIQ,E1792,7,3,0.71
P11542,PN_PIQ,E1792,7,3,4.3
P11543,PN_PIQ,E1792,7,3,0.38
P11544,PN_PIQ,E1792,7,3,1.03
P11545,PN_PIQ,E1792,7,3,0.6
P11546,PN_PIQ,E1792,7,3,0.46
P11547,MA_ROTA,E1793,2,2,0.68
P11548,PN_PIQ,E1793,2,2,0.54
P11549,MA_ROTA,E1793,2,2,0.57
P11550,MA_ROTA,E1794,2,2,0.67
P11551,MA_ROTA,E1794,2,2,1.0
P11552,MA_ROTA,E1794,2,2,1.08
P11553,MA_ROTA,E1794,2,2,1.57
P11554,MA_ROTA,E1794,2,2,3.04
P11555,MA_ROTA,E1794,2,2,2.42
P11556,MA_ROTA,E1794,2,2,1.43
P11557,MA_ROTA,E1795,2,2,2.43
P11559,MA_ROTA,E1795,2,2,1.53
P11560,MA_ROTA,E1795,2,2,0.37
P11561,PN_PIQ,E1795,2,2,0.53
P11562,PN_PIQ,E1795,2,2,0.79
P11563,MA_ROTA,E1795,2,2,0.17
P11564,MA_ROTA,E1795,2,2,0.77
P11565,PN_PIQ,E1796,7,3,0.24
P11566,PN_PIQ,E1796,7,3,1.89
P11567,PN_PIQ,E1796,7,3,0.15
P11568,MA_ROTA,E1797,1,2,0.97
P11569,PN_PIQ,E1797,1,2,0.58
P11570,MA_ROTA,E1797,1,2,0.26
P11571,PN_PIQ,E1797,1,2,0.23
P11572,MA_ROTA,E1797,1,2,0.36
P11573,PN_PIQ,E1797,1,2,0.05
P11574,MA_ROTA,E1797,1,2,3.16
P11575,PN_PIQ,E1798,7,3,0.2
P11576,PN_PIQ,E1798,7,3,1.03
P11577,PN_PIQ,E1799,7,3,0.82
P11578,PN_PIQ,E1799,7,3,0.97
P11579,PN_PIQ,E1799,7,3,0.06
P11580,PN_PIQ,E1799,7,3,0.46
P11582,PN_PIQ,E1800,4,1,0.76
P11584,PN_PIQ,E1800,4,1,0.47
P11585,PN_PIQ,E1800,4,1,1.0
P11586,PN_PIQ,E1800,4,1,0.86
P11587,PN_PIQ,E1800,4,1,0.49
P11588,PN_PIQ,E1800,4,1,0.17
P11589,PN_PIQ,E1800,4,1,0.35
P11590,PN_PIQ,E1800,4,1,0.56
P11591,PN_PIQ,E1800,4,1,1.18
P11592,MA_ROTA,E1801,3,2,1.7
P11593,MA_ROTA,E1801,3,2,2.17
P11594,PN_PIQ,E1802,7,3,0.44
P11595,PN_PIQ,E1802,7,3,0.45
P11596,PN_PIQ,E1803,2,2,0.87
P11597,PN_PIQ,E1804,7,3,0.34
P11598,PN_PIQ,E1804,7,3,0.23
P11599,PN_PIQ,E1804,7,3,1.39
P11600,PN_PIQ,E1804,7,3,0.62
P11601,PN_PIQ,E1804,7,3,0.36
P11602,PN_PIQ,E1805,7,3,1.34
P11603,PN_PIQ,E1805,7,3,0.41
P11604,PN_PIQ,E1805,7,3,1.11
P11605,PN_PIQ,E1805,7,3,4.94
P11610,PN_PIQ,E1806,1,2,1.9
P11611,MA_ROTA,E1806,3,2,2.1
P11612,MA_ROTA,E1806,1,2,0.84
P11613,MA_ROTA,E1806,3,2,1.64
P11614,PN_PIQ,E1806,3,2,2.65
P11615,MA_ROTA,E1806,3,2,5.73
P11616,MA_ROTA,E1806,3,2,0.88
P11617,MA_ROTA,E1806,3,2,3.7
P11619,MA_ROTA,E1806,3,2,0.8
P11621,MA_ROTA,E1806,3,2,0.85
P11623,PN_PIQ,E1806,3,2,0.11
P11624,PN_PIQ,E1806,3,2,0.46
P11625,MA_ROTA,E1807,2,2,0.5
P11626,PN_PIQ,E1808,3,2,0.07
P11627,MA_ROTA,E1808,3,2,3.79
P11628,PN_PIQ,E1809,7,3,1.94
P11629,PN_PIQ,E1809,7,3,0.5
P11630,PN_PIQ,E1809,7,3,0.5
P11631,PN_PIQ,E1810,2,2,0.45
P11632,PN_PIQ,E1810,2,2,0.35
P11633,MA_ROTA,E1810,2,2,2.31
P11634,PN_PIQ,E1810,7,3,0.48
P11635,PN_PIQ,E1810,7,3,0.21
P11636,PN_PIQ,E1810,7,3,0.92
P11637,PN_PIQ,E1810,2,2,1.35
P11638,PN_PIQ,E1810,7,3,0.69
P11639,PN_PIQ,E1810,7,3,1.15
P11640,MA_ROTA,E1811,3,2,1.52
P11641,MA_ROTA,E1811,3,2,1.11
P11642,PN_PIQ,E1811,3,2,0.43
P11644,PN_PIQ,E1811,3,2,1.05
P11645,PN_PIQ,E1811,3,2,0.28
P11646,MA_ROTA,E1811,3,2,0.57
P11647,PN_PIQ,E1811,3,2,0.74
P11648,PN_PIQ,E1811,3,2,0.08
P11649,PN_PIQ,E1812,4,1,1.75
P11650,PN_PIQ,E1812,4,1,0.35
P11651,MA_ROTA,E1813,3,2,1.52
P11652,MA_ROTA,E1813,3,2,2.99
P11653,PN_PIQ,E1813,3,2,1.16
P11654,MA_ROTA,E1813,3,2,0.94
P11655,MA_ROTA,E1813,3,2,0.46
P11657,MA_ROTA,E1814,3,2,1.67
P11658,PN_PIQ,E1815,7,3,0.5
P11659,PN_PIQ,E1815,7,3,0.91
P11660,PN_PIQ,E1815,7,3,2.37
P11661,PN_PIQ,E1815,7,3,0.31
P11662,PN_PIQ,E1815,7,3,1.29
P11663,MA_ROTA,E1816,3,2,0.51
P11664,PN_PIQ,E1816,3,2,1.65
P11665,MA_ROTA,E1816,3,2,0.93
P11666,PN_PIQ,E1816,3,2,0.73
P11667,MA_ROTA,E1816,3,2,1.11
P11668,PN_PIQ,E1816,3,2,0.49
P11669,MA_ROTA,E1816,3,2,0.41
P11670,MA_ROTA,E1816,3,2,1.37
P11671,MA_ROTA,E1816,3,2,1.32
P11673,ME,E1816,3,2,0.24
P11674,MA_ROTA,E1816,3,2,1.31
P11675,MA_ROTA,E1816,3,2,0.14
P11676,PN_PIQ,E1816,3,2,0.75
P11677,PN_PIQ,E1817,2,2,3.68
P11678,PN_PIQ,E1818,4,1,0.4
P11679,PN_PIQ,E1818,4,1,0.25
P11680,PN_PIQ,E1818,4,1,0.82
P11681,PN_PIQ,E1818,4,1,0.66
P11682,PN_PIQ,E1818,4,1,0.97
P11683,PN_PIQ,E1818,4,1,0.39
P11684,PN_PIQ,E1818,4,1,0.35
P11685,PN_PIQ,E1819,7,3,0.42
P11686,PN_PIQ,E1819,7,3,0.41
P11687,PN_PIQ,E1819,7,3,0.81
P11688,MA_ROTA,E1820,2,2,0.8
P11689,PN_PIQ,E1820,2,2,0.81
P11690,TH,E1821,6,1,1.06
P11691,AG,E1822,6,1,0.78
P11692,AN_PA,E1822,6,1,0.8
P11694,AN_PA,E1822,6,1,2.16
P11695,TH,E1822,6,1,0.68
P11696,AN_PA,E1822,6,1,0.63
P11697,TH,E1822,6,1,1.7
P11698,TH,E1822,6,1,1.85
P11699,TH,E1822,6,1,1.51
P11700,AN_PA,E1822,6,1,0.75
P11701,IG_PLA,E1822,6,1,0.23
P11703,AN_PA,E1822,6,1,0.29
P11704,AG,E1822,6,1,0.42
P11705,AN_PA,E1822,6,1,1.0
P11706,AN_PA,E1822,6,1,5.09
P11707,AG,E1822,6,1,1.14
P11708,TH,E1822,6,1,1.04
P11709,AN_PA,E1822,6,1,0.61
P11710,TH,E1822,6,1,2.42
P11711,AN_PA,E1822,6,1,0.72
P11712,AN_PA,E1822,6,1,1.56
P11713,AN_PA,E1822,6,1,2.5
P11714,AN_PA,E1822,6,1,1.57
P11715,IG_PLA,E1822,6,1,1.83
P11716,PN_PIQ,E1823,3,2,0.29
P11717,MA_ROTA,E1823,3,2,1.39
P11719,MA_ROTA,E1823,3,2,1.8
P11720,PN_PIQ,E1823,3,2,1.28
P11723,MA_ROTA,E1823,3,2,2.14
P11724,PN_PIQ,E1823,3,2,0.16
P11725,MA_ROTA,E1823,3,2,1.48
P11726,MA_ROTA,E1823,3,2,1.3
P11727,PN_PIQ,E1823,3,2,0.61
P11728,MA_ROTA,E1823,3,2,0.08
P11730,MA_ROTA,E1823,3,2,1.08
P11731,PN_PIQ,E1823,3,2,0.35
P11732,PN_PIQ,E1823,3,2,0.23
P11733,MA_ROTA,E1823,3,2,0.74
P11734,MA_ROTA,E1823,3,2,1.03
P11735,MA_ROTA,E1823,3,2,0.08
P11736,MA_ROTA,E1823,3,2,0.1
P11738,MA_ROTA,E1823,3,2,0.12
P11740,MA_ROTA,E1824,2,2,0.51
P11741,MA_ROTA,E1824,2,2,1.63
P11742,MA_ROTA,E1824,2,2,1.37
P11743,MA_ROTA,E1824,2,2,0.21
P11744,MA_ROTA,E1825,5,1,0.16
P11745,MA_ROTA,E1825,5,1,0.11
P11746,MA_ROTA,E1825,5,1,0.27
P11747,MA_ROTA,E1826,3,2,0.34
P11748,MA_ROTA,E1826,3,2,2.03
P11750,PN_PIQ,E1826,3,2,0.04
P11751,MA_ROTA,E1826,3,2,0.77
P11752,PN_PIQ,E1826,3,2,0.5
P11753,MA_ROTA,E1826,3,2,0.24
P11754,PN_PIQ,E1826,3,2,0.28
P11755,MA_ROTA,E1826,3,2,1.3
P11756,PN_PIQ,E1826,3,2,0.81
P11757,MA_ROTA,E1827,5,1,0.4
P11758,MA_ROTA,E1827,5,1,0.66
P11759,AN_PA,E1827,5,1,0.21
P11760,MA_ROTA,E1827,5,1,0.3
P11761,MA_ROTA,E1827,5,1,0.17
P11763,MA_ROTA,E1827,5,1,0.63
P11764,MA_ROTA,E1827,5,1,0.76
P11765,MA_ROTA,E1827,5,1,0.37
P11766,MA_ROTA,E1827,5,1,0.11
P11767,MA_ROTA,E1827,5,1,0.3
P11768,MA_ROTA,E1827,5,1,0.28
P11769,MA_ROTA,E1827,5,1,1.04
P11770,MA_ROTA,E1827,5,1,0.6
P11771,AN_PA,E1828,6,1,1.03
P11772,AN_PA,E1828,6,1,19.92
P11773,AN_PA,E1828,6,1,1.84
P11774,AN_PA,E1828,6,1,1.29
P11775,AN_PA,E1828,6,1,0.87
P11776,AG,E1828,6,1,0.78
P11777,AN_PA,E1828,6,1,1.03
P11778,IG_PLA,E1828,6,1,1.08
P11779,AN_PA,E1828,6,1,0.42
P11780,BC_BT,E1828,6,1,0.21
P11781,IG_PLA,E1828,6,1,0.37
P11782,IG_PLA,E1828,6,1,0.65
P11783,BC_BT,E1828,6,1,4.58
P11784,BC_BT,E1828,6,1,1.15
P11785,PN_PIQ,E1829,7,3,0.57
P11786,PN_PIQ,E1829,7,3,0.44
P11787,PN_PIQ,E1829,7,3,0.14
P11788,PN_PIQ,E1829,7,3,0.35
P11789,PN_PIQ,E1829,7,3,0.14
P11790,PN_PIQ,E1830,7,3,0.3
P11791,PN_PIQ,E1830,7,3,0.46
P11792,PN_PIQ,E1830,7,3,0.66
P11793,PN_PIQ,E1830,7,3,0.64
P11794,PN_PIQ,E1830,7,3,1.08
P11795,PN_PIQ,E1831,4,1,0.97
P11796,PN_PIQ,E1831,4,1,2.33
P11797,PN_PIQ,E1832,4,1,0.87
P11798,PN_PIQ,E1832,4,1,2.43
P11799,PN_PIQ,E1833,7,3,0.41
P11800,IG_PLA,E1834,4,1,0.21
P11801,MA_ROTA,E1834,4,1,1.23
P11802,AG,E1834,4,1,0.41
P11803,PN_PIQ,E1834,4,1,0.52
P11804,AG,E1834,4,1,0.24
P11805,PN_PIQ,E1834,4,1,1.16
P11806,MA_ROTA,E1834,4,1,1.46
P11809,PN_PIQ,E1834,4,1,1.68
P11810,IG_PLA,E1834,4,1,0.3
P11811,IG_PLA,E1834,4,1,0.44
P11812,PN_PIQ,E1834,4,1,0.48
P11813,MA_ROTA,E1835,1,2,0.37
P11814,MA_ROTA,E1835,1,2,1.3
P11815,MA_ROTA,E1835,1,2,3.97
P11816,MA_ROTA,E1835,1,2,0.2
P11817,MA_ROTA,E1835,1,2,0.38
P11818,PN_PIQ,E1835,1,2,0.18
P11819,PN_PIQ,E1835,1,2,0.23
P11820,MA_ROTA,E1835,1,2,0.17
P11821,PN_PIQ,E1836,7,3,0.52
P11822,PN_PIQ,E1836,7,3,0.51
P11823,PN_PIQ,E1836,7,3,0.43
P11824,PN_PIQ,E1836,7,3,0.39
P11825,PN_PIQ,E1836,7,3,0.85
P11826,PN_PIQ,E1837,7,3,0.43
P11827,PN_PIQ,E1837,7,3,0.61
P11828,PN_PIQ,E1837,7,3,0.35
P11829,PN_PIQ,E1837,7,3,0.4
P11830,PN_PIQ,E1837,7,3,1.98
P11831,PN_PIQ,E1837,7,3,0.79
P11832,MA_ROTA,E1838,2,2,0.8
P11833,MA_ROTA,E1838,2,2,0.19
P11834,MA_ROTA,E1838,2,2,0.39
P11835,PN_PIQ,E1838,2,2,1.0
P11836,MA_ROTA,E1838,2,2,0.11
P11837,PN_PIQ,E1838,2,2,0.97
P11838,PN_PIQ,E1839,7,3,0.92
P11839,PN_PIQ,E1839,7,3,0.41
P11840,PN_PIQ,E1840,7,3,0.28
P11841,PN_PIQ,E1840,7,3,0.13
P11842,PN_PIQ,E1840,7,3,0.38
P11843,PN_PIQ,E1840,7,3,0.08
P11844,PN_PIQ,E1841,7,3,0.46
P11845,PN_PIQ,E1841,7,3,0.72
P11846,PN_PIQ,E1841,7,3,0.94
P11847,PN_PIQ,E1842,4,1,2.01
P11848,PN_PIQ,E1842,4,1,0.56
P11849,PN_PIQ,E1842,4,1,0.06
P11851,PN_PIQ,E1842,4,1,0.16
P11852,MA_ROTA,E1843,2,2,0.88
P11853,PN_PIQ,E1843,2,2,0.29
P11854,MA_ROTA,E1843,2,2,0.22
P11855,PN_PIQ,E1844,7,3,0.48
P11856,PN_PIQ,E1844,7,3,0.16
P11857,PN_PIQ,E1844,7,3,0.46
P11858,PN_PIQ,E1844,7,3,0.09
P11859,PN_PIQ,E1845,7,3,0.44
P11860,PN_PIQ,E1845,7,3,0.8
P11861,PN_PIQ,E1845,7,3,1.22
P11862,PN_PIQ,E1846,7,3,0.8
P11863,PN_PIQ,E1846,7,3,0.23
P11864,PN_PIQ,E1846,7,3,0.26
P11865,PN_PIQ,E1847,7,3,2.55
P11866,PN_PIQ,E1847,7,3,0.97
P11867,PN_PIQ,E1848,7,3,0.43
P11868,PN_PIQ,E1848,7,3,0.24
P11869,PN_PIQ,E1848,7,3,0.24
P11870,PN_PIQ,E1848,7,3,0.22
P11871,PN_PIQ,E1848,7,3,0.25
P11872,PN_PIQ,E1848,7,3,0.12
P11873,PN_PIQ,E1848,7,3,0.87
P11874,PN_PIQ,E1849,7,3,0.89
P11875,PN_PIQ,E1849,7,3,0.68
P11876,PN_PIQ,E1849,7,3,0.16
P11877,PN_PIQ,E1849,7,3,0.33
P11878,PN_PIQ,E1849,7,3,0.2
P11879,PN_PIQ,E1849,7,3,0.61
P11880,PN_PIQ,E1850,7,3,0.94
P11881,MA_ROTA,E1851,3,2,4.51
P11882,MA_ROTA,E1851,3,2,1.54
P11883,MA_ROTA,E1851,3,2,0.17
P11885,MA_ROTA,E1851,3,2,1.9
P11886,PN_PIQ,E1851,3,2,0.54
P11887,MA_ROTA,E1851,3,2,0.16
P11888,PN_PIQ,E1851,3,2,2.72
P11889,PN_PIQ,E1851,3,2,1.7
P11890,MA_ROTA,E1851,3,2,0.37
P11891,MA_ROTA,E1851,3,2,0.1
P11892,MA_ROTA,E1851,3,2,0.34
P11893,MA_ROTA,E1851,3,2,0.52
P11894,MA_ROTA,E1851,3,2,0.07
P11895,PN_PIQ,E1851,3,2,0.52
P11896,MA_ROTA,E1851,3,2,0.84
P11897,PN_PIQ,E1851,3,2,0.75
P11899,PN_PIQ,E1851,3,2,0.49
P11901,PN_PIQ,E1851,3,2,0.87
P11902,MA_ROTA,E1851,3,2,1.04
P11903,MA_ROTA,E1851,3,2,0.82
P11904,PN_PIQ,E1852,7,3,0.51
P11905,PN_PIQ,E1852,7,3,0.34
P11906,PN_PIQ,E1852,7,3,0.29
P11907,PN_PIQ,E1852,7,3,0.16
P11908,PN_PIQ,E1853,7,3,0.35
P11909,PN_PIQ,E1853,7,3,0.28
P11910,PN_PIQ,E1853,7,3,0.33
P11911,PN_PIQ,E1853,7,3,0.2
P11912,PN_PIQ,E1853,7,3,0.16
P11913,PN_PIQ,E1853,7,3,0.2
P11914,PN_PIQ,E1854,7,3,0.2
P11915,PN_PIQ,E1854,7,3,0.18
P11916,PN_PIQ,E1854,7,3,0.38
P11917,PN_PIQ,E1855,7,3,0.56
P11918,PN_PIQ,E1856,7,3,0.78
P11919,PN_PIQ,E1856,7,3,1.64
P11920,PN_PIQ,E1856,7,3,0.66
P11921,PN_PIQ,E1856,7,3,1.4
P11922,PN_PIQ,E1856,7,3,0.45
P11923,PN_PIQ,E1856,7,3,0.68
P11924,PN_PIQ,E1856,7,3,0.71
P11925,PN_PIQ,E1856,7,3,0.4
P11926,PN_PIQ,E1857,7,3,1.69
P11927,PN_PIQ,E1857,7,3,0.71
P11928,PN_PIQ,E1857,7,3,0.2
P11929,PN_PIQ,E1857,7,3,1.4
P11930,PN_PIQ,E1857,7,3,1.05
P11931,PN_PIQ,E1857,7,3,0.71
P11932,PN_PIQ,E1857,7,3,1.32
P11933,PN_PIQ,E1858,7,3,1.29
P11934,PN_PIQ,E1858,7,3,0.89
P11935,PN_PIQ,E1858,7,3,0.51
P11936,PN_PIQ,E1858,7,3,0.32
P11937,PN_PIQ,E1859,7,3,0.45
P11938,PN_PIQ,E1859,7,3,0.01
P11939,PN_PIQ,E1859,7,3,0.21
P11940,PN_PIQ,E1859,7,3,0.3
P11941,PN_PIQ,E1859,7,3,0.4
P11942,TH,E1860,6,1,0.44
P11943,AN_PA,E1860,6,1,1.04
P11945,TH,E1860,6,1,1.48
P11946,TH,E1860,6,1,0.85
P11947,MA_ROTA,E1861,3,2,1.12
P11948,PN_PIQ,E1861,3,2,0.46
P11949,MA_ROTA,E1861,3,2,0.47
P11950,MA_ROTA,E1861,1,2,0.79
P11951,PN_PIQ,E1862,4,1,0.4
P11952,PN_PIQ,E1862,4,1,1.07
P11953,PN_PIQ,E1862,4,1,0.1
P11954,PN_PIQ,E1862,4,1,0.77
P11955,PN_PIQ,E1862,4,1,0.29
P11956,PN_PIQ,E1863,7,3,0.42
P11957,PN_PIQ,E1863,7,3,0.12
P11958,PN_PIQ,E1863,7,3,0.74
P11959,PN_PIQ,E1863,7,3,0.41
P11960,PN_PIQ,E1863,7,3,0.68
P11961,PN_PIQ,E1863,7,3,0.4
P11962,PN_PIQ,E1863,7,3,1.49
P11963,PN_PIQ,E1863,7,3,0.3
P11964,MA_ROTA,E1864,3,2,2.39
P11965,PN_PIQ,E1864,3,2,2.44
P11966,MA_ROTA,E1864,3,2,1.02
P11967,PN_PIQ,E1865,1,2,0.92
P11968,PN_PIQ,E1865,1,2,0.25
P11969,MA_ROTA,E1865,1,2,0.31
P11970,MA_ROTA,E1865,1,2,0.07
P11971,PN_PIQ,E1865,1,2,0.06
P11972,MA_ROTA,E1865,1,2,0.3
P11973,PN_PIQ,E1866,7,3,0.41
P11974,PN_PIQ,E1866,7,3,0.46
P11975,PN_PIQ,E1866,7,3,0.19
P11976,PN_PIQ,E1867,7,3,0.5
P11977,MA_ROTA,E1868,3,2,0.94
P11978,PN_PIQ,E1868,3,2,1.06
P11979,PN_PIQ,E1869,7,3,1.11
P11980,PN_PIQ,E1869,7,3,0.14
P11981,PN_PIQ,E1869,7,3,0.39
P11982,PN_PIQ,E1869,7,3,1.67
P11983,PN_PIQ,E1869,7,3,0.66
P11984,PN_PIQ,E1869,7,3,0.79
P11985,PN_PIQ,E1870,3,2,0.84
P11986,PN_PIQ,E1870,3,2,0.98
P11987,PN_PIQ,E1870,3,2,0.13
P11988,PN_PIQ,E1870,3,2,2.26
P11989,PN_PIQ,E1871,7,3,0.93
P11990,PN_PIQ,E1871,7,3,0.7
P11992,PN_PIQ,E1871,7,3,0.38
P11993,PN_PIQ,E1871,7,3,0.89
P11994,PN_PIQ,E1872,7,3,0.75
P11995,PN_PIQ,E1872,7,3,0.3
P11996,PN_PIQ,E1873,3,2,2.37
P11997,PN_PIQ,E1874,7,3,0.76
P11998,PN_PIQ,E1874,7,3,2.1
P12001,PN_PIQ,E1875,7,3,1.01
P12002,PN_PIQ,E1875,7,3,1.16
P12003,PN_PIQ,E1876,7,3,0.74
P12004,PN_PIQ,E1876,7,3,0.38
P12005,PN_PIQ,E1876,7,3,0.44
P12006,PN_PIQ,E1877,7,3,0.78
P12007,PN_PIQ,E1877,7,3,0.15
P12008,PN_PIQ,E1877,7,3,0.19
P12009,MA_ROTA,E1878,3,2,0.71
P12010,PN_PIQ,E1878,3,2,2.31
P12011,MA_ROTA,E1878,3,2,2.31
P12013,MA_ROTA,E1878,3,2,0.34
P12015,MA_ROTA,E1878,3,2,0.82
P12016,MA_ROTA,E1878,3,2,0.34
P12017,MA_ROTA,E1879,2,2,2.55
P12018,PN_PIQ,E1880,7,3,0.25
P12019,PN_PIQ,E1880,7,3,0.41
P12020,PN_PIQ,E1880,7,3,0.32
P12021,PN_PIQ,E1881,4,1,1.15
P12022,PN_PIQ,E1881,4,1,1.12
P12025,PN_PIQ,E1881,4,1,1.21
P12026,MA_ROTA,E1882,2,2,0.68
P12027,PN_PIQ,E1882,2,2,0.53
P12028,MA_ROTA,E1882,2,2,0.7
P12029,PN_PIQ,E1883,7,3,0.48
P12030,PN_PIQ,E1883,7,3,0.32
P12031,PN_PIQ,E1883,7,3,0.99
P12032,PN_PIQ,E1883,7,3,0.73
P12033,PN_PIQ,E1884,7,3,0.31
P12034,PN_PIQ,E1884,7,3,0.52
P12035,PN_PIQ,E1884,7,3,0.32
P12036,PN_PIQ,E1884,7,3,0.46
P12037,PN_PIQ,E1884,7,3,0.18
P12038,PN_PIQ,E1884,7,3,0.34
P12039,PN_PIQ,E1885,7,3,0.76
P12040,PN_PIQ,E1886,7,3,0.43
P12041,PN_PIQ,E1886,7,3,0.25
P12042,PN_PIQ,E1886,7,3,0.28
P12043,PN_PIQ,E1886,7,3,0.76
P12044,PN_PIQ,E1886,7,3,0.22
P12045,PN_PIQ,E1886,7,3,0.35
P12046,PN_PIQ,E1886,7,3,0.27
P12048,PN_PIQ,E1887,7,3,0.5
P12049,PN_PIQ,E1887,7,3,0.28
P12050,PN_PIQ,E1888,7,3,0.4
P12051,PN_PIQ,E1888,7,3,0.3
P12052,PN_PIQ,E1888,7,3,0.76
P12053,PN_PIQ,E1888,7,3,0.13
P12054,PN_PIQ,E1889,7,3,0.29
P12055,PN_PIQ,E1889,7,3,0.48
P12056,PN_PIQ,E1889,7,3,0.27
P12057,PN_PIQ,E1889,7,3,0.12
P12058,PN_PIQ,E1889,7,3,0.44
P12059,PN_PIQ,E1889,7,3,0.25
P12060,PN_PIQ,E1889,7,3,0.12
P12061,PN_PIQ,E1889,7,3,0.2
P12062,PN_PIQ,E1889,7,3,0.17
P12063,PN_PIQ,E1890,7,3,0.33
P12064,PN_PIQ,E1890,7,3,1.03
P12065,PN_PIQ,E1890,7,3,0.2
P12066,PN_PIQ,E1891,7,3,0.49
P12067,PN_PIQ,E1891,7,3,0.08
P12068,PN_PIQ,E1892,4,1,0.25
P12069,PN_PIQ,E1892,4,1,0.95
P12070,PN_PIQ,E1892,4,1,0.84
P12071,PN_PIQ,E1893,7,3,0.89
P12072,PN_PIQ,E1893,7,3,0.13
P12073,PN_PIQ,E1893,7,3,0.28
P12074,PN_PIQ,E1894,7,3,0.25
P12075,PN_PIQ,E1894,7,3,0.26
P12076,PN_PIQ,E1894,7,3,0.21
P12077,PN_PIQ,E1894,7,3,0.9
P12078,PN_PIQ,E1894,7,3,0.53
P12079,PN_PIQ,E1895,7,3,1.93
P12080,PN_PIQ,E1895,7,3,0.24
P12081,PN_PIQ,E1896,7,3,0.67
P12082,PN_PIQ,E1896,7,3,0.3
P12083,PN_PIQ,E1897,7,3,0.47
P12084,PN_PIQ,E1897,7,3,0.96
P12085,PN_PIQ,E1898,2,2,0.16
P12086,PN_PIQ,E1898,2,2,0.15
P12087,MA_ROTA,E1898,2,2,0.11
P12088,MA_ROTA,E1898,2,2,0.11
P12089,PN_PIQ,E1898,2,2,0.06
P12090,PN_PIQ,E1898,2,2,0.08
P12091,PN_PIQ,E1899,7,3,0.7
P12092,PN_PIQ,E1899,7,3,0.75
P12093,PN_PIQ,E1900,7,3,0.34
P12094,PN_PIQ,E1900,7,3,0.33
P12095,PN_PIQ,E1900,7,3,1.8
P12096,PN_PIQ,E1900,7,3,1.11
P12097,PN_PIQ,E1901,7,3,0.82
P12098,PN_PIQ,E1901,7,3,0.5
P12099,PN_PIQ,E1901,7,3,0.21
P12100,PN_PIQ,E1901,7,3,2.38
P12101,PN_PIQ,E1902,7,3,0.92
P12102,PN_PIQ,E1902,7,3,0.45
P12103,PN_PIQ,E1903,7,3,0.76
P12104,PN_PIQ,E1903,7,3,0.44
P12105,PN_PIQ,E1903,7,3,0.41
P12106,PN_PIQ,E1903,7,3,0.52
P12107,PN_PIQ,E1903,7,3,0.68
P12108,PN_PIQ,E1903,7,3,0.09
P12109,PN_PIQ,E1903,7,3,0.19
P12110,PN_PIQ,E1904,7,3,0.74
P12111,PN_PIQ,E1904,7,3,0.85
P12112,PN_PIQ,E1904,7,3,0.87
P12113,PN_PIQ,E1904,7,3,0.74
P12114,PN_PIQ,E1904,7,3,1.16
P12115,PN_PIQ,E1904,7,3,0.53
P12116,PN_PIQ,E1904,7,3,0.2
P12117,PN_PIQ,E1904,7,3,0.4
P12118,PN_PIQ,E1904,7,3,0.32
P12119,PN_PIQ,E1904,7,3,0.58
P12120,PN_PIQ,E1905,7,3,0.42
P12121,PN_PIQ,E1905,7,3,0.23
P12122,PN_PIQ,E1905,7,3,0.26
P12123,PN_PIQ,E1905,7,3,0.15
P12124,PN_PIQ,E1905,7,3,0.29
P12125,PN_PIQ,E1906,7,3,0.44
P12126,PN_PIQ,E1906,7,3,0.4
P12127,PN_PIQ,E1906,7,3,0.43
P12128,PN_PIQ,E1906,7,3,0.16
P12129,PN_PIQ,E1906,7,3,0.52
P12130,PN_PIQ,E1906,7,3,0.71
P12131,PN_PIQ,E1907,7,3,0.88
P12132,PN_PIQ,E1907,7,3,1.25
P12133,MA_ROTA,E1908,3,2,0.43
P12134,MA_ROTA,E1908,3,2,1.29
P12135,MA_ROTA,E1908,3,2,0.47
P12136,PN_PIQ,E1909,7,3,0.46
P12137,PN_PIQ,E1909,7,3,0.51
P12138,PN_PIQ,E1909,7,3,0.63
P12139,PN_PIQ,E1909,7,3,0.35
P12140,PN_PIQ,E1909,7,3,0.14
P12141,PN_PIQ,E1910,7,3,0.7
P12142,MA_ROTA,E1911,3,2,0.62
P12143,PN_PIQ,E1911,3,2,0.18
P12144,MA_ROTA,E1911,3,2,0.13
P12145,PN_PIQ,E1912,3,2,2.55
P12147,PN_PIQ,E1912,3,2,1.13
P12148,PN_PIQ,E1913,3,2,1.86
P12149,MA_ROTA,E1914,3,2,1.85
P12150,MA_ROTA,E1914,3,2,2.53
P12151,PN_PIQ,E1915,3,2,1.1
P12152,MA_ROTA,E1915,3,2,0.48
P12153,MA_ROTA,E1915,3,2,0.7
P12154,MA_ROTA,E1915,3,2,1.36
P12155,PN_PIQ,E1915,3,2,0.14
P12156,PN_PIQ,E1915,3,2,0.58
P12157,PN_PIQ,E1915,3,2,0.37
P12158,MA_ROTA,E1915,3,2,0.35
P12159,MA_ROTA,E1916,2,2,0.52
P12160,ME,E1916,2,2,0.6
P12161,MA_ROTA,E1916,2,2,0.3
P12162,MA_ROTA,E1916,2,2,0.11
P12163,MA_ROTA,E1916,2,2,0.74
P12164,MA_ROTA,E1916,2,2,0.83
P12165,MA_ROTA,E1916,2,2,0.05
P12166,PN_PIQ,E1916,2,2,0.69
P12167,PN_PIQ,E1916,2,2,0.28
P12168,MA_ROTA,E1917,3,2,1.7
P12169,PN_PIQ,E1917,3,2,0.28
P12170,PN_PIQ,E1917,3,2,0.49
P12171,MA_ROTA,E1917,3,2,1.03
P12172,MA_ROTA,E1918,2,2,0.41
P12173,PN_PIQ,E1918,2,2,0.58
P12174,MA_ROTA,E1918,2,2,0.1
P12175,PN_PIQ,E1918,2,2,0.06
P12176,MA_ROTA,E1918,2,2,0.65
P12177,PN_PIQ,E1918,2,2,0.69
P12178,PN_PIQ,E1918,2,2,0.56
P12179,PN_PIQ,E1919,7,3,0.45
P12180,PN_PIQ,E1919,7,3,0.35
P12181,PN_PIQ,E1919,7,3,0.27
P12182,PN_PIQ,E1920,7,3,1.02
P12183,PN_PIQ,E1920,7,3,2.76
P12184,PN_PIQ,E1920,7,3,0.22
P12185,PN_PIQ,E1920,7,3,2.02
P12186,PN_PIQ,E1920,7,3,2.81
P12187,PN_PIQ,E1921,7,3,0.62
P12188,PN_PIQ,E1921,7,3,0.49
P12189,PN_PIQ,E1921,7,3,0.52
P12190,PN_PIQ,E1921,7,3,0.94
P12191,PN_PIQ,E1921,7,3,0.07
P12192,PN_PIQ,E1921,7,3,0.47
P12193,PN_PIQ,E1922,7,3,0.17
P12194,PN_PIQ,E1922,7,3,0.21
P12195,PN_PIQ,E1922,7,3,0.4
P12196,PN_PIQ,E1922,7,3,0.32
P12197,PN_PIQ,E1922,7,3,0.34
P12198,PN_PIQ,E1923,7,3,0.2
P12199,PN_PIQ,E1923,7,3,0.54
P12200,PN_PIQ,E1923,7,3,0.48
P12201,PN_PIQ,E1923,7,3,0.16
P12202,PN_PIQ,E1923,7,3,0.29
P12203,PN_PIQ,E1923,7,3,0.6
P12204,PN_PIQ,E1923,7,3,0.6
P12205,PN_PIQ,E1924,7,3,0.32
P12206,PN_PIQ,E1925,7,3,0.32
P12207,PN_PIQ,E1925,7,3,0.21
P12208,PN_PIQ,E1925,7,3,0.71
P12209,PN_PIQ,E1925,7,3,0.2
P12210,PN_PIQ,E1925,7,3,0.24
P12211,PN_PIQ,E1925,7,3,0.48
P12212,PN_PIQ,E1926,7,3,0.25
P12213,PN_PIQ,E1926,7,3,0.4
P12214,PN_PIQ,E1926,7,3,0.4
P12215,PN_PIQ,E1926,7,3,0.25
P12216,PN_PIQ,E1926,7,3,1.18
P12217,PN_PIQ,E1926,7,3,0.53
P12218,PN_PIQ,E1926,7,3,0.41
P12219,PN_PIQ,E1926,7,3,0.8
P12220,PN_PIQ,E1926,7,3,0.22
P12221,PN_PIQ,E1926,7,3,1.7
P12222,PN_PIQ,E1927,7,3,0.12
P12223,PN_PIQ,E1927,7,3,0.26
P12224,PN_PIQ,E1927,7,3,0.2
P12226,PN_PIQ,E1927,7,3,0.39
P12227,PN_PIQ,E1928,7,3,0.38
P12228,PN_PIQ,E1928,7,3,0.49
P12229,PN_PIQ,E1928,7,3,0.31
P12230,PN_PIQ,E1928,7,3,2.1
P12231,PN_PIQ,E1928,7,3,0.52
P12232,PN_PIQ,E1928,7,3,0.07
P12233,PN_PIQ,E1928,7,3,0.13
P12234,PN_PIQ,E1928,7,3,0.22
P12235,PN_PIQ,E1929,7,3,0.52
P12236,PN_PIQ,E1929,7,3,0.24
P12237,PN_PIQ,E1929,7,3,0.12
P12238,PN_PIQ,E1929,7,3,0.27
P12239,PN_PIQ,E1930,7,3,1.34
P12240,PN_PIQ,E1930,7,3,0.4
P12241,PN_PIQ,E1931,7,3,0.37
P12242,PN_PIQ,E1931,7,3,0.25
P12243,PN_PIQ,E1931,7,3,0.27
P12244,PN_PIQ,E1931,7,3,0.08
P12245,PN_PIQ,E1931,7,3,0.09
P12246,PN_PIQ,E1932,7,3,0.71
P12247,PN_PIQ,E1932,7,3,0.24
P12248,PN_PIQ,E1933,7,3,1.49
P12249,PN_PIQ,E1933,7,3,1.28
P12250,PN_PIQ,E1933,7,3,0.62
P12251,PN_PIQ,E1934,7,3,0.3
P12252,PN_PIQ,E1934,7,3,0.55
P12253,PN_PIQ,E1934,7,3,0.49
P12254,PN_PIQ,E1935,7,3,0.23
P12255,PN_PIQ,E1935,7,3,0.77
P12256,PN_PIQ,E1935,7,3,0.41
P12257,PN_PIQ,E1935,7,3,0.56
P12258,PN_PIQ,E1935,7,3,0.73
P12259,PN_PIQ,E1935,7,3,0.11
P12260,PN_PIQ,E1935,7,3,0.12
P12261,PN_PIQ,E1935,7,3,0.16
P12262,PN_PIQ,E1936,2,2,2.67
P12263,MA_ROTA,E1936,2,2,1.29
P12264,ME,E1936,2,2,0.15
P12265,ME,E1936,2,2,2.09
P12266,MA_ROTA,E1936,2,2,0.3
P12267,PN_PIQ,E1936,2,2,0.33
P12268,MA_ROTA,E1936,2,2,0.02
P12269,PN_PIQ,E1937,7,3,0.15
P12270,PN_PIQ,E1937,7,3,0.6
P12271,PN_PIQ,E1938,7,3,3.54
P12272,PN_PIQ,E1938,7,3,0.45
P12273,PN_PIQ,E1938,7,3,0.7
P12274,PN_PIQ,E1938,7,3,1.12
P12276,PN_PIQ,E1939,2,2,0.59
P12277,MA_ROTA,E1939,2,2,0.4
P12278,PN_PIQ,E1939,2,2,0.37
P12279,MA_ROTA,E1939,2,2,1.13
P12280,PN_PIQ,E1940,4,1,0.88
P12281,PN_PIQ,E1940,4,1,0.37
P12282,PN_PIQ,E1940,4,1,0.96
P12283,PN_PIQ,E1940,4,1,0.07
P12284,PN_PIQ,E1940,4,1,0.95
P12285,MA_ROTA,E1941,1,2,0.48
P12286,PN_PIQ,E1941,1,2,0.33
P12287,MA_ROTA,E1941,1,2,1.44
P12288,PN_PIQ,E1941,1,2,0.07
P12289,MA_ROTA,E1942,2,2,0.42
P12290,PN_PIQ,E1942,2,2,0.69
P12291,PN_PIQ,E1943,7,3,0.84
P12292,PN_PIQ,E1943,7,3,0.45
P12293,PN_PIQ,E1943,7,3,1.54
P12294,PN_PIQ,E1943,7,3,1.35
P12295,PN_PIQ,E1943,7,3,0.4
P12296,PN_PIQ,E1943,7,3,0.64
P12297,PN_PIQ,E1944,7,3,0.56
P12298,PN_PIQ,E1944,7,3,0.07
P12299,PN_PIQ,E1944,7,3,0.72
P12300,PN_PIQ,E1944,7,3,0.14
P12301,PN_PIQ,E1944,7,3,0.13
P12302,PN_PIQ,E1944,7,3,0.09
P12303,PN_PIQ,E1944,7,3,0.08
P12304,PN_PIQ,E1944,7,3,0.04
P12305,MA_ROTA,E1945,3,2,1.56
P12306,MA_ROTA,E1945,3,2,0.74
P12307,PN_PIQ,E1945,3,2,0.49
P12308,MA_ROTA,E1945,3,2,1.02
P12309,MA_ROTA,E1945,3,2,0.16
P12310,MA_ROTA,E1945,3,2,0.13
P12311,PN_PIQ,E1945,3,2,0.92
P12312,PN_PIQ,E1945,3,2,1.61
P12313,PN_PIQ,E1945,3,2,0.56
P12314,MA_ROTA,E1945,3,2,3.61
P12315,MA_ROTA,E1945,3,2,0.36
P12316,PN_PIQ,E1945,3,2,0.64
P12317,MA_ROTA,E1945,3,2,1.23
P12318,MA_ROTA,E1945,3,2,1.78
P12319,PN_PIQ,E1946,7,3,0.11
P12320,PN_PIQ,E1946,7,3,0.45
P12321,PN_PIQ,E1946,7,3,0.39
P12322,PN_PIQ,E1946,7,3,0.11
P12323,PN_PIQ,E1947,7,3,0.3
P12324,PN_PIQ,E1947,7,3,0.67
P12325,PN_PIQ,E1947,7,3,0.57
P12326,PN_PIQ,E1947,7,3,0.64
P12327,PN_PIQ,E1947,7,3,0.53
P12328,PN_PIQ,E1948,7,3,0.51
P12329,PN_PIQ,E1948,7,3,0.33
P12330,PN_PIQ,E1948,7,3,0.09
P12331,TH,E1949,6,1,0.12
P12332,TH,E1949,6,1,0.27
P12333,AN_PA,E1949,6,1,0.06
P12334,AN_PA,E1949,6,1,1.04
P12335,PN_PIQ,E1950,7,3,0.62
P12336,PN_PIQ,E1950,7,3,0.47
P12337,PN_PIQ,E1950,7,3,0.79
P12338,MA_ROTA,E1951,4,1,3.61
P12339,PN_PIQ,E1951,4,1,0.69
P12340,PN_PIQ,E1952,7,3,0.38
P12341,PN_PIQ,E1952,7,3,0.44
P12342,PN_PIQ,E1952,7,3,0.15
P12343,PN_PIQ,E1952,7,3,0.51
P12344,PN_PIQ,E1952,7,3,0.21
P12345,PN_PIQ,E1952,7,3,1.21
P12346,PN_PIQ,E1952,7,3,0.15
P12347,MA_ROTA,E1953,1,2,1.91
P12348,PN_PIQ,E1954,4,1,1.02
P12349,PN_PIQ,E1954,4,1,3.26
P12350,PN_PIQ,E1954,4,1,2.38
P12351,PN_PIQ,E1954,4,1,1.27
P12352,PN_PIQ,E1954,4,1,1.19
P12353,AG,E1954,4,1,0.47
P12354,PN_PIQ,E1954,4,1,1.4
P12355,PN_PIQ,E1954,4,1,0.6
P12356,PN_PIQ,E1954,4,1,1.29
P12357,PN_PIQ,E1954,4,1,0.59
P12358,PN_PIQ,E1954,4,1,4.1
P12359,PN_PIQ,E1954,4,1,0.98
P12360,PN_PIQ,E1954,4,1,0.98
P12361,PN_PIQ,E1954,4,1,0.99
P12362,PN_PIQ,E1954,4,1,0.19
P12363,PN_PIQ,E1954,4,1,0.27
P12364,IG_PLA,E1954,4,1,1.57
P12365,PN_PIQ,E1955,4,1,1.32
P12366,PN_PIQ,E1955,4,1,0.33
P12367,PN_PIQ,E1956,3,2,2.14
P12368,PN_PIQ,E1956,3,2,0.64
P12369,PN_PIQ,E1957,3,2,0.78
P12370,PN_PIQ,E1957,3,2,0.66
P12371,MA_ROTA,E1957,3,2,0.46
P12372,PN_PIQ,E1957,3,2,0.68
P12373,PN_PIQ,E1957,3,2,0.39
P12374,PN_PIQ,E1957,3,2,0.79
P12375,PN_PIQ,E1958,2,2,0.66
P12376,PN_PIQ,E1958,2,2,0.29
P12377,MA_ROTA,E1958,2,2,0.24
P12378,PN_PIQ,E1959,4,1,0.5
P12379,PN_PIQ,E1960,7,3,0.71
P12380,PN_PIQ,E1960,7,3,1.02
P12381,PN_PIQ,E1960,7,3,4.55
P12382,PN_PIQ,E1961,7,3,0.89
P12383,PN_PIQ,E1961,7,3,1.22
P12384,PN_PIQ,E1961,7,3,0.1
P12385,PN_PIQ,E1961,7,3,0.12
P12386,PN_PIQ,E1962,1,2,0.92
P12387,MA_ROTA,E1962,1,2,1.41
P12388,ME,E1962,1,2,0.26
P12389,MA_ROTA,E1962,1,2,2.08
P12390,MA_ROTA,E1962,1,2,1.02
P12391,MA_ROTA,E1962,1,2,1.46
P12392,PN_PIQ,E1963,4,1,1.4
P12393,PN_PIQ,E1964,7,3,0.69
P12394,PN_PIQ,E1964,7,3,0.18
P12395,PN_PIQ,E1964,7,3,0.29
P12396,PN_PIQ,E1965,7,3,0.35
P12397,PN_PIQ,E1965,7,3,0.41
P12398,PN_PIQ,E1965,7,3,0.44
P12399,PN_PIQ,E1966,7,3,0.31
P12400,PN_PIQ,E1966,7,3,0.22
P12401,PN_PIQ,E1966,7,3,0.5
P12402,PN_PIQ,E1966,7,3,0.32
P12403,PN_PIQ,E1966,7,3,0.75
P12404,PN_PIQ,E1967,4,1,1.54
P12405,PN_PIQ,E1967,4,1,3.77
P12406,PN_PIQ,E1967,4,1,0.19
P12407,PN_PIQ,E1967,4,1,2.05
P12408,PN_PIQ,E1967,4,1,1.22
P12409,PN_PIQ,E1967,4,1,1.93
P12410,PN_PIQ,E1967,4,1,0.66
P12411,MA_ROTA,E1968,1,2,0.04
P12412,PN_PIQ,E1968,1,2,0.15
P12413,MA_ROTA,E1968,1,2,0.62
P12414,PN_PIQ,E1968,1,2,0.53
P12415,PN_PIQ,E1968,1,2,0.32
P12416,MA_ROTA,E1968,1,2,0.52
P12417,MA_ROTA,E1968,1,2,1.03
P12418,MA_ROTA,E1968,1,2,0.25
P12419,PN_PIQ,E1968,1,2,0.48
P12420,PN_PIQ,E1968,1,2,0.3
P12421,MA_ROTA,E1968,1,2,0.13
P12422,MA_ROTA,E1968,1,2,0.44
P12423,PN_PIQ,E1968,1,2,0.06
P12424,BC_BT,E1969,4,1,1.47
P12425,AG,E1969,4,1,1.03
P12426,PN_PIQ,E1969,4,1,0.1
P12427,PN_PIQ,E1969,4,1,0.2
P12428,PN_PIQ,E1970,4,1,1.6
P12429,PN_PIQ,E1970,4,1,2.07
P12431,PN_PIQ,E1970,4,1,0.98
P12432,PN_PIQ,E1970,4,1,0.59
P12433,PN_PIQ,E1970,4,1,0.64
P12434,PN_PIQ,E1970,4,1,0.48
P12435,PN_PIQ,E1970,4,1,1.0
P12436,PN_PIQ,E1970,4,1,1.47
P12437,PN_PIQ,E1970,4,1,0.82
P12438,PN_PIQ,E1970,4,1,2.52
P12439,MA_ROTA,E1970,4,1,1.21
P12441,PN_PIQ,E1970,4,1,0.66
P12443,PN_PIQ,E1970,4,1,1.22
P12444,PN_PIQ,E1970,4,1,0.48
P12445,PN_PIQ,E1970,4,1,0.19
P12446,PN_PIQ,E1970,4,1,1.29
P12447,PN_PIQ,E1970,4,1,3.2
P12448,PN_PIQ,E1970,4,1,1.65
P12449,PN_PIQ,E1970,4,1,2.14
P12450,PN_PIQ,E1970,4,1,0.29
P12451,PN_PIQ,E1970,4,1,0.53
P12452,PN_PIQ,E1970,4,1,0.22
P12454,PN_PIQ,E1970,4,1,0.68
P12455,PN_PIQ,E1970,4,1,0.19
P12458,PN_PIQ,E1970,4,1,1.24
P12459,PN_PIQ,E1970,4,1,0.5
P12460,PN_PIQ,E1970,4,1,0.75
P12462,PN_PIQ,E1970,4,1,0.92
P12463,MA_ROTA,E1971,3,2,0.77
P12464,PN_PIQ,E1971,3,2,0.88
P12465,PN_PIQ,E1971,3,2,0.32
P12466,PN_PIQ,E1971,3,2,0.43
P12467,MA_ROTA,E1971,3,2,1.37
P12469,PN_PIQ,E1971,3,2,2.23
P12470,PN_PIQ,E1971,3,2,0.99
P12471,MA_ROTA,E1971,3,2,0.19
P12472,PN_PIQ,E1971,3,2,0.16
P12473,MA_ROTA,E1971,3,2,0.43
P12474,PN_PIQ,E1972,7,3,0.4
P12475,PN_PIQ,E1972,7,3,0.42
P12476,PN_PIQ,E1972,7,3,0.24
P12477,PN_PIQ,E1973,7,3,0.52
P12478,PN_PIQ,E1973,7,3,0.58
P12479,PN_PIQ,E1974,7,3,0.33
P12480,PN_PIQ,E1974,7,3,0.09
P12481,PN_PIQ,E1974,7,3,0.14
P12482,PN_PIQ,E1975,7,3,1.04
P12483,PN_PIQ,E1975,7,3,0.84
P12484,PN_PIQ,E1975,7,3,0.1
P12485,PN_PIQ,E1975,7,3,0.38
P12486,PN_PIQ,E1975,7,3,0.05
P12487,PN_PIQ,E1975,7,3,0.61
P12488,PN_PIQ,E1976,7,3,0.89
P12489,PN_PIQ,E1976,7,3,0.6
P12490,PN_PIQ,E1976,7,3,0.34
P12491,PN_PIQ,E1976,7,3,0.22
P12492,PN_PIQ,E1977,7,3,1.13
P12493,PN_PIQ,E1977,7,3,0.37
P12494,PN_PIQ,E1977,7,3,0.99
P12495,PN_PIQ,E1977,7,3,0.83
P12496,PN_PIQ,E1977,7,3,0.55
P12497,PN_PIQ,E1977,7,3,0.33
P12498,PN_PIQ,E1977,7,3,0.51
P12499,PN_PIQ,E1978,7,3,0.55
P12500,PN_PIQ,E1978,7,3,0.98
P12501,PN_PIQ,E1979,7,3,0.35
P12502,PN_PIQ,E1979,7,3,0.09
P12503,PN_PIQ,E1979,7,3,0.57
P12504,PN_PIQ,E1979,7,3,0.24
P12505,PN_PIQ,E1980,7,3,0.82
P12506,PN_PIQ,E1980,7,3,1.06
P12507,PN_PIQ,E1980,7,3,0.95
P12508,PN_PIQ,E1981,7,3,3.38
P12509,PN_PIQ,E1981,7,3,0.51
P12510,PN_PIQ,E1981,7,3,0.35
P12511,PN_PIQ,E1982,7,3,0.91
P12512,PN_PIQ,E1983,2,2,0.66
P12513,PN_PIQ,E1983,2,2,0.64
P12514,MA_ROTA,E1983,2,2,1.04
P12515,PN_PIQ,E1983,2,2,2.74
P12516,MA_ROTA,E1983,2,2,0.72
P12517,PN_PIQ,E1983,2,2,0.04
P12518,PN_PIQ,E1984,4,1,4.51
P12519,PN_PIQ,E1984,4,1,1.02
P12520,PN_PIQ,E1984,4,1,1.02
P12521,PN_PIQ,E1984,4,1,5.12
P12522,PN_PIQ,E1985,3,2,0.94
P12523,MA_ROTA,E1985,3,2,2.15
P12524,MA_ROTA,E1985,3,2,0.05
P12525,MA_ROTA,E1985,3,2,0.3
P12526,MA_ROTA,E1986,3,2,1.34
P12527,MA_ROTA,E1986,3,2,0.44
P12528,MA_ROTA,E1986,3,2,0.88
P12529,PN_PIQ,E1987,7,3,0.51
P12530,MA_ROTA,E1988,2,2,1.24
P12531,MA_ROTA,E1988,1,2,0.89
P12532,MA_ROTA,E1988,2,2,0.1
P12533,PN_PIQ,E1988,1,2,0.07
P12534,MA_ROTA,E1988,1,2,0.36
P12535,PN_PIQ,E1988,1,2,0.42
P12536,PN_PIQ,E1989,3,2,0.97
P12538,MA_ROTA,E1989,3,2,0.5
P12539,MA_ROTA,E1989,3,2,1.09
P12540,MA_ROTA,E1990,3,2,2.21
P12541,MA_ROTA,E1990,3,2,1.29
P12542,PN_PIQ,E1991,3,2,1.31
P12543,PN_PIQ,E1991,3,2,0.85
P12544,PN_PIQ,E1991,3,2,0.38
P12545,PN_PIQ,E1991,3,2,0.67
P12546,PN_PIQ,E1991,3,2,2.47
P12547,PN_PIQ,E1991,3,2,0.61
P12548,MA_ROTA,E1991,3,2,0.26
P12549,MA_ROTA,E1991,3,2,0.12
P12550,MA_ROTA,E1991,3,2,1.05
P12552,PN_PIQ,E1991,3,2,1.45
P12554,PN_PIQ,E1991,3,2,0.29
P12555,MA_ROTA,E1991,3,2,0.11
P12556,PN_PIQ,E1992,2,2,0.45
P12557,PN_PIQ,E1993,7,3,1.12
P12558,PN_PIQ,E1993,7,3,1.16
P12559,PN_PIQ,E1993,7,3,2.17
P12560,PN_PIQ,E1993,7,3,1.03
P12561,PN_PIQ,E1993,7,3,0.42
P12562,PN_PIQ,E1993,7,3,0.68
P12563,PN_PIQ,E1994,3,2,0.89
P12564,MA_ROTA,E1994,3,2,1.01
P12565,ME,E1995,3,2,1.9
P12566,MA_ROTA,E1995,3,2,0.07
P12567,PN_PIQ,E1996,7,3,0.7
P12568,PN_PIQ,E1996,7,3,0.43
P12569,PN_PIQ,E1996,7,3,0.53
P12570,PN_PIQ,E1996,7,3,0.51
P12571,PN_PIQ,E1996,7,3,0.46
P12572,PN_PIQ,E1997,7,3,0.42
P12573,PN_PIQ,E1997,7,3,0.63
P12574,PN_PIQ,E1997,7,3,0.08
P12575,PN_PIQ,E1998,7,3,0.48
P12576,PN_PIQ,E1998,7,3,0.41
P12577,PN_PIQ,E1998,7,3,0.5
P12578,PN_PIQ,E1998,7,3,0.89
P12579,PN_PIQ,E1999,7,3,0.28
P12580,PN_PIQ,E1999,7,3,0.75
P12581,PN_PIQ,E2000,7,3,1.34
P12582,PN_PIQ,E2001,7,3,2.3
P12583,PN_PIQ,E2001,7,3,0.32
P12584,PN_PIQ,E2001,7,3,0.26
P12585,PN_PIQ,E2001,7,3,0.16
P12586,PN_PIQ,E2002,7,3,0.19
P12587,PN_PIQ,E2002,7,3,0.65
P12588,PN_PIQ,E2002,7,3,0.46
P12589,PN_PIQ,E2002,7,3,0.14
P12590,PN_PIQ,E2002,7,3,1.38
P12591,PN_PIQ,E2002,7,3,0.44
P12592,PN_PIQ,E2002,7,3,0.4
P12593,PN_PIQ,E2002,7,3,0.79
P12594,PN_PIQ,E2002,7,3,0.41
P12595,PN_PIQ,E2002,7,3,0.19
P12596,PN_PIQ,E2002,7,3,0.25
P12597,PN_PIQ,E2003,7,3,0.15
P12598,PN_PIQ,E2003,7,3,0.12
P12599,PN_PIQ,E2003,7,3,0.32
P12600,PN_PIQ,E2003,7,3,0.08
P12601,PN_PIQ,E2004,7,3,1.16
P12602,PN_PIQ,E2004,7,3,0.05
P12603,PN_PIQ,E2004,7,3,0.62
P12604,PN_PIQ,E2004,7,3,0.86
P12605,PN_PIQ,E2004,7,3,2.0
P12606,PN_PIQ,E2005,7,3,0.48
P12607,PN_PIQ,E2005,7,3,0.9
P12608,PN_PIQ,E2005,7,3,0.95
P12609,PN_PIQ,E2006,7,3,0.63
P12610,PN_PIQ,E2007,7,3,0.43
P12611,PN_PIQ,E2007,7,3,0.71
P12612,PN_PIQ,E2007,7,3,0.1
P12613,PN_PIQ,E2007,7,3,0.3
P12614,PN_PIQ,E2007,7,3,0.12
P12615,PN_PIQ,E2007,7,3,0.22
P12616,PN_PIQ,E2008,4,1,1.93
P12617,PN_PIQ,E2008,4,1,1.75
P12618,PN_PIQ,E2008,4,1,0.22
P12619,PN_PIQ,E2009,7,3,0.82
P12620,PN_PIQ,E2009,7,3,0.39
P12621,PN_PIQ,E2009,7,3,0.25
P12622,PN_PIQ,E2010,7,3,0.25
P12623,PN_PIQ,E2010,7,3,1.0
P12624,PN_PIQ,E2010,7,3,0.42
P12625,PN_PIQ,E2010,7,3,1.16
P12626,PN_PIQ,E2010,7,3,0.5
P12627,PN_PIQ,E2010,7,3,0.29
P12628,PN_PIQ,E2010,7,3,0.38
P12629,PN_PIQ,E2010,7,3,0.46
P12630,PN_PIQ,E2010,7,3,1.0
P12631,MA_ROTA,E2011,3,2,0.35
P12632,MA_ROTA,E2011,3,2,0.85
P12633,PN_PIQ,E2011,3,2,0.15
P12634,MA_ROTA,E2011,3,2,0.27
P12635,PN_PIQ,E2012,4,1,2.06
P12636,MA_ROTA,E2013,2,2,0.07
P12637,MA_ROTA,E2013,2,2,0.55
P12638,PN_PIQ,E2013,2,2,1.78
P12639,MA_ROTA,E2013,2,2,0.96
P12640,MA_ROTA,E2013,2,2,0.83
P12641,MA_ROTA,E2013,2,2,0.16
P12642,PN_PIQ,E2013,2,2,0.92
P12643,PN_PIQ,E2014,7,3,0.93
P12644,PN_PIQ,E2014,7,3,0.57
P12645,PN_PIQ,E2015,7,3,0.33
P12646,PN_PIQ,E2015,7,3,0.32
P12647,PN_PIQ,E2015,7,3,0.19
P12648,PN_PIQ,E2015,7,3,0.89
P12649,PN_PIQ,E2015,7,3,0.38
P12650,PN_PIQ,E2016,2,2,0.07
P12651,PN_PIQ,E2016,2,2,0.03
P12652,PN_PIQ,E2016,2,2,0.09
P12653,PN_PIQ,E2016,2,2,1.11
P12654,PN_PIQ,E2016,2,2,0.17
P12655,PN_PIQ,E2017,7,3,0.5
P12656,PN_PIQ,E2017,7,3,0.8
P12657,PN_PIQ,E2017,7,3,0.38
P12658,PN_PIQ,E2017,7,3,0.61
P12659,PN_PIQ,E2018,7,3,0.47
P12660,PN_PIQ,E2018,7,3,0.58
P12661,PN_PIQ,E2018,7,3,0.47
P12662,PN_PIQ,E2018,7,3,0.39
P12663,PN_PIQ,E2018,7,3,0.2
P12664,PN_PIQ,E2018,7,3,0.73
P12665,MA_ROTA,E2019,3,2,0.95
P12666,PN_PIQ,E2020,2,2,0.39
P12667,MA_ROTA,E2021,3,2,2.81
P12668,PN_PIQ,E2021,3,2,1.77
P12669,MA_ROTA,E2021,3,2,3.56
P12670,MA_ROTA,E2021,3,2,0.13
P12671,PN_PIQ,E2022,7,3,0.4
P12672,PN_PIQ,E2022,7,3,0.75
P12673,PN_PIQ,E2023,4,1,0.45
P12674,PN_PIQ,E2023,4,1,0.51
P12675,PN_PIQ,E2023,4,1,0.64
P12676,PN_PIQ,E2023,4,1,0.33
P12677,PN_PIQ,E2023,4,1,0.24
P12678,PN_PIQ,E2024,7,3,0.82
P12679,PN_PIQ,E2024,7,3,0.7
P12680,PN_PIQ,E2024,7,3,0.38
P12681,PN_PIQ,E2025,4,1,0.39
P12682,PN_PIQ,E2025,4,1,0.48
P12686,PN_PIQ,E2025,4,1,1.12
P12687,PN_PIQ,E2025,4,1,1.17
P12688,PN_PIQ,E2025,4,1,0.07
P12689,PN_PIQ,E2025,4,1,1.09
P12690,PN_PIQ,E2025,4,1,1.41
P12691,PN_PIQ,E2025,4,1,1.42
P12692,PN_PIQ,E2025,4,1,0.87
P12693,PN_PIQ,E2025,4,1,0.98
P12695,PN_PIQ,E2026,3,2,0.22
P12696,PN_PIQ,E2027,7,3,0.34
P12697,PN_PIQ,E2027,7,3,0.1
P12698,PN_PIQ,E2027,7,3,0.41
P12699,PN_PIQ,E2027,7,3,0.91
P12700,MA_ROTA,E2028,3,2,1.51
P12701,MA_ROTA,E2028,3,2,0.31
P12702,PN_PIQ,E2029,7,3,0.19
P12703,PN_PIQ,E2029,7,3,1.85
P12704,PN_PIQ,E2029,7,3,0.58
P12705,PN_PIQ,E2029,7,3,0.59
P12706,PN_PIQ,E2029,7,3,1.35
P12707,PN_PIQ,E2029,7,3,0.47
P12708,PN_PIQ,E2030,7,3,0.67
P12709,PN_PIQ,E2030,7,3,2.68
P12712,PN_PIQ,E2031,7,3,1.02
P12713,PN_PIQ,E2031,7,3,0.19
P12714,PN_PIQ,E2031,7,3,0.47
P12715,PN_PIQ,E2031,7,3,0.22
P12716,PN_PIQ,E2032,4,1,1.39
P12717,PN_PIQ,E2032,4,1,0.58
P12718,PN_PIQ,E2032,4,1,0.67
P12719,PN_PIQ,E2032,4,1,0.57
P12720,PN_PIQ,E2033,7,3,0.65
P12721,PN_PIQ,E2033,7,3,0.54
P12722,PN_PIQ,E2033,7,3,1.15
P12723,PN_PIQ,E2033,7,3,0.39
P12724,PN_PIQ,E2033,7,3,2.08
P12725,PN_PIQ,E2033,7,3,0.44
P12726,PN_PIQ,E2034,7,3,0.45
P12727,PN_PIQ,E2034,7,3,0.5
P12728,PN_PIQ,E2034,7,3,0.42
P12729,PN_PIQ,E2035,7,3,0.21
P12730,PN_PIQ,E2035,7,3,0.39
P12731,PN_PIQ,E2035,7,3,0.24
P12732,PN_PIQ,E2036,7,3,0.89
P12733,PN_PIQ,E2036,7,3,1.08
P12734,PN_PIQ,E2036,7,3,0.15
P12735,PN_PIQ,E2036,7,3,0.1
P12736,PN_PIQ,E2036,7,3,0.37
P12737,PN_PIQ,E2036,7,3,0.39
P12738,PN_PIQ,E2036,7,3,0.34
P12739,ME,E2037,3,2,0.84
P12740,MA_ROTA,E2037,3,2,0.41
P12742,MA_ROTA,E2037,3,2,2.19
P12743,MA_ROTA,E2037,3,2,0.76
P12744,PN_PIQ,E2037,3,2,0.98
P12746,MA_ROTA,E2037,3,2,3.11
P12747,PN_PIQ,E2038,7,3,1.05
P12748,PN_PIQ,E2038,7,3,0.62
P12749,PN_PIQ,E2038,7,3,0.26
P12750,PN_PIQ,E2038,7,3,0.15
P12751,PN_PIQ,E2038,7,3,0.11
P12752,PN_PIQ,E2038,7,3,1.31
P12753,PN_PIQ,E2038,7,3,0.24
P12754,PN_PIQ,E2039,7,3,1.21
P12755,PN_PIQ,E2039,7,3,1.07
P12756,PN_PIQ,E2040,4,1,1.86
P12758,PN_PIQ,E2040,4,1,0.86
P12759,PN_PIQ,E2041,7,3,0.64
P12760,PN_PIQ,E2041,7,3,0.64
P12761,PN_PIQ,E2041,7,3,0.49
P12762,PN_PIQ,E2042,7,3,0.6
P12763,PN_PIQ,E2042,7,3,0.15
P12764,PN_PIQ,E2042,7,3,0.14
P12765,PN_PIQ,E2042,7,3,0.1
P12767,PN_PIQ,E2043,3,2,1.05
P12769,PN_PIQ,E2043,3,2,0.9
P12770,PN_PIQ,E2043,3,2,0.62
P12771,PN_PIQ,E2043,3,2,0.8
P12772,PN_PIQ,E2043,3,2,0.13
P12773,PN_PIQ,E2043,3,2,0.36
P12774,PN_PIQ,E2044,7,3,1.86
P12775,PN_PIQ,E2044,7,3,0.21
P12776,PN_PIQ,E2044,7,3,0.35
P12777,MA_ROTA,E2045,3,2,0.6
P12778,MA_ROTA,E2045,3,2,1.94
P12779,MA_ROTA,E2045,3,2,4.81
P12780,MA_ROTA,E2045,3,2,1.29
P12781,PN_PIQ,E2046,4,1,0.67
P12782,PN_PIQ,E2047,7,3,0.48
P12783,PN_PIQ,E2047,7,3,0.2
P12784,PN_PIQ,E2047,7,3,0.23
P12785,PN_PIQ,E2047,7,3,0.52
P12786,PN_PIQ,E2047,7,3,0.33
P12787,PN_PIQ,E2047,7,3,0.41
P12788,PN_PIQ,E2048,7,3,0.54
P12789,PN_PIQ,E2048,7,3,0.66
P12790,PN_PIQ,E2048,7,3,0.81
P12791,PN_PIQ,E2048,7,3,0.35
P12792,PN_PIQ,E2049,3,2,0.13
P12793,PN_PIQ,E2049,3,2,1.58
P12794,PN_PIQ,E2049,3,2,0.62
P12795,MA_ROTA,E2049,3,2,1.04
P12796,PN_PIQ,E2049,3,2,3.33
P12797,PN_PIQ,E2049,3,2,1.29
P12798,MA_ROTA,E2050,3,2,2.1
P12799,MA_ROTA,E2051,3,2,0.39
P12800,MA_ROTA,E2051,3,2,1.98
P12801,MA_ROTA,E2051,3,2,2.86
P12803,PN_PIQ,E2052,3,2,1.11
P12804,PN_PIQ,E2052,3,2,0.38
P12805,PN_PIQ,E2053,3,2,0.31
P12806,PN_PIQ,E2054,3,2,0.69
P12807,MA_ROTA,E2054,3,2,1.42
P12808,MA_ROTA,E2054,3,2,0.75
P12809,ME,E2054,3,2,1.61
P12810,MA_ROTA,E2054,3,2,2.16
P12811,MA_ROTA,E2054,3,2,0.25
P12812,MA_ROTA,E2054,3,2,2.05
P12813,MA_ROTA,E2054,3,2,0.2
P12814,PN_PIQ,E2055,7,3,0.71
P12815,PN_PIQ,E2055,7,3,0.46
P12816,PN_PIQ,E2056,4,1,0.66
P12817,PN_PIQ,E2056,4,1,0.28
P12818,PN_PIQ,E2057,7,3,0.89
P12819,PN_PIQ,E2057,7,3,0.56
P12820,PN_PIQ,E2058,3,2,0.49
P12822,MA_ROTA,E2058,3,2,0.68
P12823,PN_PIQ,E2059,2,2,0.53
P12824,PN_PIQ,E2059,2,2,0.44
P12825,PN_PIQ,E2059,2,2,0.16
P12826,PN_PIQ,E2060,7,3,0.98
P12827,PN_PIQ,E2060,7,3,0.41
P12828,PN_PIQ,E2061,7,3,0.77
P12829,PN_PIQ,E2061,7,3,0.42
P12830,PN_PIQ,E2061,7,3,0.87
P12831,ME,E2062,1,2,1.58
P12832,MA_ROTA,E2062,1,2,1.86
P12833,MA_ROTA,E2062,1,2,2.78
P12834,MA_ROTA,E2062,1,2,0.74
P12835,PN_PIQ,E2062,1,2,0.42
P12836,PN_PIQ,E2063,3,2,2.07
P12837,MA_ROTA,E2063,3,2,0.09
P12838,MA_ROTA,E2063,3,2,0.91
P12840,PN_PIQ,E2063,3,2,0.56
P12841,PN_PIQ,E2064,1,2,0.7
P12842,PN_PIQ,E2064,1,2,0.56
P12843,MA_ROTA,E2064,1,2,0.24
P12844,MA_ROTA,E2064,1,2,0.13
P12845,PN_PIQ,E2065,7,3,0.78
P12846,PN_PIQ,E2065,7,3,0.13
P12847,PN_PIQ,E2065,7,3,0.9
P12848,MA_ROTA,E2066,1,2,0.31
P12849,PN_PIQ,E2066,1,2,2.4
P12850,MA_ROTA,E2066,1,2,0.57
P12852,MA_ROTA,E2066,1,2,2.53
P12853,MA_ROTA,E2066,1,2,0.07
P12854,MA_ROTA,E2066,1,2,0.51
P12855,MA_ROTA,E2066,1,2,1.37
P12856,PN_PIQ,E2066,1,2,0.09
P12857,PN_PIQ,E2066,1,2,0.32
P12858,MA_ROTA,E2066,1,2,0.44
P12859,PN_PIQ,E2066,1,2,0.69
P12860,PN_PIQ,E2066,1,2,0.11
P12861,MA_ROTA,E2066,1,2,0.67
P12862,MA_ROTA,E2066,1,2,0.21
P12863,MA_ROTA,E2066,1,2,0.5
P12864,MA_ROTA,E2066,1,2,0.2
P12865,PN_PIQ,E2066,1,2,0.3
P12866,MA_ROTA,E2066,1,2,1.0
P12867,PN_PIQ,E2067,7,3,0.38
P12868,PN_PIQ,E2067,7,3,0.7
P12869,PN_PIQ,E2068,3,2,0.75
P12870,PN_PIQ,E2068,3,2,1.47
P12872,MA_ROTA,E2068,3,2,0.23
P12873,MA_ROTA,E2068,3,2,1.01
P12874,PN_PIQ,E2069,7,3,0.82
P12875,PN_PIQ,E2069,7,3,0.25
P12876,PN_PIQ,E2069,7,3,0.4
P12877,PN_PIQ,E2069,7,3,1.12
P12878,PN_PIQ,E2069,7,3,0.21
P12879,MA_ROTA,E2070,2,2,0.38
P12880,MA_ROTA,E2070,2,2,0.39
P12881,MA_ROTA,E2070,2,2,0.2
P12882,MA_ROTA,E2070,2,2,0.29
P12883,PN_PIQ,E2070,2,2,0.54
P12884,PN_PIQ,E2071,7,3,0.67
P12885,PN_PIQ,E2071,7,3,0.25
P12886,PN_PIQ,E2071,7,3,1.1
P12887,PN_PIQ,E2071,7,3,0.32
P12888,PN_PIQ,E2071,7,3,0.97
P12889,MA_ROTA,E2072,2,2,0.71
P12890,MA_ROTA,E2072,2,2,0.68
P12891,PN_PIQ,E2072,2,2,0.23
P12892,MA_ROTA,E2072,2,2,0.92
P12893,MA_ROTA,E2072,2,2,0.55
P12894,MA_ROTA,E2072,2,2,0.34
P12895,PN_PIQ,E2073,7,3,0.74
P12896,PN_PIQ,E2073,7,3,0.83
P12897,PN_PIQ,E2073,7,3,0.36
P12898,PN_PIQ,E2073,7,3,0.42
P12899,PN_PIQ,E2073,7,3,0.93
P12900,PN_PIQ,E2073,7,3,0.11
P12901,PN_PIQ,E2073,7,3,0.24
P12902,PN_PIQ,E2074,7,3,0.57
P12903,PN_PIQ,E2074,7,3,0.39
P12904,PN_PIQ,E2074,7,3,0.24
P12905,PN_PIQ,E2074,7,3,0.88
P12906,PN_PIQ,E2075,7,3,1.26
P12907,PN_PIQ,E2075,7,3,0.19
P12908,PN_PIQ,E2075,7,3,0.15
P12909,PN_PIQ,E2076,7,3,1.34
P12910,PN_PIQ,E2077,7,3,0.71
P12911,PN_PIQ,E2077,7,3,0.13
P12912,PN_PIQ,E2077,7,3,0.27
P12913,MA_ROTA,E2078,4,1,1.94
P12914,PN_PIQ,E2078,4,1,0.72
P12915,PN_PIQ,E2078,4,1,0.33
P12916,PN_PIQ,E2078,4,1,0.92
P12917,PN_PIQ,E2079,7,3,0.74
P12918,PN_PIQ,E2079,7,3,2.0
P12919,PN_PIQ,E2079,7,3,0.36
P12920,PN_PIQ,E2079,7,3,0.44
P12921,PN_PIQ,E2079,7,3,0.2
P12922,PN_PIQ,E2080,4,1,0.5
P12923,PN_PIQ,E2080,4,1,0.37
P12924,PN_PIQ,E2080,4,1,1.13
P12925,PN_PIQ,E2080,4,1,0.26
P12926,PN_PIQ,E2080,4,1,1.21
P12927,PN_PIQ,E2080,4,1,1.26
P12928,PN_PIQ,E2080,4,1,0.62
P12929,PN_PIQ,E2080,4,1,1.51
P12930,PN_PIQ,E2080,4,1,0.7
P12931,PN_PIQ,E2080,4,1,0.75
P12932,PN_PIQ,E2080,4,1,0.23
P12933,PN_PIQ,E2080,4,1,0.21
P12934,MA_ROTA,E2081,2,2,2.57
P12935,MA_ROTA,E2081,2,2,1.76
P12936,MA_ROTA,E2082,3,2,1.32
P12937,ME,E2082,3,2,1.49
P12938,MA_ROTA,E2082,3,2,0.97
P12939,MA_ROTA,E2082,3,2,0.59
P12940,MA_ROTA,E2082,3,2,1.34
P12941,PN_PIQ,E2082,3,2,0.64
P12942,MA_ROTA,E2082,3,2,0.62
P12943,PN_PIQ,E2082,3,2,0.98
P12944,MA_ROTA,E2083,3,2,2.59
P12945,PN_PIQ,E2083,3,2,1.38
P12946,PN_PIQ,E2083,3,2,0.28
P12947,MA_ROTA,E2083,3,2,1.72
P12948,MA_ROTA,E2083,3,2,4.89
P12949,MA_ROTA,E2083,3,2,0.62
P12950,MA_ROTA,E2083,3,2,1.08
P12951,PN_PIQ,E2084,7,3,0.59
P12952,PN_PIQ,E2085,2,2,0.29
P12953,MA_ROTA,E2086,3,2,0.97
P12954,PN_PIQ,E2086,3,2,0.32
P12956,PN_PIQ,E2087,3,2,0.22
P12957,PN_PIQ,E2087,3,2,0.39
P12958,PN_PIQ,E2087,3,2,0.23
P12959,PN_PIQ,E2087,3,2,0.52
P12961,PN_PIQ,E2087,3,2,0.42
P12962,PN_PIQ,E2087,3,2,0.67
P12963,PN_PIQ,E2088,3,2,2.37
P12966,PN_PIQ,E2089,7,3,1.9
P12967,PN_PIQ,E2089,7,3,0.51
P12968,PN_PIQ,E2089,7,3,0.45
P12969,PN_PIQ,E2089,7,3,0.84
P12970,PN_PIQ,E2089,7,3,1.16
P12971,PN_PIQ,E2089,7,3,0.2
P12972,PN_PIQ,E2090,7,3,0.84
P12973,PN_PIQ,E2090,7,3,0.29
P12974,PN_PIQ,E2090,7,3,0.27
P12975,PN_PIQ,E2091,4,1,2.73
P12976,PN_PIQ,E2092,7,3,0.61
P12977,PN_PIQ,E2092,7,3,0.39
P12978,PN_PIQ,E2092,7,3,0.52
P12979,PN_PIQ,E2092,7,3,1.13
P12980,PN_PIQ,E2092,7,3,0.97
P12981,PN_PIQ,E2093,7,3,0.3
P12982,PN_PIQ,E2093,7,3,0.25
P12983,PN_PIQ,E2093,7,3,1.21
P12984,PN_PIQ,E2093,7,3,0.58
P12985,PN_PIQ,E2093,7,3,0.2
P12986,PN_PIQ,E2093,7,3,0.56
P12987,MA_ROTA,E2094,2,2,0.66
P12988,MA_ROTA,E2094,2,2,1.01
P12989,MA_ROTA,E2095,2,2,0.85
P12990,MA_ROTA,E2095,2,2,0.41
P12991,MA_ROTA,E2095,2,2,0.37
P12992,PN_PIQ,E2096,3,2,0.59
P12993,PN_PIQ,E2096,3,2,0.52
P12994,MA_ROTA,E2096,3,2,0.9
P12995,PN_PIQ,E2096,3,2,0.87
P12996,PN_PIQ,E2096,3,2,1.12
P12997,PN_PIQ,E2097,4,1,0.96
P12998,PN_PIQ,E2097,4,1,1.72
P12999,PN_PIQ,E2097,4,1,0.47
P13000,PN_PIQ,E2098,1,2,2.61
P13001,MA_ROTA,E2098,1,2,0.37
P13002,MA_ROTA,E2098,1,2,1.33
P13003,MA_ROTA,E2098,1,2,3.59
P13004,PN_PIQ,E2098,1,2,0.14
P13005,MA_ROTA,E2098,1,2,0.1
P13008,MA_ROTA,E2098,1,2,0.12
P13009,MA_ROTA,E2098,1,2,0.21
P13010,MA_ROTA,E2098,1,2,0.19
P13011,MA_ROTA,E2098,1,2,0.19
P13012,PN_PIQ,E2099,4,1,0.56
P13013,PN_PIQ,E2099,2,2,0.87
P13014,PN_PIQ,E2099,2,2,0.3
P13015,PN_PIQ,E2099,2,2,1.48
P13016,PN_PIQ,E2099,2,2,0.86
P13018,MA_ROTA,E2100,3,2,0.81
P13021,PN_PIQ,E2100,3,2,0.49
P13022,MA_ROTA,E2100,2,2,0.9
P13023,MA_ROTA,E2100,2,2,0.18
P13024,MA_ROTA,E2100,2,2,0.67
P13025,MA_ROTA,E2100,3,2,0.25
P13027,MA_ROTA,E2101,3,2,1.4
P13031,PN_PIQ,E2101,3,2,0.18
P13032,MA_ROTA,E2101,3,2,0.46
P13033,PN_PIQ,E2101,3,2,1.45
P13034,PN_PIQ,E2101,3,2,0.06
P13035,PN_PIQ,E2102,7,3,0.58
P13036,PN_PIQ,E2102,7,3,0.78
P13037,PN_PIQ,E2102,7,3,0.3
P13038,PN_PIQ,E2102,7,3,0.07
P13039,PN_PIQ,E2102,7,3,0.56
P13040,PN_PIQ,E2102,7,3,0.2
P13041,PN_PIQ,E2102,7,3,0.17
P13042,PN_PIQ,E2102,7,3,0.42
P13043,PN_PIQ,E2103,7,3,2.14
P13044,PN_PIQ,E2103,7,3,0.55
P13045,PN_PIQ,E2103,7,3,0.48
P13046,PN_PIQ,E2104,4,1,0.8
P13048,PN_PIQ,E2105,6,1,0.21
P13049,PN_PIQ,E2105,6,1,0.88
P13051,PN_PIQ,E2105,6,1,0.14
P13052,PN_PIQ,E2105,6,1,0.17
P13056,PN_PIQ,E2106,7,3,0.17
P13057,PN_PIQ,E2107,7,3,0.37
P13058,PN_PIQ,E2107,7,3,0.48
P13059,PN_PIQ,E2107,7,3,0.21
P13060,PN_PIQ,E2107,7,3,0.58
P13061,PN_PIQ,E2107,7,3,0.64
P13062,PN_PIQ,E2108,2,2,0.62
P13063,PN_PIQ,E2108,2,2,0.69
P13064,PN_PIQ,E2109,2,2,4.59
P13065,MA_ROTA,E2110,2,2,0.74
P13066,PN_PIQ,E2110,2,2,0.59
P13068,MA_ROTA,E2110,2,2,2.83
P13069,PN_PIQ,E2111,7,3,0.29
P13070,PN_PIQ,E2111,7,3,0.45
P13071,PN_PIQ,E2111,7,3,0.75
P13072,PN_PIQ,E2111,7,3,0.32
P13073,PN_PIQ,E2111,7,3,0.39
P13074,PN_PIQ,E2111,7,3,0.22
P13075,MA_ROTA,E2112,5,1,0.38
P13076,PN_PIQ,E2112,5,1,0.61
P13077,PN_PIQ,E2113,7,3,0.31
P13078,PN_PIQ,E2113,7,3,1.0
P13079,PN_PIQ,E2113,7,3,0.62
P13080,PN_PIQ,E2113,7,3,0.9
P13081,PN_PIQ,E2113,7,3,1.13
P13082,PN_PIQ,E2113,7,3,0.25
P13083,PN_PIQ,E2113,7,3,0.49
P13084,PN_PIQ,E2113,7,3,1.16
P13085,PN_PIQ,E2114,3,2,1.43
P13086,MA_ROTA,E2114,3,2,0.88
P13087,MA_ROTA,E2114,3,2,0.49
P13088,MA_ROTA,E2114,3,2,1.66
P13089,ME,E2114,3,2,3.31
P13090,MA_ROTA,E2114,3,2,2.13
P13091,PN_PIQ,E2114,3,2,0.44
P13092,PN_PIQ,E2114,3,2,0.42
P13093,MA_ROTA,E2115,2,2,0.41
P13094,MA_ROTA,E2115,2,2,0.34
P13095,MA_ROTA,E2115,2,2,0.26
P13096,PN_PIQ,E2115,2,2,0.03
P13097,MA_ROTA,E2115,2,2,0.17
P13098,PN_PIQ,E2116,4,1,1.19
P13099,PN_PIQ,E2116,4,1,0.73
P13100,PN_PIQ,E2117,4,1,1.89
P13101,PN_PIQ,E2117,4,1,0.65
P13102,PN_PIQ,E2117,4,1,0.28
P13103,PN_PIQ,E2117,4,1,0.15
P13104,PN_PIQ,E2117,4,1,0.82
P13105,PN_PIQ,E2118,7,3,0.93
P13106,PN_PIQ,E2118,7,3,0.51
P13107,PN_PIQ,E2119,7,3,0.41
P13108,PN_PIQ,E2119,7,3,0.53
P13109,PN_PIQ,E2119,7,3,0.11
P13111,PN_PIQ,E2120,2,2,0.49
P13112,MA_ROTA,E2120,2,2,0.09
P13113,MA_ROTA,E2120,2,2,0.09
P13114,MA_ROTA,E2120,2,2,0.55
P13115,PN_PIQ,E2120,3,2,0.63
P13116,MA_ROTA,E2120,2,2,2.05
P13117,PN_PIQ,E2121,7,3,1.08
P13118,PN_PIQ,E2121,7,3,1.48
P13119,PN_PIQ,E2121,7,3,1.53
P13120,PN_PIQ,E2121,7,3,2.38
P13121,PN_PIQ,E2122,2,2,3.45
P13122,PN_PIQ,E2123,7,3,0.18
P13123,PN_PIQ,E2123,7,3,0.25
P13124,PN_PIQ,E2123,7,3,0.13
P13125,PN_PIQ,E2124,7,3,0.22
P13126,PN_PIQ,E2124,7,3,0.2
P13127,PN_PIQ,E2124,7,3,0.17
P13128,PN_PIQ,E2125,7,3,2.03
P13129,PN_PIQ,E2126,7,3,0.46
P13130,PN_PIQ,E2126,7,3,0.64
P13131,PN_PIQ,E2126,7,3,1.18
P13132,PN_PIQ,E2127,7,3,0.55
P13133,PN_PIQ,E2128,4,1,1.78
P13134,PN_PIQ,E2129,1,2,1.08
P13135,PN_PIQ,E2129,1,2,0.81
P13136,MA_ROTA,E2129,1,2,0.96
P13137,MA_ROTA,E2129,1,2,0.36
P13138,MA_ROTA,E2129,1,2,3.99
P13139,PN_PIQ,E2129,1,2,0.58
P13141,MA_ROTA,E2129,1,2,0.55
P13142,MA_ROTA,E2129,1,2,0.23
P13143,PN_PIQ,E2129,1,2,1.12
P13144,MA_ROTA,E2129,1,2,2.59
P13145,PN_PIQ,E2129,1,2,0.87
P13146,MA_ROTA,E2129,1,2,1.26
P13147,MA_ROTA,E2129,1,2,1.01
P13148,MA_ROTA,E2129,1,2,0.96
P13149,MA_ROTA,E2129,1,2,1.05
P13150,MA_ROTA,E2129,1,2,0.8
P13151,MA_ROTA,E2129,1,2,0.63
P13152,PN_PIQ,E2130,4,1,0.29
P13153,PN_PIQ,E2130,4,1,1.72
P13154,PN_PIQ,E2130,4,1,0.56
P13155,PN_PIQ,E2130,4,1,1.09
P13156,PN_PIQ,E2131,7,3,0.87
P13157,PN_PIQ,E2131,7,3,0.79
P13158,PN_PIQ,E2132,2,2,0.42
P13160,PN_PIQ,E2134,4,1,0.22
P13162,PN_PIQ,E2135,7,3,0.55
P13163,PN_PIQ,E2135,7,3,0.5
P13164,PN_PIQ,E2135,7,3,1.37
P13165,PN_PIQ,E2135,7,3,1.18
P13166,PN_PIQ,E2135,7,3,0.4
P13167,PN_PIQ,E2136,4,1,3.12
P13168,PN_PIQ,E2136,4,1,1.5
P13169,PN_PIQ,E2136,4,1,1.16
P13170,PN_PIQ,E2137,2,2,2.23
P13171,PN_PIQ,E2138,2,2,0.28
P13172,PN_PIQ,E2138,2,2,0.4
P13173,PN_PIQ,E2138,2,2,0.07
P13174,MA_ROTA,E2138,2,2,0.67
P13175,PN_PIQ,E2139,4,1,0.96
P13176,PN_PIQ,E2140,2,2,0.35
P13177,PN_PIQ,E2140,2,2,0.49
P13178,PN_PIQ,E2141,4,1,2.16
P13183,PN_PIQ,E2142,4,1,0.69
P13184,PN_PIQ,E2142,4,1,1.33
P13185,PN_PIQ,E2142,4,1,0.44
P13186,PN_PIQ,E2143,4,1,1.16
P13187,PN_PIQ,E2143,4,1,1.05
P13188,PN_PIQ,E2144,4,1,0.23
P13189,PN_PIQ,E2144,4,1,0.1
P13190,PN_PIQ,E2144,4,1,0.25
P13192,PN_PIQ,E2145,4,1,0.89
P13193,MA_ROTA,E2145,4,1,0.19
P13194,PN_PIQ,E2145,4,1,1.06
P13195,PN_PIQ,E2145,4,1,0.3
P13196,MA_ROTA,E2145,4,1,0.13
P13197,MA_ROTA,E2146,4,1,2.35
P13198,MA_ROTA,E2146,4,1,0.33
P13199,PN_PIQ,E2146,4,1,0.23
P13200,MA_ROTA,E2147,1,2,0.97
P13201,PN_PIQ,E2148,4,1,0.32
P13202,PN_PIQ,E2149,7,3,0.71
P13203,PN_PIQ,E2149,7,3,0.25
P13204,PN_PIQ,E2149,7,3,0.66
P13205,PN_PIQ,E2149,7,3,0.07
P13206,PN_PIQ,E2150,4,1,0.55
P13207,PN_PIQ,E2150,4,1,0.56
P13208,PN_PIQ,E2151,4,1,0.31
P13209,PN_PIQ,E2151,4,1,0.47
P13210,PN_PIQ,E2151,4,1,0.11
P13211,PN_PIQ,E2151,4,1,0.58
P13212,PN_PIQ,E2151,4,1,0.6
P13213,PN_PIQ,E2151,4,1,0.42
P13214,PN_PIQ,E2151,4,1,0.34
P13215,PN_PIQ,E2152,4,1,0.63
P13216,PN_PIQ,E2152,4,1,0.7
P13218,PN_PIQ,E2153,4,1,1.22
P13219,PN_PIQ,E2153,4,1,0.97
P13220,MA_ROTA,E2154,4,1,0.2
P13221,PN_PIQ,E2155,4,1,1.16
P13222,PN_PIQ,E2155,4,1,0.69
P13223,PN_PIQ,E2155,4,1,0.19
P13224,PN_PIQ,E2155,4,1,0.22
P13225,PN_PIQ,E2156,7,3,0.47
P13226,PN_PIQ,E2156,7,3,0.24
P13227,PN_PIQ,E2156,7,3,0.43
P13228,PN_PIQ,E2157,7,3,0.34
P13229,PN_PIQ,E2157,7,3,0.43
P13230,PN_PIQ,E2157,7,3,0.73
P13231,PN_PIQ,E2157,7,3,0.19
P13232,PN_PIQ,E2157,7,3,0.44
P13233,PN_PIQ,E2157,7,3,0.28
P13234,PN_PIQ,E2158,7,3,0.5
P13235,PN_PIQ,E2159,7,3,0.36
P13236,PN_PIQ,E2159,7,3,0.11
P13237,PN_PIQ,E2159,7,3,0.44
P13238,PN_PIQ,E2159,7,3,0.1
P13239,PN_PIQ,E2159,7,3,0.72
P13240,PN_PIQ,E2159,7,3,0.43
P13241,PN_PIQ,E2159,7,3,0.16
P13242,PN_PIQ,E2159,7,3,0.6
P13243,PN_PIQ,E2160,7,3,0.43
P13244,PN_PIQ,E2160,7,3,0.22
P13245,PN_PIQ,E2161,7,3,0.22
P13246,PN_PIQ,E2161,7,3,0.22
P13247,PN_PIQ,E2161,7,3,1.36
P13248,PN_PIQ,E2161,7,3,0.08
P13249,PN_PIQ,E2161,7,3,0.07
P13250,PN_PIQ,E2161,7,3,0.07
P13251,PN_PIQ,E2161,7,3,0.02
P13252,PN_PIQ,E2161,7,3,0.1
P13253,PN_PIQ,E2162,7,3,0.93
P13254,PN_PIQ,E2162,7,3,0.5
P13255,PN_PIQ,E2162,7,3,1.26
P13256,PN_PIQ,E2163,4,1,1.19
P13257,PN_PIQ,E2163,4,1,0.23
P13258,PN_PIQ,E2163,4,1,0.58
P13259,MA_ROTA,E2164,1,2,0.89
P13260,MA_ROTA,E2164,1,2,0.37
P13261,MA_ROTA,E2164,1,2,1.57
P13262,PN_PIQ,E2164,1,2,1.13
P13263,PN_PIQ,E2164,1,2,1.16
P13264,MA_ROTA,E2164,1,2,1.93
P13265,PN_PIQ,E2165,3,2,2.56
P13266,ME,E2165,3,2,0.91
P13267,MA_ROTA,E2165,3,2,0.28
P13269,MA_ROTA,E2165,3,2,1.02
P13270,PN_PIQ,E2165,3,2,0.56
P13271,MA_ROTA,E2165,3,2,1.14
P13272,MA_ROTA,E2166,1,2,3.57
P13274,MA_ROTA,E2166,1,2,2.2
P13275,PN_PIQ,E2167,2,2,0.17
P13276,PN_PIQ,E2167,2,2,0.21
P13277,PN_PIQ,E2167,2,2,0.67
P13278,PN_PIQ,E2168,4,1,1.43
P13279,PN_PIQ,E2168,4,1,0.71
P13280,PN_PIQ,E2169,7,3,0.72
P13281,PN_PIQ,E2169,7,3,0.98
P13282,PN_PIQ,E2169,7,3,0.39
P13283,PN_PIQ,E2169,7,3,0.26
P13284,PN_PIQ,E2170,4,1,0.43
P13285,PN_PIQ,E2170,4,1,0.18
P13286,PN_PIQ,E2170,4,1,0.37
P13287,PN_PIQ,E2170,4,1,0.15
P13288,PN_PIQ,E2170,4,1,0.42
P13289,PN_PIQ,E2170,4,1,0.21
P13291,PN_PIQ,E2171,4,1,1.9
P13292,PN_PIQ,E2172,4,1,0.13
P13293,PN_PIQ,E2172,4,1,0.39
P13294,PN_PIQ,E2172,4,1,0.8
P13295,PN_PIQ,E2172,4,1,0.69
P13296,PN_PIQ,E2172,4,1,1.11
P13298,MA_ROTA,E2173,5,1,0.05
P13299,MA_ROTA,E2173,5,1,0.55
P13300,MA_ROTA,E2173,5,1,0.57
P13301,PN_PIQ,E2174,4,1,1.11
P13302,PN_PIQ,E2174,4,1,0.5
P13303,PN_PIQ,E2174,4,1,0.57
P13304,PN_PIQ,E2174,4,1,0.25
P13305,PN_PIQ,E2174,4,1,0.03
P13306,PN_PIQ,E2174,4,1,0.51
P13307,MA_ROTA,E2175,4,1,1.26
P13308,MA_ROTA,E2175,4,1,1.03
P13309,MA_ROTA,E2175,4,1,0.5
P13311,MA_ROTA,E2176,4,1,0.63
P13312,MA_ROTA,E2176,4,1,0.21
P13314,PN_PIQ,E2176,4,1,2.14
P13315,PN_PIQ,E2176,4,1,1.09
P13316,PN_PIQ,E2176,4,1,0.61
P13317,MA_ROTA,E2176,4,1,0.57
P13318,PN_PIQ,E2176,4,1,0.54
P13319,PN_PIQ,E2176,4,1,0.39
P13321,PN_PIQ,E2176,4,1,0.61
P13322,AG,E2177,4,1,1.05
P13323,PN_PIQ,E2178,4,1,0.09
P13324,PN_PIQ,E2178,4,1,0.35
P13325,PN_PIQ,E2178,4,1,0.17
P13326,PN_PIQ,E2178,4,1,0.08
P13327,PN_PIQ,E2178,4,1,0.34
P13328,PN_PIQ,E2178,4,1,0.41
P13329,PN_PIQ,E2179,4,1,1.16
P13330,PN_PIQ,E2179,4,1,0.51
P13331,PN_PIQ,E2179,4,1,0.13
P13332,PN_PIQ,E2179,4,1,0.09
P13333,PN_PIQ,E2179,4,1,0.24
P13334,PN_PIQ,E2179,4,1,0.08
P13335,PN_PIQ,E2179,4,1,0.2
P13336,PN_PIQ,E2179,4,1,0.09
P13338,MA_ROTA,E2180,4,1,3.7
P13339,PN_PIQ,E2180,4,1,2.56
P13340,MA_ROTA,E2180,4,1,0.71
P13341,PN_PIQ,E2181,7,3,0.3
P13342,PN_PIQ,E2181,7,3,0.75
P13343,PN_PIQ,E2181,7,3,2.08
P13344,PN_PIQ,E2181,7,3,1.96
P13345,PN_PIQ,E2181,7,3,0.39
P13346,PN_PIQ,E2181,7,3,1.1
P13347,PN_PIQ,E2181,7,3,0.88
P13348,PN_PIQ,E2181,7,3,0.4
P13349,PN_PIQ,E2181,7,3,0.5
P13350,PN_PIQ,E2181,7,3,0.15
P13351,PN_PIQ,E2181,7,3,0.47
P13352,PN_PIQ,E2181,7,3,0.29
P13353,PN_PIQ,E2182,4,1,0.83
P13354,PN_PIQ,E2182,4,1,0.11
P13355,PN_PIQ,E2183,4,1,1.03
P13356,PN_PIQ,E2183,4,1,0.97
P13357,PN_PIQ,E2184,4,1,0.3
P13358,PN_PIQ,E2184,4,1,0.45
P13359,PN_PIQ,E2185,7,3,0.46
P13360,PN_PIQ,E2185,7,3,0.55
P13361,PN_PIQ,E2185,7,3,0.68
P13362,PN_PIQ,E2186,4,1,0.7
P13363,PN_PIQ,E2186,4,1,0.34
P13364,PN_PIQ,E2186,4,1,0.32
P13365,PN_PIQ,E2186,4,1,0.14
P13366,PN_PIQ,E2186,4,1,0.35
P13367,PN_PIQ,E2187,4,1,1.09
P13368,PN_PIQ,E2187,4,1,1.05
P13369,PN_PIQ,E2188,4,1,0.12
P13370,PN_PIQ,E2188,4,1,0.04
P13371,PN_PIQ,E2188,4,1,0.23
P13372,PN_PIQ,E2188,4,1,0.35
P13373,PN_PIQ,E2189,4,1,0.56
P13374,PN_PIQ,E2189,4,1,0.76
P13375,PN_PIQ,E2189,4,1,0.13
P13376,PN_PIQ,E2189,4,1,0.15
P13377,PN_PIQ,E2189,4,1,0.24
P13378,PN_PIQ,E2190,4,1,0.87
P13380,PN_PIQ,E2190,4,1,0.37
P13381,PN_PIQ,E2191,4,1,5.19
P13382,PN_PIQ,E2191,4,1,1.0
P13383,PN_PIQ,E2191,4,1,0.45
P13384,PN_PIQ,E2191,4,1,0.9
P13385,PN_PIQ,E2191,4,1,0.36
P13386,PN_PIQ,E2191,4,1,1.16
P13387,PN_PIQ,E2192,4,1,1.03
P13388,PN_PIQ,E2192,4,1,1.12
P13389,PN_PIQ,E2192,4,1,0.58
P13390,PN_PIQ,E2192,4,1,2.98
P13391,PN_PIQ,E2193,5,1,0.29
P13392,PN_PIQ,E2193,5,1,0.12
P13393,PN_PIQ,E2193,5,1,0.25
P13394,PN_PIQ,E2193,5,1,0.05
P13395,PN_PIQ,E2193,5,1,0.76
P13396,PN_PIQ,E2193,5,1,1.16
P13397,AG,E2193,5,1,5.13
P13398,PN_PIQ,E2194,4,1,0.77
P13399,PN_PIQ,E2194,4,1,0.54
P13400,PN_PIQ,E2195,4,1,2.35
P13401,PN_PIQ,E2196,4,1,1.61
P13402,MA_ROTA,E2197,3,2,1.68
P13403,MA_ROTA,E2197,3,2,3.29
P13404,MA_ROTA,E2197,3,2,1.24
P13405,MA_ROTA,E2197,3,2,4.18
P13406,MA_ROTA,E2197,3,2,3.35
P13407,MA_ROTA,E2197,3,2,2.78
P13408,PN_PIQ,E2197,3,2,0.45
P13409,MA_ROTA,E2197,3,2,0.39
P13410,MA_ROTA,E2197,3,2,0.31
P13411,PN_PIQ,E2198,4,1,1.36
P13412,PN_PIQ,E2198,4,1,0.43
P13413,PN_PIQ,E2199,4,1,1.09
P13414,PN_PIQ,E2199,4,1,0.79
P13415,PN_PIQ,E2200,4,1,0.98
P13416,PN_PIQ,E2200,4,1,0.92
P13417,PN_PIQ,E2200,4,1,0.55
P13418,PN_PIQ,E2200,4,1,0.29
P13419,PN_PIQ,E2201,7,3,0.78
P13420,PN_PIQ,E2201,7,3,0.35
P13421,PN_PIQ,E2201,7,3,1.54
P13422,PN_PIQ,E2201,7,3,0.81
P13423,PN_PIQ,E2201,7,3,0.95
P13424,PN_PIQ,E2201,7,3,0.31
P13425,PN_PIQ,E2202,7,3,0.39
P13426,PN_PIQ,E2202,7,3,0.82
P13427,PN_PIQ,E2202,7,3,0.3
P13428,PN_PIQ,E2203,7,3,0.54
P13429,PN_PIQ,E2203,7,3,0.42
P13430,PN_PIQ,E2203,7,3,1.03
P13431,PN_PIQ,E2203,7,3,0.52
P13432,PN_PIQ,E2203,7,3,0.85
P13433,PN_PIQ,E2204,7,3,0.64
P13434,PN_PIQ,E2204,7,3,0.77
P13435,PN_PIQ,E2205,7,3,1.79
P13436,PN_PIQ,E2205,7,3,1.6
P13437,PN_PIQ,E2205,7,3,0.65
P13438,PN_PIQ,E2206,7,3,1.01
P13439,PN_PIQ,E2206,7,3,0.22
P13440,PN_PIQ,E2206,7,3,0.15
P13441,PN_PIQ,E2206,7,3,0.2
P13443,PN_PIQ,E2207,7,3,0.37
P13444,PN_PIQ,E2207,7,3,0.54
P13445,PN_PIQ,E2208,4,1,1.14
P13446,MA_ROTA,E2209,3,2,1.1
P13447,PN_PIQ,E2209,3,2,1.65
P13448,MA_ROTA,E2209,3,2,1.14
P13449,PN_PIQ,E2209,3,2,1.18
P13450,PN_PIQ,E2210,6,1,1.25
P13451,PN_PIQ,E2211,4,1,1.76
P13452,PN_PIQ,E2211,4,1,0.91
P13453,PN_PIQ,E2211,4,1,0.54
P13454,PN_PIQ,E2212,4,1,1.03
P13455,PN_PIQ,E2212,4,1,1.46
P13456,PN_PIQ,E2213,4,1,1.44
P13457,MA_ROTA,E2213,4,1,0.25
P13458,PN_PIQ,E2214,4,1,0.95
P13459,PN_PIQ,E2214,4,1,0.44
P13460,PN_PIQ,E2215,4,1,0.56
P13461,PN_PIQ,E2215,4,1,0.34
P13463,PN_PIQ,E2215,4,1,0.37
P13464,PN_PIQ,E2215,4,1,0.72
P13465,PN_PIQ,E2215,4,1,0.6
P13466,PN_PIQ,E2216,3,2,3.3
P13467,PN_PIQ,E2216,3,2,2.86
P13468,MA_ROTA,E2217,4,1,1.85
P13469,PN_PIQ,E2217,4,1,1.59
P13470,MA_ROTA,E2217,4,1,0.4
P13471,MA_ROTA,E2217,4,1,0.44
P13472,PN_PIQ,E2217,4,1,1.59
P13473,MA_ROTA,E2217,4,1,2.22
P13474,PN_PIQ,E2218,4,1,0.63
P13475,PN_PIQ,E2218,4,1,0.26
P13476,MA_ROTA,E2219,3,2,1.03
P13477,MA_ROTA,E2219,3,2,0.85
P13478,PN_PIQ,E2220,2,2,4.5
P13479,MA_ROTA,E2221,2,2,1.72
P13480,PN_PIQ,E2221,2,2,2.23
P13481,MA_ROTA,E2222,3,2,1.32
P13482,MA_ROTA,E2222,3,2,0.2
P13483,MA_ROTA,E2223,2,2,0.71
P13484,MA_ROTA,E2223,2,2,0.13
P13485,PN_PIQ,E2223,2,2,0.85
P13486,MA_ROTA,E2223,2,2,0.36
P13487,PN_PIQ,E2223,2,2,0.29
P13488,MA_ROTA,E2223,2,2,0.05
P13489,PN_PIQ,E2224,4,1,0.27
P13490,PN_PIQ,E2224,4,1,2.2
P13491,AN_PA,E2224,5,1,1.0
P13492,PN_PIQ,E2225,7,3,1.5
P13493,PN_PIQ,E2226,4,1,1.97
P13494,PN_PIQ,E2226,4,1,0.38
P13495,PN_PIQ,E2227,4,1,1.51
P13496,PN_PIQ,E2227,4,1,1.03
P13497,PN_PIQ,E2227,4,1,0.76
P13498,PN_PIQ,E2228,3,2,0.63
P13499,PN_PIQ,E2228,3,2,1.07
P13500,MA_ROTA,E2229,2,2,0.65
P13501,MA_ROTA,E2229,2,2,3.28
P13502,PN_PIQ,E2229,2,2,0.18
P13503,PN_PIQ,E2230,4,1,2.69
P13504,PN_PIQ,E2231,7,3,0.12
P13505,PN_PIQ,E2231,7,3,0.65
P13506,PN_PIQ,E2231,7,3,0.68
P13507,MA_ROTA,E2232,5,1,0.82
P13508,MA_ROTA,E2232,5,1,1.25
P13509,MA_ROTA,E2232,5,1,0.38
P13510,MA_ROTA,E2232,5,1,0.49
P13511,MA_ROTA,E2232,5,1,0.75
P13512,MA_ROTA,E2232,5,1,2.23
P13513,MA_ROTA,E2232,5,1,0.61
P13514,MA_ROTA,E2232,5,1,1.24
P13515,MA_ROTA,E2232,5,1,1.37
P13516,MA_ROTA,E2232,5,1,0.37
P13517,PN_PIQ,E2233,4,1,0.78
P13518,PN_PIQ,E2233,4,1,1.05
P13519,MA_ROTA,E2234,2,2,1.79
P13520,PN_PIQ,E2234,3,2,0.12
P13521,MA_ROTA,E2234,3,2,0.39
P13522,PN_PIQ,E2235,7,3,0.25
P13523,PN_PIQ,E2235,7,3,0.67
P13524,PN_PIQ,E2235,7,3,0.34
P13525,PN_PIQ,E2236,7,3,0.74
P13526,PN_PIQ,E2236,7,3,0.24
P13527,PN_PIQ,E2236,7,3,0.2
P13528,PN_PIQ,E2236,7,3,0.17
P13529,PN_PIQ,E2236,7,3,0.23
P13530,PN_PIQ,E2236,7,3,0.18
P13531,PN_PIQ,E2237,7,3,0.26
P13532,PN_PIQ,E2237,7,3,0.44
P13533,PN_PIQ,E2237,7,3,0.95
P13534,PN_PIQ,E2237,7,3,0.11
P13535,AG,E2238,5,1,2.34
P13536,MA_ROTA,E2239,4,1,1.75
P13541,PN_PIQ,E2240,4,1,0.08
P13542,MA_ROTA,E2241,1,2,0.26
P13543,PN_PIQ,E2241,1,2,0.39
P13544,MA_ROTA,E2241,1,2,0.22
P13545,PN_PIQ,E2241,1,2,0.14
P13546,MA_ROTA,E2241,1,2,0.05
P13547,MA_ROTA,E2241,1,2,1.7
P13548,MA_ROTA,E2241,1,2,0.17
P13549,PN_PIQ,E2241,1,2,8.96
P13550,PN_PIQ,E2242,2,2,2.01
P13551,PN_PIQ,E2242,2,2,1.54
P13552,IG_PLA,E2243,5,1,0.77
P13553,PN_PIQ,E2243,2,2,0.69
P13554,AN_PA,E2243,5,1,1.39
P13555,MA_ROTA,E2244,2,2,0.95
P13556,MA_ROTA,E2244,2,2,2.0
P13557,MA_ROTA,E2245,2,2,0.62
P13558,MA_ROTA,E2245,2,2,1.48
P13559,PN_PIQ,E2245,2,2,1.3
P13560,PN_PIQ,E2245,2,2,0.23
P13561,PN_PIQ,E2245,2,2,1.54
P13562,PN_PIQ,E2245,2,2,0.45
P13563,MA_ROTA,E2246,2,2,1.21
P13564,MA_ROTA,E2246,2,2,0.68
P13565,MA_ROTA,E2246,2,2,0.38
P13566,MA_ROTA,E2247,3,2,3.09
P13567,PN_PIQ,E2248,7,3,1.54
P13568,PN_PIQ,E2248,7,3,0.35
P13569,PN_PIQ,E2248,7,3,0.14
P13570,PN_PIQ,E2248,7,3,0.1
P13571,PN_PIQ,E2248,7,3,0.09
P13572,PN_PIQ,E2248,7,3,0.14
P13573,PN_PIQ,E2248,7,3,0.75
P13574,PN_PIQ,E2248,7,3,0.53
P13575,PN_PIQ,E2248,7,3,0.45
P13576,MA_ROTA,E2249,1,2,2.3
P13577,PN_PIQ,E2249,1,2,2.0
P13578,MA_ROTA,E2250,2,2,0.84
P13579,MA_ROTA,E2250,2,2,0.09
P13580,PN_PIQ,E2250,2,2,2.61
P13581,MA_ROTA,E2250,2,2,0.56
P13582,PN_PIQ,E2250,2,2,0.07
P13583,MA_ROTA,E2251,3,2,0.21
P13584,PN_PIQ,E2251,3,2,2.41
P13585,PN_PIQ,E2251,3,2,0.51
P13586,MA_ROTA,E2252,4,1,3.62
P13587,MA_ROTA,E2252,4,1,0.55
P13588,MA_ROTA,E2252,4,1,0.56
P13589,MA_ROTA,E2252,4,1,0.77
P13590,MA_ROTA,E2252,4,1,0.78
P13591,MA_ROTA,E2252,4,1,0.31
P13592,PN_PIQ,E2253,1,2,1.97
P13593,PN_PIQ,E2253,1,2,1.38
P13594,PN_PIQ,E2253,2,2,0.88
P13595,PN_PIQ,E2253,2,2,0.58
P13596,MA_ROTA,E2254,5,1,0.46
P13597,MA_ROTA,E2254,5,1,0.5
P13598,MA_ROTA,E2254,5,1,0.5
P13599,MA_ROTA,E2254,5,1,0.47
P13600,MA_ROTA,E2254,5,1,1.29
P13601,MA_ROTA,E2254,5,1,0.79
P13602,MA_ROTA,E2255,2,2,2.09
P13603,PN_PIQ,E2256,7,3,0.55
P13604,PN_PIQ,E2256,7,3,0.97
P13605,PN_PIQ,E2257,2,2,1.13
P13606,PN_PIQ,E2257,2,2,0.84
P13607,TH,E2258,6,1,0.43
P13608,TH,E2258,6,1,0.77
P13610,TH,E2258,6,1,0.16
P13611,MA_ROTA,E2259,2,2,3.57
P13612,PN_PIQ,E2259,2,2,0.53
P13613,IG_PLA,E2260,5,1,1.32
P13614,IG_PLA,E2260,5,1,1.01
P13615,AG,E2260,5,1,1.0
P13616,IG_PLA,E2260,5,1,0.47
P13617,IG_PLA,E2260,5,1,0.72
P13619,AG,E2260,5,1,0.8
P13620,PN_PIQ,E2260,5,1,0.59
P13621,BC_BT,E2260,5,1,0.56
P13622,BC_BT,E2260,5,1,0.61
P13623,AG,E2260,5,1,1.31
P13625,IG_PLA,E2260,5,1,0.63
P13627,AG,E2260,5,1,0.66
P13628,IG_PLA,E2260,5,1,0.46
P13629,AG,E2260,5,1,0.58
P13630,PN_PIQ,E2260,5,1,0.57
P13631,IG_PLA,E2260,5,1,0.94
P13632,AG,E2260,5,1,0.34
P13633,BC_BT,E2260,5,1,0.42
P13634,IG_PLA,E2260,5,1,0.21
P13635,AG,E2260,5,1,1.45
P13636,IG_PLA,E2260,5,1,0.9
P13637,MA_ROTA,E2261,2,2,0.43
P13638,MA_ROTA,E2261,2,2,0.35
P13639,MA_ROTA,E2262,5,1,0.43
P13640,MA_ROTA,E2262,5,1,1.8
P13641,MA_ROTA,E2262,5,1,1.09
P13642,MA_ROTA,E2262,5,1,0.45
P13643,MA_ROTA,E2262,5,1,1.27
P13644,MA_ROTA,E2262,5,1,1.11
P13645,MA_ROTA,E2262,5,1,2.14
P13646,MA_ROTA,E2262,5,1,0.63
P13647,AN_PA,E2262,5,1,0.31
P13648,MA_ROTA,E2262,5,1,0.4
P13649,MA_ROTA,E2262,5,1,0.71
P13650,AN_PA,E2262,5,1,0.43
P13651,MA_ROTA,E2262,5,1,0.11
P13652,MA_ROTA,E2262,5,1,0.14
P13653,MA_ROTA,E2262,5,1,0.47
P13654,MA_ROTA,E2262,5,1,0.81
P13655,MA_ROTA,E2262,5,1,1.29
P13656,MA_ROTA,E2262,5,1,1.27
P13657,MA_ROTA,E2262,5,1,1.05
P13658,MA_ROTA,E2262,5,1,0.89
P13659,MA_ROTA,E2262,5,1,0.24
P13660,MA_ROTA,E2262,5,1,1.02
P13661,PN_PIQ,E2263,2,2,0.59
P13662,MA_ROTA,E2263,2,2,0.22
P13663,MA_ROTA,E2263,2,2,1.7
P13664,MA_ROTA,E2263,2,2,0.96
P13665,MA_ROTA,E2263,2,2,1.61
P13666,MA_ROTA,E2263,2,2,0.6
P13667,PN_PIQ,E2263,2,2,1.64
P13668,MA_ROTA,E2263,2,2,1.41
P13669,MA_ROTA,E2263,2,2,0.72
P13670,PN_PIQ,E2263,2,2,0.63
P13671,MA_ROTA,E2263,2,2,0.4
P13672,PN_PIQ,E2263,2,2,1.61
P13673,MA_ROTA,E2263,2,2,1.73
P13674,PN_PIQ,E2263,2,2,2.27
P13675,MA_ROTA,E2263,2,2,0.2
P13676,MA_ROTA,E2263,2,2,0.12
P13677,PN_PIQ,E2263,2,2,0.16
P13678,PN_PIQ,E2264,6,1,0.8
P13679,PN_PIQ,E2264,6,1,1.41
P13680,PN_PIQ,E2265,6,1,0.87
P13681,MA_ROTA,E2266,3,2,2.24
P13683,MA_ROTA,E2267,3,2,0.11
P13684,MA_ROTA,E2268,3,2,0.95
P13685,MA_ROTA,E2268,3,2,0.66
P13686,PN_PIQ,E2268,3,2,1.35
P13687,MA_ROTA,E2268,3,2,1.21
P13688,MA_ROTA,E2268,3,2,0.66
P13689,MA_ROTA,E2269,3,2,0.38
P13691,PN_PIQ,E2269,3,2,1.12
P13692,MA_ROTA,E2269,3,2,1.11
P13693,PN_PIQ,E2269,3,2,0.99
P13694,PN_PIQ,E2269,3,2,0.56
P13696,PN_PIQ,E2269,3,2,0.59
P13697,PN_PIQ,E2269,3,2,0.21
P13698,MA_ROTA,E2269,3,2,0.9
P13699,MA_ROTA,E2269,3,2,1.82
P13700,MA_ROTA,E2269,3,2,0.51
P13701,MA_ROTA,E2269,3,2,0.3
P13702,MA_ROTA,E2269,3,2,0.5
P13703,MA_ROTA,E2269,3,2,0.97
P13706,MA_ROTA,E2269,3,2,3.24
P13707,MA_ROTA,E2269,3,2,2.33
P13708,MA_ROTA,E2269,3,2,0.07
P13709,MA_ROTA,E2269,3,2,0.63
P13710,PN_PIQ,E2270,2,2,0.73
P13711,PN_PIQ,E2270,2,2,0.39
P13712,PN_PIQ,E2271,3,2,4.51
P13713,MA_ROTA,E2271,2,2,0.22
P13714,MA_ROTA,E2271,3,2,0.76
P13715,MA_ROTA,E2271,3,2,2.76
P13716,MA_ROTA,E2271,2,2,1.02
P13717,MA_ROTA,E2271,2,2,0.55
P13718,MA_ROTA,E2271,2,2,1.11
P13719,MA_ROTA,E2271,3,2,0.25
P13720,MA_ROTA,E2271,2,2,0.17
P13721,MA_ROTA,E2271,2,2,0.47
P13722,MA_ROTA,E2271,2,2,0.3
P13723,MA_ROTA,E2271,2,2,0.1
P13724,MA_ROTA,E2271,3,2,0.74
P13725,PN_PIQ,E2271,3,2,0.09
P13726,MA_ROTA,E2271,3,2,0.47
P13727,PN_PIQ,E2271,2,2,0.23
P13728,TH,E2272,6,1,0.5
P13729,PN_PIQ,E2273,7,3,0.34
P13730,PN_PIQ,E2273,7,3,0.39
P13731,PN_PIQ,E2273,7,3,0.52
P13732,PN_PIQ,E2274,7,3,0.98
P13733,PN_PIQ,E2274,7,3,0.75
P13734,PN_PIQ,E2274,7,3,0.24
P13735,PN_PIQ,E2274,7,3,0.26
P13736,PN_PIQ,E2275,7,3,0.66
P13737,PN_PIQ,E2275,7,3,0.15
P13738,PN_PIQ,E2275,7,3,0.14
P13739,PN_PIQ,E2276,7,3,0.63
P13740,PN_PIQ,E2276,7,3,0.49
P13741,PN_PIQ,E2276,7,3,0.36
P13742,PN_PIQ,E2276,7,3,1.61
P13743,PN_PIQ,E2276,7,3,0.36
P13744,PN_PIQ,E2277,7,3,1.04
P13745,PN_PIQ,E2277,7,3,0.27
P13746,PN_PIQ,E2277,7,3,0.78
P13747,PN_PIQ,E2277,7,3,0.37
P13748,PN_PIQ,E2277,7,3,0.07
P13749,MA_ROTA,E2278,2,2,2.2
P13750,MA_ROTA,E2278,2,2,2.39
P13751,PN_PIQ,E2278,2,2,1.16
P13752,PN_PIQ,E2279,4,1,3.13
P13753,PN_PIQ,E2280,7,3,0.9
P13754,PN_PIQ,E2280,7,3,0.64
P13755,PN_PIQ,E2280,7,3,0.31
P13756,PN_PIQ,E2280,7,3,0.37
P13757,PN_PIQ,E2280,7,3,0.91
P13758,PN_PIQ,E2280,7,3,1.96
P13759,PN_PIQ,E2280,7,3,0.3
P13760,PN_PIQ,E2280,7,3,0.29
P13761,PN_PIQ,E2280,7,3,1.23
P13762,PN_PIQ,E2281,3,2,0.46
P13763,ME,E2281,3,2,0.45
P13764,MA_ROTA,E2281,3,2,1.87
P13765,MA_ROTA,E2282,3,2,0.44
P13766,MA_ROTA,E2282,3,2,0.7
P13768,MA_ROTA,E2283,3,2,0.37
P13770,MA_ROTA,E2283,3,2,0.53
P13771,MA_ROTA,E2284,3,2,0.17
P13772,MA_ROTA,E2284,3,2,2.88
P13773,MA_ROTA,E2284,3,2,2.8
P13774,MA_ROTA,E2284,3,2,1.64
P13775,MA_ROTA,E2284,3,2,2.4
P13776,ME,E2284,3,2,1.6
P13777,MA_ROTA,E2284,3,2,1.21
P13778,MA_ROTA,E2284,3,2,0.38
P13779,ME,E2284,3,2,2.01
P13780,MA_ROTA,E2284,3,2,1.02
P13781,PN_PIQ,E2285,3,2,1.4
P13782,PN_PIQ,E2285,3,2,0.83
P13783,PN_PIQ,E2285,3,2,0.34
P13784,PN_PIQ,E2286,3,2,0.56
P13785,MA_ROTA,E2287,3,2,0.06
P13786,PN_PIQ,E2287,3,2,4.14
P13787,PN_PIQ,E2287,3,2,0.14
P13788,PN_PIQ,E2287,3,2,1.51
P13789,PN_PIQ,E2287,3,2,1.9
P13790,PN_PIQ,E2288,3,2,2.26
P13791,MA_ROTA,E2288,3,2,0.36
P13792,PN_PIQ,E2288,3,2,1.07
P13793,MA_ROTA,E2289,3,2,1.33
P13795,PN_PIQ,E2289,3,2,0.55
P13796,PN_PIQ,E2289,3,2,1.07
P13797,PN_PIQ,E2290,3,2,1.61
P13798,PN_PIQ,E2290,3,2,1.15
P13799,PN_PIQ,E2290,3,2,3.35
P13800,PN_PIQ,E2290,3,2,0.82
P13801,PN_PIQ,E2290,3,2,1.92
P13802,PN_PIQ,E2290,3,2,0.11
P13803,PN_PIQ,E2290,3,2,3.74
P13804,PN_PIQ,E2290,3,2,0.13
P13805,MA_ROTA,E2291,3,2,0.33
P13806,PN_PIQ,E2291,3,2,0.86
P13807,PN_PIQ,E2291,3,2,0.16
P13808,MA_ROTA,E2291,3,2,0.19
P13809,MA_ROTA,E2291,3,2,1.39
P13810,MA_ROTA,E2291,3,2,0.1
P13811,MA_ROTA,E2291,3,2,1.38
P13812,MA_ROTA,E2291,3,2,1.0
P13813,PN_PIQ,E2291,3,2,0.87
P13815,PN_PIQ,E2291,3,2,2.04
P13816,MA_ROTA,E2291,3,2,1.73
P13817,PN_PIQ,E2292,3,2,0.88
P13818,PN_PIQ,E2292,3,2,0.75
P13820,PN_PIQ,E2292,3,2,0.19
P13821,PN_PIQ,E2292,3,2,0.24
P13822,MA_ROTA,E2293,3,2,2.93
P13823,PN_PIQ,E2294,3,2,1.65
P13824,MA_ROTA,E2294,3,2,0.36
P13825,MA_ROTA,E2294,3,2,0.59
P13826,MA_ROTA,E2294,3,2,0.21
P13827,PN_PIQ,E2294,3,2,0.59
P13828,MA_ROTA,E2294,3,2,1.75
P13829,MA_ROTA,E2294,3,2,0.2
P13830,MA_ROTA,E2294,3,2,0.41
P13831,MA_ROTA,E2294,3,2,0.26
P13832,PN_PIQ,E2294,3,2,0.27
P13833,PN_PIQ,E2294,3,2,0.27
P13834,PN_PIQ,E2295,7,3,0.12
P13835,PN_PIQ,E2295,7,3,0.4
P13836,PN_PIQ,E2295,7,3,0.75
P13837,PN_PIQ,E2296,6,1,2.19
P13838,IG_PLA,E2296,6,1,0.72
P13839,MA_ROTA,E2297,2,2,0.74
P13840,MA_ROTA,E2297,2,2,1.17
P13841,PN_PIQ,E2297,2,2,1.7
P13842,MA_ROTA,E2297,2,2,0.12
P13843,PN_PIQ,E2298,2,2,1.22
P13844,PN_PIQ,E2298,2,2,1.32
P13845,PN_PIQ,E2298,2,2,0.46
P13846,PN_PIQ,E2298,2,2,3.45
P13847,MA_ROTA,E2298,2,2,5.8
P13848,PN_PIQ,E2298,2,2,1.74
P13849,PN_PIQ,E2299,7,3,0.35
P13850,PN_PIQ,E2299,7,3,0.24
P13851,PN_PIQ,E2299,7,3,0.32
P13852,PN_PIQ,E2299,7,3,0.21
P13853,PN_PIQ,E2299,7,3,0.36
P13854,PN_PIQ,E2299,7,3,0.33
P13855,PN_PIQ,E2299,7,3,0.53
P13856,PN_PIQ,E2300,7,3,1.47
P13857,PN_PIQ,E2300,7,3,1.32
P13858,AG,E2301,6,1,0.93
P13860,MA_ROTA,E2302,5,1,0.11
P13861,MA_ROTA,E2302,5,1,0.26
P13864,MA_ROTA,E2302,5,1,2.24
P13865,MA_ROTA,E2302,5,1,0.99
P13866,MA_ROTA,E2302,5,1,1.22
P13868,MA_ROTA,E2302,5,1,0.1
P13869,MA_ROTA,E2302,5,1,0.91
P13870,MA_ROTA,E2302,5,1,2.56
P13871,MA_ROTA,E2302,5,1,0.26
P13873,MA_ROTA,E2302,5,1,0.35
P13874,MA_ROTA,E2302,5,1,1.98
P13875,MA_ROTA,E2302,5,1,0.15
P13880,MA_ROTA,E2302,5,1,1.01
P13881,MA_ROTA,E2302,5,1,1.14
P13882,MA_ROTA,E2302,5,1,1.22
P13883,MA_ROTA,E2303,2,2,0.57
P13884,MA_ROTA,E2303,2,2,0.78
P13885,MA_ROTA,E2303,2,2,2.67
P13886,PN_PIQ,E2303,2,2,5.31
P13887,MA_ROTA,E2303,2,2,1.51
P13888,MA_ROTA,E2303,2,2,1.1
P13889,MA_ROTA,E2303,2,2,0.73
P13890,MA_ROTA,E2303,2,2,0.33
P13891,MA_ROTA,E2303,2,2,0.74
P13892,MA_ROTA,E2303,2,2,0.84
P13893,MA_ROTA,E2303,2,2,1.21
P13894,MA_ROTA,E2303,2,2,0.31
P13895,PN_PIQ,E2304,4,1,2.34
P13896,PN_PIQ,E2305,4,1,4.21
P13897,PN_PIQ,E2305,4,1,0.48
P13898,MA_ROTA,E2306,3,2,0.86
P13899,MA_ROTA,E2306,3,2,0.4
P13900,PN_PIQ,E2306,3,2,0.69
P13901,PN_PIQ,E2306,3,2,1.57
P13902,MA_ROTA,E2306,3,2,1.17
P13903,MA_ROTA,E2306,3,2,0.96
P13904,PN_PIQ,E2306,3,2,0.87
P13905,MA_ROTA,E2307,3,2,1.02
P13906,PN_PIQ,E2307,3,2,0.92
P13907,PN_PIQ,E2307,3,2,1.05
P13908,MA_ROTA,E2307,3,2,1.14
P13909,PN_PIQ,E2308,7,3,0.59
P13910,PN_PIQ,E2308,7,3,1.42
P13911,PN_PIQ,E2309,7,3,0.43
P13912,PN_PIQ,E2309,7,3,0.25
P13915,PN_PIQ,E2310,4,1,0.19
P13916,PN_PIQ,E2310,4,1,0.4
P13917,PN_PIQ,E2310,4,1,0.11
P13918,MA_ROTA,E2311,5,1,0.07
P13919,MA_ROTA,E2311,5,1,0.08
P13920,IG_PLA,E2311,5,1,0.36
P13921,BC_BT,E2311,5,1,0.48
P13922,TH,E2311,5,1,2.66
P13924,IG_PLA,E2311,5,1,0.68
P13925,IG_PLA,E2311,5,1,2.07
P13926,PN_PIQ,E2312,3,2,0.59
P13927,PN_PIQ,E2312,3,2,0.42
P13928,MA_ROTA,E2312,3,2,1.46
P13929,PN_PIQ,E2312,3,2,1.26
P13930,MA_ROTA,E2312,3,2,0.96
P13931,MA_ROTA,E2313,3,2,1.01
P13932,MA_ROTA,E2313,3,2,4.26
P13933,MA_ROTA,E2313,3,2,0.33
P13934,MA_ROTA,E2313,3,2,0.66
P13935,PN_PIQ,E2313,3,2,0.49
P13936,MA_ROTA,E2314,3,2,1.26
P13937,MA_ROTA,E2314,3,2,0.88
P13938,PN_PIQ,E2315,2,2,0.61
P13939,MA_ROTA,E2315,2,2,0.38
P13940,MA_ROTA,E2315,2,2,0.46
P13941,MA_ROTA,E2315,2,2,0.26
P13942,MA_ROTA,E2316,2,2,1.92
P13943,MA_ROTA,E2316,2,2,3.34
P13944,MA_ROTA,E2316,2,2,0.11
P13945,MA_ROTA,E2317,3,2,2.31
P13946,PN_PIQ,E2317,3,2,1.28
P13947,PN_PIQ,E2317,3,2,0.45
P13948,MA_ROTA,E2317,3,2,1.85
P13949,MA_ROTA,E2317,3,2,0.06
P13950,MA_ROTA,E2317,3,2,0.36
P13951,MA_ROTA,E2317,3,2,0.81
P13953,ME,E2317,3,2,0.44
P13954,MA_ROTA,E2318,3,2,0.45
P13955,MA_ROTA,E2318,3,2,1.52
P13956,MA_ROTA,E2318,3,2,1.0
P13957,MA_ROTA,E2318,3,2,1.86
P13958,PN_PIQ,E2318,3,2,0.51
P13959,MA_ROTA,E2318,3,2,0.9
P13960,PN_PIQ,E2318,3,2,2.03
P13961,PN_PIQ,E2318,3,2,2.41
P13962,MA_ROTA,E2318,3,2,4.03
P13963,PN_PIQ,E2318,3,2,3.28
P13964,MA_ROTA,E2318,3,2,0.34
P13965,PN_PIQ,E2319,2,2,1.22
P13967,PN_PIQ,E2319,2,2,1.86
P13968,MA_ROTA,E2319,2,2,0.95
P13969,MA_ROTA,E2319,2,2,1.32
P13970,PN_PIQ,E2320,2,2,0.59
P13971,PN_PIQ,E2320,2,2,0.27
P13972,PN_PIQ,E2320,2,2,1.02
P13973,PN_PIQ,E2321,3,2,0.98
P13974,PN_PIQ,E2321,3,2,0.58
P13975,MA_ROTA,E2322,3,2,2.2
P13976,MA_ROTA,E2323,2,2,1.26
P13977,PN_PIQ,E2323,2,2,0.2
P13978,MA_ROTA,E2323,2,2,1.88
P13979,MA_ROTA,E2323,2,2,0.37
P13980,MA_ROTA,E2323,2,2,0.26
P13981,ME,E2323,2,2,0.13
P13982,PN_PIQ,E2324,2,2,14.64
P13983,MA_ROTA,E2324,2,2,2.22
P13984,MA_ROTA,E2324,2,2,6.36
P13985,MA_ROTA,E2324,2,2,0.66
P13986,PN_PIQ,E2324,2,2,0.65
P13987,PN_PIQ,E2324,2,2,2.61
P13988,MA_ROTA,E2325,2,2,2.13
P13989,MA_ROTA,E2325,2,2,0.52
P13990,MA_ROTA,E2325,2,2,0.63
P13991,PN_PIQ,E2326,3,2,0.69
P13992,MA_ROTA,E2326,3,2,1.93
P13993,PN_PIQ,E2326,3,2,0.56
P13994,MA_ROTA,E2326,3,2,0.5
P13995,MA_ROTA,E2326,3,2,3.26
P13996,PN_PIQ,E2326,3,2,1.16
P13997,MA_ROTA,E2326,3,2,1.28
P13998,PN_PIQ,E2326,3,2,2.03
P13999,PN_PIQ,E2326,3,2,0.71
P14000,PN_PIQ,E2327,4,1,0.88
P14001,PN_PIQ,E2327,4,1,1.89
P14002,PN_PIQ,E2327,4,1,0.43
P14003,PN_PIQ,E2327,4,1,1.91
P14004,PN_PIQ,E2328,7,3,0.91
P14005,PN_PIQ,E2328,7,3,0.77
P14006,PN_PIQ,E2328,7,3,0.87
P14007,PN_PIQ,E2329,1,2,0.84
P14008,PN_PIQ,E2330,7,3,0.71
P14009,PN_PIQ,E2330,7,3,0.85
P14010,PN_PIQ,E2330,7,3,1.32
P14011,PN_PIQ,E2331,7,3,0.8
P14012,PN_PIQ,E2331,7,3,0.15
P14013,PN_PIQ,E2331,7,3,0.05
P14014,PN_PIQ,E2331,7,3,0.4
P14015,PN_PIQ,E2331,7,3,0.33
P14016,PN_PIQ,E2332,4,1,0.98
P14017,PN_PIQ,E2332,4,1,0.64
P14018,MA_ROTA,E2332,4,1,0.68
P14019,MA_ROTA,E2332,4,1,0.21
P14020,MA_ROTA,E2332,4,1,0.34
P14021,PN_PIQ,E2332,4,1,0.06
P14023,MA_ROTA,E2332,4,1,0.8
P14024,MA_ROTA,E2332,4,1,0.93
P14025,PN_PIQ,E2332,4,1,1.8
P14026,PN_PIQ,E2332,4,1,0.3
P14027,MA_ROTA,E2332,4,1,0.2
P14028,MA_ROTA,E2332,4,1,0.25
P14029,PN_PIQ,E2332,4,1,0.33
P14030,MA_ROTA,E2333,1,2,0.25
P14031,MA_ROTA,E2333,1,2,0.1
P14032,PN_PIQ,E2333,1,2,0.98
P14033,PN_PIQ,E2334,4,1,0.86
P14034,PN_PIQ,E2334,4,1,0.51
P14035,PN_PIQ,E2335,2,2,1.53
P14037,MA_ROTA,E2335,2,2,0.55
P14038,MA_ROTA,E2336,2,2,0.8
P14039,MA_ROTA,E2336,2,2,0.78
P14040,MA_ROTA,E2336,2,2,1.81
P14041,PN_PIQ,E2336,2,2,0.58
P14042,MA_ROTA,E2336,2,2,0.76
P14043,PN_PIQ,E2336,2,2,1.61
P14047,PN_PIQ,E2337,3,2,0.3
P14048,MA_ROTA,E2337,3,2,0.63
P14049,MA_ROTA,E2337,3,2,1.1
P14051,MA_ROTA,E2337,3,2,0.58
P14052,PN_PIQ,E2337,3,2,0.69
P14053,MA_ROTA,E2337,3,2,0.36
P14054,MA_ROTA,E2338,3,2,1.51
P14055,PN_PIQ,E2338,3,2,0.58
P14056,MA_ROTA,E2338,3,2,1.27
P14057,MA_ROTA,E2338,3,2,0.83
P14058,MA_ROTA,E2338,3,2,0.67
P14059,PN_PIQ,E2338,3,2,0.57
P14060,PN_PIQ,E2338,3,2,0.92
P14061,MA_ROTA,E2339,2,2,1.53
P14062,MA_ROTA,E2339,2,2,0.89
P14063,PN_PIQ,E2340,4,1,1.02
P14064,PN_PIQ,E2340,4,1,0.1
P14065,MA_ROTA,E2340,4,1,6.63
P14066,PN_PIQ,E2341,7,3,0.19
P14067,PN_PIQ,E2341,7,3,0.37
P14068,PN_PIQ,E2341,7,3,0.1
P14069,PN_PIQ,E2341,7,3,1.0
P14070,PN_PIQ,E2341,7,3,1.23
P14071,PN_PIQ,E2341,7,3,0.42
P14072,PN_PIQ,E2341,7,3,0.09
P14073,PN_PIQ,E2341,7,3,3.37
P14074,PN_PIQ,E2341,7,3,0.19
P14075,PN_PIQ,E2342,4,1,0.15
P14076,PN_PIQ,E2342,4,1,0.3
P14077,PN_PIQ,E2342,4,1,0.57
P14078,PN_PIQ,E2342,4,1,0.62
P14079,PN_PIQ,E2342,4,1,0.23
P14080,PN_PIQ,E2342,4,1,0.07
P14081,PN_PIQ,E2342,4,1,0.13
P14082,PN_PIQ,E2342,4,1,0.08
P14083,PN_PIQ,E2342,4,1,0.71
P14084,PN_PIQ,E2342,4,1,0.33
P14085,PN_PIQ,E2342,4,1,0.42
P14086,PN_PIQ,E2342,4,1,0.67
P14087,PN_PIQ,E2342,4,1,0.28
P14088,PN_PIQ,E2342,4,1,0.21
P14089,PN_PIQ,E2342,4,1,0.73
P14090,PN_PIQ,E2342,4,1,0.38
P14092,PN_PIQ,E2342,4,1,0.28
P14093,PN_PIQ,E2342,4,1,0.12
P14094,PN_PIQ,E2343,7,3,0.86
P14095,PN_PIQ,E2343,7,3,0.72
P14096,PN_PIQ,E2343,7,3,1.83
P14097,PN_PIQ,E2344,4,1,1.03
P14098,PN_PIQ,E2344,4,1,0.2
P14099,PN_PIQ,E2344,4,1,0.17
P14100,PN_PIQ,E2344,4,1,0.43
P14101,PN_PIQ,E2345,7,3,0.89
P14102,PN_PIQ,E2345,7,3,0.3
P14103,PN_PIQ,E2345,7,3,0.36
P14104,PN_PIQ,E2345,7,3,0.25
P14105,PN_PIQ,E2345,7,3,0.15
P14107,PN_PIQ,E2346,7,3,0.78
P14108,PN_PIQ,E2346,7,3,1.58
P14110,PN_PIQ,E2346,7,3,1.53
P14111,PN_PIQ,E2346,7,3,0.58
P14112,PN_PIQ,E2346,7,3,0.47
P14113,PN_PIQ,E2346,7,3,0.87
P14114,PN_PIQ,E2346,7,3,1.79
P14115,PN_PIQ,E2346,7,3,1.0
P14116,PN_PIQ,E2347,7,3,1.04
P14117,PN_PIQ,E2347,7,3,1.18
P14118,PN_PIQ,E2348,7,3,0.19
P14119,PN_PIQ,E2348,7,3,0.73
P14120,PN_PIQ,E2348,7,3,0.64
P14121,PN_PIQ,E2348,7,3,0.68
P14122,PN_PIQ,E2348,7,3,0.5
P14123,MA_ROTA,E2349,2,2,0.72
P14124,PN_PIQ,E2349,2,2,0.26
P14125,MA_ROTA,E2349,2,2,0.5
P14126,MA_ROTA,E2350,1,2,2.05
P14127,MA_ROTA,E2351,1,2,0.57
P14128,MA_ROTA,E2351,1,2,2.48
P14129,PN_PIQ,E2352,1,2,1.47
P14130,MA_ROTA,E2352,1,2,0.85
P14131,MA_ROTA,E2352,1,2,0.26
P14132,PN_PIQ,E2353,1,2,0.74
P14133,PN_PIQ,E2353,1,2,0.31
P14134,PN_PIQ,E2353,1,2,0.57
P14135,PN_PIQ,E2353,1,2,0.06
P14136,PN_PIQ,E2354,2,2,1.05
P14137,PN_PIQ,E2355,1,2,1.07
P14138,PN_PIQ,E2355,1,2,3.55
P14139,PN_PIQ,E2356,7,3,0.63
P14140,PN_PIQ,E2357,7,3,0.34
P14141,PN_PIQ,E2357,7,3,0.54
P14142,PN_PIQ,E2358,2,2,0.36
P14143,PN_PIQ,E2358,2,2,0.17
P14144,PN_PIQ,E2358,2,2,0.58
P14145,PN_PIQ,E2359,7,3,1.01
P14146,PN_PIQ,E2359,7,3,1.0
P14147,PN_PIQ,E2360,4,1,0.76
P14148,MA_ROTA,E2361,3,2,0.86
P14149,PN_PIQ,E2362,4,1,3.39
P14150,PN_PIQ,E2362,4,1,0.49
P14151,PN_PIQ,E2362,4,1,0.67
P14152,MA_ROTA,E2363,2,2,1.36
P14153,MA_ROTA,E2363,2,2,0.97
P14154,IG_PLA,E2364,5,1,0.7
P14155,AG,E2364,5,1,4.06
P14156,PN_PIQ,E2365,7,3,0.76
P14157,PN_PIQ,E2365,7,3,0.07
P14158,PN_PIQ,E2365,7,3,1.26
P14159,PN_PIQ,E2365,7,3,0.25
P14160,PN_PIQ,E2366,7,3,0.59
P14161,PN_PIQ,E2366,7,3,0.08
P14162,PN_PIQ,E2366,7,3,0.27
P14163,PN_PIQ,E2366,7,3,0.14
P14164,PN_PIQ,E2367,7,3,0.39
P14165,PN_PIQ,E2367,7,3,1.39
P14166,PN_PIQ,E2367,7,3,0.53
P14167,PN_PIQ,E2367,7,3,0.83
P14168,PN_PIQ,E2368,7,3,0.31
P14169,PN_PIQ,E2368,7,3,0.79
P14170,PN_PIQ,E2368,7,3,0.49
P14171,PN_PIQ,E2369,7,3,1.28
P14172,PN_PIQ,E2369,7,3,0.4
P14173,MA_ROTA,E2370,3,2,1.3
P14174,MA_ROTA,E2370,3,2,0.89
P14175,PN_PIQ,E2371,7,3,0.46
P14176,PN_PIQ,E2371,7,3,0.36
P14177,PN_PIQ,E2371,7,3,0.33
P14178,PN_PIQ,E2371,7,3,0.2
P14179,PN_PIQ,E2371,7,3,0.21
P14180,PN_PIQ,E2371,7,3,0.22
P14181,PN_PIQ,E2371,7,3,0.5
P14182,PN_PIQ,E2371,7,3,0.3
P14183,PN_PIQ,E2371,7,3,0.92
P14184,PN_PIQ,E2372,7,3,0.79
P14185,PN_PIQ,E2373,7,3,0.63
P14186,PN_PIQ,E2373,7,3,0.61
P14187,PN_PIQ,E2373,7,3,0.33
P14188,PN_PIQ,E2374,7,3,0.12
P14189,PN_PIQ,E2374,7,3,0.29
P14190,PN_PIQ,E2374,7,3,0.34
P14191,PN_PIQ,E2374,7,3,0.28
P14192,PN_PIQ,E2375,7,3,0.37
P14193,PN_PIQ,E2375,7,3,0.83
P14194,PN_PIQ,E2375,7,3,0.24
P14195,PN_PIQ,E2375,7,3,0.25
P14196,PN_PIQ,E2376,7,3,0.5
P14197,PN_PIQ,E2376,7,3,0.21
P14198,PN_PIQ,E2376,7,3,0.22
P14199,PN_PIQ,E2376,7,3,1.81
P14200,PN_PIQ,E2377,7,3,0.32
P14201,PN_PIQ,E2377,7,3,0.37
P14202,MA_ROTA,E2378,2,2,0.9
P14203,PN_PIQ,E2379,7,3,0.42
P14204,PN_PIQ,E2379,7,3,0.17
P14205,PN_PIQ,E2379,7,3,0.49
P14206,PN_PIQ,E2379,7,3,0.34
P14207,PN_PIQ,E2379,7,3,0.09
P14208,PN_PIQ,E2380,2,2,0.93
P14209,PN_PIQ,E2381,7,3,0.21
P14210,PN_PIQ,E2381,7,3,0.18
P14211,PN_PIQ,E2381,7,3,0.24
P14212,AN_PA,E2382,6,1,0.53
P14213,AN_PA,E2382,6,1,0.5
P14214,TH,E2382,6,1,1.05
P14215,MA_ROTA,E2383,2,2,0.48
P14216,MA_ROTA,E2383,2,2,1.26
P14217,PN_PIQ,E2384,2,2,0.92
P14218,MA_ROTA,E2384,2,2,1.05
P14219,PN_PIQ,E2384,2,2,0.64
P14220,PN_PIQ,E2384,2,2,0.08
P14221,PN_PIQ,E2385,7,3,0.32
P14222,PN_PIQ,E2385,7,3,0.47
P14223,PN_PIQ,E2385,7,3,0.74
P14224,PN_PIQ,E2385,7,3,0.1
P14225,PN_PIQ,E2385,7,3,0.2
P14226,PN_PIQ,E2385,7,3,0.49
P14227,PN_PIQ,E2385,7,3,0.58
P14228,PN_PIQ,E2386,2,2,0.45
P14229,PN_PIQ,E2386,2,2,0.05
P14230,PN_PIQ,E2386,2,2,0.5
P14231,PN_PIQ,E2386,2,2,0.09
P14232,PN_PIQ,E2386,3,2,0.61
P14233,PN_PIQ,E2386,3,2,0.36
P14234,PN_PIQ,E2387,2,2,1.15
P14235,MA_ROTA,E2387,2,2,4.2
P14236,MA_ROTA,E2388,2,2,0.68
P14237,MA_ROTA,E2388,2,2,0.4
P14238,PN_PIQ,E2389,3,2,1.15
P14239,PN_PIQ,E2389,3,2,0.92
P14240,PN_PIQ,E2389,3,2,0.42
P14242,PN_PIQ,E2389,3,2,0.21
P14243,PN_PIQ,E2389,3,2,0.17
P14244,MA_ROTA,E2390,3,2,1.56
P14245,PN_PIQ,E2390,3,2,2.31
P14246,PN_PIQ,E2390,3,2,2.24
P14247,PN_PIQ,E2390,3,2,3.18
P14248,MA_ROTA,E2390,3,2,0.99
P14249,MA_ROTA,E2391,2,2,0.67
P14250,MA_ROTA,E2391,2,2,0.51
P14252,PN_PIQ,E2392,2,2,1.99
P14254,MA_ROTA,E2393,1,2,0.6
P14255,MA_ROTA,E2393,1,2,1.0
P14256,PN_PIQ,E2394,7,3,2.25
P14257,PN_PIQ,E2394,7,3,1.0
P14258,PN_PIQ,E2395,7,3,0.81
P14259,PN_PIQ,E2395,7,3,0.5
P14260,PN_PIQ,E2395,7,3,0.42
P14261,PN_PIQ,E2396,7,3,0.69
P14262,PN_PIQ,E2396,7,3,0.34
P14263,PN_PIQ,E2396,7,3,1.09
P14264,PN_PIQ,E2396,7,3,0.95
P14265,PN_PIQ,E2396,7,3,0.6
P14266,PN_PIQ,E2396,7,3,0.21
P14267,PN_PIQ,E2396,7,3,0.71
P14268,MA_ROTA,E2397,1,2,0.68
P14269,PN_PIQ,E2397,1,2,0.14
P14270,PN_PIQ,E2398,2,2,1.32
P14271,PN_PIQ,E2399,7,3,0.37
P14272,PN_PIQ,E2400,7,3,0.57
P14273,PN_PIQ,E2400,7,3,0.39
P14274,PN_PIQ,E2400,7,3,0.11
P14275,MA_ROTA,E2401,2,2,0.35
P14276,MA_ROTA,E2401,2,2,0.44
P14277,PN_PIQ,E2401,2,2,0.05
P14278,PN_PIQ,E2402,2,2,0.82
P14279,PN_PIQ,E2402,2,2,0.11
P14280,MA_ROTA,E2403,2,2,0.3
P14281,MA_ROTA,E2403,2,2,0.31
P14282,MA_ROTA,E2403,2,2,0.66
P14283,MA_ROTA,E2403,2,2,0.21
P14284,PN_PIQ,E2404,7,3,0.63
P14285,PN_PIQ,E2405,7,3,0.53
P14286,MA_ROTA,E2406,2,2,2.11
P14287,MA_ROTA,E2406,2,2,0.89
P14288,MA_ROTA,E2406,2,2,0.12
P14289,PN_PIQ,E2406,2,2,0.61
P14290,PN_PIQ,E2406,2,2,0.92
P14291,MA_ROTA,E2406,2,2,0.26
P14292,PN_PIQ,E2406,2,2,1.15
P14293,MA_ROTA,E2406,2,2,0.1
P14294,PN_PIQ,E2406,2,2,1.97
P14295,MA_ROTA,E2406,2,2,0.08
P14296,PN_PIQ,E2406,2,2,0.27
P14297,PN_PIQ,E2406,2,2,0.14
P14298,MA_ROTA,E2406,2,2,0.14
P14299,MA_ROTA,E2406,2,2,0.06
P14300,PN_PIQ,E2406,2,2,1.12
P14301,MA_ROTA,E2406,2,2,0.18
P14302,PN_PIQ,E2406,2,2,0.15
P14303,MA_ROTA,E2407,2,2,0.39
P14304,MA_ROTA,E2407,2,2,0.14
P14305,MA_ROTA,E2407,1,2,1.48
P14306,MA_ROTA,E2407,1,2,1.44
P14307,MA_ROTA,E2407,1,2,0.62
P14308,MA_ROTA,E2407,1,2,1.42
P14309,PN_PIQ,E2407,1,2,1.32
P14310,MA_ROTA,E2407,1,2,1.26
P14311,MA_ROTA,E2407,1,2,1.4
P14312,PN_PIQ,E2408,1,2,0.25
P14313,PN_PIQ,E2408,1,2,0.07
P14314,PN_PIQ,E2408,1,2,0.32
P14315,PN_PIQ,E2409,7,3,0.6
P14316,PN_PIQ,E2409,7,3,1.47
P14317,PN_PIQ,E2409,7,3,0.5
P14318,PN_PIQ,E2410,7,3,0.39
P14319,PN_PIQ,E2410,7,3,0.53
P14320,PN_PIQ,E2410,7,3,0.9
P14321,PN_PIQ,E2410,7,3,0.36
P14322,PN_PIQ,E2411,7,3,0.27
P14323,PN_PIQ,E2411,7,3,2.23
P14324,PN_PIQ,E2411,7,3,0.53
P14325,PN_PIQ,E2411,7,3,0.37
P14326,PN_PIQ,E2412,1,2,1.44
P14327,MA_ROTA,E2412,1,2,0.07
P14328,MA_ROTA,E2413,1,2,0.31
P14329,MA_ROTA,E2413,1,2,0.68
P14330,MA_ROTA,E2414,2,2,0.47
P14331,PN_PIQ,E2414,2,2,0.29
P14332,PN_PIQ,E2414,2,2,0.29
P14333,ME,E2414,2,2,0.72
P14334,MA_ROTA,E2414,2,2,0.26
P14335,MA_ROTA,E2414,2,2,1.67
P14336,PN_PIQ,E2415,7,3,0.78
P14337,PN_PIQ,E2415,7,3,0.47
P14338,PN_PIQ,E2415,7,3,0.39
P14339,MA_ROTA,E2416,2,2,0.44
P14340,MA_ROTA,E2416,2,2,0.17
P14341,PN_PIQ,E2416,2,2,0.49
P14342,PN_PIQ,E2417,7,3,0.2
P14343,PN_PIQ,E2417,7,3,0.55
P14344,PN_PIQ,E2417,7,3,0.68
P14345,PN_PIQ,E2418,2,2,0.89
P14346,MA_ROTA,E2418,2,2,0.57
P14347,MA_ROTA,E2418,2,2,2.87
P14348,PN_PIQ,E2419,7,3,0.81
P14349,PN_PIQ,E2419,7,3,0.21
P14350,PN_PIQ,E2419,7,3,0.2
P14351,PN_PIQ,E2419,7,3,0.32
P14352,PN_PIQ,E2420,7,3,0.43
P14353,PN_PIQ,E2420,7,3,0.2
P14354,PN_PIQ,E2421,2,2,0.75
P14355,PN_PIQ,E2421,2,2,0.3
P14356,PN_PIQ,E2421,2,2,0.82
P14357,MA_ROTA,E2422,2,2,1.3
P14358,PN_PIQ,E2423,4,1,0.45
P14359,PN_PIQ,E2423,4,1,0.56
P14361,PN_PIQ,E2423,4,1,0.23
P14362,PN_PIQ,E2423,4,1,0.36
P14364,PN_PIQ,E2423,4,1,0.38
P14365,PN_PIQ,E2423,4,1,0.07
P14366,PN_PIQ,E2423,4,1,0.38
P14367,PN_PIQ,E2423,4,1,0.86
P14368,PN_PIQ,E2423,4,1,0.32
P14369,PN_PIQ,E2423,4,1,0.61
P14370,PN_PIQ,E2423,4,1,0.3
P14371,PN_PIQ,E2423,4,1,0.35
P14372,PN_PIQ,E2423,4,1,0.27
P14373,PN_PIQ,E2423,4,1,0.26
P14374,PN_PIQ,E2423,4,1,0.18
P14375,PN_PIQ,E2423,4,1,0.28
P14377,PN_PIQ,E2423,4,1,0.13
P14378,PN_PIQ,E2423,4,1,0.67
P14379,PN_PIQ,E2423,4,1,0.75
P14381,PN_PIQ,E2424,7,3,0.82
P14382,PN_PIQ,E2424,7,3,0.85
P14383,PN_PIQ,E2424,7,3,0.4
P14384,PN_PIQ,E2424,7,3,0.22
P14385,PN_PIQ,E2425,7,3,0.42
P14386,PN_PIQ,E2425,7,3,0.59
P14387,PN_PIQ,E2425,7,3,0.38
P14388,PN_PIQ,E2425,7,3,0.18
P14389,PN_PIQ,E2425,7,3,0.57
P14390,PN_PIQ,E2426,2,2,0.58
P14391,PN_PIQ,E2426,1,2,0.45
P14393,PN_PIQ,E2427,6,1,2.0
P14394,MA_ROTA,E2428,3,2,0.3
P14395,PN_PIQ,E2428,3,2,0.39
P14396,MA_ROTA,E2429,3,2,2.28
P14397,MA_ROTA,E2429,3,2,0.55
P14398,MA_ROTA,E2429,3,2,3.85
P14399,MA_ROTA,E2429,3,2,0.67
P14400,MA_ROTA,E2430,2,2,0.57
P14401,PN_PIQ,E2430,2,2,0.27
P14402,PN_PIQ,E2431,2,2,0.46
P14403,PN_PIQ,E2431,2,2,0.25
P14404,PN_PIQ,E2431,2,2,0.05
P14405,PN_PIQ,E2431,2,2,0.1
P14406,MA_ROTA,E2432,1,2,0.63
P14407,MA_ROTA,E2432,2,2,0.43
P14408,MA_ROTA,E2433,2,2,0.9
P14409,MA_ROTA,E2433,2,2,0.48
P14410,MA_ROTA,E2433,2,2,0.44
P14411,PN_PIQ,E2434,7,3,1.37
P14412,PN_PIQ,E2435,7,3,0.97
P14413,PN_PIQ,E2435,7,3,1.36
P14414,PN_PIQ,E2436,1,2,1.18
P14415,PN_PIQ,E2437,1,2,0.96
P14416,PN_PIQ,E2437,1,2,1.0
P14417,MA_ROTA,E2437,1,2,0.98
P14418,PN_PIQ,E2438,4,1,0.6
P14419,MA_ROTA,E2439,3,2,1.17
P14420,MA_ROTA,E2439,3,2,1.26
P14421,MA_ROTA,E2439,3,2,1.43
P14423,PN_PIQ,E2439,3,2,1.45
P14424,MA_ROTA,E2439,3,2,1.08
P14425,MA_ROTA,E2439,3,2,0.38
P14426,PN_PIQ,E2440,4,1,0.43
P14427,PN_PIQ,E2440,4,1,0.9
P14428,PN_PIQ,E2440,4,1,1.0
P14429,PN_PIQ,E2440,4,1,0.4
P14430,PN_PIQ,E2440,4,1,0.39
P14431,MA_ROTA,E2441,2,2,3.23
P14432,MA_ROTA,E2442,2,2,0.68
P14433,PN_PIQ,E2443,1,2,0.56
P14434,PN_PIQ,E2443,1,2,0.59
P14435,PN_PIQ,E2443,1,2,0.22
P14436,PN_PIQ,E2443,1,2,1.3
P14437,PN_PIQ,E2444,2,2,0.76
P14438,PN_PIQ,E2444,2,2,0.29
P14439,PN_PIQ,E2444,2,2,0.05
P14440,PN_PIQ,E2445,7,3,1.27
P14441,PN_PIQ,E2445,7,3,0.04
P14442,PN_PIQ,E2446,7,3,1.55
P14443,PN_PIQ,E2446,7,3,0.09
P14444,PN_PIQ,E2447,7,3,0.2
P14445,PN_PIQ,E2448,7,3,0.44
P14446,PN_PIQ,E2448,7,3,0.13
P14447,PN_PIQ,E2448,7,3,0.2
P14448,PN_PIQ,E2449,7,3,0.46
P14449,PN_PIQ,E2449,7,3,0.42
P14450,PN_PIQ,E2449,7,3,0.36
P14451,PN_PIQ,E2450,7,3,0.19
P14452,PN_PIQ,E2450,7,3,0.4
P14453,PN_PIQ,E2450,7,3,1.51
P14454,PN_PIQ,E2450,7,3,0.38
P14455,PN_PIQ,E2450,7,3,0.75
P14456,PN_PIQ,E2451,7,3,0.77
P14457,PN_PIQ,E2451,7,3,0.56
P14458,PN_PIQ,E2451,7,3,0.42
P14459,PN_PIQ,E2451,7,3,0.05
P14460,PN_PIQ,E2452,7,3,0.91
P14461,PN_PIQ,E2452,7,3,0.56
P14462,PN_PIQ,E2452,7,3,0.34
P14463,PN_PIQ,E2453,7,3,0.32
P14464,PN_PIQ,E2453,7,3,0.32
P14465,PN_PIQ,E2453,7,3,0.56
P14466,PN_PIQ,E2453,7,3,0.51
P14467,PN_PIQ,E2454,2,2,1.27
P14468,PN_PIQ,E2454,2,2,0.45
P14469,PN_PIQ,E2454,3,2,1.14
P14470,MA_ROTA,E2454,3,2,0.35
P14471,PN_PIQ,E2455,7,3,0.54
P14472,PN_PIQ,E2455,7,3,0.27
P14473,PN_PIQ,E2455,7,3,0.43
P14474,PN_PIQ,E2455,7,3,0.22
P14475,PN_PIQ,E2456,7,3,0.62
P14476,PN_PIQ,E2457,7,3,0.16
P14477,PN_PIQ,E2457,7,3,0.29
P14478,PN_PIQ,E2457,7,3,0.4
P14479,PN_PIQ,E2458,7,3,0.56
P14480,PN_PIQ,E2458,7,3,0.19
P14481,PN_PIQ,E2458,7,3,0.3
P14482,PN_PIQ,E2458,7,3,0.14
P14483,MA_ROTA,E2459,4,1,0.33
P14484,PN_PIQ,E2459,4,1,0.48
P14485,MA_ROTA,E2459,4,1,0.12
P14486,MA_ROTA,E2459,4,1,0.25
P14487,PN_PIQ,E2459,4,1,0.15
P14488,PN_PIQ,E2459,4,1,0.08
P14489,MA_ROTA,E2459,4,1,0.24
P14490,MA_ROTA,E2459,4,1,0.01
P14491,MA_ROTA,E2459,4,1,1.21
P14492,PN_PIQ,E2459,4,1,0.14
P14493,MA_ROTA,E2459,4,1,0.11
P14494,PN_PIQ,E2459,4,1,0.72
P14495,PN_PIQ,E2459,4,1,1.07
P14496,MA_ROTA,E2459,4,1,0.73
P14497,MA_ROTA,E2459,4,1,0.07
P14498,PN_PIQ,E2460,3,2,2.24
P14499,MA_ROTA,E2460,3,2,6.82
P14500,MA_ROTA,E2460,3,2,3.97
P14501,MA_ROTA,E2460,3,2,9.21
P14502,PN_PIQ,E2460,3,2,8.62
P14503,MA_ROTA,E2460,3,2,1.17
P14504,PN_PIQ,E2460,3,2,2.18
P14505,PN_PIQ,E2461,7,3,0.1
P14506,PN_PIQ,E2461,7,3,0.2
P14507,PN_PIQ,E2461,7,3,0.5
P14508,PN_PIQ,E2461,7,3,0.18
P14509,PN_PIQ,E2461,7,3,1.55
P14510,PN_PIQ,E2461,7,3,0.48
P14511,PN_PIQ,E2461,7,3,0.19
P14512,PN_PIQ,E2461,7,3,0.18
P14513,PN_PIQ,E2461,7,3,0.41
P14514,PN_PIQ,E2462,7,3,1.0
P14515,PN_PIQ,E2462,7,3,2.49
P14516,PN_PIQ,E2462,7,3,0.37
P14517,PN_PIQ,E2462,7,3,0.27
P14518,PN_PIQ,E2463,4,1,1.27
P14520,MA_ROTA,E2464,2,2,0.9
P14521,MA_ROTA,E2465,2,2,1.36
P14522,PN_PIQ,E2465,2,2,0.69
P14524,PN_PIQ,E2466,2,2,0.33
P14525,PN_PIQ,E2466,2,2,0.27
P14526,PN_PIQ,E2466,2,2,0.16
P14527,PN_PIQ,E2467,1,2,0.98
P14528,MA_ROTA,E2467,1,2,0.93
P14529,MA_ROTA,E2467,1,2,0.51
P14530,MA_ROTA,E2467,1,2,0.31
P14531,PN_PIQ,E2468,2,2,0.18
P14532,PN_PIQ,E2468,2,2,0.54
P14533,PN_PIQ,E2468,2,2,1.46
P14534,PN_PIQ,E2468,2,2,0.57
P14535,PN_PIQ,E2469,3,2,1.22
P14537,PN_PIQ,E2469,3,2,0.26
P14538,MA_ROTA,E2469,3,2,1.08
P14539,PN_PIQ,E2469,3,2,0.13
P14540,MA_ROTA,E2470,3,2,0.94
P14541,PN_PIQ,E2471,3,2,0.15
P14542,MA_ROTA,E2471,3,2,3.19
P14543,MA_ROTA,E2471,3,2,1.18
P14544,MA_ROTA,E2471,3,2,0.85
P14545,MA_ROTA,E2471,3,2,1.5
P14546,PN_PIQ,E2471,3,2,4.54
P14547,PN_PIQ,E2472,3,2,2.41
P14548,PN_PIQ,E2472,3,2,1.4
P14549,PN_PIQ,E2472,3,2,1.52
P14550,MA_ROTA,E2472,3,2,0.63
P14551,MA_ROTA,E2472,3,2,1.53
P14552,MA_ROTA,E2472,3,2,0.54
P14553,MA_ROTA,E2472,3,2,1.01
P14555,MA_ROTA,E2472,3,2,2.01
P14556,MA_ROTA,E2472,3,2,0.36
P14557,PN_PIQ,E2473,3,2,0.55
P14558,PN_PIQ,E2473,3,2,1.98
P14559,PN_PIQ,E2473,3,2,0.82
P14560,PN_PIQ,E2473,3,2,0.37
P14561,PN_PIQ,E2474,3,2,1.36
P14563,PN_PIQ,E2474,3,2,3.8
P14564,PN_PIQ,E2474,3,2,1.57
P14565,PN_PIQ,E2474,3,2,1.01
P14566,PN_PIQ,E2474,3,2,1.1
P14567,PN_PIQ,E2474,3,2,1.13
P14568,MA_ROTA,E2475,3,2,0.63
P14569,MA_ROTA,E2476,3,2,0.6
P14570,MA_ROTA,E2476,3,2,0.82
P14571,MA_ROTA,E2476,3,2,0.39
P14572,MA_ROTA,E2476,3,2,0.2
P14573,MA_ROTA,E2477,3,2,0.65
P14574,PN_PIQ,E2478,3,2,0.76
P14575,PN_PIQ,E2479,1,2,0.15
P14576,MA_ROTA,E2479,1,2,0.13
P14577,MA_ROTA,E2479,1,2,0.19
P14578,MA_ROTA,E2479,1,2,0.26
P14579,MA_ROTA,E2479,1,2,0.63
P14580,PN_PIQ,E2480,3,2,1.55
P14581,MA_ROTA,E2480,3,2,1.1
P14582,PN_PIQ,E2480,3,2,2.56
P14583,MA_ROTA,E2480,3,2,0.72
P14584,MA_ROTA,E2480,3,2,1.13
P14585,PN_PIQ,E2481,2,2,0.87
P14586,PN_PIQ,E2481,2,2,0.33
P14587,MA_ROTA,E2481,2,2,0.95
P14588,MA_ROTA,E2481,2,2,0.44
P14589,MA_ROTA,E2481,2,2,0.35
P14590,MA_ROTA,E2481,2,2,0.49
P14591,PN_PIQ,E2481,2,2,0.27
P14592,PN_PIQ,E2481,2,2,0.2
P14593,PN_PIQ,E2481,2,2,0.21
P14594,MA_ROTA,E2482,2,2,1.02
P14595,PN_PIQ,E2483,7,3,1.48
P14596,MA_ROTA,E2484,2,2,0.51
P14597,MA_ROTA,E2484,2,2,0.56
P14598,MA_ROTA,E2484,2,2,1.36
P14599,MA_ROTA,E2484,2,2,0.78
P14600,PN_PIQ,E2485,7,3,0.53
P14601,PN_PIQ,E2485,7,3,0.61
P14602,PN_PIQ,E2485,7,3,1.08
P14603,PN_PIQ,E2485,7,3,0.79
P14604,PN_PIQ,E2486,7,3,0.33
P14605,PN_PIQ,E2486,7,3,1.98
P14606,PN_PIQ,E2486,7,3,0.26
P14607,PN_PIQ,E2486,7,3,0.3
P14608,PN_PIQ,E2487,4,1,3.3
P14611,PN_PIQ,E2488,7,3,0.53
P14612,PN_PIQ,E2488,7,3,0.82
P14613,PN_PIQ,E2488,7,3,0.53
P14614,PN_PIQ,E2489,7,3,0.73
P14615,PN_PIQ,E2489,7,3,0.14
P14616,PN_PIQ,E2489,7,3,0.7
P14617,PN_PIQ,E2489,7,3,0.47
P14618,PN_PIQ,E2489,7,3,0.48
P14619,PN_PIQ,E2490,4,1,0.45
P14620,PN_PIQ,E2490,4,1,0.46
P14621,PN_PIQ,E2490,4,1,0.16
P14622,MA_ROTA,E2490,4,1,1.48
P14623,MA_ROTA,E2490,4,1,0.74
P14624,PN_PIQ,E2490,4,1,0.18
P14625,PN_PIQ,E2491,7,3,0.69
P14626,PN_PIQ,E2491,7,3,0.14
P14627,PN_PIQ,E2491,7,3,0.25
P14628,MA_ROTA,E2492,3,2,2.7
P14629,PN_PIQ,E2492,3,2,0.75
P14630,PN_PIQ,E2492,3,2,1.27
P14632,PN_PIQ,E2492,3,2,0.67
P14633,PN_PIQ,E2492,3,2,0.46
P14635,PN_PIQ,E2492,3,2,0.19
P14636,PN_PIQ,E2492,3,2,1.44
P14637,PN_PIQ,E2493,7,3,0.7
P14638,PN_PIQ,E2493,7,3,0.42
P14639,PN_PIQ,E2493,7,3,0.07
P14640,PN_PIQ,E2494,3,2,0.98
P14641,PN_PIQ,E2495,7,3,0.82
P14642,PN_PIQ,E2495,7,3,0.16
P14643,PN_PIQ,E2495,7,3,0.09
P14644,PN_PIQ,E2495,7,3,0.4
P14645,PN_PIQ,E2495,7,3,0.09
P14646,PN_PIQ,E2495,7,3,0.94
P14647,MA_ROTA,E2496,3,2,1.43
P14648,MA_ROTA,E2496,3,2,0.08
P14649,PN_PIQ,E2496,3,2,1.2
P14650,PN_PIQ,E2496,3,2,0.16
P14651,PN_PIQ,E2497,7,3,0.89
P14652,PN_PIQ,E2497,7,3,0.59
P14653,PN_PIQ,E2497,7,3,1.29
P14654,PN_PIQ,E2497,7,3,0.54
P14655,PN_PIQ,E2497,7,3,0.77
P14656,PN_PIQ,E2497,7,3,0.4
P14657,PN_PIQ,E2498,3,2,1.62
P14658,MA_ROTA,E2498,3,2,1.06
P14659,PN_PIQ,E2498,3,2,1.03
P14660,PN_PIQ,E2498,3,2,0.65
P14661,PN_PIQ,E2499,3,2,0.05
P14662,PN_PIQ,E2499,3,2,0.02
P14663,PN_PIQ,E2499,3,2,0.93
P14664,MA_ROTA,E2500,3,2,0.29
P14665,PN_PIQ,E2500,3,2,0.56
P14666,PN_PIQ,E2500,3,2,0.14
P14667,MA_ROTA,E2500,3,2,0.2
P14668,MA_ROTA,E2500,3,2,0.37
P14669,MA_ROTA,E2500,3,2,0.26
P14670,MA_ROTA,E2500,3,2,0.52
P14671,MA_ROTA,E2500,3,2,0.74
P14672,MA_ROTA,E2500,3,2,0.13
P14673,MA_ROTA,E2501,3,2,0.4
P14674,PN_PIQ,E2501,3,2,2.11
P14675,PN_PIQ,E2501,3,2,2.85
P14676,PN_PIQ,E2501,3,2,0.14
P14677,MA_ROTA,E2501,3,2,0.45
P14678,MA_ROTA,E2501,3,2,0.2
P14679,MA_ROTA,E2501,3,2,0.26
P14680,MA_ROTA,E2501,3,2,0.05
P14681,MA_ROTA,E2501,3,2,1.54
P14682,PN_PIQ,E2502,1,2,0.13
P14683,PN_PIQ,E2502,1,2,0.13
P14684,PN_PIQ,E2502,1,2,0.06
P14685,PN_PIQ,E2502,1,2,0.04
P14686,PN_PIQ,E2502,1,2,0.07
P14687,PN_PIQ,E2503,7,3,0.16
P14688,PN_PIQ,E2503,7,3,0.69
P14689,PN_PIQ,E2503,7,3,0.36
P14690,PN_PIQ,E2504,4,1,1.53
P14691,PN_PIQ,E2504,4,1,0.5
P14692,PN_PIQ,E2504,4,1,2.67
P14693,PN_PIQ,E2505,7,3,0.8
P14694,PN_PIQ,E2505,7,3,0.62
P14695,MA_ROTA,E2506,1,2,0.38
P14697,MA_ROTA,E2506,1,2,0.09
P14698,PN_PIQ,E2506,1,2,0.56
P14699,MA_ROTA,E2507,2,2,1.3
P14700,ME,E2507,2,2,0.88
P14701,MA_ROTA,E2507,2,2,0.3
P14702,PN_PIQ,E2507,2,2,0.87
P14703,PN_PIQ,E2507,2,2,0.87
P14704,ME,E2507,2,2,0.29
P14705,MA_ROTA,E2507,2,2,0.62
P14706,MA_ROTA,E2507,2,2,0.39
P14707,MA_ROTA,E2507,2,2,0.24
P14709,MA_ROTA,E2509,2,2,0.26
P14710,PN_PIQ,E2509,2,2,0.3
P14711,MA_ROTA,E2509,2,2,0.51
P14712,PN_PIQ,E2510,4,1,0.66
P14713,MA_ROTA,E2511,4,1,0.24
P14714,PN_PIQ,E2511,4,1,0.18
P14715,MA_ROTA,E2511,4,1,2.28
P14716,MA_ROTA,E2511,4,1,1.82
P14717,MA_ROTA,E2511,4,1,0.93
P14718,MA_ROTA,E2511,4,1,0.11
P14719,MA_ROTA,E2511,4,1,0.07
P14720,PN_PIQ,E2511,4,1,0.27
P14721,PN_PIQ,E2511,4,1,0.75
P14722,PN_PIQ,E2512,2,2,0.46
P14723,PN_PIQ,E2513,7,3,0.59
P14724,PN_PIQ,E2513,7,3,1.66
P14725,PN_PIQ,E2513,7,3,0.6
P14726,PN_PIQ,E2513,7,3,0.83
P14727,PN_PIQ,E2514,2,2,0.19
P14728,MA_ROTA,E2514,2,2,0.77
P14729,PN_PIQ,E2514,2,2,0.18
P14730,PN_PIQ,E2514,2,2,0.32
P14731,PN_PIQ,E2514,2,2,0.45
P14732,MA_ROTA,E2514,2,2,0.54
P14733,PN_PIQ,E2515,7,3,0.18
P14734,PN_PIQ,E2515,7,3,0.36
P14735,PN_PIQ,E2515,7,3,0.59
P14736,PN_PIQ,E2515,7,3,0.19
P14737,MA_ROTA,E2516,1,2,0.17
P14738,MA_ROTA,E2516,1,2,0.34
P14739,MA_ROTA,E2516,1,2,0.41
P14740,MA_ROTA,E2516,1,2,0.91
P14741,MA_ROTA,E2516,2,2,1.18
P14742,PN_PIQ,E2517,7,3,1.22
P14743,PN_PIQ,E2518,4,1,0.92
P14744,PN_PIQ,E2518,4,1,0.46
P14745,PN_PIQ,E2518,4,1,0.34
P14746,PN_PIQ,E2518,4,1,0.2
P14747,PN_PIQ,E2518,4,1,2.61
P14748,PN_PIQ,E2519,4,1,0.6
P14750,MA_ROTA,E2520,2,2,0.91
P14751,MA_ROTA,E2520,2,2,1.91
P14752,MA_ROTA,E2520,2,2,0.73
P14753,MA_ROTA,E2521,3,2,7.75
P14754,PN_PIQ,E2521,3,2,0.53
P14755,MA_ROTA,E2521,3,2,0.37
P14756,MA_ROTA,E2521,3,2,0.48
P14758,PN_PIQ,E2522,2,2,0.79
P14759,PN_PIQ,E2522,2,2,1.68
P14760,PN_PIQ,E2523,7,3,0.38
P14761,PN_PIQ,E2523,7,3,0.21
P14762,PN_PIQ,E2523,7,3,0.55
P14763,PN_PIQ,E2524,3,2,0.25
P14764,MA_ROTA,E2524,3,2,0.34
P14765,MA_ROTA,E2524,3,2,0.55
P14766,PN_PIQ,E2524,3,2,0.42
P14767,MA_ROTA,E2524,3,2,1.08
P14768,MA_ROTA,E2524,3,2,0.83
P14769,MA_ROTA,E2524,3,2,1.56
P14770,MA_ROTA,E2524,3,2,0.86
P14771,PN_PIQ,E2524,3,2,0.14
P14772,MA_ROTA,E2524,3,2,0.09
P14773,PN_PIQ,E2524,3,2,1.16
P14774,MA_ROTA,E2524,3,2,0.97
P14775,MA_ROTA,E2524,3,2,1.07
P14776,PN_PIQ,E2524,3,2,0.14
P14777,PN_PIQ,E2525,6,1,1.76
P14778,PN_PIQ,E2525,6,1,2.55
P14779,PN_PIQ,E2526,7,3,0.34
P14780,PN_PIQ,E2526,7,3,0.72
P14781,PN_PIQ,E2526,7,3,0.44
P14782,PN_PIQ,E2526,7,3,0.22
P14783,PN_PIQ,E2526,7,3,0.23
P14784,PN_PIQ,E2527,1,2,1.18
P14785,PN_PIQ,E2528,7,3,0.39
P14786,PN_PIQ,E2528,7,3,1.17
P14787,PN_PIQ,E2528,7,3,0.41
P14788,PN_PIQ,E2528,7,3,1.86
P14789,PN_PIQ,E2529,7,3,0.79
P14790,PN_PIQ,E2529,7,3,0.25
P14791,MA_ROTA,E2530,2,2,1.25
P14792,PN_PIQ,E2530,2,2,0.28
P14793,MA_ROTA,E2530,2,2,0.85
P14794,MA_ROTA,E2530,2,2,0.95
P14795,MA_ROTA,E2530,2,2,0.26
P14796,PN_PIQ,E2531,2,2,0.28
P14797,PN_PIQ,E2531,2,2,2.35
P14798,MA_ROTA,E2532,2,2,0.14
P14799,MA_ROTA,E2532,2,2,0.37
P14800,PN_PIQ,E2533,7,3,0.36
P14801,PN_PIQ,E2533,7,3,0.15
P14802,PN_PIQ,E2534,3,2,0.81
P14803,PN_PIQ,E2535,7,3,0.26
P14804,PN_PIQ,E2535,7,3,0.22
P14805,PN_PIQ,E2535,7,3,0.6
P14806,PN_PIQ,E2536,7,3,0.37
P14807,PN_PIQ,E2537,2,2,0.78
P14808,PN_PIQ,E2538,7,3,0.21
P14809,PN_PIQ,E2538,7,3,0.18
P14810,PN_PIQ,E2538,7,3,0.13
P14811,PN_PIQ,E2539,7,3,0.23
P14812,PN_PIQ,E2539,7,3,0.22
P14813,MA_ROTA,E2540,3,2,3.52
P14814,MA_ROTA,E2540,3,2,0.12
P14815,MA_ROTA,E2540,3,2,0.98
P14817,MA_ROTA,E2540,3,2,0.8
P14818,MA_ROTA,E2541,3,2,0.02
P14820,PN_PIQ,E2541,3,2,0.53
P14821,MA_ROTA,E2541,3,2,1.37
P14822,MA_ROTA,E2541,3,2,0.33
P14823,MA_ROTA,E2541,3,2,0.6
P14824,PN_PIQ,E2541,3,2,0.18
P14825,MA_ROTA,E2541,3,2,1.08
P14826,MA_ROTA,E2541,3,2,0.5
P14829,MA_ROTA,E2541,3,2,0.43
P14830,PN_PIQ,E2541,3,2,1.67
P14832,MA_ROTA,E2541,3,2,0.93
P14833,PN_PIQ,E2542,7,3,0.87
P14834,PN_PIQ,E2542,7,3,0.26
P14835,PN_PIQ,E2542,7,3,0.45
P14836,PN_PIQ,E2542,7,3,0.15
P14837,PN_PIQ,E2542,7,3,0.4
P14838,PN_PIQ,E2543,3,2,0.42
P14839,MA_ROTA,E2543,3,2,0.96
P14840,PN_PIQ,E2544,3,2,0.2
P14841,PN_PIQ,E2544,3,2,0.31
P14842,MA_ROTA,E2544,3,2,0.26
P14843,MA_ROTA,E2545,3,2,0.79
P14844,MA_ROTA,E2545,3,2,0.74
P14845,MA_ROTA,E2545,3,2,0.91
P14846,MA_ROTA,E2545,3,2,0.49
P14847,MA_ROTA,E2546,3,2,2.47
P14848,MA_ROTA,E2547,3,2,1.03
P14849,MA_ROTA,E2547,3,2,0.77
P14850,MA_ROTA,E2547,3,2,0.74
P14851,MA_ROTA,E2547,3,2,0.34
P14852,PN_PIQ,E2548,3,2,1.12
P14854,PN_PIQ,E2549,3,2,0.72
P14857,MA_ROTA,E2549,3,2,0.72
P14858,MA_ROTA,E2550,1,2,0.36
P14859,MA_ROTA,E2550,1,2,0.3
P14860,PN_PIQ,E2550,1,2,0.49
P14861,MA_ROTA,E2550,1,2,0.21
P14862,PN_PIQ,E2550,1,2,0.4
P14863,MA_ROTA,E2550,1,2,0.22
P14864,MA_ROTA,E2551,3,2,0.73
P14866,MA_ROTA,E2551,3,2,0.43
P14867,MA_ROTA,E2551,3,2,0.73
P14868,PN_PIQ,E2551,3,2,1.35
P14869,PN_PIQ,E2551,3,2,1.14
P14871,MA_ROTA,E2551,3,2,0.43
P14872,PN_PIQ,E2551,3,2,1.07
P14873,MA_ROTA,E2551,3,2,0.29
P14875,PN_PIQ,E2551,3,2,0.42
P14876,PN_PIQ,E2551,3,2,0.27
P14877,PN_PIQ,E2551,3,2,0.49
P14878,PN_PIQ,E2552,7,3,1.2
P14879,MA_ROTA,E2553,3,2,1.04
P14880,MA_ROTA,E2553,3,2,1.18
P14881,MA_ROTA,E2554,3,2,2.01
P14882,MA_ROTA,E2555,3,2,1.5
P14883,PN_PIQ,E2555,3,2,1.05
P14884,PN_PIQ,E2555,3,2,1.02
P14885,MA_ROTA,E2555,3,2,0.19
P14886,PN_PIQ,E2555,3,2,1.28
P14887,PN_PIQ,E2555,3,2,0.37
P14888,PN_PIQ,E2555,3,2,1.21
P14889,PN_PIQ,E2555,3,2,0.21
P14890,PN_PIQ,E2556,7,3,0.44
P14891,PN_PIQ,E2557,7,3,0.59
P14892,PN_PIQ,E2557,7,3,0.17
P14893,PN_PIQ,E2558,7,3,0.48
P14894,PN_PIQ,E2558,7,3,0.36
P14895,PN_PIQ,E2558,7,3,0.27
P14896,PN_PIQ,E2559,7,3,0.24
P14897,PN_PIQ,E2559,7,3,0.66
P14898,PN_PIQ,E2559,7,3,0.22
P14899,PN_PIQ,E2560,4,1,0.43
P14900,PN_PIQ,E2560,4,1,1.16
P14901,PN_PIQ,E2560,4,1,0.43
P14902,PN_PIQ,E2560,4,1,0.47
P14903,PN_PIQ,E2561,1,2,0.56
P14904,PN_PIQ,E2561,2,2,0.42
P14905,PN_PIQ,E2562,7,3,0.51
P14906,PN_PIQ,E2562,7,3,0.61
P14907,PN_PIQ,E2562,7,3,0.34
P14908,PN_PIQ,E2563,1,2,0.36
P14909,PN_PIQ,E2563,1,2,0.13
P14910,PN_PIQ,E2563,1,2,0.31
P14911,PN_PIQ,E2563,1,2,0.15
P14912,PN_PIQ,E2564,7,3,0.93
P14913,PN_PIQ,E2564,7,3,0.27
P14914,PN_PIQ,E2564,7,3,2.98
P14915,PN_PIQ,E2564,7,3,0.73
P14916,PN_PIQ,E2564,7,3,0.23
P14917,PN_PIQ,E2564,7,3,0.72
P14918,PN_PIQ,E2564,7,3,1.6
P14919,PN_PIQ,E2564,7,3,1.35
P14920,PN_PIQ,E2565,7,3,0.38
P14921,PN_PIQ,E2565,7,3,0.3
P14922,PN_PIQ,E2565,7,3,0.43
P14923,PN_PIQ,E2566,7,3,0.06
P14924,PN_PIQ,E2566,7,3,0.53
P14925,PN_PIQ,E2566,7,3,0.4
P14926,PN_PIQ,E2566,7,3,0.63
P14927,MA_ROTA,E2567,2,2,1.52
P14928,PN_PIQ,E2568,3,2,0.09
P14929,PN_PIQ,E2568,3,2,0.18
P14930,MA_ROTA,E2568,3,2,0.08
P14931,MA_ROTA,E2568,3,2,0.06
P14932,MA_ROTA,E2568,3,2,0.08
P14933,MA_ROTA,E2568,3,2,0.03
P14934,MA_ROTA,E2568,3,2,0.71
P14935,MA_ROTA,E2568,3,2,0.1
P14936,MA_ROTA,E2568,3,2,0.19
P14937,PN_PIQ,E2569,7,3,0.41
P14938,PN_PIQ,E2569,7,3,0.1
P14939,PN_PIQ,E2569,7,3,0.13
P14940,PN_PIQ,E2569,7,3,0.21
P14941,PN_PIQ,E2569,7,3,0.23
P14942,PN_PIQ,E2569,7,3,0.32
P14943,PN_PIQ,E2569,7,3,0.11
P14944,PN_PIQ,E2570,7,3,0.31
P14945,PN_PIQ,E2570,7,3,0.23
P14946,PN_PIQ,E2570,7,3,0.42
P14947,PN_PIQ,E2571,7,3,1.06
P14948,PN_PIQ,E2571,7,3,0.96
P14949,PN_PIQ,E2571,7,3,0.55
P14950,PN_PIQ,E2571,7,3,0.18
P14951,PN_PIQ,E2572,3,2,1.14
P14952,PN_PIQ,E2572,3,2,0.52
P14954,PN_PIQ,E2573,7,3,0.39
P14955,PN_PIQ,E2573,7,3,0.03
P14956,PN_PIQ,E2573,7,3,0.24
P14957,PN_PIQ,E2573,7,3,0.59
P14958,PN_PIQ,E2573,7,3,0.58
P14959,PN_PIQ,E2574,7,3,0.45
P14960,PN_PIQ,E2574,7,3,0.36
P14961,PN_PIQ,E2574,7,3,2.08
P14962,PN_PIQ,E2575,4,1,1.49
P14963,PN_PIQ,E2575,4,1,0.37
P14964,PN_PIQ,E2576,7,3,0.94
P14965,PN_PIQ,E2576,7,3,0.54
P14966,PN_PIQ,E2576,7,3,0.81
P14967,PN_PIQ,E2576,7,3,0.21
P14968,TH,E2577,6,1,0.27
P14969,AN_PA,E2577,6,1,0.07
P14970,AN_PA,E2577,6,1,0.15
P14971,AN_PA,E2577,6,1,0.08
P14972,AN_PA,E2577,6,1,0.1
P14973,TH,E2577,6,1,0.04
P14974,TH,E2577,6,1,0.56
P14975,AN_PA,E2577,6,1,0.43
P14976,MA_ROTA,E2578,2,2,0.9
P14977,PN_PIQ,E2578,2,2,1.16
P14978,MA_ROTA,E2578,2,2,0.8
P14979,MA_ROTA,E2578,2,2,0.8
P14980,PN_PIQ,E2579,2,2,0.53
P14981,ME,E2579,2,2,0.97
P14982,PN_PIQ,E2580,7,3,0.53
P14983,PN_PIQ,E2580,7,3,0.2
P14984,PN_PIQ,E2580,7,3,0.47
P14985,PN_PIQ,E2580,7,3,0.48
P14986,PN_PIQ,E2580,7,3,1.8
P14987,PN_PIQ,E2581,3,2,1.35
P14988,PN_PIQ,E2581,3,2,1.02
P14989,PN_PIQ,E2582,4,1,1.77
P14990,PN_PIQ,E2583,1,2,0.67
P14991,PN_PIQ,E2583,1,2,0.7
P14992,PN_PIQ,E2583,1,2,0.77
P14993,PN_PIQ,E2583,1,2,0.15
P14994,PN_PIQ,E2584,7,3,0.83
P14995,PN_PIQ,E2584,7,3,0.98
P14996,ME,E2585,3,2,0.69
P14997,MA_ROTA,E2585,3,2,1.51
P14998,MA_ROTA,E2585,3,2,0.2
P14999,MA_ROTA,E2585,3,2,1.59
P15000,MA_ROTA,E2585,3,2,0.17
P15001,MA_ROTA,E2586,2,2,0.73
P15002,MA_ROTA,E2586,2,2,0.71
P15003,MA_ROTA,E2587,2,2,2.0
P15004,PN_PIQ,E2588,7,3,1.22
P15005,PN_PIQ,E2588,7,3,0.46
P15006,PN_PIQ,E2588,7,3,0.49
P15007,PN_PIQ,E2588,7,3,1.11
P15008,PN_PIQ,E2589,7,3,0.54
P15009,PN_PIQ,E2589,7,3,0.41
P15010,PN_PIQ,E2590,7,3,0.27
P15011,PN_PIQ,E2590,7,3,0.49
P15012,PN_PIQ,E2590,7,3,0.12
P15013,PN_PIQ,E2590,7,3,0.45
P15014,MA_ROTA,E2591,3,2,0.85
P15015,PN_PIQ,E2591,4,1,0.13
P15016,MA_ROTA,E2591,3,2,0.9
P15017,PN_PIQ,E2591,4,1,0.13
P15018,PN_PIQ,E2591,4,1,0.35
P15020,MA_ROTA,E2591,3,2,3.98
P15022,PN_PIQ,E2591,3,2,0.36
P15023,PN_PIQ,E2591,4,1,0.69
P15024,MA_ROTA,E2591,3,2,0.47
P15025,MA_ROTA,E2591,3,2,1.14
P15026,PN_PIQ,E2591,4,1,0.36
P15027,PN_PIQ,E2591,4,1,0.38
P15028,MA_ROTA,E2591,3,2,0.41
P15029,PN_PIQ,E2591,4,1,0.32
P15030,MA_ROTA,E2591,3,2,1.82
P15032,MA_ROTA,E2591,3,2,0.82
P15033,MA_ROTA,E2591,3,2,2.09
P15034,MA_ROTA,E2591,3,2,1.75
P15035,MA_ROTA,E2591,3,2,1.11
P15036,ME,E2591,3,2,0.92
P15038,PN_PIQ,E2591,4,1,0.12
P15039,MA_ROTA,E2591,3,2,2.37
P15042,PN_PIQ,E2591,4,1,0.18
P15043,PN_PIQ,E2591,4,1,0.23
P15044,PN_PIQ,E2591,4,1,0.32
P15045,PN_PIQ,E2591,4,1,0.51
P15046,PN_PIQ,E2591,4,1,0.37
P15049,PN_PIQ,E2591,3,2,0.53
P15050,MA_ROTA,E2591,3,2,0.48
P15051,MA_ROTA,E2591,3,2,1.09
P15052,PN_PIQ,E2591,4,1,0.24
P15055,MA_ROTA,E2591,3,2,1.56
P15056,MA_ROTA,E2591,3,2,0.35
P15057,PN_PIQ,E2591,4,1,0.3
P15058,MA_ROTA,E2591,3,2,0.5
P15059,PN_PIQ,E2591,4,1,0.37
P15061,MA_ROTA,E2591,3,2,2.22
P15062,PN_PIQ,E2591,4,1,0.5
P15063,PN_PIQ,E2591,4,1,0.35
P15064,PN_PIQ,E2591,4,1,0.29
P15065,PN_PIQ,E2591,3,2,0.9
P15066,ME,E2591,3,2,3.5
P15067,MA_ROTA,E2591,3,2,1.91
P15068,PN_PIQ,E2591,3,2,0.29
P15069,MA_ROTA,E2591,3,2,0.67
P15070,PN_PIQ,E2592,4,1,5.74
P15071,PN_PIQ,E2592,4,1,7.11
P15072,PN_PIQ,E2592,4,1,1.61
P15073,PN_PIQ,E2592,4,1,3.17
P15074,IG_PLA,E2592,4,1,0.22
P15075,PN_PIQ,E2592,4,1,0.4
P15076,PN_PIQ,E2592,4,1,3.57
P15077,PN_PIQ,E2592,4,1,4.13
P15078,PN_PIQ,E2592,4,1,0.48
P15079,PN_PIQ,E2592,4,1,1.13
P15080,PN_PIQ,E2592,4,1,0.28
P15081,PN_PIQ,E2592,4,1,0.59
P15082,PN_PIQ,E2592,4,1,1.01
P15083,PN_PIQ,E2592,4,1,1.08
P15084,PN_PIQ,E2592,4,1,2.04
P15085,PN_PIQ,E2592,4,1,1.4
P15086,PN_PIQ,E2592,4,1,0.73
P15087,IG_PLA,E2592,4,1,4.15
P15088,IG_PLA,E2592,4,1,3.21
P15089,PN_PIQ,E2592,4,1,4.21
P15090,PN_PIQ,E2592,4,1,3.01
P15091,AG,E2592,4,1,7.37
P15092,PN_PIQ,E2592,4,1,7.2
P15093,PN_PIQ,E2592,4,1,0.94
P15095,PN_PIQ,E2592,4,1,11.37
P15097,BC_BT,E2592,4,1,3.19
P15098,AG,E2592,4,1,5.72
P15100,PN_PIQ,E2592,4,1,0.69
P15101,BC_BT,E2592,4,1,5.27
P15104,PN_PIQ,E2592,4,1,3.77
P15105,PN_PIQ,E2592,4,1,2.29
P15106,IG_PLA,E2592,4,1,7.82
P15107,PN_PIQ,E2592,4,1,6.05
P15108,PN_PIQ,E2592,4,1,3.34
P15109,PN_PIQ,E2592,4,1,1.41
P15111,PN_PIQ,E2592,4,1,7.58
P15112,PN_PIQ,E2592,4,1,1.46
P15113,BC_BT,E2592,4,1,8.44
P15114,PN_PIQ,E2592,4,1,1.63
P15115,PN_PIQ,E2592,4,1,5.04
P15116,PN_PIQ,E2592,3,2,1.38
P15117,PN_PIQ,E2592,3,2,0.66
P15118,PN_PIQ,E2592,4,1,0.94
P15119,PN_PIQ,E2592,4,1,2.86
P15121,PN_PIQ,E2592,4,1,1.34
P15122,PN_PIQ,E2592,4,1,0.46
P15123,IG_PLA,E2592,4,1,2.32
P15126,PN_PIQ,E2592,4,1,0.16
P15127,PN_PIQ,E2592,4,1,0.75
P15128,BC_BT,E2592,4,1,0.34
P15129,PN_PIQ,E2592,4,1,0.5
P15132,PN_PIQ,E2592,4,1,1.47
P15135,MA_ROTA,E2592,4,1,0.94
P15136,MA_ROTA,E2592,4,1,0.93
P15137,PN_PIQ,E2592,4,1,3.03
P15138,PN_PIQ,E2592,4,1,1.43
P15139,IG_PLA,E2592,4,1,0.27
P15140,PN_PIQ,E2592,4,1,2.13
P15141,PN_PIQ,E2592,4,1,0.77
P15142,PN_PIQ,E2592,4,1,1.34
P15143,PN_PIQ,E2593,2,2,1.0
P15144,MA_ROTA,E2593,2,2,0.8
P15145,MA_ROTA,E2593,2,2,0.26
P15146,MA_ROTA,E2593,2,2,0.72
P15147,MA_ROTA,E2593,2,2,0.17
P15148,PN_PIQ,E2593,2,2,0.07
P15149,PN_PIQ,E2594,7,3,0.35
P15150,PN_PIQ,E2594,7,3,0.54
P15151,PN_PIQ,E2594,7,3,0.52
P15152,PN_PIQ,E2594,7,3,0.25
P15153,PN_PIQ,E2594,7,3,0.23
P15154,PN_PIQ,E2594,7,3,0.11
P15155,PN_PIQ,E2595,7,3,0.26
P15156,PN_PIQ,E2595,7,3,0.17
P15157,PN_PIQ,E2595,7,3,0.3
P15158,PN_PIQ,E2595,7,3,0.38
P15159,PN_PIQ,E2596,1,2,1.25
P15160,PN_PIQ,E2597,7,3,0.33
P15161,PN_PIQ,E2597,7,3,0.26
P15162,PN_PIQ,E2597,7,3,0.28
P15163,PN_PIQ,E2598,7,3,0.43
P15164,PN_PIQ,E2599,7,3,0.25
P15165,PN_PIQ,E2599,7,3,0.47
P15166,PN_PIQ,E2599,7,3,0.48
P15167,MA_ROTA,E2600,2,2,0.34
P15168,MA_ROTA,E2600,2,2,0.22
P15169,PN_PIQ,E2601,4,1,0.68
P15170,PN_PIQ,E2601,4,1,0.35
P15171,PN_PIQ,E2601,4,1,0.2
P15172,PN_PIQ,E2601,4,1,0.28
P15173,PN_PIQ,E2601,4,1,1.22
P15174,PN_PIQ,E2602,2,2,0.69
P15175,MA_ROTA,E2603,2,2,1.03
P15176,MA_ROTA,E2603,2,2,1.1
P15177,MA_ROTA,E2603,2,2,2.89
P15178,MA_ROTA,E2603,2,2,1.04
P15179,IG_PLA,E2604,6,1,2.07
P15180,AG,E2604,6,1,2.95
P15181,TH,E2605,6,1,2.83
P15182,TH,E2605,6,1,2.33
P15188,PN_PIQ,E2607,7,3,0.29
P15189,PN_PIQ,E2607,7,3,0.49
P15190,PN_PIQ,E2607,7,3,1.1
P15191,PN_PIQ,E2607,7,3,0.45
P15192,PN_PIQ,E2607,7,3,0.38
P15193,PN_PIQ,E2607,7,3,0.18
P15194,PN_PIQ,E2607,7,3,0.18
P15196,MA_ROTA,E2608,3,2,0.43
P15197,PN_PIQ,E2608,3,2,0.81
P15198,MA_ROTA,E2608,3,2,2.58
P15199,PN_PIQ,E2608,3,2,0.92
P15200,MA_ROTA,E2608,3,2,0.18
P15201,MA_ROTA,E2608,3,2,1.01
P15202,MA_ROTA,E2608,3,2,2.62
P15203,MA_ROTA,E2608,3,2,2.36
P15204,MA_ROTA,E2608,3,2,0.26
P15206,PN_PIQ,E2608,3,2,4.49
P15207,MA_ROTA,E2608,3,2,0.4
P15208,MA_ROTA,E2609,2,2,0.35
P15209,PN_PIQ,E2609,2,2,0.42
P15210,PN_PIQ,E2609,2,2,0.46
P15211,MA_ROTA,E2609,2,2,0.62
P15212,MA_ROTA,E2610,2,2,2.03
P15213,PN_PIQ,E2611,5,1,1.0
P15214,MA_ROTA,E2611,5,1,0.8
P15215,MA_ROTA,E2611,5,1,1.0
P15217,MA_ROTA,E2611,5,1,0.67
P15218,PN_PIQ,E2612,6,1,0.05
P15219,PN_PIQ,E2612,6,1,0.05
P15220,PN_PIQ,E2612,6,1,0.51
P15221,PN_PIQ,E2612,6,1,0.81
P15222,AN_PA,E2612,6,1,0.53
P15223,PN_PIQ,E2612,6,1,0.34
P15224,PN_PIQ,E2613,6,1,0.35
P15225,PN_PIQ,E2613,6,1,0.06
P15226,PN_PIQ,E2613,6,1,0.39
P15227,AN_PA,E2613,6,1,0.03
P15228,PN_PIQ,E2614,6,1,1.0
P15229,MA_ROTA,E2615,2,2,1.59
P15231,MA_ROTA,E2615,2,2,0.99
P15233,PN_PIQ,E2616,6,1,8.04
P15234,PN_PIQ,E2617,4,1,0.72
P15235,MA_ROTA,E2617,4,1,1.63
P15236,MA_ROTA,E2617,4,1,0.71
P15237,MA_ROTA,E2617,4,1,0.51
P15238,MA_ROTA,E2617,4,1,0.83
P15239,MA_ROTA,E2617,4,1,0.55
P15240,PN_PIQ,E2617,4,1,0.28
P15241,PN_PIQ,E2617,4,1,2.76
P15242,MA_ROTA,E2617,4,1,0.76
P15243,MA_ROTA,E2617,4,1,0.62
P15244,MA_ROTA,E2617,4,1,0.12
P15245,MA_ROTA,E2617,4,1,0.47
P15246,MA_ROTA,E2618,1,2,0.62
P15247,MA_ROTA,E2619,3,2,0.94
P15248,MA_ROTA,E2619,3,2,0.09
P15249,MA_ROTA,E2619,3,2,0.5
P15250,MA_ROTA,E2619,3,2,0.62
P15251,MA_ROTA,E2619,3,2,0.95
P15252,MA_ROTA,E2620,3,2,0.5
P15254,MA_ROTA,E2620,3,2,0.82
P15256,MA_ROTA,E2620,3,2,0.71
P15257,MA_ROTA,E2620,3,2,1.02
P15258,MA_ROTA,E2620,3,2,0.59
P15259,MA_ROTA,E2621,2,2,0.84
P15260,PN_PIQ,E2622,1,2,3.9
P15261,PN_PIQ,E2622,1,2,1.68
P15262,MA_ROTA,E2622,1,2,0.62
P15263,MA_ROTA,E2622,1,2,0.4
P15266,PN_PIQ,E2623,4,1,0.69
P15267,PN_PIQ,E2623,4,1,0.81
P15268,PN_PIQ,E2623,4,1,0.59
P15269,MA_ROTA,E2624,2,2,1.4
P15270,PN_PIQ,E2624,2,2,0.14
P15271,PN_PIQ,E2625,7,3,0.35
P15272,PN_PIQ,E2625,7,3,0.14
P15273,PN_PIQ,E2626,7,3,0.77
P15274,PN_PIQ,E2626,7,3,2.5
P15275,PN_PIQ,E2626,7,3,0.43
P15276,PN_PIQ,E2626,7,3,0.89
P15277,PN_PIQ,E2626,7,3,2.94
P15278,PN_PIQ,E2626,7,3,1.03
P15279,PN_PIQ,E2627,4,1,0.24
P15280,PN_PIQ,E2627,4,1,0.47
P15281,PN_PIQ,E2627,4,1,0.27
P15282,PN_PIQ,E2627,4,1,0.16
P15283,PN_PIQ,E2627,4,1,0.12
P15285,PN_PIQ,E2627,4,1,1.48
P15286,PN_PIQ,E2627,4,1,0.97
P15288,PN_PIQ,E2627,4,1,0.6
P15289,PN_PIQ,E2627,4,1,0.62
P15291,MA_ROTA,E2628,3,2,3.1
P15292,MA_ROTA,E2628,3,2,3.65
P15293,PN_PIQ,E2628,3,2,0.49
P15294,MA_ROTA,E2629,4,1,1.73
P15295,PN_PIQ,E2629,4,1,0.42
P15296,PN_PIQ,E2629,4,1,0.97
P15297,PN_PIQ,E2629,6,1,0.11
P15298,PN_PIQ,E2629,4,1,0.91
P15299,PN_PIQ,E2629,6,1,1.25
P15300,PN_PIQ,E2629,6,1,0.5
P15301,PN_PIQ,E2629,4,1,0.47
P15302,PN_PIQ,E2629,4,1,0.16
P15303,PN_PIQ,E2629,4,1,0.99
P15304,PN_PIQ,E2629,6,1,0.17
P15305,PN_PIQ,E2629,4,1,0.15
P15306,PN_PIQ,E2630,4,1,1.08
P15307,PN_PIQ,E2630,4,1,1.07
P15308,PN_PIQ,E2631,4,1,0.3
P15309,PN_PIQ,E2631,4,1,0.46
P15310,PN_PIQ,E2631,4,1,0.66
P15313,PN_PIQ,E2631,4,1,1.55
P15314,PN_PIQ,E2631,4,1,0.24
P15315,MA_ROTA,E2632,3,2,6.16
P15316,PN_PIQ,E2632,3,2,6.44
P15318,MA_ROTA,E2633,2,2,0.43
P15320,MA_ROTA,E2633,2,2,0.3
P15321,MA_ROTA,E2633,2,2,2.16
P15322,PN_PIQ,E2633,2,2,0.12
P15323,PN_PIQ,E2634,2,2,0.56
P15326,PN_PIQ,E2635,2,2,0.58
P15327,MA_ROTA,E2635,2,2,0.8
P15328,PN_PIQ,E2635,2,2,1.16
P15329,PN_PIQ,E2635,2,2,0.87
P15330,PN_PIQ,E2635,2,2,0.92
P15331,PN_PIQ,E2635,2,2,1.07
P15332,PN_PIQ,E2635,2,2,0.79
P15333,MA_ROTA,E2635,2,2,0.22
P15335,PN_PIQ,E2636,3,2,0.46
P15336,PN_PIQ,E2636,3,2,1.12
P15337,PN_PIQ,E2636,3,2,0.87
P15338,MA_ROTA,E2636,3,2,0.06
P15339,PN_PIQ,E2637,2,2,0.54
P15340,MA_ROTA,E2637,2,2,0.17
P15341,ME,E2637,2,2,0.51
P15342,MA_ROTA,E2637,2,2,0.89
P15343,PN_PIQ,E2638,6,1,0.57
P15344,PN_PIQ,E2638,6,1,0.1
P15345,PN_PIQ,E2639,3,2,1.95
P15346,MA_ROTA,E2639,3,2,1.54
P15347,MA_ROTA,E2639,3,2,0.74
P15348,MA_ROTA,E2639,3,2,2.08
P15349,MA_ROTA,E2639,3,2,1.97
P15350,PN_PIQ,E2639,3,2,1.87
P15351,ME,E2639,3,2,0.09
P15352,MA_ROTA,E2640,3,2,0.78
P15353,MA_ROTA,E2641,4,1,0.25
P15354,PN_PIQ,E2641,4,1,1.07
P15355,MA_ROTA,E2641,4,1,2.02
P15356,PN_PIQ,E2641,4,1,0.49
P15357,PN_PIQ,E2642,4,1,1.53
P15358,PN_PIQ,E2642,4,1,0.69
P15359,PN_PIQ,E2642,4,1,0.27
P15360,PN_PIQ,E2642,4,1,1.21
P15361,PN_PIQ,E2643,4,1,0.48
P15362,PN_PIQ,E2643,4,1,0.12
P15363,PN_PIQ,E2644,4,1,1.44
P15364,PN_PIQ,E2644,4,1,0.09
P15365,PN_PIQ,E2645,4,1,0.66
P15366,PN_PIQ,E2645,4,1,0.78
P15367,PN_PIQ,E2646,4,1,0.81
P15368,PN_PIQ,E2646,4,1,0.31
P15369,PN_PIQ,E2647,4,1,0.23
P15370,PN_PIQ,E2647,4,1,0.18
P15371,MA_ROTA,E2647,4,1,0.07
P15372,PN_PIQ,E2647,4,1,0.48
P15373,MA_ROTA,E2647,4,1,0.41
P15374,MA_ROTA,E2647,4,1,0.57
P15375,MA_ROTA,E2648,4,1,1.02
P15376,MA_ROTA,E2648,4,1,0.97
P15377,PN_PIQ,E2649,4,1,0.19
P15378,PN_PIQ,E2649,4,1,0.28
P15379,PN_PIQ,E2649,4,1,0.66
P15380,PN_PIQ,E2649,4,1,0.29
P15381,PN_PIQ,E2650,4,1,1.35
P15382,PN_PIQ,E2650,4,1,0.96
P15383,PN_PIQ,E2651,4,1,1.62
P15384,PN_PIQ,E2652,4,1,0.11
P15385,PN_PIQ,E2652,4,1,0.96
P15386,PN_PIQ,E2652,4,1,0.51
P15387,PN_PIQ,E2652,4,1,0.23
P15388,BC_BT,E2652,4,1,1.1
P15389,PN_PIQ,E2652,4,1,0.18
P15390,IG_PLA,E2652,4,1,1.13
P15391,PN_PIQ,E2652,4,1,1.08
P15392,AG,E2652,4,1,0.68
P15393,PN_PIQ,E2652,4,1,0.18
P15394,PN_PIQ,E2653,4,1,1.07
P15395,PN_PIQ,E2654,4,1,1.55
P15396,PN_PIQ,E2654,4,1,1.19
P15397,PN_PIQ,E2654,4,1,0.14
P15398,PN_PIQ,E2655,4,1,0.83
P15399,PN_PIQ,E2656,7,3,0.85
P15400,PN_PIQ,E2657,4,1,0.92
P15401,MA_ROTA,E2657,4,1,0.55
P15404,MA_ROTA,E2658,2,2,1.5
P15405,MA_ROTA,E2658,2,2,1.23
P15406,MA_ROTA,E2658,2,2,0.52
P15407,PN_PIQ,E2658,2,2,0.64
P15408,PN_PIQ,E2658,2,2,0.17
P15410,MA_ROTA,E2659,1,2,0.25
P15411,MA_ROTA,E2659,1,2,0.42
P15412,ME,E2659,1,2,1.87
P15413,MA_ROTA,E2659,1,2,0.71
P15416,MA_ROTA,E2659,1,2,1.92
P15417,MA_ROTA,E2659,1,2,1.4
P15418,PN_PIQ,E2660,2,2,1.72
P15419,PN_PIQ,E2661,7,3,0.21
P15420,PN_PIQ,E2661,7,3,0.69
P15421,PN_PIQ,E2661,7,3,0.29
P15422,MA_ROTA,E2662,2,2,0.34
P15423,MA_ROTA,E2662,2,2,0.22
P15424,MA_ROTA,E2662,2,2,0.43
P15425,PN_PIQ,E2662,2,2,0.23
P15426,MA_ROTA,E2662,2,2,0.25
P15427,MA_ROTA,E2663,1,2,0.07
P15428,MA_ROTA,E2663,1,2,1.02
P15430,MA_ROTA,E2663,1,2,0.21
P15431,MA_ROTA,E2663,1,2,2.97
P15432,MA_ROTA,E2663,1,2,1.82
P15433,PN_PIQ,E2663,1,2,2.03
P15434,MA_ROTA,E2663,1,2,0.89
P15435,MA_ROTA,E2664,2,2,0.6
P15436,MA_ROTA,E2664,2,2,0.21
P15437,MA_ROTA,E2664,2,2,0.48
P15438,MA_ROTA,E2664,2,2,0.65
P15439,MA_ROTA,E2665,1,2,0.91
P15440,MA_ROTA,E2665,1,2,1.14
P15441,MA_ROTA,E2665,1,2,1.64
P15442,PN_PIQ,E2665,1,2,0.16
P15443,PN_PIQ,E2665,1,2,1.59
P15444,PN_PIQ,E2665,1,2,0.53
P15445,PN_PIQ,E2665,1,2,0.87
P15446,PN_PIQ,E2665,1,2,0.18
P15447,PN_PIQ,E2666,4,1,1.56
P15448,PN_PIQ,E2666,4,1,0.08
P15449,PN_PIQ,E2667,2,2,1.22
P15450,PN_PIQ,E2668,4,1,1.78
P15451,PN_PIQ,E2668,4,1,3.51
P15452,PN_PIQ,E2669,4,1,0.44
P15453,PN_PIQ,E2669,4,1,0.39
P15454,PN_PIQ,E2669,4,1,0.65
P15455,PN_PIQ,E2669,4,1,0.93
P15456,PN_PIQ,E2669,4,1,1.42
P15457,PN_PIQ,E2669,4,1,0.99
P15458,PN_PIQ,E2670,2,2,1.2
P15459,MA_ROTA,E2671,1,2,1.64
P15460,PN_PIQ,E2671,1,2,3.19
P15461,MA_ROTA,E2671,1,2,0.57
P15462,MA_ROTA,E2671,1,2,1.1
P15463,MA_ROTA,E2671,1,2,0.55
P15464,PN_PIQ,E2672,2,2,1.08
P15465,PN_PIQ,E2672,2,2,0.28
P15466,PN_PIQ,E2672,2,2,0.08
P15467,PN_PIQ,E2672,2,2,0.72
P15468,MA_ROTA,E2673,2,2,0.99
P15469,PN_PIQ,E2674,7,3,2.07
P15470,PN_PIQ,E2674,7,3,2.03
P15471,PN_PIQ,E2675,1,2,0.48
P15472,MA_ROTA,E2675,1,2,0.31
P15473,MA_ROTA,E2675,1,2,2.08
P15474,PN_PIQ,E2675,1,2,0.79
P15475,MA_ROTA,E2675,1,2,0.52
P15476,MA_ROTA,E2675,1,2,0.84
P15477,MA_ROTA,E2675,1,2,0.51
P15478,MA_ROTA,E2675,1,2,1.29
P15479,MA_ROTA,E2675,1,2,0.51
P15480,MA_ROTA,E2675,1,2,0.25
P15481,PN_PIQ,E2676,2,2,0.53
P15482,MA_ROTA,E2677,3,2,1.64
P15486,PN_PIQ,E2678,1,2,1.27
P15487,PN_PIQ,E2679,2,2,2.3
P15488,PN_PIQ,E2679,2,2,0.2
P15489,PN_PIQ,E2679,2,2,0.08
P15490,PN_PIQ,E2679,2,2,2.58
P15491,PN_PIQ,E2680,7,3,0.53
P15492,PN_PIQ,E2680,7,3,0.27
P15493,PN_PIQ,E2680,7,3,0.91
P15494,ME,E2681,2,2,1.05
P15495,PN_PIQ,E2682,7,3,0.36
P15496,PN_PIQ,E2682,7,3,0.31
P15497,PN_PIQ,E2682,7,3,0.25
P15498,PN_PIQ,E2683,7,3,0.39
P15499,PN_PIQ,E2684,7,3,0.8
P15500,PN_PIQ,E2685,7,3,0.64
P15502,PN_PIQ,E2686,7,3,0.35
P15503,PN_PIQ,E2686,7,3,0.3
P15504,PN_PIQ,E2686,7,3,0.07
P15505,PN_PIQ,E2686,7,3,0.56
P15506,PN_PIQ,E2686,7,3,0.74
P15507,PN_PIQ,E2686,7,3,0.09
P15508,PN_PIQ,E2686,7,3,0.02
P15509,PN_PIQ,E2686,7,3,0.02
P15510,PN_PIQ,E2686,7,3,0.09
P15511,PN_PIQ,E2687,7,3,0.81
P15512,PN_PIQ,E2687,7,3,0.67
P15513,PN_PIQ,E2688,7,3,0.3
P15514,PN_PIQ,E2688,7,3,0.95
P15515,PN_PIQ,E2688,7,3,0.13
P15516,PN_PIQ,E2688,7,3,1.37
P15517,PN_PIQ,E2688,7,3,0.79
P15518,PN_PIQ,E2688,7,3,0.29
P15519,PN_PIQ,E2689,7,3,0.08
P15520,PN_PIQ,E2689,7,3,1.73
P15521,PN_PIQ,E2689,7,3,0.11
P15522,PN_PIQ,E2689,7,3,0.17
P15523,PN_PIQ,E2689,7,3,0.89
P15524,PN_PIQ,E2690,7,3,0.47
P15525,PN_PIQ,E2690,7,3,0.12
P15526,PN_PIQ,E2690,7,3,0.43
P15527,PN_PIQ,E2691,7,3,1.09
P15528,PN_PIQ,E2691,7,3,0.36
P15529,PN_PIQ,E2691,7,3,0.58
P15530,PN_PIQ,E2691,7,3,0.84
P15531,PN_PIQ,E2691,7,3,0.46
P15532,PN_PIQ,E2691,7,3,0.22
P15533,AG,E2692,6,1,1.03
P15534,IG_PLA,E2692,6,1,1.61
P15535,BC_BT,E2692,6,1,1.5
P15536,PN_PIQ,E2693,2,2,0.63
P15537,PN_PIQ,E2693,2,2,5.55
P15538,MA_ROTA,E2694,2,2,0.06
P15539,MA_ROTA,E2694,2,2,2.19
P15540,PN_PIQ,E2694,2,2,0.18
P15541,MA_ROTA,E2694,2,2,0.14
P15542,PN_PIQ,E2695,1,2,1.39
P15543,PN_PIQ,E2696,2,2,1.22
P15544,PN_PIQ,E2696,2,2,0.8
P15545,MA_ROTA,E2696,2,2,1.03
P15546,PN_PIQ,E2696,2,2,1.12
P15547,MA_ROTA,E2696,2,2,1.22
P15548,MA_ROTA,E2696,2,2,1.01
P15549,MA_ROTA,E2696,2,2,0.52
P15550,MA_ROTA,E2696,2,2,0.73
P15551,MA_ROTA,E2697,3,2,2.5
P15552,PN_PIQ,E2698,1,2,4.12
P15553,PN_PIQ,E2698,1,2,0.38
P15554,PN_PIQ,E2699,2,2,2.96
P15555,PN_PIQ,E2699,2,2,1.4
P15556,MA_ROTA,E2699,2,2,0.35
P15557,PN_PIQ,E2699,2,2,1.45
P15558,MA_ROTA,E2700,2,2,0.83
P15559,MA_ROTA,E2700,2,2,0.41
P15560,MA_ROTA,E2700,2,2,0.46
P15561,MA_ROTA,E2701,3,2,0.52
P15562,MA_ROTA,E2702,2,2,0.32
P15563,MA_ROTA,E2703,2,2,0.72
P15564,MA_ROTA,E2703,2,2,0.3
P15565,MA_ROTA,E2704,2,2,0.59
P15566,MA_ROTA,E2704,2,2,0.36
P15567,PN_PIQ,E2705,2,2,0.49
P15569,PN_PIQ,E2705,2,2,1.18
P15570,PN_PIQ,E2706,1,2,6.79
P15571,PN_PIQ,E2706,1,2,1.53
P15572,PN_PIQ,E2707,7,3,0.72
P15573,PN_PIQ,E2707,7,3,0.71
P15574,PN_PIQ,E2707,7,3,1.26
P15575,PN_PIQ,E2707,7,3,0.34
P15576,PN_PIQ,E2707,7,3,0.45
P15577,PN_PIQ,E2707,7,3,0.64
P15578,PN_PIQ,E2707,7,3,0.6
P15579,PN_PIQ,E2707,7,3,0.46
P15580,PN_PIQ,E2708,7,3,0.13
P15581,PN_PIQ,E2708,7,3,0.39
P15582,PN_PIQ,E2708,7,3,1.34
P15583,PN_PIQ,E2708,7,3,0.26
P15584,PN_PIQ,E2708,7,3,0.61
P15586,MA_ROTA,E2709,3,2,0.19
P15587,PN_PIQ,E2709,3,2,1.36
P15588,MA_ROTA,E2710,5,1,0.53
P15589,MA_ROTA,E2710,5,1,0.72
P15590,MA_ROTA,E2710,5,1,1.16
P15591,PN_PIQ,E2711,1,2,1.06
P15592,PN_PIQ,E2712,7,3,1.13
P15593,PN_PIQ,E2712,7,3,0.69
P15594,PN_PIQ,E2712,7,3,0.41
P15595,PN_PIQ,E2712,7,3,0.99
P15596,PN_PIQ,E2712,7,3,0.75
P15597,PN_PIQ,E2712,7,3,0.57
P15598,PN_PIQ,E2712,7,3,1.27
P15599,PN_PIQ,E2712,7,3,0.92
P15600,PN_PIQ,E2712,7,3,1.26
P15601,PN_PIQ,E2712,7,3,0.63
P15602,PN_PIQ,E2712,7,3,0.59
P15603,PN_PIQ,E2712,7,3,1.27
P15604,PN_PIQ,E2712,7,3,0.4
P15605,PN_PIQ,E2712,7,3,0.5
P15606,PN_PIQ,E2713,1,2,0.8
P15607,PN_PIQ,E2713,1,2,0.82
P15608,PN_PIQ,E2713,1,2,2.6
P15609,PN_PIQ,E2714,2,2,2.72
P15610,MA_ROTA,E2714,2,2,0.51
P15612,MA_ROTA,E2715,2,2,3.19
P15614,PN_PIQ,E2715,4,1,0.23
P15615,PN_PIQ,E2715,4,1,2.75
P15616,PN_PIQ,E2715,4,1,2.14
P15617,PN_PIQ,E2715,4,1,1.04
P15618,PN_PIQ,E2715,4,1,0.77
P15619,PN_PIQ,E2715,4,1,1.58
P15620,PN_PIQ,E2715,4,1,0.73
P15621,PN_PIQ,E2716,2,2,0.21
P15622,MA_ROTA,E2716,2,2,0.07
P15623,PN_PIQ,E2716,2,2,0.15
P15624,PN_PIQ,E2716,2,2,0.17
P15625,PN_PIQ,E2716,2,2,2.29
P15626,PN_PIQ,E2717,4,1,0.11
P15627,PN_PIQ,E2717,4,1,0.17
P15629,PN_PIQ,E2718,1,2,0.16
P15630,PN_PIQ,E2718,1,2,0.17
P15631,PN_PIQ,E2718,1,2,0.11
P15632,PN_PIQ,E2718,1,2,0.3
P15633,PN_PIQ,E2718,1,2,0.2
P15634,PN_PIQ,E2718,1,2,0.13
P15635,PN_PIQ,E2718,2,2,0.11
P15636,PN_PIQ,E2718,2,2,0.44
P15637,PN_PIQ,E2719,4,1,1.25
P15638,PN_PIQ,E2719,4,1,0.1
P15639,PN_PIQ,E2719,4,1,1.29
P15640,PN_PIQ,E2719,4,1,1.73
P15641,PN_PIQ,E2719,4,1,0.06
P15642,PN_PIQ,E2719,4,1,3.71
P15643,PN_PIQ,E2719,4,1,0.8
P15644,PN_PIQ,E2719,4,1,1.35
P15645,PN_PIQ,E2719,4,1,1.13
P15647,PN_PIQ,E2719,4,1,0.44
P15649,PN_PIQ,E2720,1,2,0.65
P15650,MA_ROTA,E2721,2,2,0.92
P15651,PN_PIQ,E2721,2,2,0.28
P15652,MA_ROTA,E2721,2,2,0.51
P15653,MA_ROTA,E2722,4,1,0.52
P15654,AG,E2722,4,1,0.19
P15657,MA_ROTA,E2722,4,1,0.35
P15658,MA_ROTA,E2722,4,1,0.5
P15659,MA_ROTA,E2722,4,1,0.92
P15660,AG,E2722,4,1,0.28
P15661,MA_ROTA,E2722,4,1,0.42
P15663,MA_ROTA,E2722,4,1,0.47
P15664,PN_PIQ,E2722,4,1,0.32
P15665,PN_PIQ,E2722,4,1,0.59
P15666,PN_PIQ,E2722,4,1,1.17
P15669,MA_ROTA,E2722,4,1,0.69
P15670,PN_PIQ,E2722,4,1,0.7
P15671,PN_PIQ,E2723,7,3,0.59
P15672,PN_PIQ,E2723,7,3,0.07
P15673,PN_PIQ,E2723,7,3,0.83
P15674,PN_PIQ,E2723,7,3,0.06
P15675,PN_PIQ,E2724,7,3,0.68
P15676,PN_PIQ,E2724,7,3,0.7
P15677,PN_PIQ,E2724,7,3,1.17
P15678,PN_PIQ,E2724,7,3,0.58
P15679,PN_PIQ,E2724,7,3,0.78
P15680,PN_PIQ,E2724,7,3,0.35
P15681,AG,E2725,5,1,1.57
P15682,IG_PLA,E2725,5,1,0.78
P15683,IG_PLA,E2725,5,1,0.36
P15684,AG,E2725,5,1,0.16
P15685,PN_PIQ,E2726,2,2,0.72
P15686,PN_PIQ,E2726,2,2,0.29
P15687,PN_PIQ,E2726,2,2,0.67
P15690,PN_PIQ,E2727,7,3,0.67
P15691,PN_PIQ,E2727,7,3,1.04
P15692,PN_PIQ,E2727,7,3,0.16
P15693,PN_PIQ,E2727,7,3,0.47
P15694,PN_PIQ,E2728,2,2,0.29
P15695,PN_PIQ,E2728,2,2,0.49
P15697,MA_ROTA,E2728,2,2,2.66
P15698,MA_ROTA,E2728,2,2,0.13
P15699,PN_PIQ,E2728,2,2,0.05
P15700,PN_PIQ,E2729,7,3,0.46
P15701,PN_PIQ,E2729,7,3,0.82
P15702,PN_PIQ,E2729,7,3,0.61
P15703,PN_PIQ,E2730,7,3,0.45
P15704,PN_PIQ,E2730,7,3,0.59
P15705,PN_PIQ,E2731,2,2,0.23
P15706,MA_ROTA,E2731,2,2,0.21
P15707,MA_ROTA,E2732,2,2,0.45
P15708,MA_ROTA,E2732,2,2,0.25
P15709,MA_ROTA,E2733,2,2,2.16
P15710,PN_PIQ,E2733,2,2,2.4
P15711,PN_PIQ,E2733,2,2,1.27
P15712,MA_ROTA,E2733,2,2,1.88
P15713,PN_PIQ,E2734,2,2,2.03
P15714,PN_PIQ,E2734,2,2,2.55
P15717,PN_PIQ,E2735,3,2,0.35
P15718,PN_PIQ,E2736,3,2,0.19
P15719,MA_ROTA,E2736,3,2,0.91
P15720,PN_PIQ,E2737,3,2,0.75
P15721,PN_PIQ,E2737,3,2,0.9
P15722,PN_PIQ,E2737,3,2,0.53
P15723,MA_ROTA,E2738,3,2,0.75
P15724,PN_PIQ,E2738,3,2,1.15
P15725,MA_ROTA,E2738,3,2,0.25
P15726,MA_ROTA,E2738,3,2,2.9
P15727,ME,E2738,3,2,1.48
P15728,MA_ROTA,E2738,3,2,1.06
P15729,MA_ROTA,E2738,3,2,0.85
P15730,MA_ROTA,E2738,3,2,1.4
P15731,PN_PIQ,E2738,3,2,0.69
P15732,MA_ROTA,E2738,3,2,1.31
P15733,MA_ROTA,E2738,3,2,0.32
P15734,ME,E2738,3,2,0.74
P15735,PN_PIQ,E2738,3,2,0.49
P15736,MA_ROTA,E2738,3,2,1.03
P15737,MA_ROTA,E2738,3,2,0.37
P15738,MA_ROTA,E2738,3,2,0.2
P15739,MA_ROTA,E2738,3,2,0.89
P15740,PN_PIQ,E2738,3,2,0.29
P15741,PN_PIQ,E2739,3,2,1.1
P15742,MA_ROTA,E2740,3,2,0.84
P15743,PN_PIQ,E2741,3,2,0.94
P15744,MA_ROTA,E2742,3,2,1.21
P15745,MA_ROTA,E2742,3,2,2.31
P15746,MA_ROTA,E2742,3,2,0.17
P15747,MA_ROTA,E2742,3,2,0.14
P15748,ME,E2742,3,2,0.8
P15749,MA_ROTA,E2742,3,2,1.19
P15750,PN_PIQ,E2742,3,2,1.35
P15751,MA_ROTA,E2742,3,2,0.44
P15752,MA_ROTA,E2743,3,2,4.91
P15753,MA_ROTA,E2743,3,2,1.71
P15754,MA_ROTA,E2743,3,2,1.11
P15756,MA_ROTA,E2743,3,2,6.1
P15757,PN_PIQ,E2743,3,2,7.52
P15758,PN_PIQ,E2744,3,2,0.37
P15759,PN_PIQ,E2744,3,2,0.41
P15760,PN_PIQ,E2744,3,2,1.05
P15761,PN_PIQ,E2744,3,2,1.03
P15762,MA_ROTA,E2745,3,2,0.5
P15763,MA_ROTA,E2745,3,2,0.39
P15764,MA_ROTA,E2745,3,2,2.04
P15765,MA_ROTA,E2745,3,2,0.73
P15766,PN_PIQ,E2746,7,3,0.41
P15767,PN_PIQ,E2747,7,3,0.53
P15768,PN_PIQ,E2747,7,3,1.02
P15769,PN_PIQ,E2748,7,3,0.81
P15770,PN_PIQ,E2748,7,3,0.66
P15771,PN_PIQ,E2748,7,3,0.48
P15772,PN_PIQ,E2749,7,3,0.72
P15773,PN_PIQ,E2749,7,3,0.61
P15774,PN_PIQ,E2749,7,3,0.59
P15775,PN_PIQ,E2749,7,3,1.79
P15776,PN_PIQ,E2749,7,3,0.36
P15777,PN_PIQ,E2750,2,2,1.13
P15778,PN_PIQ,E2750,2,2,0.79
P15779,PN_PIQ,E2750,2,2,1.91
P15780,PN_PIQ,E2750,2,2,0.47
P15781,PN_PIQ,E2750,2,2,0.75
P15782,MA_ROTA,E2751,2,2,1.57
P15783,MA_ROTA,E2751,2,2,2.21
P15784,PN_PIQ,E2751,2,2,1.56
P15785,PN_PIQ,E2751,2,2,1.09
P15786,MA_ROTA,E2751,2,2,0.88
P15788,PN_PIQ,E2752,6,1,0.17
P15789,PN_PIQ,E2753,6,1,1.62
P15790,PN_PIQ,E2753,6,1,0.22
P15791,AG,E2753,6,1,1.51
P15792,IG_PLA,E2753,6,1,0.25
P15794,TH,E2754,6,1,1.32
P15796,AG,E2754,6,1,0.23
P15797,AG,E2754,6,1,0.52
P15798,IG_PLA,E2754,6,1,0.18
P15799,TH,E2754,6,1,0.28
P15800,TH,E2754,6,1,0.25
P15802,PN_PIQ,E2755,7,3,0.2
P15803,PN_PIQ,E2755,7,3,0.17
P15804,PN_PIQ,E2755,7,3,0.38
P15805,PN_PIQ,E2756,7,3,0.66
P15806,PN_PIQ,E2756,7,3,0.46
P15807,PN_PIQ,E2757,7,3,0.45
P15808,PN_PIQ,E2757,7,3,0.6
P15809,PN_PIQ,E2757,7,3,0.48
P15810,PN_PIQ,E2757,7,3,0.53
P15811,MA_ROTA,E2758,2,2,0.8
P15812,PN_PIQ,E2758,2,2,0.64
P15813,PN_PIQ,E2759,7,3,0.41
P15814,PN_PIQ,E2759,7,3,0.51
P15815,PN_PIQ,E2759,7,3,0.45
P15816,PN_PIQ,E2759,7,3,0.24
P15817,PN_PIQ,E2759,7,3,2.44
P15818,PN_PIQ,E2760,7,3,0.75
P15819,PN_PIQ,E2760,7,3,0.57
P15820,PN_PIQ,E2761,5,1,0.65
P15821,AG,E2761,5,1,0.84
P15822,IG_PLA,E2761,5,1,0.91
P15823,BC_BT,E2761,5,1,0.77
P15824,BC_BT,E2762,6,1,7.2
P15825,MA_ROTA,E2763,2,2,1.01
P15826,MA_ROTA,E2764,2,2,1.18
P15827,PN_PIQ,E2764,2,2,0.82
P15829,MA_ROTA,E2764,2,2,0.39
P15831,PN_PIQ,E2765,1,2,0.05
P15832,MA_ROTA,E2765,1,2,0.14
P15833,PN_PIQ,E2765,1,2,0.18
P15834,MA_ROTA,E2765,1,2,0.17
P15835,PN_PIQ,E2765,1,2,0.46
P15836,PN_PIQ,E2766,1,2,0.45
P15837,PN_PIQ,E2766,1,2,0.29
P15838,PN_PIQ,E2766,1,2,8.16
P15839,PN_PIQ,E2766,1,2,2.27
P15840,PN_PIQ,E2766,1,2,0.14
P15841,MA_ROTA,E2766,1,2,4.17
P15842,MA_ROTA,E2766,1,2,3.11
P15843,MA_ROTA,E2766,1,2,5.59
P15844,MA_ROTA,E2767,2,2,0.33
P15845,MA_ROTA,E2767,2,2,0.82
P15846,PN_PIQ,E2768,7,3,1.18
P15847,PN_PIQ,E2768,7,3,1.02
P15848,PN_PIQ,E2768,7,3,0.41
P15849,PN_PIQ,E2768,7,3,1.62
P15850,PN_PIQ,E2769,3,2,0.31
P15852,PN_PIQ,E2769,3,2,0.14
P15853,PN_PIQ,E2769,3,2,0.15
P15855,PN_PIQ,E2769,3,2,0.02
P15857,PN_PIQ,E2770,3,2,0.97
P15858,PN_PIQ,E2771,3,2,2.14
P15859,PN_PIQ,E2771,3,2,0.65
P15860,MA_ROTA,E2771,3,2,0.51
P15861,MA_ROTA,E2771,3,2,0.73
P15862,MA_ROTA,E2771,3,2,0.18
P15863,MA_ROTA,E2771,3,2,0.6
P15864,PN_PIQ,E2772,7,3,1.64
P15865,PN_PIQ,E2772,7,3,0.1
P15866,PN_PIQ,E2773,3,2,1.62
P15867,MA_ROTA,E2773,3,2,1.54
P15868,PN_PIQ,E2774,7,3,0.59
P15869,PN_PIQ,E2774,7,3,0.37
P15870,PN_PIQ,E2774,7,3,0.26
P15871,PN_PIQ,E2774,7,3,0.1
P15872,PN_PIQ,E2774,7,3,0.13
P15873,PN_PIQ,E2774,7,3,0.15
P15874,PN_PIQ,E2775,7,3,0.57
P15875,PN_PIQ,E2775,7,3,0.82
P15876,PN_PIQ,E2775,7,3,0.36
P15877,PN_PIQ,E2775,7,3,0.08
P15878,PN_PIQ,E2775,7,3,0.9
P15879,PN_PIQ,E2775,7,3,0.07
P15880,PN_PIQ,E2775,7,3,0.49
P15881,MA_ROTA,E2776,2,2,0.7
P15882,PN_PIQ,E2776,2,2,0.16
P15883,PN_PIQ,E2776,2,2,0.25
P15884,MA_ROTA,E2776,2,2,0.25
P15885,PN_PIQ,E2777,3,2,3.32
P15886,PN_PIQ,E2778,7,3,0.53
P15887,PN_PIQ,E2779,2,2,1.64
P15888,PN_PIQ,E2779,2,2,2.01
P15889,PN_PIQ,E2779,2,2,0.7
P15890,PN_PIQ,E2780,4,1,0.05
P15891,PN_PIQ,E2780,4,1,0.24
P15892,PN_PIQ,E2780,4,1,0.14
P15893,PN_PIQ,E2780,4,1,0.41
P15894,PN_PIQ,E2780,4,1,0.84
P15895,PN_PIQ,E2781,7,3,0.5
P15896,PN_PIQ,E2781,7,3,0.19
P15897,PN_PIQ,E2781,7,3,0.14
P15898,PN_PIQ,E2781,7,3,0.27
P15899,PN_PIQ,E2782,7,3,0.37
P15900,PN_PIQ,E2782,7,3,0.66
P15901,PN_PIQ,E2783,7,3,0.14
P15902,PN_PIQ,E2783,7,3,0.52
P15903,PN_PIQ,E2783,7,3,0.61
P15904,PN_PIQ,E2783,7,3,0.9
P15905,PN_PIQ,E2783,7,3,0.13
P15906,PN_PIQ,E2783,7,3,0.11
P15907,PN_PIQ,E2783,7,3,0.72
P15908,PN_PIQ,E2783,7,3,0.45
P15909,PN_PIQ,E2783,7,3,0.35
P15910,PN_PIQ,E2783,7,3,0.42
P15911,IG_PLA,E2784,5,1,2.86
P15912,IG_PLA,E2784,5,1,0.51
P15913,IG_PLA,E2784,5,1,1.37
P15914,AN_PA,E2784,5,1,3.13
P15915,AG,E2784,5,1,0.69
P15916,IG_PLA,E2784,5,1,1.02
P15917,PN_PIQ,E2785,7,3,0.17
P15918,PN_PIQ,E2785,7,3,0.32
P15919,PN_PIQ,E2785,7,3,0.69
P15920,PN_PIQ,E2785,7,3,0.28
P15921,PN_PIQ,E2786,2,2,1.12
P15922,PN_PIQ,E2786,2,2,1.27
P15923,MA_ROTA,E2786,2,2,1.5
P15924,PN_PIQ,E2786,2,2,1.05
P15925,MA_ROTA,E2786,2,2,0.4
P15926,PN_PIQ,E2786,2,2,0.16
P15927,PN_PIQ,E2786,2,2,0.23
P15928,PN_PIQ,E2786,2,2,0.05
P15929,MA_ROTA,E2786,2,2,0.3
P15930,MA_ROTA,E2786,2,2,0.62
P15931,MA_ROTA,E2787,4,1,1.71
P15932,MA_ROTA,E2787,4,1,0.88
P15933,PN_PIQ,E2787,4,1,1.08
P15934,PN_PIQ,E2788,7,3,0.46
P15935,PN_PIQ,E2788,7,3,0.74
P15936,MA_ROTA,E2789,5,1,0.47
P15937,MA_ROTA,E2789,5,1,0.57
P15938,MA_ROTA,E2789,5,1,1.03
P15939,MA_ROTA,E2789,5,1,0.76
P15940,MA_ROTA,E2789,5,1,0.73
P15941,MA_ROTA,E2789,5,1,0.42
P15942,MA_ROTA,E2789,5,1,0.48
P15943,PN_PIQ,E2789,4,1,0.84
P15944,PN_PIQ,E2789,4,1,0.97
P15945,PN_PIQ,E2789,4,1,0.73
P15946,PN_PIQ,E2790,3,2,0.97
P15947,MA_ROTA,E2790,3,2,0.16
P15948,MA_ROTA,E2790,3,2,0.48
P15949,PN_PIQ,E2790,3,2,0.87
P15950,PN_PIQ,E2791,2,2,0.23
P15951,MA_ROTA,E2791,2,2,0.19
P15952,MA_ROTA,E2791,3,2,1.23
P15953,ME,E2791,3,2,0.96
P15954,MA_ROTA,E2791,3,2,1.5
P15955,PN_PIQ,E2792,3,2,0.81
P15956,PN_PIQ,E2792,3,2,1.01
P15957,PN_PIQ,E2793,7,3,1.54
P15958,PN_PIQ,E2793,7,3,2.65
P15959,PN_PIQ,E2794,3,2,1.03
P15960,PN_PIQ,E2794,3,2,2.96
P15962,PN_PIQ,E2795,2,2,1.07
P15963,MA_ROTA,E2796,2,2,0.55
P15964,MA_ROTA,E2796,2,2,0.55
P15965,PN_PIQ,E2797,7,3,0.33
P15966,PN_PIQ,E2797,7,3,0.34
P15967,PN_PIQ,E2797,7,3,0.35
P15968,PN_PIQ,E2797,7,3,0.11
P15969,PN_PIQ,E2797,7,3,0.42
P15970,PN_PIQ,E2797,7,3,1.69
P15971,PN_PIQ,E2797,7,3,0.01
P15972,MA_ROTA,E2798,3,2,0.97
P15973,MA_ROTA,E2798,3,2,0.37
P15974,PN_PIQ,E2798,3,2,0.34
P15975,PN_PIQ,E2798,2,2,1.12
P15976,PN_PIQ,E2798,2,2,1.05
P15977,MA_ROTA,E2798,2,2,0.81
P15978,PN_PIQ,E2798,2,2,0.49
P15979,PN_PIQ,E2799,7,3,0.17
P15980,PN_PIQ,E2799,7,3,0.11
P15981,PN_PIQ,E2799,7,3,0.12
P15982,PN_PIQ,E2799,7,3,0.4
P15983,PN_PIQ,E2799,7,3,0.4
P15984,PN_PIQ,E2799,7,3,0.08
P15985,PN_PIQ,E2799,7,3,0.15
P15986,PN_PIQ,E2799,7,3,0.16
P15987,PN_PIQ,E2800,1,2,2.9
P15988,MA_ROTA,E2800,1,2,0.6
P15989,MA_ROTA,E2800,1,2,0.07
P15990,MA_ROTA,E2800,1,2,0.1
P15993,PN_PIQ,E2800,1,2,4.99
P15994,PN_PIQ,E2801,7,3,0.36
P15995,PN_PIQ,E2801,7,3,0.8
P15996,PN_PIQ,E2802,4,1,0.93
P15997,MA_ROTA,E2803,1,2,0.96
P15998,PN_PIQ,E2804,2,2,0.86
P15999,PN_PIQ,E2804,2,2,0.51
P16000,PN_PIQ,E2804,2,2,0.13
P16001,PN_PIQ,E2804,2,2,0.62
P16002,PN_PIQ,E2804,2,2,0.37
P16003,PN_PIQ,E2804,2,2,0.41
P16004,PN_PIQ,E2805,4,1,2.59
P16005,PN_PIQ,E2805,4,1,1.55
P16006,PN_PIQ,E2806,2,2,0.42
P16007,PN_PIQ,E2806,2,2,0.18
P16008,MA_ROTA,E2807,2,2,0.3
P16009,ME,E2807,2,2,0.18
P16010,MA_ROTA,E2807,2,2,0.08
P16011,MA_ROTA,E2807,2,2,0.1
P16012,PN_PIQ,E2808,7,3,0.33
P16013,PN_PIQ,E2808,7,3,0.61
P16014,PN_PIQ,E2808,7,3,0.37
P16015,PN_PIQ,E2808,7,3,0.31
P16016,PN_PIQ,E2808,7,3,0.31
P16017,PN_PIQ,E2808,7,3,0.59
P16018,PN_PIQ,E2808,7,3,0.26
P16019,PN_PIQ,E2808,7,3,0.21
P16020,PN_PIQ,E2808,7,3,0.41
P16021,PN_PIQ,E2808,7,3,0.08
P16022,PN_PIQ,E2809,2,2,0.53
P16023,PN_PIQ,E2809,2,2,0.31
P16024,PN_PIQ,E2810,7,3,0.4
P16025,PN_PIQ,E2811,7,3,0.7
P16026,PN_PIQ,E2811,7,3,0.32
P16027,PN_PIQ,E2811,7,3,0.18
P16028,PN_PIQ,E2811,7,3,0.09
P16029,PN_PIQ,E2811,7,3,0.34
P16030,PN_PIQ,E2812,2,2,1.83
P16032,PN_PIQ,E2813,2,2,0.64
P16033,PN_PIQ,E2814,7,3,0.32
P16034,PN_PIQ,E2815,7,3,1.26
P16035,PN_PIQ,E2815,7,3,1.19
P16036,PN_PIQ,E2815,7,3,3.12
P16037,PN_PIQ,E2815,7,3,0.41
P16038,PN_PIQ,E2815,7,3,0.84
P16039,PN_PIQ,E2816,2,2,0.34
P16040,PN_PIQ,E2816,2,2,0.07
P16041,PN_PIQ,E2816,2,2,0.44
P16042,PN_PIQ,E2816,2,2,0.74
P16043,AN_PA,E2817,6,1,2.3
P16044,AN_PA,E2817,6,1,0.19
P16045,AN_PA,E2817,6,1,0.52
P16046,TH,E2817,6,1,1.16
P16047,TH,E2817,6,1,0.32
P16048,TH,E2817,6,1,0.33
P16049,AN_PA,E2817,6,1,0.29
P16050,TH,E2817,6,1,0.48
P16051,AN_PA,E2817,6,1,0.57
P16052,AN_PA,E2817,6,1,1.34
P16053,BC_BT,E2817,5,1,0.42
P16054,MA_ROTA,E2818,5,1,0.04
P16055,MA_ROTA,E2818,5,1,0.04
P16056,PN_PIQ,E2818,5,1,0.14
P16057,MA_ROTA,E2819,4,1,0.63
P16058,PN_PIQ,E2819,4,1,0.75
P16060,PN_PIQ,E2819,4,1,0.18
P16061,PN_PIQ,E2819,4,1,3.68
P16062,MA_ROTA,E2819,4,1,4.89
P16064,PN_PIQ,E2820,7,3,1.58
P16065,PN_PIQ,E2820,7,3,0.36
P16066,PN_PIQ,E2820,7,3,1.45
P16067,PN_PIQ,E2820,7,3,0.14
P16068,PN_PIQ,E2820,7,3,0.35
P16069,PN_PIQ,E2820,7,3,1.1
P16070,PN_PIQ,E2821,4,1,2.14
P16071,PN_PIQ,E2821,4,1,1.89
P16072,PN_PIQ,E2821,4,1,0.78
P16073,PN_PIQ,E2821,4,1,1.07
P16074,PN_PIQ,E2821,4,1,0.55
P16075,PN_PIQ,E2821,4,1,2.31
P16076,PN_PIQ,E2821,4,1,7.02
P16077,PN_PIQ,E2821,4,1,0.84
P16078,PN_PIQ,E2821,4,1,0.77
P16079,PN_PIQ,E2821,4,1,0.25
P16080,PN_PIQ,E2821,4,1,0.49
P16081,PN_PIQ,E2821,4,1,0.1
P16082,PN_PIQ,E2821,4,1,0.63
P16083,PN_PIQ,E2821,4,1,2.86
P16084,PN_PIQ,E2821,4,1,0.61
P16085,MA_ROTA,E2822,2,2,1.33
P16086,PN_PIQ,E2822,2,2,0.51
P16087,MA_ROTA,E2822,2,2,0.65
P16088,MA_ROTA,E2822,2,2,0.73
P16089,PN_PIQ,E2822,2,2,0.1
P16090,PN_PIQ,E2823,4,1,0.48
P16091,PN_PIQ,E2823,4,1,0.21
P16092,PN_PIQ,E2823,4,1,1.24
P16093,PN_PIQ,E2823,4,1,0.05
P16094,PN_PIQ,E2823,4,1,0.73
P16095,IG_PLA,E2823,4,1,0.4
P16096,PN_PIQ,E2823,4,1,0.13
P16097,MA_ROTA,E2824,2,2,0.39
P16098,ME,E2824,2,2,0.28
P16099,MA_ROTA,E2824,2,2,0.31
P16100,MA_ROTA,E2824,2,2,0.25
P16101,MA_ROTA,E2824,2,2,0.43
P16102,MA_ROTA,E2824,2,2,0.48
P16103,PN_PIQ,E2824,2,2,0.17
P16104,PN_PIQ,E2825,7,3,0.42
P16105,PN_PIQ,E2825,7,3,0.13
P16106,PN_PIQ,E2826,7,3,0.73
P16107,PN_PIQ,E2826,7,3,0.66
P16108,PN_PIQ,E2826,7,3,0.69
P16109,PN_PIQ,E2826,7,3,0.31
P16110,PN_PIQ,E2826,7,3,0.11
P16111,PN_PIQ,E2826,7,3,0.29
P16112,PN_PIQ,E2826,7,3,1.0
P16113,PN_PIQ,E2827,7,3,0.95
P16114,PN_PIQ,E2827,7,3,0.27
P16115,PN_PIQ,E2827,7,3,0.95
P16116,PN_PIQ,E2827,7,3,1.26
P16117,PN_PIQ,E2827,7,3,0.5
P16118,PN_PIQ,E2827,7,3,1.81
P16119,PN_PIQ,E2827,7,3,0.46
P16120,PN_PIQ,E2827,7,3,0.16
P16121,PN_PIQ,E2827,7,3,0.26
P16122,PN_PIQ,E2827,7,3,0.32
P16123,PN_PIQ,E2828,2,2,0.62
P16124,MA_ROTA,E2828,2,2,1.82
P16125,PN_PIQ,E2829,7,3,0.58
P16126,PN_PIQ,E2829,7,3,0.38
P16127,PN_PIQ,E2829,7,3,0.26
P16128,PN_PIQ,E2830,7,3,1.02
P16129,PN_PIQ,E2830,7,3,1.43
P16130,MA_ROTA,E2831,2,2,0.67
P16131,MA_ROTA,E2831,2,2,1.5
P16132,PN_PIQ,E2832,2,2,0.45
P16133,PN_PIQ,E2833,7,3,0.44
P16134,MA_ROTA,E2834,4,1,0.62
P16135,MA_ROTA,E2834,4,1,0.35
P16136,PN_PIQ,E2834,4,1,1.12
P16137,MA_ROTA,E2834,4,1,0.94
P16138,MA_ROTA,E2834,4,1,1.36
P16140,MA_ROTA,E2834,4,1,1.3
P16141,PN_PIQ,E2834,4,1,0.29
P16142,MA_ROTA,E2834,4,1,0.33
P16143,PN_PIQ,E2834,4,1,1.4
P16144,PN_PIQ,E2834,4,1,0.87
P16146,MA_ROTA,E2834,4,1,0.95
P16147,MA_ROTA,E2834,4,1,0.2
P16148,MA_ROTA,E2835,2,2,0.8
P16149,MA_ROTA,E2835,2,2,1.51
P16151,MA_ROTA,E2835,2,2,0.36
P16152,MA_ROTA,E2835,2,2,0.22
P16153,MA_ROTA,E2836,3,2,1.85
P16154,MA_ROTA,E2836,3,2,1.55
P16156,PN_PIQ,E2836,3,2,2.19
P16157,MA_ROTA,E2836,3,2,0.95
P16158,PN_PIQ,E2837,1,2,0.44
P16159,PN_PIQ,E2837,1,2,0.03
P16161,PN_PIQ,E2837,1,2,1.71
P16162,MA_ROTA,E2838,2,2,0.78
P16163,MA_ROTA,E2838,2,2,0.87
P16164,MA_ROTA,E2838,2,2,0.26
P16165,PN_PIQ,E2839,3,2,4.67
P16166,PN_PIQ,E2839,3,2,5.02
P16167,MA_ROTA,E2839,3,2,3.51
P16168,PN_PIQ,E2839,3,2,4.55
P16169,PN_PIQ,E2839,3,2,3.9
P16170,MA_ROTA,E2839,5,1,1.67
P16171,MA_ROTA,E2839,5,1,1.44
P16172,MA_ROTA,E2839,5,1,1.1
P16173,MA_ROTA,E2839,5,1,3.24
P16174,MA_ROTA,E2839,5,1,0.88
P16175,MA_ROTA,E2839,5,1,0.86
P16176,PN_PIQ,E2839,3,2,6.49
P16177,IG_PLA,E2840,5,1,0.32
P16178,AN_PA,E2840,5,1,0.48
P16179,MA_ROTA,E2841,1,2,0.83
P16180,PN_PIQ,E2841,2,2,0.59
P16181,MA_ROTA,E2841,2,2,0.4
P16182,PN_PIQ,E2841,2,2,0.41
P16183,PN_PIQ,E2841,2,2,0.54
P16184,PN_PIQ,E2841,2,2,0.25
P16185,MA_ROTA,E2842,2,2,2.85
P16186,MA_ROTA,E2843,2,2,0.48
P16187,MA_ROTA,E2843,2,2,0.96
P16188,MA_ROTA,E2843,2,2,1.7
P16189,MA_ROTA,E2843,2,2,1.6
P16190,MA_ROTA,E2843,2,2,0.36
P16191,PN_PIQ,E2843,2,2,0.64
P16192,MA_ROTA,E2843,2,2,1.41
P16193,PN_PIQ,E2843,2,2,0.6
P16194,MA_ROTA,E2843,2,2,0.21
P16195,MA_ROTA,E2843,2,2,0.24
P16196,PN_PIQ,E2844,2,2,1.39
P16197,PN_PIQ,E2844,2,2,0.46
P16198,MA_ROTA,E2844,2,2,0.28
P16199,MA_ROTA,E2844,2,2,0.76
P16200,MA_ROTA,E2844,2,2,0.36
P16201,PN_PIQ,E2845,7,3,0.96
P16202,PN_PIQ,E2845,7,3,0.21
P16203,MA_ROTA,E2846,3,2,0.51
P16205,MA_ROTA,E2847,3,2,0.25
P16206,MA_ROTA,E2847,3,2,0.24
P16207,MA_ROTA,E2848,3,2,0.74
P16208,PN_PIQ,E2848,3,2,1.47
P16212,PN_PIQ,E2849,4,1,1.83
P16213,PN_PIQ,E2850,6,1,0.23
P16214,PN_PIQ,E2850,6,1,0.28
P16215,PN_PIQ,E2850,6,1,0.22
P16216,PN_PIQ,E2850,4,1,2.56
P16217,PN_PIQ,E2851,3,2,0.85
P16218,MA_ROTA,E2852,3,2,0.82
P16219,MA_ROTA,E2852,3,2,0.76
P16221,MA_ROTA,E2852,3,2,0.41
P16223,PN_PIQ,E2852,3,2,1.12
P16224,MA_ROTA,E2852,3,2,0.55
P16225,MA_ROTA,E2852,3,2,0.19
P16226,MA_ROTA,E2853,1,2,2.78
P16227,MA_ROTA,E2853,1,2,0.85
P16228,PN_PIQ,E2853,1,2,0.32
P16229,MA_ROTA,E2853,1,2,2.85
P16230,PN_PIQ,E2854,7,3,0.33
P16231,PN_PIQ,E2854,7,3,0.32
P16232,PN_PIQ,E2854,7,3,0.34
P16233,PN_PIQ,E2854,7,3,0.48
P16234,PN_PIQ,E2855,2,2,1.07
P16235,PN_PIQ,E2855,2,2,0.13
P16236,MA_ROTA,E2855,2,2,0.65
P16237,MA_ROTA,E2855,2,2,0.88
P16238,PN_PIQ,E2856,7,3,0.42
P16239,PN_PIQ,E2856,7,3,0.78
P16240,PN_PIQ,E2856,7,3,0.59
P16241,PN_PIQ,E2857,1,2,0.58
P16242,PN_PIQ,E2857,1,2,0.07
P16243,PN_PIQ,E2857,1,2,0.05
P16244,PN_PIQ,E2857,1,2,0.83
P16245,PN_PIQ,E2857,1,2,0.71
P16246,PN_PIQ,E2858,7,3,0.35
P16247,PN_PIQ,E2858,7,3,0.61
P16248,PN_PIQ,E2858,7,3,0.7
P16249,PN_PIQ,E2859,7,3,0.7
P16250,PN_PIQ,E2859,7,3,0.19
P16251,PN_PIQ,E2859,7,3,0.61
P16252,PN_PIQ,E2859,7,3,1.03
P16253,PN_PIQ,E2860,7,3,0.69
P16254,PN_PIQ,E2860,7,3,0.36
P16255,PN_PIQ,E2860,7,3,0.23
P16256,PN_PIQ,E2861,7,3,0.91
P16257,PN_PIQ,E2861,7,3,0.86
P16258,PN_PIQ,E2861,7,3,0.65
P16259,PN_PIQ,E2861,7,3,0.76
P16260,PN_PIQ,E2862,7,3,0.82
P16261,PN_PIQ,E2862,7,3,0.93
P16262,PN_PIQ,E2862,7,3,0.17
P16263,PN_PIQ,E2862,7,3,0.37
P16264,PN_PIQ,E2863,7,3,0.77
P16265,PN_PIQ,E2863,7,3,1.07
P16266,PN_PIQ,E2863,7,3,1.2
P16267,PN_PIQ,E2864,7,3,0.83
P16268,PN_PIQ,E2864,7,3,0.68
P16269,PN_PIQ,E2864,7,3,0.9
P16270,PN_PIQ,E2864,7,3,0.43
P16271,PN_PIQ,E2864,7,3,0.05
P16272,PN_PIQ,E2865,7,3,0.49
P16273,PN_PIQ,E2866,4,1,0.47
P16275,PN_PIQ,E2867,4,1,0.26
P16276,PN_PIQ,E2867,4,1,0.31
P16277,PN_PIQ,E2867,4,1,0.31
P16278,PN_PIQ,E2867,4,1,0.26
P16279,PN_PIQ,E2867,4,1,0.16
P16280,PN_PIQ,E2867,4,1,0.31
P16281,PN_PIQ,E2867,4,1,0.67
P16282,PN_PIQ,E2867,4,1,0.9
P16283,PN_PIQ,E2867,4,1,0.5
P16284,PN_PIQ,E2868,4,1,1.73
P16285,PN_PIQ,E2868,4,1,0.32
P16286,PN_PIQ,E2869,7,3,0.84
P16287,PN_PIQ,E2869,7,3,2.46
P16288,PN_PIQ,E2870,4,1,1.06
P16289,PN_PIQ,E2870,4,1,0.41
P16290,PN_PIQ,E2871,7,3,0.27
P16291,PN_PIQ,E2871,7,3,0.36
P16292,PN_PIQ,E2872,7,3,0.09
P16293,PN_PIQ,E2872,7,3,0.13
P16294,PN_PIQ,E2872,7,3,0.84
P16295,PN_PIQ,E2872,7,3,0.02
P16296,PN_PIQ,E2872,7,3,0.13
P16297,PN_PIQ,E2872,7,3,0.37
P16298,PN_PIQ,E2872,7,3,0.21
P16299,PN_PIQ,E2873,7,3,0.92
P16300,PN_PIQ,E2873,7,3,1.06
P16301,PN_PIQ,E2873,7,3,0.57
P16302,PN_PIQ,E2873,7,3,0.72
P16303,PN_PIQ,E2874,7,3,1.32
P16304,PN_PIQ,E2874,7,3,0.67
P16305,PN_PIQ,E2875,7,3,1.51
P16306,PN_PIQ,E2875,7,3,2.42
P16307,PN_PIQ,E2875,7,3,0.51
P16308,PN_PIQ,E2876,7,3,0.5
P16309,PN_PIQ,E2876,7,3,0.23
P16310,PN_PIQ,E2877,7,3,0.22
P16311,PN_PIQ,E2877,7,3,0.28
P16312,PN_PIQ,E2877,7,3,0.48
P16313,PN_PIQ,E2877,7,3,0.58
P16314,PN_PIQ,E2877,7,3,0.21
P16315,PN_PIQ,E2878,7,3,0.76
P16316,PN_PIQ,E2878,7,3,0.2
P16317,PN_PIQ,E2878,7,3,1.1
P16318,PN_PIQ,E2878,7,3,0.11
P16319,PN_PIQ,E2878,7,3,0.24
P16320,PN_PIQ,E2878,7,3,0.61
P16321,PN_PIQ,E2878,7,3,0.62
P16322,PN_PIQ,E2878,7,3,0.11
P16323,PN_PIQ,E2878,7,3,0.22
P16324,PN_PIQ,E2878,7,3,0.3
P16325,PN_PIQ,E2878,7,3,1.9
P16326,PN_PIQ,E2879,7,3,0.39
P16327,PN_PIQ,E2879,7,3,0.07
P16328,PN_PIQ,E2880,7,3,0.83
P16329,PN_PIQ,E2881,7,3,0.53
P16330,PN_PIQ,E2881,7,3,0.6
P16331,PN_PIQ,E2881,7,3,0.31
P16332,PN_PIQ,E2881,7,3,0.21
P16333,PN_PIQ,E2881,7,3,0.55
P16334,PN_PIQ,E2881,7,3,0.5
P16335,PN_PIQ,E2882,7,3,0.29
P16336,PN_PIQ,E2882,7,3,1.21
P16337,PN_PIQ,E2882,7,3,0.59
P16338,PN_PIQ,E2882,7,3,0.26
P16339,IG_PLA,E2883,6,1,0.74
P16340,AN_PA,E2883,6,1,1.68
P16341,PN_PIQ,E2884,7,3,0.43
P16342,PN_PIQ,E2885,1,2,0.24
P16343,PN_PIQ,E2885,1,2,0.25
P16344,PN_PIQ,E2885,1,2,0.68
P16345,PN_PIQ,E2886,4,1,1.77
P16346,PN_PIQ,E2887,7,3,0.46
P16347,PN_PIQ,E2887,7,3,0.24
P16348,PN_PIQ,E2887,7,3,0.35
P16349,PN_PIQ,E2887,7,3,2.56
P16350,PN_PIQ,E2888,7,3,0.88
P16351,PN_PIQ,E2889,7,3,0.47
P16352,PN_PIQ,E2890,1,2,0.2
P16353,PN_PIQ,E2890,1,2,0.35
P16354,PN_PIQ,E2890,1,2,0.27
P16355,PN_PIQ,E2890,1,2,0.07
P16358,PN_PIQ,E2890,1,2,0.1
P16359,MA_ROTA,E2891,1,2,3.33
P16360,MA_ROTA,E2891,1,2,2.09
P16361,MA_ROTA,E2891,1,2,2.16
P16362,PN_PIQ,E2891,1,2,1.06
P16363,MA_ROTA,E2891,1,2,0.45
P16364,MA_ROTA,E2891,1,2,1.26
P16365,MA_ROTA,E2891,1,2,0.34
P16366,MA_PAI_NON_NI,E2892,5,1,0.14
P16367,PN_PIQ,E2893,3,2,0.45
P16369,MA_ROTA,E2893,3,2,0.22
P16370,PN_PIQ,E2893,3,2,0.29
P16371,MA_ROTA,E2894,2,2,0.19
P16372,PN_PIQ,E2894,2,2,0.82
P16374,MA_ROTA,E2895,1,2,0.67
P16375,ME,E2895,1,2,1.44
P16376,MA_ROTA,E2896,3,2,1.78
P16377,PN_PIQ,E2896,3,2,0.17
P16378,PN_PIQ,E2896,3,2,0.22
P16379,PN_PIQ,E2896,3,2,0.69
P16380,PN_PIQ,E2897,3,2,3.43
P16381,MA_ROTA,E2897,3,2,0.6
P16382,MA_ROTA,E2897,3,2,3.61
P16385,MA_ROTA,E2897,3,2,1.25
P16386,MA_ROTA,E2898,3,2,1.51
P16387,ME,E2899,3,2,0.35
P16388,MA_ROTA,E2899,3,2,0.39
P16389,MA_ROTA,E2900,3,2,0.57
P16390,MA_ROTA,E2900,3,2,0.13
P16391,MA_ROTA,E2901,3,2,0.2
P16392,MA_ROTA,E2901,3,2,0.89
P16393,MA_ROTA,E2902,3,2,0.39
P16394,MA_ROTA,E2902,3,2,1.26
P16395,PN_PIQ,E2903,3,2,1.47
P16396,MA_ROTA,E2903,3,2,0.97
P16397,MA_ROTA,E2903,3,2,0.47
P16398,MA_ROTA,E2903,3,2,1.55
P16399,PN_PIQ,E2903,3,2,0.65
P16400,PN_PIQ,E2903,3,2,1.22
P16401,MA_ROTA,E2903,3,2,0.82
P16402,PN_PIQ,E2904,3,2,1.09
P16403,ME,E2904,3,2,0.86
P16404,MA_ROTA,E2905,3,2,0.37
P16405,MA_ROTA,E2905,3,2,1.15
P16407,PN_PIQ,E2905,3,2,0.58
P16408,PN_PIQ,E2905,3,2,0.14
P16409,MA_ROTA,E2905,3,2,0.94
P16410,PN_PIQ,E2905,3,2,0.14
P16411,PN_PIQ,E2906,3,2,0.78
P16412,PN_PIQ,E2907,3,2,0.31
P16413,PN_PIQ,E2907,3,2,1.35
P16414,PN_PIQ,E2907,3,2,1.21
P16415,MA_ROTA,E2908,3,2,1.01
P16416,MA_ROTA,E2908,3,2,1.0
P16417,PN_PIQ,E2908,3,2,0.3
P16418,MA_ROTA,E2909,3,2,1.42
P16419,PN_PIQ,E2910,3,2,0.46
P16420,PN_PIQ,E2911,2,2,1.94
P16421,PN_PIQ,E2911,2,2,1.57
P16422,PN_PIQ,E2911,2,2,1.36
P16423,PN_PIQ,E2911,2,2,0.73
P16424,PN_PIQ,E2911,2,2,0.47
P16425,PN_PIQ,E2911,7,3,0.74
P16426,PN_PIQ,E2911,2,2,1.13
P16427,PN_PIQ,E2912,7,3,0.29
P16428,PN_PIQ,E2912,7,3,0.62
P16429,PN_PIQ,E2912,7,3,0.39
P16430,PN_PIQ,E2912,7,3,0.16
P16431,PN_PIQ,E2913,7,3,0.55
P16432,PN_PIQ,E2913,7,3,0.65
P16433,PN_PIQ,E2914,7,3,0.24
P16434,PN_PIQ,E2914,7,3,0.73
P16435,PN_PIQ,E2914,7,3,0.25
P16436,PN_PIQ,E2915,7,3,1.17
P16437,PN_PIQ,E2915,7,3,0.5
P16438,PN_PIQ,E2915,7,3,0.66
P16439,PN_PIQ,E2916,4,1,1.03
P16440,PN_PIQ,E2917,4,1,0.1
P16441,PN_PIQ,E2917,4,1,2.36
P16442,PN_PIQ,E2918,4,1,1.99
P16443,PN_PIQ,E2918,4,1,0.42
P16444,PN_PIQ,E2918,4,1,0.28
P16445,PN_PIQ,E2919,4,1,1.21
P16446,PN_PIQ,E2919,4,1,1.45
P16447,PN_PIQ,E2919,4,1,0.08
P16448,PN_PIQ,E2919,4,1,0.99
P16449,PN_PIQ,E2919,4,1,2.08
P16450,PN_PIQ,E2920,4,1,0.58
P16451,MA_ROTA,E2920,4,1,1.86
P16452,MA_ROTA,E2920,4,1,0.25
P16453,MA_ROTA,E2920,4,1,0.2
P16454,MA_ROTA,E2920,4,1,0.4
P16455,MA_ROTA,E2920,4,1,0.19
P16456,MA_ROTA,E2920,4,1,0.02
P16457,MA_ROTA,E2920,4,1,0.12
P16458,MA_ROTA,E2920,4,1,0.42
P16459,AG,E2920,4,1,2.3
P16460,IG_PLA,E2920,4,1,1.14
P16461,PN_PIQ,E2920,4,1,1.52
P16462,PN_PIQ,E2920,4,1,0.48
P16463,PN_PIQ,E2920,4,1,0.14
P16464,MA_ROTA,E2920,4,1,0.44
P16465,MA_ROTA,E2920,4,1,1.2
P16466,MA_ROTA,E2920,4,1,0.86
P16468,PN_PIQ,E2920,4,1,0.06
P16469,PN_PIQ,E2920,4,1,0.56
P16470,MA_ROTA,E2920,4,1,3.72
P16471,PN_PIQ,E2921,7,3,0.31
P16472,PN_PIQ,E2921,7,3,0.16
P16473,PN_PIQ,E2921,7,3,0.18
P16474,PN_PIQ,E2922,7,3,0.75
P16475,PN_PIQ,E2922,7,3,0.45
P16477,PN_PIQ,E2922,7,3,0.53
P16478,PN_PIQ,E2922,7,3,0.2
P16479,PN_PIQ,E2923,7,3,0.6
P16480,PN_PIQ,E2923,7,3,0.12
P16481,PN_PIQ,E2924,7,3,0.54
P16482,PN_PIQ,E2924,7,3,0.45
P16483,PN_PIQ,E2924,7,3,0.34
P16484,PN_PIQ,E2924,7,3,0.47
P16485,PN_PIQ,E2925,7,3,1.08
P16486,PN_PIQ,E2925,7,3,1.17
P16487,PN_PIQ,E2925,7,3,0.27
P16488,PN_PIQ,E2926,7,3,0.38
P16489,PN_PIQ,E2927,7,3,0.42
P16490,PN_PIQ,E2928,6,1,0.03
P16491,PN_PIQ,E2928,6,1,0.28
P16492,PN_PIQ,E2928,6,1,0.04
P16493,PN_PIQ,E2928,6,1,0.11
P16494,PN_PIQ,E2928,6,1,0.2
P16495,PN_PIQ,E2928,6,1,0.09
P16496,PN_PIQ,E2929,1,2,0.09
P16497,PN_PIQ,E2929,1,2,0.02
P16499,PN_PIQ,E2929,1,2,0.05
P16500,PN_PIQ,E2929,1,2,0.2
P16501,ME,E2930,2,2,0.93
P16502,PN_PIQ,E2930,2,2,1.07
P16503,PN_PIQ,E2930,2,2,0.98
P16504,MA_ROTA,E2930,2,2,0.86
P16505,MA_ROTA,E2930,2,2,0.48
P16506,MA_ROTA,E2930,2,2,0.4
P16507,MA_ROTA,E2930,2,2,0.94
P16508,PN_PIQ,E2931,2,2,0.59
P16509,PN_PIQ,E2932,3,2,0.27
P16510,PN_PIQ,E2932,3,2,1.29
P16511,MA_ROTA,E2932,3,2,1.6
P16512,MA_ROTA,E2933,1,2,0.57
P16513,MA_ROTA,E2933,1,2,0.5
P16514,PN_PIQ,E2934,7,3,0.36
P16515,PN_PIQ,E2934,7,3,0.13
P16516,PN_PIQ,E2934,7,3,0.2
P16517,PN_PIQ,E2934,7,3,0.1
P16518,PN_PIQ,E2934,7,3,0.19
P16519,PN_PIQ,E2934,7,3,0.18
P16520,PN_PIQ,E2934,7,3,2.7
P16521,PN_PIQ,E2935,7,3,0.94
P16522,PN_PIQ,E2935,7,3,1.33
P16523,PN_PIQ,E2935,7,3,0.29
P16524,PN_PIQ,E2935,7,3,0.53
P16525,PN_PIQ,E2935,7,3,0.11
P16526,PN_PIQ,E2936,7,3,1.9
P16527,PN_PIQ,E2936,7,3,0.49
P16528,PN_PIQ,E2936,7,3,0.36
P16529,PN_PIQ,E2936,7,3,0.88
P16531,PN_PIQ,E2937,7,3,0.75
P16532,PN_PIQ,E2938,7,3,0.66
P16533,PN_PIQ,E2939,7,3,0.12
P16534,PN_PIQ,E2939,7,3,0.25
P16535,PN_PIQ,E2939,7,3,0.31
P16536,PN_PIQ,E2939,7,3,0.26
P16537,PN_PIQ,E2939,7,3,0.27
P16538,PN_PIQ,E2939,7,3,0.31
P16539,PN_PIQ,E2939,7,3,0.24
P16540,PN_PIQ,E2939,7,3,0.4
P16541,PN_PIQ,E2939,7,3,0.23
P16542,PN_PIQ,E2939,7,3,0.04
P16543,MA_ROTA,E2940,5,1,1.38
P16544,MA_ROTA,E2940,5,1,1.43
P16545,PN_PIQ,E2941,7,3,1.32
P16546,PN_PIQ,E2941,7,3,0.08
P16547,PN_PIQ,E2942,7,3,1.38
P16548,PN_PIQ,E2942,7,3,0.33
P16549,PN_PIQ,E2942,7,3,0.9
P16550,PN_PIQ,E2942,7,3,0.46
P16551,PN_PIQ,E2942,7,3,0.32
P16552,PN_PIQ,E2942,7,3,0.22
P16553,PN_PIQ,E2943,7,3,0.83
P16554,PN_PIQ,E2943,7,3,0.57
P16555,PN_PIQ,E2943,7,3,0.44
P16556,PN_PIQ,E2943,7,3,0.35
P16557,PN_PIQ,E2943,7,3,0.67
P16558,PN_PIQ,E2943,7,3,0.9
P16559,PN_PIQ,E2944,7,3,0.17
P16560,PN_PIQ,E2944,7,3,0.38
P16561,PN_PIQ,E2944,7,3,0.53
P16562,PN_PIQ,E2945,7,3,0.77
P16563,PN_PIQ,E2945,7,3,0.58
P16565,MA_ROTA,E2946,5,1,0.22
P16566,PN_PIQ,E2946,5,1,0.07
P16567,MA_ROTA,E2946,5,1,0.07
P16568,MA_ROTA,E2946,5,1,0.54
P16569,MA_ROTA,E2946,5,1,0.07
P16571,MA_ROTA,E2946,5,1,0.12
P16572,PN_PIQ,E2946,5,1,0.39
P16575,PN_PIQ,E2946,5,1,0.03
P16576,MA_ROTA,E2947,2,2,0.77
P16577,PN_PIQ,E2947,2,2,1.08
P16578,AN_PA,E2948,6,1,0.6
P16579,TH,E2948,6,1,2.06
P16580,TH,E2948,6,1,0.96
P16581,PN_PIQ,E2949,1,2,1.08
P16583,PN_PIQ,E2950,7,3,0.39
P16584,PN_PIQ,E2950,7,3,0.54
P16585,PN_PIQ,E2950,7,3,2.16
P16586,PN_PIQ,E2950,7,3,0.9
P16587,PN_PIQ,E2950,7,3,0.22
P16588,PN_PIQ,E2950,7,3,0.38
P16589,MA_ROTA,E2951,2,2,0.91
P16590,PN_PIQ,E2952,3,2,0.79
P16591,MA_ROTA,E2953,3,2,3.98
P16592,MA_ROTA,E2953,3,2,2.81
P16593,MA_ROTA,E2953,3,2,0.89
P16595,MA_ROTA,E2954,1,2,0.4
P16596,MA_ROTA,E2954,1,2,0.57
P16597,PN_PIQ,E2954,1,2,0.36
P16598,MA_ROTA,E2954,2,2,0.33
P16599,MA_ROTA,E2954,2,2,0.11
P16600,PN_PIQ,E2954,2,2,0.18
P16601,MA_ROTA,E2954,1,2,0.33
P16602,PN_PIQ,E2954,1,2,0.48
P16603,PN_PIQ,E2954,1,2,0.58
P16604,PN_PIQ,E2954,1,2,0.27
P16605,PN_PIQ,E2954,1,2,0.9
P16606,PN_PIQ,E2954,1,2,0.32
P16607,MA_ROTA,E2954,1,2,0.33
P16608,PN_PIQ,E2954,1,2,0.79
P16609,MA_ROTA,E2955,3,2,0.48
P16610,MA_ROTA,E2955,3,2,2.0
P16611,PN_PIQ,E2955,3,2,2.03
P16612,PN_PIQ,E2956,7,3,0.76
P16613,PN_PIQ,E2956,7,3,2.58
P16614,PN_PIQ,E2956,7,3,1.03
P16615,PN_PIQ,E2957,3,2,0.43
P16616,PN_PIQ,E2957,3,2,0.82
P16617,PN_PIQ,E2957,3,2,2.06
P16618,PN_PIQ,E2957,3,2,0.33
P16619,PN_PIQ,E2957,3,2,0.61
P16620,MA_ROTA,E2958,2,2,1.0
P16621,MA_ROTA,E2958,2,2,1.48
P16622,MA_ROTA,E2959,2,2,0.82
P16623,MA_ROTA,E2959,2,2,0.25
P16624,MA_ROTA,E2959,2,2,0.1
P16625,MA_ROTA,E2959,2,2,1.54
P16626,MA_ROTA,E2960,5,1,0.84
P16627,MA_ROTA,E2960,5,1,0.49
P16628,MA_ROTA,E2960,5,1,0.34
P16629,MA_ROTA,E2960,5,1,0.43
P16630,PN_PIQ,E2961,4,1,1.13
P16631,PN_PIQ,E2961,4,1,0.89
P16632,PN_PIQ,E2962,4,1,1.12
P16633,PN_PIQ,E2963,4,1,3.36
P16634,PN_PIQ,E2963,4,1,3.02
P16635,PN_PIQ,E2963,4,1,0.25
P16636,PN_PIQ,E2964,6,1,0.5
P16637,PN_PIQ,E2965,1,2,10.07
P16638,PN_PIQ,E2966,1,2,1.97
P16639,PN_PIQ,E2967,7,3,0.27
P16640,PN_PIQ,E2967,7,3,0.35
P16641,PN_PIQ,E2967,7,3,0.3
P16642,MA_ROTA,E2968,2,2,0.3
P16643,PN_PIQ,E2968,2,2,0.54
P16644,MA_ROTA,E2968,2,2,0.64
P16645,MA_ROTA,E2968,2,2,0.24
P16646,MA_ROTA,E2968,2,2,0.85
P16647,PN_PIQ,E2968,2,2,0.46
P16648,MA_ROTA,E2968,2,2,0.31
P16649,MA_ROTA,E2968,2,2,1.87
P16650,MA_ROTA,E2968,2,2,0.47
P16652,PN_PIQ,E2968,2,2,0.92
P16653,MA_ROTA,E2968,2,2,0.3
P16654,MA_ROTA,E2968,2,2,1.08
P16655,MA_ROTA,E2968,2,2,1.81
P16656,PN_PIQ,E2968,2,2,0.16
P16657,MA_ROTA,E2968,2,2,1.79
P16658,PN_PIQ,E2968,2,2,0.44
P16659,PN_PIQ,E2969,2,2,4.87
P16660,MA_ROTA,E2969,2,2,1.67
P16661,PN_PIQ,E2970,7,3,1.02
P16662,PN_PIQ,E2970,7,3,0.8
P16663,PN_PIQ,E2970,7,3,1.05
P16664,PN_PIQ,E2970,7,3,1.18
P16665,PN_PIQ,E2970,7,3,0.32
P16666,PN_PIQ,E2970,7,3,0.15
P16667,PN_PIQ,E2971,7,3,0.9
P16668,PN_PIQ,E2971,7,3,0.31
P16669,PN_PIQ,E2971,7,3,0.06
P16670,PN_PIQ,E2971,7,3,0.28
P16671,PN_PIQ,E2972,7,3,0.67
P16672,PN_PIQ,E2972,7,3,0.76
P16673,PN_PIQ,E2972,7,3,0.3
P16674,PN_PIQ,E2972,7,3,1.87
P16675,PN_PIQ,E2973,3,2,1.01
P16676,MA_ROTA,E2974,3,2,1.04
P16677,PN_PIQ,E2974,3,2,0.87
P16678,PN_PIQ,E2974,3,2,1.02
P16679,MA_ROTA,E2974,3,2,1.66
P16680,PN_PIQ,E2975,1,2,0.16
P16681,MA_ROTA,E2976,3,2,1.5
P16682,PN_PIQ,E2976,3,2,0.45
P16683,PN_PIQ,E2977,3,2,1.59
P16684,MA_ROTA,E2977,3,2,0.92
P16685,PN_PIQ,E2978,3,2,0.23
P16686,PN_PIQ,E2978,3,2,1.45
P16687,MA_ROTA,E2978,3,2,0.9
P16688,PN_PIQ,E2978,3,2,0.07
P16689,PN_PIQ,E2978,3,2,1.77
P16690,PN_PIQ,E2978,3,2,0.15
P16692,PN_PIQ,E2978,3,2,0.15
P16693,MA_ROTA,E2978,3,2,0.09
P16695,MA_ROTA,E2978,3,2,0.77
P16696,MA_ROTA,E2978,3,2,0.33
P16697,MA_ROTA,E2978,3,2,1.03
P16698,MA_ROTA,E2978,3,2,1.84
P16700,MA_ROTA,E2978,3,2,1.42
P16701,MA_ROTA,E2978,3,2,0.41
P16702,PN_PIQ,E2979,3,2,0.71
P16703,MA_ROTA,E2979,3,2,0.89
P16704,PN_PIQ,E2979,3,2,0.65
P16705,PN_PIQ,E2979,3,2,0.3
P16706,MA_ROTA,E2980,3,2,1.34
P16707,PN_PIQ,E2980,3,2,1.59
P16708,MA_ROTA,E2980,3,2,0.9
P16709,MA_ROTA,E2980,3,2,0.85
P16710,PN_PIQ,E2980,3,2,0.95
P16711,PN_PIQ,E2980,3,2,0.92
P16712,MA_ROTA,E2980,3,2,0.3
P16713,MA_ROTA,E2980,3,2,0.99
P16714,PN_PIQ,E2980,3,2,2.11
P16715,MA_ROTA,E2980,3,2,0.3
P16716,PN_PIQ,E2980,3,2,0.59
P16717,PN_PIQ,E2981,3,2,1.74
P16718,MA_ROTA,E2981,3,2,0.44
P16719,PN_PIQ,E2981,3,2,1.13
P16720,PN_PIQ,E2981,2,2,0.46
P16722,MA_ROTA,E2982,3,2,1.0
P16723,MA_ROTA,E2983,3,2,1.19
P16724,PN_PIQ,E2983,3,2,1.72
P16726,MA_ROTA,E2984,3,2,1.14
P16727,PN_PIQ,E2984,3,2,0.15
P16728,MA_ROTA,E2984,3,2,0.04
P16729,MA_ROTA,E2984,3,2,0.03
P16730,MA_ROTA,E2984,3,2,0.36
P16731,MA_ROTA,E2985,3,2,0.49
P16732,PN_PIQ,E2985,3,2,0.59
P16733,MA_ROTA,E2985,3,2,0.39
P16734,MA_ROTA,E2986,3,2,2.15
P16735,MA_ROTA,E2986,3,2,3.72
P16736,MA_ROTA,E2986,3,2,0.1
P16739,MA_ROTA,E2986,3,2,1.71
P16740,MA_ROTA,E2986,3,2,0.62
P16741,PN_PIQ,E2987,3,2,1.28
P16742,PN_PIQ,E2988,1,2,1.12
P16743,MA_ROTA,E2989,3,2,0.7
P16744,MA_ROTA,E2989,3,2,0.65
P16745,PN_PIQ,E2989,3,2,1.0
P16746,PN_PIQ,E2989,3,2,0.45
P16747,MA_ROTA,E2989,3,2,1.19
P16748,MA_ROTA,E2989,3,2,0.57
P16749,MA_ROTA,E2989,3,2,0.57
P16751,AN_PA,E2990,5,1,1.03
P16752,MA_ROTA,E2990,5,1,0.67
P16753,AN_PA,E2990,5,1,0.22
P16756,BC_BT,E2990,5,1,0.81
P16757,AG,E2990,5,1,0.27
P16758,AN_PA,E2990,5,1,0.76
P16759,AN_PA,E2990,5,1,0.54
P16760,AN_PA,E2990,5,1,0.31
P16761,AN_PA,E2990,5,1,0.74
P16762,AN_PA,E2990,5,1,0.69
P16763,AN_PA,E2990,5,1,0.91
P16764,AN_PA,E2990,5,1,0.23
P16765,AN_PA,E2990,5,1,0.26
P16766,AN_PA,E2990,5,1,0.68
P16767,AN_PA,E2990,5,1,0.5
P16768,MA_ROTA,E2990,5,1,1.16
P16769,AN_PA,E2990,5,1,0.63
P16770,MA_ROTA,E2990,5,1,0.45
P16772,PN_PIQ,E2991,7,3,0.64
P16773,PN_PIQ,E2991,7,3,0.43
P16774,PN_PIQ,E2991,7,3,0.62
P16775,PN_PIQ,E2992,7,3,0.22
P16776,PN_PIQ,E2992,7,3,0.33
P16777,PN_PIQ,E2993,2,2,1.12
P16778,MA_ROTA,E2993,2,2,0.74
P16779,MA_ROTA,E2993,2,2,0.6
P16780,MA_ROTA,E2994,5,1,0.38
P16781,MA_ROTA,E2994,5,1,0.16
P16782,MA_ROTA,E2994,5,1,0.91
P16783,MA_ROTA,E2994,5,1,0.38
P16784,MA_ROTA,E2994,5,1,0.79
P16785,PN_PIQ,E2995,7,3,0.27
P16786,PN_PIQ,E2995,7,3,0.34
P16787,PN_PIQ,E2995,7,3,0.55
P16788,PN_PIQ,E2995,7,3,0.44
P16789,PN_PIQ,E2995,7,3,0.26
P16790,PN_PIQ,E2996,4,1,1.88
P16791,PN_PIQ,E2997,7,3,0.45
P16792,PN_PIQ,E2998,4,1,1.27
P16794,PN_PIQ,E2999,3,2,9.43
P16795,PN_PIQ,E2999,3,2,5.2
P16796,PN_PIQ,E2999,3,2,5.95
P16797,PN_PIQ,E3000,7,3,1.16
P16798,PN_PIQ,E3000,7,3,2.12
P16799,PN_PIQ,E3000,7,3,1.61
P16800,PN_PIQ,E3000,7,3,3.74
P16801,PN_PIQ,E3000,7,3,1.6
P16802,PN_PIQ,E3000,7,3,0.8
P16803,BC_BT,E3001,6,1,1.61
P16804,PN_PIQ,E3002,7,3,0.41
P16805,PN_PIQ,E3002,7,3,0.36
P16806,PN_PIQ,E3002,7,3,0.19
P16807,PN_PIQ,E3002,7,3,0.4
P16808,PN_PIQ,E3003,7,3,0.68
P16809,PN_PIQ,E3003,7,3,0.53
P16810,PN_PIQ,E3004,7,3,0.57
P16811,PN_PIQ,E3004,7,3,0.88
P16812,MA_ROTA,E3005,2,2,0.77
P16813,PN_PIQ,E3006,7,3,0.22
P16814,PN_PIQ,E3006,7,3,0.33
P16815,PN_PIQ,E3006,7,3,0.57
P16816,PN_PIQ,E3006,7,3,1.41
P16817,PN_PIQ,E3006,7,3,0.08
P16818,PN_PIQ,E3006,7,3,0.34
P16819,PN_PIQ,E3006,7,3,0.44
P16820,MA_ROTA,E3007,3,2,0.16
P16821,MA_ROTA,E3007,3,2,1.08
P16822,PN_PIQ,E3007,3,2,1.94
P16823,PN_PIQ,E3008,2,2,0.99
P16824,MA_ROTA,E3008,2,2,0.3
P16825,PN_PIQ,E3008,2,2,0.36
P16826,MA_ROTA,E3009,2,2,1.0
P16827,MA_ROTA,E3009,2,2,0.19
P16828,PN_PIQ,E3009,2,2,0.27
P16829,PN_PIQ,E3009,2,2,0.56
P16830,ME,E3009,2,2,0.62
P16831,MA_ROTA,E3009,2,2,0.12
P16832,MA_ROTA,E3010,2,2,0.31
P16833,MA_ROTA,E3010,2,2,0.39
P16834,MA_ROTA,E3010,2,2,0.55
P16835,PN_PIQ,E3010,2,2,0.41
P16836,MA_ROTA,E3010,2,2,0.77
P16837,PN_PIQ,E3010,2,2,0.4
P16838,MA_ROTA,E3010,2,2,0.62
P16839,MA_ROTA,E3010,2,2,0.76
P16840,MA_ROTA,E3010,2,2,0.7
P16841,MA_ROTA,E3010,2,2,0.24
P16842,PN_PIQ,E3010,2,2,0.16
P16843,MA_ROTA,E3010,2,2,0.62
P16844,PN_PIQ,E3010,2,2,1.22
P16845,MA_ROTA,E3010,2,2,0.57
P16846,MA_ROTA,E3011,2,2,0.52
P16847,MA_ROTA,E3011,2,2,0.24
P16848,PN_PIQ,E3011,2,2,0.61
P16849,MA_ROTA,E3012,2,2,0.55
P16850,MA_ROTA,E3012,2,2,0.12
P16851,MA_ROTA,E3012,2,2,0.35
P16852,PN_PIQ,E3013,2,2,0.28
P16853,PN_PIQ,E3013,2,2,0.03
P16854,AG,E3014,5,1,1.49
P16855,AN_PA,E3014,5,1,1.26
P16856,TH,E3014,5,1,0.92
P16857,IG_PLA,E3014,5,1,1.28
P16858,IG_PLA,E3014,5,1,2.14
P16859,AG,E3014,5,1,0.46
P16860,AN_PA,E3014,5,1,1.34
P16861,TH,E3014,5,1,0.81
P16862,TH,E3014,5,1,2.25
P16863,AG,E3014,5,1,1.91
P16864,AN_PA,E3014,5,1,1.33
P16865,AG,E3014,5,1,1.11
P16866,IG_PLA,E3014,5,1,0.61
P16867,MA_ROTA,E3015,4,1,2.61
P16868,MA_ROTA,E3015,4,1,0.74
P16869,MA_ROTA,E3015,4,1,1.32
P16870,MA_ROTA,E3015,4,1,0.63
P16871,MA_ROTA,E3015,4,1,0.19
P16872,MA_ROTA,E3015,4,1,0.97
P16873,MA_ROTA,E3015,4,1,1.5
P16876,BC_BT,E3015,4,1,3.47
P16877,AG,E3015,4,1,0.89
P16878,MA_ROTA,E3015,4,1,2.83
P16879,AG,E3015,4,1,1.6
P16880,AG,E3015,4,1,0.99
P16881,AG,E3015,4,1,2.3
P16882,MA_ROTA,E3015,4,1,1.56
P16883,IG_PLA,E3015,4,1,0.79
P16884,IG_PLA,E3015,4,1,1.0
P16885,AG,E3015,4,1,1.23
P16886,IG_PLA,E3015,4,1,0.47
P16887,BC_BT,E3015,4,1,2.54
P16888,AG,E3015,4,1,4.22
P16889,AG,E3015,4,1,1.56
P16892,MA_ROTA,E3015,4,1,0.96
P16893,MA_ROTA,E3015,4,1,1.26
P16894,MA_ROTA,E3015,4,1,0.59
P16895,MA_ROTA,E3015,4,1,1.36
P16896,MA_ROTA,E3015,4,1,0.67
P16897,MA_ROTA,E3015,4,1,1.0
P16898,PN_PIQ,E3016,2,2,0.24
P16899,MA_ROTA,E3016,2,2,0.17
P16900,PN_PIQ,E3016,2,2,0.23
P16901,PN_PIQ,E3016,2,2,0.09
P16902,MA_ROTA,E3017,2,2,0.54
P16903,PN_PIQ,E3017,2,2,0.87
P16904,MA_ROTA,E3018,2,2,0.91
P16905,MA_ROTA,E3019,2,2,0.22
P16906,MA_ROTA,E3019,2,2,0.76
P16907,PN_PIQ,E3019,2,2,0.8
P16908,PN_PIQ,E3020,7,3,0.31
P16909,PN_PIQ,E3020,7,3,1.49
P16910,PN_PIQ,E3020,7,3,0.76
P16911,PN_PIQ,E3020,7,3,0.35
P16912,PN_PIQ,E3020,7,3,1.12
P16913,PN_PIQ,E3020,7,3,0.27
P16914,PN_PIQ,E3020,7,3,0.34
P16915,PN_PIQ,E3021,7,3,0.46
P16916,PN_PIQ,E3021,7,3,0.48
P16917,PN_PIQ,E3021,7,3,0.32
P16918,MA_ROTA,E3022,5,1,0.33
P16919,MA_ROTA,E3022,5,1,0.19
P16921,MA_ROTA,E3022,5,1,0.55
P16923,MA_ROTA,E3022,5,1,0.56
P16924,MA_ROTA,E3022,5,1,0.18
P16925,MA_ROTA,E3022,5,1,0.53
P16926,MA_ROTA,E3022,5,1,0.22
P16927,MA_ROTA,E3022,5,1,0.35
P16928,MA_ROTA,E3022,5,1,0.34
P16929,PN_PIQ,E3023,6,1,2.01
P16930,PN_PIQ,E3024,6,1,0.25
P16931,AG,E3025,5,1,1.42
P16932,MA_ROTA,E3026,2,2,1.78
P16933,MA_ROTA,E3026,3,2,1.0
P16934,MA_ROTA,E3026,2,2,0.36
P16935,PN_PIQ,E3027,4,1,0.12
P16936,PN_PIQ,E3027,4,1,0.54
P16937,PN_PIQ,E3027,4,1,0.04
P16938,PN_PIQ,E3028,1,2,0.06
P16939,PN_PIQ,E3028,1,2,0.16
P16940,PN_PIQ,E3028,1,2,0.3
P16942,PN_PIQ,E3028,1,2,0.17
P16943,PN_PIQ,E3029,7,3,1.53
P16944,PN_PIQ,E3029,7,3,0.74
P16945,PN_PIQ,E3029,7,3,0.46
P16946,PN_PIQ,E3030,4,1,1.05
P16947,PN_PIQ,E3030,4,1,2.19
P16948,PN_PIQ,E3031,4,1,0.94
P16949,PN_PIQ,E3031,4,1,0.21
P16950,PN_PIQ,E3032,4,1,1.13
P16951,MA_ROTA,E3032,4,1,2.71
P16952,PN_PIQ,E3032,4,1,0.36
P16954,MA_ROTA,E3032,4,1,0.41
P16957,MA_ROTA,E3032,4,1,0.84
P16958,MA_ROTA,E3032,4,1,0.35
P16959,PN_PIQ,E3032,4,1,0.56
P16960,MA_ROTA,E3032,4,1,0.52
P16961,MA_ROTA,E3032,4,1,0.25
P16962,PN_PIQ,E3032,4,1,0.18
P16963,MA_ROTA,E3032,4,1,2.19
P16965,PN_PIQ,E3033,3,2,0.75
P16966,PN_PIQ,E3033,3,2,0.28
P16968,PN_PIQ,E3034,4,1,0.43
P16969,PN_PIQ,E3035,2,2,0.98
P16970,MA_ROTA,E3035,2,2,2.06
P16971,TH,E3036,6,1,1.0
P16972,AN_PA,E3037,5,1,0.87
P16973,AN_PA,E3037,5,1,1.67
P16974,AG,E3037,5,1,3.25
P16975,MA_ROTA,E3037,5,1,2.05
P16976,MA_ROTA,E3037,5,1,1.92
P16977,AG,E3037,5,1,1.78
P16978,MA_ROTA,E3037,5,1,0.28
P16979,AN_PA,E3037,5,1,0.34
P16980,AN_PA,E3037,5,1,0.37
P16981,AN_PA,E3037,5,1,1.38
P16982,AN_PA,E3037,5,1,1.08
P16983,AN_PA,E3037,5,1,0.49
P16984,AN_PA,E3037,5,1,0.46
P16985,AN_PA,E3037,5,1,0.63
P16986,AN_PA,E3037,5,1,0.31
P16987,AN_PA,E3037,5,1,0.85
P16988,AN_PA,E3037,5,1,0.98
P16989,PN_PIQ,E3038,2,2,0.68
P16990,PN_PIQ,E3038,2,2,1.02
P16991,PN_PIQ,E3038,2,2,0.66
P16992,PN_PIQ,E3038,2,2,0.01
P16993,PN_PIQ,E3038,2,2,1.49
P16994,PN_PIQ,E3039,1,2,0.73
P16995,PN_PIQ,E3039,2,2,0.28
P16996,PN_PIQ,E3039,2,2,1.56
P16997,PN_PIQ,E3040,2,2,0.46
P16998,MA_ROTA,E3040,2,2,0.47
P16999,MA_ROTA,E3040,2,2,0.16
P17000,PN_PIQ,E3040,2,2,2.24
P17001,MA_ROTA,E3040,2,2,0.25
P17002,MA_ROTA,E3040,2,2,0.62
P17003,MA_ROTA,E3040,2,2,0.55
P17004,MA_ROTA,E3040,2,2,0.56
P17005,PN_PIQ,E3041,2,2,0.68
P17006,PN_PIQ,E3041,2,2,0.12
P17007,PN_PIQ,E3041,2,2,0.9
P17008,PN_PIQ,E3041,2,2,1.26
P17009,MA_ROTA,E3042,2,2,0.1
P17010,PN_PIQ,E3042,2,2,0.11
P17011,MA_ROTA,E3043,2,2,0.8
P17012,MA_ROTA,E3043,2,2,1.09
P17013,MA_ROTA,E3044,2,2,0.62
P17015,PN_PIQ,E3044,2,2,2.12
P17016,MA_ROTA,E3044,2,2,0.6
P17017,PN_PIQ,E3045,7,3,0.68
P17018,PN_PIQ,E3045,7,3,0.6
P17019,PN_PIQ,E3046,7,3,0.66
P17020,PN_PIQ,E3046,7,3,0.43
P17021,PN_PIQ,E3046,7,3,0.19
P17022,PN_PIQ,E3046,7,3,0.23
P17023,PN_PIQ,E3046,7,3,0.18
P17024,PN_PIQ,E3046,7,3,0.28
P17025,PN_PIQ,E3047,4,1,1.02
P17026,PN_PIQ,E3047,4,1,0.91
P17027,PN_PIQ,E3048,2,2,1.97
P17028,PN_PIQ,E3049,2,2,0.69
P17029,MA_ROTA,E3049,2,2,1.11
P17030,MA_ROTA,E3049,2,2,0.5
P17031,PN_PIQ,E3049,2,2,0.87
P17032,MA_ROTA,E3049,2,2,0.41
P17033,MA_ROTA,E3049,2,2,0.67
P17034,MA_ROTA,E3050,2,2,0.35
P17035,MA_ROTA,E3050,2,2,0.68
P17036,MA_ROTA,E3050,2,2,0.43
P17037,PN_PIQ,E3051,2,2,0.61
P17038,MA_ROTA,E3051,2,2,0.26
P17039,PN_PIQ,E3051,2,2,1.13
P17040,MA_ROTA,E3051,2,2,0.51
P17041,MA_ROTA,E3051,2,2,0.38
P17042,PN_PIQ,E3051,2,2,0.32
P17043,MA_ROTA,E3051,2,2,0.48
P17044,MA_ROTA,E3051,2,2,0.38
P17045,PN_PIQ,E3052,2,2,0.21
P17046,PN_PIQ,E3053,1,2,0.33
P17047,PN_PIQ,E3053,1,2,0.49
P17048,PN_PIQ,E3053,1,2,0.27
P17049,PN_PIQ,E3054,2,2,0.37
P17050,MA_ROTA,E3054,2,2,0.37
P17051,MA_ROTA,E3054,2,2,1.24
P17052,PN_PIQ,E3054,2,2,0.46
P17053,MA_ROTA,E3054,2,2,1.39
P17054,MA_ROTA,E3055,2,2,1.15
P17055,MA_ROTA,E3055,2,2,1.26
P17056,MA_ROTA,E3055,2,2,0.19
P17057,PN_PIQ,E3056,3,2,0.96
P17058,MA_ROTA,E3057,3,2,0.3
P17059,PN_PIQ,E3057,3,2,0.43
P17060,MA_ROTA,E3057,3,2,2.0
P17061,PN_PIQ,E3057,2,2,1.28
P17062,MA_ROTA,E3057,2,2,1.38
P17063,MA_ROTA,E3057,3,2,0.78
P17064,MA_ROTA,E3058,2,2,0.37
P17065,MA_ROTA,E3059,2,2,0.3
P17066,MA_ROTA,E3059,2,2,0.25
P17067,MA_ROTA,E3059,2,2,0.28
P17068,MA_ROTA,E3059,2,2,0.26
P17069,MA_ROTA,E3059,2,2,0.31
P17070,MA_ROTA,E3059,2,2,0.03
P17071,PN_PIQ,E3060,7,3,0.54
P17073,MA_ROTA,E3061,2,2,0.96
P17074,PN_PIQ,E3061,2,2,0.58
P17075,MA_ROTA,E3062,2,2,2.48
P17076,MA_ROTA,E3062,2,2,0.6
P17077,PN_PIQ,E3062,2,2,0.19
P17078,PN_PIQ,E3063,7,3,0.31
P17079,PN_PIQ,E3064,7,3,0.44
P17080,PN_PIQ,E3064,7,3,0.23
P17081,PN_PIQ,E3064,7,3,0.37
P17082,PN_PIQ,E3064,7,3,0.77
P17083,PN_PIQ,E3064,7,3,0.89
P17084,PN_PIQ,E3064,7,3,0.47
P17085,PN_PIQ,E3065,4,1,0.27
P17086,MA_ROTA,E3065,4,1,0.34
P17087,PN_PIQ,E3065,4,1,0.36
P17088,PN_PIQ,E3065,4,1,0.44
P17089,PN_PIQ,E3066,4,1,1.66
P17090,PN_PIQ,E3066,4,1,1.61
P17091,PN_PIQ,E3067,4,1,2.27
P17092,PN_PIQ,E3067,4,1,1.4
P17093,PN_PIQ,E3067,4,1,0.27
P17094,PN_PIQ,E3067,4,1,0.36
P17095,PN_PIQ,E3067,4,1,0.28
P17096,PN_PIQ,E3067,4,1,2.37
P17097,PN_PIQ,E3067,4,1,1.13
P17098,MA_ROTA,E3067,4,1,0.11
P17099,MA_ROTA,E3067,4,1,0.74
P17103,MA_ROTA,E3067,4,1,0.34
P17104,PN_PIQ,E3068,1,2,2.27
P17105,MA_ROTA,E3068,1,2,0.72
P17106,MA_ROTA,E3068,1,2,0.91
P17107,MA_ROTA,E3068,1,2,0.43
P17108,PN_PIQ,E3068,1,2,1.34
P17109,MA_ROTA,E3068,1,2,0.31
P17110,MA_ROTA,E3068,1,2,0.55
P17111,MA_ROTA,E3068,1,2,0.5
P17112,MA_ROTA,E3068,1,2,0.21
P17113,PN_PIQ,E3068,1,2,0.16
P17114,PN_PIQ,E3068,1,2,0.22
P17116,MA_ROTA,E3068,1,2,0.24
P17117,PN_PIQ,E3068,1,2,4.13
P17118,MA_ROTA,E3069,2,2,0.24
P17119,PN_PIQ,E3069,2,2,0.06
P17120,PN_PIQ,E3069,2,2,0.04
P17121,MA_ROTA,E3070,2,2,0.89
P17122,MA_ROTA,E3070,2,2,0.53
P17123,MA_ROTA,E3070,2,2,0.39
P17124,PN_PIQ,E3070,2,2,0.14
P17125,PN_PIQ,E3070,2,2,0.27
P17126,MA_ROTA,E3070,2,2,2.48
P17127,PN_PIQ,E3070,2,2,0.23
P17128,MA_ROTA,E3070,2,2,0.82
P17129,PN_PIQ,E3071,2,2,0.72
P17130,PN_PIQ,E3071,2,2,0.15
P17131,PN_PIQ,E3071,2,2,0.05
P17132,PN_PIQ,E3071,2,2,0.43
P17133,MA_ROTA,E3072,2,2,0.55
P17134,MA_ROTA,E3072,2,2,0.3
P17135,MA_ROTA,E3072,2,2,0.47
P17136,PN_PIQ,E3073,3,2,2.12
P17137,MA_ROTA,E3074,2,2,3.58
P17138,MA_ROTA,E3074,2,2,4.27
P17139,MA_ROTA,E3075,2,2,3.58
P17140,MA_ROTA,E3075,2,2,2.35
P17141,MA_ROTA,E3076,2,2,2.89
P17142,MA_ROTA,E3076,2,2,0.95
P17143,MA_ROTA,E3077,2,2,1.71
P17144,PN_PIQ,E3077,2,2,0.64
P17145,MA_ROTA,E3077,2,2,0.11
P17146,PN_PIQ,E3077,2,2,2.33
P17147,PN_PIQ,E3077,2,2,0.13
P17148,PN_PIQ,E3077,2,2,0.69
P17149,PN_PIQ,E3077,2,2,0.39
P17150,PN_PIQ,E3077,2,2,1.76
P17151,PN_PIQ,E3077,2,2,0.32
P17152,PN_PIQ,E3077,2,2,0.3
P17153,PN_PIQ,E3078,2,2,0.8
P17154,PN_PIQ,E3078,2,2,0.18
P17155,PN_PIQ,E3078,2,2,0.12
P17156,PN_PIQ,E3079,7,3,0.74
P17157,PN_PIQ,E3079,7,3,0.73
P17158,PN_PIQ,E3079,7,3,3.07
P17159,PN_PIQ,E3079,7,3,0.2
P17160,ME,E3080,2,2,0.59
P17161,MA_ROTA,E3080,2,2,0.19
P17162,MA_ROTA,E3080,2,2,0.38
P17163,MA_ROTA,E3080,2,2,0.24
P17164,PN_PIQ,E3080,2,2,0.28
P17165,MA_ROTA,E3080,2,2,1.08
P17166,MA_ROTA,E3080,3,2,1.53
P17167,MA_ROTA,E3080,3,2,6.16
P17168,PN_PIQ,E3081,7,3,0.58
P17169,PN_PIQ,E3081,7,3,0.68
P17170,PN_PIQ,E3082,7,3,0.51
P17171,PN_PIQ,E3082,7,3,1.35
P17172,PN_PIQ,E3083,7,3,0.75
P17173,MA_ROTA,E3084,2,2,5.1
P17174,MA_ROTA,E3084,2,2,1.24
P17175,PN_PIQ,E3084,2,2,1.07
P17176,MA_ROTA,E3084,2,2,0.93
P17177,MA_ROTA,E3085,1,2,1.89
P17178,MA_ROTA,E3085,1,2,3.65
P17179,MA_ROTA,E3085,1,2,0.21
P17180,MA_ROTA,E3085,1,2,1.71
P17181,PN_PIQ,E3086,7,3,0.38
P17182,PN_PIQ,E3086,7,3,0.24
P17183,PN_PIQ,E3086,7,3,0.17
P17184,PN_PIQ,E3086,7,3,0.73
P17185,PN_PIQ,E3086,7,3,0.16
P17186,PN_PIQ,E3086,7,3,0.47
P17187,PN_PIQ,E3087,7,3,0.35
P17188,PN_PIQ,E3087,7,3,0.26
P17189,PN_PIQ,E3087,7,3,0.41
P17190,PN_PIQ,E3087,7,3,0.09
P17191,PN_PIQ,E3087,7,3,0.14
P17192,PN_PIQ,E3087,7,3,0.59
P17193,PN_PIQ,E3087,7,3,0.57
P17194,PN_PIQ,E3087,7,3,0.44
P17195,PN_PIQ,E3087,7,3,0.39
P17196,PN_PIQ,E3087,7,3,0.24
P17197,PN_PIQ,E3087,7,3,0.25
P17198,PN_PIQ,E3087,7,3,0.26
P17199,PN_PIQ,E3087,7,3,1.89
P17200,PN_PIQ,E3087,7,3,0.07
P17201,PN_PIQ,E3087,7,3,0.27
P17202,PN_PIQ,E3087,7,3,0.08
P17203,PN_PIQ,E3088,7,3,0.45
P17204,PN_PIQ,E3089,7,3,0.66
P17205,PN_PIQ,E3089,7,3,0.48
P17206,PN_PIQ,E3090,7,3,0.15
P17207,PN_PIQ,E3090,7,3,1.02
P17208,PN_PIQ,E3091,7,3,0.8
P17209,PN_PIQ,E3092,7,3,0.44
P17210,PN_PIQ,E3092,7,3,0.38
P17211,PN_PIQ,E3092,7,3,1.64
P17212,PN_PIQ,E3092,7,3,0.52
P17213,PN_PIQ,E3093,7,3,0.8
P17214,PN_PIQ,E3094,7,3,0.48
P17215,PN_PIQ,E3094,7,3,0.31
P17216,PN_PIQ,E3095,4,1,3.07
P17217,PN_PIQ,E3096,4,1,1.84
P17218,PN_PIQ,E3096,4,1,0.98
P17219,MA_ROTA,E3096,4,1,1.1
P17222,MA_ROTA,E3096,4,1,1.98
P17223,MA_ROTA,E3096,4,1,1.01
P17224,MA_ROTA,E3096,4,1,2.19
P17225,PN_PIQ,E3096,4,1,2.11
P17226,MA_ROTA,E3096,4,1,0.22
P17228,MA_ROTA,E3096,4,1,2.81
P17229,MA_ROTA,E3096,4,1,1.88
P17230,PN_PIQ,E3096,4,1,1.05
P17231,MA_ROTA,E3096,4,1,2.5
P17232,PN_PIQ,E3097,2,2,0.27
P17233,PN_PIQ,E3097,2,2,0.15
P17234,MA_ROTA,E3097,2,2,0.23
P17235,PN_PIQ,E3098,7,3,0.77
P17236,PN_PIQ,E3098,7,3,1.1
P17237,PN_PIQ,E3099,6,1,0.36
P17238,PN_PIQ,E3099,6,1,0.55
P17239,BC_BT,E3100,5,1,0.44
P17240,IG_PLA,E3100,5,1,0.34
P17241,AG,E3100,5,1,0.36
P17242,AN_PA,E3100,5,1,0.51
P17243,IG_PLA,E3100,5,1,0.42
P17244,PN_PIQ,E3101,2,2,0.39
P17245,PN_PIQ,E3101,2,2,0.56
P17246,PN_PIQ,E3101,2,2,1.07
P17247,MA_ROTA,E3101,2,2,0.52
P17248,MA_ROTA,E3101,2,2,0.22
P17249,PN_PIQ,E3102,4,1,1.54
P17250,PN_PIQ,E3102,4,1,0.43
P17251,PN_PIQ,E3102,4,1,0.77
P17252,PN_PIQ,E3102,4,1,0.08
P17253,MA_ROTA,E3103,2,2,1.08
P17254,PN_PIQ,E3103,2,2,1.38
P17255,PN_PIQ,E3103,2,2,0.87
P17256,PN_PIQ,E3104,2,2,0.79
P17257,PN_PIQ,E3104,2,2,0.12
P17258,PN_PIQ,E3105,2,2,0.77
P17259,PN_PIQ,E3106,7,3,0.96
P17260,PN_PIQ,E3106,7,3,2.14
P17261,PN_PIQ,E3106,7,3,1.09
P17262,PN_PIQ,E3106,7,3,0.25
P17263,PN_PIQ,E3107,7,3,0.66
P17264,PN_PIQ,E3107,7,3,0.05
P17265,PN_PIQ,E3107,7,3,0.03
P17266,PN_PIQ,E3108,4,1,1.22
P17267,PN_PIQ,E3108,4,1,0.36
P17268,PN_PIQ,E3108,4,1,0.15
P17269,BC_BT,E3108,4,1,0.53
P17270,IG_PLA,E3108,4,1,0.07
P17271,PN_PIQ,E3108,4,1,0.86
P17272,PN_PIQ,E3108,4,1,0.12
P17273,PN_PIQ,E3109,4,1,0.59
P17274,PN_PIQ,E3109,4,1,0.34
P17275,PN_PIQ,E3109,4,1,0.53
P17276,PN_PIQ,E3109,4,1,0.27
P17277,PN_PIQ,E3109,4,1,0.33
P17279,PN_PIQ,E3109,4,1,0.49
P17280,PN_PIQ,E3109,4,1,0.23
P17281,PN_PIQ,E3109,4,1,0.39
P17282,PN_PIQ,E3109,4,1,0.68
P17283,PN_PIQ,E3110,2,2,0.15
P17284,PN_PIQ,E3110,2,2,0.78
P17285,PN_PIQ,E3111,7,3,0.79
P17286,PN_PIQ,E3111,7,3,0.56
P17287,PN_PIQ,E3111,7,3,0.31
P17288,PN_PIQ,E3111,7,3,0.28
P17289,PN_PIQ,E3112,4,1,1.23
P17290,PN_PIQ,E3112,4,1,0.59
P17291,PN_PIQ,E3112,4,1,0.35
P17293,PN_PIQ,E3114,3,2,0.86
P17294,PN_PIQ,E3115,4,1,0.5
P17295,PN_PIQ,E3115,4,1,0.29
P17296,PN_PIQ,E3115,4,1,0.35
P17298,PN_PIQ,E3116,4,1,0.87
P17299,PN_PIQ,E3117,7,3,1.03
P17300,PN_PIQ,E3117,7,3,1.82
P17301,PN_PIQ,E3117,7,3,0.42
P17302,PN_PIQ,E3117,7,3,0.71
P17303,PN_PIQ,E3118,7,3,0.97
P17304,PN_PIQ,E3118,7,3,0.43
P17305,MA_ROTA,E3119,3,2,0.5
P17306,MA_ROTA,E3119,3,2,0.3
P17307,MA_ROTA,E3119,3,2,0.2
P17308,MA_ROTA,E3119,3,2,0.24
P17309,PN_PIQ,E3120,3,2,0.64
P17310,MA_ROTA,E3120,3,2,1.82
P17311,MA_ROTA,E3120,3,2,0.4
P17312,MA_ROTA,E3120,3,2,1.97
P17313,MA_ROTA,E3120,3,2,1.75
P17314,PN_PIQ,E3120,3,2,0.18
P17316,MA_ROTA,E3120,3,2,0.77
P17317,MA_ROTA,E3120,3,2,2.66
P17318,MA_ROTA,E3121,4,1,0.38
P17319,AG,E3121,4,1,0.82
P17320,BC_BT,E3121,4,1,0.39
P17321,MA_ROTA,E3121,4,1,0.32
P17323,MA_ROTA,E3121,4,1,1.04
P17324,MA_ROTA,E3121,4,1,0.84
P17325,MA_ROTA,E3121,4,1,1.07
P17326,IG_PLA,E3121,4,1,2.28
P17327,MA_ROTA,E3122,5,1,0.88
P17328,MA_ROTA,E3122,5,1,7.59
P17329,MA_ROTA,E3122,5,1,1.0
P17330,MA_ROTA,E3122,5,1,0.57
P17331,MA_ROTA,E3122,5,1,0.47
P17332,MA_ROTA,E3122,5,1,4.9
P17333,MA_ROTA,E3122,5,1,0.2
P17334,MA_ROTA,E3122,5,1,0.3
P17335,MA_ROTA,E3122,5,1,1.35
P17336,MA_ROTA,E3122,5,1,0.7
P17337,MA_ROTA,E3122,5,1,0.53
P17338,MA_ROTA,E3122,5,1,0.3
P17339,MA_ROTA,E3122,5,1,1.41
P17340,MA_ROTA,E3122,5,1,1.46
P17341,MA_ROTA,E3122,5,1,3.69
P17342,MA_ROTA,E3122,5,1,1.27
P17343,MA_ROTA,E3122,5,1,2.93
P17344,MA_ROTA,E3122,5,1,1.89
P17345,MA_ROTA,E3122,5,1,2.86
P17346,MA_ROTA,E3122,5,1,6.96
P17347,MA_ROTA,E3122,5,1,7.2
P17348,MA_ROTA,E3122,5,1,4.57
P17349,MA_ROTA,E3122,5,1,1.5
P17350,MA_ROTA,E3122,5,1,2.98
P17351,PN_PIQ,E3123,3,2,3.1
P17352,MA_ROTA,E3123,3,2,2.31
P17353,MA_ROTA,E3123,3,2,8.55
P17354,MA_ROTA,E3123,3,2,1.1
P17355,MA_ROTA,E3123,2,2,0.33
P17356,MA_ROTA,E3123,3,2,1.03
P17357,MA_ROTA,E3123,3,2,2.75
P17358,MA_ROTA,E3123,3,2,2.75
P17359,AN_PA,E3124,6,1,0.81
P17360,AN_PA,E3124,6,1,0.55
P17361,AN_PA,E3124,6,1,0.13
P17362,AG,E3124,6,1,0.3
P17363,IG_PLA,E3124,6,1,0.2
P17364,AG,E3124,6,1,0.41
P17365,AN_PA,E3124,6,1,0.83
P17366,MA_PAI_NON_NI,E3124,6,1,0.2
P17367,IG_PLA,E3124,6,1,0.22
P17368,AG,E3124,6,1,0.39
P17369,AN_PA,E3124,6,1,0.5
P17370,AN_PA,E3124,6,1,0.32
P17371,PN_PIQ,E3125,4,1,0.11
P17372,PN_PIQ,E3125,4,1,1.13
P17373,PN_PIQ,E3125,4,1,0.29
P17374,PN_PIQ,E3125,4,1,0.67
P17375,PN_PIQ,E3125,4,1,0.83
P17376,PN_PIQ,E3125,4,1,1.17
P17378,PN_PIQ,E3125,4,1,0.6
P17379,PN_PIQ,E3125,4,1,0.13
P17380,PN_PIQ,E3125,4,1,0.18
P17381,AN_PA,E3126,5,1,0.43
P17382,AG,E3126,5,1,1.0
P17383,AG,E3126,5,1,1.26
P17384,BC_BT,E3126,5,1,0.46
P17385,AG,E3126,5,1,0.85
P17386,AN_PA,E3126,5,1,0.12
P17387,PN_PIQ,E3127,1,2,7.52
P17388,MA_ROTA,E3128,5,1,2.11
P17389,MA_ROTA,E3128,5,1,0.89
P17390,MA_ROTA,E3128,5,1,1.75
P17391,MA_ROTA,E3128,5,1,2.23
P17392,MA_ROTA,E3128,5,1,1.44
P17393,MA_ROTA,E3128,5,1,1.42
P17394,MA_ROTA,E3128,5,1,1.09
P17395,MA_ROTA,E3128,5,1,1.11
P17396,MA_ROTA,E3128,5,1,0.88
P17397,MA_ROTA,E3128,5,1,1.7
P17398,MA_ROTA,E3128,5,1,0.35
P17399,MA_ROTA,E3128,5,1,2.28
P17400,MA_ROTA,E3128,5,1,0.6
P17401,MA_ROTA,E3128,5,1,1.98
P17402,MA_ROTA,E3128,5,1,0.83
P17403,MA_ROTA,E3128,5,1,0.87
P17404,MA_ROTA,E3128,5,1,0.76
P17405,MA_ROTA,E3128,5,1,3.31
P17406,MA_ROTA,E3128,5,1,1.49
P17407,MA_ROTA,E3128,5,1,0.12
P17408,MA_ROTA,E3128,5,1,0.2
P17409,MA_ROTA,E3128,5,1,1.21
P17410,MA_ROTA,E3128,5,1,1.52
P17411,PN_PIQ,E3129,6,1,3.9
P17412,MA_ROTA,E3130,2,2,0.68
P17413,MA_ROTA,E3130,2,2,1.02
P17414,PN_PIQ,E3130,2,2,0.48
P17415,PN_PIQ,E3131,4,1,0.3
P17416,PN_PIQ,E3131,4,1,0.31
P17417,PN_PIQ,E3131,4,1,0.36
P17418,PN_PIQ,E3131,4,1,0.33
P17419,PN_PIQ,E3131,4,1,0.18
P17420,PN_PIQ,E3131,4,1,0.26
P17421,PN_PIQ,E3131,4,1,0.13
P17422,PN_PIQ,E3131,4,1,0.12
P17423,MA_ROTA,E3132,2,2,0.93
P17424,MA_ROTA,E3132,2,2,0.31
P17425,PN_PIQ,E3133,4,1,1.62
P17426,MA_ROTA,E3134,3,2,0.19
P17427,PN_PIQ,E3135,7,3,0.23
P17428,PN_PIQ,E3136,7,3,1.08
P17430,PN_PIQ,E3136,7,3,0.2
P17431,PN_PIQ,E3136,7,3,0.94
P17432,PN_PIQ,E3137,7,3,0.86
P17433,PN_PIQ,E3137,7,3,0.7
P17434,PN_PIQ,E3137,7,3,0.74
P17435,PN_PIQ,E3137,7,3,0.71
P17436,PN_PIQ,E3137,7,3,0.44
P17437,PN_PIQ,E3137,7,3,0.65
P17438,PN_PIQ,E3138,7,3,0.3
P17439,PN_PIQ,E3138,7,3,0.28
P17441,PN_PIQ,E3138,7,3,0.22
P17443,PN_PIQ,E3139,4,1,0.4
P17444,PN_PIQ,E3139,4,1,0.64
P17445,PN_PIQ,E3139,4,1,0.32
P17446,PN_PIQ,E3139,4,1,1.09
P17447,MA_ROTA,E3140,1,2,0.96
P17448,MA_ROTA,E3140,1,2,4.38
P17449,PN_PIQ,E3141,6,1,0.56
P17450,AN_PA,E3141,6,1,0.12
P17451,PN_PIQ,E3141,6,1,0.36
P17452,MA_ROTA,E3142,3,2,1.7
P17453,MA_ROTA,E3142,3,2,1.14
P17454,MA_ROTA,E3142,3,2,2.17
P17455,MA_ROTA,E3142,3,2,0.37
P17456,MA_ROTA,E3142,3,2,0.1
P17457,MA_ROTA,E3142,3,2,1.0
P17458,MA_ROTA,E3143,1,2,1.32
P17459,MA_ROTA,E3143,1,2,0.19
P17460,PN_PIQ,E3143,1,2,1.06
P17461,MA_ROTA,E3143,1,2,0.5
P17462,PN_PIQ,E3143,1,2,0.64
P17463,MA_ROTA,E3144,5,1,0.08
P17464,AG,E3144,5,1,2.48
P17465,MA_ROTA,E3145,2,2,1.41
P17466,PN_PIQ,E3146,2,2,1.0
P17467,PN_PIQ,E3146,2,2,0.32
P17468,PN_PIQ,E3147,2,2,2.19
P17469,MA_ROTA,E3147,2,2,1.42
P17470,MA_ROTA,E3148,2,2,0.57
P17471,PN_PIQ,E3148,2,2,2.46
P17472,PN_PIQ,E3148,2,2,1.09
P17473,PN_PIQ,E3148,2,2,0.68
P17474,MA_ROTA,E3148,2,2,0.8
P17475,MA_ROTA,E3148,2,2,0.77
P17476,MA_ROTA,E3149,1,2,0.4
P17477,MA_ROTA,E3149,1,2,3.99
P17478,MA_ROTA,E3149,1,2,0.99
P17479,MA_ROTA,E3149,1,2,1.03
P17480,PN_PIQ,E3149,1,2,1.09
P17481,MA_ROTA,E3149,1,2,2.05
P17482,MA_ROTA,E3150,2,2,1.16
P17483,PN_PIQ,E3150,2,2,0.83
P17484,MA_ROTA,E3150,2,2,0.4
P17485,PN_PIQ,E3151,1,2,0.19
P17486,MA_ROTA,E3152,2,2,1.99
P17487,MA_ROTA,E3152,2,2,0.65
P17488,PN_PIQ,E3152,2,2,1.83
P17489,MA_ROTA,E3152,2,2,0.49
P17490,MA_ROTA,E3153,2,2,1.1
P17491,PN_PIQ,E3154,6,1,0.19
P17492,PN_PIQ,E3154,6,1,3.59
P17493,MA_ROTA,E3155,2,2,0.22
P17494,MA_ROTA,E3155,2,2,0.27
P17495,PN_PIQ,E3155,2,2,1.06
P17496,MA_ROTA,E3155,2,2,0.35
P17497,PN_PIQ,E3156,2,2,0.15
P17498,PN_PIQ,E3157,4,1,1.35
P17499,PN_PIQ,E3158,7,3,0.76
P17500,PN_PIQ,E3158,7,3,0.7
P17501,PN_PIQ,E3158,7,3,1.15
P17502,MA_ROTA,E3159,1,2,1.03
P17503,MA_ROTA,E3159,1,2,0.43
P17504,MA_ROTA,E3160,2,2,0.71
P17505,MA_ROTA,E3160,2,2,2.77
P17506,MA_ROTA,E3160,2,2,0.13
P17507,PN_PIQ,E3160,2,2,0.29
P17508,PN_PIQ,E3161,7,3,0.7
P17509,PN_PIQ,E3161,7,3,0.34
P17510,PN_PIQ,E3161,7,3,0.45
P17511,PN_PIQ,E3161,7,3,0.88
P17512,PN_PIQ,E3161,7,3,0.5
P17513,PN_PIQ,E3161,7,3,0.75
P17514,PN_PIQ,E3161,7,3,0.32
P17515,PN_PIQ,E3162,7,3,0.33
P17516,PN_PIQ,E3163,7,3,0.08
P17517,PN_PIQ,E3163,7,3,0.37
P17518,MA_ROTA,E3164,2,2,0.94
P17519,ME,E3164,2,2,0.76
P17520,MA_ROTA,E3164,2,2,1.72
P17521,MA_ROTA,E3164,2,2,0.41
P17522,MA_ROTA,E3165,3,2,0.33
P17523,PN_PIQ,E3165,3,2,0.29
P17524,PN_PIQ,E3165,3,2,1.05
P17525,MA_ROTA,E3165,3,2,0.72
P17526,MA_ROTA,E3165,3,2,0.35
P17527,MA_ROTA,E3165,3,2,0.13
P17528,PN_PIQ,E3166,2,2,0.11
P17529,PN_PIQ,E3166,2,2,0.36
P17530,PN_PIQ,E3166,2,2,0.42
P17531,PN_PIQ,E3166,2,2,0.66
P17532,PN_PIQ,E3167,3,2,2.42
P17533,TH,E3168,6,1,2.05
P17534,TH,E3168,6,1,1.65
P17535,TH,E3168,6,1,0.75
P17536,AN_PA,E3168,6,1,1.04
P17537,TH,E3168,6,1,0.53
P17538,AN_PA,E3168,6,1,1.03
P17539,PN_PIQ,E3168,6,1,8.59
P17540,PN_PIQ,E3168,6,1,0.2
P17541,PN_PIQ,E3168,6,1,1.04
P17542,PN_PIQ,E3168,6,1,1.83
P17543,PN_PIQ,E3168,6,1,0.87
P17544,PN_PIQ,E3168,6,1,22.43
P17545,TH,E3168,6,1,4.38
P17546,AN_PA,E3168,6,1,10.07
P17548,AN_PA,E3168,6,1,1.56
P17549,TH,E3168,6,1,1.28
P17550,TH,E3168,6,1,5.83
P17551,TH,E3168,6,1,7.06
P17554,TH,E3168,6,1,6.7
P17555,MA_ROTA,E3169,3,2,2.02
P17556,ME,E3169,2,2,1.19
P17557,MA_ROTA,E3169,2,2,3.94
P17558,PN_PIQ,E3170,1,2,0.13
P17559,PN_PIQ,E3170,1,2,1.24
P17560,PN_PIQ,E3170,1,2,0.48
P17561,PN_PIQ,E3170,1,2,0.18
P17562,PN_PIQ,E3170,1,2,0.22
P17563,PN_PIQ,E3171,2,2,1.44
P17564,MA_ROTA,E3172,5,1,1.7
P17565,MA_ROTA,E3172,5,1,1.51
P17566,MA_ROTA,E3172,5,1,0.4
P17567,MA_ROTA,E3172,5,1,1.23
P17568,MA_ROTA,E3172,5,1,0.71
P17569,MA_ROTA,E3172,5,1,0.67
P17570,MA_ROTA,E3172,5,1,1.2
P17571,MA_ROTA,E3172,5,1,0.7
P17572,MA_ROTA,E3172,5,1,0.47
P17573,MA_ROTA,E3172,5,1,1.39
P17574,MA_ROTA,E3172,5,1,0.6
P17575,MA_ROTA,E3172,5,1,0.18
P17576,MA_ROTA,E3172,5,1,0.17
P17577,MA_ROTA,E3172,5,1,0.93
P17578,MA_ROTA,E3172,5,1,0.21
P17579,MA_ROTA,E3172,5,1,1.71
P17580,MA_ROTA,E3172,5,1,1.24
P17581,MA_ROTA,E3172,5,1,2.39
P17582,MA_ROTA,E3172,5,1,0.36
P17583,MA_ROTA,E3172,5,1,0.9
P17584,MA_ROTA,E3172,5,1,0.57
P17585,MA_ROTA,E3172,5,1,0.24
P17586,MA_ROTA,E3172,5,1,0.38
P17587,MA_ROTA,E3172,5,1,0.1
P17588,MA_ROTA,E3172,5,1,1.88
P17589,MA_ROTA,E3172,5,1,0.55
P17590,MA_ROTA,E3172,5,1,0.56
P17591,MA_ROTA,E3172,5,1,0.2
P17592,MA_ROTA,E3172,5,1,0.34
P17593,MA_ROTA,E3172,5,1,0.22
P17594,MA_ROTA,E3172,5,1,0.49
P17595,MA_ROTA,E3172,5,1,8.97
P17596,MA_ROTA,E3172,5,1,0.71
P17597,MA_ROTA,E3172,5,1,0.89
P17598,MA_ROTA,E3172,5,1,0.68
P17599,MA_ROTA,E3172,5,1,0.56
P17600,MA_ROTA,E3172,5,1,1.24
P17601,MA_ROTA,E3172,5,1,0.78
P17602,MA_ROTA,E3172,5,1,0.99
P17603,MA_ROTA,E3172,5,1,0.73
P17604,PN_PIQ,E3173,1,2,1.18
P17605,MA_ROTA,E3174,1,2,1.65
P17606,PN_PIQ,E3174,1,2,2.14
P17607,PN_PIQ,E3174,1,2,1.15
P17608,PN_PIQ,E3175,7,3,0.11
P17609,PN_PIQ,E3175,7,3,0.17
P17611,PN_PIQ,E3175,7,3,0.43
P17612,PN_PIQ,E3175,7,3,0.29
P17613,PN_PIQ,E3175,7,3,0.3
P17614,PN_PIQ,E3176,4,1,2.74
P17615,MA_ROTA,E3177,2,2,1.17
P17618,MA_ROTA,E3177,2,2,0.89
P17619,MA_ROTA,E3177,2,2,1.51
P17620,PN_PIQ,E3178,7,3,0.72
P17621,PN_PIQ,E3178,7,3,0.21
P17622,PN_PIQ,E3179,7,3,0.96
P17623,PN_PIQ,E3180,7,3,0.14
P17624,PN_PIQ,E3181,7,3,0.44
P17625,PN_PIQ,E3181,7,3,0.58
P17626,PN_PIQ,E3182,7,3,0.56
P17627,PN_PIQ,E3183,7,3,0.44
P17628,PN_PIQ,E3184,7,3,0.79
P17629,MA_ROTA,E3185,2,2,1.76
P17630,PN_PIQ,E3186,7,3,0.28
P17631,PN_PIQ,E3186,7,3,0.18
P17632,PN_PIQ,E3186,7,3,0.23
P17633,PN_PIQ,E3186,7,3,0.38
P17634,PN_PIQ,E3186,7,3,0.49
P17635,PN_PIQ,E3186,7,3,0.29
P17636,PN_PIQ,E3186,7,3,0.2
P17637,PN_PIQ,E3186,7,3,0.52
P17638,PN_PIQ,E3186,7,3,0.28
P17639,PN_PIQ,E3187,7,3,1.52
P17640,PN_PIQ,E3187,7,3,1.24
P17641,PN_PIQ,E3187,7,3,0.62
P17642,PN_PIQ,E3187,7,3,1.7
P17643,PN_PIQ,E3187,7,3,1.31
P17644,PN_PIQ,E3187,7,3,0.85
P17645,PN_PIQ,E3188,7,3,0.62
P17646,PN_PIQ,E3188,7,3,1.11
P17647,PN_PIQ,E3188,7,3,0.41
P17648,PN_PIQ,E3188,7,3,0.29
P17649,PN_PIQ,E3188,7,3,0.19
P17650,PN_PIQ,E3189,7,3,1.12
P17651,PN_PIQ,E3189,7,3,0.76
P17652,PN_PIQ,E3189,7,3,1.53
P17653,PN_PIQ,E3190,7,3,0.12
P17654,PN_PIQ,E3190,7,3,0.56
P17655,PN_PIQ,E3191,7,3,0.72
P17656,PN_PIQ,E3191,7,3,0.23
P17657,PN_PIQ,E3191,7,3,0.05
P17658,PN_PIQ,E3191,7,3,0.06
P17659,PN_PIQ,E3191,7,3,0.12
P17660,PN_PIQ,E3191,7,3,0.58
P17661,PN_PIQ,E3191,7,3,0.24
P17662,PN_PIQ,E3191,7,3,0.3
P17663,PN_PIQ,E3191,7,3,0.19
P17664,PN_PIQ,E3192,7,3,0.28
P17665,PN_PIQ,E3193,7,3,2.17
P17666,PN_PIQ,E3193,7,3,0.87
P17667,PN_PIQ,E3193,7,3,1.31
P17668,PN_PIQ,E3193,7,3,0.42
P17669,PN_PIQ,E3193,7,3,1.01
P17670,PN_PIQ,E3193,7,3,0.27
P17671,PN_PIQ,E3193,7,3,0.38
P17672,PN_PIQ,E3193,7,3,0.59
P17673,PN_PIQ,E3194,3,2,0.55
P17674,PN_PIQ,E3194,3,2,0.67
P17675,PN_PIQ,E3194,3,2,0.19
P17677,PN_PIQ,E3194,3,2,0.05
P17678,PN_PIQ,E3195,3,2,0.14
P17679,PN_PIQ,E3195,3,2,0.29
P17680,MA_ROTA,E3195,3,2,2.09
P17681,MA_ROTA,E3195,3,2,0.84
P17682,MA_ROTA,E3195,3,2,0.89
P17684,MA_ROTA,E3195,3,2,0.21
P17685,PN_PIQ,E3195,3,2,0.69
P17686,MA_ROTA,E3195,3,2,2.54
P17687,MA_ROTA,E3195,3,2,0.07
P17692,PN_PIQ,E3197,3,2,1.77
P17693,MA_ROTA,E3197,3,2,2.52
P17694,MA_ROTA,E3197,3,2,2.53
P17695,MA_ROTA,E3197,3,2,0.99
P17696,MA_ROTA,E3197,3,2,4.03
P17697,PN_PIQ,E3198,2,2,2.25
P17698,MA_ROTA,E3198,2,2,1.24
P17699,MA_ROTA,E3198,2,2,1.31
P17700,MA_ROTA,E3198,2,2,2.08
P17701,PN_PIQ,E3199,3,2,0.14
P17702,PN_PIQ,E3199,3,2,1.03
P17703,PN_PIQ,E3199,3,2,0.81
P17704,PN_PIQ,E3199,3,2,0.36
P17705,PN_PIQ,E3200,7,3,0.58
P17706,PN_PIQ,E3200,7,3,0.99
P17707,AN_PA,E3201,5,1,5.15
P17708,IG_PLA,E3201,5,1,1.59
P17709,AN_PA,E3201,5,1,2.22
P17710,BC_BT,E3201,5,1,1.05
P17711,AN_PA,E3201,5,1,4.42
P17712,AN_PA,E3201,5,1,4.41
P17713,AN_PA,E3201,5,1,4.83
P17714,TH,E3201,5,1,1.18
P17715,TH,E3201,5,1,1.38
P17716,TH,E3201,5,1,2.84
P17717,TH,E3201,5,1,4.43
P17718,AN_PA,E3201,5,1,2.37
P17719,AG,E3201,5,1,0.75
P17721,AN_PA,E3201,5,1,1.65
P17722,BC_BT,E3201,5,1,0.79
P17723,AG,E3201,5,1,0.73
P17724,IG_PLA,E3201,5,1,1.76
P17725,AN_PA,E3201,5,1,3.0
P17726,AN_PA,E3201,5,1,1.77
P17727,AN_PA,E3201,5,1,0.11
P17728,AG,E3201,5,1,0.8
P17729,AN_PA,E3201,5,1,1.99
P17730,AN_PA,E3201,5,1,2.28
P17731,AN_PA,E3201,5,1,2.2
P17732,AN_PA,E3201,5,1,1.91
P17734,AN_PA,E3201,5,1,1.53
P17735,AN_PA,E3201,5,1,0.76
P17736,AN_PA,E3201,5,1,0.72
P17737,AN_PA,E3201,5,1,1.8
P17738,AG,E3201,5,1,0.51
P17739,AN_PA,E3201,5,1,1.91
P17740,AN_PA,E3201,5,1,2.87
P17742,AN_PA,E3201,5,1,5.38
P17743,AN_PA,E3201,5,1,3.5
P17744,AN_PA,E3201,5,1,4.03
P17745,PN_PIQ,E3202,4,1,1.24
P17746,PN_PIQ,E3202,4,1,1.84
P17747,PN_PIQ,E3202,4,1,0.36
P17748,PN_PIQ,E3202,4,1,0.36
P17750,PN_PIQ,E3202,4,1,0.51
P17751,PN_PIQ,E3203,7,3,0.24
P17752,PN_PIQ,E3204,4,1,2.29
P17753,PN_PIQ,E3204,4,1,0.84
P17754,PN_PIQ,E3204,4,1,0.12
P17755,PN_PIQ,E3204,4,1,0.17
P17756,MA_ROTA,E3205,4,1,0.04
P17757,PN_PIQ,E3205,4,1,0.29
P17758,PN_PIQ,E3205,4,1,0.09
P17759,MA_ROTA,E3205,5,1,1.04
P17760,MA_ROTA,E3205,4,1,0.1
P17761,PN_PIQ,E3205,4,1,2.12
P17762,MA_ROTA,E3205,5,1,0.66
P17766,MA_ROTA,E3205,4,1,0.5
P17768,MA_ROTA,E3205,4,1,0.62
P17769,MA_ROTA,E3205,5,1,0.76
P17770,MA_ROTA,E3205,4,1,1.82
P17771,MA_ROTA,E3205,4,1,0.42
P17772,PN_PIQ,E3205,4,1,0.28
P17773,MA_ROTA,E3205,4,1,0.88
P17774,MA_ROTA,E3205,4,1,0.77
P17775,PN_PIQ,E3205,4,1,0.92
P17776,MA_ROTA,E3205,5,1,0.97
P17777,MA_ROTA,E3205,4,1,0.71
P17780,MA_ROTA,E3205,4,1,0.37
P17783,MA_ROTA,E3205,4,1,0.25
P17784,PN_PIQ,E3206,4,1,0.76
P17785,PN_PIQ,E3206,4,1,0.17
P17786,PN_PIQ,E3206,4,1,0.29
P17787,PN_PIQ,E3206,4,1,0.2
P17788,PN_PIQ,E3206,4,1,0.57
P17789,PN_PIQ,E3206,4,1,0.49
P17790,PN_PIQ,E3206,4,1,0.35
P17791,PN_PIQ,E3206,4,1,0.87
P17792,PN_PIQ,E3206,4,1,0.21
P17793,PN_PIQ,E3206,4,1,0.24
P17794,PN_PIQ,E3206,4,1,0.96
P17795,PN_PIQ,E3206,4,1,0.48
P17796,PN_PIQ,E3206,4,1,0.41
P17797,PN_PIQ,E3206,4,1,1.82
P17799,PN_PIQ,E3206,4,1,0.73
P17800,PN_PIQ,E3207,2,2,0.75
P17801,PN_PIQ,E3207,2,2,0.15
P17802,MA_ROTA,E3208,5,1,0.35
P17803,MA_ROTA,E3208,5,1,1.27
P17805,MA_ROTA,E3208,5,1,1.64
P17806,MA_ROTA,E3208,5,1,1.36
P17807,BC_BT,E3208,5,1,0.83
P17808,MA_ROTA,E3208,5,1,1.29
P17813,MA_ROTA,E3208,5,1,0.51
P17814,MA_ROTA,E3208,5,1,1.05
P17815,MA_ROTA,E3208,5,1,1.11
P17816,MA_ROTA,E3208,5,1,0.89
P17817,MA_ROTA,E3208,5,1,0.52
P17818,MA_ROTA,E3208,5,1,0.41
P17819,MA_ROTA,E3208,5,1,0.38
P17821,MA_ROTA,E3208,5,1,0.58
P17823,MA_ROTA,E3208,5,1,0.78
P17824,MA_ROTA,E3208,5,1,0.59
P17826,MA_ROTA,E3208,5,1,1.54
P17827,MA_ROTA,E3208,5,1,0.62
P17828,MA_ROTA,E3208,5,1,0.38
P17829,MA_ROTA,E3208,5,1,0.46
P17830,MA_ROTA,E3208,5,1,0.97
P17831,MA_ROTA,E3208,5,1,0.82
P17832,PN_PIQ,E3209,2,2,1.18
P17833,MA_ROTA,E3209,2,2,1.35
P17834,MA_ROTA,E3209,2,2,0.38
P17835,PN_PIQ,E3210,4,1,0.39
P17836,MA_ROTA,E3210,4,1,0.85
P17837,MA_ROTA,E3210,4,1,1.21
P17838,MA_ROTA,E3210,4,1,4.76
P17839,PN_PIQ,E3210,4,1,0.3
P17840,MA_ROTA,E3210,4,1,0.83
P17841,PN_PIQ,E3210,4,1,0.23
P17842,PN_PIQ,E3210,4,1,1.07
P17843,PN_PIQ,E3210,4,1,0.28
P17844,PN_PIQ,E3210,4,1,0.62
P17845,PN_PIQ,E3210,4,1,0.27
P17846,PN_PIQ,E3210,4,1,0.41
P17848,MA_ROTA,E3211,3,2,1.66
P17849,PN_PIQ,E3211,3,2,2.11
P17850,MA_ROTA,E3211,3,2,0.06
P17851,MA_ROTA,E3211,3,2,0.77
P17852,MA_ROTA,E3211,3,2,0.57
P17853,PN_PIQ,E3211,3,2,1.61
P17854,PN_PIQ,E3212,1,2,2.25
P17855,PN_PIQ,E3212,1,2,0.91
P17856,PN_PIQ,E3212,1,2,0.2
P17857,MA_ROTA,E3212,1,2,0.16
P17858,PN_PIQ,E3212,1,2,0.23
P17860,MA_ROTA,E3212,2,2,1.95
P17861,PN_PIQ,E3213,3,2,0.28
P17862,PN_PIQ,E3213,3,2,4.38
P17863,MA_ROTA,E3213,3,2,2.62
P17868,PN_PIQ,E3213,3,2,0.61
P17869,MA_ROTA,E3214,5,1,0.93
P17870,MA_ROTA,E3214,5,1,0.75
P17871,MA_ROTA,E3215,2,2,0.73
P17872,MA_ROTA,E3215,2,2,0.72
P17873,MA_ROTA,E3215,2,2,0.65
P17874,PN_PIQ,E3215,2,2,0.28
P17875,MA_ROTA,E3215,2,2,0.97
P17876,MA_ROTA,E3215,2,2,0.39
P17877,MA_ROTA,E3215,2,2,0.22
P17878,PN_PIQ,E3215,2,2,0.82
P17879,PN_PIQ,E3215,2,2,0.69
P17880,MA_ROTA,E3216,1,2,0.11
P17881,MA_ROTA,E3216,1,2,0.81
P17882,PN_PIQ,E3216,1,2,0.18
P17883,MA_ROTA,E3216,1,2,0.02
P17884,PN_PIQ,E3216,1,2,0.03
P17885,PN_PIQ,E3217,7,3,1.73
P17886,PN_PIQ,E3217,7,3,0.33
P17887,PN_PIQ,E3217,7,3,0.43
P17888,PN_PIQ,E3217,7,3,0.4
P17889,PN_PIQ,E3217,7,3,0.28
P17890,PN_PIQ,E3218,7,3,0.78
P17891,PN_PIQ,E3218,7,3,3.16
P17892,PN_PIQ,E3218,7,3,0.09
P17893,PN_PIQ,E3218,7,3,0.12
P17894,PN_PIQ,E3219,2,2,1.09
P17895,PN_PIQ,E3220,4,1,0.47
P17896,PN_PIQ,E3220,4,1,0.27
P17897,PN_PIQ,E3220,4,1,0.27
P17898,PN_PIQ,E3220,4,1,0.13
P17899,MA_ROTA,E3221,2,2,2.04
P17900,MA_ROTA,E3221,2,2,0.55
P17901,MA_ROTA,E3221,2,2,0.12
P17902,MA_ROTA,E3221,2,2,1.29
P17904,MA_ROTA,E3222,3,2,0.71
P17905,MA_ROTA,E3222,3,2,4.18
P17906,PN_PIQ,E3222,3,2,0.32
P17907,MA_ROTA,E3222,3,2,2.96
P17908,PN_PIQ,E3222,3,2,2.19
P17909,MA_ROTA,E3222,3,2,1.49
P17910,PN_PIQ,E3223,2,2,0.75
P17912,PN_PIQ,E3224,2,2,0.21
P17913,PN_PIQ,E3224,2,2,0.15
P17914,PN_PIQ,E3224,2,2,0.2
P17915,MA_ROTA,E3225,2,2,1.49
P17916,MA_ROTA,E3225,2,2,1.21
P17917,MA_ROTA,E3225,2,2,0.45
P17918,PN_PIQ,E3225,2,2,0.28
P17919,MA_ROTA,E3226,2,2,0.43
P17920,PN_PIQ,E3226,2,2,0.63
P17921,PN_PIQ,E3227,2,2,0.26
P17922,PN_PIQ,E3227,2,2,1.33
P17923,PN_PIQ,E3227,2,2,0.23
P17924,PN_PIQ,E3227,2,2,0.04
P17925,MA_ROTA,E3228,2,2,0.41
P17926,MA_ROTA,E3228,2,2,0.44
P17927,MA_ROTA,E3228,2,2,0.5
P17928,MA_ROTA,E3228,2,2,0.31
P17929,MA_ROTA,E3229,2,2,0.36
P17930,PN_PIQ,E3229,2,2,0.1
P17931,PN_PIQ,E3230,3,2,0.57
P17932,PN_PIQ,E3230,3,2,0.67
P17933,PN_PIQ,E3230,3,2,0.56
P17934,PN_PIQ,E3231,2,2,0.11
P17935,PN_PIQ,E3231,2,2,0.16
P17936,PN_PIQ,E3231,2,2,0.05
P17937,PN_PIQ,E3232,2,2,0.2
P17938,PN_PIQ,E3232,2,2,0.44
P17939,PN_PIQ,E3233,7,3,0.63
P17940,PN_PIQ,E3233,7,3,0.95
P17941,PN_PIQ,E3233,7,3,0.21
P17943,PN_PIQ,E3234,7,3,0.5
P17944,PN_PIQ,E3234,7,3,1.05
P17945,PN_PIQ,E3234,7,3,0.47
P17946,PN_PIQ,E3234,7,3,0.24
P17947,MA_ROTA,E3235,2,2,0.82
P17948,MA_ROTA,E3235,2,2,0.1
P17949,MA_ROTA,E3235,2,2,0.03
P17950,PN_PIQ,E3236,4,1,2.84
P17951,PN_PIQ,E3236,4,1,1.05
P17952,PN_PIQ,E3236,4,1,0.22
P17953,PN_PIQ,E3236,4,1,0.38
P17954,MA_ROTA,E3237,5,1,0.36
P17955,MA_ROTA,E3237,5,1,0.3
P17956,MA_ROTA,E3237,5,1,0.28
P17957,MA_ROTA,E3237,5,1,0.24
P17958,MA_ROTA,E3237,5,1,0.12
P17959,IG_PLA,E3237,5,1,0.67
P17960,MA_ROTA,E3237,5,1,0.28
P17961,MA_ROTA,E3237,5,1,0.32
P17962,MA_ROTA,E3237,5,1,0.35
P17963,MA_ROTA,E3237,5,1,0.36
P17964,MA_ROTA,E3237,5,1,0.27
P17965,MA_ROTA,E3237,5,1,0.26
P17966,MA_ROTA,E3237,5,1,0.26
P17967,MA_ROTA,E3237,5,1,0.2
P17968,MA_ROTA,E3237,5,1,0.22
P17969,MA_ROTA,E3237,5,1,0.21
P17970,MA_ROTA,E3237,5,1,0.15
P17971,AG,E3237,5,1,1.27
P17972,AN_PA,E3237,5,1,2.29
P17973,MA_ROTA,E3237,5,1,0.32
P17974,MA_ROTA,E3237,5,1,0.31
P17975,MA_ROTA,E3238,2,2,1.29
P17976,PN_PIQ,E3239,4,1,0.43
P17978,PN_PIQ,E3240,4,1,0.27
P17979,PN_PIQ,E3240,4,1,0.4
P17980,PN_PIQ,E3241,4,1,0.34
P17981,PN_PIQ,E3241,4,1,0.42
P17982,PN_PIQ,E3241,4,1,0.79
P17983,PN_PIQ,E3241,4,1,0.42
P17984,PN_PIQ,E3241,4,1,0.42
P17985,PN_PIQ,E3241,4,1,1.38
P17986,PN_PIQ,E3241,4,1,1.01
P17987,PN_PIQ,E3241,4,1,0.38
P17990,AN_PA,E3242,5,1,0.37
P17991,AN_PA,E3242,5,1,0.41
P17992,PN_PIQ,E3242,2,2,0.79
P17993,MA_ROTA,E3242,2,2,1.24
P17994,TH,E3243,5,1,0.96
P17995,TH,E3243,5,1,0.96
P17996,AN_PA,E3243,5,1,1.81
P17997,MA_ROTA,E3244,5,1,0.21
P17998,MA_ROTA,E3244,5,1,0.33
P17999,MA_ROTA,E3244,5,1,0.08
P18000,MA_ROTA,E3244,5,1,0.12
P18002,MA_ROTA,E3244,5,1,0.19
P18003,MA_ROTA,E3244,5,1,0.13
P18004,MA_ROTA,E3244,5,1,0.12
P18005,MA_ROTA,E3244,5,1,0.11
P18006,MA_ROTA,E3244,5,1,0.23
P18007,MA_ROTA,E3244,5,1,0.23
P18008,MA_ROTA,E3244,5,1,0.09
P18009,MA_ROTA,E3244,5,1,0.14
P18010,MA_ROTA,E3244,5,1,0.29
P18011,MA_ROTA,E3244,5,1,0.28
P18012,MA_ROTA,E3244,5,1,0.44
P18013,MA_ROTA,E3244,5,1,0.52
P18014,MA_ROTA,E3244,5,1,0.13
P18015,MA_ROTA,E3244,5,1,0.2
P18016,MA_ROTA,E3244,5,1,0.28
P18017,MA_ROTA,E3245,2,2,2.01
P18018,PN_PIQ,E3245,2,2,0.75
P18019,ME,E3246,1,2,2.31
P18020,AG,E3247,5,1,0.25
P18021,AG,E3247,5,1,0.18
P18022,AN_PA,E3247,5,1,0.6
P18023,PN_PIQ,E3248,2,2,5.01
P18024,MA_ROTA,E3249,1,2,0.4
P18025,MA_ROTA,E3249,1,2,0.17
P18026,MA_ROTA,E3250,2,2,1.2
P18027,PN_PIQ,E3250,2,2,1.84
P18028,PN_PIQ,E3250,4,1,2.86
P18029,PN_PIQ,E3250,4,1,0.21
P18030,PN_PIQ,E3250,4,1,0.4
P18031,PN_PIQ,E3251,7,3,0.2
P18032,PN_PIQ,E3251,7,3,0.57
P18033,PN_PIQ,E3252,7,3,0.73
P18034,PN_PIQ,E3252,7,3,0.34
P18035,PN_PIQ,E3252,7,3,0.26
P18036,PN_PIQ,E3252,7,3,0.12
P18037,PN_PIQ,E3252,7,3,0.48
P18038,PN_PIQ,E3253,6,1,0.29
P18039,MA_PAI_NON_NI,E3253,6,1,0.96
P18040,MA_ROTA,E3254,5,1,1.35
P18041,MA_ROTA,E3254,5,1,1.14
P18042,MA_ROTA,E3254,5,1,0.53
P18043,MA_ROTA,E3254,5,1,0.46
P18044,MA_ROTA,E3254,5,1,0.28
P18045,MA_ROTA,E3254,5,1,0.89
P18046,MA_ROTA,E3254,5,1,0.56
P18050,MA_ROTA,E3254,5,1,1.98
P18052,MA_ROTA,E3254,5,1,0.31
P18053,MA_ROTA,E3254,5,1,0.87
P18054,MA_ROTA,E3254,5,1,0.54
P18055,MA_ROTA,E3254,5,1,0.73
P18056,MA_ROTA,E3254,5,1,1.44
P18057,MA_ROTA,E3254,5,1,0.56
P18058,MA_ROTA,E3254,5,1,1.24
P18059,MA_ROTA,E3254,5,1,0.88
P18060,MA_ROTA,E3254,5,1,1.38
P18061,MA_ROTA,E3254,5,1,0.73
P18062,MA_ROTA,E3254,5,1,0.4
P18063,MA_ROTA,E3254,5,1,1.28
P18064,PN_PIQ,E3254,5,1,0.36
P18065,MA_ROTA,E3254,5,1,0.21
P18066,PN_PIQ,E3254,5,1,0.69
P18067,MA_ROTA,E3254,5,1,0.88
P18069,MA_ROTA,E3254,5,1,1.06
P18071,MA_ROTA,E3254,5,1,1.0
P18072,MA_ROTA,E3254,5,1,1.28
P18073,MA_ROTA,E3255,5,1,0.69
P18074,AN_PA,E3255,5,1,1.05
P18075,AN_PA,E3255,5,1,1.27
P18076,AN_PA,E3255,5,1,1.22
P18077,AN_PA,E3255,5,1,1.3
P18079,AN_PA,E3255,5,1,1.35
P18081,AN_PA,E3255,5,1,1.31
P18084,PN_PIQ,E3256,4,1,0.21
P18085,PN_PIQ,E3256,4,1,0.5
P18086,PN_PIQ,E3256,4,1,0.22
P18087,PN_PIQ,E3257,7,3,0.51
P18088,PN_PIQ,E3257,7,3,0.29
P18089,PN_PIQ,E3257,7,3,0.23
P18090,PN_PIQ,E3257,7,3,0.32
P18091,PN_PIQ,E3258,7,3,0.25
P18092,PN_PIQ,E3258,7,3,0.91
P18093,PN_PIQ,E3258,7,3,0.13
P18094,PN_PIQ,E3259,7,3,0.61
P18095,PN_PIQ,E3259,7,3,0.83
P18096,PN_PIQ,E3259,7,3,0.8
P18097,PN_PIQ,E3259,7,3,0.62
P18098,PN_PIQ,E3259,7,3,0.16
P18099,PN_PIQ,E3260,7,3,0.33
P18100,PN_PIQ,E3261,7,3,1.23
P18101,PN_PIQ,E3261,7,3,0.4
P18102,PN_PIQ,E3261,7,3,0.82
P18103,PN_PIQ,E3262,7,3,0.66
P18104,PN_PIQ,E3262,7,3,0.26
P18105,PN_PIQ,E3262,7,3,0.28
P18106,PN_PIQ,E3263,7,3,0.34
P18107,PN_PIQ,E3263,7,3,0.33
P18108,PN_PIQ,E3264,7,3,0.65
P18109,PN_PIQ,E3264,7,3,0.84
P18110,PN_PIQ,E3264,7,3,0.19
P18111,PN_PIQ,E3264,7,3,0.98
P18113,MA_ROTA,E3265,2,2,0.6
P18114,MA_ROTA,E3265,2,2,1.95
P18115,PN_PIQ,E3265,2,2,0.44
P18116,PN_PIQ,E3265,2,2,0.58
P18117,MA_ROTA,E3265,2,2,5.47
P18118,MA_ROTA,E3266,2,2,2.9
P18119,MA_ROTA,E3266,2,2,1.11
P18120,MA_ROTA,E3267,2,2,0.7
P18121,MA_ROTA,E3267,2,2,1.86
P18122,MA_ROTA,E3267,2,2,0.66
P18123,MA_ROTA,E3267,2,2,0.78
P18124,MA_ROTA,E3267,2,2,0.19
P18125,MA_ROTA,E3268,5,1,0.5
P18126,AN_PA,E3268,5,1,0.94
P18127,MA_ROTA,E3268,5,1,1.85
P18128,MA_ROTA,E3268,5,1,0.87
P18129,MA_ROTA,E3268,5,1,1.13
P18130,PN_PIQ,E3269,7,3,1.76
P18131,MA_ROTA,E3269,2,2,0.67
P18132,PN_PIQ,E3269,7,3,0.61
P18133,PN_PIQ,E3269,7,3,1.37
P18134,PN_PIQ,E3269,7,3,10.66
P18137,PN_PIQ,E3269,2,2,0.32
P18138,ME,E3269,2,2,1.04
P18142,PN_PIQ,E3269,2,2,0.58
P18143,PN_PIQ,E3269,7,3,0.59
P18144,PN_PIQ,E3269,7,3,0.41
P18145,MA_ROTA,E3270,2,2,1.25
P18146,PN_PIQ,E3271,2,2,0.52
P18147,MA_ROTA,E3272,3,2,0.8
P18148,PN_PIQ,E3273,7,3,0.48
P18149,PN_PIQ,E3273,7,3,0.69
P18150,PN_PIQ,E3274,7,3,0.7
P18151,PN_PIQ,E3274,7,3,0.08
P18152,PN_PIQ,E3275,4,1,0.89
P18153,PN_PIQ,E3275,4,1,0.49
P18154,PN_PIQ,E3275,4,1,0.07
P18155,MA_ROTA,E3276,2,2,1.73
P18156,MA_ROTA,E3276,2,2,1.5
P18157,PN_PIQ,E3276,2,2,1.16
P18158,MA_ROTA,E3276,2,2,0.4
P18159,PN_PIQ,E3277,4,1,1.52
P18160,PN_PIQ,E3277,4,1,1.39
P18161,PN_PIQ,E3277,4,1,0.38
P18162,PN_PIQ,E3277,4,1,1.08
P18163,MA_ROTA,E3278,2,2,0.17
P18164,MA_ROTA,E3278,2,2,0.44
P18165,MA_ROTA,E3278,2,2,0.95
P18166,PN_PIQ,E3278,2,2,2.04
P18167,PN_PIQ,E3278,2,2,0.29
P18168,PN_PIQ,E3278,2,2,1.01
P18169,PN_PIQ,E3278,2,2,0.35
P18170,PN_PIQ,E3279,7,3,0.47
P18171,PN_PIQ,E3279,7,3,0.64
P18172,PN_PIQ,E3279,7,3,0.71
P18173,PN_PIQ,E3279,7,3,0.41
P18174,PN_PIQ,E3279,7,3,0.35
P18175,PN_PIQ,E3279,7,3,2.37
P18176,PN_PIQ,E3279,7,3,0.35
P18177,PN_PIQ,E3280,7,3,0.64
P18178,PN_PIQ,E3280,7,3,0.55
P18179,PN_PIQ,E3281,7,3,0.31
P18180,PN_PIQ,E3281,7,3,0.26
P18181,PN_PIQ,E3281,7,3,1.58
P18182,PN_PIQ,E3282,7,3,0.77
P18183,PN_PIQ,E3282,7,3,5.6
P18184,PN_PIQ,E3282,7,3,0.4
P18185,PN_PIQ,E3282,7,3,0.32
P18186,PN_PIQ,E3283,4,1,0.79
P18187,PN_PIQ,E3283,4,1,1.08
P18188,PN_PIQ,E3283,4,1,0.26
P18189,PN_PIQ,E3283,4,1,0.96
P18190,PN_PIQ,E3283,4,1,0.79
P18191,PN_PIQ,E3284,4,1,1.73
P18192,PN_PIQ,E3284,4,1,0.39
P18193,PN_PIQ,E3284,4,1,0.22
P18194,PN_PIQ,E3284,4,1,0.15
P18195,MA_ROTA,E3285,5,1,0.33
P18196,MA_ROTA,E3285,5,1,0.07
P18197,MA_ROTA,E3285,5,1,0.28
P18199,MA_ROTA,E3285,5,1,0.11
P18200,MA_ROTA,E3285,5,1,0.11
P18201,MA_ROTA,E3285,5,1,0.12
P18202,MA_ROTA,E3285,5,1,0.12
P18203,MA_ROTA,E3285,5,1,0.18
P18204,MA_ROTA,E3285,5,1,0.17
P18205,MA_ROTA,E3285,5,1,0.12
P18208,MA_ROTA,E3285,5,1,0.46
P18209,PN_PIQ,E3286,2,2,0.38
P18210,PN_PIQ,E3286,2,2,1.19
P18211,ME,E3286,2,2,2.38
P18212,PN_PIQ,E3286,2,2,0.28
P18213,PN_PIQ,E3286,2,2,0.37
P18214,PN_PIQ,E3286,2,2,0.43
P18215,MA_ROTA,E3286,1,2,1.54
P18216,PN_PIQ,E3286,2,2,0.33
P18217,MA_ROTA,E3287,1,2,1.06
P18218,MA_ROTA,E3287,1,2,0.13
P18219,MA_ROTA,E3287,2,2,0.6
P18220,MA_ROTA,E3287,1,2,1.64
P18221,PN_PIQ,E3287,2,2,0.18
P18222,PN_PIQ,E3288,1,2,1.07
P18223,PN_PIQ,E3289,2,2,0.54
P18224,PN_PIQ,E3290,4,1,0.97
P18225,PN_PIQ,E3290,4,1,3.36
P18226,PN_PIQ,E3291,7,3,0.6
P18227,PN_PIQ,E3292,7,3,1.17
P18228,PN_PIQ,E3292,7,3,0.29
P18229,PN_PIQ,E3292,7,3,0.3
P18230,MA_ROTA,E3293,5,1,0.56
P18231,MA_ROTA,E3293,5,1,1.01
P18232,MA_ROTA,E3293,5,1,0.76
P18233,MA_ROTA,E3293,5,1,1.08
P18234,MA_ROTA,E3293,5,1,0.62
P18236,MA_ROTA,E3293,5,1,1.18
P18237,MA_ROTA,E3293,5,1,0.82
P18240,MA_ROTA,E3293,5,1,1.16
P18241,MA_ROTA,E3293,5,1,0.35
P18242,MA_ROTA,E3293,5,1,0.59
P18243,MA_ROTA,E3293,5,1,0.88
P18244,MA_ROTA,E3293,5,1,0.71
P18245,MA_ROTA,E3293,5,1,0.49
P18246,MA_ROTA,E3293,5,1,0.83
P18248,MA_ROTA,E3293,5,1,1.12
P18250,MA_ROTA,E3293,5,1,0.76
P18252,PN_PIQ,E3294,2,2,0.37
P18253,MA_ROTA,E3294,2,2,0.66
P18254,PN_PIQ,E3295,2,2,2.01
P18255,PN_PIQ,E3295,2,2,0.12
P18256,PN_PIQ,E3295,2,2,0.18
P18257,PN_PIQ,E3295,2,2,0.87
P18259,PN_PIQ,E3296,2,2,0.37
P18260,MA_ROTA,E3297,2,2,0.8
P18261,MA_ROTA,E3297,2,2,0.22
P18262,PN_PIQ,E3297,2,2,0.05
P18263,ME,E3298,2,2,0.98
P18264,PN_PIQ,E3298,2,2,0.58
P18266,PN_PIQ,E3299,6,1,2.88
P18267,AN_PA,E3299,6,1,2.34
P18268,AG,E3299,6,1,1.05
P18269,PN_PIQ,E3299,6,1,1.47
P18270,AG,E3299,6,1,0.49
P18271,IG_PLA,E3299,6,1,0.36
P18272,AN_PA,E3299,6,1,1.71
P18273,AG,E3299,6,1,1.63
P18274,BC_BT,E3299,6,1,1.62
P18275,AN_PA,E3299,6,1,1.54
P18276,AN_PA,E3299,6,1,1.88
P18277,AN_PA,E3299,6,1,0.9
P18278,AN_PA,E3299,6,1,0.43
P18279,AN_PA,E3299,6,1,1.28
P18280,AN_PA,E3299,6,1,0.3
P18281,AN_PA,E3299,6,1,0.97
P18282,AN_PA,E3299,6,1,0.95
P18283,AN_PA,E3299,6,1,1.01
P18284,PN_PIQ,E3299,6,1,0.56
P18285,PN_PIQ,E3299,6,1,1.36
P18286,PN_PIQ,E3299,6,1,1.34
P18287,PN_PIQ,E3299,6,1,0.85
P18288,IG_PLA,E3299,6,1,0.75
P18289,AN_PA,E3299,6,1,1.49
P18290,PN_PIQ,E3299,6,1,0.51
P18291,PN_PIQ,E3299,6,1,1.24
P18292,AN_PA,E3299,6,1,0.63
P18293,IG_PLA,E3299,6,1,0.47
P18294,AN_PA,E3299,6,1,0.6
P18295,AN_PA,E3299,6,1,0.93
P18296,AN_PA,E3299,6,1,1.7
P18297,AN_PA,E3299,6,1,1.5
P18298,PN_PIQ,E3299,6,1,1.47
P18299,IG_PLA,E3299,6,1,0.76
P18300,PN_PIQ,E3299,6,1,0.25
P18301,TH,E3300,6,1,0.2
P18302,TH,E3300,6,1,1.03
P18303,TH,E3300,6,1,0.5
P18305,AN_PA,E3300,6,1,1.31
P18306,TH,E3300,6,1,0.61
P18307,TH,E3300,6,1,1.13
P18308,TH,E3300,6,1,2.06
P18309,TH,E3300,6,1,0.55
P18310,TH,E3300,6,1,0.89
P18311,TH,E3300,6,1,0.76
P18312,TH,E3300,6,1,1.11
P18313,TH,E3300,6,1,0.22
P18314,TH,E3300,6,1,0.76
P18315,TH,E3300,6,1,1.01
P18316,AN_PA,E3300,6,1,3.32
P18317,AN_PA,E3300,6,1,1.04
P18318,TH,E3300,6,1,1.53
P18319,TH,E3300,6,1,0.43
P18320,TH,E3300,6,1,0.51
P18321,TH,E3300,6,1,1.1
P18322,TH,E3300,6,1,1.88
P18323,AN_PA,E3300,6,1,1.79
P18324,TH,E3300,6,1,0.4
P18325,TH,E3300,6,1,0.94
P18326,TH,E3300,6,1,1.19
P18327,AN_PA,E3300,6,1,1.35
P18328,TH,E3300,6,1,0.69
P18329,AN_PA,E3300,6,1,1.63
P18330,AN_PA,E3300,6,1,1.8
P18331,TH,E3300,6,1,1.18
P18332,TH,E3300,6,1,0.47
P18333,AN_PA,E3300,6,1,0.83
P18334,TH,E3300,6,1,1.05
P18335,TH,E3300,6,1,0.93
P18336,TH,E3300,6,1,0.21
P18337,TH,E3300,6,1,0.19
P18338,TH,E3300,6,1,2.14
P18339,TH,E3300,6,1,1.91
P18340,AN_PA,E3300,6,1,1.08
P18341,TH,E3300,6,1,1.01
P18342,TH,E3300,6,1,0.29
P18344,TH,E3300,6,1,0.77
P18345,TH,E3300,6,1,0.75
P18347,TH,E3300,6,1,1.28
P18348,AN_PA,E3300,6,1,1.04
P18349,TH,E3300,6,1,0.06
P18350,TH,E3300,6,1,1.49
P18351,TH,E3300,6,1,0.78
P18352,TH,E3300,6,1,0.31
P18353,TH,E3300,6,1,1.19
P18354,TH,E3300,6,1,0.25
P18355,TH,E3300,6,1,1.88
P18356,TH,E3300,6,1,0.54
P18357,TH,E3300,6,1,0.45
P18358,TH,E3300,6,1,0.48
P18359,AN_PA,E3300,6,1,0.07
P18360,TH,E3300,6,1,0.48
P18361,TH,E3300,6,1,0.56
P18362,TH,E3300,6,1,0.75
P18363,AN_PA,E3300,6,1,2.18
P18364,MA_ROTA,E3301,2,2,3.83
P18365,PN_PIQ,E3302,2,2,1.83
P18366,MA_ROTA,E3303,3,2,2.04
P18368,PN_PIQ,E3303,3,2,1.05
P18369,MA_ROTA,E3303,3,2,1.28
P18371,MA_ROTA,E3304,2,2,2.31
P18372,MA_ROTA,E3304,2,2,0.31
P18373,PN_PIQ,E3304,2,2,0.49
P18375,MA_ROTA,E3305,3,2,0.82
P18378,PN_PIQ,E3306,4,1,0.14
P18379,PN_PIQ,E3306,4,1,0.08
P18380,MA_ROTA,E3306,4,1,0.12
P18381,PN_PIQ,E3306,4,1,0.23
P18382,MA_ROTA,E3306,4,1,0.24
P18383,MA_ROTA,E3306,4,1,0.04
P18384,PN_PIQ,E3306,4,1,0.14
P18385,MA_ROTA,E3306,4,1,0.06
P18386,PN_PIQ,E3306,4,1,0.15
P18391,PN_PIQ,E3308,7,3,0.51
P18392,PN_PIQ,E3308,7,3,0.48
P18393,PN_PIQ,E3308,4,1,1.0
P18394,PN_PIQ,E3308,7,3,0.58
P18395,PN_PIQ,E3308,7,3,0.47
P18396,PN_PIQ,E3308,7,3,0.08
P18397,PN_PIQ,E3308,7,3,0.92
P18398,PN_PIQ,E3309,7,3,0.22
P18399,PN_PIQ,E3309,7,3,0.47
P18400,PN_PIQ,E3309,7,3,1.6
P18401,PN_PIQ,E3309,7,3,0.24
P18402,PN_PIQ,E3309,7,3,0.77
P18403,PN_PIQ,E3310,7,3,0.18
P18405,PN_PIQ,E3311,7,3,0.8
P18406,PN_PIQ,E3311,7,3,0.56
P18407,PN_PIQ,E3312,7,3,0.1
P18408,PN_PIQ,E3312,7,3,0.14
P18409,PN_PIQ,E3312,7,3,2.17
P18410,PN_PIQ,E3312,7,3,0.9
P18411,PN_PIQ,E3312,7,3,0.38
P18412,PN_PIQ,E3313,4,1,2.16
P18413,PN_PIQ,E3314,2,2,1.62
P18414,PN_PIQ,E3315,2,2,1.27
P18415,PN_PIQ,E3316,2,2,0.89
P18416,PN_PIQ,E3317,6,1,5.22
P18417,PN_PIQ,E3317,6,1,1.62
P18418,MA_ROTA,E3318,4,1,0.8
P18420,MA_ROTA,E3318,4,1,0.24
P18421,MA_ROTA,E3318,4,1,0.13
P18422,MA_ROTA,E3318,4,1,0.25
P18423,MA_ROTA,E3318,4,1,0.89
P18425,MA_ROTA,E3318,4,1,0.13
P18426,MA_ROTA,E3318,4,1,0.55
P18427,MA_ROTA,E3318,4,1,0.07
P18428,MA_ROTA,E3318,4,1,0.22
P18429,MA_ROTA,E3318,4,1,0.2
P18430,PN_PIQ,E3319,2,2,1.47
P18431,PN_PIQ,E3319,2,2,0.72
P18432,MA_ROTA,E3319,2,2,1.36
P18433,MA_ROTA,E3319,2,2,0.63
P18434,MA_ROTA,E3319,2,2,1.67
P18435,MA_ROTA,E3320,3,2,1.11
P18436,MA_ROTA,E3321,3,2,2.45
P18437,MA_ROTA,E3321,3,2,1.73
P18438,MA_ROTA,E3322,3,2,2.08
P18439,MA_ROTA,E3322,3,2,0.7
P18440,MA_ROTA,E3322,3,2,1.0
P18441,PN_PIQ,E3322,3,2,1.14
P18442,MA_ROTA,E3322,3,2,2.86
P18443,MA_ROTA,E3322,3,2,0.62
P18444,PN_PIQ,E3323,6,1,1.36
P18445,PN_PIQ,E3323,6,1,3.16
P18448,PN_PIQ,E3324,7,3,0.64
P18449,PN_PIQ,E3324,7,3,0.14
P18450,PN_PIQ,E3324,7,3,0.3
P18451,PN_PIQ,E3324,7,3,0.15
P18452,PN_PIQ,E3325,7,3,0.84
P18453,PN_PIQ,E3325,7,3,0.32
P18454,PN_PIQ,E3325,7,3,0.64
P18455,ME,E3326,3,2,2.96
P18456,MA_ROTA,E3326,3,2,1.04
P18457,MA_ROTA,E3326,3,2,1.42
P18458,MA_ROTA,E3326,3,2,1.68
P18459,MA_ROTA,E3327,3,2,0.66
P18460,PN_PIQ,E3327,3,2,1.33
P18461,PN_PIQ,E3328,2,2,0.58
P18462,MA_ROTA,E3328,2,2,0.1
P18463,PN_PIQ,E3328,2,2,1.12
P18464,MA_ROTA,E3328,2,2,0.2
P18465,MA_ROTA,E3328,2,2,0.34
P18467,PN_PIQ,E3328,2,2,0.23
P18468,PN_PIQ,E3328,2,2,0.58
P18469,MA_ROTA,E3328,2,2,0.8
P18470,MA_ROTA,E3328,2,2,0.44
P18471,MA_ROTA,E3328,2,2,0.13
P18472,MA_ROTA,E3328,2,2,0.13
P18473,MA_ROTA,E3328,2,2,0.13
P18474,MA_ROTA,E3328,2,2,0.02
P18475,MA_ROTA,E3328,2,2,1.03
P18476,MA_ROTA,E3328,2,2,0.28
P18477,PN_PIQ,E3328,2,2,0.23
P18478,PN_PIQ,E3328,2,2,7.81
P18480,MA_ROTA,E3328,2,2,0.39
P18481,MA_ROTA,E3328,2,2,0.11
P18482,MA_ROTA,E3329,3,2,1.3
P18484,MA_ROTA,E3329,3,2,3.55
P18485,MA_ROTA,E3329,3,2,1.72
P18486,MA_ROTA,E3329,3,2,0.86
P18487,MA_ROTA,E3329,3,2,0.37
P18488,MA_ROTA,E3330,3,2,1.85
P18489,MA_ROTA,E3330,3,2,0.96
P18490,PN_PIQ,E3331,3,2,0.15
P18491,MA_ROTA,E3331,3,2,0.38
P18492,PN_PIQ,E3331,3,2,5.23
P18493,MA_ROTA,E3331,3,2,0.11
P18494,PN_PIQ,E3331,3,2,0.67
P18495,PN_PIQ,E3331,3,2,3.81
P18496,PN_PIQ,E3331,3,2,0.23
P18497,MA_ROTA,E3331,3,2,1.39
P18498,PN_PIQ,E3331,3,2,0.14
P18499,ME,E3331,3,2,0.61
P18500,MA_ROTA,E3331,3,2,0.44
P18503,MA_ROTA,E3332,3,2,0.12
P18504,MA_ROTA,E3332,3,2,0.66
P18505,MA_ROTA,E3332,3,2,0.68
P18506,MA_ROTA,E3332,3,2,0.43
P18507,MA_ROTA,E3332,3,2,0.24
P18508,MA_ROTA,E3333,3,2,0.8
P18509,MA_ROTA,E3333,3,2,1.01
P18510,PN_PIQ,E3334,4,1,1.18
P18511,PN_PIQ,E3334,4,1,0.32
P18512,PN_PIQ,E3334,4,1,0.6
P18513,PN_PIQ,E3334,4,1,0.55
P18514,PN_PIQ,E3334,4,1,1.52
P18515,PN_PIQ,E3334,4,1,2.56
P18519,PN_PIQ,E3334,4,1,0.49
P18520,PN_PIQ,E3334,4,1,0.53
P18521,PN_PIQ,E3334,4,1,0.48
P18522,PN_PIQ,E3334,4,1,0.34
P18523,PN_PIQ,E3334,4,1,0.45
P18524,MA_ROTA,E3334,4,1,0.42
P18525,PN_PIQ,E3334,4,1,0.36
P18526,PN_PIQ,E3334,4,1,0.56
P18527,AG,E3335,4,1,2.76
P18528,PN_PIQ,E3335,4,1,0.51
P18529,ME,E3336,2,2,0.71
P18530,PN_PIQ,E3336,2,2,0.08
P18532,PN_PIQ,E3338,3,2,1.33
P18533,PN_PIQ,E3338,3,2,1.71
P18534,PN_PIQ,E3338,3,2,2.51
P18535,PN_PIQ,E3338,3,2,1.42
P18536,MA_ROTA,E3339,3,2,1.52
P18537,MA_ROTA,E3339,1,2,0.66
P18538,MA_ROTA,E3339,1,2,0.42
P18539,PN_PIQ,E3339,1,2,0.46
P18540,PN_PIQ,E3339,1,2,1.07
P18541,MA_ROTA,E3340,2,2,3.4
P18542,MA_ROTA,E3340,2,2,0.28
P18543,MA_ROTA,E3340,2,2,0.35
P18544,PN_PIQ,E3341,7,3,0.84
P18545,PN_PIQ,E3341,7,3,0.4
P18546,PN_PIQ,E3341,7,3,0.36
P18547,PN_PIQ,E3341,7,3,1.11
P18548,PN_PIQ,E3342,7,3,0.23
P18549,PN_PIQ,E3343,3,2,2.25
P18550,MA_ROTA,E3343,3,2,2.48
P18551,AN_PA,E3344,6,1,1.98
P18552,AN_PA,E3344,6,1,0.82
P18553,AN_PA,E3344,6,1,1.1
P18554,AN_PA,E3344,6,1,0.42
P18556,PN_PIQ,E3344,2,2,2.11
P18557,MA_ROTA,E3344,2,2,2.17
P18558,MA_ROTA,E3344,2,2,1.56
P18559,PN_PIQ,E3345,7,3,0.6
P18560,PN_PIQ,E3345,7,3,1.04
P18561,PN_PIQ,E3346,7,3,0.57
P18562,PN_PIQ,E3346,7,3,0.39
P18563,MA_ROTA,E3347,3,2,1.73
P18564,PN_PIQ,E3348,7,3,0.62
P18565,PN_PIQ,E3348,7,3,1.04
P18566,PN_PIQ,E3348,7,3,0.51
P18567,PN_PIQ,E3349,7,3,1.28
P18568,PN_PIQ,E3349,7,3,1.32
P18569,PN_PIQ,E3349,7,3,0.46
P18570,PN_PIQ,E3349,7,3,0.89
P18571,PN_PIQ,E3349,7,3,0.49
P18572,PN_PIQ,E3349,7,3,5.68
P18573,PN_PIQ,E3350,1,2,0.01
P18574,PN_PIQ,E3350,1,2,1.92
P18575,PN_PIQ,E3350,1,2,0.47
P18576,PN_PIQ,E3350,1,2,0.11
P18577,MA_ROTA,E3351,3,2,1.81
P18578,MA_ROTA,E3351,3,2,1.43
P18579,MA_ROTA,E3351,3,2,2.08
P18580,MA_ROTA,E3351,3,2,0.97
P18581,MA_ROTA,E3351,3,2,1.0
P18582,MA_ROTA,E3351,3,2,0.1
P18583,PN_PIQ,E3351,3,2,1.07
P18584,MA_ROTA,E3352,2,2,1.17
P18585,PN_PIQ,E3353,7,3,0.49
P18586,PN_PIQ,E3353,7,3,0.18
P18587,PN_PIQ,E3354,7,3,0.5
P18588,PN_PIQ,E3354,7,3,0.25
P18589,PN_PIQ,E3354,7,3,0.23
P18590,PN_PIQ,E3354,7,3,0.32
P18591,PN_PIQ,E3355,7,3,0.41
P18592,PN_PIQ,E3355,7,3,0.36
P18593,PN_PIQ,E3355,7,3,0.24
P18594,MA_ROTA,E3356,3,2,1.72
P18595,PN_PIQ,E3356,3,2,1.13
P18596,MA_ROTA,E3356,3,2,3.6
P18597,ME,E3356,3,2,0.26
P18598,MA_ROTA,E3356,3,2,1.21
P18599,MA_ROTA,E3356,3,2,3.0
P18600,MA_ROTA,E3356,3,2,0.86
P18601,PN_PIQ,E3356,3,2,0.79
P18602,PN_PIQ,E3357,7,3,0.83
P18603,PN_PIQ,E3357,7,3,0.32
P18604,PN_PIQ,E3358,4,1,0.23
P18605,PN_PIQ,E3358,4,1,2.05
P18606,PN_PIQ,E3358,4,1,0.65
P18607,PN_PIQ,E3358,4,1,1.8
P18608,PN_PIQ,E3358,4,1,1.16
P18609,PN_PIQ,E3358,4,1,0.84
P18610,PN_PIQ,E3358,4,1,1.57
P18611,MA_ROTA,E3359,3,2,0.3
P18614,MA_ROTA,E3359,3,2,0.99
P18615,MA_ROTA,E3359,3,2,0.1
P18616,MA_ROTA,E3359,3,2,0.06
P18617,MA_ROTA,E3359,3,2,0.05
P18618,MA_ROTA,E3360,3,2,0.99
P18619,MA_ROTA,E3360,3,2,5.57
P18620,PN_PIQ,E3360,3,2,4.21
P18621,MA_ROTA,E3360,3,2,0.78
P18623,MA_ROTA,E3360,3,2,1.06
P18624,MA_ROTA,E3360,3,2,1.01
P18625,PN_PIQ,E3360,3,2,0.87
P18626,PN_PIQ,E3360,3,2,0.5
P18627,MA_ROTA,E3361,2,2,1.52
P18628,MA_ROTA,E3361,2,2,0.61
P18629,PN_PIQ,E3361,2,2,0.46
P18630,PN_PIQ,E3362,4,1,0.75
P18631,PN_PIQ,E3362,4,1,0.28
P18632,PN_PIQ,E3363,7,3,0.48
P18633,PN_PIQ,E3363,7,3,1.05
P18634,PN_PIQ,E3363,7,3,1.59
P18635,PN_PIQ,E3363,7,3,0.85
P18636,PN_PIQ,E3364,7,3,0.47
P18637,PN_PIQ,E3364,7,3,1.0
P18638,PN_PIQ,E3364,7,3,0.62
P18639,PN_PIQ,E3364,7,3,0.74
P18640,PN_PIQ,E3365,1,2,0.13
P18641,PN_PIQ,E3365,1,2,0.17
P18642,PN_PIQ,E3366,3,2,1.38
P18643,MA_ROTA,E3366,3,2,1.73
P18644,MA_ROTA,E3367,3,2,0.55
P18645,PN_PIQ,E3367,3,2,1.58
P18646,PN_PIQ,E3367,3,2,0.29
P18647,PN_PIQ,E3367,3,2,0.79
P18649,MA_ROTA,E3367,3,2,0.22
P18650,MA_ROTA,E3367,3,2,4.56
P18651,MA_ROTA,E3367,3,2,2.46
P18652,PN_PIQ,E3368,7,3,0.98
P18653,PN_PIQ,E3368,7,3,0.86
P18654,PN_PIQ,E3368,7,3,0.96
P18655,PN_PIQ,E3369,7,3,0.32
P18656,PN_PIQ,E3369,7,3,0.53
P18657,PN_PIQ,E3370,7,3,1.66
P18658,PN_PIQ,E3370,7,3,0.78
P18659,PN_PIQ,E3370,7,3,0.47
P18660,PN_PIQ,E3370,7,3,1.12
P18661,PN_PIQ,E3370,7,3,0.5
P18662,PN_PIQ,E3371,4,1,0.4
P18663,PN_PIQ,E3371,4,1,0.06
P18664,PN_PIQ,E3371,4,1,0.33
P18665,PN_PIQ,E3372,7,3,0.54
P18666,PN_PIQ,E3372,7,3,0.93
P18667,PN_PIQ,E3372,7,3,0.59
P18668,PN_PIQ,E3372,7,3,0.26
P18669,PN_PIQ,E3372,7,3,0.23
P18670,PN_PIQ,E3372,7,3,0.48
P18671,PN_PIQ,E3372,7,3,0.42
P18672,PN_PIQ,E3372,7,3,0.23
P18673,PN_PIQ,E3372,7,3,0.16
P18674,PN_PIQ,E3373,7,3,0.71
P18675,PN_PIQ,E3373,7,3,0.3
P18676,PN_PIQ,E3373,7,3,0.45
P18677,PN_PIQ,E3373,7,3,0.74
P18678,PN_PIQ,E3374,3,2,0.67
P18679,MA_ROTA,E3375,2,2,1.26
P18680,PN_PIQ,E3375,2,2,0.59
P18681,MA_ROTA,E3375,2,2,0.01
P18682,MA_ROTA,E3375,2,2,0.03
P18683,MA_ROTA,E3375,2,2,0.05
P18684,AG,E3376,4,1,2.65
P18685,PN_PIQ,E3376,4,1,0.17
P18686,PN_PIQ,E3376,4,1,0.77
P18687,AN_PA,E3376,4,1,0.63
P18688,AN_PA,E3376,4,1,0.39
P18689,AN_PA,E3376,4,1,0.52
P18690,PN_PIQ,E3376,4,1,0.1
P18691,MA_ROTA,E3377,3,2,3.59
P18692,MA_ROTA,E3377,3,2,0.25
P18693,MA_ROTA,E3377,3,2,0.54
P18694,MA_ROTA,E3377,2,2,4.09
P18695,PN_PIQ,E3377,3,2,1.45
P18696,MA_ROTA,E3377,3,2,1.04
P18697,PN_PIQ,E3377,3,2,2.27
P18698,MA_ROTA,E3377,3,2,0.23
P18699,PN_PIQ,E3378,1,2,0.8
P18700,PN_PIQ,E3378,1,2,0.22
P18701,PN_PIQ,E3378,1,2,0.16
P18702,MA_ROTA,E3379,3,2,0.43
P18703,MA_ROTA,E3379,3,2,3.19
P18704,PN_PIQ,E3379,3,2,0.77
P18705,MA_ROTA,E3379,3,2,4.03
P18706,PN_PIQ,E3379,3,2,1.05
P18707,MA_ROTA,E3379,3,2,0.77
P18708,PN_PIQ,E3379,3,2,1.74
P18709,MA_ROTA,E3380,3,2,1.4
P18710,MA_ROTA,E3380,3,2,1.98
P18711,MA_ROTA,E3380,3,2,0.84
P18712,MA_ROTA,E3380,3,2,1.26
P18713,MA_ROTA,E3380,3,2,1.29
P18714,MA_ROTA,E3380,3,2,0.51
P18715,MA_ROTA,E3380,3,2,0.31
P18716,MA_ROTA,E3380,3,2,0.37
P18717,MA_ROTA,E3380,3,2,1.14
P18718,MA_ROTA,E3380,3,2,1.51
P18719,MA_ROTA,E3380,3,2,7.97
P18720,MA_ROTA,E3380,3,2,0.3
P18721,MA_ROTA,E3381,3,2,0.43
P18722,MA_ROTA,E3381,3,2,1.11
P18723,PN_PIQ,E3381,3,2,0.58
P18724,MA_ROTA,E3381,3,2,1.14
P18725,MA_ROTA,E3381,3,2,0.45
P18726,PN_PIQ,E3381,3,2,2.41
P18727,MA_ROTA,E3381,3,2,0.99
P18728,MA_ROTA,E3381,3,2,1.14
P18729,MA_ROTA,E3381,3,2,1.89
P18730,PN_PIQ,E3381,3,2,0.48
P18731,MA_ROTA,E3381,3,2,0.65
P18732,MA_ROTA,E3382,3,2,1.98
P18733,MA_ROTA,E3382,3,2,0.52
P18736,MA_ROTA,E3382,3,2,0.35
P18737,MA_ROTA,E3382,3,2,1.29
P18738,PN_PIQ,E3382,3,2,1.65
P18739,MA_ROTA,E3382,3,2,1.04
P18740,PN_PIQ,E3382,3,2,1.56
P18741,PN_PIQ,E3383,4,1,0.12
P18742,PN_PIQ,E3383,4,1,0.3
P18743,PN_PIQ,E3383,4,1,0.67
P18744,PN_PIQ,E3383,4,1,0.09
P18745,PN_PIQ,E3384,1,2,0.66
P18746,MA_ROTA,E3385,2,2,1.0
P18747,MA_ROTA,E3385,2,2,0.86
P18748,PN_PIQ,E3385,2,2,0.46
P18749,ME,E3385,2,2,0.56
P18750,PN_PIQ,E3386,1,2,0.47
P18751,PN_PIQ,E3386,1,2,0.5
P18752,PN_PIQ,E3387,7,3,0.13
P18753,PN_PIQ,E3387,7,3,0.19
P18754,PN_PIQ,E3387,7,3,1.07
P18755,MA_ROTA,E3388,1,2,2.02
P18756,PN_PIQ,E3388,1,2,1.77
P18758,AN_PA,E3390,6,1,2.01
P18759,PN_PIQ,E3390,6,1,0.99
P18760,PN_PIQ,E3391,4,1,2.22
P18761,PN_PIQ,E3391,4,1,0.21
P18762,PN_PIQ,E3391,4,1,2.96
P18763,PN_PIQ,E3391,4,1,0.56
P18764,PN_PIQ,E3391,4,1,0.39
P18766,PN_PIQ,E3392,4,1,1.09
P18767,PN_PIQ,E3392,4,1,0.51
P18768,PN_PIQ,E3392,4,1,0.62
P18769,PN_PIQ,E3392,4,1,0.18
P18770,PN_PIQ,E3392,4,1,0.28
P18771,MA_ROTA,E3393,4,1,0.34
P18772,MA_ROTA,E3393,4,1,2.75
P18773,PN_PIQ,E3394,1,2,1.77
P18774,PN_PIQ,E3394,1,2,0.75
P18775,PN_PIQ,E3394,1,2,0.45
P18776,MA_ROTA,E3394,1,2,0.85
P18777,MA_ROTA,E3394,1,2,0.6
P18778,MA_ROTA,E3394,1,2,2.02
P18779,MA_ROTA,E3395,2,2,0.85
P18780,MA_ROTA,E3395,2,2,0.72
P18781,MA_ROTA,E3396,2,2,0.49
P18782,MA_ROTA,E3396,2,2,0.17
P18783,PN_PIQ,E3396,2,2,0.73
P18784,PN_PIQ,E3396,2,2,0.32
P18785,MA_ROTA,E3396,2,2,1.93
P18786,MA_ROTA,E3396,2,2,0.71
P18787,MA_ROTA,E3396,2,2,0.73
P18788,MA_ROTA,E3397,2,2,0.74
P18789,MA_ROTA,E3398,2,2,0.65
P18790,PN_PIQ,E3398,2,2,0.69
P18791,MA_ROTA,E3398,2,2,0.68
P18792,MA_ROTA,E3398,2,2,0.34
P18793,MA_ROTA,E3398,2,2,0.83
P18794,PN_PIQ,E3398,2,2,0.33
P18795,MA_ROTA,E3398,2,2,0.22
P18796,MA_ROTA,E3398,2,2,0.31
P18797,MA_ROTA,E3398,2,2,0.12
P18798,MA_ROTA,E3399,5,1,0.85
P18799,MA_ROTA,E3399,5,1,0.26
P18800,MA_ROTA,E3399,5,1,0.08
P18801,MA_ROTA,E3399,5,1,0.97
P18802,MA_ROTA,E3399,5,1,0.35
P18803,MA_ROTA,E3399,5,1,0.35
P18804,MA_ROTA,E3399,5,1,1.87
P18805,MA_ROTA,E3399,5,1,1.1
P18806,MA_ROTA,E3399,5,1,0.36
P18808,TH,E3399,6,1,2.5
P18809,TH,E3399,6,1,0.57
P18810,AN_PA,E3399,6,1,1.47
P18811,TH,E3399,6,1,1.3
P18812,AN_PA,E3399,6,1,0.39
P18813,TH,E3399,6,1,0.88
P18814,TH,E3399,6,1,0.31
P18815,MA_ROTA,E3399,5,1,0.14
P18816,AN_PA,E3399,6,1,1.17
P18817,TH,E3399,6,1,0.64
P18818,TH,E3399,6,1,0.63
P18819,TH,E3399,6,1,0.59
P18820,AN_PA,E3399,6,1,0.52
P18821,AN_PA,E3399,6,1,0.66
P18822,TH,E3399,6,1,0.61
P18823,AN_PA,E3399,6,1,0.54
P18824,TH,E3399,6,1,1.0
P18825,MA_ROTA,E3399,5,1,0.14
P18826,AN_PA,E3399,6,1,0.06
P18827,AN_PA,E3399,6,1,1.17
P18828,TH,E3399,6,1,1.01
P18829,PN_PIQ,E3399,6,1,0.43
P18830,AN_PA,E3399,6,1,0.26
P18831,MA_ROTA,E3399,5,1,0.49
P18832,AN_PA,E3399,6,1,1.17
P18833,TH,E3399,6,1,0.75
P18834,TH,E3399,6,1,2.2
P18835,MA_ROTA,E3399,5,1,1.55
P18836,MA_ROTA,E3399,5,1,0.11
P18837,MA_ROTA,E3399,5,1,0.28
P18838,MA_ROTA,E3399,5,1,0.27
P18839,PN_PIQ,E3399,5,1,0.61
P18840,PN_PIQ,E3400,3,2,3.21
P18841,PN_PIQ,E3400,3,2,0.59
P18842,MA_ROTA,E3400,3,2,1.04
P18843,MA_ROTA,E3400,3,2,1.69
P18844,MA_ROTA,E3400,3,2,1.14
P18845,PN_PIQ,E3400,3,2,0.48
P18846,PN_PIQ,E3401,6,1,5.02
P18847,PN_PIQ,E3401,6,1,1.13
P18848,PN_PIQ,E3401,6,1,0.3
P18849,PN_PIQ,E3402,1,2,0.13
P18850,PN_PIQ,E3402,1,2,0.05
P18851,PN_PIQ,E3402,1,2,0.14
P18852,PN_PIQ,E3402,1,2,0.05
P18853,PN_PIQ,E3402,1,2,0.07
P18854,PN_PIQ,E3402,1,2,0.06
P18855,MA_ROTA,E3403,2,2,0.36
P18856,PN_PIQ,E3403,2,2,0.22
P18857,MA_ROTA,E3403,2,2,1.3
P18858,PN_PIQ,E3403,2,2,0.16
P18859,MA_ROTA,E3404,4,1,1.04
P18860,MA_ROTA,E3404,4,1,1.82
P18861,MA_ROTA,E3405,3,2,0.16
P18862,PN_PIQ,E3405,3,2,1.07
P18863,MA_ROTA,E3405,3,2,0.55
P18864,PN_PIQ,E3405,3,2,0.51
P18865,MA_ROTA,E3405,3,2,0.17
P18866,PN_PIQ,E3405,3,2,0.33
P18867,MA_ROTA,E3405,3,2,0.55
P18868,MA_ROTA,E3405,3,2,0.11
P18869,MA_ROTA,E3405,3,2,0.76
P18870,MA_ROTA,E3405,3,2,0.12
P18871,PN_PIQ,E3406,2,2,1.72
P18872,MA_ROTA,E3406,2,2,0.94
P18873,PN_PIQ,E3406,2,2,0.55
P18874,MA_ROTA,E3407,4,1,1.93
P18875,PN_PIQ,E3408,3,2,0.07
P18876,PN_PIQ,E3408,3,2,0.31
P18877,PN_PIQ,E3408,3,2,1.0
P18878,PN_PIQ,E3408,3,2,0.87
P18879,PN_PIQ,E3409,4,1,1.08
P18880,PN_PIQ,E3410,4,1,0.9
P18881,PN_PIQ,E3411,4,1,2.16
P18882,PN_PIQ,E3411,4,1,1.2
P18883,PN_PIQ,E3411,4,1,1.03
P18884,PN_PIQ,E3411,4,1,0.96
P18885,PN_PIQ,E3412,4,1,0.9
P18886,PN_PIQ,E3412,4,1,0.4
P18887,PN_PIQ,E3412,4,1,0.21
P18895,MA_ROTA,E3413,2,2,0.9
P18896,MA_ROTA,E3413,2,2,0.31
P18897,MA_ROTA,E3413,2,2,0.35
P18898,PN_PIQ,E3414,2,2,0.59
P18899,PN_PIQ,E3414,2,2,0.43
P18900,PN_PIQ,E3414,2,2,1.42
P18901,PN_PIQ,E3415,4,1,0.7
P18902,PN_PIQ,E3415,4,1,0.86
P18903,PN_PIQ,E3415,4,1,0.36
P18904,PN_PIQ,E3415,4,1,0.69
P18905,PN_PIQ,E3416,4,1,4.28
P18906,MA_ROTA,E3416,4,1,1.26
P18907,PN_PIQ,E3416,4,1,0.15
P18908,PN_PIQ,E3416,4,1,1.09
P18909,MA_ROTA,E3416,4,1,0.38
P18910,PN_PIQ,E3416,4,1,0.87
P18911,MA_ROTA,E3416,4,1,1.3
P18912,PN_PIQ,E3416,4,1,0.39
P18913,MA_ROTA,E3417,2,2,2.59
P18914,MA_ROTA,E3418,2,2,1.14
P18915,MA_ROTA,E3418,2,2,0.27
P18917,MA_ROTA,E3418,2,2,0.11
P18918,MA_ROTA,E3418,2,2,0.11
P18919,MA_ROTA,E3418,2,2,0.1
P18921,IG_PLA,E3419,5,1,3.8
P18927,ME,E3420,3,2,1.48
P18928,MA_ROTA,E3420,3,2,2.48
P18929,PN_PIQ,E3420,3,2,0.72
P18930,MA_ROTA,E3420,3,2,1.75
P18931,MA_ROTA,E3420,3,2,0.8
P18932,PN_PIQ,E3420,3,2,0.63
P18933,MA_ROTA,E3420,3,2,1.52
P18935,MA_ROTA,E3421,3,2,3.04
P18936,MA_ROTA,E3421,3,2,0.11
P18937,MA_ROTA,E3421,3,2,0.55
P18938,MA_ROTA,E3421,3,2,1.35
P18939,MA_ROTA,E3421,3,2,8.47
P18940,MA_ROTA,E3421,3,2,1.37
P18941,IG_PLA,E3422,5,1,0.45
P18942,AG,E3422,5,1,0.27
P18946,TH,E3422,5,1,0.62
P18947,AN_PA,E3422,5,1,0.31
P18948,TH,E3422,5,1,0.6
P18949,IG_PLA,E3422,5,1,0.65
P18950,AN_PA,E3422,5,1,0.19
P18951,IG_PLA,E3422,5,1,0.41
P18952,AN_PA,E3422,5,1,1.83
P18953,AN_PA,E3422,5,1,0.7
P18954,PN_PIQ,E3422,5,1,0.37
P18955,AN_PA,E3422,5,1,0.45
P18956,AN_PA,E3422,5,1,0.33
P18957,AN_PA,E3422,5,1,0.68
P18958,AN_PA,E3422,5,1,0.51
P18959,AN_PA,E3422,5,1,0.06
P18960,AN_PA,E3422,5,1,0.17
P18961,AN_PA,E3422,5,1,0.29
P18962,AN_PA,E3422,5,1,0.21
P18963,AN_PA,E3422,5,1,0.22
P18964,IG_PLA,E3422,5,1,0.1
P18965,IG_PLA,E3422,5,1,0.29
P18966,AN_PA,E3422,5,1,1.67
P18967,AN_PA,E3422,5,1,0.28
P18968,IG_PLA,E3422,5,1,0.33
P18969,IG_PLA,E3422,5,1,0.99
P18970,IG_PLA,E3422,5,1,1.42
P18971,AG,E3422,5,1,0.71
P18972,AN_PA,E3422,5,1,1.12
P18973,AN_PA,E3422,5,1,0.41
P18974,IG_PLA,E3422,5,1,0.25
P18975,AN_PA,E3422,5,1,0.58
P18976,AN_PA,E3422,5,1,0.16
P18977,AN_PA,E3422,5,1,0.59
P18978,AN_PA,E3422,5,1,1.05
P18979,BC_BT,E3422,5,1,0.69
P18980,IG_PLA,E3422,5,1,0.39
P18981,BC_BT,E3422,5,1,0.83
P18982,AN_PA,E3422,5,1,2.46
P18983,AG,E3422,5,1,1.42
P18984,AN_PA,E3422,5,1,0.35
P18985,AN_PA,E3422,5,1,0.82
P18986,AN_PA,E3422,5,1,0.3
P18987,AN_PA,E3422,5,1,0.28
P18988,IG_PLA,E3422,5,1,1.34
P18989,AN_PA,E3422,5,1,0.53
P18990,IG_PLA,E3422,5,1,1.31
P18991,BC_BT,E3422,5,1,1.52
P18994,MA_ROTA,E3423,3,2,0.34
P18995,MA_ROTA,E3423,3,2,2.05
P18996,PN_PIQ,E3423,3,2,1.05
P18997,PN_PIQ,E3423,3,2,0.15
P18998,MA_ROTA,E3424,2,2,2.63
P18999,PN_PIQ,E3424,2,2,1.87
P19000,MA_ROTA,E3424,2,2,0.62
P19001,PN_PIQ,E3424,2,2,3.66
P19002,MA_ROTA,E3424,2,2,0.97
P19003,MA_ROTA,E3425,4,1,0.86
P19004,PN_PIQ,E3425,4,1,0.58
P19005,MA_ROTA,E3425,4,1,0.33
P19006,MA_ROTA,E3425,4,1,1.1
P19007,PN_PIQ,E3425,4,1,0.54
P19008,PN_PIQ,E3426,3,2,1.88
P19009,PN_PIQ,E3426,3,2,0.51
P19010,PN_PIQ,E3426,3,2,0.02
P19011,PN_PIQ,E3426,3,2,0.37
P19012,PN_PIQ,E3427,2,2,4.11
P19013,PN_PIQ,E3427,2,2,0.41
P19014,PN_PIQ,E3428,7,3,0.3
P19015,PN_PIQ,E3428,7,3,0.37
P19016,PN_PIQ,E3428,7,3,0.48
P19017,PN_PIQ,E3429,7,3,0.87
P19018,PN_PIQ,E3429,7,3,1.02
P19019,PN_PIQ,E3429,7,3,4.24
P19020,PN_PIQ,E3430,7,3,0.76
P19021,PN_PIQ,E3430,7,3,1.47
P19022,PN_PIQ,E3430,7,3,0.3
P19023,PN_PIQ,E3430,7,3,1.26
P19024,PN_PIQ,E3430,7,3,0.26
P19025,PN_PIQ,E3430,7,3,0.82
P19026,PN_PIQ,E3431,7,3,0.88
P19027,PN_PIQ,E3431,7,3,0.48
P19028,PN_PIQ,E3431,7,3,1.01
P19029,PN_PIQ,E3432,7,3,0.93
P19030,PN_PIQ,E3432,7,3,0.62
P19031,PN_PIQ,E3432,7,3,3.5
P19032,PN_PIQ,E3432,7,3,0.38
P19033,PN_PIQ,E3433,7,3,0.46
P19034,PN_PIQ,E3433,7,3,0.56
P19035,PN_PIQ,E3433,7,3,0.18
P19036,PN_PIQ,E3433,7,3,0.52
P19037,PN_PIQ,E3433,7,3,0.31
P19038,PN_PIQ,E3433,7,3,0.05
P19039,PN_PIQ,E3433,7,3,0.4
P19040,PN_PIQ,E3433,7,3,1.54
P19041,PN_PIQ,E3434,7,3,1.33
P19042,PN_PIQ,E3435,7,3,0.49
P19043,PN_PIQ,E3435,7,3,1.92
P19044,PN_PIQ,E3435,7,3,0.76
P19045,PN_PIQ,E3436,7,3,1.29
P19046,PN_PIQ,E3436,7,3,0.33
P19047,PN_PIQ,E3437,7,3,0.17
P19048,PN_PIQ,E3437,7,3,0.42
P19049,PN_PIQ,E3437,7,3,0.3
P19050,PN_PIQ,E3437,7,3,0.77
P19051,PN_PIQ,E3438,7,3,0.82
P19052,PN_PIQ,E3438,7,3,1.49
P19053,IG_PLA,E3439,5,1,3.33
P19054,MA_ROTA,E3439,4,1,1.67
P19055,PN_PIQ,E3439,4,1,1.07
P19056,MA_ROTA,E3439,4,1,1.31
P19057,PN_PIQ,E3439,4,1,1.38
P19058,MA_ROTA,E3439,4,1,2.19
P19059,PN_PIQ,E3439,4,1,0.59
P19060,PN_PIQ,E3439,4,1,1.35
P19061,PN_PIQ,E3439,4,1,0.56
P19062,PN_PIQ,E3440,3,2,0.46
P19063,PN_PIQ,E3441,7,3,0.74
P19064,PN_PIQ,E3441,7,3,1.15
P19065,PN_PIQ,E3441,7,3,0.43
P19066,PN_PIQ,E3442,7,3,0.68
P19067,PN_PIQ,E3442,7,3,0.17
P19068,PN_PIQ,E3442,7,3,0.43
P19069,PN_PIQ,E3442,7,3,1.48
P19070,MA_ROTA,E3443,2,2,1.39
P19071,MA_ROTA,E3443,2,2,0.78
P19072,PN_PIQ,E3444,7,3,0.69
P19073,PN_PIQ,E3444,7,3,0.36
P19074,PN_PIQ,E3444,7,3,0.03
P19075,PN_PIQ,E3444,7,3,0.11
P19076,PN_PIQ,E3445,3,2,0.14
P19077,PN_PIQ,E3445,3,2,0.98
P19078,MA_ROTA,E3445,3,2,0.99
P19079,PN_PIQ,E3446,7,3,0.13
P19080,PN_PIQ,E3446,7,3,2.92
P19081,PN_PIQ,E3446,7,3,0.22
P19082,PN_PIQ,E3446,7,3,0.13
P19083,PN_PIQ,E3446,7,3,1.03
P19084,PN_PIQ,E3446,7,3,0.92
P19085,PN_PIQ,E3446,7,3,0.27
P19086,PN_PIQ,E3446,7,3,0.24
P19087,PN_PIQ,E3446,7,3,0.56
P19088,PN_PIQ,E3447,7,3,1.08
P19089,PN_PIQ,E3447,7,3,0.44
P19090,PN_PIQ,E3447,7,3,0.36
P19091,PN_PIQ,E3448,7,3,0.75
P19092,PN_PIQ,E3448,7,3,0.54
P19093,PN_PIQ,E3449,7,3,0.3
P19094,PN_PIQ,E3449,7,3,0.49
P19095,PN_PIQ,E3449,7,3,0.19
P19096,PN_PIQ,E3449,7,3,0.17
P19097,PN_PIQ,E3449,7,3,0.16
P19098,PN_PIQ,E3449,7,3,0.23
P19099,PN_PIQ,E3450,7,3,0.06
P19100,PN_PIQ,E3450,7,3,0.26
P19101,PN_PIQ,E3450,7,3,1.47
P19102,PN_PIQ,E3450,4,1,0.21
P19103,PN_PIQ,E3450,7,3,0.39
P19104,PN_PIQ,E3451,7,3,0.66
P19105,PN_PIQ,E3451,7,3,0.25
P19106,PN_PIQ,E3451,7,3,0.47
P19107,PN_PIQ,E3451,7,3,0.25
P19108,PN_PIQ,E3451,7,3,0.32
P19109,PN_PIQ,E3452,7,3,0.44
P19110,PN_PIQ,E3452,7,3,0.46
P19111,PN_PIQ,E3452,7,3,0.57
P19112,PN_PIQ,E3452,7,3,0.79
P19114,PN_PIQ,E3452,7,3,0.66
P19115,PN_PIQ,E3452,7,3,0.54
P19116,PN_PIQ,E3453,7,3,0.42
P19117,PN_PIQ,E3453,7,3,0.86
P19118,PN_PIQ,E3453,7,3,0.67
P19119,PN_PIQ,E3453,7,3,0.35
P19120,PN_PIQ,E3454,7,3,0.4
P19121,PN_PIQ,E3454,7,3,1.21
P19122,PN_PIQ,E3454,7,3,0.82
P19123,PN_PIQ,E3454,7,3,0.24
P19124,PN_PIQ,E3454,7,3,0.3
P19125,PN_PIQ,E3455,7,3,0.16
P19126,PN_PIQ,E3455,7,3,0.33
P19127,PN_PIQ,E3455,7,3,0.06
P19128,PN_PIQ,E3455,7,3,0.15
P19129,PN_PIQ,E3456,7,3,0.48
P19131,PN_PIQ,E3456,7,3,0.33
P19132,PN_PIQ,E3456,7,3,0.27
P19133,PN_PIQ,E3456,7,3,0.13
P19134,PN_PIQ,E3456,7,3,0.22
P19135,PN_PIQ,E3457,7,3,0.44
P19136,PN_PIQ,E3457,7,3,1.23
P19137,PN_PIQ,E3458,7,3,0.45
P19138,PN_PIQ,E3458,7,3,0.49
P19139,PN_PIQ,E3458,7,3,0.35
P19140,PN_PIQ,E3458,7,3,0.22
P19141,PN_PIQ,E3459,7,3,1.07
P19142,PN_PIQ,E3459,7,3,0.34
P19143,PN_PIQ,E3459,7,3,1.16
P19145,PN_PIQ,E3459,7,3,1.05
P19147,PN_PIQ,E3459,7,3,0.54
P19148,PN_PIQ,E3460,7,3,0.2
P19149,PN_PIQ,E3460,7,3,0.17
P19150,PN_PIQ,E3460,7,3,0.06
P19151,PN_PIQ,E3461,7,3,1.21
P19152,PN_PIQ,E3461,7,3,0.96
P19153,PN_PIQ,E3461,7,3,0.68
P19154,PN_PIQ,E3461,7,3,0.32
P19155,PN_PIQ,E3462,4,1,1.24
P19156,PN_PIQ,E3462,4,1,3.07
P19157,PN_PIQ,E3462,4,1,2.15
P19158,PN_PIQ,E3462,4,1,0.9
P19159,PN_PIQ,E3463,7,3,0.56
P19160,PN_PIQ,E3463,7,3,0.27
P19161,PN_PIQ,E3463,7,3,0.95
P19162,PN_PIQ,E3463,7,3,0.38
P19163,PN_PIQ,E3463,7,3,0.72
P19164,PN_PIQ,E3464,7,3,0.71
P19165,PN_PIQ,E3464,7,3,0.17
P19166,PN_PIQ,E3464,7,3,0.07
P19167,PN_PIQ,E3464,7,3,0.81
P19168,PN_PIQ,E3465,7,3,0.56
P19169,PN_PIQ,E3465,7,3,0.17
P19170,PN_PIQ,E3465,7,3,0.38
P19171,PN_PIQ,E3465,7,3,0.29
P19173,MA_ROTA,E3466,1,2,1.88
P19174,MA_ROTA,E3466,1,2,1.85
P19175,MA_ROTA,E3466,2,2,0.05
P19176,MA_ROTA,E3466,1,2,0.57
P19177,PN_PIQ,E3466,1,2,1.58
P19178,PN_PIQ,E3467,7,3,1.34
P19179,PN_PIQ,E3467,7,3,0.5
P19180,PN_PIQ,E3467,7,3,0.33
P19181,PN_PIQ,E3467,7,3,0.77
P19182,PN_PIQ,E3467,7,3,0.61
P19183,PN_PIQ,E3468,2,2,2.32
P19184,PN_PIQ,E3469,7,3,0.37
P19185,PN_PIQ,E3469,7,3,0.54
P19186,PN_PIQ,E3469,7,3,0.52
P19187,PN_PIQ,E3469,7,3,0.94
P19188,PN_PIQ,E3469,7,3,0.2
P19189,PN_PIQ,E3469,7,3,0.23
P19190,PN_PIQ,E3470,3,2,0.4
P19191,MA_ROTA,E3470,3,2,0.65
P19193,MA_ROTA,E3470,3,2,0.21
P19194,MA_ROTA,E3470,3,2,0.35
P19195,PN_PIQ,E3470,3,2,6.99
P19196,MA_ROTA,E3470,3,2,0.85
P19197,MA_ROTA,E3470,3,2,0.84
P19198,MA_ROTA,E3470,3,2,2.97
P19200,PN_PIQ,E3470,3,2,3.4
P19201,MA_ROTA,E3470,3,2,0.7
P19202,MA_ROTA,E3470,3,2,0.65
P19203,PN_PIQ,E3471,7,3,0.18
P19204,PN_PIQ,E3471,7,3,0.26
P19205,PN_PIQ,E3471,7,3,0.13
P19206,PN_PIQ,E3471,7,3,0.28
P19207,PN_PIQ,E3471,7,3,0.11
P19208,PN_PIQ,E3471,7,3,0.2
P19209,PN_PIQ,E3471,7,3,0.11
P19210,PN_PIQ,E3471,7,3,0.3
P19211,PN_PIQ,E3471,7,3,0.35
P19212,PN_PIQ,E3471,7,3,0.25
P19213,PN_PIQ,E3471,7,3,0.35
P19214,PN_PIQ,E3472,7,3,0.17
P19215,PN_PIQ,E3472,7,3,0.39
P19216,PN_PIQ,E3472,7,3,0.5
P19217,PN_PIQ,E3472,7,3,0.18
P19218,PN_PIQ,E3472,7,3,0.15
P19219,PN_PIQ,E3472,7,3,0.39
P19220,PN_PIQ,E3472,7,3,0.2
P19221,PN_PIQ,E3473,7,3,0.63
P19222,PN_PIQ,E3473,7,3,0.18
P19223,PN_PIQ,E3473,7,3,0.7
P19224,PN_PIQ,E3474,7,3,0.23
P19225,PN_PIQ,E3474,7,3,0.66
P19226,PN_PIQ,E3474,7,3,0.1
P19227,PN_PIQ,E3474,7,3,0.16
P19228,PN_PIQ,E3474,7,3,0.48
P19229,PN_PIQ,E3474,7,3,0.28
P19230,PN_PIQ,E3475,7,3,0.48
P19231,PN_PIQ,E3475,7,3,0.73
P19232,PN_PIQ,E3475,7,3,1.05
P19233,PN_PIQ,E3476,2,2,0.43
P19234,PN_PIQ,E3476,2,2,1.12
P19235,PN_PIQ,E3476,2,2,0.15
P19236,PN_PIQ,E3476,2,2,1.04
P19237,PN_PIQ,E3476,2,2,0.27
P19238,PN_PIQ,E3477,2,2,0.55
P19239,PN_PIQ,E3477,2,2,0.25
P19240,PN_PIQ,E3477,2,2,0.4
P19241,PN_PIQ,E3477,2,2,0.32
P19242,PN_PIQ,E3477,2,2,0.3
P19243,PN_PIQ,E3477,2,2,0.31
P19244,PN_PIQ,E3477,2,2,0.14
P19245,MA_ROTA,E3478,2,2,1.19
P19246,MA_ROTA,E3478,2,2,1.04
P19247,PN_PIQ,E3479,3,2,1.0
P19248,PN_PIQ,E3479,3,2,0.15
P19249,PN_PIQ,E3479,3,2,0.07
P19250,PN_PIQ,E3479,3,2,1.22
P19251,PN_PIQ,E3479,3,2,0.36
P19252,PN_PIQ,E3480,2,2,0.97
P19253,PN_PIQ,E3480,2,2,1.1
P19254,PN_PIQ,E3480,2,2,0.97
P19255,PN_PIQ,E3481,1,2,0.18
P19256,MA_ROTA,E3481,1,2,5.27
P19257,PN_PIQ,E3481,1,2,2.3
P19258,MA_ROTA,E3482,2,2,0.95
P19259,MA_ROTA,E3482,2,2,0.3
P19260,PN_PIQ,E3482,2,2,1.05
P19261,MA_ROTA,E3483,2,2,0.78
P19262,MA_ROTA,E3483,2,2,0.71
P19263,PN_PIQ,E3483,2,2,0.53
P19264,MA_ROTA,E3483,2,2,1.07
P19265,MA_ROTA,E3483,2,2,1.19
P19266,MA_ROTA,E3483,2,2,0.99
P19267,MA_ROTA,E3483,2,2,0.79
P19268,PN_PIQ,E3483,2,2,0.98
P19269,MA_ROTA,E3483,2,2,0.43
P19270,MA_ROTA,E3484,3,2,1.0
P19271,PN_PIQ,E3484,3,2,0.56
P19273,PN_PIQ,E3484,3,2,1.02
P19274,PN_PIQ,E3484,3,2,0.87
P19275,MA_ROTA,E3484,3,2,0.71
P19276,PN_PIQ,E3484,3,2,2.08
P19278,MA_ROTA,E3484,3,2,1.03
P19280,MA_ROTA,E3484,3,2,0.74
P19281,MA_ROTA,E3484,3,2,0.66
P19283,MA_ROTA,E3484,3,2,0.21
P19285,MA_ROTA,E3484,3,2,0.66
P19286,MA_ROTA,E3484,3,2,0.26
P19287,PN_PIQ,E3484,3,2,0.32
P19288,MA_ROTA,E3484,3,2,0.4
P19290,MA_ROTA,E3485,2,2,2.52
P19291,MA_ROTA,E3485,2,2,9.79
P19298,TH,E3485,6,1,0.77
P19300,PN_PIQ,E3486,2,2,1.28
P19302,PN_PIQ,E3487,7,3,0.07
P19303,PN_PIQ,E3487,7,3,0.04
P19304,PN_PIQ,E3487,7,3,0.89
P19305,PN_PIQ,E3487,7,3,0.02
P19306,PN_PIQ,E3487,7,3,0.34
P19307,PN_PIQ,E3487,7,3,0.7
P19308,PN_PIQ,E3487,7,3,0.11
P19309,PN_PIQ,E3487,7,3,0.13
P19310,PN_PIQ,E3487,7,3,0.48
P19311,PN_PIQ,E3487,7,3,0.55
P19312,PN_PIQ,E3487,7,3,0.46
P19313,PN_PIQ,E3487,7,3,0.14
P19314,PN_PIQ,E3487,7,3,0.77
P19315,PN_PIQ,E3487,7,3,0.44
P19316,PN_PIQ,E3488,7,3,0.37
P19317,PN_PIQ,E3488,7,3,0.75
P19318,PN_PIQ,E3488,7,3,0.27
P19319,PN_PIQ,E3488,7,3,0.42
P19320,PN_PIQ,E3489,7,3,1.01
P19321,PN_PIQ,E3489,7,3,0.71
P19322,PN_PIQ,E3490,7,3,1.18
P19323,PN_PIQ,E3490,7,3,0.17
P19324,PN_PIQ,E3491,7,3,0.4
P19325,PN_PIQ,E3491,7,3,0.1
P19326,PN_PIQ,E3492,7,3,0.5
P19327,PN_PIQ,E3492,7,3,0.35
P19328,PN_PIQ,E3492,7,3,0.22
P19329,PN_PIQ,E3492,7,3,0.47
P19330,PN_PIQ,E3493,7,3,0.54
P19331,PN_PIQ,E3493,7,3,0.09
P19332,PN_PIQ,E3493,7,3,0.22
P19333,PN_PIQ,E3493,7,3,0.44
P19334,PN_PIQ,E3493,7,3,0.04
P19335,PN_PIQ,E3493,7,3,0.11
P19336,PN_PIQ,E3494,4,1,0.04
P19337,PN_PIQ,E3494,4,1,1.34
P19338,PN_PIQ,E3494,4,1,0.71
P19339,PN_PIQ,E3494,4,1,0.14
P19340,PN_PIQ,E3494,4,1,0.48
P19341,PN_PIQ,E3494,4,1,0.07
P19343,PN_PIQ,E3494,4,1,0.03
P19344,PN_PIQ,E3494,4,1,1.01
P19345,PN_PIQ,E3494,4,1,2.83
P19346,PN_PIQ,E3494,4,1,0.42
P19347,PN_PIQ,E3494,4,1,0.27
P19348,PN_PIQ,E3494,4,1,0.16
P19349,PN_PIQ,E3494,4,1,0.19
P19350,PN_PIQ,E3494,4,1,0.39
P19351,PN_PIQ,E3494,4,1,0.14
P19352,PN_PIQ,E3494,4,1,0.18
P19353,PN_PIQ,E3494,4,1,0.09
P19354,PN_PIQ,E3494,4,1,0.05
P19355,PN_PIQ,E3494,4,1,0.18
P19356,PN_PIQ,E3495,4,1,1.0
P19357,PN_PIQ,E3495,4,1,0.64
P19358,PN_PIQ,E3496,7,3,1.27
P19359,PN_PIQ,E3496,7,3,1.3
P19360,PN_PIQ,E3496,7,3,1.31
P19361,PN_PIQ,E3497,3,2,4.01
P19362,MA_ROTA,E3498,2,2,4.6
P19363,MA_ROTA,E3499,1,2,4.38
P19365,MA_ROTA,E3499,1,2,0.74
P19367,MA_ROTA,E3499,1,2,0.41
P19368,PN_PIQ,E3499,1,2,0.14
P19369,PN_PIQ,E3500,3,2,2.56
P19370,PN_PIQ,E3501,3,2,5.47
P19371,MA_ROTA,E3501,3,2,4.59
P19372,MA_ROTA,E3501,3,2,4.74
P19373,MA_ROTA,E3501,3,2,5.7
P19374,MA_ROTA,E3501,3,2,7.12
P19375,MA_ROTA,E3501,3,2,4.67
P19376,MA_ROTA,E3501,3,2,3.88
P19377,PN_PIQ,E3501,3,2,3.18
P19378,PN_PIQ,E3502,4,1,0.33
P19379,PN_PIQ,E3502,4,1,2.97
P19380,PN_PIQ,E3502,4,1,1.63
P19381,PN_PIQ,E3502,4,1,1.25
P19382,PN_PIQ,E3502,4,1,0.19
P19383,PN_PIQ,E3502,4,1,1.02
P19384,PN_PIQ,E3502,4,1,0.32
P19385,PN_PIQ,E3502,4,1,0.72
P19387,PN_PIQ,E3502,4,1,0.04
P19388,PN_PIQ,E3502,4,1,0.29
P19389,PN_PIQ,E3502,4,1,0.67
P19390,PN_PIQ,E3502,4,1,0.73
P19391,PN_PIQ,E3502,4,1,1.34
P19392,PN_PIQ,E3502,4,1,0.14
P19393,PN_PIQ,E3502,4,1,0.95
P19394,PN_PIQ,E3502,4,1,0.84
P19395,PN_PIQ,E3502,4,1,0.15
P19396,PN_PIQ,E3502,4,1,0.21
P19397,PN_PIQ,E3502,4,1,0.25
P19398,PN_PIQ,E3502,4,1,0.16
P19399,PN_PIQ,E3502,4,1,1.13
P19400,PN_PIQ,E3502,4,1,0.79
P19401,PN_PIQ,E3502,4,1,2.36
P19402,PN_PIQ,E3502,4,1,0.8
P19403,PN_PIQ,E3502,4,1,1.27
P19404,PN_PIQ,E3502,4,1,0.07
P19405,PN_PIQ,E3502,4,1,0.6
P19408,PN_PIQ,E3502,4,1,1.0
P19409,PN_PIQ,E3502,4,1,0.68
P19410,PN_PIQ,E3502,4,1,1.66
P19411,PN_PIQ,E3502,4,1,0.21
P19412,PN_PIQ,E3502,4,1,0.64
P19414,PN_PIQ,E3502,4,1,1.59
P19415,PN_PIQ,E3502,4,1,0.37
P19416,MA_ROTA,E3503,3,2,5.8
P19417,MA_ROTA,E3503,3,2,15.83
P19418,PN_PIQ,E3503,3,2,5.75
P19420,MA_ROTA,E3503,3,2,6.2
P19421,MA_ROTA,E3503,3,2,11.2
P19422,MA_ROTA,E3503,3,2,11.83
P19423,PN_PIQ,E3503,3,2,20.11
P19424,MA_ROTA,E3503,3,2,15.08
P19425,MA_ROTA,E3503,3,2,14.49
P19426,MA_ROTA,E3503,3,2,21.7
P19427,PN_PIQ,E3503,3,2,18.64
P19428,MA_ROTA,E3503,3,2,3.21
P19431,MA_ROTA,E3503,3,2,2.66
P19434,PN_PIQ,E3503,3,2,2.51
P19435,MA_ROTA,E3503,3,2,9.27
P19436,MA_ROTA,E3503,3,2,15.59
P19437,PN_PIQ,E3503,3,2,2.19
P19438,PN_PIQ,E3503,3,2,5.38
P19439,MA_ROTA,E3503,3,2,15.01
P19440,PN_PIQ,E3503,3,2,27.52
P19441,MA_ROTA,E3503,3,2,7.48
P19442,PN_PIQ,E3503,3,2,6.92
P19443,MA_ROTA,E3503,3,2,6.31
P19445,PN_PIQ,E3504,7,3,1.2
P19446,MA_ROTA,E3505,5,1,0.26
P19447,MA_ROTA,E3505,5,1,0.6
P19448,MA_ROTA,E3505,5,1,1.12
P19450,MA_ROTA,E3505,5,1,1.21
P19454,MA_ROTA,E3505,5,1,0.32
P19455,MA_ROTA,E3505,5,1,0.32
P19457,MA_ROTA,E3505,5,1,0.17
P19459,PN_PIQ,E3507,1,2,0.44
P19460,AG,E3507,6,1,5.53
P19462,MA_ROTA,E3508,2,2,4.98
P19463,PN_PIQ,E3509,6,1,0.01
P19464,AN_PA,E3510,5,1,0.08
P19465,BC_BT,E3510,5,1,0.05
P19466,PN_PIQ,E3511,7,3,0.57
P19467,PN_PIQ,E3512,7,3,1.86
P19468,PN_PIQ,E3512,7,3,0.62
P19469,PN_PIQ,E3513,7,3,0.27
P19470,PN_PIQ,E3513,7,3,0.98
P19471,PN_PIQ,E3513,7,3,0.28
P19473,MA_ROTA,E3515,5,1,0.92
P19474,MA_ROTA,E3515,5,1,3.25
P19475,MA_ROTA,E3515,5,1,1.22
P19476,MA_ROTA,E3515,5,1,1.01
P19477,MA_ROTA,E3515,5,1,0.89
P19478,MA_ROTA,E3515,5,1,2.47
P19479,MA_ROTA,E3515,5,1,2.39
P19480,MA_ROTA,E3515,5,1,2.71
P19481,MA_ROTA,E3515,5,1,4.88
P19482,MA_ROTA,E3515,5,1,3.96
P19483,MA_ROTA,E3515,5,1,2.08
P19484,MA_ROTA,E3515,5,1,3.44
P19485,MA_ROTA,E3515,5,1,5.63
P19486,MA_ROTA,E3515,5,1,1.73
P19487,MA_ROTA,E3515,5,1,1.09
P19488,MA_ROTA,E3515,5,1,0.91
P19489,MA_ROTA,E3515,5,1,0.59
P19490,MA_ROTA,E3515,5,1,1.8
P19491,MA_ROTA,E3515,5,1,2.58
P19492,MA_ROTA,E3516,5,1,1.02
P19493,MA_ROTA,E3516,5,1,2.34
P19494,MA_ROTA,E3516,5,1,3.79
P19495,MA_ROTA,E3516,5,1,3.51
P19496,MA_ROTA,E3516,5,1,1.44
P19497,MA_ROTA,E3516,5,1,0.45
P19498,MA_ROTA,E3516,5,1,0.18
P19499,MA_ROTA,E3516,5,1,1.79
P19500,MA_ROTA,E3516,5,1,3.16
P19501,MA_ROTA,E3516,5,1,4.17
P19502,MA_ROTA,E3516,5,1,2.49
P19503,MA_ROTA,E3516,5,1,1.96
P19504,MA_ROTA,E3516,5,1,0.55
P19505,MA_ROTA,E3516,5,1,1.35
P19506,MA_ROTA,E3516,5,1,1.23
P19507,MA_ROTA,E3516,5,1,1.72
P19508,MA_ROTA,E3516,5,1,2.72
P19509,MA_ROTA,E3516,5,1,2.06
P19510,MA_ROTA,E3516,5,1,2.9
P19511,MA_ROTA,E3516,5,1,3.25
P19512,MA_ROTA,E3516,5,1,1.97
P19513,MA_ROTA,E3516,5,1,2.38
P19514,MA_ROTA,E3516,5,1,2.51
P19515,MA_ROTA,E3516,5,1,1.12
P19516,MA_ROTA,E3516,5,1,1.23
P19517,MA_ROTA,E3516,5,1,0.52
P19518,MA_ROTA,E3516,5,1,1.42
P19519,MA_ROTA,E3516,5,1,2.34
P19520,AN_PA,E3516,5,1,0.58
P19521,MA_ROTA,E3516,5,1,1.61
P19522,MA_ROTA,E3516,5,1,0.56
P19523,MA_ROTA,E3516,5,1,1.45
P19524,MA_ROTA,E3516,5,1,1.43
P19525,MA_ROTA,E3516,5,1,2.71
P19526,MA_ROTA,E3516,5,1,2.09
P19527,MA_ROTA,E3516,5,1,0.64
P19528,MA_ROTA,E3516,5,1,2.06
P19529,MA_ROTA,E3516,5,1,2.26
P19530,MA_ROTA,E3516,5,1,1.39
P19531,MA_ROTA,E3516,5,1,0.53
P19532,MA_ROTA,E3516,5,1,1.21
P19533,MA_ROTA,E3516,5,1,0.77
P19534,MA_ROTA,E3516,5,1,1.06
P19535,MA_ROTA,E3516,5,1,1.43
P19536,MA_ROTA,E3516,5,1,2.09
P19537,MA_ROTA,E3516,5,1,2.61
P19538,MA_ROTA,E3516,5,1,2.91
P19539,MA_ROTA,E3516,5,1,1.31
P19540,MA_ROTA,E3516,5,1,1.05
P19541,MA_ROTA,E3516,5,1,1.44
P19542,MA_ROTA,E3516,5,1,2.23
P19543,MA_ROTA,E3516,5,1,2.73
P19544,MA_ROTA,E3517,2,2,2.01
P19545,MA_ROTA,E3518,2,2,0.35
P19546,AG,E3519,4,1,0.34
P19547,IG_PLA,E3519,4,1,0.68
P19548,IG_PLA,E3519,4,1,0.41
P19549,AG,E3519,4,1,1.29
P19550,BC_BT,E3519,4,1,0.34
P19551,IG_PLA,E3519,4,1,1.43
P19552,IG_PLA,E3519,4,1,0.49
P19553,AG,E3519,4,1,0.87
P19554,IG_PLA,E3519,4,1,0.57
P19555,IG_PLA,E3519,4,1,1.06
P19556,AG,E3519,4,1,0.85
P19557,IG_PLA,E3519,4,1,0.31
P19558,IG_PLA,E3519,4,1,0.66
P19559,IG_PLA,E3519,4,1,1.47
P19560,IG_PLA,E3519,4,1,0.31
P19561,AG,E3519,4,1,1.8
P19562,AG,E3519,4,1,0.82
P19563,IG_PLA,E3519,4,1,1.09
P19564,IG_PLA,E3519,4,1,0.5
P19565,BC_BT,E3519,4,1,1.16
P19566,IG_PLA,E3519,4,1,0.86
P19567,AG,E3519,4,1,0.93
P19568,IG_PLA,E3519,4,1,1.15
P19570,IG_PLA,E3519,4,1,1.67
P19571,IG_PLA,E3519,4,1,1.06
P19572,IG_PLA,E3519,4,1,0.12
P19573,MA_PAI_NON_NI,E3519,4,1,0.99
P19574,AG,E3519,4,1,0.92
P19575,IG_PLA,E3519,4,1,1.52
P19577,AG,E3519,4,1,0.26
P19580,AG,E3519,4,1,0.34
P19581,BC_BT,E3519,4,1,0.46
P19582,AG,E3519,4,1,0.29
P19583,IG_PLA,E3519,4,1,1.02
P19584,AG,E3519,4,1,0.74
P19585,AG,E3519,4,1,0.45
P19587,AG,E3519,4,1,0.48
P19588,AG,E3519,4,1,0.57
P19589,IG_PLA,E3519,4,1,1.1
P19590,BC_BT,E3519,4,1,0.41
P19591,AG,E3519,4,1,1.51
P19592,IG_PLA,E3519,4,1,0.4
P19593,IG_PLA,E3519,4,1,1.52
P19594,AG,E3519,4,1,0.65
P19596,IG_PLA,E3519,4,1,0.99
P19597,AG,E3519,4,1,0.96
P19598,IG_PLA,E3519,4,1,1.03
P19599,IG_PLA,E3519,4,1,0.56
P19600,BC_BT,E3519,4,1,0.82
P19601,MA_ROTA,E3520,5,1,0.37
P19602,MA_ROTA,E3520,5,1,1.05
P19603,MA_ROTA,E3520,5,1,0.86
P19605,MA_ROTA,E3520,5,1,1.11
P19606,MA_ROTA,E3520,5,1,0.74
P19607,MA_ROTA,E3520,5,1,4.11
P19608,MA_ROTA,E3520,5,1,0.46
P19609,MA_ROTA,E3520,5,1,0.92
P19610,MA_ROTA,E3520,5,1,0.86
P19611,MA_ROTA,E3520,5,1,0.95
P19612,MA_ROTA,E3520,5,1,0.16
P19613,MA_ROTA,E3520,5,1,0.46
P19614,MA_ROTA,E3520,5,1,0.47
P19615,MA_ROTA,E3520,5,1,0.41
P19616,MA_ROTA,E3520,5,1,0.39
P19617,MA_ROTA,E3520,5,1,1.07
P19618,MA_ROTA,E3520,5,1,0.65
P19619,MA_ROTA,E3520,5,1,0.46
P19620,MA_ROTA,E3520,5,1,1.28
P19621,MA_ROTA,E3520,5,1,2.8
P19622,MA_ROTA,E3520,5,1,2.36
P19623,MA_ROTA,E3520,5,1,1.22
P19624,MA_ROTA,E3520,5,1,1.32
P19625,MA_ROTA,E3520,5,1,1.49
P19626,MA_ROTA,E3520,5,1,0.39
P19627,MA_ROTA,E3520,5,1,1.45
P19628,MA_ROTA,E3520,5,1,0.75
P19629,MA_ROTA,E3520,5,1,1.75
P19630,MA_ROTA,E3520,5,1,0.97
P19631,MA_ROTA,E3520,5,1,0.2
P19632,MA_ROTA,E3520,5,1,0.89
P19633,MA_ROTA,E3520,5,1,1.79
P19637,AN_PA,E3520,5,1,1.09
P19638,AN_PA,E3520,5,1,1.65
P19639,AN_PA,E3520,5,1,1.47
P19640,AN_PA,E3520,5,1,0.57
P19641,AN_PA,E3520,5,1,1.54
P19642,AN_PA,E3520,5,1,1.24
P19643,AN_PA,E3520,5,1,0.94
P19644,AN_PA,E3520,5,1,0.38
P19646,AN_PA,E3520,5,1,0.56
P19647,AN_PA,E3520,5,1,1.25
P19648,AN_PA,E3520,5,1,1.06
P19649,AN_PA,E3520,5,1,0.96
P19650,AN_PA,E3520,5,1,0.85
P19651,AN_PA,E3520,5,1,1.77
P19652,AN_PA,E3520,5,1,1.42
P19653,AN_PA,E3520,5,1,1.01
P19654,AN_PA,E3520,5,1,0.46
P19655,AN_PA,E3520,5,1,0.63
P19656,AN_PA,E3520,5,1,0.21
P19657,MA_ROTA,E3520,5,1,0.36
P19658,AN_PA,E3520,5,1,0.47
P19659,AN_PA,E3520,5,1,1.29
P19660,MA_ROTA,E3520,5,1,0.78
P19661,MA_ROTA,E3520,5,1,0.67
P19662,MA_ROTA,E3520,5,1,1.15
P19663,MA_ROTA,E3520,5,1,0.3
P19664,MA_ROTA,E3520,5,1,0.42
P19665,MA_ROTA,E3520,5,1,0.75
P19666,MA_ROTA,E3520,5,1,0.38
P19667,MA_ROTA,E3520,5,1,1.51
P19668,PN_PIQ,E3521,2,2,0.67
P19669,PN_PIQ,E3521,2,2,0.49
P19670,PN_PIQ,E3521,2,2,0.18
P19671,PN_PIQ,E3521,2,2,0.15
P19672,MA_ROTA,E3522,2,2,1.29
P19673,MA_ROTA,E3522,2,2,0.2
P19674,MA_ROTA,E3522,2,2,1.42
P19675,PN_PIQ,E3523,2,2,0.9
P19676,PN_PIQ,E3523,2,2,1.01
P19677,PN_PIQ,E3523,2,2,0.84
P19678,PN_PIQ,E3523,2,2,1.18
P19679,PN_PIQ,E3523,2,2,1.81
P19680,MA_ROTA,E3523,2,2,0.51
P19681,PN_PIQ,E3523,2,2,0.49
P19682,MA_ROTA,E3523,2,2,0.8
P19683,PN_PIQ,E3524,4,1,2.32
P19684,PN_PIQ,E3524,4,1,0.43
P19685,PN_PIQ,E3524,4,1,0.41
P19686,MA_ROTA,E3525,4,1,1.54
P19687,MA_ROTA,E3526,3,2,3.24
P19688,PN_PIQ,E3526,3,2,1.18
P19689,MA_ROTA,E3526,3,2,0.94
P19690,PN_PIQ,E3526,3,2,0.46
P19691,MA_ROTA,E3527,3,2,3.09
P19692,PN_PIQ,E3527,3,2,0.57
P19693,MA_ROTA,E3527,3,2,1.54
P19695,MA_ROTA,E3527,3,2,1.92
P19696,PN_PIQ,E3527,3,2,1.78
P19697,PN_PIQ,E3527,3,2,0.78
P19698,PN_PIQ,E3528,3,2,2.41
P19699,PN_PIQ,E3528,3,2,2.32
P19700,MA_ROTA,E3528,3,2,0.54
P19701,PN_PIQ,E3528,3,2,0.29
P19702,MA_ROTA,E3528,3,2,0.17
P19703,PN_PIQ,E3528,3,2,0.75
P19704,MA_ROTA,E3528,3,2,1.31
P19705,PN_PIQ,E3529,3,2,0.26
P19706,PN_PIQ,E3530,3,2,1.45
P19707,MA_ROTA,E3531,3,2,1.63
P19708,PN_PIQ,E3532,3,2,0.56
P19709,MA_ROTA,E3532,3,2,1.46
P19710,PN_PIQ,E3532,3,2,1.47
P19711,PN_PIQ,E3532,3,2,1.19
P19712,PN_PIQ,E3532,3,2,2.03
P19713,PN_PIQ,E3532,3,2,0.56
P19714,MA_ROTA,E3533,3,2,2.22
P19717,PN_PIQ,E3533,3,2,0.49
P19718,MA_ROTA,E3534,3,2,1.08
P19719,MA_ROTA,E3534,3,2,0.95
P19720,PN_PIQ,E3534,3,2,0.15
P19721,MA_ROTA,E3534,3,2,0.46
P19722,PN_PIQ,E3535,3,2,6.55
P19723,PN_PIQ,E3536,3,2,0.59
P19724,MA_ROTA,E3536,3,2,1.04
P19725,PN_PIQ,E3536,3,2,0.85
P19726,PN_PIQ,E3536,3,2,0.54
P19727,PN_PIQ,E3536,3,2,0.91
P19728,PN_PIQ,E3536,3,2,0.42
P19729,PN_PIQ,E3536,3,2,0.54
P19730,PN_PIQ,E3536,3,2,1.35
P19731,ME,E3537,3,2,1.01
P19732,MA_ROTA,E3537,3,2,0.63
P19733,MA_ROTA,E3537,3,2,0.36
P19734,MA_ROTA,E3538,3,2,1.37
P19735,MA_ROTA,E3538,3,2,4.09
P19736,MA_ROTA,E3538,3,2,0.82
P19737,MA_ROTA,E3538,3,2,1.1
P19738,PN_PIQ,E3538,3,2,3.18
P19739,PN_PIQ,E3539,3,2,0.82
P19740,MA_ROTA,E3540,1,2,1.33
P19741,PN_PIQ,E3540,1,2,0.06
P19742,MA_ROTA,E3540,1,2,1.87
P19743,PN_PIQ,E3540,1,2,0.06
P19744,MA_ROTA,E3540,1,2,1.8
P19745,MA_ROTA,E3540,1,2,0.55
P19746,MA_ROTA,E3541,3,2,0.85
P19747,PN_PIQ,E3541,3,2,2.43
P19748,MA_ROTA,E3541,3,2,1.72
P19749,MA_ROTA,E3541,3,2,1.09
P19750,MA_ROTA,E3541,3,2,2.35
P19751,MA_ROTA,E3541,3,2,0.6
P19752,PN_PIQ,E3541,3,2,0.49
P19753,PN_PIQ,E3541,3,2,0.61
P19754,PN_PIQ,E3541,3,2,0.28
P19755,PN_PIQ,E3541,3,2,0.78
P19756,PN_PIQ,E3541,3,2,0.98
P19757,PN_PIQ,E3542,3,2,6.17
P19758,MA_ROTA,E3542,3,2,11.86
P19759,MA_ROTA,E3542,3,2,5.94
P19760,MA_ROTA,E3542,3,2,3.74
P19761,MA_ROTA,E3542,3,2,9.21
P19762,MA_ROTA,E3542,3,2,1.31
P19763,PN_PIQ,E3542,3,2,1.06
P19764,PN_PIQ,E3542,3,2,6.56
P19765,MA_ROTA,E3542,3,2,1.3
P19767,MA_ROTA,E3542,3,2,13.96
P19768,PN_PIQ,E3542,3,2,5.03
P19769,MA_ROTA,E3543,2,2,1.32
P19770,MA_ROTA,E3543,3,2,9.65
P19771,MA_ROTA,E3543,2,2,0.81
P19772,PN_PIQ,E3543,2,2,2.68
P19773,MA_ROTA,E3543,2,2,1.6
P19774,MA_ROTA,E3543,2,2,0.31
P19775,MA_ROTA,E3543,2,2,0.22
P19776,MA_ROTA,E3543,2,2,0.73
P19777,MA_ROTA,E3543,2,2,2.82
P19778,MA_ROTA,E3543,3,2,1.44
P19779,MA_ROTA,E3543,3,2,3.99
P19780,PN_PIQ,E3543,3,2,2.85
P19781,PN_PIQ,E3543,3,2,2.89
P19782,MA_ROTA,E3543,2,2,1.86
P19783,MA_ROTA,E3543,3,2,14.91
P19784,PN_PIQ,E3543,3,2,11.18
P19785,MA_ROTA,E3543,3,2,2.08
P19786,MA_ROTA,E3543,3,2,3.72
P19787,PN_PIQ,E3543,3,2,3.14
P19788,MA_ROTA,E3543,3,2,1.6
P19789,MA_ROTA,E3543,3,2,6.77
P19790,MA_ROTA,E3543,2,2,0.76
P19791,MA_ROTA,E3543,3,2,2.39
P19792,PN_PIQ,E3543,3,2,1.34
P19793,MA_ROTA,E3543,3,2,1.73
P19794,MA_ROTA,E3543,2,2,3.94
P19795,MA_ROTA,E3543,2,2,0.65
P19796,MA_ROTA,E3543,3,2,2.97
P19797,MA_ROTA,E3543,3,2,3.31
P19798,MA_ROTA,E3543,2,2,0.22
P19799,MA_ROTA,E3543,2,2,0.52
P19800,PN_PIQ,E3543,2,2,0.07
P19801,PN_PIQ,E3543,2,2,3.35
P19802,MA_ROTA,E3543,2,2,0.65
P19804,AG,E3544,4,1,4.4
P19805,AN_PA,E3544,4,1,2.17
P19806,IG_PLA,E3544,4,1,2.67
P19809,AN_PA,E3544,4,1,2.73
P19810,PN_PIQ,E3544,4,1,3.56
P19811,PN_PIQ,E3544,4,1,1.59
P19812,PN_PIQ,E3544,4,1,1.07
P19813,PN_PIQ,E3544,4,1,1.7
P19815,PN_PIQ,E3544,4,1,0.75
P19816,IG_PLA,E3544,4,1,4.93
P19817,AN_PA,E3544,4,1,3.3
P19818,PN_PIQ,E3544,4,1,0.46
P19819,PN_PIQ,E3544,4,1,0.2
P19820,PN_PIQ,E3544,4,1,0.11
P19821,PN_PIQ,E3544,4,1,0.59
P19822,PN_PIQ,E3544,4,1,1.26
P19824,AG,E3544,5,1,1.34
P19826,PN_PIQ,E3544,4,1,3.11
P19827,PN_PIQ,E3544,4,1,2.49
P19828,IG_PLA,E3544,4,1,2.02
P19829,PN_PIQ,E3544,4,1,2.16
P19830,IG_PLA,E3544,4,1,9.43
P19831,PN_PIQ,E3544,4,1,0.82
P19832,PN_PIQ,E3544,4,1,2.63
P19833,IG_PLA,E3544,4,1,7.7
P19834,PN_PIQ,E3544,4,1,0.37
P19835,BC_BT,E3544,4,1,9.63
P19836,MA_ROTA,E3545,2,2,0.08
P19837,MA_ROTA,E3545,2,2,0.72
P19838,MA_ROTA,E3545,2,2,0.99
P19839,PN_PIQ,E3545,2,2,0.67
P19840,MA_ROTA,E3545,2,2,0.38
P19841,MA_ROTA,E3545,2,2,0.93
P19842,MA_ROTA,E3545,2,2,0.2
P19843,MA_ROTA,E3545,2,2,0.43
P19844,PN_PIQ,E3545,2,2,0.91
P19845,MA_ROTA,E3545,2,2,0.13
P19846,MA_ROTA,E3545,2,2,0.7
P19847,PN_PIQ,E3546,7,3,0.43
P19848,PN_PIQ,E3547,2,2,1.5
P19849,PN_PIQ,E3547,2,2,0.62
P19850,PN_PIQ,E3547,2,2,0.33
P19851,MA_ROTA,E3548,2,2,0.99
P19852,PN_PIQ,E3548,2,2,0.59
P19853,PN_PIQ,E3549,7,3,1.41
P19854,PN_PIQ,E3549,7,3,5.32
P19855,PN_PIQ,E3549,7,3,0.75
P19856,MA_ROTA,E3550,3,2,1.78
P19857,MA_ROTA,E3550,3,2,2.67
P19858,MA_ROTA,E3550,3,2,2.05
P19860,MA_ROTA,E3550,3,2,2.18
P19861,MA_ROTA,E3550,3,2,0.95
P19862,PN_PIQ,E3550,3,2,0.74
P19863,MA_ROTA,E3551,2,2,0.86
P19864,MA_ROTA,E3551,2,2,0.09
P19865,PN_PIQ,E3551,2,2,0.59
P19866,MA_ROTA,E3551,2,2,0.63
P19867,MA_ROTA,E3552,3,2,0.24
P19868,PN_PIQ,E3552,3,2,1.22
P19869,MA_ROTA,E3552,3,2,1.08
P19870,MA_ROTA,E3552,3,2,0.11
P19871,PN_PIQ,E3552,3,2,1.62
P19872,MA_ROTA,E3552,3,2,0.29
P19873,MA_ROTA,E3552,3,2,0.1
P19874,MA_ROTA,E3552,3,2,1.06
P19875,MA_ROTA,E3552,3,2,1.32
P19876,MA_ROTA,E3552,3,2,1.02
P19877,AG,E3553,5,1,1.31
P19878,MA_ROTA,E3553,5,1,1.01
P19880,MA_ROTA,E3553,5,1,0.63
P19881,MA_ROTA,E3553,5,1,0.64
P19882,MA_ROTA,E3553,5,1,0.63
P19883,MA_ROTA,E3553,5,1,0.24
P19884,MA_ROTA,E3553,5,1,0.44
P19885,MA_ROTA,E3553,5,1,0.33
P19886,MA_ROTA,E3553,5,1,0.74
P19887,MA_ROTA,E3553,5,1,0.4
P19888,MA_ROTA,E3553,5,1,0.21
P19889,MA_ROTA,E3553,5,1,0.23
P19890,AG,E3553,5,1,1.62
P19891,MA_ROTA,E3554,2,2,1.51
P19892,AN_PA,E3555,5,1,1.31
P19893,BC_BT,E3555,5,1,0.73
P19894,AN_PA,E3555,5,1,0.23
P19895,MA_ROTA,E3556,2,2,2.06
P19896,PN_PIQ,E3557,6,1,2.52
P19897,PN_PIQ,E3557,6,1,4.14
P19898,PN_PIQ,E3558,2,2,0.64
P19899,MA_ROTA,E3558,2,2,1.54
P19900,MA_ROTA,E3558,2,2,1.69
P19901,PN_PIQ,E3558,2,2,2.57
P19902,PN_PIQ,E3558,2,2,0.57
P19903,PN_PIQ,E3558,2,2,3.08
P19904,PN_PIQ,E3559,2,2,1.15
P19905,MA_ROTA,E3559,2,2,0.35
P19906,PN_PIQ,E3559,2,2,0.69
P19907,PN_PIQ,E3559,2,2,0.27
P19908,PN_PIQ,E3559,2,2,0.62
P19909,ME,E3559,2,2,0.69
P19910,PN_PIQ,E3560,2,2,0.68
P19911,PN_PIQ,E3560,2,2,2.64
P19912,PN_PIQ,E3560,2,2,0.71
P19913,PN_PIQ,E3561,2,2,2.37
P19914,PN_PIQ,E3561,2,2,2.08
P19915,MA_ROTA,E3562,2,2,9.24
P19916,MA_ROTA,E3563,2,2,1.06
P19917,MA_ROTA,E3563,2,2,0.6
P19918,MA_ROTA,E3563,2,2,0.44
P19919,ME,E3563,2,2,0.3
P19920,TH,E3564,6,1,1.5
P19921,TH,E3564,6,1,0.56
P19922,TH,E3564,6,1,1.24
P19923,MA_ROTA,E3564,5,1,0.28
P19924,PN_PIQ,E3565,4,1,0.46
P19925,PN_PIQ,E3565,4,1,1.31
P19926,PN_PIQ,E3565,4,1,0.58
P19927,TH,E3566,6,1,0.29
P19929,MA_ROTA,E3567,5,1,0.6
P19930,MA_ROTA,E3567,5,1,1.09
P19931,MA_ROTA,E3567,5,1,0.24
P19932,TH,E3568,6,1,0.17
P19933,TH,E3568,6,1,0.19
P19934,TH,E3568,6,1,0.18
P19935,TH,E3568,6,1,0.02
P19936,TH,E3568,6,1,1.03
P19937,PN_PIQ,E3568,6,1,0.02
P19938,TH,E3568,6,1,0.08
P19939,TH,E3568,6,1,0.08
P19940,TH,E3568,6,1,0.05
P19941,TH,E3568,6,1,0.45
P19942,AN_PA,E3568,6,1,0.07
P19943,AN_PA,E3568,6,1,0.02
P19944,TH,E3568,6,1,0.08
P19945,TH,E3568,6,1,0.08
P19946,MA_ROTA,E3569,2,2,1.98
P19947,MA_ROTA,E3569,2,2,2.53
P19948,PN_PIQ,E3570,4,1,5.03
P19949,MA_ROTA,E3570,4,1,0.66
P19952,PN_PIQ,E3570,4,1,0.7
P19953,MA_ROTA,E3570,4,1,0.2
P19954,PN_PIQ,E3570,4,1,0.18
P19955,PN_PIQ,E3570,4,1,0.54
P19956,PN_PIQ,E3570,4,1,0.15
P19957,MA_ROTA,E3571,2,2,0.77
P19958,MA_ROTA,E3572,3,2,1.73
P19959,PN_PIQ,E3573,2,2,1.15
P19960,MA_ROTA,E3574,2,2,0.78
P19961,PN_PIQ,E3575,1,2,1.52
P19962,BC_BT,E3576,6,1,1.01
P19963,PN_PIQ,E3576,6,1,0.22
P19964,MA_ROTA,E3577,3,2,3.72
P19965,MA_ROTA,E3577,3,2,0.91
P19967,PN_PIQ,E3578,6,1,1.38
P19968,PN_PIQ,E3578,6,1,0.49
P19969,MA_ROTA,E3579,2,2,0.22
P19970,AN_PA,E3580,5,1,0.6
P19972,TH,E3580,5,1,0.56
P19975,TH,E3580,5,1,0.47
P19976,PN_PIQ,E3581,1,2,1.15
P19977,MA_ROTA,E3581,1,2,1.2
P19978,PN_PIQ,E3581,1,2,0.29
P19979,MA_ROTA,E3581,1,2,0.3
P19980,PN_PIQ,E3581,1,2,0.16
P19981,MA_ROTA,E3581,1,2,0.11
P19982,MA_ROTA,E3581,1,2,0.29
P19983,MA_ROTA,E3581,1,2,0.22
P19984,ME,E3581,1,2,1.28
P19985,PN_PIQ,E3581,1,2,2.01
P19986,MA_ROTA,E3581,1,2,1.54
P19987,PN_PIQ,E3581,1,2,1.28
P19988,PN_PIQ,E3581,1,2,0.17
P19989,MA_ROTA,E3581,1,2,1.14
P19990,MA_ROTA,E3581,1,2,0.61
P19991,MA_ROTA,E3581,1,2,1.57
P19992,AN_PA,E3582,5,1,0.37
P19993,IG_PLA,E3582,5,1,0.12
P19994,AN_PA,E3582,5,1,1.08
P19995,IG_PLA,E3582,5,1,0.48
P19996,PN_PIQ,E3583,7,3,0.55
P19997,PN_PIQ,E3583,7,3,0.91
P19998,PN_PIQ,E3583,7,3,0.28
P19999,PN_PIQ,E3584,2,2,1.12
P20000,MA_ROTA,E3585,2,2,0.85
P20001,PN_PIQ,E3585,2,2,0.54
P20002,MA_ROTA,E3585,2,2,0.9
P20003,MA_ROTA,E3585,2,2,0.21
P20005,PN_PIQ,E3585,2,2,0.46
P20006,AN_PA,E3586,6,1,0.75
P20007,IG_PLA,E3586,6,1,0.51
P20008,AN_PA,E3586,6,1,0.69
P20009,AG,E3586,6,1,0.45
P20010,IG_PLA,E3586,6,1,0.46
P20011,AG,E3586,6,1,0.36
P20012,AG,E3586,6,1,0.7
P20013,AG,E3586,6,1,0.53
P20014,AG,E3586,6,1,0.29
P20015,AN_PA,E3586,6,1,0.34
P20016,AN_PA,E3586,5,1,0.71
P20017,AN_PA,E3586,6,1,0.9
P20018,AN_PA,E3586,6,1,0.94
P20019,IG_PLA,E3586,6,1,0.4
P20020,AG,E3586,6,1,0.32
P20023,AN_PA,E3586,6,1,0.62
P20024,AN_PA,E3586,6,1,1.06
P20025,MA_ROTA,E3587,2,2,1.31
P20026,PN_PIQ,E3588,2,2,0.45
P20027,PN_PIQ,E3588,2,2,0.54
P20028,MA_ROTA,E3588,2,2,0.61
P20029,PN_PIQ,E3588,2,2,0.32
P20030,PN_PIQ,E3588,2,2,0.56
P20031,MA_ROTA,E3589,1,2,0.77
P20032,MA_ROTA,E3589,1,2,0.44
P20033,MA_ROTA,E3590,2,2,0.6
P20034,MA_ROTA,E3590,2,2,1.69
P20035,MA_ROTA,E3590,2,2,1.2
P20036,PN_PIQ,E3590,2,2,2.84
P20037,PN_PIQ,E3590,3,2,1.02
P20038,PN_PIQ,E3590,3,2,0.45
P20039,MA_ROTA,E3591,2,2,1.36
P20040,PN_PIQ,E3591,2,2,0.69
P20041,MA_ROTA,E3592,2,2,0.43
P20042,MA_ROTA,E3592,2,2,0.38
P20043,PN_PIQ,E3592,2,2,0.07
P20044,PN_PIQ,E3593,2,2,0.88
P20045,PN_PIQ,E3593,2,2,0.48
P20046,PN_PIQ,E3594,6,1,0.8
P20047,PN_PIQ,E3594,6,1,0.44
P20048,PN_PIQ,E3594,6,1,0.95
P20050,PN_PIQ,E3594,6,1,0.79
P20051,MA_ROTA,E3595,3,2,0.13
P20052,PN_PIQ,E3595,3,2,0.29
P20053,PN_PIQ,E3595,3,2,1.46
P20054,MA_ROTA,E3595,3,2,0.2
P20055,PN_PIQ,E3595,3,2,0.04
P20056,MA_ROTA,E3596,3,2,0.76
P20057,MA_ROTA,E3596,3,2,1.0
P20058,PN_PIQ,E3596,3,2,2.61
P20059,MA_ROTA,E3596,3,2,1.67
P20060,MA_ROTA,E3596,3,2,1.0
P20061,PN_PIQ,E3596,3,2,0.97
P20062,MA_ROTA,E3596,3,2,2.19
P20063,MA_ROTA,E3597,3,2,0.22
P20064,PN_PIQ,E3597,3,2,0.57
P20065,MA_ROTA,E3597,3,2,0.62
P20067,ME,E3597,3,2,0.17
P20069,MA_ROTA,E3597,3,2,0.57
P20070,MA_ROTA,E3597,3,2,0.12
P20072,MA_ROTA,E3597,3,2,0.62
P20073,MA_ROTA,E3597,3,2,1.24
P20075,MA_ROTA,E3597,3,2,0.25
P20076,MA_ROTA,E3597,3,2,0.18
P20077,MA_ROTA,E3597,3,2,1.04
P20078,ME,E3597,3,2,0.2
P20079,PN_PIQ,E3598,3,2,0.3
P20080,MA_ROTA,E3599,3,2,1.53
P20081,PN_PIQ,E3600,2,2,0.45
P20082,MA_ROTA,E3600,2,2,0.44
P20083,MA_ROTA,E3600,2,2,2.91
P20084,PN_PIQ,E3601,7,3,0.75
P20085,PN_PIQ,E3601,7,3,0.31
P20086,PN_PIQ,E3601,7,3,0.49
P20087,PN_PIQ,E3601,7,3,0.45
P20088,PN_PIQ,E3601,7,3,0.44
P20089,PN_PIQ,E3601,7,3,0.33
P20090,PN_PIQ,E3601,7,3,0.05
P20091,PN_PIQ,E3601,7,3,0.22
P20092,MA_ROTA,E3602,3,2,5.52
P20093,MA_ROTA,E3603,3,2,1.16
P20094,MA_ROTA,E3604,2,2,3.13
P20095,PN_PIQ,E3605,3,2,0.92
P20096,PN_PIQ,E3605,3,2,3.09
P20097,MA_ROTA,E3605,3,2,1.0
P20098,MA_ROTA,E3605,3,2,0.94
P20099,PN_PIQ,E3605,3,2,0.14
P20100,PN_PIQ,E3605,3,2,0.45
P20101,PN_PIQ,E3605,3,2,1.03
P20102,MA_ROTA,E3605,3,2,0.1
P20103,MA_ROTA,E3605,3,2,0.36
P20104,MA_ROTA,E3605,3,2,0.45
P20105,MA_ROTA,E3605,3,2,0.19
P20106,MA_ROTA,E3605,3,2,0.19
P20107,PN_PIQ,E3605,3,2,0.49
P20108,MA_ROTA,E3606,3,2,1.0
P20109,MA_ROTA,E3606,3,2,1.06
P20110,MA_ROTA,E3606,3,2,0.99
P20111,PN_PIQ,E3607,3,2,0.45
P20112,PN_PIQ,E3607,3,2,0.56
P20113,MA_ROTA,E3607,3,2,0.52
P20114,PN_PIQ,E3607,3,2,1.01
P20115,MA_ROTA,E3608,3,2,0.93
P20116,PN_PIQ,E3608,3,2,0.67
P20117,MA_ROTA,E3608,3,2,0.49
P20118,PN_PIQ,E3609,3,2,0.79
P20119,MA_ROTA,E3609,3,2,0.56
P20120,MA_ROTA,E3610,3,2,0.93
P20121,PN_PIQ,E3610,3,2,1.27
P20122,PN_PIQ,E3610,3,2,0.81
P20123,MA_ROTA,E3610,3,2,0.48
P20124,MA_ROTA,E3610,3,2,0.26
P20125,MA_ROTA,E3610,3,2,0.49
P20126,PN_PIQ,E3610,3,2,0.59
P20127,PN_PIQ,E3611,1,2,0.3
P20128,PN_PIQ,E3611,1,2,0.34
P20129,MA_ROTA,E3612,2,2,0.81
P20130,PN_PIQ,E3612,2,2,1.06
P20131,PN_PIQ,E3612,2,2,0.81
P20132,PN_PIQ,E3613,1,2,0.37
P20133,PN_PIQ,E3613,1,2,1.49
P20134,MA_ROTA,E3613,3,2,1.76
P20135,PN_PIQ,E3613,3,2,4.41
P20136,PN_PIQ,E3613,3,2,1.13
P20137,MA_ROTA,E3613,3,2,0.71
P20138,MA_ROTA,E3614,2,2,2.62
P20139,PN_PIQ,E3615,3,2,1.95
P20140,PN_PIQ,E3615,3,2,0.54
P20141,PN_PIQ,E3616,3,2,1.07
P20142,PN_PIQ,E3616,3,2,0.44
P20143,PN_PIQ,E3617,3,2,0.62
P20144,MA_ROTA,E3617,3,2,0.5
P20145,MA_ROTA,E3617,3,2,0.13
P20146,MA_ROTA,E3617,3,2,0.89
P20147,MA_ROTA,E3617,3,2,0.76
P20148,MA_ROTA,E3617,3,2,1.01
P20149,MA_ROTA,E3617,3,2,0.86
P20150,MA_ROTA,E3618,2,2,4.56
P20151,PN_PIQ,E3619,1,2,0.57
P20152,PN_PIQ,E3619,1,2,0.4
P20153,PN_PIQ,E3619,1,2,0.96
P20154,PN_PIQ,E3619,1,2,1.59
P20155,MA_ROTA,E3620,1,2,1.51
P20157,MA_ROTA,E3621,2,2,0.88
P20158,PN_PIQ,E3621,2,2,0.18
P20159,PN_PIQ,E3621,2,2,0.2
P20160,MA_ROTA,E3621,2,2,0.48
P20161,PN_PIQ,E3621,2,2,0.68
P20162,MA_ROTA,E3621,2,2,1.03
P20163,PN_PIQ,E3621,2,2,1.74
P20164,MA_ROTA,E3621,2,2,0.78
P20165,PN_PIQ,E3621,2,2,0.67
P20166,PN_PIQ,E3621,2,2,0.54
P20167,MA_ROTA,E3621,2,2,1.33
P20169,MA_ROTA,E3622,5,1,0.06
P20170,PN_PIQ,E3623,2,2,1.61
P20171,MA_ROTA,E3624,2,2,0.5
P20172,MA_ROTA,E3624,2,2,0.33
P20173,PN_PIQ,E3624,2,2,0.49
P20174,MA_ROTA,E3624,2,2,1.67
P20175,MA_ROTA,E3624,2,2,0.41
P20176,MA_ROTA,E3624,2,2,0.3
P20177,MA_ROTA,E3624,2,2,0.48
P20178,PN_PIQ,E3624,2,2,0.11
P20179,MA_ROTA,E3624,2,2,1.81
P20180,MA_ROTA,E3624,2,2,0.73
P20181,MA_ROTA,E3624,2,2,0.54
P20182,MA_ROTA,E3624,2,2,1.21
P20183,MA_ROTA,E3624,2,2,0.12
P20184,MA_ROTA,E3624,2,2,0.26
P20185,MA_ROTA,E3624,2,2,0.71
P20187,MA_ROTA,E3624,2,2,0.87
P20188,PN_PIQ,E3624,2,2,0.49
P20189,MA_ROTA,E3624,2,2,0.82
P20190,MA_ROTA,E3624,2,2,0.75
P20191,MA_ROTA,E3624,2,2,0.41
P20192,MA_ROTA,E3625,1,2,0.31
P20193,PN_PIQ,E3625,1,2,0.18
P20194,PN_PIQ,E3625,1,2,0.09
P20195,PN_PIQ,E3625,1,2,1.44
P20196,MA_ROTA,E3625,1,2,0.41
P20197,MA_ROTA,E3625,1,2,1.32
P20198,MA_ROTA,E3625,1,2,0.31
P20199,PN_PIQ,E3625,1,2,0.49
P20200,MA_ROTA,E3625,1,2,1.75
P20201,PN_PIQ,E3625,1,2,0.27
P20202,PN_PIQ,E3625,1,2,0.32
P20203,PN_PIQ,E3626,4,1,0.95
P20204,PN_PIQ,E3626,4,1,0.15
P20205,PN_PIQ,E3627,4,1,1.36
P20206,IG_PLA,E3627,6,1,2.78
P20208,PN_PIQ,E3627,6,1,1.01
P20209,PN_PIQ,E3627,4,1,1.38
P20210,PN_PIQ,E3627,4,1,0.22
P20213,PN_PIQ,E3627,4,1,0.11
P20215,PN_PIQ,E3627,4,1,0.98
P20216,MA_ROTA,E3628,2,2,1.44
P20217,MA_ROTA,E3629,2,2,0.23
P20218,MA_ROTA,E3629,2,2,1.2
P20219,MA_ROTA,E3629,2,2,0.57
P20220,PN_PIQ,E3630,4,1,0.98
P20221,PN_PIQ,E3631,4,1,0.93
P20222,PN_PIQ,E3632,4,1,1.11
P20223,PN_PIQ,E3633,4,1,0.18
P20224,MA_ROTA,E3633,4,1,3.23
P20225,MA_ROTA,E3633,4,1,0.22
P20226,PN_PIQ,E3633,4,1,0.9
P20227,MA_ROTA,E3633,4,1,0.67
P20228,PN_PIQ,E3633,4,1,1.35
P20229,PN_PIQ,E3633,4,1,0.92
P20230,PN_PIQ,E3633,4,1,0.78
P20231,PN_PIQ,E3633,4,1,0.62
P20232,MA_ROTA,E3633,4,1,0.21
P20233,MA_ROTA,E3633,4,1,0.65
P20234,MA_ROTA,E3633,4,1,0.2
P20235,MA_ROTA,E3633,4,1,0.1
P20236,PN_PIQ,E3633,4,1,0.32
P20237,PN_PIQ,E3634,4,1,1.18
P20238,MA_ROTA,E3634,4,1,0.66
P20240,PN_PIQ,E3636,4,1,1.05
P20241,PN_PIQ,E3636,4,1,1.02
P20242,MA_ROTA,E3637,2,2,1.64
P20243,MA_ROTA,E3637,2,2,0.62
P20244,MA_ROTA,E3637,2,2,1.01
P20245,MA_ROTA,E3637,2,2,0.7
P20246,MA_ROTA,E3637,2,2,0.47
P20247,MA_ROTA,E3637,2,2,0.24
P20248,PN_PIQ,E3638,5,1,0.5
P20249,PN_PIQ,E3638,3,2,1.83
P20250,PN_PIQ,E3638,3,2,6.99
P20252,PN_PIQ,E3639,7,3,0.06
P20253,PN_PIQ,E3639,7,3,0.22
P20254,PN_PIQ,E3639,7,3,0.12
P20255,PN_PIQ,E3639,7,3,1.42
P20256,PN_PIQ,E3639,7,3,0.4
P20257,PN_PIQ,E3640,7,3,0.41
P20258,PN_PIQ,E3640,7,3,0.2
P20259,PN_PIQ,E3640,7,3,0.63
P20260,PN_PIQ,E3640,7,3,2.39
P20261,PN_PIQ,E3640,7,3,0.07
P20262,PN_PIQ,E3640,7,3,0.4
P20263,PN_PIQ,E3640,7,3,0.24
P20264,PN_PIQ,E3641,7,3,0.65
P20265,PN_PIQ,E3641,7,3,0.24
P20266,PN_PIQ,E3642,7,3,1.32
P20267,PN_PIQ,E3642,7,3,0.35
P20268,PN_PIQ,E3643,7,3,0.91
P20269,PN_PIQ,E3643,7,3,0.71
P20270,PN_PIQ,E3643,7,3,0.37
P20271,PN_PIQ,E3644,7,3,1.61
P20272,PN_PIQ,E3644,7,3,0.89
P20273,PN_PIQ,E3644,7,3,0.32
P20274,PN_PIQ,E3645,7,3,0.07
P20275,PN_PIQ,E3645,7,3,0.12
P20276,PN_PIQ,E3645,7,3,0.24
P20277,PN_PIQ,E3645,7,3,0.17
P20278,PN_PIQ,E3645,7,3,0.32
P20279,PN_PIQ,E3645,7,3,0.11
P20280,PN_PIQ,E3645,7,3,2.54
P20281,PN_PIQ,E3645,7,3,0.45
P20282,PN_PIQ,E3645,7,3,0.11
P20283,PN_PIQ,E3645,7,3,0.15
P20284,PN_PIQ,E3645,7,3,0.15
P20285,PN_PIQ,E3646,7,3,0.84
P20286,PN_PIQ,E3647,7,3,1.39
P20287,PN_PIQ,E3648,7,3,0.49
P20288,PN_PIQ,E3648,7,3,0.21
P20289,PN_PIQ,E3648,7,3,0.15
P20290,PN_PIQ,E3648,7,3,0.13
P20291,PN_PIQ,E3649,7,3,0.69
P20292,PN_PIQ,E3650,7,3,0.36
P20293,PN_PIQ,E3650,7,3,0.66
P20294,PN_PIQ,E3650,7,3,0.75
P20295,PN_PIQ,E3651,7,3,0.17
P20296,PN_PIQ,E3651,7,3,0.21
P20297,PN_PIQ,E3651,7,3,0.07
P20298,PN_PIQ,E3651,7,3,0.21
P20299,PN_PIQ,E3652,7,3,0.64
P20300,PN_PIQ,E3652,7,3,0.17
P20301,PN_PIQ,E3652,7,3,0.28
P20302,PN_PIQ,E3652,7,3,0.45
P20303,PN_PIQ,E3652,7,3,0.39
P20304,PN_PIQ,E3653,7,3,1.28
P20305,PN_PIQ,E3653,7,3,2.38
P20306,PN_PIQ,E3653,7,3,1.1
P20307,PN_PIQ,E3653,7,3,0.74
P20308,PN_PIQ,E3653,7,3,1.56
P20309,PN_PIQ,E3654,7,3,0.23
P20310,PN_PIQ,E3654,7,3,0.49
P20311,PN_PIQ,E3654,7,3,0.66
P20312,PN_PIQ,E3654,7,3,1.27
P20313,PN_PIQ,E3655,7,3,0.13
P20314,PN_PIQ,E3655,7,3,0.12
P20315,PN_PIQ,E3655,7,3,0.66
P20316,PN_PIQ,E3655,7,3,0.28
P20317,PN_PIQ,E3655,7,3,0.49
P20318,PN_PIQ,E3656,7,3,0.55
P20319,PN_PIQ,E3656,7,3,0.4
P20320,PN_PIQ,E3656,7,3,0.45
P20321,PN_PIQ,E3656,7,3,0.24
P20322,PN_PIQ,E3656,7,3,0.51
P20323,PN_PIQ,E3657,7,3,0.37
P20324,PN_PIQ,E3657,7,3,0.3
P20325,PN_PIQ,E3657,7,3,0.57
P20326,PN_PIQ,E3657,7,3,0.17
P20327,PN_PIQ,E3658,7,3,0.2
P20328,PN_PIQ,E3658,7,3,0.43
P20329,PN_PIQ,E3658,7,3,2.12
P20330,PN_PIQ,E3658,7,3,0.24
P20331,PN_PIQ,E3658,7,3,0.14
P20332,PN_PIQ,E3659,7,3,0.07
P20333,PN_PIQ,E3659,7,3,0.32
P20334,PN_PIQ,E3659,7,3,0.51
P20335,PN_PIQ,E3659,7,3,0.17
P20336,PN_PIQ,E3660,7,3,0.3
P20337,PN_PIQ,E3660,7,3,0.71
P20338,PN_PIQ,E3660,7,3,0.26
P20339,PN_PIQ,E3660,7,3,0.14
P20340,PN_PIQ,E3660,7,3,0.09
P20341,PN_PIQ,E3661,7,3,0.64
P20342,PN_PIQ,E3661,7,3,0.94
P20343,PN_PIQ,E3662,7,3,0.61
P20344,PN_PIQ,E3662,7,3,1.92
P20345,PN_PIQ,E3662,7,3,1.17
P20346,PN_PIQ,E3662,7,3,0.32
P20347,PN_PIQ,E3662,7,3,0.27
P20348,PN_PIQ,E3662,7,3,2.29
P20349,PN_PIQ,E3662,7,3,2.44
P20350,PN_PIQ,E3662,7,3,0.43
P20351,PN_PIQ,E3662,7,3,0.65
P20352,PN_PIQ,E3662,7,3,0.5
P20353,PN_PIQ,E3662,7,3,0.6
P20354,PN_PIQ,E3663,7,3,0.44
P20355,PN_PIQ,E3663,7,3,0.38
P20356,PN_PIQ,E3663,7,3,1.92
P20357,PN_PIQ,E3663,7,3,0.26
P20358,PN_PIQ,E3663,7,3,0.21
P20359,PN_PIQ,E3663,7,3,0.43
P20360,PN_PIQ,E3664,7,3,0.41
P20361,PN_PIQ,E3664,7,3,0.47
P20362,PN_PIQ,E3664,7,3,0.8
P20364,PN_PIQ,E3664,7,3,0.36
P20367,PN_PIQ,E3664,7,3,0.24
P20368,PN_PIQ,E3664,7,3,0.65
P20370,PN_PIQ,E3664,7,3,0.55
P20371,PN_PIQ,E3664,7,3,0.3
P20372,PN_PIQ,E3664,7,3,0.33
P20373,PN_PIQ,E3664,7,3,0.37
P20374,PN_PIQ,E3664,7,3,0.2
P20375,PN_PIQ,E3664,7,3,0.17
P20376,PN_PIQ,E3664,7,3,0.29
P20377,PN_PIQ,E3664,7,3,0.13
P20378,PN_PIQ,E3664,7,3,0.5
P20379,PN_PIQ,E3664,7,3,1.09
P20380,PN_PIQ,E3664,7,3,0.56
P20381,PN_PIQ,E3664,7,3,0.66
P20382,PN_PIQ,E3664,7,3,0.81
P20383,PN_PIQ,E3664,7,3,1.05
P20384,PN_PIQ,E3664,7,3,0.9
P20385,PN_PIQ,E3664,7,3,0.47
P20386,PN_PIQ,E3664,7,3,0.66
P20387,PN_PIQ,E3664,7,3,0.78
P20388,PN_PIQ,E3664,7,3,0.84
P20389,PN_PIQ,E3664,7,3,0.24
P20390,PN_PIQ,E3664,7,3,0.19
P20391,PN_PIQ,E3664,7,3,1.03
P20392,PN_PIQ,E3664,7,3,0.84
P20393,PN_PIQ,E3664,7,3,0.91
P20394,PN_PIQ,E3664,7,3,0.52
P20395,PN_PIQ,E3664,7,3,0.24
P20396,PN_PIQ,E3664,7,3,0.38
P20398,PN_PIQ,E3664,7,3,1.39
P20399,PN_PIQ,E3664,7,3,0.8
P20400,PN_PIQ,E3664,7,3,0.38
P20401,PN_PIQ,E3664,7,3,0.65
P20402,PN_PIQ,E3664,7,3,0.43
P20403,PN_PIQ,E3664,7,3,0.36
P20404,PN_PIQ,E3664,7,3,3.17
P20405,PN_PIQ,E3664,7,3,0.68
P20406,PN_PIQ,E3664,7,3,1.07
P20407,PN_PIQ,E3664,7,3,0.49
P20408,PN_PIQ,E3664,7,3,0.43
P20409,PN_PIQ,E3664,7,3,0.7
P20410,PN_PIQ,E3664,7,3,0.25
P20411,PN_PIQ,E3664,7,3,0.19
P20412,PN_PIQ,E3664,7,3,0.4
P20415,PN_PIQ,E3664,7,3,0.99
P20416,PN_PIQ,E3664,7,3,0.59
P20418,PN_PIQ,E3664,7,3,0.98
P20420,PN_PIQ,E3664,7,3,0.22
P20421,PN_PIQ,E3664,7,3,0.47
P20422,PN_PIQ,E3664,7,3,0.42
P20423,PN_PIQ,E3664,7,3,0.48
P20424,PN_PIQ,E3664,7,3,0.35
P20425,PN_PIQ,E3664,7,3,0.08
P20426,PN_PIQ,E3664,7,3,0.24
P20427,PN_PIQ,E3664,7,3,0.1
P20428,PN_PIQ,E3664,7,3,0.6
P20429,PN_PIQ,E3664,7,3,0.89
P20430,PN_PIQ,E3664,7,3,0.27
P20431,PN_PIQ,E3664,7,3,1.41
P20432,PN_PIQ,E3664,7,3,0.49
P20433,PN_PIQ,E3664,7,3,0.23
P20434,PN_PIQ,E3664,7,3,0.22
P20436,PN_PIQ,E3664,7,3,0.23
P20438,PN_PIQ,E3664,7,3,0.41
P20439,PN_PIQ,E3664,7,3,0.58
P20440,PN_PIQ,E3664,7,3,0.58
P20442,PN_PIQ,E3664,7,3,0.67
P20444,PN_PIQ,E3664,7,3,0.57
P20446,PN_PIQ,E3664,7,3,1.35
P20447,PN_PIQ,E3664,7,3,0.56
P20448,PN_PIQ,E3664,7,3,0.47
P20449,PN_PIQ,E3664,7,3,0.46
P20450,PN_PIQ,E3664,7,3,0.67
P20452,PN_PIQ,E3664,7,3,0.53
P20453,PN_PIQ,E3664,7,3,0.45
P20454,PN_PIQ,E3664,7,3,1.24
P20456,PN_PIQ,E3664,7,3,0.79
P20458,PN_PIQ,E3664,7,3,0.73
P20460,PN_PIQ,E3664,7,3,0.35
P20461,PN_PIQ,E3664,7,3,0.29
P20465,PN_PIQ,E3664,7,3,0.18
P20466,PN_PIQ,E3664,7,3,1.5
P20467,PN_PIQ,E3664,7,3,0.57
P20468,PN_PIQ,E3664,7,3,0.65
P20469,PN_PIQ,E3664,7,3,0.92
P20470,PN_PIQ,E3664,7,3,0.37
P20475,PN_PIQ,E3664,7,3,0.32
P20476,MA_ROTA,E3665,3,2,2.73
P20477,MA_ROTA,E3665,3,2,0.44
P20478,MA_ROTA,E3665,3,2,1.44
P20479,MA_ROTA,E3665,3,2,2.91
P20480,MA_ROTA,E3665,3,2,1.25
P20481,MA_ROTA,E3666,3,2,1.54
P20482,MA_ROTA,E3666,3,2,0.17
P20490,MA_ROTA,E3668,3,2,1.37
P20494,PN_PIQ,E3668,3,2,5.51
P20496,MA_ROTA,E3669,3,2,1.66
P20497,MA_ROTA,E3669,3,2,2.31
P20498,PN_PIQ,E3669,3,2,1.49
P20499,MA_ROTA,E3669,3,2,0.25
P20500,PN_PIQ,E3669,3,2,0.83
P20501,MA_ROTA,E3669,2,2,0.89
P20502,PN_PIQ,E3670,3,2,0.27
P20503,MA_ROTA,E3670,3,2,1.9
P20504,MA_ROTA,E3670,3,2,1.41
P20505,ME,E3670,3,2,0.12
P20506,MA_ROTA,E3670,3,2,0.99
P20507,PN_PIQ,E3670,3,2,1.06
P20508,MA_ROTA,E3670,3,2,0.73
P20509,MA_ROTA,E3670,3,2,0.95
P20510,PN_PIQ,E3670,3,2,1.09
P20511,MA_ROTA,E3670,3,2,0.31
P20512,MA_ROTA,E3670,3,2,0.52
P20513,PN_PIQ,E3670,3,2,0.11
P20514,MA_ROTA,E3671,3,2,2.42
P20515,MA_ROTA,E3671,3,2,3.88
P20516,MA_ROTA,E3671,3,2,0.67
P20517,PN_PIQ,E3671,3,2,1.09
P20519,PN_PIQ,E3671,3,2,1.28
P20520,PN_PIQ,E3672,7,3,0.62
P20521,PN_PIQ,E3672,7,3,0.12
P20522,PN_PIQ,E3672,7,3,0.22
P20523,PN_PIQ,E3673,7,3,0.65
P20524,PN_PIQ,E3673,7,3,0.41
P20525,PN_PIQ,E3673,7,3,1.14
P20526,PN_PIQ,E3673,7,3,0.29
P20527,PN_PIQ,E3673,7,3,0.46
P20528,MA_ROTA,E3674,3,2,0.56
P20529,MA_ROTA,E3674,3,2,1.44
P20530,MA_ROTA,E3674,3,2,2.15
P20531,MA_ROTA,E3674,3,2,1.5
P20532,MA_ROTA,E3674,3,2,1.39
P20533,ME,E3674,3,2,0.64
P20534,MA_ROTA,E3674,3,2,0.68
P20535,MA_ROTA,E3674,3,2,3.3
P20536,MA_ROTA,E3674,3,2,1.64
P20538,PN_PIQ,E3674,3,2,1.27
P20539,PN_PIQ,E3675,7,3,1.14
P20540,MA_ROTA,E3676,3,2,0.41
P20541,PN_PIQ,E3676,3,2,0.58
P20542,ME,E3676,3,2,0.28
P20543,MA_ROTA,E3676,3,2,0.65
P20544,MA_ROTA,E3676,3,2,0.55
P20545,MA_ROTA,E3676,3,2,0.26
P20546,MA_ROTA,E3676,3,2,1.93
P20547,MA_ROTA,E3676,3,2,0.55
P20548,MA_ROTA,E3676,3,2,0.35
P20549,PN_PIQ,E3676,3,2,0.64
P20550,MA_ROTA,E3676,3,2,0.7
P20551,MA_ROTA,E3676,3,2,0.72
P20552,MA_ROTA,E3676,3,2,1.3
P20553,MA_ROTA,E3677,4,1,0.25
P20554,PN_PIQ,E3677,4,1,0.96
P20555,MA_ROTA,E3677,4,1,1.34
P20556,PN_PIQ,E3677,4,1,0.27
P20557,MA_ROTA,E3677,4,1,1.89
P20558,MA_ROTA,E3677,4,1,0.26
P20559,PN_PIQ,E3677,4,1,0.92
P20560,MA_ROTA,E3677,4,1,0.51
P20561,PN_PIQ,E3677,4,1,0.49
P20562,PN_PIQ,E3677,4,1,0.59
P20564,MA_ROTA,E3678,2,2,0.58
P20565,ME,E3678,2,2,0.67
P20566,MA_ROTA,E3678,2,2,0.55
P20567,MA_ROTA,E3678,2,2,0.32
P20568,PN_PIQ,E3678,2,2,0.45
P20569,MA_ROTA,E3678,2,2,1.67
P20570,PN_PIQ,E3678,2,2,1.28
P20571,PN_PIQ,E3678,2,2,0.53
P20572,ME,E3679,2,2,0.94
P20573,PN_PIQ,E3679,2,2,0.46
P20574,MA_ROTA,E3679,2,2,1.17
P20575,MA_ROTA,E3679,2,2,0.68
P20576,PN_PIQ,E3679,2,2,0.23
P20577,MA_ROTA,E3680,2,2,0.83
P20578,MA_ROTA,E3680,2,2,1.41
P20579,MA_ROTA,E3680,2,2,0.88
P20580,MA_ROTA,E3680,2,2,1.02
P20581,PN_PIQ,E3680,2,2,0.32
P20582,MA_ROTA,E3680,2,2,0.3
P20583,PN_PIQ,E3680,2,2,0.18
P20584,MA_ROTA,E3680,2,2,0.37
P20585,PN_PIQ,E3680,2,2,0.05
P20586,MA_ROTA,E3680,2,2,0.65
P20587,ME,E3680,2,2,0.11
P20588,MA_ROTA,E3681,2,2,1.82
P20589,MA_ROTA,E3682,2,2,0.76
P20590,MA_ROTA,E3682,2,2,0.08
P20591,MA_ROTA,E3682,2,2,0.08
P20593,MA_ROTA,E3682,2,2,0.86
P20594,MA_ROTA,E3682,2,2,0.34
P20595,PN_PIQ,E3682,2,2,0.2
P20596,PN_PIQ,E3683,3,2,2.33
P20597,MA_ROTA,E3683,3,2,0.2
P20598,MA_ROTA,E3683,3,2,1.78
P20599,PN_PIQ,E3683,3,2,1.05
P20600,MA_ROTA,E3683,3,2,1.55
P20601,ME,E3684,3,2,4.23
P20602,MA_ROTA,E3685,2,2,0.57
P20603,MA_ROTA,E3685,2,2,0.35
P20604,MA_ROTA,E3685,2,2,0.01
P20605,MA_ROTA,E3685,2,2,0.11
P20606,MA_ROTA,E3685,2,2,0.11
P20607,MA_ROTA,E3685,2,2,0.19
P20608,PN_PIQ,E3686,3,2,0.79
P20609,PN_PIQ,E3686,3,2,0.54
P20610,PN_PIQ,E3686,3,2,0.1
P20611,PN_PIQ,E3687,3,2,1.04
P20613,MA_ROTA,E3688,3,2,0.89
P20614,MA_ROTA,E3688,3,2,0.7
P20615,PN_PIQ,E3688,3,2,0.53
P20616,MA_ROTA,E3689,3,2,1.08
P20617,PN_PIQ,E3689,3,2,0.87
P20618,MA_ROTA,E3689,3,2,1.76
P20620,PN_PIQ,E3689,3,2,0.27
P20621,MA_ROTA,E3689,3,2,1.29
P20622,PN_PIQ,E3689,3,2,2.74
P20623,PN_PIQ,E3690,4,1,0.6
P20624,TH,E3691,5,1,0.79
P20625,TH,E3691,5,1,0.23
P20626,IG_PLA,E3691,5,1,0.53
P20627,AN_PA,E3691,5,1,0.14
P20628,TH,E3691,5,1,0.25
P20629,AG,E3691,5,1,0.75
P20630,TH,E3691,5,1,0.35
P20631,AN_PA,E3691,5,1,0.31
P20632,TH,E3691,5,1,0.46
P20633,AN_PA,E3691,5,1,0.54
P20634,TH,E3691,5,1,0.12
P20635,TH,E3691,5,1,0.32
P20636,TH,E3691,5,1,0.43
P20637,MA_ROTA,E3692,3,2,0.84
P20639,MA_ROTA,E3692,3,2,3.77
P20640,PN_PIQ,E3692,3,2,1.58
P20641,PN_PIQ,E3692,3,2,0.19
P20643,PN_PIQ,E3692,3,2,0.56
P20644,MA_ROTA,E3692,3,2,0.07
P20645,MA_ROTA,E3693,5,1,1.39
P20646,MA_ROTA,E3693,5,1,1.96
P20648,MA_ROTA,E3693,5,1,3.57
P20649,MA_ROTA,E3693,5,1,0.11
P20650,MA_ROTA,E3693,5,1,0.42
P20651,MA_ROTA,E3693,5,1,0.39
P20652,PN_PIQ,E3694,7,3,0.2
P20653,PN_PIQ,E3694,7,3,2.6
P20654,MA_ROTA,E3695,2,2,2.55
P20655,PN_PIQ,E3696,1,2,2.63
P20656,PN_PIQ,E3697,2,2,1.27
P20657,MA_ROTA,E3698,2,2,3.64
P20658,MA_ROTA,E3699,3,2,0.96
P20659,MA_ROTA,E3699,3,2,0.4
P20660,PN_PIQ,E3699,3,2,0.35
P20661,MA_ROTA,E3699,3,2,1.96
P20662,PN_PIQ,E3699,3,2,0.62
P20663,MA_ROTA,E3699,3,2,0.38
P20664,MA_ROTA,E3700,5,1,5.0
P20665,MA_ROTA,E3700,5,1,0.63
P20666,MA_ROTA,E3700,5,1,1.18
P20667,PN_PIQ,E3701,4,1,0.62
P20668,PN_PIQ,E3701,4,1,0.55
P20669,MA_ROTA,E3702,3,2,0.94
P20670,MA_ROTA,E3702,3,2,0.49
P20671,MA_ROTA,E3702,3,2,0.8
P20673,PN_PIQ,E3702,3,2,0.32
P20675,PN_PIQ,E3702,3,2,1.74
P20676,MA_ROTA,E3702,3,2,0.17
P20677,MA_ROTA,E3702,3,2,0.73
P20678,MA_ROTA,E3703,2,2,1.55
P20679,MA_ROTA,E3703,3,2,0.22
P20680,PN_PIQ,E3704,2,2,0.91
P20681,PN_PIQ,E3704,2,2,1.09
P20682,PN_PIQ,E3705,3,2,0.58
P20683,PN_PIQ,E3705,3,2,0.75
P20684,PN_PIQ,E3705,3,2,0.56
P20685,PN_PIQ,E3705,3,2,0.72
P20686,PN_PIQ,E3705,3,2,0.09
P20687,PN_PIQ,E3706,4,1,1.2
P20688,PN_PIQ,E3706,4,1,0.89
P20689,PN_PIQ,E3707,2,2,1.59
P20690,MA_ROTA,E3707,2,2,0.77
P20691,MA_ROTA,E3707,2,2,1.78
P20692,MA_ROTA,E3707,2,2,0.87
P20693,MA_ROTA,E3707,2,2,0.31
P20694,MA_ROTA,E3708,2,2,0.93
P20695,MA_ROTA,E3709,4,1,0.91
P20696,PN_PIQ,E3709,4,1,1.05
P20697,PN_PIQ,E3710,4,1,1.83
P20698,PN_PIQ,E3710,4,1,2.44
P20699,MA_ROTA,E3711,3,2,2.1
P20700,PN_PIQ,E3712,6,1,0.27
P20701,PN_PIQ,E3712,6,1,1.08
P20702,MA_ROTA,E3713,2,2,0.9
P20703,MA_ROTA,E3713,2,2,0.81
P20704,MA_ROTA,E3713,2,2,0.7
P20705,MA_ROTA,E3713,2,2,0.1
P20706,MA_ROTA,E3713,2,2,0.08
P20708,PN_PIQ,E3713,2,2,1.63
P20709,TH,E3714,6,1,7.23
P20710,PN_PIQ,E3715,3,2,4.48
P20711,PN_PIQ,E3715,3,2,0.09
P20712,MA_ROTA,E3715,3,2,1.14
P20713,MA_ROTA,E3715,3,2,0.24
P20714,MA_ROTA,E3715,3,2,1.67
P20715,MA_ROTA,E3716,3,2,1.53
P20716,PN_PIQ,E3716,3,2,0.37
P20717,PN_PIQ,E3717,3,2,0.68
P20719,PN_PIQ,E3717,3,2,0.49
P20720,MA_ROTA,E3718,3,2,3.15
P20721,PN_PIQ,E3718,3,2,1.84
P20722,MA_ROTA,E3718,3,2,0.35
P20723,MA_ROTA,E3718,3,2,1.97
P20724,MA_ROTA,E3718,3,2,1.0
P20725,PN_PIQ,E3718,3,2,0.67
P20726,MA_ROTA,E3718,3,2,0.17
P20727,PN_PIQ,E3719,3,2,0.67
P20728,PN_PIQ,E3719,3,2,0.37
P20729,PN_PIQ,E3720,3,2,2.65
P20730,PN_PIQ,E3721,7,3,4.66
P20731,IG_PLA,E3722,4,1,0.48
P20732,PN_PIQ,E3722,4,1,1.01
P20733,BC_BT,E3722,4,1,0.85
P20734,BC_BT,E3722,4,1,0.59
P20735,AG,E3722,4,1,0.1
P20736,IG_PLA,E3722,4,1,0.32
P20737,AG,E3722,4,1,0.03
P20738,AG,E3722,4,1,0.06
P20739,AG,E3722,4,1,0.21
P20740,IG_PLA,E3722,4,1,0.4
P20741,AG,E3722,4,1,0.47
P20742,PN_PIQ,E3723,1,2,0.14
P20743,MA_ROTA,E3723,1,2,1.19
P20744,MA_ROTA,E3723,1,2,0.73
P20745,PN_PIQ,E3723,1,2,0.49
P20746,MA_ROTA,E3723,1,2,0.21
P20747,PN_PIQ,E3723,1,2,0.46
P20748,PN_PIQ,E3723,1,2,1.58
P20749,MA_ROTA,E3723,1,2,0.3
P20751,PN_PIQ,E3724,1,2,0.81
P20752,MA_ROTA,E3724,1,2,1.89
P20753,MA_ROTA,E3724,1,2,1.43
P20754,MA_ROTA,E3724,1,2,0.35
P20755,PN_PIQ,E3724,1,2,0.9
P20757,PN_PIQ,E3725,1,2,0.56
P20758,MA_ROTA,E3725,1,2,0.2
P20759,PN_PIQ,E3725,1,2,0.49
P20760,PN_PIQ,E3725,1,2,0.18
P20761,MA_ROTA,E3725,1,2,1.49
P20763,PN_PIQ,E3725,1,2,0.16
P20765,MA_ROTA,E3725,1,2,0.6
P20766,MA_ROTA,E3725,1,2,1.65
P20767,MA_ROTA,E3725,1,2,2.19
P20768,MA_ROTA,E3725,1,2,0.02
P20769,MA_ROTA,E3726,2,2,2.21
P20770,MA_ROTA,E3726,2,2,1.02
P20771,PN_PIQ,E3727,3,2,0.87
P20772,MA_ROTA,E3728,2,2,1.75
P20773,MA_ROTA,E3728,2,2,0.2
P20774,PN_PIQ,E3728,2,2,0.38
P20775,PN_PIQ,E3729,7,3,2.73
P20776,PN_PIQ,E3729,7,3,0.56
P20777,PN_PIQ,E3729,7,3,2.07
P20778,MA_ROTA,E3730,3,2,0.38
P20779,MA_ROTA,E3731,3,2,0.47
P20780,PN_PIQ,E3731,3,2,0.93
P20781,PN_PIQ,E3731,3,2,2.45
P20782,MA_ROTA,E3731,3,2,1.5
P20783,PN_PIQ,E3732,4,1,1.79
P20784,MA_ROTA,E3732,4,1,1.94
P20785,PN_PIQ,E3733,1,2,1.59
P20786,PN_PIQ,E3733,1,2,1.65
P20787,MA_ROTA,E3734,2,2,2.14
P20788,PN_PIQ,E3735,2,2,2.42
P20789,PN_PIQ,E3735,1,2,0.27
P20790,PN_PIQ,E3735,1,2,0.45
P20791,MA_ROTA,E3735,1,2,0.47
P20792,MA_ROTA,E3736,3,2,0.09
P20793,MA_ROTA,E3736,3,2,0.45
P20794,PN_PIQ,E3736,3,2,0.04
P20795,MA_ROTA,E3736,3,2,0.36
P20796,MA_ROTA,E3736,3,2,0.34
P20797,MA_ROTA,E3736,3,2,0.09
P20798,MA_ROTA,E3736,3,2,0.04
P20800,PN_PIQ,E3736,3,2,0.05
P20801,MA_ROTA,E3736,3,2,0.22
P20802,MA_ROTA,E3736,3,2,0.21
P20803,MA_ROTA,E3736,3,2,0.35
P20804,MA_ROTA,E3736,3,2,0.29
P20805,PN_PIQ,E3736,3,2,0.05
P20806,MA_ROTA,E3736,3,2,0.1
P20807,MA_ROTA,E3736,3,2,0.2
P20808,MA_ROTA,E3737,5,1,1.43
P20809,MA_ROTA,E3737,5,1,0.69
P20810,MA_ROTA,E3737,5,1,0.66
P20811,MA_ROTA,E3737,5,1,0.69
P20812,MA_ROTA,E3737,5,1,0.52
P20813,MA_ROTA,E3737,5,1,0.76
P20814,MA_ROTA,E3737,5,1,0.58
P20815,MA_ROTA,E3737,5,1,0.38
P20816,PN_PIQ,E3738,7,3,1.11
P20817,PN_PIQ,E3738,7,3,0.6
P20818,PN_PIQ,E3738,7,3,0.6
P20819,PN_PIQ,E3739,4,1,1.55
P20820,PN_PIQ,E3739,4,1,0.52
P20821,PN_PIQ,E3739,4,1,2.07
P20822,AN_PA,E3740,6,1,0.31
P20823,AN_PA,E3740,6,1,0.93
P20824,IG_PLA,E3740,6,1,1.31
P20825,PN_PIQ,E3740,6,1,0.62
P20826,AN_PA,E3740,6,1,0.86
P20827,PN_PIQ,E3740,6,1,1.04
P20828,MA_ROTA,E3740,2,2,1.67
P20829,MA_ROTA,E3740,2,2,2.44
P20830,MA_ROTA,E3740,2,2,0.55
P20831,AN_PA,E3741,5,1,0.5
P20832,AN_PA,E3741,5,1,2.51
P20833,TH,E3741,5,1,2.03
P20834,PN_PIQ,E3742,4,1,1.87
P20835,PN_PIQ,E3742,4,1,0.92
P20836,PN_PIQ,E3743,4,1,1.15
P20837,PN_PIQ,E3743,4,1,0.32
P20838,MA_ROTA,E3744,4,1,0.73
P20839,MA_ROTA,E3744,4,1,0.85
P20840,MA_ROTA,E3744,4,1,0.6
P20841,PN_PIQ,E3744,4,1,0.16
P20842,MA_ROTA,E3744,4,1,4.03
P20844,PN_PIQ,E3744,4,1,2.69
P20845,PN_PIQ,E3744,4,1,3.16
P20846,PN_PIQ,E3745,4,1,1.0
P20847,MA_ROTA,E3746,4,1,0.34
P20848,PN_PIQ,E3746,4,1,4.37
P20849,PN_PIQ,E3746,4,1,0.36
P20850,MA_ROTA,E3746,4,1,3.31
P20851,MA_ROTA,E3747,3,2,0.26
P20852,MA_ROTA,E3747,3,2,0.5
P20853,PN_PIQ,E3747,3,2,0.45
P20854,MA_ROTA,E3747,3,2,1.03
P20856,PN_PIQ,E3748,3,2,0.28
P20857,PN_PIQ,E3749,3,2,0.85
P20858,PN_PIQ,E3749,3,2,0.35
P20859,PN_PIQ,E3749,3,2,1.05
P20860,MA_ROTA,E3749,3,2,0.65
P20861,MA_ROTA,E3749,3,2,0.08
P20862,MA_ROTA,E3750,2,2,0.98
P20863,MA_ROTA,E3750,2,2,0.66
P20864,MA_ROTA,E3750,2,2,0.86
P20865,MA_ROTA,E3750,2,2,0.74
P20866,MA_ROTA,E3750,2,2,0.48
P20867,MA_ROTA,E3750,2,2,0.93
P20868,MA_ROTA,E3750,2,2,0.22
P20869,MA_ROTA,E3750,2,2,0.83
P20870,PN_PIQ,E3750,2,2,0.24
P20871,MA_ROTA,E3751,2,2,0.36
P20872,MA_ROTA,E3751,2,2,0.39
P20873,PN_PIQ,E3751,2,2,0.2
P20874,PN_PIQ,E3752,1,2,0.34
P20875,MA_ROTA,E3752,2,2,1.32
P20876,PN_PIQ,E3752,1,2,1.65
P20880,PN_PIQ,E3754,7,3,1.06
P20881,PN_PIQ,E3754,7,3,0.34
P20882,PN_PIQ,E3755,2,2,0.49
P20883,PN_PIQ,E3755,2,2,0.2
P20884,MA_ROTA,E3755,2,2,0.72
P20885,MA_ROTA,E3755,2,2,0.9
P20886,MA_ROTA,E3755,2,2,0.23
P20887,MA_ROTA,E3756,3,2,1.02
P20888,PN_PIQ,E3756,3,2,0.67
P20889,MA_ROTA,E3756,3,2,0.99
P20890,PN_PIQ,E3756,3,2,0.13
P20891,PN_PIQ,E3757,2,2,1.59
P20892,MA_ROTA,E3757,2,2,0.74
P20893,MA_ROTA,E3758,2,2,0.73
P20894,MA_ROTA,E3758,2,2,1.57
P20895,PN_PIQ,E3759,2,2,0.64
P20896,PN_PIQ,E3760,4,1,2.79
P20897,PN_PIQ,E3760,4,1,1.3
P20898,PN_PIQ,E3760,4,1,1.43
P20899,PN_PIQ,E3760,4,1,0.88
P20900,PN_PIQ,E3761,4,1,0.44
P20901,PN_PIQ,E3761,4,1,0.32
P20902,PN_PIQ,E3761,4,1,0.13
P20903,MA_ROTA,E3762,3,2,0.27
P20904,MA_ROTA,E3762,3,2,2.46
P20905,MA_ROTA,E3762,3,2,0.18
P20906,PN_PIQ,E3762,3,2,1.27
P20907,MA_ROTA,E3762,3,2,0.57
P20908,MA_ROTA,E3762,3,2,1.09
P20909,MA_ROTA,E3762,3,2,0.86
P20910,MA_ROTA,E3762,3,2,0.77
P20911,MA_ROTA,E3762,3,2,0.12
P20912,MA_ROTA,E3762,3,2,1.71
P20913,MA_ROTA,E3762,3,2,1.01
P20914,PN_PIQ,E3763,4,1,1.55
P20915,MA_ROTA,E3764,3,2,1.6
P20917,PN_PIQ,E3764,3,2,5.39
P20918,MA_ROTA,E3764,3,2,1.12
P20919,MA_ROTA,E3764,3,2,2.17
P20920,PN_PIQ,E3764,3,2,4.16
P20921,PN_PIQ,E3764,3,2,8.79
P20922,PN_PIQ,E3765,4,1,0.4
P20924,PN_PIQ,E3765,4,1,0.22
P20925,PN_PIQ,E3765,4,1,0.08
P20926,PN_PIQ,E3765,4,1,0.41
P20927,PN_PIQ,E3765,4,1,0.17
P20928,PN_PIQ,E3765,4,1,0.62
P20929,MA_ROTA,E3766,3,2,2.02
P20930,PN_PIQ,E3766,3,2,2.11
P20931,MA_ROTA,E3766,3,2,0.33
P20932,PN_PIQ,E3766,3,2,0.14
P20933,MA_ROTA,E3766,3,2,1.87
P20934,MA_ROTA,E3766,3,2,0.68
P20935,MA_ROTA,E3766,3,2,0.62
P20936,MA_ROTA,E3766,3,2,0.44
P20937,AG,E3767,5,1,0.7
P20939,BC_BT,E3767,5,1,0.23
P20940,IG_PLA,E3767,5,1,0.38
P20941,IG_PLA,E3767,5,1,0.22
P20942,AG,E3767,5,1,0.18
P20945,PN_PIQ,E3767,5,1,0.31
P20946,PN_PIQ,E3768,2,2,1.0
P20947,PN_PIQ,E3768,2,2,0.75
P20948,PN_PIQ,E3769,2,2,0.92
P20949,PN_PIQ,E3770,2,2,0.78
P20950,MA_ROTA,E3770,2,2,1.5
P20951,MA_ROTA,E3771,2,2,1.29
P20952,MA_ROTA,E3771,2,2,0.79
P20954,MA_ROTA,E3771,2,2,0.51
P20955,PN_PIQ,E3771,2,2,0.49
P20956,PN_PIQ,E3772,4,1,1.78
P20957,PN_PIQ,E3772,4,1,1.4
P20958,PN_PIQ,E3772,4,1,1.45
P20959,PN_PIQ,E3772,4,1,1.84
P20960,PN_PIQ,E3773,2,2,1.22
P20961,PN_PIQ,E3774,4,1,1.13
P20962,MA_ROTA,E3774,4,1,0.67
P20963,PN_PIQ,E3774,4,1,0.28
P20964,MA_ROTA,E3774,4,1,0.63
P20965,PN_PIQ,E3774,4,1,0.23
P20966,MA_ROTA,E3774,4,1,1.36
P20967,MA_ROTA,E3774,4,1,0.19
P20968,PN_PIQ,E3774,4,1,0.16
P20969,MA_ROTA,E3775,3,2,0.38
P20970,MA_ROTA,E3775,3,2,1.33
P20971,MA_ROTA,E3775,3,2,1.33
P20972,MA_ROTA,E3775,3,2,2.52
P20973,PN_PIQ,E3775,3,2,1.03
P20974,PN_PIQ,E3775,3,2,0.92
P20975,MA_ROTA,E3775,3,2,0.16
P20976,MA_ROTA,E3775,3,2,2.05
P20977,MA_ROTA,E3775,3,2,1.97
P20978,MA_ROTA,E3775,3,2,0.36
P20979,PN_PIQ,E3775,3,2,0.69
P20980,MA_ROTA,E3775,3,2,0.27
P20981,PN_PIQ,E3775,3,2,0.16
P20982,MA_ROTA,E3775,3,2,0.26
P20983,MA_ROTA,E3776,3,2,0.25
P20984,MA_ROTA,E3776,3,2,0.86
P20986,MA_ROTA,E3776,3,2,0.51
P20987,PN_PIQ,E3776,3,2,0.46
P20988,PN_PIQ,E3776,3,2,1.35
P20989,MA_ROTA,E3776,3,2,1.54
P20990,PN_PIQ,E3776,3,2,1.06
P20992,PN_PIQ,E3777,7,3,1.47
P20993,PN_PIQ,E3777,7,3,0.49
P20994,PN_PIQ,E3777,7,3,0.39
P20995,PN_PIQ,E3777,7,3,0.88
P20996,PN_PIQ,E3777,7,3,0.34
P20997,PN_PIQ,E3777,7,3,0.27
P20998,PN_PIQ,E3777,7,3,0.05
P20999,PN_PIQ,E3777,7,3,0.16
P21000,PN_PIQ,E3778,7,3,0.39
P21001,PN_PIQ,E3778,7,3,0.41
P21002,PN_PIQ,E3778,7,3,0.43
P21003,PN_PIQ,E3778,7,3,0.81
P21004,PN_PIQ,E3779,7,3,0.93
P21005,PN_PIQ,E3779,7,3,0.15
P21006,PN_PIQ,E3779,7,3,1.35
P21007,PN_PIQ,E3780,7,3,0.55
P21008,PN_PIQ,E3780,7,3,0.38
P21009,PN_PIQ,E3780,7,3,0.39
P21010,PN_PIQ,E3780,7,3,0.17
P21011,PN_PIQ,E3781,7,3,2.29
P21012,PN_PIQ,E3781,7,3,0.61
P21013,PN_PIQ,E3781,7,3,0.26
P21014,PN_PIQ,E3781,7,3,0.02
P21015,PN_PIQ,E3782,7,3,1.12
P21016,PN_PIQ,E3783,7,3,0.69
P21017,PN_PIQ,E3784,7,3,0.41
P21018,PN_PIQ,E3784,7,3,0.47
P21019,PN_PIQ,E3784,7,3,2.02
P21020,PN_PIQ,E3784,7,3,0.38
P21021,PN_PIQ,E3784,7,3,2.46
P21022,PN_PIQ,E3785,4,1,0.28
P21023,PN_PIQ,E3786,7,3,1.04
P21024,PN_PIQ,E3786,7,3,1.9
P21025,PN_PIQ,E3786,7,3,1.45
P21026,PN_PIQ,E3786,7,3,0.26
P21027,PN_PIQ,E3786,7,3,0.3
P21028,PN_PIQ,E3786,7,3,0.92
P21029,PN_PIQ,E3786,7,3,0.32
P21030,PN_PIQ,E3787,3,2,0.56
P21031,PN_PIQ,E3787,3,2,0.79
P21033,PN_PIQ,E3789,7,3,0.92
P21034,PN_PIQ,E3790,6,1,1.72
P21035,PN_PIQ,E3790,6,1,0.3
P21036,MA_ROTA,E3791,5,1,3.0
P21037,PN_PIQ,E3792,7,3,1.02
P21038,PN_PIQ,E3793,7,3,0.21
P21039,PN_PIQ,E3793,7,3,0.35
P21040,PN_PIQ,E3793,7,3,0.21
P21041,PN_PIQ,E3793,7,3,0.42
P21042,PN_PIQ,E3793,7,3,0.8
P21043,PN_PIQ,E3793,7,3,0.91
P21044,PN_PIQ,E3793,7,3,0.23
P21045,PN_PIQ,E3793,7,3,0.27
P21046,PN_PIQ,E3794,4,1,1.39
P21047,PN_PIQ,E3794,4,1,3.86
P21048,PN_PIQ,E3794,4,1,0.72
P21049,PN_PIQ,E3794,4,1,1.08
P21050,PN_PIQ,E3794,4,1,4.67
P21051,PN_PIQ,E3794,4,1,0.95
P21052,PN_PIQ,E3794,4,1,2.41
P21053,PN_PIQ,E3794,4,1,0.63
P21054,PN_PIQ,E3794,4,1,2.25
P21055,PN_PIQ,E3794,4,1,2.14
P21056,PN_PIQ,E3794,4,1,2.52
P21057,PN_PIQ,E3794,4,1,3.32
P21058,PN_PIQ,E3794,4,1,1.56
P21059,PN_PIQ,E3794,4,1,0.43
P21060,PN_PIQ,E3794,4,1,3.37
P21061,PN_PIQ,E3794,4,1,0.96
P21062,PN_PIQ,E3794,4,1,0.33
P21063,PN_PIQ,E3794,4,1,0.35
P21064,PN_PIQ,E3794,4,1,0.53
P21065,PN_PIQ,E3794,4,1,0.39
P21066,PN_PIQ,E3794,4,1,1.92
P21067,PN_PIQ,E3794,4,1,2.03
P21068,PN_PIQ,E3794,4,1,0.41
P21069,PN_PIQ,E3794,4,1,0.44
P21070,PN_PIQ,E3794,4,1,0.59
P21071,PN_PIQ,E3794,4,1,8.26
P21072,PN_PIQ,E3794,4,1,4.18
P21073,PN_PIQ,E3794,4,1,0.48
P21074,PN_PIQ,E3794,4,1,1.85
P21075,PN_PIQ,E3794,4,1,0.1
P21076,PN_PIQ,E3794,4,1,1.15
P21077,PN_PIQ,E3794,4,1,2.23
P21078,PN_PIQ,E3794,4,1,3.45
P21079,PN_PIQ,E3794,4,1,8.05
P21080,PN_PIQ,E3794,4,1,6.75
P21081,PN_PIQ,E3794,4,1,3.03
P21082,PN_PIQ,E3794,4,1,3.92
P21083,MA_ROTA,E3795,5,1,1.52
P21084,MA_ROTA,E3795,5,1,4.18
P21085,MA_ROTA,E3795,5,1,2.25
P21086,MA_ROTA,E3795,5,1,3.44
P21087,MA_ROTA,E3795,5,1,0.37
P21088,MA_ROTA,E3795,5,1,3.9
P21089,MA_ROTA,E3795,5,1,0.87
P21090,MA_ROTA,E3795,5,1,0.57
P21091,PN_PIQ,E3796,7,3,0.34
P21092,PN_PIQ,E3796,7,3,0.3
P21093,PN_PIQ,E3796,7,3,0.17
P21094,PN_PIQ,E3796,7,3,0.2
P21095,PN_PIQ,E3796,7,3,1.14
P21096,PN_PIQ,E3796,7,3,0.52
P21097,PN_PIQ,E3796,7,3,0.25
P21098,PN_PIQ,E3796,7,3,0.26
P21099,PN_PIQ,E3797,7,3,0.76
P21100,PN_PIQ,E3797,7,3,0.6
P21101,PN_PIQ,E3797,7,3,0.15
P21102,PN_PIQ,E3797,7,3,0.15
P21103,PN_PIQ,E3797,7,3,0.4
P21104,MA_ROTA,E3798,3,2,3.03
P21105,MA_ROTA,E3798,3,2,0.05
P21106,PN_PIQ,E3798,3,2,5.02
P21107,MA_ROTA,E3798,3,2,2.12
P21108,MA_ROTA,E3798,3,2,0.52
P21109,PN_PIQ,E3799,4,1,0.25
P21110,PN_PIQ,E3799,4,1,2.81
P21112,PN_PIQ,E3800,3,2,1.86
P21113,PN_PIQ,E3800,3,2,0.9
P21114,PN_PIQ,E3800,3,2,0.54
P21116,MA_ROTA,E3800,3,2,0.84
P21117,MA_ROTA,E3801,3,2,2.17
P21118,MA_ROTA,E3801,3,2,0.3
P21119,MA_ROTA,E3801,3,2,0.86
P21120,MA_ROTA,E3801,3,2,3.5
P21121,MA_ROTA,E3801,3,2,1.4
P21122,MA_ROTA,E3801,3,2,0.26
P21123,PN_PIQ,E3802,4,1,0.79
P21129,PN_PIQ,E3802,4,1,0.82
P21130,PN_PIQ,E3802,4,1,1.26
P21131,PN_PIQ,E3802,4,1,0.54
P21132,PN_PIQ,E3802,4,1,0.42
P21133,MA_ROTA,E3803,2,2,0.7
P21134,MA_ROTA,E3803,2,2,0.12
P21135,PN_PIQ,E3803,2,2,0.45
P21136,PN_PIQ,E3804,3,2,4.68
P21137,PN_PIQ,E3805,3,2,0.16
P21138,MA_ROTA,E3805,3,2,2.6
P21139,PN_PIQ,E3805,3,2,0.87
P21140,MA_ROTA,E3805,3,2,0.43
P21141,PN_PIQ,E3806,7,3,1.05
P21142,MA_ROTA,E3807,5,1,2.0
P21143,MA_ROTA,E3807,5,1,1.6
P21144,MA_ROTA,E3807,5,1,2.14
P21145,MA_ROTA,E3807,5,1,1.15
P21146,MA_ROTA,E3807,5,1,4.42
P21147,MA_ROTA,E3807,5,1,1.34
P21148,MA_ROTA,E3807,5,1,1.57
P21149,MA_ROTA,E3807,5,1,1.72
P21150,MA_ROTA,E3807,5,1,2.12
P21151,MA_ROTA,E3808,3,2,0.11
P21152,MA_ROTA,E3808,3,2,1.29
P21153,MA_ROTA,E3808,3,2,1.17
P21154,MA_ROTA,E3808,3,2,0.2
P21157,IG_PLA,E3809,5,1,1.0
P21158,MA_PAI_NON_NI,E3809,5,1,1.28
P21160,PN_PIQ,E3810,6,1,0.5
P21161,MA_ROTA,E3811,5,1,0.59
P21162,MA_ROTA,E3811,5,1,1.01
P21164,MA_ROTA,E3811,5,1,1.57
P21165,MA_ROTA,E3811,5,1,0.62
P21166,PN_PIQ,E3812,4,1,1.75
P21167,PN_PIQ,E3813,7,3,1.53
P21168,PN_PIQ,E3814,7,3,0.24
P21169,PN_PIQ,E3814,7,3,0.38
P21170,PN_PIQ,E3814,7,3,0.6
P21171,PN_PIQ,E3814,7,3,0.35
P21172,PN_PIQ,E3814,7,3,0.9
P21173,PN_PIQ,E3814,7,3,0.4
P21174,PN_PIQ,E3814,7,3,0.2
P21175,PN_PIQ,E3815,7,3,0.13
P21176,PN_PIQ,E3815,7,3,0.7
P21177,PN_PIQ,E3815,7,3,0.56
P21178,PN_PIQ,E3815,7,3,0.21
P21179,PN_PIQ,E3815,7,3,0.55
P21180,PN_PIQ,E3815,7,3,0.11
P21181,PN_PIQ,E3815,7,3,0.21
P21182,PN_PIQ,E3815,7,3,1.98
P21183,PN_PIQ,E3815,7,3,0.07
P21184,PN_PIQ,E3815,7,3,0.16
P21185,PN_PIQ,E3816,7,3,1.78
P21186,PN_PIQ,E3816,7,3,1.58
P21187,PN_PIQ,E3816,7,3,0.65
P21188,PN_PIQ,E3816,7,3,0.47
P21189,PN_PIQ,E3816,7,3,0.44
P21190,PN_PIQ,E3816,7,3,0.56
P21191,PN_PIQ,E3816,7,3,0.68
P21192,PN_PIQ,E3816,7,3,0.58
P21193,PN_PIQ,E3817,7,3,0.17
P21194,PN_PIQ,E3817,7,3,0.12
P21195,PN_PIQ,E3817,7,3,1.44
P21196,PN_PIQ,E3817,7,3,0.57
P21197,PN_PIQ,E3817,7,3,0.71
P21198,PN_PIQ,E3818,7,3,1.07
P21199,PN_PIQ,E3819,2,2,0.41
P21200,MA_ROTA,E3819,2,2,1.1
P21201,PN_PIQ,E3819,2,2,0.38
P21202,MA_ROTA,E3819,2,2,0.4
P21203,PN_PIQ,E3820,1,2,0.5
P21204,PN_PIQ,E3820,1,2,0.36
P21205,PN_PIQ,E3820,1,2,0.91
P21206,PN_PIQ,E3820,1,2,0.45
P21207,MA_ROTA,E3821,2,2,8.58
P21208,PN_PIQ,E3822,1,2,0.24
P21209,PN_PIQ,E3822,1,2,0.23
P21210,PN_PIQ,E3822,1,2,1.88
P21211,AN_PA,E3823,5,1,0.48
P21212,AG,E3823,5,1,0.5
P21213,AN_PA,E3823,5,1,0.48
P21214,IG_PLA,E3823,5,1,0.51
P21215,AN_PA,E3823,5,1,1.31
P21216,BC_BT,E3823,5,1,0.63
P21217,AN_PA,E3823,5,1,0.91
P21218,AN_PA,E3823,5,1,0.13
P21219,AN_PA,E3823,5,1,0.6
P21220,AN_PA,E3823,5,1,1.3
P21221,AG,E3823,5,1,0.1
P21222,PN_PIQ,E3824,6,1,0.93
P21223,MA_ROTA,E3825,2,2,1.63
P21224,PN_PIQ,E3826,2,2,1.35
P21225,MA_ROTA,E3827,2,2,1.19
P21226,MA_ROTA,E3827,2,2,1.14
P21227,PN_PIQ,E3828,4,1,1.38
P21228,PN_PIQ,E3828,4,1,0.3
P21229,PN_PIQ,E3829,4,1,1.98
P21230,PN_PIQ,E3830,4,1,2.35
P21231,PN_PIQ,E3830,4,1,0.12
P21232,PN_PIQ,E3831,4,1,0.43
P21233,PN_PIQ,E3831,4,1,1.97
P21234,PN_PIQ,E3831,4,1,0.22
P21235,PN_PIQ,E3831,4,1,0.92
P21236,PN_PIQ,E3831,4,1,0.73
P21237,PN_PIQ,E3832,4,1,0.76
P21238,PN_PIQ,E3832,4,1,0.63
P21239,PN_PIQ,E3832,4,1,0.4
P21240,PN_PIQ,E3833,4,1,0.7
P21241,PN_PIQ,E3833,4,1,1.42
P21242,PN_PIQ,E3833,4,1,0.28
P21243,PN_PIQ,E3833,4,1,0.18
P21244,PN_PIQ,E3833,4,1,0.29
P21245,PN_PIQ,E3833,4,1,0.17
P21246,PN_PIQ,E3833,4,1,0.85
P21247,PN_PIQ,E3833,4,1,0.85
P21248,PN_PIQ,E3834,4,1,1.32
P21249,PN_PIQ,E3834,4,1,0.97
P21250,PN_PIQ,E3834,4,1,0.26
P21251,PN_PIQ,E3835,4,1,2.05
P21252,MA_ROTA,E3836,2,2,0.63
P21253,PN_PIQ,E3837,1,2,1.74
P21254,PN_PIQ,E3837,1,2,1.05
P21255,PN_PIQ,E3837,1,2,0.26
P21256,PN_PIQ,E3837,1,2,0.25
P21257,PN_PIQ,E3837,1,2,1.95
P21258,PN_PIQ,E3837,1,2,0.73
P21259,PN_PIQ,E3837,1,2,0.75
P21260,PN_PIQ,E3837,1,2,2.01
P21261,MA_ROTA,E3838,2,2,1.24
P21263,PN_PIQ,E3840,2,2,1.27
P21264,MA_ROTA,E3840,2,2,0.81
P21265,MA_ROTA,E3841,2,2,0.66
P21266,PN_PIQ,E3842,1,2,0.63
P21267,PN_PIQ,E3842,1,2,0.55
P21268,PN_PIQ,E3843,2,2,0.53
P21269,PN_PIQ,E3843,2,2,0.4
P21270,PN_PIQ,E3843,2,2,1.36
P21271,ME,E3844,2,2,2.55
P21272,MA_ROTA,E3844,2,2,0.05
P21273,MA_ROTA,E3845,2,2,3.61
P21274,PN_PIQ,E3845,2,2,1.05
P21275,PN_PIQ,E3846,2,2,1.31
P21276,MA_ROTA,E3847,2,2,1.1
P21277,PN_PIQ,E3848,2,2,1.59
P21278,PN_PIQ,E3848,2,2,3.58
P21279,MA_ROTA,E3849,2,2,1.5
P21280,MA_ROTA,E3849,2,2,1.0
P21282,MA_ROTA,E3850,4,1,3.25
P21283,PN_PIQ,E3850,4,1,1.45
P21284,MA_ROTA,E3850,4,1,0.5
P21285,PN_PIQ,E3850,4,1,0.56
P21286,MA_ROTA,E3850,4,1,1.52
P21287,PN_PIQ,E3850,4,1,1.96
P21288,MA_ROTA,E3851,2,2,0.95
P21289,MA_ROTA,E3851,2,2,0.63
P21290,MA_ROTA,E3851,2,2,0.68
P21291,PN_PIQ,E3852,2,2,2.35
P21294,AN_PA,E3853,5,1,0.11
P21295,BC_BT,E3853,5,1,0.73
P21296,PN_PIQ,E3854,2,2,0.9
P21297,MA_ROTA,E3854,2,2,1.08
P21298,MA_ROTA,E3854,2,2,0.76
P21299,PN_PIQ,E3854,2,2,1.17
P21301,MA_ROTA,E3855,2,2,1.08
P21302,PN_PIQ,E3855,2,2,0.41
P21303,MA_ROTA,E3855,2,2,2.04
P21304,PN_PIQ,E3856,3,2,2.26
P21305,MA_ROTA,E3857,5,1,1.77
P21306,MA_ROTA,E3857,5,1,1.21
P21307,MA_ROTA,E3858,2,2,0.17
P21308,MA_ROTA,E3858,2,2,0.25
P21309,MA_ROTA,E3858,2,2,0.12
P21310,MA_ROTA,E3859,2,2,0.97
P21311,ME,E3859,2,2,0.99
P21312,MA_ROTA,E3859,2,2,0.91
P21313,MA_ROTA,E3860,2,2,0.86
P21314,PN_PIQ,E3860,2,2,1.05
P21315,MA_ROTA,E3860,2,2,0.78
P21316,MA_ROTA,E3860,2,2,0.91
P21317,MA_ROTA,E3860,2,2,0.39
P21318,PN_PIQ,E3860,2,2,0.75
P21319,PN_PIQ,E3861,7,3,0.06
P21320,PN_PIQ,E3861,7,3,0.4
P21321,PN_PIQ,E3861,7,3,0.52
P21322,PN_PIQ,E3861,7,3,0.34
P21323,PN_PIQ,E3861,7,3,1.75
P21324,PN_PIQ,E3861,7,3,0.6
P21325,MA_ROTA,E3862,2,2,0.38
P21326,PN_PIQ,E3862,2,2,0.45
P21327,PN_PIQ,E3863,1,2,0.3
P21329,PN_PIQ,E3864,2,2,1.59
P21330,MA_ROTA,E3864,2,2,0.33
P21331,PN_PIQ,E3865,2,2,2.15
P21332,PN_PIQ,E3865,2,2,0.57
P21333,PN_PIQ,E3865,2,2,0.48
P21334,MA_ROTA,E3866,2,2,1.62
P21335,MA_ROTA,E3867,2,2,0.62
P21336,MA_ROTA,E3867,2,2,0.21
P21337,PN_PIQ,E3868,2,2,0.34
P21338,MA_ROTA,E3868,2,2,0.09
P21339,MA_ROTA,E3868,2,2,0.06
P21341,MA_ROTA,E3868,2,2,0.26
P21342,PN_PIQ,E3868,2,2,0.13
P21343,MA_ROTA,E3869,2,2,0.21
P21344,MA_ROTA,E3869,2,2,0.24
P21345,MA_ROTA,E3869,2,2,0.58
P21346,MA_ROTA,E3869,2,2,0.66
P21347,MA_ROTA,E3870,1,2,1.46
P21348,MA_ROTA,E3870,2,2,1.03
P21349,MA_ROTA,E3870,2,2,0.6
P21350,PN_PIQ,E3871,3,2,1.22
P21351,PN_PIQ,E3871,3,2,0.66
P21352,MA_ROTA,E3872,2,2,1.9
P21353,MA_ROTA,E3873,2,2,1.03
P21354,MA_ROTA,E3873,2,2,1.49
P21355,MA_ROTA,E3873,2,2,0.59
P21356,MA_ROTA,E3874,2,2,2.3
P21357,MA_ROTA,E3875,2,2,0.25
P21359,PN_PIQ,E3876,3,2,0.18
P21360,PN_PIQ,E3876,3,2,0.16
P21361,MA_ROTA,E3876,3,2,1.21
P21362,MA_ROTA,E3876,3,2,0.26
P21363,MA_ROTA,E3876,3,2,0.17
P21364,PN_PIQ,E3876,3,2,0.42
P21365,MA_ROTA,E3876,3,2,0.21
P21366,MA_ROTA,E3876,3,2,1.96
P21367,PN_PIQ,E3876,3,2,1.22
P21368,ME,E3876,3,2,0.6
P21369,PN_PIQ,E3876,3,2,0.11
P21370,PN_PIQ,E3877,7,3,1.25
P21371,PN_PIQ,E3877,7,3,2.2
P21372,PN_PIQ,E3877,7,3,0.73
P21373,PN_PIQ,E3878,7,3,0.58
P21374,PN_PIQ,E3878,7,3,0.5
P21375,PN_PIQ,E3879,7,3,0.51
P21376,PN_PIQ,E3879,7,3,0.13
P21377,PN_PIQ,E3880,7,3,0.31
P21378,MA_ROTA,E3881,3,2,0.51
P21379,MA_ROTA,E3881,3,2,0.48
P21380,ME,E3881,3,2,1.91
P21381,MA_ROTA,E3881,3,2,1.51
P21382,PN_PIQ,E3881,3,2,1.29
P21383,MA_ROTA,E3882,2,2,1.46
P21384,MA_ROTA,E3882,2,2,0.63
P21385,PN_PIQ,E3882,2,2,0.22
P21386,PN_PIQ,E3883,7,3,0.4
P21387,PN_PIQ,E3883,7,3,0.14
P21388,PN_PIQ,E3883,7,3,0.24
P21389,PN_PIQ,E3883,7,3,0.3
P21390,PN_PIQ,E3883,7,3,0.76
P21391,PN_PIQ,E3884,7,3,0.77
P21392,PN_PIQ,E3884,7,3,0.21
P21393,PN_PIQ,E3884,7,3,1.1
P21394,PN_PIQ,E3884,7,3,0.85
P21395,PN_PIQ,E3885,6,1,1.09
P21397,PN_PIQ,E3886,4,1,0.51
P21398,PN_PIQ,E3886,4,1,0.98
P21402,PN_PIQ,E3886,4,1,0.91
P21403,PN_PIQ,E3886,4,1,0.27
P21404,PN_PIQ,E3886,4,1,0.71
P21405,PN_PIQ,E3886,4,1,0.5
P21407,PN_PIQ,E3886,4,1,0.56
P21408,PN_PIQ,E3886,4,1,0.48
P21410,MA_ROTA,E3887,3,2,0.51
P21411,PN_PIQ,E3887,3,2,1.06
P21412,MA_ROTA,E3887,3,2,2.17
P21413,PN_PIQ,E3888,3,2,2.55
P21414,PN_PIQ,E3888,3,2,1.5
P21415,PN_PIQ,E3888,3,2,3.22
P21417,MA_ROTA,E3889,3,2,0.65
P21418,MA_ROTA,E3889,3,2,0.66
P21419,MA_ROTA,E3889,3,2,0.96
P21420,PN_PIQ,E3890,3,2,0.33
P21421,PN_PIQ,E3890,3,2,1.04
P21422,MA_ROTA,E3891,3,2,0.48
P21423,MA_ROTA,E3891,3,2,0.39
P21424,PN_PIQ,E3891,3,2,0.45
P21425,MA_ROTA,E3892,3,2,0.06
P21426,MA_ROTA,E3892,3,2,0.91
P21427,MA_ROTA,E3892,3,2,0.89
P21428,PN_PIQ,E3892,3,2,4.86
P21429,PN_PIQ,E3892,3,2,1.12
P21430,MA_ROTA,E3893,5,1,1.98
P21431,MA_ROTA,E3893,5,1,1.79
P21432,MA_ROTA,E3893,5,1,0.52
P21433,MA_ROTA,E3893,5,1,2.11
P21434,MA_ROTA,E3893,5,1,2.19
P21435,MA_ROTA,E3893,5,1,2.7
P21436,MA_ROTA,E3893,5,1,0.71
P21437,MA_ROTA,E3893,5,1,1.53
P21438,MA_ROTA,E3893,5,1,1.7
P21441,ME,E3894,2,2,0.16
P21442,PN_PIQ,E3895,2,2,0.08
P21443,PN_PIQ,E3896,2,2,1.38
P21444,PN_PIQ,E3897,7,3,0.57
P21445,PN_PIQ,E3897,7,3,1.03
P21446,PN_PIQ,E3897,7,3,0.75
P21447,PN_PIQ,E3897,7,3,0.15
P21448,PN_PIQ,E3897,7,3,0.39
P21449,PN_PIQ,E3897,7,3,2.39
P21450,PN_PIQ,E3897,7,3,1.24
P21451,PN_PIQ,E3897,7,3,0.94
P21452,PN_PIQ,E3897,7,3,1.45
P21453,PN_PIQ,E3897,7,3,1.59
P21454,PN_PIQ,E3897,7,3,0.12
P21455,PN_PIQ,E3897,7,3,3.49
P21456,PN_PIQ,E3897,7,3,0.3
P21457,PN_PIQ,E3897,7,3,0.21
P21458,PN_PIQ,E3898,6,1,0.78
P21459,PN_PIQ,E3898,6,1,0.17
P21460,PN_PIQ,E3899,4,1,0.96
P21461,PN_PIQ,E3900,1,2,1.07
P21462,PN_PIQ,E3901,1,2,2.0
P21463,MA_ROTA,E3902,1,2,3.55
P21465,MA_ROTA,E3902,1,2,1.89
P21466,PN_PIQ,E3902,1,2,1.31
P21467,MA_ROTA,E3902,1,2,0.71
P21468,PN_PIQ,E3902,1,2,1.35
P21469,PN_PIQ,E3903,2,2,1.13
P21470,MA_ROTA,E3903,2,2,0.89
P21471,MA_ROTA,E3903,2,2,0.4
P21472,MA_ROTA,E3903,2,2,1.2
P21473,MA_ROTA,E3904,3,2,0.12
P21474,PN_PIQ,E3905,3,2,0.76
P21475,PN_PIQ,E3906,1,2,0.2
P21476,PN_PIQ,E3906,1,2,0.14
P21477,PN_PIQ,E3906,1,2,1.09
P21478,PN_PIQ,E3907,2,2,0.54
P21479,PN_PIQ,E3907,2,2,1.18
P21480,PN_PIQ,E3908,7,3,0.02
P21481,AN_PA,E3909,5,1,0.36
P21483,AN_PA,E3909,5,1,0.04
P21484,AN_PA,E3909,5,1,0.04
P21486,AN_PA,E3909,5,1,0.39
P21487,PN_PIQ,E3910,4,1,1.27
P21488,PN_PIQ,E3911,2,2,1.13
P21489,PN_PIQ,E3911,2,2,0.21
P21490,PN_PIQ,E3912,2,2,0.42
P21491,PN_PIQ,E3913,7,3,1.42
P21492,PN_PIQ,E3913,7,3,0.24
P21493,PN_PIQ,E3913,7,3,0.3
P21494,PN_PIQ,E3913,7,3,0.53
P21495,PN_PIQ,E3913,7,3,0.6
P21496,PN_PIQ,E3913,7,3,0.22
P21497,PN_PIQ,E3913,7,3,0.37
P21498,PN_PIQ,E3913,7,3,0.66
P21499,PN_PIQ,E3913,7,3,0.73
P21500,PN_PIQ,E3913,7,3,2.38
P21501,PN_PIQ,E3913,7,3,0.95
P21502,PN_PIQ,E3913,7,3,0.83
P21503,PN_PIQ,E3913,7,3,2.0
P21504,PN_PIQ,E3913,7,3,1.99
P21505,PN_PIQ,E3913,7,3,2.88
P21506,MA_ROTA,E3914,2,2,2.98
P21507,MA_ROTA,E3914,2,2,1.29
P21508,PN_PIQ,E3915,4,1,1.54
P21509,PN_PIQ,E3915,4,1,1.65
P21510,PN_PIQ,E3915,4,1,1.1
P21511,PN_PIQ,E3915,4,1,1.09
P21512,PN_PIQ,E3915,4,1,1.42
P21513,PN_PIQ,E3915,4,1,1.57
P21514,MA_ROTA,E3916,5,1,4.23
P21515,MA_ROTA,E3916,5,1,2.03
P21516,MA_ROTA,E3917,3,2,0.84
P21517,PN_PIQ,E3917,3,2,0.7
P21518,MA_ROTA,E3917,3,2,0.68
P21519,PN_PIQ,E3917,3,2,0.59
P21520,MA_ROTA,E3917,3,2,0.68
P21521,MA_ROTA,E3917,3,2,0.7
P21522,MA_ROTA,E3917,3,2,1.07
P21523,MA_ROTA,E3917,3,2,0.11
P21525,MA_ROTA,E3918,5,1,0.92
P21526,MA_ROTA,E3918,5,1,1.27
P21528,MA_ROTA,E3918,5,1,1.0
P21529,MA_ROTA,E3918,5,1,0.6
P21530,MA_ROTA,E3918,5,1,0.24
P21531,MA_ROTA,E3918,5,1,0.87
P21533,PN_PIQ,E3919,3,2,2.23
P21534,ME,E3919,3,2,2.99
P21535,PN_PIQ,E3919,3,2,1.15
P21536,AN_PA,E3920,5,1,0.28
P21537,TH,E3920,5,1,0.36
P21539,AN_PA,E3920,5,1,0.44
P21540,AN_PA,E3920,5,1,0.11
P21541,AN_PA,E3920,5,1,0.55
P21542,AN_PA,E3920,5,1,0.4
P21543,IG_PLA,E3920,5,1,0.14
P21545,TH,E3920,5,1,0.36
P21546,TH,E3920,5,1,0.37
P21547,AN_PA,E3920,5,1,0.44
P21548,AN_PA,E3920,5,1,0.21
P21549,TH,E3920,5,1,0.39
P21551,AN_PA,E3920,5,1,0.3
P21552,AN_PA,E3920,5,1,0.8
P21553,AN_PA,E3920,5,1,0.26
P21554,IG_PLA,E3921,5,1,0.64
P21555,AN_PA,E3921,5,1,0.9
P21556,IG_PLA,E3921,5,1,0.98
P21557,AG,E3921,5,1,0.47
P21558,TH,E3921,5,1,0.88
P21559,AG,E3921,5,1,0.36
P21560,AN_PA,E3921,5,1,0.1
P21561,AN_PA,E3921,5,1,0.33
P21562,AN_PA,E3921,5,1,0.23
P21563,AN_PA,E3921,5,1,0.76
P21566,AN_PA,E3921,5,1,1.83
P21567,AG,E3921,5,1,0.42
P21568,IG_PLA,E3921,5,1,0.36
P21569,PN_PIQ,E3922,7,3,0.41
P21570,PN_PIQ,E3922,7,3,2.22
P21571,PN_PIQ,E3922,7,3,0.6
P21572,PN_PIQ,E3922,7,3,0.55
P21573,PN_PIQ,E3922,7,3,0.15
P21574,PN_PIQ,E3922,7,3,0.54
P21575,PN_PIQ,E3923,7,3,0.48
P21576,PN_PIQ,E3923,7,3,0.84
P21577,PN_PIQ,E3923,7,3,2.1
P21578,PN_PIQ,E3923,7,3,0.29
P21579,PN_PIQ,E3924,7,3,0.77
P21580,PN_PIQ,E3925,7,3,0.45
P21581,PN_PIQ,E3925,7,3,1.07
P21582,PN_PIQ,E3925,7,3,0.23
P21583,PN_PIQ,E3926,7,3,0.7
P21584,PN_PIQ,E3926,7,3,1.19
P21585,PN_PIQ,E3926,7,3,0.27
P21586,PN_PIQ,E3927,7,3,0.82
P21587,PN_PIQ,E3927,7,3,0.7
P21588,PN_PIQ,E3927,7,3,1.31
P21589,PN_PIQ,E3927,7,3,0.16
P21590,PN_PIQ,E3928,7,3,0.17
P21591,PN_PIQ,E3928,7,3,0.63
P21592,PN_PIQ,E3929,7,3,1.19
P21593,PN_PIQ,E3930,7,3,0.25
P21594,PN_PIQ,E3930,7,3,0.24
P21595,PN_PIQ,E3930,7,3,0.16
P21596,PN_PIQ,E3930,7,3,1.69
P21597,PN_PIQ,E3930,7,3,0.14
P21598,PN_PIQ,E3930,7,3,0.46
P21599,PN_PIQ,E3931,7,3,0.21
P21600,PN_PIQ,E3931,7,3,0.58
P21601,PN_PIQ,E3931,7,3,0.54
P21602,PN_PIQ,E3931,7,3,2.17
P21603,PN_PIQ,E3931,7,3,0.44
P21604,PN_PIQ,E3932,7,3,0.47
P21605,PN_PIQ,E3932,7,3,0.56
P21606,MA_ROTA,E3933,2,2,1.68
P21607,MA_ROTA,E3933,2,2,0.22
P21608,MA_ROTA,E3934,2,2,0.1
P21609,MA_ROTA,E3934,1,2,2.69
P21610,MA_ROTA,E3934,2,2,0.44
P21611,MA_ROTA,E3934,1,2,1.04
P21612,MA_ROTA,E3934,1,2,1.71
P21613,MA_ROTA,E3934,1,2,0.91
P21614,PN_PIQ,E3934,2,2,0.52
P21615,PN_PIQ,E3934,1,2,2.45
P21616,PN_PIQ,E3934,2,2,0.07
P21617,MA_ROTA,E3934,2,2,1.3
P21618,PN_PIQ,E3934,2,2,0.07
P21619,PN_PIQ,E3935,7,3,0.3
P21620,PN_PIQ,E3935,7,3,0.54
P21621,PN_PIQ,E3935,7,3,0.44
P21622,PN_PIQ,E3935,7,3,0.23
P21623,MA_ROTA,E3936,2,2,2.0
P21624,PN_PIQ,E3937,7,3,0.89
P21625,PN_PIQ,E3937,7,3,0.4
P21626,PN_PIQ,E3937,7,3,0.64
P21627,PN_PIQ,E3937,7,3,0.15
P21628,PN_PIQ,E3938,7,3,0.54
P21629,PN_PIQ,E3938,7,3,0.25
P21630,PN_PIQ,E3938,7,3,0.63
P21631,PN_PIQ,E3938,7,3,0.21
P21632,PN_PIQ,E3938,7,3,0.25
P21633,PN_PIQ,E3938,7,3,1.48
P21634,PN_PIQ,E3939,7,3,0.44
P21635,PN_PIQ,E3939,7,3,0.37
P21636,PN_PIQ,E3939,7,3,0.36
P21637,PN_PIQ,E3939,7,3,1.25
P21638,PN_PIQ,E3939,7,3,0.46
P21640,PN_PIQ,E3940,2,2,0.38
P21641,PN_PIQ,E3940,2,2,0.18
P21642,MA_ROTA,E3940,2,2,2.2
P21643,PN_PIQ,E3941,2,2,0.67
P21644,MA_ROTA,E3942,2,2,0.51
P21645,MA_ROTA,E3942,2,2,3.12
P21646,MA_ROTA,E3942,2,2,1.26
P21647,MA_ROTA,E3942,2,2,1.8
P21648,MA_ROTA,E3942,2,2,0.2
P21649,PN_PIQ,E3943,7,3,0.29
P21650,PN_PIQ,E3943,7,3,0.46
P21651,PN_PIQ,E3943,7,3,0.46
P21652,PN_PIQ,E3943,7,3,0.42
P21653,PN_PIQ,E3943,7,3,0.28
P21654,PN_PIQ,E3943,7,3,2.16
P21655,PN_PIQ,E3943,7,3,0.11
P21656,PN_PIQ,E3943,7,3,0.41
P21657,PN_PIQ,E3944,3,2,0.4
P21658,PN_PIQ,E3945,3,2,1.34
P21659,PN_PIQ,E3945,3,2,1.62
P21660,MA_ROTA,E3945,3,2,0.01
P21661,PN_PIQ,E3945,3,2,0.98
P21662,MA_ROTA,E3945,3,2,0.4
P21663,MA_ROTA,E3945,3,2,1.69
P21664,PN_PIQ,E3945,3,2,2.26
P21666,MA_ROTA,E3946,3,2,0.68
P21668,MA_ROTA,E3946,3,2,0.91
P21669,MA_ROTA,E3947,2,2,1.97
P21670,MA_ROTA,E3947,2,2,0.93
P21671,MA_ROTA,E3947,2,2,0.55
P21672,MA_ROTA,E3947,2,2,0.5
P21673,MA_ROTA,E3947,2,2,0.78
P21674,PN_PIQ,E3947,2,2,0.69
P21675,ME,E3947,2,2,0.55
P21676,PN_PIQ,E3947,2,2,1.12
P21677,MA_ROTA,E3947,2,2,0.73
P21678,MA_ROTA,E3947,2,2,0.74
P21679,MA_ROTA,E3948,3,2,0.41
P21680,PN_PIQ,E3948,3,2,1.01
P21681,MA_ROTA,E3948,3,2,3.26
P21682,MA_ROTA,E3948,3,2,1.52
P21683,PN_PIQ,E3948,3,2,1.18
P21684,PN_PIQ,E3948,3,2,0.87
P21685,PN_PIQ,E3948,3,2,1.11
P21686,PN_PIQ,E3949,7,3,0.42
P21687,PN_PIQ,E3949,7,3,0.35
P21688,PN_PIQ,E3949,7,3,0.14
P21689,PN_PIQ,E3950,4,1,0.75
P21690,MA_ROTA,E3950,4,1,0.47
P21691,PN_PIQ,E3951,4,1,1.97
P21692,PN_PIQ,E3951,4,1,1.92
P21693,MA_ROTA,E3952,1,2,0.94
P21694,MA_ROTA,E3952,1,2,0.86
P21695,PN_PIQ,E3952,1,2,0.16
P21696,PN_PIQ,E3952,1,2,0.28
P21697,MA_ROTA,E3952,1,2,0.88
P21698,PN_PIQ,E3953,3,2,0.3
P21699,PN_PIQ,E3953,3,2,1.2
P21700,PN_PIQ,E3953,3,2,0.77
P21701,PN_PIQ,E3953,3,2,0.48
P21702,MA_ROTA,E3954,3,2,0.71
P21703,ME,E3954,3,2,1.18
P21704,MA_ROTA,E3954,3,2,1.23
P21705,PN_PIQ,E3954,3,2,1.02
P21706,ME,E3954,3,2,0.77
P21707,MA_ROTA,E3954,3,2,0.82
P21708,MA_ROTA,E3954,3,2,0.87
P21709,MA_ROTA,E3954,3,2,1.2
P21712,MA_ROTA,E3956,3,2,3.48
P21713,PN_PIQ,E3956,3,2,1.27
P21714,PN_PIQ,E3956,3,2,3.68
P21717,MA_ROTA,E3956,3,2,0.33
P21718,MA_ROTA,E3956,3,2,0.49
P21720,MA_ROTA,E3956,3,2,2.46
P21721,ME,E3956,3,2,0.22
P21722,PN_PIQ,E3956,3,2,0.72
P21723,PN_PIQ,E3956,3,2,4.91
P21725,MA_ROTA,E3956,3,2,0.35
P21727,PN_PIQ,E3956,3,2,0.77
P21728,PN_PIQ,E3956,3,2,0.8
P21729,MA_ROTA,E3956,3,2,0.99
P21730,PN_PIQ,E3956,3,2,0.7
P21731,PN_PIQ,E3956,3,2,0.69
P21732,PN_PIQ,E3956,3,2,3.95
P21733,MA_ROTA,E3956,3,2,3.6
P21734,MA_ROTA,E3957,3,2,2.93
P21735,MA_ROTA,E3957,3,2,1.57
P21736,MA_ROTA,E3957,3,2,1.68
P21738,PN_PIQ,E3957,3,2,0.45
P21739,MA_ROTA,E3957,3,2,1.73
P21740,MA_ROTA,E3958,4,1,3.2
P21741,MA_ROTA,E3958,4,1,0.11
P21742,PN_PIQ,E3958,4,1,0.15
P21743,PN_PIQ,E3958,4,1,0.3
P21744,MA_ROTA,E3958,4,1,0.1
P21746,MA_ROTA,E3958,4,1,0.88
P21747,MA_ROTA,E3958,4,1,0.1
P21748,PN_PIQ,E3958,4,1,3.18
P21750,MA_ROTA,E3959,3,2,1.92
P21751,PN_PIQ,E3959,3,2,5.21
P21752,MA_ROTA,E3959,3,2,0.21
P21753,MA_ROTA,E3959,3,2,0.51
P21754,MA_ROTA,E3960,3,2,1.25
P21755,MA_ROTA,E3960,3,2,0.8
P21756,PN_PIQ,E3960,3,2,0.79
P21757,MA_ROTA,E3960,3,2,1.03
P21758,MA_ROTA,E3960,3,2,1.92
P21759,MA_ROTA,E3960,3,2,2.09
P21760,MA_ROTA,E3960,3,2,1.47
P21761,MA_ROTA,E3960,3,2,0.11
P21762,MA_ROTA,E3961,2,2,0.25
P21763,MA_ROTA,E3962,4,1,1.51
P21765,MA_ROTA,E3962,4,1,0.21
P21766,MA_ROTA,E3962,4,1,1.23
P21767,PN_PIQ,E3962,4,1,2.37
P21768,MA_ROTA,E3962,4,1,0.66
P21769,MA_ROTA,E3962,4,1,0.97
P21770,MA_ROTA,E3963,3,2,0.4
P21771,MA_ROTA,E3963,3,2,0.1
P21772,PN_PIQ,E3963,3,2,0.17
P21773,PN_PIQ,E3963,3,2,0.61
P21774,MA_ROTA,E3963,3,2,0.07
P21775,MA_ROTA,E3963,3,2,0.31
P21776,MA_ROTA,E3963,3,2,0.01
P21777,PN_PIQ,E3963,3,2,0.07
P21778,MA_ROTA,E3963,3,2,0.14
P21779,ME,E3963,3,2,0.02
P21780,MA_ROTA,E3963,3,2,1.11
P21781,PN_PIQ,E3964,2,2,0.91
P21782,PN_PIQ,E3964,2,2,1.21
P21783,PN_PIQ,E3964,2,2,1.01
P21785,PN_PIQ,E3965,4,1,0.33
P21786,PN_PIQ,E3965,4,1,0.66
P21787,PN_PIQ,E3965,4,1,0.58
P21788,PN_PIQ,E3965,4,1,0.22
P21789,PN_PIQ,E3965,4,1,0.58
P21790,PN_PIQ,E3965,4,1,0.55
P21791,PN_PIQ,E3965,4,1,0.4
P21792,PN_PIQ,E3966,4,1,1.28
P21793,PN_PIQ,E3966,4,1,0.43
P21794,MA_ROTA,E3967,2,2,2.15
P21796,PN_PIQ,E3968,2,2,0.42
P21797,MA_ROTA,E3968,2,2,0.08
P21798,MA_ROTA,E3968,2,2,1.55
P21799,PN_PIQ,E3969,4,1,0.25
P21800,PN_PIQ,E3969,4,1,0.88
P21801,PN_PIQ,E3970,2,2,0.89
P21802,PN_PIQ,E3970,2,2,0.45
P21803,PN_PIQ,E3971,6,1,0.22
P21804,PN_PIQ,E3971,6,1,0.21
P21805,PN_PIQ,E3971,6,1,0.19
P21806,PN_PIQ,E3971,6,1,0.21
P21807,PN_PIQ,E3971,6,1,0.59
P21808,PN_PIQ,E3971,6,1,0.42
P21809,PN_PIQ,E3971,6,1,0.24
P21810,AN_PA,E3971,6,1,0.5
P21811,MA_ROTA,E3972,3,2,3.48
P21812,MA_ROTA,E3972,3,2,2.93
P21813,MA_ROTA,E3972,3,2,0.66
P21814,MA_ROTA,E3972,3,2,0.39
P21815,MA_ROTA,E3972,3,2,1.48
P21816,MA_ROTA,E3972,3,2,0.12
P21817,MA_ROTA,E3973,3,2,1.05
P21818,MA_ROTA,E3973,3,2,1.73
P21819,MA_ROTA,E3973,3,2,0.44
P21820,MA_ROTA,E3973,3,2,1.51
P21821,MA_ROTA,E3973,3,2,1.7
P21822,MA_ROTA,E3973,3,2,3.13
P21823,PN_PIQ,E3974,4,1,0.5
P21824,PN_PIQ,E3975,4,1,1.51
P21825,PN_PIQ,E3975,4,1,0.81
P21826,PN_PIQ,E3975,4,1,1.89
P21827,PN_PIQ,E3975,4,1,0.11
P21829,PN_PIQ,E3975,4,1,0.38
P21830,PN_PIQ,E3976,2,2,0.49
P21831,PN_PIQ,E3976,2,2,1.04
P21832,MA_ROTA,E3976,2,2,1.0
P21833,MA_ROTA,E3976,2,2,1.82
P21834,PN_PIQ,E3977,4,1,1.83
P21835,PN_PIQ,E3977,4,1,2.94
P21836,MA_ROTA,E3977,4,1,0.85
P21837,MA_ROTA,E3977,4,1,0.91
P21838,PN_PIQ,E3977,4,1,0.28
P21839,PN_PIQ,E3977,4,1,0.92
P21840,PN_PIQ,E3977,4,1,8.38
P21841,PN_PIQ,E3978,2,2,0.61
P21842,PN_PIQ,E3978,2,2,0.23
P21843,PN_PIQ,E3978,2,2,0.54
P21844,PN_PIQ,E3979,7,3,1.38
P21845,PN_PIQ,E3979,7,3,1.35
P21846,PN_PIQ,E3979,7,3,0.78
P21847,PN_PIQ,E3979,7,3,0.43
P21848,MA_ROTA,E3980,2,2,1.33
P21849,MA_ROTA,E3981,3,2,0.74
P21850,PN_PIQ,E3981,3,2,0.49
P21851,AN_PA,E3981,5,1,0.21
P21852,ME,E3981,3,2,0.7
P21853,MA_ROTA,E3981,3,2,0.48
P21854,PN_PIQ,E3981,3,2,1.46
P21855,AN_PA,E3982,6,1,0.54
P21856,AN_PA,E3982,6,1,0.32
P21857,PN_PIQ,E3982,6,1,0.65
P21858,AN_PA,E3982,6,1,0.32
P21859,PN_PIQ,E3982,6,1,0.22
P21860,AN_PA,E3982,6,1,0.38
P21861,PN_PIQ,E3982,6,1,0.52
P21862,PN_PIQ,E3982,6,1,0.08
P21863,PN_PIQ,E3982,6,1,0.05
P21864,AN_PA,E3982,6,1,0.8
P21866,PN_PIQ,E3982,6,1,1.14
P21867,AN_PA,E3982,6,1,0.25
P21868,PN_PIQ,E3982,6,1,0.25
P21869,PN_PIQ,E3982,6,1,1.6
P21870,PN_PIQ,E3982,6,1,0.4
P21871,AN_PA,E3982,6,1,0.38
P21872,PN_PIQ,E3982,6,1,0.33
P21873,PN_PIQ,E3983,3,2,0.2
P21874,PN_PIQ,E3983,3,2,0.85
P21875,PN_PIQ,E3983,3,2,0.58
P21876,MA_ROTA,E3983,3,2,0.47
P21877,PN_PIQ,E3983,3,2,0.16
P21878,MA_ROTA,E3983,3,2,0.11
P21879,MA_ROTA,E3983,3,2,0.13
P21880,PN_PIQ,E3983,3,2,0.44
P21881,PN_PIQ,E3984,4,1,3.0
P21882,PN_PIQ,E3984,4,1,0.18
P21883,MA_ROTA,E3984,4,1,0.12
P21884,PN_PIQ,E3984,4,1,0.78
P21885,PN_PIQ,E3984,4,1,1.0
P21886,PN_PIQ,E3984,4,1,2.0
P21887,MA_ROTA,E3985,5,1,0.17
P21888,MA_ROTA,E3985,5,1,0.46
P21889,MA_ROTA,E3985,5,1,0.67
P21890,MA_ROTA,E3985,5,1,0.13
P21891,MA_ROTA,E3985,5,1,0.1
P21893,PN_PIQ,E3986,2,2,0.08
P21894,PN_PIQ,E3986,2,2,0.18
P21895,PN_PIQ,E3986,2,2,0.08
P21896,PN_PIQ,E3986,2,2,1.12
P21897,PN_PIQ,E3986,2,2,0.55
P21898,MA_ROTA,E3986,2,2,1.01
P21899,PN_PIQ,E3987,4,1,0.36
P21900,MA_ROTA,E3987,4,1,0.97
P21901,PN_PIQ,E3987,4,1,1.12
P21902,PN_PIQ,E3987,4,1,0.72
P21903,PN_PIQ,E3988,2,2,0.43
P21904,MA_ROTA,E3988,2,2,0.39
P21905,PN_PIQ,E3988,2,2,0.19
P21906,PN_PIQ,E3988,2,2,4.63
P21907,PN_PIQ,E3988,2,2,0.27
P21908,PN_PIQ,E3988,2,2,0.68
P21910,MA_ROTA,E3989,2,2,0.65
P21911,MA_ROTA,E3989,2,2,0.8
P21912,PN_PIQ,E3989,2,2,0.55
P21913,MA_ROTA,E3989,2,2,0.21
P21914,MA_ROTA,E3989,2,2,0.51
P21915,PN_PIQ,E3989,2,2,7.36
P21916,PN_PIQ,E3989,2,2,1.27
P21917,PN_PIQ,E3990,7,3,2.09
P21918,PN_PIQ,E3990,7,3,0.44
P21919,PN_PIQ,E3990,7,3,0.86
P21920,PN_PIQ,E3991,7,3,0.58
P21921,PN_PIQ,E3991,7,3,0.61
P21922,PN_PIQ,E3991,7,3,0.1
P21923,PN_PIQ,E3991,7,3,0.27
P21924,PN_PIQ,E3992,1,2,0.78
P21925,MA_ROTA,E3993,2,2,0.84
P21926,MA_ROTA,E3993,2,2,0.83
P21927,PN_PIQ,E3993,2,2,0.79
P21928,MA_ROTA,E3994,2,2,1.71
P21929,PN_PIQ,E3994,2,2,1.74
P21930,MA_ROTA,E3994,2,2,3.03
P21931,MA_ROTA,E3994,2,2,0.85
P21932,PN_PIQ,E3995,4,1,0.59
P21933,PN_PIQ,E3995,4,1,0.36
P21934,PN_PIQ,E3995,4,1,0.35
P21935,PN_PIQ,E3995,4,1,1.81
P21936,MA_ROTA,E3996,5,1,0.14
P21939,MA_ROTA,E3996,5,1,0.06
P21941,MA_ROTA,E3996,5,1,0.59
P21942,MA_ROTA,E3996,5,1,0.11
P21944,MA_ROTA,E3997,2,2,1.03
P21945,MA_ROTA,E3997,2,2,0.71
P21948,MA_ROTA,E3997,2,2,1.03
P21949,MA_ROTA,E3997,2,2,0.76
P21950,PN_PIQ,E3997,2,2,2.12
P21951,MA_ROTA,E3997,2,2,1.33
P21952,PN_PIQ,E3997,2,2,0.98
P21953,MA_ROTA,E3997,2,2,0.56
P21954,MA_ROTA,E3997,2,2,1.17
P21955,MA_ROTA,E3997,2,2,0.88
P21956,PN_PIQ,E3997,2,2,0.58
P21958,MA_ROTA,E3997,2,2,1.41
P21961,MA_ROTA,E3997,2,2,0.71
P21962,MA_ROTA,E3997,2,2,0.57
P21963,MA_ROTA,E3997,2,2,0.68
P21964,PN_PIQ,E3997,2,2,1.02
P21968,MA_ROTA,E3997,2,2,1.0
P21969,PN_PIQ,E3997,2,2,0.32
P21970,MA_ROTA,E3997,2,2,0.19
P21971,MA_ROTA,E3997,2,2,0.5
P21972,PN_PIQ,E3997,2,2,0.11
P21973,MA_ROTA,E3997,2,2,0.39
P21974,PN_PIQ,E3997,2,2,0.15
P21977,MA_ROTA,E3997,2,2,0.06
P21980,MA_ROTA,E3997,2,2,0.86
P21982,MA_ROTA,E3997,2,2,0.82
P21983,PN_PIQ,E3997,2,2,0.25
P21984,MA_ROTA,E3997,2,2,0.57
P21985,MA_ROTA,E3998,2,2,1.5
P21986,MA_ROTA,E3998,2,2,0.96
P21987,MA_ROTA,E3998,2,2,0.2
P21988,MA_ROTA,E3998,2,2,0.78
P21989,MA_ROTA,E3998,2,2,0.04
P21990,PN_PIQ,E3999,1,2,0.37
P21991,PN_PIQ,E3999,1,2,0.11
P21992,PN_PIQ,E3999,1,2,0.03
P21993,PN_PIQ,E3999,1,2,0.66
P21994,MA_ROTA,E4000,4,1,0.67
P21995,AG,E4001,5,1,0.69
P21996,PN_PIQ,E4002,2,2,3.1
P21997,PN_PIQ,E4003,6,1,0.72
P21998,MA_ROTA,E4004,1,2,0.44
P21999,MA_ROTA,E4004,1,2,0.73
P22000,MA_ROTA,E4004,1,2,0.8
P22001,PN_PIQ,E4004,1,2,0.12
P22002,MA_ROTA,E4004,1,2,0.22
P22003,PN_PIQ,E4005,2,2,0.81
P22004,MA_ROTA,E4006,2,2,0.51
P22005,PN_PIQ,E4006,2,2,1.04
P22006,PN_PIQ,E4007,3,2,6.42
P22008,PN_PIQ,E4008,3,2,0.19
P22009,PN_PIQ,E4008,3,2,0.28
P22010,PN_PIQ,E4008,3,2,0.11
P22011,PN_PIQ,E4009,7,3,1.01
P22012,PN_PIQ,E4009,7,3,0.8
P22013,PN_PIQ,E4010,7,3,1.03
P22014,PN_PIQ,E4010,7,3,0.38
P22015,PN_PIQ,E4010,7,3,0.39
P22016,PN_PIQ,E4010,7,3,0.84
P22017,PN_PIQ,E4010,7,3,1.12
P22018,PN_PIQ,E4010,7,3,0.17
P22019,PN_PIQ,E4010,7,3,0.1
P22020,PN_PIQ,E4010,7,3,0.14
P22021,PN_PIQ,E4010,7,3,0.37
P22022,PN_PIQ,E4011,7,3,0.56
P22023,PN_PIQ,E4011,7,3,0.19
P22024,PN_PIQ,E4011,7,3,0.71
P22025,PN_PIQ,E4011,7,3,0.33
P22026,PN_PIQ,E4011,7,3,0.26
P22027,PN_PIQ,E4012,7,3,0.74
P22028,AN_PA,E4013,4,1,1.39
P22029,AN_PA,E4013,4,1,1.22
P22030,AG,E4013,4,1,1.54
P22031,PN_PIQ,E4014,1,2,2.68
P22032,PN_PIQ,E4014,1,2,1.99
P22033,PN_PIQ,E4014,1,2,2.06
P22034,MA_ROTA,E4015,2,2,0.73
P22039,MA_ROTA,E4017,2,2,1.5
P22040,MA_ROTA,E4018,2,2,0.19
P22041,MA_ROTA,E4019,2,2,0.68
P22042,AN_PA,E4020,6,1,1.49
P22043,PN_PIQ,E4020,6,1,1.85
P22044,MA_ROTA,E4021,1,2,0.02
P22045,MA_ROTA,E4022,2,2,0.9
P22046,PN_PIQ,E4022,2,2,2.23
P22047,PN_PIQ,E4023,4,1,2.05
P22048,PN_PIQ,E4023,4,1,3.31
P22049,PN_PIQ,E4024,7,3,0.24
P22050,PN_PIQ,E4024,7,3,0.19
P22051,PN_PIQ,E4024,7,3,0.21
P22052,PN_PIQ,E4024,7,3,0.32
P22053,PN_PIQ,E4024,7,3,0.3
P22054,PN_PIQ,E4024,7,3,0.21
P22055,PN_PIQ,E4024,7,3,0.31
P22056,PN_PIQ,E4025,2,2,0.36
P22057,PN_PIQ,E4025,2,2,0.11
P22058,PN_PIQ,E4025,2,2,0.4
P22059,PN_PIQ,E4025,2,2,0.1
P22060,PN_PIQ,E4025,2,2,0.23
P22061,PN_PIQ,E4025,2,2,0.28
P22062,MA_ROTA,E4026,3,2,3.98
P22063,PN_PIQ,E4026,3,2,4.95
P22064,PN_PIQ,E4027,3,2,0.29
P22065,MA_ROTA,E4027,3,2,1.46
P22066,MA_ROTA,E4028,2,2,1.39
P22067,MA_ROTA,E4028,3,2,0.2
P22068,PN_PIQ,E4029,2,2,2.39
P22069,MA_ROTA,E4029,2,2,3.12
P22070,PN_PIQ,E4030,7,3,0.42
P22071,PN_PIQ,E4030,7,3,0.57
P22072,PN_PIQ,E4030,7,3,0.15
P22073,PN_PIQ,E4030,7,3,0.38
P22074,PN_PIQ,E4030,7,3,0.27
P22075,PN_PIQ,E4030,7,3,0.68
P22076,PN_PIQ,E4030,7,3,0.93
P22077,PN_PIQ,E4030,7,3,0.47
P22078,PN_PIQ,E4030,7,3,0.99
P22079,PN_PIQ,E4030,7,3,1.14
P22080,PN_PIQ,E4031,4,1,1.47
P22081,PN_PIQ,E4032,7,3,0.86
P22082,PN_PIQ,E4032,7,3,0.62
P22083,PN_PIQ,E4033,7,3,0.23
P22084,PN_PIQ,E4033,7,3,0.28
P22085,PN_PIQ,E4033,7,3,0.6
P22086,PN_PIQ,E4033,7,3,0.17
P22087,PN_PIQ,E4034,7,3,1.11
P22088,PN_PIQ,E4034,7,3,0.59
P22089,PN_PIQ,E4034,7,3,1.09
P22090,PN_PIQ,E4034,7,3,0.08
P22091,PN_PIQ,E4034,7,3,0.43
P22092,PN_PIQ,E4035,6,1,1.21
P22093,PN_PIQ,E4035,6,1,0.75
P22094,PN_PIQ,E4035,6,1,5.17
P22095,MA_ROTA,E4036,2,2,0.82
P22096,PN_PIQ,E4037,4,1,0.45
P22097,PN_PIQ,E4038,7,3,1.26
P22098,PN_PIQ,E4039,7,3,0.82
P22099,PN_PIQ,E4039,7,3,0.69
P22100,PN_PIQ,E4039,7,3,0.22
P22101,PN_PIQ,E4039,7,3,0.34
P22102,PN_PIQ,E4039,7,3,2.43
P22103,PN_PIQ,E4039,7,3,0.37
P22104,AG,E4040,5,1,0.46
P22105,IG_PLA,E4040,5,1,0.09
P22106,BC_BT,E4040,5,1,0.41
P22107,AG,E4040,5,1,0.34
P22108,IG_PLA,E4040,5,1,0.48
P22109,MA_ROTA,E4040,5,1,0.2
P22112,PN_PIQ,E4040,5,1,1.32
P22113,MA_ROTA,E4041,2,2,0.4
P22114,PN_PIQ,E4041,2,2,0.42
P22115,MA_ROTA,E4041,2,2,0.54
P22116,PN_PIQ,E4042,4,1,1.2
P22117,PN_PIQ,E4042,4,1,0.93
P22118,PN_PIQ,E4042,4,1,0.61
P22119,PN_PIQ,E4042,4,1,0.28
P22120,PN_PIQ,E4042,4,1,0.32
P22121,PN_PIQ,E4042,4,1,0.26
P22122,PN_PIQ,E4042,4,1,0.08
P22123,PN_PIQ,E4042,4,1,2.41
P22124,MA_ROTA,E4043,3,2,2.21
P22125,PN_PIQ,E4043,3,2,2.01
P22126,MA_ROTA,E4044,2,2,0.53
P22127,PN_PIQ,E4045,3,2,0.99
P22128,MA_ROTA,E4045,2,2,0.93
P22129,MA_ROTA,E4045,2,2,0.62
P22130,MA_ROTA,E4045,2,2,0.04
P22131,PN_PIQ,E4046,7,3,0.5
P22132,MA_ROTA,E4047,2,2,0.95
P22133,MA_ROTA,E4047,2,2,0.33
P22135,AG,E4048,5,1,4.71
P22136,MA_ROTA,E4049,1,2,0.9
P22137,MA_ROTA,E4049,1,2,3.42
P22138,MA_ROTA,E4049,1,2,0.96
P22139,MA_ROTA,E4049,1,2,1.0
P22140,MA_ROTA,E4049,1,2,0.95
P22141,MA_ROTA,E4049,1,2,1.93
P22142,MA_ROTA,E4050,4,1,2.03
P22143,MA_ROTA,E4050,4,1,0.77
P22144,MA_ROTA,E4050,4,1,0.01
P22145,PN_PIQ,E4051,3,2,0.26
P22146,PN_PIQ,E4052,4,1,2.15
P22147,MA_ROTA,E4053,1,2,1.85
P22149,AN_PA,E4054,6,1,2.27
P22150,AN_PA,E4054,6,1,0.52
P22152,AN_PA,E4054,5,1,2.03
P22153,TH,E4054,5,1,1.5
P22156,TH,E4054,6,1,1.27
P22157,PN_PIQ,E4055,4,1,1.87
P22158,PN_PIQ,E4055,4,1,1.02
P22159,PN_PIQ,E4055,4,1,2.38
P22160,PN_PIQ,E4055,4,1,3.07
P22161,PN_PIQ,E4055,4,1,1.04
P22162,PN_PIQ,E4055,4,1,3.26
P22163,PN_PIQ,E4055,4,1,0.15
P22164,PN_PIQ,E4055,4,1,0.13
P22165,PN_PIQ,E4055,4,1,0.37
P22166,PN_PIQ,E4055,4,1,0.77
P22167,PN_PIQ,E4055,4,1,1.46
P22168,PN_PIQ,E4055,4,1,0.76
P22169,PN_PIQ,E4055,4,1,0.92
P22170,PN_PIQ,E4055,4,1,0.38
P22171,PN_PIQ,E4055,4,1,1.63
P22172,PN_PIQ,E4055,4,1,0.57
P22173,MA_ROTA,E4056,2,2,0.91
P22174,MA_ROTA,E4056,2,2,0.9
P22175,MA_ROTA,E4056,2,2,1.85
P22176,MA_ROTA,E4057,5,1,0.57
P22177,MA_ROTA,E4057,5,1,0.7
P22178,MA_ROTA,E4057,5,1,0.98
P22179,MA_ROTA,E4057,5,1,0.6
P22180,MA_ROTA,E4057,5,1,1.36
P22181,MA_ROTA,E4057,5,1,0.96
P22183,MA_ROTA,E4057,5,1,0.68
P22184,MA_ROTA,E4057,5,1,1.3
P22185,MA_ROTA,E4057,5,1,1.7
P22186,MA_ROTA,E4057,5,1,1.29
P22187,MA_ROTA,E4057,5,1,1.32
P22188,MA_ROTA,E4057,5,1,1.65
P22189,MA_ROTA,E4057,5,1,0.95
P22190,MA_ROTA,E4057,5,1,0.85
P22191,MA_ROTA,E4057,5,1,1.79
P22192,MA_ROTA,E4057,5,1,1.74
P22193,PN_PIQ,E4058,4,1,1.01
P22194,PN_PIQ,E4058,4,1,0.68
P22195,PN_PIQ,E4058,4,1,0.23
P22196,PN_PIQ,E4058,4,1,0.37
P22197,PN_PIQ,E4058,4,1,0.99
P22198,PN_PIQ,E4059,7,3,0.69
P22199,PN_PIQ,E4059,7,3,0.6
P22200,PN_PIQ,E4059,7,3,0.47
P22201,PN_PIQ,E4059,7,3,1.0
P22202,PN_PIQ,E4059,7,3,1.39
P22203,PN_PIQ,E4060,4,1,1.26
P22205,PN_PIQ,E4061,4,1,0.79
P22206,PN_PIQ,E4061,4,1,1.8
P22207,PN_PIQ,E4061,4,1,0.1
P22208,PN_PIQ,E4061,4,1,0.15
P22209,PN_PIQ,E4061,4,1,0.21
P22210,PN_PIQ,E4061,4,1,0.33
P22211,PN_PIQ,E4061,4,1,0.73
P22212,PN_PIQ,E4061,4,1,0.31
P22213,PN_PIQ,E4062,2,2,0.48
P22214,MA_ROTA,E4062,2,2,0.55
P22215,MA_ROTA,E4062,2,2,0.48
P22216,ME,E4063,2,2,0.47
P22218,MA_ROTA,E4063,2,2,0.41
P22220,PN_PIQ,E4064,1,2,2.71
P22221,PN_PIQ,E4064,1,2,1.09
P22222,MA_ROTA,E4064,1,2,1.14
P22223,MA_ROTA,E4064,1,2,0.97
P22224,MA_ROTA,E4064,1,2,2.02
P22225,MA_ROTA,E4065,3,2,2.7
P22227,PN_PIQ,E4066,1,2,1.66
P22228,PN_PIQ,E4067,3,2,0.54
P22229,PN_PIQ,E4068,3,2,1.09
P22230,MA_ROTA,E4069,3,2,0.68
P22231,MA_ROTA,E4069,3,2,1.52
P22232,MA_ROTA,E4069,3,2,0.1
P22233,PN_PIQ,E4069,3,2,0.49
P22234,MA_ROTA,E4069,3,2,0.96
P22235,MA_ROTA,E4069,3,2,0.16
P22236,MA_ROTA,E4069,3,2,1.67
P22237,MA_ROTA,E4069,3,2,0.08
P22238,MA_ROTA,E4069,3,2,1.31
P22239,MA_ROTA,E4069,3,2,0.03
P22240,MA_ROTA,E4069,3,2,0.32
P22241,MA_ROTA,E4069,3,2,0.84
P22242,MA_ROTA,E4070,3,2,0.1
P22243,MA_ROTA,E4070,3,2,0.7
P22244,PN_PIQ,E4070,3,2,0.32
P22245,PN_PIQ,E4070,3,2,0.14
P22246,MA_ROTA,E4070,3,2,0.68
P22247,MA_ROTA,E4070,3,2,0.55
P22248,MA_ROTA,E4070,3,2,0.74
P22249,MA_ROTA,E4070,3,2,0.41
P22250,MA_ROTA,E4070,3,2,0.39
P22251,MA_ROTA,E4070,3,2,1.2
P22252,MA_ROTA,E4070,3,2,0.11
P22253,MA_ROTA,E4070,3,2,0.43
P22254,MA_ROTA,E4071,3,2,0.43
P22255,PN_PIQ,E4071,3,2,0.5
P22256,MA_ROTA,E4071,3,2,0.86
P22257,MA_ROTA,E4071,3,2,0.11
P22260,MA_ROTA,E4071,3,2,1.46
P22261,MA_ROTA,E4071,3,2,1.97
P22262,MA_ROTA,E4071,3,2,2.1
P22264,PN_PIQ,E4071,3,2,0.15
P22266,PN_PIQ,E4071,3,2,0.59
P22267,MA_ROTA,E4071,3,2,0.25
P22268,MA_ROTA,E4072,1,2,1.94
P22269,MA_ROTA,E4072,1,2,1.29
P22270,MA_ROTA,E4072,1,2,0.55
P22271,PN_PIQ,E4072,1,2,0.54
P22272,MA_ROTA,E4073,4,1,0.8
P22273,PN_PIQ,E4073,4,1,0.53
P22274,MA_ROTA,E4073,4,1,1.37
P22276,PN_PIQ,E4073,4,1,0.3
P22278,MA_ROTA,E4073,4,1,0.67
P22279,PN_PIQ,E4073,4,1,0.18
P22280,PN_PIQ,E4073,4,1,1.07
P22281,MA_ROTA,E4073,4,1,0.22
P22282,MA_ROTA,E4073,4,1,1.0
P22283,MA_ROTA,E4073,4,1,0.19
P22284,MA_ROTA,E4073,4,1,1.73
P22286,PN_PIQ,E4073,4,1,0.08
P22287,PN_PIQ,E4073,4,1,0.98
P22289,MA_ROTA,E4073,4,1,0.41
P22290,PN_PIQ,E4073,4,1,0.79
P22291,PN_PIQ,E4074,4,1,3.68
P22292,PN_PIQ,E4074,4,1,0.75
P22293,PN_PIQ,E4074,4,1,0.57
P22294,PN_PIQ,E4074,4,1,2.99
P22295,PN_PIQ,E4075,7,3,2.09
P22296,PN_PIQ,E4075,7,3,1.11
P22297,PN_PIQ,E4076,7,3,1.13
P22299,MA_ROTA,E4077,5,1,0.72
P22300,MA_ROTA,E4077,5,1,0.58
P22301,MA_ROTA,E4078,3,2,3.77
P22302,MA_ROTA,E4078,3,2,0.12
P22303,MA_ROTA,E4079,3,2,0.25
P22304,MA_ROTA,E4079,3,2,0.86
P22305,MA_ROTA,E4079,3,2,0.12
P22306,MA_ROTA,E4079,3,2,0.73
P22307,PN_PIQ,E4080,2,2,0.54
P22308,PN_PIQ,E4081,7,3,0.78
P22309,PN_PIQ,E4081,7,3,3.06
P22310,PN_PIQ,E4081,7,3,0.97
P22311,PN_PIQ,E4081,7,3,0.87
P22312,PN_PIQ,E4081,7,3,1.48
P22313,PN_PIQ,E4081,7,3,2.73
P22314,PN_PIQ,E4081,7,3,0.83
P22315,PN_PIQ,E4081,7,3,1.18
P22316,TH,E4082,6,1,0.86
P22317,TH,E4082,6,1,0.49
P22318,TH,E4082,6,1,0.89
P22319,TH,E4082,6,1,0.47
P22321,TH,E4082,6,1,2.83
P22322,TH,E4082,6,1,0.43
P22323,TH,E4082,6,1,0.56
P22325,MA_ROTA,E4083,2,2,0.86
P22326,MA_ROTA,E4083,2,2,0.04
P22327,MA_ROTA,E4083,2,2,0.65
P22328,MA_ROTA,E4083,2,2,0.25
P22329,MA_ROTA,E4083,2,2,0.04
P22330,PN_PIQ,E4083,2,2,0.26
P22331,PN_PIQ,E4083,2,2,0.05
P22332,PN_PIQ,E4083,2,2,0.16
P22335,MA_ROTA,E4083,2,2,0.1
P22337,MA_ROTA,E4084,2,2,0.3
P22338,MA_ROTA,E4085,3,2,1.25
P22339,PN_PIQ,E4086,4,1,1.08
P22340,PN_PIQ,E4086,4,1,0.62
P22341,PN_PIQ,E4086,4,1,0.69
P22342,MA_ROTA,E4087,2,2,1.39
P22343,MA_ROTA,E4087,2,2,0.86
P22344,PN_PIQ,E4088,3,2,1.1
P22345,MA_ROTA,E4088,3,2,1.4
P22346,PN_PIQ,E4089,4,1,1.0
P22347,MA_ROTA,E4090,4,1,0.66
P22348,PN_PIQ,E4091,4,1,1.12
P22349,AN_PA,E4092,5,1,0.13
P22350,AN_PA,E4092,5,1,0.59
P22351,AN_PA,E4092,5,1,0.56
P22352,AN_PA,E4092,5,1,0.93
P22353,BC_BT,E4092,5,1,0.56
P22354,AG,E4092,5,1,0.52
P22355,PN_PIQ,E4093,7,3,1.49
P22356,PN_PIQ,E4093,7,3,0.58
P22357,PN_PIQ,E4093,7,3,1.08
P22358,PN_PIQ,E4093,7,3,0.21
P22359,PN_PIQ,E4094,4,1,0.19
P22360,PN_PIQ,E4094,4,1,0.25
P22361,PN_PIQ,E4094,4,1,1.13
P22362,PN_PIQ,E4094,4,1,0.42
P22363,PN_PIQ,E4094,4,1,0.52
P22364,PN_PIQ,E4094,4,1,0.43
P22365,PN_PIQ,E4094,4,1,2.16
P22366,PN_PIQ,E4094,4,1,3.11
P22367,PN_PIQ,E4094,4,1,0.58
P22368,MA_ROTA,E4095,2,2,0.91
P22369,PN_PIQ,E4096,3,2,0.64
P22370,PN_PIQ,E4096,3,2,0.67
P22371,PN_PIQ,E4096,3,2,0.73
P22372,PN_PIQ,E4096,3,2,0.53
P22373,PN_PIQ,E4097,2,2,0.7
P22374,MA_ROTA,E4097,2,2,0.37
P22375,PN_PIQ,E4097,2,2,0.7
P22376,MA_ROTA,E4097,2,2,1.25
P22377,PN_PIQ,E4097,2,2,0.58
P22378,AN_PA,E4098,5,1,0.43
P22379,AN_PA,E4098,5,1,0.05
P22380,IG_PLA,E4098,5,1,1.91
P22381,AN_PA,E4098,5,1,0.45
P22382,AN_PA,E4098,5,1,0.15
P22383,AG,E4098,5,1,0.48
P22385,PN_PIQ,E4099,7,3,1.21
P22386,PN_PIQ,E4099,7,3,0.19
P22387,PN_PIQ,E4100,2,2,2.02
P22388,AN_PA,E4101,6,1,0.89
P22389,IG_PLA,E4101,6,1,0.76
P22390,AN_PA,E4101,6,1,0.53
P22391,PN_PIQ,E4102,1,2,1.87
P22392,MA_ROTA,E4103,2,2,1.35
P22393,MA_ROTA,E4104,3,2,0.73
P22394,MA_ROTA,E4104,1,2,0.77
P22395,MA_ROTA,E4104,3,2,2.54
P22396,ME,E4104,3,2,1.04
P22397,PN_PIQ,E4104,3,2,0.68
P22398,MA_ROTA,E4104,3,2,0.24
P22399,PN_PIQ,E4104,1,2,0.75
P22400,PN_PIQ,E4105,2,2,1.11
P22401,PN_PIQ,E4105,2,2,0.53
P22402,PN_PIQ,E4105,2,2,0.58
P22403,MA_ROTA,E4105,2,2,0.18
P22404,MA_ROTA,E4105,2,2,0.06
P22405,PN_PIQ,E4105,2,2,0.08
P22406,MA_ROTA,E4106,5,1,0.3
P22407,MA_ROTA,E4106,5,1,0.3
P22408,MA_ROTA,E4106,5,1,0.37
P22409,MA_ROTA,E4106,5,1,0.65
P22410,MA_ROTA,E4106,5,1,0.66
P22411,MA_ROTA,E4106,5,1,0.35
P22413,MA_ROTA,E4106,5,1,0.26
P22414,MA_ROTA,E4106,5,1,0.06
P22415,MA_ROTA,E4106,5,1,0.08
P22416,MA_ROTA,E4106,5,1,0.26
P22417,PN_PIQ,E4107,4,1,3.48
P22418,MA_ROTA,E4107,4,1,0.63
P22419,MA_ROTA,E4107,4,1,0.8
P22420,MA_ROTA,E4107,4,1,0.67
P22421,MA_ROTA,E4107,4,1,2.77
P22422,MA_ROTA,E4107,4,1,1.03
P22423,MA_ROTA,E4107,4,1,0.41
P22424,PN_PIQ,E4108,3,2,0.98
P22425,PN_PIQ,E4108,3,2,1.12
P22426,PN_PIQ,E4108,3,2,0.65
P22427,PN_PIQ,E4108,3,2,0.2
P22429,PN_PIQ,E4108,3,2,1.49
P22430,PN_PIQ,E4108,3,2,0.09
P22431,PN_PIQ,E4108,3,2,0.96
P22432,PN_PIQ,E4109,2,2,4.05
P22433,MA_ROTA,E4110,2,2,0.26
P22434,PN_PIQ,E4110,2,2,0.32
P22435,MA_ROTA,E4111,2,2,3.42
P22436,PN_PIQ,E4111,2,2,1.07
P22437,MA_ROTA,E4111,2,2,2.19
P22438,PN_PIQ,E4111,2,2,0.99
P22439,MA_ROTA,E4111,2,2,0.7
P22440,MA_ROTA,E4111,2,2,1.44
P22441,MA_ROTA,E4111,2,2,2.0
P22442,MA_ROTA,E4111,2,2,0.38
P22443,MA_ROTA,E4111,2,2,0.71
P22444,PN_PIQ,E4112,1,2,3.88
P22445,PN_PIQ,E4112,1,2,0.41
P22446,PN_PIQ,E4112,1,2,0.14
P22447,PN_PIQ,E4112,1,2,0.13
P22448,MA_ROTA,E4113,1,2,0.78
P22450,MA_ROTA,E4113,1,2,0.76
P22451,MA_ROTA,E4113,1,2,0.43
P22452,BC_BT,E4114,5,1,1.88
P22453,AN_PA,E4114,5,1,2.36
P22454,AN_PA,E4114,5,1,0.54
P22455,AN_PA,E4114,5,1,3.87
P22456,BC_BT,E4114,5,1,0.37
P22458,AN_PA,E4114,5,1,0.88
P22459,BC_BT,E4114,5,1,1.38
P22460,AN_PA,E4114,5,1,1.47
P22462,IG_PLA,E4114,5,1,0.14
P22463,AN_PA,E4114,5,1,0.99
P22464,AN_PA,E4114,5,1,0.72
P22465,AN_PA,E4114,5,1,0.34
P22466,AG,E4114,5,1,1.0
P22467,AN_PA,E4114,5,1,1.2
P22470,IG_PLA,E4114,5,1,1.65
P22471,AG,E4114,5,1,0.72
P22472,AG,E4114,5,1,5.08
P22473,PN_PIQ,E4115,4,1,5.85
P22474,PN_PIQ,E4115,4,1,0.24
P22475,PN_PIQ,E4116,2,2,2.36
P22476,MA_ROTA,E4116,2,2,2.21
P22477,PN_PIQ,E4117,2,2,0.75
P22478,PN_PIQ,E4117,2,2,2.56
P22479,PN_PIQ,E4118,1,2,6.01
P22480,MA_ROTA,E4119,5,1,0.28
P22481,MA_ROTA,E4119,5,1,0.42
P22483,MA_ROTA,E4119,5,1,0.43
P22484,MA_ROTA,E4119,5,1,0.42
P22485,MA_ROTA,E4119,5,1,0.13
P22486,MA_ROTA,E4119,5,1,0.68
P22488,MA_ROTA,E4119,5,1,0.6
P22489,MA_ROTA,E4119,5,1,0.64
P22490,MA_ROTA,E4119,5,1,0.72
P22491,MA_ROTA,E4119,5,1,0.52
P22492,MA_ROTA,E4119,5,1,0.41
P22495,MA_ROTA,E4120,5,1,0.4
P22496,BC_BT,E4120,5,1,0.5
P22498,BC_BT,E4120,5,1,0.64
P22500,MA_ROTA,E4120,5,1,0.71
P22502,MA_ROTA,E4120,5,1,0.34
P22503,MA_ROTA,E4120,5,1,0.7
P22504,MA_ROTA,E4120,5,1,0.44
P22505,MA_ROTA,E4120,5,1,0.94
P22506,MA_ROTA,E4120,5,1,0.71
P22507,MA_ROTA,E4120,5,1,0.24
P22508,MA_ROTA,E4120,5,1,0.39
P22509,MA_ROTA,E4120,5,1,1.15
P22510,MA_ROTA,E4120,5,1,0.48
P22511,MA_ROTA,E4121,5,1,0.42
P22512,MA_ROTA,E4121,5,1,0.28
P22513,MA_ROTA,E4121,5,1,1.1
P22514,MA_ROTA,E4121,5,1,0.31
P22515,MA_ROTA,E4121,5,1,0.31
P22516,MA_ROTA,E4121,5,1,0.37
P22517,MA_ROTA,E4121,5,1,0.28
P22518,PN_PIQ,E4122,4,1,2.37
P22519,PN_PIQ,E4123,3,2,0.58
P22520,MA_ROTA,E4124,3,2,0.18
P22521,MA_ROTA,E4125,3,2,0.37
P22522,PN_PIQ,E4125,3,2,2.55
P22523,MA_ROTA,E4125,3,2,0.77
P22524,PN_PIQ,E4125,3,2,1.06
P22525,MA_ROTA,E4126,3,2,1.64
P22526,MA_ROTA,E4126,3,2,0.5
P22527,MA_ROTA,E4126,3,2,0.76
P22528,PN_PIQ,E4127,3,2,0.93
P22529,MA_ROTA,E4127,3,2,0.19
P22530,AN_PA,E4128,6,1,0.57
P22531,TH,E4128,6,1,1.97
P22532,AN_PA,E4128,6,1,2.09
P22533,TH,E4128,6,1,2.22
P22534,TH,E4128,6,1,1.51
P22535,AN_PA,E4128,6,1,2.22
P22536,TH,E4128,6,1,0.85
P22537,TH,E4128,6,1,1.04
P22538,AN_PA,E4128,6,1,2.18
P22539,TH,E4128,6,1,1.04
P22540,AN_PA,E4128,6,1,0.28
P22541,TH,E4128,6,1,0.32
P22542,MA_ROTA,E4129,5,1,0.71
P22543,MA_ROTA,E4129,5,1,0.22
P22544,MA_ROTA,E4129,5,1,0.53
P22545,MA_ROTA,E4129,5,1,0.51
P22546,MA_ROTA,E4130,3,2,3.47
P22547,PN_PIQ,E4130,3,2,0.64
P22548,MA_ROTA,E4130,3,2,0.52
P22549,PN_PIQ,E4130,3,2,0.27
P22550,MA_ROTA,E4130,3,2,0.61
P22551,PN_PIQ,E4131,7,3,0.15
P22552,PN_PIQ,E4131,7,3,0.12
P22553,PN_PIQ,E4131,7,3,1.2
P22554,PN_PIQ,E4131,7,3,0.1
P22555,PN_PIQ,E4131,7,3,0.82
P22556,TH,E4132,6,1,0.18
P22557,TH,E4132,6,1,0.04
P22558,TH,E4132,6,1,0.74
P22560,AN_PA,E4132,6,1,0.34
P22562,TH,E4132,6,1,1.5
P22563,TH,E4132,6,1,0.7
P22564,TH,E4132,6,1,0.5
P22565,TH,E4132,6,1,1.03
P22566,TH,E4132,6,1,0.19
P22567,TH,E4132,6,1,0.28
P22568,TH,E4132,6,1,0.27
P22569,TH,E4132,6,1,1.39
P22570,TH,E4132,6,1,0.3
P22571,TH,E4132,6,1,0.51
P22572,TH,E4132,6,1,0.74
P22573,TH,E4132,6,1,0.38
P22574,TH,E4132,6,1,0.76
P22575,AN_PA,E4132,6,1,0.3
P22576,AN_PA,E4132,6,1,0.79
P22578,AN_PA,E4132,6,1,0.28
P22579,AN_PA,E4132,6,1,0.9
P22582,AN_PA,E4132,6,1,0.9
P22583,TH,E4132,6,1,0.72
P22584,TH,E4132,6,1,0.98
P22585,TH,E4132,6,1,0.76
P22586,TH,E4132,6,1,0.7
P22588,TH,E4132,6,1,0.47
P22589,AN_PA,E4132,6,1,0.26
P22590,TH,E4132,6,1,0.49
P22591,TH,E4132,6,1,0.82
P22592,TH,E4132,6,1,0.18
P22593,TH,E4132,6,1,0.66
P22594,TH,E4132,6,1,0.59
P22595,TH,E4132,6,1,0.46
P22596,TH,E4132,6,1,0.07
P22597,TH,E4132,6,1,0.51
P22598,AN_PA,E4132,6,1,0.33
P22599,TH,E4132,6,1,0.62
P22600,MA_ROTA,E4133,2,2,0.34
P22601,MA_ROTA,E4133,2,2,0.88
P22602,MA_ROTA,E4134,4,1,2.2
P22603,MA_ROTA,E4134,4,1,2.67
P22604,IG_PLA,E4135,6,1,3.01
P22605,PN_PIQ,E4135,6,1,1.63
P22606,MA_ROTA,E4136,3,2,5.26
P22607,MA_ROTA,E4136,3,2,2.88
P22608,MA_ROTA,E4136,3,2,2.19
P22609,MA_ROTA,E4136,3,2,0.26
P22610,MA_ROTA,E4136,3,2,1.44
P22611,PN_PIQ,E4137,3,2,0.12
P22612,PN_PIQ,E4137,3,2,0.35
P22613,PN_PIQ,E4137,3,2,0.81
P22614,PN_PIQ,E4138,3,2,2.68
P22615,PN_PIQ,E4139,3,2,1.06
P22616,MA_ROTA,E4139,3,2,1.38
P22617,MA_ROTA,E4139,3,2,0.74
P22619,MA_ROTA,E4140,5,1,0.14
P22620,MA_ROTA,E4140,5,1,0.25
P22621,MA_ROTA,E4140,5,1,1.27
P22622,MA_ROTA,E4140,5,1,0.18
P22625,MA_ROTA,E4140,5,1,0.76
P22626,PN_PIQ,E4141,7,3,2.08
P22627,PN_PIQ,E4141,7,3,1.4
P22628,PN_PIQ,E4141,7,3,3.14
P22629,PN_PIQ,E4141,7,3,1.02
P22630,PN_PIQ,E4142,3,2,0.67
P22632,PN_PIQ,E4142,3,2,0.12
P22635,PN_PIQ,E4142,3,2,3.33
P22637,PN_PIQ,E4142,3,2,0.6
P22638,MA_ROTA,E4142,3,2,5.39
P22639,MA_ROTA,E4142,3,2,1.97
P22640,MA_ROTA,E4142,3,2,0.4
P22641,PN_PIQ,E4143,7,3,0.57
P22642,PN_PIQ,E4143,7,3,0.17
P22643,PN_PIQ,E4143,7,3,0.81
P22644,PN_PIQ,E4144,2,2,1.99
P22645,MA_ROTA,E4144,2,2,2.06
P22646,PN_PIQ,E4145,4,1,0.73
P22647,PN_PIQ,E4145,4,1,0.64
P22648,BC_BT,E4146,4,1,9.32
P22649,AG,E4146,4,1,1.99
P22650,MA_ROTA,E4147,2,2,1.32
P22651,PN_PIQ,E4148,1,2,0.7
P22652,MA_ROTA,E4149,2,2,3.83
P22653,PN_PIQ,E4149,2,2,0.69
P22654,PN_PIQ,E4150,7,3,0.41
P22655,PN_PIQ,E4151,7,3,2.1
P22656,PN_PIQ,E4151,7,3,0.7
P22657,PN_PIQ,E4151,7,3,1.75
P22658,PN_PIQ,E4152,7,3,0.72
P22659,PN_PIQ,E4152,7,3,1.68
P22660,PN_PIQ,E4152,7,3,0.9
P22661,PN_PIQ,E4153,7,3,0.64
P22662,PN_PIQ,E4153,7,3,0.67
P22663,PN_PIQ,E4153,7,3,0.39
P22664,PN_PIQ,E4153,7,3,0.62
P22665,PN_PIQ,E4153,7,3,0.66
P22666,PN_PIQ,E4153,7,3,0.4
P22667,PN_PIQ,E4154,7,3,0.43
P22668,PN_PIQ,E4154,7,3,0.7
P22669,PN_PIQ,E4154,7,3,0.96
P22670,PN_PIQ,E4154,7,3,0.28
P22671,PN_PIQ,E4154,7,3,0.13
P22672,MA_ROTA,E4155,3,2,1.61
P22673,MA_ROTA,E4155,3,2,1.98
P22674,MA_ROTA,E4155,3,2,0.42
P22675,MA_ROTA,E4155,3,2,2.71
P22676,MA_ROTA,E4155,3,2,0.63
P22677,PN_PIQ,E4155,3,2,0.67
P22678,MA_ROTA,E4155,3,2,10.49
P22679,PN_PIQ,E4155,3,2,0.42
P22682,MA_ROTA,E4155,3,2,0.6
P22685,MA_ROTA,E4155,3,2,0.85
P22686,MA_ROTA,E4155,3,2,2.01
P22687,MA_ROTA,E4155,3,2,1.49
P22688,MA_ROTA,E4155,3,2,2.67
P22689,MA_ROTA,E4155,3,2,0.56
P22690,MA_ROTA,E4156,2,2,0.36
P22691,PN_PIQ,E4157,4,1,1.11
P22692,PN_PIQ,E4157,4,1,0.17
P22693,MA_ROTA,E4157,4,1,0.12
P22694,PN_PIQ,E4157,4,1,0.59
P22695,PN_PIQ,E4157,4,1,0.24
P22696,MA_ROTA,E4158,4,1,1.72
P22697,PN_PIQ,E4158,4,1,0.08
P22698,MA_ROTA,E4158,4,1,1.46
P22699,PN_PIQ,E4158,4,1,0.08
P22700,PN_PIQ,E4158,4,1,1.92
P22701,PN_PIQ,E4158,4,1,0.06
P22702,PN_PIQ,E4158,4,1,0.15
P22703,PN_PIQ,E4158,4,1,0.09
P22704,PN_PIQ,E4158,4,1,0.54
P22706,MA_ROTA,E4158,4,1,1.42
P22707,MA_ROTA,E4158,4,1,1.14
P22708,PN_PIQ,E4159,1,2,0.45
P22709,PN_PIQ,E4160,7,3,0.57
P22710,PN_PIQ,E4160,7,3,1.31
P22711,PN_PIQ,E4161,4,1,1.81
P22712,PN_PIQ,E4161,4,1,0.49
P22713,PN_PIQ,E4161,4,1,0.91
P22714,PN_PIQ,E4161,4,1,0.66
P22715,PN_PIQ,E4162,1,2,0.28
P22716,MA_ROTA,E4162,1,2,0.67
P22717,PN_PIQ,E4162,1,2,0.53
P22718,MA_ROTA,E4162,1,2,0.44
P22719,PN_PIQ,E4162,1,2,1.22
P22720,MA_ROTA,E4162,1,2,0.06
P22721,MA_ROTA,E4162,1,2,0.02
P22722,MA_ROTA,E4163,1,2,1.3
P22724,PN_PIQ,E4163,1,2,0.34
P22725,MA_ROTA,E4163,1,2,0.57
P22726,MA_ROTA,E4163,1,2,1.16
P22728,MA_ROTA,E4163,1,2,1.66
P22729,MA_ROTA,E4163,1,2,1.1
P22730,MA_ROTA,E4163,1,2,0.72
P22733,PN_PIQ,E4163,1,2,0.14
P22734,PN_PIQ,E4163,1,2,0.27
P22735,PN_PIQ,E4164,7,3,1.98
P22736,MA_ROTA,E4165,2,2,4.76
P22737,MA_ROTA,E4166,3,2,1.01
P22738,MA_ROTA,E4166,3,2,2.42
P22739,MA_ROTA,E4166,3,2,1.79
P22740,MA_ROTA,E4166,3,2,2.8
P22741,MA_ROTA,E4166,3,2,1.31
P22742,PN_PIQ,E4167,7,3,0.39
P22743,PN_PIQ,E4167,7,3,0.45
P22745,MA_ROTA,E4168,5,1,0.43
P22746,AN_PA,E4168,5,1,0.66
P22747,PN_PIQ,E4169,2,2,4.41
P22748,MA_ROTA,E4169,2,2,2.5
P22749,PN_PIQ,E4170,4,1,1.45
P22750,PN_PIQ,E4170,4,1,0.21
P22751,PN_PIQ,E4170,4,1,1.31
P22752,PN_PIQ,E4170,4,1,0.3
P22753,PN_PIQ,E4170,4,1,2.2
P22754,PN_PIQ,E4170,4,1,0.17
P22755,PN_PIQ,E4170,4,1,0.2
P22756,PN_PIQ,E4170,4,1,1.03
P22757,PN_PIQ,E4170,4,1,0.97
P22758,PN_PIQ,E4170,4,1,0.95
P22759,PN_PIQ,E4171,3,2,1.13
P22760,PN_PIQ,E4172,2,2,1.18
P22762,MA_ROTA,E4173,3,2,4.31
P22763,MA_ROTA,E4173,3,2,1.33
P22764,MA_ROTA,E4173,3,2,0.34
P22766,MA_ROTA,E4173,3,2,0.52
P22768,MA_ROTA,E4173,3,2,0.74
P22770,MA_ROTA,E4174,3,2,0.29
P22771,MA_ROTA,E4174,3,2,0.19
P22772,MA_ROTA,E4174,3,2,1.0
P22773,MA_ROTA,E4174,3,2,1.98
P22774,PN_PIQ,E4174,3,2,1.59
P22775,MA_ROTA,E4174,3,2,1.26
P22776,MA_ROTA,E4174,3,2,1.31
P22777,MA_ROTA,E4174,3,2,0.44
P22778,MA_ROTA,E4174,3,2,0.75
P22779,PN_PIQ,E4174,3,2,0.79
P22780,PN_PIQ,E4175,3,2,1.18
P22782,MA_ROTA,E4176,3,2,0.82
P22783,MA_ROTA,E4176,3,2,0.47
P22784,MA_ROTA,E4176,3,2,0.57
P22785,MA_ROTA,E4177,5,1,1.16
P22786,TH,E4177,5,1,1.29
P22787,MA_ROTA,E4177,5,1,0.49
P22788,MA_ROTA,E4177,5,1,2.09
P22789,MA_ROTA,E4177,5,1,0.82
P22791,MA_ROTA,E4177,5,1,0.53
P22792,MA_ROTA,E4177,5,1,1.65
P22793,MA_ROTA,E4177,5,1,1.76
P22795,TH,E4177,5,1,0.85
P22796,AN_PA,E4177,5,1,0.55
P22797,TH,E4177,5,1,0.39
P22798,MA_ROTA,E4177,5,1,1.34
P22799,MA_ROTA,E4177,5,1,1.88
P22800,MA_ROTA,E4177,5,1,2.15
P22801,PN_PIQ,E4178,4,1,2.94
P22802,PN_PIQ,E4179,7,3,0.82
P22803,PN_PIQ,E4179,7,3,0.35
P22804,PN_PIQ,E4179,7,3,0.24
P22805,PN_PIQ,E4180,4,1,0.57
P22806,PN_PIQ,E4180,4,1,0.33
P22807,PN_PIQ,E4180,4,1,0.69
P22808,PN_PIQ,E4180,4,1,0.14
P22809,PN_PIQ,E4180,4,1,0.67
P22810,PN_PIQ,E4180,4,1,0.58
P22812,PN_PIQ,E4180,4,1,0.24
P22813,PN_PIQ,E4181,7,3,1.15
P22814,PN_PIQ,E4181,7,3,0.1
P22815,PN_PIQ,E4182,3,2,0.23
P22816,MA_ROTA,E4182,3,2,0.34
P22817,MA_ROTA,E4182,3,2,0.38
P22818,PN_PIQ,E4182,3,2,0.45
P22819,PN_PIQ,E4182,3,2,2.28
P22820,PN_PIQ,E4183,7,3,0.97
P22821,PN_PIQ,E4183,7,3,2.24
P22822,PN_PIQ,E4183,7,3,0.66
P22823,PN_PIQ,E4183,7,3,1.04
P22824,PN_PIQ,E4183,7,3,0.28
P22825,PN_PIQ,E4184,7,3,0.43
P22826,PN_PIQ,E4184,7,3,0.57
P22827,PN_PIQ,E4184,7,3,0.25
P22828,PN_PIQ,E4184,7,3,0.2
P22829,PN_PIQ,E4184,7,3,1.29
P22830,PN_PIQ,E4184,7,3,0.32
P22831,PN_PIQ,E4185,7,3,0.34
P22832,PN_PIQ,E4185,7,3,0.35
P22833,PN_PIQ,E4186,7,3,0.69
P22834,PN_PIQ,E4186,7,3,0.19
P22835,PN_PIQ,E4186,7,3,0.39
P22836,PN_PIQ,E4187,7,3,0.18
P22837,PN_PIQ,E4188,2,2,0.79
P22838,MA_ROTA,E4188,2,2,0.37
P22839,PN_PIQ,E4188,2,2,0.2
P22840,PN_PIQ,E4189,7,3,0.93
P22841,MA_ROTA,E4190,4,1,2.39
P22842,PN_PIQ,E4190,4,1,2.56
P22843,MA_ROTA,E4190,4,1,1.52
P22844,PN_PIQ,E4190,4,1,2.03
P22845,PN_PIQ,E4191,4,1,1.06
P22846,PN_PIQ,E4192,6,1,1.55
P22847,MA_ROTA,E4193,3,2,1.51
P22848,MA_ROTA,E4194,3,2,1.0
P22849,MA_ROTA,E4194,3,2,0.38
P22850,MA_ROTA,E4194,3,2,0.07
P22851,PN_PIQ,E4194,3,2,0.28
P22852,MA_ROTA,E4194,3,2,0.1
P22853,MA_ROTA,E4194,3,2,0.07
P22854,MA_ROTA,E4194,3,2,1.0
P22855,PN_PIQ,E4195,3,2,1.36
P22856,PN_PIQ,E4196,4,1,0.48
P22857,PN_PIQ,E4196,4,1,1.12
P22858,PN_PIQ,E4196,4,1,0.78
P22859,MA_ROTA,E4196,4,1,0.51
P22860,PN_PIQ,E4197,3,2,6.54
P22861,PN_PIQ,E4197,3,2,2.98
P22862,MA_ROTA,E4197,3,2,4.53
P22863,PN_PIQ,E4197,3,2,2.61
P22864,MA_ROTA,E4197,3,2,1.25
P22865,PN_PIQ,E4198,7,3,0.18
P22866,PN_PIQ,E4198,7,3,0.57
P22867,PN_PIQ,E4198,7,3,0.84
P22868,PN_PIQ,E4198,7,3,0.74
P22869,PN_PIQ,E4198,7,3,0.04
P22870,PN_PIQ,E4199,7,3,1.01
P22871,PN_PIQ,E4199,7,3,1.46
P22872,PN_PIQ,E4199,7,3,0.25
P22873,PN_PIQ,E4199,7,3,0.26
P22874,PN_PIQ,E4199,7,3,0.26
P22875,PN_PIQ,E4200,7,3,0.62
P22876,PN_PIQ,E4200,7,3,0.61
P22877,PN_PIQ,E4200,7,3,0.38
P22878,PN_PIQ,E4201,4,1,0.55
P22879,PN_PIQ,E4201,4,1,0.98
P22880,PN_PIQ,E4201,4,1,0.51
P22881,PN_PIQ,E4202,4,1,0.62
P22882,PN_PIQ,E4202,4,1,1.25
P22883,MA_ROTA,E4203,3,2,1.03
P22884,MA_ROTA,E4203,3,2,0.55
P22885,MA_ROTA,E4203,3,2,1.34
P22886,MA_ROTA,E4203,3,2,0.82
P22887,MA_ROTA,E4203,3,2,0.44
P22888,MA_ROTA,E4204,2,2,1.4
P22889,MA_ROTA,E4204,2,2,0.86
P22890,PN_PIQ,E4204,2,2,1.12
P22891,MA_ROTA,E4204,2,2,0.43
P22892,MA_ROTA,E4204,2,2,0.52
P22893,PN_PIQ,E4204,2,2,0.28
P22894,PN_PIQ,E4204,2,2,0.2
P22895,PN_PIQ,E4205,7,3,1.89
P22896,PN_PIQ,E4206,7,3,2.92
P22897,PN_PIQ,E4206,7,3,3.16
P22898,PN_PIQ,E4206,7,3,3.61
P22899,PN_PIQ,E4206,7,3,1.75
P22900,PN_PIQ,E4207,4,1,3.2
P22901,PN_PIQ,E4207,4,1,1.97
P22902,PN_PIQ,E4207,4,1,0.22
P22903,PN_PIQ,E4207,4,1,0.27
P22904,PN_PIQ,E4207,4,1,0.7
P22906,PN_PIQ,E4207,4,1,0.53
P22907,PN_PIQ,E4207,4,1,0.95
P22908,PN_PIQ,E4207,4,1,0.42
P22909,MA_ROTA,E4208,2,2,0.22
P22910,MA_ROTA,E4208,2,2,1.36
P22911,PN_PIQ,E4209,1,2,1.18
P22912,PN_PIQ,E4210,3,2,0.92
P22913,MA_ROTA,E4210,3,2,0.17
P22914,MA_ROTA,E4210,3,2,0.6
P22915,MA_ROTA,E4210,3,2,0.41
P22916,MA_ROTA,E4210,3,2,0.33
P22917,PN_PIQ,E4210,3,2,0.16
P22918,MA_ROTA,E4210,3,2,1.52
P22919,MA_ROTA,E4210,3,2,0.31
P22920,PN_PIQ,E4210,3,2,0.79
P22921,MA_ROTA,E4210,3,2,1.95
P22923,PN_PIQ,E4211,1,2,3.56
P22924,PN_PIQ,E4211,1,2,0.26
P22925,PN_PIQ,E4212,3,2,0.4
P22926,PN_PIQ,E4212,3,2,1.45
P22927,PN_PIQ,E4213,4,1,0.65
P22928,PN_PIQ,E4213,4,1,0.07
P22929,PN_PIQ,E4213,4,1,0.1
P22930,PN_PIQ,E4213,4,1,0.11
P22931,PN_PIQ,E4213,4,1,1.1
P22932,PN_PIQ,E4213,4,1,0.19
P22933,PN_PIQ,E4213,4,1,0.24
P22934,PN_PIQ,E4213,4,1,0.04
P22935,MA_ROTA,E4214,3,2,0.89
P22936,PN_PIQ,E4215,3,2,0.67
P22937,PN_PIQ,E4215,3,2,0.9
P22938,PN_PIQ,E4215,3,2,1.12
P22939,MA_ROTA,E4215,3,2,2.79
P22940,PN_PIQ,E4215,3,2,1.3
P22941,MA_ROTA,E4215,3,2,0.22
P22942,MA_ROTA,E4215,3,2,0.78
P22943,PN_PIQ,E4215,3,2,0.45
P22944,MA_ROTA,E4216,3,2,0.5
P22945,MA_ROTA,E4216,3,2,3.11
P22946,PN_PIQ,E4216,3,2,0.08
P22948,MA_ROTA,E4216,3,2,0.12
P22949,PN_PIQ,E4216,3,2,0.14
P22950,MA_ROTA,E4216,3,2,0.12
P22951,MA_ROTA,E4216,3,2,1.39
P22952,MA_ROTA,E4216,3,2,0.71
P22953,PN_PIQ,E4216,3,2,1.45
P22954,MA_ROTA,E4216,3,2,2.79
P22955,MA_ROTA,E4216,3,2,0.47
P22956,MA_ROTA,E4216,3,2,0.31
P22957,PN_PIQ,E4216,3,2,1.22
P22958,MA_ROTA,E4216,3,2,0.37
P22959,TH,E4217,6,1,0.39
P22960,TH,E4217,6,1,0.29
P22961,AN_PA,E4217,6,1,0.52
P22962,TH,E4217,6,1,0.4
P22963,IG_PLA,E4218,4,1,1.43
P22964,AG,E4218,4,1,0.94
P22965,AG,E4218,4,1,0.51
P22966,MA_ROTA,E4219,3,2,1.33
P22967,MA_ROTA,E4219,3,2,2.24
P22969,PN_PIQ,E4219,3,2,1.77
P22970,PN_PIQ,E4220,4,1,1.17
P22971,MA_ROTA,E4221,2,2,1.22
P22972,PN_PIQ,E4222,4,1,0.52
P22973,PN_PIQ,E4222,7,3,0.59
P22974,PN_PIQ,E4223,4,1,1.05
P22975,PN_PIQ,E4223,4,1,0.34
P22978,MA_ROTA,E4225,2,2,0.71
P22979,MA_ROTA,E4226,2,2,3.33
P22980,MA_ROTA,E4227,1,2,0.42
P22981,MA_ROTA,E4228,2,2,1.44
P22982,TH,E4229,5,1,1.37
P22983,MA_ROTA,E4230,3,2,0.8
P22984,MA_ROTA,E4230,3,2,3.2
P22985,PN_PIQ,E4230,3,2,1.45
P22986,MA_ROTA,E4230,3,2,0.38
P22987,MA_ROTA,E4230,3,2,0.31
P22988,PN_PIQ,E4230,3,2,1.27
P22989,PN_PIQ,E4231,4,1,2.56
P22990,PN_PIQ,E4231,4,1,4.05
P22991,PN_PIQ,E4231,4,1,0.23
P22992,PN_PIQ,E4232,2,2,1.11
P22993,PN_PIQ,E4232,2,2,0.53
P22994,PN_PIQ,E4232,2,2,0.31
P22995,ME,E4232,2,2,0.39
P22997,PN_PIQ,E4233,1,2,0.8
P22998,PN_PIQ,E4233,1,2,2.22
P22999,TH,E4234,6,1,0.15
P23000,PN_PIQ,E4235,2,2,1.05
P23001,MA_ROTA,E4236,2,2,0.86
P23002,MA_ROTA,E4236,2,2,0.26
P23003,MA_ROTA,E4236,2,2,0.93
P23004,MA_ROTA,E4236,2,2,0.34
P23005,PN_PIQ,E4236,2,2,0.57
P23006,PN_PIQ,E4236,2,2,0.23
P23007,ME,E4236,2,2,0.17
P23008,PN_PIQ,E4236,2,2,0.21
P23009,MA_ROTA,E4237,3,2,0.99
P23010,PN_PIQ,E4238,2,2,0.56
P23011,MA_ROTA,E4238,2,2,0.35
P23012,PN_PIQ,E4239,4,1,0.51
P23013,PN_PIQ,E4239,4,1,0.54
P23014,PN_PIQ,E4239,4,1,0.76
P23015,PN_PIQ,E4239,4,1,0.61
P23016,PN_PIQ,E4239,4,1,0.54
P23017,PN_PIQ,E4239,4,1,0.34
P23018,PN_PIQ,E4239,4,1,0.24
P23019,PN_PIQ,E4239,4,1,0.32
P23020,PN_PIQ,E4239,4,1,0.77
P23021,MA_ROTA,E4240,2,2,0.4
P23022,MA_ROTA,E4240,2,2,1.11
P23023,MA_ROTA,E4240,2,2,0.55
P23025,PN_PIQ,E4240,2,2,0.42
P23026,MA_ROTA,E4240,2,2,1.3
P23027,PN_PIQ,E4240,2,2,1.07
P23028,MA_ROTA,E4240,2,2,0.48
P23029,MA_ROTA,E4240,2,2,1.63
P23030,MA_ROTA,E4240,2,2,0.5
P23031,MA_ROTA,E4240,2,2,1.63
P23032,MA_ROTA,E4241,2,2,0.93
P23033,MA_ROTA,E4241,2,2,1.8
P23034,MA_ROTA,E4241,2,2,9.01
P23035,MA_ROTA,E4241,2,2,27.8
P23036,MA_ROTA,E4241,2,2,0.99
P23037,PN_PIQ,E4241,2,2,2.55
P23038,MA_ROTA,E4242,2,2,3.78
P23039,PN_PIQ,E4243,4,1,3.18
P23040,PN_PIQ,E4244,4,1,0.29
P23041,PN_PIQ,E4244,4,1,0.23
P23042,PN_PIQ,E4244,4,1,0.32
P23044,MA_ROTA,E4244,4,1,0.2
P23045,PN_PIQ,E4244,4,1,0.61
P23046,PN_PIQ,E4244,4,1,0.32
P23047,MA_ROTA,E4244,4,1,0.13
P23048,MA_ROTA,E4244,4,1,0.65
P23049,MA_ROTA,E4244,4,1,0.74
P23050,MA_ROTA,E4244,4,1,0.66
P23051,MA_ROTA,E4244,4,1,0.92
P23052,PN_PIQ,E4244,4,1,0.46
P23053,MA_ROTA,E4244,4,1,0.5
P23054,PN_PIQ,E4244,4,1,0.79
P23055,MA_ROTA,E4244,4,1,0.8
P23056,AN_PA,E4245,6,1,0.37
P23057,AN_PA,E4245,6,1,0.25
P23059,AN_PA,E4245,6,1,0.59
P23060,AG,E4245,6,1,0.46
P23063,PN_PIQ,E4246,4,1,0.25
P23064,PN_PIQ,E4246,4,1,0.06
P23065,PN_PIQ,E4246,4,1,0.15
P23066,PN_PIQ,E4246,4,1,0.5
P23067,PN_PIQ,E4247,4,1,0.63
P23068,PN_PIQ,E4247,4,1,0.35
P23070,PN_PIQ,E4248,6,1,0.41
P23071,TH,E4248,6,1,0.46
P23072,PN_PIQ,E4249,4,1,1.88
P23073,PN_PIQ,E4250,3,2,1.31
P23074,MA_ROTA,E4250,3,2,0.33
P23076,PN_PIQ,E4250,3,2,0.36
P23077,PN_PIQ,E4250,3,2,1.05
P23079,PN_PIQ,E4250,3,2,0.18
P23080,MA_ROTA,E4250,3,2,0.88
P23081,MA_ROTA,E4251,5,1,1.37
P23082,BC_BT,E4251,5,1,0.35
P23083,AG,E4251,5,1,0.46
P23084,AG,E4251,5,1,1.49
P23085,AG,E4251,5,1,1.66
P23086,IG_PLA,E4251,5,1,0.57
P23087,PN_PIQ,E4252,4,1,0.42
P23088,PN_PIQ,E4252,4,1,0.39
P23089,PN_PIQ,E4252,4,1,0.22
P23090,MA_ROTA,E4253,5,1,1.12
P23091,MA_ROTA,E4253,5,1,0.49
P23092,MA_ROTA,E4253,5,1,0.27
P23093,MA_ROTA,E4253,5,1,1.14
P23094,PN_PIQ,E4254,1,2,1.02
P23095,PN_PIQ,E4255,4,1,2.69
P23096,PN_PIQ,E4255,4,1,1.12
P23097,PN_PIQ,E4255,4,1,3.3
P23098,PN_PIQ,E4255,4,1,0.08
P23100,MA_ROTA,E4256,5,1,0.39
P23102,MA_ROTA,E4256,5,1,0.36
P23103,MA_ROTA,E4256,5,1,0.79
P23104,MA_ROTA,E4256,5,1,4.21
P23105,MA_ROTA,E4256,5,1,0.26
P23106,MA_ROTA,E4256,5,1,0.33
P23107,MA_ROTA,E4256,5,1,0.65
P23108,MA_ROTA,E4256,5,1,0.6
P23109,MA_ROTA,E4256,5,1,1.55
P23110,MA_ROTA,E4256,5,1,0.85
P23111,MA_ROTA,E4256,5,1,1.03
P23112,MA_ROTA,E4256,5,1,1.4
P23114,MA_ROTA,E4257,3,2,0.93
P23115,MA_ROTA,E4257,3,2,0.09
P23116,MA_ROTA,E4257,3,2,0.07
P23117,MA_ROTA,E4257,3,2,0.57
P23118,PN_PIQ,E4257,3,2,1.35
P23119,PN_PIQ,E4258,3,2,1.84
P23120,MA_ROTA,E4258,3,2,0.65
P23121,PN_PIQ,E4258,3,2,1.58
P23122,MA_ROTA,E4258,3,2,1.62
P23123,MA_ROTA,E4258,3,2,0.86
P23124,MA_ROTA,E4258,3,2,0.37
P23125,MA_ROTA,E4258,3,2,5.91
P23126,PN_PIQ,E4259,2,2,0.81
P23127,PN_PIQ,E4260,4,1,0.59
P23128,PN_PIQ,E4260,4,1,0.24
P23129,PN_PIQ,E4261,7,3,0.52
P23130,PN_PIQ,E4261,7,3,0.09
P23131,PN_PIQ,E4261,7,3,0.25
P23132,PN_PIQ,E4261,7,3,0.23
P23133,PN_PIQ,E4261,7,3,0.45
P23134,PN_PIQ,E4262,7,3,0.64
P23135,PN_PIQ,E4262,7,3,0.22
P23136,PN_PIQ,E4262,7,3,0.23
P23137,PN_PIQ,E4263,2,2,0.29
P23138,PN_PIQ,E4264,2,2,1.3
P23139,PN_PIQ,E4265,1,2,1.95
P23140,PN_PIQ,E4265,1,2,1.37
P23141,PN_PIQ,E4265,1,2,1.01
P23142,PN_PIQ,E4265,1,2,1.59
P23143,PN_PIQ,E4266,1,2,1.07
P23144,PN_PIQ,E4267,3,2,0.33
P23145,PN_PIQ,E4267,3,2,0.21
P23146,PN_PIQ,E4267,3,2,2.67
P23149,PN_PIQ,E4268,2,2,1.14
P23150,PN_PIQ,E4268,2,2,1.05
P23151,PN_PIQ,E4269,4,1,1.92
P23152,PN_PIQ,E4270,4,1,3.1
P23153,PN_PIQ,E4270,4,1,0.5
P23154,PN_PIQ,E4270,4,1,1.45
P23155,PN_PIQ,E4270,4,1,2.42
P23156,MA_ROTA,E4271,3,2,2.52
P23157,PN_PIQ,E4271,3,2,1.23
P23158,PN_PIQ,E4272,2,2,0.87
P23159,ME,E4273,2,2,0.46
P23160,MA_ROTA,E4273,2,2,0.66
P23161,MA_ROTA,E4273,2,2,0.17
P23162,MA_ROTA,E4274,2,2,0.41
P23163,MA_ROTA,E4274,2,2,0.42
P23164,PN_PIQ,E4274,2,2,0.49
P23165,MA_ROTA,E4274,2,2,0.91
P23166,MA_ROTA,E4274,2,2,2.7
P23167,MA_ROTA,E4274,2,2,0.52
P23168,PN_PIQ,E4275,4,1,1.33
P23169,PN_PIQ,E4275,4,1,0.84
P23170,PN_PIQ,E4275,4,1,0.16
P23171,PN_PIQ,E4275,4,1,1.17
P23172,PN_PIQ,E4275,4,1,0.15
P23173,PN_PIQ,E4275,4,1,1.74
P23174,PN_PIQ,E4275,4,1,11.18
P23175,PN_PIQ,E4275,4,1,2.04
P23176,TH,E4276,5,1,1.28
P23177,MA_ROTA,E4277,3,2,0.9
P23178,MA_ROTA,E4277,3,2,0.8
P23179,MA_ROTA,E4278,2,2,1.4
P23180,MA_ROTA,E4278,2,2,1.67
P23182,MA_ROTA,E4279,5,1,0.56
P23186,MA_ROTA,E4279,5,1,0.52
P23188,MA_ROTA,E4279,5,1,0.49
P23190,AN_PA,E4279,5,1,1.36
P23191,MA_ROTA,E4279,5,1,0.16
P23193,MA_ROTA,E4279,5,1,0.49
P23197,MA_ROTA,E4279,5,1,0.13
P23201,MA_ROTA,E4280,3,2,0.62
P23202,MA_ROTA,E4280,3,2,2.33
P23203,BC_BT,E4281,4,1,8.82
P23204,IG_PLA,E4281,4,1,4.91
P23205,BC_BT,E4281,4,1,0.8
P23206,IG_PLA,E4281,4,1,4.04
P23207,PN_PIQ,E4281,4,1,2.13
P23208,PN_PIQ,E4281,4,1,2.11
P23209,IG_PLA,E4281,4,1,0.62
P23210,BC_BT,E4281,4,1,0.48
P23211,IG_PLA,E4281,4,1,3.03
P23212,AG,E4281,4,1,1.5
P23213,PN_PIQ,E4282,3,2,1.02
P23214,PN_PIQ,E4282,3,2,0.81
P23215,PN_PIQ,E4283,7,3,0.71
P23216,PN_PIQ,E4283,7,3,0.58
P23217,PN_PIQ,E4284,7,3,1.19
P23218,PN_PIQ,E4284,7,3,5.54
P23219,PN_PIQ,E4284,7,3,4.87
P23220,PN_PIQ,E4284,7,3,3.72
P23221,PN_PIQ,E4284,7,3,0.34
P23222,PN_PIQ,E4284,7,3,0.53
P23223,PN_PIQ,E4285,7,3,0.19
P23224,PN_PIQ,E4285,7,3,0.3
P23225,PN_PIQ,E4285,7,3,1.0
P23226,PN_PIQ,E4285,7,3,0.27
P23227,PN_PIQ,E4285,7,3,0.46
P23228,PN_PIQ,E4285,7,3,0.23
P23229,ME,E4286,2,2,0.31
P23230,PN_PIQ,E4286,2,2,0.52
P23232,PN_PIQ,E4286,2,2,0.43
P23233,PN_PIQ,E4286,2,2,1.03
P23235,PN_PIQ,E4286,2,2,0.26
P23236,MA_ROTA,E4286,2,2,0.47
P23238,MA_ROTA,E4286,2,2,0.97
P23239,MA_ROTA,E4286,2,2,1.67
P23240,MA_ROTA,E4286,2,2,0.52
P23241,MA_ROTA,E4287,3,2,4.42
P23242,PN_PIQ,E4287,3,2,2.09
P23243,MA_ROTA,E4287,3,2,0.48
P23244,MA_ROTA,E4287,3,2,2.1
P23245,MA_ROTA,E4287,3,2,0.09
P23246,MA_ROTA,E4287,3,2,0.09
P23247,PN_PIQ,E4288,4,1,1.33
P23248,PN_PIQ,E4288,4,1,0.74
P23249,PN_PIQ,E4288,4,1,1.59
P23250,PN_PIQ,E4289,7,3,3.99
P23251,PN_PIQ,E4289,7,3,1.46
P23252,PN_PIQ,E4289,7,3,1.4
P23253,MA_ROTA,E4290,3,2,1.34
P23255,MA_ROTA,E4290,3,2,3.19
P23256,PN_PIQ,E4290,3,2,1.77
P23257,MA_ROTA,E4290,3,2,1.01
P23258,PN_PIQ,E4290,3,2,1.35
P23259,PN_PIQ,E4291,7,3,0.3
P23260,PN_PIQ,E4292,7,3,0.41
P23261,PN_PIQ,E4292,7,3,1.44
P23262,PN_PIQ,E4292,7,3,1.03
P23263,PN_PIQ,E4292,7,3,0.07
P23264,PN_PIQ,E4292,7,3,1.8
P23265,PN_PIQ,E4292,7,3,0.51
P23266,PN_PIQ,E4292,7,3,0.65
P23267,PN_PIQ,E4292,7,3,0.77
P23268,PN_PIQ,E4292,7,3,0.16
P23269,PN_PIQ,E4293,7,3,1.17
P23270,PN_PIQ,E4293,7,3,1.06
P23271,PN_PIQ,E4293,7,3,0.33
P23274,PN_PIQ,E4294,3,2,0.98
P23275,PN_PIQ,E4294,3,2,1.48
P23276,PN_PIQ,E4294,3,2,0.22
P23279,PN_PIQ,E4295,7,3,0.3
P23280,PN_PIQ,E4295,7,3,0.27
P23281,PN_PIQ,E4295,7,3,0.29
P23282,PN_PIQ,E4296,2,2,1.67
P23283,PN_PIQ,E4296,2,2,1.1
P23284,PN_PIQ,E4296,2,2,1.52
P23285,PN_PIQ,E4296,2,2,0.63
P23286,PN_PIQ,E4296,2,2,3.58
P23287,PN_PIQ,E4296,2,2,0.38
P23288,PN_PIQ,E4296,2,2,0.72
P23289,PN_PIQ,E4297,4,1,0.74
P23290,PN_PIQ,E4298,4,1,0.99
P23291,MA_ROTA,E4299,5,1,1.08
P23292,AN_PA,E4299,5,1,0.56
P23293,AN_PA,E4299,5,1,0.57
P23294,AN_PA,E4299,5,1,1.07
P23295,AN_PA,E4299,5,1,0.47
P23296,MA_ROTA,E4299,5,1,0.47
P23297,AN_PA,E4299,5,1,1.23
P23298,MA_ROTA,E4299,5,1,0.88
P23299,PN_PIQ,E4299,5,1,2.12
P23300,MA_ROTA,E4299,5,1,0.53
P23301,PN_PIQ,E4299,5,1,0.72
P23302,MA_ROTA,E4299,5,1,0.68
P23303,MA_ROTA,E4299,5,1,0.55
P23304,MA_ROTA,E4299,5,1,0.73
P23305,MA_ROTA,E4299,5,1,0.75
P23306,MA_ROTA,E4299,5,1,0.97
P23307,MA_ROTA,E4299,5,1,1.36
P23308,AN_PA,E4299,5,1,1.04
P23309,AN_PA,E4299,5,1,0.95
P23310,AN_PA,E4299,5,1,1.07
P23311,AN_PA,E4299,5,1,1.1
P23312,PN_PIQ,E4300,4,1,1.12
P23313,PN_PIQ,E4300,4,1,1.89
P23314,PN_PIQ,E4300,4,1,0.2
P23315,PN_PIQ,E4300,4,1,0.48
P23319,PN_PIQ,E4300,4,1,1.77
P23320,PN_PIQ,E4301,7,3,0.65
P23321,PN_PIQ,E4301,7,3,0.41
P23322,PN_PIQ,E4302,7,3,0.19
P23323,PN_PIQ,E4302,7,3,0.27
P23324,PN_PIQ,E4302,7,3,0.94
P23325,PN_PIQ,E4302,7,3,0.43
P23326,PN_PIQ,E4303,7,3,0.51
P23327,PN_PIQ,E4303,7,3,0.47
P23328,PN_PIQ,E4303,7,3,2.14
P23329,PN_PIQ,E4304,7,3,0.86
P23330,PN_PIQ,E4304,7,3,0.46
P23331,PN_PIQ,E4305,6,1,0.55
P23332,AG,E4305,6,1,1.85
P23333,PN_PIQ,E4305,6,1,0.16
P23334,PN_PIQ,E4305,6,1,0.12
P23335,PN_PIQ,E4306,7,3,0.98
P23336,PN_PIQ,E4306,7,3,3.19
P23337,PN_PIQ,E4306,7,3,0.35
P23338,PN_PIQ,E4306,7,3,1.82
P23339,PN_PIQ,E4306,7,3,1.91
P23340,PN_PIQ,E4306,7,3,4.81
P23341,PN_PIQ,E4307,7,3,1.91
P23342,PN_PIQ,E4308,7,3,0.52
P23343,PN_PIQ,E4309,7,3,0.23
P23344,PN_PIQ,E4309,7,3,0.22
P23345,PN_PIQ,E4309,7,3,0.35
P23346,PN_PIQ,E4309,7,3,0.22
P23347,PN_PIQ,E4309,7,3,0.96
P23348,MA_ROTA,E4310,2,2,0.24
P23349,MA_ROTA,E4310,2,2,0.22
P23350,MA_ROTA,E4310,2,2,0.68
P23351,ME,E4310,2,2,0.51
P23352,MA_ROTA,E4311,5,1,0.3
P23353,MA_ROTA,E4311,5,1,0.42
P23354,MA_ROTA,E4311,5,1,0.75
P23355,MA_ROTA,E4311,5,1,0.21
P23358,PN_PIQ,E4312,7,3,1.34
P23359,PN_PIQ,E4312,7,3,1.77
P23360,PN_PIQ,E4312,7,3,2.42
P23361,PN_PIQ,E4312,7,3,0.47
P23362,PN_PIQ,E4312,7,3,1.05
P23363,MA_ROTA,E4313,2,2,1.73
P23364,PN_PIQ,E4313,2,2,0.95
P23365,PN_PIQ,E4314,7,3,1.69
P23366,PN_PIQ,E4315,7,3,0.43
P23367,PN_PIQ,E4316,3,2,0.41
P23368,MA_ROTA,E4316,3,2,0.35
P23369,PN_PIQ,E4316,3,2,0.22
P23370,PN_PIQ,E4316,3,2,0.16
P23371,MA_ROTA,E4316,3,2,0.63
P23372,PN_PIQ,E4316,3,2,0.64
P23373,MA_ROTA,E4316,3,2,1.57
P23374,PN_PIQ,E4316,3,2,0.39
P23375,PN_PIQ,E4316,3,2,1.2
P23376,PN_PIQ,E4316,3,2,0.6
P23377,MA_ROTA,E4316,3,2,0.89
P23378,MA_ROTA,E4317,4,1,1.26
P23383,MA_ROTA,E4317,4,1,0.8
P23384,MA_ROTA,E4318,2,2,6.82
P23385,MA_ROTA,E4318,2,2,1.93
P23386,MA_ROTA,E4318,2,2,1.42
P23387,PN_PIQ,E4318,2,2,1.19
P23388,MA_ROTA,E4318,2,2,4.5
P23389,MA_ROTA,E4318,2,2,1.32
P23390,MA_ROTA,E4318,2,2,2.89
P23391,MA_ROTA,E4318,2,2,1.78
P23392,MA_ROTA,E4318,2,2,3.49
P23393,MA_ROTA,E4318,2,2,3.87
P23394,MA_ROTA,E4318,2,2,4.71
P23395,MA_ROTA,E4318,2,2,4.27
P23396,MA_ROTA,E4318,2,2,3.76
P23397,MA_ROTA,E4318,2,2,6.71
P23398,MA_ROTA,E4318,2,2,2.13
P23399,PN_PIQ,E4318,2,2,0.67
P23400,PN_PIQ,E4318,2,2,20.02
P23401,MA_ROTA,E4318,2,2,1.29
P23402,MA_ROTA,E4318,2,2,7.13
P23403,PN_PIQ,E4318,2,2,8.41
P23404,PN_PIQ,E4318,2,2,0.61
P23405,MA_ROTA,E4318,2,2,2.04
P23406,MA_ROTA,E4318,2,2,2.35
P23407,PN_PIQ,E4318,2,2,0.81
P23408,MA_ROTA,E4318,2,2,3.17
P23409,PN_PIQ,E4319,7,3,0.25
P23410,PN_PIQ,E4319,7,3,0.55
P23411,PN_PIQ,E4319,7,3,0.2
P23412,PN_PIQ,E4319,7,3,0.39
P23413,PN_PIQ,E4319,7,3,0.57
P23414,PN_PIQ,E4319,7,3,0.09
P23415,PN_PIQ,E4319,7,3,0.2
P23416,PN_PIQ,E4319,7,3,0.65
P23417,PN_PIQ,E4319,7,3,0.32
P23418,PN_PIQ,E4319,7,3,0.24
P23419,PN_PIQ,E4319,7,3,0.35
P23420,PN_PIQ,E4319,7,3,0.35
P23422,PN_PIQ,E4321,4,1,0.92
P23423,PN_PIQ,E4321,4,1,4.01
P23424,PN_PIQ,E4321,4,1,1.85
P23426,PN_PIQ,E4321,4,1,1.47
P23427,PN_PIQ,E4321,4,1,1.33
P23428,PN_PIQ,E4321,4,1,0.25
P23429,PN_PIQ,E4321,4,1,0.16
P23430,PN_PIQ,E4321,4,1,0.58
P23431,PN_PIQ,E4321,4,1,1.29
P23432,PN_PIQ,E4322,1,2,1.07
P23433,PN_PIQ,E4323,4,1,0.47
P23434,PN_PIQ,E4323,4,1,0.46
P23435,PN_PIQ,E4324,4,1,1.19
P23436,PN_PIQ,E4324,4,1,0.22
P23437,PN_PIQ,E4324,4,1,0.73
P23438,PN_PIQ,E4324,4,1,0.48
P23439,PN_PIQ,E4325,6,1,0.08
P23440,PN_PIQ,E4325,6,1,0.07
P23441,PN_PIQ,E4325,6,1,0.01
P23442,PN_PIQ,E4325,6,1,0.11
P23443,PN_PIQ,E4325,6,1,0.2
P23444,PN_PIQ,E4325,6,1,0.09
P23446,IG_PLA,E4326,4,1,2.28
P23447,PN_PIQ,E4326,4,1,1.05
P23450,PN_PIQ,E4326,4,1,1.95
P23452,IG_PLA,E4326,4,1,1.19
P23453,AG,E4326,4,1,1.89
P23454,BC_BT,E4326,4,1,1.92
P23455,IG_PLA,E4326,4,1,1.04
P23456,AN_PA,E4326,4,1,1.44
P23457,AN_PA,E4326,4,1,1.1
P23459,PN_PIQ,E4326,4,1,0.84
P23461,PN_PIQ,E4327,4,1,2.49
P23462,PN_PIQ,E4327,4,1,4.29
P23463,PN_PIQ,E4327,4,1,0.53
P23464,PN_PIQ,E4328,4,1,2.68
P23465,PN_PIQ,E4328,4,1,0.5
P23466,PN_PIQ,E4328,4,1,3.1
P23467,AG,E4329,5,1,0.33
P23468,AN_PA,E4329,5,1,0.31
P23470,PN_PIQ,E4330,2,2,0.63
P23471,PN_PIQ,E4331,7,3,3.95
P23472,PN_PIQ,E4332,2,2,0.53
P23473,MA_ROTA,E4333,1,2,3.23
P23474,MA_ROTA,E4333,1,2,1.0
P23475,MA_ROTA,E4333,1,2,0.37
P23476,PN_PIQ,E4333,1,2,0.15
P23477,PN_PIQ,E4333,1,2,0.15
P23478,MA_ROTA,E4333,1,2,0.57
P23479,MA_ROTA,E4334,4,1,0.31
P23480,MA_ROTA,E4334,4,1,3.07
P23481,PN_PIQ,E4334,4,1,1.09
P23482,MA_ROTA,E4334,4,1,1.19
P23483,MA_ROTA,E4334,4,1,0.41
P23484,PN_PIQ,E4334,4,1,0.32
P23485,MA_ROTA,E4334,4,1,0.33
P23486,PN_PIQ,E4334,4,1,0.64
P23487,PN_PIQ,E4335,7,3,0.64
P23488,PN_PIQ,E4335,7,3,2.05
P23489,PN_PIQ,E4335,7,3,0.61
P23490,PN_PIQ,E4335,7,3,0.42
P23491,PN_PIQ,E4335,7,3,0.86
P23492,PN_PIQ,E4335,7,3,0.2
P23493,MA_ROTA,E4336,2,2,0.21
P23495,MA_ROTA,E4337,2,2,1.75
P23497,PN_PIQ,E4339,4,1,4.08
P23498,PN_PIQ,E4339,4,1,0.9
P23499,MA_ROTA,E4340,3,2,0.65
P23500,MA_ROTA,E4340,3,2,0.71
P23501,PN_PIQ,E4341,4,1,1.2
P23502,PN_PIQ,E4341,4,1,0.29
P23503,PN_PIQ,E4341,4,1,0.63
P23504,MA_ROTA,E4342,1,2,0.24
P23505,PN_PIQ,E4342,1,2,0.11
P23506,PN_PIQ,E4342,1,2,0.35
P23507,PN_PIQ,E4342,1,2,0.18
P23508,PN_PIQ,E4343,1,2,0.44
P23509,PN_PIQ,E4343,1,2,4.01
P23510,PN_PIQ,E4343,1,2,1.03
P23511,PN_PIQ,E4343,1,2,0.06
P23512,PN_PIQ,E4344,4,1,3.6
P23513,MA_ROTA,E4344,4,1,0.83
P23514,PN_PIQ,E4344,4,1,1.5
P23517,MA_ROTA,E4345,2,2,0.92
P23518,PN_PIQ,E4346,7,3,1.08
P23519,PN_PIQ,E4346,7,3,1.59
P23520,MA_ROTA,E4347,3,2,0.36
P23521,PN_PIQ,E4347,3,2,1.05
P23522,MA_ROTA,E4347,3,2,0.7
P23523,MA_ROTA,E4347,3,2,0.84
P23524,MA_ROTA,E4347,3,2,0.66
P23526,MA_ROTA,E4348,3,2,1.4
P23527,MA_ROTA,E4348,3,2,0.22
P23528,MA_ROTA,E4348,3,2,0.47
P23531,TH,E4349,6,1,0.22
P23532,AN_PA,E4349,6,1,1.7
P23540,PN_PIQ,E4349,6,1,0.62
P23541,PN_PIQ,E4349,6,1,1.04
P23542,PN_PIQ,E4349,6,1,0.81
P23543,PN_PIQ,E4349,6,1,0.47
P23545,AN_PA,E4349,6,1,0.77
P23546,AN_PA,E4349,6,1,0.96
P23548,PN_PIQ,E4349,6,1,0.38
P23549,AN_PA,E4349,6,1,0.67
P23550,TH,E4349,6,1,19.65
P23553,TH,E4349,6,1,3.68
P23554,TH,E4349,6,1,1.2
P23555,TH,E4349,6,1,3.75
P23557,PN_PIQ,E4350,1,2,0.04
P23558,MA_ROTA,E4350,1,2,0.21
P23559,PN_PIQ,E4350,1,2,0.29
P23560,ME,E4350,1,2,0.19
P23561,MA_ROTA,E4351,2,2,0.19
P23562,MA_ROTA,E4351,2,2,0.57
P23563,PN_PIQ,E4351,2,2,0.92
P23564,PN_PIQ,E4352,6,1,8.88
P23565,PN_PIQ,E4353,2,2,2.22
P23566,AN_PA,E4354,5,1,0.38
P23567,AN_PA,E4354,5,1,0.87
P23568,AN_PA,E4354,5,1,0.65
P23569,AN_PA,E4354,5,1,0.6
P23570,AN_PA,E4354,5,1,0.24
P23571,AN_PA,E4354,5,1,0.32
P23573,AN_PA,E4354,5,1,0.17
P23575,PN_PIQ,E4355,2,2,0.26
P23576,PN_PIQ,E4356,2,2,0.94
P23577,TH,E4357,6,1,1.18
P23578,MA_ROTA,E4358,2,2,1.6
P23579,MA_ROTA,E4358,2,2,0.93
P23580,PN_PIQ,E4358,2,2,0.29
P23581,AG,E4359,5,1,0.94
P23582,AN_PA,E4359,5,1,0.12
P23583,AN_PA,E4359,5,1,0.07
P23584,MA_ROTA,E4360,3,2,1.01
P23585,PN_PIQ,E4360,3,2,0.51
P23586,MA_ROTA,E4361,5,1,0.86
P23587,MA_ROTA,E4361,5,1,0.7
P23588,MA_ROTA,E4361,5,1,1.26
P23589,MA_ROTA,E4361,5,1,0.69
P23590,MA_ROTA,E4361,5,1,2.64
P23591,AG,E4362,5,1,2.72
P23592,MA_ROTA,E4363,2,2,0.4
P23593,MA_ROTA,E4363,2,2,0.12
P23594,MA_ROTA,E4363,2,2,0.87
P23595,MA_ROTA,E4364,3,2,1.01
P23596,PN_PIQ,E4364,3,2,1.0
P23597,PN_PIQ,E4365,4,1,0.61
P23598,PN_PIQ,E4365,4,1,0.98
P23599,PN_PIQ,E4365,4,1,1.11
P23600,PN_PIQ,E4365,4,1,0.23
P23602,IG_PLA,E4366,5,1,0.69
P23603,AG,E4366,5,1,0.31
P23604,BC_BT,E4366,5,1,0.2
P23605,IG_PLA,E4366,5,1,0.53
P23606,PN_PIQ,E4366,5,1,0.46
P23608,AG,E4366,5,1,1.02
P23609,MA_ROTA,E4367,2,2,1.89
P23611,PN_PIQ,E4367,2,2,0.14
P23612,MA_ROTA,E4367,2,2,0.55
P23613,MA_ROTA,E4367,2,2,0.25
P23616,PN_PIQ,E4368,2,2,1.17
P23617,PN_PIQ,E4368,2,2,0.11
P23618,PN_PIQ,E4368,2,2,1.25
P23620,PN_PIQ,E4368,2,2,0.46
P23621,PN_PIQ,E4369,7,3,0.48
P23622,PN_PIQ,E4369,7,3,0.34
P23623,PN_PIQ,E4369,7,3,0.16
P23624,PN_PIQ,E4370,3,2,0.71
P23625,PN_PIQ,E4370,3,2,0.79
P23626,PN_PIQ,E4370,3,2,2.53
P23627,PN_PIQ,E4371,4,1,0.6
P23628,PN_PIQ,E4371,4,1,1.21
P23629,PN_PIQ,E4372,3,2,1.06
P23630,PN_PIQ,E4372,1,2,0.77
P23631,MA_ROTA,E4373,2,2,0.52
P23632,MA_ROTA,E4373,2,2,0.57
P23633,MA_ROTA,E4373,2,2,0.38
P23634,PN_PIQ,E4374,2,2,1.3
P23635,PN_PIQ,E4374,2,2,0.45
P23636,MA_ROTA,E4374,2,2,0.74
P23637,PN_PIQ,E4375,7,3,0.93
P23638,PN_PIQ,E4375,7,3,0.45
P23639,PN_PIQ,E4376,7,3,0.43
P23640,PN_PIQ,E4376,7,3,0.31
P23641,PN_PIQ,E4376,7,3,0.31
P23642,PN_PIQ,E4377,7,3,0.84
P23643,PN_PIQ,E4378,7,3,0.84
P23644,PN_PIQ,E4378,7,3,0.43
P23645,PN_PIQ,E4378,7,3,0.11
P23646,PN_PIQ,E4378,7,3,0.41
P23647,PN_PIQ,E4379,7,3,1.47
P23648,PN_PIQ,E4379,7,3,0.75
P23649,PN_PIQ,E4380,2,2,2.01
P23650,PN_PIQ,E4381,2,2,0.13
P23651,PN_PIQ,E4381,2,2,0.66
P23652,PN_PIQ,E4381,2,2,0.43
P23654,MA_ROTA,E4383,2,2,0.88
P23655,MA_ROTA,E4384,2,2,0.91
P23657,PN_PIQ,E4385,2,2,0.53
P23658,PN_PIQ,E4385,2,2,0.34
P23659,PN_PIQ,E4385,2,2,2.95
P23660,PN_PIQ,E4386,7,3,0.16
P23661,PN_PIQ,E4386,7,3,0.37
P23662,PN_PIQ,E4386,7,3,1.08
P23663,MA_ROTA,E4387,4,1,0.71
P23664,MA_ROTA,E4387,4,1,0.95
P23665,MA_ROTA,E4387,4,1,0.71
P23666,MA_ROTA,E4387,4,1,0.25
P23667,MA_ROTA,E4387,4,1,0.07
P23668,MA_ROTA,E4387,4,1,0.24
P23669,MA_ROTA,E4387,4,1,1.02
P23670,MA_ROTA,E4387,4,1,0.55
P23671,PN_PIQ,E4387,4,1,0.39
P23672,MA_ROTA,E4387,4,1,0.22
P23673,PN_PIQ,E4387,4,1,0.14
P23674,PN_PIQ,E4387,4,1,0.98
P23676,MA_ROTA,E4387,4,1,1.03
P23678,MA_ROTA,E4387,4,1,0.12
P23679,MA_ROTA,E4388,3,2,0.38
P23680,MA_ROTA,E4388,3,2,1.29
P23681,MA_ROTA,E4388,3,2,1.72
P23682,PN_PIQ,E4388,3,2,1.45
P23683,MA_ROTA,E4388,3,2,1.08
P23684,MA_ROTA,E4388,3,2,0.2
P23685,PN_PIQ,E4388,3,2,1.59
P23686,PN_PIQ,E4388,3,2,0.58
P23687,PN_PIQ,E4388,3,2,1.74
P23688,MA_ROTA,E4388,3,2,0.95
P23689,PN_PIQ,E4388,3,2,0.6
P23690,PN_PIQ,E4388,3,2,0.61
P23691,MA_ROTA,E4389,3,2,3.5
P23692,MA_ROTA,E4389,3,2,2.91
P23693,MA_ROTA,E4389,3,2,3.12
P23694,PN_PIQ,E4390,7,3,1.09
P23697,IG_PLA,E4391,6,1,1.08
P23698,PN_PIQ,E4392,4,1,0.56
P23699,PN_PIQ,E4392,4,1,0.28
P23700,MA_ROTA,E4393,2,2,0.47
P23701,PN_PIQ,E4393,2,2,1.16
P23702,MA_ROTA,E4393,2,2,0.47
P23703,PN_PIQ,E4394,7,3,0.84
P23704,PN_PIQ,E4394,7,3,0.4
P23705,PN_PIQ,E4395,7,3,1.55
P23706,PN_PIQ,E4395,7,3,1.4
P23707,PN_PIQ,E4395,7,3,0.53
P23708,PN_PIQ,E4395,7,3,4.79
P23709,PN_PIQ,E4395,7,3,1.29
P23710,PN_PIQ,E4395,7,3,0.86
P23711,PN_PIQ,E4395,7,3,0.45
P23712,PN_PIQ,E4396,7,3,0.2
P23713,PN_PIQ,E4397,7,3,0.59
P23714,PN_PIQ,E4397,7,3,0.41
P23715,PN_PIQ,E4397,7,3,2.28
P23716,PN_PIQ,E4398,7,3,10.27
P23717,PN_PIQ,E4399,7,3,0.56
P23718,PN_PIQ,E4400,4,1,3.08
P23719,MA_ROTA,E4401,2,2,1.51
P23720,MA_ROTA,E4401,2,2,0.88
P23721,MA_ROTA,E4402,3,2,2.04
P23722,MA_ROTA,E4402,3,2,6.71
P23723,MA_ROTA,E4402,3,2,3.0
P23724,MA_ROTA,E4403,3,2,1.8
P23726,MA_ROTA,E4403,3,2,0.94
P23728,PN_PIQ,E4404,7,3,0.45
P23729,PN_PIQ,E4404,7,3,0.17
P23730,PN_PIQ,E4404,7,3,0.6
P23731,PN_PIQ,E4404,7,3,0.19
P23732,PN_PIQ,E4404,7,3,0.06
P23733,PN_PIQ,E4404,7,3,0.15
P23734,PN_PIQ,E4404,7,3,0.91
P23735,PN_PIQ,E4404,7,3,0.26
P23736,PN_PIQ,E4405,3,2,0.23
P23737,MA_ROTA,E4405,3,2,1.08
P23738,MA_ROTA,E4405,3,2,1.8
P23739,MA_ROTA,E4405,3,2,1.72
P23740,PN_PIQ,E4405,3,2,0.23
P23741,MA_ROTA,E4405,3,2,0.48
P23742,MA_ROTA,E4405,3,2,1.98
P23743,MA_ROTA,E4405,3,2,0.35
P23744,PN_PIQ,E4405,3,2,0.27
P23745,MA_ROTA,E4405,3,2,0.36
P23746,MA_ROTA,E4405,3,2,1.87
P23747,PN_PIQ,E4406,3,2,1.79
P23748,PN_PIQ,E4407,4,1,0.96
P23749,PN_PIQ,E4407,4,1,0.81
P23750,PN_PIQ,E4407,4,1,1.17
P23751,PN_PIQ,E4407,4,1,2.25
P23755,PN_PIQ,E4407,4,1,0.18
P23756,MA_ROTA,E4408,3,2,0.1
P23757,MA_ROTA,E4408,3,2,0.64
P23758,MA_ROTA,E4408,3,2,0.96
P23759,MA_ROTA,E4408,3,2,2.34
P23760,MA_ROTA,E4408,3,2,0.48
P23761,MA_ROTA,E4408,3,2,2.3
P23762,MA_ROTA,E4408,3,2,0.51
P23763,PN_PIQ,E4408,3,2,0.14
P23765,MA_ROTA,E4410,2,2,1.0
P23766,MA_ROTA,E4410,2,2,0.38
P23767,MA_ROTA,E4410,2,2,0.33
P23768,MA_ROTA,E4410,2,2,0.24
P23769,MA_ROTA,E4410,2,2,0.49
P23770,MA_ROTA,E4410,2,2,0.48
P23771,PN_PIQ,E4411,7,3,0.36
P23772,PN_PIQ,E4412,7,3,0.59
P23773,PN_PIQ,E4412,7,3,0.51
P23774,PN_PIQ,E4412,7,3,0.42
P23775,PN_PIQ,E4412,7,3,0.46
P23776,PN_PIQ,E4413,7,3,0.81
P23777,PN_PIQ,E4413,7,3,1.43
P23778,PN_PIQ,E4414,7,3,0.32
P23779,PN_PIQ,E4414,7,3,0.9
P23780,PN_PIQ,E4415,7,3,1.07
P23782,MA_ROTA,E4416,4,1,3.75
P23783,MA_ROTA,E4416,4,1,2.53
P23784,PN_PIQ,E4416,4,1,3.27
P23785,PN_PIQ,E4417,4,1,1.3
P23786,PN_PIQ,E4417,4,1,0.56
P23787,PN_PIQ,E4417,4,1,1.23
P23788,PN_PIQ,E4417,4,1,0.8
P23789,PN_PIQ,E4417,4,1,0.32
P23790,PN_PIQ,E4418,4,1,1.08
P23791,PN_PIQ,E4419,4,1,0.8
P23792,PN_PIQ,E4420,6,1,4.93
P23793,PN_PIQ,E4420,6,1,3.7
P23794,PN_PIQ,E4420,6,1,9.45
P23795,MA_ROTA,E4421,1,2,1.25
P23796,MA_ROTA,E4421,1,2,1.79
P23797,MA_ROTA,E4421,1,2,2.47
P23798,PN_PIQ,E4421,1,2,0.75
P23799,MA_ROTA,E4421,1,2,2.34
P23800,MA_ROTA,E4421,1,2,1.08
P23801,PN_PIQ,E4421,1,2,0.1
P23802,PN_PIQ,E4422,3,2,0.75
P23803,PN_PIQ,E4422,3,2,0.46
P23804,PN_PIQ,E4422,3,2,0.96
P23805,PN_PIQ,E4423,7,3,0.27
P23806,PN_PIQ,E4423,7,3,0.18
P23807,PN_PIQ,E4423,7,3,0.4
P23808,PN_PIQ,E4423,7,3,0.37
P23809,PN_PIQ,E4423,7,3,0.41
P23810,PN_PIQ,E4423,7,3,0.17
P23811,PN_PIQ,E4423,7,3,0.26
P23812,PN_PIQ,E4424,2,2,1.35
P23813,PN_PIQ,E4424,2,2,0.42
P23814,PN_PIQ,E4424,2,2,0.76
P23815,PN_PIQ,E4425,7,3,1.33
P23816,PN_PIQ,E4425,7,3,0.27
P23817,PN_PIQ,E4426,1,2,0.37
P23818,PN_PIQ,E4426,1,2,0.39
P23819,PN_PIQ,E4426,1,2,0.17
P23820,MA_ROTA,E4426,1,2,0.22
P23821,PN_PIQ,E4426,1,2,0.34
P23822,PN_PIQ,E4426,1,2,0.44
P23823,PN_PIQ,E4426,1,2,0.33
P23824,PN_PIQ,E4426,1,2,0.85
P23825,PN_PIQ,E4426,1,2,0.06
P23826,PN_PIQ,E4426,1,2,0.28
P23827,PN_PIQ,E4426,1,2,0.3
P23828,PN_PIQ,E4427,2,2,0.15
P23829,PN_PIQ,E4427,2,2,0.41
P23830,PN_PIQ,E4427,2,2,0.53
P23831,MA_ROTA,E4427,2,2,0.1
P23832,PN_PIQ,E4427,2,2,0.8
P23833,MA_ROTA,E4427,2,2,0.43
P23834,PN_PIQ,E4427,2,2,0.18
P23835,MA_ROTA,E4427,2,2,0.25
P23836,PN_PIQ,E4428,7,3,0.91
P23837,PN_PIQ,E4428,7,3,0.41
P23838,PN_PIQ,E4429,7,3,0.26
P23839,PN_PIQ,E4429,7,3,1.42
P23840,PN_PIQ,E4429,7,3,0.83
P23841,PN_PIQ,E4430,4,1,1.71
P23842,MA_ROTA,E4430,4,1,1.88
P23843,PN_PIQ,E4431,4,1,2.99
P23844,PN_PIQ,E4431,4,1,0.6
P23845,PN_PIQ,E4431,4,1,0.94
P23846,PN_PIQ,E4432,7,3,0.69
P23847,PN_PIQ,E4432,7,3,0.28
P23848,AN_PA,E4433,5,1,1.04
P23849,AN_PA,E4433,5,1,0.6
P23850,AG,E4433,5,1,0.6
P23851,AN_PA,E4433,5,1,2.35
P23852,IG_PLA,E4433,5,1,1.58
P23854,AN_PA,E4433,5,1,1.09
P23855,IG_PLA,E4433,5,1,0.57
P23857,MA_ROTA,E4434,2,2,1.32
P23858,PN_PIQ,E4435,3,2,0.73
P23859,PN_PIQ,E4435,3,2,0.4
P23860,MA_ROTA,E4436,3,2,3.64
P23861,PN_PIQ,E4436,1,2,1.99
P23862,PN_PIQ,E4436,1,2,0.23
P23863,PN_PIQ,E4437,7,3,0.28
P23864,PN_PIQ,E4437,7,3,0.36
P23865,PN_PIQ,E4438,4,1,1.45
P23866,PN_PIQ,E4439,4,1,0.22
P23867,PN_PIQ,E4439,4,1,0.52
P23868,PN_PIQ,E4439,4,1,0.89
P23869,PN_PIQ,E4440,7,3,0.36
P23870,PN_PIQ,E4440,7,3,0.32
P23871,PN_PIQ,E4440,7,3,0.15
P23872,PN_PIQ,E4440,7,3,0.79
P23873,PN_PIQ,E4441,7,3,0.45
P23874,PN_PIQ,E4441,7,3,0.55
P23875,PN_PIQ,E4441,7,3,1.6
P23876,PN_PIQ,E4441,7,3,0.28
P23877,PN_PIQ,E4442,4,1,2.58
P23878,PN_PIQ,E4442,4,1,1.54
P23879,PN_PIQ,E4442,4,1,0.24
P23880,PN_PIQ,E4442,4,1,0.19
P23881,PN_PIQ,E4442,4,1,2.49
P23882,MA_ROTA,E4443,2,2,0.91
P23883,PN_PIQ,E4443,2,2,0.29
P23884,MA_ROTA,E4443,2,2,0.71
P23885,MA_ROTA,E4443,2,2,0.15
P23886,PN_PIQ,E4443,2,2,0.15
P23887,MA_ROTA,E4443,2,2,0.42
P23888,MA_ROTA,E4444,3,2,1.2
P23889,MA_ROTA,E4444,3,2,0.74
P23890,MA_ROTA,E4444,3,2,2.94
P23892,MA_ROTA,E4444,3,2,2.93
P23893,MA_ROTA,E4444,3,2,1.66
P23894,MA_ROTA,E4444,3,2,0.31
P23896,MA_ROTA,E4446,3,2,0.83
P23897,MA_ROTA,E4446,3,2,0.91
P23898,MA_ROTA,E4446,3,2,0.33
P23899,MA_ROTA,E4446,3,2,0.74
P23900,MA_ROTA,E4446,3,2,0.75
P23901,PN_PIQ,E4446,3,2,0.56
P23902,MA_ROTA,E4446,3,2,0.54
P23903,MA_ROTA,E4446,3,2,0.73
P23904,MA_ROTA,E4446,3,2,1.36
P23905,PN_PIQ,E4446,3,2,0.35
P23906,PN_PIQ,E4447,3,2,1.74
P23907,MA_ROTA,E4447,3,2,0.2
P23908,PN_PIQ,E4447,3,2,0.61
P23910,MA_ROTA,E4447,3,2,0.65
P23912,MA_ROTA,E4448,1,2,1.19
P23913,MA_ROTA,E4448,1,2,0.55
P23914,MA_ROTA,E4448,1,2,0.2
P23915,MA_ROTA,E4448,1,2,1.68
P23916,PN_PIQ,E4448,1,2,0.27
P23917,PN_PIQ,E4448,2,2,0.3
P23918,PN_PIQ,E4448,2,2,0.28
P23919,MA_ROTA,E4449,3,2,1.3
P23920,PN_PIQ,E4450,3,2,0.09
P23921,ME,E4450,3,2,0.38
P23922,PN_PIQ,E4450,3,2,1.45
P23923,PN_PIQ,E4451,7,3,0.52
P23924,PN_PIQ,E4451,7,3,0.53
P23925,PN_PIQ,E4451,7,3,0.26
P23926,PN_PIQ,E4452,7,3,1.79
P23927,MA_ROTA,E4453,2,2,0.7
P23928,MA_ROTA,E4453,2,2,0.85
P23929,MA_ROTA,E4453,2,2,0.43
P23930,MA_ROTA,E4454,2,2,1.9
P23931,TH,E4455,6,1,1.15
P23932,TH,E4455,6,1,0.54
P23933,TH,E4455,6,1,0.52
P23934,MA_ROTA,E4456,3,2,1.86
P23935,PN_PIQ,E4457,2,2,0.28
P23936,ME,E4457,2,2,0.28
P23937,MA_ROTA,E4457,2,2,0.19
P23938,MA_ROTA,E4457,2,2,0.18
P23939,PN_PIQ,E4458,4,1,1.17
P23940,PN_PIQ,E4458,4,1,1.61
P23941,PN_PIQ,E4458,4,1,2.44
P23942,PN_PIQ,E4459,4,1,0.58
P23943,PN_PIQ,E4459,4,1,1.05
P23944,PN_PIQ,E4459,4,1,1.07
P23945,MA_ROTA,E4459,4,1,0.57
P23946,MA_ROTA,E4459,4,1,0.38
P23947,PN_PIQ,E4459,4,1,0.16
P23948,MA_ROTA,E4459,4,1,0.1
P23949,MA_ROTA,E4460,2,2,0.34
P23950,MA_ROTA,E4460,2,2,1.01
P23951,MA_ROTA,E4460,2,2,0.21
P23952,MA_ROTA,E4460,2,2,0.68
P23953,PN_PIQ,E4460,2,2,0.15
P23954,PN_PIQ,E4461,7,3,3.29
P23955,PN_PIQ,E4461,7,3,1.3
P23956,PN_PIQ,E4461,7,3,1.7
P23957,PN_PIQ,E4461,7,3,1.47
P23958,PN_PIQ,E4461,7,3,0.46
P23959,PN_PIQ,E4461,7,3,0.27
P23960,PN_PIQ,E4462,4,1,0.21
P23961,PN_PIQ,E4462,4,1,3.49
P23963,PN_PIQ,E4463,7,3,0.23
P23964,MA_ROTA,E4464,3,2,0.47
P23965,MA_ROTA,E4464,3,2,0.5
P23966,PN_PIQ,E4464,3,2,0.38
P23967,MA_ROTA,E4464,3,2,0.71
P23968,PN_PIQ,E4465,4,1,1.75
P23969,PN_PIQ,E4466,7,3,1.02
P23970,MA_ROTA,E4467,5,1,0.41
P23971,MA_ROTA,E4467,5,1,0.66
P23972,MA_ROTA,E4467,5,1,0.95
P23973,MA_ROTA,E4467,5,1,0.91
P23974,MA_ROTA,E4467,5,1,0.68
P23975,PN_PIQ,E4468,4,1,0.7
P23976,MA_ROTA,E4469,2,2,1.31
P23977,MA_ROTA,E4469,2,2,2.44
P23978,PN_PIQ,E4469,2,2,0.32
P23979,PN_PIQ,E4469,2,2,1.22
P23980,PN_PIQ,E4470,4,1,0.59
P23981,MA_ROTA,E4470,4,1,0.73
P23982,MA_ROTA,E4470,4,1,0.13
P23985,PN_PIQ,E4470,4,1,0.61
P23986,MA_ROTA,E4470,4,1,0.43
P23987,MA_ROTA,E4470,4,1,0.07
P23988,PN_PIQ,E4470,4,1,0.23
P23989,MA_ROTA,E4470,4,1,0.13
P23990,MA_ROTA,E4470,4,1,0.66
P23991,MA_ROTA,E4470,4,1,0.06
P23992,MA_ROTA,E4470,4,1,0.19
P23993,PN_PIQ,E4470,4,1,0.08
P23994,PN_PIQ,E4471,2,2,1.09
P23995,MA_ROTA,E4471,2,2,0.55
P23996,PN_PIQ,E4472,4,1,2.16
P23997,PN_PIQ,E4472,4,1,2.16
P23998,PN_PIQ,E4472,4,1,0.69
P23999,PN_PIQ,E4472,4,1,1.24
P24000,PN_PIQ,E4472,4,1,1.75
P24001,PN_PIQ,E4472,4,1,2.56
P24002,PN_PIQ,E4472,4,1,4.24
P24003,PN_PIQ,E4472,4,1,7.29
P24004,PN_PIQ,E4472,4,1,0.64
P24005,AN_PA,E4473,6,1,1.55
P24007,AN_PA,E4473,6,1,0.79
P24008,BC_BT,E4473,5,1,0.68
P24010,MA_ROTA,E4474,4,1,0.71
P24011,MA_ROTA,E4474,4,1,0.25
P24012,PN_PIQ,E4474,4,1,0.32
P24013,ME,E4475,3,2,0.67
P24014,MA_ROTA,E4475,3,2,0.89
P24015,MA_ROTA,E4475,3,2,0.5
P24016,MA_ROTA,E4475,3,2,3.0
P24017,MA_ROTA,E4475,3,2,1.75
P24018,PN_PIQ,E4475,3,2,0.92
P24019,PN_PIQ,E4475,3,2,0.59
P24020,PN_PIQ,E4476,4,1,1.02
P24021,PN_PIQ,E4476,4,1,0.55
P24022,PN_PIQ,E4476,4,1,0.25
P24023,MA_ROTA,E4477,5,1,0.32
P24024,MA_ROTA,E4477,5,1,0.9
P24025,MA_ROTA,E4477,5,1,0.34
P24026,MA_ROTA,E4477,5,1,0.02
P24027,MA_ROTA,E4477,5,1,0.15
P24028,MA_ROTA,E4477,5,1,1.12
P24029,MA_ROTA,E4477,5,1,2.02
P24030,MA_ROTA,E4477,5,1,1.66
P24031,MA_ROTA,E4477,5,1,0.4
P24032,MA_ROTA,E4477,5,1,1.27
P24033,MA_ROTA,E4477,5,1,0.39
P24035,MA_ROTA,E4477,5,1,0.78
P24037,MA_ROTA,E4478,3,2,0.74
P24039,MA_ROTA,E4478,3,2,0.17
P24040,PN_PIQ,E4478,3,2,0.25
P24041,MA_ROTA,E4479,3,2,1.39
P24042,MA_ROTA,E4479,3,2,0.38
P24043,MA_ROTA,E4479,3,2,0.24
P24044,PN_PIQ,E4479,3,2,1.77
P24045,MA_ROTA,E4479,3,2,0.43
P24046,MA_ROTA,E4479,3,2,0.26
P24047,MA_ROTA,E4479,3,2,2.47
P24048,PN_PIQ,E4480,4,1,0.87
P24049,PN_PIQ,E4480,4,1,1.28
P24050,PN_PIQ,E4480,4,1,2.92
P24051,PN_PIQ,E4480,4,1,1.53
P24052,MA_ROTA,E4481,3,2,1.17
P24053,MA_ROTA,E4481,3,2,1.72
P24057,MA_ROTA,E4481,3,2,0.72
P24058,MA_ROTA,E4481,3,2,1.14
P24059,MA_ROTA,E4481,3,2,1.24
P24060,MA_ROTA,E4481,3,2,1.38
P24061,PN_PIQ,E4481,3,2,0.15
P24062,PN_PIQ,E4481,3,2,0.75
P24063,MA_ROTA,E4481,3,2,0.13
P24064,MA_ROTA,E4481,3,2,0.41
P24065,PN_PIQ,E4482,7,3,0.78
P24066,PN_PIQ,E4483,7,3,1.25
P24067,PN_PIQ,E4483,7,3,0.83
P24068,PN_PIQ,E4484,2,2,0.94
P24069,PN_PIQ,E4485,7,3,0.99
P24070,PN_PIQ,E4486,4,1,2.26
P24071,PN_PIQ,E4486,4,1,1.51
P24072,PN_PIQ,E4486,4,1,0.99
P24073,PN_PIQ,E4487,2,2,0.94
P24074,MA_ROTA,E4487,2,2,0.06
P24075,MA_ROTA,E4487,2,2,0.34
P24076,MA_ROTA,E4488,2,2,1.01
P24077,MA_ROTA,E4488,2,2,5.63
P24078,PN_PIQ,E4488,2,2,2.41
P24079,MA_ROTA,E4488,2,2,0.27
P24080,MA_ROTA,E4488,2,2,0.93
P24081,PN_PIQ,E4488,2,2,1.21
P24082,ME,E4488,2,2,0.62
P24083,MA_ROTA,E4488,3,2,6.43
P24084,MA_ROTA,E4489,3,2,1.81
P24085,MA_ROTA,E4489,3,2,1.42
P24087,MA_ROTA,E4489,3,2,0.55
P24088,PN_PIQ,E4489,3,2,0.81
P24089,MA_ROTA,E4489,3,2,0.52
P24090,MA_ROTA,E4489,3,2,1.04
P24091,PN_PIQ,E4490,4,1,2.67
P24092,MA_ROTA,E4490,4,1,1.37
P24093,MA_ROTA,E4490,4,1,4.23
P24094,PN_PIQ,E4490,4,1,1.51
P24095,PN_PIQ,E4491,3,2,0.29
P24096,PN_PIQ,E4491,3,2,0.24
P24097,PN_PIQ,E4491,3,2,0.57
P24098,PN_PIQ,E4491,3,2,0.58
P24099,PN_PIQ,E4492,7,3,0.22
P24100,PN_PIQ,E4492,7,3,0.62
P24101,PN_PIQ,E4492,7,3,0.1
P24102,PN_PIQ,E4492,7,3,0.61
P24103,PN_PIQ,E4492,7,3,0.19
P24104,PN_PIQ,E4492,7,3,0.16
P24105,PN_PIQ,E4493,7,3,1.32
P24106,PN_PIQ,E4493,7,3,0.58
P24107,PN_PIQ,E4493,7,3,0.16
P24108,PN_PIQ,E4493,7,3,0.61
P24109,PN_PIQ,E4493,7,3,0.96
P24110,PN_PIQ,E4493,7,3,0.31
P24111,PN_PIQ,E4493,7,3,0.48
P24112,PN_PIQ,E4494,7,3,0.42
P24113,PN_PIQ,E4494,7,3,0.53
P24114,PN_PIQ,E4495,3,2,0.45
P24115,MA_ROTA,E4495,3,2,0.19
P24116,PN_PIQ,E4496,2,2,8.26
P24117,PN_PIQ,E4497,3,2,1.22
P24118,PN_PIQ,E4497,3,2,0.3
P24119,PN_PIQ,E4497,3,2,0.22
P24120,PN_PIQ,E4497,3,2,2.86
P24121,MA_ROTA,E4498,2,2,0.81
P24122,PN_PIQ,E4498,2,2,0.58
P24123,MA_ROTA,E4498,2,2,4.59
P24124,PN_PIQ,E4498,2,2,3.89
P24125,MA_ROTA,E4498,2,2,0.37
P24126,MA_ROTA,E4499,3,2,1.8
P24127,MA_ROTA,E4499,3,2,0.65
P24128,ME,E4499,3,2,3.54
P24129,PN_PIQ,E4499,3,2,4.96
P24130,MA_ROTA,E4499,3,2,0.96
P24131,MA_ROTA,E4499,3,2,0.94
P24132,MA_ROTA,E4499,3,2,1.36
P24133,PN_PIQ,E4499,3,2,0.23
P24135,PN_PIQ,E4501,3,2,0.27
P24136,MA_ROTA,E4501,3,2,1.7
P24138,MA_ROTA,E4501,3,2,0.13
P24139,PN_PIQ,E4502,2,2,1.12
P24140,PN_PIQ,E4502,2,2,1.65
P24141,PN_PIQ,E4502,2,2,0.98
P24142,MA_ROTA,E4502,2,2,0.74
P24143,MA_ROTA,E4502,2,2,0.7
P24144,MA_ROTA,E4502,2,2,0.37
P24145,PN_PIQ,E4502,2,2,0.87
P24146,PN_PIQ,E4503,4,1,0.64
P24147,PN_PIQ,E4504,3,2,0.27
P24148,MA_ROTA,E4504,3,2,0.29
P24149,MA_ROTA,E4504,3,2,1.55
P24150,PN_PIQ,E4504,3,2,1.07
P24152,PN_PIQ,E4504,3,2,1.13
P24153,MA_ROTA,E4504,3,2,1.53
P24154,PN_PIQ,E4504,3,2,1.07
P24157,PN_PIQ,E4504,3,2,0.45
P24158,MA_ROTA,E4504,3,2,0.21
P24159,PN_PIQ,E4504,3,2,0.46
P24160,PN_PIQ,E4504,3,2,0.8
P24161,MA_ROTA,E4505,3,2,0.72
P24162,MA_ROTA,E4505,3,2,0.56
P24163,PN_PIQ,E4506,4,1,2.3
P24164,AN_PA,E4507,5,1,0.67
P24165,AG,E4507,5,1,2.64
P24166,PN_PIQ,E4508,4,1,0.17
P24170,PN_PIQ,E4508,4,1,0.14
P24171,PN_PIQ,E4508,4,1,0.88
P24172,PN_PIQ,E4509,2,2,1.06
P24173,MA_ROTA,E4510,2,2,0.05
P24174,PN_PIQ,E4510,2,2,0.46
P24175,MA_ROTA,E4510,2,2,0.09
P24176,MA_ROTA,E4510,2,2,0.78
P24177,PN_PIQ,E4510,2,2,0.49
P24178,PN_PIQ,E4511,3,2,2.55
P24179,MA_ROTA,E4511,3,2,3.33
P24180,MA_ROTA,E4511,3,2,3.03
P24181,PN_PIQ,E4512,7,3,6.47
P24182,PN_PIQ,E4512,7,3,3.58
P24183,PN_PIQ,E4512,7,3,1.07
P24184,PN_PIQ,E4512,7,3,3.23
P24185,PN_PIQ,E4512,7,3,0.75
P24186,MA_ROTA,E4513,4,1,0.44
P24187,PN_PIQ,E4513,4,1,0.72
P24188,MA_ROTA,E4513,4,1,0.68
P24189,PN_PIQ,E4513,4,1,0.16
P24190,MA_ROTA,E4513,4,1,0.24
P24191,MA_ROTA,E4513,4,1,1.02
P24192,PN_PIQ,E4513,4,1,0.75
P24193,MA_ROTA,E4513,4,1,2.19
P24194,MA_ROTA,E4513,4,1,0.19
P24195,PN_PIQ,E4513,4,1,0.87
P24196,MA_ROTA,E4513,4,1,0.26
P24197,PN_PIQ,E4513,4,1,0.58
P24198,MA_ROTA,E4513,4,1,1.34
P24199,MA_ROTA,E4513,4,1,0.6
P24201,PN_PIQ,E4514,1,2,1.61
P24202,PN_PIQ,E4514,1,2,2.29
P24203,PN_PIQ,E4515,2,2,0.3
P24204,PN_PIQ,E4515,2,2,0.35
P24205,PN_PIQ,E4515,2,2,5.68
P24206,PN_PIQ,E4515,2,2,1.12
P24207,PN_PIQ,E4515,2,2,0.51
P24208,PN_PIQ,E4515,2,2,0.45
P24209,MA_ROTA,E4516,3,2,0.44
P24210,MA_ROTA,E4516,3,2,0.64
P24211,MA_ROTA,E4516,3,2,1.67
P24212,MA_ROTA,E4516,3,2,0.4
P24213,PN_PIQ,E4516,3,2,0.14
P24214,PN_PIQ,E4516,3,2,1.64
P24215,PN_PIQ,E4516,3,2,1.16
P24216,PN_PIQ,E4516,3,2,1.99
P24217,MA_ROTA,E4517,2,2,1.04
P24218,MA_ROTA,E4517,2,2,4.01
P24219,PN_PIQ,E4517,2,2,0.58
P24220,PN_PIQ,E4517,2,2,1.68
P24221,MA_ROTA,E4517,2,2,0.53
P24223,ME,E4518,2,2,1.52
P24224,PN_PIQ,E4519,6,1,8.21
P24225,PN_PIQ,E4519,6,1,2.63
P24227,PN_PIQ,E4520,1,2,0.1
P24228,PN_PIQ,E4521,3,2,0.04
P24229,MA_ROTA,E4521,3,2,0.01
P24231,PN_PIQ,E4521,6,1,0.03
P24233,PN_PIQ,E4522,7,3,0.3
P24234,PN_PIQ,E4522,7,3,0.36
P24235,PN_PIQ,E4523,7,3,0.25
P24236,PN_PIQ,E4523,7,3,0.63
P24237,PN_PIQ,E4523,7,3,0.18
P24238,PN_PIQ,E4524,7,3,0.91
P24239,PN_PIQ,E4524,7,3,0.15
P24240,PN_PIQ,E4525,7,3,0.59
P24241,PN_PIQ,E4526,2,2,0.78
P24242,PN_PIQ,E4527,4,1,0.64
P24243,PN_PIQ,E4527,4,1,1.12
P24244,PN_PIQ,E4527,4,1,0.46
P24245,PN_PIQ,E4527,4,1,0.27
P24246,MA_ROTA,E4528,5,1,1.83
P24247,MA_ROTA,E4529,2,2,1.67
P24248,MA_ROTA,E4530,4,1,1.64
P24249,PN_PIQ,E4530,4,1,0.39
P24250,PN_PIQ,E4530,4,1,1.35
P24251,MA_ROTA,E4530,4,1,0.34
P24252,PN_PIQ,E4530,4,1,2.11
P24253,PN_PIQ,E4530,4,1,0.78
P24254,PN_PIQ,E4530,4,1,0.7
P24255,PN_PIQ,E4530,4,1,0.84
P24256,BC_BT,E4531,4,1,0.15
P24257,BC_BT,E4531,4,1,3.37
P24259,PN_PIQ,E4532,1,2,0.19
P24260,PN_PIQ,E4532,1,2,0.21
P24261,PN_PIQ,E4532,1,2,2.39
P24262,MA_ROTA,E4533,2,2,1.08
P24263,MA_ROTA,E4534,2,2,1.01
P24264,MA_ROTA,E4534,2,2,1.19
P24265,MA_ROTA,E4534,2,2,1.5
P24266,PN_PIQ,E4534,2,2,0.61
P24267,MA_ROTA,E4534,2,2,0.51
P24268,MA_ROTA,E4535,2,2,1.1
P24269,MA_ROTA,E4536,1,2,3.3
P24270,MA_ROTA,E4536,1,2,0.42
P24271,MA_ROTA,E4536,1,2,0.31
P24272,PN_PIQ,E4536,1,2,1.5
P24273,MA_ROTA,E4536,1,2,1.75
P24274,MA_ROTA,E4537,5,1,0.46
P24275,MA_ROTA,E4537,5,1,0.33
P24277,PN_PIQ,E4538,7,3,1.63
P24278,PN_PIQ,E4538,7,3,0.98
P24279,PN_PIQ,E4538,7,3,1.35
P24280,PN_PIQ,E4539,2,2,0.37
P24281,PN_PIQ,E4539,2,2,0.8
P24282,PN_PIQ,E4539,2,2,0.2
P24283,PN_PIQ,E4539,2,2,0.57
P24284,PN_PIQ,E4539,2,2,0.61
P24285,PN_PIQ,E4540,7,3,1.09
P24286,PN_PIQ,E4540,7,3,1.78
P24287,PN_PIQ,E4541,7,3,0.33
P24288,PN_PIQ,E4541,7,3,0.84
P24289,PN_PIQ,E4541,7,3,1.16
P24290,PN_PIQ,E4541,7,3,0.91
P24291,PN_PIQ,E4541,7,3,0.33
P24292,MA_ROTA,E4542,2,2,2.64
P24293,PN_PIQ,E4543,2,2,0.46
P24294,PN_PIQ,E4543,2,2,2.69
P24295,PN_PIQ,E4544,2,2,1.86
P24296,PN_PIQ,E4544,2,2,0.99
P24297,MA_ROTA,E4545,2,2,0.58
P24298,PN_PIQ,E4546,2,2,2.5
P24299,MA_ROTA,E4547,3,2,1.7
P24300,PN_PIQ,E4547,3,2,0.36
P24301,PN_PIQ,E4547,3,2,1.09
P24302,MA_ROTA,E4548,2,2,1.39
P24303,MA_ROTA,E4548,2,2,1.73
P24304,PN_PIQ,E4549,4,1,4.8
P24305,MA_ROTA,E4549,4,1,2.39
P24306,PN_PIQ,E4550,4,1,0.81
P24307,PN_PIQ,E4550,4,1,0.84
P24308,PN_PIQ,E4550,4,1,0.27
P24309,PN_PIQ,E4551,4,1,0.69
P24310,PN_PIQ,E4551,4,1,1.44
P24311,PN_PIQ,E4551,4,1,1.61
P24312,PN_PIQ,E4552,7,3,0.16
P24313,PN_PIQ,E4552,7,3,0.44
P24314,PN_PIQ,E4552,7,3,0.09
P24315,PN_PIQ,E4553,7,3,0.64
P24316,PN_PIQ,E4553,7,3,1.6
P24317,PN_PIQ,E4553,7,3,1.77
P24318,PN_PIQ,E4553,7,3,0.56
P24319,PN_PIQ,E4553,7,3,0.79
P24322,PN_PIQ,E4555,4,1,0.28
P24323,PN_PIQ,E4555,4,1,1.06
P24325,PN_PIQ,E4557,3,2,0.15
P24326,PN_PIQ,E4557,3,2,1.19
P24327,MA_ROTA,E4557,3,2,0.82
P24328,PN_PIQ,E4558,1,2,0.25
P24329,MA_ROTA,E4559,3,2,1.82
P24330,MA_ROTA,E4559,3,2,1.62
P24331,PN_PIQ,E4560,7,3,0.68
P24332,PN_PIQ,E4560,7,3,0.08
P24333,PN_PIQ,E4560,7,3,0.35
P24334,PN_PIQ,E4560,7,3,0.91
P24335,PN_PIQ,E4560,7,3,1.82
P24336,PN_PIQ,E4560,7,3,0.19
P24337,PN_PIQ,E4560,7,3,0.13
P24338,PN_PIQ,E4561,1,2,1.94
P24339,PN_PIQ,E4561,1,2,1.54
P24340,PN_PIQ,E4562,7,3,1.62
P24341,MA_ROTA,E4563,1,2,9.88
P24342,MA_ROTA,E4564,3,2,3.37
P24343,PN_PIQ,E4565,2,2,3.81
P24344,ME,E4566,3,2,0.72
P24345,MA_ROTA,E4566,3,2,0.26
P24346,MA_ROTA,E4566,3,2,0.29
P24347,PN_PIQ,E4566,3,2,0.61
P24348,PN_PIQ,E4566,3,2,0.15
P24349,MA_ROTA,E4566,3,2,0.85
P24350,MA_ROTA,E4566,3,2,0.44
P24351,MA_ROTA,E4566,3,2,0.58
P24352,ME,E4566,3,2,0.26
P24353,MA_ROTA,E4566,3,2,0.37
P24354,MA_ROTA,E4566,3,2,1.23
P24355,MA_ROTA,E4566,3,2,0.43
P24356,MA_ROTA,E4566,3,2,1.63
P24357,MA_ROTA,E4566,3,2,1.37
P24358,PN_PIQ,E4567,7,3,0.6
P24359,PN_PIQ,E4567,7,3,0.7
P24360,PN_PIQ,E4567,7,3,0.95
P24361,MA_ROTA,E4568,5,1,0.97
P24362,MA_ROTA,E4568,5,1,0.74
P24363,MA_ROTA,E4568,5,1,0.24
P24364,MA_ROTA,E4568,5,1,0.66
P24365,MA_ROTA,E4569,3,2,7.48
P24366,MA_ROTA,E4569,3,2,4.0
P24367,MA_ROTA,E4569,3,2,3.84
P24368,MA_ROTA,E4569,3,2,5.76
P24369,PN_PIQ,E4569,3,2,3.42
P24370,MA_ROTA,E4569,3,2,2.77
P24371,MA_ROTA,E4570,3,2,0.6
P24374,PN_PIQ,E4570,3,2,0.69
P24376,MA_ROTA,E4570,3,2,1.31
P24377,MA_ROTA,E4570,3,2,1.65
P24378,MA_ROTA,E4570,3,2,1.11
P24379,ME,E4570,3,2,1.22
P24380,PN_PIQ,E4570,3,2,0.33
P24383,MA_ROTA,E4570,3,2,0.19
P24384,MA_ROTA,E4571,5,1,0.25
P24385,MA_ROTA,E4571,5,1,0.3
P24386,PN_PIQ,E4571,4,1,0.5
P24387,PN_PIQ,E4572,3,2,0.93
P24388,MA_ROTA,E4573,3,2,0.09
P24389,PN_PIQ,E4573,3,2,1.61
P24391,MA_ROTA,E4573,3,2,0.45
P24392,PN_PIQ,E4573,3,2,0.69
P24393,MA_ROTA,E4573,3,2,1.19
P24394,MA_ROTA,E4573,3,2,0.34
P24395,MA_ROTA,E4573,3,2,1.17
P24396,MA_ROTA,E4573,3,2,1.31
P24397,MA_ROTA,E4573,3,2,0.9
P24400,MA_ROTA,E4573,3,2,0.11
P24402,MA_ROTA,E4574,3,2,2.28
P24403,PN_PIQ,E4575,4,1,1.92
P24404,PN_PIQ,E4576,7,3,1.0
P24405,PN_PIQ,E4577,6,1,0.25
P24407,PN_PIQ,E4577,6,1,0.1
P24409,PN_PIQ,E4577,6,1,0.86
P24410,PN_PIQ,E4578,7,3,1.5
P24411,PN_PIQ,E4578,7,3,0.56
P24412,PN_PIQ,E4578,7,3,0.53
P24413,PN_PIQ,E4578,7,3,0.23
P24414,PN_PIQ,E4578,7,3,1.4
P24415,MA_ROTA,E4579,3,2,2.13
P24417,MA_ROTA,E4579,3,2,0.12
P24418,ME,E4579,3,2,1.62
P24419,PN_PIQ,E4579,3,2,0.67
P24420,ME,E4579,3,2,1.41
P24421,MA_ROTA,E4579,3,2,0.82
P24422,AG,E4580,4,1,4.84
P24423,IG_PLA,E4580,4,1,1.89
P24424,IG_PLA,E4580,4,1,0.3
P24425,BC_BT,E4580,4,1,0.75
P24426,PN_PIQ,E4581,7,3,0.7
P24427,PN_PIQ,E4581,7,3,0.45
P24428,MA_ROTA,E4582,3,2,2.48
P24430,PN_PIQ,E4583,4,1,1.47
P24431,PN_PIQ,E4584,7,3,0.51
P24432,PN_PIQ,E4584,7,3,0.15
P24433,PN_PIQ,E4585,3,2,2.23
P24434,PN_PIQ,E4586,4,1,0.44
P24435,PN_PIQ,E4586,4,1,1.06
P24436,PN_PIQ,E4586,4,1,0.13
P24437,PN_PIQ,E4586,4,1,0.51
P24438,PN_PIQ,E4587,4,1,1.0
P24439,PN_PIQ,E4587,4,1,0.69
P24441,MA_ROTA,E4588,3,2,0.58
P24442,MA_ROTA,E4588,3,2,1.91
P24443,MA_ROTA,E4588,3,2,1.53
P24444,MA_ROTA,E4588,3,2,0.55
P24445,MA_ROTA,E4588,3,2,1.68
P24446,MA_ROTA,E4588,3,2,1.17
P24447,PN_PIQ,E4589,6,1,0.8
P24448,PN_PIQ,E4589,6,1,1.04
P24449,PN_PIQ,E4589,6,1,0.9
P24450,PN_PIQ,E4589,6,1,0.92
P24451,PN_PIQ,E4589,6,1,0.71
P24452,PN_PIQ,E4589,6,1,1.14
P24453,PN_PIQ,E4589,6,1,0.49
P24454,PN_PIQ,E4590,7,3,1.67
P24455,PN_PIQ,E4590,7,3,0.75
P24456,PN_PIQ,E4590,7,3,0.3
P24457,PN_PIQ,E4590,7,3,0.34
P24458,PN_PIQ,E4590,7,3,0.29
P24460,PN_PIQ,E4591,1,2,0.92
P24461,MA_ROTA,E4591,1,2,0.83
P24462,PN_PIQ,E4591,1,2,0.27
P24463,PN_PIQ,E4591,1,2,1.15
P24464,MA_ROTA,E4591,1,2,0.03
P24465,PN_PIQ,E4591,1,2,0.69
P24466,MA_ROTA,E4591,1,2,0.13
P24467,MA_ROTA,E4591,1,2,0.82
P24468,PN_PIQ,E4591,1,2,0.07
P24469,MA_ROTA,E4591,1,2,0.02
P24470,MA_ROTA,E4591,1,2,0.65
P24471,MA_ROTA,E4591,1,2,0.88
P24472,MA_ROTA,E4591,1,2,0.06
P24473,PN_PIQ,E4591,1,2,0.08
P24474,MA_ROTA,E4591,1,2,0.22
P24475,PN_PIQ,E4592,7,3,0.47
P24476,PN_PIQ,E4592,7,3,0.16
P24477,PN_PIQ,E4592,7,3,0.26
P24478,PN_PIQ,E4592,7,3,0.3
P24481,MA_ROTA,E4593,2,2,0.2
P24482,MA_ROTA,E4594,2,2,0.8
P24483,PN_PIQ,E4594,2,2,1.09
P24484,PN_PIQ,E4594,2,2,0.28
P24485,MA_ROTA,E4594,2,2,0.44
P24486,MA_ROTA,E4595,3,2,2.75
P24487,MA_ROTA,E4595,3,2,1.56
P24488,PN_PIQ,E4595,3,2,1.74
P24489,MA_ROTA,E4595,3,2,0.7
P24490,PN_PIQ,E4595,3,2,0.78
P24491,PN_PIQ,E4596,3,2,0.14
P24492,MA_ROTA,E4596,3,2,1.25
P24493,MA_ROTA,E4596,3,2,1.26
P24495,MA_ROTA,E4596,3,2,0.44
P24497,MA_ROTA,E4596,3,2,0.66
P24498,MA_ROTA,E4596,3,2,0.86
P24500,PN_PIQ,E4596,3,2,0.56
P24501,MA_ROTA,E4596,3,2,1.18
P24502,PN_PIQ,E4596,3,2,0.32
P24504,PN_PIQ,E4597,7,3,0.74
P24505,ME,E4598,2,2,0.75
P24506,PN_PIQ,E4598,2,2,0.42
P24507,PN_PIQ,E4598,2,2,0.23
P24508,MA_ROTA,E4598,2,2,0.16
P24509,MA_ROTA,E4598,2,2,0.43
P24510,MA_ROTA,E4598,2,2,0.4
P24511,MA_ROTA,E4598,2,2,0.8
P24512,PN_PIQ,E4599,7,3,0.98
P24513,PN_PIQ,E4599,7,3,0.38
P24514,PN_PIQ,E4600,7,3,0.76
P24516,PN_PIQ,E4600,7,3,0.36
P24517,PN_PIQ,E4601,7,3,1.02
P24518,PN_PIQ,E4601,7,3,1.75
P24519,PN_PIQ,E4602,7,3,0.33
P24520,PN_PIQ,E4602,7,3,0.18
P24521,PN_PIQ,E4602,7,3,0.56
P24522,PN_PIQ,E4602,7,3,0.27
P24523,PN_PIQ,E4603,4,1,0.17
P24524,PN_PIQ,E4603,4,1,0.19
P24525,PN_PIQ,E4603,4,1,0.51
P24526,PN_PIQ,E4604,3,2,0.87
P24527,PN_PIQ,E4604,3,2,0.29
P24528,MA_ROTA,E4604,3,2,0.82
P24529,PN_PIQ,E4604,3,2,0.68
P24530,PN_PIQ,E4604,3,2,0.1
P24531,PN_PIQ,E4604,3,2,0.68
P24532,MA_ROTA,E4604,3,2,1.6
P24533,MA_ROTA,E4604,3,2,0.41
P24534,PN_PIQ,E4604,3,2,0.1
P24535,MA_ROTA,E4605,5,1,1.28
P24536,MA_ROTA,E4605,5,1,0.73
P24537,MA_ROTA,E4606,2,2,2.22
P24538,MA_ROTA,E4606,2,2,2.64
P24539,MA_ROTA,E4606,2,2,3.21
P24540,AN_PA,E4607,5,1,0.49
P24541,AN_PA,E4607,5,1,1.01
P24542,MA_ROTA,E4607,5,1,1.85
P24543,MA_ROTA,E4607,5,1,2.45
P24544,MA_ROTA,E4607,5,1,2.03
P24545,MA_ROTA,E4607,5,1,2.85
P24546,AN_PA,E4607,5,1,0.56
P24547,AN_PA,E4607,5,1,0.47
P24548,AN_PA,E4607,5,1,0.7
P24549,AN_PA,E4607,5,1,0.88
P24552,IG_PLA,E4607,5,1,0.16
P24553,AN_PA,E4607,5,1,0.96
P24554,MA_ROTA,E4608,3,2,1.75
P24555,PN_PIQ,E4609,4,1,0.67
P24556,PN_PIQ,E4609,4,1,0.73
P24557,PN_PIQ,E4609,4,1,1.02
P24558,PN_PIQ,E4609,4,1,0.97
P24559,PN_PIQ,E4609,4,1,0.66
P24560,PN_PIQ,E4609,4,1,0.71
P24561,PN_PIQ,E4609,4,1,1.07
P24562,PN_PIQ,E4609,4,1,0.18
P24563,PN_PIQ,E4609,4,1,0.84
P24564,PN_PIQ,E4609,4,1,0.08
P24565,PN_PIQ,E4609,4,1,0.15
P24566,PN_PIQ,E4609,4,1,0.39
P24567,PN_PIQ,E4609,4,1,1.75
P24568,PN_PIQ,E4609,4,1,0.8
P24569,PN_PIQ,E4609,4,1,0.7
P24570,PN_PIQ,E4609,4,1,0.78
P24571,PN_PIQ,E4609,4,1,0.48
P24572,PN_PIQ,E4609,4,1,0.15
P24573,PN_PIQ,E4609,4,1,1.28
P24574,PN_PIQ,E4609,4,1,0.8
P24575,PN_PIQ,E4609,4,1,0.24
P24576,PN_PIQ,E4610,2,2,2.12
P24577,MA_ROTA,E4610,2,2,1.43
P24578,MA_ROTA,E4610,2,2,1.42
P24579,MA_ROTA,E4611,3,2,0.5
P24580,ME,E4611,3,2,2.34
P24581,MA_ROTA,E4611,3,2,0.1
P24582,MA_ROTA,E4611,3,2,2.67
P24583,PN_PIQ,E4611,3,2,0.16
P24584,PN_PIQ,E4611,3,2,0.49
P24585,MA_ROTA,E4611,3,2,1.3
P24586,PN_PIQ,E4611,3,2,0.54
P24587,MA_ROTA,E4611,3,2,0.81
P24588,MA_ROTA,E4611,3,2,0.08
P24589,MA_ROTA,E4611,3,2,0.82
P24590,MA_ROTA,E4611,3,2,1.81
P24592,MA_ROTA,E4611,3,2,1.23
P24593,MA_ROTA,E4611,3,2,1.03
P24595,PN_PIQ,E4612,4,1,0.94
P24596,MA_ROTA,E4613,4,1,6.55
P24597,MA_ROTA,E4613,4,1,0.9
P24598,MA_ROTA,E4613,4,1,0.45
P24600,MA_ROTA,E4615,3,2,1.17
P24603,TH,E4617,6,1,0.54
P24604,TH,E4617,6,1,0.44
P24605,TH,E4617,6,1,1.12
P24606,TH,E4617,6,1,1.22
P24607,AN_PA,E4617,6,1,1.11
P24608,AN_PA,E4617,6,1,0.25
P24609,PN_PIQ,E4618,4,1,0.55
P24610,PN_PIQ,E4618,4,1,0.29
P24611,PN_PIQ,E4618,4,1,0.16
P24612,PN_PIQ,E4618,4,1,1.27
P24613,PN_PIQ,E4619,3,2,2.41
P24614,MA_ROTA,E4619,3,2,2.49
P24615,PN_PIQ,E4619,3,2,10.58
P24616,ME,E4619,3,2,3.31
P24617,AG,E4620,5,1,2.96
P24618,MA_ROTA,E4621,2,2,0.73
P24619,PN_PIQ,E4621,2,2,2.36
P24620,PN_PIQ,E4621,4,1,4.75
P24621,PN_PIQ,E4621,4,1,1.23
P24623,PN_PIQ,E4623,7,3,0.68
P24624,PN_PIQ,E4624,7,3,1.0
P24625,PN_PIQ,E4624,7,3,0.23
P24626,PN_PIQ,E4624,7,3,0.5
P24627,PN_PIQ,E4624,7,3,0.51
P24629,PN_PIQ,E4624,7,3,3.51
P24630,PN_PIQ,E4625,2,2,1.34
P24631,MA_ROTA,E4625,2,2,0.44
P24633,PN_PIQ,E4627,7,3,0.5
P24634,PN_PIQ,E4627,7,3,0.1
P24635,PN_PIQ,E4627,7,3,3.19
P24636,PN_PIQ,E4627,7,3,0.72
P24637,PN_PIQ,E4627,7,3,1.61
P24638,PN_PIQ,E4627,7,3,1.17
P24639,MA_ROTA,E4628,2,2,1.52
P24640,MA_ROTA,E4628,2,2,0.34
P24641,PN_PIQ,E4628,2,2,0.77
P24642,MA_ROTA,E4629,2,2,0.82
P24643,PN_PIQ,E4629,2,2,0.47
P24644,PN_PIQ,E4629,2,2,0.11
P24645,PN_PIQ,E4629,2,2,0.49
P24646,PN_PIQ,E4629,2,2,0.26
P24647,PN_PIQ,E4629,2,2,0.27
P24649,PN_PIQ,E4629,2,2,0.58
P24650,MA_ROTA,E4629,2,2,0.6
P24651,PN_PIQ,E4629,2,2,1.27
P24652,PN_PIQ,E4630,4,1,0.46
P24653,PN_PIQ,E4630,4,1,0.52
P24654,PN_PIQ,E4631,4,1,0.56
P24655,PN_PIQ,E4631,4,1,0.5
P24656,PN_PIQ,E4631,4,1,0.51
P24657,PN_PIQ,E4631,4,1,0.49
P24658,MA_ROTA,E4632,1,2,5.0
P24659,MA_ROTA,E4632,1,2,1.87
P24660,PN_PIQ,E4632,1,2,0.92
P24661,MA_ROTA,E4633,2,2,1.38
P24662,MA_ROTA,E4633,2,2,0.5
P24663,MA_ROTA,E4633,2,2,2.04
P24664,MA_ROTA,E4633,2,2,0.99
P24665,MA_ROTA,E4633,2,2,0.6
P24666,MA_ROTA,E4633,2,2,1.24
P24667,MA_ROTA,E4634,4,1,0.55
P24668,MA_ROTA,E4634,4,1,0.51
P24670,MA_ROTA,E4634,5,1,0.83
P24671,MA_ROTA,E4634,5,1,0.65
P24673,MA_ROTA,E4634,5,1,0.56
P24674,MA_ROTA,E4634,5,1,0.82
P24675,MA_ROTA,E4634,5,1,1.08
P24676,PN_PIQ,E4634,4,1,1.17
P24677,MA_ROTA,E4634,4,1,0.19
P24678,MA_ROTA,E4634,5,1,0.35
P24679,PN_PIQ,E4634,4,1,1.5
P24680,MA_ROTA,E4634,4,1,1.25
P24681,PN_PIQ,E4634,4,1,1.07
P24682,MA_ROTA,E4634,4,1,1.82
P24683,PN_PIQ,E4634,4,1,0.27
P24684,PN_PIQ,E4634,4,1,0.45
P24685,PN_PIQ,E4634,4,1,0.79
P24686,PN_PIQ,E4634,4,1,0.75
P24687,PN_PIQ,E4635,4,1,4.53
P24688,PN_PIQ,E4635,4,1,0.25
P24689,PN_PIQ,E4635,4,1,0.63
P24690,PN_PIQ,E4635,4,1,1.46
P24691,PN_PIQ,E4635,4,1,0.64
P24692,PN_PIQ,E4635,4,1,0.92
P24693,PN_PIQ,E4635,4,1,1.63
P24694,PN_PIQ,E4635,4,1,4.56
P24696,PN_PIQ,E4636,1,2,0.59
P24697,MA_ROTA,E4636,1,2,1.71
P24698,PN_PIQ,E4636,1,2,2.44
P24699,MA_ROTA,E4636,1,2,0.5
P24700,PN_PIQ,E4636,1,2,2.8
P24701,PN_PIQ,E4636,1,2,0.09
P24702,TH,E4637,5,1,1.99
P24703,TH,E4637,5,1,0.46
P24704,TH,E4637,5,1,2.74
P24705,TH,E4637,5,1,4.1
P24706,AN_PA,E4637,5,1,1.21
P24707,TH,E4637,5,1,1.94
P24708,TH,E4637,5,1,0.3
P24709,AN_PA,E4637,5,1,1.27
P24710,AN_PA,E4637,5,1,0.3
P24711,TH,E4637,5,1,0.38
P24712,TH,E4637,5,1,3.04
P24713,TH,E4637,5,1,1.69
P24714,TH,E4637,5,1,2.82
P24715,TH,E4637,5,1,0.8
P24716,TH,E4637,5,1,1.85
P24717,TH,E4637,5,1,0.38
P24718,TH,E4637,5,1,1.12
P24719,TH,E4637,5,1,2.82
P24720,TH,E4637,5,1,0.23
P24721,TH,E4637,5,1,3.29
P24723,TH,E4637,5,1,0.82
P24726,AN_PA,E4637,5,1,1.47
P24727,TH,E4637,5,1,1.53
P24728,TH,E4637,5,1,0.76
P24729,PN_PIQ,E4637,3,2,0.54
P24730,PN_PIQ,E4638,7,3,1.32
P24731,PN_PIQ,E4638,7,3,5.39
P24732,PN_PIQ,E4638,7,3,0.53
P24733,PN_PIQ,E4638,7,3,0.43
P24734,PN_PIQ,E4638,7,3,0.48
