farm,observed_ha,simulated_ha,abs_deviation_ha,pad_pct,within_threshold
E1,8.34,6.98,1.3599999999999994,16.306954436450834,True
E10,9.7,9.700000000000001,1.9399999999999997,20.0,True
E100,14.169999999999998,14.17,28.34,200.00000000000003,False
E1000,7.7700000000000005,6.65,1.12,14.414414414414415,True
E1001,1.46,1.46,1.2999999999999998,89.04109589041094,False
E1002,12.41,12.25,2.9999999999999996,24.174053182916996,False
E1003,4.92,1.83,3.0900000000000003,62.8048780487805,False
E1004,2.98,2.98,4.88,163.75838926174498,False
E1005,6.4,3.49,2.9100000000000006,45.46875000000001,False
E1006,5.03,2.02,3.0100000000000002,59.84095427435388,False
E1007,5.83,5.83,10.14,173.92795883361921,False
E1008,6.199999999999999,5.39,0.8099999999999996,13.064516129032253,True
E1009,1.9300000000000002,1.9300000000000002,0.54,27.97927461139896,False
E101,11.11,11.11,1.7799999999999994,16.021602160216016,True
E1010,5.67,5.67,8.32,146.73721340388008,False
E1011,2.7800000000000002,2.7800000000000002,4.32,155.3956834532374,False
E1012,910.99,829.12,117.53000000000004,12.90134908176819,True
E1013,5.43,5.43,0.5199999999999998,9.576427255985264,True
E1014,0.28,0.28,0.56,200.0,False
E1015,11.54,11.540000000000001,1.060000000000001,9.185441941074533,True
E1016,5.9,3.06,2.84,48.13559322033898,False
E1017,8.159999999999998,8.16,6.82,83.57843137254903,False
E1018,6.73,5.36,3.5300000000000002,52.451708766716195,False
E1019,10.53,9.44,1.0899999999999999,10.351377018043683,True
E102,2.13,2.13,4.26,200.0,False
E1020,13.29,13.290000000000001,11.72,88.18660647103086,False
E1021,3.13,3.13,6.26,200.0,False
E1022,1.61,1.61,0.5,31.05590062111801,False
E1023,6.3500000000000005,6.3500000000000005,0.0,0.0,True
E1024,6.86,6.859999999999999,13.2,192.41982507288628,False
E1025,2.63,2.63,5.26,200.0,False
E1026,7.03,7.030000000000001,6.36,90.46941678520625,False
E1027,17.04,15.020000000000001,2.0199999999999996,11.85446009389671,True
E1028,2.72,2.7199999999999998,2.6599999999999997,97.7941176470588,False
E1029,7.08,7.08,5.220000000000001,73.72881355932205,False
E103,4.3100000000000005,3.73,0.5800000000000001,13.45707656612529,True
E1030,0.85,0.85,1.7,200.0,False
E1031,8.92,7.98,3.9399999999999995,44.17040358744394,False
E1032,2.02,2.02,0.0,0.0,True
E1033,2.73,2.7300000000000004,1.0999999999999999,40.293040293040285,False
E1034,7.86,7.86,15.72,200.0,False
E1035,7.72,6.43,1.8899999999999995,24.481865284974088,False
E1036,206.32000000000002,206.32000000000002,16.720000000000002,8.103916246607213,True
E1037,6.4,6.4,5.24,81.875,False
E1038,6.68,6.680000000000001,3.2399999999999993,48.50299401197604,False
E1039,7.65,6.82,0.8300000000000001,10.849673202614378,True
E104,12.66,12.66,2.3000000000000007,18.167456556082154,True
E1040,6.65,6.65,1.2400000000000002,18.646616541353385,True
E1041,11.64,7.62,12.76,109.62199312714776,False
E1042,11.29,11.29,0.5,4.428697962798937,True
E1043,7.79,5.949999999999999,3.000000000000001,38.51091142490374,False
E1044,2.14,2.14,0.0,0.0,True
E1045,6.58,6.58,0.7,10.638297872340425,True
E1046,0.98,0.98,1.96,200.0,False
E1047,9.68,9.68,0.92,9.50413223140496,True
E1048,7.56,5.91,12.73,168.3862433862434,False
E1049,1.9300000000000002,1.9300000000000002,0.0,0.0,True
E105,14.18,14.18,9.079999999999998,64.03385049365302,False
E1050,7.779999999999999,7.779999999999999,9.979999999999999,128.2776349614396,False
E1051,1.3399999999999999,1.3399999999999999,1.02,76.11940298507463,False
E1052,2.2600000000000002,2.2600000000000002,1.8800000000000001,83.18584070796459,False
E1053,15.950000000000001,13.83,2.1200000000000006,13.291536050156742,True
E1054,68.12,56.44,105.97999999999999,155.57839107457426,False
E1055,21.98,19.78,2.1999999999999993,10.009099181073701,True
E1056,2.73,2.73,1.58,57.875457875457876,False
E1057,8.06,8.059999999999999,16.119999999999997,199.99999999999997,False
E1058,7.6499999999999995,7.65,0.8000000000000003,10.457516339869285,True
E1059,3.2899999999999996,3.29,2.22,67.47720364741643,False
E106,7.8100000000000005,3.04,4.77,61.075544174135715,False
E1060,13.61,13.61,1.18,8.67009551800147,True
E1061,3.3699999999999997,3.37,0.6200000000000006,18.397626112759664,True
E1062,3.85,3.85,2.54,65.97402597402598,False
E1063,1.56,1.3,0.26,16.666666666666668,True
E1064,3.93,3.93,7.86,200.0,False
E1065,8.71,8.07,0.6400000000000001,7.347876004592424,True
E1066,2.58,2.5799999999999996,0.6400000000000003,24.80620155038761,False
E1067,7.37,6.08,1.7700000000000002,24.016282225237454,False
E1068,9.46,9.46,1.74,18.393234672304438,True
E1069,2.66,2.66,1.8000000000000003,67.66917293233084,False
E107,5.06,5.06,0.3000000000000004,5.92885375494072,True
E1070,7.85,7.85,15.7,200.0,False
E1071,3.32,3.32,3.5,105.42168674698796,False
E1072,3.45,3.45,0.43999999999999995,12.753623188405795,True
E1073,7.53,7.53,1.2599999999999998,16.73306772908366,True
E1074,1.9900000000000002,1.07,0.92,46.23115577889447,False
E1075,4.2700000000000005,4.27,3.1200000000000006,73.06791569086651,False
E1076,1.78,1.78,1.6,89.8876404494382,False
E1077,3.97,3.9699999999999998,1.9400000000000004,48.866498740554164,False
E1078,3.48,3.48,1.1,31.609195402298855,False
E1079,10.19,10.19,0.9199999999999999,9.028459273797841,True
E108,6.65,6.6499999999999995,0.8799999999999992,13.233082706766906,True
E1080,3.0,3.0,0.3600000000000001,12.000000000000002,True
E1081,3.08,3.08,1.8399999999999999,59.74025974025974,False
E1082,7.6899999999999995,5.01,2.6799999999999997,34.850455136540965,False
E1083,8.579999999999998,8.58,0.7000000000000006,8.158508158508166,True
E1084,3.2800000000000002,3.2800000000000002,0.6000000000000003,18.292682926829276,True
E1085,5.48,5.48,0.94,17.153284671532845,True
E1086,1.53,1.53,0.6600000000000001,43.137254901960794,False
E1087,7.1899999999999995,6.989999999999999,0.19999999999999996,2.7816411682892905,True
E1088,3.0,2.52,0.4800000000000002,16.000000000000007,True
E1089,5.55,3.9499999999999997,1.6,28.82882882882883,False
E109,9.02,9.02,2.92,32.37250554323725,False
E1090,1.45,1.45,2.9,200.0,False
E1091,4.029999999999999,3.85,0.5199999999999996,12.903225806451605,True
E1092,4.9399999999999995,2.41,2.53,51.21457489878542,False
E1093,8.01,6.99,3.160000000000001,39.45068664169789,False
E1094,1.59,1.59,1.98,124.52830188679245,False
E1095,1.85,1.85,3.7,200.0,False
E1096,6.29,5.63,0.6600000000000001,10.492845786963436,True
E1097,2.4699999999999998,2.4699999999999998,2.06,83.4008097165992,False
E1098,4.53,4.53,0.4400000000000004,9.713024282560715,True
E1099,1.77,1.77,3.54,200.0,False
E11,11.48,10.23,1.25,10.888501742160278,True
E110,8.92,8.92,1.1599999999999993,13.004484304932728,True
E1100,13.0,1.42,11.58,89.07692307692308,False
E1101,2.42,0.89,1.5299999999999998,63.22314049586776,False
E1102,2.09,2.09,1.02,48.803827751196174,False
E1103,4.28,4.279999999999999,1.8999999999999997,44.392523364485974,False
E1104,2.44,2.44,1.58,64.75409836065575,False
E1105,2.46,2.46,0.12000000000000005,4.878048780487807,True
E1106,2.36,2.36,4.72,200.0,False
E1107,3.13,2.15,0.9800000000000001,31.309904153354637,False
E1108,2.25,2.25,4.5,200.0,False
E1109,9.89,6.42,3.4700000000000006,35.08594539939333,False
E111,4.1,4.1,1.1800000000000004,28.78048780487806,False
E1110,3.83,3.83,1.5399999999999996,40.20887728459529,False
E1111,1.18,1.18,0.37999999999999995,32.20338983050847,False
E1112,56.41,56.41,12.840000000000002,22.761921645098393,False
E1113,1.22,1.22,0.35999999999999993,29.50819672131147,False
E1114,1.31,1.25,0.06,4.580152671755725,True
E1115,2.1,2.1,1.02,48.57142857142857,False
E1116,3.64,3.64,0.7999999999999998,21.978021978021975,False
E1117,1.0,1.0,2.0,200.0,False
E1118,5.9399999999999995,5.9399999999999995,3.6399999999999997,61.27946127946127,False
E1119,6.4399999999999995,6.4399999999999995,1.2399999999999998,19.254658385093165,True
E112,10.069999999999999,10.07,6.239999999999999,61.96623634558093,False
E1120,6.5,3.59,2.9099999999999997,44.76923076923076,False
E1121,3.74,3.74,1.52,40.64171122994652,False
E1122,5.68,5.68,5.859999999999999,103.16901408450705,False
E1123,4.46,4.46,3.24,72.6457399103139,False
E1124,2.6,2.6000000000000005,1.2800000000000002,49.23076923076924,False
E1125,5.8100000000000005,5.8100000000000005,1.1199999999999994,19.277108433734927,True
E1126,0.67,0.67,1.34,200.0,False
E1127,2.18,2.1799999999999997,2.7399999999999998,125.6880733944954,False
E1128,6.109999999999999,6.109999999999999,4.139999999999999,67.75777414075286,False
E1129,11.77,10.0,20.909999999999997,177.65505522514866,False
E113,6.88,6.88,13.04,189.53488372093022,False
E1130,1.53,1.53,0.6800000000000002,44.44444444444445,False
E1131,6.970000000000001,6.97,9.56,137.15925394548063,False
E1132,17.73,17.729999999999997,2.4400000000000017,13.761985335589406,True
E1133,3.1399999999999997,3.14,6.28,200.00000000000003,False
E1134,16.05,8.09,24.14,150.404984423676,False
E1135,6.220000000000001,6.22,0.3799999999999995,6.109324758842435,True
E1136,7.42,7.42,2.42,32.61455525606469,False
E1137,22.42,22.42,27.080000000000002,120.78501338090989,False
E1138,4.27,3.64,0.6299999999999994,14.754098360655727,True
E1139,5.539999999999999,5.54,5.5,99.2779783393502,False
E114,14.17,14.17,3.64,25.68807339449541,False
E1140,2.91,2.91,1.6799999999999997,57.731958762886585,False
E1141,1.64,1.64,3.28,200.0,False
E1142,15.280000000000001,15.280000000000001,8.46,55.36649214659686,False
E1143,2.2399999999999998,2.2399999999999998,1.6599999999999997,74.10714285714285,False
E1144,15.29,15.29,20.5,134.0745585349902,False
E1145,4.279999999999999,3.5199999999999996,0.7599999999999998,17.757009345794387,True
E1146,5.49,5.49,3.4,61.93078324225865,False
E1147,0.61,0.61,0.52,85.24590163934427,False
E1148,3.53,3.53,0.56,15.864022662889521,True
E1149,4.16,3.21,0.9500000000000001,22.83653846153846,False
E115,9.57,9.57,7.119999999999999,74.39916405433645,False
E1150,8.25,0.56,8.81,106.78787878787878,False
E1151,5.79,5.79,4.0,69.08462867012089,False
E1152,2.1799999999999997,2.18,0.8799999999999997,40.36697247706421,False
E1153,0.96,0.96,0.0,0.0,True
E1154,4.15,4.15,1.0200000000000002,24.578313253012052,False
E1155,0.75,0.75,1.5,200.0,False
E1156,1.1600000000000001,1.1600000000000001,1.76,151.72413793103448,False
E1157,5.52,4.93,0.5899999999999999,10.688405797101447,True
E1158,2.2199999999999998,2.2199999999999998,1.0999999999999999,49.549549549549546,False
E1159,3.6399999999999997,3.6399999999999997,2.3599999999999994,64.83516483516483,False
E116,12.879999999999999,12.88,0.7600000000000006,5.9006211180124275,True
E1160,22.75,18.86,41.61,182.9010989010989,False
E1161,2.93,2.93,2.72,92.83276450511944,False
E1162,1.67,0.98,2.65,158.68263473053892,False
E1163,2.71,2.71,2.74,101.1070110701107,False
E1164,3.0100000000000002,3.0100000000000002,0.3799999999999999,12.624584717607968,True
E1165,2.18,2.18,1.8000000000000003,82.56880733944955,False
E1166,7.17,7.17,0.6600000000000001,9.205020920502093,True
E1167,3.3,3.3000000000000003,1.6599999999999997,50.3030303030303,False
E1168,3.7,3.5700000000000003,0.4700000000000003,12.70270270270271,True
E1169,7.91,7.91,7.5600000000000005,95.57522123893806,False
E117,10.99,10.99,2.039999999999999,18.56232939035486,True
E1170,1.23,0.48,0.75,60.97560975609756,False
E1171,1.02,0.89,0.13,12.745098039215685,True
E1172,4.63,4.63,0.6200000000000001,13.390928725701947,True
E1173,1.95,1.95,1.92,98.46153846153847,False
E1174,3.24,3.24,1.2200000000000002,37.65432098765432,False
E1175,2.58,2.3,0.28,10.852713178294575,True
E1176,1.2,1.2,1.04,86.66666666666667,False
E1177,2.7399999999999998,2.32,0.41999999999999993,15.32846715328467,True
E1178,0.88,0.88,0.28,31.818181818181824,False
E1179,4.39,4.39,0.0,0.0,True
E118,3.08,3.0300000000000002,0.04999999999999999,1.6233766233766231,True
E1180,1.54,1.54,0.6600000000000001,42.85714285714287,False
E1181,7.239999999999999,4.57,6.709999999999999,92.67955801104972,False
E1182,0.7,0.7,0.4,57.142857142857146,False
E1183,4.800000000000001,4.800000000000001,3.1200000000000006,65.0,False
E1184,15.42,13.84,1.58,10.246433203631648,True
E1185,6.89,2.66,4.23,61.39332365747461,False
E1186,3.4000000000000004,3.4000000000000004,0.4,11.76470588235294,True
E1187,2.68,2.68,0.7000000000000001,26.119402985074625,False
E1188,1.14,1.14,2.28,200.0,False
E1189,10.940000000000001,10.940000000000001,3.9999999999999996,36.56307129798902,False
E119,7.7700000000000005,7.7700000000000005,0.0,0.0,True
E1190,6.140000000000001,6.140000000000001,0.0,0.0,True
E1191,14.21,5.99,8.22,57.84658691062632,False
E1192,3.14,3.14,3.12,99.36305732484077,False
E1193,4.529999999999999,4.529999999999999,0.7999999999999999,17.660044150110377,True
E1194,2.77,2.77,5.54,200.0,False
E1195,1.17,1.17,1.1,94.01709401709404,False
E1196,1.19,1.19,2.38,200.0,False
E1197,10.340000000000002,10.34,0.759999999999999,7.3500967117988285,True
E1198,5.01,5.01,2.76,55.08982035928144,False
E1199,6.34,6.34,1.8400000000000005,29.022082018927453,False
E12,3.79,3.79,1.7999999999999998,47.49340369393139,False
E120,6.54,6.109999999999999,0.4300000000000001,6.574923547400613,True
E1200,4.7299999999999995,4.73,9.180000000000001,194.0803382663848,False
E1201,6.38,5.14,1.3399999999999999,21.003134796238246,False
E1202,1.32,1.32,2.64,200.0,False
E1203,1.9100000000000001,1.91,0.6799999999999998,35.60209424083769,False
E1204,6.359999999999999,6.359999999999999,5.94,93.39622641509435,False
E1205,0.21,0.21,0.42,200.0,False
E1206,6.9,6.12,0.7800000000000002,11.30434782608696,True
E1207,3.16,3.16,1.2400000000000002,39.240506329113934,False
E1209,1.85,1.85,3.7,200.0,False
E121,5.77,5.7700000000000005,0.48000000000000015,8.318890814558062,True
E1210,1.8499999999999999,1.8499999999999999,1.44,77.83783783783784,False
E1211,1.56,1.56,1.44,92.3076923076923,False
E1212,3.55,3.55,2.8199999999999994,79.43661971830984,False
E1213,5.13,5.13,3.9399999999999995,76.80311890838206,False
E1214,1.57,1.57,0.46,29.29936305732484,False
E1215,0.84,0.84,0.43999999999999995,52.38095238095237,False
E1216,19.119999999999997,19.12,20.98,109.72803347280336,False
E1217,55.35,55.35,2.1400000000000032,3.866305329719969,True
E1218,1.6,1.6,1.2800000000000002,80.00000000000001,False
E1219,3.6,3.6,7.2,200.0,False
E122,7.01,7.01,2.0600000000000005,29.386590584878753,False
E1220,19.62,19.619999999999997,38.78,197.65545361875635,False
E1221,8.78,7.62,1.1599999999999993,13.211845102505688,True
E1222,1.78,1.78,3.56,200.0,False
E1223,9.559999999999999,9.56,17.72,185.35564853556488,False
E1224,1.41,1.41,2.82,200.0,False
E1225,1.8399999999999999,1.8399999999999999,1.2599999999999998,68.4782608695652,False
E1226,1.26,1.26,1.16,92.06349206349205,False
E1227,9.979999999999999,9.979999999999999,0.72,7.214428857715432,True
E1228,7.319999999999999,7.319999999999999,12.159999999999998,166.12021857923494,False
E1229,1.89,1.89,3.78,200.0,False
E123,187.6,186.25,31.789999999999992,16.9456289978678,True
E1230,1.25,1.25,2.5,200.0,False
E1231,3.64,3.64,0.5800000000000001,15.934065934065936,True
E1232,21.419999999999998,21.419999999999998,7.32,34.17366946778712,False
E1233,8.06,7.19,0.8700000000000001,10.794044665012407,True
E1234,1.28,1.28,2.56,200.0,False
E1235,2.38,2.13,0.25,10.504201680672269,True
E1236,2.07,2.0700000000000003,0.7800000000000001,37.681159420289866,False
E1237,7.91,7.67,0.24,3.034134007585335,True
E1238,2.7800000000000002,2.7800000000000002,1.12,40.28776978417266,False
E1239,1.96,1.96,1.9,96.93877551020408,False
E124,3.4800000000000004,3.0500000000000003,0.8099999999999998,23.27586206896551,False
E1240,2.2199999999999998,2.2199999999999998,1.18,53.153153153153156,False
E1241,0.55,0.55,1.1,200.0,False
E1242,3.72,3.72,0.32,8.602150537634408,True
E1243,10.940000000000001,10.94,1.2600000000000002,11.517367458866547,True
E1244,3.04,3.0400000000000005,1.7799999999999998,58.552631578947356,False
E1245,2.1,2.1,4.2,200.0,False
E1246,5.65,5.07,0.5800000000000001,10.265486725663717,True
E1247,5.94,5.94,4.360000000000001,73.40067340067341,False
E1248,1.12,1.12,2.24,200.0,False
E1249,4.4,1.65,6.050000000000001,137.50000000000003,False
E125,13.629999999999999,13.04,1.3299999999999998,9.757887013939838,True
E1250,2.98,2.98,4.34,145.63758389261744,False
E1251,3.04,1.21,1.83,60.19736842105263,False
E1252,2.2,2.2,4.4,200.0,False
E1253,1.74,1.74,0.6600000000000001,37.931034482758626,False
E1254,5.9399999999999995,4.93,1.0099999999999998,17.003367003367,True
E1255,6.34,5.83,6.890000000000001,108.67507886435331,False
E1256,6.18,4.77,4.39,71.03559870550161,False
E1257,1.52,1.52,1.98,130.26315789473685,False
E1258,7.16,7.16,0.6400000000000003,8.938547486033523,True
E1259,1.42,1.42,2.84,200.0,False
E126,4.0,4.0,3.5999999999999996,89.99999999999999,False
E1260,4.22,4.22,0.6200000000000001,14.69194312796209,True
E1261,15.11,13.129999999999999,2.6600000000000006,17.604235605559236,True
E1262,1.13,1.13,2.26,200.0,False
E1263,13.41,13.18,3.829999999999999,28.56077554064131,False
E1264,2.86,2.86,0.6,20.97902097902098,False
E1265,6.31,5.55,0.7599999999999998,12.044374009508713,True
E1266,6.04,5.970000000000001,3.3100000000000005,54.801324503311264,False
E1267,7.61,7.610000000000001,3.9399999999999995,51.773981603153736,False
E1268,1.22,1.22,1.22,100.0,False
E1269,2.84,2.84,5.68,200.0,False
E127,1.87,1.87,0.31999999999999995,17.11229946524064,True
E1270,2.27,2.27,1.7600000000000002,77.5330396475771,False
E1271,12.100000000000001,12.100000000000001,8.06,66.61157024793387,False
E1272,2.19,2.19,0.2400000000000001,10.958904109589046,True
E1273,19.87,16.77,3.1000000000000014,15.601409159536995,True
E1274,7.53,4.24,3.29,43.691899070385126,False
E1276,1.04,1.04,1.48,142.3076923076923,False
E1277,7.89,7.89,0.5600000000000003,7.097591888466417,True
E1278,6.13,5.22,0.9100000000000001,14.845024469820558,True
E1279,4.0,4.0,4.4,110.00000000000001,False
E128,0.8,0.8,0.6800000000000002,85.00000000000001,False
E1280,2.57,2.22,0.34999999999999964,13.618677042801544,True
E1281,1.78,1.78,3.56,200.0,False
E1282,3.1900000000000004,3.19,1.6,50.15673981191222,False
E1283,1.43,0.0,1.43,100.0,False
E1284,6.760000000000001,6.76,5.860000000000001,86.6863905325444,False
E1285,1.79,1.79,0.8599999999999999,48.04469273743016,False
E1286,1.58,1.58,0.7800000000000001,49.367088607594944,False
E1287,1.01,1.01,2.02,200.0,False
E1288,3.8,3.8,7.6,200.0,False
E1289,2.29,2.29,4.58,200.0,False
E129,5.77,1.73,4.04,70.01733102253033,False
E1290,1.46,1.46,0.98,67.12328767123287,False
E1291,6.49,6.49,3.0600000000000005,47.14946070878275,False
E1292,1.3,1.3,1.86,143.07692307692307,False
E1293,0.47,0.47,0.94,200.0,False
E1294,2.05,2.05,0.2600000000000001,12.682926829268299,True
E1295,3.5,3.5,0.9200000000000002,26.28571428571429,False
E1296,3.42,3.0700000000000003,0.34999999999999964,10.233918128654961,True
E1297,0.44,0.44,0.88,200.0,False
E1298,0.69,0.69,1.38,200.00000000000003,False
E1299,1.21,0.0,1.21,100.0,False
E13,8.39,3.6,11.99,142.90822407628127,False
E130,3.25,3.25,0.5599999999999998,17.230769230769226,True
E1300,1.6,1.5999999999999999,1.24,77.5,False
E1301,7.78,7.78,0.5,6.426735218508997,True
E1302,5.4,5.4,0.6999999999999997,12.962962962962957,True
E1303,14.63,13.15,1.4800000000000004,10.116199589883804,True
E1304,7.67,7.67,1.7799999999999998,23.207301173402865,False
E1305,9.870000000000001,8.85,1.0200000000000014,10.334346504559283,True
E1306,7.77,7.77,0.3200000000000002,4.11840411840412,True
E1307,1.4,0.52,0.88,62.85714285714286,False
E1308,0.69,0.69,1.38,200.00000000000003,False
E1309,1.54,1.54,0.7000000000000001,45.45454545454545,False
E131,8.1,8.1,4.48,55.30864197530865,False
E1310,0.67,0.67,1.34,200.0,False
E1311,1.4100000000000001,1.4100000000000001,0.21999999999999997,15.60283687943262,True
E1312,1.52,1.52,0.19999999999999996,13.157894736842103,True
E1313,0.9,0.9,1.8,200.0,False
E1314,6.6899999999999995,6.6899999999999995,0.9599999999999995,14.349775784753358,True
E1315,0.85,0.85,1.7,200.0,False
E1316,3.25,1.6600000000000001,1.5899999999999999,48.92307692307692,False
E1317,1.44,1.4400000000000002,0.5599999999999998,38.88888888888888,False
E1318,1.12,1.12,0.0,0.0,True
E1319,5.01,2.7199999999999998,2.2900000000000005,45.70858283433135,False
E132,6.17,6.17,1.0799999999999996,17.504051863857367,True
E1320,1.88,1.88,0.8199999999999998,43.61702127659574,False
E1321,4.67,2.83,1.8399999999999999,39.400428265524624,False
E1322,0.79,0.79,1.58,200.0,False
E1323,1.1,1.1,0.6600000000000001,60.00000000000001,False
E1324,5.609999999999999,5.609999999999999,6.24,111.22994652406419,False
E1325,2.0,2.0,1.98,99.0,False
E1326,2.14,2.14,1.04,48.598130841121495,False
E1327,4.05,3.64,0.4099999999999997,10.12345679012345,True
E1328,1.1,1.1,2.2,200.0,False
E1329,6.510000000000001,6.510000000000001,0.8200000000000003,12.596006144393245,True
E133,16.12,16.12,1.3000000000000005,8.064516129032262,True
E1330,1.47,1.47,2.94,200.0,False
E1331,2.0700000000000003,2.0700000000000003,2.0,96.6183574879227,False
E1332,2.97,2.65,0.3200000000000003,10.774410774410784,True
E1333,15.36,14.200000000000001,2.819999999999998,18.35937499999999,True
E1334,16.23,16.23,26.1,160.81330868761552,False
E1335,13.21,13.209999999999999,1.600000000000001,12.112036336109014,True
E1336,16.39,14.440000000000001,1.9499999999999993,11.89749847467968,True
E1337,9.43,8.25,1.1799999999999997,12.513255567338279,True
E1338,7.51,7.51,6.66,88.68175765645806,False
E1339,6.34,5.65,0.6899999999999995,10.883280757097783,True
E134,6.2700000000000005,6.2700000000000005,7.260000000000001,115.78947368421053,False
E1340,7.54,6.48,1.0599999999999996,14.058355437665776,True
E1341,6.8,5.6499999999999995,1.1500000000000004,16.91176470588236,True
E1342,3.72,3.2,6.48,174.19354838709677,False
E1343,8.18,8.18,0.5999999999999999,7.334963325183373,True
E1344,7.13,7.13,0.3200000000000002,4.488078541374476,True
E1345,7.1,7.1,0.46,6.47887323943662,True
E1346,7.95,5.62,2.33,29.30817610062893,False
E1347,14.44,14.44,3.4800000000000004,24.099722991689756,False
E1348,6.6000000000000005,6.6000000000000005,5.380000000000001,81.51515151515153,False
E1349,10.27,10.27,2.36,22.979552093476144,False
E135,7.31,6.86,0.4499999999999993,6.155950752393972,True
E1350,9.91,9.91,1.0399999999999996,10.494450050454082,True
E1351,5.8500000000000005,0.49,6.340000000000001,108.37606837606839,False
E1352,3.0399999999999996,3.0399999999999996,1.3200000000000003,43.42105263157896,False
E1353,7.9,7.9,0.8800000000000006,11.13924050632912,True
E1354,1.17,1.17,2.34,200.0,False
E1355,8.059999999999999,3.93,4.129999999999999,51.24069478908188,False
E1356,1.85,0.9299999999999999,2.7800000000000002,150.27027027027026,False
E1357,2.14,2.14,0.54,25.233644859813083,False
E1358,2.42,2.42,1.0999999999999999,45.45454545454545,False
E1359,8.43,8.43,0.9199999999999999,10.913404507710558,True
E136,9.35,9.35,11.780000000000001,125.98930481283423,False
E1360,1.9100000000000001,1.9100000000000001,0.8000000000000002,41.88481675392671,False
E1361,1.66,1.66,0.39999999999999997,24.096385542168676,False
E1362,4.93,4.93,0.8200000000000001,16.63286004056795,True
E1363,2.55,2.5500000000000003,0.4600000000000003,18.039215686274524,True
E1364,2.3,2.3,0.48,20.869565217391305,False
E1365,1.77,1.77,0.21999999999999997,12.429378531073445,True
E1366,3.09,2.8400000000000003,0.24999999999999978,8.090614886731386,True
E1367,0.89,0.89,1.78,200.0,False
E1368,0.89,0.89,1.78,200.0,False
E1369,1.4100000000000001,1.4100000000000001,0.32000000000000006,22.695035460992912,False
E137,6.49,5.03,1.46,22.496147919876734,False
E1370,4.109999999999999,4.109999999999999,3.4199999999999995,83.21167883211679,False
E1371,19.29,18.770000000000003,3.6599999999999966,18.97356143079314,True
E1372,1.79,1.79,0.0,0.0,True
E1373,7.43,7.43,2.92,39.30013458950202,False
E1374,11.9,9.82,2.08,17.478991596638654,True
E1375,8.510000000000002,8.51,1.4200000000000004,16.686251468860164,True
E1376,1.35,1.35,2.7,200.0,False
E1377,5.93,5.93,1.02,17.200674536256326,True
E1378,6.72,6.720000000000001,1.580000000000001,23.511904761904777,False
E1379,1.25,1.25,0.62,49.6,False
E138,7.889999999999999,7.89,1.56,19.771863117870726,True
E1380,4.85,4.85,4.459999999999999,91.95876288659792,False
E1381,12.31,11.26,1.8900000000000006,15.353371242891962,True
E1382,2.7399999999999998,2.7399999999999998,5.4799999999999995,200.00000000000003,False
E1383,1.96,1.96,0.2599999999999999,13.265306122448974,True
E1384,1.12,0.8,0.32,28.57142857142857,False
E1385,8.559999999999999,6.47,2.09,24.415887850467293,False
E1386,7.8100000000000005,6.76,1.0500000000000007,13.444302176696551,True
E1387,1.31,1.31,1.62,123.66412213740458,False
E1388,8.709999999999999,8.71,2.82,32.37657864523536,False
E1389,6.72,2.25,4.47,66.51785714285714,False
E139,6.220000000000001,6.22,1.12,18.006430868167204,True
E1390,8.35,8.350000000000001,14.86,177.96407185628743,False
E1391,1.96,1.96,0.54,27.551020408163264,False
E1392,0.9800000000000001,0.7100000000000001,0.27,27.551020408163264,False
E1393,2.44,1.59,0.8499999999999999,34.83606557377049,False
E1394,5.609999999999999,5.609999999999999,0.4399999999999997,7.843137254901957,True
E1395,3.96,3.96,1.54,38.888888888888886,False
E1396,1.24,0.77,1.37,110.48387096774194,False
E1397,0.61,0.61,1.22,200.0,False
E1398,2.0900000000000003,1.9300000000000002,0.26000000000000006,12.44019138755981,True
E1399,1.22,1.22,1.14,93.44262295081967,False
E14,1.44,1.25,0.18999999999999995,13.19444444444444,True
E140,0.7000000000000001,0.7000000000000001,0.30000000000000004,42.85714285714286,False
E1400,1.88,1.88,0.45999999999999996,24.46808510638298,False
E1401,5.3,5.3,2.12,40.0,False
E1402,0.8700000000000001,0.8700000000000001,0.38000000000000006,43.67816091954023,False
E1403,7.7,7.4399999999999995,0.5199999999999987,6.753246753246737,True
E1404,2.1399999999999997,2.1399999999999997,0.31999999999999984,14.95327102803738,True
E1405,1.58,1.58,2.56,162.02531645569618,False
E1406,3.15,3.15,1.42,45.07936507936508,False
E1407,0.55,0.55,1.1,200.0,False
E1408,1.92,1.92,2.4,125.0,False
E1409,1.72,1.72,1.38,80.23255813953489,False
E141,7.9399999999999995,5.66,2.2799999999999994,28.715365239294705,False
E1410,1.31,1.31,0.7600000000000001,58.015267175572525,False
E1411,5.21,5.21,1.86,35.700575815738965,False
E1412,7.98,7.14,0.8400000000000007,10.526315789473692,True
E1413,2.7199999999999998,2.7199999999999998,0.8599999999999999,31.617647058823525,False
E1414,0.52,0.52,1.04,200.0,False
E1415,0.83,0.83,1.66,200.0,False
E1416,2.41,2.41,1.0600000000000003,43.98340248962656,False
E1417,7.760000000000001,7.760000000000001,1.0,12.886597938144329,True
E1418,10.0,8.219999999999999,1.7800000000000011,17.80000000000001,True
E1419,5.2700000000000005,5.27,1.0800000000000003,20.493358633776094,False
E142,0.88,0.88,1.76,200.0,False
E1420,1.9600000000000002,1.96,0.24,12.244897959183673,True
E1421,13.120000000000001,12.92,25.22,192.22560975609755,False
E1422,6.41,6.41,8.8,137.2854914196568,False
E1423,3.34,2.61,0.73,21.856287425149702,False
E1424,8.05,8.049999999999999,0.7999999999999994,9.937888198757756,True
E1425,2.51,2.51,0.98,39.04382470119522,False
E1426,8.66,7.699999999999999,0.9600000000000009,11.085450346420332,True
E1427,7.24,7.24,3.34,46.13259668508287,False
E1428,9.93,9.93,0.580000000000001,5.840886203423978,True
E1429,6.6000000000000005,6.6000000000000005,0.38,5.757575757575757,True
E143,11.62,11.62,0.4800000000000002,4.1308089500860605,True
E1430,7.550000000000001,4.91,3.4,45.033112582781456,False
E1431,1.06,1.06,0.38000000000000006,35.84905660377359,False
E1432,1.71,1.71,0.6200000000000001,36.257309941520475,False
E1433,2.27,2.2699999999999996,1.9000000000000001,83.70044052863436,False
E1434,2.43,2.4300000000000006,0.4800000000000002,19.753086419753092,True
E1435,0.86,0.86,1.72,200.0,False
E1436,1.3599999999999999,1.3599999999999999,0.38,27.94117647058824,False
E1437,0.85,0.85,1.7,200.0,False
E1438,7.45,7.45,0.8799999999999993,11.812080536912742,True
E1439,1.6,1.6,3.2,200.0,False
E144,6.720000000000001,6.720000000000001,1.2200000000000002,18.154761904761905,True
E1440,13.370000000000001,13.370000000000001,1.4800000000000004,11.069558713537775,True
E1441,2.3,2.3,2.26,98.26086956521739,False
E1442,3.12,3.1199999999999997,0.6199999999999998,19.871794871794865,True
E1443,1.1,1.1,2.2,200.0,False
E1444,2.41,2.41,4.82,200.0,False
E1446,4.050000000000001,4.050000000000001,1.7800000000000002,43.95061728395061,False
E1447,4.3500000000000005,3.91,0.4400000000000004,10.114942528735641,True
E1448,0.7,0.7,1.4,200.0,False
E1449,1.48,1.48,0.19999999999999998,13.513513513513514,True
E145,2.32,2.32,2.08,89.65517241379311,False
E1450,2.36,2.36,4.72,200.0,False
E1451,3.9699999999999998,3.9699999999999998,3.6,90.68010075566751,False
E1452,7.3,7.299999999999999,0.7199999999999994,9.86301369863013,True
E1453,1.88,1.88,3.76,200.0,False
E1454,0.58,0.0,0.58,100.0,False
E1455,0.8500000000000001,0.8500000000000001,0.38000000000000006,44.70588235294118,False
E1456,6.3100000000000005,6.31,4.48,70.99841521394612,False
E1457,3.6999999999999997,3.32,0.3799999999999999,10.270270270270267,True
E1458,1.89,1.89,1.06,56.08465608465609,False
E1459,0.81,0.81,1.62,200.0,False
E146,11.530000000000001,10.32,1.2100000000000009,10.494362532523857,True
E1460,2.84,2.84,0.41999999999999993,14.788732394366196,True
E1461,3.12,3.12,2.8200000000000003,90.38461538461539,False
E1462,3.8899999999999997,3.8899999999999997,0.8199999999999998,21.07969151670951,False
E1463,1.53,1.53,0.16,10.457516339869281,True
E1464,3.11,3.11,0.5200000000000002,16.720257234726695,True
E1465,1.44,1.44,1.12,77.77777777777779,False
E1466,9.92,9.92,1.2000000000000002,12.096774193548388,True
E1467,1.9200000000000002,1.9200000000000002,0.66,34.375,False
E1468,16.279999999999998,16.28,26.88,165.11056511056515,False
E1469,7.33,7.33,12.7,173.2605729877217,False
E147,7.1,7.1,1.0799999999999996,15.211267605633797,True
E1470,1.5699999999999998,1.5699999999999998,1.5199999999999998,96.81528662420381,False
E1472,3.23,3.2299999999999995,5.319999999999999,164.70588235294113,False
E1473,4.29,4.29,8.58,200.0,False
E1474,2.05,2.05,1.3799999999999997,67.3170731707317,False
E1475,4.27,4.27,0.6799999999999999,15.92505854800937,True
E1476,7.26,7.26,13.059999999999999,179.8898071625344,False
E1477,0.84,0.84,1.68,200.0,False
E1478,7.05,4.43,5.18,73.47517730496455,False
E1479,6.34,6.34,0.6399999999999999,10.094637223974763,True
E148,21.119999999999997,21.12,5.92,28.030303030303035,False
E1480,1.83,1.02,1.31,71.5846994535519,False
E1481,0.65,0.65,1.3,200.0,False
E1482,1.78,1.78,3.56,200.0,False
E1483,7.54,7.540000000000001,0.8,10.610079575596817,True
E1484,2.94,2.94,2.3,78.23129251700679,False
E1485,111.61999999999999,111.62,2.8000000000000016,2.5085110195305518,True
E1486,62.25,56.05,6.580000000000001,10.570281124497994,True
E1487,27.79,24.96,2.8299999999999983,10.18351925152932,True
E1488,11.04,4.56,15.6,141.30434782608697,False
E1489,3.2399999999999998,3.2399999999999998,0.26,8.024691358024691,True
E149,1.48,1.48,0.62,41.891891891891895,False
E1490,4.569999999999999,4.569999999999999,9.139999999999999,200.0,False
E1491,0.62,0.62,1.24,200.0,False
E1492,1.26,1.26,0.0,0.0,True
E1493,6.98,6.98,0.7199999999999991,10.315186246418325,True
E1494,11.479999999999999,11.48,0.900000000000001,7.8397212543554105,True
E1495,7.09,6.32,0.7699999999999996,10.860366713681236,True
E1496,4.0,4.0,3.9000000000000004,97.50000000000001,False
E1497,3.8400000000000003,3.1700000000000004,0.6699999999999999,17.447916666666664,True
E1498,9.07,8.06,1.0099999999999998,11.135611907386986,True
E1499,1.09,1.09,0.0,0.0,True
E15,3.01,3.0100000000000002,1.1800000000000002,39.20265780730898,False
E150,16.6,14.649999999999999,3.49,21.024096385542165,False
E1500,3.1,3.1,0.8399999999999999,27.09677419354838,False
E1501,7.26,7.26,6.9799999999999995,96.14325068870524,False
E1502,9.92,8.85,1.0700000000000003,10.786290322580648,True
E1503,2.5,2.5,0.5800000000000001,23.200000000000003,False
E1504,1.3900000000000001,1.3900000000000001,2.7800000000000002,199.99999999999997,False
E1505,1.98,1.98,0.0,0.0,True
E1506,0.8799999999999999,0.8799999999999999,0.0,0.0,True
E1507,9.690000000000001,9.689999999999998,0.24000000000000132,2.476780185758527,True
E1508,1.92,1.92,0.6999999999999998,36.45833333333333,False
E1509,4.699999999999999,4.699999999999999,3.1399999999999997,66.80851063829788,False
E151,7.04,7.04,8.66,123.01136363636364,False
E1510,5.42,5.42,5.22,96.30996309963099,False
E1511,9.049999999999999,8.09,0.9599999999999991,10.607734806629827,True
E1512,3.57,3.57,1.1399999999999997,31.93277310924369,False
E1513,6.5600000000000005,5.5,5.6000000000000005,85.36585365853658,False
E1514,5.71,5.71,0.6199999999999997,10.858143607705774,True
E1515,14.950000000000001,14.95,8.639999999999999,57.79264214046822,False
E1516,1.0499999999999998,1.0499999999999998,0.9599999999999999,91.42857142857143,False
E1517,12.4,10.47,1.9299999999999995,15.564516129032253,True
E1518,18.11,18.11,1.100000000000001,6.07399226946439,True
E1519,1.93,1.93,1.38,71.50259067357513,False
E152,2.21,1.71,0.4999999999999999,22.624434389140266,False
E1520,5.77,5.77,4.58,79.37608318890815,False
E1521,1.55,0.65,0.9,58.064516129032256,False
E1522,1.1199999999999999,1.1199999999999999,0.31999999999999995,28.571428571428573,False
E1523,2.62,2.62,1.8000000000000003,68.70229007633588,False
E1524,4.12,2.26,1.86,45.14563106796116,False
E1525,12.51,12.51,0.3799999999999995,3.03756994404476,True
E1527,2.51,2.51,2.34,93.22709163346615,False
E1528,0.94,0.94,1.88,200.0,False
E1529,4.84,4.84,6.9,142.56198347107437,False
E153,6.53,6.53,2.58,39.50995405819295,False
E1530,2.13,2.13,4.26,200.0,False
E1531,181.54,163.85999999999999,19.959999999999994,10.994822077778998,True
E1532,1.0,1.0,2.0,200.0,False
E1533,0.41,0.41,0.0,0.0,True
E1534,1.9100000000000001,1.91,1.6000000000000003,83.76963350785341,False
E1535,4.61,3.89,0.7200000000000002,15.618221258134492,True
E1536,5.65,5.03,0.6200000000000001,10.97345132743363,True
E1537,1.0,1.0,0.56,56.00000000000001,False
E1538,6.31,5.4399999999999995,1.17,18.541996830427895,True
E1539,0.98,0.98,1.96,200.0,False
E154,2.83,2.83,1.0200000000000002,36.04240282685513,False
E1540,1.01,0.8700000000000001,0.1799999999999999,17.821782178217813,True
E1541,10.91,10.91,7.98,73.14390467461045,False
E1542,4.52,2.5999999999999996,4.72,104.42477876106196,False
E1543,2.66,2.66,1.7200000000000002,64.66165413533835,False
E1544,0.58,0.58,1.16,200.0,False
E1545,1.13,1.13,2.26,200.0,False
E1546,2.0700000000000003,2.0700000000000003,1.4200000000000002,68.59903381642512,False
E1547,0.64,0.64,1.28,200.0,False
E1548,2.38,2.38,4.76,200.0,False
E1549,2.1799999999999997,2.1799999999999997,1.5399999999999998,70.64220183486238,False
E155,7.83,6.9,2.0299999999999994,25.925925925925917,False
E1550,1.71,1.71,0.7399999999999999,43.274853801169584,False
E1551,9.51,6.33,6.0600000000000005,63.722397476340696,False
E1552,7.53,7.53,13.88,184.3293492695883,False
E1553,4.61,4.609999999999999,2.6600000000000006,57.700650759219094,False
E1554,2.97,2.97,1.8200000000000003,61.27946127946129,False
E1555,7.01,6.41,1.24,17.68901569186876,True
E1556,3.53,2.5999999999999996,0.93,26.34560906515581,False
E1557,9.77,9.77,4.739999999999999,48.51586489252814,False
E1558,6.94,5.6,12.54,180.69164265129683,False
E1559,2.59,2.59,1.4799999999999998,57.14285714285713,False
E156,11.440000000000001,11.44,1.12,9.79020979020979,True
E1560,6.7,6.7,0.3600000000000006,5.373134328358217,True
E1561,2.21,2.21,0.7599999999999999,34.389140271493204,False
E1562,0.98,0.98,1.96,200.0,False
E1563,2.45,2.45,0.41999999999999993,17.14285714285714,True
E1564,8.33,8.33,3.2799999999999994,39.37575030012004,False
E1566,1.37,0.75,0.88,64.23357664233576,False
E1567,14.64,14.639999999999999,29.28,200.0,False
E1568,9.39,8.53,1.7400000000000007,18.530351437699686,True
E1569,21.61,16.63,5.8199999999999985,26.93197593706617,False
E157,2.9,2.9,4.239999999999999,146.20689655172413,False
E1570,1.2,1.2,0.0,0.0,True
E1571,2.32,2.32,4.64,200.0,False
E1572,12.46,10.290000000000001,2.17,17.41573033707865,True
E1573,11.53,9.07,2.4599999999999995,21.33564614050303,False
E1574,1.37,1.37,2.74,199.99999999999997,False
E1575,6.449999999999999,6.449999999999999,0.0,0.0,True
E1576,6.63,6.63,0.9799999999999995,14.781297134238304,True
E1577,4.79,4.79,1.0,20.876826722338205,False
E1578,5.78,4.83,0.9500000000000002,16.435986159169552,True
E1579,5.630000000000001,5.63,0.7000000000000005,12.433392539964485,True
E158,1.79,1.79,1.3,72.62569832402235,False
E1580,2.92,2.92,0.6199999999999999,21.232876712328764,False
E1581,1.67,1.67,1.16,69.46107784431138,False
E1582,5.18,5.18,0.7799999999999998,15.057915057915055,True
E1583,0.97,0.84,0.13,13.402061855670103,True
E1584,2.19,2.1900000000000004,0.36,16.438356164383563,True
E1585,7.7299999999999995,7.7299999999999995,0.6399999999999999,8.279430789133247,True
E1586,1.21,0.5800000000000001,0.6299999999999999,52.06611570247933,False
E1587,3.27,3.27,0.48,14.678899082568806,True
E1588,3.88,3.88,0.4399999999999997,11.340206185567004,True
E1589,11.03,6.74,4.289999999999999,38.89392565729827,False
E159,9.84,6.4799999999999995,3.4800000000000004,35.365853658536594,False
E1590,0.58,0.58,1.16,200.0,False
E1591,4.23,3.08,7.3100000000000005,172.81323877068556,False
E1592,12.31,12.309999999999999,1.4000000000000012,11.372867587327384,True
E1593,2.42,2.4200000000000004,0.3000000000000003,12.396694214876046,True
E1594,2.52,2.52,2.02,80.15873015873015,False
E1595,1.83,1.83,0.8,43.71584699453552,False
E1596,1.62,1.6199999999999999,0.9400000000000002,58.0246913580247,False
E1597,1.43,1.43,0.8399999999999999,58.74125874125873,False
E1598,0.97,0.97,1.94,200.0,False
E1599,2.1900000000000004,2.1100000000000003,3.5600000000000005,162.55707762557077,False
E16,7.199999999999999,7.199999999999999,3.6799999999999997,51.111111111111114,False
E160,12.290000000000001,12.29,18.36,149.38974776240846,False
E1600,0.5800000000000001,0.5800000000000001,0.26000000000000006,44.827586206896555,False
E1601,2.95,2.63,0.3200000000000003,10.847457627118652,True
E1602,6.27,6.27,4.18,66.66666666666667,False
E1603,6.2700000000000005,5.2,5.390000000000001,85.96491228070175,False
E1604,1.87,1.87,0.38,20.32085561497326,False
E1605,5.35,5.35,0.9399999999999997,17.570093457943923,True
E1606,1.65,1.08,0.57,34.54545454545454,False
E1607,2.63,2.63,0.7400000000000002,28.136882129277577,False
E1608,9.47,9.469999999999999,0.2200000000000012,2.3231256599788934,True
E1609,1.6400000000000001,0.0,1.6400000000000001,99.99999999999999,False
E161,3.22,3.22,1.96,60.8695652173913,False
E1610,1.06,1.06,0.5800000000000001,54.716981132075475,False
E1611,0.23,0.23,0.46,200.0,False
E1612,2.45,2.45,2.62,106.93877551020407,False
E1613,4.57,4.57,5.18,113.34792122538292,False
E1614,6.98,6.98,0.7200000000000002,10.315186246418339,True
E1615,3.28,2.71,0.5699999999999998,17.378048780487802,True
E1616,16.78,16.78,22.020000000000003,131.22765196662695,False
E1617,4.27,3.19,1.08,25.29274004683841,False
E1618,2.49,2.49,1.8400000000000003,73.89558232931728,False
E1619,1.72,1.72,1.8,104.65116279069768,False
E162,11.629999999999999,11.59,0.33999999999999997,2.9234737747205504,True
E1620,4.05,4.05,1.62,40.0,False
E1621,4.59,4.59,0.54,11.764705882352942,True
E1622,2.0300000000000002,1.81,0.2200000000000002,10.83743842364533,True
E1623,0.5900000000000001,0.5900000000000001,0.5,84.7457627118644,False
E1624,1.79,1.79,0.43999999999999995,24.581005586592173,False
E1625,3.7699999999999996,3.7699999999999996,2.9399999999999995,77.9840848806366,False
E1626,2.8400000000000003,2.8400000000000003,1.24,43.66197183098591,False
E1627,1.81,1.81,1.58,87.29281767955801,False
E1628,4.1,4.1,0.4399999999999995,10.731707317073159,True
E1629,0.55,0.55,0.24000000000000005,43.63636363636364,False
E163,7.56,7.5600000000000005,0.4600000000000004,6.084656084656091,True
E1630,0.51,0.51,1.02,200.0,False
E1631,2.34,2.34,0.6400000000000001,27.35042735042736,False
E1632,0.9,0.8,0.09999999999999998,11.111111111111109,True
E1633,8.75,3.28,8.309999999999999,94.97142857142856,False
E1634,3.18,3.18,3.96,124.52830188679245,False
E1635,2.49,1.29,1.2,48.192771084337345,False
E1636,0.23,0.23,0.46,200.0,False
E1637,2.54,2.25,0.29000000000000004,11.41732283464567,True
E1638,2.67,2.67,1.88,70.4119850187266,False
E1639,2.37,1.56,0.8099999999999998,34.17721518987341,False
E164,3.0700000000000003,0.88,2.19,71.33550488599347,False
E1640,0.61,0.61,1.22,200.0,False
E1641,2.5,2.5,0.14000000000000007,5.600000000000003,True
E1642,1.95,0.75,1.2,61.53846153846154,False
E1643,1.57,1.57,1.04,66.2420382165605,False
E1644,0.88,0.88,0.84,95.45454545454545,False
E1645,2.14,0.99,1.15,53.738317757009334,False
E1646,1.3800000000000001,0.62,0.76,55.07246376811594,False
E1647,3.88,3.88,0.26000000000000023,6.701030927835057,True
E1648,2.97,2.97,5.94,200.0,False
E1649,6.12,6.12,1.1800000000000006,19.281045751633997,True
E165,13.05,12.73,13.96,106.97318007662835,False
E1650,1.66,1.66,3.32,200.0,False
E1651,0.47,0.47,0.0,0.0,True
E1652,2.7199999999999998,2.7199999999999998,1.6199999999999999,59.55882352941177,False
E1653,5.2,4.66,0.54,10.384615384615385,True
E1654,1.26,0.74,0.52,41.26984126984127,False
E1655,1.29,1.07,0.21999999999999997,17.05426356589147,True
E1656,0.95,0.95,1.0,105.26315789473685,False
E1657,0.81,0.33,0.48,59.25925925925925,False
E1658,1.1800000000000002,1.1800000000000002,0.10000000000000006,8.474576271186445,True
E1659,2.3899999999999997,2.3899999999999997,1.8199999999999998,76.15062761506276,False
E166,1.6500000000000001,1.65,2.84,172.1212121212121,False
E1660,1.56,0.74,0.82,52.56410256410256,False
E1661,0.87,0.87,0.84,96.55172413793103,False
E1662,6.129999999999999,6.13,0.20000000000000054,3.262642740619911,True
E1663,3.0300000000000002,3.0300000000000002,2.12,69.96699669966996,False
E1664,1.4,1.4,0.7199999999999999,51.42857142857142,False
E1665,75.02,67.99,8.03,10.703812316715542,True
E1666,3.69,3.69,0.12,3.252032520325203,True
E1667,2.04,2.04,0.45999999999999996,22.549019607843135,False
E1668,1.51,1.51,3.02,200.0,False
E1669,4.43,4.43,0.66,14.89841986455982,True
E167,7.15,7.15,6.94,97.06293706293705,False
E1670,4.74,4.74,0.0,0.0,True
E1671,5.09,5.09,10.18,200.0,False
E1672,1.57,1.32,0.25,15.92356687898089,True
E1673,4.38,3.72,0.6599999999999997,15.068493150684926,True
E1674,2.1500000000000004,0.0,2.1500000000000004,100.0,False
E1675,2.02,2.02,4.04,200.0,False
E1676,7.879999999999999,6.0,2.0800000000000005,26.395939086294426,False
E1677,7.790000000000001,7.79,10.86,139.40949935815146,False
E1678,10.850000000000001,10.85,20.48,188.75576036866357,False
E1679,2.12,0.78,1.34,63.20754716981132,False
E168,4.9,4.9,0.52,10.612244897959183,True
E1680,15.44,13.26,2.9000000000000012,18.782383419689126,True
E1681,2.1,2.1,2.0,95.23809523809524,False
E1682,4.54,3.74,2.42,53.30396475770925,False
E1683,3.09,3.09,6.18,200.0,False
E1684,2.0300000000000002,2.0300000000000002,1.8600000000000003,91.6256157635468,False
E1685,12.12,12.12,24.24,200.0,False
E1686,1.1099999999999999,1.1099999999999999,1.2599999999999998,113.5135135135135,False
E1687,2.83,2.83,0.9400000000000004,33.21554770318023,False
E1688,2.33,2.33,4.66,200.0,False
E1689,3.1,2.7600000000000002,0.33999999999999986,10.967741935483867,True
E169,7.5,7.500000000000001,0.3400000000000008,4.533333333333344,True
E1690,3.43,3.43,0.3600000000000003,10.495626822157442,True
E1691,8.75,0.65,9.4,107.42857142857143,False
E1692,2.94,2.7399999999999998,0.20000000000000018,6.80272108843538,True
E1693,1.16,0.97,0.18999999999999995,16.37931034482758,True
E1694,2.17,2.17,0.28,12.903225806451616,True
E1695,0.8600000000000001,0.8600000000000001,0.0,0.0,True
E1696,0.73,0.73,0.0,0.0,True
E1697,7.02,5.92,1.0999999999999996,15.669515669515667,True
E1698,0.71,0.71,0.0,0.0,True
E1699,15.129999999999999,13.37,23.459999999999997,155.05617977528087,False
E17,1.04,1.04,2.08,200.0,False
E170,2.23,2.23,4.46,200.0,False
E1700,54.5,49.01,5.490000000000002,10.073394495412849,True
E1701,27.07,25.98,13.63,50.35094200221648,False
E1702,3.5700000000000003,3.18,0.3900000000000001,10.924369747899163,True
E1703,2.13,2.13,0.54,25.35211267605634,False
E1704,2.12,2.12,0.1600000000000001,7.5471698113207575,True
E1705,4.720000000000001,4.720000000000001,4.96,105.08474576271185,False
E1706,1.73,1.73,1.0,57.80346820809249,False
E1707,3.25,2.82,1.15,35.38461538461538,False
E1708,1.9900000000000002,0.66,1.4100000000000001,70.85427135678391,False
E1709,1.3800000000000001,1.24,0.14000000000000012,10.144927536231892,True
E171,9.23,4.91,4.32,46.80390032502709,False
E1710,0.61,0.61,1.22,200.0,False
E1711,5.03,5.03,0.9000000000000001,17.892644135188867,True
E1712,2.99,2.99,2.62,87.62541806020066,False
E1713,1.28,0.45,0.83,64.84375,False
E1714,1.32,1.32,2.64,200.0,False
E1715,17.85,17.85,1.5600000000000014,8.739495798319336,True
E1716,2.26,2.26,0.40000000000000013,17.699115044247794,True
E1717,1.5899999999999999,1.5899999999999999,0.20000000000000012,12.578616352201266,True
E1718,3.9299999999999997,3.39,0.5399999999999996,13.740458015267166,True
E1719,3.3,3.3,0.41999999999999993,12.727272727272727,True
E172,9.08,2.63,8.33,91.74008810572687,False
E1720,0.74,0.74,0.56,75.67567567567569,False
E1721,3.9899999999999998,2.02,1.9699999999999998,49.373433583959894,False
E1722,5.0600000000000005,3.65,1.4100000000000001,27.86561264822134,False
E1723,1.3599999999999999,1.3599999999999999,0.7599999999999999,55.882352941176464,False
E1724,0.58,0.58,1.16,200.0,False
E1725,1.09,1.09,2.18,200.0,False
E1726,1.54,1.54,0.29999999999999993,19.480519480519476,True
E1727,2.91,2.91,0.6999999999999997,24.054982817869405,False
E1728,0.67,0.67,1.34,200.0,False
E1729,1.95,1.9500000000000002,0.20000000000000007,10.25641025641026,True
E173,6.02,6.02,6.9799999999999995,115.94684385382061,False
E1730,1.38,1.38,2.76,200.00000000000003,False
E1731,1.94,1.94,0.40000000000000013,20.618556701030936,False
E1732,3.2700000000000005,2.7600000000000002,0.51,15.596330275229356,True
E1733,4.38,4.38,2.08,47.48858447488585,False
E1734,0.91,0.91,1.82,200.0,False
E1735,1.7000000000000002,0.79,0.91,53.52941176470588,False
E1736,0.99,0.63,0.4,40.4040404040404,False
E1737,1.24,1.24,0.29999999999999993,24.19354838709677,False
E1738,1.71,1.71,1.78,104.09356725146199,False
E1739,0.99,0.99,1.98,200.0,False
E174,9.37,9.37,18.74,200.0,False
E1740,1.05,0.0,1.05,100.0,False
E1741,2.14,2.14,0.6399999999999999,29.906542056074763,False
E1742,4.1,4.1,5.54,135.1219512195122,False
E1743,2.77,2.49,0.2799999999999998,10.108303249097466,True
E1744,2.18,2.18,1.3600000000000003,62.38532110091744,False
E1745,1.7199999999999998,1.72,0.2999999999999998,17.44186046511627,True
E1746,5.15,5.15,0.98,19.02912621359223,True
E1747,2.62,2.62,0.8799999999999994,33.587786259541964,False
E1748,1.9099999999999997,1.91,1.6400000000000001,85.86387434554975,False
E1749,5.2,5.199999999999999,0.6599999999999997,12.692307692307686,True
E175,6.83,6.83,2.58,37.774524158125914,False
E1750,1.49,1.13,0.36,24.161073825503355,False
E1751,1.59,1.59,3.18,200.0,False
E1752,2.57,1.89,0.6799999999999999,26.459143968871597,False
E1753,5.26,5.26,1.1400000000000003,21.673003802281375,False
E1754,0.56,0.56,1.12,200.0,False
E1755,2.85,2.85,4.82,169.12280701754386,False
E1756,2.95,2.95,3.78,128.13559322033896,False
E1757,5.26,3.2600000000000002,1.9999999999999998,38.02281368821292,False
E1758,8.379999999999999,6.3100000000000005,2.0699999999999994,24.701670644391406,False
E1759,13.8,11.56,2.24,16.231884057971016,True
E176,7.369999999999999,7.370000000000001,1.599999999999999,21.709633649932144,False
E1760,0.44,0.44,0.88,200.0,False
E1761,0.73,0.73,0.64,87.67123287671232,False
E1762,1.15,1.15,2.3,200.0,False
E1763,1.51,0.5800000000000001,0.93,61.58940397350993,False
E1764,1.01,1.01,2.02,200.0,False
E1765,2.8200000000000003,2.8200000000000003,1.52,53.90070921985815,False
E1766,5.08,5.08,1.1399999999999997,22.44094488188976,False
E1767,5.7700000000000005,5.7700000000000005,6.340000000000001,109.8786828422877,False
E1768,6.39,6.39,12.78,200.0,False
E1769,3.3000000000000003,2.39,0.9100000000000001,27.575757575757578,False
E177,9.09,4.87,4.219999999999999,46.42464246424641,False
E1770,0.76,0.76,0.72,94.73684210526315,False
E1771,1.93,1.93,3.86,200.0,False
E1772,1.76,1.7600000000000002,0.2600000000000001,14.772727272727279,True
E1773,2.0,2.0,0.9199999999999999,46.0,False
E1774,2.02,2.02,0.0,0.0,True
E1775,13.120000000000001,13.120000000000001,25.84,196.9512195121951,False
E1776,1.6,1.6,1.62,101.25,False
E1777,2.31,2.3100000000000005,0.5599999999999998,24.242424242424235,False
E1778,6.05,6.05,3.24,53.553719008264466,False
E1779,9.059999999999999,9.059999999999999,17.9,197.57174392935983,False
E178,2.58,2.58,0.6000000000000001,23.255813953488374,False
E1780,6.52,6.52,4.680000000000001,71.7791411042945,False
E1781,1.33,1.33,2.66,200.0,False
E1782,10.66,9.57,1.0899999999999999,10.22514071294559,True
E1783,7.33,7.329999999999999,0.9799999999999995,13.369713506139147,True
E1784,1.48,1.25,0.69,46.62162162162162,False
E1785,2.65,2.65,5.3,200.0,False
E1786,3.68,3.68,2.2,59.78260869565218,False
E1787,9.45,9.45,6.579999999999999,69.62962962962962,False
E1788,11.650000000000002,11.65,0.9599999999999986,8.240343347639472,True
E1789,2.6,2.6,5.2,200.0,False
E179,2.76,2.76,1.2999999999999998,47.10144927536231,False
E1790,4.540000000000001,4.54,3.2,70.48458149779734,False
E1791,3.83,3.41,0.41999999999999993,10.96605744125326,True
E1792,7.4799999999999995,6.64,0.8399999999999999,11.22994652406417,True
E1793,1.79,1.79,0.0,0.0,True
E1794,11.21,8.46,2.75,24.53166815343443,False
E1795,6.590000000000001,6.59,13.180000000000001,200.0,False
E1796,2.28,2.28,0.29999999999999993,13.157894736842103,True
E1797,5.61,5.380000000000001,0.8699999999999998,15.508021390374326,True
E1798,1.23,1.23,1.6600000000000001,134.95934959349594,False
E1799,2.3099999999999996,2.31,0.30000000000000016,12.987012987012996,True
E18,2.11,2.11,2.92,138.38862559241707,False
E180,6.33,6.33,5.34,84.36018957345972,False
E1800,5.84,5.84,9.96,170.54794520547946,False
E1801,3.87,3.87,3.4000000000000004,87.85529715762276,False
E1802,0.89,0.89,0.88,98.87640449438202,False
E1803,0.87,0.87,1.74,200.0,False
E1804,2.94,2.94,0.45999999999999996,15.646258503401361,True
E1805,7.800000000000001,7.800000000000001,9.88,126.66666666666667,False
E1806,21.66,21.66,28.66,132.31763619575253,False
E1807,0.5,0.5,0.0,0.0,True
E1808,3.86,3.86,7.58,196.37305699481865,False
E1809,2.94,2.44,0.5,17.006802721088437,True
E181,4.27,4.2700000000000005,0.6999999999999998,16.39344262295082,True
E1810,7.91,7.91,6.199999999999999,78.38179519595447,False
E1811,5.78,3.18,5.1,88.23529411764704,False
E1812,2.1,1.75,0.3500000000000001,16.666666666666668,True
E1813,7.07,7.07,2.3200000000000003,32.814710042432814,False
E1814,1.67,1.67,3.34,200.0,False
E1815,5.38,5.380000000000001,1.8199999999999998,33.828996282527875,False
E1816,10.96,8.98,1.98,18.065693430656932,True
E1817,3.68,3.68,0.0,0.0,True
E1818,3.8400000000000003,3.84,2.44,63.541666666666664,False
E1819,1.6400000000000001,1.64,0.8200000000000001,49.99999999999999,False
E182,7.08,6.090000000000001,0.9899999999999994,13.98305084745762,True
E1820,1.61,1.61,1.6,99.37888198757763,False
E1821,1.06,1.06,0.0,0.0,True
E1822,31.28,31.28,62.56,200.0,False
E1823,10.430000000000001,10.17,0.7199999999999986,6.903163950143801,True
E1824,3.72,0.0,3.72,100.0,False
E1825,0.54,0.54,0.0,0.0,True
E1826,6.3100000000000005,5.75,0.56,8.874801901743265,True
E1827,5.72,5.72,11.44,200.0,False
E1828,35.220000000000006,32.690000000000005,4.830000000000004,13.7137989778535,True
E1829,1.6400000000000001,1.64,0.26,15.853658536585364,True
E183,2.17,2.17,0.8599999999999999,39.63133640552995,False
E1830,3.14,0.64,2.5,79.61783439490445,False
E1831,3.3,3.3,1.9399999999999997,58.78787878787878,False
E1832,3.3000000000000003,3.3000000000000003,1.7400000000000002,52.727272727272734,False
E1833,0.41,0.41,0.82,200.0,False
E1834,8.129999999999999,7.31,0.8199999999999994,10.086100861008605,True
E1835,6.800000000000001,6.8,13.6,199.99999999999997,False
E1836,2.7,0.85,1.85,68.51851851851852,False
E1837,4.5600000000000005,3.77,0.79,17.32456140350877,True
E1838,3.46,3.27,0.19000000000000017,5.491329479768791,True
E1839,1.33,0.41,0.92,69.17293233082707,False
E184,8.030000000000001,7.359999999999999,0.6700000000000008,8.343711083437121,True
E1840,0.87,0.74,0.13,14.942528735632184,True
E1841,2.12,2.12,0.43999999999999995,20.75471698113207,False
E1842,2.79,2.79,0.44000000000000006,15.770609318996419,True
E1843,1.39,1.39,0.43999999999999995,31.654676258992804,False
E1844,1.19,1.19,1.2799999999999998,107.56302521008402,False
E1845,2.46,2.46,2.44,99.1869918699187,False
E1846,1.29,0.49,0.8600000000000001,66.66666666666667,False
E1847,3.5199999999999996,3.5199999999999996,5.1,144.88636363636363,False
E1848,2.37,2.13,0.2400000000000002,10.12658227848102,True
E1849,2.87,0.68,2.19,76.30662020905923,False
E185,9.790000000000001,9.16,1.7900000000000003,18.283963227783453,True
E1850,0.94,0.94,1.88,200.0,False
E1851,19.97,19.97,28.12,140.81121682523786,False
E1852,1.3,0.96,0.66,50.76923076923077,False
E1853,1.52,1.52,0.16000000000000003,10.526315789473687,True
E1854,0.76,0.76,1.52,200.0,False
E1855,0.56,0.56,1.12,200.0,False
E1856,6.72,4.57,2.15,31.99404761904762,False
E1857,7.08,7.08,6.32,89.26553672316385,False
E1858,3.01,1.72,1.29,42.85714285714286,False
E1859,1.37,1.1600000000000001,0.22999999999999998,16.78832116788321,True
E186,12.030000000000001,11.840000000000002,0.18999999999999978,1.5793848711554428,True
E1860,3.81,3.81,2.96,77.69028871391076,False
E1861,2.84,2.8400000000000003,0.28,9.859154929577466,True
E1862,2.63,2.63,0.54,20.53231939163498,False
E1863,4.56,2.63,1.9299999999999995,42.32456140350876,False
E1864,5.85,5.85,2.04,34.871794871794876,False
E1865,1.9100000000000001,1.78,0.13,6.806282722513089,True
E1866,1.06,0.87,0.19000000000000006,17.9245283018868,True
E1867,0.5,0.5,1.0,200.0,False
E1868,2.0,2.0,1.88,94.0,False
E1869,4.76,4.76,0.5999999999999996,12.605042016806715,True
E187,8.86,6.25,2.6099999999999994,29.458239277652364,False
E1870,4.209999999999999,3.2299999999999995,2.6599999999999997,63.18289786223278,False
E1871,2.9000000000000004,2.9000000000000004,3.64,125.51724137931033,False
E1872,1.05,1.05,0.6000000000000001,57.142857142857146,False
E1873,2.37,2.37,4.74,200.0,False
E1874,2.8600000000000003,2.8600000000000003,1.5200000000000002,53.146853146853154,False
E1875,2.17,2.17,2.32,106.91244239631335,False
E1876,1.56,1.56,0.7600000000000001,48.71794871794872,False
E1877,1.12,0.97,0.15000000000000013,13.392857142857155,True
E1878,6.83,6.83,0.6799999999999999,9.956076134699854,True
E1879,2.55,2.55,5.1,200.0,False
E188,0.5800000000000001,0.5800000000000001,0.26000000000000006,44.827586206896555,False
E1880,0.98,0.98,0.5,51.02040816326531,False
E1881,3.48,3.48,2.24,64.36781609195403,False
E1882,1.91,1.91,0.33999999999999986,17.80104712041884,True
E1883,2.52,2.52,0.3799999999999999,15.079365079365074,True
E1884,2.13,1.12,1.01,47.417840375586856,False
E1885,0.76,0.76,1.52,200.0,False
E1886,2.56,0.71,1.85,72.265625,False
E1887,0.78,0.78,0.56,71.7948717948718,False
E1888,1.59,1.19,0.66,41.50943396226415,False
E1889,2.34,2.1,0.23999999999999977,10.256410256410248,True
E189,16.099999999999998,16.1,15.1,93.78881987577641,False
E1890,1.56,1.56,2.06,132.05128205128204,False
E1891,0.57,0.57,0.15999999999999998,28.07017543859649,False
E1892,2.04,1.0899999999999999,1.45,71.07843137254902,False
E1893,1.3,1.3,0.96,73.84615384615384,False
E1894,2.15,2.15,0.2999999999999998,13.953488372093016,True
E1895,1.93,1.93,3.86,200.0,False
E1896,0.97,0.97,0.5999999999999999,61.85567010309277,False
E1897,1.43,1.43,0.94,65.73426573426573,False
E1898,0.6699999999999999,0.11,0.56,83.58208955223883,False
E1899,1.45,1.45,1.4,96.55172413793103,False
E19,7.6000000000000005,7.6000000000000005,0.6400000000000002,8.42105263157895,True
E190,2.35,2.35,3.64,154.89361702127658,False
E1900,3.58,3.58,0.6999999999999995,19.553072625698313,True
E1901,3.9099999999999997,3.09,1.2399999999999998,31.713554987212273,False
E1902,1.37,1.37,0.9000000000000001,65.69343065693431,False
E1903,2.41,2.13,0.28000000000000025,11.618257261410799,True
E1904,6.390000000000001,6.39,0.4799999999999992,7.511737089201865,True
E1905,1.35,0.0,1.35,100.0,False
E1906,2.66,1.23,1.43,53.7593984962406,False
E1907,2.13,2.13,0.74,34.74178403755869,False
E1908,2.19,2.19,0.8599999999999999,39.26940639269406,False
E1909,2.09,2.09,0.28000000000000025,13.397129186602884,True
E191,5.48,5.48,2.4600000000000004,44.89051094890511,False
E1910,0.7,0.7,1.4,200.0,False
E1911,0.93,0.75,0.18000000000000005,19.354838709677423,True
E1912,3.6799999999999997,3.6799999999999997,2.26,61.41304347826087,False
E1913,1.86,1.86,3.72,200.0,False
E1914,4.38,4.38,3.7,84.47488584474885,False
E1915,5.08,4.0200000000000005,1.0599999999999996,20.866141732283456,False
E1916,4.12,4.12,0.5800000000000001,14.077669902912623,True
E1917,3.5,1.8,1.7,48.57142857142857,False
E1918,2.8899999999999997,2.89,0.3800000000000001,13.148788927335646,True
E1919,1.07,1.07,0.54,50.467289719626166,False
E192,5.33,5.07,0.3600000000000003,6.754221388367735,True
E1920,4.0,4.0,5.52,138.0,False
E1921,3.11,1.97,1.28,41.157556270096464,False
E1922,1.44,1.4400000000000002,0.12000000000000005,8.333333333333337,True
E1923,2.87,1.1400000000000001,1.7299999999999998,60.27874564459929,False
E1924,0.32,0.32,0.64,200.0,False
E1925,2.16,2.16,0.31999999999999984,14.814814814814808,True
E1926,6.140000000000001,6.140000000000001,0.5600000000000003,9.12052117263844,True
E1927,0.97,0.8500000000000001,0.11999999999999988,12.371134020618547,True
E1928,4.22,4.220000000000001,0.76,18.009478672985782,True
E1929,1.15,1.03,0.11999999999999988,10.434782608695643,True
E193,3.62,2.2800000000000002,1.3399999999999999,37.01657458563536,False
E1930,1.7400000000000002,1.7400000000000002,1.8800000000000001,108.04597701149424,False
E1931,1.06,1.06,1.4,132.0754716981132,False
E1932,0.95,0.95,0.48,50.526315789473685,False
E1933,3.39,2.77,0.6200000000000001,18.289085545722717,True
E1934,1.34,1.34,0.6000000000000001,44.776119402985074,False
E1935,3.09,3.09,0.33999999999999986,11.003236245954689,True
E1936,6.85,6.85,0.6399999999999993,9.343065693430647,True
E1937,0.75,0.75,0.30000000000000004,40.00000000000001,False
E1938,5.8100000000000005,5.8100000000000005,3.94,67.81411359724612,False
E1939,2.4899999999999998,2.12,0.36999999999999966,14.859437751004004,True
E194,2.23,2.23,4.46,200.0,False
E1940,3.16,1.8399999999999999,1.34,42.405063291139236,False
E1941,2.3200000000000003,2.3200000000000003,0.14000000000000007,6.034482758620692,True
E1942,0.69,0.69,1.38,200.00000000000003,False
E1943,5.220000000000001,2.89,2.33,44.63601532567049,False
E1944,1.83,1.6800000000000002,0.15000000000000002,8.196721311475411,True
E1945,14.81,14.81,0.7199999999999994,4.861580013504385,True
E1946,1.06,1.06,0.12000000000000005,11.320754716981137,True
E1947,2.7100000000000004,1.2000000000000002,1.5700000000000003,57.93357933579336,False
E1948,0.93,0.9299999999999999,0.6600000000000001,70.96774193548389,False
E1949,1.49,1.49,0.0,0.0,True
E195,7.640000000000001,6.09,4.75,62.17277486910994,False
E1950,1.88,1.8800000000000001,0.9399999999999997,49.999999999999986,False
E1951,4.3,4.3,8.6,200.0,False
E1952,3.05,2.69,0.3599999999999999,11.803278688524586,True
E1953,1.91,1.91,3.82,200.0,False
E1954,22.55,22.55,6.7799999999999985,30.066518847006645,False
E1955,1.6500000000000001,1.6500000000000001,0.6600000000000001,40.00000000000001,False
E1956,2.7800000000000002,2.7800000000000002,1.28,46.0431654676259,False
E1957,3.7600000000000002,3.37,0.3900000000000001,10.372340425531918,True
E1958,1.19,1.19,2.38,200.0,False
E1959,0.5,0.5,1.0,200.0,False
E196,10.459999999999999,9.77,0.6899999999999998,6.596558317399617,True
E1960,6.279999999999999,6.28,0.6200000000000006,9.872611464968163,True
E1961,2.33,2.33,4.66,200.0,False
E1962,5.74,4.82,0.9199999999999999,16.02787456445993,True
E1963,1.4,1.4,2.8,200.0,False
E1964,1.16,0.98,0.17999999999999994,15.51724137931034,True
E1965,1.2,1.2,0.7,58.333333333333336,False
E1966,2.1,1.8800000000000001,0.21999999999999997,10.476190476190474,True
E1967,11.36,11.36,1.8399999999999999,16.19718309859155,True
E1968,4.87,4.87,0.2599999999999999,5.338809034907595,True
E1969,2.8000000000000003,2.8000000000000003,0.2000000000000001,7.142857142857146,True
E197,7.36,7.359999999999999,1.7200000000000002,23.369565217391308,False
E1970,29.53,27.17,7.840000000000001,26.54927192685405,False
E1971,7.7700000000000005,7.45,0.4800000000000004,6.177606177606183,True
E1972,1.06,0.6599999999999999,0.4000000000000001,37.735849056603776,False
E1973,1.1,1.1,1.04,94.54545454545453,False
E1974,0.56,0.56,1.12,200.0,False
E1975,3.0199999999999996,3.02,0.19999999999999984,6.622516556291387,True
E1976,2.05,1.83,0.21999999999999975,10.731707317073159,True
E1977,4.71,4.71,7.4399999999999995,157.96178343949046,False
E1978,1.53,1.53,1.96,128.1045751633987,False
E1979,1.2499999999999998,0.8999999999999999,0.34999999999999987,27.999999999999993,False
E198,3.23,3.2300000000000004,1.0000000000000002,30.959752321981433,False
E1980,2.83,2.8299999999999996,1.6400000000000001,57.95053003533569,False
E1981,4.239999999999999,4.24,0.7000000000000005,16.50943396226417,True
E1982,0.91,0.91,1.82,200.0,False
E1983,5.84,5.84,0.0,0.0,True
E1984,11.67,9.629999999999999,12.280000000000001,105.22707797772065,False
E1985,3.4399999999999995,3.44,1.8199999999999996,52.906976744186046,False
E1986,2.66,2.22,0.43999999999999995,16.54135338345864,True
E1987,0.51,0.51,1.02,200.0,False
E1988,3.08,2.13,0.95,30.844155844155843,False
E1989,2.56,2.56,1.0,39.0625,False
E199,6.43,6.43,2.4600000000000004,38.258164852255064,False
E1990,3.5,1.29,2.21,63.142857142857146,False
E1991,9.19,9.190000000000001,8.72,94.88574537540806,False
E1992,0.45,0.0,0.45,100.0,False
E1993,6.58,5.42,1.1599999999999995,17.629179331306982,True
E1994,1.9,1.9,2.02,106.31578947368422,False
E1995,1.97,1.97,3.94,200.0,False
E1996,2.63,2.63,0.43999999999999995,16.730038022813687,True
E1997,1.1300000000000001,1.13,2.1,185.84070796460176,False
E1998,2.28,0.9099999999999999,1.4099999999999997,61.84210526315789,False
E1999,1.03,1.03,2.06,200.0,False
E2,1.24,1.24,0.0,0.0,True
E20,11.6,8.969999999999999,2.630000000000001,22.672413793103456,False
E200,9.21,9.21,18.42,200.0,False
E2000,1.34,1.34,2.68,200.0,False
E2001,3.04,3.04,0.32000000000000006,10.526315789473687,True
E2002,5.3,4.53,0.7699999999999998,14.52830188679245,True
E2003,0.6699999999999999,0.67,0.10000000000000003,14.925373134328366,True
E2004,4.6899999999999995,4.07,0.6199999999999992,13.219616204690816,True
E2005,1.85,1.85,1.8000000000000003,97.2972972972973,False
E2006,0.63,0.63,1.26,200.0,False
E2007,1.88,0.71,1.17,62.23404255319149,False
E2008,3.9,3.9,0.44000000000000017,11.282051282051286,True
E2009,1.46,0.64,0.82,56.16438356164384,False
E201,2.38,1.45,0.9299999999999999,39.075630252100844,False
E2010,5.46,5.46,0.7400000000000002,13.553113553113558,True
E2011,1.12,1.12,1.16,103.57142857142856,False
E2012,2.06,2.06,4.12,200.0,False
E2013,5.2700000000000005,5.2700000000000005,0.14,2.6565464895635675,True
E2014,1.5,1.5,1.86,124.0,False
E2015,2.1100000000000003,2.11,1.68,79.62085308056871,False
E2016,1.47,1.47,0.37999999999999995,25.850340136054417,False
E2017,2.29,1.3,0.99,43.23144104803493,False
E2018,2.84,0.73,2.1100000000000003,74.29577464788734,False
E2019,0.95,0.95,1.9,200.0,False
E202,3.18,1.8199999999999998,1.3600000000000003,42.767295597484285,False
E2020,0.39,0.39,0.78,200.0,False
E2021,8.27,5.46,2.81,33.97823458282951,False
E2022,1.15,1.15,0.7999999999999999,69.56521739130436,False
E2023,2.17,1.93,0.24,11.059907834101383,True
E2024,1.9,1.2,0.7000000000000001,36.8421052631579,False
E2025,9.0,9.0,2.1,23.333333333333332,False
E2026,0.22,0.22,0.44,200.0,False
E2027,1.76,1.76,0.6800000000000002,38.63636363636365,False
E2028,1.82,1.51,0.31000000000000005,17.032967032967036,True
E2029,5.03,5.03,7.9399999999999995,157.85288270377734,False
E203,9.46,9.46,1.2200000000000006,12.896405919661738,True
E2030,3.35,3.35,4.0200000000000005,120.00000000000001,False
E2031,1.9,1.9,1.7599999999999998,92.63157894736841,False
E2032,3.21,2.54,0.6700000000000002,20.872274143302185,False
E2033,5.25,5.25,0.6600000000000001,12.571428571428575,True
E2034,1.37,1.3699999999999999,0.8400000000000001,61.313868613138695,False
E2035,0.84,0.84,0.3600000000000001,42.85714285714287,False
E2036,3.3200000000000003,3.3200000000000003,0.38,11.445783132530119,True
E2037,8.29,8.29,1.1799999999999997,14.234016887816644,True
E2038,3.74,3.74,5.94,158.8235294117647,False
E2039,2.2800000000000002,2.2800000000000002,2.1400000000000006,93.85964912280703,False
E204,3.07,3.0699999999999994,1.9199999999999995,62.540716612377835,False
E2040,2.72,0.86,1.86,68.38235294117646,False
E2041,1.77,1.77,0.98,55.367231638418076,False
E2042,0.99,0.99,0.19999999999999996,20.202020202020197,False
E2043,3.8600000000000003,3.5,0.6200000000000002,16.062176165803113,True
E2044,2.42,2.42,4.140000000000001,171.07438016528928,False
E2045,8.639999999999999,8.64,1.2000000000000015,13.888888888888909,True
E2046,0.67,0.67,1.34,200.0,False
E2047,2.17,0.52,1.65,76.036866359447,False
E2048,2.3600000000000003,2.3600000000000003,0.30000000000000004,12.711864406779661,True
E2049,7.99,7.99,15.98,200.0,False
E205,1.36,1.29,0.07,5.147058823529412,True
E2050,2.1,2.1,4.2,200.0,False
E2051,5.2299999999999995,5.23,0.7800000000000006,14.913957934990451,True
E2052,1.4900000000000002,1.4900000000000002,2.2200000000000006,148.99328859060404,False
E2053,0.31,0.31,0.62,200.0,False
E2054,9.129999999999999,9.129999999999999,5.0,54.7645125958379,False
E2055,1.17,1.17,0.9199999999999999,78.63247863247864,False
E2056,0.9400000000000001,0.9400000000000001,0.56,59.57446808510639,False
E2057,1.4500000000000002,1.4500000000000002,1.12,77.24137931034483,False
E2058,1.17,1.17,0.9799999999999999,83.76068376068375,False
E2059,1.13,1.1300000000000001,0.3200000000000002,28.318584070796476,False
E206,7.31,7.3100000000000005,10.88,148.8372093023256,False
E2060,1.39,1.39,1.96,141.00719424460434,False
E2061,2.06,1.29,0.7700000000000001,37.37864077669904,False
E2062,7.38,7.38,1.4800000000000002,20.054200542005425,False
E2063,3.63,3.63,0.0,0.0,True
E2064,1.63,1.63,1.78,109.20245398773007,False
E2065,1.81,1.81,0.26,14.3646408839779,True
E2066,12.29,12.29,14.219999999999999,115.70382424735558,False
E2067,1.08,1.08,0.6399999999999999,59.259259259259245,False
E2068,3.46,3.46,6.92,200.0,False
E2069,2.8,2.8,0.5200000000000001,18.571428571428577,True
E207,8.67,8.67,4.84,55.82468281430219,False
E2070,1.8,1.8,0.30000000000000004,16.666666666666668,True
E2071,3.3099999999999996,0.97,2.34,70.69486404833837,False
E2072,3.4299999999999997,3.4299999999999997,0.3999999999999999,11.661807580174926,True
E2073,3.63,2.7,0.9299999999999999,25.619834710743802,False
E2074,2.08,2.08,0.29999999999999993,14.42307692307692,True
E2075,1.6,1.5999999999999999,0.2999999999999999,18.749999999999993,True
E2076,1.34,1.34,2.68,200.0,False
E2077,1.1099999999999999,0.98,0.1299999999999999,11.711711711711704,True
E2078,3.91,3.19,0.7200000000000002,18.41432225063939,True
E2079,3.74,3.74,0.52,13.90374331550802,True
E208,1.83,1.8299999999999998,0.36000000000000015,19.67213114754099,True
E2080,8.75,8.75,7.82,89.37142857142857,False
E2081,4.33,1.76,2.57,59.353348729792145,False
E2082,7.95,7.949999999999999,0.6800000000000002,8.553459119496857,True
E2083,11.94,11.94,1.2799999999999994,10.720268006700163,True
E2084,0.59,0.59,1.18,200.0,False
E2085,0.29,0.29,0.58,200.0,False
E2086,1.29,1.29,0.6400000000000001,49.612403100775204,False
E2087,2.45,0.52,1.9300000000000002,78.77551020408164,False
E2088,2.37,2.37,4.74,200.0,False
E2089,5.0600000000000005,3.16,1.9000000000000001,37.5494071146245,False
E209,2.62,2.62,2.02,77.09923664122137,False
E2090,1.4,1.4,1.6799999999999997,119.99999999999999,False
E2091,2.73,2.73,5.46,200.0,False
E2092,3.62,3.6199999999999997,0.43999999999999995,12.154696132596683,True
E2093,3.1,2.54,0.5600000000000003,18.064516129032267,True
E2094,1.67,1.67,1.3199999999999998,79.04191616766465,False
E2095,1.63,1.63,0.82,50.30674846625767,False
E2096,4.0,3.48,0.52,13.0,True
E2097,3.15,3.15,0.94,29.841269841269842,False
E2098,8.85,8.85,4.58,51.75141242937853,False
E2099,4.07,4.07,1.1200000000000006,27.51842751842753,False
E21,10.14,10.14,8.380000000000003,82.64299802761343,False
E210,1.55,1.55,0.1800000000000001,11.612903225806457,True
E2100,3.3000000000000003,0.81,4.11,124.54545454545455,False
E2101,3.55,3.55,1.2799999999999998,36.05633802816901,False
E2102,3.08,2.0300000000000002,3.1500000000000004,102.2727272727273,False
E2103,3.1700000000000004,1.03,2.2800000000000002,71.9242902208202,False
E2104,0.8,0.8,1.6,200.0,False
E2105,1.4,1.4,2.52,180.0,False
E2106,0.17,0.17,0.34,199.99999999999997,False
E2107,2.28,0.64,2.92,128.0701754385965,False
E2108,1.31,0.62,0.69,52.671755725190835,False
E2109,4.59,4.59,0.0,0.0,True
E211,6.79,6.79,6.3999999999999995,94.25625920471282,False
E2110,4.16,4.16,2.66,63.94230769230769,False
E2111,2.42,2.42,0.44000000000000017,18.181818181818187,True
E2112,0.99,0.99,0.76,76.76767676767678,False
E2113,5.859999999999999,5.859999999999999,0.5999999999999992,10.238907849829339,True
E2114,10.76,8.19,2.57,23.88475836431227,False
E2115,1.21,1.21,1.4,115.70247933884298,False
E2116,1.92,1.92,1.46,76.04166666666667,False
E2117,3.7899999999999996,3.7899999999999996,0.33999999999999986,8.97097625329815,True
E2118,1.44,0.51,0.93,64.58333333333334,False
E2119,1.05,1.05,0.22000000000000003,20.952380952380956,False
E212,3.74,1.6800000000000002,2.0599999999999996,55.08021390374331,False
E2120,3.8999999999999995,3.9,2.08,53.33333333333334,False
E2121,6.47,6.47,0.9000000000000001,13.910355486862445,True
E2122,3.45,3.45,6.9,200.0,False
E2123,0.56,0.56,0.26000000000000006,46.42857142857144,False
E2124,0.5900000000000001,0.5900000000000001,0.3400000000000001,57.6271186440678,False
E2125,2.03,2.03,4.06,200.0,False
E2126,2.28,2.2800000000000002,0.92,40.35087719298246,False
E2127,0.55,0.55,1.1,200.0,False
E2128,1.78,1.78,3.56,200.0,False
E2129,18.85,18.85,18.34,97.29442970822281,False
E213,1.25,1.25,2.5,200.0,False
E2130,3.6599999999999997,0.0,3.6599999999999997,99.99999999999999,False
E2131,1.6600000000000001,1.6600000000000001,1.58,95.18072289156626,False
E2132,0.42,0.42,0.84,200.0,False
E2134,0.22,0.22,0.0,0.0,True
E2135,4.0,4.0,0.38000000000000056,9.500000000000014,True
E2136,5.78,5.78,0.6800000000000002,11.764705882352944,True
E2137,2.23,2.23,4.46,200.0,False
E2138,1.4200000000000002,1.42,0.7,49.29577464788732,False
E2139,0.96,0.96,1.92,200.0,False
E214,3.28,3.2800000000000002,6.039999999999999,184.14634146341461,False
E2140,0.84,0.84,0.7,83.33333333333334,False
E2141,2.16,2.16,4.32,200.0,False
E2142,2.46,2.02,0.43999999999999995,17.886178861788615,True
E2143,2.21,1.05,1.16,52.48868778280542,False
E2144,0.5800000000000001,0.5800000000000001,0.6600000000000001,113.79310344827587,False
E2145,2.5700000000000003,2.57,0.21999999999999986,8.560311284046685,True
E2146,2.91,2.91,5.82,200.0,False
E2147,0.97,0.97,1.94,200.0,False
E2148,0.32,0.32,0.64,200.0,False
E2149,1.69,1.69,0.23999999999999994,14.201183431952659,True
E215,8.55,8.44,4.369999999999999,51.1111111111111,False
E2150,1.11,0.55,0.56,50.450450450450454,False
E2151,2.8299999999999996,2.83,0.6199999999999997,21.908127208480554,False
E2152,1.33,1.33,1.2600000000000002,94.73684210526318,False
E2153,2.19,2.19,1.94,88.58447488584476,False
E2154,0.2,0.2,0.4,200.0,False
E2155,2.26,2.26,4.52,200.0,False
E2156,1.14,0.71,0.42999999999999994,37.719298245614034,False
E2157,2.41,2.13,0.28000000000000025,11.618257261410799,True
E2158,0.5,0.5,1.0,200.0,False
E2159,2.92,2.71,0.5300000000000001,18.150684931506856,True
E216,5.109999999999999,5.11,3.34,65.36203522504893,False
E2160,0.65,0.65,0.44000000000000006,67.69230769230771,False
E2161,2.14,2.14,1.04,48.598130841121495,False
E2162,2.69,2.69,0.86,31.970260223048328,False
E2163,2.0,2.0,4.0,200.0,False
E2164,7.05,1.93,8.98,127.3758865248227,False
E2165,6.470000000000001,6.470000000000001,0.9200000000000004,14.219474497681613,True
E2166,5.77,2.2,3.57,61.871750433275565,False
E2167,1.05,1.05,1.34,127.61904761904762,False
E2168,2.1399999999999997,2.1399999999999997,1.4199999999999997,66.35514018691589,False
E2169,2.3499999999999996,1.6300000000000001,0.7199999999999998,30.638297872340416,False
E217,0.84,0.84,1.26,150.0,False
E2170,0.79,0.79,1.58,200.0,False
E2171,1.9,1.9,3.8,200.0,False
E2172,3.12,3.12,1.5999999999999999,51.28205128205128,False
E2173,1.1700000000000002,1.1700000000000002,0.1,8.547008547008545,True
E2174,2.9699999999999998,2.9699999999999998,1.5799999999999998,53.19865319865319,False
E2175,2.79,2.79,1.0,35.842293906810035,False
E2176,6.79,6.04,0.75,11.045655375552283,True
E2177,1.05,1.05,2.1,200.0,False
E2178,1.44,1.44,0.49999999999999994,34.72222222222222,False
E2179,2.5,2.5,1.86,74.4,False
E218,9.55,9.29,0.7000000000000011,7.3298429319371845,True
E2180,6.97,6.970000000000001,6.539999999999999,93.83070301291247,False
E2181,9.27,8.98,4.8500000000000005,52.31930960086301,False
E2182,0.94,0.94,0.22,23.404255319148938,False
E2183,2.0,2.0,1.94,97.0,False
E2184,0.75,0.75,0.6,80.0,False
E2185,1.69,1.69,0.9199999999999999,54.43786982248521,False
E2186,1.8499999999999999,1.5,3.0699999999999994,165.94594594594594,False
E2187,2.14,2.14,2.1,98.13084112149532,False
E2188,0.74,0.74,0.24,32.432432432432435,False
E2189,1.8399999999999999,1.8399999999999999,3.6799999999999997,200.00000000000003,False
E219,7.13,7.130000000000001,0.9600000000000004,13.464235624123429,True
E2190,1.24,1.24,0.74,59.67741935483871,False
E2191,9.06,9.06,17.4,192.0529801324503,False
E2192,5.71,5.71,1.1600000000000001,20.315236427320492,False
E2193,7.76,7.76,1.7599999999999998,22.680412371134018,False
E2194,1.31,1.31,1.08,82.44274809160305,False
E2195,2.35,2.35,4.7,200.0,False
E2196,1.61,1.61,3.22,200.0,False
E2197,17.67,4.18,20.33,115.0537634408602,False
E2198,1.79,1.79,0.8599999999999999,48.04469273743016,False
E2199,1.8800000000000001,1.8800000000000001,1.58,84.04255319148936,False
E22,1.4,1.4,0.35999999999999993,25.71428571428571,False
E220,5.23,5.23,3.5000000000000004,66.92160611854685,False
E2200,2.74,2.45,0.29000000000000004,10.583941605839417,True
E2201,4.74,4.74,0.6999999999999997,14.76793248945147,True
E2202,1.51,1.51,0.6000000000000001,39.73509933774835,False
E2203,3.36,2.51,0.8500000000000001,25.297619047619055,False
E2204,1.4100000000000001,1.4100000000000001,0.26,18.439716312056735,True
E2205,4.04,3.39,0.6499999999999999,16.089108910891085,True
E2206,1.58,1.58,0.2600000000000001,16.45569620253165,True
E2207,0.91,0.37,0.54,59.340659340659336,False
E2208,1.14,1.14,2.28,200.0,False
E2209,5.07,0.0,5.07,100.0,False
E221,8.270000000000001,6.41,2.8600000000000003,34.582829504232166,False
E2210,1.25,1.25,0.0,0.0,True
E2211,3.21,2.3,0.9100000000000001,28.348909657320878,False
E2212,2.49,2.49,2.0600000000000005,82.73092369477914,False
E2213,1.69,1.69,0.5,29.585798816568047,False
E2214,1.39,1.39,0.8799999999999999,63.30935251798561,False
E2215,2.59,2.25,0.33999999999999986,13.127413127413122,True
E2217,8.09,6.5,1.5899999999999999,19.65389369592089,True
E2218,0.63,0.63,1.26,200.0,False
E2219,1.88,1.88,1.6999999999999997,90.42553191489361,False
E222,1.3599999999999999,1.3599999999999999,0.3400000000000001,25.000000000000007,False
E2220,4.5,4.5,9.0,200.0,False
E2221,3.95,3.95,3.4400000000000004,87.08860759493672,False
E2222,1.52,1.52,0.4,26.31578947368421,False
E2223,2.3899999999999997,2.39,0.3599999999999998,15.062761506276143,True
E2224,3.47,3.47,0.54,15.561959654178674,True
E2225,1.5,1.5,3.0,200.0,False
E2226,0.38,0.38,0.76,200.0,False
E2227,3.3,3.3,1.5199999999999998,46.060606060606055,False
E2228,1.7000000000000002,1.7000000000000002,1.2600000000000002,74.11764705882354,False
E2229,4.109999999999999,4.11,0.9399999999999997,22.87104622871046,False
E223,3.04,3.04,6.08,200.0,False
E2230,2.69,2.69,5.38,200.0,False
E2231,1.4500000000000002,1.4500000000000002,1.06,73.10344827586206,False
E2232,9.51,9.51,2.4800000000000004,26.077812828601477,False
E2233,1.83,1.83,2.1,114.75409836065573,False
E2234,2.3,1.9100000000000001,0.3899999999999997,16.956521739130423,True
E2235,1.2600000000000002,0.5900000000000001,0.67,53.17460317460316,False
E2236,1.76,1.7600000000000002,0.2400000000000001,13.636363636363642,True
E2237,1.76,1.76,0.2799999999999998,15.909090909090898,True
E2238,2.34,2.34,4.68,200.0,False
E224,0.59,0.59,1.18,200.0,False
E2240,0.08,0.08,0.0,0.0,True
E2241,11.890000000000002,11.280000000000001,1.33,11.185870479394447,True
E2242,3.55,3.55,3.08,86.7605633802817,False
E2243,2.8499999999999996,2.85,1.3799999999999994,48.42105263157893,False
E2244,2.95,2.95,1.9000000000000001,64.40677966101694,False
E2245,5.62,5.62,3.4,60.49822064056939,False
E2246,2.27,2.27,0.7599999999999999,33.48017621145374,False
E2247,3.09,3.09,6.18,200.0,False
E2248,4.09,4.09,0.8999999999999997,22.004889975550117,False
E2249,4.3,4.3,4.0,93.0232558139535,False
E225,37.0,37.0,57.24,154.7027027027027,False
E2250,4.17,4.17,0.1400000000000003,3.357314148681062,True
E2251,3.13,3.13,1.0199999999999998,32.587859424920126,False
E2252,6.59,6.59,3.2800000000000002,49.77238239757208,False
E2253,4.81,4.81,1.1600000000000001,24.11642411642412,False
E2254,4.01,4.01,8.02,200.0,False
E2255,2.09,2.09,4.18,200.0,False
E2256,1.52,1.52,1.1,72.36842105263159,False
E2257,1.9699999999999998,1.9699999999999998,1.6799999999999997,85.27918781725889,False
E2258,1.3599999999999999,1.3599999999999999,2.7199999999999998,200.00000000000003,False
E2259,4.1,4.1,1.0599999999999998,25.853658536585364,False
E226,4.41,4.41,0.29999999999999993,6.802721088435372,True
E2260,14.23,14.23,28.46,200.0,False
E2261,0.78,0.78,0.7,89.74358974358974,False
E2262,18.060000000000002,18.060000000000002,36.120000000000005,200.0,False
E2263,16.57,16.57,20.4,123.11406155703077,False
E2264,2.21,2.21,0.0,0.0,True
E2265,0.87,0.87,0.0,0.0,True
E2266,2.24,2.24,4.48,200.0,False
E2267,0.11,0.11,0.0,0.0,True
E2268,4.83,4.83,0.5799999999999992,12.008281573498946,True
E2269,14.05,14.05,1.3999999999999992,9.964412811387893,True
E227,2.67,2.67,0.0,0.0,True
E2270,1.12,1.12,0.7800000000000001,69.64285714285715,False
E2271,13.75,13.75,16.439999999999998,119.56363636363635,False
E2272,0.5,0.5,0.0,0.0,True
E2273,1.25,1.25,0.41999999999999993,33.599999999999994,False
E2274,2.23,2.23,1.96,87.89237668161435,False
E2275,0.9500000000000001,0.81,0.14,14.73684210526316,True
E2276,3.45,3.45,0.72,20.869565217391305,False
E2277,2.5300000000000002,2.5300000000000002,0.20000000000000007,7.905138339920951,True
E2278,5.75,5.75,2.08,36.17391304347826,False
E2279,3.13,3.13,6.26,200.0,False
E228,3.68,3.6799999999999997,0.6600000000000004,17.934782608695663,True
E2280,6.91,5.970000000000001,0.94,13.603473227206946,True
E2281,2.7800000000000002,2.7800000000000002,0.9199999999999999,33.093525179856115,False
E2282,1.14,1.14,1.4,122.80701754385966,False
E2283,0.9,0.9,1.06,117.77777777777777,False
E2284,16.11,16.11,7.800000000000002,48.417132216014906,False
E2285,2.57,2.57,0.68,26.459143968871597,False
E2286,0.56,0.56,0.0,0.0,True
E2287,3.61,3.4699999999999998,4.06,112.46537396121883,False
E2288,3.69,3.6899999999999995,2.1400000000000006,57.99457994579947,False
E2289,2.95,2.95,3.24,109.83050847457626,False
E229,9.040000000000001,8.72,0.32000000000000006,3.539823008849558,True
E2290,12.83,8.22,6.25,48.71395167575994,False
E2291,10.049999999999999,10.049999999999999,13.02,129.55223880597018,False
E2292,2.06,2.06,2.14,103.88349514563106,False
E2293,2.93,2.93,5.86,200.0,False
E2294,6.5600000000000005,6.5600000000000005,0.41999999999999993,6.402439024390242,True
E2295,1.27,1.27,0.45999999999999996,36.22047244094488,False
E2296,2.91,2.9099999999999997,4.38,150.51546391752578,False
E2297,3.7299999999999995,2.56,1.1699999999999997,31.36729222520107,False
E2298,13.989999999999998,13.989999999999998,0.8400000000000001,6.004288777698358,True
E2299,2.34,0.6,1.74,74.35897435897436,False
E23,1.62,1.6199999999999999,1.44,88.88888888888889,False
E230,1.44,1.25,0.18999999999999995,13.19444444444444,True
E2300,2.79,2.79,2.64,94.6236559139785,False
E2301,0.93,0.93,0.0,0.0,True
E2302,14.29,14.29,28.58,200.0,False
E2303,16.1,14.469999999999999,1.6300000000000026,10.124223602484488,True
E2304,2.34,2.34,4.68,200.0,False
E2305,4.6899999999999995,4.21,0.47999999999999954,10.234541577825151,True
E2306,6.52,5.83,0.6899999999999995,10.582822085889562,True
E2307,4.13,4.13,1.8399999999999999,44.55205811138015,False
E2308,2.01,2.01,1.1799999999999997,58.70646766169153,False
E2309,0.6799999999999999,0.6799999999999999,0.49999999999999994,73.52941176470588,False
E231,2.07,2.07,4.14,200.0,False
E2310,0.7,0.7,0.8,114.28571428571429,False
E2311,6.04,6.04,7.4399999999999995,123.17880794701986,False
E2312,4.6899999999999995,4.1,0.5899999999999999,12.579957356076758,True
E2313,6.75,6.75,10.16,150.5185185185185,False
E2314,2.14,2.14,1.7600000000000002,82.24299065420561,False
E2315,1.71,1.71,0.52,30.4093567251462,False
E2316,5.369999999999999,5.369999999999999,2.84,52.88640595903166,False
E2317,7.56,7.14,4.140000000000001,54.76190476190477,False
E2318,18.33,17.54,6.65,36.27932351336607,False
E2319,5.35,4.4,0.9499999999999993,17.75700934579438,True
E232,0.41,0.41,0.82,200.0,False
E2320,1.88,1.88,0.54,28.72340425531915,False
E2321,1.56,0.58,2.14,137.17948717948718,False
E2322,2.2,2.2,4.4,200.0,False
E2323,4.1,4.1,2.92,71.21951219512195,False
E2324,27.14,24.919999999999998,3.520000000000001,12.969786293294035,True
E2325,3.28,3.28,1.04,31.707317073170735,False
E2326,12.120000000000001,12.12,1.4399999999999986,11.881188118811869,True
E2327,5.109999999999999,5.109999999999999,1.7599999999999998,34.44227005870842,False
E2328,2.5500000000000003,2.5500000000000003,1.4600000000000002,57.254901960784316,False
E2329,0.84,0.84,1.68,200.0,False
E233,9.120000000000001,9.120000000000001,7.4399999999999995,81.57894736842104,False
E2330,2.8800000000000003,2.88,0.2799999999999997,9.72222222222221,True
E2331,1.7300000000000002,1.33,0.7000000000000001,40.46242774566473,False
E2332,7.5200000000000005,7.5200000000000005,7.300000000000001,97.07446808510639,False
E2333,1.33,1.08,2.21,166.16541353383457,False
E2334,1.37,0.51,0.86,62.77372262773722,False
E2335,2.08,2.08,4.16,200.0,False
E2336,6.34,6.34,7.5,118.29652996845427,False
E2337,3.66,3.6599999999999997,0.4399999999999997,12.02185792349726,True
E2338,6.35,3.7,2.65,41.73228346456693,False
E2339,2.42,2.42,1.7799999999999998,73.55371900826445,False
E234,6.94,6.94,0.0,0.0,True
E2340,7.75,7.75,2.0400000000000005,26.3225806451613,False
E2341,6.96,6.959999999999999,3.979999999999999,57.183908045977,False
E2342,6.279999999999999,6.28,6.779999999999999,107.96178343949043,False
E2343,3.41,3.41,0.5,14.662756598240469,True
E2344,1.83,1.8299999999999998,3.32,181.4207650273224,False
E2345,1.95,1.95,0.20000000000000018,10.256410256410266,True
E2346,8.600000000000001,8.6,9.239999999999998,107.44186046511625,False
E2347,2.2199999999999998,2.2199999999999998,2.36,106.30630630630631,False
E2348,2.74,2.74,4.12,150.36496350364962,False
E2349,1.48,1.48,1.96,132.43243243243242,False
E235,11.62,11.620000000000001,1.4,12.048192771084338,True
E2350,2.05,2.05,4.1,200.0,False
E2351,3.05,3.05,4.96,162.62295081967213,False
E2352,2.58,2.58,0.5200000000000002,20.15503875968993,False
E2353,1.68,1.68,0.12000000000000005,7.142857142857146,True
E2354,1.05,1.05,2.1,200.0,False
E2355,4.62,4.62,4.959999999999999,107.35930735930734,False
E2356,0.63,0.63,1.26,200.0,False
E2357,0.8800000000000001,0.8800000000000001,0.6800000000000002,77.27272727272728,False
E2358,1.1099999999999999,0.94,0.16999999999999993,15.31531531531531,True
E2359,2.01,2.01,1.9999999999999998,99.50248756218905,False
E236,1.81,0.78,1.03,56.9060773480663,False
E2360,0.76,0.76,1.52,200.0,False
E2361,0.86,0.86,1.72,200.0,False
E2362,4.55,4.55,0.0,0.0,True
E2363,2.33,2.33,1.94,83.2618025751073,False
E2364,4.76,4.76,9.52,200.0,False
E2365,2.34,2.34,1.6600000000000001,70.94017094017094,False
E2366,1.08,1.08,0.09999999999999992,9.259259259259252,True
E2367,3.14,2.75,0.3900000000000001,12.4203821656051,True
E2368,1.59,1.59,0.35999999999999993,22.64150943396226,False
E2369,1.6800000000000002,1.6800000000000002,0.8000000000000002,47.61904761904762,False
E237,7.1,6.7299999999999995,0.61,8.591549295774648,True
E2370,2.19,0.89,1.3,59.36073059360731,False
E2371,2.84,2.51,0.33000000000000007,11.619718309859158,True
E2372,0.79,0.79,1.58,200.0,False
E2373,1.5699999999999998,0.63,0.98,62.420382165605105,False
E2374,1.03,0.91,0.12,11.650485436893204,True
E2375,1.69,1.45,0.24,14.201183431952662,True
E2376,2.74,2.74,1.7600000000000002,64.23357664233578,False
E2377,0.69,0.69,0.6399999999999999,92.7536231884058,False
E2378,0.9,0.9,1.8,200.0,False
E2379,1.51,1.34,0.16999999999999993,11.258278145695359,True
E238,0.96,0.96,1.92,200.0,False
E2380,0.93,0.93,1.86,200.0,False
E2381,0.6299999999999999,0.39,0.23999999999999996,38.095238095238095,False
E2382,2.08,2.08,0.0,0.0,True
E2383,1.74,1.74,1.56,89.65517241379311,False
E2384,2.6900000000000004,2.61,0.17999999999999983,6.691449814126386,True
E2385,2.8,2.0599999999999996,0.7400000000000002,26.42857142857144,False
E2386,2.06,2.06,0.10000000000000005,4.854368932038837,True
E2387,5.35,5.35,6.1000000000000005,114.01869158878506,False
E2388,1.08,1.08,0.8,74.07407407407408,False
E2389,2.8699999999999997,0.42,3.29,114.63414634146343,False
E239,2.51,2.51,0.47999999999999976,19.12350597609561,True
E2390,10.280000000000001,3.87,6.41,62.354085603112836,False
E2391,1.1800000000000002,0.51,0.67,56.77966101694914,False
E2392,1.99,1.99,3.98,200.0,False
E2393,1.6,1.6,1.2000000000000002,75.0,False
E2394,3.25,3.25,2.0,61.53846153846154,False
E2395,1.73,1.73,0.1600000000000001,9.248554913294802,True
E2396,4.59,4.38,0.3099999999999996,6.753812636165569,True
E2397,0.8200000000000001,0.8200000000000001,0.28,34.146341463414636,False
E2398,1.32,1.32,2.64,200.0,False
E2399,0.37,0.37,0.74,200.0,False
E24,2.37,2.37,0.2999999999999998,12.658227848101257,True
E240,1.11,1.11,2.22,200.0,False
E2400,1.07,0.96,0.1100000000000001,10.28037383177571,True
E2401,0.84,0.84,0.78,92.85714285714286,False
E2402,0.9299999999999999,0.9299999999999999,0.21999999999999997,23.65591397849462,False
E2403,1.4800000000000002,1.48,0.6199999999999999,41.89189189189187,False
E2404,0.63,0.63,1.26,200.0,False
E2405,0.53,0.53,1.06,200.0,False
E2406,10.270000000000001,10.19,0.3800000000000012,3.700097370983458,True
E2407,9.47,9.47,1.0199999999999996,10.77085533262935,True
E2408,0.6400000000000001,0.64,0.13999999999999996,21.87499999999999,False
E2409,2.5700000000000003,2.57,1.0000000000000004,38.91050583657589,False
E241,1.81,1.81,3.62,200.0,False
E2410,2.1799999999999997,2.18,0.28000000000000014,12.844036697247715,True
E2411,3.4000000000000004,3.4,0.74,21.76470588235294,False
E2412,1.51,1.51,0.14,9.271523178807948,True
E2413,0.99,0.99,1.36,137.37373737373738,False
E2414,3.7,3.7,3.92,105.94594594594594,False
E2415,1.6400000000000001,1.6400000000000001,0.7800000000000001,47.560975609756106,False
E2416,1.1,1.1,0.34,30.909090909090907,False
E2417,1.4300000000000002,1.4300000000000002,0.2600000000000001,18.181818181818187,True
E2418,4.33,4.33,1.7800000000000002,41.10854503464204,False
E2419,1.54,1.54,1.62,105.1948051948052,False
E242,1.67,1.67,2.16,129.34131736526948,False
E2420,0.63,0.63,0.4,63.492063492063494,False
E2421,1.87,1.87,0.4600000000000002,24.598930481283432,False
E2422,1.3,1.3,2.6,200.0,False
E2423,7.41,7.340000000000001,4.710000000000001,63.562753036437265,False
E2424,2.29,2.29,0.3599999999999999,15.720524017467243,True
E2425,2.1399999999999997,1.5699999999999998,0.5699999999999998,26.635514018691588,False
E2426,1.03,1.03,0.9000000000000001,87.37864077669904,False
E2427,2.0,2.0,0.0,0.0,True
E2428,0.69,0.69,0.5999999999999999,86.95652173913042,False
E2429,7.35,7.35,1.0999999999999999,14.965986394557822,True
E243,3.51,3.51,7.02,200.0,False
E2430,0.84,0.84,0.54,64.28571428571429,False
E2431,0.8600000000000001,0.86,0.10000000000000003,11.627906976744189,True
E2432,1.06,1.06,0.8600000000000001,81.13207547169812,False
E2433,1.8199999999999998,1.82,0.8800000000000001,48.351648351648365,False
E2434,1.37,1.37,2.74,199.99999999999997,False
E2435,2.33,2.33,0.7800000000000002,33.47639484978542,False
E2436,1.18,1.18,2.36,200.0,False
E2437,2.94,2.94,1.96,66.66666666666667,False
E2438,0.6,0.6,1.2,200.0,False
E2439,6.77,6.77,0.7400000000000002,10.930576070901038,True
E244,3.88,3.88,2.08,53.608247422680414,False
E2440,3.12,2.73,0.3900000000000001,12.500000000000004,True
E2441,3.23,3.23,6.46,200.0,False
E2442,0.68,0.68,1.36,199.99999999999997,False
E2443,2.67,2.67,0.44000000000000017,16.479400749063675,True
E2444,1.1,1.1,0.5800000000000001,52.72727272727273,False
E2445,1.31,1.31,0.08,6.106870229007633,True
E2446,1.6400000000000001,1.6400000000000001,0.0,0.0,True
E2447,0.2,0.2,0.4,200.0,False
E2448,0.77,0.64,0.13,16.883116883116884,True
E2449,1.24,1.24,0.2,16.129032258064516,True
E245,23.130000000000003,21.06,6.689999999999999,28.92347600518806,False
E2450,3.23,3.2299999999999995,0.35999999999999965,11.145510835913301,True
E2451,1.8,1.8,0.31999999999999984,17.777777777777768,True
E2452,1.8100000000000003,1.25,0.5600000000000002,30.93922651933702,False
E2453,1.7100000000000002,1.2000000000000002,0.51,29.824561403508767,False
E2454,3.21,3.21,0.6999999999999997,21.80685358255451,False
E2455,1.46,0.9199999999999999,0.54,36.986301369863014,False
E2456,0.62,0.62,1.24,200.0,False
E2457,0.85,0.4,0.44999999999999996,52.941176470588225,False
E2458,1.19,1.19,1.4,117.64705882352942,False
E2459,5.24,5.24,8.32,158.77862595419847,False
E246,5.95,5.95,3.5,58.8235294117647,False
E2460,34.21,0.0,34.21,100.0,False
E2461,3.79,3.79,2.76,72.82321899736148,False
E2462,4.130000000000001,4.130000000000001,1.7000000000000002,41.16222760290557,False
E2463,1.27,1.27,2.54,200.0,False
E2464,0.9,0.9,1.8,200.0,False
E2465,2.05,2.05,1.3799999999999997,67.3170731707317,False
E2466,0.76,0.7600000000000001,0.31999999999999995,42.10526315789473,False
E2467,2.73,2.42,0.31000000000000005,11.355311355311358,True
E2468,2.75,2.57,0.17999999999999994,6.545454545454543,True
E2469,2.69,2.69,0.26,9.66542750929368,True
E247,3.9699999999999998,3.9699999999999998,2.42,60.957178841309826,False
E2470,0.94,0.94,1.88,200.0,False
E2471,11.41,10.23,1.1799999999999997,10.341805433829972,True
E2472,10.239999999999998,9.23,11.61,113.37890625000001,False
E2473,3.7199999999999998,2.9000000000000004,5.88,158.06451612903226,False
E2474,9.969999999999999,9.97,1.12,11.233701103309933,True
E2475,0.63,0.63,1.26,200.0,False
E2476,2.01,2.0100000000000002,3.62,180.0995024875622,False
E2477,0.65,0.65,1.3,200.0,False
E2478,0.76,0.76,1.52,200.0,False
E2479,1.3599999999999999,1.3599999999999999,1.16,85.29411764705883,False
E248,5.22,5.220000000000001,0.38000000000000045,7.2796934865900464,True
E2480,7.06,7.06,14.12,200.0,False
E2481,4.11,3.91,0.1999999999999999,4.866180048661797,True
E2482,1.02,1.02,2.04,200.0,False
E2483,1.48,1.48,2.96,200.0,False
E2484,3.21,3.21,0.54,16.822429906542055,True
E2485,3.01,3.01,0.5800000000000001,19.269102990033225,True
E2486,2.87,2.24,0.6299999999999999,21.951219512195117,False
E2487,3.3,3.3,6.6,200.0,False
E2488,1.88,1.88,0.4800000000000002,25.531914893617035,False
E2489,2.5199999999999996,1.21,1.3099999999999998,51.98412698412698,False
E249,2.02,2.02,1.94,96.03960396039604,False
E2490,3.4699999999999998,1.66,1.81,52.1613832853026,False
E2491,1.08,0.83,0.25,23.148148148148145,False
E2492,7.48,4.640000000000001,2.84,37.967914438502675,False
E2493,1.19,0.49,0.7,58.82352941176471,False
E2494,0.98,0.98,1.96,200.0,False
E2495,2.5,2.5,0.17999999999999985,7.199999999999994,True
E2496,2.87,2.79,0.23999999999999977,8.362369337979086,True
E2497,4.48,1.6600000000000001,2.82,62.94642857142856,False
E2498,4.36,4.359999999999999,0.94,21.559633027522935,False
E2499,1.0,1.0,0.04000000000000001,4.000000000000001,True
E25,3.6399999999999997,3.17,0.46999999999999975,12.912087912087905,True
E250,3.14,3.14,3.6800000000000006,117.19745222929937,False
E2500,3.08,3.08,5.640000000000001,183.11688311688312,False
E2501,8.0,8.0,1.5800000000000007,19.75000000000001,True
E2502,0.43000000000000005,0.43000000000000005,0.86,199.99999999999997,False
E2503,1.21,1.21,0.33999999999999986,28.099173553718998,False
E2504,4.7,4.7,5.34,113.61702127659574,False
E2505,1.42,1.42,1.2399999999999998,87.32394366197181,False
E2506,1.03,1.03,0.94,91.26213592233009,False
E2507,5.76,5.76,0.4399999999999997,7.638888888888884,True
E2509,1.07,1.07,0.52,48.598130841121495,False
E251,3.38,2.64,0.74,21.893491124260354,False
E2510,0.66,0.66,1.32,200.0,False
E2511,6.47,6.470000000000001,0.5400000000000005,8.346213292117474,True
E2512,0.46,0.46,0.92,200.0,False
E2513,3.6799999999999997,3.6799999999999997,3.32,90.21739130434783,False
E2514,2.45,1.31,1.1400000000000001,46.53061224489796,False
E2515,1.3199999999999998,0.0,1.3199999999999998,99.99999999999999,False
E2516,3.01,1.18,1.8299999999999998,60.797342192691026,False
E2517,1.22,1.22,2.44,200.0,False
E2518,4.529999999999999,4.529999999999999,2.0,44.15011037527594,False
E2519,0.6,0.6,1.2,200.0,False
E252,2.14,2.14,2.74,128.0373831775701,False
E2520,3.55,3.55,1.46,41.12676056338029,False
E2521,9.129999999999999,9.13,1.0600000000000012,11.610076670317648,True
E2522,2.4699999999999998,2.4699999999999998,1.7799999999999998,72.06477732793522,False
E2523,1.1400000000000001,0.93,0.21000000000000008,18.421052631578952,True
E2524,9.46,9.46,2.72,28.752642706131077,False
E2525,4.31,4.31,8.62,200.0,False
E2526,1.95,1.9500000000000002,0.44,22.564102564102566,False
E2527,1.18,1.18,2.36,200.0,False
E2528,3.83,3.83,0.5600000000000003,14.621409921671026,True
E2529,1.04,1.04,0.5,48.07692307692307,False
E253,3.04,3.04,2.2800000000000002,75.00000000000001,False
E2530,3.5900000000000003,1.1099999999999999,4.7,130.9192200557103,False
E2531,2.63,2.63,4.700000000000001,178.70722433460082,False
E2532,0.51,0.51,0.28,54.90196078431373,False
E2533,0.51,0.51,0.30000000000000004,58.82352941176471,False
E2534,0.81,0.81,1.62,200.0,False
E2535,1.08,1.08,0.44000000000000006,40.74074074074075,False
E2536,0.37,0.37,0.74,200.0,False
E2537,0.78,0.78,1.56,200.0,False
E2538,0.52,0.52,0.26,50.0,False
E2539,0.45,0.45,0.44,97.77777777777777,False
E254,2.9699999999999998,2.97,1.3799999999999994,46.46464646464645,False
E2540,5.42,4.62,0.7999999999999998,14.760147601476012,True
E2541,7.62,7.62,1.0199999999999998,13.38582677165354,True
E2542,2.13,2.13,0.2600000000000001,12.206572769953057,True
E2543,1.38,1.38,0.8399999999999999,60.8695652173913,False
E2544,0.77,0.77,0.62,80.51948051948052,False
E2545,2.93,2.44,0.4900000000000002,16.723549488054616,True
E2546,2.47,2.47,4.94,200.0,False
E2547,2.88,1.85,1.8299999999999998,63.54166666666666,False
E2548,1.12,1.12,2.24,200.0,False
E2549,1.44,1.44,1.44,100.0,False
E255,13.4,13.399999999999999,10.819999999999999,80.7462686567164,False
E2550,1.98,1.25,1.53,77.27272727272728,False
E2551,5.06,3.94,1.4000000000000001,27.667984189723324,False
E2552,1.2,1.2,2.4,200.0,False
E2553,2.2199999999999998,2.2199999999999998,2.08,93.6936936936937,False
E2554,2.01,2.01,4.02,200.0,False
E2555,6.83,5.8100000000000005,1.0199999999999996,14.934114202049773,True
E2556,0.44,0.44,0.88,200.0,False
E2557,0.76,0.76,1.18,155.26315789473685,False
E2558,1.1099999999999999,0.75,0.36,32.432432432432435,False
E2559,1.12,1.12,0.40000000000000013,35.71428571428572,False
E256,11.620000000000001,11.620000000000001,1.0400000000000005,8.950086058519796,True
E2560,2.4899999999999998,2.4899999999999998,0.8600000000000001,34.53815261044178,False
E2561,0.98,0.42,0.56,57.14285714285715,False
E2562,1.46,1.46,1.2199999999999998,83.56164383561642,False
E2563,0.82,0.8200000000000001,0.31999999999999995,39.02439024390244,False
E2564,8.81,8.81,4.66,52.894438138478996,False
E2565,1.1099999999999999,1.11,0.5999999999999999,54.05405405405405,False
E2566,1.62,1.62,0.7999999999999999,49.382716049382715,False
E2567,1.52,1.52,3.04,200.0,False
E2568,1.52,1.52,0.6799999999999999,44.73684210526316,False
E2569,1.51,1.4100000000000001,0.31999999999999995,21.19205298013245,False
E257,11.66,11.659999999999998,4.1,35.16295025728987,False
E2570,0.96,0.96,0.45999999999999996,47.91666666666667,False
E2571,2.75,2.75,0.45999999999999996,16.727272727272727,True
E2572,1.66,1.66,2.28,137.34939759036143,False
E2573,1.83,1.44,1.5499999999999998,84.69945355191255,False
E2574,2.89,2.89,2.54,87.88927335640138,False
E2575,1.8599999999999999,1.8599999999999999,3.7199999999999998,200.0,False
E2576,2.5,1.69,0.81,32.4,False
E2577,1.7000000000000002,1.7000000000000002,0.0,0.0,True
E2578,3.66,3.66,1.6000000000000003,43.715846994535525,False
E2579,1.5,1.5,1.94,129.33333333333334,False
E258,11.55,11.549999999999999,2.3400000000000007,20.259740259740266,False
E2580,3.48,3.48,3.6,103.44827586206897,False
E2581,2.37,2.37,2.04,86.0759493670886,False
E2582,1.77,1.77,3.54,200.0,False
E2583,2.29,2.29,2.74,119.65065502183405,False
E2584,1.81,1.81,0.30000000000000004,16.574585635359117,True
E2585,4.16,4.16,4.960000000000001,119.23076923076925,False
E2586,1.44,1.44,1.42,98.61111111111111,False
E2587,2.0,2.0,0.0,0.0,True
E2588,3.2800000000000002,2.06,1.22,37.19512195121951,False
E2589,0.95,0.95,0.8199999999999998,86.3157894736842,False
E259,8.33,4.87,3.4599999999999995,41.536614645858336,False
E2590,1.33,1.33,0.54,40.6015037593985,False
E2591,21.67,21.67,14.159999999999998,65.34379326257498,False
E2592,147.82,147.82,53.61999999999999,36.273846570152884,False
E2593,3.02,3.02,0.0,0.0,True
E2594,2.0,1.75,0.24999999999999997,12.499999999999998,True
E2595,1.11,1.1099999999999999,0.3400000000000002,30.630630630630648,False
E2596,1.25,1.25,2.5,200.0,False
E2597,0.8700000000000001,0.5900000000000001,0.2800000000000001,32.18390804597701,False
E2598,0.43,0.43,0.86,200.0,False
E2599,1.2,1.2,0.5,41.66666666666667,False
E26,0.9,0.9,1.8,200.0,False
E260,7.3,7.3,5.5600000000000005,76.16438356164383,False
E2600,0.56,0.56,0.0,0.0,True
E2601,2.73,2.45,0.2799999999999998,10.256410256410248,True
E2602,0.69,0.69,0.0,0.0,True
E2603,6.0600000000000005,6.0600000000000005,2.0600000000000005,33.993399339934,False
E2604,5.02,5.02,0.0,0.0,True
E2605,5.16,5.16,0.0,0.0,True
E2607,3.0700000000000003,3.0700000000000003,0.54,17.589576547231268,True
E2608,16.06,15.05,10.41,64.81942714819428,False
E2609,1.85,1.85,0.0,0.0,True
E261,18.6,18.5,4.879999999999999,26.236559139784937,False
E2610,2.03,2.03,0.0,0.0,True
E2611,2.47,0.0,2.47,100.0,False
E2612,2.29,2.29,4.48,195.6331877729258,False
E2613,0.83,0.83,1.5999999999999999,192.7710843373494,False
E2614,1.0,1.0,0.0,0.0,True
E2615,2.58,2.58,5.16,200.0,False
E2616,8.04,8.04,16.08,200.0,False
E2617,9.959999999999999,9.959999999999999,18.339999999999996,184.13654618473893,False
E2618,0.62,0.62,1.24,200.0,False
E2619,3.0999999999999996,2.16,1.1199999999999997,36.12903225806451,False
E262,1.06,1.06,0.36000000000000004,33.962264150943405,False
E2620,3.1399999999999997,3.1399999999999997,0.0,0.0,True
E2621,0.84,0.84,0.0,0.0,True
E2622,6.6,6.6,2.0399999999999996,30.909090909090907,False
E2623,2.09,2.09,2.8,133.9712918660287,False
E2624,1.54,1.54,3.08,200.0,False
E2625,0.49,0.49,0.41999999999999993,85.71428571428571,False
E2626,8.559999999999999,8.56,1.3999999999999995,16.355140186915882,True
E2627,4.93,4.93,8.76,177.68762677484787,False
E2628,7.24,7.24,6.200000000000001,85.63535911602212,False
E2629,7.83,7.83,3.06,39.08045977011494,False
E263,9.01,9.01,1.48,16.426193118756938,True
E2630,2.1500000000000004,2.1500000000000004,2.1400000000000006,99.53488372093024,False
E2631,3.21,3.21,0.9199999999999999,28.660436137071652,False
E2632,12.600000000000001,12.600000000000001,12.32,97.77777777777777,False
E2633,3.0100000000000002,3.01,1.1,36.544850498338874,False
E2634,0.56,0.56,0.0,0.0,True
E2635,6.41,6.41,1.08,16.848673946957877,True
E2636,2.51,2.5100000000000002,0.9400000000000001,37.45019920318725,False
E2637,2.1100000000000003,2.11,0.40000000000000024,18.95734597156399,True
E2638,0.6699999999999999,0.6699999999999999,0.0,0.0,True
E2639,10.24,8.18,2.2799999999999994,22.265624999999993,False
E264,6.28,6.28,4.6,73.24840764331209,False
E2640,0.78,0.78,1.56,200.0,False
E2641,3.83,3.83,0.5,13.054830287206267,True
E2642,3.7,3.7,0.5,13.513513513513512,True
E2643,0.6,0.6,1.2,200.0,False
E2644,1.53,0.09,1.62,105.88235294117646,False
E2645,1.44,1.44,1.56,108.33333333333334,False
E2646,1.12,1.12,0.6200000000000001,55.35714285714286,False
E2647,1.94,1.94,0.13999999999999996,7.216494845360823,True
E2648,1.99,1.99,1.94,97.48743718592965,False
E2649,1.4200000000000002,1.42,0.5800000000000001,40.845070422535215,False
E265,7.1899999999999995,7.1899999999999995,2.14,29.763560500695412,False
E2650,2.31,2.31,1.92,83.11688311688312,False
E2651,1.62,1.62,3.24,200.0,False
E2652,6.16,6.16,8.120000000000001,131.81818181818184,False
E2653,1.07,1.07,2.14,200.0,False
E2654,2.8800000000000003,2.88,2.38,82.63888888888889,False
E2655,0.83,0.83,1.66,200.0,False
E2656,0.85,0.85,1.7,200.0,False
E2657,1.4700000000000002,1.4700000000000002,1.1,74.82993197278911,False
E2658,4.0600000000000005,4.0600000000000005,3.58,88.17733990147782,False
E2659,6.57,6.57,1.3399999999999999,20.395738203957382,False
E266,2.5900000000000003,2.5900000000000003,5.180000000000001,200.00000000000003,False
E2660,1.72,1.72,3.44,200.0,False
E2661,1.19,1.19,2.38,200.0,False
E2662,1.47,0.0,1.47,100.0,False
E2663,9.01,9.01,8.02,89.01220865704772,False
E2664,1.94,1.94,0.2400000000000001,12.371134020618562,True
E2665,7.0200000000000005,7.02,0.6800000000000006,9.686609686609694,True
E2666,1.6400000000000001,0.08,1.7200000000000002,104.87804878048782,False
E2667,1.22,1.22,2.44,200.0,False
E2668,5.29,5.29,3.5600000000000005,67.296786389414,False
E2669,4.82,4.82,0.6599999999999999,13.692946058091282,True
E267,7.0,7.0,14.0,200.0,False
E2670,1.2,1.2,2.4,200.0,False
E2671,7.05,7.05,1.0999999999999996,15.60283687943262,True
E2672,0.7999999999999999,0.7999999999999999,1.5999999999999999,200.00000000000003,False
E2673,0.99,0.99,1.98,200.0,False
E2674,4.1,4.1,4.06,99.02439024390243,False
E2675,4.68,4.68,1.0200000000000002,21.794871794871803,False
E2676,0.53,0.53,1.06,200.0,False
E2677,1.64,1.64,3.28,200.0,False
E2678,1.27,1.27,2.54,200.0,False
E2679,5.16,5.16,0.5600000000000003,10.852713178294579,True
E268,5.0600000000000005,4.550000000000001,0.5099999999999998,10.079051383399204,True
E2680,1.7100000000000002,1.71,0.5400000000000001,31.57894736842106,False
E2681,1.05,1.05,2.1,200.0,False
E2682,0.9199999999999999,0.9199999999999999,0.5,54.34782608695652,False
E2683,0.39,0.39,0.78,200.0,False
E2684,0.8,0.8,1.6,200.0,False
E2685,0.64,0.64,1.28,200.0,False
E2686,2.24,2.24,1.02,45.535714285714285,False
E2687,1.48,0.67,0.81,54.72972972972973,False
E2688,3.5300000000000002,3.5300000000000002,4.32,122.37960339943342,False
E2689,2.9800000000000004,2.98,0.17999999999999988,6.040268456375834,True
E269,15.62,15.620000000000001,8.24,52.752880921895006,False
E2690,1.02,0.55,0.71,69.6078431372549,False
E2691,3.55,1.9300000000000002,1.62,45.63380281690141,False
E2692,4.140000000000001,4.140000000000001,3.0,72.46376811594202,False
E2693,6.18,5.55,0.6299999999999999,10.194174757281552,True
E2694,2.57,2.57,0.12,4.669260700389105,True
E2695,1.39,1.39,2.78,200.0,False
E2696,7.65,7.65,9.200000000000001,120.26143790849675,False
E2697,2.5,2.5,5.0,200.0,False
E2698,4.5,4.5,8.24,183.11111111111111,False
E2699,6.16,6.16,2.8000000000000003,45.45454545454545,False
E27,4.23,4.23,4.26,100.70921985815602,False
E270,1.25,1.25,2.5,200.0,False
E2700,1.7,1.7,0.9199999999999999,54.11764705882353,False
E2701,0.52,0.52,1.04,200.0,False
E2702,0.32,0.32,0.64,200.0,False
E2703,1.02,1.02,0.6000000000000001,58.82352941176471,False
E2704,0.95,0.95,0.0,0.0,True
E2705,1.67,1.67,2.36,141.31736526946108,False
E2706,8.32,8.32,3.0600000000000005,36.77884615384616,False
E2707,5.18,5.18,0.5,9.652509652509654,True
E2708,2.7300000000000004,2.73,0.7799999999999997,28.571428571428555,False
E2709,1.55,1.55,3.1,200.0,False
E271,3.18,3.1799999999999997,0.47999999999999976,15.094339622641503,True
E2710,2.41,2.41,1.0600000000000003,43.98340248962656,False
E2711,1.06,1.06,2.12,200.0,False
E2712,11.379999999999999,11.38,16.299999999999997,143.23374340949033,False
E2713,4.220000000000001,4.22,1.6000000000000008,37.91469194312798,False
E2714,3.2300000000000004,3.2300000000000004,1.0200000000000002,31.57894736842106,False
E2715,12.43,12.43,9.36,75.30168946098149,False
E2716,2.89,2.89,0.7199999999999999,24.913494809688576,False
E2717,0.28,0.28,0.22000000000000003,78.57142857142858,False
E2718,1.62,1.62,0.6600000000000001,40.74074074074075,False
E2719,11.86,11.86,0.3200000000000002,2.698145025295111,True
E272,7.9,7.09,0.8100000000000005,10.253164556962032,True
E2720,0.65,0.65,1.3,200.0,False
E2721,1.71,1.7100000000000002,0.5599999999999998,32.7485380116959,False
E2722,7.12,7.119999999999999,13.54,190.1685393258427,False
E2723,1.5499999999999998,1.55,1.32,85.16129032258065,False
E2724,4.26,4.26,0.4600000000000004,10.79812206572771,True
E2725,2.87,2.87,1.04,36.23693379790941,False
E2726,1.68,1.6800000000000002,0.8600000000000001,51.190476190476204,False
E2727,2.34,2.34,0.41999999999999993,17.948717948717945,True
E2728,3.6200000000000006,3.6200000000000006,1.3400000000000003,37.01657458563536,False
E2729,0.61,0.61,1.22,200.0,False
E2730,1.04,1.04,0.9000000000000001,86.53846153846155,False
E2731,0.44,0.44,0.42,95.45454545454545,False
E2732,0.7,0.7,0.49999999999999994,71.42857142857142,False
E2733,7.710000000000001,7.709999999999999,1.7800000000000011,23.0869001297017,False
E2734,4.58,4.58,4.0600000000000005,88.646288209607,False
E2735,0.35,0.0,0.35,100.0,False
E2736,1.1,0.91,0.19000000000000006,17.272727272727277,True
E2737,2.18,2.1799999999999997,1.0600000000000003,48.623853211009184,False
E2738,16.169999999999998,16.17,24.06,148.79406307977737,False
E2739,1.1,1.1,0.0,0.0,True
E274,8.59,8.59,7.859999999999999,91.50174621653085,False
E2740,0.84,0.84,1.68,200.0,False
E2741,0.94,0.94,1.88,200.0,False
E2742,7.61,7.610000000000001,3.82,50.19710906701708,False
E2743,21.35,19.64,3.9300000000000006,18.407494145199063,True
E2744,2.8600000000000003,2.8600000000000003,2.0600000000000005,72.02797202797204,False
E2745,3.66,3.66,0.7800000000000002,21.311475409836074,False
E2746,0.41,0.41,0.82,200.0,False
E2747,1.55,1.55,1.06,68.38709677419355,False
E2748,1.9500000000000002,1.9500000000000002,0.96,49.230769230769226,False
E2749,3.48,3.48,0.9199999999999999,26.436781609195403,False
E275,6.52,6.52,9.28,142.33128834355827,False
E2750,5.05,5.05,0.6200000000000006,12.277227722772288,True
E2751,7.31,6.22,3.75,51.299589603283174,False
E2752,0.17,0.17,0.0,0.0,True
E2753,3.6,3.6,3.96,110.0,False
E2754,0.9299999999999999,0.93,1.5,161.29032258064518,False
E2755,0.75,0.7500000000000001,0.33999999999999997,45.333333333333336,False
E2756,1.12,0.46,0.66,58.92857142857142,False
E2757,2.0599999999999996,2.06,0.30000000000000004,14.563106796116509,True
E2758,1.44,1.44,0.0,0.0,True
E2759,4.05,4.05,1.6600000000000001,40.98765432098766,False
E276,4.72,4.720000000000001,3.2800000000000002,69.49152542372882,False
E2760,1.3199999999999998,1.3199999999999998,1.1399999999999997,86.36363636363635,False
E2761,3.17,0.0,3.17,100.0,False
E2762,7.2,7.2,0.0,0.0,True
E2763,1.01,1.01,2.02,200.0,False
E2764,2.39,2.3899999999999997,2.3600000000000003,98.744769874477,False
E2765,1.0,1.0,0.0799999999999999,7.99999999999999,True
E2766,24.179999999999996,24.18,1.760000000000003,7.278742762613743,True
E2767,1.15,1.15,0.9799999999999999,85.21739130434781,False
E2768,4.23,2.61,1.62,38.29787234042553,False
E2769,0.62,0.62,0.9000000000000001,145.16129032258067,False
E277,13.530000000000001,13.08,0.6100000000000003,4.508499630450852,True
E2770,0.97,0.97,1.94,200.0,False
E2771,4.8100000000000005,2.67,3.6,74.84407484407484,False
E2772,1.74,0.1,1.84,105.74712643678161,False
E2773,3.16,3.16,3.08,97.46835443037975,False
E2774,1.6,0.59,1.01,63.125,False
E2775,3.29,1.72,3.21,97.56838905775076,False
E2776,1.3599999999999999,0.0,1.3599999999999999,100.00000000000001,False
E2777,3.32,3.32,6.64,200.0,False
E2778,0.53,0.53,1.06,200.0,False
E2779,4.35,3.6499999999999995,0.7000000000000002,16.09195402298851,True
E278,19.29,19.29,10.719999999999999,55.572835666148265,False
E2780,1.68,1.49,0.18999999999999995,11.309523809523805,True
E2781,1.1,1.1,0.1600000000000001,14.54545454545455,True
E2782,1.03,1.03,0.74,71.84466019417475,False
E2783,4.35,4.35,0.3200000000000002,7.356321839080463,True
E2784,9.58,9.58,2.0399999999999996,21.294363256784965,False
E2785,1.46,1.29,0.16999999999999993,11.643835616438352,True
E2786,6.700000000000001,6.7,13.4,199.99999999999997,False
E2787,3.67,3.67,1.7599999999999998,47.95640326975476,False
E2788,1.2,1.2,0.9199999999999999,76.66666666666667,False
E2789,6.58,6.58,9.64,146.50455927051672,False
E279,2.2199999999999998,2.2199999999999998,1.1399999999999997,51.35135135135135,False
E2790,2.48,2.48,4.96,200.0,False
E2791,4.11,3.88,0.23,5.59610705596107,True
E2792,1.82,1.82,1.62,89.01098901098901,False
E2793,1.54,1.54,3.08,200.0,False
E2794,3.99,3.99,2.0600000000000005,51.62907268170427,False
E2795,1.07,1.07,2.14,200.0,False
E2796,1.1,1.1,1.1,100.0,False
E2797,2.83,2.14,0.6900000000000001,24.381625441696112,False
E2798,5.15,4.34,0.8100000000000003,15.728155339805829,True
E2799,1.5899999999999999,1.48,0.10999999999999988,6.918238993710685,True
E28,1.55,1.55,0.6600000000000001,42.58064516129033,False
E280,0.43000000000000005,0.43000000000000005,0.0,0.0,True
E2800,8.66,8.66,1.5399999999999996,17.78290993071593,True
E2801,1.1600000000000001,1.1600000000000001,0.7200000000000001,62.06896551724138,False
E2802,0.93,0.93,1.86,200.0,False
E2803,0.96,0.96,1.92,200.0,False
E2804,2.9,2.53,0.3700000000000001,12.758620689655178,True
E2805,4.14,4.14,3.0999999999999996,74.87922705314008,False
E2806,0.6,0.6,1.2,200.0,False
E2807,0.66,0.6599999999999999,0.1600000000000001,24.242424242424253,False
E2808,3.48,2.52,0.96,27.586206896551726,False
E2809,0.8400000000000001,0.53,0.31,36.9047619047619,False
E281,5.319999999999999,5.319999999999999,5.9399999999999995,111.65413533834588,False
E2810,0.4,0.4,0.8,200.0,False
E2811,1.6300000000000001,0.7,0.9300000000000002,57.05521472392638,False
E2812,1.83,1.83,3.66,200.0,False
E2815,6.82,6.82,1.2200000000000006,17.88856304985338,True
E2816,1.5899999999999999,1.1500000000000001,0.4399999999999999,27.67295597484276,False
E2817,7.92,7.92,5.640000000000001,71.21212121212122,False
E2818,0.22000000000000003,0.22000000000000003,0.0,0.0,True
E2819,10.129999999999999,10.13,0.240000000000001,2.3692003948667426,True
E282,23.81,23.56,0.3299999999999992,1.3859722805543855,True
E2820,4.98,4.84,3.3200000000000003,66.66666666666666,False
E2821,22.31,21.53,30.0,134.4688480502017,False
E2822,3.3200000000000003,3.3200000000000003,1.0200000000000002,30.722891566265066,False
E2823,3.24,3.2399999999999998,1.3199999999999996,40.740740740740726,False
E2824,2.31,2.31,0.22000000000000008,9.523809523809527,True
E2825,0.55,0.55,1.1,200.0,False
E2826,3.79,2.35,2.12,55.93667546174142,False
E2827,6.9399999999999995,6.67,0.6299999999999994,9.077809798270886,True
E2828,2.44,2.44,2.4000000000000004,98.36065573770493,False
E2829,1.22,1.22,0.24,19.672131147540984,True
E283,2.13,1.5,0.7100000000000001,33.33333333333334,False
E2830,2.45,2.45,0.8199999999999998,33.469387755102034,False
E2831,2.17,2.17,0.0,0.0,True
E2832,0.45,0.45,0.9,200.0,False
E2833,0.44,0.44,0.88,200.0,False
E2834,8.61,8.61,17.22,200.0,False
E2835,2.89,2.89,5.78,200.0,False
E2836,6.54,5.59,0.9500000000000002,14.52599388379205,True
E2837,2.18,2.18,3.48,159.63302752293578,False
E2838,1.9100000000000001,1.65,0.26000000000000023,13.612565445026188,True
E2839,33.82,33.82,67.63999999999999,199.99999999999994,False
E284,6.39,6.39,1.9799999999999995,30.98591549295774,False
E2840,0.8,0.8,0.64,80.0,False
E2841,3.0199999999999996,3.02,0.24,7.94701986754967,True
E2842,2.85,2.85,0.0,0.0,True
E2843,8.2,7.720000000000001,0.4799999999999991,5.853658536585355,True
E2844,3.25,3.25,0.6000000000000003,18.46153846153847,True
E2845,1.17,0.96,0.20999999999999996,17.948717948717945,True
E2846,0.51,0.51,1.02,200.0,False
E2847,0.49,0.49,0.48,97.95918367346938,False
E2848,2.21,2.21,2.94,133.0316742081448,False
E2849,1.83,1.83,3.66,200.0,False
E285,9.489999999999998,7.4399999999999995,2.0499999999999994,21.601685985247627,False
E2850,3.29,3.29,1.0199999999999998,31.003039513677805,False
E2851,0.85,0.85,1.7,200.0,False
E2852,3.85,3.85,4.86,126.23376623376625,False
E2853,6.8,6.8,1.5599999999999996,22.941176470588232,False
E2854,1.47,1.47,0.27999999999999986,19.047619047619037,True
E2855,2.7300000000000004,2.73,0.2599999999999999,9.523809523809518,True
E2856,1.2,1.2,0.8399999999999999,69.99999999999999,False
E2857,2.24,2.2399999999999998,1.56,69.64285714285714,False
E2858,1.66,1.6600000000000001,0.6999999999999998,42.16867469879517,False
E2859,2.5300000000000002,2.5300000000000002,0.6600000000000001,26.086956521739133,False
E286,13.2,13.2,7.379999999999999,55.90909090909091,False
E2860,1.28,1.0499999999999998,0.2300000000000002,17.968750000000018,True
E2861,3.18,3.18,1.9400000000000002,61.00628930817611,False
E2862,2.29,1.92,0.3700000000000001,16.15720524017468,True
E2863,3.04,3.04,1.54,50.6578947368421,False
E2864,2.89,2.89,0.3,10.380622837370241,True
E2865,0.49,0.49,0.98,200.0,False
E2866,0.47,0.47,0.94,200.0,False
E2867,3.42,3.4200000000000004,0.22000000000000036,6.432748538011706,True
E2868,2.05,1.73,0.31999999999999984,15.60975609756097,True
E2869,3.3,3.3,4.92,149.0909090909091,False
E287,14.809999999999999,9.690000000000001,5.5,37.13706954760298,False
E2870,1.47,1.47,0.8199999999999998,55.78231292517006,False
E2871,0.63,0.63,0.17999999999999994,28.57142857142856,False
E2872,1.79,1.79,0.30000000000000004,16.759776536312852,True
E2873,3.2699999999999996,3.27,0.3000000000000004,9.174311926605517,True
E2874,1.9900000000000002,0.67,1.32,66.33165829145727,False
E2875,4.4399999999999995,4.4399999999999995,4.039999999999999,90.99099099099098,False
E2876,0.73,0.73,0.45999999999999996,63.013698630136986,False
E2877,0.9099999999999999,0.43,0.48,52.74725274725275,False
E2878,5.97,5.449999999999999,7.58,126.96817420435511,False
E2879,0.46,0.39,0.07,15.217391304347828,True
E288,10.660000000000002,10.66,21.32,199.99999999999997,False
E2880,0.83,0.83,1.66,200.0,False
E2881,2.7,2.7,0.3200000000000003,11.851851851851862,True
E2882,2.35,2.3499999999999996,0.6599999999999999,28.085106382978715,False
E2883,2.42,2.42,1.48,61.15702479338843,False
E2884,0.43,0.43,0.86,200.0,False
E2885,1.17,1.17,0.47999999999999987,41.025641025641015,False
E2886,1.77,1.77,3.54,200.0,False
E2887,3.61,0.7,3.3899999999999997,93.90581717451522,False
E2888,0.88,0.0,0.88,100.0,False
E2889,0.47,0.47,0.94,200.0,False
E289,21.700000000000003,21.7,2.5399999999999974,11.70506912442395,True
E2890,0.99,0.9900000000000001,0.2000000000000001,20.20202020202021,False
E2891,10.690000000000001,10.69,0.8999999999999995,8.419083255378853,True
E2892,0.14,0.14,0.0,0.0,True
E2893,0.96,0.96,0.43999999999999995,45.83333333333333,False
E2894,1.01,1.01,0.38000000000000006,37.62376237623763,False
E2895,2.11,2.11,1.5399999999999998,72.98578199052132,False
E2896,2.86,2.86,3.8999999999999995,136.36363636363635,False
E2897,8.89,8.89,1.2000000000000006,13.498312710911142,True
E2898,1.51,1.51,3.02,200.0,False
E2899,0.74,0.74,0.7,94.5945945945946,False
E29,2.24,2.24,1.3599999999999999,60.71428571428571,False
E290,2.95,2.95,2.5,84.7457627118644,False
E2900,0.7,0.7,0.26,37.142857142857146,False
E2901,1.09,1.09,1.38,126.60550458715595,False
E2902,1.26,1.26,2.52,200.0,False
E2903,7.15,7.15,0.5,6.9930069930069925,True
E2904,0.86,0.0,0.86,100.0,False
E2905,3.32,3.3199999999999994,3.3199999999999994,99.99999999999999,False
E2906,0.78,0.78,1.56,200.0,False
E2907,2.87,2.87,0.6200000000000001,21.602787456446,False
E2908,2.31,1.01,1.32,57.14285714285714,False
E2909,1.42,1.42,2.84,200.0,False
E291,5.1,5.1000000000000005,1.1200000000000006,21.960784313725505,False
E2910,0.46,0.46,0.92,200.0,False
E2911,7.9399999999999995,7.9399999999999995,1.68,21.15869017632242,False
E2912,1.46,1.46,0.5799999999999998,39.72602739726027,False
E2913,1.2000000000000002,1.2000000000000002,1.1,91.66666666666667,False
E2914,1.22,1.22,0.48,39.34426229508197,False
E2915,2.33,2.33,1.0,42.918454935622314,False
E2916,1.03,1.03,2.06,200.0,False
E2917,2.46,2.46,4.92,200.0,False
E2918,2.6900000000000004,2.69,1.4000000000000001,52.0446096654275,False
E2919,5.8100000000000005,5.8100000000000005,7.300000000000001,125.64543889845096,False
E292,2.8499999999999996,2.8499999999999996,1.1800000000000002,41.403508771929836,False
E2920,15.82,12.59,5.309999999999999,33.56510745891276,False
E2921,0.65,0.65,0.32000000000000006,49.23076923076924,False
E2922,1.93,1.73,0.19999999999999996,10.362694300518132,True
E2923,0.72,0.6,0.12,16.666666666666668,True
E2924,1.8,1.8,0.2599999999999998,14.444444444444432,True
E2925,2.52,1.17,1.35,53.57142857142857,False
E2926,0.38,0.38,0.76,200.0,False
E2927,0.42,0.42,0.84,200.0,False
E2928,0.7500000000000001,0.75,0.31999999999999995,42.66666666666666,False
E2929,0.36000000000000004,0.36000000000000004,0.0,0.0,True
E293,5.21,5.210000000000001,0.6600000000000006,12.667946257197707,True
E2930,5.66,3.34,2.3200000000000003,40.989399293286226,False
E2931,0.59,0.59,1.18,200.0,False
E2932,3.16,3.16,2.58,81.64556962025316,False
E2933,1.0699999999999998,0.5,0.57,53.27102803738318,False
E2934,3.8600000000000003,3.8600000000000003,1.6600000000000001,43.005181347150256,False
E2935,3.2,2.56,0.6400000000000001,20.000000000000004,False
E2936,3.63,3.63,3.46,95.3168044077135,False
E2937,0.75,0.75,1.5,200.0,False
E2938,0.66,0.66,1.32,200.0,False
E2939,2.4299999999999997,1.7200000000000002,1.3299999999999998,54.73251028806584,False
E294,3.6100000000000003,3.6100000000000003,2.2600000000000002,62.603878116343495,False
E2940,2.8099999999999996,2.8099999999999996,0.0,0.0,True
E2941,1.4000000000000001,1.4000000000000001,0.0,0.0,True
E2942,3.61,2.71,0.9000000000000001,24.93074792243768,False
E2943,3.76,3.7600000000000002,0.18000000000000033,4.7872340425532,True
E2944,1.08,0.7000000000000001,0.38,35.18518518518518,False
E2945,1.35,1.35,1.1600000000000001,85.92592592592592,False
E2946,1.51,0.54,0.9700000000000001,64.2384105960265,False
E2947,1.85,1.85,0.6200000000000001,33.51351351351352,False
E2948,3.62,3.62,4.12,113.8121546961326,False
E2949,1.08,1.08,2.16,200.0,False
E295,3.6,3.6,0.96,26.666666666666664,False
E2950,4.59,4.59,1.08,23.529411764705884,False
E2951,0.91,0.91,1.82,200.0,False
E2952,0.79,0.79,1.58,200.0,False
E2953,7.68,7.68,15.36,200.0,False
E2954,5.95,5.95,3.1799999999999997,53.4453781512605,False
E2955,4.51,2.48,2.9899999999999998,66.29711751662971,False
E2956,4.37,4.37,1.5199999999999998,34.782608695652165,False
E2957,4.25,3.82,0.43000000000000016,10.117647058823533,True
E2958,2.48,2.48,2.0,80.64516129032258,False
E2959,2.71,2.71,2.1399999999999997,78.96678966789666,False
E296,8.780000000000001,8.780000000000001,4.44,50.569476082004556,False
E2960,2.1,0.84,2.94,140.0,False
E2961,2.02,2.02,1.7800000000000002,88.11881188118814,False
E2962,1.12,1.12,2.24,200.0,False
E2963,6.63,6.63,0.0,0.0,True
E2964,0.5,0.5,0.0,0.0,True
E2965,10.07,10.07,20.14,200.0,False
E2966,1.97,1.97,3.94,200.0,False
E2967,0.9199999999999999,0.9199999999999999,0.6,65.21739130434783,False
E2968,12.180000000000001,12.180000000000001,24.36,199.99999999999997,False
E2969,6.54,6.54,3.34,51.07033639143731,False
E297,1.74,0.9199999999999999,0.8200000000000001,47.12643678160919,False
E2970,4.52,3.72,0.7999999999999998,17.699115044247787,True
E2971,1.5500000000000003,0.65,1.58,101.93548387096773,False
E2972,3.6,2.54,1.06,29.444444444444443,False
E2973,1.01,1.01,2.02,200.0,False
E2974,4.59,4.59,2.04,44.44444444444444,False
E2975,0.16,0.16,0.0,0.0,True
E2976,1.95,1.95,0.8999999999999999,46.153846153846146,False
E2977,2.5100000000000002,0.92,1.59,63.34661354581673,False
E2978,10.54,10.540000000000001,16.94,160.72106261859585,False
E2979,2.55,2.25,0.2999999999999998,11.764705882352935,True
E298,5.95,5.95,1.6600000000000001,27.899159663865547,False
E2980,10.84,9.95,0.8899999999999992,8.210332103321027,True
E2981,3.77,3.77,6.62,175.59681697612731,False
E2982,1.0,1.0,2.0,200.0,False
E2983,2.91,2.91,2.38,81.78694158075601,False
E2984,1.7199999999999998,1.14,2.86,166.27906976744188,False
E2985,1.47,1.4700000000000002,0.7799999999999999,53.06122448979591,False
E2986,8.3,8.2,0.1,1.2048192771084336,True
E2987,1.28,1.28,2.56,200.0,False
E2988,1.12,1.12,2.24,200.0,False
E2989,5.13,5.13,0.24000000000000005,4.678362573099416,True
E299,1.83,1.83,1.0599999999999998,57.92349726775955,False
E2990,9.580000000000002,9.58,16.92,176.6179540709812,False
E2991,1.69,1.69,0.37999999999999995,22.485207100591712,False
E2992,0.55,0.55,0.44000000000000006,80.0,False
E2993,2.46,2.46,0.2799999999999999,11.382113821138208,True
E2994,2.24,0.0,2.24,100.0,False
E2995,1.86,1.6,0.26,13.978494623655914,True
E2996,1.88,1.88,3.76,200.0,False
E2997,0.45,0.45,0.9,200.0,False
E2998,1.27,1.27,2.54,200.0,False
E2999,20.58,20.58,10.399999999999999,50.534499514091344,False
E3,3.07,3.07,1.96,63.843648208469055,False
E30,11.26,9.78,1.7799999999999994,15.808170515097686,True
E300,5.96,2.26,3.7,62.080536912751676,False
E3000,11.030000000000001,11.030000000000001,2.66,24.116047144152308,False
E3001,1.61,1.61,3.22,200.0,False
E3002,1.3599999999999999,1.17,0.18999999999999995,13.970588235294114,True
E3003,1.21,0.53,0.68,56.19834710743802,False
E3004,1.45,1.45,0.6200000000000001,42.75862068965518,False
E3005,0.77,0.77,1.54,200.0,False
E3006,3.3899999999999997,3.3899999999999997,3.08,90.85545722713866,False
E3007,3.1799999999999997,3.18,2.1599999999999997,67.9245283018868,False
E3008,1.65,1.65,0.7199999999999999,43.63636363636363,False
E3009,2.7600000000000002,2.76,2.0,72.46376811594202,False
E301,5.960000000000001,5.96,9.4,157.7181208053691,False
E3010,7.72,6.37,1.3499999999999996,17.48704663212435,True
E3011,1.37,1.37,1.52,110.94890510948905,False
E3012,1.02,1.02,0.24,23.52941176470588,False
E3013,0.31000000000000005,0.31000000000000005,0.5,161.29032258064512,False
E3014,15.63,15.63,31.26,200.0,False
E3015,39.06,39.06,78.12,200.0,False
E3016,0.73,0.73,1.28,175.34246575342465,False
E3017,1.4100000000000001,1.4100000000000001,1.08,76.59574468085106,False
E3018,0.91,0.91,1.82,200.0,False
E3019,1.78,0.98,1.24,69.66292134831461,False
E302,2.31,2.31,0.9199999999999999,39.82683982683982,False
E3020,4.64,2.95,1.6899999999999997,36.422413793103445,False
E3021,1.26,1.26,0.6400000000000001,50.793650793650805,False
E3022,2.3800000000000003,1.11,2.37,99.57983193277309,False
E3023,2.01,2.01,4.02,200.0,False
E3024,0.25,0.25,0.0,0.0,True
E3025,1.42,1.42,2.84,200.0,False
E3026,3.14,3.14,1.2800000000000002,40.76433121019109,False
E3027,0.7000000000000001,0.7000000000000001,0.32,45.71428571428571,False
E3028,0.69,0.6900000000000001,1.26,182.60869565217394,False
E3029,2.73,2.73,0.56,20.512820512820515,False
E303,1.7,0.0,1.7,100.0,False
E3030,3.2399999999999998,3.24,6.48,200.00000000000003,False
E3031,1.15,1.15,0.41999999999999993,36.52173913043478,False
E3032,9.5,9.5,8.16,85.89473684210526,False
E3033,1.03,1.03,1.5,145.63106796116506,False
E3034,0.43,0.43,0.86,200.0,False
E3035,3.04,3.04,4.12,135.52631578947367,False
E3036,1.0,1.0,0.0,0.0,True
E3037,18.71,18.71,37.42,200.0,False
E3038,3.8600000000000003,3.8600000000000003,0.8999999999999997,23.316062176165794,False
E3039,2.5700000000000003,2.5700000000000003,0.56,21.78988326848249,False
E304,3.9,3.9,7.8,200.0,False
E3040,5.3100000000000005,5.31,3.3,62.146892655367225,False
E3041,2.96,2.96,0.2400000000000001,8.108108108108112,True
E3042,0.21000000000000002,0.21000000000000002,0.2,95.23809523809523,False
E3043,1.8900000000000001,1.8900000000000001,1.6,84.65608465608464,False
E3044,3.3400000000000003,3.3400000000000003,1.2000000000000002,35.92814371257485,False
E3045,1.28,1.28,1.2,93.75,False
E3046,1.9700000000000002,1.9700000000000002,0.31999999999999984,16.243654822335017,True
E3047,1.9300000000000002,0.91,1.02,52.84974093264248,False
E3048,1.97,1.97,3.94,200.0,False
E3049,4.25,4.25,0.3600000000000003,8.470588235294125,True
E305,20.97,17.44,3.529999999999998,16.83357176919408,True
E3050,1.46,0.68,0.78,53.42465753424658,False
E3051,4.07,4.07,0.8399999999999999,20.638820638820633,False
E3052,0.21,0.21,0.42,200.0,False
E3053,1.09,1.09,0.98,89.90825688073394,False
E3054,3.83,3.83,3.7,96.60574412532637,False
E3055,2.5999999999999996,2.5999999999999996,0.3799999999999999,14.615384615384611,True
E3056,0.96,0.96,1.92,200.0,False
E3057,6.17,6.17,1.4600000000000004,23.662884927066454,False
E3058,0.37,0.37,0.74,200.0,False
E3059,1.4300000000000002,1.43,0.09999999999999976,6.993006993006975,True
E306,7.72,7.72,2.9399999999999995,38.08290155440414,False
E3060,0.54,0.54,1.08,200.0,False
E3061,0.58,0.58,1.16,200.0,False
E3062,3.27,3.27,3.38,103.36391437308869,False
E3063,0.31,0.31,0.62,200.0,False
E3064,3.17,3.1700000000000004,0.4600000000000005,14.511041009463739,True
E3065,1.4100000000000001,1.4100000000000001,0.33999999999999997,24.113475177304963,False
E3066,3.27,3.27,3.22,98.47094801223241,False
E3067,9.27,9.27,0.7600000000000009,8.19848975188782,True
E3068,11.99,11.989999999999998,3.539999999999999,29.52460383653043,False
E3069,0.33999999999999997,0.3,0.03999999999999998,11.764705882352937,True
E307,8.53,8.53,6.64,77.84290738569754,False
E3070,5.75,5.75,0.4600000000000004,8.000000000000007,True
E3071,1.35,1.3499999999999999,0.30000000000000016,22.222222222222232,False
E3072,1.32,1.32,0.6000000000000001,45.45454545454546,False
E3073,2.12,2.12,4.24,200.0,False
E3074,7.85,7.85,7.16,91.21019108280255,False
E3075,5.93,5.93,4.699999999999999,79.25801011804384,False
E3076,3.84,3.84,3.8800000000000003,101.04166666666669,False
E3077,8.38,8.379999999999999,6.68,79.71360381861574,False
E3078,1.1,1.1,1.84,167.27272727272725,False
E3079,4.74,4.74,1.4599999999999997,30.801687763713073,False
E308,2.6,2.6,3.22,123.84615384615384,False
E3080,10.45,10.45,15.38,147.17703349282297,False
E3081,1.26,1.26,1.16,92.06349206349205,False
E3082,1.86,1.86,2.7,145.16129032258064,False
E3083,0.75,0.75,1.5,200.0,False
E3084,8.34,7.41,0.9299999999999997,11.151079136690644,True
E3085,7.459999999999999,7.459999999999999,0.41999999999999993,5.630026809651474,True
E3086,2.15,2.15,0.41999999999999993,19.53488372093023,True
E3087,6.2299999999999995,6.2299999999999995,0.7800000000000002,12.52006420545747,True
E3088,0.45,0.45,0.9,200.0,False
E3089,1.1400000000000001,1.1400000000000001,0.9600000000000001,84.21052631578948,False
E309,1.31,1.31,1.18,90.07633587786259,False
E3090,1.17,1.17,1.74,148.71794871794873,False
E3091,0.8,0.8,1.6,200.0,False
E3092,2.98,2.98,0.5999999999999996,20.13422818791945,False
E3093,0.8,0.8,1.6,200.0,False
E3094,0.79,0.79,0.6200000000000001,78.48101265822787,False
E3095,3.07,3.07,6.14,200.0,False
E3096,19.67,17.61,2.0600000000000023,10.472801220132192,True
E3097,0.65,0.65,0.08000000000000004,12.307692307692312,True
E3098,1.87,1.87,2.2,117.64705882352942,False
E3099,0.91,0.91,0.0,0.0,True
E31,0.47000000000000003,0.47000000000000003,0.4,85.1063829787234,False
E310,3.13,3.13,0.33999999999999997,10.86261980830671,True
E3100,2.07,2.07,0.6799999999999999,32.850241545893724,False
E3101,2.7600000000000002,1.07,1.6900000000000002,61.23188405797102,False
E3102,2.8200000000000003,0.0,2.8200000000000003,99.99999999999999,False
E3103,3.33,1.38,4.71,141.44144144144144,False
E3104,0.91,0.91,0.24,26.373626373626372,False
E3105,0.77,0.77,1.54,200.0,False
E3106,4.4399999999999995,2.3,2.64,59.45945945945947,False
E3107,0.7400000000000001,0.74,0.16000000000000003,21.621621621621625,False
E3108,3.31,3.31,1.7400000000000002,52.56797583081572,False
E3109,3.85,3.8500000000000005,6.48,168.3116883116883,False
E311,9.379999999999999,9.379999999999999,1.7599999999999998,18.763326226012794,True
E3110,0.93,0.93,0.30000000000000004,32.25806451612903,False
E3111,1.9400000000000002,1.6300000000000001,0.31,15.979381443298967,True
E3112,2.17,2.17,3.16,145.6221198156682,False
E3114,0.86,0.86,1.72,200.0,False
E3115,1.14,1.14,0.5799999999999998,50.87719298245613,False
E3116,0.87,0.87,1.74,200.0,False
E3117,3.9800000000000004,3.9800000000000004,0.8400000000000003,21.10552763819096,False
E3118,1.4,1.4,0.8599999999999999,61.42857142857142,False
E3119,1.24,1.24,1.88,151.61290322580646,False
E312,1.23,1.23,2.46,200.0,False
E3120,10.19,10.19,10.76,105.5937193326791,False
E3121,6.37,5.23,1.1399999999999992,17.896389324960744,True
E3122,57.510000000000005,55.34,5.1499999999999995,8.954964354025385,True
E3123,21.919999999999998,21.92,0.6600000000000019,3.0109489051094984,True
E3124,4.859999999999999,4.130000000000001,8.99,184.97942386831278,False
E3125,3.51,3.51,7.02,200.0,False
E3126,4.12,4.12,2.62,63.592233009708735,False
E3127,7.52,7.52,15.04,200.0,False
E3128,30.14,30.14,56.58,187.72395487723955,False
E3129,3.9,3.9,7.8,200.0,False
E313,5.73,5.73,1.1600000000000001,20.24432809773124,False
E3130,2.18,2.18,2.04,93.57798165137613,False
E3131,1.99,1.99,1.6,80.40201005025126,False
E3132,1.24,1.24,0.6199999999999999,49.999999999999986,False
E3133,1.62,1.62,3.24,200.0,False
E3134,0.19,0.19,0.38,200.0,False
E3135,0.23,0.23,0.46,200.0,False
E3136,2.2199999999999998,2.2199999999999998,0.3999999999999999,18.018018018018015,True
E3137,4.1,4.1,0.4999999999999998,12.195121951219509,True
E3138,0.8,0.8,0.43999999999999995,54.999999999999986,False
E3139,2.45,2.13,0.3200000000000003,13.06122448979593,True
E314,7.63,6.390000000000001,1.2399999999999993,16.251638269986884,True
E3140,5.34,5.34,6.84,128.08988764044943,False
E3141,1.04,1.04,0.24,23.076923076923077,False
E3142,6.48,6.38,0.1600000000000005,2.469135802469143,True
E3143,3.71,3.71,0.37999999999999995,10.242587601078165,True
E3144,2.56,2.56,0.1600000000000001,6.250000000000003,True
E3145,1.41,1.41,2.82,200.0,False
E3146,1.32,1.32,0.6400000000000001,48.48484848484849,False
E3147,3.61,3.61,2.84,78.67036011080333,False
E3148,6.369999999999999,3.55,2.8199999999999994,44.27001569858712,False
E3149,9.55,9.55,1.9800000000000004,20.73298429319372,False
E315,6.32,6.32,0.74,11.708860759493671,True
E3150,2.3899999999999997,2.3899999999999997,0.7999999999999999,33.47280334728034,False
E3151,0.19,0.19,0.38,200.0,False
E3152,4.960000000000001,4.96,8.940000000000001,180.24193548387095,False
E3153,1.1,1.1,2.2,200.0,False
E3154,3.78,3.78,0.38,10.052910052910054,True
E3155,1.9,1.9000000000000001,0.4399999999999997,23.157894736842092,False
E3156,0.15,0.15,0.3,200.0,False
E3157,1.35,1.35,2.7,200.0,False
E3158,2.61,2.61,1.4,53.639846743295024,False
E3159,1.46,1.46,0.8599999999999999,58.904109589041084,False
E316,3.81,2.19,1.7599999999999998,46.19422572178477,False
E3160,3.61,3.61,0.2599999999999999,7.202216066481991,True
E3161,3.94,3.94,1.4,35.53299492385787,False
E3162,0.33,0.33,0.66,200.0,False
E3163,0.45,0.37,0.08000000000000002,17.777777777777782,True
E3164,3.83,3.83,0.7799999999999998,20.36553524804177,False
E3165,2.87,2.87,0.6399999999999997,22.29965156794424,False
E3166,1.55,1.5499999999999998,0.7200000000000001,46.451612903225815,False
E3167,2.42,2.42,4.84,200.0,False
E3168,78.89,78.88999999999999,17.580000000000005,22.28419318037775,False
E3169,7.15,7.15,2.3800000000000003,33.28671328671329,False
E317,10.1,10.100000000000001,15.420000000000002,152.6732673267327,False
E3170,2.25,2.25,0.44,19.555555555555557,True
E3171,1.44,1.44,2.88,200.0,False
E3172,39.75,39.75,5.799999999999999,14.591194968553456,True
E3173,1.18,1.18,2.36,200.0,False
E3174,4.9399999999999995,4.9399999999999995,0.9800000000000004,19.838056680161955,True
E3175,1.2999999999999998,1.13,0.16999999999999993,13.076923076923073,True
E3176,2.74,2.74,5.48,199.99999999999997,False
E3177,3.57,3.57,1.7800000000000002,49.859943977591044,False
E3178,0.9299999999999999,0.9299999999999999,0.41999999999999993,45.16129032258064,False
E3179,0.96,0.96,1.92,200.0,False
E318,12.879999999999999,12.879999999999999,2.48,19.25465838509317,True
E3180,0.14,0.14,0.28,200.0,False
E3181,1.02,1.02,0.2799999999999999,27.450980392156854,False
E3182,0.56,0.56,1.12,200.0,False
E3183,0.44,0.44,0.88,200.0,False
E3184,0.79,0.79,1.58,200.0,False
E3185,1.76,1.76,3.52,200.0,False
E3186,2.8500000000000005,1.86,0.9900000000000002,34.736842105263165,False
E3187,7.24,6.390000000000001,0.8499999999999996,11.740331491712704,True
E3188,2.62,1.11,1.51,57.63358778625954,False
E3189,3.41,3.41,0.8199999999999998,24.046920821114366,False
E319,0.9,0.9,0.56,62.22222222222223,False
E3190,0.68,0.68,1.12,164.7058823529412,False
E3191,2.49,2.49,0.12000000000000005,4.819277108433736,True
E3192,0.28,0.28,0.56,200.0,False
E3193,7.02,7.02,0.7399999999999998,10.541310541310537,True
E3194,1.4600000000000002,1.46,0.3800000000000001,26.02739726027398,False
E3195,7.76,7.76,0.2799999999999997,3.6082474226804084,True
E3197,11.84,11.84,1.5599999999999994,13.175675675675672,True
E3198,6.88,5.640000000000001,1.2399999999999993,18.02325581395348,True
E3199,2.3400000000000003,1.9800000000000002,0.3600000000000001,15.384615384615385,True
E32,1.3,0.5,0.8,61.53846153846153,False
E320,3.98,3.98,7.96,200.0,False
E3200,1.5699999999999998,1.5699999999999998,1.1599999999999997,73.88535031847132,False
E3201,62.44,62.44,124.88,200.0,False
E3202,4.3100000000000005,4.3100000000000005,4.94,114.61716937354988,False
E3203,0.24,0.24,0.48,200.0,False
E3204,3.42,3.42,6.84,200.0,False
E3205,13.61,12.63,6.619999999999999,48.640705363703155,False
E3206,8.55,8.55,17.1,200.0,False
E3207,0.9,0.9,0.30000000000000004,33.333333333333336,False
E3208,18.35,18.35,35.04,190.95367847411444,False
E3209,2.91,2.91,0.76,26.116838487972508,False
E321,7.930000000000001,3.93,4.0,50.44136191677175,False
E3210,11.219999999999999,11.22,10.58,94.29590017825313,False
E3211,6.72,6.72,1.6800000000000006,25.00000000000001,False
E3212,3.45,3.22,2.31,66.95652173913044,False
E3213,7.890000000000001,7.0,0.8900000000000006,11.280101394169842,True
E3214,1.6800000000000002,1.6800000000000002,0.0,0.0,True
E3215,5.470000000000001,2.27,7.74,141.49908592321754,False
E3216,1.1500000000000001,1.15,0.2600000000000001,22.60869565217392,False
E3217,3.17,2.01,1.1600000000000001,36.593059936908524,False
E3218,4.15,4.15,1.5600000000000003,37.59036144578314,False
E3219,1.09,1.09,2.18,200.0,False
E322,7.18,7.18,2.4599999999999995,34.26183844011141,False
E3220,1.1400000000000001,1.01,0.13000000000000012,11.403508771929832,True
E3221,4.0,4.0,5.42,135.5,False
E3222,11.85,11.849999999999998,9.779999999999998,82.53164556962024,False
E3223,0.75,0.0,0.75,100.0,False
E3224,0.56,0.56,0.30000000000000004,53.57142857142857,False
E3225,3.4299999999999997,3.43,3.54,103.2069970845481,False
E3226,1.06,1.06,0.4,37.73584905660377,False
E3227,1.86,1.86,0.45999999999999996,24.731182795698924,False
E3228,1.66,1.66,0.62,37.34939759036145,False
E3229,0.45999999999999996,0.45999999999999996,0.19999999999999998,43.47826086956522,False
E323,10.21,10.209999999999999,2.06,20.17629774730656,False
E3230,1.8,1.8,1.12,62.22222222222223,False
E3231,0.32,0.32,0.32,100.0,False
E3232,0.64,0.64,0.4,62.5,False
E3233,1.79,1.58,0.20999999999999996,11.731843575418992,True
E3234,2.26,1.79,0.47,20.796460176991154,False
E3235,0.95,0.95,1.8399999999999999,193.6842105263158,False
E3236,4.49,4.489999999999999,4.92,109.57683741648107,False
E3237,8.780000000000001,8.780000000000001,10.440000000000001,118.90660592255126,False
E3238,1.29,1.29,2.58,200.0,False
E3239,0.43,0.43,0.86,200.0,False
E324,1.8199999999999998,1.8199999999999998,1.6999999999999997,93.4065934065934,False
E3240,0.67,0.67,0.54,80.59701492537313,False
E3241,5.16,5.16,3.94,76.35658914728683,False
E3242,2.81,2.81,0.7400000000000001,26.33451957295374,False
E3243,3.73,3.73,0.0,0.0,True
E3244,4.12,4.12,4.88,118.44660194174757,False
E3245,2.76,2.76,1.5,54.34782608695652,False
E3246,2.31,2.31,4.62,200.0,False
E3247,1.03,1.03,2.06,200.0,False
E3248,5.01,5.01,0.0,0.0,True
E3249,0.5700000000000001,0.5700000000000001,0.3400000000000001,59.64912280701755,False
E325,4.85,4.76,5.25,108.24742268041238,False
E3250,6.510000000000001,6.51,0.37999999999999956,5.837173579109056,True
E3251,0.77,0.77,0.4000000000000001,51.948051948051955,False
E3252,1.93,1.9300000000000002,0.2400000000000001,12.435233160621767,True
E3253,1.25,1.25,0.5800000000000001,46.400000000000006,False
E3254,23.03,23.03,30.94,134.3465045592705,False
E3255,8.19,8.19,15.0,183.15018315018315,False
E3256,0.9299999999999999,0.71,0.21999999999999997,23.65591397849462,False
E3257,1.35,1.12,0.22999999999999998,17.037037037037035,True
E3258,1.29,1.29,0.26,20.155038759689923,False
E3259,3.02,3.02,1.2199999999999998,40.39735099337747,False
E326,8.95,8.95,2.1999999999999997,24.581005586592177,False
E3260,0.33,0.33,0.66,200.0,False
E3261,2.4499999999999997,1.22,1.23,50.204081632653065,False
E3262,0.54,0.54,0.56,103.70370370370371,False
E3263,0.67,0.67,0.66,98.50746268656715,False
E3264,2.66,2.66,0.2799999999999998,10.526315789473676,True
E3265,9.04,9.04,2.079999999999999,23.008849557522115,False
E3266,4.01,4.01,2.2199999999999998,55.36159600997506,False
E3267,4.1899999999999995,4.1899999999999995,3.34,79.71360381861577,False
E3268,3.29,3.29,6.58,200.0,False
E3269,7.35,5.390000000000001,1.96,26.666666666666668,False
E327,5.77,4.25,1.5199999999999996,26.34315424610051,False
E3270,1.25,1.25,2.5,200.0,False
E3271,0.52,0.52,1.04,200.0,False
E3272,0.8,0.8,1.6,200.0,False
E3273,1.17,1.17,0.41999999999999993,35.89743589743589,False
E3274,0.7799999999999999,0.7799999999999999,1.24,158.97435897435898,False
E3275,1.45,1.45,1.1199999999999999,77.24137931034483,False
E3276,4.79,4.79,2.3200000000000003,48.43423799582464,False
E3277,4.37,4.37,2.16,49.4279176201373,False
E3278,5.25,5.25,1.2799999999999996,24.380952380952372,False
E3279,5.300000000000001,5.300000000000001,0.9800000000000004,18.490566037735853,True
E328,3.55,3.55,2.0199999999999996,56.90140845070421,False
E3280,1.19,0.55,0.64,53.78151260504202,False
E3281,2.1500000000000004,2.1500000000000004,2.02,93.953488372093,False
E3282,7.09,7.09,11.2,157.96897038081806,False
E3283,3.88,3.88,4.02,103.6082474226804,False
E3284,2.49,2.49,1.52,61.0441767068273,False
E3285,1.95,1.9500000000000002,1.48,75.8974358974359,False
E3286,6.9,6.8999999999999995,0.7199999999999998,10.434782608695647,True
E3287,3.61,3.0100000000000002,0.5999999999999996,16.62049861495844,True
E3288,1.07,1.07,2.14,200.0,False
E3289,0.54,0.54,1.08,200.0,False
E329,12.51,11.19,1.3200000000000003,10.551558752997604,True
E3290,4.33,4.33,1.9400000000000002,44.80369515011548,False
E3291,0.6,0.6,1.2,200.0,False
E3292,1.7599999999999998,1.47,0.2899999999999998,16.47727272727272,True
E3293,12.92,12.92,25.84,200.0,False
E3294,1.03,1.03,0.5800000000000001,56.31067961165049,False
E3295,3.1799999999999997,3.1799999999999997,1.7400000000000002,54.71698113207549,False
E3296,0.37,0.37,0.74,200.0,False
E3297,1.07,1.07,1.1600000000000001,108.41121495327104,False
E3298,1.56,1.56,1.1600000000000001,74.35897435897436,False
E3299,39.22,39.22,78.44,200.0,False
E33,23.060000000000002,23.060000000000002,29.660000000000004,128.62098872506505,False
E330,3.78,2.15,1.63,43.12169312169313,False
E3300,58.339999999999996,58.34,116.68,200.0,False
E3301,3.83,3.83,7.66,200.0,False
E3302,1.83,1.83,3.66,200.0,False
E3303,4.37,4.37,2.0999999999999996,48.054919908466815,False
E3304,3.1100000000000003,3.11,0.9799999999999998,31.511254019292593,False
E3305,0.82,0.82,1.64,200.0,False
E3306,1.2000000000000002,1.08,1.58,131.66666666666666,False
E3308,4.04,4.04,5.3,131.1881188118812,False
E3309,3.3,3.3,3.2,96.96969696969697,False
E331,4.19,4.19,8.38,200.0,False
E3310,0.18,0.18,0.36,200.0,False
E3311,1.36,1.36,1.12,82.3529411764706,False
E3312,3.69,3.69,0.5599999999999998,15.17615176151761,True
E3313,2.16,2.16,4.32,200.0,False
E3314,1.62,1.62,3.24,200.0,False
E3315,1.27,1.27,2.54,200.0,False
E3316,0.89,0.89,1.78,200.0,False
E3317,6.84,6.84,0.0,0.0,True
E3318,3.48,3.4800000000000004,6.96,200.0,False
E3319,5.8500000000000005,5.85,1.2600000000000005,21.538461538461544,False
E332,6.460000000000001,6.46,1.2800000000000005,19.814241486068116,True
E3320,1.11,1.11,2.22,200.0,False
E3321,4.18,4.18,1.4400000000000004,34.449760765550245,False
E3322,8.399999999999999,8.4,6.479999999999999,77.14285714285714,False
E3323,4.5200000000000005,4.5200000000000005,9.040000000000001,200.0,False
E3324,1.23,1.23,1.28,104.0650406504065,False
E3325,1.7999999999999998,1.7999999999999998,0.3999999999999999,22.22222222222222,False
E3326,7.1,7.1,6.68,94.08450704225352,False
E3327,1.9900000000000002,1.9900000000000002,1.3200000000000003,66.33165829145729,False
E3328,14.21,14.209999999999999,10.78,75.86206896551724,False
E3329,7.8,7.8,0.7400000000000001,9.487179487179489,True
E333,6.890000000000001,6.89,0.08000000000000093,1.161103047895514,True
E3330,2.81,2.81,1.92,68.32740213523131,False
E3331,13.160000000000002,13.16,2.1,15.957446808510635,True
E3332,2.13,0.78,1.35,63.38028169014085,False
E3333,1.81,1.81,1.6,88.39779005524862,False
E3334,9.8,9.8,19.6,200.0,False
E3335,3.2699999999999996,3.2699999999999996,6.539999999999999,200.0,False
E3336,0.7899999999999999,0.7899999999999999,0.15999999999999998,20.253164556962027,False
E3338,6.97,5.55,1.42,20.373027259684363,False
E3339,4.13,4.13,0.9199999999999999,22.276029055690074,False
E334,5.18,4.9399999999999995,7.58,146.33204633204633,False
E3340,4.03,4.03,1.2600000000000002,31.26550868486353,False
E3341,2.71,2.71,0.5400000000000001,19.926199261992625,True
E3342,0.23,0.23,0.46,200.0,False
E3343,4.73,2.25,2.48,52.43128964059196,False
E3344,6.49,2.8,9.29,143.1432973805855,False
E3345,1.6400000000000001,1.6400000000000001,1.2000000000000002,73.17073170731707,False
E3346,0.96,0.39,0.57,59.37499999999999,False
E3347,1.73,1.73,3.46,200.0,False
E3348,2.17,1.13,1.04,47.92626728110599,False
E3349,10.12,7.949999999999999,3.09,30.533596837944668,False
E335,5.359999999999999,5.359999999999999,10.719999999999999,200.00000000000003,False
E3350,2.51,2.51,0.9399999999999998,37.450199203187246,False
E3351,8.459999999999999,8.46,0.20000000000000054,2.3640661938534344,True
E3352,1.17,1.17,2.34,200.0,False
E3353,0.6699999999999999,0.6699999999999999,0.35999999999999993,53.731343283582085,False
E3354,1.3,0.75,0.5900000000000001,45.38461538461539,False
E3355,1.01,1.01,0.48,47.524752475247524,False
E3356,12.57,12.57,3.8200000000000007,30.389817024661898,False
E3357,1.15,1.15,0.6399999999999999,55.65217391304348,False
E3358,8.3,8.299999999999999,0.6199999999999997,7.469879518072284,True
E3359,1.5,1.5,1.02,68.0,False
E336,3.1799999999999997,3.1799999999999997,1.8000000000000003,56.603773584905674,False
E3360,14.990000000000002,12.72,2.2700000000000005,15.143428952635093,True
E3361,2.59,2.59,0.2999999999999999,11.58301158301158,True
E3362,1.03,1.03,0.56,54.368932038834956,False
E3363,3.97,3.97,1.7000000000000002,42.821158690176325,False
E3364,2.83,2.83,0.5199999999999998,18.374558303886918,True
E3365,0.30000000000000004,0.30000000000000004,0.26,86.66666666666666,False
E3366,3.11,3.11,2.76,88.7459807073955,False
E3367,10.450000000000001,6.93,8.260000000000002,79.04306220095694,False
E3368,2.8,2.8,1.7199999999999998,61.42857142857142,False
E3369,0.53,0.53,1.06,200.0,False
E337,10.31,10.309999999999999,0.7399999999999992,7.177497575169729,True
E3370,4.53,4.0600000000000005,0.4700000000000002,10.37527593818985,True
E3371,0.79,0.79,0.66,83.54430379746834,False
E3372,3.84,3.84,0.45999999999999996,11.979166666666668,True
E3373,2.2,1.9,0.30000000000000027,13.636363636363647,True
E3374,0.67,0.67,1.34,200.0,False
E3375,1.9400000000000002,1.9400000000000002,0.18,9.278350515463917,True
E3376,5.23,3.52,3.25,62.141491395793494,False
E3377,12.010000000000002,10.99,1.0200000000000005,8.492922564529561,True
E3378,1.1800000000000002,1.18,0.3200000000000002,27.11864406779662,False
E3379,11.98,6.970000000000001,15.31,127.79632721202003,False
E338,8.05,8.05,1.319999999999999,16.397515527950294,True
E3380,18.88,17.37,1.69,8.951271186440678,True
E3381,11.27,9.74,1.53,13.57586512866016,True
E3382,8.39,5.27,3.12,37.18712753277711,False
E3383,1.18,1.1800000000000002,2.36,200.0,False
E3384,0.66,0.66,1.32,200.0,False
E3385,2.88,2.88,2.6399999999999997,91.66666666666666,False
E3386,0.97,0.47,0.5,51.54639175257732,False
E3387,1.3900000000000001,1.3900000000000001,1.5,107.91366906474819,False
E3388,3.79,3.79,3.54,93.40369393139842,False
E339,4.6,3.36,1.2400000000000002,26.956521739130444,False
E3390,3.0,3.0,1.9800000000000002,66.00000000000001,False
E3391,6.34,6.34,0.41999999999999993,6.624605678233437,True
E3392,2.68,2.68,0.5800000000000001,21.64179104477612,False
E3393,3.09,3.09,0.6799999999999999,22.006472491909385,False
E3394,6.44,6.4399999999999995,12.879999999999999,200.0,False
E3395,1.5699999999999998,1.5699999999999998,1.7,108.28025477707007,False
E3396,5.08,5.08,1.9600000000000004,38.58267716535433,False
E3397,0.74,0.74,1.48,200.0,False
E3398,4.17,4.17,0.7,16.786570743405274,True
E3399,25.53,25.53,51.06,200.0,False
E34,1.99,1.99,0.6799999999999999,34.17085427135678,False
E340,20.810000000000002,20.810000000000002,14.44,69.38971648246034,False
E3400,8.15,4.35,3.8,46.625766871165645,False
E3401,6.449999999999999,6.449999999999999,2.26,35.03875968992248,False
E3402,0.5,0.5,0.12,24.0,False
E3403,2.04,0.0,2.04,100.0,False
E3404,2.8600000000000003,2.8600000000000003,1.56,54.54545454545454,False
E3405,4.33,4.33,4.3,99.30715935334872,False
E3406,3.21,3.21,1.0999999999999999,34.26791277258567,False
E3407,1.93,1.93,3.86,200.0,False
E3408,2.25,1.94,0.3100000000000002,13.777777777777787,True
E3409,1.08,1.08,2.16,200.0,False
E341,6.640000000000001,6.64,1.7000000000000006,25.602409638554224,False
E3410,0.9,0.9,1.8,200.0,False
E3411,5.35,4.390000000000001,0.9599999999999991,17.943925233644844,True
E3413,1.56,1.56,0.6200000000000001,39.74358974358975,False
E3414,2.44,2.44,0.8600000000000001,35.24590163934427,False
E3415,2.61,1.56,1.07,40.99616858237548,False
E3416,9.719999999999999,9.72,8.56,88.06584362139918,False
E3417,2.59,2.59,5.18,200.0,False
E3418,1.73,1.73,0.42,24.277456647398843,False
E342,2.23,2.23,4.46,200.0,False
E3420,9.379999999999999,9.38,4.959999999999999,52.87846481876332,False
E3421,6.42,4.390000000000001,2.0300000000000002,31.619937694704056,False
E3422,31.51,31.509999999999998,59.040000000000006,187.36908917803873,False
E3423,3.25,3.25,0.29999999999999993,9.230769230769228,True
E3424,9.75,9.75,15.76,161.64102564102564,False
E3425,3.4099999999999997,1.96,1.4499999999999997,42.521994134897355,False
E3426,2.78,2.27,0.5499999999999998,19.7841726618705,True
E3427,4.5200000000000005,4.5200000000000005,8.22,181.858407079646,False
E3428,1.15,1.15,0.5999999999999999,52.17391304347825,False
E3429,6.130000000000001,6.130000000000001,4.7,76.67210440456769,False
E343,1.26,1.26,2.52,200.0,False
E3430,4.87,4.87,7.220000000000001,148.2546201232033,False
E3431,2.37,2.37,0.6999999999999997,29.53586497890294,False
E3432,5.43,5.430000000000001,1.2399999999999993,22.83609576427255,False
E3433,4.02,4.02,0.1800000000000001,4.477611940298511,True
E3434,1.33,1.33,2.66,200.0,False
E3435,3.17,3.17,0.9800000000000002,30.91482649842272,False
E3436,1.62,1.62,2.58,159.25925925925924,False
E3437,1.6600000000000001,0.77,0.89,53.614457831325296,False
E3438,2.31,2.31,1.6400000000000001,70.99567099567099,False
E3439,13.45,13.45,1.8199999999999985,13.531598513011142,True
E344,11.18,7.720000000000001,7.32,65.47406082289804,False
E3440,0.46,0.46,0.92,200.0,False
E3441,2.32,2.32,0.8599999999999999,37.068965517241374,False
E3442,2.7600000000000002,2.08,0.6800000000000002,24.637681159420293,False
E3443,2.17,2.17,1.56,71.88940092165899,False
E3444,1.19,1.19,1.0,84.03361344537815,False
E3445,2.11,2.11,1.96,92.89099526066352,False
E3446,6.42,6.42,1.0399999999999991,16.199376947040484,True
E3447,1.88,1.88,0.1600000000000001,8.510638297872344,True
E3448,1.29,1.29,1.08,83.72093023255813,False
E3449,1.54,1.3099999999999998,0.2300000000000002,14.935064935064949,True
E345,2.9,2.9,5.8,200.0,False
E3450,2.3899999999999997,2.3899999999999997,2.84,118.8284518828452,False
E3451,1.95,1.95,2.96,151.7948717948718,False
E3452,3.46,1.01,2.45,70.80924855491331,False
E3453,2.3,1.44,0.8599999999999999,37.391304347826086,False
E3454,2.9699999999999998,2.9699999999999998,0.2400000000000001,8.080808080808085,True
E3455,0.7,0.7,1.4,200.0,False
E3456,0.97,0.97,0.10000000000000006,10.30927835051547,True
E3457,1.67,1.67,0.8799999999999999,52.694610778443106,False
E3458,1.51,1.16,0.35000000000000003,23.178807947019866,False
E3459,2.5700000000000003,2.5700000000000003,2.8200000000000003,109.72762645914396,False
E346,1.46,1.46,1.12,76.7123287671233,False
E3460,0.43,0.26,0.16999999999999998,39.53488372093023,False
E3461,3.17,2.17,1.0,31.545741324921135,False
E3462,7.36,7.359999999999999,2.4800000000000004,33.69565217391305,False
E3463,2.88,2.61,0.27000000000000013,9.375000000000005,True
E3464,1.76,1.76,1.08,61.36363636363637,False
E3465,1.4,1.4000000000000001,0.92,65.71428571428572,False
E3466,5.930000000000001,5.93,1.2399999999999993,20.910623946037084,False
E3467,3.5500000000000003,3.5500000000000003,0.33999999999999986,9.57746478873239,True
E3468,2.32,2.32,4.64,200.0,False
E3469,2.8,2.6,1.9800000000000002,70.71428571428572,False
E347,4.05,4.05,8.1,200.0,False
E3470,17.36,16.8,0.6800000000000006,3.917050691244243,True
E3471,2.52,1.4,1.12,44.44444444444445,False
E3472,1.98,1.98,1.52,76.76767676767678,False
E3473,1.51,1.33,0.18000000000000005,11.920529801324506,True
E3474,1.9100000000000001,1.4300000000000002,0.4800000000000001,25.130890052356023,False
E3475,2.26,1.05,1.21,53.53982300884956,False
E3476,3.01,1.9700000000000002,1.34,44.51827242524917,False
E3477,2.27,1.9500000000000002,0.31999999999999984,14.096916299559465,True
E3478,2.23,2.23,2.08,93.27354260089686,False
E3479,2.8,2.8,0.4399999999999997,15.714285714285705,True
E348,1.35,1.35,2.7,200.0,False
E3480,3.04,3.04,1.94,63.81578947368421,False
E3481,7.75,7.749999999999999,4.96,64.0,False
E3482,2.3,2.3,0.6000000000000001,26.086956521739136,False
E3483,7.47,7.47,0.9999999999999998,13.38688085676037,True
E3484,10.52,8.680000000000001,5.360000000000001,50.95057034220534,False
E3485,13.079999999999998,13.079999999999998,5.04,38.53211009174312,False
E3486,1.28,1.28,2.56,200.0,False
E3487,5.140000000000001,5.140000000000001,1.3600000000000005,26.459143968871604,False
E3488,1.81,1.81,0.20000000000000007,11.049723756906081,True
E3489,1.72,1.72,1.42,82.55813953488372,False
E349,13.95,13.95,27.9,200.0,False
E3490,1.3499999999999999,1.3499999999999999,0.33999999999999997,25.185185185185187,False
E3491,0.5,0.5,0.19999999999999998,40.0,False
E3492,1.5399999999999998,1.07,0.46999999999999986,30.519480519480513,False
E3493,1.44,1.35,0.30999999999999994,21.527777777777775,False
E3494,8.299999999999999,8.3,12.04,145.06024096385545,False
E3495,1.6400000000000001,1.6400000000000001,1.2800000000000002,78.04878048780489,False
E3496,3.88,3.88,5.22,134.53608247422682,False
E3497,4.01,4.01,8.02,200.0,False
E3498,4.6,4.6,9.2,200.0,False
E3499,5.67,4.38,1.29,22.75132275132275,False
E35,0.5,0.5,1.0,200.0,False
E350,8.96,8.96,1.42,15.848214285714285,True
E3500,2.56,2.56,5.12,200.0,False
E3501,39.35,29.77,69.12,175.6543837357052,False
E3502,27.37,27.119999999999997,36.39,132.955791012057,False
E3503,250.68,224.72,25.960000000000008,10.355832136588482,True
E3504,1.2,1.2,2.4,200.0,False
E3505,4.0,4.0,5.859999999999999,146.5,False
E3507,5.970000000000001,5.970000000000001,0.0,0.0,True
E3508,4.98,4.98,9.96,200.0,False
E3509,0.01,0.01,0.02,200.0,False
E351,2.42,2.42,0.8399999999999999,34.71074380165289,False
E3510,0.13,0.13,0.0,0.0,True
E3511,0.57,0.57,1.14,200.0,False
E3512,1.86,1.86,3.72,200.0,False
E3513,1.53,1.53,0.8599999999999999,56.20915032679738,False
E3515,43.55,43.55,87.1,200.0,False
E3516,90.6,90.6,181.2,200.0,False
E3517,2.01,2.01,0.0,0.0,True
E3518,0.35,0.35,0.0,0.0,True
E3519,32.52,32.52,65.04,200.0,False
E352,12.84,12.84,22.22,173.05295950155764,False
E3520,46.93,46.93,93.86000000000001,200.00000000000003,False
E3521,1.4900000000000002,1.49,2.62,175.8389261744966,False
E3522,2.91,2.91,0.3999999999999999,13.74570446735395,True
E3523,7.54,7.54,6.4399999999999995,85.41114058355437,False
E3524,3.1599999999999997,2.75,0.4099999999999997,12.97468354430379,True
E3525,1.54,1.54,3.08,200.0,False
E3526,5.82,5.82,1.44,24.74226804123711,False
E3527,9.68,9.68,2.659999999999999,27.479338842975196,False
E3528,7.79,7.79,0.5,6.418485237483954,True
E3529,0.26,0.26,0.52,200.0,False
E353,3.6300000000000003,3.6300000000000003,0.2000000000000001,5.509641873278239,True
E3530,1.45,1.45,2.9,200.0,False
E3531,1.63,1.63,3.26,200.0,False
E3532,7.27,6.709999999999999,1.6800000000000002,23.108665749656126,False
E3533,2.71,2.22,0.48999999999999977,18.08118081180811,True
E3534,2.64,2.6399999999999997,2.16,81.81818181818181,False
E3535,6.55,6.55,13.1,200.0,False
E3536,6.24,6.24,11.64,186.53846153846152,False
E3537,2.0,2.0,0.7600000000000001,38.00000000000001,False
E3538,10.56,7.380000000000001,3.1799999999999997,30.113636363636363,False
E3539,0.82,0.82,1.64,200.0,False
E354,2.25,2.25,1.6600000000000001,73.77777777777777,False
E3540,5.670000000000001,5.67,0.11999999999999961,2.116402116402109,True
E3541,12.18,12.18,20.84,171.10016420361248,False
E3542,66.14,43.35,22.79,34.45721197459933,False
E3543,98.47,89.97,8.639999999999993,8.774245963237528,True
E3544,73.19,62.77,10.419999999999991,14.236917611695574,True
E3545,6.140000000000001,6.14,11.88,193.48534201954396,False
E3546,0.43,0.43,0.86,200.0,False
E3547,2.45,2.45,0.6600000000000001,26.938775510204085,False
E3548,1.58,1.58,1.1800000000000002,74.68354430379748,False
E3549,7.48,7.48,10.64,142.24598930481284,False
E355,8.08,8.08,16.16,200.0,False
E3550,10.37,8.59,3.0,28.929604628736744,False
E3551,2.17,1.31,0.8600000000000001,39.631336405529964,False
E3552,8.06,7.770000000000001,6.890000000000001,85.48387096774194,False
E3553,5.5,5.5,11.0,200.0,False
E3554,1.51,1.51,3.02,200.0,False
E3555,2.27,2.27,1.46,64.31718061674009,False
E3556,2.06,2.06,4.12,200.0,False
E3557,6.66,6.66,5.040000000000001,75.67567567567569,False
E3558,10.09,10.09,2.7800000000000007,27.552031714568887,False
E3559,3.7699999999999996,3.77,1.2399999999999998,32.89124668435013,False
E356,6.72,6.720000000000001,10.08,150.0,False
E3560,4.03,4.03,1.3600000000000003,33.7468982630273,False
E3561,4.45,4.45,4.74,106.51685393258427,False
E3562,9.24,9.24,18.48,200.0,False
E3563,2.4000000000000004,2.4,0.28,11.666666666666666,True
E3564,3.58,3.02,3.0,83.79888268156425,False
E3565,2.35,2.35,1.1600000000000001,49.361702127659576,False
E3566,0.29,0.29,0.0,0.0,True
E3567,1.9300000000000002,1.9300000000000002,2.18,112.95336787564767,False
E3568,2.52,2.52,0.54,21.428571428571427,False
E3569,4.51,4.51,3.96,87.8048780487805,False
E357,4.51,4.51,8.34,184.92239467849225,False
E3570,7.46,7.46,4.859999999999999,65.14745308310991,False
E3571,0.77,0.77,1.54,200.0,False
E3572,1.73,1.73,3.46,200.0,False
E3573,1.15,1.15,2.3,200.0,False
E3574,0.78,0.78,1.56,200.0,False
E3575,1.52,1.52,3.04,200.0,False
E3576,1.01,1.01,2.02,200.0,False
E3577,0.91,0.91,0.0,0.0,True
E3578,1.8699999999999999,1.8699999999999999,3.7399999999999998,200.0,False
E3579,0.22,0.22,0.0,0.0,True
E358,15.899999999999999,10.74,5.359999999999999,33.710691823899374,False
E3580,1.63,1.63,3.26,200.0,False
E3581,13.32,13.32,0.33999999999999997,2.5525525525525525,True
E3582,2.0500000000000003,2.05,4.1,199.99999999999994,False
E3583,1.7400000000000002,1.7400000000000002,1.82,104.59770114942528,False
E3584,1.12,1.12,2.24,200.0,False
E3585,2.96,2.96,0.9199999999999999,31.08108108108108,False
E3586,9.32,9.32,18.64,200.0,False
E3587,1.31,1.31,0.0,0.0,True
E3588,2.48,2.48,1.66,66.93548387096774,False
E3589,1.21,1.21,0.8799999999999999,72.72727272727272,False
E359,4.359999999999999,4.359999999999999,1.9199999999999995,44.036697247706414,False
E3590,7.800000000000001,4.96,2.8400000000000003,36.410256410256416,False
E3591,2.05,2.05,1.3799999999999997,67.3170731707317,False
E3592,0.88,0.45,0.43,48.86363636363637,False
E3593,1.3599999999999999,1.3599999999999999,0.9599999999999999,70.58823529411764,False
E3594,2.98,2.98,5.96,200.0,False
E3595,2.12,1.75,3.03,142.9245283018868,False
E3596,10.2,10.2,0.4800000000000002,4.705882352941179,True
E3597,5.8,5.800000000000001,1.2999999999999994,22.413793103448267,False
E3598,0.3,0.3,0.6,200.0,False
E3599,1.53,1.53,3.06,200.0,False
E36,5.68,5.68,5.48,96.47887323943662,False
E360,11.579999999999998,11.579999999999998,8.52,73.57512953367876,False
E3600,3.8000000000000003,3.8000000000000003,0.8799999999999999,23.1578947368421,False
E3601,3.04,2.6,1.54,50.6578947368421,False
E3602,5.52,5.52,11.04,200.00000000000003,False
E3603,1.16,1.16,2.32,200.0,False
E3604,3.13,3.13,6.26,200.0,False
E3605,9.35,9.35,0.5600000000000008,5.989304812834234,True
E3606,3.05,1.06,2.13,69.8360655737705,False
E3607,2.54,2.09,0.4500000000000002,17.71653543307087,True
E3608,0.93,0.93,1.86,200.0,False
E3609,1.35,1.35,1.12,82.96296296296296,False
E361,7.48,6.6899999999999995,0.7900000000000009,10.56149732620322,True
E3610,4.83,4.83,4.279999999999999,88.61283643892338,False
E3611,0.64,0.64,0.68,106.25,False
E3612,2.68,1.62,1.06,39.55223880597015,False
E3613,9.870000000000001,9.870000000000001,2.9800000000000004,30.192502532928067,False
E3614,2.62,2.62,5.24,200.0,False
E3615,2.49,2.49,1.0800000000000003,43.37349397590362,False
E3616,1.51,1.51,0.8799999999999999,58.27814569536423,False
E3617,4.7700000000000005,4.77,9.54,199.99999999999994,False
E3618,4.56,4.56,9.12,200.0,False
E3619,3.5199999999999996,3.52,1.9400000000000002,55.11363636363638,False
E362,10.11,10.11,6.0600000000000005,59.940652818991104,False
E3620,1.51,1.51,3.02,200.0,False
E3621,8.51,8.33,3.6999999999999997,43.47826086956522,False
E3622,0.06,0.06,0.12,200.0,False
E3623,1.61,1.61,3.22,200.0,False
E3624,12.52,12.52,25.04,200.0,False
E3625,4.96,4.96,7.28,146.7741935483871,False
E3626,1.0999999999999999,1.0999999999999999,0.29999999999999993,27.27272727272727,False
E3627,7.84,5.06,6.76,86.22448979591837,False
E3628,1.44,1.44,0.0,0.0,True
E3629,2.0,2.0,0.45999999999999996,23.0,False
E363,6.03,6.03,12.06,200.0,False
E3630,0.98,0.98,1.96,200.0,False
E3631,0.93,0.93,1.86,200.0,False
E3632,1.11,1.11,2.22,200.0,False
E3633,10.35,10.350000000000001,1.1599999999999993,11.207729468599027,True
E3634,1.8399999999999999,1.8399999999999999,1.3199999999999998,71.7391304347826,False
E3636,2.0700000000000003,2.0700000000000003,4.140000000000001,200.0,False
E3637,4.68,4.68,1.7200000000000002,36.752136752136764,False
E3638,7.49,7.49,1.0,13.35113484646195,True
E3639,2.2199999999999998,2.2199999999999998,1.5999999999999999,72.07207207207207,False
E364,24.5,24.5,49.0,200.0,False
E3640,4.1000000000000005,4.1000000000000005,1.2200000000000002,29.756097560975608,False
E3641,0.89,0.89,0.48,53.93258426966292,False
E3642,1.67,1.67,2.64,158.08383233532936,False
E3643,1.99,1.62,0.3699999999999999,18.592964824120596,True
E3644,2.8200000000000003,2.5,0.3200000000000003,11.347517730496463,True
E3645,4.43,3.0700000000000003,1.3599999999999999,30.69977426636569,False
E3646,0.84,0.84,1.68,200.0,False
E3647,1.39,1.39,2.78,200.0,False
E3648,0.98,0.98,0.11999999999999994,12.244897959183668,True
E3649,0.69,0.69,1.38,200.00000000000003,False
E365,3.12,3.1199999999999997,6.24,200.0,False
E3650,1.77,1.02,1.4699999999999998,83.0508474576271,False
E3651,0.66,0.59,0.07000000000000006,10.606060606060614,True
E3652,1.9300000000000002,1.65,0.28000000000000025,14.507772020725401,True
E3653,7.0600000000000005,4.76,2.3000000000000007,32.57790368271955,False
E3654,2.65,2.65,0.5199999999999999,19.62264150943396,True
E3655,1.68,1.6800000000000002,1.2399999999999998,73.8095238095238,False
E3656,2.1500000000000004,0.24,1.9100000000000001,88.83720930232556,False
E3657,1.4100000000000001,1.41,0.3400000000000002,24.113475177304977,False
E3658,3.13,3.13,4.24,135.4632587859425,False
E3659,1.07,1.07,0.14000000000000012,13.084112149532722,True
E366,1.2,1.2,2.4,200.0,False
E3660,1.5,0.7899999999999999,0.7100000000000001,47.33333333333334,False
E3661,1.58,1.58,1.2800000000000002,81.01265822784812,False
E3662,11.2,10.049999999999999,1.1500000000000004,10.267857142857146,True
E3663,3.6399999999999997,3.64,3.4400000000000004,94.50549450549453,False
E3664,53.8,53.800000000000004,1.6000000000000019,2.97397769516729,True
E3665,8.77,5.640000000000001,3.5700000000000003,40.706955530216646,False
E3666,1.71,1.71,3.08,180.1169590643275,False
E3668,6.88,6.88,2.74,39.82558139534884,False
E3669,7.43,7.430000000000001,14.86,200.0,False
E367,13.69,13.69,27.38,200.0,False
E3670,9.46,9.46,1.2400000000000002,13.107822410147993,True
E3671,9.34,8.25,1.0899999999999999,11.670235546038542,True
E3672,0.96,0.84,0.12,12.5,True
E3673,2.95,2.54,0.41000000000000014,13.898305084745767,True
E3674,14.57,11.18,3.3899999999999997,23.26698695950583,False
E3675,1.14,1.14,2.28,200.0,False
E3676,8.92,7.79,11.45,128.36322869955157,False
E3677,6.99,6.99,6.66,95.27896995708154,False
E3678,6.05,6.05,5.58,92.23140495867769,False
E3679,3.48,3.48,3.26,93.67816091954023,False
E368,2.86,2.86,5.72,200.0,False
E3680,6.12,6.12,4.66,76.1437908496732,False
E3681,1.82,1.82,3.64,200.0,False
E3682,2.3200000000000003,2.3200000000000003,4.640000000000001,200.0,False
E3683,6.91,5.86,1.0499999999999998,15.195369030390736,True
E3684,4.23,4.23,8.46,200.0,False
E3685,1.3399999999999999,1.3399999999999999,0.20000000000000007,14.925373134328366,True
E3686,1.4300000000000002,1.4300000000000002,1.08,75.52447552447552,False
E3687,1.04,1.04,2.08,200.0,False
E3688,1.5899999999999999,1.5899999999999999,1.4,88.05031446540882,False
E3689,8.01,5.27,2.74,34.20724094881398,False
E369,6.7700000000000005,6.77,13.540000000000001,200.0,False
E3690,0.6,0.6,1.2,200.0,False
E3691,4.24,4.24,8.48,200.0,False
E3692,7.01,7.01,0.3799999999999995,5.420827389443645,True
E3693,7.84,7.7299999999999995,6.59,84.0561224489796,False
E3694,2.8000000000000003,2.8000000000000003,4.8,171.42857142857142,False
E3695,2.55,2.55,5.1,200.0,False
E3696,2.63,2.63,5.26,200.0,False
E3697,1.27,1.27,2.54,200.0,False
E3698,3.64,3.64,7.28,200.0,False
E3699,4.67,4.67,2.6799999999999997,57.38758029978587,False
E37,2.0300000000000002,2.0300000000000002,1.1400000000000001,56.1576354679803,False
E370,3.1099999999999994,3.11,1.58,50.80385852090033,False
E3700,6.8100000000000005,6.8100000000000005,3.6200000000000006,53.15712187958884,False
E3701,1.17,1.17,1.1,94.01709401709404,False
E3702,5.19,5.1899999999999995,10.379999999999999,199.99999999999997,False
E3703,1.77,1.77,0.43999999999999995,24.85875706214689,False
E3704,2.0,2.0,1.8199999999999998,90.99999999999999,False
E3705,2.7,2.7,1.1600000000000001,42.96296296296296,False
E3706,2.09,2.09,1.7799999999999998,85.16746411483253,False
E3707,5.32,5.32,0.8199999999999998,15.413533834586463,True
E3708,0.93,0.93,1.86,200.0,False
E3709,1.96,1.96,1.8199999999999998,92.85714285714285,False
E371,3.2199999999999998,3.2199999999999998,6.4399999999999995,200.00000000000003,False
E3710,4.27,4.27,0.0,0.0,True
E3711,2.1,2.1,4.2,200.0,False
E3712,1.35,1.35,0.0,0.0,True
E3713,3.41,3.41,1.4000000000000001,41.05571847507331,False
E3714,7.23,7.23,0.0,0.0,True
E3715,7.62,7.62,0.6599999999999999,8.661417322834644,True
E3716,1.9,1.9,3.8,200.0,False
E3717,0.68,0.68,1.36,199.99999999999997,False
E3718,9.15,9.15,16.96,185.3551912568306,False
E3719,1.04,1.04,0.74,71.15384615384615,False
E372,4.08,4.08,5.58,136.76470588235293,False
E3720,2.65,2.65,5.3,200.0,False
E3721,4.66,4.66,9.32,200.0,False
E3722,3.91,3.91,7.82,200.0,False
E3723,4.8,4.800000000000001,5.0,104.16666666666667,False
E3724,4.57,4.57,0.6999999999999998,15.31728665207877,True
E3725,7.539999999999999,7.359999999999999,0.39999999999999947,5.3050397877984015,True
E3726,3.23,3.23,2.04,63.1578947368421,False
E3727,0.87,0.87,1.74,200.0,False
E3728,2.33,2.33,2.34,100.42918454935622,False
E3729,5.359999999999999,5.359999999999999,1.3200000000000003,24.6268656716418,False
E373,12.990000000000002,12.99,25.98,199.99999999999997,False
E3730,0.38,0.38,0.0,0.0,True
E3731,5.3500000000000005,5.35,0.9399999999999988,17.5700934579439,True
E3732,3.73,3.73,3.58,95.97855227882037,False
E3733,3.24,3.24,3.1800000000000006,98.14814814814815,False
E3734,2.14,2.14,4.28,200.0,False
E3735,3.61,3.6100000000000003,0.8999999999999997,24.930747922437668,False
E3736,2.88,2.88,4.0600000000000005,140.97222222222226,False
E3737,5.709999999999999,5.709999999999999,11.419999999999998,200.0,False
E3738,2.31,2.31,1.2000000000000002,51.948051948051955,False
E3739,4.14,4.140000000000001,1.0400000000000003,25.120772946859912,False
E374,6.63,6.63,13.26,200.0,False
E3740,9.73,9.73,11.240000000000002,115.51901336074,False
E3741,5.039999999999999,5.039999999999999,4.059999999999999,80.55555555555554,False
E3742,2.79,2.79,1.8399999999999999,65.94982078853046,False
E3743,1.47,1.47,2.94,200.0,False
E3744,12.22,10.89,1.3299999999999998,10.883797054009817,True
E3745,1.0,1.0,2.0,200.0,False
E3746,8.379999999999999,8.379999999999999,0.7199999999999994,8.59188544152744,True
E3747,2.24,1.98,0.26000000000000023,11.607142857142865,True
E3748,0.28,0.28,0.56,200.0,False
E3749,2.9800000000000004,2.9800000000000004,0.43999999999999995,14.765100671140935,True
E375,21.33,21.33,42.66,200.00000000000003,False
E3750,5.9399999999999995,5.9399999999999995,6.58,110.77441077441078,False
E3751,0.95,0.95,0.39999999999999997,42.10526315789474,False
E3752,3.31,2.9699999999999998,0.3400000000000003,10.271903323262848,True
E3754,1.4000000000000001,1.4000000000000001,0.6800000000000002,48.57142857142858,False
E3755,2.54,2.54,0.4,15.748031496062993,True
E3756,2.81,2.81,0.2599999999999999,9.252669039145903,True
E3757,2.33,2.33,1.48,63.51931330472103,False
E3758,2.3,2.3,1.4599999999999997,63.47826086956521,False
E3759,0.64,0.64,1.28,200.0,False
E376,3.44,3.44,2.4,69.76744186046511,False
E3760,6.4,5.52,0.8800000000000008,13.750000000000012,True
E3761,0.89,0.76,1.01,113.48314606741573,False
E3762,10.31,10.309999999999999,8.659999999999998,83.99612027158098,False
E3763,1.55,1.55,3.1,200.0,False
E3764,23.23,23.229999999999997,18.319999999999997,78.86353852776581,False
E3765,1.9,1.9,0.3400000000000001,17.894736842105267,True
E3766,8.21,8.209999999999999,11.5,140.07308160779536,False
E3767,1.71,1.71,2.02,118.12865497076024,False
E3768,1.75,1.75,1.5,85.71428571428571,False
E3769,0.92,0.92,0.0,0.0,True
E377,5.86,5.86,9.98,170.30716723549486,False
E3770,2.2800000000000002,2.2800000000000002,0.0,0.0,True
E3771,3.08,3.08,5.140000000000001,166.88311688311688,False
E3772,6.47,6.470000000000001,2.7999999999999994,43.27666151468315,False
E3773,1.22,1.22,0.0,0.0,True
E3774,4.65,4.46,0.19000000000000014,4.086021505376347,True
E3775,13.43,12.1,5.870000000000001,43.70811615785556,False
E3776,6.03,1.37,4.66,77.28026533996683,False
E3777,4.05,4.0,5.21,128.64197530864197,False
E3778,2.04,0.84,1.2599999999999998,61.76470588235293,False
E3779,2.43,2.43,1.8599999999999999,76.5432098765432,False
E378,4.51,4.51,3.5999999999999996,79.82261640798225,False
E3780,1.4900000000000002,0.9400000000000001,0.55,36.91275167785235,False
E3781,3.18,2.92,0.30000000000000004,9.433962264150944,True
E3782,1.12,1.12,2.24,200.0,False
E3783,0.69,0.69,1.38,200.00000000000003,False
E3784,5.74,5.74,1.6999999999999997,29.616724738675952,False
E3785,0.28,0.28,0.0,0.0,True
E3786,6.1899999999999995,5.57,0.6199999999999992,10.016155088852976,True
E3787,1.35,1.35,1.58,117.03703703703702,False
E3789,0.92,0.92,1.84,200.0,False
E379,2.23,2.23,1.38,61.88340807174888,False
E3790,2.02,2.02,0.0,0.0,True
E3791,3.0,3.0,6.0,200.0,False
E3792,1.02,1.02,2.04,200.0,False
E3793,3.4000000000000004,3.4,0.4399999999999997,12.941176470588225,True
E3794,82.31,81.05999999999999,2.11000000000001,2.5634795286113596,True
E3795,17.099999999999998,17.099999999999998,34.199999999999996,200.0,False
E3796,3.1799999999999997,3.18,0.37999999999999967,11.949685534591184,True
E3797,2.06,0.15,1.9100000000000001,92.71844660194175,False
E3798,10.739999999999998,10.74,1.0400000000000014,9.683426443202993,True
E3799,3.06,3.06,5.62,183.66013071895424,False
E38,2.26,2.26,1.5799999999999998,69.91150442477876,False
E380,17.38,17.38,6.0,34.52243958573073,False
E3800,4.140000000000001,3.24,0.8999999999999999,21.739130434782602,False
E3801,8.49,8.489999999999998,0.5999999999999999,7.067137809187277,True
E3802,3.83,3.41,0.41999999999999993,10.96605744125326,True
E3803,1.27,1.27,0.9000000000000001,70.86614173228348,False
E3804,4.68,4.68,9.36,200.0,False
E3805,4.0600000000000005,3.6300000000000003,0.43000000000000016,10.59113300492611,True
E3806,1.05,1.05,2.1,200.0,False
E3807,18.060000000000002,18.060000000000002,36.120000000000005,200.0,False
E3808,2.77,2.46,0.31000000000000005,11.191335740072205,True
E3809,2.2800000000000002,2.2800000000000002,4.5600000000000005,200.0,False
E381,3.4899999999999998,3.49,0.8999999999999997,25.787965616045838,False
E3810,0.5,0.5,1.0,200.0,False
E3811,2.2199999999999998,2.2199999999999998,4.4399999999999995,200.0,False
E3812,1.75,1.75,3.5,200.0,False
E3813,1.53,1.53,3.06,200.0,False
E3814,3.0700000000000003,3.0700000000000003,0.30000000000000027,9.771986970684047,True
E3815,4.68,3.2199999999999998,1.46,31.1965811965812,False
E3816,6.74,6.0600000000000005,0.6799999999999997,10.089020771513349,True
E3817,3.01,3.01,2.88,95.68106312292359,False
E3818,1.07,1.07,2.14,200.0,False
E3819,2.29,2.29,0.7599999999999999,33.187772925764186,False
E382,3.29,3.29,0.0,0.0,True
E3820,2.22,2.2199999999999998,0.7199999999999999,32.43243243243242,False
E3821,8.58,8.58,17.16,200.0,False
E3822,2.3499999999999996,2.3499999999999996,0.47999999999999976,20.42553191489361,False
E3823,6.95,6.949999999999999,13.9,200.0,False
E3824,0.93,0.93,1.86,200.0,False
E3825,1.63,1.63,0.0,0.0,True
E3826,1.35,1.35,2.7,200.0,False
E3827,2.33,2.33,0.0,0.0,True
E3828,1.68,1.68,3.36,200.0,False
E3829,1.98,1.98,3.96,200.0,False
E383,9.32,9.32,18.64,200.0,False
E3830,2.47,2.47,0.0,0.0,True
E3831,4.27,3.84,0.4299999999999997,10.070257611241212,True
E3832,1.79,1.79,0.7999999999999999,44.6927374301676,False
E3833,4.74,4.74,0.24000000000000007,5.0632911392405076,True
E3834,2.55,2.55,0.52,20.3921568627451,False
E3835,2.05,2.05,4.1,200.0,False
E3836,0.63,0.63,1.26,200.0,False
E3837,8.74,8.74,2.1000000000000005,24.027459954233414,False
E3838,1.24,1.24,2.48,200.0,False
E384,0.75,0.75,1.5,200.0,False
E3840,2.08,2.08,1.62,77.88461538461539,False
E3841,0.66,0.66,1.32,200.0,False
E3842,1.1800000000000002,1.1800000000000002,1.1,93.22033898305085,False
E3843,2.29,2.29,0.8600000000000001,37.554585152838435,False
E3844,2.5999999999999996,2.5999999999999996,0.09999999999999983,3.84615384615384,True
E3845,4.66,4.66,2.1000000000000005,45.064377682403446,False
E3846,1.31,1.31,2.62,200.0,False
E3847,1.1,1.1,2.2,200.0,False
E3848,5.17,5.17,3.1799999999999997,61.50870406189555,False
E3849,2.5,2.5,0.0,0.0,True
E385,6.44,5.27,11.71,181.83229813664596,False
E3850,9.24,9.24,17.479999999999997,189.17748917748915,False
E3851,2.26,2.26,0.0,0.0,True
E3852,2.35,2.35,0.0,0.0,True
E3853,0.84,0.84,0.0,0.0,True
E3854,3.91,3.91,1.5200000000000002,38.874680306905375,False
E3855,3.5300000000000002,3.5300000000000002,2.9800000000000004,84.41926345609066,False
E3856,2.26,2.26,4.52,200.0,False
E3857,2.98,1.77,1.21,40.604026845637584,False
E3858,0.54,0.54,0.0,0.0,True
E3859,2.87,0.0,2.87,100.0,False
E386,0.38,0.38,0.0,0.0,True
E3860,4.74,1.44,6.18,130.37974683544303,False
E3861,3.67,3.67,0.8399999999999999,22.88828337874659,False
E3862,0.8300000000000001,0.8300000000000001,0.76,91.56626506024095,False
E3863,0.3,0.3,0.6,200.0,False
E3864,1.9200000000000002,1.59,0.33000000000000007,17.187500000000004,True
E3865,3.1999999999999997,2.7199999999999998,0.48,15.000000000000002,True
E3866,1.62,1.62,3.24,200.0,False
E3867,0.83,0.21,0.62,74.6987951807229,False
E3868,0.62,0.62,0.29999999999999993,48.38709677419354,False
E3869,1.69,1.69,0.4199999999999998,24.852071005917146,False
E387,3.06,3.06,6.12,200.0,False
E3870,3.0900000000000003,3.09,3.2600000000000002,105.50161812297733,False
E3871,1.88,1.88,1.3199999999999998,70.21276595744679,False
E3872,1.9,1.9,3.8,200.0,False
E3873,3.1100000000000003,3.1100000000000003,0.9199999999999999,29.58199356913183,False
E3874,2.3,2.3,4.6,200.0,False
E3875,0.25,0.25,0.5,200.0,False
E3876,6.5,6.5,7.800000000000001,120.00000000000001,False
E3877,4.18,4.18,1.4599999999999995,34.92822966507176,False
E3878,1.08,1.08,1.1600000000000001,107.40740740740742,False
E3879,0.64,0.64,0.26,40.625,False
E388,6.23,6.23,12.46,200.0,False
E3880,0.31,0.31,0.62,200.0,False
E3881,5.7,5.7,1.9800000000000002,34.736842105263165,False
E3882,2.31,2.31,1.2600000000000002,54.545454545454554,False
E3883,1.8399999999999999,1.44,0.3999999999999999,21.739130434782606,False
E3884,2.93,2.93,0.41999999999999993,14.334470989761089,True
E3885,1.09,1.09,2.18,200.0,False
E3886,4.92,0.98,5.9,119.91869918699187,False
E3887,3.7399999999999998,3.74,1.0199999999999998,27.27272727272727,False
E3888,7.27,7.27,3.0,41.265474552957365,False
E3889,2.27,2.27,1.2999999999999998,57.26872246696034,False
E389,3.6,3.6,7.2,200.0,False
E3890,1.04,1.04,2.08,200.0,False
E3891,1.32,1.3199999999999998,0.7800000000000001,59.0909090909091,False
E3892,7.84,7.84,4.180000000000001,53.31632653061225,False
E3893,15.23,15.23,8.7,57.12409717662507,False
E3894,0.16,0.16,0.0,0.0,True
E3895,0.08,0.08,0.0,0.0,True
E3896,1.38,1.38,2.76,200.00000000000003,False
E3897,14.41,14.41,2.1800000000000006,15.128383067314369,True
E3898,0.9500000000000001,0.9500000000000001,1.9000000000000001,200.0,False
E3899,0.96,0.96,1.92,200.0,False
E39,4.07,4.07,8.14,200.0,False
E390,4.29,4.29,8.58,200.0,False
E3900,1.07,1.07,2.14,200.0,False
E3901,2.0,2.0,4.0,200.0,False
E3902,8.809999999999999,8.809999999999999,1.08,12.258796821793418,True
E3903,3.62,3.62,7.24,200.0,False
E3904,0.12,0.12,0.24,200.0,False
E3905,0.76,0.76,0.0,0.0,True
E3906,1.4300000000000002,1.43,0.4000000000000002,27.972027972027984,False
E3907,1.72,1.72,1.08,62.7906976744186,False
E3908,0.02,0.02,0.04,200.0,False
E3909,0.47,0.47000000000000003,0.08000000000000004,17.021276595744688,True
E391,11.149999999999999,11.15,22.299999999999997,199.99999999999997,False
E3910,1.27,1.27,2.54,200.0,False
E3911,1.3399999999999999,1.3399999999999999,0.41999999999999993,31.34328358208955,False
E3912,0.42,0.42,0.84,200.0,False
E3913,16.099999999999998,15.28,0.9400000000000002,5.838509316770188,True
E3914,4.27,4.27,3.38,79.15690866510539,False
E3915,8.37,8.370000000000001,2.2000000000000015,26.284348864994044,False
E3916,6.26,6.26,4.059999999999999,64.85623003194887,False
E3917,5.37,2.34,3.0300000000000002,56.42458100558659,False
E3918,4.9,4.9,9.8,200.0,False
E3919,6.37,6.370000000000001,12.74,200.0,False
E392,13.790000000000001,13.790000000000001,10.580000000000002,76.72226250906455,False
E3920,5.41,5.41,10.32,190.75785582255082,False
E3921,8.26,8.26,16.520000000000003,200.00000000000003,False
E3922,4.470000000000001,4.470000000000001,1.2400000000000002,27.740492170022375,False
E3923,3.71,3.71,0.9800000000000004,26.41509433962265,False
E3924,0.77,0.77,1.54,200.0,False
E3925,1.75,1.52,0.22999999999999998,13.142857142857142,True
E3926,2.16,2.16,2.38,110.18518518518518,False
E3927,2.99,2.99,3.3600000000000003,112.37458193979934,False
E3928,0.8,0.8,0.3400000000000001,42.50000000000001,False
E3929,1.19,1.19,2.38,200.0,False
E393,1.25,0.49,0.76,60.8,False
E3930,2.94,2.94,0.8799999999999999,29.93197278911564,False
E3931,3.94,3.94,0.8799999999999999,22.335025380710658,False
E3932,1.03,1.03,0.94,91.26213592233009,False
E3933,1.9,1.68,0.21999999999999997,11.578947368421051,True
E3934,10.86,10.860000000000001,3.3400000000000016,30.755064456721932,False
E3935,1.51,1.07,0.43999999999999995,29.139072847682115,False
E3936,2.0,2.0,4.0,200.0,False
E3937,2.08,1.68,0.40000000000000013,19.230769230769237,True
E3938,3.1100000000000003,3.1100000000000003,3.2600000000000007,104.82315112540194,False
E3939,2.88,1.25,1.63,56.59722222222222,False
E394,1.83,1.83,2.62,143.1693989071038,False
E3940,2.7600000000000002,2.7600000000000002,1.12,40.57971014492754,False
E3941,0.67,0.67,1.34,200.0,False
E3942,6.89,6.890000000000001,4.12,59.79680696661829,False
E3943,4.59,4.3100000000000005,0.28000000000000025,6.100217864923753,True
E3944,0.4,0.4,0.8,200.0,False
E3945,8.3,6.279999999999999,2.04,24.578313253012045,False
E3946,1.59,1.59,1.82,114.46540880503144,False
E3947,8.56,8.559999999999999,9.72,113.55140186915888,False
E3948,9.36,7.9399999999999995,14.26,152.35042735042737,False
E3949,0.9099999999999999,0.77,0.1399999999999999,15.384615384615374,True
E395,7.42,6.63,0.79,10.64690026954178,True
E3950,1.22,1.22,0.94,77.04918032786885,False
E3951,3.8899999999999997,3.8899999999999997,0.0,0.0,True
E3952,3.12,2.84,0.6000000000000004,19.230769230769244,True
E3953,2.75,2.45,0.2999999999999998,10.909090909090903,True
E3954,7.799999999999999,7.799999999999999,15.599999999999998,200.0,False
E3956,29.41,29.41,43.84,149.0649438966338,False
E3957,8.36,8.36,0.9000000000000004,10.765550239234454,True
E3958,8.02,7.26,0.7600000000000007,9.476309226932678,True
E3959,7.64,7.64,1.0199999999999998,13.350785340314134,True
E396,3.37,3.37,3.04,90.20771513353115,False
E3960,9.46,9.459999999999999,8.579999999999998,90.69767441860462,False
E3961,0.25,0.25,0.5,200.0,False
E3962,6.95,6.95,0.0,0.0,True
E3963,3.0100000000000002,2.13,3.6,119.60132890365448,False
E3964,3.13,3.13,0.40000000000000013,12.779552715654956,True
E3965,3.3200000000000003,2.92,0.40000000000000036,12.048192771084347,True
E3966,1.28,1.28,2.56,200.0,False
E3967,2.15,2.15,4.3,200.0,False
E3968,2.05,2.05,0.16000000000000003,7.80487804878049,True
E3969,1.13,1.13,0.4999999999999999,44.24778761061946,False
E397,4.7,4.7,1.0399999999999996,22.127659574468076,False
E3970,1.34,0.45,0.89,66.41791044776119,False
E3971,2.34,1.2999999999999998,3.6399999999999997,155.55555555555554,False
E3972,9.06,9.06,1.5599999999999996,17.218543046357613,True
E3973,9.559999999999999,5.99,3.5699999999999994,37.34309623430962,False
E3974,0.5,0.5,1.0,200.0,False
E3975,4.7,4.7,3.78,80.42553191489361,False
E3976,4.35,4.3500000000000005,0.9799999999999993,22.528735632183892,False
E3977,16.11,16.11,8.979999999999999,55.74177529484791,False
E3978,1.38,1.38,0.32000000000000006,23.188405797101456,False
E3979,3.9400000000000004,3.94,0.8,20.30456852791878,False
E398,5.48,4.91,0.5699999999999998,10.401459854014595,True
E3980,1.33,1.33,2.66,200.0,False
E3981,4.08,4.08,7.199999999999999,176.4705882352941,False
E3982,8.23,8.23,16.46,200.0,False
E3983,2.94,2.94,0.21999999999999986,7.4829931972789065,True
E3984,7.08,7.08,13.8,194.91525423728814,False
E3985,1.4300000000000002,1.4300000000000002,1.9400000000000002,135.66433566433568,False
E3986,3.02,3.02,0.15999999999999986,5.298013245033108,True
E3987,3.17,2.81,0.3599999999999999,11.356466876971604,True
E3988,6.590000000000001,5.64,0.9500000000000006,14.415781487101675,True
E3989,11.350000000000001,10.63,7.260000000000001,63.9647577092511,False
E399,2.63,2.63,0.7599999999999999,28.89733840304182,False
E3990,3.3899999999999997,2.9499999999999997,0.43999999999999995,12.979351032448376,True
E3991,1.56,1.29,0.27,17.307692307692307,True
E3992,0.78,0.78,0.0,0.0,True
E3993,2.46,2.46,1.58,64.22764227642277,False
E3994,7.329999999999999,1.74,5.589999999999999,76.2619372442019,False
E3995,3.11,2.76,0.3500000000000001,11.254019292604504,True
E3996,0.9,0.0,0.9,100.0,False
E3997,17.29,17.29,23.96,138.5772122614228,False
E3998,3.48,3.48,3.56,102.29885057471265,False
E3999,1.17,1.17,0.28,23.931623931623935,False
E4,1.46,1.46,1.2,82.19178082191782,False
E40,12.77,11.030000000000001,1.7399999999999989,13.625685199686757,True
E400,11.58,11.580000000000002,1.0600000000000014,9.15371329879103,True
E4000,0.67,0.67,0.0,0.0,True
E4001,0.69,0.69,0.0,0.0,True
E4002,3.1,3.1,6.2,200.0,False
E4003,0.72,0.72,0.0,0.0,True
E4004,2.31,2.31,0.68,29.437229437229437,False
E4005,0.81,0.81,1.62,200.0,False
E4006,1.55,1.55,1.02,65.80645161290322,False
E4007,6.42,6.42,12.84,200.0,False
E4008,0.5800000000000001,0.5800000000000001,1.1600000000000001,200.0,False
E4009,1.81,1.81,1.6,88.39779005524862,False
E401,6.68,6.68,2.92,43.712574850299404,False
E4010,4.54,4.54,0.45999999999999996,10.13215859030837,True
E4011,2.05,2.05,0.2999999999999998,14.634146341463408,True
E4012,0.74,0.74,1.48,200.0,False
E4013,4.15,4.15,5.5200000000000005,133.01204819277106,False
E4014,6.73,6.73,3.9800000000000004,59.138187221396734,False
E4015,0.73,0.73,1.46,200.0,False
E4017,1.5,1.5,0.0,0.0,True
E4018,0.19,0.19,0.38,200.0,False
E4019,0.68,0.68,1.36,199.99999999999997,False
E402,2.27,2.27,0.7000000000000001,30.837004405286343,False
E4020,3.34,3.34,6.68,200.0,False
E4021,0.02,0.02,0.0,0.0,True
E4022,3.13,3.13,2.66,84.98402555910543,False
E4023,5.359999999999999,5.359999999999999,4.1,76.49253731343283,False
E4024,1.7799999999999998,1.7799999999999998,3.1799999999999997,178.65168539325845,False
E4025,1.48,0.63,0.85,57.432432432432435,False
E4026,8.93,8.93,7.959999999999999,89.13773796192608,False
E4027,1.75,1.75,0.5800000000000001,33.142857142857146,False
E4028,1.5899999999999999,1.5899999999999999,0.39999999999999997,25.157232704402517,False
E4029,5.51,5.51,4.779999999999999,86.7513611615245,False
E403,9.0,9.0,0.8200000000000001,9.11111111111111,True
E4030,6.0,4.73,6.890000000000001,114.83333333333333,False
E4031,1.47,1.47,2.94,200.0,False
E4032,1.48,0.62,0.86,58.10810810810811,False
E4033,1.28,1.28,0.10000000000000006,7.812500000000004,True
E4034,3.3,1.11,2.23,67.57575757575758,False
E4035,7.13,7.13,2.42,33.94109396914446,False
E4036,0.82,0.82,0.0,0.0,True
E4037,0.45,0.45,0.0,0.0,True
E4038,1.26,1.26,2.52,200.0,False
E4039,4.87,4.87,4.16,85.42094455852155,False
E404,2.6399999999999997,2.64,2.8600000000000003,108.33333333333337,False
E4040,3.3000000000000003,3.3000000000000003,6.6000000000000005,199.99999999999997,False
E4041,1.36,1.3599999999999999,0.8000000000000002,58.82352941176471,False
E4042,6.090000000000001,6.09,1.8999999999999992,31.198686371100145,False
E4043,2.21,2.21,4.42,200.0,False
E4044,0.53,0.53,1.06,200.0,False
E4045,2.58,2.58,1.2400000000000002,48.062015503875976,False
E4046,0.5,0.5,1.0,200.0,False
E4047,1.28,1.28,0.6600000000000001,51.56250000000001,False
E4048,4.71,4.71,9.42,200.0,False
E4049,2.88,2.88,1.9,65.97222222222223,False
E405,1.51,1.5100000000000002,0.23999999999999988,15.89403973509933,True
E4050,2.8099999999999996,2.8099999999999996,1.5599999999999998,55.51601423487544,False
E4051,0.26,0.26,0.52,200.0,False
E4052,2.15,2.15,4.3,200.0,False
E4053,1.85,1.85,3.7,200.0,False
E4054,7.59,7.59,3.58,47.16732542819499,False
E4055,19.78,19.78,12.54,63.39737108190091,False
E4056,3.66,3.66,5.5200000000000005,150.81967213114754,False
E4057,18.439999999999998,18.44,36.88,200.00000000000006,False
E4058,3.2800000000000002,3.2800000000000002,0.45999999999999996,14.024390243902438,True
E4059,3.15,3.15,0.0,0.0,True
E406,4.31,2.91,1.4,32.48259860788863,False
E4060,1.26,1.26,2.52,200.0,False
E4061,4.42,4.42,8.34,188.68778280542986,False
E4062,1.51,1.51,0.0,0.0,True
E4063,0.8799999999999999,0.8799999999999999,0.12,13.636363636363638,True
E4064,7.93,6.96,0.9699999999999998,12.232030264817148,True
E4065,2.7,2.7,5.4,200.0,False
E4066,1.66,1.66,3.32,200.0,False
E4067,0.54,0.54,1.08,200.0,False
E4068,1.09,1.09,2.18,200.0,False
E4069,8.16,8.16,14.600000000000001,178.921568627451,False
E407,7.67,7.670000000000001,1.2000000000000002,15.64537157757497,True
E4070,5.67,4.4399999999999995,9.290000000000001,163.84479717813053,False
E4071,8.42,7.5600000000000005,2.6200000000000006,31.116389548693594,False
E4072,4.32,4.32,1.1000000000000003,25.46296296296297,False
E4073,10.32,10.32,11.48,111.24031007751938,False
E4074,7.99,7.99,1.1400000000000001,14.267834793491867,True
E4075,3.2,3.2,2.2200000000000006,69.37500000000001,False
E4076,1.13,1.13,2.26,200.0,False
E4077,1.2999999999999998,1.2999999999999998,1.1599999999999997,89.23076923076923,False
E4078,3.89,3.89,0.24,6.169665809768637,True
E4079,0.85,0.73,0.12,14.117647058823529,True
E408,12.26,9.469999999999999,2.79,22.756933115823816,False
E4080,0.54,0.54,1.08,200.0,False
E4081,11.9,10.42,1.4800000000000004,12.43697478991597,True
E4082,6.53,6.53,2.1000000000000005,32.1592649310873,False
E4083,2.41,1.01,3.22,133.60995850622405,False
E4084,0.3,0.3,0.6,200.0,False
E4085,1.25,1.25,2.5,200.0,False
E4086,2.39,2.39,3.54,148.11715481171547,False
E4087,2.25,2.25,1.7200000000000002,76.44444444444446,False
E4088,2.5,1.1,1.4,56.0,False
E4089,1.0,1.0,2.0,200.0,False
E409,3.21,3.21,0.6000000000000001,18.691588785046733,True
E4090,0.66,0.66,1.32,200.0,False
E4091,1.12,1.12,2.24,200.0,False
E4092,3.29,3.29,1.12,34.04255319148937,False
E4093,3.3600000000000003,3.3600000000000003,0.41999999999999993,12.499999999999996,True
E4094,8.79,7.85,0.9399999999999995,10.693970420932873,True
E4095,0.91,0.91,0.0,0.0,True
E4096,2.5700000000000003,1.9300000000000002,0.64,24.902723735408557,False
E4097,3.5999999999999996,3.5999999999999996,0.74,20.555555555555557,False
E4098,3.4699999999999998,3.4699999999999998,3.92,112.96829971181558,False
E4099,1.4,1.4,0.37999999999999995,27.14285714285714,False
E41,2.57,2.57,5.14,200.0,False
E410,4.34,3.8,0.54,12.442396313364055,True
E4100,2.02,2.02,4.04,200.0,False
E4101,2.18,2.18,0.0,0.0,True
E4102,1.87,1.87,3.74,200.0,False
E4103,1.35,1.35,2.7,200.0,False
E4104,6.75,6.75,1.9800000000000002,29.33333333333334,False
E4105,2.54,2.54,5.08,200.0,False
E4106,3.29,2.99,6.279999999999999,190.8814589665653,False
E4107,9.790000000000001,9.120000000000001,18.09,184.78038815117466,False
E4108,3.55,3.5500000000000003,0.3999999999999998,11.26760563380281,True
E4109,4.05,4.05,8.1,200.0,False
E411,13.96,13.96,13.06,93.55300859598853,False
E4110,0.5800000000000001,0.5800000000000001,0.0,0.0,True
E4111,12.9,12.9,2.1799999999999997,16.89922480620155,True
E4112,4.56,4.56,6.4,140.35087719298247,False
E4113,1.97,1.97,1.56,79.18781725888324,False
E4114,24.59,24.589999999999996,49.18,200.0,False
E4115,6.09,6.09,11.7,192.11822660098522,False
E4116,4.57,4.57,4.42,96.71772428884026,False
E4117,3.31,3.31,1.5,45.31722054380665,False
E4118,6.01,6.01,12.02,200.0,False
E4119,4.57,4.57,9.14,200.0,False
E412,6.34,6.34,12.68,200.0,False
E4120,6.82,4.52,11.34,166.27565982404693,False
E4121,3.0700000000000003,3.07,6.140000000000001,199.99999999999997,False
E4122,2.37,2.37,4.74,200.0,False
E4123,0.58,0.58,1.16,200.0,False
E4124,0.18,0.18,0.36,200.0,False
E4125,4.75,4.75,0.6999999999999993,14.736842105263143,True
E4126,2.9,2.9,4.8,165.51724137931035,False
E4127,1.12,1.12,0.38000000000000006,33.92857142857143,False
E4128,16.29,16.29,12.279999999999998,75.38367096378146,False
E4129,1.97,1.97,3.94,200.0,False
E413,9.540000000000001,9.54,2.7799999999999985,29.140461215932895,False
E4130,5.51,4.99,1.0599999999999992,19.237749546279478,True
E4131,2.3899999999999997,2.3899999999999997,0.31999999999999984,13.38912133891213,True
E4132,18.73,11.65,17.28,92.25840896956754,False
E4133,1.22,1.22,0.6799999999999999,55.73770491803279,False
E4134,4.87,4.87,4.4,90.34907597535936,False
E4135,4.64,4.64,0.0,0.0,True
E4136,9.149999999999999,8.89,18.04,197.15846994535522,False
E4137,1.28,1.28,0.6800000000000002,53.12500000000001,False
E4138,2.68,0.0,2.68,100.0,False
E4139,3.1799999999999997,3.1799999999999997,1.4799999999999998,46.54088050314465,False
E414,5.05,5.05,6.06,120.0,False
E4140,2.6,2.6,5.2,200.0,False
E4141,7.640000000000001,7.640000000000001,2.0400000000000005,26.70157068062828,False
E4142,12.479999999999999,11.209999999999999,1.2699999999999996,10.17628205128205,True
E4143,1.55,1.38,0.17000000000000015,10.967741935483879,True
E4144,4.05,4.05,3.9799999999999995,98.2716049382716,False
E4145,1.37,1.37,1.2800000000000002,93.43065693430658,False
E4146,11.31,9.32,1.9900000000000002,17.59504862953139,True
E4147,1.32,1.32,2.64,200.0,False
E4148,0.7,0.7,1.4,200.0,False
E4149,4.52,4.52,1.3799999999999994,30.530973451327423,False
E415,16.36,16.36,18.92,115.64792176039121,False
E4150,0.41,0.41,0.82,200.0,False
E4151,4.55,4.55,2.1000000000000005,46.15384615384617,False
E4152,3.3,1.62,1.68,50.909090909090914,False
E4153,3.3800000000000003,1.33,2.0500000000000003,60.650887573964496,False
E4154,2.5,2.2199999999999998,0.28000000000000025,11.20000000000001,True
E4155,27.110000000000003,27.11,14.540000000000001,53.633345628919216,False
E4156,0.36,0.36,0.72,200.0,False
E4157,2.23,2.23,1.42,63.67713004484305,False
E4158,8.66,8.66,1.4999999999999991,17.321016166281744,True
E4159,0.45,0.45,0.9,200.0,False
E416,11.870000000000001,11.870000000000001,1.32,11.120471777590563,True
E4160,1.88,1.88,1.1399999999999997,60.63829787234042,False
E4161,3.87,3.38,0.4900000000000002,12.661498708010342,True
E4162,3.2199999999999998,1.3,4.48,139.13043478260872,False
E4163,7.26,7.26,1.6799999999999997,23.140495867768593,False
E4164,1.98,1.98,3.96,200.0,False
E4165,4.76,4.76,9.52,200.0,False
E4166,9.33,9.329999999999998,1.0599999999999996,11.36120042872454,True
E4167,0.8400000000000001,0.8400000000000001,0.78,92.85714285714285,False
E4168,1.09,1.09,1.32,121.10091743119266,False
E4169,6.91,6.91,5.0,72.3589001447178,False
E417,2.8099999999999996,2.2800000000000002,0.5299999999999996,18.861209964412797,True
E4170,8.790000000000001,8.59,5.38,61.20591581342434,False
E4171,1.13,1.13,2.26,200.0,False
E4172,1.18,1.18,0.0,0.0,True
E4173,6.72,6.72,4.14,61.607142857142854,False
E4174,9.6,9.600000000000001,16.240000000000002,169.16666666666669,False
E4175,1.18,1.18,2.36,200.0,False
E4176,1.8599999999999999,1.8599999999999999,0.44000000000000017,23.655913978494635,False
E4177,16.95,16.95,27.74,163.65781710914456,False
E4178,2.94,2.94,5.88,200.0,False
E4179,1.41,1.4100000000000001,2.82,200.0,False
E418,3.45,3.45,6.9,200.0,False
E4180,2.8899999999999997,2.89,2.72,94.11764705882354,False
E4181,1.25,1.25,0.2,16.0,True
E4182,3.68,2.28,5.96,161.95652173913044,False
E4183,5.19,5.19,0.6600000000000001,12.716763005780349,True
E4184,3.06,2.74,0.31999999999999984,10.457516339869276,True
E4185,0.69,0.69,0.6799999999999999,98.55072463768117,False
E4186,1.27,1.08,0.18999999999999995,14.960629921259837,True
E4187,0.18,0.18,0.36,200.0,False
E4188,1.36,1.1600000000000001,0.19999999999999996,14.705882352941172,True
E4189,0.93,0.93,1.86,200.0,False
E419,1.7400000000000002,1.7400000000000002,2.14,122.98850574712642,False
E4190,8.5,6.98,1.5199999999999996,17.882352941176464,True
E4191,1.06,1.06,2.12,200.0,False
E4192,1.55,1.55,3.1,200.0,False
E4193,1.51,1.51,3.02,200.0,False
E4194,2.9,2.9000000000000004,4.5600000000000005,157.24137931034485,False
E4195,1.36,1.36,2.72,199.99999999999997,False
E4196,2.89,2.89,4.82,166.78200692041523,False
E4197,17.91,9.52,8.39,46.84533780011167,False
E4198,2.37,2.3699999999999997,0.43999999999999984,18.56540084388185,True
E4199,3.24,3.24,0.5,15.432098765432098,True
E42,3.2199999999999998,3.22,1.1999999999999997,37.26708074534161,False
E420,3.9699999999999998,3.9699999999999998,2.0999999999999996,52.896725440806044,False
E4200,1.6099999999999999,1.0,0.61,37.88819875776398,False
E4201,2.04,2.04,1.02,50.0,False
E4202,1.87,1.87,1.2400000000000002,66.3101604278075,False
E4203,4.18,0.82,3.3600000000000003,80.38277511961725,False
E4204,4.81,0.63,4.18,86.9022869022869,False
E4205,1.89,1.89,3.78,200.0,False
E4206,11.44,9.69,1.75,15.297202797202798,True
E4207,7.73,6.12,7.45,96.3777490297542,False
E4208,1.58,1.58,0.43999999999999995,27.84810126582278,False
E4209,1.18,1.18,2.36,200.0,False
E421,7.52,7.52,1.7599999999999998,23.404255319148934,False
E4210,7.16,5.5,3.22,44.97206703910614,False
E4211,3.8200000000000003,3.8200000000000003,7.120000000000001,186.38743455497385,False
E4212,1.85,1.85,0.8000000000000002,43.24324324324325,False
E4213,2.5,2.5,3.02,120.8,False
E4215,8.23,8.23,6.1800000000000015,75.09113001215067,False
E4216,12.78,12.78,21.64,169.32707355242567,False
E4217,0.52,0.52,0.0,0.0,True
E4218,2.88,2.88,1.8800000000000001,65.27777777777779,False
E4219,5.34,5.34,2.66,49.81273408239701,False
E422,0.77,0.77,1.54,200.0,False
E4220,1.17,1.17,2.34,200.0,False
E4221,1.22,1.22,2.44,200.0,False
E4222,1.1099999999999999,1.1099999999999999,1.18,106.30630630630631,False
E4223,1.3900000000000001,1.3900000000000001,2.7800000000000002,199.99999999999997,False
E4225,0.71,0.71,1.42,200.0,False
E4226,3.33,3.33,6.66,200.0,False
E4227,0.42,0.42,0.84,200.0,False
E4228,1.44,1.44,2.88,200.0,False
E4229,1.37,1.37,0.0,0.0,True
E423,3.22,3.22,3.74,116.14906832298136,False
E4230,7.41,7.41,4.28,57.75978407557355,False
E4231,6.609999999999999,6.609999999999999,5.119999999999999,77.45839636913767,False
E4232,2.34,2.3400000000000003,1.0600000000000003,45.299145299145316,False
E4233,3.0200000000000005,3.0200000000000005,1.6000000000000003,52.980132450331126,False
E4234,0.15,0.15,0.0,0.0,True
E4235,1.05,1.05,0.0,0.0,True
E4236,3.19,3.19,5.46,171.15987460815046,False
E4237,0.99,0.99,1.98,200.0,False
E4238,0.91,0.91,0.7,76.92307692307692,False
E4239,4.0200000000000005,4.0200000000000005,6.880000000000001,171.14427860696517,False
E424,2.98,2.35,0.6300000000000001,21.14093959731544,False
E4240,7.79,7.79,15.58,200.0,False
E4241,43.08,43.08,23.479999999999997,54.50324976787371,False
E4242,3.78,3.78,7.56,200.0,False
E4243,3.18,3.18,6.36,200.0,False
E4244,6.51,6.51,5.9399999999999995,91.24423963133641,False
E4245,1.08,1.08,2.16,200.0,False
E4246,0.96,0.96,1.8,187.5,False
E4247,0.98,0.98,0.7,71.42857142857143,False
E4248,0.87,0.87,1.74,200.0,False
E4249,1.88,1.88,3.76,200.0,False
E425,10.61,9.6,1.0100000000000002,9.519321394910465,True
E4250,3.23,2.9000000000000004,0.3299999999999996,10.216718266253858,True
E4251,5.4399999999999995,5.44,10.879999999999999,200.00000000000003,False
E4252,1.03,0.64,0.45,43.689320388349515,False
E4253,3.02,3.02,6.04,200.0,False
E4254,1.02,1.02,2.04,200.0,False
E4255,7.1899999999999995,3.38,3.81,52.99026425591099,False
E4256,12.42,9.53,17.13,137.92270531400968,False
E4257,3.01,3.0100000000000002,0.5199999999999998,17.275747508305642,True
E4258,12.83,8.18,8.81,68.6671862821512,False
E4259,0.81,0.81,1.62,200.0,False
E426,3.16,3.16,0.48,15.189873417721518,True
E4260,0.83,0.83,0.48,57.83132530120482,False
E4261,1.54,1.54,0.22000000000000014,14.285714285714295,True
E4262,1.09,0.45,0.64,58.715596330275226,False
E4263,0.29,0.29,0.58,200.0,False
E4264,1.3,1.3,2.6,200.0,False
E4265,5.92,5.92,2.0199999999999996,34.121621621621614,False
E4266,1.07,1.07,2.14,200.0,False
E4267,3.21,3.21,6.0,186.9158878504673,False
E4268,2.19,2.19,2.1,95.89041095890411,False
E4269,1.92,1.92,3.84,200.0,False
E427,0.95,0.95,1.9,200.0,False
E4270,7.47,7.47,2.9000000000000004,38.821954484605094,False
E4271,3.75,1.23,2.52,67.2,False
E4272,0.87,0.87,1.74,200.0,False
E4273,1.29,1.12,0.16999999999999993,13.178294573643406,True
E4274,5.45,3.6100000000000003,1.8399999999999999,33.76146788990825,False
E4275,18.61,18.61,34.92,187.64105319720582,False
E4276,1.28,1.28,0.0,0.0,True
E4277,1.7000000000000002,1.7000000000000002,0.19999999999999996,11.764705882352938,True
E4278,3.07,3.07,2.8,91.20521172638436,False
E4279,3.71,3.71,2.2800000000000002,61.45552560646901,False
E428,48.28,48.28,11.480000000000002,23.777961888980947,False
E4280,2.95,2.95,1.2400000000000002,42.033898305084755,False
E4281,28.44,25.53,2.91,10.232067510548523,True
E4282,1.83,1.83,1.62,88.52459016393442,False
E4283,1.29,1.29,1.1600000000000001,89.92248062015504,False
E4284,16.19,14.47,1.7200000000000006,10.623841877702288,True
E4285,2.45,2.45,0.30000000000000016,12.244897959183678,True
E4286,6.18,4.050000000000001,3.67,59.385113268608414,False
E4287,9.27,9.27,1.1399999999999997,12.297734627831712,True
E4288,3.66,3.66,1.4800000000000002,40.43715846994536,False
E4289,6.85,6.85,2.7999999999999994,40.87591240875912,False
E429,2.0700000000000003,2.0700000000000003,0.9200000000000002,44.44444444444444,False
E4290,8.66,7.65,1.0099999999999998,11.662817551963045,True
E4291,0.3,0.3,0.6,200.0,False
E4292,6.84,6.07,0.77,11.257309941520468,True
E4293,2.56,2.23,0.33000000000000007,12.890625000000002,True
E4294,2.68,2.68,1.96,73.13432835820895,False
E4295,0.86,0.86,0.54,62.7906976744186,False
E4296,9.6,6.9799999999999995,2.62,27.291666666666668,False
E4297,0.74,0.74,1.48,200.0,False
E4298,0.99,0.99,1.98,200.0,False
E4299,18.9,18.9,37.8,200.0,False
E43,4.99,4.8999999999999995,0.5299999999999998,10.621242484969935,True
E430,5.470000000000001,5.390000000000001,0.45999999999999996,8.409506398537475,True
E4300,5.46,4.98,0.8799999999999997,16.117216117216113,True
E4301,1.06,1.06,0.8200000000000001,77.35849056603773,False
E4302,1.83,1.8299999999999998,0.47999999999999987,26.2295081967213,False
E4303,3.12,3.12,2.3200000000000003,74.35897435897436,False
E4304,1.32,1.32,0.9200000000000002,69.6969696969697,False
E4305,0.28,0.28,0.0,0.0,True
E4306,13.059999999999999,13.059999999999999,10.12,77.4885145482389,False
E4307,1.91,1.91,3.82,200.0,False
E4308,0.52,0.52,1.04,200.0,False
E4309,1.98,1.98,0.31999999999999984,16.161616161616156,True
E431,2.0,0.7,1.3000000000000003,65.00000000000001,False
E4310,1.65,1.65,0.0,0.0,True
E4311,1.26,1.05,2.31,183.33333333333334,False
E4312,7.05,7.05,0.5800000000000001,8.22695035460993,True
E4313,2.6799999999999997,2.6799999999999997,1.8999999999999997,70.8955223880597,False
E4314,1.69,1.69,3.38,200.0,False
E4315,0.43,0.43,0.86,200.0,False
E4316,7.06,7.06,8.86,125.49575070821531,False
E4317,2.06,2.06,1.6,77.66990291262135,False
E4318,97.28999999999999,97.28999999999999,6.2400000000000055,6.413814369411045,True
E4319,4.16,4.16,0.3600000000000003,8.65384615384616,True
E432,4.07,3.23,0.8399999999999999,20.638820638820633,False
E4321,11.86,11.86,0.8399999999999999,7.082630691399662,True
E4322,1.07,1.07,2.14,200.0,False
E4323,0.9299999999999999,0.9299999999999999,0.9199999999999999,98.92473118279571,False
E4324,2.62,2.62,5.24,200.0,False
E4325,0.56,0.56,0.33999999999999997,60.71428571428571,False
E4326,14.7,14.7,0.6999999999999997,4.76190476190476,True
E4327,7.3100000000000005,7.3100000000000005,4.98,68.12585499316006,False
E4328,3.18,3.18,1.0,31.446540880503143,False
E433,2.8,2.8,0.5199999999999998,18.571428571428566,True
E4330,0.63,0.63,1.26,200.0,False
E4331,3.95,3.95,7.9,200.0,False
E4332,0.53,0.53,1.06,200.0,False
E4333,5.47,5.470000000000001,8.940000000000001,163.436928702011,False
E4334,6.72,6.069999999999999,1.2700000000000005,18.898809523809533,True
E4335,4.779999999999999,4.78,6.220000000000001,130.12552301255235,False
E4336,0.21,0.21,0.42,200.0,False
E4337,1.75,1.75,3.5,200.0,False
E4339,4.98,4.08,0.9000000000000004,18.07228915662651,True
E434,2.56,2.56,0.54,21.09375,False
E4340,1.3599999999999999,1.3599999999999999,1.2999999999999998,95.58823529411764,False
E4341,2.12,1.83,0.29000000000000004,13.679245283018869,True
E4342,0.8799999999999999,0.0,0.8799999999999999,100.0,False
E4343,5.54,5.54,0.8800000000000003,15.884476534296034,True
E4344,5.93,5.1,0.8300000000000001,13.996627318718382,True
E4345,0.92,0.92,1.84,200.0,False
E4346,2.67,2.67,1.02,38.20224719101124,False
E4347,3.61,3.6100000000000003,0.28000000000000014,7.7562326869806135,True
E4348,1.6199999999999999,1.6199999999999999,0.0,0.0,True
E4349,31.5,31.499999999999996,63.0,200.0,False
E435,11.01,11.01,14.02,127.338782924614,False
E4350,0.69,0.69,0.8,115.94202898550725,False
E4351,1.6800000000000002,1.68,2.22,132.14285714285714,False
E4352,8.88,8.88,0.0,0.0,True
E4353,2.22,2.22,4.44,200.0,False
E4354,3.23,3.23,2.78,86.06811145510837,False
E4355,0.26,0.26,0.52,200.0,False
E4356,0.94,0.94,1.88,200.0,False
E4357,1.18,0.0,1.18,100.0,False
E4358,2.8200000000000003,2.8200000000000003,5.640000000000001,199.99999999999997,False
E4359,1.13,1.13,2.26,200.0,False
E436,1.7400000000000002,1.74,1.8599999999999999,106.89655172413792,False
E4360,1.52,1.52,1.02,67.10526315789474,False
E4361,6.15,6.15,12.3,200.0,False
E4362,2.72,2.72,5.44,199.99999999999997,False
E4363,1.3900000000000001,1.3900000000000001,1.04,74.82014388489208,False
E4364,2.01,2.01,1.9999999999999998,99.50248756218905,False
E4365,2.93,2.93,0.46,15.699658703071671,True
E4366,2.52,2.52,2.08,82.53968253968254,False
E4367,2.83,2.83,0.5,17.6678445229682,True
E4368,2.9899999999999998,2.99,0.9199999999999997,30.769230769230763,False
E4369,0.98,0.98,0.6799999999999999,69.38775510204081,False
E437,6.79,6.79,8.38,123.41678939617086,False
E4370,4.029999999999999,4.029999999999999,1.4199999999999995,35.23573200992555,False
E4371,1.81,1.81,1.2000000000000002,66.29834254143647,False
E4372,0.77,0.77,1.54,200.0,False
E4373,1.47,1.47,1.9,129.2517006802721,False
E4374,2.49,2.49,2.38,95.58232931726907,False
E4375,1.3800000000000001,1.38,1.86,134.78260869565216,False
E4376,1.05,1.05,0.6200000000000001,59.04761904761906,False
E4377,0.84,0.84,1.68,200.0,False
E4378,1.79,0.84,0.95,53.072625698324025,False
E4379,2.2199999999999998,2.2199999999999998,1.4999999999999998,67.56756756756756,False
E438,1.4000000000000001,1.4,0.7800000000000001,55.71428571428572,False
E4380,2.01,2.01,4.02,200.0,False
E4381,1.22,1.22,0.26,21.311475409836067,False
E4383,0.88,0.88,1.76,200.0,False
E4384,0.91,0.91,1.82,200.0,False
E4385,3.8200000000000003,3.8200000000000003,0.6799999999999999,17.801047120418847,True
E4386,1.6099999999999999,1.61,1.06,65.83850931677019,False
E4387,7.38,7.38,12.719999999999999,172.3577235772358,False
E4388,12.19,12.190000000000001,5.3199999999999985,43.64232977850696,False
E4389,9.530000000000001,6.41,3.12,32.738719832109126,False
E439,1.1600000000000001,1.1600000000000001,0.0,0.0,True
E4390,1.09,1.09,2.18,200.0,False
E4391,1.08,1.08,0.0,0.0,True
E4392,0.8400000000000001,0.8400000000000001,0.56,66.66666666666667,False
E4393,2.0999999999999996,2.0999999999999996,0.9399999999999997,44.76190476190476,False
E4394,1.24,1.24,0.8,64.51612903225806,False
E4395,10.870000000000001,10.010000000000002,0.8599999999999994,7.911683532658688,True
E4396,0.2,0.2,0.4,200.0,False
E4397,3.28,3.28,0.8200000000000001,25.0,False
E4398,10.27,10.27,20.54,200.0,False
E4399,0.56,0.56,1.12,200.0,False
E44,3.31,0.86,2.45,74.01812688821752,False
E440,8.25,7.02,3.01,36.484848484848484,False
E4400,3.08,3.08,6.16,200.0,False
E4401,2.39,2.39,1.7600000000000002,73.64016736401675,False
E4402,5.04,3.0,3.96,78.57142857142857,False
E4403,2.74,2.74,1.8800000000000001,68.61313868613138,False
E4404,2.79,2.19,3.7800000000000002,135.48387096774192,False
E4405,10.37,8.81,19.18,184.9566055930569,False
E4406,1.79,1.79,3.58,200.0,False
E4407,5.37,3.12,2.6100000000000003,48.603351955307275,False
E4408,7.470000000000001,7.470000000000001,1.7600000000000007,23.560910307898265,False
E441,3.25,3.25,1.6600000000000001,51.07692307692308,False
E4410,1.6800000000000002,1.68,0.22000000000000008,13.095238095238098,True
E4411,0.36,0.36,0.72,200.0,False
E4412,1.98,1.98,0.8399999999999999,42.424242424242415,False
E4413,2.24,2.24,1.6200000000000003,72.32142857142858,False
E4414,1.22,1.22,0.6399999999999999,52.45901639344262,False
E4415,1.07,1.07,2.14,200.0,False
E4416,9.549999999999999,9.549999999999999,1.4800000000000004,15.497382198952888,True
E4417,4.21,4.21,1.5999999999999999,38.00475059382423,False
E4418,1.08,1.08,2.16,200.0,False
E4419,0.8,0.8,1.6,200.0,False
E442,2.63,2.63,2.6799999999999997,101.90114068441065,False
E4420,18.08,18.08,36.16,200.0,False
E4421,9.78,8.53,1.25,12.78118609406953,True
E4422,2.17,2.17,0.41999999999999993,19.354838709677416,True
E4423,2.06,2.06,3.58,173.7864077669903,False
E4424,2.5300000000000002,2.5300000000000002,0.6800000000000004,26.87747035573124,False
E4425,1.6,1.33,0.27,16.875,True
E4426,3.75,3.75,2.94,78.4,False
E4427,2.85,1.89,0.9600000000000003,33.6842105263158,False
E4428,1.32,1.32,2.64,200.0,False
E4429,2.51,2.25,0.2599999999999998,10.358565737051785,True
E443,17.14,17.14,34.28,200.0,False
E4430,3.59,3.59,3.42,95.26462395543176,False
E4431,4.53,3.93,0.6000000000000001,13.245033112582782,True
E4432,0.97,0.97,0.56,57.731958762886606,False
E4433,7.23,7.23,14.46,200.0,False
E4434,1.32,1.32,2.64,200.0,False
E4435,1.13,0.4,0.73,64.60176991150443,False
E4436,5.86,5.86,0.4600000000000004,7.849829351535843,True
E4437,0.64,0.64,0.56,87.50000000000001,False
E4438,1.45,1.45,2.9,200.0,False
E4439,1.63,1.4100000000000001,0.21999999999999975,13.49693251533741,True
E444,14.75,14.18,1.6299999999999994,11.050847457627114,True
E4440,1.6199999999999999,1.62,0.22000000000000008,13.580246913580252,True
E4441,2.8800000000000003,2.88,0.5400000000000003,18.750000000000007,True
E4442,7.040000000000001,7.040000000000001,0.8600000000000002,12.215909090909092,True
E4443,2.63,2.63,0.29999999999999993,11.406844106463875,True
E4444,9.78,9.780000000000001,3.3200000000000003,33.946830265848675,False
E4446,5.39,5.390000000000001,0.4200000000000009,7.792207792207808,True
E4447,3.2,3.1999999999999997,0.31999999999999973,9.999999999999991,True
E4448,4.470000000000001,4.47,0.6199999999999997,13.870246085011177,True
E4449,1.3,1.3,2.6,200.0,False
E445,5.84,5.840000000000001,1.2999999999999996,22.260273972602736,False
E4450,1.92,1.92,1.96,102.08333333333334,False
E4451,1.31,1.31,0.52,39.69465648854962,False
E4452,1.79,1.79,3.58,200.0,False
E4453,1.9799999999999998,1.98,0.5399999999999998,27.272727272727266,False
E4454,1.9,1.9,3.8,200.0,False
E4455,2.21,2.21,0.0,0.0,True
E4456,1.86,1.86,3.72,200.0,False
E4457,0.93,0.0,0.93,100.0,False
E4458,5.22,5.22,2.34,44.827586206896555,False
E4459,3.91,3.91,0.96,24.55242966751918,False
E446,2.09,2.0900000000000003,0.2600000000000001,12.440191387559814,True
E4460,2.3899999999999997,2.39,0.9800000000000002,41.00418410041842,False
E4461,8.49,3.56,4.93,58.06831566548881,False
E4462,3.49,3.49,6.98,200.0,False
E4463,0.23,0.23,0.46,200.0,False
E4464,2.0599999999999996,2.06,4.12,200.00000000000003,False
E4465,1.75,1.75,3.5,200.0,False
E4466,1.02,1.02,2.04,200.0,False
E4467,3.61,3.6100000000000003,7.22,200.0,False
E4468,0.7,0.7,1.4,200.0,False
E4469,5.29,5.29,2.4399999999999995,46.12476370510396,False
E447,0.05,0.05,0.0,0.0,True
E4470,3.78,3.7800000000000002,4.32,114.28571428571429,False
E4471,1.6400000000000001,1.6400000000000001,1.1,67.07317073170732,False
E4472,22.729999999999997,22.73,5.119999999999999,22.525296964364276,False
E4473,3.02,3.02,4.68,154.96688741721854,False
E4474,1.03,1.03,1.42,137.8640776699029,False
E4475,8.32,8.32,7.800000000000001,93.75000000000001,False
E4476,1.82,1.82,1.1,60.439560439560445,False
E4477,9.370000000000001,9.370000000000001,18.740000000000002,200.0,False
E4478,1.16,0.99,0.16999999999999993,14.655172413793098,True
E4479,6.9399999999999995,6.94,8.24,118.73198847262249,False
E448,4.279999999999999,4.279999999999999,1.0599999999999996,24.76635514018691,False
E4480,6.6,6.6,7.359999999999999,111.51515151515152,False
E4481,8.81,8.809999999999999,15.139999999999999,171.85017026106692,False
E4482,0.78,0.78,1.56,200.0,False
E4483,2.08,2.08,1.6600000000000001,79.8076923076923,False
E4484,0.94,0.94,1.88,200.0,False
E4485,0.99,0.99,1.98,200.0,False
E4486,4.76,4.76,0.0,0.0,True
E4487,1.34,1.34,0.68,50.74626865671642,False
E4488,18.509999999999998,18.509999999999998,16.5,89.14100486223664,False
E4489,6.15,5.11,1.04,16.910569105691057,True
E449,5.7,5.699999999999999,2.3800000000000003,41.75438596491229,False
E4490,9.780000000000001,9.780000000000001,16.54,169.12065439672799,False
E4491,1.68,1.68,0.10000000000000003,5.952380952380954,True
E4492,1.9000000000000001,1.9,0.7000000000000002,36.8421052631579,False
E4493,4.42,4.42,5.96,134.84162895927602,False
E4494,0.95,0.95,0.22000000000000008,23.157894736842113,False
E4495,0.64,0.64,1.28,200.0,False
E4496,8.26,8.26,16.52,200.0,False
E4497,4.6,4.6,9.2,200.0,False
E4498,10.24,10.24,3.5199999999999996,34.37499999999999,False
E4499,14.44,14.440000000000001,28.42,196.81440443213296,False
E45,7.92,7.92,3.04,38.38383838383839,False
E450,2.35,2.35,0.8799999999999999,37.44680851063829,False
E4501,2.1,2.1,3.9400000000000004,187.61904761904765,False
E4502,6.43,6.43,9.16,142.45723172628306,False
E4503,0.64,0.64,1.28,200.0,False
E4504,5.83,5.83,2.4400000000000004,41.85248713550601,False
E4505,1.28,1.28,0.0,0.0,True
E4506,2.3,2.3,0.0,0.0,True
E4507,3.31,3.31,1.3399999999999999,40.483383685800604,False
E4508,1.19,1.02,0.16999999999999993,14.285714285714281,True
E4509,1.06,1.06,2.12,200.0,False
E451,9.3,9.3,0.3800000000000003,4.086021505376347,True
E4510,1.87,1.8699999999999999,1.56,83.42245989304813,False
E4511,8.91,6.359999999999999,3.5099999999999993,39.393939393939384,False
E4512,15.1,13.28,1.8200000000000003,12.052980132450333,True
E4513,10.04,8.34,2.0799999999999987,20.717131474103574,False
E4514,3.9000000000000004,1.61,2.29,58.717948717948715,False
E4515,8.41,8.41,1.7199999999999995,20.451843043995236,False
E4516,8.08,8.08,0.39999999999999936,4.9504950495049425,True
E4517,7.84,7.84,2.08,26.53061224489796,False
E4518,1.52,1.52,3.04,200.0,False
E4519,10.84,10.84,5.259999999999999,48.52398523985239,False
E452,2.58,2.58,2.58,100.0,False
E4520,0.1,0.1,0.2,200.0,False
E4521,0.08,0.08,0.0,0.0,True
E4522,0.6599999999999999,0.6599999999999999,0.12,18.181818181818183,True
E4523,1.06,0.88,0.18000000000000005,16.981132075471702,True
E4524,1.06,1.06,2.12,200.0,False
E4525,0.59,0.59,1.18,200.0,False
E4526,0.78,0.78,0.0,0.0,True
E4527,2.49,2.49,2.7800000000000002,111.64658634538152,False
E4528,1.83,1.83,3.66,200.0,False
E4529,1.67,1.67,0.0,0.0,True
E453,9.65,9.65,1.1799999999999997,12.227979274611396,True
E4530,8.15,6.609999999999999,11.379999999999999,139.6319018404908,False
E4531,0.15,0.15,0.3,200.0,False
E4532,2.79,2.79,0.7999999999999999,28.67383512544803,False
E4533,1.08,1.08,0.0,0.0,True
E4534,4.82,4.82,9.64,200.0,False
E4535,1.1,1.1,2.2,200.0,False
E4536,7.279999999999999,7.279999999999999,0.6200000000000001,8.51648351648352,True
E4537,0.79,0.79,1.58,200.0,False
E4538,3.96,2.61,1.35,34.09090909090909,False
E4539,2.55,2.5500000000000003,0.7399999999999997,29.019607843137244,False
E454,2.08,2.08,1.1600000000000001,55.769230769230774,False
E4540,2.87,2.87,1.38,48.08362369337979,False
E4541,3.5700000000000003,0.91,2.66,74.50980392156862,False
E4542,2.64,2.64,5.28,200.0,False
E4543,3.15,3.15,0.9199999999999999,29.206349206349206,False
E4544,2.85,2.85,1.98,69.47368421052632,False
E4545,0.58,0.58,1.16,200.0,False
E4546,2.5,2.5,5.0,200.0,False
E4547,3.1500000000000004,3.15,1.46,46.34920634920634,False
E4548,3.12,3.12,2.7800000000000002,89.1025641025641,False
E4549,7.1899999999999995,7.1899999999999995,4.779999999999999,66.48122392211404,False
E455,1.28,1.28,2.56,200.0,False
E4550,1.92,1.92,1.6799999999999997,87.49999999999999,False
E4551,3.74,3.74,1.38,36.898395721925134,False
E4552,0.6900000000000001,0.6,0.09000000000000008,13.043478260869575,True
E4553,5.36,2.39,2.97,55.41044776119403,False
E4555,1.34,1.34,0.56,41.791044776119406,False
E4557,2.16,2.1599999999999997,2.6799999999999997,124.07407407407406,False
E4558,0.25,0.25,0.5,200.0,False
E4559,3.4400000000000004,3.4400000000000004,6.880000000000001,200.0,False
E456,2.41,2.41,0.7999999999999999,33.19502074688796,False
E4560,4.16,2.5,1.6600000000000001,39.90384615384615,False
E4561,3.48,3.48,3.08,88.50574712643679,False
E4562,1.62,1.62,3.24,200.0,False
E4563,9.88,9.88,19.76,200.0,False
E4564,3.37,3.37,6.74,200.0,False
E4565,3.81,3.81,7.62,200.0,False
E4566,9.190000000000001,9.190000000000001,10.06,109.46681175190423,False
E4567,2.25,2.25,0.7000000000000001,31.11111111111111,False
E4568,2.61,2.61,1.3199999999999998,50.574712643678154,False
E4569,27.270000000000003,27.27,54.54,199.99999999999997,False
E457,2.75,2.75,0.7800000000000002,28.363636363636374,False
E4570,5.79,5.79,2.2200000000000006,38.34196891191711,False
E4571,1.05,1.05,2.1,200.0,False
E4572,0.93,0.93,1.86,200.0,False
E4573,7.7700000000000005,7.7700000000000005,3.7399999999999993,48.133848133848126,False
E4574,2.28,2.28,4.56,200.0,False
E4575,1.92,1.92,3.84,200.0,False
E4576,1.0,1.0,2.0,200.0,False
E4577,1.21,1.21,1.92,158.67768595041323,False
E4578,4.22,4.220000000000001,0.40000000000000013,9.478672985781994,True
E4579,6.77,5.16,1.6099999999999997,23.781388478581977,False
E458,1.9700000000000002,1.9700000000000002,1.2,60.91370558375634,False
E4580,7.779999999999999,7.029999999999999,1.3499999999999999,17.352185089974295,True
E4581,1.15,1.15,0.8999999999999999,78.26086956521739,False
E4582,2.48,2.48,4.96,200.0,False
E4583,1.47,1.47,2.94,200.0,False
E4584,0.66,0.66,0.30000000000000004,45.45454545454546,False
E4585,2.23,2.23,4.46,200.0,False
E4586,2.1399999999999997,2.14,0.8799999999999997,41.1214953271028,False
E4587,1.69,1.69,1.38,81.65680473372781,False
E4588,7.42,6.25,1.17,15.768194070080863,True
E4589,6.0,6.0,3.26,54.333333333333336,False
E459,0.28,0.28,0.56,200.0,False
E4590,3.35,3.01,0.3400000000000003,10.149253731343292,True
E4591,6.82,6.82,0.19999999999999923,2.9325513196480824,True
E4592,1.19,0.89,0.30000000000000004,25.210084033613448,False
E4593,0.2,0.2,0.4,200.0,False
E4594,2.6100000000000003,2.6100000000000003,0.5800000000000001,22.22222222222222,False
E4595,2.75,2.75,5.5,200.0,False
E4596,6.670000000000001,4.91,1.7600000000000007,26.386806596701653,False
E4597,0.74,0.74,1.48,200.0,False
E4598,3.1900000000000004,3.19,0.33999999999999997,10.658307210031346,True
E4599,1.3599999999999999,1.3599999999999999,1.96,144.11764705882354,False
E46,7.0,7.0,0.5399999999999999,7.7142857142857135,True
E460,12.080000000000002,12.08,0.599999999999999,4.966887417218534,True
E4600,1.12,1.12,1.52,135.7142857142857,False
E4601,2.77,2.77,1.46,52.707581227436826,False
E4602,1.34,1.1600000000000001,0.17999999999999994,13.432835820895516,True
E4603,0.87,0.87,0.72,82.75862068965517,False
E4604,5.550000000000001,3.95,1.6000000000000003,28.82882882882883,False
E4605,2.01,2.01,1.4599999999999997,72.636815920398,False
E4606,8.07,8.07,4.440000000000001,55.01858736059481,False
E4607,14.41,11.98,2.43,16.863289382373353,True
E4608,1.75,1.75,3.5,200.0,False
E4609,14.45,14.450000000000001,1.1200000000000006,7.750865051903118,True
E461,2.05,0.0,2.05,100.0,False
E4610,4.97,4.97,1.4000000000000004,28.16901408450705,False
E4611,13.879999999999999,13.879999999999999,5.259999999999999,37.89625360230547,False
E4612,0.94,0.94,1.88,200.0,False
E4613,7.8999999999999995,7.0,0.8999999999999995,11.392405063291132,True
E4615,1.17,1.17,2.34,200.0,False
E4617,4.68,4.68,2.4599999999999995,52.564102564102555,False
E4618,2.27,1.98,0.29000000000000004,12.775330396475772,True
E4619,18.79,8.21,27.0,143.69345396487495,False
E462,3.37,1.7599999999999998,1.65,48.961424332344215,False
E4620,2.96,2.96,5.92,200.0,False
E4621,9.07,0.0,9.07,100.0,False
E4623,0.68,0.68,1.36,199.99999999999997,False
E4624,5.75,5.75,2.4800000000000004,43.1304347826087,False
E4625,1.78,1.78,0.8799999999999999,49.438202247191,False
E4627,7.289999999999999,7.289999999999999,1.0,13.717421124828533,True
E4628,2.63,2.63,0.0,0.0,True
E4629,4.869999999999999,4.869999999999999,0.6600000000000001,13.552361396303906,True
E463,4.34,4.34,5.16,118.89400921658986,False
E4630,0.98,0.98,0.9199999999999999,93.87755102040816,False
E4631,2.06,0.5,1.56,75.72815533980582,False
E4632,5.0,5.0,10.0,200.0,False
E4633,6.75,6.75,7.4399999999999995,110.22222222222223,False
E4634,13.44,13.440000000000001,11.66,86.75595238095238,False
E4635,14.62,14.62,0.5,3.4199726402188784,True
E4636,8.129999999999999,5.83,2.3000000000000003,28.290282902829034,False
E4637,37.85,37.85,47.900000000000006,126.55217965653898,False
E4638,8.15,8.15,5.259999999999999,64.53987730061348,False
E464,2.84,2.84,5.68,200.0,False
E465,2.6799999999999997,2.02,0.6799999999999999,25.373134328358212,False
E466,8.8,8.8,17.6,200.0,False
E467,3.4,3.4,1.7599999999999998,51.764705882352935,False
E468,6.96,6.960000000000001,0.4200000000000008,6.034482758620702,True
E469,2.2,2.2,4.4,200.0,False
E47,3.88,3.88,2.2,56.70103092783506,False
E470,0.72,0.72,1.44,200.0,False
E471,5.4399999999999995,4.81,0.6299999999999999,11.580882352941176,True
E473,3.0300000000000002,3.03,1.3800000000000003,45.54455445544555,False
E474,2.61,2.3,0.31000000000000005,11.877394636015328,True
E475,28.67,28.67,33.88,118.17230554586676,False
E476,1.95,1.95,3.9,200.0,False
E477,3.58,3.58,0.3200000000000002,8.938547486033523,True
E478,3.51,3.51,6.459999999999999,184.04558404558404,False
E479,5.6000000000000005,5.6000000000000005,2.9800000000000004,53.21428571428572,False
E48,14.399999999999999,14.4,0.5800000000000013,4.0277777777777874,True
E480,4.2,4.2,2.7200000000000006,64.76190476190477,False
E481,1.54,1.54,3.08,200.0,False
E482,6.9799999999999995,6.98,2.1399999999999997,30.659025787965614,False
E483,26.1,24.139999999999997,3.440000000000003,13.1800766283525,True
E484,2.5700000000000003,2.5700000000000003,1.6000000000000003,62.25680933852141,False
E485,3.0700000000000003,3.0700000000000003,4.88,158.957654723127,False
E486,9.88,9.88,19.76,200.0,False
E487,1.42,1.42,2.84,200.0,False
E488,6.8,6.8,2.5,36.76470588235294,False
E489,1.19,1.19,0.41999999999999993,35.29411764705882,False
E49,9.36,9.36,13.48,144.01709401709402,False
E490,20.38,20.38,40.76,200.0,False
E491,1.27,1.27,2.54,200.0,False
E492,0.81,0.5700000000000001,0.38000000000000006,46.91358024691358,False
E494,0.98,0.98,1.96,200.0,False
E495,2.4699999999999998,2.4699999999999998,2.0199999999999996,81.78137651821861,False
E496,5.43,5.43,0.8399999999999999,15.469613259668506,True
E497,8.51,7.35,6.4,75.20564042303172,False
E498,8.03,8.03,10.68,133.00124533001247,False
E499,1.58,1.58,2.9000000000000004,183.5443037974684,False
E5,6.09,6.09,1.2,19.704433497536947,True
E50,2.6100000000000003,2.2,0.41000000000000014,15.708812260536401,True
E500,1.46,1.46,2.92,200.0,False
E501,2.98,2.98,5.96,200.0,False
E502,4.5,4.5,1.48,32.888888888888886,False
E503,8.98,8.98,17.96,200.0,False
E504,5.04,5.04,10.08,200.0,False
E505,12.78,12.780000000000001,16.5,129.10798122065728,False
E506,3.35,3.35,1.3200000000000003,39.402985074626876,False
E507,1.65,1.65,0.33999999999999997,20.606060606060606,False
E508,11.53,11.530000000000001,2.4799999999999986,21.50910667823069,False
E509,3.45,3.45,2.24,64.92753623188406,False
E51,1.02,1.02,0.8800000000000001,86.27450980392157,False
E510,13.44,13.44,10.52,78.27380952380953,False
E511,2.8,2.8,4.2,150.0,False
E512,9.41,9.41,2.0,21.253985122210413,False
E513,0.83,0.83,1.66,200.0,False
E514,1.64,1.64,0.43999999999999995,26.829268292682926,False
E515,2.07,2.07,0.41999999999999993,20.289855072463766,False
E516,25.199999999999996,25.2,22.7,90.07936507936509,False
E517,1.04,1.04,2.08,200.0,False
E518,2.02,2.02,0.8199999999999998,40.594059405940584,False
E519,9.99,9.75,0.5199999999999996,5.205205205205201,True
E52,2.0,2.0,0.82,41.0,False
E520,2.7199999999999998,2.7199999999999998,0.36000000000000004,13.235294117647063,True
E521,2.65,1.45,1.2,45.28301886792453,False
E522,2.53,2.53,1.2999999999999998,51.38339920948616,False
E523,9.229999999999999,7.92,1.3099999999999992,14.192849404117002,True
E524,4.34,3.68,8.02,184.7926267281106,False
E525,2.49,2.49,0.0,0.0,True
E526,1.74,1.74,1.68,96.55172413793103,False
E527,1.08,1.08,2.16,200.0,False
E528,2.37,1.23,1.1400000000000001,48.10126582278481,False
E529,3.21,0.9199999999999999,3.11,96.88473520249221,False
E53,6.4399999999999995,6.4399999999999995,2.6999999999999997,41.92546583850932,False
E530,3.53,3.53,7.06,200.0,False
E531,5.73,5.73,5.120000000000001,89.35427574171031,False
E532,6.46,6.459999999999999,1.4600000000000004,22.600619195046445,False
E533,2.0100000000000002,2.0100000000000002,0.8000000000000002,39.800995024875625,False
E534,3.13,3.13,0.0,0.0,True
E535,2.01,2.01,0.0,0.0,True
E536,7.13,3.87,3.26,45.72230014025246,False
E537,8.84,8.84,17.68,200.0,False
E538,7.51,5.76,7.13,94.94007989347537,False
E539,7.41,7.41,1.1800000000000002,15.924426450742242,True
E54,4.09,4.09,0.29999999999999993,7.334963325183373,True
E540,1.1300000000000001,1.1300000000000001,0.62,54.86725663716813,False
E541,2.45,1.91,0.5400000000000003,22.04081632653062,False
E542,4.34,4.34,1.2199999999999998,28.110599078341007,False
E543,6.3999999999999995,6.4,1.34,20.9375,False
E544,5.34,5.34,5.22,97.75280898876404,False
E545,1.73,0.74,0.99,57.225433526011564,False
E546,4.16,4.16,8.32,200.0,False
E547,3.01,3.01,1.1999999999999997,39.86710963455149,False
E548,3.1999999999999997,3.2,0.44000000000000017,13.750000000000005,True
E549,5.45,5.45,2.5199999999999996,46.23853211009173,False
E55,6.75,5.07,2.4800000000000004,36.74074074074075,False
E550,5.08,5.08,3.9000000000000004,76.7716535433071,False
E551,3.63,3.63,2.38,65.56473829201101,False
E552,3.41,0.0,3.41,100.0,False
E553,2.73,2.73,5.46,200.0,False
E554,2.08,2.08,4.16,200.0,False
E555,4.92,2.23,2.69,54.67479674796748,False
E556,3.41,3.41,0.5,14.662756598240469,True
E557,7.35,7.35,2.14,29.115646258503403,False
E558,0.66,0.66,1.32,200.0,False
E559,1.28,1.28,0.1600000000000001,12.500000000000005,True
E56,1.5499999999999998,1.55,3.0999999999999996,200.0,False
E560,2.39,2.3899999999999997,0.6000000000000003,25.10460251046026,False
E561,1.9899999999999998,1.9899999999999998,0.37999999999999995,19.09547738693467,True
E562,0.93,0.93,1.86,200.0,False
E563,0.37,0.37,0.74,200.0,False
E564,3.22,3.2199999999999998,6.44,200.0,False
E565,7.02,6.3,0.72,10.256410256410257,True
E566,69.42999999999999,62.26,7.169999999999995,10.326948005185072,True
E567,1.58,1.58,3.16,200.0,False
E568,1.74,1.74,1.5,86.20689655172414,False
E569,1.54,1.54,3.08,200.0,False
E57,11.44,11.44,3.459999999999999,30.244755244755236,False
E570,8.68,8.68,4.34,50.0,False
E571,24.43,24.43,1.8199999999999994,7.449856733524353,True
E572,6.02,6.0200000000000005,1.8999999999999992,31.561461794019923,False
E573,2.61,2.61,1.2999999999999998,49.80842911877394,False
E574,1.29,0.55,0.74,57.36434108527131,False
E575,20.200000000000003,20.2,3.9400000000000026,19.504950495049517,True
E576,3.45,3.4499999999999997,0.7400000000000001,21.449275362318843,False
E577,3.5,3.5,3.54,101.14285714285714,False
E578,4.05,3.33,0.7199999999999998,17.77777777777777,True
E579,2.83,2.83,0.5,17.6678445229682,True
E58,2.8600000000000003,2.8600000000000003,0.5599999999999999,19.580419580419576,True
E580,4.43,4.43,5.879999999999999,132.73137697516927,False
E581,2.12,1.0,1.1199999999999999,52.830188679245275,False
E582,1.0599999999999998,1.0599999999999998,0.8199999999999998,77.35849056603773,False
E583,2.2399999999999998,2.24,0.9199999999999997,41.07142857142856,False
E584,5.27,5.27,0.7199999999999998,13.662239089184057,True
E585,2.7199999999999998,2.72,1.0200000000000002,37.500000000000014,False
E586,8.1,8.1,1.1,13.580246913580249,True
E587,17.4,17.4,23.0,132.18390804597703,False
E588,6.9799999999999995,6.9799999999999995,0.9199999999999999,13.180515759312321,True
E589,2.69,1.19,1.5,55.762081784386616,False
E59,2.88,2.88,0.1600000000000001,5.555555555555558,True
E590,10.47,10.360000000000001,6.4700000000000015,61.795606494746906,False
E591,1.58,1.58,0.7600000000000001,48.10126582278482,False
E592,9.209999999999999,8.82,0.38999999999999946,4.234527687296411,True
E593,9.260000000000002,9.26,18.52,199.99999999999997,False
E594,6.42,6.42,10.3,160.4361370716511,False
E595,4.92,4.92,1.0999999999999999,22.35772357723577,False
E596,4.45,4.45,2.7,60.674157303370784,False
E597,2.04,2.04,1.08,52.94117647058823,False
E598,1.45,1.45,2.9,200.0,False
E599,8.0,8.0,1.56,19.5,True
E6,9.15,9.149999999999999,0.7999999999999998,8.743169398907101,True
E60,2.35,2.35,2.7800000000000002,118.29787234042553,False
E600,5.83,4.76,1.07,18.353344768439108,True
E601,1.4,1.2,0.19999999999999996,14.285714285714285,True
E602,13.89,11.870000000000001,2.0199999999999996,14.54283657307415,True
E603,1.85,1.85,3.7,200.0,False
E604,3.2299999999999995,3.2299999999999995,2.3599999999999994,73.06501547987615,False
E605,9.68,4.97,4.75,49.070247933884296,False
E606,1.44,1.44,2.88,200.0,False
E607,0.58,0.58,1.16,200.0,False
E608,0.8899999999999999,0.8899999999999999,0.6199999999999999,69.6629213483146,False
E609,2.53,2.5300000000000002,0.5199999999999998,20.553359683794458,False
E61,3.3899999999999997,1.3599999999999999,2.0300000000000002,59.88200589970503,False
E610,0.86,0.86,1.72,200.0,False
E611,1.49,1.49,2.98,200.0,False
E612,10.850000000000001,9.02,1.8300000000000014,16.86635944700462,True
E613,1.61,1.61,0.37999999999999995,23.602484472049685,False
E614,2.05,1.34,0.71,34.63414634146342,False
E615,2.7,2.7,0.6399999999999999,23.7037037037037,False
E616,1.69,1.69,3.38,200.0,False
E617,1.1600000000000001,1.1600000000000001,0.3600000000000001,31.03448275862069,False
E618,5.78,5.78,0.6399999999999997,11.072664359861585,True
E619,2.89,1.7000000000000002,1.19,41.17647058823529,False
E62,10.91,10.91,2.1,19.24839596700275,True
E620,3.6,3.6,0.2400000000000001,6.66666666666667,True
E621,1.78,0.7,1.08,60.674157303370784,False
E622,4.43,3.9200000000000004,0.5099999999999998,11.51241534988713,True
E623,1.45,1.45,2.9,200.0,False
E624,2.88,2.88,1.3199999999999998,45.83333333333333,False
E625,2.42,1.9100000000000001,0.5099999999999998,21.07438016528925,False
E626,4.28,4.28,0.38,8.878504672897195,True
E627,0.76,0.76,1.52,200.0,False
E628,2.93,2.93,5.86,200.0,False
E629,8.68,8.389999999999999,0.5100000000000006,5.8755760368663665,True
E63,9.33,9.33,0.9000000000000004,9.646302250803862,True
E630,2.17,2.17,4.34,200.0,False
E631,2.62,2.62,0.9800000000000002,37.40458015267176,False
E632,3.88,3.88,2.24,57.731958762886606,False
E634,4.69,4.69,9.38,200.0,False
E635,6.390000000000001,6.39,1.4600000000000004,22.848200312989047,False
E636,7.220000000000001,7.220000000000001,6.66,92.24376731301938,False
E637,1.88,1.88,0.31999999999999995,17.02127659574468,True
E638,1.18,1.18,0.43999999999999995,37.28813559322033,False
E639,5.18,5.18,0.9000000000000001,17.374517374517378,True
E64,7.99,7.99,3.7000000000000006,46.307884856070096,False
E640,9.49,8.739999999999998,3.089999999999999,32.560590094836655,False
E641,2.67,1.6199999999999999,1.0499999999999998,39.32584269662921,False
E642,0.72,0.72,1.44,200.0,False
E643,6.56,6.56,13.12,200.0,False
E644,2.8,2.8000000000000003,1.9400000000000004,69.2857142857143,False
E645,8.48,8.48,0.5399999999999996,6.367924528301882,True
E646,2.7800000000000002,2.78,5.5600000000000005,199.99999999999997,False
E647,10.15,10.15,20.3,200.0,False
E648,2.24,2.04,1.7200000000000002,76.78571428571429,False
E649,17.75,17.75,1.379999999999999,7.774647887323937,True
E65,3.8499999999999996,2.66,1.9499999999999997,50.649350649350644,False
E650,8.94,8.940000000000001,17.200000000000003,192.39373601789714,False
E651,5.73,5.73,11.46,199.99999999999997,False
E652,1.8399999999999999,1.8399999999999999,1.7,92.3913043478261,False
E653,3.7199999999999998,3.7199999999999998,7.4399999999999995,200.0,False
E654,4.1899999999999995,4.1899999999999995,8.379999999999999,200.0,False
E655,11.39,11.389999999999999,11.58,101.66812993854258,False
E656,2.74,2.74,5.48,199.99999999999997,False
E657,2.04,2.04,4.08,200.0,False
E658,2.1,2.1,0.5800000000000001,27.61904761904762,False
E659,5.289999999999999,5.289999999999999,10.579999999999998,200.0,False
E66,4.370000000000001,4.37,0.4599999999999995,10.52631578947367,True
E660,1.4500000000000002,1.4500000000000002,1.2800000000000002,88.27586206896552,False
E661,2.04,2.04,4.08,200.0,False
E662,2.69,2.69,5.38,200.0,False
E663,7.859999999999999,7.859999999999999,1.0600000000000003,13.486005089058528,True
E664,0.7,0.7,1.4,200.0,False
E665,3.64,3.6399999999999997,6.0200000000000005,165.3846153846154,False
E666,0.25,0.25,0.5,200.0,False
E667,0.73,0.73,1.46,200.0,False
E668,3.86,2.9,1.2000000000000002,31.088082901554408,False
E669,1.58,1.58,3.16,200.0,False
E67,1.49,1.33,0.15999999999999992,10.738255033557042,True
E670,4.03,1.36,5.390000000000001,133.74689826302728,False
E671,16.009999999999998,16.009999999999998,32.019999999999996,200.0,False
E672,2.2199999999999998,2.2199999999999998,2.7199999999999998,122.52252252252254,False
E673,5.2,5.2,5.32,102.3076923076923,False
E674,1.1400000000000001,1.1400000000000001,2.2800000000000002,200.0,False
E675,7.909999999999999,7.91,15.82,200.00000000000003,False
E676,7.88,7.88,0.7,8.883248730964468,True
E677,4.859999999999999,4.859999999999999,2.6199999999999997,53.90946502057613,False
E678,2.7399999999999998,1.15,1.5899999999999999,58.02919708029198,False
E679,7.25,7.25,4.460000000000001,61.51724137931036,False
E68,3.59,3.59,0.37999999999999945,10.584958217270179,True
E680,5.19,3.87,1.32,25.43352601156069,False
E681,5.56,4.390000000000001,2.6299999999999994,47.30215827338129,False
E682,1.63,1.63,3.26,200.0,False
E683,11.74,11.74,22.76,193.8671209540034,False
E684,19.67,19.67,39.34,200.0,False
E685,3.66,3.66,7.32,200.0,False
E686,3.54,3.54,5.24,148.0225988700565,False
E687,3.9699999999999998,3.9699999999999998,7.9399999999999995,200.0,False
E688,2.66,1.2,1.46,54.88721804511278,False
E689,2.81,2.81,1.54,54.804270462633454,False
E69,2.08,2.01,0.16999999999999982,8.173076923076914,True
E690,3.6399999999999997,3.6399999999999997,0.7199999999999998,19.780219780219774,True
E691,1.42,1.42,0.45999999999999996,32.3943661971831,False
E692,4.74,4.74,9.48,200.0,False
E693,4.36,4.359999999999999,8.719999999999999,199.99999999999997,False
E694,46.910000000000004,46.91,93.82000000000001,199.99999999999997,False
E695,49.05,49.05,98.1,200.0,False
E696,4.62,4.62,0.0,0.0,True
E697,242.39000000000001,242.39,484.78,200.0,False
E698,3.34,3.34,3.959999999999999,118.56287425149698,False
E699,16.24,16.24,23.9,147.16748768472908,False
E7,14.77,13.11,6.620000000000001,44.82058226134056,False
E70,7.760000000000001,7.1000000000000005,10.5,135.30927835051546,False
E700,6.83,6.83,13.36,195.60761346998535,False
E701,9.23,9.23,5.420000000000001,58.72156013001084,False
E702,10.989999999999998,10.99,21.979999999999997,200.0,False
E703,10.41,10.41,0.6400000000000009,6.147934678194052,True
E704,16.54,16.54,12.82,77.50906892382105,False
E705,10.030000000000001,8.870000000000001,1.1600000000000001,11.56530408773679,True
E706,19.86,19.860000000000003,39.72,200.0,False
E707,26.099999999999998,26.1,52.2,200.00000000000003,False
E708,23.7,23.700000000000003,47.400000000000006,200.00000000000006,False
E709,1.0299999999999998,1.03,1.3399999999999999,130.0970873786408,False
E71,4.66,4.37,0.2899999999999998,6.223175965665232,True
E710,145.28,131.18,15.85999999999999,10.91685022026431,True
E711,66.14,66.14,132.28,200.0,False
E712,4.78,4.78,9.56,200.0,False
E713,2.51,2.51,5.02,200.0,False
E714,6.95,6.949999999999999,13.9,200.0,False
E715,1.3399999999999999,1.3399999999999999,2.6799999999999997,200.00000000000003,False
E716,8.29,7.49,15.54,187.4547647768396,False
E717,3.08,3.08,1.8399999999999999,59.74025974025974,False
E718,3.59,3.59,7.18,200.0,False
E719,3.22,3.22,6.44,200.0,False
E72,6.18,5.7,1.6399999999999997,26.53721682847896,False
E720,15.49,15.49,30.98,200.0,False
E721,1.53,1.53,0.0,0.0,True
E722,11.89,11.89,23.779999999999998,199.99999999999994,False
E723,16.080000000000002,16.080000000000002,32.160000000000004,200.0,False
E724,2.67,2.67,5.34,200.0,False
E725,8.02,7.21,0.8099999999999996,10.099750623441391,True
E726,23.490000000000002,23.490000000000002,10.28,43.76330353341847,False
E727,0.81,0.81,0.30000000000000004,37.03703703703704,False
E728,7.53,7.53,14.18,188.31341301460822,False
E729,9.92,9.92,19.84,200.0,False
E73,0.77,0.77,1.54,200.0,False
E730,1.89,1.89,3.78,200.0,False
E731,10.6,10.6,21.2,200.0,False
E732,49.17,49.169999999999995,98.34,200.0,False
E733,15.72,15.72,31.44,200.0,False
E734,2.48,2.48,0.0,0.0,True
E735,2.95,2.95,3.02,102.3728813559322,False
E736,1.43,1.43,2.86,200.0,False
E737,14.5,14.5,29.0,200.0,False
E738,7.630000000000001,7.629999999999999,15.26,199.99999999999997,False
E739,2.29,2.29,4.58,200.0,False
E74,9.049999999999999,9.049999999999999,4.02,44.41988950276243,False
E740,3.05,3.05,5.56,182.29508196721312,False
E741,4.39,3.85,0.5399999999999996,12.300683371298396,True
E742,15.18,15.18,30.36,200.0,False
E743,8.37,8.37,16.74,200.0,False
E744,9.64,9.64,0.3000000000000004,3.112033195020751,True
E745,7.71,7.710000000000001,0.56,7.263294422827498,True
E746,47.53999999999999,47.54,93.25999999999999,196.1716449305848,False
E747,10.76,9.57,10.33,96.00371747211896,False
E748,1.8199999999999998,1.8199999999999998,1.1799999999999997,64.83516483516483,False
E749,19.470000000000002,19.47,2.8600000000000017,14.689265536723171,True
E75,2.3200000000000003,2.08,0.2400000000000001,10.3448275862069,True
E750,1.57,1.57,0.6600000000000001,42.03821656050956,False
E751,7.28,7.28,12.980000000000002,178.29670329670333,False
E752,9.719999999999999,9.719999999999999,3.0599999999999996,31.48148148148148,False
E753,1.2,0.0,1.2,100.0,False
E754,3.12,3.12,1.52,48.717948717948715,False
E755,3.08,3.08,2.16,70.12987012987013,False
E756,3.88,3.88,1.7599999999999998,45.360824742268036,False
E757,7.47,7.47,0.35999999999999976,4.819277108433732,True
E758,1.61,1.61,1.1,68.32298136645963,False
E759,4.97,4.97,9.94,200.0,False
E76,2.59,2.59,4.1,158.3011583011583,False
E760,3.94,3.94,2.2399999999999993,56.852791878172575,False
E761,3.51,2.9999999999999996,0.53,15.0997150997151,True
E762,3.81,3.2,0.6099999999999999,16.01049868766404,True
E763,8.43,2.23,6.200000000000001,73.54685646500594,False
E764,2.82,2.82,4.92,174.468085106383,False
E765,8.11,8.11,1.0799999999999996,13.316892725030822,True
E766,6.920000000000001,6.92,0.2999999999999995,4.335260115606928,True
E767,6.67,6.67,0.4400000000000006,6.596701649175422,True
E768,16.11,15.700000000000001,10.090000000000002,62.63190564866544,False
E769,1.52,1.52,0.52,34.21052631578947,False
E77,6.77,6.7700000000000005,0.22000000000000036,3.2496307237813937,True
E770,6.87,6.87,3.0,43.66812227074236,False
E771,4.49,4.49,5.76,128.28507795100222,False
E772,4.04,3.1799999999999997,0.8600000000000001,21.28712871287129,False
E773,1.74,0.8,0.94,54.02298850574713,False
E774,9.79,9.79,2.64,26.966292134831463,False
E775,1.0699999999999998,1.0699999999999998,0.30000000000000004,28.0373831775701,False
E776,0.66,0.28,0.38,57.57575757575757,False
E777,4.57,4.2,0.4500000000000003,9.846827133479218,True
E778,0.77,0.77,0.0,0.0,True
E779,1.31,1.31,0.3799999999999999,29.00763358778625,False
E78,1.08,0.53,0.55,50.92592592592593,False
E780,1.67,1.67,1.56,93.41317365269461,False
E781,2.74,2.74,1.8000000000000003,65.69343065693431,False
E782,1.5,1.5,1.6799999999999997,111.99999999999999,False
E783,7.84,7.84,15.68,200.0,False
E784,6.489999999999999,5.29,2.98,45.91679506933745,False
E785,8.99,8.99,16.0,177.97552836484982,False
E786,14.22,14.22,28.44,200.0,False
E787,10.23,7.33,17.560000000000002,171.65200391006843,False
E788,3.27,3.27,6.54,200.0,False
E789,2.5300000000000002,2.5300000000000002,1.9400000000000002,76.6798418972332,False
E79,14.91,14.91,1.0399999999999996,6.9751844399731695,True
E790,1.73,1.73,1.2000000000000002,69.364161849711,False
E791,2.93,2.93,5.86,200.0,False
E792,3.21,3.21,6.42,200.0,False
E793,1.73,1.73,3.46,200.0,False
E794,7.699999999999999,7.7,2.8600000000000008,37.14285714285715,False
E795,20.91,20.91,4.96,23.720707795313245,False
E796,16.36,16.0,5.460000000000001,33.37408312958436,False
E797,18.64,18.27,12.21,65.50429184549355,False
E798,0.93,0.93,1.86,200.0,False
E799,3.55,3.55,7.1,200.0,False
E8,1.59,1.59,3.18,200.0,False
E80,10.26,10.26,0.8799999999999994,8.576998050682256,True
E800,3.1399999999999997,2.34,1.32,42.03821656050956,False
E801,2.02,2.02,4.04,200.0,False
E802,13.13,13.13,26.02,198.17212490479815,False
E803,1.51,1.51,1.1,72.8476821192053,False
E804,2.95,2.95,0.5599999999999996,18.983050847457612,True
E805,3.61,3.6100000000000003,0.3000000000000004,8.310249307479236,True
E806,7.66,7.66,2.08,27.154046997389035,False
E807,9.6,9.6,1.0000000000000009,10.416666666666677,True
E808,3.2,3.2,2.36,73.75,False
E809,8.629999999999999,8.63,0.8800000000000006,10.19698725376594,True
E81,9.51,9.510000000000002,2.2600000000000007,23.764458464773927,False
E810,12.75,12.75,1.3599999999999994,10.666666666666663,True
E811,3.02,2.97,0.15000000000000024,4.966887417218551,True
E812,3.4899999999999998,3.4899999999999998,1.6399999999999997,46.99140401146131,False
E813,3.06,3.06,1.1799999999999997,38.562091503267965,False
E814,2.42,2.42,1.06,43.80165289256198,False
E815,2.65,2.65,0.52,19.62264150943396,True
E816,1.69,1.69,0.5800000000000001,34.31952662721894,False
E817,2.82,1.14,1.68,59.57446808510639,False
E818,2.21,2.21,1.6999999999999997,76.9230769230769,False
E819,1.38,1.38,1.12,81.15942028985509,False
E82,10.79,10.79,9.6,88.97126969416126,False
E820,6.4399999999999995,1.85,4.59,71.27329192546584,False
E821,7.12,5.73,3.5500000000000007,49.85955056179776,False
E822,5.880000000000001,5.880000000000001,1.3200000000000003,22.448979591836736,False
E823,0.48,0.48,0.96,200.0,False
E824,3.9400000000000004,3.9400000000000004,3.88,98.47715736040608,False
E825,1.29,1.29,0.5800000000000001,44.96124031007752,False
E826,1.9,1.9,0.3799999999999999,19.999999999999993,True
E827,5.52,5.52,0.8399999999999999,15.217391304347824,True
E828,4.04,4.04,0.0,0.0,True
E829,1.16,1.16,1.66,143.1034482758621,False
E83,1.83,1.83,1.7800000000000002,97.26775956284155,False
E830,3.33,3.33,6.66,200.0,False
E831,15.17,13.530000000000001,1.6399999999999988,10.810810810810803,True
E832,1.38,1.38,0.7999999999999999,57.971014492753625,False
E833,5.279999999999999,4.23,1.0499999999999998,19.886363636363637,True
E834,1.62,1.62,1.3599999999999999,83.9506172839506,False
E835,2.43,2.43,2.14,88.06584362139917,False
E836,0.67,0.67,1.34,200.0,False
E837,1.8,0.79,1.01,56.11111111111111,False
E838,3.1399999999999997,2.32,1.8199999999999998,57.96178343949044,False
E839,7.46,6.7,0.7599999999999998,10.187667560321712,True
E84,4.57,4.57,0.8400000000000001,18.380743982494533,True
E840,1.79,0.84,0.95,53.072625698324025,False
E841,1.97,1.9700000000000002,0.26000000000000034,13.197969543147225,True
E842,5.34,5.34,10.68,200.0,False
E843,8.100000000000001,8.1,4.319999999999999,53.333333333333314,False
E844,1.2500000000000002,1.25,0.82,65.6,False
E845,6.3100000000000005,6.3100000000000005,12.620000000000001,199.99999999999997,False
E846,2.9699999999999998,2.9699999999999998,5.9399999999999995,200.00000000000003,False
E847,1.73,1.73,2.02,116.76300578034682,False
E848,3.75,3.75,6.279999999999999,167.46666666666664,False
E849,8.95,8.95,1.9999999999999991,22.34636871508379,False
E85,2.41,1.62,1.5499999999999998,64.31535269709542,False
E850,5.67,3.69,5.68,100.1763668430335,False
E851,2.7199999999999998,2.7199999999999998,1.5199999999999998,55.882352941176464,False
E852,4.04,3.6999999999999997,0.6200000000000004,15.346534653465357,True
E853,3.95,3.95,1.3400000000000003,33.924050632911396,False
E854,4.9399999999999995,2.36,4.9799999999999995,100.80971659919028,False
E855,5.77,5.77,11.54,200.00000000000003,False
E856,7.16,6.41,0.75,10.474860335195531,True
E857,10.65,9.49,1.580000000000001,14.835680751173717,True
E858,17.14,17.14,34.28,200.0,False
E859,2.59,1.03,1.56,60.231660231660236,False
E86,3.68,3.16,0.52,14.130434782608695,True
E860,5.56,5.5600000000000005,11.12,200.0,False
E861,2.58,2.58,0.48,18.6046511627907,True
E862,8.02,8.02,1.4000000000000012,17.456359102244406,True
E863,3.21,3.21,2.16,67.28971962616822,False
E864,2.48,2.48,4.96,200.0,False
E865,9.27,9.27,2.0399999999999996,22.006472491909385,False
E866,3.06,3.06,1.1999999999999997,39.21568627450979,False
E867,16.93,16.93,2.700000000000002,15.948021264028363,True
E868,3.17,3.17,6.34,200.0,False
E869,15.43,13.879999999999999,1.5500000000000007,10.045366169799097,True
E87,2.88,2.88,1.2000000000000002,41.66666666666667,False
E870,10.66,9.48,1.1799999999999997,11.069418386491554,True
E871,9.190000000000001,9.19,3.46,37.64961915125136,False
E872,1.56,1.56,0.23999999999999988,15.384615384615378,True
E873,1.47,1.47,0.43999999999999995,29.93197278911564,False
E874,2.01,2.01,4.02,200.0,False
E875,5.069999999999999,5.07,0.6800000000000002,13.412228796844186,True
E876,1.11,0.68,0.43,38.73873873873873,False
E877,1.51,1.51,2.92,193.3774834437086,False
E878,2.1,2.1,1.7000000000000002,80.95238095238096,False
E879,6.859999999999999,6.859999999999999,0.8599999999999998,12.536443148688043,True
E88,1.8900000000000001,1.8900000000000001,0.36,19.047619047619047,True
E880,2.7600000000000002,2.76,0.23999999999999969,8.69565217391303,True
E881,1.2,0.7,0.5,41.66666666666667,False
E882,4.21,4.21,0.8999999999999997,21.377672209026123,False
E883,12.09,12.090000000000002,3.6000000000000005,29.776674937965264,False
E884,9.07,9.07,0.8000000000000014,8.820286659316443,True
E885,5.5200000000000005,5.5200000000000005,0.7400000000000002,13.405797101449279,True
E886,5.74,5.390000000000001,2.6100000000000008,45.470383275261334,False
E887,1.42,1.42,0.7,49.29577464788733,False
E888,2.2399999999999998,2.24,0.34000000000000036,15.178571428571447,True
E889,5.09,4.8,2.43,47.74066797642437,False
E89,3.8,1.25,2.63,69.21052631578948,False
E890,6.35,4.79,6.46,101.73228346456693,False
E891,2.17,2.17,0.98,45.16129032258065,False
E892,1.05,1.05,2.1,200.0,False
E893,1.52,0.7899999999999999,0.73,48.026315789473685,False
E894,1.9300000000000002,0.87,1.06,54.92227979274611,False
E895,2.3499999999999996,2.35,0.76,32.340425531914896,False
E896,1.33,1.33,0.5800000000000001,43.60902255639098,False
E897,1.41,1.41,2.82,200.0,False
E898,2.91,2.91,5.82,200.0,False
E899,1.3,0.96,0.3400000000000001,26.153846153846157,False
E9,17.75,12.13,5.619999999999999,31.66197183098591,False
E90,1.01,1.01,0.0,0.0,True
E900,7.27,7.27,14.54,200.0,False
E901,4.25,4.25,3.4000000000000004,80.00000000000001,False
E902,4.57,4.57,1.9799999999999995,43.32603938730852,False
E903,4.6,4.6,1.0199999999999996,22.173913043478255,False
E904,0.79,0.79,0.36000000000000004,45.569620253164565,False
E905,2.6799999999999997,2.6799999999999997,0.8199999999999998,30.59701492537313,False
E906,1.97,1.97,3.94,200.0,False
E907,2.44,2.44,1.1,45.08196721311476,False
E908,5.13,5.13,10.26,200.0,False
E909,2.12,2.12,2.02,95.28301886792453,False
E91,11.350000000000001,11.350000000000001,3.740000000000001,32.95154185022027,False
E910,3.37,3.37,6.74,200.0,False
E911,4.52,4.52,3.3999999999999995,75.22123893805309,False
E912,7.200000000000001,7.200000000000001,1.7999999999999998,24.999999999999993,False
E913,3.97,3.97,1.6600000000000001,41.81360201511335,False
E914,4.93,4.93,0.9200000000000006,18.661257606490885,True
E915,5.25,5.25,10.5,200.0,False
E916,2.52,2.52,5.04,200.0,False
E917,4.9,3.55,1.35,27.551020408163264,False
E918,12.610000000000001,10.53,2.080000000000001,16.494845360824748,True
E919,1.87,1.87,0.2999999999999998,16.04278074866309,True
E92,15.7,15.7,2.26,14.394904458598726,True
E920,2.63,2.63,1.4999999999999998,57.03422053231938,False
E921,2.34,0.99,1.3499999999999999,57.69230769230769,False
E923,0.37,0.37,0.74,200.0,False
E924,7.3100000000000005,7.31,0.4799999999999993,6.566347469220236,True
E925,8.08,8.080000000000002,1.3400000000000003,16.58415841584159,True
E926,2.09,2.09,1.5999999999999999,76.55502392344498,False
E927,2.81,2.81,5.62,200.0,False
E928,2.75,2.75,1.1600000000000001,42.18181818181819,False
E929,1.54,1.54,1.04,67.53246753246754,False
E93,3.9200000000000004,2.6999999999999997,1.2200000000000004,31.122448979591844,False
E930,9.11,9.11,1.2599999999999998,13.830954994511524,True
E931,7.53,7.53,2.1400000000000006,28.41965471447544,False
E932,1.85,1.85,0.3399999999999999,18.378378378378375,True
E933,8.33,8.33,2.7799999999999994,33.37334933973589,False
E934,12.77,12.77,1.1599999999999997,9.08379013312451,True
E935,2.95,0.62,2.33,78.98305084745762,False
E936,6.8100000000000005,6.8100000000000005,1.8399999999999999,27.01908957415565,False
E937,2.73,2.73,0.7799999999999998,28.571428571428566,False
E938,2.3,2.3,4.6,200.0,False
E939,2.54,2.54,2.8,110.23622047244095,False
E94,7.5200000000000005,7.5200000000000005,1.42,18.882978723404253,True
E940,6.05,6.05,1.08,17.85123966942149,True
E941,0.53,0.53,0.0,0.0,True
E942,8.83,8.83,1.0200000000000002,11.5515288788222,True
E943,7.74,7.74,13.3,171.83462532299743,False
E944,7.130000000000001,7.129999999999999,0.6599999999999993,9.256661991584842,True
E945,1.8599999999999999,1.8599999999999999,0.8199999999999998,44.08602150537634,False
E946,4.4,4.4,1.9400000000000002,44.09090909090909,False
E947,2.59,2.59,0.0,0.0,True
E949,10.32,10.32,9.760000000000002,94.57364341085272,False
E95,13.92,13.92,6.460000000000001,46.408045977011504,False
E950,9.25,9.25,0.8599999999999997,9.297297297297295,True
E951,0.77,0.33,0.44,57.14285714285714,False
E952,2.1300000000000003,2.13,1.8600000000000003,87.32394366197182,False
E953,10.26,10.26,0.7000000000000006,6.822612085769986,True
E954,9.89,9.89,1.0999999999999996,11.122345803842261,True
E955,2.71,2.71,5.42,200.0,False
E956,1.3599999999999999,1.3599999999999999,0.7599999999999999,55.882352941176464,False
E957,3.54,3.54,1.2000000000000002,33.898305084745765,False
E958,2.2,2.2,4.4,200.0,False
E959,5.84,5.840000000000001,1.3999999999999992,23.972602739726014,False
E96,8.74,5.37,3.37,38.558352402745996,False
E960,8.83,8.83,2.6999999999999997,30.57757644394111,False
E961,0.11,0.11,0.22,200.0,False
E962,3.02,2.42,0.6000000000000001,19.867549668874176,True
E963,1.37,1.37,2.74,199.99999999999997,False
E964,2.4800000000000004,2.48,0.47999999999999976,19.354838709677406,True
E965,0.79,0.79,1.58,200.0,False
E966,3.94,3.94,1.38,35.025380710659896,False
E967,1.35,1.35,0.3799999999999999,28.148148148148135,False
E968,3.35,3.35,0.9199999999999999,27.462686567164177,False
E969,4.15,4.15,0.45999999999999996,11.08433734939759,True
E97,10.33,10.33,0.9000000000000005,8.712487899322365,True
E970,2.0300000000000002,2.0300000000000002,0.2599999999999999,12.807881773399007,True
E971,1.0,1.0,0.3400000000000001,34.00000000000001,False
E972,5.42,5.42,10.84,200.0,False
E973,4.38,3.93,6.91,157.7625570776256,False
E974,7.890000000000001,7.89,3.08,39.03675538656527,False
E975,3.5,1.49,2.0100000000000002,57.42857142857144,False
E976,2.96,2.62,0.74,25.0,False
E977,4.65,4.65,1.1799999999999997,25.376344086021497,False
E978,2.22,1.54,0.6800000000000002,30.630630630630634,False
E979,8.72,8.72,6.14,70.41284403669724,False
E98,7.859999999999999,7.03,2.9700000000000006,37.78625954198474,False
E980,2.7,2.7,1.1400000000000003,42.22222222222223,False
E981,6.02,1.47,4.55,75.58139534883722,False
E982,3.52,3.52,2.88,81.81818181818181,False
E983,12.48,12.48,14.36,115.06410256410255,False
E984,1.28,1.28,2.56,200.0,False
E985,8.05,7.08,0.9700000000000006,12.049689440993795,True
E986,5.12,5.12,0.0,0.0,True
E987,2.86,2.8600000000000003,5.72,200.0,False
E988,6.410000000000001,6.41,2.42,37.75351014040561,False
E989,4.26,3.5999999999999996,0.6600000000000001,15.492957746478877,True
E99,3.44,2.88,0.5599999999999999,16.279069767441857,True
E990,13.76,13.759999999999998,3.28,23.837209302325583,False
E991,6.98,1.24,5.74,82.23495702005731,False
E992,1.84,1.8399999999999999,3.6799999999999997,200.0,False
E993,0.9299999999999999,0.9299999999999999,0.96,103.22580645161291,False
E994,74.38,74.38,148.76,200.0,False
E995,2.1799999999999997,2.1799999999999997,4.359999999999999,200.0,False
E996,7.65,0.75,7.68,100.3921568627451,False
E997,11.57,11.569999999999999,0.39999999999999947,3.457216940363003,True
E998,8.239999999999998,8.24,0.580000000000001,7.038834951456324,True
E999,0.6799999999999999,0.6799999999999999,0.0,0.0,True
