farm,etp
E1,0.0659845319583963
E10,0.7605476042314873
E100,5.04362985800758
E1000,0.06147479775980089
E1001,0.011551248999911105
E1002,0.2647817583785226
E1003,0.18504044803982578
E1004,0.6661359797638577
E1005,0.046837941150324476
E1006,5.173982576228998
E1007,0.025080451595697398
E1008,0.04905324917770469
E1009,0.101798382078407
E101,0.6468574984443062
E1010,0.36145612943372746
E1011,1.499286869943995
E1012,7.137326873499868
E1013,0.042961152102409104
E1014,0.02195395146235221
E1015,0.16104631522802026
E1016,0.14809912732983674
E1017,0.046917059294159486
E1018,0.4612952262423327
E1019,0.8256253889234598
E102,0.1670068450528936
E1020,1.0059614187927817
E1021,0.024763979020357367
E1022,1.6560858742999378
E1023,0.09106853942572676
E1024,0.6578122499777758
E1025,0.020808071828606986
E1026,0.04802471330784959
E1027,1.0804480398257623
E1028,1.9092470441817049
E1029,0.05601564583518535
E103,0.18342074851097875
E1030,0.006725042225975642
E1031,0.06756689483509647
E1032,1.4178967019290603
E1033,0.21405102675793405
E1034,0.062186861054315944
E1035,0.3512632233976354
E1036,0.18141523690994754
E1037,0.050635612054404845
E1038,0.052850920081785054
E1039,0.060525380033780773
E104,0.2071295226242333
E1040,0.26168370521824164
E1042,0.18979375944528404
E1043,0.056727709129700425
E1044,1.502128189172371
E1045,0.33466263667881585
E1046,0.0077535780958307415
E1047,0.24723597653124724
E1048,0.04675882300648947
E1049,1.9852457996266335
E105,0.02571339674637746
E1050,0.5762912258867455
E1051,0.010601831273891013
E1052,0.1455756067205974
E1053,0.12619343941683706
E1054,11.651483687438882
E1055,0.20773935460929863
E1056,0.021599253266957063
E1057,8.05016937616677
E1058,0.11528935905413815
E1059,0.21797137523335405
E106,0.31990043559427506
E1060,0.26982042848253174
E1061,0.05099831096097431
E1062,0.30186683260734287
E1063,0.012342430438261182
E1064,0.30813939016801495
E1065,0.4555444928438083
E1066,0.18112009956440572
E1067,0.04430616054760423
E1068,0.6076540136901057
E1069,0.08449106587252202
E107,0.5194420892968264
E1070,0.6154947106409459
E1071,0.14963374522179748
E1072,0.15446172993154947
E1073,0.1039879100364477
E1074,0.1498008711885501
E1075,0.35392869736569177
E1076,0.30359723086496576
E1077,0.31127566894835096
E1078,0.19523335407591785
E1079,0.3387061072095297
E108,0.05261356565028003
E1080,0.14505289359054135
E1081,0.1654387056627256
E1082,0.1958645212907814
E1083,0.12872788692328208
E1084,0.10192906036092098
E1085,0.33166148102053516
E1086,0.012105076006756157
E1087,0.12498710996533025
E1088,0.03371499688861232
E1089,0.3277411325451151
E109,0.46702034120204616
E1090,0.11369010578718107
E1091,0.30186683260734287
E1092,0.25691439239043473
E1093,0.5221904169259489
E1094,0.10351853498088719
E1095,0.14505289359054138
E1096,0.049765312472219755
E1097,0.14290870299582187
E1098,0.022469552849142153
E1099,0.01400391145879634
E11,0.09082762912258868
E110,0.10004533736332119
E1100,0.20295670726286782
E1101,0.11212196639701308
E1102,0.1260174237710019
E1103,0.09510534269712863
E1104,0.19131300560049783
E1105,0.20927909147479778
E1106,0.18504044803982572
E1107,0.14034847542003734
E1108,0.6690278858120721
E1109,0.2028482531780603
E111,0.13956440572495332
E1110,0.22698817672682015
E1111,0.009335940972530892
E1112,4.893997850313967
E1113,0.314578548396221
E1114,0.04469197261978842
E1115,0.16465463596764157
E1116,0.1481891723708774
E1117,0.07840696950840075
E1118,0.3685127566894835
E1119,0.41634100808960794
E112,0.7895581829495955
E1120,0.4275188905680505
E1121,0.15838207840696952
E1122,3.7814619632856257
E1123,0.34969508400746735
E1124,0.20385812072184192
E1125,0.4407405102675793
E1126,0.005300915636945507
E1127,0.5488391695423431
E1128,0.04834118588318962
E1129,1.1829247044181705
E113,0.2736295751541551
E1130,0.012105076006756157
E1131,0.5592976042314872
E1132,0.07357987376655703
E1133,0.0
E1134,0.0
E1135,0.0626055649391057
E1136,0.533951462352209
E1137,1.489732420659614
E1138,0.037847808694106144
E1139,0.05740688061160993
E114,0.09612854475953418
E1140,0.0230233798559872
E1141,0.4387681423533944
E1142,0.12089252377989157
E1143,1.5723210952084627
E1144,0.0
E1145,0.033862565561383236
E1146,0.24901146768601654
E1147,0.004826206773935461
E1148,0.11745755178238065
E1149,0.07027558005156014
E115,0.05174326606809495
E1150,0.06527246866388126
E1151,0.015428038047826475
E1152,0.013766557027291317
E1153,0.673851897946484
E1154,0.30892345986309894
E1155,0.19545478116573323
E1156,0.028916348119832874
E1157,0.043673215396924175
E1158,0.017564227931371676
E1159,2.555021779713752
E116,0.15522357542892704
E1160,1.72656854346649
E1161,0.8190834740865856
E1162,0.0
E1163,0.18037958929682638
E1164,0.06586185438705663
E1165,0.01724775535603165
E1166,0.10828518090496933
E1167,0.2587429993777225
E1168,0.26658369632856255
E117,0.7221281891723709
E1170,0.04356920615165792
E1171,0.008747444217263757
E1172,0.14348475420037335
E1173,0.015428038047826475
E1174,0.1917485998755445
E1175,0.10741754822650902
E1176,0.18974305123418378
E1177,0.021678371410792072
E1178,0.03998755444928438
E1179,4.5156627255756066
E118,0.036575695617388215
E1180,0.012184194150591165
E1181,0.1475953418081607
E1182,0.042906036092097075
E1183,0.14794915103564762
E1184,0.14390256911725488
E1185,0.16453018046048537
E1186,0.07040388775298546
E1187,0.30578536610661683
E1188,0.009019468397190861
E1189,0.36147213085607605
E119,0.14313183394079476
E1190,6.315756067205974
E1191,0.6468574984443062
E1192,0.22504933771890834
E1193,0.19601742377100187
E1194,0.021915725842297094
E1195,0.009256822828695886
E1196,0.0094150591163659
E1197,0.08180816072539782
E1198,0.039638190061338785
E1199,0.0
E12,0.02998577651346787
E120,0.3669446172993155
E1200,1.0089402669126144
E1201,0.059545737398879896
E1202,0.010443594986221
E1203,0.05331673926571251
E1204,0.4790665836963286
E1205,0.0016614810205351587
E1206,0.05459151924615521
E1207,0.025001333451862392
E1208,0.0
E1209,0.0146368566094764
E121,0.10437816694817317
E1210,0.014636856609476398
E1211,0.012342430438261177
E1212,0.028086941061427687
E1213,0.013845675171126323
E1214,0.028635434260823184
E1215,0.02215485820961863
E1216,0.02175748955462708
E1217,0.09992621566361456
E1218,0.012658903013601211
E1219,0.028482531780602727
E122,0.6316225886745488
E1220,0.0
E1222,0.014083029602631348
E1223,0.03845141790381367
E1224,0.011155658280736065
E1225,0.05896968619432838
E1226,0.009968886123210953
E1227,0.1737843363854565
E1228,1.172101520135123
E1229,0.014953329184816429
E123,13.838046048537649
E1230,0.009889767979375946
E1231,0.13250777846919726
E1232,0.04565116899279936
E1233,0.0637692239310161
E1234,0.010127122410880969
E1235,0.0188301182327318
E1236,0.06360920970752956
E1237,0.10240554715974753
E1238,0.1051791270335141
E1239,0.015507156191661483
E124,0.26344741754822654
E1240,0.062436661036536584
E1241,0.004351497910925416
E1242,0.04071117432660681
E1243,0.4547604231487243
E1244,0.0240519157258423
E1245,0.016614810205351587
E1246,0.04470175126677927
E1247,3.2625388923459866
E1248,0.008861232109520847
E1249,0.0
E125,0.5582576228998133
E1250,0.07030580496044093
E1251,0.1093510534269713
E1252,0.017405991643701664
E1253,0.03702995821850832
E1254,0.046996177437994495
E1255,0.4041096986398791
E1256,0.5462138856787269
E1257,0.2026963359706048
E1258,0.2787341096986399
E1259,0.011234776424571073
E126,0.31362787803360304
E1260,0.07476486798826562
E1261,0.10604498177615788
E1262,0.008940350253355853
E1263,0.28929238154502623
E1264,0.02262778913681216
E1265,0.049923548759889774
E1266,0.38419415059116363
E1267,0.049765312472219755
E1268,0.009652413547870923
E1269,0.022469552849142146
E127,0.12153080273802117
E1270,0.01795981865054672
E1271,0.4462289981331674
E1272,0.017326873499866658
E1273,0.15720775180016003
E1274,0.20702195750733396
E1275,0.0
E1276,0.03171126322339763
E1277,0.19076771268557205
E1278,0.04849942217085964
E1279,0.866306338341186
E128,0.05018046048537648
E1280,0.020333362965596947
E1281,0.014083029602631348
E1282,0.09361898835452041
E1283,0.0
E1284,0.41538967167451923
E1285,0.014162147746466356
E1286,0.012500666725931196
E1287,0.007990932527335765
E1288,0.030064894657302874
E1289,0.4027707499925919
E129,0.036789936883278515
E1290,0.011551248999911104
E1291,0.05134767534891991
E1292,0.03636856609476398
E1293,0.0037185527602453554
E1294,0.06899813316739266
E1295,0.09330429371499689
E1296,0.02705840519157259
E1297,0.003481198328740333
E1298,0.005459151924615522
E1299,0.023522090852520224
E13,1.2766432571784159
E130,0.11761045426260112
E1300,0.09016801493466087
E1301,0.09434883100720065
E1302,0.23757311761045424
E1303,0.12423237621121878
E1304,0.6013814561294337
E1305,0.07808960796515246
E1306,0.07275402257978487
E1307,0.047734020801849054
E1308,0.005459151924615522
E1309,0.012184194150591165
E131,0.6952222567931965
E1310,0.005300915636945507
E1311,0.06473197617566007
E1312,0.05410080896079651
E1313,0.007120632945150682
E1314,0.37164903546981953
E1315,0.006725042225975642
E1316,0.07919103920348475
E1317,0.011393012712241092
E1318,0.7861605476042316
E1319,0.169659525291137
E132,0.35361543248288735
E1320,0.014874211040981421
E1321,0.13913147835363143
E1322,0.006250333362965598
E1323,0.008702995821850832
E1324,0.4179091474797759
E1325,0.015823628767001514
E1326,0.016931282780691618
E1327,0.036107209529735985
E1328,0.008702995821850832
E1329,0.27207218419415063
E133,0.18896079651524578
E1330,0.011630367143746111
E1331,0.16230242688238958
E1332,0.023498088718997247
E1333,0.22204107031736153
E1334,0.09557471775268914
E1335,0.4634607520668504
E1336,0.1079171481909503
E1337,0.07460840963641213
E1338,0.052534447506445016
E1339,0.054451062316650374
E134,0.16963641212552225
E1340,0.0596550804515957
E1341,0.05380033780780514
E1342,0.0032438438972353096
E1343,0.08586718819450617
E1344,0.05875011112098854
E1345,0.5685447595341808
E1346,0.020966308116277
E1347,0.09810649835540938
E1348,0.026900168903902573
E1349,1.2705840519157259
E135,0.1059738643434972
E1350,0.04422704240376923
E1351,0.04628411414347943
E1352,0.03057747355320473
E1353,0.24353364743532757
E1354,0.009256822828695884
E1355,0.37792159303049155
E1357,0.16779091474797758
E1358,0.09482887367766024
E1359,0.21807449551071206
E136,0.3942481755954064
E1360,0.043309627522446444
E1361,0.027232642901591254
E1362,0.06790825851186773
E1363,0.07135034225264468
E1364,0.07040163570095119
E1365,0.08546359676415681
E1366,0.10663347853142502
E1367,0.007041514801315674
E1368,0.007041514801315674
E1369,0.04390790292470442
E137,0.2564770201795715
E1370,0.03251755711618811
E1371,1.6764499066583698
E1372,1.841238332296204
E1373,0.058784780869410615
E1374,0.094150591163659
E1375,0.37164903546981953
E1376,0.010680949417726023
E1377,0.3873304293714997
E1378,0.10885856520579609
E1379,1.096540136901058
E138,0.3763534536403236
E1380,0.03837229975997867
E1381,0.11026491243666105
E1382,0.3318559427504667
E1383,0.02467152635789848
E1384,0.006329451506800606
E1385,0.13094852875811183
E1386,0.0617912703351409
E1387,0.010364476842385992
E1388,0.7637176637923371
E1389,0.11682638456751712
E139,0.3165036892168193
E1390,6.763020768512757
E1391,0.06978842563783448
E1392,0.01847186416570362
E1393,0.004272379767090408
E1394,0.05225531158325184
E1395,0.3026509023024269
E1397,0.004826206773935461
E1398,0.031988621210774296
E1399,0.009652413547870924
E14,0.011393012712241088
E140,0.005538270068450529
E1400,0.06507778469197262
E1401,0.41555693839452396
E1402,0.006883278513645659
E1403,0.2744243932794026
E1404,0.11133789670192908
E1406,0.16309271935283134
E1407,0.004351497910925416
E1408,0.015190683616321452
E1409,0.0136083207396213
E141,0.1377678015823629
E1410,0.010364476842385992
E1411,0.10246333007378432
E1412,0.06313627878033604
E1413,0.16622277535780958
E1414,0.004114143479420393
E1415,0.006566805938305627
E1416,0.019067472664236824
E1417,0.29716241443683883
E1418,0.07911814383500756
E1419,0.3921219663970131
E142,0.006962396657480666
E1420,0.060373366521468574
E1421,0.05071473019823985
E1422,0.2772371281487647
E1423,0.20464219041692597
E1424,0.2901617921593031
E1425,0.14840696950840077
E1426,0.07641923726553472
E1427,0.05728153613654547
E1428,0.06147479775980087
E1429,0.4837710018668326
E143,0.0848146501911281
E1430,0.03884700862298871
E1431,0.021780602720241803
E1432,0.1340759178593653
E1433,0.017959818650546716
E1434,0.052473997688683445
E1435,0.00680416036981065
E1437,0.006725042225975642
E1438,0.20188905680504934
E1439,0.012658903013601211
E144,0.05182238421192996
E1440,0.5239843023083532
E1441,0.18033602986932168
E1442,0.10506533914125699
E1443,0.008702995821850832
E1445,0.0
E1446,0.24184194150591165
E1447,0.03441639256822829
E1448,0.005538270068450529
E1449,0.11604231487243312
E145,0.1603422526446795
E1450,0.018671881945061784
E1451,0.0926526802382434
E1452,0.08313450084451951
E1453,0.027970486265445817
E1454,0.0
E1455,0.006725042225975643
E1456,0.04169526180104899
E1457,0.034913325628944794
E1458,0.11364654635967641
E1459,0.0064085696506356125
E146,0.11173615432482888
E1460,0.17014312383322963
E1461,0.2203235843186061
E1462,0.1823415414703529
E1463,0.033276735709840875
E1464,0.08593652769135034
E1465,0.011393012712241092
E1466,0.28138412303315846
E1467,0.13761323228731442
E1468,0.042486443239399055
E1469,0.04446439683527425
E147,0.4439076658665955
E1470,0.14222987969300974
E1471,0.0
E1472,0.033994132811805494
E1473,0.033941683705218245
E1474,0.01621921948617655
E1475,0.05749222153080274
E1476,0.028166059205262696
E1477,0.006645924082140635
E1478,0.022944261712152192
E1479,0.23203840341363677
E148,1.2498070939639079
E1480,0.07157969597297538
E1481,0.005142679349275492
E1482,0.014083029602631348
E1483,0.4743621655258245
E1484,0.023260734287492223
E1485,0.9923255400480044
E1486,0.5417225234835689
E1487,0.24031291670370702
E1488,0.0
E1489,0.08243488310072007
E149,0.08995910747622012
E1490,0.3583198506533914
E1491,0.004905324917770469
E1492,1.2960672059738645
E1493,0.04834118588318962
E1494,0.09082762912258868
E1495,0.06173971019646191
E1496,0.35735573532462145
E1497,0.06017601564583519
E1498,0.07176015645835186
E1499,1.1212009956440574
E15,0.18504044803982578
E150,0.2977126855720509
E1500,0.14859809760867632
E1501,0.5112134411947729
E1502,0.0784851986843275
E1503,0.17876789047915367
E1504,0.005063561205440484
E1505,2.03667703795893
E1506,0.9051897946484131
E1507,0.07270957418437195
E1508,0.15054138145612944
E1509,0.2846581918392746
E151,0.9159191120018749
E1510,0.01202595786292115
E1511,0.07160192017068184
E1512,0.06842741577029068
E1513,0.21635967641568143
E1514,0.04517646012978932
E1515,0.017801582362876704
E1516,0.008307405102675794
E1517,0.007357987376655703
E1518,0.3167686016534803
E1519,0.01526980176015646
E152,0.09800871188550093
E1520,0.05016712596675261
E1521,0.005142679349275492
E1522,0.02014045692950485
E1523,0.020728953684771984
E1524,0.13015556938394524
E1525,0.12501555693839453
E1526,0.0
E1527,0.0198586541025869
E1528,0.007437105520490711
E1529,0.03829318161614366
E153,0.049132367321539694
E1530,0.01685216463685661
E1531,0.440955640501378
E1532,0.007911814383500757
E1533,0.2877909147479776
E1534,0.008782113965685838
E1535,0.05273090941417015
E1536,0.04470175126677927
E1537,0.007911814383500757
E1538,0.4940945861854387
E1539,0.0077535780958307415
E154,0.2218917237087741
E1540,0.009422170859631969
E1541,1.0581207218419415
E1542,0.09249533291848164
E1543,1.8671313005600498
E1544,0.004588852342430438
E1545,0.008940350253355853
E1546,0.016377455773846566
E1547,0.005063561205440484
E1548,0.0188301182327318
E1549,0.01724775535603165
E155,0.1929657585724792
E1550,0.04161969952884701
E1551,0.03275491154769313
E1553,0.03647346430793849
E1554,0.07135034225264468
E1555,0.05546181882834031
E1556,0.020570717397101965
E1557,0.4104267045959641
E1558,2.5478316456412284
E1559,0.020491599253266962
E156,0.39711412731636747
E1560,0.10053604764867988
E1561,0.044273268734998664
E1562,0.0077535780958307415
E1563,0.09800871188550093
E1564,2.4815010889856874
E1565,0.0
E1566,0.004905324917770469
E1567,0.4984469730642724
E1568,0.07429193706107211
E1569,0.0
E157,0.22738021157436214
E1570,1.2343497199751088
E1571,0.018355409369721753
E1572,0.09858120721841943
E1573,1.3446821939727978
E1574,0.6028526980176014
E1575,6.634629744866211
E1576,0.31720868117570045
E1577,0.3300933416303672
E1578,0.04573028713663438
E1579,0.34028624766645926
E158,0.10016623699884433
E1580,0.12858742999377723
E1581,0.05409991999288826
E1582,0.22581207218419413
E1583,0.007674459951995734
E1584,0.04390790292470442
E1585,0.11120988532313984
E1586,0.030074673304293715
E1587,0.17327940261356567
E1588,0.14348475420037335
E1589,0.2818339407947373
E159,0.38033258511867724
E1590,0.004588852342430438
E1591,0.05221530802738021
E1592,0.4461356565028003
E1593,0.042409991999288826
E1594,0.019937772246421907
E1595,0.07056627255756068
E1596,0.012817139301271225
E1597,0.01131389456840608
E1598,0.007674459951995734
E1599,0.5409378611432127
E16,0.530031113876789
E160,0.03955907191750378
E1600,0.004588852342430439
E1601,0.023339852431327236
E1602,0.4916116988176727
E1603,0.034099919992888264
E1604,0.0846795270690728
E1605,0.38048622840548785
E1606,0.032088185616499246
E1607,0.11761045426260112
E1608,0.47789492399324385
E161,0.19880522713130058
E1610,0.008386523246510801
E1611,0.001819717308205174
E1612,0.11173259845319584
E1613,0.1426997955373811
E1614,0.23600497822028624
E1615,0.025950751177882477
E1616,3.7509894212818917
E1617,0.26736776602364654
E1618,0.019700417814916885
E1619,0.006487687794470619
E162,0.0897990932527336
E1620,0.1446279669303938
E1621,0.1364281269446173
E1622,0.016060983198506535
E1623,0.004667970486265447
E1624,0.08211841052538002
E1625,0.02982754022579785
E1626,0.06617654902658014
E1627,0.014320384034136368
E1628,0.13329184816428127
E1629,0.1606424496992325
E163,0.08509823095386257
E1630,0.004035025335585386
E1631,0.11227220197350876
E1632,0.007798026491243667
E1633,0.3561436572139745
E1634,0.20703706996177437
E1635,0.08211129878211397
E1636,0.001819717308205174
E1637,0.02362076629033692
E1638,0.021124544403947017
E1639,0.03848964352386879
E164,0.11312116632589563
E1640,0.004826206773935461
E1641,0.1905289359054138
E1642,0.0635096453018046
E1643,0.012421548582096188
E1644,0.03939016801493466
E1645,0.06416303671437461
E1647,0.17822739799093254
E1648,0.023498088718997247
E1649,0.2767766023646546
E165,0.9777349097697573
E1650,0.013133611876611254
E1651,0.32990665836963284
E1652,0.021520135123122057
E1653,0.041141434794203936
E1654,0.02477286869943995
E1655,0.010206240554715976
E1656,0.04276380122677571
E1657,0.02967197084185261
E1658,0.01920526269001689
E1659,0.15496488576762377
E166,0.5334660858742999
E1660,0.07014845764067917
E1661,0.03860609831985066
E1662,0.05554893768334963
E1663,0.5272701721634515
E1664,0.011076540136901058
E1665,0.7173428749222153
E1666,0.053810116454795984
E1667,0.11684416392568228
E1668,0.011946839719086142
E1669,0.1416334488991614
E167,0.05656947284203041
E1670,4.87568139390168
E1671,0.040271135212018846
E1672,0.01242154858209619
E1673,0.04111387678904792
E1674,0.4589439061249889
E1675,0.01598186505467153
E1676,0.04747088630100453
E1677,0.0512685572050849
E1678,0.19108542981598364
E1679,0.0717592674904436
E168,0.19758556316116987
E1680,0.10760067561561029
E1681,0.0941594808427416
E1682,0.07962663347853144
E1683,1.5737958929682638
E1684,0.016060983198506535
E1685,3.689173926571251
E1686,0.6108515479153702
E1687,0.17171126322339764
E1688,0.018434527513556762
E1689,0.02452662458885235
E169,0.04517646012978932
E1690,0.1474051026757934
E1691,0.06922837585563162
E1692,0.16308649657747357
E1693,0.009177704684860876
E1694,0.07497466441461464
E1695,0.603658991910392
E1696,0.5124082140634723
E1697,0.055540936972175305
E1698,0.4983696328562539
E1699,0.0
E17,0.008228286958840786
E170,0.17484754200373367
E1700,0.43119388390079116
E1701,0.0
E1702,0.028245177349097702
E1703,0.1670068450528936
E1704,0.1880867040033188
E1705,0.25125077784691974
E1706,0.1356440572495333
E1708,0.0657960707618455
E1709,0.010918303849231044
E171,0.26338607876255665
E1710,0.004826206773935461
E1711,0.27207218419415063
E1712,0.1756316116988177
E1713,0.04184994221708597
E1714,0.7421032980709396
E1715,0.5909849764423505
E1716,0.09644057249533293
E1717,0.040821406347230874
E1718,0.0030064894657302874
E1719,0.15722997599786648
E172,0.0
E1720,0.00585474264379056
E1721,0.2618792781580585
E1722,0.3669446172993155
E1723,0.010760067561561028
E1724,0.004588852342430438
E1725,0.008623877678015824
E1726,0.0744866210329807
E1727,0.16230242688238955
E1728,0.005300915636945507
E1729,0.05631522802026846
E173,0.06378700328918126
E1730,0.010918303849231044
E1731,0.05623610987643347
E1732,0.23678904791537025
E1733,0.3434225264467953
E1734,0.0071997510889856885
E1735,0.07760067561561029
E1736,0.01603787003289181
E1737,0.020384923104275934
E1738,0.07626989065694728
E1739,0.00783269623966575
E174,0.7346733042937149
E1740,0.029794648413192282
E1741,0.1036403235843186
E1742,0.22771001866832608
E1743,0.021915725842297097
E1744,0.01724775535603165
E1745,0.0241825940083563
E1746,0.313627878033603
E1747,0.13775091119210597
E1748,0.028136486206181286
E1749,0.23443683883011823
E175,0.05293003822562006
E1750,0.05958929682638457
E1751,0.12466708151835719
E1752,0.028570539603520313
E1753,0.41242065961418795
E1754,0.004430616054760424
E1755,0.37295581829495955
E1756,0.23130056004978222
E1757,0.30040625833407414
E1758,0.05880522713130056
E1759,0.10918303849231044
E176,0.5778593652769136
E1760,0.03449906658369633
E1761,0.005775624499955552
E1762,0.009098586541025869
E1763,0.05320215130233799
E1764,0.4082173304293715
E1765,0.17406347230864963
E1766,0.5511903280291581
E1767,0.1011751118617951
E1768,2.421102209085252
E1769,0.08298871010756513
E177,0.27912881144990664
E1770,0.006012978931460575
E1771,0.15132545115121343
E1772,0.08232731798382079
E1773,0.1568139390168015
E1774,2.0778220286247664
E1775,8.784815844741754
E1776,0.11290603609209707
E1777,0.18112009956440575
E1778,0.5666990769549886
E1779,0.7404300456336859
E178,0.12474531069428393
E1780,0.419477286869944
E1781,0.010522713130056007
E1782,0.08433994132811808
E1783,0.049527958040714734
E1784,0.09301360120899636
E1785,0.020966308116277
E1786,0.20542626011200996
E1787,0.07476664592408215
E1788,0.29500541529617447
E1789,0.954431492900379
E179,0.1356440572495333
E1790,1.2334243043826119
E1791,0.28461729931549473
E1792,0.059180371588585655
E1793,1.841238332296204
E1794,11.53088363410081
E1795,0.0
E1796,0.23378540314694637
E1797,0.4359427504667081
E1798,0.09644057249533293
E1799,0.08075917859365277
E18,0.11961685483154058
E180,0.4963161169881767
E1800,0.03378344741754823
E1801,0.030618721664147926
E1802,0.007041514801315674
E1803,0.06821406347230866
E1804,0.15524579962663346
E1805,0.4882078406969509
E1806,9.248245177349098
E1807,0.514312383322962
E1808,0.32178183986724745
E1809,0.023260734287492223
E181,0.060522713130056006
E1810,0.34170770735176464
E1811,0.10125166681482799
E1812,0.016614810205351587
E1813,0.15599508104424098
E1814,0.013212730020446262
E1815,0.211698817672682
E1816,0.15895368477197974
E1817,3.7853391412570008
E1818,0.14311761045426258
E1819,0.012975375588941239
E182,0.14099119921770825
E1820,0.012738021157436217
E1821,0.7440448039825762
E1822,23.29573506533914
E1823,0.2571099653302516
E1824,1.4330669392834918
E1825,0.555457373988799
E1826,0.6775588941239221
E1827,0.0795667392657125
E1828,2.700336029869322
E1829,0.10114499066583696
E183,0.17014312383322963
E1830,0.08381545026224554
E1831,0.026108987465552496
E1832,0.026108987465552496
E1833,0.0032438438972353096
E1834,0.06432305093786114
E1835,0.9015207816452372
E1836,0.03730376033425194
E1837,0.18660858742999378
E1838,0.13015556938394524
E1839,0.039425726731265
E184,0.35047915370255134
E1840,0.006883278513645659
E1841,0.0737025513378967
E1842,0.05981064983554094
E1843,0.06899813316739266
E1844,0.05018046048537648
E1845,0.10546715263578986
E1846,0.028534980887189972
E1847,0.09622988710107565
E1848,0.018751000088896793
E1849,0.09602186861054317
E185,0.18501289003466975
E1850,0.007437105520490711
E1851,0.0
E1852,0.030693394968441645
E1853,0.055668948350964524
E1855,0.004430616054760424
E1856,0.024051915725842296
E1857,0.39595519601742374
E1858,0.13485998755444928
E1859,0.031362787803360305
E186,0.08354875988976798
E1860,0.21718730553827006
E1861,0.09406613921237443
E1862,0.031203662547782025
E1863,0.073132722908703
E1864,0.34416303671437465
E1865,0.007278869232820696
E1866,0.008386523246510801
E1867,0.003955907191750378
E1868,0.015823628767001514
E1869,0.22424393279402616
E187,0.5433602986932171
E1870,0.17719975108898567
E1871,0.17884256378344743
E1872,0.008307405102675794
E1873,0.018751000088896793
E1874,0.02262778913681216
E1875,0.09894301715708062
E1876,0.01234243043826118
E1877,0.008861232109520847
E1878,0.4445675171126322
E1879,0.020175126677926928
E188,0.004588852342430439
E1880,0.0077535780958307415
E1881,0.02753311405458263
E1882,0.06445817405991643
E1883,0.10271313005600498
E1884,0.10192906036092098
E1885,0.006012978931460575
E1886,0.06750111120988533
E1887,0.00617121521913059
E1888,0.021611698817672685
E1889,0.01851364565739177
E189,0.7741132545115121
E1890,0.09905147124188815
E1891,0.010149346608587432
E1892,0.07646457462885589
E1893,0.08219041692594899
E1894,0.10741754822650902
E1895,0.01526980176015646
E1896,0.007674459951995735
E1897,0.01131389456840608
E1898,0.010760956529469286
E1899,0.011472130856076096
E19,0.04782825140012446
E190,0.17086229887101076
E1900,0.13956440572495335
E1901,0.2509023024268824
E1902,0.010839185705396038
E1903,0.019067472664236824
E1904,0.07153258067383768
E1905,0.05096453018046048
E1906,0.11212196639701308
E1907,0.1049711085429816
E1908,0.017326873499866658
E1909,0.08781580584940885
E191,0.04335674282158415
E1910,0.005538270068450529
E1911,0.007357987376655703
E1912,0.02911547693128278
E1913,0.014715974753311408
E1914,0.034653746999733316
E1915,0.03639434616410348
E1916,0.21561916614810206
E1917,0.09565650280024891
E1918,0.13015556938394524
E1919,0.008465641390345809
E192,0.2524704418170504
E1920,0.12190416925948974
E1921,0.09090052449106588
E1922,0.041555693839452394
E1923,0.036805938305627166
E1924,0.002531780602720242
E1925,0.11369010578718107
E1926,0.02911547693128278
E1927,0.007674459951995734
E1928,0.28461729931549473
E1929,0.00909858654102587
E193,0.057349423652472815
E1930,0.10823006489465731
E1931,0.06194150591163659
E1932,0.007516223664325718
E1933,0.026821050760067567
E1934,0.010601831273891015
E1935,0.12858742999377723
E1936,0.312059738643435
E1937,0.005933860787625567
E1938,0.34486709929771536
E1939,0.019700417814916882
E194,0.5528616988176727
E1940,0.09421192994932882
E1941,0.2010351068243103
E1942,0.05410080896079651
E1943,0.03457462885589831
E1944,0.08283758556316118
E1945,0.17050760067561563
E1946,0.03920348475420037
E1947,0.06655791625922304
E1948,0.007357987376655704
E1949,1.0458742999377724
E195,0.4074548848786559
E1950,0.014874211040981421
E1951,0.544482731798382
E1952,0.024131033869677306
E1953,0.015111565472486444
E1954,3.027853142501556
E1955,0.013054493732776251
E1956,0.1873055382700685
E1957,0.029748422081962846
E1958,0.25486403235843186
E1959,0.003955907191750378
E196,0.3474219930660503
E1960,0.12159125255578274
E1961,0.2817913814561294
E1962,0.04541381456129434
E1963,0.011076540136901058
E1964,0.009177704684860876
E1965,0.009494177260200907
E1966,0.016614810205351587
E1967,0.6727317983820784
E1968,0.0659374166592586
E1969,0.043301626811272115
E197,0.1857647144392633
E1970,0.4798791003644768
E1971,0.33871810827629123
E1972,0.0253053604764868
E1973,0.008702995821850832
E1974,0.02587429993777225
E1975,0.03446795270690728
E1976,0.01621921948617655
E1977,0.004351497910925416
E1978,0.08119032802915815
E1979,0.0288407858476309
E198,0.1364281269446173
E1980,0.02239043470530714
E1981,0.06672948706551694
E1982,0.0071997510889856885
E1983,0.08703351409014136
E1984,5.108301182327319
E1985,0.21030491599253265
E1986,0.021045426260112014
E1987,0.004035025335585386
E1988,0.02017512667792693
E1989,0.020254244821761937
E199,0.050872966485909867
E1990,0.11863010045337363
E1991,0.06859543070495155
E1992,0.0
E1993,0.1492008178504756
E1994,0.10057871810827629
E1995,0.017166859276380123
E1996,0.10976975731176104
E1997,0.04418792781580584
E1998,0.08712418881678372
E1999,0.28573350964530175
E2,1.2754947106409458
E20,0.47279402613565646
E200,0.041616143657213986
E2000,0.010601831273891015
E2001,0.03858298515423593
E2002,0.08787003289181261
E2003,0.0313627878033603
E2004,0.040631167214863546
E2005,0.014636856609476398
E2006,0.004984443061605477
E2007,0.0056173882122855364
E2008,0.03085607609565295
E2009,0.0642937149968886
E201,0.0846795270690728
E2010,0.23522090852520225
E2011,0.07487865588052271
E2012,0.01629833763001156
E2013,0.1576726820161792
E2014,0.07742821584140813
E2015,0.09565650280024891
E2016,0.14682176934246008
E2017,0.06272557560672061
E2018,0.062026846830829416
E2019,0.007516223664325718
E202,0.1096840089489436
E2020,0.030578718108276292
E2021,0.2184845467745281
E2022,0.00909858654102587
E2023,0.017168637212196643
E2024,0.041820606276113434
E2025,0.1419157258422971
E2026,0.0017405991643701666
E2027,0.13015556938394526
E2028,0.014399502177971375
E2029,0.79891421089282
E203,0.4328064716863721
E2030,0.210130678282514
E2031,0.09487243310516491
E2032,0.09722464219041693
E2033,0.19758556316116987
E2034,0.010839185705396036
E2035,0.051057871810827625
E2036,0.08792651939431652
E2037,0.32571261889945774
E2038,0.018671881945061787
E2039,0.018038936794381726
E204,0.21718730553827
E2040,0.08214596853053605
E2041,0.01400391145879634
E2042,0.041025350401517176
E2043,0.03053960352031292
E2044,0.2853995540344327
E2045,0.09748599875544493
E2046,0.005300915636945507
E2047,0.055668948350964524
E2048,0.10861854387056628
E2049,1.3082606458957968
E205,0.03825317806027202
E2050,0.016614810205351587
E2051,0.04137878922570895
E2052,0.011788603431416127
E2053,0.0024526624588852345
E2054,0.11731620588496755
E2055,0.009256822828695886
E2056,0.007437105520490712
E2057,0.0114721308560761
E2058,0.009256822828695886
E2059,0.020219575073339855
E206,0.527678904791537
E2060,0.03990043559427505
E2061,0.04590630278246955
E2062,0.5719619521735266
E2063,0.12058405191572583
E2064,0.04390790292470442
E2065,0.08693039381278336
E2066,0.6837087741132545
E2067,0.0578913681216108
E2068,0.8226917948262067
E2069,0.17171126322339764
E207,0.06859543070495155
E2070,0.09565650280024891
E2071,0.08792651939431652
E2072,0.13329184816428127
E2073,0.01977953595875189
E2074,0.08781580584940885
E2075,0.036627255756067206
E2076,0.010601831273891015
E2077,0.00878211396568584
E2078,0.030935194239487956
E2079,0.18504044803982578
E208,0.14348475420037335
E2080,0.4213365354698196
E2081,0.15832962930038225
E2082,0.04826206773935461
E2083,0.4053640323584318
E2084,0.004667970486265446
E2085,0.002294426171215219
E2086,0.10114499066583696
E2087,0.16720064005689395
E2088,0.018751000088896793
E2089,0.2047844252822473
E209,0.20542626011200996
E2090,0.03152013512312206
E2091,0.21405102675793405
E2092,0.1364281269446173
E2093,0.04215041337007735
E2094,0.13093963907902925
E2095,0.03887189972441995
E2096,0.03164725753400303
E2097,0.21384923104275935
E2098,0.35259400835629834
E2099,0.47216386641775565
E21,0.588562538892346
E210,0.026658369632856255
E2100,0.7234349719975108
E2101,0.3454360387590008
E2102,0.024002133522979825
E2103,0.0638527869143924
E2104,0.006329451506800606
E2105,0.4850296100394109
E2106,0.0013450084451951288
E2107,0.1193343186060983
E2108,0.05407147301982399
E2109,4.721387678904791
E211,0.38811449906658374
E2110,1.898832421467767
E2111,0.09095208462974487
E2112,0.07762289981331674
E2113,0.03315050226686817
E2114,0.2744243932794026
E2115,0.14217797137523336
E2116,0.15054138145612944
E2117,0.10129355942750466
E2118,0.04734554182594009
E2119,0.05342430438261179
E212,0.16779091474797758
E2120,0.29167392657125074
E2121,0.15904702640234689
E2122,0.02729575962307761
E2123,0.004430616054760424
E2124,0.004667970486265447
E2125,0.01606098319850653
E2126,0.1463401191216997
E2127,0.004351497910925416
E2128,0.014083029602631348
E2129,1.4324953329184815
E213,0.009889767979375946
E2130,0.9867010400924526
E2131,0.013133611876611254
E2132,0.0033229620410703173
E2133,0.0
E2134,0.1544243932794026
E2135,0.12388301182327317
E2136,1.393745221797493
E2137,0.017643346075206685
E2138,0.0744866210329807
E2139,0.007595341808160726
E214,0.013766557027291315
E2140,0.06586185438705663
E2141,0.017089519068361633
E2142,0.01946306338341186
E2143,0.09925948973242066
E2144,0.07280595312175897
E2145,0.05762402583933387
E2146,0.12503344741754824
E2147,0.007674459951995734
E2148,0.002531780602720242
E2149,0.07527069072806471
E215,0.21708596319672863
E2150,0.04825940083562984
E2151,0.012658903013601208
E2152,0.010522713130056007
E2153,0.017326873499866658
E2154,0.0015823628767001514
E2155,0.005459151924615522
E2156,0.025938305627166862
E2157,0.019067472664236824
E2158,0.003955907191750378
E2159,0.020175126677926928
E216,0.1830278246955285
E2160,0.005142679349275491
E2161,1.502128189172371
E2162,0.17566717041514798
E2163,0.6556755600497822
E2165,0.2171873055382701
E2166,0.20074051026757936
E2167,0.06411947728686994
E2168,0.016931282780691618
E2169,0.033835896524135475
E217,0.07884271935283135
E2170,0.10084629744866211
E2171,0.015032447328651437
E2172,0.0846795270690728
E2173,0.0278056938394524
E2174,0.055834296381900614
E2175,0.05732153969241711
E2176,0.053721219663970136
E2177,0.008307405102675794
E2178,0.0352111298782114
E2179,0.06833851897946484
E218,0.3434225264467953
E2180,0.31853931460574275
E2181,0.454284825317806
E2182,0.015191572584229708
E2183,0.015823628767001514
E2184,0.005933860787625567
E2185,0.013370966308116279
E2186,0.030132456218330515
E2187,0.016931282780691618
E2188,0.06895312175897116
E2189,0.049920881856165
E219,0.037343763890123574
E2190,0.03589385723175393
E2191,1.0106679482620677
E2192,0.08606365010223131
E2193,0.5660950399294752
E2194,0.010364476842385992
E2195,0.018592763801226778
E2196,0.012738021157436217
E2198,0.04447506445017335
E2199,0.014874211040981421
E22,0.06272557560672061
E220,0.3409831985065339
E2200,0.021678371410792072
E2201,0.23600497822028624
E2202,0.01194683971908614
E2203,0.047805138234509735
E2204,0.06543692772690905
E2205,0.03196373010934306
E2206,0.04210863187838919
E2207,0.03328295848519868
E2208,0.009019468397190861
E2209,2.66738643434972
E221,0.05546181882834031
E2210,0.8774113254511512
E2211,0.021124544403947024
E2212,0.019700417814916882
E2213,0.030994755089341273
E2214,0.010997421993066052
E2215,0.020491599253266955
E2216,0.0
E2217,0.20152428364002728
E2218,0.004984443061605477
E2219,0.1474051026757934
E222,0.060373366521468574
E2220,0.35283136278780336
E2221,0.309707529558183
E2222,0.055529676712004025
E2223,0.15054138145612941
E2224,0.3458629433727443
E2225,0.11761045426260112
E2226,0.0030064894657302874
E2227,0.026108987465552496
E2228,0.13329184816428127
E2229,0.3714464841319228
E223,0.2383571873055383
E2230,0.21091474797759802
E2231,0.1136901057871811
E2232,0.5001680149346609
E2233,0.10611076540136902
E2234,0.020906747266423685
E2235,0.05720064005689395
E2236,0.03449906658369633
E2237,0.06350964530180461
E2238,0.18347230864965774
E2239,0.0
E224,0.004667970486265446
E2240,0.08228998133167394
E2241,0.8358182949595521
E2242,0.2783447417548226
E2243,0.2234598630989421
E2244,0.2313005600497822
E2245,0.3206845052893591
E2246,0.1779838207840697
E2247,0.2422775357809583
E2248,0.25403858120721845
E2249,0.3371499688861232
E225,2.9010578718108277
E2250,0.31441194772868697
E2251,0.24541381456129432
E2252,0.028640768068272742
E2253,0.37713752333540757
E2254,4.124785314250156
E2255,0.16387056627255756
E2256,0.11917859365276914
E2257,0.15446172993154944
E2258,0.9374613021157436
E2259,0.3214685749844431
E226,0.09530193795004
E2260,6.912271313005601
E2261,0.20725575606720595
E2262,0.0
E2264,1.5512632233976353
E2265,0.6106782825140012
E2266,0.017722464219041695
E2267,0.11314872433105165
E2268,0.2211076540136901
E2269,0.1035656502800249
E227,2.7464281269446174
E2270,0.008861232109520847
E2271,1.0780958307405102
E2272,0.3509645301804605
E2273,0.07051560138678994
E2274,0.19303394375796365
E2275,0.007516223664325719
E2276,0.1756316116988177
E2277,0.05103475864521291
E2278,0.39525824517734914
E2279,0.024763979020357367
E228,0.19209707529558187
E2280,0.30029869321717484
E2281,0.3409559738643435
E2282,0.6015681393901681
E2283,0.5138909847542004
E2284,1.168263845675171
E2285,0.10976975731176103
E2286,0.3930802738021158
E2287,2.5138394523957683
E2288,0.02919459507511779
E2289,0.104281269446173
E229,0.15644146146324117
E2290,0.08402346875277802
E2291,0.05174326606809494
E2292,0.08781580584940885
E2293,0.023181616143657217
E2294,0.06453551426793493
E2295,0.07100186683260734
E2296,1.3293900124455507
E2297,0.14620766290336917
E2298,0.17668148279847098
E2299,0.032052626900168905
E23,0.09874922215308027
E230,0.011393012712241088
E2300,0.2187554449284381
E2301,0.6527940261356565
E2302,6.527654013690106
E2303,0.14613387856698373
E2304,0.018513645657391768
E2305,0.03710640945861855
E2306,0.05158502978042493
E2307,0.03267579340385812
E2308,0.01590274691083652
E2309,0.005380033780780514
E231,0.16230242688238955
E2310,0.2816419237265535
E2311,1.2012523335407592
E2312,0.03710640945861855
E2313,0.11811716597030847
E2314,0.016931282780691618
E2315,0.05018046048537648
E2316,0.3237772246421904
E2317,0.049448839896879725
E2318,0.5656058316294783
E2319,0.04232820695172905
E232,0.0321468574984443
E2320,0.1474051026757934
E2321,0.0
E2322,0.017405991643701664
E2323,0.2955942750466708
E2324,2.076216552582452
E2325,0.10702017957151748
E2326,0.32613944202447626
E2327,0.47601270483302216
E2328,0.14565650280024892
E2329,0.006645924082140635
E233,0.5786434349719976
E2330,0.08270690728064717
E2331,0.03567580081192402
E2332,0.5700186683260735
E2333,0.007840696950840076
E2334,0.004035025335585386
E2335,1.4834966163658991
E2336,0.02705840519157259
E2337,0.02895724064361277
E2338,0.26344741754822654
E2339,0.019146590808071833
E234,0.10594363943461642
E2340,0.6349839244969924
E2341,0.38181971730820524
E2342,0.4610329807093964
E2343,0.15598542092630457
E2344,0.00814916881500578
E2345,0.061926393457196194
E2346,0.5919726197884256
E2347,0.10074851097875366
E2349,0.1740221757085478
E235,0.05018046048537648
E2350,0.016219219486176547
E2351,0.21182949595519604
E2352,0.03874122144190594
E2353,0.017521557471775268
E2354,0.008307405102675794
E2355,0.3109707529558183
E2356,0.004984443061605477
E2357,0.006962396657480666
E2358,0.00878211396568584
E2359,0.01590274691083652
E236,0.061157436216552584
E2360,0.006012978931460575
E2361,0.00680416036981065
E2362,3.19377722464219
E2363,0.018434527513556762
E2364,1.6960915785106823
E2365,0.2026032462144783
E2366,0.03211040981420571
E2367,0.02484309716419237
E2368,0.0471224108809672
E2369,0.013291848164281271
E237,0.117857587341097
E2370,0.08006756156102765
E2371,0.022469552849142153
E2372,0.006250333362965598
E2373,0.05683349631078318
E2374,0.00814916881500578
E2375,0.013370966308116277
E2376,0.1756316116988177
E2377,0.0029273713218952798
E2378,0.007120632945150682
E2379,0.011946839719086142
E238,0.007595341808160726
E2380,0.007357987376655704
E2381,0.016465463596764155
E2382,1.4600124455507157
E2383,0.11342874922215308
E2384,0.08859987554449286
E2385,0.07034121551545322
E2386,0.05393457196195217
E2387,0.3643746110765402
E2388,0.03674282158414082
E2389,0.0
E239,0.0744866210329807
E2390,0.4492719352831363
E2391,0.045288470086229896
E2392,0.1560298693217175
E2393,0.1254511512134412
E2394,0.02571339674637746
E2395,0.0489350164459063
E2396,0.21561916614810206
E2397,0.043538092274868885
E2398,0.103497199751089
E2399,0.0029273713218952798
E24,0.1168263845675171
E240,0.43377722464219043
E2400,0.008465641390345809
E2401,0.03841941505911636
E2402,0.0151124544403947
E2403,0.04782825140012446
E2404,0.004984443061605477
E2405,0.004193261623255401
E2406,0.09072095297359765
E2407,0.055857409547515335
E2408,0.04469197261978842
E2409,0.020333362965596947
E241,0.14191661481020534
E2410,0.054610187572228644
E2411,0.24755000444483954
E2412,0.04066494799537737
E2413,0.06276913503422527
E2415,0.01297537558894124
E2416,0.06516490354698196
E2417,0.06418526091208109
E2418,1.3671068243103088
E2419,0.07997510889856876
E242,0.1582695498859158
E2420,0.004984443061605476
E2421,0.08781580584940885
E2422,0.010285358698550984
E2423,5.201294337274424
E2424,0.12174593297181972
E2425,0.029794648413192286
E2426,0.00814916881500578
E2427,1.403858120721842
E2428,0.05410080896079651
E2429,0.10538358965241355
E243,0.2752084629744866
E2430,0.02567961596586363
E2431,0.031362787803360305
E2432,0.008386523246510801
E2433,0.048237176637923374
E2434,0.010839185705396038
E2435,0.11430793848342076
E2436,0.009335940972530892
E2437,0.0
E2438,0.004747088630100454
E2439,0.28619588407858476
E244,0.2361792159303049
E2440,0.02468486087652236
E2441,0.2532545115121344
E2442,0.005380033780780515
E2443,0.1481891723708774
E2444,0.0999126218626841
E2445,0.026774824428838124
E2446,0.07543692772690906
E2447,0.0015823628767001514
E2448,0.006092097075295583
E2449,0.04223842119299493
E245,0.8301457907369544
E2450,0.11314027172785729
E2451,0.060373366521468574
E2452,0.03828873677660237
E2453,0.03355587163303405
E2454,0.08179304827095742
E2455,0.017249533291848165
E2456,0.004905324917770469
E2457,0.034923104275935646
E2458,0.04390790292470442
E2459,0.19543870566272556
E246,0.0470752955818295
E2460,0.8212570006222776
E2461,0.16779091474797758
E2462,0.19523335407591785
E2463,0.010048004267045961
E2464,0.007120632945150682
E2465,0.16073428749222154
E2466,0.006012978931460576
E2467,0.021599253266957063
E2468,0.1591661481020535
E2469,0.008544759534180817
E247,0.03457107298426527
E2470,0.007437105520490711
E2471,0.09027380211574364
E2472,0.0699404391501467
E2473,0.04467597119743977
E2474,0.36956796159658634
E2475,0.004984443061605477
E2476,0.0
E2477,0.05096453018046049
E2478,0.006012978931460575
E2479,0.09173615432482887
E248,0.09981064983554094
E2480,0.8778579510097866
E2481,0.05125077784691973
E2482,0.008070050671170772
E2483,0.011709485287581119
E2484,0.20777846919726198
E2485,0.15132545115121346
E2486,0.041035647613121166
E2487,0.026108987465552493
E2488,0.08311138767890479
E2489,0.12937149968886122
E249,0.09000177793581653
E2490,0.1881767268201618
E2491,0.018414081251666815
E2492,0.1443159391945951
E2493,0.043957685127566884
E2494,0.0077535780958307415
E2495,0.10309360832073962
E2496,0.13093963907902925
E2497,0.20385812072184195
E2498,0.210130678282514
E2499,0.03662992265979198
E25,0.26893590541381457
E250,0.2150528935905414
E2500,0.03919459507511779
E2501,0.40379589296826374
E2502,0.0010285358698550982
E2503,0.06664592408214064
E2504,1.062973797670904
E2505,0.011234776424571073
E2506,0.10535609831985066
E2507,0.11249977775802295
E2508,0.0
E2509,0.0479429282602898
E251,0.06419237265534715
E2510,0.0052217974931105
E2511,0.04573028713663437
E2512,0.003639434616410348
E2513,0.2234598630989421
E2514,0.0746581918392746
E2515,0.018781224997777582
E2516,0.16387056627255756
E2517,0.009652413547870923
E2518,1.2436492132634012
E2519,0.004747088630100454
E252,0.15210952084629745
E2520,0.028086941061427683
E2521,0.16355504192965303
E2522,0.15581207218419416
E2523,0.009019468397190863
E2524,0.5347355320472931
E2525,1.285289359054138
E2526,0.1356440572495333
E2527,0.009335940972530892
E2528,0.17798382078406969
E2529,0.008228286958840786
E253,0.1489732420659614
E2531,0.20621032980709397
E2532,0.004035025335585386
E2533,0.004035025335585386
E2534,0.0064085696506356125
E2535,0.008544759534180817
E2536,0.0029273713218952798
E2537,0.00617121521913059
E2538,0.004114143479420393
E2539,0.003560316472575341
E254,0.23286869943995023
E2540,0.051341452573562096
E2541,0.04470175126677927
E2542,0.09879278158058494
E2543,0.010918303849231044
E2544,0.04791537025513379
E2545,0.023181616143657217
E2546,0.19366521468574985
E2547,0.00878211396568584
E2548,0.008861232109520847
E2549,0.06214952440216909
E255,0.0
E2551,0.033308738554538184
E2552,0.009494177260200907
E2553,0.01756422793137168
E2554,0.015902746910836516
E2555,0.05403769223931017
E2556,0.003481198328740333
E2557,0.017997155302693576
E2558,0.027815805849408837
E2559,0.05538803449195485
E256,0.23183394079473732
E2560,0.0428927015734732
E2561,0.037361543248288734
E2562,0.0905058227397991
E2563,0.0642937149968886
E2564,0.6343123833229621
E2565,0.008782113965685838
E2566,0.012817139301271225
E2567,0.11917859365276914
E2568,0.043043826117877146
E2569,0.011946839719086142
E257,0.26936972175304474
E2570,0.007595341808160726
E2572,0.5174859987554449
E2573,0.11290603609209707
E2574,0.20121788603431415
E2575,0.34499688861232114
E2576,0.07813065605831629
E2577,1.1932794026135658
E2578,0.028957240643612766
E2579,1.0528935905413814
E258,0.7973988799004355
E2580,0.1610072006400569
E2581,0.018751000088896793
E2582,0.01400391145879634
E2583,0.1270192906036092
E2584,0.08340563605653836
E2585,0.0
E2586,0.011393012712241088
E2587,2.057249533291848
E2588,0.08703173615432484
E2589,0.007516223664325718
E259,0.2551415681393902
E2590,0.010522713130056007
E2591,2.7983642990488047
E2592,0.2788487865588052
E2593,3.106446795270691
E2594,0.03582896257445106
E2595,0.07504755978309183
E2596,0.009889767979375946
E2597,0.030146679704862657
E2598,0.003402080184905325
E2599,0.009494177260200907
E26,0.07056627255756068
E260,0.5088612321095208
E2600,0.5760298693217175
E2601,0.021599253266957066
E2602,0.7097510889856876
E2603,0.47514623522090854
E2604,3.5236838830118233
E2605,3.6219539514623524
E2606,0.0
E2607,0.17955196017423772
E2608,0.381354787092186
E2609,1.9029558182949593
E261,0.6590390256911727
E2610,2.0881082762912255
E2611,0.5615432482887368
E2612,1.2281896496860327
E2613,0.44423498755444935
E2614,0.701929060360921
E2615,0.23575588941239223
E2616,0.6303920348475419
E2617,0.03473286514356832
E2618,0.048612321095208466
E2619,0.15524579962663348
E262,0.08311138767890479
E2620,3.2298817672682016
E2621,0.8640448039825762
E2622,6.788923459863098
E2623,0.0
E2624,0.12074673304293712
E2625,0.028550093341630365
E2626,0.5206222775357809
E2627,0.01938394523957685
E2628,0.06834563072273091
E2629,0.3184843837970783
E263,0.5731549471064095
E2630,0.017010400924526627
E2631,0.05782469552849142
E2632,0.9879278158058493
E2633,0.24967698138824462
E2634,0.5760298693217175
E2635,0.29951462352209085
E2636,0.03606720597386434
E2637,0.15210952084629745
E2638,0.47029247044181705
E2639,0.07516223664325718
E264,0.5296888612321096
E2640,0.00617121521913059
E2641,0.09646368566094764
E2642,0.12209816428126942
E2643,0.11163658991910393
E2644,0.012105076006756157
E2645,0.06637923370966309
E2646,0.008861232109520847
E2647,0.10036092097075294
E2648,0.015744510623166504
E2649,0.03167837141079207
E265,0.3170357769175442
E2650,0.018276291225886747
E2651,0.012817139301271225
E2652,0.665224603298071
E2653,0.008465641390345809
E2654,0.945828962574451
E2655,0.006566805938305627
E2656,0.006725042225975642
E2657,0.011630367143746113
E2658,0.318332296204107
E2659,0.49751000088896785
E266,0.007041514801315672
E2660,0.13485998755444928
E2661,0.09659629744866209
E2662,0.043113165614721304
E2663,0.6899813316739265
E2664,0.05410080896079651
E2665,0.24610543159391945
E2666,0.01297537558894124
E2667,0.009652413547870923
E2668,0.041853498088719
E2669,0.11188905680504933
E267,0.036077873588763444
E2670,0.0940883634100809
E2671,0.046917059294159486
E2672,0.06185083118499422
E2673,0.00783269623966575
E2674,0.032438438972353094
E2675,0.3669446172993155
E2676,0.004193261623255401
E2677,0.1285874299937772
E2678,0.010048004267045961
E2679,0.4811037129226301
E268,0.47509105994606926
E2680,0.11290603609209707
E2681,0.08232731798382079
E2682,0.007278869232820695
E2683,0.003085607609565295
E2684,0.006329451506800606
E2685,0.005063561205440484
E2686,0.11128011378789224
E2687,0.06881056093875011
E2688,0.24384567517112632
E2689,0.02207396212996711
E269,0.6067445995199573
E2690,0.03685127566894835
E2691,0.008623877678015824
E2692,2.905986309894213
E2693,0.4845550715619166
E2694,0.18268823895457373
E2695,0.10898568761667703
E2696,0.5018046048537648
E2697,0.19601742377100187
E2698,0.35283136278780336
E2699,0.5786416199958515
E27,0.30769312827806916
E270,0.009889767979375946
E2700,0.555532330146518
E2701,0.040771624144368385
E2702,0.02509023024268824
E2703,0.07997510889856875
E2704,0.9771935283136278
E2705,0.5133620766290337
E2706,0.6523459863098942
E2707,0.11958006637627049
E2708,0.105065339141257
E2709,0.144126589030136
E271,0.11327851364565739
E2710,0.20835817257830327
E2711,0.08311138767890479
E2713,0.3308774113254512
E2714,0.2532545115121344
E2715,2.4746204107031735
E2716,0.26759100808960795
E2717,0.002215308027380212
E2718,0.07683883011823273
E2719,0.8828624766645924
E272,0.06250333362965597
E2720,0.05096453018046049
E2721,0.1340759178593653
E2722,2.2498195395146237
E2723,0.132440261356565
E2724,0.17406347230864963
E2725,0.6776858535573532
E2726,0.056453018046048534
E2727,0.10192906036092098
E2728,3.7236216552582455
E2729,0.04782825140012446
E273,0.0
E2730,0.008228286958840786
E2731,0.013416303671437462
E2732,0.0055382700684505305
E2733,0.582028624766646
E2734,0.036236109876433456
E2735,0.0
E2736,0.008702995821850832
E2737,0.17092719352831362
E2738,0.5215068006044982
E2739,1.1314872433105165
E274,0.19235843186060983
E2740,0.006645924082140635
E2741,0.007437105520490711
E2742,0.4361489102061597
E2743,0.16891723708774117
E2744,0.02262778913681216
E2745,0.17053515868077163
E2746,0.0032438438972353096
E2747,0.012263312294426173
E2748,0.015428038047826475
E2749,0.1685749844430616
E275,0.03338785669837319
E2750,0.18660858742999378
E2751,0.11124722197528669
E2752,0.11932794026135658
E2753,2.039154480398258
E2754,0.39714996888612325
E2755,0.005933860787625567
E2756,0.04128900346697484
E2757,0.0846795270690728
E2758,1.4812196639701307
E2759,0.2313005600497822
E276,1.400418533499274
E2760,0.010443594986220998
E2761,2.015139234598631
E2762,5.053889234598631
E2763,0.007990932527335765
E2764,0.046402346875277806
E2765,0.003639434616410348
E2766,0.3010098675437817
E2767,0.07435594275046671
E2768,0.17657213974575517
E2769,0.00836341008089608
E277,0.2699644412836697
E2770,0.007674459951995734
E2771,0.017089519068361633
E2772,0.013766557027291315
E2773,0.025001333451862392
E2774,0.057237087741132536
E2775,0.15022073073162057
E2777,0.26031113876789047
E2778,0.004193261623255401
E2779,0.03441639256822829
E278,0.0624019912881145
E2780,0.01442083740776958
E2781,0.03920348475420037
E2782,0.00814916881500578
E2783,0.028640768068272735
E2784,0.8905213130056004
E2785,0.011551248999911104
E2786,0.031409903102498
E2787,0.029036358787447775
E2788,0.009494177260200909
E2789,0.23496470056597624
E279,0.17406347230864963
E2790,0.06821406347230866
E2791,4.227647790914748
E2792,0.014399502177971375
E2793,0.012184194150591165
E2794,0.104178149168815
E2795,0.008465641390345809
E2796,0.047475331140545834
E2797,0.19444928438083386
E2798,0.07619966219219487
E2799,0.006329451506800606
E28,0.012263312294426173
E280,0.4423086496577474
E2800,0.6656751711263224
E2801,0.009177704684860878
E2802,0.007357987376655704
E2803,0.007595341808160726
E2804,0.022944261712152192
E2805,0.03275491154769313
E2806,0.07286714374611077
E2807,0.045476042314872435
E2808,0.018276291225886747
E2809,0.004193261623255401
E281,0.40379589296826385
E2810,0.003164725753400303
E2811,0.005538270068450529
E2812,0.014478620321806385
E2813,0.0
E2814,0.0
E2815,0.2767766023646546
E2816,0.09800871188550093
E2817,0.5472806471686371
E2818,0.2262974486621033
E2819,0.3251097875366699
E282,0.2564867988265624
E2820,0.36302426882389544
E2821,3.0114187927815808
E2822,0.28764104957477704
E2823,0.24384567517112632
E2825,0.15790945861854383
E2826,0.03299315494710641
E2827,0.3896826384567517
E2828,0.1616054760423149
E2829,0.03644057249533292
E283,0.16116842978635137
E2830,0.12019201706818383
E2831,2.232115743621655
E2832,0.003560316472575341
E2833,0.003481198328740333
E2834,2.820684505289359
E2835,1.016996702737213
E2836,0.05174326606809495
E2837,0.1580434038581207
E2838,0.013054493732776246
E2839,1.7210451299374758
E284,0.040587607787358884
E2840,0.5615432482887367
E2841,0.07007645124011024
E2842,2.9315805849408836
E2843,0.058468308294070584
E2844,0.08351942394879545
E2845,0.009256822828695884
E2846,0.03998755444928438
E2847,0.0
E2848,0.01748510978753667
E2849,0.014478620321806385
E285,0.5833478531425015
E2850,0.25795892968263845
E2851,0.006725042225975642
E2852,0.05350875633389634
E2853,0.3966085874299937
E2854,0.02587429993777225
E2855,0.008465641390345809
E2856,0.009494177260200907
E2857,0.1756316116988177
E2858,0.013133611876611254
E2859,0.1490230242688239
E286,1.03497199751089
E2860,0.010127122410880967
E2861,0.07135034225264468
E2862,0.01811805493821673
E2863,0.23835718730553826
E2864,0.08815157643642398
E2865,0.0038767890479153707
E2866,0.0037185527602453554
E2867,0.02705840519157259
E2868,0.01621921948617655
E2869,0.19952706907280646
E287,0.09699884434171928
E2870,0.011630367143746111
E2871,0.030362698906569473
E2872,0.0948724331051649
E2873,0.07213441194772868
E2874,0.0629762645568495
E2875,0.8511287077369839
E2876,0.005775624499955552
E2877,0.04103742554893768
E2878,0.0
E2879,0.0036394346164103477
E288,0.0
E2880,0.006566805938305627
E2881,0.09722464219041693
E2882,0.11761045426260112
E2883,1.698668326073429
E2884,0.003402080184905325
E2885,0.09173615432482889
E2886,0.01400391145879634
E2887,0.06540848075384478
E2888,0.0
E2889,0.0037185527602453554
E289,0.9593448306516135
E2890,0.0234305271579696
E2891,0.06835807627344653
E2892,0.09827006845052895
E2893,0.007595341808160726
E2894,0.021385012001066763
E2895,0.13333540759178594
E2896,0.19126617921593028
E2897,0.2007520668503867
E2898,0.11839452395768513
E2899,0.0058547426437905595
E29,0.14034847542003734
E290,0.17137967819361724
E2900,0.09041376270483302
E2901,0.007041514801315674
E2902,0.09879278158058494
E2903,0.1466210329807094
E2904,0.0
E2905,0.004588852342430438
E2906,0.061157436216552584
E2907,0.3097507259904584
E2908,0.10271313005600498
E2909,0.011234776424571073
E291,0.12870744066139214
E2910,0.003639434616410348
E2911,0.3610383145168459
E2912,0.06586185438705663
E2913,0.009494177260200909
E2914,0.009652413547870923
E2915,0.018434527513556762
E2916,0.00814916881500578
E2917,0.01946306338341186
E2918,0.03708863010045337
E2919,0.37164903546981953
E292,0.14380033780780513
E2920,0.07826829051471242
E2921,0.005142679349275492
E2922,0.01526980176015646
E2923,0.004747088630100454
E2924,0.08544137256645036
E2925,0.12145079562627789
E2926,0.0030064894657302874
E2927,0.0033229620410703173
E2928,0.5264467952706907
E2929,0.014461729931549473
E293,0.22267579340385815
E2930,0.03781847275313362
E2931,0.004667970486265446
E2932,0.025001333451862395
E2933,0.0486478798115388
E2934,0.26579962663347856
E2935,0.12701929060360923
E2936,1.4773329573739886
E2937,0.005933860787625567
E2938,0.0052217974931105
E2939,0.01795981865054672
E294,0.1956351675704507
E2940,2.890435594275047
E2941,0.06659791981509466
E2942,0.08148457640679173
E2943,0.05837941150324473
E2944,0.020528935905413815
E2945,0.01068094941772602
E2946,0.0
E2947,0.10815805849408837
E2948,1.273176000829703
E2949,0.08467952706907281
E295,0.2822650902302427
E2950,0.2587429993777225
E2951,0.07135034225264468
E2952,0.006250333362965598
E2953,3.440626722375322
E2954,0.042644679527069074
E2955,0.19444928438083386
E2956,0.2890621388567872
E2957,0.033625211129878214
E2958,0.19444928438083386
E2959,0.18504044803982578
E296,0.7072121966397014
E2960,0.006645924082140635
E2961,0.01598186505467153
E2962,0.008861232109520847
E2963,0.22595964085696507
E2964,0.3509645301804605
E2965,0.7895581829495955
E2966,0.15446172993154947
E2967,0.03195217352653569
E2968,0.04865765845852965
E2969,0.5127815805849408
E297,0.0322819806204996
E2970,0.006329451506800606
E2971,0.058085163125611176
E2972,0.07438438972353098
E2973,0.007990932527335765
E2974,0.03631522802026847
E2975,0.11230864965774735
E2976,0.015428038047826475
E2977,0.0847141968174949
E2978,0.43608231842830475
E2979,0.02017512667792693
E298,0.6933597282721427
E2980,0.2785732065072451
E2981,0.7931798382078407
E2982,0.007911814383500757
E2983,0.0230233798559872
E2984,0.009019468397190861
E2985,0.011630367143746111
E2986,0.3222864254600409
E2987,0.010127122410880969
E2988,0.008861232109520847
E2989,0.06591785936527692
E299,0.11233976353453638
E2990,7.684417976042315
E2991,0.05848786558805227
E2992,0.004351497910925416
E2993,0.07162947817583785
E2994,1.3368005211574363
E2995,0.014715974753311408
E2996,0.014874211040981421
E2997,0.003560316472575341
E2998,0.010048004267045961
E2999,0.16282514001244558
E3,0.4538827006845052
E30,0.7260485376477909
E300,0.3300933416303672
E3000,0.2813648620618129
E3001,0.6100116677037959
E3002,0.010760067561561028
E3003,0.04693572762023292
E3004,0.07350786736598809
E3005,0.060373366521468574
E3006,0.2595270690728065
E3007,0.025159569739532407
E3008,0.013054493732776246
E3009,0.01724775535603165
E301,0.03014401280113788
E3010,0.4586807716241444
E3011,0.17300933416303668
E3012,0.04312383322962042
E3013,0.002452662458885235
E3014,14.98289981331674
E3015,0.0
E3016,0.005895635167570451
E3017,0.011155658280736065
E3018,0.0071997510889856885
E3019,0.07997510889856876
E302,0.018276291225886747
E3020,0.16230242688238955
E3021,0.009968886123210953
E3022,0.5366930393812783
E3023,0.15759800871188548
E3024,0.17548226509023024
E3025,0.11133789670192905
E3026,0.09533825228909236
E3027,0.04788158947461996
E3028,0.0
E3029,0.07376566805938306
E3030,0.38661825495599605
E3031,0.023902569117254868
E3032,0.0387678904791537
E3033,0.00814916881500578
E3034,0.003402080184905325
E3035,0.0240519157258423
E3036,0.701929060360921
E3037,13.08162142190417
E3038,0.16857498444306163
E3039,0.16652769135034226
E304,0.30578718108276287
E3040,0.26031113876789047
E3041,0.03187838919015024
E3042,0.01646546359676416
E3043,0.14818917237087742
E3044,0.16622277535780958
E3045,0.010127122410880969
E3046,0.12231487243310517
E3047,0.08717485998755445
E3048,0.15446172993154947
E3049,0.12388301182327317
E305,0.17065250244466176
E3050,0.05331673926571251
E3051,0.2289483509645302
E3052,0.0016614810205351587
E3054,0.0296915281358343
E3055,0.14348475420037335
E3056,0.007595341808160726
E3057,0.46024891101431237
E3058,0.0029273713218952798
E3059,0.02195395146235221
E306,0.7263044492843809
E3060,0.004272379767090408
E3061,0.004588852342430438
E3062,0.22764156813939015
E3063,0.0024526624588852345
E3064,0.042144190594719536
E3065,0.047828251400124464
E3066,0.14289359054138145
E3067,0.15482887367766024
E3068,0.739377722464219
E3069,0.002690016890390257
E307,0.6688114499066585
E3070,0.35753578095830735
E3071,0.11951436423978427
E3072,1.3577846919726198
E3073,0.16622277535780958
E3074,0.062107742910480934
E3075,0.046917059294159486
E3076,0.2555631611698818
E3077,0.49945239576851275
E3078,0.1682373988799004
E3079,0.35755000444483953
E308,0.18268823895457376
E3080,4.894252822473109
E3081,0.009968886123210953
E3082,0.05066850386701041
E3083,0.005933860787625567
E3084,0.0659845319583963
E3085,0.4508400746733043
E3086,0.1560298693217175
E3087,0.3107858476309005
E3088,0.003560316472575341
E3089,0.009019468397190863
E309,0.07733487421104097
E3090,0.09173615432482889
E3091,0.006329451506800606
E3092,0.16308649657747354
E3093,0.006329451506800606
E3094,0.006250333362965598
E3095,0.02428927015734732
E3096,0.17113432305093787
E3097,0.00823273179838208
E3098,0.0923397635345364
E3099,0.638755444928438
E31,0.0037185527602453554
E310,0.012896257445106231
E3100,0.16230242688238955
E3101,0.08859987554449283
E3102,0.6916739265712509
E3103,0.0
E3104,0.015659169703973685
E3105,0.006092097075295583
E3106,0.18033602986932168
E3107,0.0052217974931105
E3108,0.02967197084185261
E3109,1.6752813583429638
E311,0.02800782291759268
E3110,0.0729184816428127
E3111,0.03720241799271047
E3112,0.4162156636145435
E3113,0.0
E3114,0.00680416036981065
E3115,0.05413636767712685
E3116,0.006883278513645658
E3117,0.22345986309894214
E3118,0.011076540136901058
E3119,0.1328882567339319
E312,0.00973153169170593
E3120,0.7033105164903547
E3121,0.04786647702017958
E3122,1.0591080688653807
E3123,0.2255862743354965
E3124,1.8414016801493467
E3125,2.5985430927193525
E3126,0.1654387056627256
E3127,0.5896204107031736
E3128,3.043953666251815
E3129,0.30578718108276287
E313,0.4492719352831363
E3130,0.07997510889856876
E3131,0.09722464219041693
E3132,0.09722464219041693
E3133,0.12701929060360923
E3134,0.014897324206596143
E3135,0.001819717308205174
E3136,0.10779802649124368
E3137,0.1481891723708774
E3138,0.006329451506800606
E3139,0.019383945239576855
E314,0.04818294959551961
E3140,0.41869321717486
E3141,0.08154324828873677
E3142,0.4296701929060361
E3143,0.24070939639079034
E3144,0.22258577058701515
E3145,0.11055382700684505
E3146,0.10349719975108898
E3147,0.2830491599253267
E3148,0.20293537203306963
E3149,0.7174237710018669
E315,0.23859365276913505
E3150,0.18739265712507777
E3151,0.014897324206596143
E3152,2.6903884789759087
E3153,0.08624766645924084
E3154,0.34830517527483923
E3155,0.1489732420659614
E3156,0.011761045426260112
E3157,0.010680949417726023
E3158,0.02064983554093697
E3159,0.0418641657036181
E316,0.07045781847275313
E3160,0.3185780439742792
E3161,0.17014312383322963
E3162,0.00261089874655525
E3163,0.00356031647257534
E3164,0.2069508400746733
E3166,0.12153080273802117
E3167,0.18974486621032982
E3168,6.088301182327318
E3169,0.5606098319850653
E317,0.06558894123922127
E3170,0.1701866832607343
E3171,0.11290603609209707
E3172,2.381646961211367
E3173,0.009335940972530892
E3174,0.21953951462352206
E3175,0.010285358698550982
E3176,0.21483509645301804
E3177,0.2799128811449907
E3178,0.007357987376655703
E3179,0.007595341808160726
E318,1.0098817672682014
E3180,0.001107654013690106
E3181,0.048957240643612766
E3182,0.004430616054760424
E3183,0.003481198328740333
E3184,0.006250333362965598
E3185,0.13799626633478532
E3186,0.040771624144368385
E3187,0.05728153613654547
E3188,0.10976975731176104
E3189,0.21379144812872258
E319,0.00712063294515068
E3190,0.05331673926571251
E3191,0.01788070050671171
E3192,0.002215308027380212
E3193,0.04240732509556405
E3194,0.12813913088570836
E3195,0.0901137878922571
E3196,0.0
E3197,0.19060272024179928
E3198,0.05443328295848521
E3199,0.021674815539159037
E32,0.03963907902924704
E320,0.312059738643435
E3200,0.012421548582096188
E3201,34.71348922682016
E3202,0.24149346608587433
E3203,0.0
E3204,0.31355116010312023
E3205,1.350113195246985
E3206,0.11969330607165082
E3207,0.07056627255756068
E3208,0.3144780647168637
E3209,2.9932980709396393
E321,0.30813939016801495
E3210,2.6880309360832078
E3211,0.17954129255933862
E3212,2.3863534536403237
E3213,0.0687465552493555
E3214,1.7280896079651524
E3216,0.08624766645924081
E3217,0.19131300560049783
E3218,0.42527613565650285
E3219,0.08546359676415681
E322,0.5629620410703172
E3220,0.009019468397190863
E3221,2.6965139552808735
E3222,0.5163214507956263
E3223,0.0
E3224,0.004430616054760423
E3225,0.5128910448605533
E3226,0.06250777846919725
E3227,0.15676892760838
E3228,0.0032438438972353096
E3229,0.0036394346164103477
E323,0.7698693217174859
E3230,0.14113254511512136
E3231,0.01254511512134412
E3232,0.05018046048537648
E3233,0.014162147746466352
E3234,0.0347995377366877
E3235,0.13122532103863777
E3236,0.022469552849142146
E3237,2.9691599253266956
E3238,0.10114499066583696
E3239,0.003402080184905325
E324,0.014399502177971375
E3240,0.003164725753400303
E3241,0.5890985865410259
E3242,2.6356129433727444
E3243,2.618195395146235
E3244,1.6663721219663972
E3245,0.21640323584318605
E3246,0.18112009956440572
E3248,5.153410080896079
E3249,0.04469197261978843
E325,0.37321717485998757
E3250,0.09450795626277893
E3251,0.006092097075295583
E3252,0.06886309894212819
E3253,0.09800871188550093
E3254,0.014841319228375855
E3255,0.0
E3256,0.021205440483598546
E3257,0.010680949417726023
E3258,0.03699439950217797
E3259,0.023893679438172284
E326,0.6648911014312383
E3260,0.00261089874655525
E3261,0.07718997244199484
E3262,0.024011023202062408
E3263,0.005300915636945507
E3264,0.10352475775624499
E3265,0.8290506119062433
E3266,0.31441194772868697
E3267,1.3209826327996832
E3268,3.1472744243932795
E3269,0.22635789847986487
E327,0.4524082140634723
E3270,0.009889767979375946
E3271,0.004114143479420393
E3272,0.006329451506800606
E3273,0.05789847986487688
E3274,0.00617121521913059
E3275,0.03841941505911637
E3276,0.03789759089696862
E3277,0.312843808338519
E3278,0.34107031736154325
E3279,0.2728562538892346
E328,0.028086941061427683
E3280,0.0545319583963019
E3281,0.14818917237087742
E3282,0.5333469641745933
E3283,0.30421904169259495
E3284,0.12282826621625625
E3285,0.0
E3286,0.2544617299315495
E3287,0.03149702195750734
E3288,0.008465641390345809
E3289,0.042339763534536404
E329,0.11871544137256645
E3290,0.33950217797137516
E3291,0.004747088630100454
E3292,0.013924793314961329
E3293,4.92559660858743
E3294,0.06303049159925327
E3295,0.23522090852520225
E3296,0.0029273713218952798
E3297,0.08762513704921919
E3298,0.01234243043826118
E3299,13.802213946795272
E33,1.2701929060360921
E330,0.2752084629744866
E3300,43.74550073895457
E3301,0.30029869321717484
E3302,0.14348475420037338
E3303,0.03457462885589831
E3304,0.305089867247459
E3305,0.006487687794470619
E3306,0.0015823628767001514
E3307,0.0
E3308,0.08568583874122145
E3309,0.15582007289536848
E331,0.32852520224019915
E3310,0.001424126589030136
E3311,0.01076006756156103
E3312,0.01716863721219664
E3313,0.017089519068361633
E3314,0.12701929060360923
E3315,0.09957685127566895
E3316,0.06978220286247666
E3317,4.8011947728686994
E3318,2.8042676571250778
E3319,0.4284940883634101
E332,0.5201739784277121
E3320,0.00878211396568584
E3321,0.24484754200373368
E3322,0.39203484754200374
E3323,1.218024683675586
E3324,0.03528313627878033
E3325,0.09601564583518535
E3326,0.0
E3327,0.015744510623166508
E3328,0.8922713130056005
E3329,0.08779535958751888
E333,0.25865499155480487
E3330,0.08990754733754112
E3331,1.0114499066583698
E3332,0.018817672682016177
E3333,0.014320384034136368
E3334,4.792383322962041
E3335,0.5309085252022402
E3336,0.011889945772957596
E3337,0.0
E3338,0.0439105698284292
E3339,0.32382078406969517
E334,0.0
E3340,0.3757334577888405
E3341,0.08703173615432484
E3342,0.001819717308205174
E3343,0.21225086674371058
E3344,3.389184816428127
E3345,0.01297537558894124
E3346,0.03508845230687172
E3347,0.1356440572495333
E3348,0.05312116632589564
E3349,0.5457125077784691
E335,0.14418081607253977
E3350,0.22638524165110974
E3351,0.08389545737398882
E3352,0.009256822828695884
E3353,0.0053009156369455065
E3354,0.026089430171570806
E3355,0.007990932527335765
E3356,0.1027211307671793
E3357,0.009098586541025869
E3358,0.2147265164310902
E3359,0.27841771793856424
E336,0.057237087741132536
E3360,0.11859809760867632
E3361,0.06349364387945595
E3362,0.027887812249977776
E3363,0.31127566894835096
E3364,0.10663347853142502
E3365,0.023522090852520224
E3366,0.024605742732687348
E3367,0.13433460752066853
E3368,0.022153080273802115
E3369,0.004193261623255401
E337,0.05823095386256556
E3370,0.13015556938394524
E3371,0.006250333362965598
E3372,0.1685749844430616
E3373,0.017405991643701664
E3374,0.005300915636945507
E3375,0.14505289359054135
E3376,0.025080451595697394
E3377,0.07872255311583252
E3378,0.09252022401991289
E3379,0.773671720314533
E338,0.4948475420037337
E3380,0.35677571339674635
E3381,0.15868788336741044
E3382,0.09736687705573828
E3383,0.005300915636945507
E3384,0.0517485998755445
E3385,0.697926684392148
E3386,0.04292203751444573
E3387,0.09879278158058495
E3388,0.29716241443683883
E3389,0.0
E339,0.31284380833851894
E3390,0.2352209085252022
E3391,0.4665712507778469
E3392,0.1560298693217175
E3393,0.24227753578095831
E3394,1.0004940641188307
E3395,0.3611414347942039
E3396,5.2254138145612945
E3397,0.05802115743621655
E3398,0.25717485998755446
E3399,17.41198973242066
E34,0.11133789670192908
E340,1.095403066131131
E3400,0.20796248555427146
E3401,0.5877146857498444
E3402,0.030578718108276292
E3403,2.098394523957685
E3404,0.174411947728687
E3405,0.20072184194150594
E3406,0.25168637212196643
E3407,0.15132545115121343
E3408,0.019382167303760335
E3409,0.008544759534180817
E341,0.4853391412570007
E3410,0.007120632945150682
E3411,0.04232820695172904
E3412,0.0
E3413,0.12231487243310517
E3414,0.1913130056004978
E3415,0.00680416036981065
E3416,0.7503546981953952
E3417,0.2030740510267579
E3418,1.7795208462974488
E3419,0.0
E342,0.17484754200373367
E3420,0.07421281891723709
E3421,0.16307227309094144
E3422,16.173536675482264
E3423,0.1323610987643346
E3424,0.6781938192485796
E3425,2.9155969419503958
E3426,0.014874211040981421
E3427,0.35439950217797134
E3428,0.00909858654102587
E3429,0.40872966485909856
E343,0.009968886123210953
E3430,0.024131033869677302
E3431,0.12378878122499778
E3432,0.3771375233354076
E3433,0.2571748599875544
E3434,0.104281269446173
E3435,0.2485500933416304
E3436,0.036080540492488225
E3437,0.07939905769401724
E3438,0.018276291225886747
E3439,0.6711636589919103
E344,0.46669926215663615
E3440,0.03606720597386434
E3441,0.18190416925948974
E3442,0.04676949062138857
E3443,0.1701431238332296
E3444,0.21940266542211156
E3445,0.016693928349186597
E3446,0.42261356565028
E3447,0.045892079295937416
E3448,0.010206240554715976
E3449,0.02428393634989777
E345,0.22738021157436214
E3450,0.09019306160547604
E3451,0.008940350253355855
E3452,0.09644057249533293
E3453,0.027442439327940257
E3454,0.08327584674193261
E3455,0.16881891723708772
E3456,0.026708151835718737
E3457,0.013212730020446263
E3458,0.0525326695706285
E3459,0.13722341245147718
E346,0.1144741754822651
E3460,0.007631789492399324
E3461,0.10036092097075296
E3462,0.14564494621744156
E3463,0.1607342874922215
E3464,0.1451430275283729
E3465,0.04390790292470442
E3466,0.09795270690728067
E3467,0.06507778469197263
E3468,0.18190416925948974
E3469,0.2195395146235221
E347,0.317548226509023
E3470,0.4709085252022402
E3471,0.005538270068450529
E3472,0.09255578273624322
E3473,0.06350964530180461
E3474,0.054732865143568316
E3475,0.06103475864521291
E3476,0.017089519068361633
E3477,0.011155658280736065
E3478,0.01764334607520669
E3479,0.1356440572495333
E348,0.010680949417726023
E3480,0.1015965863632323
E3481,0.27109165259134144
E3482,0.1348164281269446
E3483,0.045888523424304384
E3484,0.06107920704062584
E3485,12.898242273387263
E3486,0.10036092097075296
E3487,0.0366317005956085
E3488,0.03886478798115388
E3489,0.0136083207396213
E349,1.0937772246421904
E3490,0.02266512578895902
E3491,0.003955907191750378
E3492,0.02769312827806916
E3493,0.013425193350520049
E3494,0.02239043470530714
E3495,0.01297537558894124
E3497,0.31441194772868697
E3498,0.36067205973864336
E3499,0.31022846475242244
E35,0.03920348475420037
E350,0.5698008711885502
E3500,1.0004231487243311
E3502,0.2525415592497111
E3503,1.9833336296559696
E3504,0.009494177260200907
E3505,2.2795669337274425
E3506,0.0
E3507,4.190516490354698
E3508,0.3904667081518357
E3509,0.0007840696950840075
E351,0.11924971108542981
E3510,0.09125077784691972
E3511,0.0045097341985954305
E3512,0.014715974753311408
E3513,0.08119032802915815
E3514,0.0
E3515,0.0
E3516,0.0
E3517,2.0675357809583073
E3518,0.3600186683260734
E3519,12.449906658369633
E352,1.075070265505082
E3520,0.0
E3521,0.005300915636945507
E3522,0.16012445550715618
E3523,1.48000772543418
E3524,0.025001333451862385
E3525,0.012184194150591165
E3526,0.41128811449906655
E3527,0.12706285003111387
E3528,0.10939016801493467
E3529,0.0020570717397101965
E353,0.1881767268201618
E3530,0.011472130856076096
E3531,0.012896257445106231
E3532,0.05751889056805049
E3533,0.02144101697928705
E3534,0.11055382700684505
E3535,0.05182238421192996
E3536,0.8580951034031307
E3537,0.07762289981331674
E3538,0.15535247577562453
E3539,0.006487687794470619
E354,0.17641568139390168
E3540,0.1281420570717397
E3541,0.059022135300915636
E3542,0.52328740332474
E3543,0.7771757489554628
E3544,0.5695078081014608
E3545,0.027849586629922665
E3546,0.03371499688861232
E3547,0.19209707529558182
E3548,0.12388301182327317
E3549,0.4870859631967286
E355,0.031330784958663
E3550,1.4716223664325718
E3551,0.031207218419415064
E3552,0.4148417233046977
E3553,3.918639740199129
E3554,0.11839452395768513
E3555,0.8105252411325451
E3556,0.16151835718730553
E3557,2.3423624766645923
E3558,0.7464343497199751
E3559,0.2955942750466708
E356,0.04517023735443151
E3560,0.315980087118855
E3561,0.34891101431238336
E3562,0.7244803982576229
E3563,0.10663347853142502
E3564,2.6043808338518977
E3565,0.18425637834474176
E3566,0.20355942750466707
E3567,1.4476913503422526
E3568,1.7688612321095207
E3569,0.35361543248288735
E357,0.35361543248288735
E3570,0.050556493910569836
E3571,0.006092097075295583
E3572,0.1356440572495333
E3573,0.09016801493466084
E3574,0.061157436216552584
E3575,0.11917859365276914
E3576,0.07919103920348476
E3577,0.936048537647791
E3578,0.4611499688861232
E3579,0.2262974486621033
E358,0.8248679882656235
E3580,0.9986938005600499
E3581,0.09320117343763891
E3582,0.8468032436216552
E3583,0.07791714819095032
E3584,0.08781580584940885
E3585,0.23208462974486624
E3586,5.77335232576229
E3587,1.3474984443061608
E3589,0.009573295404035917
E359,0.0344955107120633
E3590,0.3379340385812072
E3591,0.01621921948617655
E3592,0.03528313627878034
E3593,0.04459774202151302
E3594,0.7588757519186891
E3595,0.09856233685418501
E3596,0.11869055027113522
E3597,0.42496577473553204
E3598,0.002373544315050227
E3599,0.012105076006756157
E360,1.5271988621210772
E3600,0.2979464841319228
E3601,0.0697235309805316
E3602,0.043673215396924175
E3603,0.009177704684860876
E3604,0.24541381456129432
E3605,0.055224464396835274
E3606,0.0988558983020713
E3607,0.020096008534091922
E3608,0.007357987376655704
E3609,0.010680949417726023
E361,0.059180371588585655
E3610,0.09531513912347765
E3611,0.03388923459863098
E3612,0.06350964530180461
E3613,0.5541283669659525
E3614,0.020728953684771984
E3615,0.019700417814916882
E3616,0.011946839719086142
E3617,0.08971997510889858
E3618,0.35753578095830735
E3619,0.07605476042314872
E362,0.6515619166148102
E3620,0.011946839719086142
E3621,0.0
E3622,0.004704418170504044
E3623,0.012738021157436217
E3624,1.2419663970130679
E3625,0.21640323584318605
E3626,0.1272425326695706
E3627,0.3770984087474442
E3628,1.4812196639701305
E3629,0.03203751444572851
E363,0.0
E3630,0.0077535780958307415
E3631,0.007357987376655704
E3632,0.08703173615432484
E3633,0.1481233887456663
E3634,0.06108454084807539
E3635,0.0
E3636,0.4492664903546982
E3637,0.2626633478531425
E3638,0.7239177556523543
E3639,0.25591080318250514
E364,0.011155658280736065
E3640,0.49421981953951466
E3641,0.007041514801315674
E3642,0.03788603431416126
E3643,0.015744510623166504
E3644,0.022311316561472137
E3645,0.0729184816428127
E3646,0.006645924082140635
E3647,0.010997421993066052
E3648,0.014069695084007468
E3649,0.005459151924615522
E365,1.440891218108276
E3650,0.05880522713130056
E3651,0.005221797493110499
E3652,0.015269801760156462
E3653,0.5013867899368832
E3654,0.11761045426260112
E3655,0.01850742288203396
E3656,0.12858742999377723
E3657,0.09722464219041692
E3658,0.19601742377100187
E3659,0.055848519868432756
E366,0.42204729309271927
E3660,0.07178860343141613
E3661,0.012500666725931196
E3662,0.1017121521913059
E3663,0.19074406613921238
E3664,0.4335283136278781
E3665,0.24541381456129432
E3666,0.013529202595786294
E3667,0.0
E3668,0.6164876877944707
E3669,0.025317806027202423
E367,7.320522518668326
E3670,0.5143497199751088
E3671,0.07389634634189707
E3672,0.007595341808160726
E3673,0.023339852431327232
E3674,0.6821406347230865
E3675,0.009019468397190861
E3677,0.0
E3679,0.21875544492843807
E368,2.0075171126322338
E3680,0.14217797137523336
E3681,0.014399502177971377
E3682,0.0
E3683,0.05918659436394347
E3684,0.0334669748422082
E3685,0.060373366521468574
E3686,0.013571873055382702
E3687,0.008228286958840786
E3688,0.012579784869766204
E3689,0.013924793314961333
E369,3.03622258089608
E3690,0.004747088630100454
E3691,4.509184816428127
E3692,0.06918487569265416
E3693,5.69161792159303
E3694,0.2195395146235221
E3695,0.19993777224642187
E3696,0.20621032980709397
E3697,0.09957685127566895
E3698,0.2854013690105787
E3699,0.24227753578095831
E37,0.10770468486087652
E370,2.182999377722464
E3700,1.0286228479568553
E3701,0.09173615432482889
E3702,0.007437105520490711
E3703,0.029512845586274334
E3704,0.015823628767001514
E3705,0.23629573739887988
E3706,0.01653569206151658
E3707,0.28853764779091473
E3708,0.0729184816428127
E3709,0.15367766023646548
E371,1.0037585563161169
E3710,2.9972370877411327
E3711,0.016614810205351587
E3712,0.9476042314872433
E3713,0.32018611755388354
E3714,5.074947106409459
E3715,0.15215219130589386
E3716,0.262914592408214
E3717,0.005380033780780515
E3718,0.3602580835468203
E3719,0.008228286958840786
E372,1.5458680771624145
E3720,0.20777846919726198
E3721,0.36537647790914746
E3722,0.06317361543248289
E3723,0.375761118159998
E3724,0.1797475331140546
E3725,0.4743621655258245
E3726,0.09746021868610544
E3727,0.006883278513645658
E3728,0.16858920792959373
E3729,0.27433638545648503
E373,10.739105670504046
E3730,0.3908774113254511
E3731,0.07546092986043204
E3732,0.2924579962663348
E3733,0.25403858120721845
E3734,0.16779091474797764
E3735,0.3352780024891101
E3736,0.11708774113254511
E3737,5.403484365276913
E3738,0.018276291225886747
E3739,0.2503360298693217
E374,5.409808844119477
E3740,0.5402240199128812
E3741,3.537722464219041
E3742,0.022073962129967113
E3743,0.40446198921385595
E3744,0.09668237176637924
E3745,0.007911814383500757
E3746,0.09167926037870035
E3747,0.017722464219041695
E3748,0.06312051441609624
E3749,0.10036092097075296
E375,1.6740012445550716
E3750,0.4296701929060361
E3751,0.0744866210329807
E3752,0.2595270690728065
E3753,0.0
E3754,0.011076540136901061
E3755,0.104281269446173
E3756,0.022232198417637124
E3757,0.018434527513556762
E3758,0.18033602986932173
E3759,0.2472682016179216
E376,2.414635967641568
E3760,0.050635612054404845
E3761,0.04144546181882834
E3762,0.5812570006222776
E3763,0.012263312294426173
E3764,3.9613053685580124
E3765,0.027016623699884435
E3766,0.352946928615877
E3767,0.4936776602364654
E3768,0.1372121966397013
E3769,0.9463347853142502
E377,2.522100770068451
E3770,2.345264467952707
E3771,0.0
E3772,0.0511894390612499
E3773,1.2549222153080273
E3774,0.0334669748422082
E3775,0.15853142501555695
E3776,0.010839185705396036
E3777,0.013572762023290962
E3778,0.06350964530180461
E3779,0.13635534269712865
E378,0.35361543248288735
E3780,0.04390790292470442
E3781,0.2483758556316117
E3782,0.008861232109520847
E3783,0.005459151924615522
E3784,0.4500560049782203
E3785,0.1965401369010579
E3786,0.04897413103386968
E3787,0.9476042314872434
E3788,0.0
E3789,0.007278869232820696
E379,0.5534551960174238
E3790,1.4178967019290603
E3791,1.136667703795893
E3792,0.008070050671170772
E3793,0.01962129967108188
E3794,0.8712587785580941
E3795,0.4854000077784692
E3796,0.1356440572495333
E3797,0.013924793314961329
E3798,0.1360085340919193
E3799,0.37449284380833847
E38,0.09957685127566894
E380,1.3627131300560051
E3800,0.048985687616677036
E3801,0.36537647790914746
E3802,0.030302249088807895
E3803,0.010048004267045961
E3804,0.037027291314783536
E3805,0.03573473197617567
E3806,0.008307405102675794
E3807,0.0
E3808,0.021915725842297097
E3809,0.5633851897946485
E381,0.32556715411740306
E3810,0.03920348475420037
E3811,2.2835469819539513
E3812,0.1372121966397013
E3813,0.012105076006756157
E3814,0.011867721575251134
E3815,0.13838385634278602
E3816,0.0533256289447951
E3817,0.017010400924526627
E3818,0.008465641390345809
E3819,0.36066725123041243
E382,2.30934660858743
E3820,0.08546359676415681
E3821,0.6727317983820784
E3822,0.3127069591371085
E3823,4.518362243310516
E3824,0.0729184816428127
E3825,1.676658369632856
E3826,0.10584940883634102
E3827,2.396695706285003
E3828,0.29320472930927194
E3829,0.0156653924793315
E383,5.346574751088986
E3830,0.10282425104453728
E3831,0.03378344741754823
E3832,0.04236020979642635
E3833,0.06178415859187483
E3834,0.15345986309894213
E3835,0.016219219486176547
E3836,0.04939639079029247
E3837,0.6452893590541382
E3838,0.09722464219041693
E3839,0.0
E384,0.2297448662103298
E3840,0.16308649657747357
E3841,0.0517485998755445
E3842,0.09252022401991289
E3843,0.1349906658369633
E3844,0.21752307612528518
E3845,0.36537647790914746
E3846,0.10271313005600498
E3847,0.08624766645924084
E3848,0.4053640323584318
E3849,2.5715619166148103
E385,6.624343497199751
E3850,0.17764867988265623
E3851,2.3246919726197888
E3852,2.417268201617922
E3853,0.5896204107031736
E3854,0.030935194239487956
E3855,1.4403417435085137
E3856,0.17719975108898567
E3857,0.02730613091534062
E3858,0.555457373988799
E386,0.26673304293714994
E3861,0.2830491599253267
E3862,0.006566805938305628
E3863,0.002373544315050227
E3864,0.012579784869766204
E3865,0.025317806027202416
E3866,0.012817139301271225
E3867,0.0016614810205351587
E3868,0.03685127566894835
E3869,0.0517485998755445
E387,1.6211449906658368
E3870,0.1278033602986932
E3871,0.014874211040981421
E3872,0.1489732420659614
E3873,0.12701929060360923
E3874,0.018197173082051737
E3875,0.001977953595875189
E3876,0.1729033691883723
E3877,0.2705040448039826
E3878,0.003955907191750378
E3879,0.005063561205440484
E388,4.4516587585563165
E3880,0.0024526624588852345
E3881,0.4469197261978843
E3882,0.018276291225886747
E3883,0.02442706018312739
E3884,0.14348475420037335
E3885,0.08546359676415681
E3886,0.6878904791537026
E3887,0.2572895368477198
E3888,0.05751889056805049
E3889,0.17798382078406969
E389,3.4167479775980087
E3890,0.008228286958840786
E3891,0.010443594986221
E3892,0.290581162770024
E3893,0.5405621240406555
E3894,0.16457996266334787
E3895,0.08228998133167394
E3896,0.10820161792159302
E3897,0.8287616677037959
E3898,0.3791658369632856
E3899,0.007595341808160726
E39,0.31911636589919107
E390,1.4738005600497823
E3900,0.08389545737398882
E3901,0.1568139390168015
E3902,0.33465819183927464
E3903,0.0
E3904,0.009408836341008088
E3905,0.5334660858742999
E3906,0.11212196639701308
E3907,0.051675704507067294
E3908,0.001568139390168015
E3909,0.32990665836963284
E391,7.0764790759178595
E3910,0.09957685127566895
E3911,0.105065339141257
E3912,0.03293092719352831
E3913,1.262352209085252
E3914,0.2729869321717486
E3915,0.6562663347853142
E3916,0.49082762912258865
E3917,0.08761489910214242
E3918,0.0
E3919,4.391695653249986
E392,0.9589172370877411
E3920,3.41301182327318
E3921,5.625926999066583
E3922,0.06460840963641212
E3923,0.1873926571250778
E3924,0.060373366521468574
E3925,0.013845675171126325
E3926,0.12001244555071562
E3927,0.27816469612113665
E3928,0.0063294515068006065
E3929,0.0094150591163659
E393,0.04443239399057694
E3930,0.16230242688238955
E3931,0.2924579962663348
E3932,0.00814916881500578
E3933,0.015032447328651437
E3934,11.125127566894836
E3935,0.02578718108276291
E3936,0.015823628767001514
E3937,0.027030847186416573
E3938,0.19444928438083386
E3939,0.1278033602986932
E394,0.14348475420037338
E3940,0.4268354358771285
E3941,0.005300915636945507
E3942,0.3902462037029554
E3943,0.2383571873055383
E3944,0.003164725753400303
E3945,0.212090852520224
E3946,0.638755444928438
E3947,0.5167019290603609
E3948,0.025792514890212462
E3949,0.007199751088985688
E395,0.05870566272557561
E3950,0.009652413547870923
E3951,2.7305040448039826
E3952,0.02468486087652236
E3953,0.02175748955462708
E3954,0.20571072984265268
E3955,0.0
E3956,1.3230678282514001
E3957,0.21982220641834832
E3958,0.3733078495866299
E3959,0.06044626188994578
E396,0.2030740510267579
E3960,0.7331051649035469
E3961,0.019601742377100186
E3962,0.26933682994043917
E3964,0.11608587429993777
E3965,0.02626722375322251
E3966,0.010127122410880969
E3967,0.017010400924526624
E3968,0.5265756956173883
E3969,0.008940350253355855
E397,0.36851275668948347
E3970,0.04232465108009602
E3971,0.01036447684238599
E3972,1.554333880183289
E3973,0.4595857409547515
E3974,0.003955907191750378
E3975,0.1576042314872433
E3976,0.34107031736154325
E3977,0.8333745221797493
E3978,0.06586185438705663
E3979,0.1693590541381456
E398,0.2995146235220909
E3980,0.104281269446173
E3981,0.0
E3982,0.002531780602720242
E3983,0.0370237354431505
E3984,0.7562923926571251
E3985,0.4460185905413815
E3986,0.14897324206596144
E3987,0.025080451595697398
E3988,0.5380500414851691
E3989,0.6766521468574985
E399,0.12309894212818917
E3990,0.02682105076006756
E3991,0.01234243043826118
E3992,0.5475046670815183
E3993,0.19288114499066583
E3994,7.539819539514622
E3995,0.02460574273268735
E3996,0.42082051737932263
E3997,0.0
E3998,0.4672118855009334
E3999,0.09993512756689484
E4,0.11447417548226507
E40,0.9667579340385811
E400,0.1779562627789137
E4000,0.6891785936527691
E4001,0.48433105164903545
E4002,0.24306160547604233
E4003,0.5053889234598631
E4004,0.2139159925326696
E4005,0.06350964530180461
E4006,0.04821584140812517
E4007,0.05079384834207486
E4008,0.1371653702551338
E4009,0.014320384034136368
E401,0.523758556316117
E4010,0.03267579340385812
E4011,0.09644057249533292
E4012,0.0058547426437905595
E4013,1.6021783602986932
E4014,0.527678904791537
E4015,0.05723708774113255
E4016,0.0
E4017,1.5429371499688862
E4018,0.014897324206596143
E4019,0.05331673926571251
E402,0.17798382078406969
E4020,1.2249871395975938
E4021,0.020572495332918484
E4022,0.20228998133167395
E4023,0.04240732509556405
E4024,0.007357987376655703
E4025,0.048735672800545235
E4026,0.7001742377100187
E4027,0.1372121966397013
E4028,0.12466708151835718
E4029,0.4320224019912881
E403,0.0712063294515068
E4031,0.1152582451773491
E4032,0.05541648146501912
E4033,0.029865765845852967
E4034,0.07997510889856875
E4035,5.004754200373367
E4036,0.8434723086496576
E4037,0.46288114499066585
E4038,0.09879278158058494
E4039,0.027453995910747625
E404,0.13426971286336564
E4040,1.380281580584941
E4041,0.10663347853142502
E4042,0.35596764156813937
E4043,0.01748510978753667
E4044,0.041555693839452394
E4045,0.21322194565442856
E4046,0.03920348475420037
E4047,0.10036092097075296
E4048,0.36929682638456757
E4049,0.022786025424482177
E405,0.09204107031736154
E4050,0.22305657539929474
E4051,0.020385812072184192
E4052,0.017010400924526624
E4053,0.0146368566094764
E4054,5.3276415681393905
E4055,0.023173615432482888
E4056,0.9475988976797937
E4057,6.777543364965775
E4058,0.06914036803271402
E4059,2.211076540136901
E406,0.09543070495155125
E4060,0.009968886123210953
E4061,0.014241265890301363
E4062,1.5532233976353451
E4063,0.6176975731176104
E4064,0.062740688061161
E4065,0.021361898835452045
E4066,0.013133611876611254
E4067,0.004272379767090408
E4068,0.008623877678015824
E4069,0.1445452929149258
E407,0.11912881144990665
E4070,0.024763979020357364
E4071,0.06258245177349098
E4072,0.06867899368832786
E4073,0.7268326073428749
E4074,0.11608676326784603
E4075,0.2509023024268824
E4076,0.008940350253355853
E4077,0.010285358698550982
E4078,0.056879189261267664
E4079,0.006725042225975642
E408,0.5676664592408214
E4080,0.004272379767090408
E4081,0.094150591163659
E4082,4.583596764156814
E4083,0.3596266334785314
E4084,0.023522090852520224
E4085,0.009889767979375946
E4086,0.7684478620321806
E4087,0.17641568139390168
E4088,0.0973242065961419
E4089,0.07840696950840075
E409,0.10114499066583697
E4090,0.0517485998755445
E4091,0.08781580584940885
E4092,0.29348781373159094
E4093,0.08227486887723354
E4094,0.06954484843097165
E4095,0.936048537647791
E4096,0.01526980176015646
E4097,0.26453640323584315
E4098,0.905545270690728
E4099,0.10976975731176104
E41,0.2015059116365899
E410,0.034337274424393285
E4100,0.15838207840696952
E4101,1.5302053515868077
E4102,0.1466210329807094
E4103,0.10584940883634102
E4104,0.03212196639701307
E4105,0.1466210329807094
E4106,0.5245986309894213
E4107,0.049448839896879725
E4108,0.18370877411325454
E4109,0.03204284825317806
E411,2.2991514338311556
E4110,0.596602364654636
E4111,0.7432980709396391
E4112,0.35753578095830735
E4113,0.36763503422526445
E4114,18.789923965463597
E4115,0.5430902302426882
E4116,0.3583198506533914
E4117,0.2595270690728065
E4118,0.4712258867454885
E4119,0.0
E412,0.4971001866832608
E4120,0.43193372744243935
E4121,3.157878033602987
E4122,0.018751000088896793
E4123,0.045476042314872435
E4124,0.014113254511512133
E4125,0.2603111387678904
E4126,0.0
E4127,0.13974263638249326
E4128,4.73167548226509
E4129,0.0056173882122855364
E413,6.696403235843185
E4130,0.04969063916792604
E4131,0.11369010578718107
E4132,0.0
E4133,0.09565650280024891
E4134,0.03853053604764868
E4135,3.256950840074673
E4136,1.6682994043915016
E4137,0.0729184816428127
E4138,0.0
E4139,0.025159569739532407
E414,0.0
E4140,0.14640945861854388
E4141,0.5990292470441817
E4142,0.11092986043203841
E4143,0.012263312294426173
E4144,0.31754822650902303
E4145,0.010839185705396038
E4146,0.08948262067739356
E4147,0.103497199751089
E4148,0.054884878655880515
E4149,0.5429758867454885
E415,0.6941630367143746
E4150,0.0032438438972353096
E4151,0.35675171126322336
E4152,0.07626277891368122
E4153,0.10192906036092098
E4154,0.01977953595875189
E4155,2.125612943372744
E4156,0.028226509023024267
E4157,0.013450084451951286
E4158,0.20187394435060896
E4159,0.03528313627878034
E416,0.32090763623433194
E4160,0.1474051026757934
E4161,0.03061872166414793
E4162,0.627255756067206
E4163,0.630791989590994
E4164,0.15524579962663348
E4165,0.37321717485998757
E4166,0.21953951462352206
E4167,0.0066459240821406355
E4168,0.6399397168637213
E4169,0.2309085252022402
E417,0.0741932616232554
E4170,0.6656751711263224
E4171,0.008940350253355853
E4172,1.2137772246421903
E4173,0.03409991999288826
E4174,0.04857854031469464
E4175,0.009335940972530892
E4176,0.08154324828873677
E4177,12.97332335096453
E4178,0.023260734287492223
E418,0.2705040448039826
E4180,0.05991554804871544
E4181,0.04426919429875248
E4182,0.17876789047915367
E4183,0.23130056004978222
E4184,0.024210152013512315
E4185,0.05410080896079651
E4186,0.010048004267045961
E4187,0.001424126589030136
E4188,0.010760067561561028
E4189,0.007357987376655704
E419,0.07919103920348476
E4190,0.06725042225975643
E4191,0.008386523246510801
E4192,0.012263312294426173
E4193,0.011946839719086142
E4194,0.27016373172564834
E4195,0.01076006756156103
E4196,0.1530082674015468
E4197,18.4226695706285
E4198,0.18582451773490977
E4199,0.16323673215396922
E42,0.2524704418170504
E420,0.31127566894835096
E4200,0.039526180104898216
E4201,0.016140101342341544
E4202,0.05850208907458441
E4203,0.0642937149968886
E4204,2.8724722197528667
E4205,0.1481891723708774
E4206,0.09051115654724864
E4207,0.1953284736421015
E4208,0.18400881559842358
E4209,0.09252022401991286
E421,0.19131300560049783
E4210,0.2351481747872538
E4211,0.29951462352209085
E4212,0.014636856609476398
E4213,1.696809855320473
E4214,0.0
E4215,0.62803982576229
E4216,0.018355409369721753
E4217,0.36500311138767894
E4218,0.6751622366432571
E4219,0.04224908880789405
E422,0.060373366521468574
E4220,0.009256822828695884
E4221,0.09565650280024891
E4222,0.04543959463063384
E4223,0.39594975108898567
E4224,0.0
E4225,0.055668948350964524
E4226,0.26109520846297446
E4227,0.0033229620410703173
E4228,0.11290603609209707
E4229,0.9616428126944618
E423,0.11826384567517112
E4230,0.8686469908436306
E4231,0.05229709307494
E4232,2.4069819539514627
E4233,0.23678904791537028
E4234,0.10528935905413814
E4235,1.0800560049782204
E4236,0.2488101568624282
E4237,0.07762289981331674
E4238,0.07135034225264468
E4239,0.5334660858742999
E424,0.023577206862832253
E4240,0.03631522802026847
E4241,28.595768512756692
E4242,0.2963783447417548
E4243,0.24933416303671438
E4244,0.04865765845852965
E4245,0.7580833851897947
E4246,0.17548226509023024
E4247,0.03242688238954574
E4248,0.23333665214685748
E4249,0.1474051026757934
E425,0.34810027558005163
E4250,0.02961952173526536
E4251,2.737827668014935
E4252,0.0050635612054404835
E4253,1.1645924082140635
E4254,0.07997510889856876
E4255,0.31417637123299846
E4256,4.082039709085252
E4257,0.1575980087118855
E4258,0.22474264379055917
E4259,0.06350964530180461
E426,0.1372121966397013
E4260,0.0650777846919726
E4262,0.04034669748422082
E4263,0.022738021157436217
E4264,0.10192906036092098
E4265,0.4641692594897325
E4266,0.08389545737398882
E4267,0.5883883011823273
E4268,0.17171126322339764
E4269,0.015190683616321452
E427,0.0744866210329807
E4270,0.059101253444750645
E4271,0.1163783447417548
E4272,0.006883278513645658
E4273,0.010206240554715976
E4274,0.32382078406969517
E4275,5.1258511719560245
E4276,0.8984691972619788
E4277,0.9378967019290605
E4278,0.024289270157347317
E4279,0.014951254926363823
E428,3.785488487865588
E4280,0.023339852431327232
E4281,0.2250120010667615
E4282,0.014478620321806383
E4283,0.010206240554715975
E4284,0.15206062761134323
E4285,0.07762289981331674
E4286,0.17162325540048
E4287,0.0726055649391057
E4288,0.08112365543603876
E4289,0.054195928526980186
E429,0.16230242688238955
E4290,0.06851631256111655
E4291,0.002373544315050227
E4292,0.0771650813405636
E4293,0.020254244821761937
E4294,0.0433318517201529
E4295,0.00680416036981065
E4296,0.4414312383322962
E4297,0.0058547426437905595
E4298,0.00783269623966575
E4299,0.0
E43,0.22816428126944616
E430,0.20385812072184195
E4300,0.04319850653391413
E4301,0.008386523246510801
E4302,0.0737025513378967
E4303,0.20867721575251139
E4304,0.010443594986220998
E4305,0.19654013690105784
E4306,9.167193528313629
E4307,0.015111565472486444
E4308,0.004114143479420393
E4309,0.09252022401991289
E431,0.016465463596764155
E4310,1.6972308649657748
E4311,1.2960672059738645
E4312,0.138325184460841
E4313,0.021203662547782026
E4314,0.013370966308116277
E4315,0.0
E4316,0.4743621655258245
E4317,0.01629833763001156
E4318,2.448744777313539
E4319,0.025159569739532407
E432,0.2565774735532047
E4320,0.0
E4321,0.18962930038225623
E4322,0.08389545737398882
E4323,0.007357987376655703
E4324,0.2834100290396183
E4325,0.3930802738021158
E4326,0.0355240465819184
E4327,0.057835363143390536
E4328,1.038792781580585
E4329,0.0
E433,2.880149346608587
E4330,0.004984443061605477
E4331,0.309707529558183
E4332,0.041555693839452394
E4333,0.6948712208761991
E4334,0.04818294959551961
E4335,0.3261729931549471
E4336,0.016465463596764155
E4337,0.1372121966397013
E4338,0.0
E4339,0.039400835629833764
E434,0.2198527795063265
E4340,0.06081162770024002
E4341,0.016773046493021602
E4342,0.001424126589030136
E4343,0.35361543248288735
E4344,0.046917059294159486
E4345,0.07213441194772868
E4346,0.133211841052538
E4347,0.0517485998755445
E4348,0.23737398879900437
E4349,22.11076540136901
E435,0.8632607342874922
E4350,0.0313627878033603
E4351,1.0192072325620865
E4352,6.233130056004979
E4353,0.17406347230864969
E4354,0.15367766023646548
E4355,0.0020570717397101965
E4356,0.007437105520490711
E4357,0.0
E4358,0.0
E4359,0.4639702343912051
E436,1.1522197452904905
E4360,0.01202595786292115
E4361,1.0475011112098853
E4362,0.9566405310101639
E4363,0.6626228998133166
E4364,0.08710285358698551
E4365,0.039395501822384216
E4366,0.0052217974931105
E4367,0.0798266512578896
E4368,0.2644997407176934
E4369,0.46810072006400566
E437,0.4700933416303672
E4370,0.315980087118855
E4371,0.014320384034136368
E4372,0.0
E4374,0.5972229450698648
E4375,0.10820161792159302
E4376,0.008307405102675794
E4377,0.006645924082140635
E4378,0.0744866210329807
E4379,0.17406347230864969
E438,0.048612321095208466
E4380,0.15759800871188548
E4381,0.07505289359054139
E4382,0.0
E4383,0.006962396657480666
E4384,0.0071997510889856885
E4385,0.5372848475420038
E4386,1.1301057871810827
E4387,0.6130467300797108
E4388,0.07769401724597742
E4389,0.22487776691261446
E439,1.0723273179838209
E4390,0.008623877678015824
E4391,0.7580833851897947
E4392,0.0066459240821406355
E4393,0.016614810205351587
E4394,0.009810649835540936
E4395,0.24541381456129432
E4396,0.0015823628767001514
E4397,0.2571748599875544
E4398,0.08125433371855277
E4399,0.004430616054760424
E44,0.02136189883545204
E440,0.3205182682905147
E4400,0.02436838830118233
E4401,0.01890923637656681
E4402,0.016140101342341544
E4403,0.021678371410792076
E4404,0.0071997510889856885
E4405,0.06084185260912081
E4406,0.014162147746466356
E4407,0.02468486087652236
E4408,0.33536128463944265
E4409,0.0
E441,0.2218917237087741
E4410,0.08507298426526802
E4411,0.002848253178060272
E4412,0.0156653924793315
E4413,0.017722464219041695
E4414,0.009652413547870924
E4415,0.008465641390345809
E4416,0.3140430260467597
E4417,0.026979287047737582
E4418,0.008544759534180817
E4419,0.006329451506800606
E442,0.2669632856253889
E4420,16.122377100186682
E4421,0.07065250244466176
E4422,0.13771535247577563
E4424,0.07359320828518091
E4425,0.012658903013601213
E4426,0.1747035292025958
E4427,0.20934660858743
E4428,0.4642520224019912
E4429,0.019858654102586897
E443,0.0
E4430,0.2814810205351587
E4431,0.03584051915725843
E4432,0.007674459951995734
E4433,8.387417548226509
E4434,0.103497199751089
E4435,0.025423593208285182
E4436,0.04636323228731443
E4437,0.005063561205440484
E4438,0.11369010578718107
E4439,0.012896257445106233
E444,0.46677126855720513
E4440,0.04876966841497022
E4441,0.20385812072184195
E4442,0.11921415236909948
E4443,0.20621032980709397
E4444,0.9101982398435415
E4445,0.0
E4446,0.042644679527069074
E4447,0.09709574184371945
E4448,0.17719975108898567
E4449,0.10192906036092098
E445,0.43594275046670816
E4450,0.13233354075917858
E4451,0.010364476842385992
E4452,0.14034847542003734
E4453,0.13464219041692593
E4454,0.1489732420659614
E4455,1.5512632233976353
E4456,0.014715974753311408
E4458,0.041299671081873955
E4459,0.2767766023646547
E446,0.03556938394523958
E4460,0.2997225207897267
E4461,0.43045426260112013
E4462,0.02761223219841764
E4463,0.001819717308205174
E4464,0.003955907191750378
E4465,0.013845675171126323
E4466,0.008070050671170772
E4467,0.0
E4468,0.24619425430408626
E4469,0.4147728686994399
E447,0.05143123833229621
E4470,0.7931798382078407
E4471,0.05174771090763624
E4472,1.7320099564405727
E4473,0.8267288944202448
E4474,0.6884199984443061
E4475,0.5668823895457374
E4476,0.010048004267045961
E4477,1.284168287181083
E4478,0.009177704684860878
E4479,1.0328811449906659
E448,0.19366521468574985
E4480,1.7124449673304294
E4481,0.028403413636767714
E4482,0.00617121521913059
E4483,0.016456573917681572
E4484,0.007437105520490711
E4485,0.00783269623966575
E4486,3.3411823273179837
E4487,0.007437105520490711
E4488,2.733379855987199
E4489,0.04865765845852965
E449,0.5289094586185439
E4490,0.5402027958040715
E4491,0.038129611521024086
E4492,0.12607520668503866
E4493,0.18906124988887904
E4494,0.044878655880522714
E4496,0.06535158680771624
E4497,0.7751835718730554
E4498,10.412240199128812
E4499,0.513065929092687
E45,0.3055391590363588
E450,0.18425637834474176
E4500,0.0
E4501,2.1601120099564404
E4502,0.5373847372291678
E4503,0.005063561205440484
E4504,0.3630793848342075
E4505,1.316639701306783
E4506,1.614436838830118
E4507,1.4488276291225888
E4508,0.009415059116365901
E4509,0.008386523246510801
E451,0.0617912703351409
E4510,0.11055382700684505
E4511,0.050319139479064814
E4512,0.11946839719086143
E4513,0.22320472930927193
E4514,0.14435327584674196
E4515,0.6241194772868699
E4516,0.09211307671793048
E4517,0.5692345986309895
E4518,0.01202595786292115
E4519,0.8499315494710642
E452,1.442698584318606
E4520,0.007840696950840076
E4521,0.05942128189172371
E4522,0.030600053338074498
E4523,0.008386523246510801
E4524,0.1340759178593653
E4525,0.004667970486265446
E4526,0.8023273179838208
E4527,1.3089856876166772
E4528,0.6933672993154947
E4529,1.717803360298693
E453,0.9178737295166979
E4530,0.03504933771890835
E4531,0.04088363410080896
E4532,0.2606200477079444
E4533,1.110914747977598
E4534,0.8005211372324005
E4535,0.08624766645924084
E4536,0.15756511689927993
E4537,0.2993224953329185
E4538,0.023577206862832253
E4539,0.19993777224642192
E454,0.16308649657747354
E4540,0.14818828340296916
E4541,0.1372121966397013
E4542,0.206994399502178
E4543,0.24698195395146233
E4544,0.22345986309894214
E4545,0.2266583696328562
E4546,0.19601742377100187
E4547,0.1098906569472842
E4548,0.024684860876522354
E4549,0.056885945417370444
E455,0.010127122410880969
E4550,1.0993506533914124
E4551,0.14727442439327942
E4552,0.005459151924615523
E4553,0.2509023024268824
E4554,0.0
E4555,0.010601831273891015
E4556,0.0
E4557,0.21035392034847541
E4558,0.019601742377100186
E4559,0.8880896079651524
E456,0.17921504133700775
E4560,0.24776602364654637
E4561,0.2728562538892346
E4562,0.12701929060360923
E4563,0.7746608587429994
E4564,0.2642314872433105
E4565,0.29873055382700686
E4567,0.13411858831896167
E4568,0.020649835540936978
E4569,0.0
E457,0.19693217174859987
E4570,0.05009956440572496
E4571,0.5167275980087119
E4572,0.007357987376655704
E4573,0.35542714907991824
E4574,0.018038936794381722
E4575,0.015190683616321452
E4576,0.007911814383500757
E4577,0.5481423978427712
E4578,0.10104631522802028
E4579,0.0642937149968886
E458,0.12283758556316117
E4580,0.06155391590363588
E4581,0.00909858654102587
E4582,0.019621299671081876
E4583,0.011630367143746111
E4584,0.005221797493110499
E4585,0.017643346075206685
E4586,0.16777935816517023
E4587,0.013370966308116277
E4588,0.05870566272557561
E4589,4.211574362165526
E459,0.02195395146235221
E4590,0.02650457818472753
E4591,0.046996177437994495
E4592,0.016263667881589474
E4593,0.04508608172578303
E4594,0.11917859365276914
E4595,0.02175748955462708
E4596,0.09827006845052895
E4597,0.0058547426437905595
E4599,0.03754822650902303
E46,0.20587874477731358
E460,0.8946235220908526
E4600,0.06243755000444484
E4601,0.14528224731087208
E4602,0.010601831273891015
E4603,0.24619425430408629
E4604,0.1397795359587519
E4605,0.1575980087118855
E4606,0.06384834207485111
E4607,0.03212196639701307
E4608,0.013845675171126323
E4609,0.25282691794826206
E461,1.2743746110765402
E4610,0.3216428126944617
E4611,0.341509467508223
E4612,0.007437105520490711
E4613,0.06250333362965597
E4614,0.0
E4615,0.09173615432482887
E4616,0.0
E4617,1.6459844430616053
E4618,0.01795981865054672
E4619,7.4913654547070845
E462,0.1065477523928053
E4620,0.2320846297448662
E4622,0.0
E4623,0.005380033780780515
E4624,0.35361543248288735
E4625,1.830952084629745
E4626,0.0
E4627,0.524542626011201
E4628,2.70528313627878
E4629,0.2736403235843186
E463,0.3402862476664592
E4630,0.0077535780958307415
E4631,0.003955907191750378
E4632,0.03955907191750378
E4633,0.41242065961418795
E4634,0.011873055382700684
E4635,0.11567072628678107
E4636,0.33244555071561915
E4637,25.1819572749901
E4638,0.49788425637834477
E464,0.2226757934038581
E465,0.04348208729664859
E466,0.06962396657480666
E467,0.026900168903902573
E468,0.08781580584940885
E47,0.3042190416925949
E470,0.005696506356120544
E471,0.043040270246244114
E472,0.0
E473,0.02397279758200729
E474,0.020649835540936978
E475,2.141294337274424
E476,0.15289359054138144
E477,0.32442480813109315
E478,0.2752084629744866
E479,0.4390790292470442
E48,0.18333185172015293
E480,0.32930927193528314
E481,0.012184194150591165
E482,0.5472806471686372
E483,1.9468450528935906
E484,1.803957685127567
E485,1.920590969197262
E486,10.724225264467952
E487,0.11133789670192905
E488,4.773117610454262
E489,0.835295581829496
E49,0.698641657036181
E490,7.109728336963285
E491,0.09957685127566895
E492,0.004509734198595431
E493,0.0
E494,0.5235870410703173
E495,0.19366521468574985
E496,0.39125077784691975
E497,0.5951088985687617
E498,0.5857000622277536
E499,0.12388301182327317
E5,0.25046848608765226
E50,0.023133611876611258
E500,0.1144741754822651
E501,0.23365276913503424
E502,0.026741932616232558
E503,5.357564561294338
E504,2.6301880444928436
E505,0.12865765845852967
E506,0.2626633478531425
E507,0.07527069072806472
E508,0.842874922215308
E509,0.27050404480398255
E51,0.008070050671170772
E510,0.6797884256378345
E511,1.0608898568761667
E512,0.523758556316117
E513,0.06507778469197262
E514,0.1501674963700477
E515,0.09565650280024891
E516,0.0
E517,0.08154324828873677
E518,0.08703173615432484
E519,0.1539514623522091
E52,0.0870237354431505
E520,0.0915619166148102
E521,0.10428126944617298
E522,0.3760140531010164
E523,0.6954698195395147
E524,3.215211574362166
E525,1.7478033602986933
E526,0.1364281269446173
E527,0.08467952706907281
E528,2.3725015556938396
E529,0.0
E53,0.05095208462974487
E530,1.6042441920763328
E531,1.106352286869944
E532,0.4790665836963286
E533,2.0675357809583077
E534,3.219595519601742
E535,2.0675357809583073
E536,0.232328206951729
E537,0.6931176104542626
E538,0.5646609395582637
E539,0.3434225264467953
E54,0.3206845052893591
E540,0.030793848342074853
E541,0.05880522713130056
E542,0.8124410392034846
E543,0.49004355942750466
E544,0.4186932171748599
E545,0.0658538536758823
E546,0.3261729931549471
E547,0.11447417548226507
E548,0.11290603609209707
E549,0.4273179838207841
E55,0.04224908880789405
E550,0.39830740510267576
E551,0.28461729931549473
E552,2.3935780958307404
E553,0.21405102675793405
E554,0.16308649657747354
E555,0.17601208996355233
E556,0.33569254304086293
E557,0.5762912258867454
E558,0.0052217974931105
E559,0.07997510889856875
E56,0.1725184738643435
E560,0.18739265712507777
E561,0.26261652146857495
E562,0.0729184816428127
E563,0.029010578718108276
E564,1.838517229309272
E565,0.1685749844430616
E566,0.48372833140723626
E567,0.12388301182327319
E568,0.1364281269446173
E569,0.12074673304293715
E57,0.6609707529558183
E570,0.06867454884878657
E571,0.7375811183216286
E572,0.4720099564405725
E573,0.15036092097075296
E574,0.04897857587341098
E575,1.4823077606898392
E576,0.27050404480398255
E577,0.31815225057042107
E578,0.03204284825317806
E579,0.10224232524372537
E58,0.16073428749222154
E580,0.23327851364565735
E581,0.0525326695706285
E582,0.008386523246510801
E583,0.047215752511334336
E584,0.09722464219041693
E585,0.04704418170504045
E586,0.23726731265001336
E587,0.7683883011823273
E588,0.18481376122321982
E589,0.17719975108898567
E59,0.2195395146235221
E590,0.07452929149257713
E591,0.012500666725931196
E592,0.21222686461018758
E593,1.1360352839444314
E594,0.012975375588941239
E595,0.35988799004355937
E596,0.34891101431238336
E597,0.10114499066583696
E598,0.11369010578718107
E599,0.13680593830562718
E6,0.059180371588585655
E60,0.054884878655880515
E600,0.08780958307405104
E601,0.011076540136901061
E602,0.7817174859987553
E603,0.14505289359054138
E604,0.25325451151213435
E605,0.23029247044181705
E606,0.11290603609209707
E607,0.004588852342430438
E608,0.06978220286247666
E609,0.1859116365899191
E61,0.17641568139390168
E610,0.06742999377722464
E611,0.011788603431416127
E612,0.06147479775980087
E613,0.1262352209085252
E614,0.04018757222864255
E615,0.18268823895457376
E616,0.013370966308116277
E617,0.05640945861854387
E618,0.18190416925948974
E619,0.18582451773490977
E62,0.8554200373366521
E621,0.06342963819006134
E622,0.2782576228998133
E623,0.11369010578718107
E624,0.14756244999555515
E625,0.041000088896790826
E626,0.05122233087385546
E627,0.006012978931460575
E628,3.0138705662725576
E629,0.15018312738910125
E63,0.06337363321184106
E630,0.17014312383322963
E631,0.20542626011200996
E632,0.22738021157436214
E633,0.0
E634,0.36772868699439953
E635,0.45776602364654634
E636,0.057123299848875465
E637,0.09957685127566894
E638,0.06952084629744865
E639,0.3010827629122589
E64,0.47828251400124466
E640,0.2523139834651969
E641,0.052847364210152015
E642,0.005696506356120544
E643,0.5143497199751088
E644,0.19836963285625392
E645,0.18093430527157972
E646,2.3289924937772244
E647,3.0639537958929686
E648,0.0
E649,0.5248208729664859
E65,0.19680149346608586
E650,6.522594897324207
E651,4.970787570006223
E652,1.2915494710640947
E653,3.9979406502800243
E654,3.5623306238332297
E655,0.31049159925326697
E656,1.038156502800249
E657,1.522567478220286
E658,1.474051026757934
E66,0.3246048537647791
E660,0.0114721308560761
E662,1.8881891723708772
E663,0.10231576140101342
E664,0.26522246421904166
E665,1.1878078051382346
E666,0.09472230864965775
E667,0.2765891412570006
E668,0.03390464337570746
E669,0.4839958514830948
E67,0.011788603431416127
E670,0.0
E671,0.0
E672,1.0318357187305538
E673,1.8288716034017838
E674,0.80019912881145
E675,1.590153235843186
E676,0.08519157258422971
E677,0.6570899709603816
E678,0.17719975108898567
E679,1.9404120514416092
E68,0.10898568761667703
E680,0.034653746999733316
E681,0.9670326251222332
E682,0.1278033602986932
E683,4.137264312383323
E684,7.457393629433728
E685,3.764766645924082
E686,1.6320271987139598
E687,3.17869321717486
E688,0.12396835274246601
E689,0.022232198417637124
E69,0.09173615432482887
E690,0.1583820784069695
E691,0.9967392657125078
E692,3.3742275980087117
E694,0.0
E695,0.0
E696,3.3441879278158058
E697,0.0
E698,0.009335940972530892
E699,0.08576406791714819
E7,0.2838421192994933
E70,0.019383945239576855
E700,4.211138378967019
E701,1.6165157643642398
E702,9.183429138145613
E703,0.10285625388923461
E704,0.49872433105164904
E705,0.07935549826651259
E706,0.48293714996888615
E707,7.028185853557353
E708,0.0
E709,0.05174859987554449
E71,0.033625211129878214
E710,1.3577011289892433
E711,0.2713130056004978
E712,3.5432541225886744
E713,1.7618419415059114
E714,6.781672759800871
E715,1.3783571873055382
E716,4.247691350342253
E717,0.24149346608587433
E718,2.70519971219664
E719,1.5377345208462976
E72,0.04889501289003467
E720,6.951172993154947
E721,1.0739514623522093
E722,0.0
E723,0.0
E724,1.5223646546359677
E725,0.020096008534091922
E726,0.7083074051026758
E727,0.03606720597386434
E728,0.9273926571250778
E729,0.0
E73,0.060373366521468574
E730,1.3266459240821407
E731,2.8759178593652766
E732,0.0
E733,2.826832607342875
E734,2.5509894212818915
E735,1.1229931549471064
E736,1.4709334163036714
E737,5.8411059038581215
E738,0.007911814383500757
E739,0.43632253422526446
E74,0.37870566272557554
E740,2.179854065310856
E741,0.03473286514356832
E742,8.154383361854388
E743,0.04343586096541915
E744,0.5425762289981332
E745,0.05601564583518535
E746,0.0
E747,2.30411947728687
E748,0.14270068450528936
E749,1.4309271935283137
E75,0.0747950928971464
E750,0.012421548582096188
E751,0.026900168903902573
E752,2.02187838919015
E753,0.3069002800248911
E754,0.10657480664947996
E755,1.432431355009334
E756,0.08718108276291227
E757,0.059101253444750645
E758,0.051510356476131225
E759,1.7479792055590124
E76,0.2030740510267579
E760,0.2413627878033603
E761,0.03255044892879368
E762,0.030144012801137886
E763,0.1966770379589297
E764,0.223576317894924
E765,0.13678726997955373
E766,0.06532402880256023
E767,0.1406898390968086
E768,0.2601520135123122
E769,0.11917859365276914
E77,0.23087563338963468
E770,0.5386558805227132
E771,0.2767766023646546
E772,0.19131300560049783
E773,0.0800320028446973
E774,1.0874420504044804
E775,0.0733211841052538
E776,0.0249604409280825
E777,0.3410703173615432
E778,0.5404853764779092
E779,0.06323584318606099
E78,0.04731709485287582
E780,0.013212730020446263
E781,0.17112810027558006
E782,0.09434705307138411
E783,0.0
E784,0.49551871277446885
E785,0.029985776513467864
E786,9.425873133167393
E787,9.804396585252023
E788,0.2563907902924704
E789,0.19836963285625386
E79,0.15673748777669128
E790,0.1356440572495333
E791,0.2297324206596142
E792,0.2516863721219664
E793,0.1356440572495333
E794,0.4281020535158681
E795,1.6394897324206594
E796,0.9589172370877411
E797,0.9675420037336652
E798,0.0729184816428127
E799,0.2783447417548226
E8,0.12466708151835719
E80,0.36380656058316296
E800,0.013450084451951285
E801,0.9470937694461731
E802,0.0
E803,0.011946839719086142
E804,0.12309894212818918
E805,0.02539692417103743
E806,0.6005973864343497
E807,0.17108676326784603
E808,0.20385812072184195
E809,0.05205973864343498
E81,0.7346733042937149
E810,0.4461356565028003
E811,0.06732776246777492
E812,0.27364032358431856
E813,0.2399253266957063
E814,0.18974486621032982
E815,0.0948724331051649
E816,0.048612321095208466
E817,0.10267579340385811
E818,0.17327940261356567
E819,0.10820161792159302
E82,0.4031985065339141
E820,0.14505289359054138
E821,0.37870566272557565
E822,1.2901398333050478
E823,0.037635345364032353
E824,0.006092097075295583
E826,0.06508400746733042
E827,0.32617299315494713
E828,2.8357934038581205
E829,0.032441105876077875
E83,0.014478620321806383
E830,2.2979653469197263
E831,0.1308276291225887
E832,0.010918303849231044
E833,0.3050031113876789
E834,0.06075384478620323
E835,0.12637834474175486
E836,0.005300915636945507
E837,0.06993243843897236
E838,0.08885056449462175
E839,0.06607165081340564
E84,0.2082238421192995
E840,0.08113254511512134
E841,0.0210392034847542
E842,4.596276446795271
E843,0.4022277535780958
E844,0.8774113254511512
E845,0.0
E846,3.0550155569383945
E847,0.5757782099149554
E848,0.2838332296204107
E849,0.7017423771001867
E85,0.06272557560672061
E851,0.021520135123122057
E852,0.03512489999111032
E853,0.21326695706285004
E854,2.71443594986221
E855,0.0
E856,0.05664859098586541
E857,0.09906480576051205
E858,12.581723514312385
E859,0.09310160903191396
E86,0.02911547693128278
E860,0.0
E861,0.15524579962663348
E862,0.38341008089607964
E863,0.25168637212196643
E864,0.19444928438083386
E865,0.7350315805849409
E866,0.1568139390168015
E867,0.9816552582451773
E868,1.5166521468574983
E869,0.14296832311020238
E87,0.22581207218419413
E870,0.08433994132811806
E871,0.6891972619788426
E872,0.06429371499688862
E873,0.17538404895249948
E874,0.15759800871188548
E875,0.028403413636767714
E876,0.029348386523246516
E877,0.13205947936112838
E878,0.16465463596764157
E879,0.15432838474531071
E88,0.10976975731176104
E880,0.040870299582185084
E881,0.0391021424126589
E882,0.3300933416303672
E883,0.07595341808160726
E884,0.17324562183305184
E885,0.2618792781580585
E886,0.2352061294337274
E887,0.059947573117610446
E888,0.3833389338311553
E889,0.3763534536403236
E89,0.11709129700417814
E890,0.17600942305982756
E891,0.051711263223397634
E892,0.008307405102675794
E893,0.06983198506533915
E894,0.05756689483509646
E895,0.1569446172993155
E896,0.010522713130056005
E897,0.011155658280736065
E898,0.22816428126944618
E899,0.01803360298693217
E9,0.7495706285003111
E90,1.0389110143123832
E900,0.5700186683260734
E901,0.3332296204107032
E902,0.27255133789670194
E903,0.36067205973864347
E904,0.06194150591163659
E905,0.19048537647790917
E906,0.15446172993154947
E907,0.19131300560049783
E908,0.0
E909,0.16622277535780958
E91,0.8899191039203485
E910,3.466465463596764
E911,0.2955942750466708
E912,0.48294959551960176
E913,0.31127566894835096
E914,0.361506585770587
E915,0.4116365899191039
E916,0.19758556316116987
E918,0.09976797937594453
E919,0.0859951995732954
E92,0.8028873677660235
E920,0.16622277535780958
E921,0.0635096453018046
E922,0.0
E923,0.0029273713218952798
E924,0.11284244525439298
E925,0.42261356565028
E926,0.16387056627255758
E927,0.2203235843186061
E928,0.11974575517823806
E929,0.12074673304293716
E93,0.07591972619788424
E930,0.4320224019912881
E931,0.5904044803982577
E932,0.04716454795981864
E933,0.23365276913503424
E934,0.42716619255044896
E935,0.054884878655880515
E936,0.4524082140634723
E937,0.13407591785936526
E938,0.18033602986932168
E939,0.10976975731176103
E94,0.10954840430260467
E940,0.2799128811449907
E941,0.3720224019912881
E942,0.04240732509556406
E943,0.037502000177793586
E944,0.18812099964441287
E945,0.14583696328562537
E946,0.34499066583696325
E947,1.8179962663347853
E948,0.0
E949,0.7487865588052272
E95,0.7801493466085875
E950,0.6546981953951463
E951,0.029355498266512584
E952,0.1591661481020535
E953,0.23420636649183627
E954,0.3073553204729309
E955,0.21248288736776602
E956,0.10663347853142502
E957,0.2775606720597386
E958,0.017405991643701664
E959,0.4578967019290603
E96,0.02745399591074762
E960,0.2838332296204107
E961,0.0008702995821850833
E962,0.046481465019112815
E963,0.010839185705396038
E964,0.4267310205351586
E965,0.061941505911636593
E966,0.3089234598630989
E967,0.06919192817139301
E968,0.24780958307405102
E969,0.16477807656976917
E97,0.10517290425815629
E970,0.04073428749222153
E971,0.07840696950840075
E972,1.452546100394109
E973,0.0
E974,0.4845550715619166
E975,0.103524757756245
E976,0.14505289359054138
E977,0.3183322962041071
E978,0.04787714463507868
E979,0.06590541381456129
E98,0.05562005511601032
E980,0.06378967019290605
E981,0.087310872077518
E982,0.27599253266957063
E983,7.618942128189172
E984,0.4501837792989006
E985,0.0636901057871811
E986,3.5938767890479157
E987,1.4594897324206597
E988,0.040746733042937154
E989,0.033704329273713224
E99,0.027216641479242604
E990,0.5513805671615255
E991,0.056154324828873683
E992,0.28488192283758557
E993,0.18542714907991822
E994,0.0
E995,0.20998988799004353
E996,0.060525380033780794
E997,0.0627771357453996
E998,0.12134589741310338
E999,0.4773117610454262
