farm,fte
E1,8.578730553827008
E10,0.7605476042314873
E100,5.606064094586185
E1000,5.453988799004357
E1001,1.0248164281269447
E1002,3.701829495955196
E1003,1.306531580584941
E1004,1.2016085874299938
E1005,2.606936838830118
E1006,5.173982576228998
E1007,2.3837843363854563
E1008,6.377473553204729
E1009,0.15132545115121346
E101,0.8711014312383323
E1010,3.979937772246422
E1011,2.6570255133789673
E1012,937.0668761667704
E1013,4.027093963907903
E1014,0.02195395146235221
E1015,4.120542937149969
E1016,2.2490813627878032
E1017,3.315366699262156
E1018,6.922644679527069
E1019,0.8256253889234598
E102,0.1670068450528936
E1020,5.0354379278158055
E1021,2.1970379589296827
E1022,1.6560858742999378
E1023,6.531767268201619
E1024,2.8180691617032627
E1025,1.846073428749222
E1026,2.575908080718286
E1027,1.3360547604231487
E1028,1.9092470441817049
E1029,4.9696577473553205
E103,1.6651967952706908
E1030,0.5966397013067828
E1031,4.78977364654636
E1032,1.4178967019290603
E1033,0.21405102675793405
E1034,8.084990665836964
E1035,2.982672682016179
E1036,144.8220037336652
E1037,4.4923459863098945
E1038,6.871213441194773
E1039,5.369757311761046
E104,5.209413503422526
E1040,0.5335380922748688
E1041,11.973192283758555
E1042,4.071586807716241
E1043,3.1719687305538273
E1044,1.502128189172371
E1045,2.9923957685127567
E1046,0.6878904791537026
E1047,9.957087741132545
E1048,3.0792888256733932
E1049,1.9852457996266335
E105,4.422739576851276
E1050,0.6100062227753578
E1051,0.9405849408836341
E1052,0.17719975108898572
E1053,16.40656502800249
E1054,67.03491599253267
E1055,19.26380833851898
E1056,1.9162663347853144
E1057,8.050916109209707
E1058,3.1159699751088987
E1059,0.25795892968263845
E106,3.0174447728687
E1060,7.175500933416303
E1061,1.3111574362165523
E1062,0.30186683260734287
E1063,1.6046546359676417
E1064,0.30813939016801495
E1065,1.7761457685127564
E1066,0.20228998133167392
E1067,3.0287873366521465
E1068,3.6549331051649037
E1069,0.568934127477998
E107,0.3967392657125077
E1070,0.6154947106409459
E1071,0.26031113876789047
E1072,0.27050404480398255
E1073,3.062289981331674
E1074,0.1560298693217175
E1075,0.3347977598008712
E1076,0.6877146857498444
E1077,0.31127566894835096
E1078,0.2728562538892346
E1079,4.147581673926571
E108,2.7302496888612318
E1080,0.23522090852520225
E1081,0.2414934660858743
E1082,3.143831673926571
E1083,3.487052738021158
E1084,0.25717485998755446
E1085,0.4296701929060361
E1086,1.073951462352209
E1087,2.928701773490977
E1088,0.9045550715619165
E1089,2.1442789359054135
E109,3.671684038581207
E1090,0.11369010578718107
E1091,0.315980087118855
E1092,0.3873304293714997
E1093,3.0947160858742997
E1094,0.12466708151835718
E1095,0.14505289359054138
E1096,6.470049782202863
E1097,0.19366521468574985
E1098,1.84500077784692
E1099,1.8206658369632855
E11,11.80861232109521
E110,3.632093963907903
E1100,5.3121421904169255
E1101,0.18974486621032982
E1102,0.16387056627255758
E1103,1.7595465152457996
E1104,0.19131300560049783
E1105,0.19288114499066583
E1106,0.18504044803982572
E1107,0.24541381456129432
E1108,2.070849408836341
E1109,4.026266334785315
E111,1.035911636589919
E1110,1.233385967641568
E1111,0.4619453951462353
E1112,4.422937149968886
E1113,0.09565650280024891
E1114,0.5061271001866833
E1115,0.16465463596764157
E1116,0.2854013690105787
E1117,0.07840696950840075
E1118,0.46573739887990045
E1119,0.5049408836341007
E112,3.8906106098319846
E1120,0.5096453018046049
E1121,0.2932420659614188
E1122,1.3476439016801494
E1123,0.34969508400746735
E1124,0.20385812072184192
E1125,0.4555444928438083
E1126,0.6891785936527691
E1127,0.8422573117610453
E1128,6.284897324206596
E1129,10.406060010889856
E113,2.8108400746733047
E1130,1.0739514623522093
E1131,7.16951462352209
E1132,18.237517112632233
E1133,2.8494463674548847
E1134,13.048372160858742
E1135,6.398046048537648
E1136,0.5817797137523335
E1137,8.662114187927816
E1138,4.392227753578096
E1139,2.251446017423771
E114,5.791857498444306
E1140,2.04261356565028
E1141,1.1021826384567517
E1142,14.956185438705663
E1143,1.5723210952084627
E1144,5.9073918792781575
E1145,3.004256378344742
E1146,2.0801018979464843
E1147,0.4281767268201617
E1148,1.6439825762289981
E1149,1.6765792514890212
E115,3.9128126944617296
E1150,5.790914747977598
E1151,5.9557373988799
E1152,1.5302053515868077
E1153,0.673851897946484
E1154,0.3253889234598631
E1155,0.505133789670193
E1156,0.18608587429993778
E1157,5.678008711885501
E1158,1.5582825140012444
E1159,2.555021779713752
E116,5.271824051026758
E1160,9.27636512134412
E1161,0.7132132856253889
E1162,0.6776656813939017
E1163,0.21248288736776605
E1164,1.1629332607342877
E1165,2.2424019912881143
E1166,2.918747666459241
E1167,0.2587429993777225
E1168,0.29010578718108276
E1169,8.136421904169259
E117,0.8616925948973242
E1170,0.47521857498444303
E1171,1.0491972619788426
E1172,1.7888308960796515
E1173,2.005818294959552
E1174,0.25403858120721845
E1175,0.20228998133167395
E1176,0.46362787803360295
E1177,1.9232856253889237
E1178,0.3399937772246422
E1179,4.5156627255756066
E118,1.2545605164903548
E1180,1.584082140634723
E1181,7.44724331051649
E1182,0.05488487865588052
E1183,1.9041412570006222
E1184,13.287031736154326
E1185,2.787661792159303
E1186,3.4973242065961423
E1187,0.21013067828251397
E1188,1.1726322339763533
E1189,4.29869321717486
E119,7.99241443683883
E1190,6.315756067205974
E1191,5.490126789047916
E1192,0.24619788425637834
E1193,1.7501952395768512
E1194,2.84929060360921
E1195,1.2034909769757312
E1196,1.2240634723086496
E1197,10.635980087118856
E1198,3.0895519601742376
E1199,6.521481020535159
E12,3.898487865588052
E120,0.5127815805849408
E1200,2.2444933994132814
E1201,4.478307405102676
E1202,0.9265463596764157
E1203,0.14975731176104543
E1204,0.9944640634723086
E1205,0.1474051026757934
E1206,7.097510889856875
E1207,2.21809583074051
E1209,1.298568761667704
E121,2.344761978842564
E1210,1.2985687616677035
E1211,1.0950093341630367
E1212,2.4918481642812695
E1213,2.733157280647169
E1214,0.6495472930927193
E1215,0.140574273268735
E1216,6.848705662725575
E1217,19.831549471064097
E1218,1.1230864965774734
E1219,3.703049159925327
E122,0.5496328562538892
E1220,10.191225692283759
E1221,9.031325451151213
E1222,1.830952084629745
E1223,3.916945506267224
E1224,0.9897199751088985
E1225,0.7511636589919103
E1226,0.8844306160547606
E1227,7.005252022401992
E1228,7.529533291848164
E1229,1.3266459240821407
E123,14.709147479775979
E1230,0.8774113254511512
E1231,0.2854013690105787
E1232,7.804275046670814
E1233,5.657548226509023
E1234,0.8984691972619788
E1235,1.6705911636589919
E1236,0.42425015556938395
E1237,3.45340474708863
E1238,0.21797137523335408
E1239,1.3757809583074052
E124,0.2728562538892346
E1240,0.9482105076006756
E1241,0.38606098319850657
E1242,2.611176104542626
E1243,4.145048226509023
E1244,3.127019290603609
E1245,1.474051026757934
E1246,5.811729931549472
E1247,6.110031113876789
E1248,0.7861605476042316
E1249,3.088487865588052
E125,5.266039981331673
E1250,1.2832794026135657
E1251,0.2383571873055383
E1252,1.5442439327940263
E1253,0.6042688238954573
E1254,4.16945861854387
E1255,2.4021577473553206
E1256,2.954115032447328
E1257,0.11917859365276914
E1258,5.025812072184194
E1259,0.9967392657125078
E126,0.31362787803360304
E1260,2.243187616677038
E1261,5.4257373988799005
E1262,0.7931798382078407
E1263,4.719296826384568
E1264,0.22424393279402616
E1265,4.429172370877411
E1266,2.333593652769135
E1267,4.072286092097076
E1268,0.8563534536403237
E1269,2.921294337274424
E127,0.1466210329807094
E1270,2.3349782202862475
E1271,5.05636356565028
E1272,0.8970231798382079
E1273,20.43877411325451
E1274,3.065789514623522
E1276,0.411355009334163
E1277,3.2840945861854385
E1278,4.3028251400124455
E1279,3.46110765401369
E128,0.0627255756067206
E1280,1.803957685127567
E1281,1.2494337274424392
E1282,0.943235843186061
E1283,1.0037585563161169
E1284,2.737887812249978
E1285,1.2564530180460487
E1286,0.6416210329807094
E1287,1.0389110143123832
E1288,3.9087741132545113
E1289,1.9394835096453018
E129,2.349852209085252
E1290,1.0248164281269447
E1291,4.555519601742377
E1292,0.22764156813939015
E1293,0.32990665836963284
E1294,0.16073428749222154
E1295,1.059278158058494
E1296,2.4005973864343497
E1297,0.3088487865588052
E1298,0.48433105164903545
E1299,0.3530927193528313
E13,3.5084505289359056
E130,0.25482265090230244
E1300,0.1254511512134412
E1301,3.1845195128455863
E1302,0.423397635345364
E1303,15.04878033602987
E1304,0.6013814561294337
E1305,6.928039825762291
E1306,5.453988799004356
E1307,0.4087616677037959
E1308,0.7097510889856876
E1309,1.0809707529558181
E131,3.12948817672682
E1310,0.47029247044181705
E1311,0.11055382700684507
E1312,0.45894212818917235
E1313,0.6317361543248289
E1314,0.5245426260112009
E1315,0.5966397013067828
E1316,0.9479402613565652
E1317,1.0107778469197264
E1318,1.152059738643435
E1319,1.5038456751711264
E132,0.48377100186683264
E1320,1.3196266334785316
E1321,1.4058369632856254
E1322,0.5545239576851275
E1323,0.7721219663970131
E1324,0.5476454573739887
E1325,1.403858120721842
E1326,1.502128189172371
E1327,2.8428126944617302
E1328,1.1314872433105165
E1329,2.5151812383322962
E133,6.578021157436216
E1330,1.5120784069695083
E1331,0.16230242688238958
E1332,3.0550155569383945
E1333,15.799676415681395
E1334,6.628792003733666
E1335,13.588133167392657
E1336,6.33238410080896
E1337,8.556496577473554
E1338,3.059016801493466
E1339,6.521481020535158
E134,2.5700723397635343
E1340,5.638842563783447
E1341,6.618948350964529
E1342,1.523462196639701
E1343,8.41415059116366
E1344,7.334094586185438
E1345,2.896474797759801
E1346,3.2614639079029244
E1347,4.402389545737399
E1348,2.695024891101431
E1349,4.294611076540137
E135,2.9846087429993777
E1350,4.035266023646546
E1351,6.0174548848786555
E1352,3.1270192906036085
E1353,3.2173312072184195
E1354,0.8212570006222776
E1355,3.1140339141257005
E1356,1.9029558182949597
E1357,0.16779091474797758
E1358,0.934982887367766
E1359,3.4329169259489736
E136,3.8084077473553206
E1360,0.7506666148102054
E1361,0.6477146857498445
E1362,1.9578671437461106
E1363,1.0373841008089608
E1364,0.9328414747977598
E1365,0.6838511200995644
E1366,1.1938417859365278
E1367,0.9154760423148725
E1368,0.9154760423148725
E1369,0.5447627566894835
E137,2.5074541070317364
E1370,4.227647790914748
E1371,1.5124704418170505
E1372,1.841238332296204
E1373,7.642682016179215
E1374,12.240634723086497
E1375,3.287894368388301
E1376,1.3886434349719976
E1377,0.46495332918481647
E1378,2.714345830740511
E1379,1.2857809583074051
E138,3.0483532980709396
E1380,4.988830118232732
E1381,11.705152457996267
E1382,1.0707062850031115
E1383,0.7613946795270691
E1384,0.4428998133167393
E1385,3.4840976975731173
E1386,8.033559427504667
E1387,0.9195270690728065
E1388,3.642265090230242
E1389,2.7372518668326076
E139,2.7034278602542448
E1390,4.953875268710754
E1391,0.5715868077162415
E1392,0.2806969508400747
E1393,0.7349346608587429
E1394,1.6664094586185438
E1395,0.31049159925326697
E1396,0.9357311761045425
E1397,0.42817672682016183
E1398,0.16387056627255758
E1399,0.8563534536403234
E14,1.0107778469197262
E140,0.4913503422526447
E1400,0.1474051026757934
E1401,0.44943139390168013
E1402,0.6106782825140014
E1403,0.6037336652146857
E1404,0.16779091474797758
E1405,0.5084645301804605
E1406,0.24698195395146233
E1407,0.5657436216552583
E1408,1.347703795892968
E1409,1.207317983820784
E141,3.2331036092097074
E1410,1.3474984443061604
E1411,2.142400435594275
E1412,5.60139390168015
E1413,0.21326695706285004
E1414,0.36500311138767894
E1415,0.5826011200995644
E1416,1.9236029869321718
E1417,2.998126944617299
E1418,9.704729309271935
E1419,0.41320472930927193
E142,0.9051897946484132
E1420,0.15367766023646548
E1421,13.194996888612321
E1422,2.610164125700062
E1423,0.2618792781580585
E1424,2.7537935594275043
E1425,0.9697549782202862
E1426,8.091151213441195
E1427,6.470423148724331
E1428,4.042038736776602
E1429,0.517485998755445
E143,4.723613876789048
E1430,7.7661169881767265
E1431,0.4155826073428749
E1432,0.1340759178593653
E1433,2.3349782202862475
E1434,0.9827496888612323
E1435,0.8846172993154947
E1436,0.5314895768512756
E1437,0.8743310516490355
E1438,3.0488791225886747
E1439,1.1230864965774736
E144,2.7324797759800874
E1440,3.3733206285003114
E1441,0.18033602986932168
E1442,1.2687422215308028
E1443,1.1314872433105165
E1444,2.478985687616677
E1446,0.3175482265090231
E1447,3.732918481642813
E1448,0.4913503422526446
E1449,0.5718077162414437
E145,0.18190416925948974
E1450,1.6565525824517735
E1451,4.083640323584318
E1452,7.508960796515246
E1453,1.3196266334785316
E1454,0.5966023646546359
E1455,0.8743310516490355
E1456,2.5896624144368388
E1457,2.597137523335408
E1458,0.14818917237087742
E1459,0.568562538892346
E146,11.860043559427504
E1460,0.22267579340385815
E1461,0.29082218419415057
E1462,0.3050031113876789
E1463,1.073951462352209
E1464,1.2534256378344741
E1465,1.0107778469197264
E1466,4.096019201706818
E1467,1.184019912881145
E1468,16.746011200995643
E1469,2.980882856253889
E147,0.5566894835096453
E1470,0.12309894212818917
E1472,1.310923304293715
E1473,3.011275668948351
E1474,1.438954573739888
E1475,1.2861356565028004
E1476,2.955428593652769
E1477,0.5896204107031736
E1478,7.251804604853764
E1479,0.49710018668326067
E148,8.159850653391413
E1480,0.14348475420037335
E1481,0.45625388923459864
E1482,1.830952084629745
E1483,1.2317237087741133
E1484,3.0241568139390167
E1485,78.34932171748599
E1486,60.604853764779094
E1487,19.506608587429994
E1488,11.356017423771002
E1489,2.7414250155569384
E149,0.1160423148724331
E1490,0.3583198506533914
E1491,0.435196017423771
E1492,1.2960672059738645
E1493,2.8424766645924087
E1494,11.808612321095207
E1495,5.933895457373989
E1496,0.5569080584940884
E1497,1.6057747355320473
E1498,7.696148102053517
E1499,1.1212009956440574
E15,0.23600497822028624
E150,6.758063939016801
E1500,0.24306160547604233
E1501,0.5692345986309895
E1502,6.963136278780336
E1503,0.19601742377100187
E1504,0.5608960796515245
E1505,2.03667703795893
E1506,0.9051897946484131
E1507,9.967373988799004
E1508,0.15054138145612944
E1509,1.9482218419415056
E151,2.7199502177971375
E1510,4.461113876789048
E1511,9.309054138145612
E1512,1.449919881767268
E1513,2.671299004355943
E1514,4.694075917859365
E1515,5.354698195395146
E1516,0.7370255133789669
E1517,4.303671437461108
E1518,7.371049315494711
E1519,1.9852457996266335
E152,0.8538480087118855
E1520,4.75579340385812
E1521,1.5943683883011823
E1522,0.437809583074051
E1523,2.694996888612321
E1524,1.5917890479153702
E1525,12.86809583074051
E1527,1.7618419415059114
E1528,0.9669072806471686
E1529,3.851443683883012
E153,2.6584357498444304
E1530,1.4951088985687615
E1531,129.72487243310516
E1532,0.701929060360921
E1533,0.2877909147479776
E1534,1.340684505289359
E1535,4.74196017423771
E1536,3.9658991910392034
E1537,0.701929060360921
E1538,2.6676140101342343
E1539,0.6878904791537026
E154,0.2218917237087741
E1540,0.7089483509645301
E1541,3.716372121966397
E1542,0.35439950217797134
E1543,1.8671313005600498
E1544,0.40711885500933415
E1545,0.7931798382078407
E1546,1.4529931549471065
E1547,0.4492345986309894
E1548,2.4481269446172993
E1549,1.5302053515868077
E155,3.183605320472931
E1550,0.5614179038136723
E1551,9.782221530802737
E1552,3.93497044181705
E1553,3.2358929682638458
E1554,0.23286869943995023
E1555,7.210659614187928
E1556,1.4373288736776602
E1557,4.023488643434972
E1558,3.130121061266052
E1559,2.664138145612944
E156,4.675066894835097
E1560,2.7269796204107033
E1561,0.8961605476042316
E1562,1.0080522713130056
E1563,0.4815696950840075
E1564,0.6531300560049782
E1566,1.4092159303049159
E1567,14.28479775980087
E1568,6.591113876789048
E1569,22.228581207218422
E157,0.22738021157436214
E1570,1.2343497199751088
E1571,1.6284754200373366
E1572,12.816664592408214
E1573,4.732108742999378
E1574,1.409215930304916
E1575,6.634629744866211
E1576,2.5615440261356563
E1577,0.37556938394523953
E1578,4.057149968886123
E1579,0.4414312383322962
E158,0.14034847542003734
E1580,0.2289483509645302
E1581,0.7176540136901057
E1582,2.001327006845053
E1583,0.6808711885500932
E1584,0.17171126322339764
E1585,3.1762441105876076
E1586,0.30892345986309894
E1587,0.25639079029247047
E1588,0.3042190416925949
E1589,3.3247168637212194
E159,3.8017485998755443
E1590,0.40711885500933415
E1591,2.6479153702551335
E1592,0.9651897946484131
E1593,0.6756067205973865
E1594,2.592134411947729
E1595,0.14348475420037338
E1596,1.137125077784692
E1597,1.0037585563161169
E1598,0.6808711885500934
E1599,0.17171126322339764
E16,0.5645301804604854
E160,5.023194617299316
E1600,0.40711885500933415
E1601,2.070690728064717
E1602,0.4916116988176727
E1603,1.891437461107654
E1604,0.1466210329807094
E1605,0.41947728686994395
E1606,0.4963161169881767
E1607,0.20621032980709397
E1608,9.355575606720597
E1609,1.2687741132545116
E161,0.2524704418170504
E1610,0.7440448039825762
E1611,0.16144368388301183
E1612,0.19209707529558182
E1613,0.453784225264468
E1614,0.5472806471686372
E1615,2.3023273179838206
E1616,17.26032358431861
E1617,0.3347977598008712
E1618,1.7478033602986933
E1619,1.207317983820784
E162,10.705127566894834
E1620,0.31754822650902303
E1621,1.3757809583074052
E1622,1.4249159925326698
E1623,0.4141381456129434
E1624,0.14034847542003734
E1625,2.6462725575606716
E1626,0.39990399146590805
E1627,1.2704915992532668
E1628,0.3214685749844431
E1629,0.043123833229620406
E163,3.0792890479153705
E1630,0.35798382078406965
E1631,0.18347230864965777
E1632,0.6317361543248289
E1633,3.56036869943995
E1634,0.24933416303671435
E1635,0.19523335407591785
E1636,0.16144368388301183
E1637,1.7828998133167393
E1638,1.8741505911636591
E1639,0.7158556316116989
E164,0.9168388301182329
E1640,0.42817672682016183
E1641,0.19601742377100187
E1642,0.15289359054138144
E1643,1.102028624766646
E1644,0.06899813316739266
E1645,0.5585189794648413
E1646,0.413988799004356
E1647,1.4990634723086496
E1648,2.0847293092719354
E1649,0.4798506533914126
E165,5.041953173615433
E1650,1.1652022401991289
E1651,0.32990665836963284
E1652,1.9092470441817049
E1653,5.348848786558805
E1654,0.3502177971375233
E1655,0.9054884878655881
E1656,0.0744866210329807
E1657,0.06350964530180461
E1658,0.35074051026757935
E1659,0.18739265712507777
E166,1.605756067205974
E1660,0.12231487243310517
E1661,0.06821406347230866
E1662,4.3028251400124455
E1663,0.23757311761045424
E1664,0.9827006845052894
E1665,67.28815183571874
E1666,2.609719975108898
E1667,1.461337896701929
E1668,1.0599128811449907
E1669,1.8397697573117613
E167,5.0187927815805855
E1670,4.87568139390168
E1671,5.235700062227754
E1672,1.102028624766646
E1673,4.230952084629745
E1674,2.211543248288737
E1675,1.4178967019290603
E1676,3.1723817672682015
E1677,3.194874766645924
E1678,4.415620721841941
E1679,0.8875046670815184
E168,1.7761263223397636
E1680,4.632022401991288
E1681,0.16465463596764157
E1682,1.8472736465463597
E1683,2.81062480553827
E1684,1.7287429993777226
E1685,4.358942128189173
E1686,0.42885578718108275
E1687,0.2218917237087741
E1688,2.396695706285003
E1689,3.1887367766023647
E169,2.2698817672682017
E1690,0.26893590541381457
E1691,9.000466708151835
E1692,0.2305164903546982
E1693,0.8142377100186683
E1694,0.17014312383322963
E1695,0.603658991910392
E1696,0.5124082140634723
E1697,7.2209458618543865
E1698,0.4983696328562539
E1699,15.56309271935283
E17,1.069769757311761
E170,0.17484754200373367
E1700,38.25513378967019
E1701,27.84487243310517
E1702,2.505886745488488
E1703,0.1670068450528936
E1704,0.16622277535780958
E1705,1.823602986932172
E1706,0.1356440572495333
E1707,0.9785189794648413
E1708,0.5909271935283136
E1709,0.968662103298071
E171,3.758545426260112
E1710,0.42817672682016183
E1711,0.3943870566272558
E1712,0.30218574984443064
E1713,0.38236465463596764
E1714,1.3577846919726198
E1715,7.253735220908526
E1716,0.17719975108898567
E1717,0.42705662725575605
E1718,1.1711387678904792
E1719,0.2587429993777225
E172,2.8848662103298066
E1720,0.5194275046670815
E1721,0.312843808338519
E1722,0.3967392657125077
E1723,0.9546235220908524
E1724,0.40711885500933415
E1725,0.7651026757934039
E1726,0.12074673304293715
E1727,0.22816428126944616
E1728,0.47029247044181705
E1729,0.5198382078406969
E173,1.9070970752955818
E1730,0.9686621032980709
E1731,0.4850777846919726
E1732,0.2563907902924704
E1733,0.3434225264467953
E1734,0.638755444928438
E1735,0.13329184816428127
E1736,0.7014436838830118
E1737,0.1481891723708774
E1738,0.13407591785936526
E1739,0.6949097697573118
E174,0.7346733042937149
E1740,0.309968886123211
E1741,0.16779091474797758
E1742,0.3214685749844431
E1743,1.944343497199751
E1744,1.5302053515868077
E1745,0.4814187927815805
E1746,0.40379589296826385
E1747,0.20542626011200996
E1748,0.17439327940261357
E1749,0.4077162414436839
E175,2.8271538581207216
E1750,0.11682638456751712
E1751,0.12466708151835719
E1752,0.7723086496577473
E1753,0.41242065961418795
E1754,0.3930802738021158
E1755,2.4284691972619794
E1756,0.23130056004978222
E1757,0.41242065961418795
E1758,2.70582451773491
E1759,9.68662103298071
E176,0.5778593652769136
E1760,0.03449906658369633
E1761,0.5124082140634723
E1762,0.807218419415059
E1763,0.4343746110765402
E1764,0.9565214685749845
E1765,0.2211076540136901
E1766,3.9709023024268824
E1767,1.813383634100809
E1768,6.572912258867455
E1769,0.9654511512134412
E177,3.5119811761045425
E1770,0.5334660858742999
E1771,0.15132545115121343
E1772,0.13799626633478532
E1773,0.1568139390168015
E1774,2.0778220286247664
E1775,9.389262937008542
E1776,0.15008711885500933
E1777,0.18112009956440575
E1778,0.4743621655258245
E1779,0.7103671437461105
E178,0.20228998133167392
E1780,0.5112134411947729
E1781,0.9335656502800249
E1782,7.482563783447417
E1783,2.9850186683260733
E1784,1.0617237087741134
E1785,2.7258556316116986
E1786,0.2885376477909148
E1787,6.633229620410703
E1788,3.465065339141257
E1789,1.0589289047915371
E179,0.21640323584318605
E1790,4.669956440572496
E1791,0.30029869321717484
E1792,5.250429371499689
E1793,1.841238332296204
E1794,11.53088363410081
E1795,2.5460897635345368
E1796,0.17876789047915367
E1797,0.4398630989421282
E1798,0.09644057249533293
E1799,0.18112009956440572
E18,0.1654387056627256
E180,2.4456370566272554
E1800,2.627369543959463
E1801,3.980777846919726
E1802,0.6247168637212197
E1803,0.06821406347230866
E1804,0.2305164903546982
E1805,0.6115743621655259
E1806,22.280012445550717
E1807,0.514312383322962
E1808,0.3026509023024269
E1809,2.0636714374611076
E181,1.476403235843186
E1810,0.62019912881145
E1811,5.445606720597387
E1812,1.474051026757934
E1813,2.908108276291226
E1814,1.717803360298693
E1815,0.42182949595519603
E1816,4.471799937772246
E1817,3.7853391412570008
E1818,2.0541599253266956
E1819,1.1511636589919105
E182,2.8846118543870567
E1820,1.6560858742999378
E1821,0.7440448039825762
E1822,23.52533511059569
E1823,4.361518357187306
E1824,3.8264841319228373
E1825,0.555457373988799
E1826,2.5874354387056626
E1827,5.697108159614189
E1828,2.7614934660858745
E1829,0.1285874299937772
E183,0.17014312383322963
E1830,0.9461107654013691
E1831,2.3163658991910396
E1832,2.600591163658992
E1833,0.2877909147479776
E1834,7.513310516490354
E1835,2.767205973864343
E1836,0.8096826384567516
E1837,0.35753578095830735
E1838,1.3367937149968885
E1839,0.24358431860609833
E184,3.10244321717486
E1840,0.6106782825140012
E1841,0.16622277535780958
E1842,1.282217974931105
E1843,0.10898568761667703
E1844,0.14257622899813316
E1845,0.19288114499066586
E1846,0.37295581829495955
E1847,0.6055631611698817
E1848,1.6635718730553828
E1849,0.8569881767268202
E185,3.9974929993777226
E1850,0.6598133167392657
E1851,20.541636589919108
E1852,0.3907280647168638
E1853,0.11917859365276914
E1854,0.2441303671437461
E1855,0.3930802738021158
E1856,2.0286496577473554
E1857,0.8784684194150592
E1858,0.23600497822028624
E1859,0.39961418792781583
E186,12.374355942750467
E1860,0.2987305538270068
E1861,1.1519726197884257
E1862,0.9765694728420306
E1863,1.376826384567517
E1864,2.2601859054138145
E1865,0.7773903235843187
E1866,0.7440448039825762
E1867,0.3509645301804605
E1868,2.057249533291848
E1869,0.37321717485998757
E187,0.6946857498444305
E1870,0.3300933416303672
E1871,1.2126944617299316
E1872,0.737025513378967
E1873,2.43784069695084
E1874,2.0075171126322338
E1875,0.17014312383322963
E1876,1.0950093341630367
E1877,0.7861605476042316
E1878,0.535519601742377
E1879,2.6229931549471064
E188,0.40711885500933415
E1880,0.6878904791537026
E1881,2.4427131300560045
E1882,0.7770721841941507
E1883,0.19758556316116987
E1884,0.1670068450528936
E1885,0.5334660858742999
E1886,0.8836465463596764
E1887,0.5475046670815183
E1888,0.42705662725575605
E1889,1.6425140012445552
E189,1.465598942128189
E1890,0.12231487243310517
E1891,0.07187305538270068
E1892,0.1599502177971375
E1893,0.10192906036092098
E1894,0.1685749844430616
E1895,1.3547230864965774
E1896,0.6808711885500932
E1897,1.0037585563161169
E1898,0.27285703173615433
E1899,1.0177971375233354
E19,3.0956977286869947
E190,0.18425637834474176
E1900,0.2806969508400747
E1901,0.3065712507778469
E1902,0.9616428126944618
E1903,1.6916490354698195
E1904,1.9246297448662104
E1905,0.105849408836341
E1906,0.20856253889234597
E1907,0.1670068450528936
E1908,2.2526882389545735
E1909,0.16387056627255758
E191,5.636863721219664
E1910,0.4913503422526446
E1911,0.3691739265712508
E1912,2.952265090230242
E1913,1.305588052271313
E1914,4.505376477909147
E1915,2.068313627878034
E1916,1.59178904791537
E1917,1.421920504044804
E1918,1.1165704729309271
E1919,0.7510640945861855
E192,0.41790914747977603
E1920,1.672682016179216
E1921,0.9403609209707529
E1922,0.4356813939016802
E1923,2.014536403235843
E1924,0.2246172993154947
E1925,0.1693590541381456
E1926,1.8472682016179216
E1927,0.6808711885500934
E1928,0.3308774113254512
E1929,0.8072184194150591
E193,1.0686869943995023
E1930,0.1364281269446173
E1931,0.10774735532047293
E1932,0.6668326073428749
E1933,2.3795395146235223
E1934,0.9405849408836341
E1935,0.24227753578095831
E1936,2.646542470441817
E1937,0.5264467952706907
E1938,0.4555444928438083
E1939,2.2476477909147476
E194,0.38550093341630365
E1940,1.1877429104809316
E1941,0.18190416925948974
E1942,0.05410080896079651
E1943,1.571275668948351
E1944,0.14348475420037335
E1945,14.890902302426882
E1946,0.08311138767890479
E1947,0.8138643434971998
E1948,0.6527940261356565
E1949,1.0458742999377724
E195,5.362738021157436
E1950,1.3196266334785314
E1951,1.7932972930927191
E1952,2.140883634100809
E1953,1.964673304293715
E1954,15.828500311138766
E1955,1.1581829495955196
E1956,1.0944321717485999
E1957,3.0476228998133172
E1958,0.43771115008202754
E1959,0.3509645301804605
E196,3.272632233976353
E1960,1.0801866832607343
E1961,0.6719477286869944
E1962,5.904306160547605
E1963,0.9827006845052892
E1964,0.8142377100186683
E1965,0.8423148724331051
E1966,1.474051026757934
E1967,0.8907031736154324
E1968,1.9820885189794648
E1969,1.1322261978842563
E197,2.9972456440572492
E1970,8.0118730553827
E1971,3.001990510267579
E1972,0.3073553204729309
E1973,0.7721219663970131
E1974,0.18374533291848164
E1975,2.1198257622899814
E1976,1.438954573739888
E1977,1.56815261356565
E1978,0.11996266334785316
E1979,0.37321717485998757
E198,1.247931705040448
E1980,1.9864592408214061
E1981,0.6246421904169259
E1982,0.638755444928438
E1983,6.007168637212197
E1984,8.191512134411946
E1985,0.26971997510889856
E1986,2.7361418792781578
E1987,0.35798382078406965
E1988,1.2542423771001867
E1989,2.3163845675171126
E199,6.614057249533292
E1990,1.42255678282514
E1991,7.048581207218419
E1992,0.31586807716241444
E1993,1.983696328562539
E1994,0.7340774735532046
E1995,2.0263907902924703
E1996,0.20621032980709397
E1997,0.3298319850653392
E1998,0.17876789047915367
E1999,0.17589296826384568
E2,1.2754947106409458
E20,0.9095208462974486
E200,4.959098475420038
E2000,0.9405849408836341
E2001,0.48978220286247665
E2002,1.5911387678904791
E2003,0.0525326695706285
E2004,3.292047293092719
E2005,1.298568761667704
E2006,0.4422153080273802
E2007,0.6056658369632856
E2008,2.737523335407592
E2009,0.11447417548226507
E201,0.18660858742999378
E2010,0.4281020535158681
E2011,0.08781580584940885
E2012,1.4459738643434972
E2013,5.420852520224019
E2014,0.11761045426260112
E2015,0.2239491288114499
E2016,0.11525824517734912
E2017,0.6857996266334785
E2018,0.8580336029869321
E2019,0.9771935283136278
E202,0.9594399502177973
E2020,0.030578718108276292
E2021,3.364737087741133
E2022,0.8072184194150591
E2023,1.5231860609831984
E2024,0.5566894835096452
E2025,3.827287758911903
E2026,0.2262974486621033
E2027,0.13799626633478532
E2028,1.872097075295582
E2029,1.6602411325451152
E203,3.6549331051649037
E2030,0.2626633478531425
E2031,0.20748366521468573
E2032,0.2516863721219664
E2033,0.4116365899191039
E2034,0.9616428126944618
E2035,0.06586185438705662
E2036,1.0009956440572494
E2037,3.202895924082141
E2038,1.1989343497199751
E2039,1.6003982576229
E204,0.24070939639079025
E2040,1.2144492843808339
E2041,1.2424144368388301
E2042,0.07762289981331674
E2043,2.7094461729931547
E2044,0.38001244555071567
E2045,3.5102341319228376
E2046,0.47029247044181705
E2047,0.6560049782202863
E2048,0.18504044803982578
E2049,5.948176726820162
E205,0.3648537647790914
E2050,2.160112009956441
E2051,2.1240401369010575
E2052,1.0458742999377724
E2053,0.31887367766023644
E2054,3.7189553515868075
E2055,0.8212570006222776
E2056,0.6598133167392658
E2057,1.0177971375233354
E2058,1.2034909769757314
E2059,0.32303671437461107
E206,7.519247044181705
E2060,0.24828873677660238
E2061,0.5998133167392657
E2062,7.591250777846919
E2063,3.733907902924704
E2064,0.629761200995644
E2065,0.14191661481020534
E2066,4.7483221841941505
E2067,0.0846795270690728
E2068,3.5590416925948976
E2069,0.2195395146235221
E207,8.91817672682016
E2070,0.6954418170504045
E2071,0.9696328562538893
E2072,1.3252030180460486
E2073,1.0932545115121344
E2074,0.16308649657747354
E2075,0.2409707529558183
E2076,0.9405849408836341
E2077,0.7791412570006222
E2078,3.378332296204107
E2079,0.2932420659614188
E208,0.14348475420037335
E2080,3.5087518890568052
E2081,1.6729239265712508
E2082,3.2369671748599873
E2083,4.613097386434349
E2084,0.4141381456129434
E2085,0.29830118232731795
E2086,0.10114499066583696
E2087,2.026820161792159
E2088,2.43784069695084
E2089,0.3967392657125077
E209,0.20542626011200996
E2090,0.39517112632233975
E2091,0.21405102675793405
E2092,0.2838332296204107
E2093,0.936179215930305
E2094,0.13093963907902925
E2095,0.6568030491599253
E2096,3.101742377100187
E2097,0.24698195395146233
E2098,2.6316863721219663
E2099,0.319116365899191
E21,1.059883322962041
E210,0.4646919726197884
E2100,1.2749766645924083
E2101,1.3715658058494087
E2102,1.0235983198506535
E2103,0.5985065339141258
E2104,0.5615432482887368
E2105,0.8149968886123211
E2106,0.11932794026135658
E2107,0.7496849719975109
E2108,0.31519835096453014
E2109,4.721387678904791
E211,0.8680483820784071
E2110,0.3261729931549471
E2111,0.18974486621032982
E2112,0.07762289981331674
E2113,1.7607591785936527
E2114,3.5813308960796513
E2115,1.2446359676415681
E2116,0.15054138145612944
E2117,1.4423210952084629
E2118,0.4288861232109521
E2119,0.08232731798382079
E212,0.2932420659614188
E2120,0.30578718108276287
E2121,1.8969259489732422
E2122,2.4216552582451776
E2123,0.3930802738021157
E2124,0.4141381456129434
E2125,1.4249159925326693
E2126,0.17876789047915367
E2127,0.38606098319850657
E2128,1.2494337274424392
E2129,7.282821250777847
E213,0.8774113254511512
E2130,2.5690603609209703
E2131,1.1652022401991289
E2132,0.4320224019912881
E2134,0.1544243932794026
E2135,1.2072059738643435
E2136,4.057149968886123
E2137,1.565301804604854
E2138,1.329968886123211
E2139,0.673851897946484
E214,1.1481183883011823
E2140,0.06586185438705663
E2141,2.221829495955196
E2142,1.7267454884878657
E2143,0.17327940261356567
E2144,0.045476042314872435
E2145,1.3328049159925328
E2146,1.2357288425637836
E2147,0.9977660236465463
E2148,0.2246172993154947
E2149,0.13250777846919726
E215,3.482779247044182
E2150,0.08703173615432484
E2151,1.9864592408214066
E2152,0.9335656502800248
E2153,1.537224642190417
E2154,0.20572495332918483
E2155,0.8579767090408037
E2156,0.3306160547604231
E2157,1.6916490354698195
E2158,0.3509645301804605
E2159,2.049632856253889
E216,2.125716397013068
E2160,0.45625388923459864
E2161,2.024841319228376
E2162,0.21091474797759802
E2163,0.7402542448217619
E2164,7.251804604853764
E2165,2.499726975731176
E2166,2.2292773802115744
E2167,0.08232731798382079
E2168,1.502128189172371
E2169,0.6497324206596141
E217,0.1372121966397013
E2170,0.5545239576851275
E2171,1.3336652146857497
E2172,0.24462974486621034
E2173,1.2034909769757312
E2174,2.084729309271935
E2175,1.4756074984443062
E2176,6.984362165525825
E2177,0.737025513378967
E2178,1.0107778469197262
E2179,1.7548226509023024
E218,1.421866832607343
E2180,3.6895021779713755
E2181,0.8500124455507156
E2182,0.0744012801137879
E2183,1.403858120721842
E2184,0.5264467952706907
E2185,1.1862601120099565
E2186,0.7616259223042048
E2187,1.502128189172371
E2188,0.05802115743621655
E2189,0.7238021157436217
E219,2.9026571250777846
E2190,0.565519601742377
E2191,6.359477286869944
E2192,2.212380656058316
E2193,0.6084380833851898
E2194,0.9195270690728065
E2195,1.6495332918481644
E2196,1.130105787181083
E2197,18.175799626633477
E2198,0.2759311938839008
E2199,1.3196266334785314
E22,0.10976975731176104
E220,0.4100684505289359
E2200,2.6387492221530806
E2201,0.37164903546981953
E2202,1.0599128811449907
E2203,0.9735532047293093
E2204,0.11055382700684505
E2205,2.8357934038581214
E2206,0.4670441817050405
E2207,0.07135034225264468
E2208,0.8001991288114498
E2209,5.215127566894835
E221,3.6235474264379057
E2210,0.8774113254511512
E2211,1.0968237176637925
E2212,1.747803360298693
E2213,0.699769757311761
E2214,0.9756813939016801
E2215,1.8179962663347853
E2217,4.261286558805228
E2218,0.4422153080273802
E2219,0.1474051026757934
E222,0.5254449284380834
E2220,0.35283136278780336
E2221,0.309707529558183
E2222,0.5936247666459241
E2223,0.18739265712507777
E2224,0.27207218419415063
E2225,0.11761045426260112
E2226,0.26673304293714994
E2227,2.316365899191039
E2228,0.13329184816428127
E2229,0.322252644679527
E223,0.2383571873055383
E2230,0.21091474797759802
E2231,0.1136901057871811
E2232,0.7456502800248911
E2233,0.14348475420037338
E2234,2.3658369632856253
E2235,0.09879278158058494
E2236,0.13799626633478532
E2237,0.13799626633478532
E2238,0.18347230864965774
E224,0.6068886123210951
E2240,0.08228998133167394
E2241,0.932258867454885
E2242,0.2783447417548226
E2243,0.2234598630989421
E2244,0.2313005600497822
E2245,0.4406471686372122
E2246,0.1779838207840697
E2247,0.2422775357809583
E2248,0.3206845052893591
E2249,0.3371499688861232
E225,2.9010578718108277
E2250,0.32695706285003107
E2251,0.24541381456129432
E2252,6.77863721219664
E2253,0.37713752333540757
E2254,3.5772007233976355
E2255,0.16387056627255756
E2256,0.11917859365276914
E2257,0.15446172993154944
E2258,0.611056264260527
E2259,0.3214685749844431
E226,1.3276913503422525
E2260,9.584532832211348
E2261,0.5398319850653391
E2262,14.574826929060361
E2263,17.04431238332296
E2264,1.5512632233976353
E2265,0.6106782825140012
E2266,2.30411947728687
E2267,0.11314872433105165
E2268,1.8661022090852522
E2269,5.8609793092719356
E227,2.7464281269446174
E2270,0.7861605476042314
E2271,5.312402769135034
E2272,0.3509645301804605
E2273,0.09800871188550093
E2274,0.2487554449284381
E2275,0.6668326073428749
E2276,0.27050404480398255
E2277,0.7046172993154947
E2278,0.4508400746733044
E2279,2.1970379589296827
E228,1.4217921593030494
E2280,0.5417921593030492
E2281,0.21797137523335405
E2282,0.08938394523957684
E2283,0.34772090852520227
E2284,6.22420426260112
E2285,0.6326353453640323
E2286,0.5760298693217175
E2287,0.9297433105164903
E2288,3.7956253889234595
E2289,0.6408735220908527
E229,3.679093030491599
E2290,9.041686372121966
E2291,4.094128033602987
E2292,0.6066085874299938
E2293,3.0138705662725576
E2294,2.670662725575607
E2295,0.09957685127566895
E2296,2.7580771624144367
E2297,1.4411099875544493
E2298,5.698452862476665
E2299,0.7067081518357188
E23,0.12701929060360923
E230,1.0107778469197262
E2300,0.2187554449284381
E2301,0.6527940261356565
E2302,12.9071913892346
E2303,16.56085874299938
E2304,1.6425140012445552
E2305,3.292047293092719
E2306,6.706633478531424
E2307,4.248220286247666
E2308,1.410877411325451
E2309,0.4773117610454262
E231,0.16230242688238955
E2310,0.05488487865588052
E2311,6.2128935905413805
E2312,4.41261356565028
E2313,6.943217174859988
E2314,2.2012570006222774
E2315,0.6956650591163659
E2316,0.42104542626011193
E2317,3.1594601742377098
E2318,18.688077162414437
E2319,5.503142501555693
E232,0.0321468574984443
E2320,0.1474051026757934
E2321,1.0950093341630367
E2322,2.262974486621033
E2323,0.3214685749844431
E2324,2.1279651524579966
E2325,1.3350132233976353
E2326,4.936198662103298
E2327,0.40065961418792784
E2328,0.19993777224642192
E2329,0.5896204107031736
E233,3.5235718730553836
E2330,0.7558431860609831
E2331,0.519576851275669
E2332,2.6419142812694467
E2333,0.5249891101431239
E2334,0.9616428126944618
E2335,2.139539514623522
E2336,2.582482887367766
E2337,1.5025077784691971
E2338,2.453364187927816
E2339,2.4892719352831363
E234,7.138655880522713
E2340,0.6076540136901057
E2341,0.6042229309271935
E2342,0.5615066894835097
E2343,0.26736776602364654
E2344,0.759095919637301
E2345,0.5775980087118855
E2346,0.8190362476664593
E2347,0.17406347230864963
E2348,0.7584567517112634
E2349,0.5718077162414437
E235,11.952619788425638
E2350,2.1086807716241442
E2351,0.23914125700062228
E2352,1.0435664281269446
E2353,1.1792408214063472
E2354,1.0800560049782204
E2355,0.36224019912881145
E2356,0.4422153080273802
E2357,0.6176975731176105
E2358,0.7791412570006222
E2359,1.410877411325451
E236,0.14191661481020534
E2360,0.5334660858742999
E2361,0.8846172993154947
E2362,3.19377722464219
E2363,2.396695706285003
E2364,4.896253889234598
E2365,0.20502878033602986
E2366,0.31232109520846296
E2367,2.204057249533292
E2368,0.39647790914747977
E2369,1.1792408214063472
E237,2.8913845675171124
E2370,0.8461208774113255
E2371,1.9934785314250156
E2372,0.5545239576851275
E2373,0.12309894212818917
E2374,0.7229869321717487
E2375,1.1862601120099563
E2376,0.21483509645301804
E2377,0.48433105164903545
E2378,0.9257622899813317
E2379,1.0599128811449907
E238,0.673851897946484
E2380,0.9566210329807096
E2381,0.18190416925948974
E2382,1.4600124455507157
E2383,0.13642812694461728
E2384,0.7559855320472931
E2385,0.8650902302426882
E2386,0.6066085874299938
E2387,0.419477286869944
E2388,0.4388985687616677
E2389,0.22502800248911012
E239,0.19680149346608586
E2390,3.9717454884878656
E2391,0.455900746733043
E2392,0.1560298693217175
E2393,0.1254511512134412
E2394,2.281269446172993
E2395,0.44822650902302424
E2396,0.35988799004355937
E2397,0.3212663347853143
E2398,0.103497199751089
E2399,0.25971375233354077
E24,0.18582451773490977
E240,1.141773490976976
E2400,0.7510640945861855
E2401,0.3245395146235221
E2402,0.11029247044181706
E2403,0.11604231487243312
E2404,0.4422153080273802
E2405,0.3720224019912881
E2406,10.563976353453638
E2407,3.8557249533291844
E2408,0.05018046048537648
E2409,1.803957685127567
E241,0.14191661481020534
E2410,0.6567890479153703
E2411,0.26658369632856255
E2412,1.5532233976353451
E2413,0.07762289981331674
E2414,3.8059116365899186
E2415,1.1511636589919105
E2416,0.42499222153080274
E2417,0.11212196639701308
E2418,0.33950217797137516
E2419,0.12074673304293716
E242,0.16173459863098943
E2420,0.4422153080273803
E2421,0.1466210329807094
E2422,1.3372121966397013
E2423,5.201294337274424
E2424,0.1795519601742377
E2425,0.640062227753578
E2426,1.0594835096453017
E2427,1.403858120721842
E2428,0.05410080896079651
E2429,2.9835197573117616
E243,0.2752084629744866
E2430,0.33312927815805843
E2431,0.06742999377722464
E2432,1.0903422526446795
E2433,0.732437772246422
E2434,0.9616428126944618
E2435,0.18268823895457376
E2436,1.2137772246421903
E2437,0.2305164903546982
E2438,0.42115743621655255
E2439,2.6156339452395767
E244,0.3042190416925949
E2440,2.1900186683260734
E2441,0.2532545115121344
E2442,0.6994648413192285
E2443,0.20934660858743
E2444,0.08624766645924081
E2445,0.9325948973242065
E2446,1.1805662725575607
E2447,0.1403858120721842
E2448,0.5404853764779092
E2449,0.36224019912881145
E245,8.258938238954574
E2450,0.9667579340385811
E2451,0.14113254511512133
E2452,0.4511014312383323
E2453,0.49762289981331675
E2454,1.306059427504667
E2455,0.42705662725575605
E2456,0.435196017423771
E2457,0.06664592408214064
E2458,0.13641723708774114
E2459,5.389993777224642
E246,6.120317361543249
E2460,35.18925326695707
E2461,0.29716241443683883
E2462,0.32382078406969506
E2463,0.8914499066583697
E2464,0.9257622899813317
E2465,0.16073428749222154
E2466,0.7817548226509022
E2467,2.808145612943373
E2468,0.21561916614810206
E2469,1.0392991599253267
E247,4.083640323584318
E2470,0.9669072806471686
E2471,11.687604231487244
E2472,10.075743621655258
E2473,2.611176104542626
E2474,0.7817174859987555
E2475,0.6480336029869322
E2476,1.3288861232109521
E2477,0.05096453018046049
E2478,0.5334660858742999
E2479,0.5254449284380833
E248,2.121767268201618
E2480,2.867976820161792
E2481,1.67286869943995
E2482,1.0491972619788426
E2483,1.038855009334163
E2484,0.25168637212196643
E2485,0.23600497822028627
E2486,0.527417548226509
E2487,2.316365899191039
E2488,0.1474051026757934
E2489,0.19758556316116987
E249,0.1583820784069695
E2490,1.3147456440572494
E2491,0.319116365899191
E2492,3.04201773490977
E2493,0.35492221530802737
E2494,1.0080522713130056
E2495,0.19601742377100187
E2496,1.1088433416303671
E2497,0.3512632233976354
E2498,0.34185438705662724
E2499,0.10219041692594898
E25,0.2854013690105787
E250,0.24619788425637834
E2500,1.2571056316116989
E2501,3.09085252022402
E2502,0.3442999377722464
E2503,0.0948724331051649
E2504,0.3685127566894835
E2505,0.9967392657125079
E2506,0.39794726197884256
E2507,2.345670504044804
E2509,0.4134015245799627
E251,1.0158929682638456
E2510,0.46327317983820787
E2511,3.492923926571251
E2512,0.32288736776602367
E2513,0.28853764779091473
E2514,0.9971577473553206
E2515,0.36851275668948347
E2516,1.1629332607342875
E2517,0.8563534536403237
E2518,3.179738643434972
E2519,0.42115743621655255
E252,0.26941428126944617
E2520,3.6516179215930302
E2521,3.5713386745488487
E2522,0.19366521468574982
E2523,0.80019912881145
E2524,3.6549331051649037
E2525,3.382906036092097
E2526,0.15289359054138144
E2527,1.2137772246421903
E2528,0.30029869321717484
E2529,0.7300062227753578
E253,0.2383571873055383
E2530,3.692762912258867
E2531,0.20621032980709397
E2532,0.5245986309894213
E2533,0.35798382078406965
E2534,0.8331860609831986
E2535,0.7580833851897947
E2536,0.25971375233354077
E2537,0.5475046670815183
E2538,0.3650031113876789
E2539,0.31586807716241444
E254,0.23286869943995023
E2540,5.575146235220909
E2541,2.944037025513379
E2542,0.1670068450528936
E2543,1.4195021779713752
E2544,0.06037336652146858
E2545,3.0138705662725576
E2546,0.19366521468574985
E2547,2.9624393279402614
E2548,0.7861605476042316
E2549,0.11290603609209707
E255,13.231456129433727
E2550,2.03667703795893
E2551,2.115942750466708
E2552,0.8423148724331051
E2553,2.2835469819539513
E2554,2.0675357809583073
E2555,5.346291225886746
E2556,0.3088487865588052
E2557,0.11734909769757311
E2558,0.30108276291225883
E2559,0.08781580584940885
E256,3.5442563783447416
E2560,1.0119877322428659
E2561,0.24929060360920974
E2562,0.1144741754822651
E2563,0.0642937149968886
E2564,0.6907654013690107
E2565,0.7791412570006222
E2566,1.137125077784692
E2567,0.11917859365276914
E2568,0.6190759178593653
E2569,1.0599128811449907
E257,4.227230864965775
E2570,0.6738518979464841
E2571,0.8237958929682639
E2572,0.6941630367143746
E2573,0.1527232420659614
E2574,0.22659614187927815
E2575,0.23995910747622012
E2576,0.7260485376477909
E2577,1.1932794026135658
E2578,3.764766645924082
E2579,1.3697884256378345
E258,0.9056004978220286
E2580,0.2728562538892346
E2581,2.104611076540137
E2582,1.2424144368388301
E2583,0.1795519601742377
E2584,0.14191661481020534
E2585,1.6915502489110144
E2586,1.4812196639701305
E2587,2.057249533291848
E2588,0.9570877411325451
E2589,0.6668326073428749
E259,3.390463596764157
E2590,0.9335656502800249
E2591,20.679688861232112
E2592,105.16394523957685
E2593,3.106446795270691
E2594,0.6019041692594898
E2595,0.08703173615432484
E2596,1.2857809583074051
E2597,0.25168637212196643
E2598,0.30182949595519604
E2599,0.8423148724331051
E26,0.07056627255756068
E260,7.479558182949595
E2600,0.5760298693217175
E2601,1.9162663347853144
E2602,0.7097510889856876
E2603,0.47514623522090854
E2604,3.5236838830118233
E2605,3.6219539514623524
E2607,0.24070939639079034
E2608,6.6009699751088995
E2609,1.9029558182949593
E261,6.669632856253889
E2610,2.0881082762912255
E2611,2.5407031736154324
E2612,1.9753640323584318
E2613,0.6683820784069695
E2614,0.701929060360921
E2615,2.653851897946484
E2616,0.6303920348475419
E2617,5.336002644679526
E2618,0.048612321095208466
E2619,1.1977053515868077
E262,0.08311138767890479
E2620,3.2298817672682016
E2621,0.8640448039825762
E2622,6.788923459863098
E2623,0.16387056627255756
E2624,0.12074673304293712
E2625,0.03841941505911636
E2626,0.6711636589919103
E2627,3.46051026757934
E2628,7.44724331051649
E2629,3.8508655213796787
E263,0.7064467952706908
E2630,2.2115432482887365
E2631,1.8334296381900612
E2632,0.9879278158058493
E2633,0.23600497822028627
E2634,0.5760298693217175
E2635,1.8760438705662728
E2636,1.0219298382078408
E2637,0.1654387056627256
E2638,0.47029247044181705
E2639,4.1710353142501555
E264,2.4263192283758555
E2640,0.8023273179838208
E2641,2.047993154947106
E2642,1.380732509556405
E2643,0.07779891545915193
E2644,1.073951462352209
E2645,0.11290603609209707
E2646,0.7861605476042316
E2647,0.7350451151213441
E2648,2.046963285625389
E2649,0.5491288114499067
E265,2.934746421904169
E2650,1.6214561294337275
E2651,1.137125077784692
E2652,0.48298693217174865
E2653,0.7510640945861855
E2654,2.0215556938394523
E2655,0.5826011200995644
E2656,0.5966397013067828
E2657,1.5120784069695083
E2658,1.3715199128811448
E2659,0.5151337896701929
E266,0.9069313939016802
E2660,0.13485998755444928
E2661,0.3924105476042314
E2662,0.596894835096453
E2663,3.4810726509023024
E2664,0.7495317361543248
E2665,7.2209458618543865
E2666,1.1511636589919105
E2667,1.2549222153080273
E2668,3.713204729309272
E2669,1.9740083562983375
E267,3.7484264156813936
E2670,0.0940883634100809
E2671,2.8609318606098317
E2672,0.0627255756067206
E2673,1.018338518979465
E2674,2.8779091474797753
E2675,0.3669446172993155
E2676,0.5451711263223398
E2677,0.1285874299937772
E2678,1.3063534536403236
E2679,0.40457996266334784
E268,0.39673926571250784
E2680,0.1340759178593653
E2681,0.08232731798382079
E2682,0.6457747355320473
E2683,0.2737523335407592
E2684,0.5615432482887368
E2685,0.4492345986309894
E2686,0.20950606720597384
E2687,0.11604231487243312
E2688,0.4061154324828874
E2689,0.8859987554449285
E269,6.531823273179838
E2690,0.07997510889856875
E2691,1.056403235843186
E2692,3.3960298693217177
E2693,0.4845550715619166
E2694,0.2015059116365899
E2695,0.10898568761667703
E2696,2.9556277224642193
E2697,0.19601742377100187
E2698,0.35283136278780336
E2699,0.4829869321717486
E27,0.33166148102053516
E270,0.8774113254511512
E2700,0.13329184816428127
E2701,0.040771624144368385
E2702,0.02509023024268824
E2703,0.07997510889856875
E2704,0.9771935283136278
E2705,1.7178033602986933
E2706,0.6523459863098942
E2707,1.564741754822651
E2708,0.21405102675793405
E2709,0.12153080273802117
E271,0.9050777846919726
E2710,0.18896079651524578
E2711,0.08311138767890479
E2712,8.487797137523335
E2713,0.3308774113254512
E2714,0.2532545115121344
E2715,0.9745986309894213
E2716,0.22659614187927815
E2717,0.02195395146235221
E2718,0.12701929060360923
E2719,0.9299066583696328
E272,5.98954573739888
E2720,0.05096453018046049
E2721,0.1340759178593653
E2722,6.185237437772247
E2723,0.14308727442439328
E2724,0.3340136901057872
E2725,2.5590454262601123
E2726,0.13172370877411327
E2727,0.18347230864965777
E2728,3.7236216552582455
E2729,0.04782825140012446
E2730,0.7300062227753578
E2731,0.1699968886123211
E2732,0.7200373366521468
E2733,7.930696950840074
E2734,4.711101431238332
E2735,0.2456751711263223
E2736,1.1314872433105165
E2737,0.17092719352831362
E2738,6.580795737398879
E2739,1.1314872433105165
E274,8.835886745488487
E2740,0.8640448039825762
E2741,0.6598133167392657
E2742,3.0947892034847544
E2743,21.961138767890482
E2744,2.0075171126322338
E2745,1.4140650280024891
E2746,0.2877909147479776
E2747,1.0879900435594276
E2748,1.368761667703796
E2749,0.2728562538892346
E275,6.706633478531424
E2750,0.39595519601742374
E2751,7.519247044181705
E2752,0.11932794026135658
E2753,2.5269446172993155
E2754,0.8226757934038582
E2755,0.5264467952706907
E2756,0.08781580584940885
E2757,0.16151835718730553
E2758,1.4812196639701307
E2759,0.31754822650902303
E276,0.37008089607965156
E2760,0.9265463596764157
E2761,2.4995395146235224
E2762,5.053889234598631
E2763,1.0389110143123832
E2764,0.9870200684505289
E2765,0.40703562538892346
E2766,24.872146857498446
E2767,0.09016801493466087
E2768,0.33166148102053516
E2769,0.25926571250777847
E277,4.077946484131923
E2770,0.6808711885500934
E2771,4.947685127566895
E2772,1.2213565650280023
E2773,3.25045426260112
E2774,0.1254511512134412
E2775,1.0134046359676416
E2776,1.3989296826384567
E2777,0.26031113876789047
E2778,0.3720224019912881
E2779,3.0533914125700057
E278,6.919004355942751
E2780,1.1792408214063472
E2781,0.3206845052893591
E2782,0.7229869321717487
E2783,1.3026011200995646
E2784,0.7511387678904791
E2785,1.0248164281269447
E2786,2.7288884567517115
E2787,3.422221530802738
E2788,0.8423148724331051
E2789,3.0970721841941504
E279,0.17406347230864963
E2790,0.7414685749844431
E2791,4.227647790914748
E2792,1.872097075295582
E2793,1.0809707529558183
E2794,0.6628002489110142
E2795,1.1006285003111387
E2796,0.4249922215308028
E2797,0.2218917237087741
E2798,2.09758556316117
E2799,0.4746235220908525
E28,0.5988526757934038
E280,0.4423086496577474
E2800,3.3458478531425015
E2801,0.8142377100186683
E2802,0.6527940261356565
E2803,0.9874797759800871
E2804,2.035594275046671
E2805,2.905986309894213
E2806,0.23754044803982574
E2807,0.05174859987554449
E2808,2.442713130056005
E2809,0.24593652769135035
E281,0.41712507778469193
E2810,0.2807716241443684
E2811,0.4811574362165526
E2812,1.8823833229620412
E2815,0.5347355320472931
E2816,0.12466708151835719
E2817,0.6209831985065339
E2818,0.2262974486621033
E2819,4.019340385812072
E282,23.94924082140635
E2820,0.43357965152458
E2821,10.414940883634102
E2822,0.2603111387678905
E2823,0.25403858120721845
E2824,0.9408408525202241
E2825,0.08729309271935283
E2826,1.1397759800871188
E2827,0.5441443683883012
E2828,0.19131300560049785
E2829,0.31310516490354695
E283,0.1670068450528936
E2830,0.19209707529558182
E2831,2.232115743621655
E2832,0.46288114499066585
E2833,0.3088487865588052
E2834,7.356770379589297
E2835,2.9727255756067206
E2836,6.727205973864343
E2837,0.17092719352831362
E2838,1.964673304293715
E2839,16.752793442750466
E284,1.9551065650280024
E2840,0.6660858742999378
E2841,1.223743777224642
E2842,2.9315805849408836
E2843,3.33960096453018
E2844,1.3234225264467951
E2845,0.8212570006222774
E2846,0.03998755444928438
E2847,0.18931471686372123
E2848,2.273260734287492
E2849,1.2845301804604856
E285,0.7440821406347231
E2850,0.25795892968263845
E2851,0.8743310516490355
E2852,1.4874727753578096
E2853,2.627224642190417
E2854,0.3938643434971998
E2855,1.1094733976353455
E2856,0.8423148724331051
E2857,0.1971880833851898
E2858,1.1652022401991289
E2859,0.19836963285625386
E286,1.03497199751089
E2860,0.8984691972619788
E2861,2.2321344119477287
E2862,1.607417548226509
E2863,0.23835718730553826
E2864,0.8313752333540759
E2865,0.3439452395768513
E2866,0.32990665836963284
E2867,1.4759196373010934
E2868,1.438954573739888
E2869,0.25874299937772244
E287,6.0324447728687
E2870,1.3781331673926571
E2871,0.04939639079029247
E2872,0.14650746733042935
E2873,0.9291225886745489
E2874,0.3836714374611077
E2875,0.5051812383322962
E2876,0.5124082140634724
E2877,0.07135034225264468
E2878,4.540080896079651
E2879,0.32288736776602367
E288,8.216670779826893
E2880,0.5826011200995644
E2881,0.211698817672682
E2882,0.18425637834474173
E2883,1.940423148724331
E2884,0.30182949595519604
E2885,0.09173615432482889
E2886,1.2424144368388301
E2887,0.63980087118855
E2888,0.6176975731176104
E2889,0.32990665836963284
E289,7.426214219041693
E2890,0.3902053515868077
E2891,4.353485532047293
E2892,0.09827006845052895
E2893,0.9874797759800872
E2894,0.39626477909147473
E2895,0.1654387056627256
E2896,1.1393388301182328
E2897,3.6084139701306785
E2898,0.11839452395768513
E2899,0.7611823273179839
E29,0.1756316116988177
E290,0.23130056004978222
E2900,0.054884878655880515
E2901,0.42749144368388303
E2902,0.09879278158058494
E2903,2.912293092719353
E2904,0.8846172993154947
E2905,1.2827037958929681
E2906,0.061157436216552584
E2907,0.22502800248911015
E2908,0.8924836652146858
E2909,1.460647168637212
E291,2.0719049471064093
E2910,0.4731673926571251
E2911,0.6225513378967019
E2912,0.1144741754822651
E2913,0.8423148724331052
E2914,0.8563534536403234
E2915,1.6354947106409456
E2916,0.7229869321717486
E2917,1.7267454884878657
E2918,0.44741843719441726
E2919,0.4555444928438083
E292,0.22345986309894214
E2920,5.348985687616677
E2921,0.45625388923459864
E2922,1.3547230864965774
E2923,0.5053889234598631
E2924,0.14113254511512136
E2925,0.19758556316116987
E2926,0.26673304293714994
E2927,0.2948102053515868
E2928,0.5264467952706907
E2929,0.028226509023024267
E293,0.4085003111387679
E2930,2.3054441505911636
E2931,0.6068886123210951
E2932,2.8290168014934665
E2933,0.41340152457996265
E2934,0.3026509023024269
E2935,0.2509023024268824
E2936,0.706508245177349
E2937,0.5264467952706907
E2938,0.46327317983820787
E2939,0.7834225264467953
E294,0.2830491599253267
E2940,2.890435594275047
E2941,1.0088363410080896
E2942,1.0916863721219663
E2943,1.1170379589296826
E2944,0.32251400124455504
E2945,0.9476042314872434
E2946,1.5532233976353456
E2947,0.7147596453018047
E2948,0.2838332296204107
E2949,0.08467952706907281
E295,0.2822650902302427
E2950,0.3598879900435594
E2951,0.07135034225264468
E2952,0.8126135656502801
E2953,7.8998382078406975
E2954,2.4254410392034846
E2955,1.1173304293714996
E2956,0.3426384567517113
E2957,3.182482887367766
E2958,0.19444928438083386
E2959,1.0470262912258868
E296,9.031325451151213
E2960,0.7956673926571249
E2961,1.4178967019290603
E2962,0.7861605476042316
E2963,4.653789670192905
E2964,0.3509645301804605
E2965,0.7895581829495955
E2966,0.15446172993154947
E2967,0.2657996266334785
E2968,4.132071052780449
E2969,0.5127815805849408
E297,0.5505320472930927
E2970,1.3295208462974486
E2971,0.44770379589296827
E2972,1.0195519601742378
E2973,1.0389110143123832
E2974,4.721387678904792
E2975,0.16457996266334787
E2976,2.005818294959552
E2977,1.0203391412570006
E2978,10.841705040448039
E2979,2.0806782825140013
E298,0.46652146857498444
E2980,4.41525668948351
E2981,3.8779153702551334
E2982,1.028624766645924
E2983,2.993298070939639
E2984,1.7692345986309894
E2985,1.5120784069695083
E2986,3.4708151835718732
E2987,0.8984691972619788
E2988,1.152059738643435
E2989,2.0892221530802737
E299,0.14348475420037335
E2990,7.995838395231091
E2991,0.4960547604231487
E2992,0.3860609831985065
E2993,0.9930678282514002
E2994,2.30411947728687
E2995,1.305588052271313
E2996,1.3196266334785314
E2997,0.31586807716241444
E2998,0.8914499066583697
E2999,14.445700062227752
E3,0.24070939639079028
E30,0.8828624766645924
E300,0.4673055382700685
E3000,3.2499688861232108
E3001,1.130105787181083
E3002,0.9546235220908524
E3003,0.09487243310516491
E3004,0.11369010578718107
E3005,0.060373366521468574
E3006,0.36742299315494714
E3007,3.2710267579340386
E3008,1.2561916614810205
E3009,1.1239273490976975
E301,1.972801026757934
E3010,0.6053018046048538
E3011,0.5293084940883634
E3012,0.39408369632856255
E3013,0.03449906658369633
E3014,7.845128132601687
E3015,32.22033369632856
E3016,0.7508960796515246
E3017,1.4503609209707529
E3018,0.936048537647791
E3019,0.6877146857498444
E302,2.3761232109520845
E3020,0.3638083385189795
E3021,0.8844306160547604
E3022,2.4481269446172997
E3023,2.0675357809583073
E3024,0.17548226509023024
E3025,0.11133789670192905
E3026,1.2697884256378347
E3027,0.4913503422526447
E3028,0.3923148724331052
E3029,0.7338892345986311
E303,0.6911652146857499
E3030,0.6648377633567427
E3031,0.13693928349186593
E3032,9.771935283136278
E3033,0.7229869321717487
E3034,0.30182949595519604
E3035,3.12701929060361
E3036,0.701929060360921
E3037,14.521230942750467
E3038,0.3026509023024269
E3039,0.2015059116365899
E304,0.30578718108276287
E3040,0.416341008089608
E3041,2.077710018668326
E3042,0.01646546359676416
E3043,0.14818917237087742
E3044,0.2618792781580585
E3045,0.8984691972619789
E3046,0.1544617299315495
E3047,0.15132545115121346
E3048,0.15446172993154947
E3049,1.7288674548848786
E305,8.584196484131922
E3050,0.5640805849408836
E3051,1.57247121966397
E3052,0.1474051026757934
E3053,0.9251835718730553
E3054,3.939632856253889
E3055,1.0045270690728063
E3056,0.9874797759800871
E3057,0.4837710018668326
E3058,0.3805911636589919
E3059,0.581758711885501
E306,0.6053018046048538
E3060,0.37904169259489734
E3061,0.045476042314872435
E3062,0.25639079029247047
E3063,0.2175980087118855
E3064,0.945065339141257
E3065,0.2938480087118855
E3066,0.2563907902924704
E3067,3.0849222153080276
E3068,3.360583385189795
E3069,0.3497324206596142
E307,3.2956214996888615
E3070,2.221550248911014
E3071,0.105849408836341
E3072,1.3577846919726198
E3073,0.16622277535780958
E3074,8.074704418170503
E3075,6.09974486621033
E3076,0.3010827629122589
E3077,7.463372744243934
E3078,0.1881767268201618
E3079,0.37164903546981953
E308,1.0045270690728065
E3080,10.749128811449905
E3081,0.8844306160547606
E3082,0.31911636589919107
E3083,0.5264467952706907
E3084,8.578730553827006
E3085,2.882219975108898
E3086,0.1685749844430616
E3087,0.48847542003733657
E3088,0.31586807716241444
E3089,0.80019912881145
E309,0.10271313005600498
E3090,0.09173615432482889
E3091,0.5615432482887368
E3092,0.2336527691350342
E3093,0.5615432482887368
E3094,0.5545239576851275
E3095,2.1549222153080274
E3096,20.23304915992533
E3097,0.25113176726820163
E3098,0.1466210329807094
E3099,0.638755444928438
E31,0.3299066583696329
E310,0.945326695706285
E3100,0.16230242688238955
E3101,0.9462437772246424
E3102,1.979439950217797
E3103,3.425320472930927
E3104,0.11212196639701308
E3105,0.5404853764779092
E3106,0.34812694461729937
E3107,0.08520224019912882
E3108,2.3233851897946485
E3109,2.8951773490976977
E311,3.872907814027913
E3110,0.0729184816428127
E3111,0.5428375855631613
E3112,1.5231860609831986
E3114,0.6036589919103921
E3115,0.08938394523957684
E3116,0.6106782825140012
E3117,0.312059738643435
E3118,0.9827006845052894
E3119,1.2754947106409458
E312,1.2652084629744866
E3120,3.9369733976353456
E3121,1.5676959063027824
E3122,22.02770768512757
E3123,22.547454884878658
E3124,3.0390720533744418
E3125,2.4167684526503366
E3126,0.32303671437461107
E3127,0.5896204107031736
E3128,11.419721530802738
E3129,0.30578718108276287
E313,0.4492719352831363
E3130,0.8422573117610456
E3131,0.1560298693217175
E3132,0.09722464219041693
E3133,0.12701929060360923
E3134,0.014897324206596143
E3135,0.16144368388301183
E3136,0.17406347230864969
E3137,0.3214685749844431
E3138,0.5615432482887368
E3139,1.7197261978842564
E314,3.105379589296826
E3140,0.41869321717486
E3141,0.08154324828873677
E3142,2.5035905413814556
E3143,0.2908898568761668
E3144,0.2007218419415059
E3145,0.11055382700684505
E3146,0.10349719975108898
E3147,0.2830491599253267
E3148,2.592164747977598
E3149,0.7487865588052272
E315,2.3414646857498447
E3150,0.18739265712507777
E3151,0.014897324206596143
E3152,5.101978842563783
E3153,0.08624766645924084
E3154,0.2963783447417548
E3155,0.1489732420659614
E3156,0.011761045426260112
E3157,0.9476042314872434
E3158,1.8320348475420036
E3159,0.5777605787181083
E316,1.1073677660236465
E3160,0.28304915992532664
E3161,0.30892345986309894
E3162,0.23163658991910394
E3163,0.31586807716241444
E3164,1.4797456440572496
E3165,1.1680172682016179
E3166,0.12153080273802117
E3167,0.18974486621032982
E3168,6.185525824517734
E3169,0.5606098319850653
E317,4.112491443683883
E3170,0.17641568139390168
E3171,0.11290603609209707
E3172,3.1166770379589295
E3173,1.2137772246421903
E3174,0.8954472619788425
E3175,0.9125077784691973
E3176,0.21483509645301804
E3177,0.2799128811449907
E3178,0.6527940261356565
E3179,0.673851897946484
E318,1.0098817672682014
E3180,0.09827006845052895
E3181,0.07997510889856875
E3182,0.3930802738021158
E3183,0.3088487865588052
E3184,0.5545239576851275
E3185,0.13799626633478532
E3186,0.8588176726820161
E3187,5.081966397013067
E3188,0.20542626011200996
E3189,0.26736776602364654
E319,0.6317361543248289
E3190,0.05331673926571251
E3191,0.7524455507156192
E3192,0.1965401369010579
E3193,2.1065339141257002
E3194,0.1144741754822651
E3195,7.9821281891723705
E3197,4.822928593652769
E3198,7.076938394523958
E3199,1.6425140012445552
E32,0.5022635345364033
E320,0.312059738643435
E3200,1.102028624766646
E3201,44.83144660080896
E3202,0.33793403858120724
E3203,0.168462974486621
E3204,0.7149631078318072
E3205,5.6277030180460486
E3206,3.7090016964470913
E3207,0.07056627255756068
E3208,18.31342195602572
E3209,2.9932980709396393
E321,0.621767268201618
E3210,11.204673304293715
E3211,2.7343886123210956
E3212,3.186123210952085
E3213,8.115849408836342
E3214,1.7280896079651524
E3215,5.626577473553205
E3216,0.09016801493466087
E3217,0.2485500933416304
E3218,0.3253889234598631
E3219,0.08546359676415681
E322,0.5629620410703172
E3220,0.80019912881145
E3221,1.54542626011201
E3222,4.57832529558183
E3223,0.7714685749844431
E3224,0.3930802738021158
E3225,1.3252030180460486
E3226,0.4095379589296827
E3227,0.1458369632856254
E3228,0.6712570006222776
E3229,0.473167392657125
E323,0.8005351586807716
E3230,0.14113254511512136
E3231,0.04048771001866833
E3232,0.05018046048537648
E3233,1.2564530180460485
E3234,0.6154947106409459
E3235,0.37117454884878653
E3236,1.7644172815361365
E3237,8.812439327940261
E3238,0.10114499066583696
E3239,0.30182949595519604
E324,1.277510889856876
E3240,0.47029247044181705
E3241,3.621953951462352
E3242,2.6356129433727444
E3243,2.618195395146235
E3244,4.237934038581208
E3245,0.21640323584318605
E3246,0.18112009956440572
E3247,0.8970496266334784
E3248,5.153410080896079
E3249,0.04469197261978843
E325,0.44186372121966394
E3250,3.109063916792604
E3251,0.5404853764779091
E3252,0.5624393279402614
E3253,0.09800871188550093
E3254,13.306764610557975
E3255,6.755135928749222
E3256,0.31174059916437014
E3257,0.9476042314872433
E3258,0.2302551337896702
E3259,2.1198257622899814
E326,0.7017423771001867
E3260,0.23163658991910394
E3261,0.6100062227753578
E3262,0.0423397635345364
E3263,0.47029247044181705
E3264,0.8269321717485999
E3265,0.7087990043559427
E3266,0.31441194772868697
E3267,0.32852520224019915
E3268,2.7478719145405517
E3269,3.073553204729309
E327,0.4524082140634723
E3270,1.2857809583074051
E3271,0.36500311138767894
E3272,0.8228998133167393
E3273,0.09173615432482887
E3274,0.08833851897946483
E3275,0.11369010578718107
E3276,4.927112632233976
E3277,0.3426384567517113
E3278,0.4116365899191039
E3279,0.41555693839452396
E328,3.2824517734909766
E3280,0.09330429371499689
E3281,0.1685749844430616
E3282,0.5559054138145613
E3283,0.30421904169259495
E3284,0.4823619877322429
E3285,2.005818294959552
E3286,1.748170504044804
E3287,3.713335407591786
E3288,1.1006285003111387
E3289,0.042339763534536404
E329,12.86809583074051
E3290,0.33950217797137516
E3291,0.42115743621655255
E3292,1.2353951462352208
E3293,11.852385656502799
E3294,0.08075917859365277
E3295,0.24933416303671435
E3296,0.25971375233354077
E3297,0.42199128811449915
E3298,1.6046546359676415
E3299,25.655202576087575
E33,2.457838363410081
E330,0.29637834474175484
E3300,41.673024640069016
E3301,0.30029869321717484
E3302,0.14348475420037338
E3303,4.495090230242688
E3304,0.24384567517112632
E3305,0.8434723086496576
E3306,1.2343497199751088
E3308,1.4904387056627257
E3309,0.2587429993777225
E331,0.32852520224019915
E3310,0.12634723086496577
E3311,0.9546235220908527
E3312,1.1081518357187305
E3313,1.5161667703795894
E3314,0.12701929060360923
E3315,0.09957685127566895
E3316,0.06978220286247666
E3317,4.8011947728686994
E3318,3.1654810983198507
E3319,0.4586807716241444
E332,0.5065090230242688
E3320,1.141773490976976
E3321,1.6149704418170505
E3322,0.6586185438705662
E3323,2.7873802115743618
E3324,0.3648537647790914
E3325,0.14113254511512133
E3326,2.7431316116988174
E3327,1.612457996266335
E3328,5.490126789047916
E3329,8.023273179838208
E333,7.0872246421904155
E3330,1.1445177349097697
E3331,1.0318357187305538
E3332,0.8658883011823274
E3333,1.8618108276291228
E3334,7.091821717485999
E3335,0.33634189705751627
E3336,0.3077668014934661
E3338,2.0618419415059117
E3339,0.32382078406969517
E334,5.328276291225886
E3340,0.315980087118855
E3341,0.21248288736776605
E3342,0.16144368388301183
E3343,1.8274665525824518
E3344,5.264449284380834
E3345,1.1511636589919105
E3346,0.07527069072806471
E3347,0.1356440572495333
E3348,0.5540759178593653
E3349,0.7934785314250155
E335,2.1815836963285626
E3350,0.19680149346608586
E3351,3.4460983198506536
E3352,1.2034909769757312
E3353,0.47029247044181705
E3354,0.3805351586807716
E3355,0.7089483509645301
E3356,5.114194928438083
E3357,0.8072184194150591
E3358,3.3712632233976354
E3359,0.11761045426260112
E336,0.24933416303671438
E3360,6.109624299937773
E3361,1.0490206907280648
E3362,0.1786034314161259
E3363,0.31127566894835096
E3364,0.8436589919103921
E3365,0.023522090852520224
E3366,3.199023024268824
E3367,4.16795504044804
E3368,1.9654013690105787
E3369,0.3720224019912881
E337,3.6917299315494714
E3370,1.3540883634100809
E3371,0.5545239576851276
E3372,0.30108276291225883
E3373,1.544243932794026
E3374,0.6891785936527691
E3375,0.15210952084629742
E3376,3.6710889856876165
E3377,4.917559894212819
E3378,0.09252022401991289
E3379,4.871928282514001
E338,0.631176104542626
E3380,7.688904791537025
E3381,4.587434660858743
E3382,3.4454589296826383
E3383,0.47199751088985686
E3384,0.0517485998755445
E3385,1.1127069072806473
E3386,0.07605476042314872
E3387,0.10898568761667704
E3388,0.29716241443683883
E339,0.36067205973864336
E3390,0.2352209085252022
E3391,2.558273624322162
E3392,0.210130678282514
E3393,0.24227753578095831
E3394,2.6230273802115742
E3395,1.6149408836341008
E3396,5.2254138145612945
E3397,0.05802115743621655
E3398,0.3269570628500312
E3399,19.778695232505516
E34,0.1560298693217175
E340,8.447616677037958
E3400,3.3180561605476044
E3401,0.5057249533291848
E3402,0.03920348475420037
E3403,2.098394523957685
E3404,0.22424393279402616
E3405,1.760412258867455
E3406,0.25168637212196643
E3407,0.15132545115121343
E3408,1.5793403858120723
E3409,0.7580833851897947
E341,0.5206222775357809
E3410,0.6317361543248289
E3411,4.460983198506534
E3413,0.12231487243310517
E3414,0.1913130056004978
E3415,1.018965241354787
E3416,3.6828033602986934
E3417,0.2030740510267579
E3418,1.7795208462974488
E342,0.17484754200373367
E3420,9.648500311138768
E3421,6.603771001866833
E3422,17.62796616483755
E3423,1.3256495021779713
E3424,3.967086185438706
E3425,3.5076104542626014
E3426,1.95789670192906
E3427,0.35439950217797134
E3428,0.807218419415059
E3429,0.4806347230864966
E343,0.8844306160547604
E3430,1.5274937772246422
E3431,0.18582451773490977
E3432,0.4257498444306161
E3433,0.315196017423771
E3434,0.104281269446173
E3435,0.2485500933416304
E3436,0.23914125700062228
E3437,0.13015556938394524
E3438,1.6214561294337273
E3439,4.0954542626011206
E344,4.338755444928438
E3440,0.03606720597386434
E3441,0.18190416925948974
E3442,0.7770130678282513
E3443,0.1701431238332296
E3444,0.13641723708774112
E3445,1.8044990665836962
E3446,0.5033727442439329
E3447,0.5143497199751088
E3448,0.905488487865588
E3449,0.4639079029247044
E345,0.22738021157436214
E3450,0.7072308649657747
E3451,0.6477901369010578
E3452,1.1410827629122589
E3453,0.6695955196017424
E3454,0.8818170504044803
E3455,0.2366645924082141
E3456,0.4056253889234599
E3457,1.172221530802738
E3458,0.43777224642190415
E3459,0.20150591163658996
E346,0.1144741754822651
E3460,0.12205351586807717
E3461,0.9144866210329808
E3462,2.682009067472664
E3463,0.22581207218419413
E3464,0.13799626633478532
E3465,0.10976975731176104
E3466,2.4294850653391413
E3467,1.053005600497822
E3468,0.18190416925948974
E3469,0.2811294337274425
E347,0.317548226509023
E3470,7.091780491599253
E3471,0.7514001244555072
E3472,0.15524579962663348
E3473,0.11839452395768513
E3474,0.5744617299315495
E3475,0.17719975108898567
E3476,2.112806471686372
E3477,1.5933789670192906
E3478,2.293833229620411
E3479,0.2195395146235221
E348,1.3886434349719976
E3480,0.8974984443061607
E3481,3.0731619477286864
E3482,0.8886200995644058
E3483,3.041017423771002
E3484,4.399153702551338
E3485,13.202856253889236
E3486,0.10036092097075296
E3487,0.42148879900435593
E3488,0.5394399502177971
E3489,1.207317983820784
E349,1.0937772246421904
E3490,0.16360920970752954
E3491,0.3509645301804605
E3492,0.45031736154324825
E3493,1.0107778469197262
E3494,3.553892790470264
E3495,1.1511636589919105
E3496,0.7045535158680771
E3497,0.31441194772868697
E3498,0.36067205973864336
E3499,2.334440728064717
E35,0.03920348475420037
E350,0.7025264467952708
E3500,2.633279402613566
E3501,40.476384567517115
E3502,10.608697106409458
E3503,256.3201866832607
E3504,0.8423148724331051
E3505,3.793729775980087
E3507,4.334262601120099
E3508,0.3904667081518357
E3509,0.0007840696950840075
E351,0.1897448662103298
E3510,0.09125077784691972
E3511,0.4000995644057249
E3512,1.305588052271313
E3513,0.11996266334785316
E3515,34.6538890401369
E3516,72.32470772401992
E3517,2.0675357809583073
E3518,0.3600186683260734
E3519,23.69359163743848
E352,1.0067454884878655
E3520,37.82491015868077
E3521,0.4518178282514001
E3522,1.1242976042314872
E3523,1.3056316116988178
E3524,2.21809583074051
E3525,1.584082140634723
E3526,0.4563285625388923
E3527,3.3241995955196013
E3528,3.1716505911636594
E3529,0.18250155569383947
E353,0.28461729931549473
E3530,1.4915059116365899
E3531,1.676658369632856
E3532,7.478102053515868
E3533,2.7875731176104543
E3534,1.0199813316739266
E3535,4.597635345364032
E3536,2.530485376477909
E3537,0.772713130056005
E3538,4.285761512134412
E3539,0.5755818294959552
E354,0.17641568139390168
E3540,5.832302426882389
E3541,4.949199595519602
E3542,68.03324206596142
E3543,98.38762289981332
E3544,51.37418792781581
E3545,2.4998032047293095
E3546,0.03371499688861232
E3547,0.19209707529558182
E3548,0.12388301182327317
E3549,0.5864841319228375
E355,3.291329340385812
E3550,10.666838830118234
E3551,0.8800700062227754
E3552,3.262286869943995
E3553,4.856965813627879
E3554,0.11839452395768513
E3555,0.17798382078406969
E3556,0.16151835718730553
E3557,0.5221904169259489
E3558,0.7911263223397634
E3559,0.2955942750466708
E356,2.7391607031736154
E3560,0.315980087118855
E3561,0.34891101431238336
E3562,0.7244803982576229
E3563,0.9272557560672059
E3564,3.0944243932794024
E3565,0.18425637834474176
E3566,0.20355942750466707
E3567,1.9852457996266335
E3568,1.7688612321095207
E3569,0.35361543248288735
E357,0.35361543248288735
E3570,7.673540759178593
E3571,0.7920410703173615
E3572,0.1356440572495333
E3573,0.09016801493466084
E3574,0.061157436216552584
E3575,0.11917859365276914
E3576,1.0389110143123832
E3577,0.936048537647791
E3578,1.7216739265712508
E3579,0.2262974486621033
E358,6.14306938394524
E3580,0.9025718447700403
E3581,5.424323273179837
E3582,2.0122974486621032
E3583,0.1364281269446173
E3584,0.08781580584940885
E3585,0.23208462974486624
E3586,6.578706953244329
E3587,1.3474984443061608
E3588,2.550989421281892
E3589,1.2446359676415681
E359,4.484803982576229
E3590,2.5608953018046043
E3591,2.1086807716241447
E3592,0.3399937772246422
E3593,0.4056253889234599
E3594,2.229047915370255
E3595,0.8400731176104542
E3596,4.151445239576851
E3597,0.4547604231487243
E3598,0.21057871810827627
E3599,1.5737958929682638
E36,5.842588674548849
E360,4.374754200373366
E3600,0.2979464841319228
E3601,0.9332817361543249
E3602,5.678008711885501
E3603,1.1932047293092718
E3604,0.24541381456129432
E3605,3.8084077473553206
E3606,1.2416972619788427
E3607,2.6127069072806473
E3608,0.9566210329807096
E3609,1.3886434349719976
E361,7.694113254511511
E3610,4.968257622899813
E3611,0.05018046048537648
E3612,1.0869741754822653
E3613,3.2405530491599257
E3614,2.6949968886123217
E3615,1.747803360298693
E3616,1.0599128811449907
E3617,1.9424984443061608
E3618,0.35753578095830735
E3619,0.27599253266957063
E362,0.9863588278554052
E3620,1.5532233976353456
E3621,8.753596764156814
E3622,0.004704418170504044
E3623,1.656085874299938
E3624,12.878382078406968
E3625,5.101978842563783
E3626,0.08624766645924081
E3627,0.6147106409458618
E3628,1.4812196639701305
E3629,0.8108898568761667
E363,3.8002885104938624
E3630,0.6878904791537026
E3631,0.6527940261356565
E3632,0.7791412570006224
E3633,5.122822028624767
E3634,0.9777457996266334
E3636,1.6967081518357185
E3637,0.3669446172993155
E3638,0.5872682016179216
E3639,0.17406347230864969
E364,25.20130678282514
E3640,0.3214685749844431
E3641,0.6247168637212197
E3642,0.24985687616677038
E3643,1.3968388301182328
E3644,1.979439950217797
E3645,0.3473428749222153
E3646,0.5896204107031736
E3647,0.9756813939016801
E3648,0.2942874922215308
E3649,0.48433105164903545
E365,2.3521622199751087
E3650,0.5159178593652769
E3651,0.46327317983820787
E3652,1.3547230864965774
E3653,0.5535532047293092
E3654,0.207778469197262
E3655,0.531906502800249
E3656,0.16857498444306163
E3657,0.11055382700684503
E3658,0.24541381456129432
E3659,0.08389545737398879
E366,0.8423148724331051
E3660,0.11761045426260112
E3661,1.109047915370255
E3662,7.861605476042315
E3663,0.35007078406969505
E3664,37.76378344741755
E3665,3.3883470752955818
E3666,1.7589483509645303
E3668,0.5394399502177971
E3669,3.0258813005600493
E367,10.05191613749505
E3670,3.6549331051649037
E3671,9.607355320472932
E3672,0.6738518979464841
E3673,2.070690728064717
E3674,5.629215152457997
E3675,0.8001991288114498
E3676,9.175332918481644
E3677,7.190087118855009
E3678,6.22317983820784
E3679,1.3445208462974487
E368,1.005879381870981
E3680,6.295183571873055
E3681,1.872097075295582
E3682,2.386409458618544
E3683,7.1077971375233355
E3684,4.3510827629122595
E3685,0.5177177971375233
E3686,1.0037585563161169
E3687,0.7300062227753579
E3688,0.6143069383945239
E3689,3.274146701929061
E369,3.7317177912447437
E3690,0.42115743621655255
E3691,1.9478971592087648
E3692,7.210659614187928
E3693,8.064418170504045
E3694,0.2195395146235221
E3695,0.19993777224642187
E3696,0.20621032980709397
E3697,0.09957685127566895
E3698,0.2854013690105787
E3699,1.505574051026758
E37,0.15916614810205354
E370,2.182999377722464
E3700,0.533951462352209
E3701,0.09173615432482889
E3702,2.1216295892968264
E3703,0.6908501866832607
E3704,1.403858120721842
E3705,0.211698817672682
E3706,1.4670317361543248
E3707,2.0554169259489736
E3708,0.0729184816428127
E3709,0.15367766023646548
E371,2.9389790052045033
E3710,2.9972370877411327
E3711,2.160112009956441
E3712,0.9476042314872433
E3713,0.26736776602364654
E3714,5.074947106409459
E3715,7.838120721841942
E3716,0.7458486309894213
E3717,0.47731176104542633
E3718,3.7263643434972
E3719,0.7300062227753578
E372,3.1896989732420655
E3720,0.20777846919726198
E3721,0.36537647790914746
E3722,3.074505289359054
E3723,1.9582249533291847
E3724,1.7656495021779712
E3725,0.5911885500933416
E3726,1.2803819228375857
E3727,0.8949035469819538
E3728,0.18268823895457373
E3729,0.420261356565028
E373,9.234420203513041
E3730,0.3908774113254511
E3731,2.1745387367766025
E3732,0.2924579962663348
E3733,0.25403858120721845
E3734,0.16779091474797764
E3735,0.2830491599253267
E3736,2.9624393279402614
E3737,5.404903158058494
E3738,1.6214561294337275
E3739,0.3246048537647791
E374,5.9670457373988794
E3740,2.456359676415681
E3741,4.200914747977597
E3742,1.9583820784069694
E3743,0.20643523868788335
E3744,12.569794648413191
E3745,0.701929060360921
E3746,8.619875544492844
E3747,2.30411947728687
E3748,0.11708774113254514
E3749,0.889585407591786
E375,13.556426765712507
E3750,2.294957996266335
E3751,0.0744866210329807
E3752,0.2595270690728065
E3754,0.9827006845052894
E3755,0.9813456751711264
E3756,2.6290790292470443
E3757,2.396695706285003
E3758,0.18033602986932173
E3759,0.6583198506533915
E376,2.754399502177971
E3760,4.4923459863098945
E3761,0.35403769223931014
E3762,10.605121344119478
E3763,1.0879900435594276
E3764,7.693992688238954
E3765,1.0371188550093342
E3766,8.445009334163036
E3767,1.2002986932171749
E3768,0.1372121966397013
E3769,0.9463347853142502
E377,4.115387739011145
E3770,2.345264467952707
E3771,3.168164281269446
E3772,4.541481020535159
E3773,1.2549222153080273
E3774,4.783105164903548
E3775,5.468095052893591
E3776,2.4700295581829494
E3777,1.273988799004356
E3778,0.1599502177971375
E3779,0.19052893590541387
E378,0.35361543248288735
E3780,0.4362041070317362
E3781,0.24933416303671438
E3782,0.7861605476042316
E3783,0.48433105164903545
E3784,0.4500560049782203
E3785,0.1965401369010579
E3786,4.3449408836341
E3787,1.3886434349719976
E3789,0.6457747355320473
E379,2.2093676104542626
E3790,1.4178967019290603
E3791,3.0858742999377724
E3792,0.7159676415681393
E3793,1.0208587429993776
E3794,57.77578095830741
E3795,6.479005911636589
E3796,0.24933416303671435
E3797,0.6066085874299938
E3798,11.047429993777223
E3799,3.0446048537647794
E38,0.17719975108898567
E380,1.3627131300560051
E3800,1.7312258867454884
E3801,3.280167237087741
E3802,2.6883883011823273
E3803,1.3063534536403236
E3804,3.2850280024891103
E3805,4.176216552582451
E3806,0.737025513378967
E3807,15.325607692906036
E3808,2.8492906036092096
E3809,2.345264467952707
E381,0.27364032358431856
E3810,0.3509645301804605
E3811,2.2835469819539513
E3812,0.1372121966397013
E3813,1.073951462352209
E3814,0.9100435594275047
E3815,0.3669446172993155
E3816,4.7310018668326075
E3817,0.8237958929682638
E3818,0.7510640945861855
E3819,0.17955196017423772
E382,2.30934660858743
E3820,0.17406347230864969
E3821,0.6727317983820784
E3822,0.18425637834474176
E3823,5.1906242221530805
E3824,0.9566210329807096
E3825,1.676658369632856
E3826,0.10584940883634102
E3827,2.396695706285003
E3828,0.19592141523690995
E3829,1.3898195395146236
E383,6.889084863098942
E3830,1.733764779091475
E3831,2.9972370877411323
E3832,0.7203298070939639
E3833,1.9692772690905858
E3834,0.19993777224642192
E3835,1.4389545737398877
E3836,0.04939639079029247
E3837,0.6852769135034226
E3838,0.09722464219041693
E384,0.7714685749844431
E3840,0.16308649657747357
E3841,0.0517485998755445
E3842,0.09252022401991289
E3843,0.34276524579962664
E3844,0.20385812072184192
E3845,0.36537647790914746
E3846,0.10271313005600498
E3847,0.08624766645924084
E3848,0.4053640323584318
E3849,2.5715619166148103
E385,6.624343497199751
E3850,9.50449284380834
E3851,2.3246919726197888
E3852,2.417268201617922
E3853,0.5896204107031736
E3854,4.021922837585563
E3855,0.2767766023646547
E3856,0.17719975108898567
E3857,3.0653018046048537
E3858,0.555457373988799
E3859,2.952153080273802
E386,0.26673304293714994
E3860,4.87568139390168
E3861,0.28775357809583074
E3862,0.853758556316117
E3863,0.21057871810827627
E3864,1.9749595519601744
E3865,2.246172993154947
E3866,1.6663721219663972
E3867,0.8537585563161169
E3868,0.048612321095208466
E3869,0.6529425948973242
E387,3.1475917859365277
E3870,1.2456985065339141
E3871,1.3196266334785316
E3872,0.1489732420659614
E3873,1.2015689172370876
E3874,2.3658369632856253
E3875,0.257156191661481
E3876,2.6497083074051027
E3877,0.32774113254511517
E3878,0.7580833851897947
E3879,0.4492345986309894
E388,4.230556195904282
E3880,0.2175980087118855
E3881,0.4469197261978843
E3882,2.376123210952085
E3883,0.5519850653391413
E3884,0.2297324206596142
E3885,0.08546359676415681
E3886,3.4534909769757314
E3887,0.2932420659614188
E3888,7.478102053515869
E3889,0.17798382078406969
E389,1.2661418792781578
E3890,0.7300062227753579
E3891,1.3577846919726198
E3892,3.1855600497822025
E3893,5.77048304293715
E3894,0.16457996266334787
E3895,0.08228998133167394
E3896,0.10820161792159302
E3897,1.1298444306160549
E3898,0.907162414436839
E3899,0.673851897946484
E39,0.31911636589919107
E390,4.150357809583074
E3900,0.08389545737398882
E3901,0.1568139390168015
E3902,3.5822775357809586
E3903,3.723621655258245
E3904,0.009408836341008088
E3905,0.7817548226509022
E3906,0.11212196639701308
E3907,0.681712818917237
E3908,0.001568139390168015
E3909,0.32990665836963284
E391,8.975946056316117
E3910,0.09957685127566895
E3911,0.105065339141257
E3912,0.03293092719352831
E3913,1.262352209085252
E3914,0.3347977598008712
E3915,0.6562663347853142
E3916,0.49082762912258865
E3917,2.2455756067205974
E3918,5.040261356565028
E3919,4.395989368246874
E392,1.0812321095208464
E3920,4.112176415681394
E3921,3.9506714598536705
E3922,1.3425886745488491
E3923,0.2908898568761668
E3924,0.060373366521468574
E3925,1.2283758556316118
E3926,0.1693590541381456
E3927,0.2837087741132545
E3928,0.5615432482887368
E3929,0.8352955818294959
E393,0.09800871188550093
E3930,0.2305164903546982
E3931,0.30892345986309894
E3932,0.7229869321717487
E3933,1.9543870566272556
E3934,11.125127566894836
E3935,0.4513627878033603
E3936,2.057249533291848
E3937,0.6013814561294337
E3938,0.3208330740510268
E3939,0.22581207218419413
E394,0.14348475420037338
E3940,0.2164032358431861
E3941,0.6891785936527691
E3942,2.8013417859365273
E3943,0.3598879900435594
E3944,0.2807716241443684
E3945,3.376645924082141
E3946,1.6355133789670195
E3947,3.3072121966397017
E3948,3.8103624766645923
E3949,0.638755444928438
E395,3.0197907591785937
E3950,1.2549222153080273
E3951,2.7305040448039826
E3952,3.2093092719352834
E3953,1.9303049159925327
E3954,3.1771048537647792
E3956,12.156186216552582
E3957,3.402690572495333
E3958,8.249570628500312
E3959,3.1337398879900435
E396,1.3020216241443685
E3960,3.6549331051649037
E3961,0.019601742377100186
E3962,7.148942128189173
E3963,3.096160547604232
E3964,0.24541381456129438
E3965,2.3304044803982578
E3966,0.8984691972619788
E3967,2.2115432482887365
E3968,0.8438876789047915
E3969,0.7931798382078407
E397,0.36851275668948347
E3970,0.25795892968263845
E3971,1.7286994399502178
E3972,0.7103671437461108
E3973,3.6935687616677035
E3974,0.3509645301804605
E3975,0.36851275668948347
E3976,0.34107031736154325
E3977,5.797205973864344
E3978,0.10820161792159302
E3979,0.30892345986309894
E398,0.4296701929060361
E3980,0.104281269446173
E3981,2.4182226197884256
E3982,5.89207218419415
E3983,2.2956253889234595
E3984,5.511288114499067
E3985,1.4709334163036714
E3986,0.547818139390168
E3987,3.2607405102675795
E3988,0.5167019290603609
E3989,0.8899191039203486
E399,0.20621032980709397
E3990,2.3795395146235223
E3991,1.0950093341630367
E3992,0.8023273179838208
E3993,0.19288114499066583
E3994,7.539819539514622
E3995,2.182999377722464
E3996,0.9257622899813317
E3997,17.784922215308026
E3998,1.3445208462974487
E3999,0.10097464219041694
E4,0.11447417548226507
E40,1.0012570006222776
E400,3.4188052271313008
E4000,0.6891785936527691
E4001,0.48433105164903545
E4002,0.24306160547604233
E4003,0.5053889234598631
E4004,0.18112009956440572
E4005,0.06350964530180461
E4006,0.6150777846919726
E4007,6.603771001866833
E4008,0.17448428749222153
E4009,1.270491599253267
E401,0.523758556316117
E4010,1.3005102675793405
E4011,0.16073428749222154
E4012,0.5194275046670815
E4013,0.3253889234598631
E4014,0.527678904791537
E4015,0.05723708774113255
E4017,1.5429371499688862
E4018,0.014897324206596143
E4019,0.05331673926571251
E402,0.17798382078406969
E4020,3.4356067205973866
E4021,0.020572495332918484
E4022,0.24541381456129432
E4023,3.7623397635345364
E4024,0.6017571561916615
E4025,0.44561294337274426
E4026,0.7001742377100187
E4027,0.1372121966397013
E4028,0.12466708151835718
E4029,0.4320224019912881
E403,9.257622899813317
E4030,4.365121344119477
E4031,0.1152582451773491
E4032,0.11604231487243312
E4033,0.38236465463596764
E4034,0.9824393279402613
E4035,5.40005600497822
E4036,0.8434723086496576
E4037,0.46288114499066585
E4038,0.09879278158058494
E4039,3.6862850031113874
E404,0.27166381456129435
E4040,1.6816060087495994
E4041,0.10663347853142502
E4042,0.47749844430616056
E4043,2.273260734287492
E4044,0.041555693839452394
E4045,0.20228998133167392
E4046,0.03920348475420037
E4047,0.10036092097075296
E4048,0.36929682638456757
E4049,2.962439327940261
E405,0.11839452395768514
E4050,0.22032358431860607
E4051,0.020385812072184192
E4052,1.50914747977598
E4053,1.9029558182949597
E4054,5.912426882389546
E4055,7.117566894835097
E4056,3.7647666459240825
E4057,17.09995157902925
E4058,1.6993092719352831
E4059,3.2401680149346603
E406,1.7374144368388302
E4060,0.8844306160547604
E4061,1.9153923682105076
E4062,1.5532233976353451
E4063,0.9051897946484131
E4064,3.2298763223397637
E4065,2.777286869943995
E4066,1.707517112632234
E4067,0.555457373988799
E4068,1.1212009956440574
E4069,8.39357809583074
E407,2.958406080540492
E4070,2.3083532980709394
E4071,8.66102053515868
E4072,1.7482770690728067
E4073,3.8860983198506536
E4074,3.1070415148013155
E4075,0.2509023024268824
E4076,0.7931798382078407
E4077,1.337212196639701
E4078,4.001350342252644
E4079,0.8743310516490355
E408,1.4724657747355319
E4080,0.555457373988799
E4081,8.35295581829496
E4082,4.766546359676416
E4083,2.478985687616677
E4084,0.023522090852520224
E4085,1.2857809583074051
E4086,1.6776104542626011
E4087,0.17641568139390168
E4088,0.9658914125700062
E4089,1.028624766645924
E409,0.25168637212196643
E4090,0.0517485998755445
E4091,0.08781580584940885
E4092,0.25795892968263845
E4093,0.9667579340385811
E4094,6.169956440572495
E4095,0.936048537647791
E4096,0.6771748599875544
E4097,0.28226509023024265
E4098,2.55574051026758
E4099,0.10976975731176104
E41,0.2015059116365899
E410,4.46423148724331
E4100,0.15838207840696952
E4101,1.5302053515868077
E4102,0.1466210329807094
E4103,0.10584940883634102
E4104,2.7462974486621032
E4105,1.61156191661481
E4106,3.38417548226509
E4107,5.228789670192906
E4108,0.27834474175482266
E4109,4.165930304915992
E411,5.003835563161171
E4110,0.596602364654636
E4111,1.0114499066583698
E4112,0.35753578095830735
E4113,0.7611224331051649
E4114,15.564424012605834
E4115,0.4774984443061605
E4116,0.3583198506533914
E4117,0.2595270690728065
E4118,0.4712258867454885
E4119,4.161981370566272
E412,0.4971001866832608
E4120,6.243533602986931
E4121,2.8295951306782827
E4122,1.6635718730553828
E4123,0.045476042314872435
E4124,0.014113254511512133
E4125,1.8351936838830119
E4126,1.9818668326073428
E4127,0.08781580584940885
E4128,12.32138601949803
E4129,2.0263907902924703
E413,6.696403235843185
E4130,5.667722464219042
E4131,0.18739265712507777
E4132,15.31312383322962
E4133,0.09565650280024891
E4134,5.00940261356565
E4135,3.256950840074673
E4136,9.411916614810204
E4137,0.10036092097075296
E4138,1.8811698817672682
E4139,3.2710267579340386
E414,1.9133906347230865
E4140,2.6744243932794025
E4141,0.5990292470441817
E4142,11.295233354075917
E4143,1.0879900435594276
E4144,0.31754822650902303
E4145,0.9616428126944616
E4146,7.938817672682016
E4147,0.103497199751089
E4148,0.054884878655880515
E4149,0.35439950217797134
E415,16.285986309894213
E4150,0.2877909147479776
E4151,0.35675171126322336
E4152,0.25874299937772244
E4153,0.9853142501555694
E4154,1.7548226509023024
E4155,2.125612943372744
E4156,0.028226509023024267
E4157,1.131404902658014
E4158,2.5844181705040445
E4159,0.03528313627878034
E416,2.3723335407591786
E4160,0.1474051026757934
E4161,2.7164654635967644
E4162,3.3121717485998756
E4163,0.5692345986309895
E4164,0.15524579962663348
E4165,0.37321717485998757
E4166,3.792408991910392
E4167,0.5896204107031736
E4168,1.1212009956440572
E4169,2.810023335407592
E417,1.1750591163658992
E4170,0.6891972619788426
E4171,1.1623459863098942
E4172,1.2137772246421903
E4173,2.756976509023024
E4174,3.906905724953329
E4175,0.8282762912258868
E4176,0.7186232109520846
E4177,13.719987660519317
E4178,2.0636714374611076
E4179,0.46306782825140014
E418,0.2705040448039826
E4180,2.028574984443061
E4181,0.13198506533914123
E4182,1.4943279402613565
E4183,0.4069321717485999
E4184,2.147902924704418
E4185,0.05410080896079651
E4186,0.8914499066583697
E4187,0.12634723086496577
E4188,1.3989296826384567
E4189,0.6527940261356565
E419,0.6722604231487245
E4190,8.743310516490356
E4191,0.7440448039825762
E4192,1.5943683883011823
E4193,1.5532233976353456
E4194,1.1808805227131303
E4195,0.9546235220908527
E4196,1.0949898879900437
E4197,18.4226695706285
E4198,0.18582451773490977
E4199,0.25403858120721845
E42,0.2524704418170504
E420,0.31127566894835096
E4200,0.46599875544492847
E4201,1.4319352831362786
E4202,0.3922295315139123
E4203,4.2996515245799625
E4204,4.947685127566895
E4205,0.1481891723708774
E4206,8.030068450528935
E4207,3.6346101875722288
E4208,0.12388301182327319
E4209,0.09252022401991286
E421,3.0670161792159303
E4210,7.364953329184816
E4211,0.29951462352209085
E4212,1.298568761667704
E4213,1.6912517501555695
E4215,3.1797145301804606
E4216,13.14582451773491
E4217,0.36500311138767894
E4218,2.0215556938394523
E4219,5.492856253889235
E422,0.060373366521468574
E4220,0.8212570006222776
E4221,0.09565650280024891
E4222,0.08703173615432482
E4223,0.2179775980087119
E4225,0.055668948350964524
E4226,0.26109520846297446
E4227,0.4320224019912881
E4228,0.11290603609209707
E4229,0.9616428126944618
E423,1.3111955507156192
E4230,7.622109520846297
E4231,6.799209707529558
E4232,2.4069819539514627
E4233,0.23678904791537028
E4234,0.10528935905413814
E4235,1.0800560049782204
E4236,1.3066039203484754
E4237,0.07762289981331674
E4238,0.07135034225264468
E4239,3.0700435594275044
E424,0.9301680149346608
E4240,8.012986932171748
E4241,44.31315494710641
E4242,0.2963783447417548
E4243,0.24933416303671438
E4244,6.6963472308649665
E4245,0.5214722956855424
E4246,0.6738518979464841
E4247,0.415948973242066
E4248,0.2665040448039826
E4249,0.1474051026757934
E425,4.321304449284381
E4250,2.894486621032981
E4251,3.7656584650958873
E4252,0.7229869321717486
E4253,3.1064467952706902
E4254,0.07997510889856876
E4255,0.5637461107654014
E4256,10.117193333851898
E4257,0.23600497822028624
E4258,13.197255756067205
E4259,0.06350964530180461
E426,1.220886745488488
E4260,0.0650777846919726
E4261,0.4605102675793404
E4262,0.08546359676415681
E4263,0.022738021157436217
E4264,0.10192906036092098
E4265,0.4641692594897325
E4266,0.08389545737398882
E4267,1.3318287181082764
E4268,0.17171126322339764
E4269,1.347703795892968
E427,0.0744866210329807
E4270,5.24341008089608
E4271,1.487968263845675
E4272,0.8949035469819538
E4273,1.3269259489732423
E4274,0.4273179838207841
E4275,14.562333540759177
E4276,0.8984691972619788
E4277,1.7486621032980711
E4278,3.1578780336029864
E4279,3.371891723708774
E428,3.785488487865588
E4280,3.0344430616054763
E4281,19.962862476664593
E4282,1.882383322962041
E4283,0.905488487865588
E4284,11.36423148724331
E4285,0.19209707529558182
E4286,2.527028624766646
E4287,3.7431401680149343
E4288,1.8789553515868076
E4289,4.808214063472309
E429,0.16230242688238955
E4290,8.907890479153702
E4291,0.21057871810827627
E4292,1.8987554449284383
E4293,1.7969383945239579
E4294,1.1206969508400746
E4295,0.603658991910392
E4296,0.7527069072806472
E4297,0.5194275046670815
E4298,0.6949097697573118
E4299,15.33284147479776
E43,0.39125077784691975
E430,0.4288861232109521
E4300,3.8325326695706288
E4301,0.7440448039825762
E4302,0.14348475420037338
E4303,0.24462974486621036
E4304,0.9265463596764157
E4305,0.19654013690105784
E4306,11.895102675793405
E4307,1.340684505289359
E4308,0.36500311138767894
E4309,0.15524579962663348
E431,0.6053018046048538
E4310,1.6972308649657748
E4311,1.2960672059738645
E4312,2.1258742999377724
E4313,2.7567143746110765
E4314,1.1862601120099563
E4315,0.30182949595519604
E4316,2.0440292470441817
E4317,2.118967019290604
E4318,39.62026835718731
E4319,1.2537274424393279
E432,0.319116365899191
E4321,4.0984505289359054
E4322,0.08389545737398882
E4323,0.6527940261356565
E4324,1.0373668770557383
E4325,0.3930802738021158
E4326,3.9927220197350874
E4327,5.131101431238332
E4328,2.2321344119477287
E433,2.880149346608587
E4330,0.4422153080273802
E4331,0.309707529558183
E4332,0.041555693839452394
E4333,2.227900591163659
E4334,6.91235843186061
E4335,0.5041241443683883
E4336,0.016465463596764155
E4337,0.1372121966397013
E4339,3.789632856253889
E434,0.20072184194150594
E4340,0.5254449284380833
E4341,1.4880896079651522
E4342,0.9051897946484131
E4343,0.43437461107654013
E4344,6.09974486621033
E4345,0.07213441194772868
E4346,0.20934660858743
E4347,1.4714187927815807
E4348,0.6328967019290603
E4349,25.379984831985062
E435,1.8428329184816428
E4350,0.2665860298693217
E4351,0.6490790292470442
E4352,6.233130056004979
E4353,0.17406347230864969
E4354,1.2238122277535781
E4355,0.18250155569383947
E4356,0.9669072806471686
E4357,0.8282762912258868
E4358,1.1404278158058494
E4359,0.7931798382078407
E436,0.659267268201618
E4360,1.396894835096453
E4361,6.326042314872433
E4362,1.9092470441817053
E4363,0.10898568761667704
E4364,0.776576695706285
E4365,1.1311343230509379
E4366,0.19758556316116987
E4367,1.1659248599875545
E4368,0.2344368388301182
E4369,0.07683883011823274
E437,0.532383322962041
E4370,0.315980087118855
E4371,1.2704915992532668
E4372,0.5404853764779092
E4373,1.5120784069695083
E4374,0.9620278469197262
E4375,0.2610952084629745
E4376,0.737025513378967
E4377,0.5896204107031736
E4378,0.14034847542003734
E4379,0.17406347230864969
E438,0.10976975731176103
E4380,0.15759800871188548
E4381,0.09565650280024891
E4383,0.9051897946484132
E4384,0.936048537647791
E4385,0.2995146235220909
E4386,1.4829371499688861
E4387,4.125436372121967
E4388,4.961652924704419
E4389,3.8738161169881766
E439,1.0723273179838209
E4390,0.7651026757934039
E4391,0.7580833851897947
E4392,0.5896204107031737
E4393,2.1601120099564404
E4394,0.870392034847542
E4395,0.852283758556316
E4396,0.1403858120721842
E4397,0.2571748599875544
E4398,7.2088114499066585
E4399,0.3930802738021158
E44,0.9798257622899813
E440,0.6468574984443062
E4400,2.1619415059116367
E4401,2.4584131922837584
E4402,5.184268823895457
E4403,2.818431860609832
E4404,2.1184629744866212
E4405,4.211399346608587
E4406,1.2564530180460487
E4407,5.523714996888613
E4408,3.04292626011201
E441,0.25482265090230244
E4410,0.6490790292470442
E4411,0.25269446172993154
E4412,1.3898195395146236
E4413,1.5723210952084632
E4414,0.8563534536403237
E4415,0.7510640945861855
E4416,3.7203795892968263
E4417,2.9551213441194775
E4418,0.7580833851897947
E4419,0.5615432482887368
E442,1.846073428749222
E4420,8.862821458203692
E4421,3.9809038581207217
E4422,0.1701431238332296
E4423,1.504779091474798
E4424,1.0150225575606722
E4425,1.1230864965774736
E4426,1.3387167081518359
E4427,0.22345986309894214
E4428,0.24280024891101432
E4429,1.7618419415059114
E443,15.135697728686994
E4430,0.2814810205351587
E4431,3.179738643434972
E4432,0.6808711885500932
E4433,3.4288645179234787
E4434,0.103497199751089
E4435,0.3366272557560672
E4436,5.302476664592408
E4437,0.44923459863098947
E4438,0.11369010578718107
E4439,1.144144368388301
E444,6.0343963907902936
E4440,0.44639701306782825
E4441,0.22581207218419413
E4442,4.941580584940884
E4443,0.20621032980709397
E4444,4.018126166770379
E4446,2.2307148413192284
E4447,1.3123763223397635
E4448,1.5484030802738022
E4449,0.10192906036092098
E445,0.4578967019290604
E4450,0.15054138145612941
E4451,0.9195270690728065
E4452,0.14034847542003734
E4453,0.15524579962663348
E4454,0.1489732420659614
E4455,1.5512632233976353
E4456,1.913242065961419
E4457,0.9566210329807093
E4458,4.461207218419415
E4459,0.3065712507778469
E446,0.8160749844430616
E4460,0.18739265712507777
E4461,0.6656751711263224
E4462,2.4497324206596143
E4463,0.16144368388301183
E4464,0.8388433416303671
E4465,1.2283758556316118
E4466,0.7159676415681393
E4467,3.2370618777224647
E4468,0.4913503422526446
E4469,0.4147728686994399
E447,0.05143123833229621
E4470,3.888201617921593
E4471,0.651122433105165
E4472,1.782190416925949
E4473,2.1198257622899814
E4474,1.0594835096453017
E4475,3.214486621032981
E4476,1.277510889856876
E4477,0.8791691168844638
E4478,1.193204729309272
E4479,7.138655880522713
E448,1.188602209085252
E4480,0.517485998755445
E4481,9.062184194150591
E4482,0.5475046670815183
E4483,1.4600124455507155
E4484,0.9669072806471686
E4485,0.6949097697573118
E4486,3.3411823273179837
E4487,0.2409707529558183
E4488,19.039844430616053
E4489,6.326042314872433
E449,0.4469197261978843
E4490,5.025259023024269
E4491,0.5054635967641568
E4492,1.3663347853142502
E4493,3.256073428749222
E4494,0.0744866210329807
E4495,0.5423335407591786
E4496,8.496440572495333
E4497,3.6694835096453016
E4498,10.533117610454264
E4499,5.879948662103298
E45,3.223149502177971
E450,0.18425637834474176
E4501,1.1393307687956098
E4502,2.61820939639079
E4503,0.6583198506533915
E4504,2.4379340385812074
E4505,1.316639701306783
E4506,1.614436838830118
E4507,2.8666077577266127
E4508,0.835295581829496
E4509,1.0903422526446795
E451,3.778909458618544
E4510,0.1466210329807094
E4511,3.6295029558182947
E4512,10.599128811449907
E4513,3.6357436216552586
E4514,1.50679060360921
E4515,0.6594026135656502
E4516,3.2906930616054764
E4517,0.6147106409458618
E4518,1.5635096453018045
E4519,0.8499315494710642
E452,0.7475297526446796
E4520,0.007840696950840076
E4521,0.07248911014312384
E4522,0.05174859987554449
E4523,0.7440448039825762
E4524,0.9987741132545115
E4525,0.4141381456129434
E4526,0.8023273179838208
E4527,1.7478033602986933
E4528,1.8823833229620412
E4529,1.717803360298693
E453,0.7566272557560673
E4530,4.350600497822029
E4531,0.10528935905413814
E4532,0.2187554449284381
E4533,1.110914747977598
E4534,1.9614981331673926
E4535,0.08624766645924084
E4536,2.965382700684505
E4537,0.81261356565028
E4538,1.1972744243932794
E4539,0.19993777224642192
E454,0.16308649657747354
E4540,0.22502800248911015
E4541,0.2799128811449907
E4542,0.206994399502178
E4543,0.24698195395146233
E4544,0.22345986309894214
E4545,0.5966023646546359
E4546,0.19601742377100187
E4547,1.2631533914125699
E4548,3.209309271935283
E4549,7.395812072184194
E455,1.316639701306783
E4550,0.15054138145612941
E4551,0.2932420659614188
E4552,0.4843310516490355
E4553,0.420261356565028
E4555,0.9405849408836341
E4557,0.46807016179215927
E4558,0.019601742377100186
E4559,2.4274424393279403
E456,2.478985687616677
E4560,0.32617299315494713
E4561,0.2728562538892346
E4562,0.12701929060360923
E4563,0.7746608587429994
E4564,0.2642314872433105
E4565,0.29873055382700686
E4566,9.453061605476043
E4567,0.17641568139390168
E4568,2.6847106409458616
E4569,20.719157379645864
E457,0.21561916614810206
E4570,5.9557373988799
E4571,0.8740821406347231
E4572,0.6527940261356565
E4573,3.4754676627821466
E4574,2.3452644679527066
E4575,1.9749595519601741
E4576,0.701929060360921
E4577,0.746179215930305
E4578,1.255034225264468
E4579,2.7648413192283763
E458,0.1544617299315495
E4580,5.461008089607965
E4581,0.807218419415059
E4582,2.5509894212818915
E4583,1.0318357187305538
E4584,0.46327317983820787
E4585,2.293833229620411
E4586,1.502128189172371
E4587,1.1862601120099563
E4588,7.632395768512757
E4589,4.744088363410081
E459,0.02195395146235221
E4590,2.351462352209085
E4591,2.634951773490977
E4592,0.3549222153080273
E4593,0.0836341008089608
E4594,1.0083906347230867
E4595,2.8287181082762913
E4596,2.7376586807716246
E4597,0.5194275046670815
E4598,1.297696017423771
E4599,0.23574362165525828
E46,7.200373366521468
E460,0.9471561916614811
E4600,0.08781580584940885
E4601,0.21718730553827006
E4602,0.9405849408836341
E4603,0.06821406347230866
E4604,2.2607179527069072
E4605,0.1575980087118855
E4606,8.301001866832607
E4607,5.459793870566273
E4608,1.800093341630367
E4609,5.295021779713752
E461,2.1086807716241442
E4610,0.3896826384567517
E4611,5.731352675793405
E4612,0.6598133167392657
E4613,8.1261356565028
E4615,0.09173615432482887
E4617,0.36694461729931555
E4618,1.5933789670192906
E4619,19.327859365276915
E462,1.0083136278780336
E4620,0.2320846297448662
E4621,7.3759863098942136
E4623,0.47731176104542633
E4624,0.4508400746733043
E4625,1.830952084629745
E4627,0.5715868077162414
E4628,2.70528313627878
E4629,1.3888371188550093
E463,0.3402862476664592
E4630,0.6878904791537026
E4631,1.612588674548849
E4632,5.1431238332296205
E4633,2.607906813939017
E4634,13.82471686372122
E4635,10.262202862476665
E4636,3.1410788736776603
E4637,30.674610722973355
E4638,0.6390168014934662
E464,0.2226757934038581
E465,0.7979215930304916
E466,9.051897946484132
E467,2.785127566894835
E468,2.098431860609832
E469,0.7060384256378345
E47,0.3042190416925949
E470,0.5053889234598631
E471,4.403279402613565
E473,2.1268450528935907
E474,1.8320348475420036
E475,10.862754355942752
E476,0.15289359054138144
E477,0.2806969508400747
E478,0.2752084629744866
E479,0.4390790292470442
E48,14.812196639701307
E480,0.32930927193528314
E481,1.0809707529558183
E482,0.5472806471686372
E483,2.0464219041692595
E484,1.803957685127567
E485,2.5662837125926345
E486,4.791581433501159
E487,0.11133789670192905
E488,4.773117610454262
E489,0.835295581829496
E49,0.7338892345986311
E490,17.600731900916443
E491,0.09957685127566895
E492,0.568562538892346
E494,0.7507058960796515
E495,0.19366521468574985
E496,0.4257498444306161
E497,2.9645472930927195
E498,3.10244321717486
E499,0.12388301182327317
E5,2.352911481020535
E50,1.8320348475420036
E500,0.1144741754822651
E501,0.23365276913503424
E502,1.8474082140634724
E503,6.905878825592578
E504,3.5565441852407083
E505,5.2026470130678275
E506,0.2626633478531425
E507,0.6374883322962042
E508,0.9040323584318606
E509,0.27050404480398255
E51,0.7159676415681393
E510,1.0537896701929061
E511,2.0438083385189794
E512,3.6356152769135037
E513,0.06507778469197262
E514,0.1285874299937772
E515,0.16230242688238955
E516,6.837087741132546
E517,0.08154324828873677
E518,0.15838207840696952
E519,4.064901991288115
E52,0.1568139390168015
E520,1.0508898568761667
E521,0.20777846919726198
E522,0.19836963285625386
E523,0.7236963285625388
E524,3.7054887707190134
E525,1.7478033602986933
E526,0.1364281269446173
E527,0.08467952706907281
E528,2.43784069695084
E529,3.3018855009334165
E53,6.356453018046048
E530,1.9069461211366934
E531,2.1710353142501555
E532,0.5065090230242688
E533,2.0675357809583077
E534,3.219595519601742
E535,2.0675357809583073
E536,2.7547223086496575
E537,0.6931176104542626
E538,2.9015378033602985
E539,2.8629021468574987
E54,0.3206845052893591
E540,0.28906036092097076
E541,0.19209707529558182
E542,0.3402862476664592
E543,0.5018046048537648
E544,0.4186932171748599
E545,0.1356440572495333
E546,0.3261729931549471
E547,1.1629332607342875
E548,1.2363410080896078
E549,0.4273179838207841
E55,2.7494788425637835
E550,0.39830740510267576
E551,0.28461729931549473
E552,3.5076104542626014
E553,0.21405102675793405
E554,0.16308649657747354
E555,1.9008742999377721
E556,0.26736776602364654
E557,0.5762912258867454
E558,0.6788923459863099
E559,0.10036092097075296
E56,0.6300303360298694
E560,0.18739265712507777
E561,0.1560298693217175
E562,0.0729184816428127
E563,0.029010578718108276
E564,2.340423732109521
E565,2.8391607031736155
E566,63.808674548848785
E567,0.12388301182327319
E568,0.1364281269446173
E569,0.12074673304293715
E57,0.9524066583696328
E570,8.92846297448662
E571,9.949304604853765
E572,0.4720099564405725
E573,0.2046421904169259
E574,0.10114499066583697
E575,1.583820784069695
E576,0.27050404480398255
E577,0.32369632856253894
E578,2.84281269446173
E579,0.8470566272557559
E58,1.104979775980087
E580,0.7723133167392656
E581,0.6249035469819539
E582,0.7440448039825761
E583,0.6411076540136901
E584,0.41320472930927193
E585,0.8112507778469198
E586,3.12948817672682
E587,6.592672682016179
E588,2.8469306160547605
E589,0.21091474797759802
E59,0.22581207218419413
E590,4.328615432482888
E591,1.62522713130056
E592,3.7492275980087117
E593,3.7618644990665837
E594,2.6146639701306778
E595,0.38576228998133166
E596,0.34891101431238336
E597,0.1599502177971375
E598,0.11369010578718107
E599,3.2410489821317454
E6,3.733681549471064
E60,0.30743621655258246
E600,2.3746242999377722
E601,1.0905102675793403
E602,5.366492688238955
E603,0.14505289359054138
E604,0.25325451151213435
E605,3.739931549471064
E606,0.11290603609209707
E607,0.40711885500933415
E608,0.06978220286247666
E609,0.19836963285625386
E61,0.2657996266334785
E610,0.06742999377722464
E611,1.5326509023024268
E612,4.419438394523958
E613,0.1262352209085252
E614,0.6160174237710019
E615,0.21169881767268203
E616,1.1862601120099563
E617,0.09095208462974487
E618,0.4531922837585563
E619,0.22659614187927815
E62,0.8554200373366521
E620,1.0637212196639703
E621,0.13956440572495332
E622,0.34734287492221533
E623,0.11369010578718107
E624,0.22581207218419413
E625,0.726571250777847
E626,1.2835220908525202
E627,0.5334660858742999
E628,1.9372003521525145
E629,3.5450948973242062
E63,4.973652769135034
E630,0.17014312383322963
E631,0.20542626011200996
E632,0.3042190416925949
E634,0.36772868699439953
E635,0.5010205351586807
E636,7.426670815183572
E637,0.1474051026757934
E638,0.09252022401991286
E639,0.4061481020535158
E64,0.626471686372122
E640,3.9035376477909147
E641,1.0831106098319851
E642,0.5053889234598631
E643,0.5143497199751088
E644,0.48155647168637217
E645,3.4528710329807093
E646,2.566603336963286
E647,9.557114965774735
E648,2.30411947728687
E649,7.235778624766645
E65,0.30186683260734287
E650,9.195905413814561
E651,4.967554838207842
E652,1.5692408214063471
E653,1.9099212818917235
E654,3.9050320861854386
E655,4.473802310205351
E656,2.818431860609832
E657,1.8146484131922838
E658,1.474051026757934
E659,5.073917042626011
E66,0.3426384567517113
E660,1.49150591163659
E661,2.098394523957685
E662,0.9460893486828458
E663,3.202831362787803
E664,0.24619425430408626
E665,2.555021779713752
E666,0.257156191661481
E667,0.7508960796515246
E668,3.970491599253267
E669,1.5385513378967017
E67,1.0458742999377724
E670,3.3049467881993553
E671,11.553652380211576
E672,1.5582825140012444
E673,1.1709411947728687
E674,0.8216342563783448
E675,6.451613183798155
E676,8.105563161169883
E677,0.3810578718108276
E678,0.21483509645301804
E679,0.5684505289359054
E68,0.9035392034847541
E680,2.1044500622277535
E681,2.3123024268823893
E682,0.1278033602986932
E683,5.7242150110312835
E684,18.794263573428747
E685,3.3076516801493465
E686,3.260680616054761
E687,2.590036488091871
E688,0.20856253889234597
E689,1.9724206596141878
E69,0.16308649657747354
E690,0.2854013690105787
E691,0.9967392657125078
E692,4.175066894835097
E693,4.23158894679527
E694,37.74756572806472
E695,39.88781736154325
E696,3.3441879278158058
E697,202.46205059894214
E698,0.9957685127566893
E699,6.609749533291849
E7,5.7064864654635965
E70,7.7240385812072185
E700,5.088113332296204
E701,0.7236963285625388
E702,9.359268434971998
E703,10.707983820784069
E704,6.729156036092097
E705,10.317106409458619
E706,16.040014195706284
E707,22.040080896079655
E708,19.12582432327318
E709,0.08075917859365277
E71,1.3880647168637212
E710,116.27572495332919
E711,53.2829742921593
E712,3.270976975731176
E713,1.5765336194867154
E714,6.926314950217797
E715,1.3783571873055382
E716,4.633222036403236
E717,0.24149346608587433
E718,2.2956292781580587
E719,2.1709140762007126
E72,4.337921593030492
E720,12.912181400973015
E721,1.0739514623522093
E722,9.548573428749222
E723,12.693642657125078
E724,2.4154099253266956
E725,8.249570628500312
E726,7.758052271313006
E727,0.06350964530180461
E728,7.745544492843808
E729,7.835676267183345
E73,0.060373366521468574
E730,0.6647244866210329
E731,10.903422526446795
E732,41.15184330273802
E733,1.2325575606720598
E734,2.5509894212818915
E735,2.070690728064717
E736,1.4709334163036714
E737,7.755286200524221
E738,5.838668909458618
E739,2.1957562616677038
E74,3.4965269135034225
E740,1.1556121655258247
E741,4.5156627255756066
E742,12.060326890168016
E743,3.408462974486621
E744,0.7558431860609832
E745,3.139787647790915
E746,41.725938472308655
E747,11.068002489110143
E748,0.14270068450528936
E749,1.5265836963285626
E75,0.6813565650280026
E750,1.102028624766646
E751,2.991846386345453
E752,9.998232731798382
E753,1.234349719975109
E754,0.24462974486621034
E755,0.2414934660858743
E756,1.3091048093163835
E757,5.24341008089608
E758,0.6580291581473909
E759,5.112265090230243
E76,0.2030740510267579
E760,0.3089234598630989
E761,3.025687616677038
E762,3.919060360920971
E763,3.44150668948351
E764,0.2211076540136901
E765,8.342146857498443
E766,7.118083385189795
E767,2.716979620410703
E768,6.61042548226509
E769,0.11917859365276914
E77,3.708839452395768
E770,0.5386558805227132
E771,0.35204729309271937
E772,0.31676415681393905
E773,0.1364281269446173
E774,0.7676042314872431
E775,0.08389545737398879
E776,0.05174859987554449
E777,0.3583198506533914
E778,0.7920410703173615
E779,0.10271313005600498
E78,0.08467952706907281
E780,1.172221530802738
E781,0.21483509645301804
E782,0.11761045426260112
E783,7.0130367143746115
E784,6.675774735532048
E785,3.6594570628500307
E786,10.760602654579397
E787,9.77743531495729
E788,0.2563907902924704
E789,0.19836963285625386
E79,5.074461729931549
E790,0.1356440572495333
E791,0.2297324206596142
E792,0.2516863721219664
E793,0.1356440572495333
E794,0.6037336652146857
E795,1.6394897324206594
E796,1.2827380211574364
E797,1.4615059116365898
E798,0.0729184816428127
E799,0.2783447417548226
E8,0.12466708151835719
E80,4.178444306160547
E800,3.2298817672682016
E801,1.6175404480398257
E802,11.3690088108842
E803,1.0599128811449907
E804,0.2313005600497822
E805,1.0882887367766025
E806,0.6005973864343497
E807,3.910405258245177
E808,0.25090230242688233
E809,3.513687772246422
E81,0.7456502800248911
E810,4.926046204107032
E811,1.2294702862476665
E812,0.27364032358431856
E813,0.2399253266957063
E814,0.18974486621032982
E815,1.0238448973242065
E816,0.13250777846919726
E817,1.089525513378967
E818,0.17327940261356567
E819,0.10820161792159302
E82,4.168787336652147
E820,2.6071204107031734
E821,2.7508587429993776
E822,0.46103298070939647
E823,0.037635345364032353
E824,1.309011356565028
E825,0.10114499066583697
E826,0.5600871188550093
E827,0.4328064716863721
E828,4.155644057249533
E829,0.20307405102675796
E83,0.14348475420037335
E830,2.251962118855009
E831,15.604237710018669
E832,0.968662103298071
E833,0.4139887990043559
E834,0.12701929060360923
E835,0.19052893590541387
E836,0.47029247044181705
E837,0.14113254511512136
E838,0.8645675171126321
E839,7.114891101431238
E84,1.7656495021779715
E840,0.1403484754200373
E841,0.5621779713752334
E842,3.721464544323132
E843,1.756366871499689
E844,0.8774113254511512
E845,6.490622277535781
E846,3.0550155569383945
E847,1.7795208462974483
E848,0.2940261356565028
E849,0.7017423771001867
E85,0.729184816428127
E850,4.685600497822029
E851,1.9092470441817049
E852,2.8357934038581205
E853,0.3097075295581829
E854,3.859564405724953
E855,5.249952162414436
E856,5.025812072184195
E857,7.475544492843809
E858,13.432541614810205
E859,0.20307405102675796
E86,2.5830989421281894
E860,4.849891879278158
E861,0.20228998133167392
E862,0.6288238954573739
E863,0.25168637212196643
E864,0.19444928438083386
E865,0.7268326073428749
E866,1.1822510889856876
E867,1.327429993777225
E868,3.2607405102675795
E869,13.78736154324829
E87,0.22581207218419413
E870,7.482563783447417
E871,3.5506168326073433
E872,0.602716241443684
E873,0.1152582451773491
E874,0.15759800871188548
E875,1.9588277846919726
E876,0.45048926571250775
E877,0.11839452395768514
E878,0.16465463596764157
E879,3.640690728064717
E88,0.14818917237087742
E880,1.11152635789848
E881,0.35910392034847544
E882,0.3300933416303672
E883,4.336988176726821
E884,3.6916381456129432
E885,0.4328064716863721
E886,1.7379760423148722
E887,0.417125077784692
E888,0.1756316116988177
E889,0.4883968574984443
E89,1.1371624144368389
E890,2.601361009867544
E891,0.8539825762289981
E892,0.08232731798382079
E893,0.11917859365276913
E894,0.5114747977598009
E895,0.18425637834474176
E896,1.368070939639079
E897,0.11055382700684505
E898,0.22816428126944618
E899,0.3499564405724953
E9,6.8578290292470445
E90,1.0389110143123832
E900,0.5700186683260734
E901,0.3332296204107032
E902,0.3583198506533914
E903,0.36067205973864347
E904,0.06194150591163659
E905,0.210130678282514
E906,0.15446172993154947
E907,0.19131300560049783
E908,4.26130639390168
E909,0.16622277535780958
E91,0.8899191039203485
E910,3.206168131611699
E911,0.35439950217797134
E912,2.947517890479154
E913,0.31127566894835096
E914,0.38654635967641565
E915,0.4116365899191039
E916,0.19758556316116987
E917,1.474835096453018
E918,3.6885376477909144
E919,0.1466210329807094
E92,6.065798070939638
E920,0.20621032980709397
E921,0.952749688861232
E923,0.25971375233354077
E924,2.985996088541204
E925,0.6335283136278781
E926,0.16387056627255758
E927,0.2203235843186061
E928,0.21561916614810206
E929,0.12074673304293716
E93,1.160161792159303
E930,3.5197083074051023
E931,0.5904044803982577
E932,0.9910462041070318
E933,3.218350186683261
E934,5.196238332296204
E935,0.8802489110143124
E936,0.533951462352209
E937,0.21405102675793403
E938,0.18033602986932168
E939,0.9813456751711264
E94,2.960757622899813
E940,2.337457218419415
E941,0.3720224019912881
E942,3.6128749222153083
E943,3.165940083562983
E944,2.8871695261801054
E945,0.14583696328562537
E946,0.34499066583696325
E947,1.8179962663347853
E949,0.8091599253266957
E95,1.3254667081518359
E950,0.7252644679527069
E951,0.06037336652146858
E952,0.1670068450528936
E953,3.88769912881145
E954,1.4898879900435593
E955,0.21248288736776602
E956,0.10663347853142502
E957,0.2775606720597386
E958,0.17249533291848168
E959,0.4578967019290603
E96,8.990180460485377
E960,3.411528469197262
E961,0.0772121966397013
E962,0.8993279402613565
E963,0.9616428126944618
E964,0.19444928438083386
E965,0.061941505911636593
E966,0.3089234598630989
E967,0.105849408836341
E968,0.2626633478531425
E969,2.03170504044804
E97,4.230940416925949
E970,0.38341008089607964
E971,0.07840696950840075
E972,5.043733665214686
E973,3.70170504044804
E974,0.6648234287492221
E975,1.052482887367766
E976,0.25056160547604234
E977,0.36459240821406347
E978,0.6701182327317985
E979,8.969607965152457
E98,3.8222160858743
E980,0.21169881767268203
E981,1.9329931549471062
E982,0.27599253266957063
E983,10.47196017423771
E984,1.316639701306783
E985,8.28042937149969
E986,3.5938767890479157
E987,2.3898568761667702
E988,2.6104822650902304
E989,4.3819415059116364
E99,1.3968302738021157
E990,4.4073428749222145
E991,4.8994648413192285
E992,0.9420776291225885
E993,0.9566210329807093
E994,55.3533657613
E995,2.157936372121966
E996,5.369757311761046
E997,4.147554449284381
E998,4.3799447728687
E999,0.4773117610454262
